date,water_level_nap_m
2009-04-22T07:00:00+02:00,-0.418
2009-04-23T07:00:00+02:00,-0.431
2009-04-24T07:00:00+02:00,-0.411
2009-04-25T07:00:00+02:00,-0.391
2009-04-26T07:00:00+02:00,-0.391
2009-04-27T07:00:00+02:00,-0.382
2009-04-28T07:00:00+02:00,-0.398
2009-04-29T07:00:00+02:00,-0.413
2009-04-30T07:00:00+02:00,-0.449
2009-05-01T07:00:00+02:00,-0.445
2009-05-02T07:00:00+02:00,-0.466
2009-05-03T07:00:00+02:00,-0.415
2009-05-04T07:00:00+02:00,-0.417
2009-05-05T07:00:00+02:00,-0.42
2009-05-06T07:00:00+02:00,-0.313
2009-05-07T07:00:00+02:00,-0.39
2009-05-08T07:00:00+02:00,-0.404
2009-05-09T07:00:00+02:00,-0.413
2009-05-10T07:00:00+02:00,-0.435
2009-05-11T07:00:00+02:00,-0.428
2009-05-12T07:00:00+02:00,-0.438
2009-05-13T07:00:00+02:00,-0.412
2009-05-14T07:00:00+02:00,-0.421
2009-05-15T07:00:00+02:00,-0.442
2009-05-16T07:00:00+02:00,-0.397
2009-05-17T07:00:00+02:00,-0.364
2009-05-18T07:00:00+02:00,-0.311
2009-05-19T07:00:00+02:00,-0.35
2009-05-20T07:00:00+02:00,-0.371
2009-05-21T07:00:00+02:00,-0.387
2009-05-22T07:00:00+02:00,-0.4
2009-05-23T07:00:00+02:00,-0.417
2009-05-24T07:00:00+02:00,-0.43
2009-05-25T07:00:00+02:00,-0.415
2009-05-26T07:00:00+02:00,-0.34
2009-05-27T07:00:00+02:00,-0.311
2009-05-28T07:00:00+02:00,-0.395
2009-05-29T07:00:00+02:00,-0.421
2009-05-30T07:00:00+02:00,-0.432
2009-05-31T07:00:00+02:00,-0.414
2009-06-01T07:00:00+02:00,-0.434
2009-06-02T07:00:00+02:00,-0.416
2009-06-03T07:00:00+02:00,-0.412
2009-06-04T07:00:00+02:00,-0.415
2009-06-05T07:00:00+02:00,-0.408
2009-06-06T07:00:00+02:00,-0.392
2009-06-07T07:00:00+02:00,-0.422
2009-06-08T07:00:00+02:00,-0.414
2009-06-09T07:00:00+02:00,-0.416
2009-06-10T07:00:00+02:00,-0.421
2009-06-11T07:00:00+02:00,-0.412
2009-06-12T07:00:00+02:00,-0.384
2009-06-13T07:00:00+02:00,-0.402
2009-06-14T07:00:00+02:00,-0.436
2009-06-15T07:00:00+02:00,-0.44
2009-06-16T07:00:00+02:00,-0.407
2009-06-17T07:00:00+02:00,-0.407
2009-06-18T07:00:00+02:00,-0.424
2009-06-19T07:00:00+02:00,-0.411
2009-06-20T07:00:00+02:00,-0.418
2009-06-21T07:00:00+02:00,-0.423
2009-06-22T07:00:00+02:00,-0.437
2009-06-23T07:00:00+02:00,-0.44
2009-06-24T07:00:00+02:00,-0.43
2009-06-25T07:00:00+02:00,-0.432
2009-06-26T07:00:00+02:00,-0.432
2009-06-27T07:00:00+02:00,-0.437
2009-06-28T07:00:00+02:00,-0.451
2009-06-29T07:00:00+02:00,-0.443
2009-06-30T07:00:00+02:00,-0.439
2009-07-01T07:00:00+02:00,-0.432
2009-07-02T07:00:00+02:00,-0.423
2009-07-03T07:00:00+02:00,-0.42
2009-07-04T07:00:00+02:00,-0.42
2009-07-05T07:00:00+02:00,-0.435
2009-07-06T07:00:00+02:00,-0.438
2009-07-07T07:00:00+02:00,-0.425
2009-07-08T07:00:00+02:00,-0.422
2009-07-09T07:00:00+02:00,-0.44
2009-07-10T07:00:00+02:00,-0.448
2009-07-11T07:00:00+02:00,-0.426
2009-07-12T07:00:00+02:00,-0.444
2009-07-13T07:00:00+02:00,-0.433
2009-07-14T07:00:00+02:00,-0.425
2009-07-15T07:00:00+02:00,-0.421
2009-07-16T07:00:00+02:00,-0.441
2009-07-17T07:00:00+02:00,-0.399
2009-07-18T07:00:00+02:00,-0.404
2009-07-19T07:00:00+02:00,-0.411
2009-07-20T07:00:00+02:00,-0.399
2009-07-21T07:00:00+02:00,-0.416
2009-07-22T07:00:00+02:00,-0.397
2009-07-23T07:00:00+02:00,-0.397
2009-07-24T07:00:00+02:00,-0.408
2009-07-25T07:00:00+02:00,-0.409
2009-07-26T07:00:00+02:00,-0.445
2009-07-27T07:00:00+02:00,-0.444
2009-07-28T07:00:00+02:00,-0.441
2009-07-29T07:00:00+02:00,-0.429
2009-07-30T07:00:00+02:00,-0.446
2009-07-31T07:00:00+02:00,-0.458
2009-08-01T07:00:00+02:00,-0.374
2009-08-02T07:00:00+02:00,-0.37
2009-08-03T07:00:00+02:00,-0.375
2009-08-04T07:00:00+02:00,-0.382
2009-08-05T07:00:00+02:00,-0.388
2009-08-06T07:00:00+02:00,-0.386
2009-08-07T07:00:00+02:00,-0.382
2009-08-08T07:00:00+02:00,-0.384
2009-08-09T07:00:00+02:00,-0.387
2009-08-10T07:00:00+02:00,-0.387
2009-08-11T07:00:00+02:00,-0.396
2009-08-12T07:00:00+02:00,-0.402
2009-08-13T07:00:00+02:00,-0.4
2009-08-13T08:00:00+02:00,-0.404
2009-08-13T09:00:00+02:00,-0.405
2009-08-13T10:00:00+02:00,-0.41
2009-08-13T11:00:00+02:00,-0.408
2009-08-13T12:00:00+02:00,-0.407
2009-08-13T13:00:00+02:00,-0.408
2009-08-13T14:00:00+02:00,-0.409
2009-08-13T15:00:00+02:00,-0.41
2009-08-13T16:00:00+02:00,-0.405
2009-08-13T17:00:00+02:00,-0.408
2009-08-13T18:00:00+02:00,-0.411
2009-08-13T19:00:00+02:00,-0.411
2009-08-13T20:00:00+02:00,-0.409
2009-08-13T21:00:00+02:00,-0.41
2009-08-13T22:00:00+02:00,-0.414
2009-08-13T23:00:00+02:00,-0.407
2009-08-14T00:00:00+02:00,-0.408
2009-08-14T01:00:00+02:00,-0.408
2009-08-14T02:00:00+02:00,-0.401
2009-08-14T03:00:00+02:00,-0.402
2009-08-14T04:00:00+02:00,-0.397
2009-08-14T05:00:00+02:00,-0.394
2009-08-14T06:00:00+02:00,-0.395
2009-08-14T07:00:00+02:00,-0.399
2009-08-14T08:00:00+02:00,-0.4
2009-08-14T09:00:00+02:00,-0.406
2009-08-14T10:00:00+02:00,-0.408
2009-08-14T11:00:00+02:00,-0.397
2009-08-14T12:00:00+02:00,-0.398
2009-08-14T13:00:00+02:00,-0.4
2009-08-14T14:00:00+02:00,-0.402
2009-08-14T15:00:00+02:00,-0.4
2009-08-14T16:00:00+02:00,-0.396
2009-08-14T17:00:00+02:00,-0.395
2009-08-14T18:00:00+02:00,-0.399
2009-08-14T19:00:00+02:00,-0.394
2009-08-14T20:00:00+02:00,-0.394
2009-08-14T21:00:00+02:00,-0.406
2009-08-14T22:00:00+02:00,-0.408
2009-08-14T23:00:00+02:00,-0.406
2009-08-15T00:00:00+02:00,-0.404
2009-08-15T01:00:00+02:00,-0.406
2009-08-15T02:00:00+02:00,-0.398
2009-08-15T03:00:00+02:00,-0.401
2009-08-15T04:00:00+02:00,-0.401
2009-08-15T05:00:00+02:00,-0.403
2009-08-15T06:00:00+02:00,-0.399
2009-08-15T07:00:00+02:00,-0.401
2009-08-15T08:00:00+02:00,-0.407
2009-08-15T09:00:00+02:00,-0.407
2009-08-15T10:00:00+02:00,-0.407
2009-08-15T11:00:00+02:00,-0.406
2009-08-15T12:00:00+02:00,-0.41
2009-08-15T13:00:00+02:00,-0.408
2009-08-15T14:00:00+02:00,-0.409
2009-08-15T15:00:00+02:00,-0.412
2009-08-15T16:00:00+02:00,-0.409
2009-08-15T17:00:00+02:00,-0.411
2009-08-15T18:00:00+02:00,-0.413
2009-08-15T19:00:00+02:00,-0.416
2009-08-15T20:00:00+02:00,-0.413
2009-08-15T21:00:00+02:00,-0.419
2009-08-15T22:00:00+02:00,-0.421
2009-08-15T23:00:00+02:00,-0.42
2009-08-16T00:00:00+02:00,-0.421
2009-08-16T01:00:00+02:00,-0.418
2009-08-16T02:00:00+02:00,-0.417
2009-08-16T03:00:00+02:00,-0.419
2009-08-16T04:00:00+02:00,-0.418
2009-08-16T05:00:00+02:00,-0.42
2009-08-16T06:00:00+02:00,-0.419
2009-08-16T07:00:00+02:00,-0.421
2009-08-16T08:00:00+02:00,-0.421
2009-08-16T09:00:00+02:00,-0.423
2009-08-16T10:00:00+02:00,-0.422
2009-08-16T11:00:00+02:00,-0.422
2009-08-16T12:00:00+02:00,-0.423
2009-08-16T13:00:00+02:00,-0.399
2009-08-16T14:00:00+02:00,-0.424
2009-08-16T15:00:00+02:00,-0.42
2009-08-16T16:00:00+02:00,-0.422
2009-08-16T17:00:00+02:00,-0.42
2009-08-16T18:00:00+02:00,-0.416
2009-08-16T19:00:00+02:00,-0.415
2009-08-16T20:00:00+02:00,-0.416
2009-08-16T21:00:00+02:00,-0.42
2009-08-16T22:00:00+02:00,-0.424
2009-08-16T23:00:00+02:00,-0.422
2009-08-17T00:00:00+02:00,-0.418
2009-08-17T01:00:00+02:00,-0.418
2009-08-17T02:00:00+02:00,-0.417
2009-08-17T03:00:00+02:00,-0.415
2009-08-17T04:00:00+02:00,-0.417
2009-08-17T05:00:00+02:00,-0.416
2009-08-17T06:00:00+02:00,-0.417
2009-08-17T07:00:00+02:00,-0.422
2009-08-17T08:00:00+02:00,-0.425
2009-08-17T09:00:00+02:00,-0.425
2009-08-17T10:00:00+02:00,-0.424
2009-08-17T11:00:00+02:00,-0.425
2009-08-17T12:00:00+02:00,-0.427
2009-08-17T13:00:00+02:00,-0.424
2009-08-17T14:00:00+02:00,-0.427
2009-08-17T15:00:00+02:00,-0.432
2009-08-17T16:00:00+02:00,-0.431
2009-08-17T17:00:00+02:00,-0.43
2009-08-17T18:00:00+02:00,-0.43
2009-08-17T19:00:00+02:00,-0.431
2009-08-17T20:00:00+02:00,-0.43
2009-08-17T21:00:00+02:00,-0.437
2009-08-17T22:00:00+02:00,-0.437
2009-08-17T23:00:00+02:00,-0.435
2009-08-18T00:00:00+02:00,-0.43
2009-08-18T01:00:00+02:00,-0.431
2009-08-18T02:00:00+02:00,-0.431
2009-08-18T03:00:00+02:00,-0.43
2009-08-18T04:00:00+02:00,-0.43
2009-08-18T05:00:00+02:00,-0.43
2009-08-18T06:00:00+02:00,-0.43
2009-08-18T07:00:00+02:00,-0.433
2009-08-18T08:00:00+02:00,-0.434
2009-08-18T09:00:00+02:00,-0.435
2009-08-18T10:00:00+02:00,-0.435
2009-08-18T11:00:00+02:00,-0.439
2009-08-18T12:00:00+02:00,-0.434
2009-08-18T13:00:00+02:00,-0.432
2009-08-18T14:00:00+02:00,-0.432
2009-08-18T15:00:00+02:00,-0.431
2009-08-18T16:00:00+02:00,-0.432
2009-08-18T17:00:00+02:00,-0.428
2009-08-18T18:00:00+02:00,-0.426
2009-08-18T19:00:00+02:00,-0.427
2009-08-18T20:00:00+02:00,-0.429
2009-08-18T21:00:00+02:00,-0.431
2009-08-18T22:00:00+02:00,-0.437
2009-08-18T23:00:00+02:00,-0.433
2009-08-19T00:00:00+02:00,-0.428
2009-08-19T01:00:00+02:00,-0.431
2009-08-19T02:00:00+02:00,-0.43
2009-08-19T03:00:00+02:00,-0.43
2009-08-19T04:00:00+02:00,-0.434
2009-08-19T05:00:00+02:00,-0.435
2009-08-19T06:00:00+02:00,-0.437
2009-08-19T07:00:00+02:00,-0.435
2009-08-19T08:00:00+02:00,-0.438
2009-08-19T09:00:00+02:00,-0.441
2009-08-19T10:00:00+02:00,-0.437
2009-08-19T11:00:00+02:00,-0.439
2009-08-19T12:00:00+02:00,-0.434
2009-08-19T13:00:00+02:00,-0.436
2009-08-19T14:00:00+02:00,-0.437
2009-08-19T15:00:00+02:00,-0.435
2009-08-19T16:00:00+02:00,-0.434
2009-08-19T17:00:00+02:00,-0.433
2009-08-19T18:00:00+02:00,-0.436
2009-08-19T19:00:00+02:00,-0.436
2009-08-19T20:00:00+02:00,-0.437
2009-08-19T21:00:00+02:00,-0.439
2009-08-19T22:00:00+02:00,-0.439
2009-08-19T23:00:00+02:00,-0.436
2009-08-20T00:00:00+02:00,-0.433
2009-08-20T01:00:00+02:00,-0.431
2009-08-20T02:00:00+02:00,-0.431
2009-08-20T03:00:00+02:00,-0.428
2009-08-20T04:00:00+02:00,-0.431
2009-08-20T05:00:00+02:00,-0.429
2009-08-20T06:00:00+02:00,-0.43
2009-08-20T07:00:00+02:00,-0.434
2009-08-20T08:00:00+02:00,-0.431
2009-08-20T09:00:00+02:00,-0.433
2009-08-20T10:00:00+02:00,-0.433
2009-08-20T11:00:00+02:00,-0.43
2009-08-20T12:00:00+02:00,-0.433
2009-08-20T13:00:00+02:00,-0.428
2009-08-20T14:00:00+02:00,-0.43
2009-08-20T15:00:00+02:00,-0.429
2009-08-20T16:00:00+02:00,-0.446
2009-08-20T17:00:00+02:00,-0.443
2009-08-20T18:00:00+02:00,-0.442
2009-08-20T19:00:00+02:00,-0.432
2009-08-20T20:00:00+02:00,-0.451
2009-08-20T21:00:00+02:00,-0.454
2009-08-20T22:00:00+02:00,-0.449
2009-08-20T23:00:00+02:00,-0.449
2009-08-21T00:00:00+02:00,-0.451
2009-08-21T01:00:00+02:00,-0.448
2009-08-21T02:00:00+02:00,-0.443
2009-08-21T03:00:00+02:00,-0.443
2009-08-21T04:00:00+02:00,-0.44
2009-08-21T05:00:00+02:00,-0.441
2009-08-21T06:00:00+02:00,-0.441
2009-08-21T07:00:00+02:00,-0.447
2009-08-21T08:00:00+02:00,-0.448
2009-08-21T09:00:00+02:00,-0.441
2009-08-21T10:00:00+02:00,-0.451
2009-08-21T11:00:00+02:00,-0.446
2009-08-21T12:00:00+02:00,-0.441
2009-08-21T13:00:00+02:00,-0.444
2009-08-21T14:00:00+02:00,-0.449
2009-08-21T15:00:00+02:00,-0.455
2009-08-21T16:00:00+02:00,-0.449
2009-08-21T17:00:00+02:00,-0.449
2009-08-21T18:00:00+02:00,-0.45
2009-08-21T19:00:00+02:00,-0.449
2009-08-21T20:00:00+02:00,-0.45
2009-08-21T21:00:00+02:00,-0.451
2009-08-21T22:00:00+02:00,-0.453
2009-08-21T23:00:00+02:00,-0.454
2009-08-22T00:00:00+02:00,-0.456
2009-08-22T01:00:00+02:00,-0.452
2009-08-22T02:00:00+02:00,-0.454
2009-08-22T03:00:00+02:00,-0.452
2009-08-22T04:00:00+02:00,-0.456
2009-08-22T05:00:00+02:00,-0.453
2009-08-22T06:00:00+02:00,-0.455
2009-08-22T07:00:00+02:00,-0.459
2009-08-22T08:00:00+02:00,-0.458
2009-08-22T09:00:00+02:00,-0.46
2009-08-22T10:00:00+02:00,-0.461
2009-08-22T11:00:00+02:00,-0.461
2009-08-22T12:00:00+02:00,-0.46
2009-08-22T13:00:00+02:00,-0.458
2009-08-22T14:00:00+02:00,-0.461
2009-08-22T15:00:00+02:00,-0.458
2009-08-22T16:00:00+02:00,-0.459
2009-08-22T17:00:00+02:00,-0.46
2009-08-22T18:00:00+02:00,-0.465
2009-08-22T19:00:00+02:00,-0.463
2009-08-22T20:00:00+02:00,-0.463
2009-08-22T21:00:00+02:00,-0.467
2009-08-22T22:00:00+02:00,-0.466
2009-08-22T23:00:00+02:00,-0.461
2009-08-23T00:00:00+02:00,-0.461
2009-08-23T01:00:00+02:00,-0.462
2009-08-23T02:00:00+02:00,-0.458
2009-08-23T03:00:00+02:00,-0.459
2009-08-23T04:00:00+02:00,-0.456
2009-08-23T05:00:00+02:00,-0.456
2009-08-23T06:00:00+02:00,-0.456
2009-08-23T07:00:00+02:00,-0.461
2009-08-23T08:00:00+02:00,-0.461
2009-08-23T09:00:00+02:00,-0.459
2009-08-23T10:00:00+02:00,-0.455
2009-08-23T11:00:00+02:00,-0.454
2009-08-23T12:00:00+02:00,-0.452
2009-08-23T13:00:00+02:00,-0.449
2009-08-23T14:00:00+02:00,-0.448
2009-08-23T15:00:00+02:00,-0.449
2009-08-23T16:00:00+02:00,-0.447
2009-08-23T17:00:00+02:00,-0.447
2009-08-23T18:00:00+02:00,-0.452
2009-08-23T19:00:00+02:00,-0.449
2009-08-23T20:00:00+02:00,-0.449
2009-08-23T21:00:00+02:00,-0.452
2009-08-23T22:00:00+02:00,-0.454
2009-08-23T23:00:00+02:00,-0.449
2009-08-24T00:00:00+02:00,-0.447
2009-08-24T01:00:00+02:00,-0.451
2009-08-24T02:00:00+02:00,-0.446
2009-08-24T03:00:00+02:00,-0.447
2009-08-24T04:00:00+02:00,-0.448
2009-08-24T05:00:00+02:00,-0.446
2009-08-24T06:00:00+02:00,-0.447
2009-08-24T07:00:00+02:00,-0.445
2009-08-24T08:00:00+02:00,-0.446
2009-08-24T09:00:00+02:00,-0.446
2009-08-24T10:00:00+02:00,-0.444
2009-08-24T11:00:00+02:00,-0.443
2009-08-24T12:00:00+02:00,-0.445
2009-08-24T13:00:00+02:00,-0.443
2009-08-24T14:00:00+02:00,-0.443
2009-08-24T15:00:00+02:00,-0.441
2009-08-24T16:00:00+02:00,-0.44
2009-08-24T17:00:00+02:00,-0.441
2009-08-24T18:00:00+02:00,-0.439
2009-08-24T19:00:00+02:00,-0.443
2009-08-24T20:00:00+02:00,-0.443
2009-08-24T21:00:00+02:00,-0.445
2009-08-24T22:00:00+02:00,-0.446
2009-08-24T23:00:00+02:00,-0.444
2009-08-25T00:00:00+02:00,-0.452
2009-08-25T01:00:00+02:00,-0.449
2009-08-25T02:00:00+02:00,-0.446
2009-08-25T03:00:00+02:00,-0.449
2009-08-25T04:00:00+02:00,-0.455
2009-08-25T05:00:00+02:00,-0.452
2009-08-25T06:00:00+02:00,-0.448
2009-08-25T07:00:00+02:00,-0.452
2009-08-25T08:00:00+02:00,-0.45
2009-08-25T09:00:00+02:00,-0.449
2009-08-25T10:00:00+02:00,-0.455
2009-08-25T11:00:00+02:00,-0.452
2009-08-25T12:00:00+02:00,-0.449
2009-08-25T13:00:00+02:00,-0.45
2009-08-25T14:00:00+02:00,-0.45
2009-08-25T15:00:00+02:00,-0.452
2009-08-25T16:00:00+02:00,-0.449
2009-08-25T17:00:00+02:00,-0.445
2009-08-25T18:00:00+02:00,-0.446
2009-08-25T19:00:00+02:00,-0.447
2009-08-25T20:00:00+02:00,-0.449
2009-08-25T21:00:00+02:00,-0.455
2009-08-25T22:00:00+02:00,-0.453
2009-08-25T23:00:00+02:00,-0.448
2009-08-26T00:00:00+02:00,-0.452
2009-08-26T01:00:00+02:00,-0.449
2009-08-26T02:00:00+02:00,-0.45
2009-08-26T03:00:00+02:00,-0.457
2009-08-26T04:00:00+02:00,-0.455
2009-08-26T05:00:00+02:00,-0.454
2009-08-26T06:00:00+02:00,-0.452
2009-08-26T07:00:00+02:00,-0.453
2009-08-26T08:00:00+02:00,-0.454
2009-08-26T09:00:00+02:00,-0.455
2009-08-26T10:00:00+02:00,-0.455
2009-08-26T11:00:00+02:00,-0.454
2009-08-26T12:00:00+02:00,-0.452
2009-08-26T13:00:00+02:00,-0.448
2009-08-26T14:00:00+02:00,-0.446
2009-08-26T15:00:00+02:00,-0.447
2009-08-26T16:00:00+02:00,-0.449
2009-08-26T17:00:00+02:00,-0.449
2009-08-26T18:00:00+02:00,-0.447
2009-08-26T19:00:00+02:00,-0.447
2009-08-26T20:00:00+02:00,-0.451
2009-08-26T21:00:00+02:00,-0.454
2009-08-26T22:00:00+02:00,-0.452
2009-08-26T23:00:00+02:00,-0.452
2009-08-27T00:00:00+02:00,-0.451
2009-08-27T01:00:00+02:00,-0.451
2009-08-27T02:00:00+02:00,-0.447
2009-08-27T03:00:00+02:00,-0.449
2009-08-27T04:00:00+02:00,-0.45
2009-08-27T05:00:00+02:00,-0.449
2009-08-27T06:00:00+02:00,-0.45
2009-08-27T07:00:00+02:00,-0.451
2009-08-27T08:00:00+02:00,-0.456
2009-08-27T09:00:00+02:00,-0.455
2009-08-27T10:00:00+02:00,-0.457
2009-08-27T11:00:00+02:00,-0.459
2009-08-27T12:00:00+02:00,-0.456
2009-08-27T13:00:00+02:00,-0.454
2009-08-27T14:00:00+02:00,-0.454
2009-08-27T15:00:00+02:00,-0.457
2009-08-27T16:00:00+02:00,-0.453
2009-08-27T17:00:00+02:00,-0.45
2009-08-27T18:00:00+02:00,-0.449
2009-08-27T19:00:00+02:00,-0.451
2009-08-27T20:00:00+02:00,-0.448
2009-08-27T21:00:00+02:00,-0.45
2009-08-27T22:00:00+02:00,-0.449
2009-08-27T23:00:00+02:00,-0.449
2009-08-28T00:00:00+02:00,-0.447
2009-08-28T01:00:00+02:00,-0.447
2009-08-28T02:00:00+02:00,-0.444
2009-08-28T03:00:00+02:00,-0.445
2009-08-28T04:00:00+02:00,-0.44
2009-08-28T05:00:00+02:00,-0.443
2009-08-28T06:00:00+02:00,-0.44
2009-08-28T07:00:00+02:00,-0.44
2009-08-28T08:00:00+02:00,-0.443
2009-08-28T09:00:00+02:00,-0.447
2009-08-28T10:00:00+02:00,-0.448
2009-08-28T11:00:00+02:00,-0.455
2009-08-28T12:00:00+02:00,-0.448
2009-08-28T13:00:00+02:00,-0.446
2009-08-28T14:00:00+02:00,-0.445
2009-08-28T15:00:00+02:00,-0.444
2009-08-28T16:00:00+02:00,-0.441
2009-08-28T17:00:00+02:00,-0.441
2009-08-28T18:00:00+02:00,-0.438
2009-08-28T19:00:00+02:00,-0.444
2009-08-28T20:00:00+02:00,-0.449
2009-08-28T21:00:00+02:00,-0.446
2009-08-28T22:00:00+02:00,-0.453
2009-08-28T23:00:00+02:00,-0.444
2009-08-29T00:00:00+02:00,-0.444
2009-08-29T01:00:00+02:00,-0.442
2009-08-29T02:00:00+02:00,-0.436
2009-08-29T03:00:00+02:00,-0.43
2009-08-29T04:00:00+02:00,-0.425
2009-08-29T05:00:00+02:00,-0.423
2009-08-29T06:00:00+02:00,-0.417
2009-08-29T07:00:00+02:00,-0.412
2009-08-29T08:00:00+02:00,-0.411
2009-08-29T09:00:00+02:00,-0.41
2009-08-29T10:00:00+02:00,-0.409
2009-08-29T11:00:00+02:00,-0.409
2009-08-29T12:00:00+02:00,-0.408
2009-08-29T13:00:00+02:00,-0.41
2009-08-29T14:00:00+02:00,-0.409
2009-08-29T15:00:00+02:00,-0.411
2009-08-29T16:00:00+02:00,-0.414
2009-08-29T17:00:00+02:00,-0.415
2009-08-29T18:00:00+02:00,-0.417
2009-08-29T19:00:00+02:00,-0.42
2009-08-29T20:00:00+02:00,-0.419
2009-08-29T21:00:00+02:00,-0.423
2009-08-29T22:00:00+02:00,-0.42
2009-08-29T23:00:00+02:00,-0.421
2009-08-30T00:00:00+02:00,-0.413
2009-08-30T01:00:00+02:00,-0.415
2009-08-30T02:00:00+02:00,-0.411
2009-08-30T03:00:00+02:00,-0.408
2009-08-30T04:00:00+02:00,-0.409
2009-08-30T05:00:00+02:00,-0.405
2009-08-30T06:00:00+02:00,-0.404
2009-08-30T07:00:00+02:00,-0.404
2009-08-30T08:00:00+02:00,-0.406
2009-08-30T09:00:00+02:00,-0.409
2009-08-30T10:00:00+02:00,-0.408
2009-08-30T11:00:00+02:00,-0.411
2009-08-30T12:00:00+02:00,-0.41
2009-08-30T13:00:00+02:00,-0.412
2009-08-30T14:00:00+02:00,-0.411
2009-08-30T15:00:00+02:00,-0.413
2009-08-30T16:00:00+02:00,-0.406
2009-08-30T17:00:00+02:00,-0.412
2009-08-30T18:00:00+02:00,-0.416
2009-08-30T19:00:00+02:00,-0.412
2009-08-30T20:00:00+02:00,-0.409
2009-08-30T21:00:00+02:00,-0.416
2009-08-30T22:00:00+02:00,-0.415
2009-08-30T23:00:00+02:00,-0.411
2009-08-31T00:00:00+02:00,-0.409
2009-08-31T01:00:00+02:00,-0.41
2009-08-31T02:00:00+02:00,-0.408
2009-08-31T03:00:00+02:00,-0.407
2009-08-31T04:00:00+02:00,-0.41
2009-08-31T05:00:00+02:00,-0.411
2009-08-31T06:00:00+02:00,-0.411
2009-08-31T07:00:00+02:00,-0.415
2009-08-31T08:00:00+02:00,-0.416
2009-08-31T09:00:00+02:00,-0.415
2009-08-31T10:00:00+02:00,-0.415
2009-08-31T11:00:00+02:00,-0.417
2009-08-31T12:00:00+02:00,-0.417
2009-08-31T13:00:00+02:00,-0.412
2009-08-31T14:00:00+02:00,-0.408
2009-08-31T15:00:00+02:00,-0.402
2009-08-31T16:00:00+02:00,-0.404
2009-08-31T17:00:00+02:00,-0.399
2009-08-31T18:00:00+02:00,-0.401
2009-08-31T19:00:00+02:00,-0.401
2009-08-31T20:00:00+02:00,-0.402
2009-08-31T21:00:00+02:00,-0.4
2009-08-31T22:00:00+02:00,-0.399
2009-08-31T23:00:00+02:00,-0.4
2009-09-01T00:00:00+02:00,-0.399
2009-09-01T01:00:00+02:00,-0.397
2009-09-01T02:00:00+02:00,-0.393
2009-09-01T03:00:00+02:00,-0.391
2009-09-01T04:00:00+02:00,-0.392
2009-09-01T05:00:00+02:00,-0.39
2009-09-01T06:00:00+02:00,-0.39
2009-09-01T07:00:00+02:00,-0.396
2009-09-01T08:00:00+02:00,-0.403
2009-09-01T09:00:00+02:00,-0.404
2009-09-01T10:00:00+02:00,-0.412
2009-09-01T11:00:00+02:00,-0.415
2009-09-01T12:00:00+02:00,-0.416
2009-09-01T13:00:00+02:00,-0.415
2009-09-01T14:00:00+02:00,-0.412
2009-09-01T15:00:00+02:00,-0.403
2009-09-01T16:00:00+02:00,-0.406
2009-09-01T17:00:00+02:00,-0.406
2009-09-01T18:00:00+02:00,-0.404
2009-09-01T19:00:00+02:00,-0.4
2009-09-01T20:00:00+02:00,-0.407
2009-09-01T21:00:00+02:00,-0.409
2009-09-01T22:00:00+02:00,-0.41
2009-09-01T23:00:00+02:00,-0.407
2009-09-02T00:00:00+02:00,-0.405
2009-09-02T01:00:00+02:00,-0.406
2009-09-02T02:00:00+02:00,-0.4
2009-09-02T03:00:00+02:00,-0.401
2009-09-02T04:00:00+02:00,-0.401
2009-09-02T05:00:00+02:00,-0.404
2009-09-02T06:00:00+02:00,-0.399
2009-09-02T07:00:00+02:00,-0.4
2009-09-02T08:00:00+02:00,-0.403
2009-09-02T09:00:00+02:00,-0.401
2009-09-02T10:00:00+02:00,-0.406
2009-09-02T11:00:00+02:00,-0.407
2009-09-02T12:00:00+02:00,-0.403
2009-09-02T13:00:00+02:00,-0.401
2009-09-02T14:00:00+02:00,-0.398
2009-09-02T15:00:00+02:00,-0.402
2009-09-02T16:00:00+02:00,-0.396
2009-09-02T17:00:00+02:00,-0.4
2009-09-02T18:00:00+02:00,-0.394
2009-09-02T19:00:00+02:00,-0.391
2009-09-02T20:00:00+02:00,-0.395
2009-09-02T21:00:00+02:00,-0.391
2009-09-02T22:00:00+02:00,-0.384
2009-09-02T23:00:00+02:00,-0.385
2009-09-03T00:00:00+02:00,-0.382
2009-09-03T01:00:00+02:00,-0.382
2009-09-03T02:00:00+02:00,-0.359
2009-09-03T03:00:00+02:00,-0.371
2009-09-03T04:00:00+02:00,-0.363
2009-09-03T05:00:00+02:00,-0.356
2009-09-03T06:00:00+02:00,-0.368
2009-09-03T07:00:00+02:00,-0.37
2009-09-03T08:00:00+02:00,-0.372
2009-09-03T09:00:00+02:00,-0.377
2009-09-03T10:00:00+02:00,-0.396
2009-09-03T11:00:00+02:00,-0.379
2009-09-03T12:00:00+02:00,-0.386
2009-09-03T13:00:00+02:00,-0.384
2009-09-03T14:00:00+02:00,-0.389
2009-09-03T15:00:00+02:00,-0.37
2009-09-03T16:00:00+02:00,-0.382
2009-09-03T17:00:00+02:00,-0.377
2009-09-03T18:00:00+02:00,-0.375
2009-09-03T19:00:00+02:00,-0.371
2009-09-03T20:00:00+02:00,-0.37
2009-09-03T21:00:00+02:00,-0.374
2009-09-03T22:00:00+02:00,-0.369
2009-09-03T23:00:00+02:00,-0.372
2009-09-04T00:00:00+02:00,-0.372
2009-09-04T01:00:00+02:00,-0.374
2009-09-04T02:00:00+02:00,-0.376
2009-09-04T03:00:00+02:00,-0.376
2009-09-04T04:00:00+02:00,-0.375
2009-09-04T05:00:00+02:00,-0.381
2009-09-04T06:00:00+02:00,-0.374
2009-09-04T07:00:00+02:00,-0.375
2009-09-04T08:00:00+02:00,-0.377
2009-09-04T09:00:00+02:00,-0.377
2009-09-04T10:00:00+02:00,-0.375
2009-09-04T11:00:00+02:00,-0.38
2009-09-04T12:00:00+02:00,-0.378
2009-09-04T13:00:00+02:00,-0.376
2009-09-04T14:00:00+02:00,-0.382
2009-09-04T15:00:00+02:00,-0.391
2009-09-04T16:00:00+02:00,-0.388
2009-09-04T17:00:00+02:00,-0.39
2009-09-04T18:00:00+02:00,-0.392
2009-09-04T19:00:00+02:00,-0.398
2009-09-04T20:00:00+02:00,-0.397
2009-09-04T21:00:00+02:00,-0.396
2009-09-04T22:00:00+02:00,-0.403
2009-09-04T23:00:00+02:00,-0.407
2009-09-05T00:00:00+02:00,-0.393
2009-09-05T01:00:00+02:00,-0.383
2009-09-05T02:00:00+02:00,-0.374
2009-09-05T03:00:00+02:00,-0.383
2009-09-05T04:00:00+02:00,-0.363
2009-09-05T05:00:00+02:00,-0.362
2009-09-05T06:00:00+02:00,-0.369
2009-09-05T07:00:00+02:00,-0.358
2009-09-05T08:00:00+02:00,-0.343
2009-09-05T09:00:00+02:00,-0.343
2009-09-05T10:00:00+02:00,-0.342
2009-09-05T11:00:00+02:00,-0.343
2009-09-05T12:00:00+02:00,-0.338
2009-09-05T13:00:00+02:00,-0.335
2009-09-05T14:00:00+02:00,-0.331
2009-09-05T15:00:00+02:00,-0.176
2009-09-05T16:00:00+02:00,-0.258
2009-09-05T17:00:00+02:00,-0.325
2009-09-05T18:00:00+02:00,-0.326
2009-09-05T19:00:00+02:00,-0.328
2009-09-05T20:00:00+02:00,-0.324
2009-09-05T21:00:00+02:00,-0.322
2009-09-05T22:00:00+02:00,-0.321
2009-09-05T23:00:00+02:00,-0.314
2009-09-06T00:00:00+02:00,-0.319
2009-09-06T01:00:00+02:00,-0.323
2009-09-06T02:00:00+02:00,-0.32
2009-09-06T03:00:00+02:00,-0.322
2009-09-06T04:00:00+02:00,-0.332
2009-09-06T05:00:00+02:00,-0.336
2009-09-06T06:00:00+02:00,-0.333
2009-09-06T07:00:00+02:00,-0.336
2009-09-06T08:00:00+02:00,-0.334
2009-09-06T09:00:00+02:00,-0.335
2009-09-06T10:00:00+02:00,-0.338
2009-09-06T11:00:00+02:00,-0.338
2009-09-06T12:00:00+02:00,-0.336
2009-09-06T13:00:00+02:00,-0.336
2009-09-06T14:00:00+02:00,-0.337
2009-09-06T15:00:00+02:00,-0.335
2009-09-06T16:00:00+02:00,-0.333
2009-09-06T17:00:00+02:00,-0.336
2009-09-06T18:00:00+02:00,-0.335
2009-09-06T19:00:00+02:00,-0.334
2009-09-06T20:00:00+02:00,-0.335
2009-09-06T21:00:00+02:00,-0.338
2009-09-06T22:00:00+02:00,-0.334
2009-09-06T23:00:00+02:00,-0.335
2009-09-07T00:00:00+02:00,-0.333
2009-09-07T01:00:00+02:00,-0.331
2009-09-07T02:00:00+02:00,-0.333
2009-09-07T03:00:00+02:00,-0.329
2009-09-07T04:00:00+02:00,-0.327
2009-09-07T05:00:00+02:00,-0.33
2009-09-07T06:00:00+02:00,-0.348
2009-09-07T07:00:00+02:00,-0.346
2009-09-07T08:00:00+02:00,-0.345
2009-09-07T09:00:00+02:00,-0.348
2009-09-07T10:00:00+02:00,-0.348
2009-09-07T11:00:00+02:00,-0.347
2009-09-07T12:00:00+02:00,-0.344
2009-09-07T13:00:00+02:00,-0.342
2009-09-07T14:00:00+02:00,-0.345
2009-09-07T15:00:00+02:00,-0.344
2009-09-07T16:00:00+02:00,-0.348
2009-09-07T17:00:00+02:00,-0.354
2009-09-07T18:00:00+02:00,-0.361
2009-09-07T19:00:00+02:00,-0.361
2009-09-07T20:00:00+02:00,-0.355
2009-09-07T21:00:00+02:00,-0.357
2009-09-07T22:00:00+02:00,-0.359
2009-09-07T23:00:00+02:00,-0.356
2009-09-08T00:00:00+02:00,-0.357
2009-09-08T01:00:00+02:00,-0.355
2009-09-08T02:00:00+02:00,-0.356
2009-09-08T03:00:00+02:00,-0.353
2009-09-08T04:00:00+02:00,-0.355
2009-09-08T05:00:00+02:00,-0.355
2009-09-08T06:00:00+02:00,-0.356
2009-09-08T07:00:00+02:00,-0.355
2009-09-08T08:00:00+02:00,-0.356
2009-09-08T09:00:00+02:00,-0.359
2009-09-08T10:00:00+02:00,-0.361
2009-09-08T11:00:00+02:00,-0.358
2009-09-08T12:00:00+02:00,-0.347
2009-09-08T13:00:00+02:00,-0.36
2009-09-08T14:00:00+02:00,-0.358
2009-09-08T15:00:00+02:00,-0.353
2009-09-08T16:00:00+02:00,-0.352
2009-09-08T17:00:00+02:00,-0.355
2009-09-08T18:00:00+02:00,-0.362
2009-09-08T19:00:00+02:00,-0.378
2009-09-08T20:00:00+02:00,-0.371
2009-09-08T21:00:00+02:00,-0.374
2009-09-08T22:00:00+02:00,-0.374
2009-09-08T23:00:00+02:00,-0.375
2009-09-09T00:00:00+02:00,-0.377
2009-09-09T01:00:00+02:00,-0.373
2009-09-09T02:00:00+02:00,-0.375
2009-09-09T03:00:00+02:00,-0.375
2009-09-09T04:00:00+02:00,-0.379
2009-09-09T05:00:00+02:00,-0.381
2009-09-09T06:00:00+02:00,-0.383
2009-09-09T07:00:00+02:00,-0.385
2009-09-09T08:00:00+02:00,-0.393
2009-09-09T09:00:00+02:00,-0.392
2009-09-09T10:00:00+02:00,-0.391
2009-09-09T11:00:00+02:00,-0.393
2009-09-09T12:00:00+02:00,-0.392
2009-09-09T13:00:00+02:00,-0.39
2009-09-09T14:00:00+02:00,-0.396
2009-09-09T15:00:00+02:00,-0.392
2009-09-09T16:00:00+02:00,-0.389
2009-09-09T17:00:00+02:00,-0.391
2009-09-09T18:00:00+02:00,-0.396
2009-09-09T19:00:00+02:00,-0.396
2009-09-09T20:00:00+02:00,-0.397
2009-09-09T21:00:00+02:00,-0.398
2009-09-09T22:00:00+02:00,-0.396
2009-09-09T23:00:00+02:00,-0.4
2009-09-10T00:00:00+02:00,-0.396
2009-09-10T01:00:00+02:00,-0.397
2009-09-10T02:00:00+02:00,-0.394
2009-09-10T03:00:00+02:00,-0.396
2009-09-10T04:00:00+02:00,-0.395
2009-09-10T05:00:00+02:00,-0.391
2009-09-10T06:00:00+02:00,-0.395
2009-09-10T07:00:00+02:00,-0.4
2009-09-10T08:00:00+02:00,-0.403
2009-09-10T09:00:00+02:00,-0.404
2009-09-10T10:00:00+02:00,-0.405
2009-09-10T11:00:00+02:00,-0.404
2009-09-10T12:00:00+02:00,-0.403
2009-09-10T13:00:00+02:00,-0.402
2009-09-10T14:00:00+02:00,-0.402
2009-09-10T15:00:00+02:00,-0.403
2009-09-10T16:00:00+02:00,-0.404
2009-09-10T17:00:00+02:00,-0.408
2009-09-10T18:00:00+02:00,-0.405
2009-09-10T19:00:00+02:00,-0.408
2009-09-10T20:00:00+02:00,-0.408
2009-09-10T21:00:00+02:00,-0.412
2009-09-10T22:00:00+02:00,-0.414
2009-09-10T23:00:00+02:00,-0.408
2009-09-11T00:00:00+02:00,-0.409
2009-09-11T01:00:00+02:00,-0.408
2009-09-11T02:00:00+02:00,-0.407
2009-09-11T03:00:00+02:00,-0.401
2009-09-11T04:00:00+02:00,-0.402
2009-09-11T05:00:00+02:00,-0.402
2009-09-11T06:00:00+02:00,-0.399
2009-09-11T07:00:00+02:00,-0.411
2009-09-11T08:00:00+02:00,-0.407
2009-09-11T09:00:00+02:00,-0.406
2009-09-11T10:00:00+02:00,-0.406
2009-09-11T11:00:00+02:00,-0.406
2009-09-11T12:00:00+02:00,-0.401
2009-09-11T13:00:00+02:00,-0.403
2009-09-11T14:00:00+02:00,-0.396
2009-09-11T15:00:00+02:00,-0.396
2009-09-11T16:00:00+02:00,-0.395
2009-09-11T17:00:00+02:00,-0.395
2009-09-11T18:00:00+02:00,-0.398
2009-09-11T19:00:00+02:00,-0.398
2009-09-11T20:00:00+02:00,-0.398
2009-09-11T21:00:00+02:00,-0.402
2009-09-11T22:00:00+02:00,-0.396
2009-09-11T23:00:00+02:00,-0.397
2009-09-12T00:00:00+02:00,-0.399
2009-09-12T01:00:00+02:00,-0.395
2009-09-12T02:00:00+02:00,-0.393
2009-09-12T03:00:00+02:00,-0.393
2009-09-12T04:00:00+02:00,-0.39
2009-09-12T05:00:00+02:00,-0.39
2009-09-12T06:00:00+02:00,-0.388
2009-09-12T07:00:00+02:00,-0.393
2009-09-12T08:00:00+02:00,-0.394
2009-09-12T09:00:00+02:00,-0.399
2009-09-12T10:00:00+02:00,-0.394
2009-09-12T11:00:00+02:00,-0.397
2009-09-12T12:00:00+02:00,-0.396
2009-09-12T13:00:00+02:00,-0.392
2009-09-12T14:00:00+02:00,-0.393
2009-09-12T15:00:00+02:00,-0.388
2009-09-12T16:00:00+02:00,-0.391
2009-09-12T17:00:00+02:00,-0.391
2009-09-12T18:00:00+02:00,-0.389
2009-09-12T19:00:00+02:00,-0.396
2009-09-12T20:00:00+02:00,-0.394
2009-09-12T21:00:00+02:00,-0.394
2009-09-12T22:00:00+02:00,-0.395
2009-09-12T23:00:00+02:00,-0.392
2009-09-13T00:00:00+02:00,-0.389
2009-09-13T01:00:00+02:00,-0.391
2009-09-13T02:00:00+02:00,-0.392
2009-09-13T03:00:00+02:00,-0.391
2009-09-13T04:00:00+02:00,-0.391
2009-09-13T05:00:00+02:00,-0.387
2009-09-13T06:00:00+02:00,-0.388
2009-09-13T07:00:00+02:00,-0.39
2009-09-13T08:00:00+02:00,-0.391
2009-09-13T09:00:00+02:00,-0.387
2009-09-13T10:00:00+02:00,-0.392
2009-09-13T11:00:00+02:00,-0.39
2009-09-13T12:00:00+02:00,-0.389
2009-09-13T13:00:00+02:00,-0.389
2009-09-13T14:00:00+02:00,-0.385
2009-09-13T15:00:00+02:00,-0.387
2009-09-13T16:00:00+02:00,-0.386
2009-09-13T17:00:00+02:00,-0.386
2009-09-13T18:00:00+02:00,-0.391
2009-09-13T19:00:00+02:00,-0.393
2009-09-13T20:00:00+02:00,-0.396
2009-09-13T21:00:00+02:00,-0.397
2009-09-13T22:00:00+02:00,-0.396
2009-09-13T23:00:00+02:00,-0.393
2009-09-14T00:00:00+02:00,-0.395
2009-09-14T01:00:00+02:00,-0.391
2009-09-14T02:00:00+02:00,-0.39
2009-09-14T03:00:00+02:00,-0.391
2009-09-14T04:00:00+02:00,-0.391
2009-09-14T05:00:00+02:00,-0.392
2009-09-14T06:00:00+02:00,-0.39
2009-09-14T07:00:00+02:00,-0.393
2009-09-14T08:00:00+02:00,-0.395
2009-09-14T09:00:00+02:00,-0.395
2009-09-14T10:00:00+02:00,-0.395
2009-09-14T11:00:00+02:00,-0.394
2009-09-14T12:00:00+02:00,-0.391
2009-09-14T13:00:00+02:00,-0.388
2009-09-14T14:00:00+02:00,-0.391
2009-09-14T15:00:00+02:00,-0.387
2009-09-14T16:00:00+02:00,-0.388
2009-09-14T17:00:00+02:00,-0.39
2009-09-14T18:00:00+02:00,-0.389
2009-09-14T19:00:00+02:00,-0.391
2009-09-14T20:00:00+02:00,-0.398
2009-09-14T21:00:00+02:00,-0.395
2009-09-14T22:00:00+02:00,-0.399
2009-09-14T23:00:00+02:00,-0.4
2009-09-15T00:00:00+02:00,-0.401
2009-09-15T01:00:00+02:00,-0.396
2009-09-15T02:00:00+02:00,-0.393
2009-09-15T03:00:00+02:00,-0.391
2009-09-15T04:00:00+02:00,-0.387
2009-09-15T05:00:00+02:00,-0.389
2009-09-15T06:00:00+02:00,-0.39
2009-09-15T07:00:00+02:00,-0.391
2009-09-15T08:00:00+02:00,-0.395
2009-09-15T09:00:00+02:00,-0.398
2009-09-15T10:00:00+02:00,-0.398
2009-09-15T11:00:00+02:00,-0.4
2009-09-15T12:00:00+02:00,-0.398
2009-09-15T13:00:00+02:00,-0.401
2009-09-15T14:00:00+02:00,-0.401
2009-09-15T15:00:00+02:00,-0.394
2009-09-15T16:00:00+02:00,-0.396
2009-09-15T17:00:00+02:00,-0.397
2009-09-15T18:00:00+02:00,-0.4
2009-09-15T19:00:00+02:00,-0.401
2009-09-15T20:00:00+02:00,-0.404
2009-09-15T21:00:00+02:00,-0.404
2009-09-15T22:00:00+02:00,-0.402
2009-09-15T23:00:00+02:00,-0.403
2009-09-16T00:00:00+02:00,-0.405
2009-09-16T01:00:00+02:00,-0.406
2009-09-16T02:00:00+02:00,-0.399
2009-09-16T03:00:00+02:00,-0.398
2009-09-16T04:00:00+02:00,-0.4
2009-09-16T05:00:00+02:00,-0.404
2009-09-16T06:00:00+02:00,-0.404
2009-09-16T07:00:00+02:00,-0.404
2009-09-16T08:00:00+02:00,-0.403
2009-09-16T09:00:00+02:00,-0.405
2009-09-16T10:00:00+02:00,-0.404
2009-09-16T11:00:00+02:00,-0.403
2009-09-16T12:00:00+02:00,-0.403
2009-09-16T13:00:00+02:00,-0.402
2009-09-16T14:00:00+02:00,-0.406
2009-09-16T15:00:00+02:00,-0.398
2009-09-16T16:00:00+02:00,-0.404
2009-09-16T17:00:00+02:00,-0.402
2009-09-16T18:00:00+02:00,-0.407
2009-09-16T19:00:00+02:00,-0.408
2009-09-16T20:00:00+02:00,-0.408
2009-09-16T21:00:00+02:00,-0.414
2009-09-16T22:00:00+02:00,-0.415
2009-09-16T23:00:00+02:00,-0.411
2009-09-17T00:00:00+02:00,-0.412
2009-09-17T01:00:00+02:00,-0.411
2009-09-17T02:00:00+02:00,-0.413
2009-09-17T03:00:00+02:00,-0.411
2009-09-17T04:00:00+02:00,-0.414
2009-09-17T05:00:00+02:00,-0.415
2009-09-17T06:00:00+02:00,-0.416
2009-09-17T07:00:00+02:00,-0.417
2009-09-17T08:00:00+02:00,-0.417
2009-09-17T09:00:00+02:00,-0.418
2009-09-17T10:00:00+02:00,-0.42
2009-09-17T11:00:00+02:00,-0.42
2009-09-17T12:00:00+02:00,-0.418
2009-09-17T13:00:00+02:00,-0.414
2009-09-17T14:00:00+02:00,-0.416
2009-09-17T15:00:00+02:00,-0.418
2009-09-17T16:00:00+02:00,-0.416
2009-09-17T17:00:00+02:00,-0.416
2009-09-17T18:00:00+02:00,-0.418
2009-09-17T19:00:00+02:00,-0.417
2009-09-17T20:00:00+02:00,-0.424
2009-09-17T21:00:00+02:00,-0.428
2009-09-17T22:00:00+02:00,-0.426
2009-09-17T23:00:00+02:00,-0.423
2009-09-18T00:00:00+02:00,-0.423
2009-09-18T01:00:00+02:00,-0.424
2009-09-18T02:00:00+02:00,-0.425
2009-09-18T03:00:00+02:00,-0.422
2009-09-18T04:00:00+02:00,-0.42
2009-09-18T05:00:00+02:00,-0.422
2009-09-18T06:00:00+02:00,-0.423
2009-09-18T07:00:00+02:00,-0.422
2009-09-18T08:00:00+02:00,-0.425
2009-09-18T09:00:00+02:00,-0.426
2009-09-18T10:00:00+02:00,-0.426
2009-09-18T11:00:00+02:00,-0.426
2009-09-18T12:00:00+02:00,-0.422
2009-09-18T13:00:00+02:00,-0.419
2009-09-18T14:00:00+02:00,-0.419
2009-09-18T15:00:00+02:00,-0.417
2009-09-18T16:00:00+02:00,-0.419
2009-09-18T17:00:00+02:00,-0.416
2009-09-18T18:00:00+02:00,-0.416
2009-09-18T19:00:00+02:00,-0.417
2009-09-18T20:00:00+02:00,-0.418
2009-09-18T21:00:00+02:00,-0.424
2009-09-18T22:00:00+02:00,-0.42
2009-09-18T23:00:00+02:00,-0.419
2009-09-19T00:00:00+02:00,-0.417
2009-09-19T01:00:00+02:00,-0.417
2009-09-19T02:00:00+02:00,-0.416
2009-09-19T03:00:00+02:00,-0.419
2009-09-19T04:00:00+02:00,-0.419
2009-09-19T05:00:00+02:00,-0.418
2009-09-19T06:00:00+02:00,-0.418
2009-09-19T07:00:00+02:00,-0.421
2009-09-19T08:00:00+02:00,-0.417
2009-09-19T09:00:00+02:00,-0.423
2009-09-19T10:00:00+02:00,-0.421
2009-09-19T11:00:00+02:00,-0.422
2009-09-19T12:00:00+02:00,-0.419
2009-09-19T13:00:00+02:00,-0.418
2009-09-19T14:00:00+02:00,-0.418
2009-09-19T15:00:00+02:00,-0.423
2009-09-19T16:00:00+02:00,-0.419
2009-09-19T17:00:00+02:00,-0.422
2009-09-19T18:00:00+02:00,-0.425
2009-09-19T19:00:00+02:00,-0.427
2009-09-19T20:00:00+02:00,-0.428
2009-09-19T21:00:00+02:00,-0.428
2009-09-19T22:00:00+02:00,-0.431
2009-09-19T23:00:00+02:00,-0.43
2009-09-20T00:00:00+02:00,-0.427
2009-09-20T01:00:00+02:00,-0.428
2009-09-20T02:00:00+02:00,-0.43
2009-09-20T03:00:00+02:00,-0.431
2009-09-20T04:00:00+02:00,-0.431
2009-09-20T05:00:00+02:00,-0.428
2009-09-20T06:00:00+02:00,-0.43
2009-09-20T07:00:00+02:00,-0.431
2009-09-20T08:00:00+02:00,-0.436
2009-09-20T09:00:00+02:00,-0.438
2009-09-20T10:00:00+02:00,-0.439
2009-09-20T11:00:00+02:00,-0.436
2009-09-20T12:00:00+02:00,-0.436
2009-09-20T13:00:00+02:00,-0.436
2009-09-20T14:00:00+02:00,-0.438
2009-09-20T15:00:00+02:00,-0.439
2009-09-20T16:00:00+02:00,-0.437
2009-09-20T17:00:00+02:00,-0.438
2009-09-20T18:00:00+02:00,-0.439
2009-09-20T19:00:00+02:00,-0.438
2009-09-20T20:00:00+02:00,-0.442
2009-09-20T21:00:00+02:00,-0.445
2009-09-20T22:00:00+02:00,-0.445
2009-09-20T23:00:00+02:00,-0.44
2009-09-21T00:00:00+02:00,-0.438
2009-09-21T01:00:00+02:00,-0.437
2009-09-21T02:00:00+02:00,-0.439
2009-09-21T03:00:00+02:00,-0.439
2009-09-21T04:00:00+02:00,-0.439
2009-09-21T05:00:00+02:00,-0.436
2009-09-21T06:00:00+02:00,-0.441
2009-09-21T07:00:00+02:00,-0.44
2009-09-21T08:00:00+02:00,-0.443
2009-09-21T09:00:00+02:00,-0.447
2009-09-21T10:00:00+02:00,-0.439
2009-09-21T11:00:00+02:00,-0.444
2009-09-21T12:00:00+02:00,-0.441
2009-09-21T13:00:00+02:00,-0.444
2009-09-21T14:00:00+02:00,-0.438
2009-09-21T15:00:00+02:00,-0.44
2009-09-21T16:00:00+02:00,-0.436
2009-09-21T17:00:00+02:00,-0.437
2009-09-21T18:00:00+02:00,-0.436
2009-09-21T19:00:00+02:00,-0.435
2009-09-21T20:00:00+02:00,-0.439
2009-09-21T21:00:00+02:00,-0.441
2009-09-21T22:00:00+02:00,-0.436
2009-09-21T23:00:00+02:00,-0.438
2009-09-22T00:00:00+02:00,-0.436
2009-09-22T01:00:00+02:00,-0.438
2009-09-22T02:00:00+02:00,-0.437
2009-09-22T03:00:00+02:00,-0.436
2009-09-22T04:00:00+02:00,-0.433
2009-09-22T05:00:00+02:00,-0.431
2009-09-22T06:00:00+02:00,-0.432
2009-09-22T07:00:00+02:00,-0.434
2009-09-22T08:00:00+02:00,-0.433
2009-09-22T09:00:00+02:00,-0.437
2009-09-22T10:00:00+02:00,-0.434
2009-09-22T11:00:00+02:00,-0.434
2009-09-22T12:00:00+02:00,-0.44
2009-09-22T13:00:00+02:00,-0.44
2009-09-22T14:00:00+02:00,-0.44
2009-09-22T15:00:00+02:00,-0.437
2009-09-22T16:00:00+02:00,-0.436
2009-09-22T17:00:00+02:00,-0.435
2009-09-22T18:00:00+02:00,-0.433
2009-09-22T19:00:00+02:00,-0.437
2009-09-22T20:00:00+02:00,-0.441
2009-09-22T21:00:00+02:00,-0.439
2009-09-22T22:00:00+02:00,-0.438
2009-09-22T23:00:00+02:00,-0.434
2009-09-23T00:00:00+02:00,-0.432
2009-09-23T01:00:00+02:00,-0.434
2009-09-23T02:00:00+02:00,-0.431
2009-09-23T03:00:00+02:00,-0.433
2009-09-23T04:00:00+02:00,-0.43
2009-09-23T05:00:00+02:00,-0.431
2009-09-23T06:00:00+02:00,-0.432
2009-09-23T07:00:00+02:00,-0.433
2009-09-23T08:00:00+02:00,-0.435
2009-09-23T09:00:00+02:00,-0.436
2009-09-23T10:00:00+02:00,-0.435
2009-09-23T11:00:00+02:00,-0.437
2009-09-23T12:00:00+02:00,-0.437
2009-09-23T13:00:00+02:00,-0.435
2009-09-23T14:00:00+02:00,-0.433
2009-09-23T15:00:00+02:00,-0.436
2009-09-23T16:00:00+02:00,-0.429
2009-09-23T17:00:00+02:00,-0.43
2009-09-23T18:00:00+02:00,-0.428
2009-09-23T19:00:00+02:00,-0.43
2009-09-23T20:00:00+02:00,-0.431
2009-09-23T21:00:00+02:00,-0.434
2009-09-23T22:00:00+02:00,-0.431
2009-09-23T23:00:00+02:00,-0.432
2009-09-24T00:00:00+02:00,-0.431
2009-09-24T01:00:00+02:00,-0.426
2009-09-24T02:00:00+02:00,-0.424
2009-09-24T03:00:00+02:00,-0.426
2009-09-24T04:00:00+02:00,-0.422
2009-09-24T05:00:00+02:00,-0.425
2009-09-24T06:00:00+02:00,-0.428
2009-09-24T07:00:00+02:00,-0.428
2009-09-24T08:00:00+02:00,-0.432
2009-09-24T09:00:00+02:00,-0.432
2009-09-24T10:00:00+02:00,-0.435
2009-09-24T11:00:00+02:00,-0.436
2009-09-24T12:00:00+02:00,-0.436
2009-09-24T13:00:00+02:00,-0.432
2009-09-24T14:00:00+02:00,-0.432
2009-09-24T15:00:00+02:00,-0.434
2009-09-24T16:00:00+02:00,-0.435
2009-09-24T17:00:00+02:00,-0.435
2009-09-24T18:00:00+02:00,-0.433
2009-09-24T19:00:00+02:00,-0.435
2009-09-24T20:00:00+02:00,-0.439
2009-09-24T21:00:00+02:00,-0.443
2009-09-24T22:00:00+02:00,-0.437
2009-09-24T23:00:00+02:00,-0.439
2009-09-25T00:00:00+02:00,-0.439
2009-09-25T01:00:00+02:00,-0.438
2009-09-25T02:00:00+02:00,-0.438
2009-09-25T03:00:00+02:00,-0.436
2009-09-25T04:00:00+02:00,-0.434
2009-09-25T05:00:00+02:00,-0.433
2009-09-25T06:00:00+02:00,-0.433
2009-09-25T07:00:00+02:00,-0.43
2009-09-25T08:00:00+02:00,-0.437
2009-09-25T09:00:00+02:00,-0.44
2009-09-25T10:00:00+02:00,-0.439
2009-09-25T11:00:00+02:00,-0.441
2009-09-25T12:00:00+02:00,-0.437
2009-09-25T13:00:00+02:00,-0.434
2009-09-25T14:00:00+02:00,-0.435
2009-09-25T15:00:00+02:00,-0.436
2009-09-25T16:00:00+02:00,-0.436
2009-09-25T17:00:00+02:00,-0.433
2009-09-25T18:00:00+02:00,-0.434
2009-09-25T19:00:00+02:00,-0.435
2009-09-25T20:00:00+02:00,-0.436
2009-09-25T21:00:00+02:00,-0.44
2009-09-25T22:00:00+02:00,-0.44
2009-09-25T23:00:00+02:00,-0.437
2009-09-26T00:00:00+02:00,-0.439
2009-09-26T01:00:00+02:00,-0.436
2009-09-26T02:00:00+02:00,-0.438
2009-09-26T03:00:00+02:00,-0.436
2009-09-26T04:00:00+02:00,-0.436
2009-09-26T05:00:00+02:00,-0.438
2009-09-26T06:00:00+02:00,-0.434
2009-09-26T07:00:00+02:00,-0.433
2009-09-26T08:00:00+02:00,-0.437
2009-09-26T09:00:00+02:00,-0.44
2009-09-26T10:00:00+02:00,-0.441
2009-09-26T11:00:00+02:00,-0.44
2009-09-26T12:00:00+02:00,-0.439
2009-09-26T13:00:00+02:00,-0.436
2009-09-26T14:00:00+02:00,-0.435
2009-09-26T15:00:00+02:00,-0.434
2009-09-26T16:00:00+02:00,-0.434
2009-09-26T17:00:00+02:00,-0.433
2009-09-26T18:00:00+02:00,-0.438
2009-09-26T19:00:00+02:00,-0.438
2009-09-26T20:00:00+02:00,-0.441
2009-09-26T21:00:00+02:00,-0.44
2009-09-26T22:00:00+02:00,-0.438
2009-09-26T23:00:00+02:00,-0.438
2009-09-27T00:00:00+02:00,-0.437
2009-09-27T01:00:00+02:00,-0.436
2009-09-27T02:00:00+02:00,-0.434
2009-09-27T03:00:00+02:00,-0.435
2009-09-27T04:00:00+02:00,-0.439
2009-09-27T05:00:00+02:00,-0.436
2009-09-27T06:00:00+02:00,-0.435
2009-09-27T07:00:00+02:00,-0.435
2009-09-27T08:00:00+02:00,-0.441
2009-09-27T09:00:00+02:00,-0.441
2009-09-27T10:00:00+02:00,-0.438
2009-09-27T11:00:00+02:00,-0.44
2009-09-27T12:00:00+02:00,-0.438
2009-09-27T13:00:00+02:00,-0.44
2009-09-27T14:00:00+02:00,-0.437
2009-09-27T15:00:00+02:00,-0.434
2009-09-27T16:00:00+02:00,-0.436
2009-09-27T17:00:00+02:00,-0.436
2009-09-27T18:00:00+02:00,-0.434
2009-09-27T19:00:00+02:00,-0.433
2009-09-27T20:00:00+02:00,-0.443
2009-09-27T21:00:00+02:00,-0.436
2009-09-27T22:00:00+02:00,-0.443
2009-09-27T23:00:00+02:00,-0.437
2009-09-28T00:00:00+02:00,-0.44
2009-09-28T01:00:00+02:00,-0.437
2009-09-28T02:00:00+02:00,-0.439
2009-09-28T03:00:00+02:00,-0.442
2009-09-28T04:00:00+02:00,-0.432
2009-09-28T05:00:00+02:00,-0.436
2009-09-28T06:00:00+02:00,-0.436
2009-09-28T07:00:00+02:00,-0.436
2009-09-28T08:00:00+02:00,-0.434
2009-09-28T09:00:00+02:00,-0.441
2009-09-28T10:00:00+02:00,-0.444
2009-09-28T11:00:00+02:00,-0.449
2009-09-28T12:00:00+02:00,-0.437
2009-09-28T13:00:00+02:00,-0.442
2009-09-28T14:00:00+02:00,-0.439
2009-09-28T15:00:00+02:00,-0.437
2009-09-28T16:00:00+02:00,-0.434
2009-09-28T17:00:00+02:00,-0.442
2009-09-28T18:00:00+02:00,-0.438
2009-09-28T19:00:00+02:00,-0.441
2009-09-28T20:00:00+02:00,-0.439
2009-09-28T21:00:00+02:00,-0.438
2009-09-28T22:00:00+02:00,-0.441
2009-09-28T23:00:00+02:00,-0.435
2009-09-29T00:00:00+02:00,-0.435
2009-09-29T01:00:00+02:00,-0.436
2009-09-29T02:00:00+02:00,-0.436
2009-09-29T03:00:00+02:00,-0.436
2009-09-29T04:00:00+02:00,-0.435
2009-09-29T05:00:00+02:00,-0.433
2009-09-29T06:00:00+02:00,-0.434
2009-09-29T07:00:00+02:00,-0.434
2009-09-29T08:00:00+02:00,-0.432
2009-09-29T09:00:00+02:00,-0.438
2009-09-29T10:00:00+02:00,-0.434
2009-09-29T11:00:00+02:00,-0.435
2009-09-29T12:00:00+02:00,-0.433
2009-09-29T13:00:00+02:00,-0.431
2009-09-29T14:00:00+02:00,-0.427
2009-09-29T15:00:00+02:00,-0.427
2009-09-29T16:00:00+02:00,-0.426
2009-09-29T17:00:00+02:00,-0.362
2009-09-29T18:00:00+02:00,-0.427
2009-09-29T19:00:00+02:00,-0.331
2009-09-29T20:00:00+02:00,-0.329
2009-09-29T21:00:00+02:00,-0.414
2009-09-29T22:00:00+02:00,-0.423
2009-09-29T23:00:00+02:00,-0.326
2009-09-30T00:00:00+02:00,-0.416
2009-09-30T01:00:00+02:00,-0.419
2009-09-30T02:00:00+02:00,-0.419
2009-09-30T03:00:00+02:00,-0.418
2009-09-30T04:00:00+02:00,-0.412
2009-09-30T05:00:00+02:00,-0.415
2009-09-30T06:00:00+02:00,-0.415
2009-09-30T07:00:00+02:00,-0.418
2009-09-30T08:00:00+02:00,-0.416
2009-09-30T09:00:00+02:00,-0.415
2009-09-30T10:00:00+02:00,-0.418
2009-09-30T11:00:00+02:00,-0.413
2009-09-30T12:00:00+02:00,-0.411
2009-09-30T13:00:00+02:00,-0.415
2009-09-30T14:00:00+02:00,-0.413
2009-09-30T15:00:00+02:00,-0.415
2009-09-30T16:00:00+02:00,-0.414
2009-09-30T17:00:00+02:00,-0.413
2009-09-30T18:00:00+02:00,-0.415
2009-09-30T19:00:00+02:00,-0.412
2009-09-30T20:00:00+02:00,-0.413
2009-09-30T21:00:00+02:00,-0.414
2009-09-30T22:00:00+02:00,-0.412
2009-09-30T23:00:00+02:00,-0.412
2009-10-01T00:00:00+02:00,-0.41
2009-10-01T01:00:00+02:00,-0.411
2009-10-01T02:00:00+02:00,-0.407
2009-10-01T03:00:00+02:00,-0.412
2009-10-01T04:00:00+02:00,-0.408
2009-10-01T05:00:00+02:00,-0.41
2009-10-01T06:00:00+02:00,-0.412
2009-10-01T07:00:00+02:00,-0.323
2009-10-01T08:00:00+02:00,-0.411
2009-10-01T09:00:00+02:00,-0.237
2009-10-01T10:00:00+02:00,-0.341
2009-10-01T11:00:00+02:00,-0.417
2009-10-01T12:00:00+02:00,-0.418
2009-10-01T13:00:00+02:00,-0.421
2009-10-01T14:00:00+02:00,-0.419
2009-10-01T15:00:00+02:00,-0.42
2009-10-01T16:00:00+02:00,-0.422
2009-10-01T17:00:00+02:00,-0.42
2009-10-01T18:00:00+02:00,-0.424
2009-10-01T19:00:00+02:00,-0.423
2009-10-01T20:00:00+02:00,-0.425
2009-10-01T21:00:00+02:00,-0.427
2009-10-01T22:00:00+02:00,-0.424
2009-10-01T23:00:00+02:00,-0.425
2009-10-02T00:00:00+02:00,-0.419
2009-10-02T01:00:00+02:00,-0.421
2009-10-02T02:00:00+02:00,-0.42
2009-10-02T03:00:00+02:00,-0.421
2009-10-02T04:00:00+02:00,-0.414
2009-10-02T05:00:00+02:00,-0.414
2009-10-02T06:00:00+02:00,-0.415
2009-10-02T07:00:00+02:00,-0.413
2009-10-02T08:00:00+02:00,-0.415
2009-10-02T09:00:00+02:00,-0.417
2009-10-02T10:00:00+02:00,-0.422
2009-10-02T11:00:00+02:00,-0.417
2009-10-02T12:00:00+02:00,-0.421
2009-10-02T13:00:00+02:00,-0.423
2009-10-02T14:00:00+02:00,-0.423
2009-10-02T15:00:00+02:00,-0.42
2009-10-02T16:00:00+02:00,-0.421
2009-10-02T17:00:00+02:00,-0.42
2009-10-02T18:00:00+02:00,-0.426
2009-10-02T19:00:00+02:00,-0.421
2009-10-02T20:00:00+02:00,-0.425
2009-10-02T21:00:00+02:00,-0.421
2009-10-02T22:00:00+02:00,-0.423
2009-10-02T23:00:00+02:00,-0.417
2009-10-03T00:00:00+02:00,-0.414
2009-10-03T01:00:00+02:00,-0.417
2009-10-03T02:00:00+02:00,-0.414
2009-10-03T03:00:00+02:00,-0.418
2009-10-03T04:00:00+02:00,-0.414
2009-10-03T05:00:00+02:00,-0.411
2009-10-03T06:00:00+02:00,-0.408
2009-10-03T07:00:00+02:00,-0.415
2009-10-03T08:00:00+02:00,-0.41
2009-10-03T09:00:00+02:00,-0.409
2009-10-03T10:00:00+02:00,-0.408
2009-10-03T11:00:00+02:00,-0.407
2009-10-03T12:00:00+02:00,-0.406
2009-10-03T13:00:00+02:00,-0.409
2009-10-03T14:00:00+02:00,-0.404
2009-10-03T15:00:00+02:00,-0.408
2009-10-03T16:00:00+02:00,-0.401
2009-10-03T17:00:00+02:00,-0.406
2009-10-03T18:00:00+02:00,-0.405
2009-10-03T19:00:00+02:00,-0.407
2009-10-03T20:00:00+02:00,-0.308
2009-10-03T21:00:00+02:00,-0.405
2009-10-03T22:00:00+02:00,-0.41
2009-10-03T23:00:00+02:00,-0.41
2009-10-04T00:00:00+02:00,-0.416
2009-10-04T01:00:00+02:00,-0.168
2009-10-04T02:00:00+02:00,-0.354
2009-10-04T03:00:00+02:00,-0.408
2009-10-04T04:00:00+02:00,-0.415
2009-10-04T05:00:00+02:00,-0.415
2009-10-04T06:00:00+02:00,-0.417
2009-10-04T07:00:00+02:00,-0.417
2009-10-04T08:00:00+02:00,-0.421
2009-10-04T09:00:00+02:00,-0.425
2009-10-04T10:00:00+02:00,-0.431
2009-10-04T11:00:00+02:00,-0.434
2009-10-04T12:00:00+02:00,-0.43
2009-10-04T13:00:00+02:00,-0.432
2009-10-04T14:00:00+02:00,-0.432
2009-10-04T15:00:00+02:00,-0.433
2009-10-04T16:00:00+02:00,-0.436
2009-10-04T17:00:00+02:00,-0.436
2009-10-04T18:00:00+02:00,-0.433
2009-10-04T19:00:00+02:00,-0.437
2009-10-04T20:00:00+02:00,-0.437
2009-10-04T21:00:00+02:00,-0.438
2009-10-04T22:00:00+02:00,-0.438
2009-10-04T23:00:00+02:00,-0.44
2009-10-05T00:00:00+02:00,-0.436
2009-10-05T01:00:00+02:00,-0.436
2009-10-05T02:00:00+02:00,-0.437
2009-10-05T03:00:00+02:00,-0.435
2009-10-05T04:00:00+02:00,-0.431
2009-10-05T05:00:00+02:00,-0.431
2009-10-05T06:00:00+02:00,-0.435
2009-10-05T07:00:00+02:00,-0.435
2009-10-05T08:00:00+02:00,-0.435
2009-10-05T09:00:00+02:00,-0.435
2009-10-05T10:00:00+02:00,-0.433
2009-10-05T11:00:00+02:00,-0.434
2009-10-05T12:00:00+02:00,-0.432
2009-10-05T13:00:00+02:00,-0.43
2009-10-05T14:00:00+02:00,-0.427
2009-10-05T15:00:00+02:00,-0.424
2009-10-05T16:00:00+02:00,-0.424
2009-10-05T17:00:00+02:00,-0.424
2009-10-05T18:00:00+02:00,-0.307
2009-10-05T23:00:00+02:00,-0.086
2009-10-06T00:00:00+02:00,-0.4
2009-10-06T01:00:00+02:00,-0.414
2009-10-06T02:00:00+02:00,-0.414
2009-10-06T03:00:00+02:00,-0.417
2009-10-06T04:00:00+02:00,-0.42
2009-10-06T05:00:00+02:00,-0.417
2009-10-06T06:00:00+02:00,-0.424
2009-10-06T07:00:00+02:00,-0.416
2009-10-06T08:00:00+02:00,-0.418
2009-10-06T09:00:00+02:00,-0.421
2009-10-06T10:00:00+02:00,-0.416
2009-10-06T11:00:00+02:00,-0.413
2009-10-06T12:00:00+02:00,-0.41
2009-10-06T13:00:00+02:00,-0.408
2009-10-06T14:00:00+02:00,-0.406
2009-10-06T15:00:00+02:00,-0.406
2009-10-06T16:00:00+02:00,-0.401
2009-10-06T17:00:00+02:00,-0.402
2009-10-06T18:00:00+02:00,-0.233
2009-10-06T19:00:00+02:00,-0.24
2009-10-06T20:00:00+02:00,-0.242
2009-10-06T21:00:00+02:00,-0.331
2009-10-06T22:00:00+02:00,-0.397
2009-10-06T23:00:00+02:00,-0.408
2009-10-07T00:00:00+02:00,-0.403
2009-10-07T01:00:00+02:00,-0.402
2009-10-07T02:00:00+02:00,-0.401
2009-10-07T03:00:00+02:00,-0.4
2009-10-07T04:00:00+02:00,-0.399
2009-10-07T05:00:00+02:00,-0.396
2009-10-07T06:00:00+02:00,-0.398
2009-10-07T07:00:00+02:00,-0.262
2009-10-07T08:00:00+02:00,-0.261
2009-10-07T09:00:00+02:00,-0.267
2009-10-07T10:00:00+02:00,-0.262
2009-10-07T11:00:00+02:00,-0.258
2009-10-07T12:00:00+02:00,-0.292
2009-10-07T13:00:00+02:00,-0.247
2009-10-07T14:00:00+02:00,-0.254
2009-10-07T15:00:00+02:00,-0.295
2009-10-07T16:00:00+02:00,-0.366
2009-10-07T17:00:00+02:00,-0.372
2009-10-07T18:00:00+02:00,-0.377
2009-10-07T19:00:00+02:00,-0.371
2009-10-07T20:00:00+02:00,-0.217
2009-10-07T21:00:00+02:00,-0.201
2009-10-07T22:00:00+02:00,-0.204
2009-10-07T23:00:00+02:00,-0.193
2009-10-08T00:00:00+02:00,-0.274
2009-10-08T01:00:00+02:00,-0.326
2009-10-08T02:00:00+02:00,-0.349
2009-10-08T03:00:00+02:00,-0.215
2009-10-08T04:00:00+02:00,-0.207
2009-10-08T05:00:00+02:00,-0.204
2009-10-08T06:00:00+02:00,-0.216
2009-10-08T07:00:00+02:00,-0.219
2009-10-08T08:00:00+02:00,-0.234
2009-10-08T09:00:00+02:00,-0.316
2009-10-08T10:00:00+02:00,-0.342
2009-10-08T11:00:00+02:00,-0.346
2009-10-08T12:00:00+02:00,-0.342
2009-10-08T13:00:00+02:00,-0.347
2009-10-08T14:00:00+02:00,-0.345
2009-10-08T15:00:00+02:00,-0.343
2009-10-08T16:00:00+02:00,-0.346
2009-10-08T17:00:00+02:00,-0.348
2009-10-08T18:00:00+02:00,-0.346
2009-10-08T19:00:00+02:00,-0.351
2009-10-08T20:00:00+02:00,-0.351
2009-10-08T21:00:00+02:00,-0.352
2009-10-08T22:00:00+02:00,-0.35
2009-10-08T23:00:00+02:00,-0.348
2009-10-09T00:00:00+02:00,-0.351
2009-10-09T01:00:00+02:00,-0.349
2009-10-09T02:00:00+02:00,-0.349
2009-10-09T03:00:00+02:00,-0.35
2009-10-09T04:00:00+02:00,-0.352
2009-10-09T05:00:00+02:00,-0.35
2009-10-09T06:00:00+02:00,-0.349
2009-10-09T07:00:00+02:00,-0.353
2009-10-09T08:00:00+02:00,-0.352
2009-10-09T09:00:00+02:00,-0.349
2009-10-09T10:00:00+02:00,-0.355
2009-10-09T11:00:00+02:00,-0.351
2009-10-09T12:00:00+02:00,-0.343
2009-10-09T13:00:00+02:00,-0.342
2009-10-09T14:00:00+02:00,-0.34
2009-10-09T15:00:00+02:00,-0.332
2009-10-09T16:00:00+02:00,-0.34
2009-10-09T17:00:00+02:00,-0.336
2009-10-09T18:00:00+02:00,-0.333
2009-10-09T19:00:00+02:00,-0.343
2009-10-09T20:00:00+02:00,-0.341
2009-10-09T21:00:00+02:00,-0.34
2009-10-09T22:00:00+02:00,-0.342
2009-10-09T23:00:00+02:00,-0.339
2009-10-10T00:00:00+02:00,-0.337
2009-10-10T01:00:00+02:00,-0.172
2009-10-10T02:00:00+02:00,-0.155
2009-10-10T03:00:00+02:00,-0.141
2009-10-10T04:00:00+02:00,-0.179
2009-10-10T05:00:00+02:00,-0.263
2009-10-10T06:00:00+02:00,-0.304
2009-10-10T07:00:00+02:00,-0.331
2009-10-10T08:00:00+02:00,-0.349
2009-10-10T09:00:00+02:00,-0.355
2009-10-10T10:00:00+02:00,-0.17
2009-10-10T12:00:00+02:00,-0.194
2009-10-10T13:00:00+02:00,-0.31
2009-10-10T14:00:00+02:00,-0.327
2009-10-10T15:00:00+02:00,-0.342
2009-10-10T16:00:00+02:00,-0.345
2009-10-10T17:00:00+02:00,-0.346
2009-10-10T18:00:00+02:00,-0.345
2009-10-10T19:00:00+02:00,-0.345
2009-10-10T20:00:00+02:00,-0.347
2009-10-10T21:00:00+02:00,-0.35
2009-10-10T22:00:00+02:00,-0.347
2009-10-10T23:00:00+02:00,-0.343
2009-10-11T00:00:00+02:00,-0.346
2009-10-11T01:00:00+02:00,-0.348
2009-10-11T02:00:00+02:00,-0.343
2009-10-11T03:00:00+02:00,-0.343
2009-10-11T04:00:00+02:00,-0.34
2009-10-11T05:00:00+02:00,-0.339
2009-10-11T06:00:00+02:00,-0.338
2009-10-11T07:00:00+02:00,-0.336
2009-10-11T08:00:00+02:00,-0.333
2009-10-11T09:00:00+02:00,-0.333
2009-10-11T10:00:00+02:00,-0.329
2009-10-11T11:00:00+02:00,-0.332
2009-10-11T12:00:00+02:00,-0.328
2009-10-11T13:00:00+02:00,-0.33
2009-10-11T14:00:00+02:00,-0.325
2009-10-11T15:00:00+02:00,-0.326
2009-10-11T16:00:00+02:00,-0.235
2009-10-11T17:00:00+02:00,-0.14
2009-10-11T18:00:00+02:00,-0.234
2009-10-11T19:00:00+02:00,-0.281
2009-10-11T20:00:00+02:00,-0.135
2009-10-11T21:00:00+02:00,-0.119
2009-10-11T22:00:00+02:00,-0.112
2009-10-11T23:00:00+02:00,-0.233
2009-10-12T00:00:00+02:00,-0.282
2009-10-12T01:00:00+02:00,-0.3
2009-10-12T02:00:00+02:00,-0.313
2009-10-12T03:00:00+02:00,-0.157
2009-10-12T04:00:00+02:00,-0.13
2009-10-12T05:00:00+02:00,-0.12
2009-10-12T06:00:00+02:00,-0.121
2009-10-12T07:00:00+02:00,-0.167
2009-10-12T08:00:00+02:00,-0.281
2009-10-12T09:00:00+02:00,-0.323
2009-10-12T10:00:00+02:00,-0.336
2009-10-12T11:00:00+02:00,-0.347
2009-10-12T12:00:00+02:00,-0.344
2009-10-12T13:00:00+02:00,-0.352
2009-10-12T14:00:00+02:00,-0.347
2009-10-12T15:00:00+02:00,-0.353
2009-10-12T16:00:00+02:00,-0.351
2009-10-12T17:00:00+02:00,-0.355
2009-10-12T18:00:00+02:00,-0.123
2009-10-12T19:00:00+02:00,-0.175
2009-10-12T20:00:00+02:00,-0.32
2009-10-12T21:00:00+02:00,-0.189
2009-10-12T22:00:00+02:00,-0.192
2009-10-12T23:00:00+02:00,-0.258
2009-10-13T00:00:00+02:00,-0.321
2009-10-13T01:00:00+02:00,-0.338
2009-10-13T02:00:00+02:00,-0.35
2009-10-13T03:00:00+02:00,-0.354
2009-10-13T04:00:00+02:00,-0.353
2009-10-13T05:00:00+02:00,-0.354
2009-10-13T06:00:00+02:00,-0.357
2009-10-13T07:00:00+02:00,-0.358
2009-10-13T08:00:00+02:00,-0.361
2009-10-13T09:00:00+02:00,-0.358
2009-10-13T10:00:00+02:00,-0.362
2009-10-13T11:00:00+02:00,-0.357
2009-10-13T12:00:00+02:00,-0.362
2009-10-13T13:00:00+02:00,-0.356
2009-10-13T14:00:00+02:00,-0.356
2009-10-13T15:00:00+02:00,-0.357
2009-10-13T16:00:00+02:00,-0.361
2009-10-13T17:00:00+02:00,-0.358
2009-10-13T18:00:00+02:00,-0.358
2009-10-13T19:00:00+02:00,-0.363
2009-10-13T20:00:00+02:00,-0.366
2009-10-13T21:00:00+02:00,-0.363
2009-10-13T22:00:00+02:00,-0.367
2009-10-13T23:00:00+02:00,-0.366
2009-10-14T00:00:00+02:00,-0.369
2009-10-14T01:00:00+02:00,-0.369
2009-10-14T02:00:00+02:00,-0.372
2009-10-14T03:00:00+02:00,-0.368
2009-10-14T04:00:00+02:00,-0.366
2009-10-14T05:00:00+02:00,-0.37
2009-10-14T06:00:00+02:00,-0.371
2009-10-14T07:00:00+02:00,-0.368
2009-10-14T08:00:00+02:00,-0.37
2009-10-14T09:00:00+02:00,-0.37
2009-10-14T10:00:00+02:00,-0.375
2009-10-14T11:00:00+02:00,-0.377
2009-10-14T12:00:00+02:00,-0.379
2009-10-14T13:00:00+02:00,-0.38
2009-10-14T14:00:00+02:00,-0.378
2009-10-14T15:00:00+02:00,-0.383
2009-10-14T16:00:00+02:00,-0.378
2009-10-14T17:00:00+02:00,-0.378
2009-10-14T18:00:00+02:00,-0.377
2009-10-14T19:00:00+02:00,-0.381
2009-10-14T20:00:00+02:00,-0.38
2009-10-14T21:00:00+02:00,-0.382
2009-10-14T22:00:00+02:00,-0.379
2009-10-14T23:00:00+02:00,-0.378
2009-10-15T00:00:00+02:00,-0.382
2009-10-15T01:00:00+02:00,-0.385
2009-10-15T02:00:00+02:00,-0.384
2009-10-15T03:00:00+02:00,-0.381
2009-10-15T04:00:00+02:00,-0.377
2009-10-15T05:00:00+02:00,-0.381
2009-10-15T06:00:00+02:00,-0.381
2009-10-15T07:00:00+02:00,-0.383
2009-10-15T08:00:00+02:00,-0.382
2009-10-15T09:00:00+02:00,-0.382
2009-10-15T10:00:00+02:00,-0.384
2009-10-15T11:00:00+02:00,-0.384
2009-10-15T12:00:00+02:00,-0.378
2009-10-15T13:00:00+02:00,-0.376
2009-10-15T14:00:00+02:00,-0.378
2009-10-15T15:00:00+02:00,-0.376
2009-10-15T16:00:00+02:00,-0.377
2009-10-15T17:00:00+02:00,-0.377
2009-10-15T18:00:00+02:00,-0.381
2009-10-15T19:00:00+02:00,-0.382
2009-10-15T20:00:00+02:00,-0.384
2009-10-15T21:00:00+02:00,-0.379
2009-10-15T22:00:00+02:00,-0.381
2009-10-15T23:00:00+02:00,-0.382
2009-10-16T00:00:00+02:00,-0.381
2009-10-16T01:00:00+02:00,-0.384
2009-10-16T02:00:00+02:00,-0.383
2009-10-16T03:00:00+02:00,-0.374
2009-10-16T04:00:00+02:00,-0.375
2009-10-16T05:00:00+02:00,-0.371
2009-10-16T06:00:00+02:00,-0.371
2009-10-16T08:00:00+02:00,-0.048
2009-10-16T09:00:00+02:00,-0.362
2009-10-16T10:00:00+02:00,-0.372
2009-10-16T11:00:00+02:00,-0.374
2009-10-16T12:00:00+02:00,-0.372
2009-10-16T13:00:00+02:00,-0.368
2009-10-16T14:00:00+02:00,-0.365
2009-10-16T15:00:00+02:00,-0.372
2009-10-16T16:00:00+02:00,-0.37
2009-10-16T17:00:00+02:00,-0.373
2009-10-16T18:00:00+02:00,-0.374
2009-10-16T19:00:00+02:00,-0.372
2009-10-16T20:00:00+02:00,-0.374
2009-10-16T21:00:00+02:00,-0.373
2009-10-16T22:00:00+02:00,-0.374
2009-10-16T23:00:00+02:00,-0.374
2009-10-17T00:00:00+02:00,-0.375
2009-10-17T01:00:00+02:00,-0.373
2009-10-17T02:00:00+02:00,-0.376
2009-10-17T03:00:00+02:00,-0.372
2009-10-17T04:00:00+02:00,-0.372
2009-10-17T05:00:00+02:00,-0.374
2009-10-17T06:00:00+02:00,-0.372
2009-10-17T07:00:00+02:00,-0.374
2009-10-17T08:00:00+02:00,-0.374
2009-10-17T09:00:00+02:00,-0.379
2009-10-17T10:00:00+02:00,-0.374
2009-10-17T11:00:00+02:00,-0.376
2009-10-17T12:00:00+02:00,-0.25
2009-10-17T13:00:00+02:00,-0.313
2009-10-17T14:00:00+02:00,-0.353
2009-10-17T15:00:00+02:00,-0.367
2009-10-17T16:00:00+02:00,-0.369
2009-10-17T17:00:00+02:00,-0.374
2009-10-17T18:00:00+02:00,-0.375
2009-10-17T19:00:00+02:00,-0.377
2009-10-17T20:00:00+02:00,-0.378
2009-10-17T21:00:00+02:00,-0.378
2009-10-17T22:00:00+02:00,-0.38
2009-10-17T23:00:00+02:00,-0.377
2009-10-18T00:00:00+02:00,-0.376
2009-10-18T01:00:00+02:00,-0.377
2009-10-18T02:00:00+02:00,-0.375
2009-10-18T03:00:00+02:00,-0.375
2009-10-18T04:00:00+02:00,-0.376
2009-10-18T05:00:00+02:00,-0.377
2009-10-18T06:00:00+02:00,-0.376
2009-10-18T07:00:00+02:00,-0.375
2009-10-18T08:00:00+02:00,-0.377
2009-10-18T09:00:00+02:00,-0.378
2009-10-18T10:00:00+02:00,-0.374
2009-10-18T11:00:00+02:00,-0.375
2009-10-18T12:00:00+02:00,-0.374
2009-10-18T13:00:00+02:00,-0.372
2009-10-18T14:00:00+02:00,-0.372
2009-10-18T15:00:00+02:00,-0.375
2009-10-18T16:00:00+02:00,-0.37
2009-10-18T17:00:00+02:00,-0.373
2009-10-18T18:00:00+02:00,-0.372
2009-10-18T19:00:00+02:00,-0.373
2009-10-18T20:00:00+02:00,-0.371
2009-10-18T21:00:00+02:00,-0.371
2009-10-18T22:00:00+02:00,-0.374
2009-10-18T23:00:00+02:00,-0.373
2009-10-19T00:00:00+02:00,-0.369
2009-10-19T01:00:00+02:00,-0.37
2009-10-19T02:00:00+02:00,-0.368
2009-10-19T03:00:00+02:00,-0.366
2009-10-19T04:00:00+02:00,-0.365
2009-10-19T05:00:00+02:00,-0.363
2009-10-19T06:00:00+02:00,-0.361
2009-10-19T07:00:00+02:00,-0.364
2009-10-19T08:00:00+02:00,-0.365
2009-10-19T09:00:00+02:00,-0.368
2009-10-19T10:00:00+02:00,-0.368
2009-10-19T11:00:00+02:00,-0.369
2009-10-19T12:00:00+02:00,-0.365
2009-10-19T13:00:00+02:00,-0.362
2009-10-19T14:00:00+02:00,-0.363
2009-10-19T15:00:00+02:00,-0.361
2009-10-19T16:00:00+02:00,-0.36
2009-10-19T17:00:00+02:00,-0.361
2009-10-19T18:00:00+02:00,-0.359
2009-10-19T19:00:00+02:00,-0.36
2009-10-19T20:00:00+02:00,-0.36
2009-10-19T21:00:00+02:00,-0.357
2009-10-19T22:00:00+02:00,-0.355
2009-10-19T23:00:00+02:00,-0.353
2009-10-20T00:00:00+02:00,-0.351
2009-10-20T01:00:00+02:00,-0.354
2009-10-20T02:00:00+02:00,-0.351
2009-10-20T03:00:00+02:00,-0.348
2009-10-20T04:00:00+02:00,-0.349
2009-10-20T05:00:00+02:00,-0.345
2009-10-20T06:00:00+02:00,-0.344
2009-10-20T07:00:00+02:00,-0.346
2009-10-20T08:00:00+02:00,-0.347
2009-10-20T09:00:00+02:00,-0.348
2009-10-20T10:00:00+02:00,-0.349
2009-10-20T11:00:00+02:00,-0.347
2009-10-20T12:00:00+02:00,-0.341
2009-10-20T13:00:00+02:00,-0.342
2009-10-20T14:00:00+02:00,-0.346
2009-10-20T15:00:00+02:00,-0.341
2009-10-20T16:00:00+02:00,-0.348
2009-10-20T17:00:00+02:00,-0.342
2009-10-20T18:00:00+02:00,-0.351
2009-10-20T19:00:00+02:00,-0.344
2009-10-20T20:00:00+02:00,-0.354
2009-10-20T21:00:00+02:00,-0.344
2009-10-20T22:00:00+02:00,-0.351
2009-10-20T23:00:00+02:00,-0.35
2009-10-21T00:00:00+02:00,-0.349
2009-10-21T01:00:00+02:00,-0.354
2009-10-21T02:00:00+02:00,-0.351
2009-10-21T03:00:00+02:00,-0.352
2009-10-21T04:00:00+02:00,-0.35
2009-10-21T05:00:00+02:00,-0.355
2009-10-21T06:00:00+02:00,-0.356
2009-10-21T07:00:00+02:00,-0.355
2009-10-21T08:00:00+02:00,-0.354
2009-10-21T09:00:00+02:00,-0.358
2009-10-21T10:00:00+02:00,-0.361
2009-10-21T11:00:00+02:00,-0.362
2009-10-21T12:00:00+02:00,-0.358
2009-10-21T13:00:00+02:00,-0.353
2009-10-21T14:00:00+02:00,-0.363
2009-10-21T15:00:00+02:00,-0.356
2009-10-21T16:00:00+02:00,-0.361
2009-10-21T17:00:00+02:00,-0.365
2009-10-21T18:00:00+02:00,-0.366
2009-10-21T19:00:00+02:00,-0.371
2009-10-21T20:00:00+02:00,-0.372
2009-10-21T21:00:00+02:00,-0.368
2009-10-21T22:00:00+02:00,-0.368
2009-10-21T23:00:00+02:00,-0.373
2009-10-22T00:00:00+02:00,-0.372
2009-10-22T01:00:00+02:00,-0.374
2009-10-22T02:00:00+02:00,-0.368
2009-10-22T03:00:00+02:00,-0.367
2009-10-22T04:00:00+02:00,-0.375
2009-10-22T05:00:00+02:00,-0.368
2009-10-22T06:00:00+02:00,-0.372
2009-10-22T07:00:00+02:00,-0.372
2009-10-22T08:00:00+02:00,-0.373
2009-10-22T09:00:00+02:00,-0.378
2009-10-22T10:00:00+02:00,-0.374
2009-10-22T11:00:00+02:00,-0.272
2009-10-22T12:00:00+02:00,-0.224
2009-10-22T13:00:00+02:00,-0.292
2009-10-22T14:00:00+02:00,-0.358
2009-10-22T15:00:00+02:00,-0.371
2009-10-22T16:00:00+02:00,-0.377
2009-10-22T17:00:00+02:00,-0.38
2009-10-22T18:00:00+02:00,-0.379
2009-10-22T19:00:00+02:00,-0.379
2009-10-22T20:00:00+02:00,-0.383
2009-10-22T21:00:00+02:00,-0.386
2009-10-22T22:00:00+02:00,-0.381
2009-10-22T23:00:00+02:00,-0.383
2009-10-23T00:00:00+02:00,-0.389
2009-10-23T01:00:00+02:00,-0.384
2009-10-23T02:00:00+02:00,-0.384
2009-10-23T03:00:00+02:00,-0.385
2009-10-23T04:00:00+02:00,-0.385
2009-10-23T05:00:00+02:00,-0.387
2009-10-23T06:00:00+02:00,-0.389
2009-10-23T07:00:00+02:00,-0.391
2009-10-23T08:00:00+02:00,-0.389
2009-10-23T09:00:00+02:00,-0.393
2009-10-23T10:00:00+02:00,-0.39
2009-10-23T11:00:00+02:00,-0.397
2009-10-23T12:00:00+02:00,-0.398
2009-10-23T13:00:00+02:00,-0.396
2009-10-23T14:00:00+02:00,-0.389
2009-10-23T15:00:00+02:00,-0.394
2009-10-23T16:00:00+02:00,-0.396
2009-10-23T17:00:00+02:00,-0.396
2009-10-23T18:00:00+02:00,-0.399
2009-10-23T19:00:00+02:00,-0.402
2009-10-23T20:00:00+02:00,-0.403
2009-10-23T21:00:00+02:00,-0.401
2009-10-23T22:00:00+02:00,-0.401
2009-10-23T23:00:00+02:00,-0.396
2009-10-24T00:00:00+02:00,-0.399
2009-10-24T01:00:00+02:00,-0.397
2009-10-24T02:00:00+02:00,-0.4
2009-10-24T03:00:00+02:00,-0.394
2009-10-24T04:00:00+02:00,-0.395
2009-10-24T05:00:00+02:00,-0.394
2009-10-24T06:00:00+02:00,-0.393
2009-10-24T07:00:00+02:00,-0.39
2009-10-24T08:00:00+02:00,-0.4
2009-10-24T09:00:00+02:00,-0.395
2009-10-24T10:00:00+02:00,-0.391
2009-10-24T11:00:00+02:00,-0.389
2009-10-24T12:00:00+02:00,-0.389
2009-10-24T13:00:00+02:00,-0.382
2009-10-24T14:00:00+02:00,-0.385
2009-10-24T15:00:00+02:00,-0.248
2009-10-24T16:00:00+02:00,-0.226
2009-10-24T17:00:00+02:00,-0.209
2009-10-24T18:00:00+02:00,-0.181
2009-10-24T19:00:00+02:00,-0.187
2009-10-24T20:00:00+02:00,-0.179
2009-10-24T21:00:00+02:00,-0.172
2009-10-24T22:00:00+02:00,-0.167
2009-10-24T23:00:00+02:00,-0.18
2009-10-25T00:00:00+02:00,-0.18
2009-10-25T01:00:00+02:00,-0.268
2009-10-25T02:00:00+01:00,-0.353
2009-10-25T03:00:00+01:00,-0.379
2009-10-25T04:00:00+01:00,-0.381
2009-10-25T05:00:00+01:00,-0.38
2009-10-25T06:00:00+01:00,-0.382
2009-10-25T07:00:00+01:00,-0.38
2009-10-25T08:00:00+01:00,-0.384
2009-10-25T09:00:00+01:00,-0.385
2009-10-25T10:00:00+01:00,-0.382
2009-10-25T11:00:00+01:00,-0.384
2009-10-25T12:00:00+01:00,-0.385
2009-10-25T13:00:00+01:00,-0.384
2009-10-25T14:00:00+01:00,-0.382
2009-10-25T15:00:00+01:00,-0.38
2009-10-25T16:00:00+01:00,-0.38
2009-10-25T17:00:00+01:00,-0.385
2009-10-25T18:00:00+01:00,-0.385
2009-10-25T19:00:00+01:00,-0.383
2009-10-25T20:00:00+01:00,-0.38
2009-10-25T21:00:00+01:00,-0.383
2009-10-25T22:00:00+01:00,-0.381
2009-10-25T23:00:00+01:00,-0.379
2009-10-26T00:00:00+01:00,-0.381
2009-10-26T01:00:00+01:00,-0.379
2009-10-26T02:00:00+01:00,-0.38
2009-10-26T03:00:00+01:00,-0.378
2009-10-26T04:00:00+01:00,-0.29
2009-10-26T05:00:00+01:00,-0.219
2009-10-26T06:00:00+01:00,-0.218
2009-10-26T07:00:00+01:00,-0.262
2009-10-26T08:00:00+01:00,-0.354
2009-10-26T09:00:00+01:00,-0.254
2009-10-26T10:00:00+01:00,-0.248
2009-10-26T11:00:00+01:00,-0.262
2009-10-26T12:00:00+01:00,-0.273
2009-10-26T15:00:00+01:00,-0.217
2009-10-26T17:00:00+01:00,0.008
2009-10-26T18:00:00+01:00,-0.288
2009-10-26T19:00:00+01:00,-0.359
2009-10-26T20:00:00+01:00,-0.378
2009-10-26T21:00:00+01:00,-0.386
2009-10-26T22:00:00+01:00,-0.388
2009-10-26T23:00:00+01:00,-0.39
2009-10-27T00:00:00+01:00,-0.39
2009-10-27T01:00:00+01:00,-0.389
2009-10-27T02:00:00+01:00,-0.388
2009-10-27T03:00:00+01:00,-0.385
2009-10-27T04:00:00+01:00,-0.387
2009-10-27T05:00:00+01:00,-0.387
2009-10-27T06:00:00+01:00,-0.388
2009-10-27T07:00:00+01:00,-0.384
2009-10-27T08:00:00+01:00,-0.389
2009-10-27T09:00:00+01:00,-0.391
2009-10-27T10:00:00+01:00,-0.387
2009-10-27T11:00:00+01:00,-0.39
2009-10-27T12:00:00+01:00,-0.386
2009-10-27T13:00:00+01:00,-0.382
2009-10-27T14:00:00+01:00,-0.383
2009-10-27T15:00:00+01:00,-0.378
2009-10-27T16:00:00+01:00,-0.379
2009-10-27T17:00:00+01:00,-0.383
2009-10-27T18:00:00+01:00,-0.323
2009-10-27T19:00:00+01:00,-0.384
2009-10-27T20:00:00+01:00,-0.382
2009-10-27T21:00:00+01:00,-0.382
2009-10-27T22:00:00+01:00,-0.381
2009-10-27T23:00:00+01:00,-0.379
2009-10-28T00:00:00+01:00,-0.381
2009-10-28T01:00:00+01:00,-0.377
2009-10-28T02:00:00+01:00,-0.377
2009-10-28T03:00:00+01:00,-0.377
2009-10-28T04:00:00+01:00,-0.379
2009-10-28T05:00:00+01:00,-0.372
2009-10-28T06:00:00+01:00,-0.378
2009-10-28T07:00:00+01:00,-0.375
2009-10-28T08:00:00+01:00,-0.381
2009-10-28T09:00:00+01:00,-0.378
2009-10-28T10:00:00+01:00,-0.377
2009-10-28T11:00:00+01:00,-0.379
2009-10-28T12:00:00+01:00,-0.378
2009-10-28T13:00:00+01:00,-0.372
2009-10-28T14:00:00+01:00,-0.374
2009-10-28T15:00:00+01:00,-0.378
2009-10-28T16:00:00+01:00,-0.378
2009-10-28T17:00:00+01:00,-0.38
2009-10-28T18:00:00+01:00,-0.384
2009-10-28T19:00:00+01:00,-0.38
2009-10-28T20:00:00+01:00,-0.379
2009-10-28T21:00:00+01:00,-0.38
2009-10-28T22:00:00+01:00,-0.382
2009-10-28T23:00:00+01:00,-0.383
2009-10-29T00:00:00+01:00,-0.384
2009-10-29T01:00:00+01:00,-0.387
2009-10-29T02:00:00+01:00,-0.39
2009-10-29T03:00:00+01:00,-0.386
2009-10-29T04:00:00+01:00,-0.385
2009-10-29T05:00:00+01:00,-0.386
2009-10-29T06:00:00+01:00,-0.386
2009-10-29T07:00:00+01:00,-0.388
2009-10-29T08:00:00+01:00,-0.391
2009-10-29T09:00:00+01:00,-0.391
2009-10-29T10:00:00+01:00,-0.392
2009-10-29T11:00:00+01:00,-0.393
2009-10-29T12:00:00+01:00,-0.389
2009-10-29T13:00:00+01:00,-0.387
2009-10-29T14:00:00+01:00,-0.389
2009-10-29T15:00:00+01:00,-0.39
2009-10-29T16:00:00+01:00,-0.391
2009-10-29T17:00:00+01:00,-0.392
2009-10-29T18:00:00+01:00,-0.393
2009-10-29T19:00:00+01:00,-0.395
2009-10-29T20:00:00+01:00,-0.394
2009-10-29T21:00:00+01:00,-0.398
2009-10-29T22:00:00+01:00,-0.395
2009-10-29T23:00:00+01:00,-0.393
2009-10-30T00:00:00+01:00,-0.401
2009-10-30T01:00:00+01:00,-0.399
2009-10-30T02:00:00+01:00,-0.396
2009-10-30T03:00:00+01:00,-0.393
2009-10-30T04:00:00+01:00,-0.396
2009-10-30T05:00:00+01:00,-0.397
2009-10-30T06:00:00+01:00,-0.396
2009-10-30T07:00:00+01:00,-0.396
2009-10-30T08:00:00+01:00,-0.398
2009-10-30T09:00:00+01:00,-0.396
2009-10-30T10:00:00+01:00,-0.401
2009-10-30T11:00:00+01:00,-0.4
2009-10-30T12:00:00+01:00,-0.391
2009-10-30T13:00:00+01:00,-0.392
2009-10-30T14:00:00+01:00,-0.392
2009-10-30T15:00:00+01:00,-0.396
2009-10-30T16:00:00+01:00,-0.393
2009-10-30T17:00:00+01:00,-0.394
2009-10-30T18:00:00+01:00,-0.396
2009-10-30T19:00:00+01:00,-0.395
2009-10-30T20:00:00+01:00,-0.393
2009-10-30T21:00:00+01:00,-0.39
2009-10-30T22:00:00+01:00,-0.391
2009-10-30T23:00:00+01:00,-0.391
2009-10-31T00:00:00+01:00,-0.388
2009-10-31T01:00:00+01:00,-0.389
2009-10-31T02:00:00+01:00,-0.39
2009-10-31T03:00:00+01:00,-0.39
2009-10-31T04:00:00+01:00,-0.39
2009-10-31T05:00:00+01:00,-0.388
2009-10-31T06:00:00+01:00,-0.391
2009-10-31T07:00:00+01:00,-0.391
2009-10-31T08:00:00+01:00,-0.39
2009-10-31T09:00:00+01:00,-0.388
2009-10-31T10:00:00+01:00,-0.394
2009-10-31T11:00:00+01:00,-0.384
2009-10-31T12:00:00+01:00,-0.388
2009-10-31T13:00:00+01:00,-0.379
2009-10-31T14:00:00+01:00,-0.383
2009-10-31T15:00:00+01:00,-0.386
2009-10-31T16:00:00+01:00,-0.383
2009-10-31T17:00:00+01:00,-0.384
2009-10-31T18:00:00+01:00,-0.388
2009-10-31T19:00:00+01:00,-0.385
2009-10-31T20:00:00+01:00,-0.382
2009-10-31T21:00:00+01:00,-0.385
2009-10-31T22:00:00+01:00,-0.387
2009-10-31T23:00:00+01:00,-0.378
2009-11-01T00:00:00+01:00,-0.386
2009-11-01T01:00:00+01:00,-0.394
2009-11-01T02:00:00+01:00,-0.389
2009-11-01T03:00:00+01:00,-0.387
2009-11-01T04:00:00+01:00,-0.38
2009-11-01T05:00:00+01:00,-0.379
2009-11-01T06:00:00+01:00,-0.377
2009-11-01T07:00:00+01:00,-0.37
2009-11-01T08:00:00+01:00,-0.374
2009-11-01T09:00:00+01:00,-0.365
2009-11-01T10:00:00+01:00,-0.361
2009-11-01T11:00:00+01:00,-0.35
2009-11-01T12:00:00+01:00,-0.343
2009-11-01T13:00:00+01:00,-0.337
2009-11-01T14:00:00+01:00,-0.342
2009-11-01T15:00:00+01:00,-0.345
2009-11-01T16:00:00+01:00,-0.251
2009-11-01T17:00:00+01:00,-0.247
2009-11-01T18:00:00+01:00,-0.244
2009-11-01T19:00:00+01:00,-0.24
2009-11-01T20:00:00+01:00,-0.236
2009-11-01T21:00:00+01:00,-0.235
2009-11-01T22:00:00+01:00,-0.237
2009-11-01T23:00:00+01:00,-0.275
2009-11-02T00:00:00+01:00,-0.311
2009-11-02T01:00:00+01:00,-0.313
2009-11-02T02:00:00+01:00,-0.323
2009-11-02T03:00:00+01:00,-0.323
2009-11-02T04:00:00+01:00,-0.322
2009-11-02T05:00:00+01:00,-0.329
2009-11-02T06:00:00+01:00,-0.326
2009-11-02T07:00:00+01:00,-0.32
2009-11-02T08:00:00+01:00,-0.319
2009-11-02T09:00:00+01:00,-0.321
2009-11-02T10:00:00+01:00,-0.322
2009-11-02T11:00:00+01:00,-0.321
2009-11-02T12:00:00+01:00,-0.321
2009-11-02T13:00:00+01:00,-0.316
2009-11-02T14:00:00+01:00,-0.319
2009-11-02T15:00:00+01:00,-0.331
2009-11-02T16:00:00+01:00,-0.327
2009-11-02T17:00:00+01:00,-0.325
2009-11-02T18:00:00+01:00,-0.327
2009-11-02T19:00:00+01:00,-0.324
2009-11-02T20:00:00+01:00,-0.32
2009-11-02T21:00:00+01:00,-0.321
2009-11-02T22:00:00+01:00,-0.319
2009-11-02T23:00:00+01:00,-0.311
2009-11-03T00:00:00+01:00,-0.315
2009-11-03T01:00:00+01:00,-0.318
2009-11-03T02:00:00+01:00,-0.312
2009-11-03T03:00:00+01:00,-0.311
2009-11-03T04:00:00+01:00,-0.308
2009-11-03T05:00:00+01:00,-0.312
2009-11-03T06:00:00+01:00,-0.308
2009-11-03T07:00:00+01:00,-0.309
2009-11-03T08:00:00+01:00,-0.307
2009-11-03T09:00:00+01:00,-0.309
2009-11-03T10:00:00+01:00,-0.308
2009-11-03T11:00:00+01:00,-0.306
2009-11-03T12:00:00+01:00,-0.296
2009-11-03T13:00:00+01:00,-0.292
2009-11-03T14:00:00+01:00,-0.294
2009-11-03T15:00:00+01:00,-0.317
2009-11-03T16:00:00+01:00,-0.213
2009-11-03T17:00:00+01:00,-0.192
2009-11-03T18:00:00+01:00,-0.185
2009-11-03T19:00:00+01:00,-0.165
2009-11-03T20:00:00+01:00,-0.157
2009-11-03T21:00:00+01:00,-0.153
2009-11-03T22:00:00+01:00,-0.163
2009-11-03T23:00:00+01:00,-0.151
2009-11-04T00:00:00+01:00,-0.152
2009-11-04T01:00:00+01:00,-0.153
2009-11-04T02:00:00+01:00,-0.164
2009-11-04T03:00:00+01:00,-0.282
2009-11-04T04:00:00+01:00,-0.308
2009-11-04T05:00:00+01:00,-0.315
2009-11-04T06:00:00+01:00,-0.312
2009-11-04T07:00:00+01:00,-0.317
2009-11-04T08:00:00+01:00,-0.331
2009-11-04T09:00:00+01:00,-0.346
2009-11-04T10:00:00+01:00,-0.353
2009-11-04T11:00:00+01:00,-0.349
2009-11-04T12:00:00+01:00,-0.219
2009-11-04T13:00:00+01:00,-0.194
2009-11-04T14:00:00+01:00,-0.172
2009-11-04T15:00:00+01:00,-0.182
2009-11-04T16:00:00+01:00,-0.172
2009-11-04T17:00:00+01:00,-0.232
2009-11-04T18:00:00+01:00,-0.293
2009-11-04T19:00:00+01:00,-0.011
2009-11-04T20:00:00+01:00,0.0
2009-11-04T21:00:00+01:00,-0.004
2009-11-04T22:00:00+01:00,-0.004
2009-11-04T23:00:00+01:00,0.005
2009-11-05T00:00:00+01:00,0.004
2009-11-05T01:00:00+01:00,-0.039
2009-11-05T02:00:00+01:00,-0.27
2009-11-05T03:00:00+01:00,-0.29
2009-11-05T20:00:00+01:00,-0.236
2009-11-05T21:00:00+01:00,-0.273
2009-11-05T22:00:00+01:00,-0.28
2009-11-06T02:00:00+01:00,-0.162
2009-11-06T03:00:00+01:00,-0.263
2009-11-06T04:00:00+01:00,-0.277
2009-11-06T05:00:00+01:00,-0.279
2009-11-06T06:00:00+01:00,-0.278
2009-11-06T07:00:00+01:00,-0.28
2009-11-06T08:00:00+01:00,-0.29
2009-11-06T09:00:00+01:00,-0.293
2009-11-06T10:00:00+01:00,-0.295
2009-11-06T11:00:00+01:00,-0.293
2009-11-06T12:00:00+01:00,-0.286
2009-11-06T13:00:00+01:00,-0.288
2009-11-06T14:00:00+01:00,-0.282
2009-11-06T15:00:00+01:00,-0.282
2009-11-06T16:00:00+01:00,-0.284
2009-11-06T17:00:00+01:00,-0.295
2009-11-06T18:00:00+01:00,-0.297
2009-11-06T19:00:00+01:00,-0.3
2009-11-06T20:00:00+01:00,-0.3
2009-11-06T21:00:00+01:00,-0.294
2009-11-06T22:00:00+01:00,-0.296
2009-11-06T23:00:00+01:00,-0.287
2009-11-07T00:00:00+01:00,-0.288
2009-11-07T01:00:00+01:00,-0.003
2009-11-07T02:00:00+01:00,-0.118
2009-11-07T03:00:00+01:00,-0.005
2009-11-07T06:00:00+01:00,-0.107
2009-11-07T09:00:00+01:00,0.005
2009-11-07T10:00:00+01:00,-0.259
2009-11-07T11:00:00+01:00,-0.032
2009-11-07T12:00:00+01:00,-0.035
2009-11-07T13:00:00+01:00,-0.03
2009-11-07T14:00:00+01:00,-0.036
2009-11-07T15:00:00+01:00,-0.034
2009-11-07T16:00:00+01:00,-0.029
2009-11-07T17:00:00+01:00,-0.018
2009-11-07T18:00:00+01:00,-0.016
2009-11-07T19:00:00+01:00,-0.008
2009-11-07T20:00:00+01:00,-0.007
2009-11-07T21:00:00+01:00,-0.143
2009-11-07T22:00:00+01:00,-0.241
2009-11-07T23:00:00+01:00,-0.263
2009-11-08T00:00:00+01:00,-0.27
2009-11-08T01:00:00+01:00,-0.273
2009-11-08T02:00:00+01:00,-0.273
2009-11-08T03:00:00+01:00,-0.275
2009-11-08T04:00:00+01:00,-0.275
2009-11-08T05:00:00+01:00,-0.278
2009-11-08T06:00:00+01:00,-0.277
2009-11-08T07:00:00+01:00,-0.279
2009-11-08T08:00:00+01:00,-0.282
2009-11-08T09:00:00+01:00,-0.281
2009-11-08T10:00:00+01:00,-0.284
2009-11-08T11:00:00+01:00,-0.286
2009-11-08T12:00:00+01:00,-0.285
2009-11-08T13:00:00+01:00,-0.285
2009-11-08T14:00:00+01:00,-0.281
2009-11-08T15:00:00+01:00,-0.284
2009-11-08T16:00:00+01:00,-0.288
2009-11-08T17:00:00+01:00,-0.288
2009-11-08T18:00:00+01:00,-0.291
2009-11-08T19:00:00+01:00,-0.296
2009-11-08T20:00:00+01:00,-0.299
2009-11-08T21:00:00+01:00,-0.301
2009-11-08T22:00:00+01:00,-0.302
2009-11-08T23:00:00+01:00,-0.301
2009-11-09T00:00:00+01:00,-0.303
2009-11-09T01:00:00+01:00,-0.3
2009-11-09T02:00:00+01:00,-0.301
2009-11-09T03:00:00+01:00,-0.304
2009-11-09T04:00:00+01:00,-0.304
2009-11-09T05:00:00+01:00,-0.301
2009-11-09T06:00:00+01:00,-0.301
2009-11-09T07:00:00+01:00,-0.309
2009-11-09T08:00:00+01:00,-0.308
2009-11-09T09:00:00+01:00,-0.305
2009-11-09T10:00:00+01:00,-0.308
2009-11-09T11:00:00+01:00,-0.311
2009-11-09T12:00:00+01:00,-0.307
2009-11-09T13:00:00+01:00,-0.304
2009-11-09T14:00:00+01:00,-0.305
2009-11-09T15:00:00+01:00,-0.304
2009-11-09T16:00:00+01:00,-0.306
2009-11-09T17:00:00+01:00,-0.31
2009-11-09T18:00:00+01:00,-0.312
2009-11-09T19:00:00+01:00,-0.312
2009-11-09T20:00:00+01:00,-0.319
2009-11-09T21:00:00+01:00,-0.319
2009-11-09T22:00:00+01:00,-0.323
2009-11-09T23:00:00+01:00,-0.321
2009-11-10T00:00:00+01:00,-0.319
2009-11-10T01:00:00+01:00,-0.316
2009-11-10T02:00:00+01:00,-0.317
2009-11-10T03:00:00+01:00,-0.318
2009-11-10T04:00:00+01:00,-0.314
2009-11-10T05:00:00+01:00,-0.311
2009-11-10T06:00:00+01:00,-0.312
2009-11-10T07:00:00+01:00,-0.31
2009-11-10T08:00:00+01:00,-0.314
2009-11-10T09:00:00+01:00,-0.314
2009-11-10T12:00:00+01:00,-0.051
2009-11-10T13:00:00+01:00,-0.263
2009-11-10T14:00:00+01:00,-0.295
2009-11-10T15:00:00+01:00,-0.3
2009-11-10T18:00:00+01:00,0.017
2009-11-10T19:00:00+01:00,-0.211
2009-11-10T20:00:00+01:00,-0.285
2009-11-10T21:00:00+01:00,-0.293
2009-11-10T22:00:00+01:00,-0.296
2009-11-10T23:00:00+01:00,-0.295
2009-11-11T00:00:00+01:00,-0.297
2009-11-11T01:00:00+01:00,-0.293
2009-11-11T02:00:00+01:00,-0.292
2009-11-11T03:00:00+01:00,-0.295
2009-11-11T04:00:00+01:00,-0.293
2009-11-11T05:00:00+01:00,-0.296
2009-11-11T06:00:00+01:00,-0.293
2009-11-11T07:00:00+01:00,-0.293
2009-11-11T08:00:00+01:00,-0.294
2009-11-11T09:00:00+01:00,-0.293
2009-11-11T10:00:00+01:00,-0.294
2009-11-11T11:00:00+01:00,-0.295
2009-11-11T12:00:00+01:00,-0.293
2009-11-11T13:00:00+01:00,-0.297
2009-11-11T14:00:00+01:00,-0.191
2009-11-11T15:00:00+01:00,-0.178
2009-11-11T16:00:00+01:00,-0.17
2009-11-11T17:00:00+01:00,-0.161
2009-11-11T18:00:00+01:00,-0.169
2009-11-11T19:00:00+01:00,-0.2
2009-11-11T20:00:00+01:00,-0.235
2009-11-11T21:00:00+01:00,-0.249
2009-11-11T22:00:00+01:00,-0.278
2009-11-11T23:00:00+01:00,-0.288
2009-11-12T00:00:00+01:00,-0.296
2009-11-12T01:00:00+01:00,-0.298
2009-11-12T02:00:00+01:00,-0.299
2009-11-12T03:00:00+01:00,-0.299
2009-11-12T04:00:00+01:00,-0.292
2009-11-12T05:00:00+01:00,-0.298
2009-11-12T06:00:00+01:00,-0.294
2009-11-12T07:00:00+01:00,-0.297
2009-11-12T08:00:00+01:00,-0.3
2009-11-12T09:00:00+01:00,-0.049
2009-11-12T10:00:00+01:00,-0.056
2009-11-12T11:00:00+01:00,-0.058
2009-11-12T12:00:00+01:00,-0.057
2009-11-12T13:00:00+01:00,-0.087
2009-11-12T14:00:00+01:00,-0.201
2009-11-12T15:00:00+01:00,-0.268
2009-11-12T16:00:00+01:00,-0.289
2009-11-12T17:00:00+01:00,-0.294
2009-11-12T18:00:00+01:00,-0.3
2009-11-12T19:00:00+01:00,-0.303
2009-11-12T20:00:00+01:00,-0.303
2009-11-12T21:00:00+01:00,-0.299
2009-11-12T22:00:00+01:00,-0.304
2009-11-12T23:00:00+01:00,-0.313
2009-11-13T00:00:00+01:00,-0.319
2009-11-13T01:00:00+01:00,-0.316
2009-11-13T02:00:00+01:00,-0.319
2009-11-13T03:00:00+01:00,-0.322
2009-11-13T04:00:00+01:00,-0.323
2009-11-13T05:00:00+01:00,-0.319
2009-11-13T06:00:00+01:00,-0.318
2009-11-13T07:00:00+01:00,-0.315
2009-11-13T08:00:00+01:00,-0.317
2009-11-13T09:00:00+01:00,-0.314
2009-11-13T10:00:00+01:00,-0.31
2009-11-13T16:00:00+01:00,-0.195
2009-11-13T17:00:00+01:00,-0.277
2009-11-13T18:00:00+01:00,-0.301
2009-11-13T19:00:00+01:00,-0.312
2009-11-13T20:00:00+01:00,-0.313
2009-11-13T21:00:00+01:00,-0.311
2009-11-13T22:00:00+01:00,-0.305
2009-11-13T23:00:00+01:00,-0.304
2009-11-14T00:00:00+01:00,-0.307
2009-11-14T01:00:00+01:00,-0.3
2009-11-14T02:00:00+01:00,-0.299
2009-11-14T03:00:00+01:00,-0.3
2009-11-14T04:00:00+01:00,-0.297
2009-11-14T05:00:00+01:00,-0.301
2009-11-14T06:00:00+01:00,-0.298
2009-11-14T07:00:00+01:00,-0.297
2009-11-14T08:00:00+01:00,-0.303
2009-11-14T09:00:00+01:00,-0.296
2009-11-14T10:00:00+01:00,-0.313
2009-11-14T11:00:00+01:00,-0.299
2009-11-14T12:00:00+01:00,-0.192
2009-11-14T13:00:00+01:00,-0.19
2009-11-14T14:00:00+01:00,-0.187
2009-11-14T15:00:00+01:00,-0.179
2009-11-14T16:00:00+01:00,-0.172
2009-11-14T17:00:00+01:00,-0.187
2009-11-14T18:00:00+01:00,-0.188
2009-11-14T19:00:00+01:00,-0.213
2009-11-14T20:00:00+01:00,-0.236
2009-11-14T21:00:00+01:00,-0.249
2009-11-14T22:00:00+01:00,-0.261
2009-11-14T23:00:00+01:00,-0.277
2009-11-15T00:00:00+01:00,-0.285
2009-11-15T04:00:00+01:00,-0.035
2009-11-15T05:00:00+01:00,-0.193
2009-11-15T06:00:00+01:00,-0.251
2009-11-15T07:00:00+01:00,-0.265
2009-11-15T08:00:00+01:00,-0.274
2009-11-15T09:00:00+01:00,-0.28
2009-11-15T10:00:00+01:00,-0.28
2009-11-15T11:00:00+01:00,-0.286
2009-11-15T12:00:00+01:00,-0.282
2009-11-15T13:00:00+01:00,-0.066
2009-11-15T14:00:00+01:00,-0.07
2009-11-15T15:00:00+01:00,-0.074
2009-11-15T16:00:00+01:00,-0.082
2009-11-15T17:00:00+01:00,-0.081
2009-11-15T18:00:00+01:00,-0.113
2009-11-15T19:00:00+01:00,-0.128
2009-11-15T20:00:00+01:00,-0.177
2009-11-15T21:00:00+01:00,-0.207
2009-11-15T22:00:00+01:00,-0.232
2009-11-15T23:00:00+01:00,-0.249
2009-11-16T00:00:00+01:00,-0.26
2009-11-16T01:00:00+01:00,-0.263
2009-11-16T02:00:00+01:00,-0.266
2009-11-16T03:00:00+01:00,-0.271
2009-11-16T04:00:00+01:00,-0.274
2009-11-16T05:00:00+01:00,-0.274
2009-11-16T06:00:00+01:00,-0.279
2009-11-16T07:00:00+01:00,-0.282
2009-11-16T08:00:00+01:00,-0.278
2009-11-16T09:00:00+01:00,-0.277
2009-11-16T10:00:00+01:00,-0.275
2009-11-16T11:00:00+01:00,-0.27
2009-11-16T12:00:00+01:00,-0.273
2009-11-16T13:00:00+01:00,-0.19
2009-11-16T14:00:00+01:00,-0.181
2009-11-16T15:00:00+01:00,-0.175
2009-11-16T16:00:00+01:00,-0.182
2009-11-16T17:00:00+01:00,-0.164
2009-11-16T18:00:00+01:00,-0.173
2009-11-16T19:00:00+01:00,-0.178
2009-11-16T20:00:00+01:00,-0.177
2009-11-16T21:00:00+01:00,-0.215
2009-11-16T22:00:00+01:00,-0.23
2009-11-16T23:00:00+01:00,-0.25
2009-11-17T00:00:00+01:00,-0.256
2009-11-17T01:00:00+01:00,-0.266
2009-11-17T02:00:00+01:00,-0.275
2009-11-17T03:00:00+01:00,-0.283
2009-11-17T04:00:00+01:00,-0.284
2009-11-17T05:00:00+01:00,-0.289
2009-11-17T06:00:00+01:00,-0.292
2009-11-17T07:00:00+01:00,-0.295
2009-11-17T08:00:00+01:00,-0.297
2009-11-17T09:00:00+01:00,-0.304
2009-11-17T10:00:00+01:00,-0.304
2009-11-17T11:00:00+01:00,-0.304
2009-11-17T12:00:00+01:00,-0.306
2009-11-17T13:00:00+01:00,-0.31
2009-11-17T14:00:00+01:00,-0.319
2009-11-17T15:00:00+01:00,-0.318
2009-11-17T16:00:00+01:00,-0.321
2009-11-17T17:00:00+01:00,-0.32
2009-11-17T18:00:00+01:00,-0.322
2009-11-17T19:00:00+01:00,-0.32
2009-11-17T20:00:00+01:00,-0.321
2009-11-17T21:00:00+01:00,-0.323
2009-11-17T22:00:00+01:00,-0.324
2009-11-17T23:00:00+01:00,-0.325
2009-11-18T00:00:00+01:00,-0.323
2009-11-18T01:00:00+01:00,-0.328
2009-11-18T02:00:00+01:00,-0.326
2009-11-18T03:00:00+01:00,-0.326
2009-11-18T04:00:00+01:00,-0.325
2009-11-18T05:00:00+01:00,-0.325
2009-11-18T06:00:00+01:00,-0.326
2009-11-18T07:00:00+01:00,-0.325
2009-11-18T08:00:00+01:00,-0.322
2009-11-18T09:00:00+01:00,-0.324
2009-11-18T10:00:00+01:00,-0.32
2009-11-18T11:00:00+01:00,-0.319
2009-11-18T12:00:00+01:00,-0.32
2009-11-18T13:00:00+01:00,-0.318
2009-11-18T14:00:00+01:00,-0.317
2009-11-18T15:00:00+01:00,-0.316
2009-11-18T20:00:00+01:00,-0.094
2009-11-18T21:00:00+01:00,-0.216
2009-11-18T22:00:00+01:00,-0.28
2009-11-18T23:00:00+01:00,-0.302
2009-11-19T00:00:00+01:00,-0.312
2009-11-19T01:00:00+01:00,-0.316
2009-11-19T02:00:00+01:00,-0.319
2009-11-19T03:00:00+01:00,-0.32
2009-11-19T04:00:00+01:00,-0.323
2009-11-19T05:00:00+01:00,-0.326
2009-11-19T06:00:00+01:00,-0.327
2009-11-19T07:00:00+01:00,-0.328
2009-11-19T08:00:00+01:00,-0.328
2009-11-19T09:00:00+01:00,-0.329
2009-11-19T10:00:00+01:00,-0.33
2009-11-19T11:00:00+01:00,-0.331
2009-11-19T12:00:00+01:00,-0.333
2009-11-19T13:00:00+01:00,-0.331
2009-11-19T14:00:00+01:00,-0.338
2009-11-19T15:00:00+01:00,-0.342
2009-11-19T16:00:00+01:00,-0.345
2009-11-19T17:00:00+01:00,-0.346
2009-11-19T18:00:00+01:00,-0.349
2009-11-19T19:00:00+01:00,-0.35
2009-11-19T20:00:00+01:00,-0.351
2009-11-19T21:00:00+01:00,-0.35
2009-11-19T22:00:00+01:00,-0.348
2009-11-19T23:00:00+01:00,-0.348
2009-11-20T00:00:00+01:00,-0.347
2009-11-20T01:00:00+01:00,-0.346
2009-11-20T02:00:00+01:00,-0.344
2009-11-20T03:00:00+01:00,-0.345
2009-11-20T04:00:00+01:00,-0.347
2009-11-20T05:00:00+01:00,-0.344
2009-11-20T06:00:00+01:00,-0.343
2009-11-20T07:00:00+01:00,-0.342
2009-11-20T08:00:00+01:00,-0.343
2009-11-20T09:00:00+01:00,-0.341
2009-11-20T10:00:00+01:00,-0.341
2009-11-20T11:00:00+01:00,-0.339
2009-11-20T12:00:00+01:00,-0.34
2009-11-20T13:00:00+01:00,-0.341
2009-11-20T14:00:00+01:00,-0.339
2009-11-20T15:00:00+01:00,-0.242
2009-11-20T16:00:00+01:00,-0.201
2009-11-20T17:00:00+01:00,-0.184
2009-11-20T18:00:00+01:00,-0.174
2009-11-20T19:00:00+01:00,-0.172
2009-11-20T20:00:00+01:00,-0.162
2009-11-20T21:00:00+01:00,-0.162
2009-11-20T22:00:00+01:00,-0.192
2009-11-20T23:00:00+01:00,-0.198
2009-11-21T00:00:00+01:00,-0.21
2009-11-21T01:00:00+01:00,-0.194
2009-11-21T02:00:00+01:00,-0.233
2009-11-21T03:00:00+01:00,-0.258
2009-11-21T04:00:00+01:00,-0.276
2009-11-21T05:00:00+01:00,-0.288
2009-11-21T06:00:00+01:00,-0.293
2009-11-21T07:00:00+01:00,-0.304
2009-11-21T08:00:00+01:00,-0.306
2009-11-21T09:00:00+01:00,-0.311
2009-11-21T10:00:00+01:00,-0.313
2009-11-21T11:00:00+01:00,-0.318
2009-11-21T12:00:00+01:00,-0.322
2009-11-21T13:00:00+01:00,-0.322
2009-11-21T14:00:00+01:00,-0.323
2009-11-21T15:00:00+01:00,-0.32
2009-11-21T16:00:00+01:00,-0.323
2009-11-21T17:00:00+01:00,-0.324
2009-11-21T18:00:00+01:00,-0.324
2009-11-21T19:00:00+01:00,-0.322
2009-11-21T20:00:00+01:00,-0.324
2009-11-21T21:00:00+01:00,-0.324
2009-11-21T22:00:00+01:00,-0.322
2009-11-21T23:00:00+01:00,-0.32
2009-11-22T01:00:00+01:00,-0.071
2009-11-22T02:00:00+01:00,-0.206
2009-11-22T03:00:00+01:00,-0.262
2009-11-22T04:00:00+01:00,-0.292
2009-11-22T05:00:00+01:00,-0.024
2009-11-22T06:00:00+01:00,-0.024
2009-11-22T07:00:00+01:00,-0.028
2009-11-22T08:00:00+01:00,-0.027
2009-11-22T09:00:00+01:00,-0.038
2009-11-22T10:00:00+01:00,-0.019
2009-11-22T11:00:00+01:00,-0.009
2009-11-22T12:00:00+01:00,-0.015
2009-11-22T13:00:00+01:00,-0.017
2009-11-22T14:00:00+01:00,-0.047
2009-11-22T15:00:00+01:00,-0.081
2009-11-22T16:00:00+01:00,-0.156
2009-11-22T17:00:00+01:00,-0.192
2009-11-22T18:00:00+01:00,-0.012
2009-11-22T19:00:00+01:00,-0.014
2009-11-22T20:00:00+01:00,-0.011
2009-11-22T21:00:00+01:00,-0.009
2009-11-22T22:00:00+01:00,-0.042
2009-11-22T23:00:00+01:00,-0.062
2009-11-23T00:00:00+01:00,-0.09
2009-11-23T01:00:00+01:00,-0.135
2009-11-23T02:00:00+01:00,-0.16
2009-11-23T03:00:00+01:00,-0.18
2009-11-23T04:00:00+01:00,-0.197
2009-11-23T20:00:00+01:00,0.034
2009-11-23T22:00:00+01:00,0.034
2009-11-24T01:00:00+01:00,0.032
2009-11-24T02:00:00+01:00,-0.079
2009-11-24T03:00:00+01:00,-0.147
2009-11-24T04:00:00+01:00,-0.175
2009-11-24T05:00:00+01:00,-0.194
2009-11-24T06:00:00+01:00,-0.205
2009-11-24T07:00:00+01:00,-0.215
2009-11-24T08:00:00+01:00,-0.22
2009-11-24T09:00:00+01:00,-0.222
2009-11-24T10:00:00+01:00,-0.228
2009-11-24T11:00:00+01:00,-0.231
2009-11-24T12:00:00+01:00,-0.198
2009-11-24T13:00:00+01:00,-0.206
2009-11-24T14:00:00+01:00,-0.212
2009-11-24T15:00:00+01:00,-0.216
2009-11-24T16:00:00+01:00,-0.185
2009-11-24T17:00:00+01:00,-0.192
2009-11-24T18:00:00+01:00,-0.217
2009-11-24T19:00:00+01:00,-0.222
2009-11-24T20:00:00+01:00,-0.224
2009-11-24T21:00:00+01:00,-0.23
2009-11-24T22:00:00+01:00,-0.235
2009-11-24T23:00:00+01:00,-0.24
2009-11-25T00:00:00+01:00,-0.245
2009-11-25T01:00:00+01:00,-0.245
2009-11-25T02:00:00+01:00,-0.247
2009-11-25T03:00:00+01:00,-0.247
2009-11-25T04:00:00+01:00,-0.249
2009-11-25T05:00:00+01:00,-0.252
2009-11-25T06:00:00+01:00,-0.253
2009-11-25T07:00:00+01:00,-0.253
2009-11-25T08:00:00+01:00,-0.256
2009-11-25T09:00:00+01:00,-0.259
2009-11-25T10:00:00+01:00,-0.259
2009-11-25T11:00:00+01:00,-0.264
2009-11-25T12:00:00+01:00,-0.265
2009-11-25T13:00:00+01:00,-0.075
2009-11-25T14:00:00+01:00,-0.006
2009-11-25T15:00:00+01:00,0.001
2009-11-25T16:00:00+01:00,0.004
2009-11-25T17:00:00+01:00,-0.02
2009-11-25T18:00:00+01:00,-0.031
2009-11-25T19:00:00+01:00,-0.024
2009-11-25T20:00:00+01:00,-0.077
2009-11-25T21:00:00+01:00,-0.118
2009-11-25T22:00:00+01:00,-0.142
2009-11-26T04:00:00+01:00,0.027
2009-11-26T05:00:00+01:00,0.009
2009-11-26T22:00:00+01:00,-0.012
2009-11-26T23:00:00+01:00,0.042
2009-11-27T00:00:00+01:00,0.045
2009-11-28T04:00:00+01:00,-0.024
2009-11-28T05:00:00+01:00,-0.086
2009-11-28T06:00:00+01:00,-0.128
2009-11-28T07:00:00+01:00,-0.157
2009-11-28T08:00:00+01:00,-0.184
2009-11-28T09:00:00+01:00,-0.203
2009-11-28T10:00:00+01:00,-0.001
2009-11-28T11:00:00+01:00,-0.001
2009-11-28T12:00:00+01:00,0.003
2009-11-28T13:00:00+01:00,0.002
2009-11-28T14:00:00+01:00,0.004
2009-11-28T15:00:00+01:00,0.005
2009-11-28T16:00:00+01:00,0.005
2009-11-28T17:00:00+01:00,-0.017
2009-11-28T18:00:00+01:00,-0.033
2009-11-28T19:00:00+01:00,-0.045
2009-11-28T20:00:00+01:00,-0.067
2009-11-28T21:00:00+01:00,-0.109
2009-11-28T22:00:00+01:00,-0.147
2009-11-28T23:00:00+01:00,-0.023
2009-11-29T00:00:00+01:00,-0.015
2009-11-29T01:00:00+01:00,-0.013
2009-11-29T02:00:00+01:00,-0.016
2009-11-29T03:00:00+01:00,-0.02
2009-11-29T04:00:00+01:00,-0.015
2009-11-29T05:00:00+01:00,-0.017
2009-11-29T06:00:00+01:00,-0.018
2009-11-29T07:00:00+01:00,-0.018
2009-11-29T08:00:00+01:00,-0.018
2009-11-29T09:00:00+01:00,-0.021
2009-11-29T10:00:00+01:00,-0.046
2009-11-29T11:00:00+01:00,-0.015
2009-11-29T12:00:00+01:00,-0.012
2009-11-29T13:00:00+01:00,-0.007
2009-11-29T14:00:00+01:00,-0.011
2009-11-29T15:00:00+01:00,-0.011
2009-11-29T16:00:00+01:00,-0.009
2009-11-29T17:00:00+01:00,-0.009
2009-11-29T18:00:00+01:00,-0.014
2009-11-29T19:00:00+01:00,-0.036
2009-11-29T20:00:00+01:00,-0.043
2009-11-29T21:00:00+01:00,-0.055
2009-11-29T22:00:00+01:00,-0.065
2009-11-29T23:00:00+01:00,-0.073
2009-11-30T00:00:00+01:00,-0.096
2009-11-30T01:00:00+01:00,-0.118
2009-11-30T02:00:00+01:00,-0.135
2009-11-30T03:00:00+01:00,-0.151
2009-11-30T04:00:00+01:00,-0.167
2009-11-30T05:00:00+01:00,-0.177
2009-11-30T06:00:00+01:00,-0.187
2009-11-30T07:00:00+01:00,-0.196
2009-11-30T08:00:00+01:00,-0.203
2009-11-30T09:00:00+01:00,-0.211
2009-11-30T10:00:00+01:00,-0.219
2009-11-30T11:00:00+01:00,-0.223
2009-11-30T12:00:00+01:00,-0.23
2009-11-30T13:00:00+01:00,-0.234
2009-11-30T14:00:00+01:00,-0.234
2009-11-30T15:00:00+01:00,-0.239
2009-11-30T16:00:00+01:00,-0.24
2009-11-30T17:00:00+01:00,-0.241
2009-11-30T18:00:00+01:00,-0.243
2009-11-30T19:00:00+01:00,-0.243
2009-11-30T20:00:00+01:00,-0.243
2009-11-30T21:00:00+01:00,-0.243
2009-11-30T22:00:00+01:00,-0.243
2009-11-30T23:00:00+01:00,-0.242
2009-12-01T00:00:00+01:00,-0.243
2009-12-01T01:00:00+01:00,-0.244
2009-12-01T02:00:00+01:00,-0.245
2009-12-01T03:00:00+01:00,-0.246
2009-12-01T04:00:00+01:00,-0.246
2009-12-01T05:00:00+01:00,-0.248
2009-12-01T06:00:00+01:00,-0.249
2009-12-01T07:00:00+01:00,-0.251
2009-12-01T08:00:00+01:00,-0.252
2009-12-01T09:00:00+01:00,-0.256
2009-12-01T10:00:00+01:00,-0.254
2009-12-01T11:00:00+01:00,-0.257
2009-12-01T12:00:00+01:00,-0.257
2009-12-01T13:00:00+01:00,-0.262
2009-12-01T14:00:00+01:00,-0.263
2009-12-01T15:00:00+01:00,-0.263
2009-12-01T16:00:00+01:00,-0.264
2009-12-01T17:00:00+01:00,-0.265
2009-12-01T18:00:00+01:00,-0.265
2009-12-01T19:00:00+01:00,-0.266
2009-12-01T20:00:00+01:00,-0.266
2009-12-01T21:00:00+01:00,-0.267
2009-12-01T22:00:00+01:00,-0.266
2009-12-01T23:00:00+01:00,-0.269
2009-12-02T00:00:00+01:00,-0.273
2009-12-02T01:00:00+01:00,-0.278
2009-12-02T02:00:00+01:00,-0.282
2009-12-02T03:00:00+01:00,-0.283
2009-12-02T04:00:00+01:00,-0.282
2009-12-02T05:00:00+01:00,-0.281
2009-12-02T06:00:00+01:00,-0.287
2009-12-02T07:00:00+01:00,-0.292
2009-12-02T08:00:00+01:00,-0.28
2009-12-02T09:00:00+01:00,-0.28
2009-12-02T10:00:00+01:00,-0.28
2009-12-02T11:00:00+01:00,-0.283
2009-12-02T12:00:00+01:00,-0.286
2009-12-02T13:00:00+01:00,-0.285
2009-12-02T14:00:00+01:00,-0.155
2009-12-02T15:00:00+01:00,-0.16
2009-12-02T16:00:00+01:00,-0.159
2009-12-02T17:00:00+01:00,-0.187
2009-12-02T18:00:00+01:00,-0.186
2009-12-02T19:00:00+01:00,-0.192
2009-12-02T20:00:00+01:00,-0.195
2009-12-02T21:00:00+01:00,-0.198
2009-12-02T22:00:00+01:00,-0.202
2009-12-02T23:00:00+01:00,-0.206
2009-12-03T00:00:00+01:00,-0.21
2009-12-03T01:00:00+01:00,-0.151
2009-12-03T02:00:00+01:00,-0.151
2009-12-03T03:00:00+01:00,-0.153
2009-12-03T04:00:00+01:00,-0.153
2009-12-03T05:00:00+01:00,-0.156
2009-12-03T06:00:00+01:00,-0.156
2009-12-03T07:00:00+01:00,-0.155
2009-12-03T08:00:00+01:00,-0.153
2009-12-03T09:00:00+01:00,-0.149
2009-12-03T10:00:00+01:00,-0.148
2009-12-03T11:00:00+01:00,-0.149
2009-12-03T12:00:00+01:00,-0.149
2009-12-03T13:00:00+01:00,-0.149
2009-12-03T14:00:00+01:00,-0.147
2009-12-03T15:00:00+01:00,-0.137
2009-12-03T16:00:00+01:00,-0.129
2009-12-03T17:00:00+01:00,-0.12
2009-12-03T18:00:00+01:00,-0.117
2009-12-03T19:00:00+01:00,-0.119
2009-12-03T20:00:00+01:00,-0.116
2009-12-03T21:00:00+01:00,-0.115
2009-12-03T22:00:00+01:00,-0.115
2009-12-03T23:00:00+01:00,-0.113
2009-12-04T00:00:00+01:00,-0.115
2009-12-04T01:00:00+01:00,-0.116
2009-12-04T02:00:00+01:00,-0.112
2009-12-04T03:00:00+01:00,-0.114
2009-12-04T04:00:00+01:00,-0.118
2009-12-04T05:00:00+01:00,-0.142
2009-12-04T06:00:00+01:00,-0.106
2009-12-04T07:00:00+01:00,-0.108
2009-12-04T08:00:00+01:00,-0.107
2009-12-04T09:00:00+01:00,-0.106
2009-12-04T10:00:00+01:00,-0.104
2009-12-04T11:00:00+01:00,-0.1
2009-12-04T12:00:00+01:00,-0.104
2009-12-04T13:00:00+01:00,-0.1
2009-12-04T14:00:00+01:00,-0.124
2009-12-04T15:00:00+01:00,-0.132
2009-12-04T16:00:00+01:00,-0.134
2009-12-04T17:00:00+01:00,-0.144
2009-12-04T18:00:00+01:00,-0.151
2009-12-04T19:00:00+01:00,-0.156
2009-12-04T20:00:00+01:00,-0.164
2009-12-04T21:00:00+01:00,-0.089
2009-12-04T22:00:00+01:00,-0.095
2009-12-04T23:00:00+01:00,-0.094
2009-12-05T00:00:00+01:00,-0.095
2009-12-05T01:00:00+01:00,-0.092
2009-12-05T02:00:00+01:00,-0.097
2009-12-05T03:00:00+01:00,-0.119
2009-12-05T04:00:00+01:00,-0.127
2009-12-05T05:00:00+01:00,-0.134
2009-12-05T06:00:00+01:00,-0.139
2009-12-05T07:00:00+01:00,-0.145
2009-12-05T08:00:00+01:00,-0.082
2009-12-05T09:00:00+01:00,-0.078
2009-12-05T10:00:00+01:00,-0.083
2009-12-05T11:00:00+01:00,-0.086
2009-12-05T12:00:00+01:00,-0.079
2009-12-05T13:00:00+01:00,-0.076
2009-12-05T14:00:00+01:00,-0.076
2009-12-05T15:00:00+01:00,-0.075
2009-12-05T16:00:00+01:00,-0.069
2009-12-05T17:00:00+01:00,-0.066
2009-12-05T18:00:00+01:00,-0.056
2009-12-05T19:00:00+01:00,-0.058
2009-12-05T20:00:00+01:00,-0.055
2009-12-05T21:00:00+01:00,-0.06
2009-12-05T22:00:00+01:00,-0.055
2009-12-05T23:00:00+01:00,-0.053
2009-12-06T00:00:00+01:00,-0.05
2009-12-06T01:00:00+01:00,-0.05
2009-12-06T02:00:00+01:00,-0.053
2009-12-06T03:00:00+01:00,-0.054
2009-12-06T04:00:00+01:00,-0.051
2009-12-06T05:00:00+01:00,-0.051
2009-12-06T06:00:00+01:00,-0.05
2009-12-06T07:00:00+01:00,-0.047
2009-12-06T08:00:00+01:00,-0.045
2009-12-06T09:00:00+01:00,-0.045
2009-12-06T10:00:00+01:00,-0.047
2009-12-06T11:00:00+01:00,-0.043
2009-12-06T12:00:00+01:00,-0.041
2009-12-06T13:00:00+01:00,-0.041
2009-12-06T14:00:00+01:00,-0.034
2009-12-06T15:00:00+01:00,-0.039
2009-12-06T16:00:00+01:00,-0.037
2009-12-06T17:00:00+01:00,-0.038
2009-12-06T18:00:00+01:00,-0.04
2009-12-06T19:00:00+01:00,-0.041
2009-12-06T20:00:00+01:00,-0.065
2009-12-06T21:00:00+01:00,-0.078
2009-12-06T22:00:00+01:00,-0.092
2009-12-06T23:00:00+01:00,-0.131
2009-12-07T00:00:00+01:00,-0.161
2009-12-07T01:00:00+01:00,-0.18
2009-12-07T02:00:00+01:00,-0.195
2009-12-07T03:00:00+01:00,-0.206
2009-12-07T04:00:00+01:00,-0.213
2009-12-07T05:00:00+01:00,-0.217
2009-12-07T06:00:00+01:00,-0.221
2009-12-07T07:00:00+01:00,-0.224
2009-12-07T08:00:00+01:00,-0.228
2009-12-07T09:00:00+01:00,-0.232
2009-12-07T10:00:00+01:00,-0.232
2009-12-07T11:00:00+01:00,-0.235
2009-12-07T12:00:00+01:00,-0.236
2009-12-07T13:00:00+01:00,-0.239
2009-12-07T14:00:00+01:00,-0.243
2009-12-07T15:00:00+01:00,-0.245
2009-12-07T16:00:00+01:00,-0.249
2009-12-07T17:00:00+01:00,-0.254
2009-12-07T18:00:00+01:00,-0.255
2009-12-07T19:00:00+01:00,-0.256
2009-12-07T20:00:00+01:00,-0.257
2009-12-07T21:00:00+01:00,-0.256
2009-12-07T22:00:00+01:00,-0.259
2009-12-07T23:00:00+01:00,-0.258
2009-12-08T00:00:00+01:00,-0.259
2009-12-08T01:00:00+01:00,-0.258
2009-12-08T02:00:00+01:00,-0.256
2009-12-08T03:00:00+01:00,-0.092
2009-12-08T04:00:00+01:00,-0.092
2009-12-08T05:00:00+01:00,-0.093
2009-12-08T06:00:00+01:00,-0.091
2009-12-08T07:00:00+01:00,-0.09
2009-12-08T08:00:00+01:00,-0.093
2009-12-08T09:00:00+01:00,-0.092
2009-12-08T10:00:00+01:00,-0.095
2009-12-08T11:00:00+01:00,-0.099
2009-12-08T12:00:00+01:00,-0.122
2009-12-08T13:00:00+01:00,-0.126
2009-12-08T14:00:00+01:00,-0.134
2009-12-08T15:00:00+01:00,-0.135
2009-12-08T16:00:00+01:00,-0.143
2009-12-08T17:00:00+01:00,-0.151
2009-12-08T18:00:00+01:00,-0.158
2009-12-08T19:00:00+01:00,-0.177
2009-12-08T20:00:00+01:00,-0.193
2009-12-08T21:00:00+01:00,-0.206
2009-12-08T22:00:00+01:00,-0.216
2009-12-08T23:00:00+01:00,-0.224
2009-12-09T00:00:00+01:00,-0.229
2009-12-09T01:00:00+01:00,-0.235
2009-12-09T02:00:00+01:00,-0.237
2009-12-09T03:00:00+01:00,-0.242
2009-12-09T04:00:00+01:00,-0.246
2009-12-09T05:00:00+01:00,-0.247
2009-12-09T06:00:00+01:00,-0.252
2009-12-09T07:00:00+01:00,-0.255
2009-12-09T08:00:00+01:00,-0.26
2009-12-09T09:00:00+01:00,-0.174
2009-12-09T10:00:00+01:00,-0.172
2009-12-09T11:00:00+01:00,-0.168
2009-12-09T12:00:00+01:00,-0.167
2009-12-09T13:00:00+01:00,-0.103
2009-12-09T14:00:00+01:00,-0.101
2009-12-09T15:00:00+01:00,-0.102
2009-12-09T16:00:00+01:00,-0.102
2009-12-09T17:00:00+01:00,-0.098
2009-12-09T18:00:00+01:00,-0.102
2009-12-09T19:00:00+01:00,-0.101
2009-12-09T20:00:00+01:00,-0.095
2009-12-09T21:00:00+01:00,-0.088
2009-12-09T22:00:00+01:00,-0.09
2009-12-09T23:00:00+01:00,-0.091
2009-12-10T00:00:00+01:00,-0.119
2009-12-10T01:00:00+01:00,-0.125
2009-12-10T02:00:00+01:00,-0.139
2009-12-10T03:00:00+01:00,-0.148
2009-12-10T04:00:00+01:00,-0.091
2009-12-10T05:00:00+01:00,-0.083
2009-12-10T06:00:00+01:00,-0.089
2009-12-10T07:00:00+01:00,-0.09
2009-12-10T08:00:00+01:00,-0.086
2009-12-10T09:00:00+01:00,-0.086
2009-12-10T10:00:00+01:00,-0.086
2009-12-10T11:00:00+01:00,-0.087
2009-12-10T12:00:00+01:00,-0.086
2009-12-10T13:00:00+01:00,-0.088
2009-12-10T14:00:00+01:00,-0.112
2009-12-10T15:00:00+01:00,-0.121
2009-12-10T16:00:00+01:00,-0.129
2009-12-10T17:00:00+01:00,-0.127
2009-12-10T18:00:00+01:00,-0.158
2009-12-10T19:00:00+01:00,-0.184
2009-12-10T20:00:00+01:00,-0.204
2009-12-10T21:00:00+01:00,-0.219
2009-12-10T22:00:00+01:00,-0.228
2009-12-11T02:00:00+01:00,-0.082
2009-12-11T03:00:00+01:00,-0.157
2009-12-11T04:00:00+01:00,-0.197
2009-12-11T05:00:00+01:00,-0.217
2009-12-11T06:00:00+01:00,-0.228
2009-12-11T07:00:00+01:00,-0.235
2009-12-11T08:00:00+01:00,-0.245
2009-12-11T09:00:00+01:00,-0.249
2009-12-11T10:00:00+01:00,-0.254
2009-12-11T11:00:00+01:00,-0.258
2009-12-11T12:00:00+01:00,-0.259
2009-12-11T13:00:00+01:00,-0.26
2009-12-11T14:00:00+01:00,-0.263
2009-12-11T15:00:00+01:00,-0.264
2009-12-11T16:00:00+01:00,-0.268
2009-12-11T17:00:00+01:00,-0.267
2009-12-11T18:00:00+01:00,-0.269
2009-12-11T19:00:00+01:00,-0.271
2009-12-11T20:00:00+01:00,-0.275
2009-12-11T21:00:00+01:00,-0.278
2009-12-11T22:00:00+01:00,-0.282
2009-12-11T23:00:00+01:00,-0.283
2009-12-12T00:00:00+01:00,-0.285
2009-12-12T01:00:00+01:00,-0.282
2009-12-12T02:00:00+01:00,-0.286
2009-12-12T03:00:00+01:00,-0.283
2009-12-12T04:00:00+01:00,-0.284
2009-12-12T05:00:00+01:00,-0.283
2009-12-12T06:00:00+01:00,-0.281
2009-12-12T07:00:00+01:00,-0.281
2009-12-12T08:00:00+01:00,-0.281
2009-12-12T09:00:00+01:00,-0.284
2009-12-12T10:00:00+01:00,-0.284
2009-12-12T11:00:00+01:00,-0.286
2009-12-12T12:00:00+01:00,-0.286
2009-12-12T13:00:00+01:00,-0.286
2009-12-12T14:00:00+01:00,-0.287
2009-12-12T15:00:00+01:00,-0.286
2009-12-12T16:00:00+01:00,-0.285
2009-12-12T17:00:00+01:00,-0.287
2009-12-12T18:00:00+01:00,-0.284
2009-12-12T19:00:00+01:00,-0.285
2009-12-12T20:00:00+01:00,-0.286
2009-12-12T21:00:00+01:00,-0.291
2009-12-12T22:00:00+01:00,-0.293
2009-12-12T23:00:00+01:00,-0.297
2009-12-13T00:00:00+01:00,-0.299
2009-12-13T01:00:00+01:00,-0.302
2009-12-13T02:00:00+01:00,-0.303
2009-12-13T03:00:00+01:00,-0.306
2009-12-13T04:00:00+01:00,-0.304
2009-12-13T05:00:00+01:00,-0.304
2009-12-13T06:00:00+01:00,-0.305
2009-12-13T07:00:00+01:00,-0.304
2009-12-13T08:00:00+01:00,-0.301
2009-12-13T09:00:00+01:00,-0.301
2009-12-13T10:00:00+01:00,-0.303
2009-12-13T11:00:00+01:00,-0.303
2009-12-13T12:00:00+01:00,-0.304
2009-12-13T13:00:00+01:00,-0.305
2009-12-13T14:00:00+01:00,-0.303
2009-12-13T15:00:00+01:00,-0.304
2009-12-13T16:00:00+01:00,-0.305
2009-12-13T17:00:00+01:00,-0.305
2009-12-13T18:00:00+01:00,-0.304
2009-12-13T19:00:00+01:00,-0.3
2009-12-13T20:00:00+01:00,-0.303
2009-12-13T21:00:00+01:00,-0.304
2009-12-13T22:00:00+01:00,-0.305
2009-12-13T23:00:00+01:00,-0.312
2009-12-14T00:00:00+01:00,-0.311
2009-12-14T01:00:00+01:00,-0.312
2009-12-14T02:00:00+01:00,-0.311
2009-12-14T03:00:00+01:00,-0.313
2009-12-14T04:00:00+01:00,-0.312
2009-12-14T05:00:00+01:00,-0.312
2009-12-14T06:00:00+01:00,-0.312
2009-12-14T07:00:00+01:00,-0.312
2009-12-14T08:00:00+01:00,-0.31
2009-12-14T09:00:00+01:00,-0.31
2009-12-14T10:00:00+01:00,-0.309
2009-12-14T11:00:00+01:00,-0.31
2009-12-14T12:00:00+01:00,-0.309
2009-12-14T13:00:00+01:00,-0.312
2009-12-14T14:00:00+01:00,-0.311
2009-12-14T15:00:00+01:00,-0.311
2009-12-14T16:00:00+01:00,-0.309
2009-12-14T17:00:00+01:00,-0.308
2009-12-14T18:00:00+01:00,-0.31
2009-12-14T19:00:00+01:00,-0.309
2009-12-14T20:00:00+01:00,-0.307
2009-12-14T21:00:00+01:00,-0.305
2009-12-14T22:00:00+01:00,-0.305
2009-12-14T23:00:00+01:00,-0.306
2009-12-15T00:00:00+01:00,-0.308
2009-12-15T01:00:00+01:00,-0.311
2009-12-15T02:00:00+01:00,-0.31
2009-12-15T03:00:00+01:00,-0.313
2009-12-15T04:00:00+01:00,-0.313
2009-12-15T05:00:00+01:00,-0.312
2009-12-15T06:00:00+01:00,-0.311
2009-12-15T07:00:00+01:00,-0.312
2009-12-15T08:00:00+01:00,-0.311
2009-12-15T09:00:00+01:00,-0.311
2009-12-15T10:00:00+01:00,-0.311
2009-12-15T11:00:00+01:00,-0.31
2009-12-15T12:00:00+01:00,-0.312
2009-12-15T13:00:00+01:00,-0.312
2009-12-15T14:00:00+01:00,-0.315
2009-12-15T15:00:00+01:00,-0.315
2009-12-15T16:00:00+01:00,-0.314
2009-12-15T17:00:00+01:00,-0.312
2009-12-15T18:00:00+01:00,-0.312
2009-12-15T19:00:00+01:00,-0.314
2009-12-15T20:00:00+01:00,-0.314
2009-12-15T21:00:00+01:00,-0.314
2009-12-15T22:00:00+01:00,-0.313
2009-12-15T23:00:00+01:00,-0.311
2009-12-16T00:00:00+01:00,-0.31
2009-12-16T01:00:00+01:00,-0.315
2009-12-16T02:00:00+01:00,-0.312
2009-12-16T03:00:00+01:00,-0.315
2009-12-16T04:00:00+01:00,-0.315
2009-12-16T05:00:00+01:00,-0.314
2009-12-16T06:00:00+01:00,-0.313
2009-12-16T07:00:00+01:00,-0.312
2009-12-16T08:00:00+01:00,-0.312
2009-12-16T09:00:00+01:00,-0.311
2009-12-16T10:00:00+01:00,-0.31
2009-12-16T11:00:00+01:00,-0.311
2009-12-16T12:00:00+01:00,-0.306
2009-12-16T13:00:00+01:00,-0.308
2009-12-16T14:00:00+01:00,-0.307
2009-12-16T15:00:00+01:00,-0.305
2009-12-16T16:00:00+01:00,-0.308
2009-12-16T17:00:00+01:00,-0.306
2009-12-16T18:00:00+01:00,-0.307
2009-12-16T19:00:00+01:00,-0.305
2009-12-16T20:00:00+01:00,-0.305
2009-12-16T21:00:00+01:00,-0.304
2009-12-16T22:00:00+01:00,-0.305
2009-12-16T23:00:00+01:00,-0.306
2009-12-17T00:00:00+01:00,-0.307
2009-12-17T01:00:00+01:00,-0.305
2009-12-17T02:00:00+01:00,-0.306
2009-12-17T03:00:00+01:00,-0.307
2009-12-17T04:00:00+01:00,-0.306
2009-12-17T05:00:00+01:00,-0.299
2009-12-17T06:00:00+01:00,-0.301
2009-12-17T07:00:00+01:00,-0.299
2009-12-17T08:00:00+01:00,-0.031
2009-12-17T09:00:00+01:00,-0.023
2009-12-17T10:00:00+01:00,-0.017
2009-12-17T11:00:00+01:00,-0.013
2009-12-17T12:00:00+01:00,-0.015
2009-12-17T13:00:00+01:00,-0.014
2009-12-17T14:00:00+01:00,-0.018
2009-12-17T15:00:00+01:00,-0.064
2009-12-17T16:00:00+01:00,-0.145
2009-12-17T17:00:00+01:00,-0.188
2009-12-17T18:00:00+01:00,-0.214
2009-12-17T23:00:00+01:00,-0.084
2009-12-18T00:00:00+01:00,-0.123
2009-12-18T01:00:00+01:00,-0.225
2009-12-18T02:00:00+01:00,-0.265
2009-12-18T03:00:00+01:00,-0.281
2009-12-18T04:00:00+01:00,-0.292
2009-12-18T05:00:00+01:00,-0.296
2009-12-18T06:00:00+01:00,-0.3
2009-12-18T07:00:00+01:00,-0.304
2009-12-18T08:00:00+01:00,-0.305
2009-12-18T09:00:00+01:00,-0.305
2009-12-18T10:00:00+01:00,-0.308
2009-12-18T11:00:00+01:00,-0.308
2009-12-18T12:00:00+01:00,-0.308
2009-12-18T13:00:00+01:00,-0.31
2009-12-18T14:00:00+01:00,-0.312
2009-12-18T15:00:00+01:00,-0.316
2009-12-18T16:00:00+01:00,-0.318
2009-12-18T17:00:00+01:00,-0.321
2009-12-18T18:00:00+01:00,-0.321
2009-12-18T19:00:00+01:00,-0.321
2009-12-18T20:00:00+01:00,-0.323
2009-12-18T21:00:00+01:00,-0.322
2009-12-18T22:00:00+01:00,-0.322
2009-12-18T23:00:00+01:00,-0.321
2009-12-19T00:00:00+01:00,-0.323
2009-12-19T01:00:00+01:00,-0.319
2009-12-19T02:00:00+01:00,-0.321
2009-12-19T03:00:00+01:00,-0.32
2009-12-19T04:00:00+01:00,-0.319
2009-12-19T05:00:00+01:00,-0.32
2009-12-19T06:00:00+01:00,-0.319
2009-12-19T07:00:00+01:00,-0.322
2009-12-19T08:00:00+01:00,-0.321
2009-12-19T09:00:00+01:00,-0.321
2009-12-19T10:00:00+01:00,-0.32
2009-12-19T11:00:00+01:00,-0.321
2009-12-19T12:00:00+01:00,-0.321
2009-12-19T13:00:00+01:00,-0.319
2009-12-19T14:00:00+01:00,-0.324
2009-12-19T15:00:00+01:00,-0.322
2009-12-19T16:00:00+01:00,-0.322
2009-12-19T17:00:00+01:00,-0.322
2009-12-19T18:00:00+01:00,-0.322
2009-12-19T19:00:00+01:00,-0.321
2009-12-19T20:00:00+01:00,-0.321
2009-12-19T21:00:00+01:00,-0.322
2009-12-19T22:00:00+01:00,-0.32
2009-12-19T23:00:00+01:00,-0.32
2009-12-20T00:00:00+01:00,-0.32
2009-12-20T01:00:00+01:00,-0.318
2009-12-20T02:00:00+01:00,-0.314
2009-12-20T03:00:00+01:00,-0.315
2009-12-20T04:00:00+01:00,-0.314
2009-12-20T05:00:00+01:00,-0.313
2009-12-20T06:00:00+01:00,-0.314
2009-12-20T07:00:00+01:00,-0.312
2009-12-20T08:00:00+01:00,-0.314
2009-12-20T09:00:00+01:00,-0.311
2009-12-20T10:00:00+01:00,-0.313
2009-12-20T11:00:00+01:00,-0.31
2009-12-20T12:00:00+01:00,-0.308
2009-12-20T13:00:00+01:00,-0.312
2009-12-20T14:00:00+01:00,-0.314
2009-12-20T15:00:00+01:00,-0.312
2009-12-20T16:00:00+01:00,-0.314
2009-12-20T17:00:00+01:00,-0.317
2009-12-20T18:00:00+01:00,-0.319
2009-12-20T19:00:00+01:00,-0.318
2009-12-20T20:00:00+01:00,-0.318
2009-12-20T21:00:00+01:00,-0.317
2009-12-20T22:00:00+01:00,-0.316
2009-12-20T23:00:00+01:00,-0.317
2009-12-21T00:00:00+01:00,-0.32
2009-12-21T01:00:00+01:00,-0.321
2009-12-21T02:00:00+01:00,-0.318
2009-12-21T03:00:00+01:00,-0.319
2009-12-21T04:00:00+01:00,-0.318
2009-12-21T05:00:00+01:00,-0.32
2009-12-21T06:00:00+01:00,-0.319
2009-12-21T07:00:00+01:00,-0.319
2009-12-21T08:00:00+01:00,-0.318
2009-12-21T09:00:00+01:00,-0.321
2009-12-21T10:00:00+01:00,-0.319
2009-12-21T11:00:00+01:00,-0.318
2009-12-21T12:00:00+01:00,-0.321
2009-12-21T13:00:00+01:00,-0.32
2009-12-21T14:00:00+01:00,-0.319
2009-12-21T15:00:00+01:00,-0.319
2009-12-21T16:00:00+01:00,-0.319
2009-12-21T17:00:00+01:00,-0.319
2009-12-21T18:00:00+01:00,-0.318
2009-12-21T19:00:00+01:00,-0.316
2009-12-21T20:00:00+01:00,-0.315
2009-12-21T21:00:00+01:00,-0.317
2009-12-21T22:00:00+01:00,-0.317
2009-12-21T23:00:00+01:00,-0.316
2009-12-22T00:00:00+01:00,-0.316
2009-12-22T01:00:00+01:00,-0.315
2009-12-22T02:00:00+01:00,-0.312
2009-12-22T03:00:00+01:00,-0.311
2009-12-22T04:00:00+01:00,-0.315
2009-12-22T05:00:00+01:00,-0.317
2009-12-22T06:00:00+01:00,-0.317
2009-12-22T07:00:00+01:00,-0.316
2009-12-22T08:00:00+01:00,-0.298
2009-12-22T09:00:00+01:00,-0.27
2009-12-22T21:00:00+01:00,0.014
2009-12-22T22:00:00+01:00,-0.119
2009-12-22T23:00:00+01:00,-0.186
2009-12-23T00:00:00+01:00,-0.22
2009-12-23T01:00:00+01:00,-0.239
2009-12-23T02:00:00+01:00,-0.251
2009-12-23T03:00:00+01:00,-0.259
2009-12-23T04:00:00+01:00,-0.262
2009-12-23T05:00:00+01:00,-0.266
2009-12-23T06:00:00+01:00,-0.268
2009-12-23T07:00:00+01:00,-0.265
2009-12-23T08:00:00+01:00,-0.11
2009-12-23T10:00:00+01:00,0.031
2009-12-23T19:00:00+01:00,-0.108
2009-12-23T20:00:00+01:00,-0.183
2009-12-23T21:00:00+01:00,-0.223
2009-12-23T22:00:00+01:00,-0.244
2009-12-23T23:00:00+01:00,-0.255
2009-12-24T00:00:00+01:00,-0.263
2009-12-24T01:00:00+01:00,-0.268
2009-12-24T02:00:00+01:00,-0.272
2009-12-24T03:00:00+01:00,-0.275
2009-12-24T04:00:00+01:00,-0.274
2009-12-24T05:00:00+01:00,-0.276
2009-12-24T06:00:00+01:00,-0.277
2009-12-24T07:00:00+01:00,-0.277
2009-12-24T08:00:00+01:00,-0.277
2009-12-24T09:00:00+01:00,-0.277
2009-12-24T10:00:00+01:00,-0.278
2009-12-24T11:00:00+01:00,-0.277
2009-12-24T12:00:00+01:00,-0.277
2009-12-24T13:00:00+01:00,-0.277
2009-12-24T14:00:00+01:00,-0.277
2009-12-24T15:00:00+01:00,-0.277
2009-12-24T16:00:00+01:00,-0.274
2009-12-24T17:00:00+01:00,-0.258
2009-12-24T18:00:00+01:00,-0.223
2009-12-24T19:00:00+01:00,-0.226
2009-12-24T20:00:00+01:00,-0.235
2009-12-24T21:00:00+01:00,-0.243
2009-12-24T22:00:00+01:00,-0.248
2009-12-24T23:00:00+01:00,-0.247
2009-12-25T00:00:00+01:00,-0.265
2009-12-25T01:00:00+01:00,-0.053
2009-12-25T02:00:00+01:00,-0.054
2009-12-25T03:00:00+01:00,-0.05
2009-12-25T04:00:00+01:00,-0.047
2009-12-25T05:00:00+01:00,-0.05
2009-12-25T06:00:00+01:00,-0.052
2009-12-25T07:00:00+01:00,-0.06
2009-12-25T08:00:00+01:00,-0.067
2009-12-25T09:00:00+01:00,-0.067
2009-12-25T10:00:00+01:00,-0.058
2009-12-25T11:00:00+01:00,-0.059
2009-12-25T12:00:00+01:00,-0.056
2009-12-25T13:00:00+01:00,-0.053
2009-12-25T14:00:00+01:00,-0.057
2009-12-25T15:00:00+01:00,-0.058
2009-12-25T16:00:00+01:00,-0.056
2009-12-25T17:00:00+01:00,-0.038
2009-12-25T18:00:00+01:00,-0.027
2009-12-25T19:00:00+01:00,-0.012
2009-12-25T20:00:00+01:00,-0.008
2009-12-25T21:00:00+01:00,0.004
2009-12-25T22:00:00+01:00,0.011
2009-12-25T23:00:00+01:00,0.018
2009-12-26T00:00:00+01:00,0.015
2009-12-26T01:00:00+01:00,0.017
2009-12-26T02:00:00+01:00,0.012
2009-12-26T03:00:00+01:00,-0.012
2009-12-26T04:00:00+01:00,-0.021
2009-12-26T05:00:00+01:00,-0.027
2009-12-26T06:00:00+01:00,-0.036
2009-12-26T07:00:00+01:00,-0.041
2009-12-26T08:00:00+01:00,-0.041
2009-12-26T09:00:00+01:00,-0.06
2009-12-26T10:00:00+01:00,-0.086
2009-12-26T11:00:00+01:00,-0.092
2009-12-26T12:00:00+01:00,-0.104
2009-12-26T13:00:00+01:00,-0.11
2009-12-26T14:00:00+01:00,-0.119
2009-12-26T15:00:00+01:00,-0.124
2009-12-26T16:00:00+01:00,-0.129
2009-12-27T02:00:00+01:00,0.035
2009-12-27T03:00:00+01:00,-0.037
2009-12-27T04:00:00+01:00,-0.074
2009-12-27T05:00:00+01:00,-0.095
2009-12-27T06:00:00+01:00,-0.11
2009-12-27T07:00:00+01:00,-0.126
2009-12-27T08:00:00+01:00,-0.135
2009-12-27T09:00:00+01:00,-0.143
2009-12-27T10:00:00+01:00,-0.151
2009-12-27T11:00:00+01:00,-0.154
2009-12-27T12:00:00+01:00,-0.159
2009-12-27T13:00:00+01:00,-0.163
2009-12-27T14:00:00+01:00,-0.162
2009-12-27T15:00:00+01:00,-0.165
2009-12-28T13:00:00+01:00,0.039
2009-12-28T14:00:00+01:00,0.003
2009-12-28T15:00:00+01:00,-0.022
2009-12-28T16:00:00+01:00,-0.044
2009-12-28T17:00:00+01:00,-0.06
2009-12-28T18:00:00+01:00,-0.076
2009-12-28T19:00:00+01:00,-0.088
2009-12-28T20:00:00+01:00,-0.098
2009-12-28T21:00:00+01:00,-0.111
2009-12-28T22:00:00+01:00,-0.122
2009-12-28T23:00:00+01:00,-0.128
2009-12-29T00:00:00+01:00,-0.135
2009-12-29T01:00:00+01:00,-0.141
2009-12-29T02:00:00+01:00,-0.149
2009-12-29T03:00:00+01:00,-0.155
2009-12-29T04:00:00+01:00,-0.158
2009-12-29T05:00:00+01:00,-0.165
2009-12-29T06:00:00+01:00,-0.166
2009-12-29T07:00:00+01:00,-0.174
2009-12-29T08:00:00+01:00,-0.178
2009-12-29T09:00:00+01:00,-0.182
2009-12-29T10:00:00+01:00,-0.189
2009-12-29T11:00:00+01:00,-0.194
2009-12-29T12:00:00+01:00,-0.198
2009-12-29T13:00:00+01:00,-0.202
2009-12-29T14:00:00+01:00,-0.205
2009-12-29T15:00:00+01:00,-0.208
2009-12-29T16:00:00+01:00,-0.211
2009-12-29T17:00:00+01:00,-0.212
2009-12-29T18:00:00+01:00,-0.217
2009-12-29T19:00:00+01:00,-0.221
2009-12-29T20:00:00+01:00,-0.227
2009-12-29T21:00:00+01:00,-0.23
2009-12-31T08:00:00+01:00,0.02
2009-12-31T09:00:00+01:00,-0.029
2009-12-31T10:00:00+01:00,-0.064
2009-12-31T11:00:00+01:00,-0.085
2009-12-31T12:00:00+01:00,-0.113
2009-12-31T13:00:00+01:00,-0.13
2009-12-31T14:00:00+01:00,-0.144
2009-12-31T15:00:00+01:00,-0.156
2009-12-31T16:00:00+01:00,-0.164
2009-12-31T17:00:00+01:00,-0.17
2009-12-31T18:00:00+01:00,-0.177
2009-12-31T19:00:00+01:00,-0.18
2009-12-31T20:00:00+01:00,-0.184
2009-12-31T21:00:00+01:00,-0.19
2009-12-31T22:00:00+01:00,-0.192
2009-12-31T23:00:00+01:00,-0.195
2010-01-01T00:00:00+01:00,-0.203
2010-01-01T01:00:00+01:00,-0.209
2010-01-01T02:00:00+01:00,-0.219
2010-01-01T03:00:00+01:00,-0.225
2010-01-01T04:00:00+01:00,-0.228
2010-01-01T05:00:00+01:00,-0.232
2010-01-01T06:00:00+01:00,-0.236
2010-01-01T07:00:00+01:00,-0.238
2010-01-01T08:00:00+01:00,-0.241
2010-01-01T09:00:00+01:00,-0.244
2010-01-01T10:00:00+01:00,-0.246
2010-01-01T11:00:00+01:00,-0.247
2010-01-01T12:00:00+01:00,-0.252
2010-01-01T13:00:00+01:00,-0.254
2010-01-01T14:00:00+01:00,-0.257
2010-01-01T15:00:00+01:00,-0.262
2010-01-01T16:00:00+01:00,-0.263
2010-01-01T17:00:00+01:00,-0.267
2010-01-01T18:00:00+01:00,-0.267
2010-01-01T19:00:00+01:00,-0.269
2010-01-01T20:00:00+01:00,-0.272
2010-01-01T21:00:00+01:00,-0.271
2010-01-01T22:00:00+01:00,-0.273
2010-01-01T23:00:00+01:00,-0.274
2010-01-02T00:00:00+01:00,-0.274
2010-01-02T01:00:00+01:00,-0.277
2010-01-02T02:00:00+01:00,-0.28
2010-01-02T03:00:00+01:00,-0.278
2010-01-02T04:00:00+01:00,-0.28
2010-01-02T05:00:00+01:00,-0.281
2010-01-02T06:00:00+01:00,-0.279
2010-01-02T07:00:00+01:00,-0.281
2010-01-02T08:00:00+01:00,-0.28
2010-01-02T09:00:00+01:00,-0.282
2010-01-02T10:00:00+01:00,-0.28
2010-01-02T11:00:00+01:00,-0.284
2010-01-02T12:00:00+01:00,-0.282
2010-01-02T13:00:00+01:00,-0.282
2010-01-02T14:00:00+01:00,-0.285
2010-01-02T15:00:00+01:00,-0.289
2010-01-02T16:00:00+01:00,-0.288
2010-01-02T17:00:00+01:00,-0.287
2010-01-02T21:00:00+01:00,-0.022
2010-01-02T22:00:00+01:00,-0.1
2010-01-02T23:00:00+01:00,-0.135
2010-01-03T00:00:00+01:00,-0.159
2010-01-03T01:00:00+01:00,-0.177
2010-01-03T02:00:00+01:00,-0.196
2010-01-03T03:00:00+01:00,-0.206
2010-01-03T04:00:00+01:00,-0.22
2010-01-03T05:00:00+01:00,-0.228
2010-01-03T06:00:00+01:00,-0.237
2010-01-03T07:00:00+01:00,-0.244
2010-01-03T08:00:00+01:00,-0.249
2010-01-03T09:00:00+01:00,-0.253
2010-01-03T10:00:00+01:00,-0.258
2010-01-03T11:00:00+01:00,-0.255
2010-01-03T12:00:00+01:00,-0.257
2010-01-03T13:00:00+01:00,-0.262
2010-01-03T14:00:00+01:00,-0.267
2010-01-03T15:00:00+01:00,-0.273
2010-01-03T16:00:00+01:00,-0.277
2010-01-03T17:00:00+01:00,-0.282
2010-01-03T18:00:00+01:00,-0.284
2010-01-03T19:00:00+01:00,-0.288
2010-01-03T20:00:00+01:00,-0.29
2010-01-03T21:00:00+01:00,-0.293
2010-01-03T22:00:00+01:00,-0.294
2010-01-03T23:00:00+01:00,-0.296
2010-01-04T00:00:00+01:00,-0.299
2010-01-04T01:00:00+01:00,-0.295
2010-01-04T02:00:00+01:00,-0.298
2010-01-04T03:00:00+01:00,-0.299
2010-01-04T04:00:00+01:00,-0.303
2010-01-04T05:00:00+01:00,-0.301
2010-01-04T06:00:00+01:00,-0.301
2010-01-04T07:00:00+01:00,-0.304
2010-01-04T08:00:00+01:00,-0.302
2010-01-04T09:00:00+01:00,-0.3
2010-01-04T10:00:00+01:00,-0.303
2010-01-04T11:00:00+01:00,-0.303
2010-01-04T12:00:00+01:00,-0.302
2010-01-04T13:00:00+01:00,-0.303
2010-01-04T14:00:00+01:00,-0.302
2010-01-04T15:00:00+01:00,-0.301
2010-01-04T16:00:00+01:00,-0.303
2010-01-04T21:00:00+01:00,-0.033
2010-01-04T23:00:00+01:00,-0.035
2010-01-05T00:00:00+01:00,-0.117
2010-01-05T06:00:00+01:00,-0.003
2010-01-05T19:00:00+01:00,-0.068
2010-01-05T20:00:00+01:00,-0.12
2010-01-05T21:00:00+01:00,-0.148
2010-01-05T22:00:00+01:00,-0.166
2010-01-05T23:00:00+01:00,-0.178
2010-01-06T00:00:00+01:00,-0.187
2010-01-06T01:00:00+01:00,-0.197
2010-01-06T02:00:00+01:00,-0.202
2010-01-06T03:00:00+01:00,-0.209
2010-01-06T04:00:00+01:00,-0.215
2010-01-06T05:00:00+01:00,-0.22
2010-01-06T06:00:00+01:00,-0.223
2010-01-06T07:00:00+01:00,-0.228
2010-01-06T08:00:00+01:00,-0.231
2010-01-06T09:00:00+01:00,-0.234
2010-01-06T10:00:00+01:00,-0.239
2010-01-06T11:00:00+01:00,-0.24
2010-01-06T12:00:00+01:00,-0.242
2010-01-06T13:00:00+01:00,-0.245
2010-01-06T14:00:00+01:00,-0.244
2010-01-06T15:00:00+01:00,-0.244
2010-01-06T16:00:00+01:00,-0.246
2010-01-06T17:00:00+01:00,-0.255
2010-01-06T18:00:00+01:00,-0.255
2010-01-06T19:00:00+01:00,-0.259
2010-01-06T20:00:00+01:00,-0.26
2010-01-06T21:00:00+01:00,-0.258
2010-01-06T22:00:00+01:00,-0.261
2010-01-06T23:00:00+01:00,-0.262
2010-01-07T00:00:00+01:00,-0.263
2010-01-07T01:00:00+01:00,-0.266
2010-01-07T02:00:00+01:00,-0.265
2010-01-07T03:00:00+01:00,-0.266
2010-01-07T04:00:00+01:00,-0.269
2010-01-07T05:00:00+01:00,-0.27
2010-01-07T06:00:00+01:00,-0.272
2010-01-07T07:00:00+01:00,-0.27
2010-01-07T08:00:00+01:00,-0.269
2010-01-07T09:00:00+01:00,-0.268
2010-01-07T10:00:00+01:00,-0.273
2010-01-07T11:00:00+01:00,-0.271
2010-01-07T12:00:00+01:00,-0.274
2010-01-07T13:00:00+01:00,-0.273
2010-01-07T14:00:00+01:00,-0.273
2010-01-07T15:00:00+01:00,-0.276
2010-01-07T16:00:00+01:00,-0.278
2010-01-07T17:00:00+01:00,-0.281
2010-01-07T18:00:00+01:00,-0.284
2010-01-07T19:00:00+01:00,-0.286
2010-01-07T20:00:00+01:00,-0.288
2010-01-07T21:00:00+01:00,-0.287
2010-01-07T22:00:00+01:00,-0.289
2010-01-07T23:00:00+01:00,-0.29
2010-01-08T00:00:00+01:00,-0.29
2010-01-08T01:00:00+01:00,-0.293
2010-01-08T02:00:00+01:00,-0.295
2010-01-08T03:00:00+01:00,-0.294
2010-01-08T04:00:00+01:00,-0.296
2010-01-08T05:00:00+01:00,-0.295
2010-01-08T06:00:00+01:00,-0.297
2010-01-08T07:00:00+01:00,-0.297
2010-01-08T08:00:00+01:00,-0.299
2010-01-08T09:00:00+01:00,-0.297
2010-01-08T10:00:00+01:00,-0.299
2010-01-08T11:00:00+01:00,-0.303
2010-01-08T12:00:00+01:00,-0.304
2010-01-08T13:00:00+01:00,-0.304
2010-01-08T14:00:00+01:00,-0.305
2010-01-08T15:00:00+01:00,-0.305
2010-01-08T16:00:00+01:00,-0.306
2010-01-08T17:00:00+01:00,-0.308
2010-01-08T18:00:00+01:00,-0.311
2010-01-08T19:00:00+01:00,-0.312
2010-01-08T20:00:00+01:00,-0.314
2010-01-08T21:00:00+01:00,-0.312
2010-01-08T22:00:00+01:00,-0.315
2010-01-08T23:00:00+01:00,-0.313
2010-01-09T00:00:00+01:00,-0.314
2010-01-09T01:00:00+01:00,-0.316
2010-01-09T02:00:00+01:00,-0.314
2010-01-09T03:00:00+01:00,-0.313
2010-01-09T04:00:00+01:00,-0.314
2010-01-09T05:00:00+01:00,-0.315
2010-01-09T06:00:00+01:00,-0.315
2010-01-09T07:00:00+01:00,-0.316
2010-01-09T08:00:00+01:00,-0.315
2010-01-09T09:00:00+01:00,-0.314
2010-01-09T10:00:00+01:00,-0.317
2010-01-09T11:00:00+01:00,-0.316
2010-01-09T12:00:00+01:00,-0.319
2010-01-09T13:00:00+01:00,-0.315
2010-01-09T14:00:00+01:00,-0.317
2010-01-09T15:00:00+01:00,-0.314
2010-01-09T16:00:00+01:00,-0.319
2010-01-09T17:00:00+01:00,-0.323
2010-01-09T18:00:00+01:00,-0.326
2010-01-09T19:00:00+01:00,-0.325
2010-01-09T20:00:00+01:00,-0.322
2010-01-09T21:00:00+01:00,-0.327
2010-01-09T22:00:00+01:00,-0.323
2010-01-09T23:00:00+01:00,-0.322
2010-01-10T00:00:00+01:00,-0.324
2010-01-10T01:00:00+01:00,-0.327
2010-01-10T02:00:00+01:00,-0.324
2010-01-10T03:00:00+01:00,-0.323
2010-01-10T04:00:00+01:00,-0.326
2010-01-10T05:00:00+01:00,-0.325
2010-01-10T06:00:00+01:00,-0.324
2010-01-10T07:00:00+01:00,-0.323
2010-01-10T08:00:00+01:00,-0.325
2010-01-10T09:00:00+01:00,-0.324
2010-01-10T10:00:00+01:00,-0.325
2010-01-10T11:00:00+01:00,-0.327
2010-01-10T12:00:00+01:00,-0.324
2010-01-10T13:00:00+01:00,-0.326
2010-01-10T14:00:00+01:00,-0.325
2010-01-10T15:00:00+01:00,-0.324
2010-01-10T16:00:00+01:00,-0.326
2010-01-10T17:00:00+01:00,-0.325
2010-01-10T18:00:00+01:00,-0.326
2010-01-10T19:00:00+01:00,-0.329
2010-01-10T20:00:00+01:00,-0.329
2010-01-10T21:00:00+01:00,-0.328
2010-01-10T22:00:00+01:00,-0.329
2010-01-10T23:00:00+01:00,-0.33
2010-01-11T00:00:00+01:00,-0.327
2010-01-11T01:00:00+01:00,-0.329
2010-01-11T02:00:00+01:00,-0.327
2010-01-11T03:00:00+01:00,-0.328
2010-01-11T04:00:00+01:00,-0.327
2010-01-11T05:00:00+01:00,-0.325
2010-01-11T06:00:00+01:00,-0.326
2010-01-11T07:00:00+01:00,-0.328
2010-01-11T08:00:00+01:00,-0.327
2010-01-11T09:00:00+01:00,-0.331
2010-01-11T10:00:00+01:00,-0.332
2010-01-11T11:00:00+01:00,-0.332
2010-01-11T12:00:00+01:00,-0.332
2010-01-11T13:00:00+01:00,-0.33
2010-01-11T14:00:00+01:00,-0.323
2010-01-11T15:00:00+01:00,-0.299
2010-01-11T16:00:00+01:00,-0.291
2010-01-11T17:00:00+01:00,-0.104
2010-01-11T18:00:00+01:00,-0.004
2010-01-11T19:00:00+01:00,-0.011
2010-01-11T20:00:00+01:00,-0.034
2010-01-11T21:00:00+01:00,-0.065
2010-01-11T22:00:00+01:00,-0.089
2010-01-11T23:00:00+01:00,-0.113
2010-01-12T00:00:00+01:00,-0.133
2010-01-12T01:00:00+01:00,-0.149
2010-01-12T02:00:00+01:00,-0.165
2010-01-12T03:00:00+01:00,-0.176
2010-01-12T04:00:00+01:00,-0.187
2010-01-12T05:00:00+01:00,-0.199
2010-01-12T06:00:00+01:00,-0.208
2010-01-12T07:00:00+01:00,-0.216
2010-01-12T08:00:00+01:00,-0.222
2010-01-12T09:00:00+01:00,-0.23
2010-01-12T10:00:00+01:00,-0.237
2010-01-12T11:00:00+01:00,-0.242
2010-01-12T12:00:00+01:00,-0.252
2010-01-12T13:00:00+01:00,-0.255
2010-01-12T17:00:00+01:00,0.018
2010-01-12T18:00:00+01:00,-0.123
2010-01-12T19:00:00+01:00,-0.174
2010-01-12T20:00:00+01:00,-0.197
2010-01-12T21:00:00+01:00,-0.212
2010-01-12T22:00:00+01:00,-0.224
2010-01-12T23:00:00+01:00,-0.232
2010-01-13T00:00:00+01:00,-0.237
2010-01-13T01:00:00+01:00,-0.244
2010-01-13T02:00:00+01:00,-0.25
2010-01-13T03:00:00+01:00,-0.255
2010-01-13T04:00:00+01:00,-0.255
2010-01-13T05:00:00+01:00,-0.259
2010-01-13T06:00:00+01:00,-0.262
2010-01-13T07:00:00+01:00,-0.267
2010-01-13T08:00:00+01:00,-0.268
2010-01-13T09:00:00+01:00,-0.272
2010-01-13T10:00:00+01:00,-0.272
2010-01-13T11:00:00+01:00,-0.276
2010-01-13T12:00:00+01:00,-0.277
2010-01-13T13:00:00+01:00,-0.279
2010-01-13T14:00:00+01:00,-0.28
2010-01-13T15:00:00+01:00,-0.283
2010-01-13T16:00:00+01:00,-0.284
2010-01-13T17:00:00+01:00,-0.287
2010-01-13T18:00:00+01:00,-0.288
2010-01-13T19:00:00+01:00,-0.288
2010-01-13T20:00:00+01:00,-0.29
2010-01-13T21:00:00+01:00,-0.291
2010-01-13T22:00:00+01:00,-0.29
2010-01-13T23:00:00+01:00,-0.292
2010-01-14T00:00:00+01:00,-0.296
2010-01-14T01:00:00+01:00,-0.303
2010-01-14T02:00:00+01:00,-0.301
2010-01-14T03:00:00+01:00,-0.303
2010-01-14T04:00:00+01:00,-0.304
2010-01-14T05:00:00+01:00,-0.303
2010-01-14T06:00:00+01:00,-0.302
2010-01-14T07:00:00+01:00,-0.304
2010-01-14T08:00:00+01:00,-0.304
2010-01-14T09:00:00+01:00,-0.303
2010-01-14T10:00:00+01:00,-0.304
2010-01-14T11:00:00+01:00,-0.304
2010-01-14T12:00:00+01:00,-0.307
2010-01-14T13:00:00+01:00,-0.313
2010-01-14T14:00:00+01:00,-0.315
2010-01-14T15:00:00+01:00,-0.315
2010-01-14T16:00:00+01:00,-0.314
2010-01-14T17:00:00+01:00,-0.315
2010-01-14T18:00:00+01:00,-0.312
2010-01-14T19:00:00+01:00,-0.312
2010-01-14T20:00:00+01:00,-0.31
2010-01-14T21:00:00+01:00,-0.312
2010-01-14T22:00:00+01:00,-0.312
2010-01-14T23:00:00+01:00,-0.313
2010-01-15T00:00:00+01:00,-0.315
2010-01-15T01:00:00+01:00,-0.318
2010-01-15T02:00:00+01:00,-0.319
2010-01-15T03:00:00+01:00,-0.32
2010-01-15T04:00:00+01:00,-0.321
2010-01-15T05:00:00+01:00,-0.321
2010-01-15T06:00:00+01:00,-0.321
2010-01-15T07:00:00+01:00,-0.325
2010-01-15T08:00:00+01:00,-0.322
2010-01-15T09:00:00+01:00,-0.326
2010-01-15T10:00:00+01:00,-0.325
2010-01-15T11:00:00+01:00,-0.327
2010-01-15T12:00:00+01:00,-0.323
2010-01-15T13:00:00+01:00,-0.317
2010-01-15T23:00:00+01:00,-0.042
2010-01-16T00:00:00+01:00,-0.169
2010-01-16T01:00:00+01:00,-0.206
2010-01-16T02:00:00+01:00,-0.227
2010-01-16T03:00:00+01:00,-0.241
2010-01-16T04:00:00+01:00,-0.252
2010-01-16T05:00:00+01:00,-0.259
2010-01-16T06:00:00+01:00,-0.264
2010-01-16T07:00:00+01:00,-0.27
2010-01-16T08:00:00+01:00,-0.273
2010-01-16T09:00:00+01:00,-0.277
2010-01-16T10:00:00+01:00,-0.278
2010-01-16T11:00:00+01:00,-0.283
2010-01-16T12:00:00+01:00,-0.284
2010-01-16T13:00:00+01:00,-0.287
2010-01-16T14:00:00+01:00,-0.29
2010-01-16T15:00:00+01:00,-0.289
2010-01-16T16:00:00+01:00,-0.296
2010-01-16T17:00:00+01:00,-0.297
2010-01-17T19:00:00+01:00,-0.053
2010-01-17T20:00:00+01:00,-0.102
2010-01-17T21:00:00+01:00,-0.127
2010-01-17T22:00:00+01:00,-0.143
2010-01-17T23:00:00+01:00,-0.156
2010-01-18T00:00:00+01:00,-0.166
2010-01-18T01:00:00+01:00,-0.176
2010-01-18T02:00:00+01:00,-0.184
2010-01-18T03:00:00+01:00,-0.189
2010-01-18T04:00:00+01:00,-0.197
2010-01-18T05:00:00+01:00,-0.2
2010-01-18T06:00:00+01:00,-0.205
2010-01-18T07:00:00+01:00,-0.207
2010-01-18T08:00:00+01:00,-0.212
2010-01-18T09:00:00+01:00,-0.216
2010-01-18T10:00:00+01:00,-0.221
2010-01-18T11:00:00+01:00,-0.223
2010-01-18T15:00:00+01:00,-0.042
2010-01-18T16:00:00+01:00,-0.125
2010-01-18T17:00:00+01:00,-0.152
2010-01-18T18:00:00+01:00,-0.163
2010-01-18T19:00:00+01:00,-0.172
2010-01-18T20:00:00+01:00,-0.18
2010-01-18T21:00:00+01:00,-0.187
2010-01-19T04:00:00+01:00,0.006
2010-01-19T05:00:00+01:00,-0.074
2010-01-19T06:00:00+01:00,-0.106
2010-01-19T07:00:00+01:00,-0.124
2010-01-19T08:00:00+01:00,-0.138
2010-01-19T09:00:00+01:00,-0.148
2010-01-24T06:00:00+01:00,0.146
2010-01-25T06:00:00+01:00,-0.202
2010-01-26T06:00:00+01:00,-0.311
2010-01-27T06:00:00+01:00,-0.355
2010-01-28T06:00:00+01:00,-0.118
2010-01-29T06:00:00+01:00,0.296
2010-01-30T06:00:00+01:00,0.108
2010-01-31T06:00:00+01:00,0.272
2010-02-01T06:00:00+01:00,-0.145
2010-02-02T06:00:00+01:00,-0.07
2010-02-03T06:00:00+01:00,0.287
2010-02-04T06:00:00+01:00,0.282
2010-02-05T06:00:00+01:00,0.144
2010-02-06T06:00:00+01:00,0.143
2010-02-07T06:00:00+01:00,-0.174
2010-02-08T06:00:00+01:00,-0.241
2010-02-09T06:00:00+01:00,-0.288
2010-02-10T06:00:00+01:00,-0.311
2010-02-11T06:00:00+01:00,-0.152
2010-02-12T06:00:00+01:00,-0.273
2010-02-13T06:00:00+01:00,-0.322
2010-02-14T06:00:00+01:00,-0.352
2010-02-15T06:00:00+01:00,-0.382
2010-02-16T06:00:00+01:00,-0.361
2010-02-17T06:00:00+01:00,-0.346
2010-02-18T06:00:00+01:00,0.186
2010-02-19T06:00:00+01:00,0.15
2010-02-20T06:00:00+01:00,-0.015
2010-02-21T06:00:00+01:00,-0.15
2010-02-22T06:00:00+01:00,0.132
2010-02-23T06:00:00+01:00,0.127
2010-02-24T06:00:00+01:00,0.215
2010-02-25T06:00:00+01:00,0.19
2010-02-26T06:00:00+01:00,0.131
2010-02-27T06:00:00+01:00,0.136
2010-02-28T06:00:00+01:00,0.158
2010-03-01T06:00:00+01:00,0.206
2010-03-02T06:00:00+01:00,-0.072
2010-03-03T06:00:00+01:00,-0.179
2010-03-04T06:00:00+01:00,-0.233
2010-03-05T06:00:00+01:00,-0.272
2010-03-06T06:00:00+01:00,0.049
2010-03-07T06:00:00+01:00,-0.148
2010-03-08T06:00:00+01:00,-0.243
2010-03-09T06:00:00+01:00,-0.284
2010-03-10T06:00:00+01:00,-0.327
2010-03-11T06:00:00+01:00,-0.339
2010-03-12T06:00:00+01:00,-0.354
2010-03-13T06:00:00+01:00,-0.37
2010-03-14T06:00:00+01:00,-0.382
2010-03-15T06:00:00+01:00,-0.407
2010-03-16T06:00:00+01:00,0.095
2010-03-17T06:00:00+01:00,-0.267
2010-03-18T06:00:00+01:00,-0.31
2010-03-19T06:00:00+01:00,0.149
2010-03-20T06:00:00+01:00,0.222
2010-03-21T06:00:00+01:00,0.102
2010-03-22T06:00:00+01:00,-0.207
2010-03-23T06:00:00+01:00,-0.139
2010-03-24T06:00:00+01:00,-0.204
2010-03-25T06:00:00+01:00,-0.292
2010-03-26T06:00:00+01:00,-0.213
2010-03-27T06:00:00+01:00,-0.217
2010-03-28T07:00:00+02:00,-0.09
2010-03-29T07:00:00+02:00,-0.288
2010-03-30T07:00:00+02:00,-0.184
2010-03-31T07:00:00+02:00,-0.191
2010-04-01T07:00:00+02:00,-0.103
2010-04-02T07:00:00+02:00,-0.002
2010-04-03T07:00:00+02:00,0.004
2010-04-04T07:00:00+02:00,0.237
2010-04-05T07:00:00+02:00,-0.204
2010-04-06T07:00:00+02:00,-0.307
2010-04-07T07:00:00+02:00,-0.325
2010-04-08T07:00:00+02:00,-0.302
2010-04-09T07:00:00+02:00,-0.323
2010-04-10T07:00:00+02:00,-0.336
2010-04-11T07:00:00+02:00,-0.339
2010-04-12T07:00:00+02:00,-0.346
2010-04-13T07:00:00+02:00,-0.347
2010-04-14T07:00:00+02:00,-0.347
2010-04-15T07:00:00+02:00,-0.351
2010-04-16T07:00:00+02:00,-0.392
2010-04-17T07:00:00+02:00,-0.402
2010-04-18T07:00:00+02:00,-0.385
2010-04-19T07:00:00+02:00,-0.377
2010-04-20T07:00:00+02:00,-0.375
2010-04-21T07:00:00+02:00,-0.379
2010-04-22T07:00:00+02:00,-0.386
2010-04-23T07:00:00+02:00,-0.398
2010-04-24T07:00:00+02:00,-0.38
2010-04-25T07:00:00+02:00,-0.392
2012-11-19T09:32:00+01:00,0.18
2013-03-06T11:06:00+01:00,-0.26
2013-07-09T09:15:00+02:00,-0.03
2014-05-19T09:45:00+02:00,0.06
2014-09-15T11:38:00+02:00,0.18
2015-03-16T12:00:00+01:00,-0.56
2015-11-30T10:09:00+01:00,-0.53
2016-06-08T09:28:00+02:00,0.02
2016-08-12T08:47:00+02:00,0.21
2016-10-07T09:03:00+02:00,0.07
2017-02-07T13:02:00+01:00,0.11
2017-08-15T13:19:00+02:00,0.2
2018-10-10T10:06:00+02:00,0.12
2019-11-15T09:18:00+01:00,-0.54
2020-05-05T12:03:49+02:00,-0.08
2020-09-15T09:03:56+02:00,-0.32
2009-04-21T09:02:00+02:00,-0.43
2009-05-13T07:45:00+02:00,-0.4
2009-06-04T13:30:00+02:00,-1.41
2009-08-04T12:54:00+02:00,-0.47
2009-11-17T10:13:00+01:00,-0.34
2010-01-19T09:31:00+01:00,-0.22
2010-01-22T11:18:00+01:00,-0.37
2010-04-26T13:10:00+02:00,-0.38
