site_id,well_id,gmw_bro_id,tube_number,distance_to_use_m,use_obj_type,use_obj_id,tube_rank_within_well_meta,gld_bro_id,gld_observations_meta,gld_first_date_meta,gld_last_date_meta,series_unknown_csv_url,series_preliminary_csv_url,series_fully_assessed_csv_url,bro_csv_url
9687,8527,GMW000000015154,1,41.43757261033003,facility_point,GUF000000042913,1,GLD000000089490,237,2007-02-07,2025-09-29,https://publiek.broservices.nl/gm/gld/v1/objectsAsCsv/GLD000000089490?rapportagetype=compact&observatietype=onbekend,https://publiek.broservices.nl/gm/gld/v1/objectsAsCsv/GLD000000089490?rapportagetype=compact&observatietype=regulier_voorlopig,https://publiek.broservices.nl/gm/gld/v1/objectsAsCsv/GLD000000089490?rapportagetype=compact&observatietype=regulier_beoordeeld,https://publiek.broservices.nl/gm/gld/v1/objectsAsCsv/GLD000000089490
9688,8527,GMW000000015154,2,41.43757261033003,facility_point,GUF000000042913,3,GLD000000089482,25,2007-02-07,2025-09-29,https://publiek.broservices.nl/gm/gld/v1/objectsAsCsv/GLD000000089482?rapportagetype=compact&observatietype=onbekend,https://publiek.broservices.nl/gm/gld/v1/objectsAsCsv/GLD000000089482?rapportagetype=compact&observatietype=regulier_voorlopig,https://publiek.broservices.nl/gm/gld/v1/objectsAsCsv/GLD000000089482?rapportagetype=compact&observatietype=regulier_beoordeeld,https://publiek.broservices.nl/gm/gld/v1/objectsAsCsv/GLD000000089482
9689,8527,GMW000000015154,3,41.43757261033003,facility_point,GUF000000042913,2,GLD000000089483,237,2007-02-07,2025-09-29,https://publiek.broservices.nl/gm/gld/v1/objectsAsCsv/GLD000000089483?rapportagetype=compact&observatietype=onbekend,https://publiek.broservices.nl/gm/gld/v1/objectsAsCsv/GLD000000089483?rapportagetype=compact&observatietype=regulier_voorlopig,https://publiek.broservices.nl/gm/gld/v1/objectsAsCsv/GLD000000089483?rapportagetype=compact&observatietype=regulier_beoordeeld,https://publiek.broservices.nl/gm/gld/v1/objectsAsCsv/GLD000000089483
9941,8641,GMW000000015268,1,23.76814055138682,facility_point,GUF000000018278,1,GLD000000083954,307,2001-09-28,2025-09-30,https://publiek.broservices.nl/gm/gld/v1/objectsAsCsv/GLD000000083954?rapportagetype=compact&observatietype=onbekend,https://publiek.broservices.nl/gm/gld/v1/objectsAsCsv/GLD000000083954?rapportagetype=compact&observatietype=regulier_voorlopig,https://publiek.broservices.nl/gm/gld/v1/objectsAsCsv/GLD000000083954?rapportagetype=compact&observatietype=regulier_beoordeeld,https://publiek.broservices.nl/gm/gld/v1/objectsAsCsv/GLD000000083954
9942,8641,GMW000000015268,2,23.76814055138682,facility_point,GUF000000018278,3,GLD000000084129,111,2001-09-28,2025-09-30,https://publiek.broservices.nl/gm/gld/v1/objectsAsCsv/GLD000000084129?rapportagetype=compact&observatietype=onbekend,https://publiek.broservices.nl/gm/gld/v1/objectsAsCsv/GLD000000084129?rapportagetype=compact&observatietype=regulier_voorlopig,https://publiek.broservices.nl/gm/gld/v1/objectsAsCsv/GLD000000084129?rapportagetype=compact&observatietype=regulier_beoordeeld,https://publiek.broservices.nl/gm/gld/v1/objectsAsCsv/GLD000000084129
9943,8641,GMW000000015268,3,23.76814055138682,facility_point,GUF000000018278,2,GLD000000083967,306,2001-09-28,2025-09-30,https://publiek.broservices.nl/gm/gld/v1/objectsAsCsv/GLD000000083967?rapportagetype=compact&observatietype=onbekend,https://publiek.broservices.nl/gm/gld/v1/objectsAsCsv/GLD000000083967?rapportagetype=compact&observatietype=regulier_voorlopig,https://publiek.broservices.nl/gm/gld/v1/objectsAsCsv/GLD000000083967?rapportagetype=compact&observatietype=regulier_beoordeeld,https://publiek.broservices.nl/gm/gld/v1/objectsAsCsv/GLD000000083967
10384,8832,GMW000000015459,1,45.706024779701146,design_well,536404,2,GLD000000087099,196,1990-10-15,2025-09-26,https://publiek.broservices.nl/gm/gld/v1/objectsAsCsv/GLD000000087099?rapportagetype=compact&observatietype=onbekend,https://publiek.broservices.nl/gm/gld/v1/objectsAsCsv/GLD000000087099?rapportagetype=compact&observatietype=regulier_voorlopig,https://publiek.broservices.nl/gm/gld/v1/objectsAsCsv/GLD000000087099?rapportagetype=compact&observatietype=regulier_beoordeeld,https://publiek.broservices.nl/gm/gld/v1/objectsAsCsv/GLD000000087099
10385,8832,GMW000000015459,2,45.706024779701146,design_well,536404,1,GLD000000087275,360,1990-10-15,2025-09-26,https://publiek.broservices.nl/gm/gld/v1/objectsAsCsv/GLD000000087275?rapportagetype=compact&observatietype=onbekend,https://publiek.broservices.nl/gm/gld/v1/objectsAsCsv/GLD000000087275?rapportagetype=compact&observatietype=regulier_voorlopig,https://publiek.broservices.nl/gm/gld/v1/objectsAsCsv/GLD000000087275?rapportagetype=compact&observatietype=regulier_beoordeeld,https://publiek.broservices.nl/gm/gld/v1/objectsAsCsv/GLD000000087275
18022,15233,GMW000000022528,1,32.32050278831232,facility_point,GUF000000021225,1,GLD000000008072,10,2001-06-15,2021-01-03,https://publiek.broservices.nl/gm/gld/v1/objectsAsCsv/GLD000000008072?rapportagetype=compact&observatietype=onbekend,https://publiek.broservices.nl/gm/gld/v1/objectsAsCsv/GLD000000008072?rapportagetype=compact&observatietype=regulier_voorlopig,https://publiek.broservices.nl/gm/gld/v1/objectsAsCsv/GLD000000008072?rapportagetype=compact&observatietype=regulier_beoordeeld,https://publiek.broservices.nl/gm/gld/v1/objectsAsCsv/GLD000000008072
18027,15238,GMW000000022533,1,48.44971403891722,design_well,542254,1,GLD000000008009,10,2001-06-15,2021-01-03,https://publiek.broservices.nl/gm/gld/v1/objectsAsCsv/GLD000000008009?rapportagetype=compact&observatietype=onbekend,https://publiek.broservices.nl/gm/gld/v1/objectsAsCsv/GLD000000008009?rapportagetype=compact&observatietype=regulier_voorlopig,https://publiek.broservices.nl/gm/gld/v1/objectsAsCsv/GLD000000008009?rapportagetype=compact&observatietype=regulier_beoordeeld,https://publiek.broservices.nl/gm/gld/v1/objectsAsCsv/GLD000000008009
18055,15266,GMW000000022561,1,40.86896183741765,facility_point,GUF000000056227,1,GLD000000008021,10,2001-06-15,2021-01-03,https://publiek.broservices.nl/gm/gld/v1/objectsAsCsv/GLD000000008021?rapportagetype=compact&observatietype=onbekend,https://publiek.broservices.nl/gm/gld/v1/objectsAsCsv/GLD000000008021?rapportagetype=compact&observatietype=regulier_voorlopig,https://publiek.broservices.nl/gm/gld/v1/objectsAsCsv/GLD000000008021?rapportagetype=compact&observatietype=regulier_beoordeeld,https://publiek.broservices.nl/gm/gld/v1/objectsAsCsv/GLD000000008021
18086,15297,GMW000000022592,1,38.76454564807666,design_well,556693,1,GLD000000008069,10,2001-06-15,2021-01-03,https://publiek.broservices.nl/gm/gld/v1/objectsAsCsv/GLD000000008069?rapportagetype=compact&observatietype=onbekend,https://publiek.broservices.nl/gm/gld/v1/objectsAsCsv/GLD000000008069?rapportagetype=compact&observatietype=regulier_voorlopig,https://publiek.broservices.nl/gm/gld/v1/objectsAsCsv/GLD000000008069?rapportagetype=compact&observatietype=regulier_beoordeeld,https://publiek.broservices.nl/gm/gld/v1/objectsAsCsv/GLD000000008069
29249,22425,GMW000000030918,1,5.831953835048756,facility_point,GUF000000048439,1,GLD000000101674,228,1981-07-03,2020-11-18,https://publiek.broservices.nl/gm/gld/v1/objectsAsCsv/GLD000000101674?rapportagetype=compact&observatietype=onbekend,https://publiek.broservices.nl/gm/gld/v1/objectsAsCsv/GLD000000101674?rapportagetype=compact&observatietype=regulier_voorlopig,https://publiek.broservices.nl/gm/gld/v1/objectsAsCsv/GLD000000101674?rapportagetype=compact&observatietype=regulier_beoordeeld,https://publiek.broservices.nl/gm/gld/v1/objectsAsCsv/GLD000000101674
29249,22425,GMW000000030918,1,5.831953835048756,facility_point,GUF000000048439,1,GLD000000104538,27,2021-01-27,2025-03-26,https://publiek.broservices.nl/gm/gld/v1/objectsAsCsv/GLD000000104538?rapportagetype=compact&observatietype=onbekend,https://publiek.broservices.nl/gm/gld/v1/objectsAsCsv/GLD000000104538?rapportagetype=compact&observatietype=regulier_voorlopig,https://publiek.broservices.nl/gm/gld/v1/objectsAsCsv/GLD000000104538?rapportagetype=compact&observatietype=regulier_beoordeeld,https://publiek.broservices.nl/gm/gld/v1/objectsAsCsv/GLD000000104538
29263,22436,GMW000000030929,1,38.64031412092175,facility_point,GUF000000051141,1,GLD000000100572,121,1990-10-31,2020-11-09,https://publiek.broservices.nl/gm/gld/v1/objectsAsCsv/GLD000000100572?rapportagetype=compact&observatietype=onbekend,https://publiek.broservices.nl/gm/gld/v1/objectsAsCsv/GLD000000100572?rapportagetype=compact&observatietype=regulier_voorlopig,https://publiek.broservices.nl/gm/gld/v1/objectsAsCsv/GLD000000100572?rapportagetype=compact&observatietype=regulier_beoordeeld,https://publiek.broservices.nl/gm/gld/v1/objectsAsCsv/GLD000000100572
29263,22436,GMW000000030929,1,38.64031412092175,facility_point,GUF000000051141,1,GLD000000104571,13,2021-01-15,2023-01-25,https://publiek.broservices.nl/gm/gld/v1/objectsAsCsv/GLD000000104571?rapportagetype=compact&observatietype=onbekend,https://publiek.broservices.nl/gm/gld/v1/objectsAsCsv/GLD000000104571?rapportagetype=compact&observatietype=regulier_voorlopig,https://publiek.broservices.nl/gm/gld/v1/objectsAsCsv/GLD000000104571?rapportagetype=compact&observatietype=regulier_beoordeeld,https://publiek.broservices.nl/gm/gld/v1/objectsAsCsv/GLD000000104571
29357,22526,GMW000000031019,1,14.036006768207121,realised_well,517756,1,GLD000000099605,27,2021-01-07,2025-04-03,https://publiek.broservices.nl/gm/gld/v1/objectsAsCsv/GLD000000099605?rapportagetype=compact&observatietype=onbekend,https://publiek.broservices.nl/gm/gld/v1/objectsAsCsv/GLD000000099605?rapportagetype=compact&observatietype=regulier_voorlopig,https://publiek.broservices.nl/gm/gld/v1/objectsAsCsv/GLD000000099605?rapportagetype=compact&observatietype=regulier_beoordeeld,https://publiek.broservices.nl/gm/gld/v1/objectsAsCsv/GLD000000099605
29357,22526,GMW000000031019,1,14.036006768207121,realised_well,517756,1,GLD000000101443,239,1979-11-15,2020-10-20,https://publiek.broservices.nl/gm/gld/v1/objectsAsCsv/GLD000000101443?rapportagetype=compact&observatietype=onbekend,https://publiek.broservices.nl/gm/gld/v1/objectsAsCsv/GLD000000101443?rapportagetype=compact&observatietype=regulier_voorlopig,https://publiek.broservices.nl/gm/gld/v1/objectsAsCsv/GLD000000101443?rapportagetype=compact&observatietype=regulier_beoordeeld,https://publiek.broservices.nl/gm/gld/v1/objectsAsCsv/GLD000000101443
29366,22535,GMW000000031028,1,36.89158920577085,facility_point,GUF000000058263,1,GLD000000099841,209,1977-03-21,2020-10-26,https://publiek.broservices.nl/gm/gld/v1/objectsAsCsv/GLD000000099841?rapportagetype=compact&observatietype=onbekend,https://publiek.broservices.nl/gm/gld/v1/objectsAsCsv/GLD000000099841?rapportagetype=compact&observatietype=regulier_voorlopig,https://publiek.broservices.nl/gm/gld/v1/objectsAsCsv/GLD000000099841?rapportagetype=compact&observatietype=regulier_beoordeeld,https://publiek.broservices.nl/gm/gld/v1/objectsAsCsv/GLD000000099841
29366,22535,GMW000000031028,1,36.89158920577085,facility_point,GUF000000058263,1,GLD000000105052,2,2021-01-22,2022-12-01,https://publiek.broservices.nl/gm/gld/v1/objectsAsCsv/GLD000000105052?rapportagetype=compact&observatietype=onbekend,https://publiek.broservices.nl/gm/gld/v1/objectsAsCsv/GLD000000105052?rapportagetype=compact&observatietype=regulier_voorlopig,https://publiek.broservices.nl/gm/gld/v1/objectsAsCsv/GLD000000105052?rapportagetype=compact&observatietype=regulier_beoordeeld,https://publiek.broservices.nl/gm/gld/v1/objectsAsCsv/GLD000000105052
29373,22542,GMW000000031035,1,42.99906954664259,facility_point,GUF000000001397,1,GLD000000100687,184,1991-06-19,2020-12-31,https://publiek.broservices.nl/gm/gld/v1/objectsAsCsv/GLD000000100687?rapportagetype=compact&observatietype=onbekend,https://publiek.broservices.nl/gm/gld/v1/objectsAsCsv/GLD000000100687?rapportagetype=compact&observatietype=regulier_voorlopig,https://publiek.broservices.nl/gm/gld/v1/objectsAsCsv/GLD000000100687?rapportagetype=compact&observatietype=regulier_beoordeeld,https://publiek.broservices.nl/gm/gld/v1/objectsAsCsv/GLD000000100687
29373,22542,GMW000000031035,1,42.99906954664259,facility_point,GUF000000001397,1,GLD000000104817,41,2021-01-01,2025-03-18,https://publiek.broservices.nl/gm/gld/v1/objectsAsCsv/GLD000000104817?rapportagetype=compact&observatietype=onbekend,https://publiek.broservices.nl/gm/gld/v1/objectsAsCsv/GLD000000104817?rapportagetype=compact&observatietype=regulier_voorlopig,https://publiek.broservices.nl/gm/gld/v1/objectsAsCsv/GLD000000104817?rapportagetype=compact&observatietype=regulier_beoordeeld,https://publiek.broservices.nl/gm/gld/v1/objectsAsCsv/GLD000000104817
29419,22585,GMW000000031078,1,35.17173422672762,facility_point,GUF000000017692,1,GLD000000101242,48,2021-01-06,2025-04-09,https://publiek.broservices.nl/gm/gld/v1/objectsAsCsv/GLD000000101242?rapportagetype=compact&observatietype=onbekend,https://publiek.broservices.nl/gm/gld/v1/objectsAsCsv/GLD000000101242?rapportagetype=compact&observatietype=regulier_voorlopig,https://publiek.broservices.nl/gm/gld/v1/objectsAsCsv/GLD000000101242?rapportagetype=compact&observatietype=regulier_beoordeeld,https://publiek.broservices.nl/gm/gld/v1/objectsAsCsv/GLD000000101242
29419,22585,GMW000000031078,1,35.17173422672762,facility_point,GUF000000017692,1,GLD000000101998,204,1991-01-09,2020-12-02,https://publiek.broservices.nl/gm/gld/v1/objectsAsCsv/GLD000000101998?rapportagetype=compact&observatietype=onbekend,https://publiek.broservices.nl/gm/gld/v1/objectsAsCsv/GLD000000101998?rapportagetype=compact&observatietype=regulier_voorlopig,https://publiek.broservices.nl/gm/gld/v1/objectsAsCsv/GLD000000101998?rapportagetype=compact&observatietype=regulier_beoordeeld,https://publiek.broservices.nl/gm/gld/v1/objectsAsCsv/GLD000000101998
29465,22629,GMW000000031122,1,23.407940544105706,realised_well,545394,1,GLD000000100829,99,2004-07-15,2020-12-02,https://publiek.broservices.nl/gm/gld/v1/objectsAsCsv/GLD000000100829?rapportagetype=compact&observatietype=onbekend,https://publiek.broservices.nl/gm/gld/v1/objectsAsCsv/GLD000000100829?rapportagetype=compact&observatietype=regulier_voorlopig,https://publiek.broservices.nl/gm/gld/v1/objectsAsCsv/GLD000000100829?rapportagetype=compact&observatietype=regulier_beoordeeld,https://publiek.broservices.nl/gm/gld/v1/objectsAsCsv/GLD000000100829
29465,22629,GMW000000031122,1,23.407940544105706,realised_well,545394,1,GLD000000105219,11,2021-01-07,2022-02-01,https://publiek.broservices.nl/gm/gld/v1/objectsAsCsv/GLD000000105219?rapportagetype=compact&observatietype=onbekend,https://publiek.broservices.nl/gm/gld/v1/objectsAsCsv/GLD000000105219?rapportagetype=compact&observatietype=regulier_voorlopig,https://publiek.broservices.nl/gm/gld/v1/objectsAsCsv/GLD000000105219?rapportagetype=compact&observatietype=regulier_beoordeeld,https://publiek.broservices.nl/gm/gld/v1/objectsAsCsv/GLD000000105219
29476,22640,GMW000000031133,1,22.82412108580305,facility_point,GUF000000044798,1,GLD000000099421,42,2021-01-01,2025-03-06,https://publiek.broservices.nl/gm/gld/v1/objectsAsCsv/GLD000000099421?rapportagetype=compact&observatietype=onbekend,https://publiek.broservices.nl/gm/gld/v1/objectsAsCsv/GLD000000099421?rapportagetype=compact&observatietype=regulier_voorlopig,https://publiek.broservices.nl/gm/gld/v1/objectsAsCsv/GLD000000099421?rapportagetype=compact&observatietype=regulier_beoordeeld,https://publiek.broservices.nl/gm/gld/v1/objectsAsCsv/GLD000000099421
29476,22640,GMW000000031133,1,22.82412108580305,facility_point,GUF000000044798,1,GLD000000102251,185,1994-01-02,2020-12-31,https://publiek.broservices.nl/gm/gld/v1/objectsAsCsv/GLD000000102251?rapportagetype=compact&observatietype=onbekend,https://publiek.broservices.nl/gm/gld/v1/objectsAsCsv/GLD000000102251?rapportagetype=compact&observatietype=regulier_voorlopig,https://publiek.broservices.nl/gm/gld/v1/objectsAsCsv/GLD000000102251?rapportagetype=compact&observatietype=regulier_beoordeeld,https://publiek.broservices.nl/gm/gld/v1/objectsAsCsv/GLD000000102251
29532,22695,GMW000000031188,1,27.659031009825686,design_well,549762,1,GLD000000100048,155,1994-11-07,2020-11-17,https://publiek.broservices.nl/gm/gld/v1/objectsAsCsv/GLD000000100048?rapportagetype=compact&observatietype=onbekend,https://publiek.broservices.nl/gm/gld/v1/objectsAsCsv/GLD000000100048?rapportagetype=compact&observatietype=regulier_voorlopig,https://publiek.broservices.nl/gm/gld/v1/objectsAsCsv/GLD000000100048?rapportagetype=compact&observatietype=regulier_beoordeeld,https://publiek.broservices.nl/gm/gld/v1/objectsAsCsv/GLD000000100048
29532,22695,GMW000000031188,1,27.659031009825686,design_well,549762,1,GLD000000101121,27,2021-01-20,2025-03-19,https://publiek.broservices.nl/gm/gld/v1/objectsAsCsv/GLD000000101121?rapportagetype=compact&observatietype=onbekend,https://publiek.broservices.nl/gm/gld/v1/objectsAsCsv/GLD000000101121?rapportagetype=compact&observatietype=regulier_voorlopig,https://publiek.broservices.nl/gm/gld/v1/objectsAsCsv/GLD000000101121?rapportagetype=compact&observatietype=regulier_beoordeeld,https://publiek.broservices.nl/gm/gld/v1/objectsAsCsv/GLD000000101121
29570,22733,GMW000000031226,1,36.61995631801076,facility_point,GUF000000025194,1,GLD000000100271,223,1979-05-04,2020-11-12,https://publiek.broservices.nl/gm/gld/v1/objectsAsCsv/GLD000000100271?rapportagetype=compact&observatietype=onbekend,https://publiek.broservices.nl/gm/gld/v1/objectsAsCsv/GLD000000100271?rapportagetype=compact&observatietype=regulier_voorlopig,https://publiek.broservices.nl/gm/gld/v1/objectsAsCsv/GLD000000100271?rapportagetype=compact&observatietype=regulier_beoordeeld,https://publiek.broservices.nl/gm/gld/v1/objectsAsCsv/GLD000000100271
29570,22733,GMW000000031226,1,36.61995631801076,facility_point,GUF000000025194,1,GLD000000103500,12,2021-01-19,2022-12-14,https://publiek.broservices.nl/gm/gld/v1/objectsAsCsv/GLD000000103500?rapportagetype=compact&observatietype=onbekend,https://publiek.broservices.nl/gm/gld/v1/objectsAsCsv/GLD000000103500?rapportagetype=compact&observatietype=regulier_voorlopig,https://publiek.broservices.nl/gm/gld/v1/objectsAsCsv/GLD000000103500?rapportagetype=compact&observatietype=regulier_beoordeeld,https://publiek.broservices.nl/gm/gld/v1/objectsAsCsv/GLD000000103500
29581,22744,GMW000000031237,1,37.12065976510059,facility_point,GUF000000014058,1,GLD000000100838,63,2009-03-05,2020-11-17,https://publiek.broservices.nl/gm/gld/v1/objectsAsCsv/GLD000000100838?rapportagetype=compact&observatietype=onbekend,https://publiek.broservices.nl/gm/gld/v1/objectsAsCsv/GLD000000100838?rapportagetype=compact&observatietype=regulier_voorlopig,https://publiek.broservices.nl/gm/gld/v1/objectsAsCsv/GLD000000100838?rapportagetype=compact&observatietype=regulier_beoordeeld,https://publiek.broservices.nl/gm/gld/v1/objectsAsCsv/GLD000000100838
29581,22744,GMW000000031237,1,37.12065976510059,facility_point,GUF000000014058,1,GLD000000105002,11,2021-01-27,2022-12-28,https://publiek.broservices.nl/gm/gld/v1/objectsAsCsv/GLD000000105002?rapportagetype=compact&observatietype=onbekend,https://publiek.broservices.nl/gm/gld/v1/objectsAsCsv/GLD000000105002?rapportagetype=compact&observatietype=regulier_voorlopig,https://publiek.broservices.nl/gm/gld/v1/objectsAsCsv/GLD000000105002?rapportagetype=compact&observatietype=regulier_beoordeeld,https://publiek.broservices.nl/gm/gld/v1/objectsAsCsv/GLD000000105002
29599,22762,GMW000000031255,1,38.469669401206176,facility_point,GUF000000004499,1,GLD000000098983,238,1978-12-08,2020-03-03,https://publiek.broservices.nl/gm/gld/v1/objectsAsCsv/GLD000000098983?rapportagetype=compact&observatietype=onbekend,https://publiek.broservices.nl/gm/gld/v1/objectsAsCsv/GLD000000098983?rapportagetype=compact&observatietype=regulier_voorlopig,https://publiek.broservices.nl/gm/gld/v1/objectsAsCsv/GLD000000098983?rapportagetype=compact&observatietype=regulier_beoordeeld,https://publiek.broservices.nl/gm/gld/v1/objectsAsCsv/GLD000000098983
29599,22762,GMW000000031255,1,38.469669401206176,facility_point,GUF000000004499,1,GLD000000103656,27,2021-01-08,2025-03-05,https://publiek.broservices.nl/gm/gld/v1/objectsAsCsv/GLD000000103656?rapportagetype=compact&observatietype=onbekend,https://publiek.broservices.nl/gm/gld/v1/objectsAsCsv/GLD000000103656?rapportagetype=compact&observatietype=regulier_voorlopig,https://publiek.broservices.nl/gm/gld/v1/objectsAsCsv/GLD000000103656?rapportagetype=compact&observatietype=regulier_beoordeeld,https://publiek.broservices.nl/gm/gld/v1/objectsAsCsv/GLD000000103656
29655,22815,GMW000000031308,1,48.91729647809073,realised_well,128669,1,GLD000000101181,218,1978-09-19,2020-11-09,https://publiek.broservices.nl/gm/gld/v1/objectsAsCsv/GLD000000101181?rapportagetype=compact&observatietype=onbekend,https://publiek.broservices.nl/gm/gld/v1/objectsAsCsv/GLD000000101181?rapportagetype=compact&observatietype=regulier_voorlopig,https://publiek.broservices.nl/gm/gld/v1/objectsAsCsv/GLD000000101181?rapportagetype=compact&observatietype=regulier_beoordeeld,https://publiek.broservices.nl/gm/gld/v1/objectsAsCsv/GLD000000101181
29655,22815,GMW000000031308,1,48.91729647809073,realised_well,128669,1,GLD000000104567,13,2021-01-15,2023-01-25,https://publiek.broservices.nl/gm/gld/v1/objectsAsCsv/GLD000000104567?rapportagetype=compact&observatietype=onbekend,https://publiek.broservices.nl/gm/gld/v1/objectsAsCsv/GLD000000104567?rapportagetype=compact&observatietype=regulier_voorlopig,https://publiek.broservices.nl/gm/gld/v1/objectsAsCsv/GLD000000104567?rapportagetype=compact&observatietype=regulier_beoordeeld,https://publiek.broservices.nl/gm/gld/v1/objectsAsCsv/GLD000000104567
29680,22840,GMW000000031333,1,37.8014860380425,design_well,546573,1,GLD000000098816,153,1990-05-09,2020-11-24,https://publiek.broservices.nl/gm/gld/v1/objectsAsCsv/GLD000000098816?rapportagetype=compact&observatietype=onbekend,https://publiek.broservices.nl/gm/gld/v1/objectsAsCsv/GLD000000098816?rapportagetype=compact&observatietype=regulier_voorlopig,https://publiek.broservices.nl/gm/gld/v1/objectsAsCsv/GLD000000098816?rapportagetype=compact&observatietype=regulier_beoordeeld,https://publiek.broservices.nl/gm/gld/v1/objectsAsCsv/GLD000000098816
29680,22840,GMW000000031333,1,37.8014860380425,design_well,546573,1,GLD000000100348,4,2021-03-29,2021-10-04,https://publiek.broservices.nl/gm/gld/v1/objectsAsCsv/GLD000000100348?rapportagetype=compact&observatietype=onbekend,https://publiek.broservices.nl/gm/gld/v1/objectsAsCsv/GLD000000100348?rapportagetype=compact&observatietype=regulier_voorlopig,https://publiek.broservices.nl/gm/gld/v1/objectsAsCsv/GLD000000100348?rapportagetype=compact&observatietype=regulier_beoordeeld,https://publiek.broservices.nl/gm/gld/v1/objectsAsCsv/GLD000000100348
29698,22858,GMW000000031351,3,49.25424861814479,facility_point,GUF000000006404,1,GLD000000100774,53,2004-11-22,2020-12-17,https://publiek.broservices.nl/gm/gld/v1/objectsAsCsv/GLD000000100774?rapportagetype=compact&observatietype=onbekend,https://publiek.broservices.nl/gm/gld/v1/objectsAsCsv/GLD000000100774?rapportagetype=compact&observatietype=regulier_voorlopig,https://publiek.broservices.nl/gm/gld/v1/objectsAsCsv/GLD000000100774?rapportagetype=compact&observatietype=regulier_beoordeeld,https://publiek.broservices.nl/gm/gld/v1/objectsAsCsv/GLD000000100774
29698,22858,GMW000000031351,3,49.25424861814479,facility_point,GUF000000006404,1,GLD000000101238,25,2021-03-04,2025-05-08,https://publiek.broservices.nl/gm/gld/v1/objectsAsCsv/GLD000000101238?rapportagetype=compact&observatietype=onbekend,https://publiek.broservices.nl/gm/gld/v1/objectsAsCsv/GLD000000101238?rapportagetype=compact&observatietype=regulier_voorlopig,https://publiek.broservices.nl/gm/gld/v1/objectsAsCsv/GLD000000101238?rapportagetype=compact&observatietype=regulier_beoordeeld,https://publiek.broservices.nl/gm/gld/v1/objectsAsCsv/GLD000000101238
29708,22866,GMW000000031359,1,13.342425904223706,design_well,548082,1,GLD000000098803,145,1997-04-04,2020-09-21,https://publiek.broservices.nl/gm/gld/v1/objectsAsCsv/GLD000000098803?rapportagetype=compact&observatietype=onbekend,https://publiek.broservices.nl/gm/gld/v1/objectsAsCsv/GLD000000098803?rapportagetype=compact&observatietype=regulier_voorlopig,https://publiek.broservices.nl/gm/gld/v1/objectsAsCsv/GLD000000098803?rapportagetype=compact&observatietype=regulier_beoordeeld,https://publiek.broservices.nl/gm/gld/v1/objectsAsCsv/GLD000000098803
29708,22866,GMW000000031359,1,13.342425904223706,design_well,548082,1,GLD000000099313,22,2021-03-30,2025-03-17,https://publiek.broservices.nl/gm/gld/v1/objectsAsCsv/GLD000000099313?rapportagetype=compact&observatietype=onbekend,https://publiek.broservices.nl/gm/gld/v1/objectsAsCsv/GLD000000099313?rapportagetype=compact&observatietype=regulier_voorlopig,https://publiek.broservices.nl/gm/gld/v1/objectsAsCsv/GLD000000099313?rapportagetype=compact&observatietype=regulier_beoordeeld,https://publiek.broservices.nl/gm/gld/v1/objectsAsCsv/GLD000000099313
29740,22896,GMW000000031389,1,4.471492243422987,design_well,541717,1,GLD000000100347,31,2021-01-15,2025-04-15,https://publiek.broservices.nl/gm/gld/v1/objectsAsCsv/GLD000000100347?rapportagetype=compact&observatietype=onbekend,https://publiek.broservices.nl/gm/gld/v1/objectsAsCsv/GLD000000100347?rapportagetype=compact&observatietype=regulier_voorlopig,https://publiek.broservices.nl/gm/gld/v1/objectsAsCsv/GLD000000100347?rapportagetype=compact&observatietype=regulier_beoordeeld,https://publiek.broservices.nl/gm/gld/v1/objectsAsCsv/GLD000000100347
29740,22896,GMW000000031389,1,4.471492243422987,design_well,541717,1,GLD000000102454,118,2002-09-20,2020-10-27,https://publiek.broservices.nl/gm/gld/v1/objectsAsCsv/GLD000000102454?rapportagetype=compact&observatietype=onbekend,https://publiek.broservices.nl/gm/gld/v1/objectsAsCsv/GLD000000102454?rapportagetype=compact&observatietype=regulier_voorlopig,https://publiek.broservices.nl/gm/gld/v1/objectsAsCsv/GLD000000102454?rapportagetype=compact&observatietype=regulier_beoordeeld,https://publiek.broservices.nl/gm/gld/v1/objectsAsCsv/GLD000000102454
29756,22911,GMW000000031404,1,39.999972839834506,facility_point,GUF000000007149,1,GLD000000098773,242,1977-06-27,2020-11-25,https://publiek.broservices.nl/gm/gld/v1/objectsAsCsv/GLD000000098773?rapportagetype=compact&observatietype=onbekend,https://publiek.broservices.nl/gm/gld/v1/objectsAsCsv/GLD000000098773?rapportagetype=compact&observatietype=regulier_voorlopig,https://publiek.broservices.nl/gm/gld/v1/objectsAsCsv/GLD000000098773?rapportagetype=compact&observatietype=regulier_beoordeeld,https://publiek.broservices.nl/gm/gld/v1/objectsAsCsv/GLD000000098773
29756,22911,GMW000000031404,1,39.999972839834506,facility_point,GUF000000007149,1,GLD000000104459,22,2021-01-29,2025-04-28,https://publiek.broservices.nl/gm/gld/v1/objectsAsCsv/GLD000000104459?rapportagetype=compact&observatietype=onbekend,https://publiek.broservices.nl/gm/gld/v1/objectsAsCsv/GLD000000104459?rapportagetype=compact&observatietype=regulier_voorlopig,https://publiek.broservices.nl/gm/gld/v1/objectsAsCsv/GLD000000104459?rapportagetype=compact&observatietype=regulier_beoordeeld,https://publiek.broservices.nl/gm/gld/v1/objectsAsCsv/GLD000000104459
29794,22948,GMW000000031441,1,24.18570487094802,design_well,534036,1,GLD000000100573,160,1991-01-02,2020-11-16,https://publiek.broservices.nl/gm/gld/v1/objectsAsCsv/GLD000000100573?rapportagetype=compact&observatietype=onbekend,https://publiek.broservices.nl/gm/gld/v1/objectsAsCsv/GLD000000100573?rapportagetype=compact&observatietype=regulier_voorlopig,https://publiek.broservices.nl/gm/gld/v1/objectsAsCsv/GLD000000100573?rapportagetype=compact&observatietype=regulier_beoordeeld,https://publiek.broservices.nl/gm/gld/v1/objectsAsCsv/GLD000000100573
29794,22948,GMW000000031441,1,24.18570487094802,design_well,534036,1,GLD000000104161,12,2021-01-22,2022-12-27,https://publiek.broservices.nl/gm/gld/v1/objectsAsCsv/GLD000000104161?rapportagetype=compact&observatietype=onbekend,https://publiek.broservices.nl/gm/gld/v1/objectsAsCsv/GLD000000104161?rapportagetype=compact&observatietype=regulier_voorlopig,https://publiek.broservices.nl/gm/gld/v1/objectsAsCsv/GLD000000104161?rapportagetype=compact&observatietype=regulier_beoordeeld,https://publiek.broservices.nl/gm/gld/v1/objectsAsCsv/GLD000000104161
29812,22965,GMW000000031458,1,42.720561357314686,facility_point,GUF000000082645,1,GLD000000099593,310,1969-07-01,2020-11-10,https://publiek.broservices.nl/gm/gld/v1/objectsAsCsv/GLD000000099593?rapportagetype=compact&observatietype=onbekend,https://publiek.broservices.nl/gm/gld/v1/objectsAsCsv/GLD000000099593?rapportagetype=compact&observatietype=regulier_voorlopig,https://publiek.broservices.nl/gm/gld/v1/objectsAsCsv/GLD000000099593?rapportagetype=compact&observatietype=regulier_beoordeeld,https://publiek.broservices.nl/gm/gld/v1/objectsAsCsv/GLD000000099593
29812,22965,GMW000000031458,1,42.720561357314686,facility_point,GUF000000082645,1,GLD000000104439,12,2021-01-12,2022-12-29,https://publiek.broservices.nl/gm/gld/v1/objectsAsCsv/GLD000000104439?rapportagetype=compact&observatietype=onbekend,https://publiek.broservices.nl/gm/gld/v1/objectsAsCsv/GLD000000104439?rapportagetype=compact&observatietype=regulier_voorlopig,https://publiek.broservices.nl/gm/gld/v1/objectsAsCsv/GLD000000104439?rapportagetype=compact&observatietype=regulier_beoordeeld,https://publiek.broservices.nl/gm/gld/v1/objectsAsCsv/GLD000000104439
29828,22981,GMW000000031474,1,45.88134173911435,facility_point,GUF000000005273,1,GLD000000100745,88,2005-12-09,2020-11-11,https://publiek.broservices.nl/gm/gld/v1/objectsAsCsv/GLD000000100745?rapportagetype=compact&observatietype=onbekend,https://publiek.broservices.nl/gm/gld/v1/objectsAsCsv/GLD000000100745?rapportagetype=compact&observatietype=regulier_voorlopig,https://publiek.broservices.nl/gm/gld/v1/objectsAsCsv/GLD000000100745?rapportagetype=compact&observatietype=regulier_beoordeeld,https://publiek.broservices.nl/gm/gld/v1/objectsAsCsv/GLD000000100745
29828,22981,GMW000000031474,1,45.88134173911435,facility_point,GUF000000005273,1,GLD000000104910,12,2021-01-14,2023-01-26,https://publiek.broservices.nl/gm/gld/v1/objectsAsCsv/GLD000000104910?rapportagetype=compact&observatietype=onbekend,https://publiek.broservices.nl/gm/gld/v1/objectsAsCsv/GLD000000104910?rapportagetype=compact&observatietype=regulier_voorlopig,https://publiek.broservices.nl/gm/gld/v1/objectsAsCsv/GLD000000104910?rapportagetype=compact&observatietype=regulier_beoordeeld,https://publiek.broservices.nl/gm/gld/v1/objectsAsCsv/GLD000000104910
29829,22982,GMW000000031475,1,37.575149165236205,facility_point,GUF000000012764,1,GLD000000099839,249,1976-11-25,2020-10-15,https://publiek.broservices.nl/gm/gld/v1/objectsAsCsv/GLD000000099839?rapportagetype=compact&observatietype=onbekend,https://publiek.broservices.nl/gm/gld/v1/objectsAsCsv/GLD000000099839?rapportagetype=compact&observatietype=regulier_voorlopig,https://publiek.broservices.nl/gm/gld/v1/objectsAsCsv/GLD000000099839?rapportagetype=compact&observatietype=regulier_beoordeeld,https://publiek.broservices.nl/gm/gld/v1/objectsAsCsv/GLD000000099839
29829,22982,GMW000000031475,1,37.575149165236205,facility_point,GUF000000012764,1,GLD000000104312,24,2021-01-08,2025-02-18,https://publiek.broservices.nl/gm/gld/v1/objectsAsCsv/GLD000000104312?rapportagetype=compact&observatietype=onbekend,https://publiek.broservices.nl/gm/gld/v1/objectsAsCsv/GLD000000104312?rapportagetype=compact&observatietype=regulier_voorlopig,https://publiek.broservices.nl/gm/gld/v1/objectsAsCsv/GLD000000104312?rapportagetype=compact&observatietype=regulier_beoordeeld,https://publiek.broservices.nl/gm/gld/v1/objectsAsCsv/GLD000000104312
29848,23001,GMW000000031494,1,37.65586727425681,facility_point,GUF000000016728,1,GLD000000101979,177,1991-02-27,2020-11-17,https://publiek.broservices.nl/gm/gld/v1/objectsAsCsv/GLD000000101979?rapportagetype=compact&observatietype=onbekend,https://publiek.broservices.nl/gm/gld/v1/objectsAsCsv/GLD000000101979?rapportagetype=compact&observatietype=regulier_voorlopig,https://publiek.broservices.nl/gm/gld/v1/objectsAsCsv/GLD000000101979?rapportagetype=compact&observatietype=regulier_beoordeeld,https://publiek.broservices.nl/gm/gld/v1/objectsAsCsv/GLD000000101979
29848,23001,GMW000000031494,1,37.65586727425681,facility_point,GUF000000016728,1,GLD000000104971,19,2021-03-29,2025-05-08,https://publiek.broservices.nl/gm/gld/v1/objectsAsCsv/GLD000000104971?rapportagetype=compact&observatietype=onbekend,https://publiek.broservices.nl/gm/gld/v1/objectsAsCsv/GLD000000104971?rapportagetype=compact&observatietype=regulier_voorlopig,https://publiek.broservices.nl/gm/gld/v1/objectsAsCsv/GLD000000104971?rapportagetype=compact&observatietype=regulier_beoordeeld,https://publiek.broservices.nl/gm/gld/v1/objectsAsCsv/GLD000000104971
29861,23013,GMW000000031506,1,15.65308305796487,facility_point,GUF000000009562,1,GLD000000100794,113,2002-02-14,2020-12-30,https://publiek.broservices.nl/gm/gld/v1/objectsAsCsv/GLD000000100794?rapportagetype=compact&observatietype=onbekend,https://publiek.broservices.nl/gm/gld/v1/objectsAsCsv/GLD000000100794?rapportagetype=compact&observatietype=regulier_voorlopig,https://publiek.broservices.nl/gm/gld/v1/objectsAsCsv/GLD000000100794?rapportagetype=compact&observatietype=regulier_beoordeeld,https://publiek.broservices.nl/gm/gld/v1/objectsAsCsv/GLD000000100794
29861,23013,GMW000000031506,1,15.65308305796487,facility_point,GUF000000009562,1,GLD000000105209,12,2021-03-08,2022-12-23,https://publiek.broservices.nl/gm/gld/v1/objectsAsCsv/GLD000000105209?rapportagetype=compact&observatietype=onbekend,https://publiek.broservices.nl/gm/gld/v1/objectsAsCsv/GLD000000105209?rapportagetype=compact&observatietype=regulier_voorlopig,https://publiek.broservices.nl/gm/gld/v1/objectsAsCsv/GLD000000105209?rapportagetype=compact&observatietype=regulier_beoordeeld,https://publiek.broservices.nl/gm/gld/v1/objectsAsCsv/GLD000000105209
29908,23060,GMW000000031553,1,4.473151919690456,design_well,535481,1,GLD000000100635,202,1977-03-21,2020-10-26,https://publiek.broservices.nl/gm/gld/v1/objectsAsCsv/GLD000000100635?rapportagetype=compact&observatietype=onbekend,https://publiek.broservices.nl/gm/gld/v1/objectsAsCsv/GLD000000100635?rapportagetype=compact&observatietype=regulier_voorlopig,https://publiek.broservices.nl/gm/gld/v1/objectsAsCsv/GLD000000100635?rapportagetype=compact&observatietype=regulier_beoordeeld,https://publiek.broservices.nl/gm/gld/v1/objectsAsCsv/GLD000000100635
29908,23060,GMW000000031553,1,4.473151919690456,design_well,535481,1,GLD000000105087,27,2021-01-22,2025-04-15,https://publiek.broservices.nl/gm/gld/v1/objectsAsCsv/GLD000000105087?rapportagetype=compact&observatietype=onbekend,https://publiek.broservices.nl/gm/gld/v1/objectsAsCsv/GLD000000105087?rapportagetype=compact&observatietype=regulier_voorlopig,https://publiek.broservices.nl/gm/gld/v1/objectsAsCsv/GLD000000105087?rapportagetype=compact&observatietype=regulier_beoordeeld,https://publiek.broservices.nl/gm/gld/v1/objectsAsCsv/GLD000000105087
29909,23061,GMW000000031554,1,16.9703021437754,facility_point,GUF000000014058,1,GLD000000099391,25,2021-01-27,2025-05-08,https://publiek.broservices.nl/gm/gld/v1/objectsAsCsv/GLD000000099391?rapportagetype=compact&observatietype=onbekend,https://publiek.broservices.nl/gm/gld/v1/objectsAsCsv/GLD000000099391?rapportagetype=compact&observatietype=regulier_voorlopig,https://publiek.broservices.nl/gm/gld/v1/objectsAsCsv/GLD000000099391?rapportagetype=compact&observatietype=regulier_beoordeeld,https://publiek.broservices.nl/gm/gld/v1/objectsAsCsv/GLD000000099391
29909,23061,GMW000000031554,1,16.9703021437754,facility_point,GUF000000014058,1,GLD000000102806,72,2009-03-05,2020-09-22,https://publiek.broservices.nl/gm/gld/v1/objectsAsCsv/GLD000000102806?rapportagetype=compact&observatietype=onbekend,https://publiek.broservices.nl/gm/gld/v1/objectsAsCsv/GLD000000102806?rapportagetype=compact&observatietype=regulier_voorlopig,https://publiek.broservices.nl/gm/gld/v1/objectsAsCsv/GLD000000102806?rapportagetype=compact&observatietype=regulier_beoordeeld,https://publiek.broservices.nl/gm/gld/v1/objectsAsCsv/GLD000000102806
29931,23083,GMW000000031576,1,46.84103035074758,facility_point,GUF000000028078,1,GLD000000098596,407,1963-03-14,2020-11-25,https://publiek.broservices.nl/gm/gld/v1/objectsAsCsv/GLD000000098596?rapportagetype=compact&observatietype=onbekend,https://publiek.broservices.nl/gm/gld/v1/objectsAsCsv/GLD000000098596?rapportagetype=compact&observatietype=regulier_voorlopig,https://publiek.broservices.nl/gm/gld/v1/objectsAsCsv/GLD000000098596?rapportagetype=compact&observatietype=regulier_beoordeeld,https://publiek.broservices.nl/gm/gld/v1/objectsAsCsv/GLD000000098596
29931,23083,GMW000000031576,1,46.84103035074758,facility_point,GUF000000028078,1,GLD000000099395,22,2021-01-29,2025-04-28,https://publiek.broservices.nl/gm/gld/v1/objectsAsCsv/GLD000000099395?rapportagetype=compact&observatietype=onbekend,https://publiek.broservices.nl/gm/gld/v1/objectsAsCsv/GLD000000099395?rapportagetype=compact&observatietype=regulier_voorlopig,https://publiek.broservices.nl/gm/gld/v1/objectsAsCsv/GLD000000099395?rapportagetype=compact&observatietype=regulier_beoordeeld,https://publiek.broservices.nl/gm/gld/v1/objectsAsCsv/GLD000000099395
29961,23111,GMW000000031604,1,29.069618748154593,design_well,548079,1,GLD000000099290,52,2021-01-01,2025-03-18,https://publiek.broservices.nl/gm/gld/v1/objectsAsCsv/GLD000000099290?rapportagetype=compact&observatietype=onbekend,https://publiek.broservices.nl/gm/gld/v1/objectsAsCsv/GLD000000099290?rapportagetype=compact&observatietype=regulier_voorlopig,https://publiek.broservices.nl/gm/gld/v1/objectsAsCsv/GLD000000099290?rapportagetype=compact&observatietype=regulier_beoordeeld,https://publiek.broservices.nl/gm/gld/v1/objectsAsCsv/GLD000000099290
29961,23111,GMW000000031604,1,29.069618748154593,design_well,548079,1,GLD000000099620,300,1975-01-18,2020-12-31,https://publiek.broservices.nl/gm/gld/v1/objectsAsCsv/GLD000000099620?rapportagetype=compact&observatietype=onbekend,https://publiek.broservices.nl/gm/gld/v1/objectsAsCsv/GLD000000099620?rapportagetype=compact&observatietype=regulier_voorlopig,https://publiek.broservices.nl/gm/gld/v1/objectsAsCsv/GLD000000099620?rapportagetype=compact&observatietype=regulier_beoordeeld,https://publiek.broservices.nl/gm/gld/v1/objectsAsCsv/GLD000000099620
29971,23121,GMW000000031614,1,20.51721727975391,facility_point,GUF000000052358,1,GLD000000099488,8,2021-02-17,2024-10-18,https://publiek.broservices.nl/gm/gld/v1/objectsAsCsv/GLD000000099488?rapportagetype=compact&observatietype=onbekend,https://publiek.broservices.nl/gm/gld/v1/objectsAsCsv/GLD000000099488?rapportagetype=compact&observatietype=regulier_voorlopig,https://publiek.broservices.nl/gm/gld/v1/objectsAsCsv/GLD000000099488?rapportagetype=compact&observatietype=regulier_beoordeeld,https://publiek.broservices.nl/gm/gld/v1/objectsAsCsv/GLD000000099488
29971,23121,GMW000000031614,1,20.51721727975391,facility_point,GUF000000052358,1,GLD000000100868,69,2007-03-14,2020-12-07,https://publiek.broservices.nl/gm/gld/v1/objectsAsCsv/GLD000000100868?rapportagetype=compact&observatietype=onbekend,https://publiek.broservices.nl/gm/gld/v1/objectsAsCsv/GLD000000100868?rapportagetype=compact&observatietype=regulier_voorlopig,https://publiek.broservices.nl/gm/gld/v1/objectsAsCsv/GLD000000100868?rapportagetype=compact&observatietype=regulier_beoordeeld,https://publiek.broservices.nl/gm/gld/v1/objectsAsCsv/GLD000000100868
29982,23131,GMW000000031624,1,23.345766335793485,design_well,534505,1,GLD000000100228,282,1976-05-14,2020-11-04,https://publiek.broservices.nl/gm/gld/v1/objectsAsCsv/GLD000000100228?rapportagetype=compact&observatietype=onbekend,https://publiek.broservices.nl/gm/gld/v1/objectsAsCsv/GLD000000100228?rapportagetype=compact&observatietype=regulier_voorlopig,https://publiek.broservices.nl/gm/gld/v1/objectsAsCsv/GLD000000100228?rapportagetype=compact&observatietype=regulier_beoordeeld,https://publiek.broservices.nl/gm/gld/v1/objectsAsCsv/GLD000000100228
29982,23131,GMW000000031624,1,23.345766335793485,design_well,534505,1,GLD000000103934,22,2021-01-15,2025-02-05,https://publiek.broservices.nl/gm/gld/v1/objectsAsCsv/GLD000000103934?rapportagetype=compact&observatietype=onbekend,https://publiek.broservices.nl/gm/gld/v1/objectsAsCsv/GLD000000103934?rapportagetype=compact&observatietype=regulier_voorlopig,https://publiek.broservices.nl/gm/gld/v1/objectsAsCsv/GLD000000103934?rapportagetype=compact&observatietype=regulier_beoordeeld,https://publiek.broservices.nl/gm/gld/v1/objectsAsCsv/GLD000000103934
29997,23145,GMW000000031638,1,21.931583908558146,design_well,539945,1,GLD000000099590,56,2007-04-04,2020-10-15,https://publiek.broservices.nl/gm/gld/v1/objectsAsCsv/GLD000000099590?rapportagetype=compact&observatietype=onbekend,https://publiek.broservices.nl/gm/gld/v1/objectsAsCsv/GLD000000099590?rapportagetype=compact&observatietype=regulier_voorlopig,https://publiek.broservices.nl/gm/gld/v1/objectsAsCsv/GLD000000099590?rapportagetype=compact&observatietype=regulier_beoordeeld,https://publiek.broservices.nl/gm/gld/v1/objectsAsCsv/GLD000000099590
29997,23145,GMW000000031638,1,21.931583908558146,design_well,539945,1,GLD000000103632,27,2021-01-05,2025-04-29,https://publiek.broservices.nl/gm/gld/v1/objectsAsCsv/GLD000000103632?rapportagetype=compact&observatietype=onbekend,https://publiek.broservices.nl/gm/gld/v1/objectsAsCsv/GLD000000103632?rapportagetype=compact&observatietype=regulier_voorlopig,https://publiek.broservices.nl/gm/gld/v1/objectsAsCsv/GLD000000103632?rapportagetype=compact&observatietype=regulier_beoordeeld,https://publiek.broservices.nl/gm/gld/v1/objectsAsCsv/GLD000000103632
30035,23181,GMW000000031674,1,24.41292954544139,facility_point,GUF000000019123,1,GLD000000101311,242,1978-12-08,2020-11-11,https://publiek.broservices.nl/gm/gld/v1/objectsAsCsv/GLD000000101311?rapportagetype=compact&observatietype=onbekend,https://publiek.broservices.nl/gm/gld/v1/objectsAsCsv/GLD000000101311?rapportagetype=compact&observatietype=regulier_voorlopig,https://publiek.broservices.nl/gm/gld/v1/objectsAsCsv/GLD000000101311?rapportagetype=compact&observatietype=regulier_beoordeeld,https://publiek.broservices.nl/gm/gld/v1/objectsAsCsv/GLD000000101311
30035,23181,GMW000000031674,1,24.41292954544139,facility_point,GUF000000019123,1,GLD000000103657,26,2021-01-08,2025-03-05,https://publiek.broservices.nl/gm/gld/v1/objectsAsCsv/GLD000000103657?rapportagetype=compact&observatietype=onbekend,https://publiek.broservices.nl/gm/gld/v1/objectsAsCsv/GLD000000103657?rapportagetype=compact&observatietype=regulier_voorlopig,https://publiek.broservices.nl/gm/gld/v1/objectsAsCsv/GLD000000103657?rapportagetype=compact&observatietype=regulier_beoordeeld,https://publiek.broservices.nl/gm/gld/v1/objectsAsCsv/GLD000000103657
30065,23211,GMW000000031704,3,32.893281890185555,facility_point,GUF000000008488,2,GLD000000101765,272,1989-10-11,2020-08-25,https://publiek.broservices.nl/gm/gld/v1/objectsAsCsv/GLD000000101765?rapportagetype=compact&observatietype=onbekend,https://publiek.broservices.nl/gm/gld/v1/objectsAsCsv/GLD000000101765?rapportagetype=compact&observatietype=regulier_voorlopig,https://publiek.broservices.nl/gm/gld/v1/objectsAsCsv/GLD000000101765?rapportagetype=compact&observatietype=regulier_beoordeeld,https://publiek.broservices.nl/gm/gld/v1/objectsAsCsv/GLD000000101765
30065,23211,GMW000000031704,3,32.893281890185555,facility_point,GUF000000008488,2,GLD000000103400,12,2023-03-27,2025-05-02,https://publiek.broservices.nl/gm/gld/v1/objectsAsCsv/GLD000000103400?rapportagetype=compact&observatietype=onbekend,https://publiek.broservices.nl/gm/gld/v1/objectsAsCsv/GLD000000103400?rapportagetype=compact&observatietype=regulier_voorlopig,https://publiek.broservices.nl/gm/gld/v1/objectsAsCsv/GLD000000103400?rapportagetype=compact&observatietype=regulier_beoordeeld,https://publiek.broservices.nl/gm/gld/v1/objectsAsCsv/GLD000000103400
30066,23211,GMW000000031704,4,32.893281890185555,facility_point,GUF000000008488,1,GLD000000101773,273,1989-10-11,2020-08-25,https://publiek.broservices.nl/gm/gld/v1/objectsAsCsv/GLD000000101773?rapportagetype=compact&observatietype=onbekend,https://publiek.broservices.nl/gm/gld/v1/objectsAsCsv/GLD000000101773?rapportagetype=compact&observatietype=regulier_voorlopig,https://publiek.broservices.nl/gm/gld/v1/objectsAsCsv/GLD000000101773?rapportagetype=compact&observatietype=regulier_beoordeeld,https://publiek.broservices.nl/gm/gld/v1/objectsAsCsv/GLD000000101773
30066,23211,GMW000000031704,4,32.893281890185555,facility_point,GUF000000008488,1,GLD000000103321,12,2023-03-27,2025-05-02,https://publiek.broservices.nl/gm/gld/v1/objectsAsCsv/GLD000000103321?rapportagetype=compact&observatietype=onbekend,https://publiek.broservices.nl/gm/gld/v1/objectsAsCsv/GLD000000103321?rapportagetype=compact&observatietype=regulier_voorlopig,https://publiek.broservices.nl/gm/gld/v1/objectsAsCsv/GLD000000103321?rapportagetype=compact&observatietype=regulier_beoordeeld,https://publiek.broservices.nl/gm/gld/v1/objectsAsCsv/GLD000000103321
30104,23246,GMW000000031739,1,17.116204588822384,facility_point,GUF000000017609,1,GLD000000100664,159,1995-02-07,2020-11-20,https://publiek.broservices.nl/gm/gld/v1/objectsAsCsv/GLD000000100664?rapportagetype=compact&observatietype=onbekend,https://publiek.broservices.nl/gm/gld/v1/objectsAsCsv/GLD000000100664?rapportagetype=compact&observatietype=regulier_voorlopig,https://publiek.broservices.nl/gm/gld/v1/objectsAsCsv/GLD000000100664?rapportagetype=compact&observatietype=regulier_beoordeeld,https://publiek.broservices.nl/gm/gld/v1/objectsAsCsv/GLD000000100664
30104,23246,GMW000000031739,1,17.116204588822384,facility_point,GUF000000017609,1,GLD000000104866,33,2021-01-26,2025-03-18,https://publiek.broservices.nl/gm/gld/v1/objectsAsCsv/GLD000000104866?rapportagetype=compact&observatietype=onbekend,https://publiek.broservices.nl/gm/gld/v1/objectsAsCsv/GLD000000104866?rapportagetype=compact&observatietype=regulier_voorlopig,https://publiek.broservices.nl/gm/gld/v1/objectsAsCsv/GLD000000104866?rapportagetype=compact&observatietype=regulier_beoordeeld,https://publiek.broservices.nl/gm/gld/v1/objectsAsCsv/GLD000000104866
30225,23365,GMW000000031858,1,13.03743865776485,facility_point,GUF000000001486,1,GLD000000102051,172,1991-03-28,2020-11-18,https://publiek.broservices.nl/gm/gld/v1/objectsAsCsv/GLD000000102051?rapportagetype=compact&observatietype=onbekend,https://publiek.broservices.nl/gm/gld/v1/objectsAsCsv/GLD000000102051?rapportagetype=compact&observatietype=regulier_voorlopig,https://publiek.broservices.nl/gm/gld/v1/objectsAsCsv/GLD000000102051?rapportagetype=compact&observatietype=regulier_beoordeeld,https://publiek.broservices.nl/gm/gld/v1/objectsAsCsv/GLD000000102051
30225,23365,GMW000000031858,1,13.03743865776485,facility_point,GUF000000001486,1,GLD000000104647,11,2021-01-27,2022-09-28,https://publiek.broservices.nl/gm/gld/v1/objectsAsCsv/GLD000000104647?rapportagetype=compact&observatietype=onbekend,https://publiek.broservices.nl/gm/gld/v1/objectsAsCsv/GLD000000104647?rapportagetype=compact&observatietype=regulier_voorlopig,https://publiek.broservices.nl/gm/gld/v1/objectsAsCsv/GLD000000104647?rapportagetype=compact&observatietype=regulier_beoordeeld,https://publiek.broservices.nl/gm/gld/v1/objectsAsCsv/GLD000000104647
30247,23386,GMW000000031879,1,24.413012450025224,facility_point,GUF000000001485,1,GLD000000101217,45,2021-01-01,2024-08-29,https://publiek.broservices.nl/gm/gld/v1/objectsAsCsv/GLD000000101217?rapportagetype=compact&observatietype=onbekend,https://publiek.broservices.nl/gm/gld/v1/objectsAsCsv/GLD000000101217?rapportagetype=compact&observatietype=regulier_voorlopig,https://publiek.broservices.nl/gm/gld/v1/objectsAsCsv/GLD000000101217?rapportagetype=compact&observatietype=regulier_beoordeeld,https://publiek.broservices.nl/gm/gld/v1/objectsAsCsv/GLD000000101217
30247,23386,GMW000000031879,1,24.413012450025224,facility_point,GUF000000001485,1,GLD000000102608,132,2004-11-01,2020-12-31,https://publiek.broservices.nl/gm/gld/v1/objectsAsCsv/GLD000000102608?rapportagetype=compact&observatietype=onbekend,https://publiek.broservices.nl/gm/gld/v1/objectsAsCsv/GLD000000102608?rapportagetype=compact&observatietype=regulier_voorlopig,https://publiek.broservices.nl/gm/gld/v1/objectsAsCsv/GLD000000102608?rapportagetype=compact&observatietype=regulier_beoordeeld,https://publiek.broservices.nl/gm/gld/v1/objectsAsCsv/GLD000000102608
30249,23388,GMW000000031881,1,38.60032994934043,facility_point,GUF000000005273,1,GLD000000100256,36,2021-01-01,2025-03-26,https://publiek.broservices.nl/gm/gld/v1/objectsAsCsv/GLD000000100256?rapportagetype=compact&observatietype=onbekend,https://publiek.broservices.nl/gm/gld/v1/objectsAsCsv/GLD000000100256?rapportagetype=compact&observatietype=regulier_voorlopig,https://publiek.broservices.nl/gm/gld/v1/objectsAsCsv/GLD000000100256?rapportagetype=compact&observatietype=regulier_beoordeeld,https://publiek.broservices.nl/gm/gld/v1/objectsAsCsv/GLD000000100256
30249,23388,GMW000000031881,1,38.60032994934043,facility_point,GUF000000005273,1,GLD000000101942,194,1990-07-11,2020-12-31,https://publiek.broservices.nl/gm/gld/v1/objectsAsCsv/GLD000000101942?rapportagetype=compact&observatietype=onbekend,https://publiek.broservices.nl/gm/gld/v1/objectsAsCsv/GLD000000101942?rapportagetype=compact&observatietype=regulier_voorlopig,https://publiek.broservices.nl/gm/gld/v1/objectsAsCsv/GLD000000101942?rapportagetype=compact&observatietype=regulier_beoordeeld,https://publiek.broservices.nl/gm/gld/v1/objectsAsCsv/GLD000000101942
30265,23402,GMW000000031895,1,20.807962978843328,facility_point,GUF000000001485,1,GLD000000101952,207,1990-06-05,2020-09-22,https://publiek.broservices.nl/gm/gld/v1/objectsAsCsv/GLD000000101952?rapportagetype=compact&observatietype=onbekend,https://publiek.broservices.nl/gm/gld/v1/objectsAsCsv/GLD000000101952?rapportagetype=compact&observatietype=regulier_voorlopig,https://publiek.broservices.nl/gm/gld/v1/objectsAsCsv/GLD000000101952?rapportagetype=compact&observatietype=regulier_beoordeeld,https://publiek.broservices.nl/gm/gld/v1/objectsAsCsv/GLD000000101952
30265,23402,GMW000000031895,1,20.807962978843328,facility_point,GUF000000001485,1,GLD000000104967,6,2021-02-05,2021-12-14,https://publiek.broservices.nl/gm/gld/v1/objectsAsCsv/GLD000000104967?rapportagetype=compact&observatietype=onbekend,https://publiek.broservices.nl/gm/gld/v1/objectsAsCsv/GLD000000104967?rapportagetype=compact&observatietype=regulier_voorlopig,https://publiek.broservices.nl/gm/gld/v1/objectsAsCsv/GLD000000104967?rapportagetype=compact&observatietype=regulier_beoordeeld,https://publiek.broservices.nl/gm/gld/v1/objectsAsCsv/GLD000000104967
30341,23471,GMW000000031964,1,26.400282413332096,realised_well,111895,1,GLD000000099166,27,2021-01-01,2023-02-07,https://publiek.broservices.nl/gm/gld/v1/objectsAsCsv/GLD000000099166?rapportagetype=compact&observatietype=onbekend,https://publiek.broservices.nl/gm/gld/v1/objectsAsCsv/GLD000000099166?rapportagetype=compact&observatietype=regulier_voorlopig,https://publiek.broservices.nl/gm/gld/v1/objectsAsCsv/GLD000000099166?rapportagetype=compact&observatietype=regulier_beoordeeld,https://publiek.broservices.nl/gm/gld/v1/objectsAsCsv/GLD000000099166
30341,23471,GMW000000031964,1,26.400282413332096,realised_well,111895,1,GLD000000100696,191,1992-09-10,2020-12-31,https://publiek.broservices.nl/gm/gld/v1/objectsAsCsv/GLD000000100696?rapportagetype=compact&observatietype=onbekend,https://publiek.broservices.nl/gm/gld/v1/objectsAsCsv/GLD000000100696?rapportagetype=compact&observatietype=regulier_voorlopig,https://publiek.broservices.nl/gm/gld/v1/objectsAsCsv/GLD000000100696?rapportagetype=compact&observatietype=regulier_beoordeeld,https://publiek.broservices.nl/gm/gld/v1/objectsAsCsv/GLD000000100696
30380,23507,GMW000000032000,1,41.1451578743235,facility_point,GUF000000001146,1,GLD000000099315,12,2021-01-27,2022-12-29,https://publiek.broservices.nl/gm/gld/v1/objectsAsCsv/GLD000000099315?rapportagetype=compact&observatietype=onbekend,https://publiek.broservices.nl/gm/gld/v1/objectsAsCsv/GLD000000099315?rapportagetype=compact&observatietype=regulier_voorlopig,https://publiek.broservices.nl/gm/gld/v1/objectsAsCsv/GLD000000099315?rapportagetype=compact&observatietype=regulier_beoordeeld,https://publiek.broservices.nl/gm/gld/v1/objectsAsCsv/GLD000000099315
30380,23507,GMW000000032000,1,41.1451578743235,facility_point,GUF000000001146,1,GLD000000102687,92,2005-11-10,2020-11-17,https://publiek.broservices.nl/gm/gld/v1/objectsAsCsv/GLD000000102687?rapportagetype=compact&observatietype=onbekend,https://publiek.broservices.nl/gm/gld/v1/objectsAsCsv/GLD000000102687?rapportagetype=compact&observatietype=regulier_voorlopig,https://publiek.broservices.nl/gm/gld/v1/objectsAsCsv/GLD000000102687?rapportagetype=compact&observatietype=regulier_beoordeeld,https://publiek.broservices.nl/gm/gld/v1/objectsAsCsv/GLD000000102687
30385,23512,GMW000000032005,1,42.719182282340064,facility_point,GUF000000016933,1,GLD000000101535,228,1980-05-13,2020-11-13,https://publiek.broservices.nl/gm/gld/v1/objectsAsCsv/GLD000000101535?rapportagetype=compact&observatietype=onbekend,https://publiek.broservices.nl/gm/gld/v1/objectsAsCsv/GLD000000101535?rapportagetype=compact&observatietype=regulier_voorlopig,https://publiek.broservices.nl/gm/gld/v1/objectsAsCsv/GLD000000101535?rapportagetype=compact&observatietype=regulier_beoordeeld,https://publiek.broservices.nl/gm/gld/v1/objectsAsCsv/GLD000000101535
30385,23512,GMW000000032005,1,42.719182282340064,facility_point,GUF000000016933,1,GLD000000104153,26,2021-01-22,2025-03-20,https://publiek.broservices.nl/gm/gld/v1/objectsAsCsv/GLD000000104153?rapportagetype=compact&observatietype=onbekend,https://publiek.broservices.nl/gm/gld/v1/objectsAsCsv/GLD000000104153?rapportagetype=compact&observatietype=regulier_voorlopig,https://publiek.broservices.nl/gm/gld/v1/objectsAsCsv/GLD000000104153?rapportagetype=compact&observatietype=regulier_beoordeeld,https://publiek.broservices.nl/gm/gld/v1/objectsAsCsv/GLD000000104153
30425,23552,GMW000000032045,1,10.198869239570035,facility_point,GUF000000069278,1,GLD000000099936,218,1979-04-04,2015-08-11,https://publiek.broservices.nl/gm/gld/v1/objectsAsCsv/GLD000000099936?rapportagetype=compact&observatietype=onbekend,https://publiek.broservices.nl/gm/gld/v1/objectsAsCsv/GLD000000099936?rapportagetype=compact&observatietype=regulier_voorlopig,https://publiek.broservices.nl/gm/gld/v1/objectsAsCsv/GLD000000099936?rapportagetype=compact&observatietype=regulier_beoordeeld,https://publiek.broservices.nl/gm/gld/v1/objectsAsCsv/GLD000000099936
30425,23552,GMW000000032045,1,10.198869239570035,facility_point,GUF000000069278,1,GLD000000104482,22,2023-06-06,2025-02-27,https://publiek.broservices.nl/gm/gld/v1/objectsAsCsv/GLD000000104482?rapportagetype=compact&observatietype=onbekend,https://publiek.broservices.nl/gm/gld/v1/objectsAsCsv/GLD000000104482?rapportagetype=compact&observatietype=regulier_voorlopig,https://publiek.broservices.nl/gm/gld/v1/objectsAsCsv/GLD000000104482?rapportagetype=compact&observatietype=regulier_beoordeeld,https://publiek.broservices.nl/gm/gld/v1/objectsAsCsv/GLD000000104482
30427,23554,GMW000000032047,1,49.03974998887671,facility_point,GUF000000008742,1,GLD000000101225,198,1978-12-08,2020-08-25,https://publiek.broservices.nl/gm/gld/v1/objectsAsCsv/GLD000000101225?rapportagetype=compact&observatietype=onbekend,https://publiek.broservices.nl/gm/gld/v1/objectsAsCsv/GLD000000101225?rapportagetype=compact&observatietype=regulier_voorlopig,https://publiek.broservices.nl/gm/gld/v1/objectsAsCsv/GLD000000101225?rapportagetype=compact&observatietype=regulier_beoordeeld,https://publiek.broservices.nl/gm/gld/v1/objectsAsCsv/GLD000000101225
30427,23554,GMW000000032047,1,49.03974998887671,facility_point,GUF000000008742,1,GLD000000103653,25,2021-01-08,2025-03-05,https://publiek.broservices.nl/gm/gld/v1/objectsAsCsv/GLD000000103653?rapportagetype=compact&observatietype=onbekend,https://publiek.broservices.nl/gm/gld/v1/objectsAsCsv/GLD000000103653?rapportagetype=compact&observatietype=regulier_voorlopig,https://publiek.broservices.nl/gm/gld/v1/objectsAsCsv/GLD000000103653?rapportagetype=compact&observatietype=regulier_beoordeeld,https://publiek.broservices.nl/gm/gld/v1/objectsAsCsv/GLD000000103653
30474,23601,GMW000000032094,1,18.974107931986495,facility_point,GUF000000004617,1,GLD000000098599,407,1963-03-28,2020-12-31,https://publiek.broservices.nl/gm/gld/v1/objectsAsCsv/GLD000000098599?rapportagetype=compact&observatietype=onbekend,https://publiek.broservices.nl/gm/gld/v1/objectsAsCsv/GLD000000098599?rapportagetype=compact&observatietype=regulier_voorlopig,https://publiek.broservices.nl/gm/gld/v1/objectsAsCsv/GLD000000098599?rapportagetype=compact&observatietype=regulier_beoordeeld,https://publiek.broservices.nl/gm/gld/v1/objectsAsCsv/GLD000000098599
30474,23601,GMW000000032094,1,18.974107931986495,facility_point,GUF000000004617,1,GLD000000104403,39,2021-01-01,2025-04-16,https://publiek.broservices.nl/gm/gld/v1/objectsAsCsv/GLD000000104403?rapportagetype=compact&observatietype=onbekend,https://publiek.broservices.nl/gm/gld/v1/objectsAsCsv/GLD000000104403?rapportagetype=compact&observatietype=regulier_voorlopig,https://publiek.broservices.nl/gm/gld/v1/objectsAsCsv/GLD000000104403?rapportagetype=compact&observatietype=regulier_beoordeeld,https://publiek.broservices.nl/gm/gld/v1/objectsAsCsv/GLD000000104403
30578,23700,GMW000000032193,1,46.616268113637915,design_well,536870,1,GLD000000098981,297,1977-06-04,2020-12-02,https://publiek.broservices.nl/gm/gld/v1/objectsAsCsv/GLD000000098981?rapportagetype=compact&observatietype=onbekend,https://publiek.broservices.nl/gm/gld/v1/objectsAsCsv/GLD000000098981?rapportagetype=compact&observatietype=regulier_voorlopig,https://publiek.broservices.nl/gm/gld/v1/objectsAsCsv/GLD000000098981?rapportagetype=compact&observatietype=regulier_beoordeeld,https://publiek.broservices.nl/gm/gld/v1/objectsAsCsv/GLD000000098981
30578,23700,GMW000000032193,1,46.616268113637915,design_well,536870,1,GLD000000105146,48,2021-01-06,2025-04-09,https://publiek.broservices.nl/gm/gld/v1/objectsAsCsv/GLD000000105146?rapportagetype=compact&observatietype=onbekend,https://publiek.broservices.nl/gm/gld/v1/objectsAsCsv/GLD000000105146?rapportagetype=compact&observatietype=regulier_voorlopig,https://publiek.broservices.nl/gm/gld/v1/objectsAsCsv/GLD000000105146?rapportagetype=compact&observatietype=regulier_beoordeeld,https://publiek.broservices.nl/gm/gld/v1/objectsAsCsv/GLD000000105146
30586,23708,GMW000000032201,1,37.80283940652878,realised_well,545394,1,GLD000000100801,300,1977-06-04,2020-12-31,https://publiek.broservices.nl/gm/gld/v1/objectsAsCsv/GLD000000100801?rapportagetype=compact&observatietype=onbekend,https://publiek.broservices.nl/gm/gld/v1/objectsAsCsv/GLD000000100801?rapportagetype=compact&observatietype=regulier_voorlopig,https://publiek.broservices.nl/gm/gld/v1/objectsAsCsv/GLD000000100801?rapportagetype=compact&observatietype=regulier_beoordeeld,https://publiek.broservices.nl/gm/gld/v1/objectsAsCsv/GLD000000100801
30586,23708,GMW000000032201,1,37.80283940652878,realised_well,545394,1,GLD000000101251,2,2021-01-01,2021-05-26,https://publiek.broservices.nl/gm/gld/v1/objectsAsCsv/GLD000000101251?rapportagetype=compact&observatietype=onbekend,https://publiek.broservices.nl/gm/gld/v1/objectsAsCsv/GLD000000101251?rapportagetype=compact&observatietype=regulier_voorlopig,https://publiek.broservices.nl/gm/gld/v1/objectsAsCsv/GLD000000101251?rapportagetype=compact&observatietype=regulier_beoordeeld,https://publiek.broservices.nl/gm/gld/v1/objectsAsCsv/GLD000000101251
30638,23758,GMW000000032251,1,38.288752822733244,design_well,539450,1,GLD000000102510,107,2003-11-28,2020-12-01,https://publiek.broservices.nl/gm/gld/v1/objectsAsCsv/GLD000000102510?rapportagetype=compact&observatietype=onbekend,https://publiek.broservices.nl/gm/gld/v1/objectsAsCsv/GLD000000102510?rapportagetype=compact&observatietype=regulier_voorlopig,https://publiek.broservices.nl/gm/gld/v1/objectsAsCsv/GLD000000102510?rapportagetype=compact&observatietype=regulier_beoordeeld,https://publiek.broservices.nl/gm/gld/v1/objectsAsCsv/GLD000000102510
30638,23758,GMW000000032251,1,38.288752822733244,design_well,539450,1,GLD000000105217,30,2021-01-06,2025-04-09,https://publiek.broservices.nl/gm/gld/v1/objectsAsCsv/GLD000000105217?rapportagetype=compact&observatietype=onbekend,https://publiek.broservices.nl/gm/gld/v1/objectsAsCsv/GLD000000105217?rapportagetype=compact&observatietype=regulier_voorlopig,https://publiek.broservices.nl/gm/gld/v1/objectsAsCsv/GLD000000105217?rapportagetype=compact&observatietype=regulier_beoordeeld,https://publiek.broservices.nl/gm/gld/v1/objectsAsCsv/GLD000000105217
30656,23776,GMW000000032269,1,44.82086370659425,design_well,553480,1,GLD000000102284,133,1999-03-02,2020-12-07,https://publiek.broservices.nl/gm/gld/v1/objectsAsCsv/GLD000000102284?rapportagetype=compact&observatietype=onbekend,https://publiek.broservices.nl/gm/gld/v1/objectsAsCsv/GLD000000102284?rapportagetype=compact&observatietype=regulier_voorlopig,https://publiek.broservices.nl/gm/gld/v1/objectsAsCsv/GLD000000102284?rapportagetype=compact&observatietype=regulier_beoordeeld,https://publiek.broservices.nl/gm/gld/v1/objectsAsCsv/GLD000000102284
30656,23776,GMW000000032269,1,44.82086370659425,design_well,553480,1,GLD000000105477,26,2021-02-16,2025-03-06,https://publiek.broservices.nl/gm/gld/v1/objectsAsCsv/GLD000000105477?rapportagetype=compact&observatietype=onbekend,https://publiek.broservices.nl/gm/gld/v1/objectsAsCsv/GLD000000105477?rapportagetype=compact&observatietype=regulier_voorlopig,https://publiek.broservices.nl/gm/gld/v1/objectsAsCsv/GLD000000105477?rapportagetype=compact&observatietype=regulier_beoordeeld,https://publiek.broservices.nl/gm/gld/v1/objectsAsCsv/GLD000000105477
30760,23877,GMW000000032370,1,9.219599848884815,design_well,538010,1,GLD000000101957,191,1990-07-13,2020-11-11,https://publiek.broservices.nl/gm/gld/v1/objectsAsCsv/GLD000000101957?rapportagetype=compact&observatietype=onbekend,https://publiek.broservices.nl/gm/gld/v1/objectsAsCsv/GLD000000101957?rapportagetype=compact&observatietype=regulier_voorlopig,https://publiek.broservices.nl/gm/gld/v1/objectsAsCsv/GLD000000101957?rapportagetype=compact&observatietype=regulier_beoordeeld,https://publiek.broservices.nl/gm/gld/v1/objectsAsCsv/GLD000000101957
30760,23877,GMW000000032370,1,9.219599848884815,design_well,538010,1,GLD000000103962,22,2021-01-21,2025-03-26,https://publiek.broservices.nl/gm/gld/v1/objectsAsCsv/GLD000000103962?rapportagetype=compact&observatietype=onbekend,https://publiek.broservices.nl/gm/gld/v1/objectsAsCsv/GLD000000103962?rapportagetype=compact&observatietype=regulier_voorlopig,https://publiek.broservices.nl/gm/gld/v1/objectsAsCsv/GLD000000103962?rapportagetype=compact&observatietype=regulier_beoordeeld,https://publiek.broservices.nl/gm/gld/v1/objectsAsCsv/GLD000000103962
30788,23904,GMW000000032397,1,48.508461585787494,design_well,555958,1,GLD000000102492,108,2004-03-25,2020-10-20,https://publiek.broservices.nl/gm/gld/v1/objectsAsCsv/GLD000000102492?rapportagetype=compact&observatietype=onbekend,https://publiek.broservices.nl/gm/gld/v1/objectsAsCsv/GLD000000102492?rapportagetype=compact&observatietype=regulier_voorlopig,https://publiek.broservices.nl/gm/gld/v1/objectsAsCsv/GLD000000102492?rapportagetype=compact&observatietype=regulier_beoordeeld,https://publiek.broservices.nl/gm/gld/v1/objectsAsCsv/GLD000000102492
30788,23904,GMW000000032397,1,48.508461585787494,design_well,555958,1,GLD000000103490,12,2021-01-07,2023-01-11,https://publiek.broservices.nl/gm/gld/v1/objectsAsCsv/GLD000000103490?rapportagetype=compact&observatietype=onbekend,https://publiek.broservices.nl/gm/gld/v1/objectsAsCsv/GLD000000103490?rapportagetype=compact&observatietype=regulier_voorlopig,https://publiek.broservices.nl/gm/gld/v1/objectsAsCsv/GLD000000103490?rapportagetype=compact&observatietype=regulier_beoordeeld,https://publiek.broservices.nl/gm/gld/v1/objectsAsCsv/GLD000000103490
30789,23904,GMW000000032397,3,48.508461585787494,design_well,555958,2,GLD000000100087,107,2004-03-25,2020-10-20,https://publiek.broservices.nl/gm/gld/v1/objectsAsCsv/GLD000000100087?rapportagetype=compact&observatietype=onbekend,https://publiek.broservices.nl/gm/gld/v1/objectsAsCsv/GLD000000100087?rapportagetype=compact&observatietype=regulier_voorlopig,https://publiek.broservices.nl/gm/gld/v1/objectsAsCsv/GLD000000100087?rapportagetype=compact&observatietype=regulier_beoordeeld,https://publiek.broservices.nl/gm/gld/v1/objectsAsCsv/GLD000000100087
30789,23904,GMW000000032397,3,48.508461585787494,design_well,555958,2,GLD000000103477,12,2021-01-07,2023-01-11,https://publiek.broservices.nl/gm/gld/v1/objectsAsCsv/GLD000000103477?rapportagetype=compact&observatietype=onbekend,https://publiek.broservices.nl/gm/gld/v1/objectsAsCsv/GLD000000103477?rapportagetype=compact&observatietype=regulier_voorlopig,https://publiek.broservices.nl/gm/gld/v1/objectsAsCsv/GLD000000103477?rapportagetype=compact&observatietype=regulier_beoordeeld,https://publiek.broservices.nl/gm/gld/v1/objectsAsCsv/GLD000000103477
30795,23910,GMW000000032403,1,38.01415008420758,realised_well,109709,1,GLD000000099631,250,1975-02-06,2020-12-02,https://publiek.broservices.nl/gm/gld/v1/objectsAsCsv/GLD000000099631?rapportagetype=compact&observatietype=onbekend,https://publiek.broservices.nl/gm/gld/v1/objectsAsCsv/GLD000000099631?rapportagetype=compact&observatietype=regulier_voorlopig,https://publiek.broservices.nl/gm/gld/v1/objectsAsCsv/GLD000000099631?rapportagetype=compact&observatietype=regulier_beoordeeld,https://publiek.broservices.nl/gm/gld/v1/objectsAsCsv/GLD000000099631
30795,23910,GMW000000032403,1,38.01415008420758,realised_well,109709,1,GLD000000105075,40,2021-01-07,2025-04-10,https://publiek.broservices.nl/gm/gld/v1/objectsAsCsv/GLD000000105075?rapportagetype=compact&observatietype=onbekend,https://publiek.broservices.nl/gm/gld/v1/objectsAsCsv/GLD000000105075?rapportagetype=compact&observatietype=regulier_voorlopig,https://publiek.broservices.nl/gm/gld/v1/objectsAsCsv/GLD000000105075?rapportagetype=compact&observatietype=regulier_beoordeeld,https://publiek.broservices.nl/gm/gld/v1/objectsAsCsv/GLD000000105075
30808,23923,GMW000000032416,1,44.59778786580896,realised_well,544983,1,GLD000000098852,178,1990-08-31,2020-11-17,https://publiek.broservices.nl/gm/gld/v1/objectsAsCsv/GLD000000098852?rapportagetype=compact&observatietype=onbekend,https://publiek.broservices.nl/gm/gld/v1/objectsAsCsv/GLD000000098852?rapportagetype=compact&observatietype=regulier_voorlopig,https://publiek.broservices.nl/gm/gld/v1/objectsAsCsv/GLD000000098852?rapportagetype=compact&observatietype=regulier_beoordeeld,https://publiek.broservices.nl/gm/gld/v1/objectsAsCsv/GLD000000098852
30808,23923,GMW000000032416,1,44.59778786580896,realised_well,544983,1,GLD000000104124,11,2021-01-22,2022-12-28,https://publiek.broservices.nl/gm/gld/v1/objectsAsCsv/GLD000000104124?rapportagetype=compact&observatietype=onbekend,https://publiek.broservices.nl/gm/gld/v1/objectsAsCsv/GLD000000104124?rapportagetype=compact&observatietype=regulier_voorlopig,https://publiek.broservices.nl/gm/gld/v1/objectsAsCsv/GLD000000104124?rapportagetype=compact&observatietype=regulier_beoordeeld,https://publiek.broservices.nl/gm/gld/v1/objectsAsCsv/GLD000000104124
30832,23946,GMW000000032439,1,30.414593263448264,facility_point,GUF000000004970,1,GLD000000098795,176,1991-04-08,2020-11-11,https://publiek.broservices.nl/gm/gld/v1/objectsAsCsv/GLD000000098795?rapportagetype=compact&observatietype=onbekend,https://publiek.broservices.nl/gm/gld/v1/objectsAsCsv/GLD000000098795?rapportagetype=compact&observatietype=regulier_voorlopig,https://publiek.broservices.nl/gm/gld/v1/objectsAsCsv/GLD000000098795?rapportagetype=compact&observatietype=regulier_beoordeeld,https://publiek.broservices.nl/gm/gld/v1/objectsAsCsv/GLD000000098795
30832,23946,GMW000000032439,1,30.414593263448264,facility_point,GUF000000004970,1,GLD000000104087,27,2021-01-21,2025-03-21,https://publiek.broservices.nl/gm/gld/v1/objectsAsCsv/GLD000000104087?rapportagetype=compact&observatietype=onbekend,https://publiek.broservices.nl/gm/gld/v1/objectsAsCsv/GLD000000104087?rapportagetype=compact&observatietype=regulier_voorlopig,https://publiek.broservices.nl/gm/gld/v1/objectsAsCsv/GLD000000104087?rapportagetype=compact&observatietype=regulier_beoordeeld,https://publiek.broservices.nl/gm/gld/v1/objectsAsCsv/GLD000000104087
30868,23981,GMW000000032474,1,39.050746743610546,facility_point,GUF000000010274,1,GLD000000099859,20,2021-01-14,2025-03-26,https://publiek.broservices.nl/gm/gld/v1/objectsAsCsv/GLD000000099859?rapportagetype=compact&observatietype=onbekend,https://publiek.broservices.nl/gm/gld/v1/objectsAsCsv/GLD000000099859?rapportagetype=compact&observatietype=regulier_voorlopig,https://publiek.broservices.nl/gm/gld/v1/objectsAsCsv/GLD000000099859?rapportagetype=compact&observatietype=regulier_beoordeeld,https://publiek.broservices.nl/gm/gld/v1/objectsAsCsv/GLD000000099859
30868,23981,GMW000000032474,1,39.050746743610546,facility_point,GUF000000010274,1,GLD000000101822,187,1990-05-31,2020-11-11,https://publiek.broservices.nl/gm/gld/v1/objectsAsCsv/GLD000000101822?rapportagetype=compact&observatietype=onbekend,https://publiek.broservices.nl/gm/gld/v1/objectsAsCsv/GLD000000101822?rapportagetype=compact&observatietype=regulier_voorlopig,https://publiek.broservices.nl/gm/gld/v1/objectsAsCsv/GLD000000101822?rapportagetype=compact&observatietype=regulier_beoordeeld,https://publiek.broservices.nl/gm/gld/v1/objectsAsCsv/GLD000000101822
30919,24029,GMW000000032522,1,36.39994998683794,facility_point,GUF000000019629,1,GLD000000099330,35,2021-01-21,2025-03-20,https://publiek.broservices.nl/gm/gld/v1/objectsAsCsv/GLD000000099330?rapportagetype=compact&observatietype=onbekend,https://publiek.broservices.nl/gm/gld/v1/objectsAsCsv/GLD000000099330?rapportagetype=compact&observatietype=regulier_voorlopig,https://publiek.broservices.nl/gm/gld/v1/objectsAsCsv/GLD000000099330?rapportagetype=compact&observatietype=regulier_beoordeeld,https://publiek.broservices.nl/gm/gld/v1/objectsAsCsv/GLD000000099330
30919,24029,GMW000000032522,1,36.39994998683794,facility_point,GUF000000019629,1,GLD000000100556,161,1991-01-18,2020-11-16,https://publiek.broservices.nl/gm/gld/v1/objectsAsCsv/GLD000000100556?rapportagetype=compact&observatietype=onbekend,https://publiek.broservices.nl/gm/gld/v1/objectsAsCsv/GLD000000100556?rapportagetype=compact&observatietype=regulier_voorlopig,https://publiek.broservices.nl/gm/gld/v1/objectsAsCsv/GLD000000100556?rapportagetype=compact&observatietype=regulier_beoordeeld,https://publiek.broservices.nl/gm/gld/v1/objectsAsCsv/GLD000000100556
30981,24089,GMW000000032582,3,30.87123709997174,design_well,563144,1,GLD000000099239,27,2021-01-15,2025-04-15,https://publiek.broservices.nl/gm/gld/v1/objectsAsCsv/GLD000000099239?rapportagetype=compact&observatietype=onbekend,https://publiek.broservices.nl/gm/gld/v1/objectsAsCsv/GLD000000099239?rapportagetype=compact&observatietype=regulier_voorlopig,https://publiek.broservices.nl/gm/gld/v1/objectsAsCsv/GLD000000099239?rapportagetype=compact&observatietype=regulier_beoordeeld,https://publiek.broservices.nl/gm/gld/v1/objectsAsCsv/GLD000000099239
30981,24089,GMW000000032582,3,30.87123709997174,design_well,563144,1,GLD000000102325,64,1998-05-29,2020-11-09,https://publiek.broservices.nl/gm/gld/v1/objectsAsCsv/GLD000000102325?rapportagetype=compact&observatietype=onbekend,https://publiek.broservices.nl/gm/gld/v1/objectsAsCsv/GLD000000102325?rapportagetype=compact&observatietype=regulier_voorlopig,https://publiek.broservices.nl/gm/gld/v1/objectsAsCsv/GLD000000102325?rapportagetype=compact&observatietype=regulier_beoordeeld,https://publiek.broservices.nl/gm/gld/v1/objectsAsCsv/GLD000000102325
30982,24089,GMW000000032582,4,30.87123709997174,design_well,563144,2,GLD000000102370,64,1998-05-29,2020-11-09,https://publiek.broservices.nl/gm/gld/v1/objectsAsCsv/GLD000000102370?rapportagetype=compact&observatietype=onbekend,https://publiek.broservices.nl/gm/gld/v1/objectsAsCsv/GLD000000102370?rapportagetype=compact&observatietype=regulier_voorlopig,https://publiek.broservices.nl/gm/gld/v1/objectsAsCsv/GLD000000102370?rapportagetype=compact&observatietype=regulier_beoordeeld,https://publiek.broservices.nl/gm/gld/v1/objectsAsCsv/GLD000000102370
30982,24089,GMW000000032582,4,30.87123709997174,design_well,563144,2,GLD000000104708,27,2021-01-15,2025-04-15,https://publiek.broservices.nl/gm/gld/v1/objectsAsCsv/GLD000000104708?rapportagetype=compact&observatietype=onbekend,https://publiek.broservices.nl/gm/gld/v1/objectsAsCsv/GLD000000104708?rapportagetype=compact&observatietype=regulier_voorlopig,https://publiek.broservices.nl/gm/gld/v1/objectsAsCsv/GLD000000104708?rapportagetype=compact&observatietype=regulier_beoordeeld,https://publiek.broservices.nl/gm/gld/v1/objectsAsCsv/GLD000000104708
31008,24114,GMW000000032607,1,44.41902132259811,design_well,549797,1,GLD000000099448,42,2021-01-01,2025-05-02,https://publiek.broservices.nl/gm/gld/v1/objectsAsCsv/GLD000000099448?rapportagetype=compact&observatietype=onbekend,https://publiek.broservices.nl/gm/gld/v1/objectsAsCsv/GLD000000099448?rapportagetype=compact&observatietype=regulier_voorlopig,https://publiek.broservices.nl/gm/gld/v1/objectsAsCsv/GLD000000099448?rapportagetype=compact&observatietype=regulier_beoordeeld,https://publiek.broservices.nl/gm/gld/v1/objectsAsCsv/GLD000000099448
31008,24114,GMW000000032607,1,44.41902132259811,design_well,549797,1,GLD000000099681,154,1984-02-16,2020-12-31,https://publiek.broservices.nl/gm/gld/v1/objectsAsCsv/GLD000000099681?rapportagetype=compact&observatietype=onbekend,https://publiek.broservices.nl/gm/gld/v1/objectsAsCsv/GLD000000099681?rapportagetype=compact&observatietype=regulier_voorlopig,https://publiek.broservices.nl/gm/gld/v1/objectsAsCsv/GLD000000099681?rapportagetype=compact&observatietype=regulier_beoordeeld,https://publiek.broservices.nl/gm/gld/v1/objectsAsCsv/GLD000000099681
31022,24125,GMW000000032618,1,7.212310651617393,facility_point,GUF000000025194,1,GLD000000098806,220,1980-12-18,2020-11-12,https://publiek.broservices.nl/gm/gld/v1/objectsAsCsv/GLD000000098806?rapportagetype=compact&observatietype=onbekend,https://publiek.broservices.nl/gm/gld/v1/objectsAsCsv/GLD000000098806?rapportagetype=compact&observatietype=regulier_voorlopig,https://publiek.broservices.nl/gm/gld/v1/objectsAsCsv/GLD000000098806?rapportagetype=compact&observatietype=regulier_beoordeeld,https://publiek.broservices.nl/gm/gld/v1/objectsAsCsv/GLD000000098806
31022,24125,GMW000000032618,1,7.212310651617393,facility_point,GUF000000025194,1,GLD000000103501,19,2021-01-19,2023-11-02,https://publiek.broservices.nl/gm/gld/v1/objectsAsCsv/GLD000000103501?rapportagetype=compact&observatietype=onbekend,https://publiek.broservices.nl/gm/gld/v1/objectsAsCsv/GLD000000103501?rapportagetype=compact&observatietype=regulier_voorlopig,https://publiek.broservices.nl/gm/gld/v1/objectsAsCsv/GLD000000103501?rapportagetype=compact&observatietype=regulier_beoordeeld,https://publiek.broservices.nl/gm/gld/v1/objectsAsCsv/GLD000000103501
31032,24135,GMW000000032628,1,19.721598948745505,facility_point,GUF000000024057,1,GLD000000098814,196,1990-05-02,2020-11-09,https://publiek.broservices.nl/gm/gld/v1/objectsAsCsv/GLD000000098814?rapportagetype=compact&observatietype=onbekend,https://publiek.broservices.nl/gm/gld/v1/objectsAsCsv/GLD000000098814?rapportagetype=compact&observatietype=regulier_voorlopig,https://publiek.broservices.nl/gm/gld/v1/objectsAsCsv/GLD000000098814?rapportagetype=compact&observatietype=regulier_beoordeeld,https://publiek.broservices.nl/gm/gld/v1/objectsAsCsv/GLD000000098814
31032,24135,GMW000000032628,1,19.721598948745505,facility_point,GUF000000024057,1,GLD000000104524,45,2021-01-15,2025-02-07,https://publiek.broservices.nl/gm/gld/v1/objectsAsCsv/GLD000000104524?rapportagetype=compact&observatietype=onbekend,https://publiek.broservices.nl/gm/gld/v1/objectsAsCsv/GLD000000104524?rapportagetype=compact&observatietype=regulier_voorlopig,https://publiek.broservices.nl/gm/gld/v1/objectsAsCsv/GLD000000104524?rapportagetype=compact&observatietype=regulier_beoordeeld,https://publiek.broservices.nl/gm/gld/v1/objectsAsCsv/GLD000000104524
31064,24163,GMW000000032656,1,45.09912425662319,facility_point,GUF000000004314,1,GLD000000098717,245,1980-04-24,2020-11-11,https://publiek.broservices.nl/gm/gld/v1/objectsAsCsv/GLD000000098717?rapportagetype=compact&observatietype=onbekend,https://publiek.broservices.nl/gm/gld/v1/objectsAsCsv/GLD000000098717?rapportagetype=compact&observatietype=regulier_voorlopig,https://publiek.broservices.nl/gm/gld/v1/objectsAsCsv/GLD000000098717?rapportagetype=compact&observatietype=regulier_beoordeeld,https://publiek.broservices.nl/gm/gld/v1/objectsAsCsv/GLD000000098717
31064,24163,GMW000000032656,1,45.09912425662319,facility_point,GUF000000004314,1,GLD000000104152,26,2021-01-21,2025-03-25,https://publiek.broservices.nl/gm/gld/v1/objectsAsCsv/GLD000000104152?rapportagetype=compact&observatietype=onbekend,https://publiek.broservices.nl/gm/gld/v1/objectsAsCsv/GLD000000104152?rapportagetype=compact&observatietype=regulier_voorlopig,https://publiek.broservices.nl/gm/gld/v1/objectsAsCsv/GLD000000104152?rapportagetype=compact&observatietype=regulier_beoordeeld,https://publiek.broservices.nl/gm/gld/v1/objectsAsCsv/GLD000000104152
31247,24346,GMW000000032839,1,32.8012392613254,facility_point,GUF000000017244,1,GLD000000098918,90,2004-10-11,2020-12-28,https://publiek.broservices.nl/gm/gld/v1/objectsAsCsv/GLD000000098918?rapportagetype=compact&observatietype=onbekend,https://publiek.broservices.nl/gm/gld/v1/objectsAsCsv/GLD000000098918?rapportagetype=compact&observatietype=regulier_voorlopig,https://publiek.broservices.nl/gm/gld/v1/objectsAsCsv/GLD000000098918?rapportagetype=compact&observatietype=regulier_beoordeeld,https://publiek.broservices.nl/gm/gld/v1/objectsAsCsv/GLD000000098918
31247,24346,GMW000000032839,1,32.8012392613254,facility_point,GUF000000017244,1,GLD000000103475,4,2021-03-03,2021-08-17,https://publiek.broservices.nl/gm/gld/v1/objectsAsCsv/GLD000000103475?rapportagetype=compact&observatietype=onbekend,https://publiek.broservices.nl/gm/gld/v1/objectsAsCsv/GLD000000103475?rapportagetype=compact&observatietype=regulier_voorlopig,https://publiek.broservices.nl/gm/gld/v1/objectsAsCsv/GLD000000103475?rapportagetype=compact&observatietype=regulier_beoordeeld,https://publiek.broservices.nl/gm/gld/v1/objectsAsCsv/GLD000000103475
31257,24356,GMW000000032849,1,46.09848222867934,realised_well,517931,1,GLD000000099169,37,2021-01-01,2025-04-03,https://publiek.broservices.nl/gm/gld/v1/objectsAsCsv/GLD000000099169?rapportagetype=compact&observatietype=onbekend,https://publiek.broservices.nl/gm/gld/v1/objectsAsCsv/GLD000000099169?rapportagetype=compact&observatietype=regulier_voorlopig,https://publiek.broservices.nl/gm/gld/v1/objectsAsCsv/GLD000000099169?rapportagetype=compact&observatietype=regulier_beoordeeld,https://publiek.broservices.nl/gm/gld/v1/objectsAsCsv/GLD000000099169
31257,24356,GMW000000032849,1,46.09848222867934,realised_well,517931,1,GLD000000101444,284,1979-11-15,2020-12-31,https://publiek.broservices.nl/gm/gld/v1/objectsAsCsv/GLD000000101444?rapportagetype=compact&observatietype=onbekend,https://publiek.broservices.nl/gm/gld/v1/objectsAsCsv/GLD000000101444?rapportagetype=compact&observatietype=regulier_voorlopig,https://publiek.broservices.nl/gm/gld/v1/objectsAsCsv/GLD000000101444?rapportagetype=compact&observatietype=regulier_beoordeeld,https://publiek.broservices.nl/gm/gld/v1/objectsAsCsv/GLD000000101444
31324,24422,GMW000000032915,1,33.999655421342354,facility_point,GUF000000032571,1,GLD000000098641,479,1953-12-12,2020-11-02,https://publiek.broservices.nl/gm/gld/v1/objectsAsCsv/GLD000000098641?rapportagetype=compact&observatietype=onbekend,https://publiek.broservices.nl/gm/gld/v1/objectsAsCsv/GLD000000098641?rapportagetype=compact&observatietype=regulier_voorlopig,https://publiek.broservices.nl/gm/gld/v1/objectsAsCsv/GLD000000098641?rapportagetype=compact&observatietype=regulier_beoordeeld,https://publiek.broservices.nl/gm/gld/v1/objectsAsCsv/GLD000000098641
31324,24422,GMW000000032915,1,33.999655421342354,facility_point,GUF000000032571,1,GLD000000104437,27,2021-01-13,2025-04-14,https://publiek.broservices.nl/gm/gld/v1/objectsAsCsv/GLD000000104437?rapportagetype=compact&observatietype=onbekend,https://publiek.broservices.nl/gm/gld/v1/objectsAsCsv/GLD000000104437?rapportagetype=compact&observatietype=regulier_voorlopig,https://publiek.broservices.nl/gm/gld/v1/objectsAsCsv/GLD000000104437?rapportagetype=compact&observatietype=regulier_beoordeeld,https://publiek.broservices.nl/gm/gld/v1/objectsAsCsv/GLD000000104437
31343,24440,GMW000000032933,1,34.929069875012985,facility_point,GUF000000011145,1,GLD000000100484,190,1987-09-28,2020-11-19,https://publiek.broservices.nl/gm/gld/v1/objectsAsCsv/GLD000000100484?rapportagetype=compact&observatietype=onbekend,https://publiek.broservices.nl/gm/gld/v1/objectsAsCsv/GLD000000100484?rapportagetype=compact&observatietype=regulier_voorlopig,https://publiek.broservices.nl/gm/gld/v1/objectsAsCsv/GLD000000100484?rapportagetype=compact&observatietype=regulier_beoordeeld,https://publiek.broservices.nl/gm/gld/v1/objectsAsCsv/GLD000000100484
31343,24440,GMW000000032933,1,34.929069875012985,facility_point,GUF000000011145,1,GLD000000104757,26,2021-01-27,2025-03-18,https://publiek.broservices.nl/gm/gld/v1/objectsAsCsv/GLD000000104757?rapportagetype=compact&observatietype=onbekend,https://publiek.broservices.nl/gm/gld/v1/objectsAsCsv/GLD000000104757?rapportagetype=compact&observatietype=regulier_voorlopig,https://publiek.broservices.nl/gm/gld/v1/objectsAsCsv/GLD000000104757?rapportagetype=compact&observatietype=regulier_beoordeeld,https://publiek.broservices.nl/gm/gld/v1/objectsAsCsv/GLD000000104757
31403,24498,GMW000000032991,1,39.4091533908775,design_well,549790,1,GLD000000101687,179,1984-02-16,2020-12-07,https://publiek.broservices.nl/gm/gld/v1/objectsAsCsv/GLD000000101687?rapportagetype=compact&observatietype=onbekend,https://publiek.broservices.nl/gm/gld/v1/objectsAsCsv/GLD000000101687?rapportagetype=compact&observatietype=regulier_voorlopig,https://publiek.broservices.nl/gm/gld/v1/objectsAsCsv/GLD000000101687?rapportagetype=compact&observatietype=regulier_beoordeeld,https://publiek.broservices.nl/gm/gld/v1/objectsAsCsv/GLD000000101687
31403,24498,GMW000000032991,1,39.4091533908775,design_well,549790,1,GLD000000105522,0,,,https://publiek.broservices.nl/gm/gld/v1/objectsAsCsv/GLD000000105522?rapportagetype=compact&observatietype=onbekend,https://publiek.broservices.nl/gm/gld/v1/objectsAsCsv/GLD000000105522?rapportagetype=compact&observatietype=regulier_voorlopig,https://publiek.broservices.nl/gm/gld/v1/objectsAsCsv/GLD000000105522?rapportagetype=compact&observatietype=regulier_beoordeeld,https://publiek.broservices.nl/gm/gld/v1/objectsAsCsv/GLD000000105522
31425,24520,GMW000000033013,1,26.924572000114562,design_well,542504,1,GLD000000100747,170,1998-01-16,2020-10-29,https://publiek.broservices.nl/gm/gld/v1/objectsAsCsv/GLD000000100747?rapportagetype=compact&observatietype=onbekend,https://publiek.broservices.nl/gm/gld/v1/objectsAsCsv/GLD000000100747?rapportagetype=compact&observatietype=regulier_voorlopig,https://publiek.broservices.nl/gm/gld/v1/objectsAsCsv/GLD000000100747?rapportagetype=compact&observatietype=regulier_beoordeeld,https://publiek.broservices.nl/gm/gld/v1/objectsAsCsv/GLD000000100747
31425,24520,GMW000000033013,1,26.924572000114562,design_well,542504,1,GLD000000104605,12,2021-01-11,2022-12-05,https://publiek.broservices.nl/gm/gld/v1/objectsAsCsv/GLD000000104605?rapportagetype=compact&observatietype=onbekend,https://publiek.broservices.nl/gm/gld/v1/objectsAsCsv/GLD000000104605?rapportagetype=compact&observatietype=regulier_voorlopig,https://publiek.broservices.nl/gm/gld/v1/objectsAsCsv/GLD000000104605?rapportagetype=compact&observatietype=regulier_beoordeeld,https://publiek.broservices.nl/gm/gld/v1/objectsAsCsv/GLD000000104605
31482,24576,GMW000000033069,1,47.67570204624735,facility_point,GUF000000000359,1,GLD000000102303,183,1996-04-24,2020-12-15,https://publiek.broservices.nl/gm/gld/v1/objectsAsCsv/GLD000000102303?rapportagetype=compact&observatietype=onbekend,https://publiek.broservices.nl/gm/gld/v1/objectsAsCsv/GLD000000102303?rapportagetype=compact&observatietype=regulier_voorlopig,https://publiek.broservices.nl/gm/gld/v1/objectsAsCsv/GLD000000102303?rapportagetype=compact&observatietype=regulier_beoordeeld,https://publiek.broservices.nl/gm/gld/v1/objectsAsCsv/GLD000000102303
31482,24576,GMW000000033069,1,47.67570204624735,facility_point,GUF000000000359,1,GLD000000105392,7,2021-02-23,2022-06-16,https://publiek.broservices.nl/gm/gld/v1/objectsAsCsv/GLD000000105392?rapportagetype=compact&observatietype=onbekend,https://publiek.broservices.nl/gm/gld/v1/objectsAsCsv/GLD000000105392?rapportagetype=compact&observatietype=regulier_voorlopig,https://publiek.broservices.nl/gm/gld/v1/objectsAsCsv/GLD000000105392?rapportagetype=compact&observatietype=regulier_beoordeeld,https://publiek.broservices.nl/gm/gld/v1/objectsAsCsv/GLD000000105392
31515,24608,GMW000000033101,1,31.76491453028145,facility_point,GUF000000079943,1,GLD000000099691,282,1975-01-06,2020-12-31,https://publiek.broservices.nl/gm/gld/v1/objectsAsCsv/GLD000000099691?rapportagetype=compact&observatietype=onbekend,https://publiek.broservices.nl/gm/gld/v1/objectsAsCsv/GLD000000099691?rapportagetype=compact&observatietype=regulier_voorlopig,https://publiek.broservices.nl/gm/gld/v1/objectsAsCsv/GLD000000099691?rapportagetype=compact&observatietype=regulier_beoordeeld,https://publiek.broservices.nl/gm/gld/v1/objectsAsCsv/GLD000000099691
31515,24608,GMW000000033101,1,31.76491453028145,facility_point,GUF000000079943,1,GLD000000104457,48,2021-01-01,2025-01-27,https://publiek.broservices.nl/gm/gld/v1/objectsAsCsv/GLD000000104457?rapportagetype=compact&observatietype=onbekend,https://publiek.broservices.nl/gm/gld/v1/objectsAsCsv/GLD000000104457?rapportagetype=compact&observatietype=regulier_voorlopig,https://publiek.broservices.nl/gm/gld/v1/objectsAsCsv/GLD000000104457?rapportagetype=compact&observatietype=regulier_beoordeeld,https://publiek.broservices.nl/gm/gld/v1/objectsAsCsv/GLD000000104457
31528,24621,GMW000000033114,1,13.037450475466343,facility_point,GUF000000083572,1,GLD000000100847,114,2002-12-03,2020-11-17,https://publiek.broservices.nl/gm/gld/v1/objectsAsCsv/GLD000000100847?rapportagetype=compact&observatietype=onbekend,https://publiek.broservices.nl/gm/gld/v1/objectsAsCsv/GLD000000100847?rapportagetype=compact&observatietype=regulier_voorlopig,https://publiek.broservices.nl/gm/gld/v1/objectsAsCsv/GLD000000100847?rapportagetype=compact&observatietype=regulier_beoordeeld,https://publiek.broservices.nl/gm/gld/v1/objectsAsCsv/GLD000000100847
31528,24621,GMW000000033114,1,13.037450475466343,facility_point,GUF000000083572,1,GLD000000104990,23,2021-01-28,2025-05-08,https://publiek.broservices.nl/gm/gld/v1/objectsAsCsv/GLD000000104990?rapportagetype=compact&observatietype=onbekend,https://publiek.broservices.nl/gm/gld/v1/objectsAsCsv/GLD000000104990?rapportagetype=compact&observatietype=regulier_voorlopig,https://publiek.broservices.nl/gm/gld/v1/objectsAsCsv/GLD000000104990?rapportagetype=compact&observatietype=regulier_beoordeeld,https://publiek.broservices.nl/gm/gld/v1/objectsAsCsv/GLD000000104990
31541,24634,GMW000000033127,1,26.926791688814077,facility_point,GUF000000026477,1,GLD000000101882,190,1990-06-05,2020-11-24,https://publiek.broservices.nl/gm/gld/v1/objectsAsCsv/GLD000000101882?rapportagetype=compact&observatietype=onbekend,https://publiek.broservices.nl/gm/gld/v1/objectsAsCsv/GLD000000101882?rapportagetype=compact&observatietype=regulier_voorlopig,https://publiek.broservices.nl/gm/gld/v1/objectsAsCsv/GLD000000101882?rapportagetype=compact&observatietype=regulier_beoordeeld,https://publiek.broservices.nl/gm/gld/v1/objectsAsCsv/GLD000000101882
31541,24634,GMW000000033127,1,26.926791688814077,facility_point,GUF000000026477,1,GLD000000104987,12,2021-02-05,2022-12-30,https://publiek.broservices.nl/gm/gld/v1/objectsAsCsv/GLD000000104987?rapportagetype=compact&observatietype=onbekend,https://publiek.broservices.nl/gm/gld/v1/objectsAsCsv/GLD000000104987?rapportagetype=compact&observatietype=regulier_voorlopig,https://publiek.broservices.nl/gm/gld/v1/objectsAsCsv/GLD000000104987?rapportagetype=compact&observatietype=regulier_beoordeeld,https://publiek.broservices.nl/gm/gld/v1/objectsAsCsv/GLD000000104987
31543,24636,GMW000000033129,1,31.399309213205637,facility_point,GUF000000013900,1,GLD000000100518,182,1989-10-17,2020-11-18,https://publiek.broservices.nl/gm/gld/v1/objectsAsCsv/GLD000000100518?rapportagetype=compact&observatietype=onbekend,https://publiek.broservices.nl/gm/gld/v1/objectsAsCsv/GLD000000100518?rapportagetype=compact&observatietype=regulier_voorlopig,https://publiek.broservices.nl/gm/gld/v1/objectsAsCsv/GLD000000100518?rapportagetype=compact&observatietype=regulier_beoordeeld,https://publiek.broservices.nl/gm/gld/v1/objectsAsCsv/GLD000000100518
31543,24636,GMW000000033129,1,31.399309213205637,facility_point,GUF000000013900,1,GLD000000104807,22,2021-01-27,2025-03-28,https://publiek.broservices.nl/gm/gld/v1/objectsAsCsv/GLD000000104807?rapportagetype=compact&observatietype=onbekend,https://publiek.broservices.nl/gm/gld/v1/objectsAsCsv/GLD000000104807?rapportagetype=compact&observatietype=regulier_voorlopig,https://publiek.broservices.nl/gm/gld/v1/objectsAsCsv/GLD000000104807?rapportagetype=compact&observatietype=regulier_beoordeeld,https://publiek.broservices.nl/gm/gld/v1/objectsAsCsv/GLD000000104807
31567,24659,GMW000000033152,1,46.04302770143611,design_well,557607,1,GLD000000102257,157,1995-11-10,2020-10-26,https://publiek.broservices.nl/gm/gld/v1/objectsAsCsv/GLD000000102257?rapportagetype=compact&observatietype=onbekend,https://publiek.broservices.nl/gm/gld/v1/objectsAsCsv/GLD000000102257?rapportagetype=compact&observatietype=regulier_voorlopig,https://publiek.broservices.nl/gm/gld/v1/objectsAsCsv/GLD000000102257?rapportagetype=compact&observatietype=regulier_beoordeeld,https://publiek.broservices.nl/gm/gld/v1/objectsAsCsv/GLD000000102257
31567,24659,GMW000000033152,1,46.04302770143611,design_well,557607,1,GLD000000105112,8,2021-01-22,2022-09-15,https://publiek.broservices.nl/gm/gld/v1/objectsAsCsv/GLD000000105112?rapportagetype=compact&observatietype=onbekend,https://publiek.broservices.nl/gm/gld/v1/objectsAsCsv/GLD000000105112?rapportagetype=compact&observatietype=regulier_voorlopig,https://publiek.broservices.nl/gm/gld/v1/objectsAsCsv/GLD000000105112?rapportagetype=compact&observatietype=regulier_beoordeeld,https://publiek.broservices.nl/gm/gld/v1/objectsAsCsv/GLD000000105112
31593,24684,GMW000000033177,1,13.92807152811577,facility_point,GUF000000000434,1,GLD000000099845,13,2021-01-11,2023-01-13,https://publiek.broservices.nl/gm/gld/v1/objectsAsCsv/GLD000000099845?rapportagetype=compact&observatietype=onbekend,https://publiek.broservices.nl/gm/gld/v1/objectsAsCsv/GLD000000099845?rapportagetype=compact&observatietype=regulier_voorlopig,https://publiek.broservices.nl/gm/gld/v1/objectsAsCsv/GLD000000099845?rapportagetype=compact&observatietype=regulier_beoordeeld,https://publiek.broservices.nl/gm/gld/v1/objectsAsCsv/GLD000000099845
31593,24684,GMW000000033177,1,13.92807152811577,facility_point,GUF000000000434,1,GLD000000102582,100,2004-10-15,2020-10-14,https://publiek.broservices.nl/gm/gld/v1/objectsAsCsv/GLD000000102582?rapportagetype=compact&observatietype=onbekend,https://publiek.broservices.nl/gm/gld/v1/objectsAsCsv/GLD000000102582?rapportagetype=compact&observatietype=regulier_voorlopig,https://publiek.broservices.nl/gm/gld/v1/objectsAsCsv/GLD000000102582?rapportagetype=compact&observatietype=regulier_beoordeeld,https://publiek.broservices.nl/gm/gld/v1/objectsAsCsv/GLD000000102582
31631,24722,GMW000000033215,1,41.11073028065323,facility_point,GUF000000017933,1,GLD000000098780,240,1978-12-19,2020-09-17,https://publiek.broservices.nl/gm/gld/v1/objectsAsCsv/GLD000000098780?rapportagetype=compact&observatietype=onbekend,https://publiek.broservices.nl/gm/gld/v1/objectsAsCsv/GLD000000098780?rapportagetype=compact&observatietype=regulier_voorlopig,https://publiek.broservices.nl/gm/gld/v1/objectsAsCsv/GLD000000098780?rapportagetype=compact&observatietype=regulier_beoordeeld,https://publiek.broservices.nl/gm/gld/v1/objectsAsCsv/GLD000000098780
31631,24722,GMW000000033215,1,41.11073028065323,facility_point,GUF000000017933,1,GLD000000104516,23,2021-01-15,2025-04-15,https://publiek.broservices.nl/gm/gld/v1/objectsAsCsv/GLD000000104516?rapportagetype=compact&observatietype=onbekend,https://publiek.broservices.nl/gm/gld/v1/objectsAsCsv/GLD000000104516?rapportagetype=compact&observatietype=regulier_voorlopig,https://publiek.broservices.nl/gm/gld/v1/objectsAsCsv/GLD000000104516?rapportagetype=compact&observatietype=regulier_beoordeeld,https://publiek.broservices.nl/gm/gld/v1/objectsAsCsv/GLD000000104516
31642,24733,GMW000000033226,1,43.41613269799553,design_well,561596,1,GLD000000102560,115,2004-07-06,2020-11-11,https://publiek.broservices.nl/gm/gld/v1/objectsAsCsv/GLD000000102560?rapportagetype=compact&observatietype=onbekend,https://publiek.broservices.nl/gm/gld/v1/objectsAsCsv/GLD000000102560?rapportagetype=compact&observatietype=regulier_voorlopig,https://publiek.broservices.nl/gm/gld/v1/objectsAsCsv/GLD000000102560?rapportagetype=compact&observatietype=regulier_beoordeeld,https://publiek.broservices.nl/gm/gld/v1/objectsAsCsv/GLD000000102560
31642,24733,GMW000000033226,1,43.41613269799553,design_well,561596,1,GLD000000105223,1,2021-08-23,2021-08-23,https://publiek.broservices.nl/gm/gld/v1/objectsAsCsv/GLD000000105223?rapportagetype=compact&observatietype=onbekend,https://publiek.broservices.nl/gm/gld/v1/objectsAsCsv/GLD000000105223?rapportagetype=compact&observatietype=regulier_voorlopig,https://publiek.broservices.nl/gm/gld/v1/objectsAsCsv/GLD000000105223?rapportagetype=compact&observatietype=regulier_beoordeeld,https://publiek.broservices.nl/gm/gld/v1/objectsAsCsv/GLD000000105223
31683,24773,GMW000000033266,1,45.17756329095359,facility_point,GUF000000026707,1,GLD000000101211,18,2021-01-27,2025-02-26,https://publiek.broservices.nl/gm/gld/v1/objectsAsCsv/GLD000000101211?rapportagetype=compact&observatietype=onbekend,https://publiek.broservices.nl/gm/gld/v1/objectsAsCsv/GLD000000101211?rapportagetype=compact&observatietype=regulier_voorlopig,https://publiek.broservices.nl/gm/gld/v1/objectsAsCsv/GLD000000101211?rapportagetype=compact&observatietype=regulier_beoordeeld,https://publiek.broservices.nl/gm/gld/v1/objectsAsCsv/GLD000000101211
31683,24773,GMW000000033266,1,45.17756329095359,facility_point,GUF000000026707,1,GLD000000101667,222,1981-01-22,2020-11-18,https://publiek.broservices.nl/gm/gld/v1/objectsAsCsv/GLD000000101667?rapportagetype=compact&observatietype=onbekend,https://publiek.broservices.nl/gm/gld/v1/objectsAsCsv/GLD000000101667?rapportagetype=compact&observatietype=regulier_voorlopig,https://publiek.broservices.nl/gm/gld/v1/objectsAsCsv/GLD000000101667?rapportagetype=compact&observatietype=regulier_beoordeeld,https://publiek.broservices.nl/gm/gld/v1/objectsAsCsv/GLD000000101667
31688,24778,GMW000000033271,1,47.01144636221204,facility_point,GUF000000007458,1,GLD000000099833,264,1975-08-27,2020-11-09,https://publiek.broservices.nl/gm/gld/v1/objectsAsCsv/GLD000000099833?rapportagetype=compact&observatietype=onbekend,https://publiek.broservices.nl/gm/gld/v1/objectsAsCsv/GLD000000099833?rapportagetype=compact&observatietype=regulier_voorlopig,https://publiek.broservices.nl/gm/gld/v1/objectsAsCsv/GLD000000099833?rapportagetype=compact&observatietype=regulier_beoordeeld,https://publiek.broservices.nl/gm/gld/v1/objectsAsCsv/GLD000000099833
31688,24778,GMW000000033271,1,47.01144636221204,facility_point,GUF000000007458,1,GLD000000099886,12,2021-01-15,2023-01-25,https://publiek.broservices.nl/gm/gld/v1/objectsAsCsv/GLD000000099886?rapportagetype=compact&observatietype=onbekend,https://publiek.broservices.nl/gm/gld/v1/objectsAsCsv/GLD000000099886?rapportagetype=compact&observatietype=regulier_voorlopig,https://publiek.broservices.nl/gm/gld/v1/objectsAsCsv/GLD000000099886?rapportagetype=compact&observatietype=regulier_beoordeeld,https://publiek.broservices.nl/gm/gld/v1/objectsAsCsv/GLD000000099886
31696,24786,GMW000000033279,1,17.720662185117327,facility_point,GUF000000016329,1,GLD000000102024,163,1993-01-11,2020-11-09,https://publiek.broservices.nl/gm/gld/v1/objectsAsCsv/GLD000000102024?rapportagetype=compact&observatietype=onbekend,https://publiek.broservices.nl/gm/gld/v1/objectsAsCsv/GLD000000102024?rapportagetype=compact&observatietype=regulier_voorlopig,https://publiek.broservices.nl/gm/gld/v1/objectsAsCsv/GLD000000102024?rapportagetype=compact&observatietype=regulier_beoordeeld,https://publiek.broservices.nl/gm/gld/v1/objectsAsCsv/GLD000000102024
31696,24786,GMW000000033279,1,17.720662185117327,facility_point,GUF000000016329,1,GLD000000104603,35,2021-01-15,2025-02-28,https://publiek.broservices.nl/gm/gld/v1/objectsAsCsv/GLD000000104603?rapportagetype=compact&observatietype=onbekend,https://publiek.broservices.nl/gm/gld/v1/objectsAsCsv/GLD000000104603?rapportagetype=compact&observatietype=regulier_voorlopig,https://publiek.broservices.nl/gm/gld/v1/objectsAsCsv/GLD000000104603?rapportagetype=compact&observatietype=regulier_beoordeeld,https://publiek.broservices.nl/gm/gld/v1/objectsAsCsv/GLD000000104603
31792,24882,GMW000000033375,3,27.730104664030126,realised_well,114836,1,GLD000000099218,26,2021-01-20,2025-05-09,https://publiek.broservices.nl/gm/gld/v1/objectsAsCsv/GLD000000099218?rapportagetype=compact&observatietype=onbekend,https://publiek.broservices.nl/gm/gld/v1/objectsAsCsv/GLD000000099218?rapportagetype=compact&observatietype=regulier_voorlopig,https://publiek.broservices.nl/gm/gld/v1/objectsAsCsv/GLD000000099218?rapportagetype=compact&observatietype=regulier_beoordeeld,https://publiek.broservices.nl/gm/gld/v1/objectsAsCsv/GLD000000099218
31792,24882,GMW000000033375,3,27.730104664030126,realised_well,114836,1,GLD000000102690,84,2005-12-21,2020-11-18,https://publiek.broservices.nl/gm/gld/v1/objectsAsCsv/GLD000000102690?rapportagetype=compact&observatietype=onbekend,https://publiek.broservices.nl/gm/gld/v1/objectsAsCsv/GLD000000102690?rapportagetype=compact&observatietype=regulier_voorlopig,https://publiek.broservices.nl/gm/gld/v1/objectsAsCsv/GLD000000102690?rapportagetype=compact&observatietype=regulier_beoordeeld,https://publiek.broservices.nl/gm/gld/v1/objectsAsCsv/GLD000000102690
31854,24941,GMW000000033434,1,43.84033648480405,design_well,540304,1,GLD000000100062,24,2021-01-04,2025-03-05,https://publiek.broservices.nl/gm/gld/v1/objectsAsCsv/GLD000000100062?rapportagetype=compact&observatietype=onbekend,https://publiek.broservices.nl/gm/gld/v1/objectsAsCsv/GLD000000100062?rapportagetype=compact&observatietype=regulier_voorlopig,https://publiek.broservices.nl/gm/gld/v1/objectsAsCsv/GLD000000100062?rapportagetype=compact&observatietype=regulier_beoordeeld,https://publiek.broservices.nl/gm/gld/v1/objectsAsCsv/GLD000000100062
31854,24941,GMW000000033434,1,43.84033648480405,design_well,540304,1,GLD000000102142,181,1992-08-12,2020-10-06,https://publiek.broservices.nl/gm/gld/v1/objectsAsCsv/GLD000000102142?rapportagetype=compact&observatietype=onbekend,https://publiek.broservices.nl/gm/gld/v1/objectsAsCsv/GLD000000102142?rapportagetype=compact&observatietype=regulier_voorlopig,https://publiek.broservices.nl/gm/gld/v1/objectsAsCsv/GLD000000102142?rapportagetype=compact&observatietype=regulier_beoordeeld,https://publiek.broservices.nl/gm/gld/v1/objectsAsCsv/GLD000000102142
31920,25004,GMW000000033497,1,29.833740092446646,realised_well,501762,1,GLD000000099542,274,1973-09-04,2020-11-11,https://publiek.broservices.nl/gm/gld/v1/objectsAsCsv/GLD000000099542?rapportagetype=compact&observatietype=onbekend,https://publiek.broservices.nl/gm/gld/v1/objectsAsCsv/GLD000000099542?rapportagetype=compact&observatietype=regulier_voorlopig,https://publiek.broservices.nl/gm/gld/v1/objectsAsCsv/GLD000000099542?rapportagetype=compact&observatietype=regulier_beoordeeld,https://publiek.broservices.nl/gm/gld/v1/objectsAsCsv/GLD000000099542
31920,25004,GMW000000033497,1,29.833740092446646,realised_well,501762,1,GLD000000104769,13,2021-01-14,2023-01-26,https://publiek.broservices.nl/gm/gld/v1/objectsAsCsv/GLD000000104769?rapportagetype=compact&observatietype=onbekend,https://publiek.broservices.nl/gm/gld/v1/objectsAsCsv/GLD000000104769?rapportagetype=compact&observatietype=regulier_voorlopig,https://publiek.broservices.nl/gm/gld/v1/objectsAsCsv/GLD000000104769?rapportagetype=compact&observatietype=regulier_beoordeeld,https://publiek.broservices.nl/gm/gld/v1/objectsAsCsv/GLD000000104769
31933,25017,GMW000000033510,1,11.403143647896655,realised_well,109711,1,GLD000000099396,40,2021-01-01,2025-03-24,https://publiek.broservices.nl/gm/gld/v1/objectsAsCsv/GLD000000099396?rapportagetype=compact&observatietype=onbekend,https://publiek.broservices.nl/gm/gld/v1/objectsAsCsv/GLD000000099396?rapportagetype=compact&observatietype=regulier_voorlopig,https://publiek.broservices.nl/gm/gld/v1/objectsAsCsv/GLD000000099396?rapportagetype=compact&observatietype=regulier_beoordeeld,https://publiek.broservices.nl/gm/gld/v1/objectsAsCsv/GLD000000099396
31933,25017,GMW000000033510,1,11.403143647896655,realised_well,109711,1,GLD000000099735,257,1975-02-06,2020-12-31,https://publiek.broservices.nl/gm/gld/v1/objectsAsCsv/GLD000000099735?rapportagetype=compact&observatietype=onbekend,https://publiek.broservices.nl/gm/gld/v1/objectsAsCsv/GLD000000099735?rapportagetype=compact&observatietype=regulier_voorlopig,https://publiek.broservices.nl/gm/gld/v1/objectsAsCsv/GLD000000099735?rapportagetype=compact&observatietype=regulier_beoordeeld,https://publiek.broservices.nl/gm/gld/v1/objectsAsCsv/GLD000000099735
31939,25023,GMW000000033516,1,36.23576970902387,facility_point,GUF000000017806,1,GLD000000098595,415,1963-03-14,2020-11-25,https://publiek.broservices.nl/gm/gld/v1/objectsAsCsv/GLD000000098595?rapportagetype=compact&observatietype=onbekend,https://publiek.broservices.nl/gm/gld/v1/objectsAsCsv/GLD000000098595?rapportagetype=compact&observatietype=regulier_voorlopig,https://publiek.broservices.nl/gm/gld/v1/objectsAsCsv/GLD000000098595?rapportagetype=compact&observatietype=regulier_beoordeeld,https://publiek.broservices.nl/gm/gld/v1/objectsAsCsv/GLD000000098595
31939,25023,GMW000000033516,1,36.23576970902387,facility_point,GUF000000017806,1,GLD000000105058,22,2021-01-29,2025-04-28,https://publiek.broservices.nl/gm/gld/v1/objectsAsCsv/GLD000000105058?rapportagetype=compact&observatietype=onbekend,https://publiek.broservices.nl/gm/gld/v1/objectsAsCsv/GLD000000105058?rapportagetype=compact&observatietype=regulier_voorlopig,https://publiek.broservices.nl/gm/gld/v1/objectsAsCsv/GLD000000105058?rapportagetype=compact&observatietype=regulier_beoordeeld,https://publiek.broservices.nl/gm/gld/v1/objectsAsCsv/GLD000000105058
31951,25035,GMW000000033528,1,46.519718766339885,facility_point,GUF000000026092,1,GLD000000100872,30,2009-04-21,2020-09-15,https://publiek.broservices.nl/gm/gld/v1/objectsAsCsv/GLD000000100872?rapportagetype=compact&observatietype=onbekend,https://publiek.broservices.nl/gm/gld/v1/objectsAsCsv/GLD000000100872?rapportagetype=compact&observatietype=regulier_voorlopig,https://publiek.broservices.nl/gm/gld/v1/objectsAsCsv/GLD000000100872?rapportagetype=compact&observatietype=regulier_beoordeeld,https://publiek.broservices.nl/gm/gld/v1/objectsAsCsv/GLD000000100872
31951,25035,GMW000000033528,1,46.519718766339885,facility_point,GUF000000026092,1,GLD000000104005,1,2021-01-19,2021-01-19,https://publiek.broservices.nl/gm/gld/v1/objectsAsCsv/GLD000000104005?rapportagetype=compact&observatietype=onbekend,https://publiek.broservices.nl/gm/gld/v1/objectsAsCsv/GLD000000104005?rapportagetype=compact&observatietype=regulier_voorlopig,https://publiek.broservices.nl/gm/gld/v1/objectsAsCsv/GLD000000104005?rapportagetype=compact&observatietype=regulier_beoordeeld,https://publiek.broservices.nl/gm/gld/v1/objectsAsCsv/GLD000000104005
31988,25072,GMW000000033565,1,34.92974773463527,facility_point,GUF000000084833,1,GLD000000098858,170,1992-01-28,2020-10-20,https://publiek.broservices.nl/gm/gld/v1/objectsAsCsv/GLD000000098858?rapportagetype=compact&observatietype=onbekend,https://publiek.broservices.nl/gm/gld/v1/objectsAsCsv/GLD000000098858?rapportagetype=compact&observatietype=regulier_voorlopig,https://publiek.broservices.nl/gm/gld/v1/objectsAsCsv/GLD000000098858?rapportagetype=compact&observatietype=regulier_beoordeeld,https://publiek.broservices.nl/gm/gld/v1/objectsAsCsv/GLD000000098858
31988,25072,GMW000000033565,1,34.92974773463527,facility_point,GUF000000084833,1,GLD000000103471,27,2021-01-07,2025-04-03,https://publiek.broservices.nl/gm/gld/v1/objectsAsCsv/GLD000000103471?rapportagetype=compact&observatietype=onbekend,https://publiek.broservices.nl/gm/gld/v1/objectsAsCsv/GLD000000103471?rapportagetype=compact&observatietype=regulier_voorlopig,https://publiek.broservices.nl/gm/gld/v1/objectsAsCsv/GLD000000103471?rapportagetype=compact&observatietype=regulier_beoordeeld,https://publiek.broservices.nl/gm/gld/v1/objectsAsCsv/GLD000000103471
31997,25081,GMW000000033574,1,31.624831793115064,facility_point,GUF000000023679,1,GLD000000099458,181,1989-04-28,2020-11-10,https://publiek.broservices.nl/gm/gld/v1/objectsAsCsv/GLD000000099458?rapportagetype=compact&observatietype=onbekend,https://publiek.broservices.nl/gm/gld/v1/objectsAsCsv/GLD000000099458?rapportagetype=compact&observatietype=regulier_voorlopig,https://publiek.broservices.nl/gm/gld/v1/objectsAsCsv/GLD000000099458?rapportagetype=compact&observatietype=regulier_beoordeeld,https://publiek.broservices.nl/gm/gld/v1/objectsAsCsv/GLD000000099458
31997,25081,GMW000000033574,1,31.624831793115064,facility_point,GUF000000023679,1,GLD000000103958,20,2021-01-20,2024-07-23,https://publiek.broservices.nl/gm/gld/v1/objectsAsCsv/GLD000000103958?rapportagetype=compact&observatietype=onbekend,https://publiek.broservices.nl/gm/gld/v1/objectsAsCsv/GLD000000103958?rapportagetype=compact&observatietype=regulier_voorlopig,https://publiek.broservices.nl/gm/gld/v1/objectsAsCsv/GLD000000103958?rapportagetype=compact&observatietype=regulier_beoordeeld,https://publiek.broservices.nl/gm/gld/v1/objectsAsCsv/GLD000000103958
32135,25215,GMW000000033708,1,46.64700907999761,facility_point,GUF000000010274,1,GLD000000102657,104,2005-12-13,2020-12-31,https://publiek.broservices.nl/gm/gld/v1/objectsAsCsv/GLD000000102657?rapportagetype=compact&observatietype=onbekend,https://publiek.broservices.nl/gm/gld/v1/objectsAsCsv/GLD000000102657?rapportagetype=compact&observatietype=regulier_voorlopig,https://publiek.broservices.nl/gm/gld/v1/objectsAsCsv/GLD000000102657?rapportagetype=compact&observatietype=regulier_beoordeeld,https://publiek.broservices.nl/gm/gld/v1/objectsAsCsv/GLD000000102657
32135,25215,GMW000000033708,1,46.64700907999761,facility_point,GUF000000010274,1,GLD000000104909,32,2021-01-01,2023-06-09,https://publiek.broservices.nl/gm/gld/v1/objectsAsCsv/GLD000000104909?rapportagetype=compact&observatietype=onbekend,https://publiek.broservices.nl/gm/gld/v1/objectsAsCsv/GLD000000104909?rapportagetype=compact&observatietype=regulier_voorlopig,https://publiek.broservices.nl/gm/gld/v1/objectsAsCsv/GLD000000104909?rapportagetype=compact&observatietype=regulier_beoordeeld,https://publiek.broservices.nl/gm/gld/v1/objectsAsCsv/GLD000000104909
32138,25218,GMW000000033711,1,23.021885583261593,design_well,534340,1,GLD000000098832,175,1990-02-22,2020-11-12,https://publiek.broservices.nl/gm/gld/v1/objectsAsCsv/GLD000000098832?rapportagetype=compact&observatietype=onbekend,https://publiek.broservices.nl/gm/gld/v1/objectsAsCsv/GLD000000098832?rapportagetype=compact&observatietype=regulier_voorlopig,https://publiek.broservices.nl/gm/gld/v1/objectsAsCsv/GLD000000098832?rapportagetype=compact&observatietype=regulier_beoordeeld,https://publiek.broservices.nl/gm/gld/v1/objectsAsCsv/GLD000000098832
32138,25218,GMW000000033711,1,23.021885583261593,design_well,534340,1,GLD000000103532,7,2021-03-25,2022-07-11,https://publiek.broservices.nl/gm/gld/v1/objectsAsCsv/GLD000000103532?rapportagetype=compact&observatietype=onbekend,https://publiek.broservices.nl/gm/gld/v1/objectsAsCsv/GLD000000103532?rapportagetype=compact&observatietype=regulier_voorlopig,https://publiek.broservices.nl/gm/gld/v1/objectsAsCsv/GLD000000103532?rapportagetype=compact&observatietype=regulier_beoordeeld,https://publiek.broservices.nl/gm/gld/v1/objectsAsCsv/GLD000000103532
32189,25268,GMW000000033761,1,24.41278027555311,facility_point,GUF000000007837,1,GLD000000098818,179,1990-06-02,2020-11-25,https://publiek.broservices.nl/gm/gld/v1/objectsAsCsv/GLD000000098818?rapportagetype=compact&observatietype=onbekend,https://publiek.broservices.nl/gm/gld/v1/objectsAsCsv/GLD000000098818?rapportagetype=compact&observatietype=regulier_voorlopig,https://publiek.broservices.nl/gm/gld/v1/objectsAsCsv/GLD000000098818?rapportagetype=compact&observatietype=regulier_beoordeeld,https://publiek.broservices.nl/gm/gld/v1/objectsAsCsv/GLD000000098818
32189,25268,GMW000000033761,1,24.41278027555311,facility_point,GUF000000007837,1,GLD000000099415,33,2021-02-04,2025-02-28,https://publiek.broservices.nl/gm/gld/v1/objectsAsCsv/GLD000000099415?rapportagetype=compact&observatietype=onbekend,https://publiek.broservices.nl/gm/gld/v1/objectsAsCsv/GLD000000099415?rapportagetype=compact&observatietype=regulier_voorlopig,https://publiek.broservices.nl/gm/gld/v1/objectsAsCsv/GLD000000099415?rapportagetype=compact&observatietype=regulier_beoordeeld,https://publiek.broservices.nl/gm/gld/v1/objectsAsCsv/GLD000000099415
32219,25297,GMW000000033790,1,29.154383243450035,design_well,534330,1,GLD000000100322,228,1977-02-23,2020-11-03,https://publiek.broservices.nl/gm/gld/v1/objectsAsCsv/GLD000000100322?rapportagetype=compact&observatietype=onbekend,https://publiek.broservices.nl/gm/gld/v1/objectsAsCsv/GLD000000100322?rapportagetype=compact&observatietype=regulier_voorlopig,https://publiek.broservices.nl/gm/gld/v1/objectsAsCsv/GLD000000100322?rapportagetype=compact&observatietype=regulier_beoordeeld,https://publiek.broservices.nl/gm/gld/v1/objectsAsCsv/GLD000000100322
32219,25297,GMW000000033790,1,29.154383243450035,design_well,534330,1,GLD000000101025,21,2021-01-13,2025-02-17,https://publiek.broservices.nl/gm/gld/v1/objectsAsCsv/GLD000000101025?rapportagetype=compact&observatietype=onbekend,https://publiek.broservices.nl/gm/gld/v1/objectsAsCsv/GLD000000101025?rapportagetype=compact&observatietype=regulier_voorlopig,https://publiek.broservices.nl/gm/gld/v1/objectsAsCsv/GLD000000101025?rapportagetype=compact&observatietype=regulier_beoordeeld,https://publiek.broservices.nl/gm/gld/v1/objectsAsCsv/GLD000000101025
32332,25405,GMW000000033898,1,34.88463758198472,facility_point,GUF000000000007,1,GLD000000099409,24,2021-01-01,2023-02-10,https://publiek.broservices.nl/gm/gld/v1/objectsAsCsv/GLD000000099409?rapportagetype=compact&observatietype=onbekend,https://publiek.broservices.nl/gm/gld/v1/objectsAsCsv/GLD000000099409?rapportagetype=compact&observatietype=regulier_voorlopig,https://publiek.broservices.nl/gm/gld/v1/objectsAsCsv/GLD000000099409?rapportagetype=compact&observatietype=regulier_beoordeeld,https://publiek.broservices.nl/gm/gld/v1/objectsAsCsv/GLD000000099409
32332,25405,GMW000000033898,1,34.88463758198472,facility_point,GUF000000000007,1,GLD000000099539,183,1993-04-05,2020-12-31,https://publiek.broservices.nl/gm/gld/v1/objectsAsCsv/GLD000000099539?rapportagetype=compact&observatietype=onbekend,https://publiek.broservices.nl/gm/gld/v1/objectsAsCsv/GLD000000099539?rapportagetype=compact&observatietype=regulier_voorlopig,https://publiek.broservices.nl/gm/gld/v1/objectsAsCsv/GLD000000099539?rapportagetype=compact&observatietype=regulier_beoordeeld,https://publiek.broservices.nl/gm/gld/v1/objectsAsCsv/GLD000000099539
32804,25606,GMW000000034099,1,49.03930390479786,facility_point,GUF000000002224,1,GLD000000135886,110,1992-03-20,2025-04-28,https://publiek.broservices.nl/gm/gld/v1/objectsAsCsv/GLD000000135886?rapportagetype=compact&observatietype=onbekend,https://publiek.broservices.nl/gm/gld/v1/objectsAsCsv/GLD000000135886?rapportagetype=compact&observatietype=regulier_voorlopig,https://publiek.broservices.nl/gm/gld/v1/objectsAsCsv/GLD000000135886?rapportagetype=compact&observatietype=regulier_beoordeeld,https://publiek.broservices.nl/gm/gld/v1/objectsAsCsv/GLD000000135886
32805,25606,GMW000000034099,2,49.03930390479786,facility_point,GUF000000002224,2,GLD000000135906,110,1992-03-20,2025-04-28,https://publiek.broservices.nl/gm/gld/v1/objectsAsCsv/GLD000000135906?rapportagetype=compact&observatietype=onbekend,https://publiek.broservices.nl/gm/gld/v1/objectsAsCsv/GLD000000135906?rapportagetype=compact&observatietype=regulier_voorlopig,https://publiek.broservices.nl/gm/gld/v1/objectsAsCsv/GLD000000135906?rapportagetype=compact&observatietype=regulier_beoordeeld,https://publiek.broservices.nl/gm/gld/v1/objectsAsCsv/GLD000000135906
32806,25606,GMW000000034099,3,49.03930390479786,facility_point,GUF000000002224,3,GLD000000135907,110,1992-03-20,2025-04-28,https://publiek.broservices.nl/gm/gld/v1/objectsAsCsv/GLD000000135907?rapportagetype=compact&observatietype=onbekend,https://publiek.broservices.nl/gm/gld/v1/objectsAsCsv/GLD000000135907?rapportagetype=compact&observatietype=regulier_voorlopig,https://publiek.broservices.nl/gm/gld/v1/objectsAsCsv/GLD000000135907?rapportagetype=compact&observatietype=regulier_beoordeeld,https://publiek.broservices.nl/gm/gld/v1/objectsAsCsv/GLD000000135907
33049,25692,GMW000000034185,1,42.29770016168142,realised_well,523422,2,GLD000000118454,646,1955-01-06,2025-04-28,https://publiek.broservices.nl/gm/gld/v1/objectsAsCsv/GLD000000118454?rapportagetype=compact&observatietype=onbekend,https://publiek.broservices.nl/gm/gld/v1/objectsAsCsv/GLD000000118454?rapportagetype=compact&observatietype=regulier_voorlopig,https://publiek.broservices.nl/gm/gld/v1/objectsAsCsv/GLD000000118454?rapportagetype=compact&observatietype=regulier_beoordeeld,https://publiek.broservices.nl/gm/gld/v1/objectsAsCsv/GLD000000118454
33050,25692,GMW000000034185,2,42.29770016168142,realised_well,523422,1,GLD000000118508,648,1955-01-06,2025-04-28,https://publiek.broservices.nl/gm/gld/v1/objectsAsCsv/GLD000000118508?rapportagetype=compact&observatietype=onbekend,https://publiek.broservices.nl/gm/gld/v1/objectsAsCsv/GLD000000118508?rapportagetype=compact&observatietype=regulier_voorlopig,https://publiek.broservices.nl/gm/gld/v1/objectsAsCsv/GLD000000118508?rapportagetype=compact&observatietype=regulier_beoordeeld,https://publiek.broservices.nl/gm/gld/v1/objectsAsCsv/GLD000000118508
104122,78389,GMW000000093896,1,32.320720811657864,design_well,564267,1,GLD000000096878,207,1990-03-16,2026-01-29,https://publiek.broservices.nl/gm/gld/v1/objectsAsCsv/GLD000000096878?rapportagetype=compact&observatietype=onbekend,https://publiek.broservices.nl/gm/gld/v1/objectsAsCsv/GLD000000096878?rapportagetype=compact&observatietype=regulier_voorlopig,https://publiek.broservices.nl/gm/gld/v1/objectsAsCsv/GLD000000096878?rapportagetype=compact&observatietype=regulier_beoordeeld,https://publiek.broservices.nl/gm/gld/v1/objectsAsCsv/GLD000000096878
104211,78478,GMW000000093985,1,45.31103048027389,facility_point,GUF000000024495,1,GLD000000096958,207,1993-06-22,2026-01-29,https://publiek.broservices.nl/gm/gld/v1/objectsAsCsv/GLD000000096958?rapportagetype=compact&observatietype=onbekend,https://publiek.broservices.nl/gm/gld/v1/objectsAsCsv/GLD000000096958?rapportagetype=compact&observatietype=regulier_voorlopig,https://publiek.broservices.nl/gm/gld/v1/objectsAsCsv/GLD000000096958?rapportagetype=compact&observatietype=regulier_beoordeeld,https://publiek.broservices.nl/gm/gld/v1/objectsAsCsv/GLD000000096958
