date,water_level_nap_m
1934-06-01T13:00:00+01:00,140.62
1939-10-11T13:00:00+01:00,141.62
1940-05-30T14:00:00+02:00,145.14
1940-10-08T14:00:00+02:00,143.02
1941-05-24T14:00:00+02:00,143.32
1941-10-13T14:00:00+02:00,142.4
1942-05-29T14:00:00+02:00,145.57
1942-10-15T14:00:00+02:00,142.37
1943-06-15T14:00:00+02:00,142.82
1943-10-13T13:00:00+01:00,141.67
1944-06-05T14:00:00+02:00,141.97
1947-10-24T13:00:00+01:00,141.36
1948-12-10T13:00:00+01:00,141.57
1954-09-29T13:00:00+01:00,141.93
1955-01-28T13:00:00+01:00,142.43
1955-02-14T13:00:00+01:00,142.76
1955-02-28T13:00:00+01:00,143.07
1955-03-14T13:00:00+01:00,143.25
1955-03-28T13:00:00+01:00,143.47
1955-04-14T13:00:00+01:00,143.72
1955-04-28T13:00:00+01:00,143.87
1955-05-14T13:00:00+01:00,143.92
1955-05-28T13:00:00+01:00,143.9
1955-06-14T13:00:00+01:00,143.82
1955-06-28T13:00:00+01:00,143.77
1955-07-14T13:00:00+01:00,143.62
1955-07-28T13:00:00+01:00,143.57
1955-08-16T13:00:00+01:00,143.32
1955-08-29T13:00:00+01:00,143.17
1955-09-14T13:00:00+01:00,143.02
1955-09-28T13:00:00+01:00,142.82
1955-10-14T13:00:00+01:00,142.62
1955-10-28T13:00:00+01:00,142.47
1955-11-14T13:00:00+01:00,142.27
1955-11-28T13:00:00+01:00,142.17
1955-12-14T13:00:00+01:00,141.97
1955-12-28T13:00:00+01:00,141.87
1956-01-14T13:00:00+01:00,141.82
1956-01-28T13:00:00+01:00,141.8
1956-02-14T13:00:00+01:00,141.97
1956-03-01T13:00:00+01:00,142.02
1956-03-14T13:00:00+01:00,142.62
1956-03-28T13:00:00+01:00,142.87
1956-04-14T13:00:00+01:00,143.02
1956-04-28T13:00:00+01:00,143.07
1956-05-14T13:00:00+01:00,143.07
1956-05-28T13:00:00+01:00,143.02
1956-06-14T13:00:00+01:00,143.12
1956-06-28T13:00:00+01:00,143.17
1956-07-14T13:00:00+01:00,143.22
1956-07-28T13:00:00+01:00,143.22
1956-08-14T13:00:00+01:00,143.17
1956-08-28T13:00:00+01:00,143.07
1956-09-14T13:00:00+01:00,143.02
1956-09-28T13:00:00+01:00,142.87
1956-10-15T13:00:00+01:00,142.97
1956-10-29T13:00:00+01:00,143.07
1956-11-14T13:00:00+01:00,143.42
1956-11-28T13:00:00+01:00,143.72
1956-12-14T13:00:00+01:00,143.97
1956-12-28T13:00:00+01:00,144.32
1957-01-14T13:00:00+01:00,144.67
1957-01-28T13:00:00+01:00,145.0
1957-02-13T13:00:00+01:00,145.42
1957-02-28T13:00:00+01:00,145.87
1957-03-14T13:00:00+01:00,146.77
1957-03-28T13:00:00+01:00,147.27
1957-04-15T13:00:00+01:00,147.47
1957-04-29T13:00:00+01:00,147.52
1957-05-14T13:00:00+01:00,147.42
1957-05-28T13:00:00+01:00,147.22
1957-06-14T13:00:00+01:00,146.92
1957-06-28T13:00:00+01:00,146.67
1957-07-15T13:00:00+01:00,146.27
1957-07-29T13:00:00+01:00,145.97
1957-08-14T13:00:00+01:00,145.67
1957-08-28T13:00:00+01:00,145.32
1957-09-14T13:00:00+01:00,145.17
1957-09-28T13:00:00+01:00,145.97
1957-10-14T13:00:00+01:00,147.22
1957-10-28T13:00:00+01:00,147.62
1957-11-14T13:00:00+01:00,147.77
1957-11-28T13:00:00+01:00,147.87
1957-12-14T13:00:00+01:00,147.92
1957-12-28T13:00:00+01:00,147.77
1958-01-14T13:00:00+01:00,147.67
1958-01-28T13:00:00+01:00,147.67
1958-02-14T13:00:00+01:00,147.82
1958-02-28T13:00:00+01:00,148.12
1958-03-14T13:00:00+01:00,148.87
1958-03-28T13:00:00+01:00,149.27
1958-04-14T13:00:00+01:00,149.32
1958-04-28T13:00:00+01:00,149.22
1958-05-16T13:00:00+01:00,149.02
1958-05-28T13:00:00+01:00,148.77
1958-06-16T13:00:00+01:00,148.42
1958-06-28T13:00:00+01:00,148.17
1958-07-14T13:00:00+01:00,147.87
1958-07-28T13:00:00+01:00,147.57
1958-08-14T13:00:00+01:00,147.22
1958-08-28T13:00:00+01:00,147.07
1958-09-15T13:00:00+01:00,146.52
1958-09-29T13:00:00+01:00,146.17
1958-10-14T13:00:00+01:00,145.82
1958-10-28T13:00:00+01:00,145.47
1958-11-14T13:00:00+01:00,145.12
1958-11-28T13:00:00+01:00,144.87
1958-12-15T13:00:00+01:00,144.62
1958-12-29T13:00:00+01:00,144.37
1959-01-14T13:00:00+01:00,144.47
1959-01-28T13:00:00+01:00,144.72
1959-02-14T13:00:00+01:00,145.02
1959-02-28T13:00:00+01:00,145.12
1959-03-14T13:00:00+01:00,145.07
1959-03-28T13:00:00+01:00,144.7
1959-04-01T13:00:00+01:00,144.87
1959-04-14T13:00:00+01:00,144.77
1959-04-28T13:00:00+01:00,144.57
1959-05-14T13:00:00+01:00,144.32
1959-06-15T13:00:00+01:00,143.87
1959-06-29T13:00:00+01:00,143.67
1959-07-14T13:00:00+01:00,143.42
1959-07-28T13:00:00+01:00,143.27
1959-08-14T13:00:00+01:00,143.07
1959-08-28T13:00:00+01:00,142.82
1959-09-14T13:00:00+01:00,142.62
1959-09-28T13:00:00+01:00,142.47
1959-10-14T13:00:00+01:00,142.27
1959-10-28T13:00:00+01:00,142.12
1959-11-14T13:00:00+01:00,141.92
1959-11-28T13:00:00+01:00,141.77
1959-12-14T13:00:00+01:00,141.67
1959-12-28T13:00:00+01:00,141.57
1960-01-14T13:00:00+01:00,141.47
1960-01-28T13:00:00+01:00,141.42
1960-02-15T13:00:00+01:00,141.32
1960-02-29T13:00:00+01:00,141.27
1960-03-14T13:00:00+01:00,141.17
1960-03-28T13:00:00+01:00,141.17
1960-04-14T13:00:00+01:00,141.07
1960-04-28T13:00:00+01:00,141.07
1960-05-28T13:00:00+01:00,140.97
1960-06-14T13:00:00+01:00,140.97
1960-11-28T13:00:00+01:00,141.47
1960-12-14T13:00:00+01:00,142.22
1960-12-28T13:00:00+01:00,142.57
1961-01-14T13:00:00+01:00,142.72
1961-01-30T13:00:00+01:00,143.07
1961-02-15T13:00:00+01:00,143.82
1961-02-28T13:00:00+01:00,144.32
1961-03-14T13:00:00+01:00,144.77
1961-03-28T13:00:00+01:00,144.97
1961-04-14T13:00:00+01:00,145.12
1961-04-28T13:00:00+01:00,145.32
1961-05-15T13:00:00+01:00,145.72
1961-05-29T13:00:00+01:00,145.97
1961-06-14T13:00:00+01:00,146.22
1961-06-29T13:00:00+01:00,146.52
1961-07-14T13:00:00+01:00,146.77
1961-07-28T13:00:00+01:00,146.72
1961-08-14T13:00:00+01:00,146.52
1961-08-28T13:00:00+01:00,146.27
1961-09-14T13:00:00+01:00,146.02
1961-09-28T13:00:00+01:00,145.72
1961-10-16T13:00:00+01:00,145.27
1961-10-30T13:00:00+01:00,144.97
1961-11-14T13:00:00+01:00,144.67
1961-11-29T13:00:00+01:00,144.37
1961-12-14T13:00:00+01:00,144.37
1961-12-29T13:00:00+01:00,144.72
1962-01-15T13:00:00+01:00,144.67
1962-01-29T13:00:00+01:00,144.62
1962-02-14T13:00:00+01:00,144.92
1962-02-28T13:00:00+01:00,145.72
1962-03-14T13:00:00+01:00,146.07
1962-03-28T13:00:00+01:00,146.32
1962-04-16T13:00:00+01:00,147.12
1962-04-27T13:00:00+01:00,147.52
1962-05-14T13:00:00+01:00,147.9
1962-05-28T13:00:00+01:00,147.98
1962-06-14T13:00:00+01:00,148.06
1962-06-28T13:00:00+01:00,147.96
1962-07-13T13:00:00+01:00,147.79
1962-07-30T13:00:00+01:00,147.47
1962-08-16T13:00:00+01:00,147.14
1962-08-28T13:00:00+01:00,146.88
1962-09-14T13:00:00+01:00,146.48
1962-09-28T13:00:00+01:00,146.15
1962-10-15T13:00:00+01:00,145.67
1962-10-30T13:00:00+01:00,145.17
1962-11-16T13:00:00+01:00,144.8
1962-11-29T13:00:00+01:00,144.42
1962-12-15T13:00:00+01:00,144.02
1963-01-14T13:00:00+01:00,144.27
1963-02-06T13:00:00+01:00,144.0
1963-02-28T13:00:00+01:00,143.98
1963-03-14T13:00:00+01:00,144.42
1963-03-30T13:00:00+01:00,144.28
1963-04-16T13:00:00+01:00,143.96
1963-05-01T13:00:00+01:00,143.6
1963-05-15T13:00:00+01:00,143.54
1963-05-28T13:00:00+01:00,143.44
1963-06-14T13:00:00+01:00,143.32
1963-06-28T13:00:00+01:00,143.17
1963-07-30T13:00:00+01:00,143.02
1963-08-14T13:00:00+01:00,142.87
1963-08-28T13:00:00+01:00,142.74
1963-09-13T13:00:00+01:00,142.6
1963-09-27T13:00:00+01:00,142.44
1963-10-14T13:00:00+01:00,142.26
1963-10-30T13:00:00+01:00,142.12
1963-11-14T13:00:00+01:00,141.96
1963-11-29T13:00:00+01:00,141.86
1963-12-13T13:00:00+01:00,141.78
1963-12-24T13:00:00+01:00,141.72
1964-01-14T13:00:00+01:00,141.62
1964-01-28T13:00:00+01:00,141.54
1964-02-14T13:00:00+01:00,141.47
1964-02-28T13:00:00+01:00,141.44
1964-03-13T13:00:00+01:00,141.37
1964-03-27T13:00:00+01:00,141.4
1964-04-14T13:00:00+01:00,141.42
1964-04-28T13:00:00+01:00,141.4
1964-05-14T13:00:00+01:00,141.36
1964-06-15T13:00:00+01:00,141.37
1964-06-29T13:00:00+01:00,141.36
1964-07-14T13:00:00+01:00,141.34
1964-07-28T13:00:00+01:00,141.3
1964-08-14T13:00:00+01:00,141.26
1964-08-28T13:00:00+01:00,141.26
1964-09-14T13:00:00+01:00,141.17
1964-09-28T13:00:00+01:00,141.15
1964-10-14T13:00:00+01:00,141.14
1964-10-28T13:00:00+01:00,141.14
1964-11-13T13:00:00+01:00,141.18
1964-11-27T13:00:00+01:00,141.22
1964-12-15T13:00:00+01:00,141.26
1964-12-28T13:00:00+01:00,141.3
1965-01-14T13:00:00+01:00,141.67
1965-01-28T13:00:00+01:00,142.52
1965-02-15T13:00:00+01:00,142.92
1965-03-02T13:00:00+01:00,143.17
1965-03-15T13:00:00+01:00,143.22
1965-03-29T13:00:00+01:00,143.22
1965-04-14T13:00:00+01:00,143.32
1965-04-28T13:00:00+01:00,143.62
1965-05-14T13:00:00+01:00,145.02
1965-05-28T13:00:00+01:00,146.07
1965-06-14T13:00:00+01:00,146.47
1965-06-29T13:00:00+01:00,146.47
1965-07-15T13:00:00+01:00,146.72
1965-07-28T13:00:00+01:00,146.52
1965-08-13T13:00:00+01:00,146.87
1965-08-29T13:00:00+01:00,146.72
1965-09-14T13:00:00+01:00,147.17
1965-09-28T13:00:00+01:00,147.32
1965-10-14T13:00:00+01:00,147.42
1965-10-28T13:00:00+01:00,147.12
1965-11-15T13:00:00+01:00,146.92
1965-11-29T13:00:00+01:00,146.62
1965-12-14T13:00:00+01:00,146.87
1965-12-28T13:00:00+01:00,148.07
1966-01-14T13:00:00+01:00,149.42
1966-01-28T13:00:00+01:00,149.87
1966-02-14T13:00:00+01:00,150.12
1966-02-28T13:00:00+01:00,151.27
1966-03-14T13:00:00+01:00,150.17
1966-03-28T13:00:00+01:00,150.22
1966-04-14T13:00:00+01:00,150.52
1966-04-29T13:00:00+01:00,151.12
1966-05-13T13:00:00+01:00,151.47
1966-06-15T13:00:00+01:00,151.02
1966-06-30T13:00:00+01:00,151.02
1966-07-14T13:00:00+01:00,151.37
1966-07-29T13:00:00+01:00,151.72
1966-08-16T13:00:00+01:00,151.62
1966-08-29T13:00:00+01:00,151.47
1966-09-15T13:00:00+01:00,151.12
1966-09-29T13:00:00+01:00,150.67
1966-10-14T13:00:00+01:00,150.22
1966-10-28T13:00:00+01:00,149.87
1966-11-14T13:00:00+01:00,149.47
1966-11-28T13:00:00+01:00,149.62
1966-12-15T13:00:00+01:00,150.32
1966-12-28T13:00:00+01:00,150.32
1967-01-13T13:00:00+01:00,152.12
1967-01-30T13:00:00+01:00,152.57
1967-02-14T13:00:00+01:00,152.52
1967-02-28T13:00:00+01:00,152.52
1967-03-16T13:00:00+01:00,152.27
1967-03-28T13:00:00+01:00,152.12
1967-04-14T13:00:00+01:00,151.82
1967-04-28T13:00:00+01:00,151.27
1967-05-16T13:00:00+01:00,150.82
1967-05-29T13:00:00+01:00,150.32
1967-06-14T13:00:00+01:00,149.92
1967-06-28T13:00:00+01:00,149.37
1967-07-14T13:00:00+01:00,148.87
1967-07-28T13:00:00+01:00,149.37
1967-08-14T13:00:00+01:00,147.97
1967-08-28T13:00:00+01:00,147.72
1967-09-15T13:00:00+01:00,147.12
1967-09-29T13:00:00+01:00,146.64
1967-10-16T13:00:00+01:00,146.22
1967-10-27T13:00:00+01:00,145.82
1967-11-14T13:00:00+01:00,145.42
1967-11-28T13:00:00+01:00,144.92
1967-12-15T13:00:00+01:00,144.92
1967-12-29T13:00:00+01:00,144.97
1968-01-15T13:00:00+01:00,145.62
1968-01-29T13:00:00+01:00,146.22
1968-02-15T13:00:00+01:00,146.92
1968-02-29T13:00:00+01:00,146.82
1968-03-15T13:00:00+01:00,147.42
1968-03-29T13:00:00+01:00,147.32
1968-04-01T13:00:00+01:00,147.17
1968-04-16T13:00:00+01:00,147.22
1968-05-14T13:00:00+01:00,146.87
1968-05-29T13:00:00+01:00,146.77
1968-06-17T13:00:00+01:00,146.37
1968-06-28T13:00:00+01:00,146.12
1968-07-15T13:00:00+01:00,146.07
1968-07-29T13:00:00+01:00,145.32
1968-08-14T13:00:00+01:00,144.92
1968-08-28T13:00:00+01:00,144.52
1968-09-13T13:00:00+01:00,144.32
1968-09-27T13:00:00+01:00,143.92
1968-10-15T13:00:00+01:00,143.72
1968-10-28T13:00:00+01:00,143.62
1968-11-14T13:00:00+01:00,143.42
1968-11-28T13:00:00+01:00,143.02
1968-12-13T13:00:00+01:00,143.02
1968-12-30T13:00:00+01:00,143.12
1969-01-14T13:00:00+01:00,142.67
1969-01-29T13:00:00+01:00,142.52
1969-02-14T13:00:00+01:00,143.02
1969-02-28T13:00:00+01:00,143.02
1969-03-14T13:00:00+01:00,143.62
1969-03-28T13:00:00+01:00,143.72
1969-04-15T13:00:00+01:00,144.02
1969-05-01T13:00:00+01:00,144.32
1969-05-14T13:00:00+01:00,144.22
1969-05-28T13:00:00+01:00,143.92
1969-06-13T13:00:00+01:00,144.02
1969-06-27T13:00:00+01:00,143.92
1969-07-14T13:00:00+01:00,143.72
1969-07-29T13:00:00+01:00,143.47
1969-08-15T13:00:00+01:00,143.42
1969-08-28T13:00:00+01:00,143.32
1969-09-15T13:00:00+01:00,143.52
1969-09-29T13:00:00+01:00,144.02
1969-10-15T13:00:00+01:00,143.22
1969-10-30T13:00:00+01:00,143.12
1969-11-28T13:00:00+01:00,143.02
1969-12-17T13:00:00+01:00,143.02
1969-12-30T13:00:00+01:00,142.62
1970-01-15T12:00:00+01:00,141.82
1970-01-28T12:00:00+01:00,142.42
1970-02-13T12:00:00+01:00,142.52
1970-03-02T12:00:00+01:00,143.97
1970-03-26T12:00:00+01:00,145.52
1970-04-15T11:00:00+01:00,145.82
1970-04-29T11:00:00+01:00,147.52
1970-05-15T11:00:00+01:00,148.07
1970-05-29T11:00:00+01:00,148.22
1970-06-15T11:00:00+01:00,148.12
1970-06-29T11:00:00+01:00,147.32
1970-07-15T11:00:00+01:00,147.02
1970-07-28T11:00:00+01:00,147.42
1970-08-17T11:00:00+01:00,146.92
1970-08-28T11:00:00+01:00,146.67
1970-09-15T11:00:00+01:00,146.27
1970-09-28T11:00:00+01:00,145.92
1970-10-14T11:00:00+01:00,145.82
1970-10-28T12:00:00+01:00,145.22
1970-11-16T12:00:00+01:00,144.42
1970-11-27T12:00:00+01:00,144.22
1970-12-14T12:00:00+01:00,143.87
1971-01-04T12:00:00+01:00,143.82
1971-01-14T12:00:00+01:00,143.32
1971-01-28T12:00:00+01:00,143.12
1971-02-16T12:00:00+01:00,144.02
1971-03-02T12:00:00+01:00,144.07
1971-03-15T12:00:00+01:00,142.92
1971-03-30T11:00:00+01:00,142.97
1971-04-15T11:00:00+01:00,142.77
1971-04-28T11:00:00+01:00,142.72
1971-05-14T11:00:00+01:00,142.62
1971-06-01T11:00:00+01:00,142.52
1971-06-14T11:00:00+01:00,142.52
1971-06-29T11:00:00+01:00,142.32
1971-07-15T11:00:00+01:00,142.32
1971-07-29T11:00:00+01:00,142.12
1971-08-13T11:00:00+01:00,142.02
1971-08-30T11:00:00+01:00,141.97
1971-09-14T11:00:00+01:00,141.87
1971-09-28T11:00:00+01:00,141.82
1975-01-28T12:00:00+01:00,148.32
1975-02-14T12:00:00+01:00,146.82
1975-02-28T12:00:00+01:00,146.77
1975-03-14T12:00:00+01:00,146.42
1975-04-01T11:00:00+01:00,146.82
1975-04-15T11:00:00+01:00,147.17
1975-04-29T11:00:00+01:00,147.32
1975-05-16T11:00:00+01:00,147.02
1975-05-29T11:00:00+01:00,147.22
1975-06-16T11:00:00+01:00,146.92
1975-06-30T11:00:00+01:00,146.77
1975-07-15T11:00:00+01:00,146.42
1975-07-28T11:00:00+01:00,146.12
1975-08-14T11:00:00+01:00,144.62
1975-08-28T11:00:00+01:00,144.82
1975-09-16T11:00:00+01:00,144.82
1975-09-26T11:00:00+01:00,144.42
1975-10-15T11:00:00+01:00,143.92
1975-10-30T12:00:00+01:00,143.62
1975-11-14T12:00:00+01:00,143.27
1975-11-28T12:00:00+01:00,143.17
1975-12-16T12:00:00+01:00,142.87
1975-12-29T12:00:00+01:00,142.42
1976-01-15T12:00:00+01:00,142.22
1976-01-28T12:00:00+01:00,142.32
1976-02-16T12:00:00+01:00,141.92
1976-02-27T12:00:00+01:00,141.92
1976-03-15T12:00:00+01:00,141.97
1976-03-29T11:00:00+01:00,141.77
1976-04-15T11:00:00+01:00,141.72
1976-04-29T11:00:00+01:00,141.52
1978-06-15T12:00:00+02:00,143.32
1978-06-29T12:00:00+02:00,143.32
1978-07-14T12:00:00+02:00,143.27
1978-07-28T12:00:00+02:00,143.22
1978-08-14T12:00:00+02:00,143.02
1978-08-29T12:00:00+02:00,142.92
1978-09-14T12:00:00+02:00,142.77
1978-09-29T12:00:00+02:00,142.67
1978-10-13T11:00:00+01:00,142.62
1978-10-27T11:00:00+01:00,142.32
1978-11-14T12:00:00+01:00,142.32
1978-11-28T12:00:00+01:00,142.42
1978-12-14T12:00:00+01:00,141.92
1978-12-28T12:00:00+01:00,141.82
1979-01-15T12:00:00+01:00,142.02
1979-01-29T12:00:00+01:00,142.12
1979-02-14T12:00:00+01:00,142.02
1979-02-28T12:00:00+01:00,142.32
1979-03-14T12:00:00+01:00,142.72
1979-03-29T11:00:00+01:00,143.42
1979-04-13T12:00:00+02:00,144.02
1979-04-28T12:00:00+02:00,144.22
1979-05-15T12:00:00+02:00,144.22
1979-05-28T12:00:00+02:00,144.32
1979-06-15T12:00:00+02:00,144.42
1979-06-28T12:00:00+02:00,144.32
1979-07-28T12:00:00+02:00,143.82
1979-08-15T12:00:00+02:00,143.62
1979-08-28T12:00:00+02:00,143.42
1979-09-14T12:00:00+02:00,141.83
1979-09-28T12:00:00+02:00,142.62
1979-10-15T11:00:00+01:00,142.82
1979-10-29T12:00:00+01:00,142.92
1979-11-15T12:00:00+01:00,142.82
1979-11-29T12:00:00+01:00,142.32
1979-12-14T12:00:00+01:00,142.52
1979-12-28T12:00:00+01:00,142.92
1980-01-14T12:00:00+01:00,143.22
1980-01-28T12:00:00+01:00,144.22
1980-02-14T12:00:00+01:00,144.22
1980-02-28T12:00:00+01:00,144.42
1980-03-03T12:00:00+01:00,144.54
1980-03-14T12:00:00+01:00,144.02
1980-03-28T12:00:00+01:00,144.32
1980-04-14T12:00:00+02:00,144.72
1980-04-29T12:00:00+02:00,144.52
1980-05-14T12:00:00+02:00,144.62
1980-05-29T12:00:00+02:00,144.42
1980-06-16T12:00:00+02:00,144.22
1980-06-28T12:00:00+02:00,143.92
1980-07-09T12:00:00+02:00,143.88
1980-07-14T12:00:00+02:00,143.82
1980-07-29T12:00:00+02:00,144.02
1980-08-15T12:00:00+02:00,144.32
1980-08-28T12:00:00+02:00,144.42
1980-09-15T12:00:00+02:00,144.22
1980-09-29T11:00:00+01:00,143.72
1980-10-15T11:00:00+01:00,143.82
1980-10-28T12:00:00+01:00,143.12
1980-11-28T12:00:00+01:00,143.02
1980-12-15T12:00:00+01:00,143.12
1980-12-29T12:00:00+01:00,142.92
1981-01-15T12:00:00+01:00,143.02
1981-01-28T12:00:00+01:00,144.72
1981-02-13T12:00:00+01:00,146.32
1981-02-27T12:00:00+01:00,146.82
1981-03-13T12:00:00+01:00,146.82
1981-03-30T12:00:00+02:00,146.62
1981-04-15T12:00:00+02:00,147.22
1981-04-29T12:00:00+02:00,146.82
1981-05-15T12:00:00+02:00,146.72
1981-06-29T12:00:00+02:00,146.52
1981-07-15T12:00:00+02:00,146.82
1981-07-28T12:00:00+02:00,146.69
1981-08-28T12:00:00+02:00,146.36
1981-09-28T11:00:00+01:00,145.93
1981-10-28T12:00:00+01:00,145.33
1981-11-27T12:00:00+01:00,145.17
1981-12-29T12:00:00+01:00,148.05
1982-01-29T12:00:00+01:00,148.62
1982-02-15T12:00:00+01:00,148.87
1982-03-01T12:00:00+01:00,148.52
1982-03-16T12:00:00+01:00,148.77
1982-06-24T12:00:00+02:00,147.12
1982-07-15T12:00:00+02:00,146.77
1982-07-29T12:00:00+02:00,146.42
1982-08-27T12:00:00+02:00,145.72
1982-09-28T11:00:00+01:00,144.84
1982-10-14T11:00:00+01:00,144.62
1982-11-29T12:00:00+01:00,143.87
1982-12-17T12:00:00+01:00,143.44
1983-01-27T12:00:00+01:00,144.07
1983-03-14T12:00:00+01:00,145.17
1983-04-28T12:00:00+02:00,146.37
1983-06-01T12:00:00+02:00,147.77
1983-06-29T12:00:00+02:00,148.32
1983-07-30T12:00:00+02:00,148.17
1983-08-29T12:00:00+02:00,147.62
1983-10-14T11:00:00+01:00,146.37
1983-11-29T12:00:00+01:00,145.12
1983-12-14T12:00:00+01:00,144.62
1984-01-27T12:00:00+01:00,143.83
1984-02-28T12:00:00+01:00,145.57
1984-03-30T12:00:00+02:00,145.28
1984-04-27T12:00:00+02:00,144.7
1984-05-28T12:00:00+02:00,144.26
1984-07-05T12:00:00+02:00,145.34
1984-07-30T12:00:00+02:00,145.23
1984-09-04T12:00:00+02:00,144.58
1984-09-29T12:00:00+02:00,144.96
1984-11-14T12:00:00+01:00,146.74
1984-12-20T12:00:00+01:00,146.84
1985-01-30T12:00:00+01:00,146.9
1985-03-06T12:00:00+01:00,147.12
1985-05-03T12:00:00+02:00,146.93
1985-05-30T12:00:00+02:00,146.66
1985-09-02T12:00:00+02:00,145.4
1985-09-27T12:00:00+02:00,144.7
1985-10-29T12:00:00+01:00,143.95
1985-11-29T12:00:00+01:00,143.33
1985-12-18T12:00:00+01:00,143.02
1986-04-01T12:00:00+02:00,144.01
1986-04-28T12:00:00+02:00,145.19
1986-07-01T12:00:00+02:00,145.02
1986-08-28T12:00:00+02:00,144.0
1986-10-03T11:00:00+01:00,143.43
1986-10-16T11:00:00+01:00,143.22
1986-12-01T12:00:00+01:00,142.82
1986-12-15T12:00:00+01:00,142.53
1987-04-02T12:00:00+02:00,147.15
1987-04-29T12:00:00+02:00,147.48
1987-08-17T12:00:00+02:00,146.48
1987-09-02T12:00:00+02:00,146.12
1987-09-30T11:00:00+01:00,145.47
1987-10-29T12:00:00+01:00,144.78
1987-12-10T12:00:00+01:00,144.17
1988-01-20T12:00:00+01:00,144.57
1988-03-31T12:00:00+02:00,147.5
1988-06-16T12:00:00+02:00,147.74
1988-07-28T12:00:00+02:00,146.52
1988-08-22T12:00:00+02:00,146.12
1988-09-28T11:00:00+01:00,145.14
1988-10-26T11:00:00+01:00,144.34
1988-11-28T12:00:00+01:00,143.43
1989-01-02T12:00:00+01:00,144.08
1989-01-31T12:00:00+01:00,144.21
1989-04-18T12:00:00+02:00,145.44
1989-06-12T12:00:00+02:00,147.56
1990-01-19T12:00:00+01:00,142.4
1993-01-29T12:00:00+01:00,142.44
1993-03-29T12:00:00+02:00,143.0
1993-05-06T12:00:00+02:00,142.76
1993-12-28T12:00:00+01:00,143.09
1994-01-14T12:00:00+01:00,145.32
1994-01-28T12:00:00+01:00,146.24
1994-02-16T12:00:00+01:00,147.04
1994-02-28T12:00:00+01:00,147.26
1994-03-14T12:00:00+01:00,147.27
1994-03-28T12:00:00+02:00,147.42
1994-04-14T12:00:00+02:00,147.6
1994-04-28T12:00:00+02:00,147.61
1994-05-16T12:00:00+02:00,147.54
1994-05-27T12:00:00+02:00,147.34
1994-06-14T12:00:00+02:00,146.97
1994-06-28T12:00:00+02:00,146.69
1994-07-14T12:00:00+02:00,146.2
1994-07-28T12:00:00+02:00,145.87
1994-08-15T12:00:00+02:00,145.31
1994-08-29T12:00:00+02:00,144.88
1994-09-14T12:00:00+02:00,144.42
1994-09-28T11:00:00+01:00,144.04
1994-10-14T11:00:00+01:00,143.65
1994-10-28T11:00:00+01:00,143.37
1994-11-14T12:00:00+01:00,143.03
1994-11-28T12:00:00+01:00,142.77
1994-12-14T12:00:00+01:00,142.53
1994-12-28T12:00:00+01:00,142.41
1995-01-13T12:00:00+01:00,142.54
1995-01-30T12:00:00+01:00,143.23
1995-02-14T12:00:00+01:00,144.73
1995-03-01T12:00:00+01:00,145.51
1995-03-14T12:00:00+01:00,145.92
1995-03-28T12:00:00+02:00,146.22
1995-04-13T12:00:00+02:00,146.38
1995-04-28T12:00:00+02:00,146.49
1995-05-15T12:00:00+02:00,146.38
1995-05-29T12:00:00+02:00,146.18
1995-06-14T12:00:00+02:00,145.92
1995-06-28T12:00:00+02:00,145.67
1995-07-14T12:00:00+02:00,145.35
1995-07-28T12:00:00+02:00,145.02
1995-08-14T12:00:00+02:00,144.58
1995-08-28T12:00:00+02:00,144.23
1995-09-14T12:00:00+02:00,143.81
1995-09-28T11:00:00+01:00,143.53
1995-10-13T11:00:00+01:00,143.27
1995-10-27T11:00:00+01:00,143.03
1995-11-14T12:00:00+01:00,142.74
1995-11-28T12:00:00+01:00,142.54
1995-12-14T12:00:00+01:00,142.31
1996-01-29T12:00:00+01:00,142.07
1997-06-16T12:00:00+02:00,142.14
1997-06-27T12:00:00+02:00,142.15
1997-07-14T12:00:00+02:00,142.2
1997-07-28T12:00:00+02:00,142.45
1997-08-14T12:00:00+02:00,142.61
1997-09-02T12:00:00+02:00,142.57
1997-09-15T12:00:00+02:00,142.55
1997-09-29T12:00:00+02:00,142.45
1997-10-14T12:00:00+02:00,142.4
1997-10-28T12:00:00+01:00,142.28
1998-04-14T12:00:00+02:00,142.35
1998-04-28T12:00:00+02:00,142.49
1998-05-14T12:00:00+02:00,142.62
1998-05-28T12:00:00+02:00,143.67
1998-06-17T12:00:00+02:00,143.12
1998-06-29T12:00:00+02:00,143.44
1998-07-14T12:00:00+02:00,143.54
1998-07-28T12:00:00+02:00,143.51
1998-08-14T12:00:00+02:00,143.35
1998-08-28T12:00:00+02:00,143.29
1998-09-17T12:00:00+02:00,143.32
1998-09-28T12:00:00+02:00,144.27
1998-10-14T12:00:00+02:00,144.77
1998-10-28T12:00:00+01:00,144.78
1998-11-13T12:00:00+01:00,147.32
1998-11-27T12:00:00+01:00,148.18
1998-12-14T12:00:00+01:00,148.61
1998-12-28T12:00:00+01:00,148.86
1999-01-14T12:00:00+01:00,149.02
1999-01-28T12:00:00+01:00,149.24
1999-02-15T12:00:00+01:00,149.61
1999-03-01T12:00:00+01:00,150.8
1999-03-15T12:00:00+01:00,152.19
1999-04-28T12:00:00+02:00,151.98
1999-05-17T12:00:00+02:00,151.63
1999-05-28T12:00:00+02:00,151.34
1999-06-14T12:00:00+02:00,150.88
1999-06-28T12:00:00+02:00,150.47
1999-08-27T12:00:00+02:00,148.67
1999-09-14T12:00:00+02:00,148.15
1999-09-28T12:00:00+02:00,147.57
1999-10-14T12:00:00+02:00,147.02
1999-10-28T12:00:00+02:00,146.57
1999-11-15T12:00:00+01:00,146.0
1999-11-29T12:00:00+01:00,145.6
1999-12-14T12:00:00+01:00,145.2
1999-12-28T12:00:00+01:00,145.6
2000-01-14T12:00:00+01:00,145.68
2000-01-28T12:00:00+01:00,145.62
2000-02-14T12:00:00+01:00,145.86
2000-02-29T12:00:00+01:00,146.52
2000-03-14T12:00:00+01:00,147.22
2000-03-28T12:00:00+02:00,147.56
2000-04-14T12:00:00+02:00,147.62
2000-04-26T12:00:00+02:00,147.47
2000-05-15T12:00:00+02:00,147.15
2000-05-29T12:00:00+02:00,146.87
2000-06-14T12:00:00+02:00,146.7
2000-06-28T12:00:00+02:00,146.15
2000-09-28T12:00:00+02:00,145.05
2000-10-13T12:00:00+02:00,144.97
2000-10-27T12:00:00+02:00,144.76
2000-11-14T12:00:00+01:00,144.5
2000-11-28T12:00:00+01:00,144.26
2000-12-14T12:00:00+01:00,144.0
2001-01-02T12:00:00+01:00,143.83
2001-01-15T12:00:00+01:00,143.86
2001-01-29T12:00:00+01:00,144.02
2001-02-14T12:00:00+01:00,144.52
2001-02-28T12:00:00+01:00,145.45
2001-03-14T12:00:00+01:00,145.72
2001-03-28T12:00:00+02:00,146.32
2001-04-14T12:00:00+02:00,147.04
2001-04-28T12:00:00+02:00,147.73
2001-05-01T12:00:00+02:00,147.82
2001-06-28T12:00:00+02:00,147.65
2002-02-14T12:00:00+01:00,144.21
2002-02-28T12:00:00+01:00,146.04
2002-03-14T12:00:00+01:00,147.34
2002-03-28T12:00:00+01:00,147.71
2002-04-14T12:00:00+02:00,147.81
2002-04-28T12:00:00+02:00,147.61
2002-05-14T12:00:00+02:00,147.29
2002-05-28T12:00:00+02:00,146.98
2002-06-14T12:00:00+02:00,146.5
2002-06-28T12:00:00+02:00,146.11
2002-07-14T12:00:00+02:00,145.65
2002-07-28T12:00:00+02:00,145.23
2002-08-14T12:00:00+02:00,144.7
2002-08-28T12:00:00+02:00,144.4
2003-02-14T12:00:00+01:00,144.66
2003-02-28T12:00:00+01:00,144.93
2003-03-14T12:00:00+01:00,144.97
2003-03-28T12:00:00+01:00,144.99
2003-04-14T12:00:00+02:00,144.78
2003-04-28T12:00:00+02:00,144.58
2003-05-14T12:00:00+02:00,144.27
2013-01-04T04:00:00+01:00,142.98
2013-01-05T04:00:00+01:00,143.03
2013-01-06T04:00:00+01:00,143.09
2013-01-07T04:00:00+01:00,143.15
2013-01-08T04:00:00+01:00,143.21
2013-01-09T04:00:00+01:00,143.27
2013-01-10T04:00:00+01:00,143.33
2013-01-11T04:00:00+01:00,143.39
2013-01-12T04:00:00+01:00,143.43
2013-01-13T04:00:00+01:00,143.47
2013-01-14T04:00:00+01:00,143.51
2013-01-15T04:00:00+01:00,143.55
2013-01-16T04:00:00+01:00,143.59
2013-01-17T04:00:00+01:00,143.61
2013-01-18T04:00:00+01:00,143.63
2013-01-19T04:00:00+01:00,143.67
2013-01-20T04:00:00+01:00,143.71
2013-01-21T04:00:00+01:00,143.74
2013-01-22T04:00:00+01:00,143.75
2013-01-23T04:00:00+01:00,143.76
2013-01-24T04:00:00+01:00,143.77
2013-01-25T04:00:00+01:00,143.76
2013-01-26T04:00:00+01:00,143.78
2013-01-27T04:00:00+01:00,143.8
2013-01-28T04:00:00+01:00,143.82
2013-01-29T04:00:00+01:00,143.83
2013-01-30T04:00:00+01:00,143.85
2013-01-31T04:00:00+01:00,143.86
2013-02-01T04:00:00+01:00,143.92
2013-02-02T04:00:00+01:00,144.01
2013-02-03T04:00:00+01:00,144.03
2013-02-04T04:00:00+01:00,144.08
2013-02-05T04:00:00+01:00,144.13
2013-02-06T04:00:00+01:00,144.21
2013-02-07T04:00:00+01:00,144.24
2013-02-08T04:00:00+01:00,144.29
2013-02-09T04:00:00+01:00,144.33
2013-02-10T04:00:00+01:00,144.38
2013-02-11T04:00:00+01:00,144.47
2013-02-12T04:00:00+01:00,144.52
2013-02-13T04:00:00+01:00,144.55
2013-02-14T04:00:00+01:00,144.58
2013-02-15T04:00:00+01:00,144.64
2013-02-16T04:00:00+01:00,144.67
2013-02-17T04:00:00+01:00,144.7
2013-02-18T04:00:00+01:00,144.75
2013-02-19T04:00:00+01:00,144.79
2013-02-20T04:00:00+01:00,144.83
2013-02-21T04:00:00+01:00,144.86
2013-02-22T04:00:00+01:00,144.9
2013-02-23T04:00:00+01:00,144.94
2013-02-24T04:00:00+01:00,144.97
2013-02-25T04:00:00+01:00,144.99
2013-02-26T04:00:00+01:00,145.0
2013-02-27T04:00:00+01:00,145.01
2013-02-28T04:00:00+01:00,145.03
2013-03-01T04:00:00+01:00,145.06
2013-03-02T04:00:00+01:00,145.08
2013-03-03T04:00:00+01:00,145.1
2013-03-04T04:00:00+01:00,145.13
2013-03-05T04:00:00+01:00,145.17
2013-03-06T04:00:00+01:00,145.2
2013-03-07T04:00:00+01:00,145.23
2013-03-08T04:00:00+01:00,145.26
2013-03-09T04:00:00+01:00,145.27
2013-03-10T04:00:00+01:00,145.28
2013-03-11T04:00:00+01:00,145.28
2013-03-12T04:00:00+01:00,145.29
2013-03-13T04:00:00+01:00,145.29
2013-03-14T04:00:00+01:00,145.29
2013-03-15T04:00:00+01:00,145.28
2013-03-16T04:00:00+01:00,145.29
2013-03-17T04:00:00+01:00,145.32
2013-03-18T04:00:00+01:00,145.35
2013-03-19T04:00:00+01:00,145.36
2013-03-20T04:00:00+01:00,145.35
2013-03-21T04:00:00+01:00,145.32
2013-03-22T04:00:00+01:00,145.32
2013-03-23T04:00:00+01:00,145.34
2013-03-24T04:00:00+01:00,145.35
2013-03-25T04:00:00+01:00,145.36
2013-03-26T04:00:00+01:00,145.37
2013-03-27T04:00:00+01:00,145.38
2013-03-28T04:00:00+01:00,145.39
2013-03-29T04:00:00+01:00,145.41
2013-03-30T04:00:00+01:00,145.42
2013-03-31T04:00:00+02:00,145.41
2013-04-01T04:00:00+02:00,145.42
2013-04-02T04:00:00+02:00,145.42
2013-04-03T04:00:00+02:00,145.42
2013-04-04T04:00:00+02:00,145.43
2013-04-05T04:00:00+02:00,145.44
2013-04-06T04:00:00+02:00,145.42
2013-04-07T04:00:00+02:00,145.4
2013-04-08T04:00:00+02:00,145.42
2013-04-09T04:00:00+02:00,145.45
2013-04-10T04:00:00+02:00,145.46
2013-04-11T04:00:00+02:00,145.47
2013-04-12T04:00:00+02:00,145.45
2013-04-13T04:00:00+02:00,145.43
2013-04-14T04:00:00+02:00,145.39
2013-04-15T04:00:00+02:00,145.39
2013-04-16T04:00:00+02:00,145.38
2013-04-17T04:00:00+02:00,145.37
2013-04-18T04:00:00+02:00,145.38
2013-04-19T04:00:00+02:00,145.36
2013-04-20T04:00:00+02:00,145.34
2013-04-21T04:00:00+02:00,145.34
2013-04-22T04:00:00+02:00,145.35
2013-04-23T04:00:00+02:00,145.34
2013-04-24T04:00:00+02:00,145.32
2013-04-25T04:00:00+02:00,145.31
2013-04-26T04:00:00+02:00,145.32
2013-04-27T04:00:00+02:00,145.33
2013-04-28T04:00:00+02:00,145.31
2013-04-29T04:00:00+02:00,145.3
2013-04-30T04:00:00+02:00,145.28
2013-05-01T04:00:00+02:00,145.26
2013-05-02T04:00:00+02:00,145.25
2013-05-03T04:00:00+02:00,145.25
2013-05-04T04:00:00+02:00,145.24
2013-05-05T04:00:00+02:00,145.22
2013-05-06T04:00:00+02:00,145.2
2013-05-07T04:00:00+02:00,145.2
2013-05-08T04:00:00+02:00,145.2
2013-05-09T04:00:00+02:00,145.19
2013-05-10T04:00:00+02:00,145.17
2013-05-11T04:00:00+02:00,145.15
2013-05-12T04:00:00+02:00,145.14
2013-05-13T04:00:00+02:00,145.12
2013-05-14T04:00:00+02:00,145.11
2013-05-15T04:00:00+02:00,145.12
2013-05-16T04:00:00+02:00,145.11
2013-05-17T04:00:00+02:00,145.1
2013-05-18T04:00:00+02:00,145.07
2013-05-19T04:00:00+02:00,145.05
2013-05-20T04:00:00+02:00,145.03
2013-05-21T04:00:00+02:00,145.01
2013-05-22T04:00:00+02:00,144.99
2013-05-23T04:00:00+02:00,144.98
2013-05-24T04:00:00+02:00,144.96
2013-05-25T04:00:00+02:00,144.94
2013-05-26T04:00:00+02:00,144.92
2013-05-27T04:00:00+02:00,144.91
2013-05-28T04:00:00+02:00,144.91
2013-05-29T04:00:00+02:00,144.91
2013-05-30T04:00:00+02:00,144.89
2013-05-31T04:00:00+02:00,144.86
2013-06-01T04:00:00+02:00,144.84
2013-06-02T04:00:00+02:00,144.81
2013-06-03T04:00:00+02:00,144.78
2013-06-04T04:00:00+02:00,144.76
2013-06-05T04:00:00+02:00,144.76
2013-06-06T04:00:00+02:00,144.75
2013-06-07T04:00:00+02:00,144.73
2013-06-08T04:00:00+02:00,144.72
2013-06-09T04:00:00+02:00,144.71
2013-06-10T04:00:00+02:00,144.7
2013-06-11T04:00:00+02:00,144.67
2013-06-12T04:00:00+02:00,144.65
2013-06-13T04:00:00+02:00,144.63
2013-06-14T04:00:00+02:00,144.61
2013-06-15T04:00:00+02:00,144.59
2013-06-16T04:00:00+02:00,144.58
2013-06-17T04:00:00+02:00,144.55
2013-06-18T04:00:00+02:00,144.54
2013-06-19T04:00:00+02:00,144.52
2013-06-20T04:00:00+02:00,144.5
2013-06-21T04:00:00+02:00,144.48
2013-06-22T04:00:00+02:00,144.45
2013-06-23T04:00:00+02:00,144.44
2013-06-24T04:00:00+02:00,144.42
2013-06-25T04:00:00+02:00,144.38
2013-06-26T04:00:00+02:00,144.36
2013-06-27T04:00:00+02:00,144.34
2013-06-28T04:00:00+02:00,144.33
2013-06-29T04:00:00+02:00,144.32
2013-06-30T04:00:00+02:00,144.29
2013-07-01T04:00:00+02:00,144.28
2013-07-02T04:00:00+02:00,144.27
2013-07-03T04:00:00+02:00,144.26
2013-07-04T04:00:00+02:00,144.24
2013-07-05T04:00:00+02:00,144.21
2013-07-06T04:00:00+02:00,144.18
2013-07-07T04:00:00+02:00,144.16
2013-07-08T04:00:00+02:00,144.15
2013-07-09T04:00:00+02:00,144.13
2013-07-10T04:00:00+02:00,144.12
2013-07-11T04:00:00+02:00,144.11
2013-07-12T04:00:00+02:00,144.09
2013-07-13T04:00:00+02:00,144.07
2013-07-14T04:00:00+02:00,144.05
2013-07-15T04:00:00+02:00,144.03
2013-07-16T04:00:00+02:00,144.01
2013-07-17T04:00:00+02:00,143.99
2013-07-18T04:00:00+02:00,143.97
2013-07-19T04:00:00+02:00,143.95
2013-07-20T04:00:00+02:00,143.93
2013-07-21T04:00:00+02:00,143.92
2013-07-22T04:00:00+02:00,143.9
2013-07-23T04:00:00+02:00,143.89
2013-07-24T04:00:00+02:00,143.87
2013-07-25T04:00:00+02:00,143.85
2013-07-26T04:00:00+02:00,143.83
2013-07-27T04:00:00+02:00,143.81
2013-07-28T04:00:00+02:00,143.8
2013-07-29T04:00:00+02:00,143.78
2013-07-30T04:00:00+02:00,143.76
2013-07-31T04:00:00+02:00,143.74
2013-08-01T04:00:00+02:00,143.72
2013-08-02T04:00:00+02:00,143.71
2013-08-03T04:00:00+02:00,143.69
2013-08-04T04:00:00+02:00,143.67
2013-08-05T04:00:00+02:00,143.65
2013-08-06T04:00:00+02:00,143.64
2013-08-07T04:00:00+02:00,143.62
2013-08-08T04:00:00+02:00,143.61
2013-08-09T04:00:00+02:00,143.58
2013-08-10T04:00:00+02:00,143.57
2013-08-11T04:00:00+02:00,143.55
2013-08-12T04:00:00+02:00,143.54
2013-08-13T04:00:00+02:00,143.52
2013-08-14T04:00:00+02:00,143.5
2013-08-15T04:00:00+02:00,143.48
2013-08-16T04:00:00+02:00,143.47
2013-08-17T04:00:00+02:00,143.46
2013-08-18T04:00:00+02:00,143.44
2013-08-19T04:00:00+02:00,143.43
2013-08-20T04:00:00+02:00,143.4
2013-08-21T04:00:00+02:00,143.38
2013-08-22T04:00:00+02:00,143.37
2013-08-23T04:00:00+02:00,143.36
2013-08-24T04:00:00+02:00,143.34
2013-08-25T04:00:00+02:00,143.33
2013-08-26T04:00:00+02:00,143.31
2013-08-27T04:00:00+02:00,143.29
2013-08-28T04:00:00+02:00,143.28
2013-08-29T04:00:00+02:00,143.26
2013-08-30T04:00:00+02:00,143.24
2013-08-31T04:00:00+02:00,143.22
2013-09-01T04:00:00+02:00,143.2
2013-09-02T04:00:00+02:00,143.19
2013-09-03T04:00:00+02:00,143.17
2013-09-04T04:00:00+02:00,143.15
2013-09-05T04:00:00+02:00,143.14
2013-09-06T04:00:00+02:00,143.13
2013-09-07T04:00:00+02:00,143.11
2013-09-08T04:00:00+02:00,143.09
2013-09-09T04:00:00+02:00,143.07
2013-09-10T04:00:00+02:00,143.06
2013-09-11T04:00:00+02:00,143.05
2013-09-12T04:00:00+02:00,143.03
2013-09-13T04:00:00+02:00,143.01
2013-09-14T04:00:00+02:00,143.0
2013-09-15T04:00:00+02:00,142.98
2013-09-16T04:00:00+02:00,142.97
2013-09-17T04:00:00+02:00,142.96
2013-09-18T04:00:00+02:00,142.95
2013-09-19T04:00:00+02:00,142.93
2013-09-20T04:00:00+02:00,142.91
2013-09-21T04:00:00+02:00,142.89
2013-09-22T04:00:00+02:00,142.87
2013-09-23T04:00:00+02:00,142.86
2013-09-24T04:00:00+02:00,142.84
2013-09-25T04:00:00+02:00,142.83
2013-09-26T04:00:00+02:00,142.82
2013-09-27T04:00:00+02:00,142.81
2013-09-28T04:00:00+02:00,142.8
2013-09-29T04:00:00+02:00,142.78
2013-09-30T04:00:00+02:00,142.77
2013-10-01T04:00:00+02:00,142.76
2013-10-02T04:00:00+02:00,142.74
2013-10-03T04:00:00+02:00,142.72
2013-10-04T04:00:00+02:00,142.71
2013-10-05T04:00:00+02:00,142.69
2013-10-06T04:00:00+02:00,142.68
2013-10-07T04:00:00+02:00,142.66
2013-10-08T04:00:00+02:00,142.65
2013-10-09T04:00:00+02:00,142.64
2013-10-10T04:00:00+02:00,142.63
2013-10-11T04:00:00+02:00,142.61
2013-10-12T04:00:00+02:00,142.6
2013-10-13T04:00:00+02:00,142.59
2013-10-14T04:00:00+02:00,142.57
2013-10-15T04:00:00+02:00,142.56
2013-10-16T04:00:00+02:00,142.55
2013-10-17T04:00:00+02:00,142.54
2013-10-18T04:00:00+02:00,142.52
2013-10-19T04:00:00+02:00,142.51
2015-01-12T04:00:00+01:00,142.55
2015-01-13T04:00:00+01:00,142.65
2015-01-14T04:00:00+01:00,142.73
2015-01-15T04:00:00+01:00,142.81
2015-01-16T04:00:00+01:00,142.88
2015-01-17T04:00:00+01:00,142.94
2015-01-18T04:00:00+01:00,142.99
2015-01-19T04:00:00+01:00,143.05
2015-01-20T04:00:00+01:00,143.1
2015-01-21T04:00:00+01:00,143.15
2015-01-22T04:00:00+01:00,143.19
2015-01-23T04:00:00+01:00,143.22
2015-01-24T04:00:00+01:00,143.25
2015-01-25T04:00:00+01:00,143.27
2015-01-26T04:00:00+01:00,143.3
2015-01-27T04:00:00+01:00,143.34
2015-01-28T04:00:00+01:00,143.38
2015-01-29T04:00:00+01:00,143.45
2015-01-30T04:00:00+01:00,143.53
2015-01-31T04:00:00+01:00,143.58
2015-02-01T04:00:00+01:00,143.61
2015-02-02T04:00:00+01:00,143.62
2015-02-03T04:00:00+01:00,143.64
2015-02-04T04:00:00+01:00,143.66
2015-02-05T04:00:00+01:00,143.68
2015-02-06T04:00:00+01:00,143.7
2015-02-07T04:00:00+01:00,143.71
2015-02-08T04:00:00+01:00,143.74
2015-02-09T04:00:00+01:00,143.76
2015-02-10T04:00:00+01:00,143.79
2015-02-11T04:00:00+01:00,143.82
2015-02-12T04:00:00+01:00,143.86
2015-02-13T04:00:00+01:00,143.9
2015-02-14T04:00:00+01:00,143.95
2015-02-15T04:00:00+01:00,143.98
2015-02-16T04:00:00+01:00,143.99
2015-02-17T04:00:00+01:00,144.0
2015-02-18T04:00:00+01:00,143.98
2015-02-19T04:00:00+01:00,144.0
2015-02-20T04:00:00+01:00,144.04
2015-02-21T04:00:00+01:00,144.11
2015-02-22T04:00:00+01:00,144.12
2015-02-23T04:00:00+01:00,144.15
2015-02-24T04:00:00+01:00,144.17
2015-02-25T04:00:00+01:00,144.16
2015-02-26T04:00:00+01:00,144.16
2015-02-27T04:00:00+01:00,144.19
2015-02-28T04:00:00+01:00,144.2
2015-03-01T04:00:00+01:00,144.24
2015-03-02T04:00:00+01:00,144.28
2015-03-03T04:00:00+01:00,144.28
2015-03-04T04:00:00+01:00,144.28
2015-03-05T04:00:00+01:00,144.27
2015-03-06T04:00:00+01:00,144.28
2015-03-07T04:00:00+01:00,144.3
2015-03-08T04:00:00+01:00,144.33
2015-03-09T04:00:00+01:00,144.35
2015-03-10T04:00:00+01:00,144.37
2015-03-11T04:00:00+01:00,144.38
2015-03-12T04:00:00+01:00,144.39
2015-03-13T04:00:00+01:00,144.41
2015-03-14T04:00:00+01:00,144.43
2015-03-15T04:00:00+01:00,144.44
2015-03-16T04:00:00+01:00,144.46
2015-03-17T04:00:00+01:00,144.47
2015-03-18T04:00:00+01:00,144.48
2015-03-19T04:00:00+01:00,144.48
2015-03-20T04:00:00+01:00,144.49
2015-03-21T04:00:00+01:00,144.51
2015-03-22T04:00:00+01:00,144.51
2015-03-23T04:00:00+01:00,144.52
2015-03-24T04:00:00+01:00,144.54
2015-03-25T04:00:00+01:00,144.56
2015-03-26T04:00:00+01:00,144.56
2015-03-27T04:00:00+01:00,144.56
2015-03-28T04:00:00+01:00,144.54
2015-03-29T04:00:00+02:00,144.56
2015-03-30T04:00:00+02:00,144.59
2015-03-31T04:00:00+02:00,144.6
2015-04-01T04:00:00+02:00,144.56
2015-04-02T04:00:00+02:00,144.56
2015-04-03T04:00:00+02:00,144.54
2015-04-04T04:00:00+02:00,144.55
2015-04-05T04:00:00+02:00,144.55
2015-04-06T04:00:00+02:00,144.53
2015-04-07T04:00:00+02:00,144.52
2015-04-08T04:00:00+02:00,144.52
2015-04-09T04:00:00+02:00,144.53
2015-04-10T04:00:00+02:00,144.55
2015-04-11T04:00:00+02:00,144.56
2015-04-12T04:00:00+02:00,144.55
2015-04-13T04:00:00+02:00,144.54
2015-04-14T04:00:00+02:00,144.53
2015-04-15T04:00:00+02:00,144.55
2015-04-16T04:00:00+02:00,144.56
2015-04-17T04:00:00+02:00,144.56
2015-04-18T04:00:00+02:00,144.54
2015-04-19T04:00:00+02:00,144.53
2015-04-20T04:00:00+02:00,144.53
2015-04-21T04:00:00+02:00,144.51
2015-04-22T04:00:00+02:00,144.5
2015-04-23T04:00:00+02:00,144.51
2015-04-24T04:00:00+02:00,144.52
2015-04-25T04:00:00+02:00,144.53
2015-04-26T04:00:00+02:00,144.53
2015-04-27T04:00:00+02:00,144.53
2015-04-28T04:00:00+02:00,144.51
2015-04-29T04:00:00+02:00,144.48
2015-04-30T04:00:00+02:00,144.47
2015-05-01T04:00:00+02:00,144.47
2015-05-02T04:00:00+02:00,144.47
2015-05-03T04:00:00+02:00,144.46
2015-05-04T04:00:00+02:00,144.46
2015-05-05T04:00:00+02:00,144.46
2015-05-06T04:00:00+02:00,144.43
2015-05-07T04:00:00+02:00,144.41
2015-05-08T04:00:00+02:00,144.38
2015-05-09T04:00:00+02:00,144.38
2015-05-10T04:00:00+02:00,144.35
2015-05-11T04:00:00+02:00,144.33
2015-05-12T04:00:00+02:00,144.33
2015-05-13T04:00:00+02:00,144.31
2015-05-14T04:00:00+02:00,144.31
2015-05-15T04:00:00+02:00,144.31
2015-05-16T04:00:00+02:00,144.28
2015-05-17T04:00:00+02:00,144.25
2015-05-18T04:00:00+02:00,144.25
2015-05-19T04:00:00+02:00,144.26
2015-05-20T04:00:00+02:00,144.25
2015-05-21T04:00:00+02:00,144.21
2015-05-22T04:00:00+02:00,144.18
2015-05-23T04:00:00+02:00,144.17
2015-05-24T04:00:00+02:00,144.16
2015-05-25T04:00:00+02:00,144.15
2015-05-26T04:00:00+02:00,144.14
2015-05-27T04:00:00+02:00,144.11
2015-05-28T04:00:00+02:00,144.11
2015-05-29T04:00:00+02:00,144.1
2015-05-30T04:00:00+02:00,144.09
2015-05-31T04:00:00+02:00,144.07
2015-06-01T04:00:00+02:00,144.06
2015-06-02T04:00:00+02:00,144.04
2015-06-03T04:00:00+02:00,144.02
2015-06-04T04:00:00+02:00,143.98
2015-06-05T04:00:00+02:00,143.97
2015-06-06T04:00:00+02:00,143.96
2015-06-07T04:00:00+02:00,143.93
2015-06-08T04:00:00+02:00,143.91
2015-06-09T04:00:00+02:00,143.89
2015-06-10T04:00:00+02:00,143.88
2015-06-11T04:00:00+02:00,143.87
2015-06-12T04:00:00+02:00,143.87
2015-06-13T04:00:00+02:00,143.86
2015-06-14T04:00:00+02:00,143.85
2015-06-15T04:00:00+02:00,143.83
2015-06-16T04:00:00+02:00,143.8
2015-06-17T04:00:00+02:00,143.77
2015-06-18T04:00:00+02:00,143.76
2015-06-19T04:00:00+02:00,143.75
2015-06-20T04:00:00+02:00,143.73
2015-06-21T04:00:00+02:00,143.72
2015-06-22T04:00:00+02:00,143.71
2015-06-23T04:00:00+02:00,143.7
2015-06-24T04:00:00+02:00,143.68
2015-06-25T04:00:00+02:00,143.65
2015-06-26T04:00:00+02:00,143.64
2015-06-27T04:00:00+02:00,143.63
2015-06-28T04:00:00+02:00,143.61
2015-06-29T04:00:00+02:00,143.6
2015-06-30T04:00:00+02:00,143.58
2015-07-01T04:00:00+02:00,143.57
2015-07-02T04:00:00+02:00,143.56
2015-07-03T04:00:00+02:00,143.54
2015-07-04T04:00:00+02:00,143.52
2015-07-05T04:00:00+02:00,143.51
2015-07-06T04:00:00+02:00,143.49
2015-07-07T04:00:00+02:00,143.48
2015-07-08T04:00:00+02:00,143.47
2015-07-09T04:00:00+02:00,143.45
2015-07-10T04:00:00+02:00,143.43
2015-07-11T04:00:00+02:00,143.41
2015-07-12T04:00:00+02:00,143.4
2015-07-13T04:00:00+02:00,143.38
2015-07-14T04:00:00+02:00,143.37
2015-07-15T04:00:00+02:00,143.35
2015-07-16T04:00:00+02:00,143.34
2015-07-17T04:00:00+02:00,143.32
2015-07-18T04:00:00+02:00,143.31
2015-07-19T04:00:00+02:00,143.3
2015-07-20T04:00:00+02:00,143.28
2015-07-21T04:00:00+02:00,143.26
2015-07-22T04:00:00+02:00,143.25
2015-07-23T04:00:00+02:00,143.23
2015-07-24T04:00:00+02:00,143.21
2015-07-25T04:00:00+02:00,143.21
2015-07-26T04:00:00+02:00,143.19
2015-07-27T04:00:00+02:00,143.18
2015-07-28T04:00:00+02:00,143.16
2015-07-29T04:00:00+02:00,143.14
2015-07-30T04:00:00+02:00,143.12
2015-07-31T04:00:00+02:00,143.1
2015-08-01T04:00:00+02:00,143.09
2015-08-02T04:00:00+02:00,143.07
2015-08-03T04:00:00+02:00,143.05
2015-08-04T04:00:00+02:00,143.04
2015-08-05T04:00:00+02:00,143.03
2015-08-06T04:00:00+02:00,143.01
2015-08-07T04:00:00+02:00,142.99
2015-08-08T04:00:00+02:00,142.98
2015-08-09T04:00:00+02:00,142.96
2015-08-10T04:00:00+02:00,142.94
2015-08-11T04:00:00+02:00,142.93
2015-08-12T04:00:00+02:00,142.91
2015-08-13T04:00:00+02:00,142.9
2015-08-14T04:00:00+02:00,142.88
2015-08-15T04:00:00+02:00,142.87
2015-08-16T04:00:00+02:00,142.85
2015-08-17T04:00:00+02:00,142.84
2015-08-18T04:00:00+02:00,142.82
2015-08-19T04:00:00+02:00,142.81
2015-08-20T04:00:00+02:00,142.79
2015-08-21T04:00:00+02:00,142.78
2015-08-22T04:00:00+02:00,142.76
2015-08-23T04:00:00+02:00,142.75
2015-08-24T04:00:00+02:00,142.75
2015-08-25T04:00:00+02:00,142.73
2015-08-26T04:00:00+02:00,142.71
2015-08-27T04:00:00+02:00,142.7
2015-08-28T04:00:00+02:00,142.68
2015-08-29T04:00:00+02:00,142.67
2015-08-30T04:00:00+02:00,142.65
2015-08-31T04:00:00+02:00,142.64
2015-09-01T04:00:00+02:00,142.63
2015-09-02T04:00:00+02:00,142.62
2015-09-03T04:00:00+02:00,142.6
2015-09-04T04:00:00+02:00,142.59
2015-09-05T04:00:00+02:00,142.58
2015-09-06T04:00:00+02:00,142.56
2015-09-07T04:00:00+02:00,142.55
2015-09-08T04:00:00+02:00,142.54
2015-09-09T04:00:00+02:00,142.53
2015-09-10T04:00:00+02:00,142.52
2015-09-11T04:00:00+02:00,142.51
2016-02-15T04:00:00+01:00,142.52
2016-02-16T04:00:00+01:00,142.54
2016-02-17T04:00:00+01:00,142.58
2016-02-18T04:00:00+01:00,142.63
2016-02-19T04:00:00+01:00,142.68
2016-02-20T04:00:00+01:00,142.72
2016-02-21T04:00:00+01:00,142.76
2016-02-22T04:00:00+01:00,142.81
2016-02-23T04:00:00+01:00,142.85
2016-02-24T04:00:00+01:00,142.89
2016-02-25T04:00:00+01:00,142.95
2016-02-26T04:00:00+01:00,143.02
2016-02-27T04:00:00+01:00,143.09
2016-02-28T04:00:00+01:00,143.16
2016-02-29T04:00:00+01:00,143.21
2016-03-01T04:00:00+01:00,143.26
2016-03-02T04:00:00+01:00,143.34
2016-03-03T04:00:00+01:00,143.41
2016-03-04T04:00:00+01:00,143.45
2016-03-05T04:00:00+01:00,143.5
2016-03-06T04:00:00+01:00,143.54
2016-03-07T04:00:00+01:00,143.56
2016-03-08T04:00:00+01:00,143.58
2016-03-09T04:00:00+01:00,143.61
2016-03-10T04:00:00+01:00,143.64
2016-03-11T04:00:00+01:00,143.65
2016-03-12T04:00:00+01:00,143.67
2016-03-13T04:00:00+01:00,143.69
2016-03-14T04:00:00+01:00,143.71
2016-03-15T04:00:00+01:00,143.74
2016-03-16T04:00:00+01:00,143.77
2016-03-17T04:00:00+01:00,143.79
2016-03-18T04:00:00+01:00,143.82
2016-03-19T04:00:00+01:00,143.85
2016-03-20T04:00:00+01:00,143.87
2016-03-21T04:00:00+01:00,143.9
2016-03-22T04:00:00+01:00,143.92
2016-03-23T04:00:00+01:00,143.95
2016-03-24T04:00:00+01:00,143.97
2016-03-25T04:00:00+01:00,143.99
2016-03-26T04:00:00+01:00,143.99
2016-03-27T04:00:00+02:00,144.02
2016-03-28T04:00:00+02:00,144.05
2016-03-29T04:00:00+02:00,144.07
2016-03-31T04:00:00+02:00,144.1
2016-04-01T04:00:00+02:00,144.1
2016-04-02T04:00:00+02:00,144.14
2016-04-03T04:00:00+02:00,144.16
2016-04-04T04:00:00+02:00,144.15
2016-04-05T04:00:00+02:00,144.11
2016-04-06T04:00:00+02:00,144.12
2016-04-07T04:00:00+02:00,144.14
2016-04-08T04:00:00+02:00,144.13
2016-04-09T04:00:00+02:00,144.14
2016-04-10T04:00:00+02:00,144.15
2016-04-11T04:00:00+02:00,144.16
2016-04-12T04:00:00+02:00,144.16
2016-04-13T04:00:00+02:00,144.11
2016-04-14T04:00:00+02:00,144.11
2016-04-15T04:00:00+02:00,144.1
2016-04-16T04:00:00+02:00,144.16
2016-04-17T04:00:00+02:00,144.14
2016-04-18T04:00:00+02:00,144.14
2016-04-19T04:00:00+02:00,144.16
2016-04-20T04:00:00+02:00,144.15
2016-04-21T04:00:00+02:00,144.16
2016-04-22T04:00:00+02:00,144.17
2016-04-23T04:00:00+02:00,144.17
2016-04-24T04:00:00+02:00,144.15
2016-04-25T04:00:00+02:00,144.11
2016-04-26T04:00:00+02:00,144.1
2016-04-27T04:00:00+02:00,144.11
2016-04-28T04:00:00+02:00,144.11
2016-04-29T04:00:00+02:00,144.16
2016-04-30T04:00:00+02:00,144.11
2016-05-01T04:00:00+02:00,144.12
2016-05-02T04:00:00+02:00,144.15
2016-05-03T04:00:00+02:00,144.13
2016-05-04T04:00:00+02:00,144.16
2016-05-05T04:00:00+02:00,144.16
2016-05-06T04:00:00+02:00,144.17
2016-05-07T04:00:00+02:00,144.18
2016-05-08T04:00:00+02:00,144.18
2016-05-09T04:00:00+02:00,144.18
2016-05-10T04:00:00+02:00,144.18
2016-05-11T04:00:00+02:00,144.17
2016-05-12T04:00:00+02:00,144.18
2016-05-13T04:00:00+02:00,144.18
2016-05-14T04:00:00+02:00,144.18
2016-05-15T04:00:00+02:00,144.16
2016-05-16T04:00:00+02:00,144.17
2016-05-17T04:00:00+02:00,144.17
2016-05-18T04:00:00+02:00,144.18
2016-05-19T04:00:00+02:00,144.15
2016-05-20T04:00:00+02:00,144.17
2016-05-21T04:00:00+02:00,144.15
2016-05-22T04:00:00+02:00,144.18
2016-05-23T04:00:00+02:00,144.13
2016-05-24T04:00:00+02:00,144.11
2016-05-25T04:00:00+02:00,144.14
2016-05-26T04:00:00+02:00,144.14
2016-05-27T04:00:00+02:00,144.16
2016-05-28T04:00:00+02:00,144.13
2016-05-29T04:00:00+02:00,144.16
2016-05-30T04:00:00+02:00,144.1
2016-05-31T04:00:00+02:00,144.1
2016-06-01T04:00:00+02:00,144.11
2016-06-02T04:00:00+02:00,144.1
2016-06-03T04:00:00+02:00,144.1
2016-11-21T13:52:00+01:00,143.3
2016-11-21T13:53:00+01:00,143.3
2016-11-21T13:54:00+01:00,143.3
2016-11-21T13:55:00+01:00,143.3
2016-11-21T13:57:00+01:00,143.3
2016-11-22T04:00:00+01:00,143.29
2016-11-23T04:00:00+01:00,143.27
2016-11-24T04:00:00+01:00,143.25
2016-11-25T04:00:00+01:00,143.23
2016-11-26T04:00:00+01:00,143.22
2016-11-27T04:00:00+01:00,143.2
2016-11-28T04:00:00+01:00,143.18
2016-11-29T04:00:00+01:00,143.16
2016-11-30T04:00:00+01:00,143.14
2016-12-01T04:00:00+01:00,143.13
2016-12-02T04:00:00+01:00,143.12
2016-12-03T04:00:00+01:00,143.1
2016-12-04T04:00:00+01:00,143.09
2016-12-05T04:00:00+01:00,143.07
2016-12-06T04:00:00+01:00,143.05
2016-12-07T04:00:00+01:00,143.03
2016-12-08T04:00:00+01:00,143.02
2016-12-09T04:00:00+01:00,143.0
2016-12-10T04:00:00+01:00,142.99
2016-12-11T04:00:00+01:00,142.97
2016-12-12T04:00:00+01:00,142.95
2016-12-13T04:00:00+01:00,142.93
2017-04-26T12:55:00+02:00,142.3
2017-04-26T12:59:00+02:00,142.3
2017-04-26T13:00:00+02:00,142.3
2017-04-27T04:00:00+02:00,142.29
2017-04-28T04:00:00+02:00,142.28
2017-04-29T04:00:00+02:00,142.28
2017-04-30T04:00:00+02:00,142.27
2017-05-01T04:00:00+02:00,142.27
2018-01-24T04:00:00+01:00,142.28
2018-01-25T04:00:00+01:00,142.31
2018-01-26T04:00:00+01:00,142.36
2018-01-27T04:00:00+01:00,142.37
2018-01-28T04:00:00+01:00,142.39
2018-01-29T04:00:00+01:00,142.41
2018-01-30T04:00:00+01:00,142.43
2018-01-31T04:00:00+01:00,142.47
2018-02-01T04:00:00+01:00,142.51
2018-02-02T04:00:00+01:00,142.55
2018-02-03T04:00:00+01:00,142.57
2018-02-04T04:00:00+01:00,142.59
2018-02-05T04:00:00+01:00,142.61
2018-02-06T04:00:00+01:00,142.64
2018-02-07T04:00:00+01:00,142.67
2018-02-08T04:00:00+01:00,142.7
2018-02-09T04:00:00+01:00,142.72
2018-02-10T04:00:00+01:00,142.75
2018-02-11T04:00:00+01:00,142.79
2018-02-12T04:00:00+01:00,142.82
2018-02-13T04:00:00+01:00,142.83
2018-02-14T04:00:00+01:00,142.85
2018-02-15T04:00:00+01:00,142.88
2018-02-16T04:00:00+01:00,142.89
2018-02-17T04:00:00+01:00,142.9
2018-02-18T04:00:00+01:00,142.91
2018-02-19T04:00:00+01:00,142.93
2018-02-20T04:00:00+01:00,142.95
2018-02-21T04:00:00+01:00,142.97
2018-02-22T04:00:00+01:00,142.98
2018-02-23T04:00:00+01:00,143.0
2018-02-24T04:00:00+01:00,143.01
2018-02-25T04:00:00+01:00,143.02
2018-02-26T04:00:00+01:00,143.02
2018-02-27T04:00:00+01:00,143.04
2018-02-28T04:00:00+01:00,143.06
2018-03-01T04:00:00+01:00,143.08
2018-03-02T04:00:00+01:00,143.11
2018-03-03T04:00:00+01:00,143.13
2018-03-04T04:00:00+01:00,143.14
2018-03-05T04:00:00+01:00,143.15
2018-03-06T04:00:00+01:00,143.16
2018-03-07T04:00:00+01:00,143.17
2018-03-08T04:00:00+01:00,143.16
2018-03-09T04:00:00+01:00,143.15
2018-03-10T04:00:00+01:00,143.16
2018-03-11T04:00:00+01:00,143.17
2018-03-12T04:00:00+01:00,143.18
2018-03-13T04:00:00+01:00,143.18
2018-03-14T04:00:00+01:00,143.15
2018-03-15T04:00:00+01:00,143.17
2018-03-16T04:00:00+01:00,143.18
2018-03-17T04:00:00+01:00,143.18
2018-03-18T04:00:00+01:00,143.19
2018-03-19T04:00:00+01:00,143.19
2018-03-20T04:00:00+01:00,143.19
2018-03-21T04:00:00+01:00,143.17
2018-03-22T04:00:00+01:00,143.18
2018-03-23T04:00:00+01:00,143.21
2018-03-24T04:00:00+01:00,143.23
2018-03-25T04:00:00+02:00,143.24
2018-03-26T04:00:00+02:00,143.23
2018-03-27T04:00:00+02:00,143.23
2018-03-28T04:00:00+02:00,143.25
2018-03-29T04:00:00+02:00,143.26
2018-03-30T04:00:00+02:00,143.27
2018-03-31T04:00:00+02:00,143.28
2018-04-01T04:00:00+02:00,143.28
2018-04-02T04:00:00+02:00,143.27
2018-04-03T04:00:00+02:00,143.29
2018-04-04T04:00:00+02:00,143.3
2018-04-05T04:00:00+02:00,143.3
2018-04-06T04:00:00+02:00,143.28
2018-04-07T04:00:00+02:00,143.29
2018-04-08T04:00:00+02:00,143.3
2018-04-09T04:00:00+02:00,143.31
2018-04-10T04:00:00+02:00,143.32
2018-04-11T04:00:00+02:00,143.31
2018-04-12T04:00:00+02:00,143.32
2018-04-13T04:00:00+02:00,143.32
2018-04-14T04:00:00+02:00,143.31
2018-04-15T04:00:00+02:00,143.3
2018-04-16T04:00:00+02:00,143.31
2018-04-17T04:00:00+02:00,143.29
2018-04-18T04:00:00+02:00,143.28
2018-04-19T04:00:00+02:00,143.28
2018-04-20T04:00:00+02:00,143.28
2018-04-21T04:00:00+02:00,143.29
2018-04-22T04:00:00+02:00,143.3
2018-04-23T04:00:00+02:00,143.31
2018-04-24T04:00:00+02:00,143.3
2018-04-25T04:00:00+02:00,143.31
2018-04-26T04:00:00+02:00,143.31
2018-04-27T04:00:00+02:00,143.3
2018-04-28T04:00:00+02:00,143.31
2018-04-29T04:00:00+02:00,143.31
2018-04-30T04:00:00+02:00,143.32
2018-05-01T04:00:00+02:00,143.31
2018-05-02T04:00:00+02:00,143.3
2018-05-03T04:00:00+02:00,143.29
2018-05-04T04:00:00+02:00,143.28
2018-05-05T04:00:00+02:00,143.27
2018-05-06T04:00:00+02:00,143.26
2018-05-07T04:00:00+02:00,143.27
2018-05-08T04:00:00+02:00,143.27
2018-05-09T04:00:00+02:00,143.28
2018-05-10T04:00:00+02:00,143.28
2018-05-11T04:00:00+02:00,143.26
2018-05-12T04:00:00+02:00,143.26
2018-05-13T04:00:00+02:00,143.26
2018-05-14T04:00:00+02:00,143.25
2018-05-15T04:00:00+02:00,143.25
2018-05-16T04:00:00+02:00,143.24
2018-05-17T04:00:00+02:00,143.23
2018-05-18T04:00:00+02:00,143.22
2018-05-19T04:00:00+02:00,143.21
2018-05-20T04:00:00+02:00,143.21
2018-05-21T04:00:00+02:00,143.21
2018-05-22T04:00:00+02:00,143.22
2018-05-23T04:00:00+02:00,143.21
2018-05-24T04:00:00+02:00,143.2
2018-05-25T04:00:00+02:00,143.2
2018-05-26T04:00:00+02:00,143.19
2018-05-27T04:00:00+02:00,143.19
2018-05-28T04:00:00+02:00,143.19
2018-05-29T04:00:00+02:00,143.19
2018-05-30T04:00:00+02:00,143.2
2018-05-31T04:00:00+02:00,143.19
2018-06-01T04:00:00+02:00,143.19
2018-06-02T04:00:00+02:00,143.18
2018-06-03T04:00:00+02:00,143.18
2018-06-04T04:00:00+02:00,143.18
2018-06-05T04:00:00+02:00,143.19
2018-06-06T04:00:00+02:00,143.18
2018-06-07T04:00:00+02:00,143.18
2018-06-08T04:00:00+02:00,143.18
2018-06-09T04:00:00+02:00,143.17
2018-06-10T04:00:00+02:00,143.17
2018-06-11T04:00:00+02:00,143.17
2018-06-12T04:00:00+02:00,143.17
2018-06-13T04:00:00+02:00,143.16
2018-06-14T04:00:00+02:00,143.15
2018-06-15T04:00:00+02:00,143.15
2018-06-16T04:00:00+02:00,143.14
2018-06-17T04:00:00+02:00,143.14
2018-06-18T04:00:00+02:00,143.13
2018-06-19T04:00:00+02:00,143.11
2018-06-20T04:00:00+02:00,143.1
2018-06-21T04:00:00+02:00,143.1
2018-06-22T04:00:00+02:00,143.09
2018-06-23T04:00:00+02:00,143.08
2018-06-24T04:00:00+02:00,143.07
2018-06-25T04:00:00+02:00,143.07
2018-06-26T04:00:00+02:00,143.06
2018-06-27T04:00:00+02:00,143.05
2018-06-28T04:00:00+02:00,143.04
2018-06-29T04:00:00+02:00,143.03
2018-06-30T04:00:00+02:00,143.03
2018-07-01T04:00:00+02:00,143.02
2018-07-02T04:00:00+02:00,143.01
2018-07-03T04:00:00+02:00,143.0
2018-07-04T04:00:00+02:00,142.99
2018-07-05T04:00:00+02:00,142.98
2018-07-06T04:00:00+02:00,142.96
2018-07-07T04:00:00+02:00,142.95
2018-07-08T04:00:00+02:00,142.93
2018-07-09T04:00:00+02:00,142.92
2018-07-10T04:00:00+02:00,142.91
2018-07-11T04:00:00+02:00,142.9
2018-07-12T04:00:00+02:00,142.89
2018-07-13T04:00:00+02:00,142.88
2018-07-14T04:00:00+02:00,142.87
2018-07-15T04:00:00+02:00,142.86
2018-07-16T04:00:00+02:00,142.85
2018-07-17T04:00:00+02:00,142.84
2018-07-18T04:00:00+02:00,142.82
2018-07-19T04:00:00+02:00,142.81
2018-07-20T04:00:00+02:00,142.8
2018-07-21T04:00:00+02:00,142.79
2018-07-22T04:00:00+02:00,142.78
2018-07-23T04:00:00+02:00,142.76
2018-07-24T04:00:00+02:00,142.75
2018-07-25T04:00:00+02:00,142.74
2018-07-26T04:00:00+02:00,142.73
2018-07-27T04:00:00+02:00,142.72
2018-07-28T04:00:00+02:00,142.71
2018-07-29T04:00:00+02:00,142.69
2018-07-30T04:00:00+02:00,142.68
2018-07-31T04:00:00+02:00,142.67
2018-08-01T04:00:00+02:00,142.65
2018-08-02T04:00:00+02:00,142.64
2018-08-03T04:00:00+02:00,142.63
2018-08-04T04:00:00+02:00,142.62
2018-08-05T04:00:00+02:00,142.6
2018-08-06T04:00:00+02:00,142.59
2018-08-07T04:00:00+02:00,142.59
2018-08-08T04:00:00+02:00,142.58
2018-08-09T04:00:00+02:00,142.57
2018-08-10T04:00:00+02:00,142.55
2018-08-11T04:00:00+02:00,142.54
2018-08-12T04:00:00+02:00,142.53
2018-08-13T04:00:00+02:00,142.52
2018-08-14T04:00:00+02:00,142.52
2018-08-15T04:00:00+02:00,142.5
2018-08-16T04:00:00+02:00,142.49
2018-08-17T04:00:00+02:00,142.48
2018-08-18T04:00:00+02:00,142.46
2018-08-19T04:00:00+02:00,142.45
2018-08-20T04:00:00+02:00,142.44
2018-08-21T04:00:00+02:00,142.43
2018-08-22T04:00:00+02:00,142.42
2018-08-23T04:00:00+02:00,142.41
2018-08-24T04:00:00+02:00,142.4
2018-08-25T04:00:00+02:00,142.39
2018-08-26T04:00:00+02:00,142.38
2018-08-27T04:00:00+02:00,142.37
2018-08-28T04:00:00+02:00,142.35
2018-08-29T04:00:00+02:00,142.34
2018-08-30T04:00:00+02:00,142.33
2018-08-31T04:00:00+02:00,142.31
2018-09-01T04:00:00+02:00,142.3
2018-09-02T04:00:00+02:00,142.29
2018-09-03T04:00:00+02:00,142.28
2018-09-04T04:00:00+02:00,142.28
2018-09-05T04:00:00+02:00,142.27
2018-09-29T04:00:00+02:00,142.26
2020-02-11T04:00:00+01:00,142.27
2020-02-12T04:00:00+01:00,142.27
2020-02-13T04:00:00+01:00,142.27
2020-02-14T04:00:00+01:00,142.27
2020-02-15T04:00:00+01:00,142.27
2020-02-16T04:00:00+01:00,142.27
2020-02-17T04:00:00+01:00,142.27
2020-02-18T04:00:00+01:00,142.27
2020-02-19T04:00:00+01:00,142.27
2020-02-20T04:00:00+01:00,142.27
2020-02-21T04:00:00+01:00,142.27
2020-02-22T04:00:00+01:00,142.27
2020-02-23T04:00:00+01:00,142.27
2020-02-24T04:00:00+01:00,142.27
2020-02-25T04:00:00+01:00,142.27
2020-02-26T04:00:00+01:00,142.27
2020-02-27T04:00:00+01:00,142.27
2020-02-28T04:00:00+01:00,142.26
2020-02-29T04:00:00+01:00,142.27
2020-03-01T04:00:00+01:00,142.27
2020-03-02T04:00:00+01:00,142.27
2020-03-03T04:00:00+01:00,142.27
2020-03-04T04:00:00+01:00,142.27
2020-03-05T04:00:00+01:00,142.27
2020-03-06T04:00:00+01:00,142.27
2020-03-07T04:00:00+01:00,142.27
2020-03-08T04:00:00+01:00,142.27
2020-03-09T04:00:00+01:00,142.27
2020-03-10T04:00:00+01:00,142.27
2020-03-11T04:00:00+01:00,142.27
2020-03-12T04:00:00+01:00,142.27
2020-03-13T04:00:00+01:00,142.27
2020-03-14T04:00:00+01:00,142.27
2020-03-15T04:00:00+01:00,142.27
2020-03-16T04:00:00+01:00,142.27
2020-03-17T04:00:00+01:00,142.27
2020-03-18T04:00:00+01:00,142.27
2020-03-19T04:00:00+01:00,142.27
2020-03-20T04:00:00+01:00,142.27
2020-03-21T04:00:00+01:00,142.27
2020-03-22T04:00:00+01:00,142.27
2020-03-23T04:00:00+01:00,142.26
2020-03-24T04:00:00+01:00,142.26
2020-03-25T04:00:00+01:00,142.27
2020-03-26T04:00:00+01:00,142.27
2020-03-27T04:00:00+01:00,142.27
2020-03-28T04:00:00+01:00,142.27
2020-03-29T04:00:00+02:00,142.27
2020-03-31T04:00:00+02:00,142.27
2020-04-01T04:00:00+02:00,142.26
2020-04-02T04:00:00+02:00,142.27
2020-04-03T04:00:00+02:00,142.27
2020-04-04T04:00:00+02:00,142.27
2020-04-05T04:00:00+02:00,142.27
2020-04-06T04:00:00+02:00,142.27
2020-04-07T04:00:00+02:00,142.27
2020-04-08T04:00:00+02:00,142.27
2020-04-09T04:00:00+02:00,142.27
2020-04-10T04:00:00+02:00,142.27
2020-04-11T04:00:00+02:00,142.27
2020-04-12T04:00:00+02:00,142.27
2020-04-13T04:00:00+02:00,142.27
2020-04-14T04:00:00+02:00,142.27
2020-04-15T04:00:00+02:00,142.27
2020-04-16T04:00:00+02:00,142.27
2020-04-17T04:00:00+02:00,142.27
2020-04-18T04:00:00+02:00,142.27
2020-04-19T04:00:00+02:00,142.27
2020-04-20T04:00:00+02:00,142.27
2020-04-21T04:00:00+02:00,142.27
2020-04-22T04:00:00+02:00,142.27
2020-04-23T04:00:00+02:00,142.27
2020-04-24T04:00:00+02:00,142.27
2020-04-25T04:00:00+02:00,142.27
2020-04-26T04:00:00+02:00,142.27
2020-04-27T04:00:00+02:00,142.27
2020-04-28T04:00:00+02:00,142.27
2020-04-29T04:00:00+02:00,142.27
2020-04-30T04:00:00+02:00,142.27
2020-05-01T04:00:00+02:00,142.27
2020-05-02T04:00:00+02:00,142.27
2020-05-03T04:00:00+02:00,142.27
2020-05-04T04:00:00+02:00,142.27
2020-05-05T04:00:00+02:00,142.27
2020-05-06T04:00:00+02:00,142.27
2020-05-07T04:00:00+02:00,142.27
2020-05-08T04:00:00+02:00,142.27
2020-05-09T04:00:00+02:00,142.27
2020-05-10T04:00:00+02:00,142.27
2020-05-11T04:00:00+02:00,142.27
2020-05-12T04:00:00+02:00,142.27
2020-05-13T04:00:00+02:00,142.27
2020-05-14T04:00:00+02:00,142.27
2020-05-15T04:00:00+02:00,142.27
2020-05-16T04:00:00+02:00,142.27
2020-05-17T04:00:00+02:00,142.27
2020-05-18T04:00:00+02:00,142.27
2020-05-19T04:00:00+02:00,142.27
2020-05-20T04:00:00+02:00,142.27
2020-05-21T04:00:00+02:00,142.27
2020-05-22T04:00:00+02:00,142.27
2020-05-23T04:00:00+02:00,142.27
2020-05-24T04:00:00+02:00,142.27
2020-05-25T04:00:00+02:00,142.27
2020-05-26T04:00:00+02:00,142.27
2020-05-27T04:00:00+02:00,142.27
2020-05-28T04:00:00+02:00,142.27
2020-05-29T04:00:00+02:00,142.27
2020-05-30T04:00:00+02:00,142.27
2020-05-31T04:00:00+02:00,142.27
2020-06-01T04:00:00+02:00,142.27
2020-06-02T04:00:00+02:00,142.27
2020-06-03T04:00:00+02:00,142.27
2020-06-04T04:00:00+02:00,142.27
2020-06-05T04:00:00+02:00,142.27
2020-06-06T04:00:00+02:00,142.27
2020-06-07T04:00:00+02:00,142.27
2020-06-08T04:00:00+02:00,142.27
2020-06-09T04:00:00+02:00,142.27
2020-06-10T04:00:00+02:00,142.27
2020-06-11T04:00:00+02:00,142.27
2020-06-12T04:00:00+02:00,142.27
2020-06-13T04:00:00+02:00,142.27
2020-06-14T04:00:00+02:00,142.27
2020-06-15T04:00:00+02:00,142.27
2020-06-16T04:00:00+02:00,142.27
2020-06-17T04:00:00+02:00,142.27
2020-06-18T04:00:00+02:00,142.27
2020-06-19T04:00:00+02:00,142.27
2020-06-20T04:00:00+02:00,142.27
2020-06-21T04:00:00+02:00,142.27
2020-06-22T04:00:00+02:00,142.27
2020-06-23T04:00:00+02:00,142.27
2020-06-24T04:00:00+02:00,142.27
2020-06-25T04:00:00+02:00,142.27
2020-06-26T04:00:00+02:00,142.27
2020-06-27T04:00:00+02:00,142.27
2020-06-28T04:00:00+02:00,142.27
2020-06-29T04:00:00+02:00,142.27
2020-06-30T04:00:00+02:00,142.27
2020-07-01T04:00:00+02:00,142.27
2020-07-02T04:00:00+02:00,142.27
2020-07-03T04:00:00+02:00,142.27
2020-07-04T04:00:00+02:00,142.27
2020-07-05T04:00:00+02:00,142.27
2020-07-06T04:00:00+02:00,142.27
2020-07-07T04:00:00+02:00,142.27
2020-07-08T04:00:00+02:00,142.27
2020-07-09T04:00:00+02:00,142.27
2020-07-10T04:00:00+02:00,142.27
2020-07-11T04:00:00+02:00,142.27
2020-07-12T04:00:00+02:00,142.27
2020-07-13T04:00:00+02:00,142.27
2020-07-14T04:00:00+02:00,142.27
2020-07-15T04:00:00+02:00,142.27
2020-07-16T04:00:00+02:00,142.27
2020-07-17T04:00:00+02:00,142.27
2020-07-18T04:00:00+02:00,142.27
2020-07-19T04:00:00+02:00,142.27
2020-07-20T04:00:00+02:00,142.27
2020-07-21T04:00:00+02:00,142.27
2020-07-22T04:00:00+02:00,142.27
2020-07-23T04:00:00+02:00,142.27
2020-07-24T04:00:00+02:00,142.27
2020-07-25T04:00:00+02:00,142.27
2020-07-26T04:00:00+02:00,142.27
2020-07-27T04:00:00+02:00,142.27
2020-07-28T04:00:00+02:00,142.27
2020-07-29T04:00:00+02:00,142.27
2020-07-30T04:00:00+02:00,142.27
2020-07-31T04:00:00+02:00,142.27
2020-08-01T04:00:00+02:00,142.27
2020-08-02T04:00:00+02:00,142.27
2020-08-03T04:00:00+02:00,142.27
2020-08-04T04:00:00+02:00,142.27
2020-08-05T04:00:00+02:00,142.27
2020-08-06T04:00:00+02:00,142.27
2020-08-07T04:00:00+02:00,142.27
2020-08-08T04:00:00+02:00,142.27
2020-08-09T04:00:00+02:00,142.27
2020-08-10T04:00:00+02:00,142.27
2020-08-11T04:00:00+02:00,142.27
2020-08-12T04:00:00+02:00,142.27
2020-08-13T04:00:00+02:00,142.27
2020-08-14T04:00:00+02:00,142.27
2021-04-09T09:28:00+02:00,142.39
2021-04-10T04:00:00+02:00,142.39
2021-04-11T04:00:00+02:00,142.4
2021-04-12T04:00:00+02:00,142.39
2021-04-13T04:00:00+02:00,142.37
2021-04-14T04:00:00+02:00,142.37
2021-04-15T04:00:00+02:00,142.38
2021-04-16T04:00:00+02:00,142.38
2021-04-17T04:00:00+02:00,142.39
2021-04-18T04:00:00+02:00,142.39
2021-04-19T04:00:00+02:00,142.4
2021-04-20T04:00:00+02:00,142.4
2021-04-21T04:00:00+02:00,142.4
2021-04-22T04:00:00+02:00,142.4
2021-04-23T04:00:00+02:00,142.39
2021-04-24T04:00:00+02:00,142.38
2021-04-25T04:00:00+02:00,142.38
2021-04-26T04:00:00+02:00,142.39
2021-04-27T04:00:00+02:00,142.4
2021-04-28T04:00:00+02:00,142.41
2021-04-29T04:00:00+02:00,142.41
2021-04-30T04:00:00+02:00,142.4
2021-05-01T04:00:00+02:00,142.39
2021-05-02T04:00:00+02:00,142.38
2021-05-03T04:00:00+02:00,142.37
2021-05-04T04:00:00+02:00,142.39
2021-05-05T04:00:00+02:00,142.39
2021-05-06T04:00:00+02:00,142.38
2021-05-07T04:00:00+02:00,142.38
2021-05-08T04:00:00+02:00,142.36
2021-05-09T04:00:00+02:00,142.36
2021-05-10T04:00:00+02:00,142.37
2021-05-11T04:00:00+02:00,142.36
2021-05-12T04:00:00+02:00,142.35
2021-05-13T04:00:00+02:00,142.34
2021-05-14T04:00:00+02:00,142.34
2021-05-15T04:00:00+02:00,142.33
2021-05-16T04:00:00+02:00,142.33
2021-05-17T04:00:00+02:00,142.33
2021-05-18T04:00:00+02:00,142.32
2021-05-19T04:00:00+02:00,142.3
2021-05-20T04:00:00+02:00,142.29
2021-05-21T04:00:00+02:00,142.29
2021-05-22T04:00:00+02:00,142.3
2021-05-23T04:00:00+02:00,142.29
2021-05-24T04:00:00+02:00,142.28
2021-05-25T04:00:00+02:00,142.27
2021-05-26T04:00:00+02:00,142.27
2021-05-27T04:00:00+02:00,142.27
2021-05-28T04:00:00+02:00,142.27
2021-05-29T04:00:00+02:00,142.27
2021-05-30T04:00:00+02:00,142.27
2021-05-31T04:00:00+02:00,142.27
2021-06-01T04:00:00+02:00,142.27
2021-06-02T04:00:00+02:00,142.27
2021-06-03T04:00:00+02:00,142.27
2021-06-04T04:00:00+02:00,142.27
2021-06-05T04:00:00+02:00,142.27
2021-06-06T04:00:00+02:00,142.27
2021-06-07T04:00:00+02:00,142.27
2021-06-08T04:00:00+02:00,142.27
2021-06-09T04:00:00+02:00,142.27
2021-06-10T04:00:00+02:00,142.27
2021-06-11T04:00:00+02:00,142.27
2021-06-12T04:00:00+02:00,142.27
2021-06-13T04:00:00+02:00,142.27
2021-06-14T04:00:00+02:00,142.27
2021-06-15T04:00:00+02:00,142.27
2021-06-16T04:00:00+02:00,142.27
2021-06-17T04:00:00+02:00,142.27
2021-06-18T04:00:00+02:00,142.27
2021-06-19T04:00:00+02:00,142.27
2021-06-20T04:00:00+02:00,142.27
2021-06-21T04:00:00+02:00,142.27
2021-06-22T04:00:00+02:00,142.27
2021-06-23T04:00:00+02:00,142.27
2021-06-24T04:00:00+02:00,142.27
2021-06-25T04:00:00+02:00,142.27
2021-06-26T04:00:00+02:00,142.27
2021-06-27T04:00:00+02:00,142.27
2021-06-28T04:00:00+02:00,142.27
2021-06-29T04:00:00+02:00,142.27
2021-06-30T04:00:00+02:00,142.27
2021-07-01T04:00:00+02:00,142.27
2021-07-02T04:00:00+02:00,142.27
2021-07-03T04:00:00+02:00,142.27
2021-07-04T04:00:00+02:00,142.27
2021-07-05T04:00:00+02:00,142.27
2021-07-06T04:00:00+02:00,142.27
2021-07-07T04:00:00+02:00,142.27
2021-07-08T04:00:00+02:00,142.27
2021-07-09T04:00:00+02:00,142.27
2021-07-10T04:00:00+02:00,142.27
2021-07-11T04:00:00+02:00,142.27
2021-07-12T04:00:00+02:00,142.27
2021-07-13T04:00:00+02:00,142.27
2021-07-14T04:00:00+02:00,142.27
2021-07-15T04:00:00+02:00,142.27
2021-07-16T04:00:00+02:00,142.31
2021-07-17T04:00:00+02:00,142.63
2021-07-18T04:00:00+02:00,142.89
2021-07-19T04:00:00+02:00,143.07
2021-07-20T04:00:00+02:00,143.19
2021-07-21T04:00:00+02:00,143.28
2021-07-22T04:00:00+02:00,143.34
2021-07-23T04:00:00+02:00,143.39
2021-07-24T04:00:00+02:00,143.45
2021-07-25T04:00:00+02:00,143.48
2021-07-26T04:00:00+02:00,143.51
2021-07-27T04:00:00+02:00,143.53
2021-07-28T04:00:00+02:00,143.55
2021-07-29T04:00:00+02:00,143.56
2021-07-30T04:00:00+02:00,143.58
2021-07-31T04:00:00+02:00,143.6
2021-08-01T04:00:00+02:00,143.61
2021-08-02T04:00:00+02:00,143.62
2021-08-03T04:00:00+02:00,143.63
2021-08-04T04:00:00+02:00,143.64
2021-08-05T04:00:00+02:00,143.66
2021-08-06T04:00:00+02:00,143.68
2021-08-07T04:00:00+02:00,143.7
2021-08-08T04:00:00+02:00,143.7
2021-08-09T04:00:00+02:00,143.7
2021-08-10T04:00:00+02:00,143.7
2021-08-11T04:00:00+02:00,143.7
2021-08-12T04:00:00+02:00,143.7
2021-08-13T04:00:00+02:00,143.71
2021-08-14T04:00:00+02:00,143.71
2021-08-15T04:00:00+02:00,143.72
2021-08-16T04:00:00+02:00,143.73
2021-08-17T04:00:00+02:00,143.73
2021-08-18T04:00:00+02:00,143.73
2021-08-19T04:00:00+02:00,143.73
2021-08-20T04:00:00+02:00,143.73
2021-08-21T04:00:00+02:00,143.72
2021-08-22T04:00:00+02:00,143.73
2021-08-23T04:00:00+02:00,143.72
2021-08-24T04:00:00+02:00,143.7
2021-08-25T04:00:00+02:00,143.7
2021-08-26T04:00:00+02:00,143.71
2021-08-27T04:00:00+02:00,143.71
2021-08-28T04:00:00+02:00,143.7
2021-08-29T04:00:00+02:00,143.7
2021-08-30T04:00:00+02:00,143.69
2021-08-31T04:00:00+02:00,143.69
2021-09-01T04:00:00+02:00,143.68
2021-09-02T04:00:00+02:00,143.68
2021-09-03T04:00:00+02:00,143.69
2021-09-04T04:00:00+02:00,143.69
2021-09-05T04:00:00+02:00,143.69
2021-09-06T04:00:00+02:00,143.68
2021-09-07T04:00:00+02:00,143.67
2021-09-08T04:00:00+02:00,143.67
2021-09-09T04:00:00+02:00,143.68
2021-09-10T04:00:00+02:00,143.67
2021-09-11T04:00:00+02:00,143.66
2021-09-12T04:00:00+02:00,143.65
2021-09-13T04:00:00+02:00,143.64
2021-09-14T04:00:00+02:00,143.63
2021-09-15T04:00:00+02:00,143.63
2021-09-16T04:00:00+02:00,143.62
2021-09-17T04:00:00+02:00,143.6
2021-09-18T04:00:00+02:00,143.59
2021-09-19T04:00:00+02:00,143.59
2021-09-20T04:00:00+02:00,143.57
2021-09-21T04:00:00+02:00,143.55
2021-09-22T04:00:00+02:00,143.53
2021-09-23T04:00:00+02:00,143.52
2021-09-24T04:00:00+02:00,143.52
2021-09-25T04:00:00+02:00,143.52
2021-09-26T04:00:00+02:00,143.51
2021-09-27T04:00:00+02:00,143.5
2021-09-28T04:00:00+02:00,143.48
2021-09-29T04:00:00+02:00,143.47
2021-09-30T04:00:00+02:00,143.45
2021-10-01T04:00:00+02:00,143.44
2021-10-02T04:00:00+02:00,143.44
2021-10-03T04:00:00+02:00,143.45
2021-10-04T04:00:00+02:00,143.42
2021-10-05T04:00:00+02:00,143.4
2021-10-06T04:00:00+02:00,143.39
2021-10-07T04:00:00+02:00,143.36
2021-10-08T04:00:00+02:00,143.33
2021-10-09T04:00:00+02:00,143.32
2021-10-10T04:00:00+02:00,143.3
2021-10-11T04:00:00+02:00,143.29
2021-10-12T04:00:00+02:00,143.28
2021-10-13T04:00:00+02:00,143.27
2021-10-14T04:00:00+02:00,143.25
2021-10-15T04:00:00+02:00,143.25
2021-10-16T04:00:00+02:00,143.23
2021-10-17T04:00:00+02:00,143.22
2021-10-18T04:00:00+02:00,143.2
2021-10-19T04:00:00+02:00,143.19
2021-10-20T04:00:00+02:00,143.18
2021-10-21T04:00:00+02:00,143.19
2021-10-22T04:00:00+02:00,143.16
2021-10-23T04:00:00+02:00,143.13
2021-10-24T04:00:00+02:00,143.11
2021-10-25T04:00:00+02:00,143.1
2021-10-26T04:00:00+02:00,143.08
2021-10-27T04:00:00+02:00,143.07
2021-10-28T04:00:00+02:00,143.05
2021-10-29T04:00:00+02:00,143.05
2021-10-30T04:00:00+02:00,143.04
2021-10-31T04:00:00+01:00,143.03
2021-11-01T04:00:00+01:00,143.02
2021-11-02T04:00:00+01:00,143.01
2021-11-03T04:00:00+01:00,142.99
2021-11-04T04:00:00+01:00,142.97
2021-11-05T04:00:00+01:00,142.94
2021-11-06T04:00:00+01:00,142.91
2021-11-07T04:00:00+01:00,142.9
2021-11-08T04:00:00+01:00,142.89
2021-11-09T04:00:00+01:00,142.87
2021-11-10T04:00:00+01:00,142.85
2021-11-11T04:00:00+01:00,142.84
2021-11-12T04:00:00+01:00,142.83
2021-11-13T04:00:00+01:00,142.82
2021-11-14T04:00:00+01:00,142.81
2021-11-15T04:00:00+01:00,142.79
2021-11-16T04:00:00+01:00,142.77
2021-11-17T04:00:00+01:00,142.76
2021-11-18T04:00:00+01:00,142.74
2021-11-19T04:00:00+01:00,142.72
2021-11-20T04:00:00+01:00,142.71
2021-11-21T04:00:00+01:00,142.7
2021-11-22T04:00:00+01:00,142.69
2021-11-23T04:00:00+01:00,142.67
2021-11-24T04:00:00+01:00,142.66
2021-11-25T04:00:00+01:00,142.65
2021-11-26T04:00:00+01:00,142.65
2021-11-27T04:00:00+01:00,142.66
2021-11-28T04:00:00+01:00,142.64
2021-11-29T04:00:00+01:00,142.62
2021-11-30T04:00:00+01:00,142.6
2021-12-01T04:00:00+01:00,142.59
2021-12-02T04:00:00+01:00,142.58
2021-12-03T04:00:00+01:00,142.56
2021-12-04T04:00:00+01:00,142.55
2021-12-05T04:00:00+01:00,142.54
2021-12-06T04:00:00+01:00,142.53
2021-12-07T04:00:00+01:00,142.52
2021-12-08T04:00:00+01:00,142.52
2021-12-09T04:00:00+01:00,142.51
2021-12-10T04:00:00+01:00,142.5
2021-12-11T04:00:00+01:00,142.49
2021-12-12T04:00:00+01:00,142.47
2021-12-13T04:00:00+01:00,142.46
2021-12-14T04:00:00+01:00,142.45
2021-12-15T04:00:00+01:00,142.44
2021-12-16T04:00:00+01:00,142.42
2021-12-17T04:00:00+01:00,142.41
2021-12-18T04:00:00+01:00,142.4
2021-12-19T04:00:00+01:00,142.4
2021-12-20T04:00:00+01:00,142.39
2021-12-21T04:00:00+01:00,142.39
2021-12-22T04:00:00+01:00,142.38
2021-12-23T04:00:00+01:00,142.37
2021-12-24T04:00:00+01:00,142.37
2021-12-25T04:00:00+01:00,142.36
2021-12-26T04:00:00+01:00,142.35
2021-12-27T04:00:00+01:00,142.34
2021-12-28T04:00:00+01:00,142.34
2021-12-29T04:00:00+01:00,142.32
2021-12-30T04:00:00+01:00,142.31
2021-12-31T04:00:00+01:00,142.29
2022-01-01T04:00:00+01:00,142.29
2022-01-02T04:00:00+01:00,142.29
2022-01-03T04:00:00+01:00,142.29
2022-01-04T04:00:00+01:00,142.3
2022-01-05T04:00:00+01:00,142.31
2022-01-06T04:00:00+01:00,142.31
2022-01-07T04:00:00+01:00,142.34
2022-01-08T04:00:00+01:00,142.37
2022-01-09T04:00:00+01:00,142.4
2022-01-10T04:00:00+01:00,142.42
2022-01-11T04:00:00+01:00,142.43
2022-01-12T04:00:00+01:00,142.44
2022-01-13T04:00:00+01:00,142.45
2022-01-14T04:00:00+01:00,142.47
2022-01-15T04:00:00+01:00,142.49
2022-01-16T04:00:00+01:00,142.51
2022-01-17T04:00:00+01:00,142.52
2022-01-18T04:00:00+01:00,142.52
2022-01-19T04:00:00+01:00,142.54
2022-01-20T04:00:00+01:00,142.55
2022-01-21T04:00:00+01:00,142.56
2022-01-22T04:00:00+01:00,142.56
2022-01-23T04:00:00+01:00,142.56
2022-01-24T04:00:00+01:00,142.57
2022-01-25T04:00:00+01:00,142.58
2022-01-26T04:00:00+01:00,142.58
2022-01-27T04:00:00+01:00,142.59
2022-01-28T04:00:00+01:00,142.6
2022-01-29T04:00:00+01:00,142.6
2022-01-30T04:00:00+01:00,142.61
2022-01-31T04:00:00+01:00,142.62
2022-02-01T04:00:00+01:00,142.62
2022-02-02T04:00:00+01:00,142.63
2022-02-03T04:00:00+01:00,142.63
2022-02-04T04:00:00+01:00,142.65
2022-02-05T04:00:00+01:00,142.65
2022-02-06T04:00:00+01:00,142.66
2022-02-07T04:00:00+01:00,142.66
2022-02-08T04:00:00+01:00,142.69
2022-02-09T04:00:00+01:00,142.73
2022-02-10T04:00:00+01:00,142.78
2022-02-11T04:00:00+01:00,142.82
2022-02-12T04:00:00+01:00,142.86
2022-02-13T04:00:00+01:00,142.91
2022-02-14T04:00:00+01:00,142.99
2022-02-15T04:00:00+01:00,143.04
2022-02-16T04:00:00+01:00,143.09
2022-02-17T04:00:00+01:00,143.14
2022-02-18T04:00:00+01:00,143.17
2022-02-19T04:00:00+01:00,143.2
2022-02-20T04:00:00+01:00,143.22
2022-02-21T04:00:00+01:00,143.26
2022-02-22T04:00:00+01:00,143.27
2022-02-23T04:00:00+01:00,143.29
2022-02-24T04:00:00+01:00,143.33
2022-02-25T04:00:00+01:00,143.37
2022-02-26T04:00:00+01:00,143.39
2022-02-27T04:00:00+01:00,143.42
2022-02-28T04:00:00+01:00,143.46
2022-03-01T04:00:00+01:00,143.5
2022-03-02T04:00:00+01:00,143.53
2022-03-03T04:00:00+01:00,143.57
2022-03-04T04:00:00+01:00,143.61
2022-03-05T04:00:00+01:00,143.63
2022-03-06T04:00:00+01:00,143.65
2022-03-07T04:00:00+01:00,143.67
2022-03-08T04:00:00+01:00,143.69
2022-03-09T04:00:00+01:00,143.72
2022-03-10T04:00:00+01:00,143.73
2022-03-11T04:00:00+01:00,143.76
2022-03-12T04:00:00+01:00,143.78
2022-03-13T04:00:00+01:00,143.8
2022-03-14T04:00:00+01:00,143.81
2022-03-15T04:00:00+01:00,143.81
2022-03-16T04:00:00+01:00,143.83
2022-03-17T04:00:00+01:00,143.85
2022-03-18T04:00:00+01:00,143.83
2022-03-19T04:00:00+01:00,143.83
2022-03-20T04:00:00+01:00,143.86
2022-03-21T04:00:00+01:00,143.87
2022-03-22T04:00:00+01:00,143.88
2022-03-23T04:00:00+01:00,143.89
2022-03-24T04:00:00+01:00,143.9
2022-03-25T04:00:00+01:00,143.9
2022-03-26T04:00:00+01:00,143.91
2022-03-27T04:00:00+02:00,143.91
2022-03-28T04:00:00+02:00,143.92
2022-03-29T04:00:00+02:00,143.94
2022-03-30T04:00:00+02:00,143.97
2022-03-31T04:00:00+02:00,143.99
2022-04-01T04:00:00+02:00,144.0
2022-04-02T04:00:00+02:00,143.97
2022-04-03T04:00:00+02:00,143.95
2022-04-04T04:00:00+02:00,143.95
2022-04-05T04:00:00+02:00,143.97
2022-04-06T04:00:00+02:00,143.98
2022-04-07T04:00:00+02:00,144.0
2022-04-08T04:00:00+02:00,144.0
2022-04-09T04:00:00+02:00,143.98
2022-04-10T04:00:00+02:00,143.95
2022-04-11T04:00:00+02:00,143.93
2022-04-12T04:00:00+02:00,143.94
2022-04-13T04:00:00+02:00,143.94
2022-04-14T04:00:00+02:00,143.92
2022-04-15T04:00:00+02:00,143.9
2022-04-16T04:00:00+02:00,143.88
2022-04-17T04:00:00+02:00,143.87
2022-04-18T04:00:00+02:00,143.89
2022-04-19T04:00:00+02:00,143.89
2022-04-20T04:00:00+02:00,143.89
2022-04-21T04:00:00+02:00,143.89
2022-04-22T04:00:00+02:00,143.89
2022-04-23T04:00:00+02:00,143.89
2022-04-24T04:00:00+02:00,143.89
2022-04-25T04:00:00+02:00,143.87
2022-04-26T04:00:00+02:00,143.85
2022-04-27T04:00:00+02:00,143.82
2022-04-28T04:00:00+02:00,143.8
2022-04-29T04:00:00+02:00,143.78
2022-04-30T04:00:00+02:00,143.77
2022-05-01T04:00:00+02:00,143.77
2022-05-02T04:00:00+02:00,143.77
2022-05-03T04:00:00+02:00,143.76
2022-05-04T04:00:00+02:00,143.75
2022-05-05T04:00:00+02:00,143.74
2022-05-06T04:00:00+02:00,143.72
2022-05-07T04:00:00+02:00,143.71
2022-05-08T04:00:00+02:00,143.7
2022-05-09T04:00:00+02:00,143.69
2022-05-10T04:00:00+02:00,143.68
2022-05-11T04:00:00+02:00,143.68
2022-05-12T04:00:00+02:00,143.67
2022-05-13T04:00:00+02:00,143.66
2022-05-14T04:00:00+02:00,143.64
2022-05-15T04:00:00+02:00,143.63
2022-05-16T04:00:00+02:00,143.62
2022-05-17T04:00:00+02:00,143.61
2022-05-18T04:00:00+02:00,143.59
2022-05-19T04:00:00+02:00,143.58
2022-05-20T04:00:00+02:00,143.57
2022-05-21T04:00:00+02:00,143.56
2022-05-22T04:00:00+02:00,143.54
2022-05-23T04:00:00+02:00,143.55
2022-05-24T04:00:00+02:00,143.55
2022-05-25T04:00:00+02:00,143.52
2022-05-26T04:00:00+02:00,143.5
2022-05-27T04:00:00+02:00,143.48
2022-05-28T04:00:00+02:00,143.46
2022-05-29T04:00:00+02:00,143.45
2022-05-30T04:00:00+02:00,143.45
2022-05-31T04:00:00+02:00,143.44
2022-06-01T04:00:00+02:00,143.42
2022-06-02T04:00:00+02:00,143.4
2022-06-03T04:00:00+02:00,143.39
2022-06-04T04:00:00+02:00,143.38
2022-06-05T04:00:00+02:00,143.36
2022-06-06T04:00:00+02:00,143.35
2022-06-07T04:00:00+02:00,143.34
2022-06-08T04:00:00+02:00,143.33
2022-06-09T04:00:00+02:00,143.32
2022-06-10T04:00:00+02:00,143.29
2022-06-11T04:00:00+02:00,143.28
2022-06-12T04:00:00+02:00,143.26
2022-06-13T04:00:00+02:00,143.25
2022-06-14T04:00:00+02:00,143.23
2022-06-15T04:00:00+02:00,143.22
2022-06-16T04:00:00+02:00,143.21
2022-06-17T04:00:00+02:00,143.19
2022-06-18T04:00:00+02:00,143.18
2022-06-19T04:00:00+02:00,143.17
2022-06-20T04:00:00+02:00,143.16
2022-06-21T04:00:00+02:00,143.14
2022-06-22T04:00:00+02:00,143.13
2022-06-23T04:00:00+02:00,143.12
2022-06-24T04:00:00+02:00,143.11
2022-06-25T04:00:00+02:00,143.09
2022-06-26T04:00:00+02:00,143.07
2022-06-27T04:00:00+02:00,143.06
2022-06-28T04:00:00+02:00,143.04
2022-06-29T04:00:00+02:00,143.02
2022-06-30T04:00:00+02:00,143.01
2022-07-01T04:00:00+02:00,143.0
2022-07-02T04:00:00+02:00,142.98
2022-07-03T04:00:00+02:00,142.96
2022-07-04T04:00:00+02:00,142.95
2022-07-05T04:00:00+02:00,142.93
2022-07-06T04:00:00+02:00,142.92
2022-07-07T04:00:00+02:00,142.9
2022-07-08T04:00:00+02:00,142.88
2022-07-09T04:00:00+02:00,142.87
2022-07-10T04:00:00+02:00,142.85
2022-07-11T04:00:00+02:00,142.84
2022-07-12T04:00:00+02:00,142.83
2022-07-13T04:00:00+02:00,142.82
2022-07-14T04:00:00+02:00,142.8
2022-07-15T04:00:00+02:00,142.79
2022-07-16T04:00:00+02:00,142.77
2022-07-17T04:00:00+02:00,142.76
2022-07-18T04:00:00+02:00,142.74
2022-07-19T04:00:00+02:00,142.73
2022-07-20T04:00:00+02:00,142.72
2022-07-21T04:00:00+02:00,142.71
2022-07-22T04:00:00+02:00,142.69
2022-07-23T04:00:00+02:00,142.68
2022-07-24T04:00:00+02:00,142.66
2022-07-25T04:00:00+02:00,142.65
2022-07-26T04:00:00+02:00,142.64
2022-07-27T04:00:00+02:00,142.62
2022-07-28T04:00:00+02:00,142.61
2022-07-29T04:00:00+02:00,142.6
2022-07-30T04:00:00+02:00,142.58
2022-07-31T04:00:00+02:00,142.57
2022-08-01T04:00:00+02:00,142.56
2022-08-02T04:00:00+02:00,142.54
2022-08-03T04:00:00+02:00,142.53
2022-08-04T04:00:00+02:00,142.52
2022-08-05T04:00:00+02:00,142.51
2022-08-06T04:00:00+02:00,142.49
2022-08-07T04:00:00+02:00,142.48
2022-08-08T04:00:00+02:00,142.46
2022-08-09T04:00:00+02:00,142.45
2022-08-10T04:00:00+02:00,142.43
2022-08-11T04:00:00+02:00,142.42
2022-08-12T04:00:00+02:00,142.41
2022-08-13T04:00:00+02:00,142.4
2022-08-14T04:00:00+02:00,142.39
2022-08-15T04:00:00+02:00,142.38
2022-08-16T04:00:00+02:00,142.37
2022-08-17T04:00:00+02:00,142.35
2022-08-18T04:00:00+02:00,142.34
2022-08-19T04:00:00+02:00,142.33
2022-08-20T04:00:00+02:00,142.32
2022-08-21T04:00:00+02:00,142.3
2022-08-22T04:00:00+02:00,142.29
2022-08-23T04:00:00+02:00,142.28
2022-08-24T04:00:00+02:00,142.27
2022-08-25T04:00:00+02:00,142.27
2022-08-26T04:00:00+02:00,142.27
2022-08-27T04:00:00+02:00,142.27
2022-08-28T04:00:00+02:00,142.27
2022-08-29T04:00:00+02:00,142.27
2022-08-30T04:00:00+02:00,142.27
2022-08-31T04:00:00+02:00,142.27
2022-09-01T04:00:00+02:00,142.27
2022-09-02T04:00:00+02:00,142.27
2022-09-03T04:00:00+02:00,142.27
2022-09-04T04:00:00+02:00,142.27
2022-09-05T04:00:00+02:00,142.27
2022-09-06T04:00:00+02:00,142.27
2022-09-07T04:00:00+02:00,142.27
2022-09-08T04:00:00+02:00,142.27
2022-09-09T04:00:00+02:00,142.27
2022-09-10T04:00:00+02:00,142.27
2022-09-11T04:00:00+02:00,142.27
2022-09-12T04:00:00+02:00,142.27
2022-09-13T04:00:00+02:00,142.27
2022-09-14T04:00:00+02:00,142.27
2022-09-15T04:00:00+02:00,142.27
2022-09-16T04:00:00+02:00,142.27
2022-09-17T04:00:00+02:00,142.27
2022-09-18T04:00:00+02:00,142.27
2022-09-19T04:00:00+02:00,142.27
2022-09-20T04:00:00+02:00,142.27
2022-09-21T04:00:00+02:00,142.27
2022-09-22T04:00:00+02:00,142.27
2022-09-23T04:00:00+02:00,142.27
2022-09-24T04:00:00+02:00,142.27
2022-09-25T04:00:00+02:00,142.27
2022-09-26T04:00:00+02:00,142.27
2022-09-27T04:00:00+02:00,142.27
2022-09-28T04:00:00+02:00,142.27
2022-09-29T04:00:00+02:00,142.27
2022-09-30T04:00:00+02:00,142.27
2022-10-01T04:00:00+02:00,142.27
2022-10-02T04:00:00+02:00,142.27
2022-10-03T04:00:00+02:00,142.27
2022-10-04T04:00:00+02:00,142.27
2022-10-05T04:00:00+02:00,142.27
2022-10-06T04:00:00+02:00,142.27
2022-10-07T04:00:00+02:00,142.27
2022-10-08T04:00:00+02:00,142.27
2022-10-09T04:00:00+02:00,142.27
2022-10-10T04:00:00+02:00,142.27
2022-10-11T04:00:00+02:00,142.27
2022-10-12T04:00:00+02:00,142.27
2022-10-13T04:00:00+02:00,142.27
2022-10-14T04:00:00+02:00,142.27
2022-10-15T04:00:00+02:00,142.27
2022-10-16T04:00:00+02:00,142.27
2022-10-17T04:00:00+02:00,142.27
2022-10-18T04:00:00+02:00,142.27
2022-10-19T04:00:00+02:00,142.27
2022-10-20T04:00:00+02:00,142.27
2022-10-21T04:00:00+02:00,142.27
2022-10-22T04:00:00+02:00,142.27
2022-10-23T04:00:00+02:00,142.27
2022-10-24T04:00:00+02:00,142.27
2022-10-25T04:00:00+02:00,142.27
2022-10-26T04:00:00+02:00,142.27
2022-10-27T04:00:00+02:00,142.27
2022-10-28T04:00:00+02:00,142.27
2022-10-29T04:00:00+02:00,142.27
2022-10-30T04:00:00+01:00,142.27
2022-10-31T04:00:00+01:00,142.27
2022-11-01T04:00:00+01:00,142.27
2022-11-02T04:00:00+01:00,142.27
2022-11-03T04:00:00+01:00,142.27
2022-11-04T04:00:00+01:00,142.27
2022-11-05T04:00:00+01:00,142.27
2022-11-06T04:00:00+01:00,142.27
2022-11-07T04:00:00+01:00,142.27
2022-11-08T04:00:00+01:00,142.27
2022-11-09T04:00:00+01:00,142.27
2022-11-10T04:00:00+01:00,142.27
2022-11-11T04:00:00+01:00,142.27
2022-11-12T04:00:00+01:00,142.27
2022-11-13T04:00:00+01:00,142.27
2022-11-14T04:00:00+01:00,142.27
2022-11-15T04:00:00+01:00,142.27
2022-11-16T04:00:00+01:00,142.27
2022-11-17T04:00:00+01:00,142.27
2022-11-18T04:00:00+01:00,142.27
2022-11-19T04:00:00+01:00,142.27
2022-11-20T04:00:00+01:00,142.27
2022-11-21T04:00:00+01:00,142.27
2022-11-22T04:00:00+01:00,142.27
2022-11-23T04:00:00+01:00,142.27
2022-11-24T04:00:00+01:00,142.27
2022-11-25T04:00:00+01:00,142.27
2022-11-26T04:00:00+01:00,142.27
2022-11-27T04:00:00+01:00,142.27
2022-11-28T04:00:00+01:00,142.27
2022-11-29T04:00:00+01:00,142.27
2022-11-29T06:00:00+01:00,142.27
2022-11-29T09:00:00+01:00,142.27
2022-11-29T12:00:00+01:00,142.27
2022-11-29T15:00:00+01:00,142.27
2022-11-29T18:00:00+01:00,142.27
2022-11-29T21:00:00+01:00,142.27
2022-11-30T02:01:00+01:00,142.27
2022-11-30T03:00:00+01:00,142.27
2022-11-30T06:00:00+01:00,142.27
2022-11-30T09:00:00+01:00,142.27
2022-11-30T12:00:00+01:00,142.27
2022-11-30T15:00:00+01:00,142.27
2022-11-30T18:00:00+01:00,142.27
2022-11-30T21:00:00+01:00,142.27
2022-12-01T02:01:00+01:00,142.27
2022-12-01T03:00:00+01:00,142.27
2022-12-01T06:00:00+01:00,142.27
2022-12-01T09:00:00+01:00,142.27
2022-12-01T12:00:00+01:00,142.27
2022-12-01T15:00:00+01:00,142.27
2022-12-01T18:00:00+01:00,142.27
2022-12-01T21:00:00+01:00,142.27
2022-12-02T02:01:00+01:00,142.27
2022-12-02T03:00:00+01:00,142.27
2022-12-02T06:00:00+01:00,142.27
2022-12-02T09:00:00+01:00,142.27
2022-12-02T12:00:00+01:00,142.27
2022-12-02T15:00:00+01:00,142.27
2022-12-02T18:00:00+01:00,142.27
2022-12-02T21:00:00+01:00,142.27
2022-12-03T02:01:00+01:00,142.27
2022-12-03T03:00:00+01:00,142.27
2022-12-03T06:00:00+01:00,142.27
2022-12-03T09:00:00+01:00,142.27
2022-12-03T12:00:00+01:00,142.27
2022-12-03T15:00:00+01:00,142.27
2022-12-03T18:00:00+01:00,142.27
2022-12-03T21:00:00+01:00,142.27
2022-12-04T02:01:00+01:00,142.27
2022-12-04T03:00:00+01:00,142.27
2022-12-04T06:00:00+01:00,142.27
2022-12-04T09:00:00+01:00,142.27
2022-12-04T12:00:00+01:00,142.27
2022-12-04T15:00:00+01:00,142.27
2022-12-04T18:00:00+01:00,142.27
2022-12-04T21:00:00+01:00,142.27
2022-12-05T02:01:00+01:00,142.27
2022-12-05T03:00:00+01:00,142.27
2022-12-05T06:00:00+01:00,142.27
2022-12-05T09:00:00+01:00,142.27
2022-12-05T12:00:00+01:00,142.27
2022-12-05T15:00:00+01:00,142.27
2022-12-05T18:00:00+01:00,142.27
2022-12-05T21:00:00+01:00,142.27
2022-12-06T02:01:00+01:00,142.27
2022-12-06T03:00:00+01:00,142.27
2022-12-06T06:00:00+01:00,142.27
2022-12-06T09:00:00+01:00,142.27
2022-12-06T12:00:00+01:00,142.27
2022-12-06T15:00:00+01:00,142.27
2022-12-06T18:00:00+01:00,142.27
2022-12-06T21:00:00+01:00,142.27
2022-12-07T02:01:00+01:00,142.27
2022-12-07T03:00:00+01:00,142.27
2022-12-07T06:00:00+01:00,142.27
2022-12-07T09:00:00+01:00,142.27
2022-12-07T12:00:00+01:00,142.27
2022-12-07T15:00:00+01:00,142.27
2022-12-07T18:00:00+01:00,142.27
2022-12-07T21:00:00+01:00,142.27
2022-12-08T02:01:00+01:00,142.27
2022-12-08T03:00:00+01:00,142.27
2022-12-08T06:00:00+01:00,142.27
2022-12-08T09:00:00+01:00,142.27
2022-12-08T12:00:00+01:00,142.27
2022-12-08T15:00:00+01:00,142.27
2022-12-08T18:00:00+01:00,142.27
2022-12-08T21:00:00+01:00,142.27
2022-12-09T02:01:00+01:00,142.27
2022-12-09T03:00:00+01:00,142.27
2022-12-09T06:00:00+01:00,142.27
2022-12-09T09:00:00+01:00,142.27
2022-12-09T12:00:00+01:00,142.27
2022-12-09T15:00:00+01:00,142.27
2022-12-09T18:00:00+01:00,142.27
2022-12-09T21:00:00+01:00,142.27
2022-12-10T02:01:00+01:00,142.27
2022-12-10T03:00:00+01:00,142.27
2022-12-10T06:00:00+01:00,142.27
2022-12-10T09:00:00+01:00,142.27
2022-12-10T12:00:00+01:00,142.27
2022-12-10T15:00:00+01:00,142.27
2022-12-10T18:00:00+01:00,142.27
2022-12-10T21:00:00+01:00,142.27
2022-12-11T02:01:00+01:00,142.27
2022-12-11T03:00:00+01:00,142.27
2022-12-11T06:00:00+01:00,142.27
2022-12-11T09:00:00+01:00,142.27
2022-12-11T12:00:00+01:00,142.27
2022-12-11T15:00:00+01:00,142.27
2022-12-11T18:00:00+01:00,142.27
2022-12-11T21:00:00+01:00,142.27
2022-12-12T02:01:00+01:00,142.27
2022-12-12T03:00:00+01:00,142.27
2022-12-12T06:00:00+01:00,142.27
2022-12-12T09:00:00+01:00,142.27
2022-12-12T12:00:00+01:00,142.27
2022-12-12T15:00:00+01:00,142.27
2022-12-12T18:00:00+01:00,142.27
2022-12-12T21:00:00+01:00,142.27
2022-12-13T02:01:00+01:00,142.27
2022-12-13T03:00:00+01:00,142.27
2022-12-13T06:00:00+01:00,142.27
2022-12-13T09:00:00+01:00,142.27
2022-12-13T12:00:00+01:00,142.27
2022-12-13T15:00:00+01:00,142.27
2022-12-13T18:00:00+01:00,142.27
2022-12-13T21:00:00+01:00,142.27
2022-12-14T02:01:00+01:00,142.27
2022-12-14T03:00:00+01:00,142.27
2022-12-14T06:00:00+01:00,142.27
2022-12-14T09:00:00+01:00,142.27
2022-12-14T12:00:00+01:00,142.27
2022-12-14T15:00:00+01:00,142.27
2022-12-14T18:00:00+01:00,142.27
2022-12-14T21:00:00+01:00,142.27
2022-12-15T02:01:00+01:00,142.27
2022-12-15T03:00:00+01:00,142.27
2022-12-15T06:00:00+01:00,142.27
2022-12-15T09:00:00+01:00,142.27
2022-12-15T12:00:00+01:00,142.27
2022-12-15T15:00:00+01:00,142.27
2022-12-15T18:00:00+01:00,142.27
2022-12-15T21:00:00+01:00,142.27
2022-12-16T02:01:00+01:00,142.27
2022-12-16T03:00:00+01:00,142.27
2022-12-16T06:00:00+01:00,142.27
2022-12-16T09:00:00+01:00,142.27
2022-12-16T12:00:00+01:00,142.27
2022-12-16T15:00:00+01:00,142.27
2022-12-16T18:00:00+01:00,142.27
2022-12-16T21:00:00+01:00,142.27
2022-12-17T02:01:00+01:00,142.27
2022-12-17T03:00:00+01:00,142.27
2022-12-17T06:00:00+01:00,142.27
2022-12-17T09:00:00+01:00,142.27
2022-12-17T12:00:00+01:00,142.27
2022-12-17T15:00:00+01:00,142.27
2022-12-17T18:00:00+01:00,142.27
2022-12-17T21:00:00+01:00,142.27
2022-12-18T02:01:00+01:00,142.27
2022-12-18T03:00:00+01:00,142.27
2022-12-18T06:00:00+01:00,142.27
2022-12-18T09:00:00+01:00,142.27
2022-12-18T12:00:00+01:00,142.27
2022-12-18T15:00:00+01:00,142.27
2022-12-18T18:00:00+01:00,142.27
2022-12-18T21:00:00+01:00,142.27
2022-12-19T02:01:00+01:00,142.27
2022-12-19T03:00:00+01:00,142.27
2022-12-19T06:00:00+01:00,142.27
2022-12-19T09:00:00+01:00,142.27
2022-12-19T12:00:00+01:00,142.27
2022-12-19T15:00:00+01:00,142.27
2022-12-19T18:00:00+01:00,142.27
2022-12-19T21:00:00+01:00,142.27
2022-12-20T02:01:00+01:00,142.27
2022-12-20T03:00:00+01:00,142.27
2022-12-20T06:00:00+01:00,142.27
2022-12-20T09:00:00+01:00,142.27
2022-12-20T12:00:00+01:00,142.27
2022-12-20T15:00:00+01:00,142.27
2022-12-20T18:00:00+01:00,142.27
2022-12-20T21:00:00+01:00,142.27
2022-12-21T02:01:00+01:00,142.27
2022-12-21T03:00:00+01:00,142.27
2022-12-21T06:00:00+01:00,142.27
2022-12-21T09:00:00+01:00,142.27
2022-12-21T12:00:00+01:00,142.27
2022-12-21T15:00:00+01:00,142.27
2022-12-21T18:00:00+01:00,142.27
2022-12-21T21:00:00+01:00,142.27
2022-12-22T02:01:00+01:00,142.27
2022-12-22T03:00:00+01:00,142.27
2022-12-22T06:00:00+01:00,142.27
2022-12-22T09:00:00+01:00,142.27
2022-12-22T12:00:00+01:00,142.27
2022-12-22T15:00:00+01:00,142.27
2022-12-22T18:00:00+01:00,142.27
2022-12-22T21:00:00+01:00,142.27
2022-12-23T02:01:00+01:00,142.27
2022-12-23T03:00:00+01:00,142.27
2022-12-23T06:00:00+01:00,142.27
2022-12-23T09:00:00+01:00,142.27
2022-12-23T12:00:00+01:00,142.27
2022-12-23T15:00:00+01:00,142.27
2022-12-23T18:00:00+01:00,142.27
2022-12-23T21:00:00+01:00,142.27
2022-12-24T02:01:00+01:00,142.27
2022-12-24T03:00:00+01:00,142.27
2022-12-24T06:00:00+01:00,142.27
2022-12-24T09:00:00+01:00,142.27
2022-12-24T12:00:00+01:00,142.27
2022-12-24T15:00:00+01:00,142.27
2022-12-24T18:00:00+01:00,142.27
2022-12-24T21:00:00+01:00,142.27
2022-12-25T02:01:00+01:00,142.27
2022-12-25T03:00:00+01:00,142.27
2022-12-25T06:00:00+01:00,142.27
2022-12-25T09:00:00+01:00,142.27
2022-12-25T12:00:00+01:00,142.27
2022-12-25T15:00:00+01:00,142.27
2022-12-25T18:00:00+01:00,142.27
2022-12-25T21:00:00+01:00,142.27
2022-12-26T02:01:00+01:00,142.27
2022-12-26T03:00:00+01:00,142.27
2022-12-26T06:00:00+01:00,142.27
2022-12-26T09:00:00+01:00,142.27
2022-12-26T12:00:00+01:00,142.27
2022-12-26T15:00:00+01:00,142.27
2022-12-26T18:00:00+01:00,142.27
2022-12-26T21:00:00+01:00,142.27
2022-12-27T02:01:00+01:00,142.27
2022-12-27T03:00:00+01:00,142.27
2022-12-27T06:00:00+01:00,142.27
2022-12-27T09:00:00+01:00,142.27
2022-12-27T12:00:00+01:00,142.27
2022-12-27T15:00:00+01:00,142.27
2022-12-27T18:00:00+01:00,142.27
2022-12-27T21:00:00+01:00,142.27
2022-12-28T02:01:00+01:00,142.27
2022-12-28T03:00:00+01:00,142.27
2022-12-28T06:00:00+01:00,142.27
2022-12-28T09:00:00+01:00,142.27
2022-12-28T12:00:00+01:00,142.27
2022-12-28T15:00:00+01:00,142.27
2022-12-28T18:00:00+01:00,142.27
2022-12-28T21:00:00+01:00,142.27
2022-12-29T02:01:00+01:00,142.27
2022-12-29T03:00:00+01:00,142.27
2022-12-29T06:00:00+01:00,142.27
2022-12-29T09:00:00+01:00,142.27
2022-12-29T12:00:00+01:00,142.27
2022-12-29T15:00:00+01:00,142.27
2022-12-29T18:00:00+01:00,142.27
2022-12-29T21:00:00+01:00,142.27
2022-12-30T02:01:00+01:00,142.27
2022-12-30T03:00:00+01:00,142.27
2022-12-30T06:00:00+01:00,142.27
2022-12-30T09:00:00+01:00,142.27
2022-12-30T12:00:00+01:00,142.27
2022-12-30T15:00:00+01:00,142.27
2022-12-30T18:00:00+01:00,142.27
2022-12-30T21:00:00+01:00,142.27
2022-12-31T02:01:00+01:00,142.27
2022-12-31T03:00:00+01:00,142.27
2022-12-31T06:00:00+01:00,142.27
2022-12-31T09:00:00+01:00,142.27
2022-12-31T12:00:00+01:00,142.27
2022-12-31T15:00:00+01:00,142.27
2022-12-31T18:00:00+01:00,142.27
2022-12-31T21:00:00+01:00,142.27
2023-01-01T02:01:00+01:00,142.27
2023-01-01T03:00:00+01:00,142.27
2023-01-01T06:00:00+01:00,142.27
2023-01-01T09:00:00+01:00,142.27
2023-01-01T12:00:00+01:00,142.27
2023-01-01T15:00:00+01:00,142.27
2023-01-01T18:00:00+01:00,142.27
2023-01-01T21:00:00+01:00,142.27
2023-01-02T02:01:00+01:00,142.27
2023-01-02T03:00:00+01:00,142.27
2023-01-02T06:00:00+01:00,142.27
2023-01-02T09:00:00+01:00,142.27
2023-01-02T12:00:00+01:00,142.27
2023-01-02T15:00:00+01:00,142.27
2023-01-02T18:00:00+01:00,142.27
2023-01-02T21:00:00+01:00,142.27
2023-01-03T02:01:00+01:00,142.27
2023-01-03T03:00:00+01:00,142.27
2023-01-03T06:00:00+01:00,142.27
2023-01-03T09:00:00+01:00,142.27
2023-01-03T12:00:00+01:00,142.27
2023-01-03T15:00:00+01:00,142.27
2023-01-03T18:00:00+01:00,142.27
2023-01-03T21:00:00+01:00,142.27
2023-01-04T02:01:00+01:00,142.27
2023-01-04T03:00:00+01:00,142.27
2023-01-04T06:00:00+01:00,142.27
2023-01-04T09:00:00+01:00,142.27
2023-01-04T12:00:00+01:00,142.27
2023-01-04T15:00:00+01:00,142.27
2023-01-04T18:00:00+01:00,142.27
2023-01-04T21:00:00+01:00,142.27
2023-01-05T02:01:00+01:00,142.27
2023-01-05T03:00:00+01:00,142.27
2023-01-05T06:00:00+01:00,142.27
2023-01-05T09:00:00+01:00,142.27
2023-01-05T12:00:00+01:00,142.27
2023-01-05T15:00:00+01:00,142.27
2023-01-05T18:00:00+01:00,142.27
2023-01-05T21:00:00+01:00,142.27
2023-01-06T02:01:00+01:00,142.27
2023-01-06T03:00:00+01:00,142.27
2023-01-06T06:00:00+01:00,142.27
2023-01-06T09:00:00+01:00,142.27
2023-01-06T12:00:00+01:00,142.27
2023-01-06T15:00:00+01:00,142.27
2023-01-06T18:00:00+01:00,142.27
2023-01-06T21:00:00+01:00,142.27
2023-01-07T02:01:00+01:00,142.27
2023-01-07T03:00:00+01:00,142.27
2023-01-07T06:00:00+01:00,142.27
2023-01-07T09:00:00+01:00,142.27
2023-01-07T12:00:00+01:00,142.27
2023-01-07T15:00:00+01:00,142.27
2023-01-07T18:00:00+01:00,142.27
2023-01-07T21:00:00+01:00,142.27
2023-01-08T02:01:00+01:00,142.27
2023-01-08T03:00:00+01:00,142.27
2023-01-08T06:00:00+01:00,142.27
2023-01-08T09:00:00+01:00,142.27
2023-01-08T12:00:00+01:00,142.27
2023-01-08T15:00:00+01:00,142.27
2023-01-08T18:00:00+01:00,142.27
2023-01-08T21:00:00+01:00,142.27
2023-01-09T02:01:00+01:00,142.27
2023-01-09T03:00:00+01:00,142.27
2023-01-09T06:00:00+01:00,142.27
2023-01-09T09:00:00+01:00,142.27
2023-01-09T12:00:00+01:00,142.27
2023-01-09T15:00:00+01:00,142.27
2023-01-09T18:00:00+01:00,142.27
2023-01-09T21:00:00+01:00,142.27
2023-01-10T02:01:00+01:00,142.27
2023-01-10T03:00:00+01:00,142.27
2023-01-10T06:00:00+01:00,142.27
2023-01-10T09:00:00+01:00,142.27
2023-01-10T12:00:00+01:00,142.27
2023-01-10T15:00:00+01:00,142.27
2023-01-10T18:00:00+01:00,142.27
2023-01-10T21:00:00+01:00,142.27
2023-01-11T02:01:00+01:00,142.27
2023-01-11T03:00:00+01:00,142.27
2023-01-11T06:00:00+01:00,142.27
2023-01-11T09:00:00+01:00,142.27
2023-01-11T12:00:00+01:00,142.27
2023-01-11T15:00:00+01:00,142.27
2023-01-11T18:00:00+01:00,142.27
2023-01-11T21:00:00+01:00,142.27
2023-01-12T02:01:00+01:00,142.27
2023-01-12T03:00:00+01:00,142.27
2023-01-12T06:00:00+01:00,142.27
2023-01-12T09:00:00+01:00,142.27
2023-01-12T12:00:00+01:00,142.27
2023-01-12T15:00:00+01:00,142.27
2023-01-12T18:00:00+01:00,142.27
2023-01-12T21:00:00+01:00,142.27
2023-01-13T02:01:00+01:00,142.27
2023-01-13T03:00:00+01:00,142.27
2023-01-13T06:00:00+01:00,142.27
2023-01-13T09:00:00+01:00,142.27
2023-01-13T12:00:00+01:00,142.27
2023-01-13T15:00:00+01:00,142.27
2023-01-13T18:00:00+01:00,142.27
2023-01-13T21:00:00+01:00,142.27
2023-01-14T02:01:00+01:00,142.27
2023-01-14T03:00:00+01:00,142.27
2023-01-14T06:00:00+01:00,142.27
2023-01-14T09:00:00+01:00,142.27
2023-01-14T12:00:00+01:00,142.27
2023-01-14T15:00:00+01:00,142.27
2023-01-14T18:00:00+01:00,142.27
2023-01-14T21:00:00+01:00,142.27
2023-01-15T02:01:00+01:00,142.27
2023-01-15T03:00:00+01:00,142.27
2023-01-15T06:00:00+01:00,142.27
2023-01-15T09:00:00+01:00,142.27
2023-01-15T12:00:00+01:00,142.27
2023-01-15T15:00:00+01:00,142.27
2023-01-15T18:00:00+01:00,142.27
2023-01-15T21:00:00+01:00,142.27
2023-01-16T02:01:00+01:00,142.27
2023-01-16T03:00:00+01:00,142.27
2023-01-16T06:00:00+01:00,142.27
2023-01-16T09:00:00+01:00,142.27
2023-01-16T12:00:00+01:00,142.27
2023-01-16T15:00:00+01:00,142.27
2023-01-16T18:00:00+01:00,142.27
2023-01-16T21:00:00+01:00,142.27
2023-01-17T02:01:00+01:00,142.27
2023-01-17T03:00:00+01:00,142.27
2023-01-17T06:00:00+01:00,142.27
2023-01-17T09:00:00+01:00,142.27
2023-01-17T12:00:00+01:00,142.27
2023-01-17T15:00:00+01:00,142.27
2023-01-17T18:00:00+01:00,142.27
2023-01-17T21:00:00+01:00,142.27
2023-01-18T02:01:00+01:00,142.27
2023-01-18T03:00:00+01:00,142.27
2023-01-18T06:00:00+01:00,142.27
2023-01-18T09:00:00+01:00,142.27
2023-01-18T12:00:00+01:00,142.27
2023-01-18T15:00:00+01:00,142.27
2023-01-18T18:00:00+01:00,142.27
2023-01-18T21:00:00+01:00,142.27
2023-01-19T02:01:00+01:00,142.27
2023-01-19T03:00:00+01:00,142.27
2023-01-19T06:00:00+01:00,142.27
2023-01-19T09:00:00+01:00,142.27
2023-01-19T12:00:00+01:00,142.27
2023-01-19T15:00:00+01:00,142.27
2023-01-19T18:00:00+01:00,142.27
2023-01-19T21:00:00+01:00,142.27
2023-01-20T02:01:00+01:00,142.27
2023-01-20T03:00:00+01:00,142.27
2023-01-20T06:00:00+01:00,142.27
2023-01-20T09:00:00+01:00,142.27
2023-01-20T12:00:00+01:00,142.27
2023-01-20T15:00:00+01:00,142.27
2023-01-20T18:00:00+01:00,142.27
2023-01-20T21:00:00+01:00,142.27
2023-01-21T02:01:00+01:00,142.27
2023-01-21T03:00:00+01:00,142.27
2023-01-21T06:00:00+01:00,142.27
2023-01-21T09:00:00+01:00,142.27
2023-01-21T12:00:00+01:00,142.27
2023-01-21T15:00:00+01:00,142.27
2023-01-21T18:00:00+01:00,142.27
2023-01-21T21:00:00+01:00,142.27
2023-01-22T02:01:00+01:00,142.27
2023-01-22T03:00:00+01:00,142.27
2023-01-22T06:00:00+01:00,142.27
2023-01-22T09:00:00+01:00,142.27
2023-01-22T12:00:00+01:00,142.27
2023-01-22T15:00:00+01:00,142.27
2023-01-22T18:00:00+01:00,142.27
2023-01-22T21:00:00+01:00,142.27
2023-01-23T02:01:00+01:00,142.27
2023-01-23T03:00:00+01:00,142.27
2023-01-23T06:00:00+01:00,142.27
2023-01-23T09:00:00+01:00,142.27
2023-01-23T12:00:00+01:00,142.27
2023-01-23T15:00:00+01:00,142.27
2023-01-23T18:00:00+01:00,142.27
2023-01-23T21:00:00+01:00,142.27
2023-01-24T02:01:00+01:00,142.27
2023-01-24T03:00:00+01:00,142.27
2023-01-24T06:00:00+01:00,142.27
2023-01-24T09:00:00+01:00,142.27
2023-01-24T12:00:00+01:00,142.27
2023-01-24T15:00:00+01:00,142.27
2023-01-24T18:00:00+01:00,142.27
2023-01-24T21:00:00+01:00,142.27
2023-01-25T02:01:00+01:00,142.27
2023-01-25T03:00:00+01:00,142.27
2023-01-25T06:00:00+01:00,142.27
2023-01-25T09:00:00+01:00,142.27
2023-01-25T12:00:00+01:00,142.27
2023-01-25T15:00:00+01:00,142.27
2023-01-25T18:00:00+01:00,142.27
2023-01-25T21:00:00+01:00,142.27
2023-01-26T02:01:00+01:00,142.27
2023-01-26T03:00:00+01:00,142.27
2023-01-26T06:00:00+01:00,142.27
2023-01-26T09:00:00+01:00,142.27
2023-01-26T12:00:00+01:00,142.27
2023-01-26T15:00:00+01:00,142.27
2023-01-26T18:00:00+01:00,142.27
2023-01-26T21:00:00+01:00,142.27
2023-01-27T02:01:00+01:00,142.27
2023-01-27T03:00:00+01:00,142.27
2023-01-27T06:00:00+01:00,142.27
2023-01-27T09:00:00+01:00,142.27
2023-01-27T12:00:00+01:00,142.27
2023-01-27T15:00:00+01:00,142.27
2023-01-27T18:00:00+01:00,142.27
2023-01-27T21:00:00+01:00,142.27
2023-01-28T02:01:00+01:00,142.27
2023-01-28T03:00:00+01:00,142.27
2023-01-28T06:00:00+01:00,142.27
2023-01-28T09:00:00+01:00,142.27
2023-01-28T12:00:00+01:00,142.27
2023-01-28T15:00:00+01:00,142.27
2023-01-28T18:00:00+01:00,142.27
2023-01-28T21:00:00+01:00,142.27
2023-01-29T02:01:00+01:00,142.27
2023-01-29T03:00:00+01:00,142.27
2023-01-29T06:00:00+01:00,142.27
2023-01-29T09:00:00+01:00,142.27
2023-01-29T12:00:00+01:00,142.27
2023-01-29T15:00:00+01:00,142.27
2023-01-29T18:00:00+01:00,142.27
2023-01-29T21:00:00+01:00,142.27
2023-01-30T02:01:00+01:00,142.27
2023-01-30T03:00:00+01:00,142.27
2023-01-30T06:00:00+01:00,142.27
2023-01-30T09:00:00+01:00,142.27
2023-01-30T12:00:00+01:00,142.27
2023-01-30T15:00:00+01:00,142.27
2023-01-30T18:00:00+01:00,142.27
2023-01-30T21:00:00+01:00,142.27
2023-01-31T02:01:00+01:00,142.27
2023-01-31T03:00:00+01:00,142.27
2023-01-31T06:00:00+01:00,142.27
2023-01-31T09:00:00+01:00,142.27
2023-01-31T12:00:00+01:00,142.27
2023-01-31T15:00:00+01:00,142.27
2023-01-31T18:00:00+01:00,142.27
2023-01-31T21:00:00+01:00,142.27
2023-02-01T02:01:00+01:00,142.27
2023-02-01T03:00:00+01:00,142.27
2023-02-01T06:00:00+01:00,142.27
2023-02-01T09:00:00+01:00,142.27
2023-02-01T12:00:00+01:00,142.27
2023-02-01T15:00:00+01:00,142.27
2023-02-01T18:00:00+01:00,142.27
2023-02-01T21:00:00+01:00,142.27
2023-02-02T02:01:00+01:00,142.27
2023-02-02T03:00:00+01:00,142.27
2023-02-02T06:00:00+01:00,142.27
2023-02-02T09:00:00+01:00,142.27
2023-02-02T12:00:00+01:00,142.27
2023-02-02T15:00:00+01:00,142.27
2023-02-02T18:00:00+01:00,142.27
2023-02-02T21:00:00+01:00,142.27
2023-02-03T02:01:00+01:00,142.27
2023-02-03T03:00:00+01:00,142.27
2023-02-03T06:00:00+01:00,142.27
2023-02-03T09:00:00+01:00,142.27
2023-02-03T12:00:00+01:00,142.27
2023-02-03T15:00:00+01:00,142.27
2023-02-03T18:00:00+01:00,142.27
2023-02-03T21:00:00+01:00,142.27
2023-02-04T02:01:00+01:00,142.27
2023-02-04T03:00:00+01:00,142.27
2023-02-04T06:00:00+01:00,142.27
2023-02-04T09:00:00+01:00,142.27
2023-02-04T12:00:00+01:00,142.27
2023-02-04T15:00:00+01:00,142.27
2023-02-04T18:00:00+01:00,142.27
2023-02-04T21:00:00+01:00,142.27
2023-02-05T02:01:00+01:00,142.27
2023-02-05T03:00:00+01:00,142.27
2023-02-05T06:00:00+01:00,142.27
2023-02-05T09:00:00+01:00,142.27
2023-02-05T12:00:00+01:00,142.27
2023-02-05T15:00:00+01:00,142.27
2023-02-05T18:00:00+01:00,142.27
2023-02-05T21:00:00+01:00,142.27
2023-02-06T02:01:00+01:00,142.27
2023-02-06T03:00:00+01:00,142.27
2023-02-06T06:00:00+01:00,142.27
2023-02-06T09:00:00+01:00,142.27
2023-02-06T12:00:00+01:00,142.27
2023-02-06T15:00:00+01:00,142.27
2023-02-06T18:00:00+01:00,142.27
2023-02-06T21:00:00+01:00,142.27
2023-02-07T02:01:00+01:00,142.27
2023-02-07T03:00:00+01:00,142.27
2023-02-07T06:00:00+01:00,142.27
2023-02-07T09:00:00+01:00,142.27
2023-02-07T12:00:00+01:00,142.27
2023-02-07T15:00:00+01:00,142.27
2023-02-07T18:00:00+01:00,142.27
2023-02-07T21:00:00+01:00,142.27
2023-02-08T02:01:00+01:00,142.27
2023-02-08T03:00:00+01:00,142.27
2023-02-08T06:00:00+01:00,142.27
2023-02-08T09:00:00+01:00,142.27
2023-02-08T12:00:00+01:00,142.27
2023-02-08T15:00:00+01:00,142.27
2023-02-08T18:00:00+01:00,142.27
2023-02-08T21:00:00+01:00,142.27
2023-02-09T02:01:00+01:00,142.27
2023-02-09T03:00:00+01:00,142.27
2023-02-09T06:00:00+01:00,142.27
2023-02-09T09:00:00+01:00,142.27
2023-02-09T12:00:00+01:00,142.27
2023-02-09T15:00:00+01:00,142.27
2023-02-09T18:00:00+01:00,142.27
2023-02-09T21:00:00+01:00,142.27
2023-02-10T02:01:00+01:00,142.27
2023-02-10T03:00:00+01:00,142.27
2023-02-10T06:00:00+01:00,142.27
2023-02-10T09:00:00+01:00,142.27
2023-02-10T12:00:00+01:00,142.27
2023-02-10T15:00:00+01:00,142.27
2023-02-10T18:00:00+01:00,142.27
2023-02-10T21:00:00+01:00,142.27
2023-02-11T02:01:00+01:00,142.27
2023-02-11T03:00:00+01:00,142.27
2023-02-11T06:00:00+01:00,142.27
2023-02-11T09:00:00+01:00,142.27
2023-02-11T12:00:00+01:00,142.27
2023-02-11T15:00:00+01:00,142.27
2023-02-11T18:00:00+01:00,142.27
2023-02-11T21:00:00+01:00,142.27
2023-02-12T02:01:00+01:00,142.27
2023-02-12T03:00:00+01:00,142.27
2023-02-12T06:00:00+01:00,142.27
2023-02-12T09:00:00+01:00,142.27
2023-02-12T12:00:00+01:00,142.27
2023-02-12T15:00:00+01:00,142.27
2023-02-12T18:00:00+01:00,142.27
2023-02-12T21:00:00+01:00,142.27
2023-02-13T02:01:00+01:00,142.27
2023-02-13T03:00:00+01:00,142.27
2023-02-13T06:00:00+01:00,142.27
2023-02-13T09:00:00+01:00,142.27
2023-02-13T12:00:00+01:00,142.27
2023-02-13T15:00:00+01:00,142.27
2023-02-13T18:00:00+01:00,142.27
2023-02-13T21:00:00+01:00,142.27
2023-02-14T02:01:00+01:00,142.27
2023-02-14T03:00:00+01:00,142.27
2023-02-14T06:00:00+01:00,142.27
2023-02-14T09:00:00+01:00,142.27
2023-02-14T12:00:00+01:00,142.27
2023-02-14T15:00:00+01:00,142.27
2023-02-14T18:00:00+01:00,142.27
2023-02-14T21:00:00+01:00,142.27
2023-02-15T02:01:00+01:00,142.27
2023-02-15T03:00:00+01:00,142.27
2023-02-15T06:00:00+01:00,142.27
2023-02-15T09:00:00+01:00,142.27
2023-02-15T12:00:00+01:00,142.27
2023-02-15T15:00:00+01:00,142.27
2023-02-15T18:00:00+01:00,142.27
2023-02-15T21:00:00+01:00,142.27
2023-02-16T02:01:00+01:00,142.27
2023-02-16T03:00:00+01:00,142.27
2023-02-16T06:00:00+01:00,142.27
2023-02-16T09:00:00+01:00,142.27
2023-02-16T12:00:00+01:00,142.27
2023-02-16T15:00:00+01:00,142.27
2023-02-16T18:00:00+01:00,142.27
2023-02-16T21:00:00+01:00,142.27
2023-02-17T02:01:00+01:00,142.27
2023-02-17T03:00:00+01:00,142.27
2023-02-17T06:00:00+01:00,142.27
2023-02-17T09:00:00+01:00,142.27
2023-02-17T12:00:00+01:00,142.27
2023-02-17T15:00:00+01:00,142.27
2023-02-17T18:00:00+01:00,142.27
2023-02-17T21:00:00+01:00,142.27
2023-02-18T02:01:00+01:00,142.27
2023-02-18T03:00:00+01:00,142.27
2023-02-18T06:00:00+01:00,142.27
2023-02-18T09:00:00+01:00,142.27
2023-02-18T12:00:00+01:00,142.27
2023-02-18T15:00:00+01:00,142.27
2023-02-18T18:00:00+01:00,142.27
2023-02-18T21:00:00+01:00,142.27
2023-02-19T02:01:00+01:00,142.27
2023-02-19T03:00:00+01:00,142.27
2023-02-19T06:00:00+01:00,142.27
2023-02-19T09:00:00+01:00,142.27
2023-02-19T12:00:00+01:00,142.27
2023-02-19T15:00:00+01:00,142.27
2023-02-19T18:00:00+01:00,142.27
2023-02-19T21:00:00+01:00,142.27
2023-02-20T02:01:00+01:00,142.27
2023-02-20T03:00:00+01:00,142.27
2023-02-20T06:00:00+01:00,142.27
2023-02-20T09:00:00+01:00,142.27
2023-02-20T12:00:00+01:00,142.27
2023-02-20T15:00:00+01:00,142.27
2023-02-20T18:00:00+01:00,142.27
2023-02-20T21:00:00+01:00,142.27
2023-02-21T02:01:00+01:00,142.27
2023-02-21T03:00:00+01:00,142.27
2023-02-21T06:00:00+01:00,142.27
2023-02-21T09:00:00+01:00,142.27
2023-02-21T12:00:00+01:00,142.27
2023-02-21T15:00:00+01:00,142.27
2023-02-21T18:00:00+01:00,142.27
2023-02-21T21:00:00+01:00,142.27
2023-02-22T02:01:00+01:00,142.27
2023-02-22T03:00:00+01:00,142.27
2023-02-22T06:00:00+01:00,142.27
2023-02-22T09:00:00+01:00,142.27
2023-02-22T12:00:00+01:00,142.27
2023-02-22T15:00:00+01:00,142.27
2023-02-22T18:00:00+01:00,142.27
2023-02-22T21:00:00+01:00,142.27
2023-02-23T02:01:00+01:00,142.27
2023-02-23T03:00:00+01:00,142.27
2023-02-23T06:00:00+01:00,142.27
2023-02-23T09:00:00+01:00,142.27
2023-02-23T12:00:00+01:00,142.27
2023-02-23T15:00:00+01:00,142.27
2023-02-23T18:00:00+01:00,142.27
2023-02-23T21:00:00+01:00,142.27
2023-02-24T02:01:00+01:00,142.27
2023-02-24T03:00:00+01:00,142.27
2023-02-24T06:00:00+01:00,142.27
2023-02-24T09:00:00+01:00,142.27
2023-02-24T12:00:00+01:00,142.27
2023-02-24T15:00:00+01:00,142.27
2023-02-24T18:00:00+01:00,142.27
2023-02-24T21:00:00+01:00,142.27
2023-02-25T02:01:00+01:00,142.27
2023-02-25T03:00:00+01:00,142.27
2023-02-25T06:00:00+01:00,142.27
2023-02-25T09:00:00+01:00,142.27
2023-02-25T12:00:00+01:00,142.27
2023-02-25T15:00:00+01:00,142.27
2023-02-25T18:00:00+01:00,142.27
2023-02-25T21:00:00+01:00,142.27
2023-02-26T02:01:00+01:00,142.27
2023-02-26T03:00:00+01:00,142.27
2023-02-26T06:00:00+01:00,142.27
2023-02-26T09:00:00+01:00,142.27
2023-02-26T12:00:00+01:00,142.27
2023-02-26T15:00:00+01:00,142.27
2023-02-26T18:00:00+01:00,142.27
2023-02-26T21:00:00+01:00,142.27
2023-02-27T02:01:00+01:00,142.27
2023-02-27T03:00:00+01:00,142.27
2023-02-27T06:00:00+01:00,142.27
2023-02-27T09:00:00+01:00,142.27
2023-02-27T12:00:00+01:00,142.27
2023-02-27T15:00:00+01:00,142.27
2023-02-27T18:00:00+01:00,142.27
2023-02-27T21:00:00+01:00,142.27
2023-02-28T02:01:00+01:00,142.27
2023-02-28T03:00:00+01:00,142.27
2023-02-28T06:00:00+01:00,142.27
2023-02-28T09:00:00+01:00,142.27
2023-02-28T12:00:00+01:00,142.27
2023-02-28T15:00:00+01:00,142.27
2023-02-28T18:00:00+01:00,142.27
2023-02-28T21:00:00+01:00,142.27
2023-03-01T02:01:00+01:00,142.27
2023-03-01T03:00:00+01:00,142.27
2023-03-01T06:00:00+01:00,142.27
2023-03-01T09:00:00+01:00,142.27
2023-03-01T12:00:00+01:00,142.27
2023-03-01T15:00:00+01:00,142.27
2023-03-01T18:00:00+01:00,142.27
2023-03-01T21:00:00+01:00,142.27
2023-03-02T02:01:00+01:00,142.27
2023-03-02T03:00:00+01:00,142.27
2023-03-02T06:00:00+01:00,142.27
2023-03-02T09:00:00+01:00,142.27
2023-03-02T12:00:00+01:00,142.27
2023-03-02T15:00:00+01:00,142.27
2023-03-02T18:00:00+01:00,142.27
2023-03-02T21:00:00+01:00,142.27
2023-03-03T02:01:00+01:00,142.27
2023-03-03T03:00:00+01:00,142.27
2023-03-03T06:00:00+01:00,142.27
2023-03-03T09:00:00+01:00,142.27
2023-03-03T12:00:00+01:00,142.27
2023-03-03T15:00:00+01:00,142.27
2023-03-03T18:00:00+01:00,142.27
2023-03-03T21:00:00+01:00,142.27
2023-03-04T02:01:00+01:00,142.27
2023-03-04T03:00:00+01:00,142.27
2023-03-04T06:00:00+01:00,142.27
2023-03-04T09:00:00+01:00,142.27
2023-03-04T12:00:00+01:00,142.27
2023-03-04T15:00:00+01:00,142.27
2023-03-04T18:00:00+01:00,142.27
2023-03-04T21:00:00+01:00,142.27
2023-03-05T02:01:00+01:00,142.27
2023-03-05T03:00:00+01:00,142.27
2023-03-05T06:00:00+01:00,142.27
2023-03-05T09:00:00+01:00,142.27
2023-03-05T12:00:00+01:00,142.27
2023-03-05T15:00:00+01:00,142.27
2023-03-05T18:00:00+01:00,142.27
2023-03-05T21:00:00+01:00,142.27
2023-03-06T02:01:00+01:00,142.27
2023-03-06T03:00:00+01:00,142.27
2023-03-06T06:00:00+01:00,142.27
2023-03-06T09:00:00+01:00,142.27
2023-03-06T12:00:00+01:00,142.27
2023-03-06T15:00:00+01:00,142.27
2023-03-06T18:00:00+01:00,142.27
2023-03-06T21:00:00+01:00,142.27
2023-03-07T02:01:00+01:00,142.27
2023-03-07T03:00:00+01:00,142.27
2023-03-07T06:00:00+01:00,142.27
2023-03-07T09:00:00+01:00,142.27
2023-03-07T12:00:00+01:00,142.27
2023-03-07T15:00:00+01:00,142.27
2023-03-07T18:00:00+01:00,142.27
2023-03-07T21:00:00+01:00,142.27
2023-03-08T02:01:00+01:00,142.27
2023-03-08T03:00:00+01:00,142.27
2023-03-08T06:00:00+01:00,142.27
2023-03-08T09:00:00+01:00,142.27
2023-03-08T12:00:00+01:00,142.27
2023-03-08T15:00:00+01:00,142.27
2023-03-08T18:00:00+01:00,142.27
2023-03-08T21:00:00+01:00,142.27
2023-03-09T02:01:00+01:00,142.27
2023-03-09T03:00:00+01:00,142.27
2023-03-09T06:00:00+01:00,142.27
2023-03-09T09:00:00+01:00,142.27
2023-03-09T12:00:00+01:00,142.27
2023-03-09T15:00:00+01:00,142.27
2023-03-09T18:00:00+01:00,142.27
2023-03-09T21:00:00+01:00,142.27
2023-03-10T02:01:00+01:00,142.27
2023-03-10T03:00:00+01:00,142.27
2023-03-10T06:00:00+01:00,142.27
2023-03-10T09:00:00+01:00,142.27
2023-03-10T12:00:00+01:00,142.27
2023-03-10T15:00:00+01:00,142.27
2023-03-10T18:00:00+01:00,142.27
2023-03-10T21:00:00+01:00,142.27
2023-03-11T02:01:00+01:00,142.27
2023-03-11T03:00:00+01:00,142.27
2023-03-11T06:00:00+01:00,142.27
2023-03-11T09:00:00+01:00,142.27
2023-03-11T12:00:00+01:00,142.27
2023-03-11T15:00:00+01:00,142.27
2023-03-11T18:00:00+01:00,142.27
2023-03-11T21:00:00+01:00,142.27
2023-03-12T02:01:00+01:00,142.27
2023-03-12T03:00:00+01:00,142.27
2023-03-12T06:00:00+01:00,142.27
2023-03-12T09:00:00+01:00,142.27
2023-03-12T12:00:00+01:00,142.27
2023-03-12T15:00:00+01:00,142.27
2023-03-12T18:00:00+01:00,142.27
2023-03-12T21:00:00+01:00,142.27
2023-03-13T02:01:00+01:00,142.27
2023-03-13T03:00:00+01:00,142.27
2023-03-13T06:00:00+01:00,142.27
2023-03-13T09:00:00+01:00,142.27
2023-03-13T12:00:00+01:00,142.27
2023-03-13T15:00:00+01:00,142.27
2023-03-13T18:00:00+01:00,142.27
2023-03-13T21:00:00+01:00,142.27
2023-03-14T02:01:00+01:00,142.27
2023-03-14T03:00:00+01:00,142.27
2023-03-14T06:00:00+01:00,142.27
2023-03-14T09:00:00+01:00,142.27
2023-03-14T12:00:00+01:00,142.27
2023-03-14T15:00:00+01:00,142.27
2023-03-14T18:00:00+01:00,142.27
2023-03-14T21:00:00+01:00,142.27
2023-03-15T02:01:00+01:00,142.27
2023-03-15T03:00:00+01:00,142.27
2023-03-15T06:00:00+01:00,142.27
2023-03-15T09:00:00+01:00,142.27
2023-03-15T12:00:00+01:00,142.27
2023-03-15T15:00:00+01:00,142.27
2023-03-15T18:00:00+01:00,142.27
2023-03-15T21:00:00+01:00,142.27
2023-03-16T02:01:00+01:00,142.27
2023-03-16T03:00:00+01:00,142.27
2023-03-16T06:00:00+01:00,142.27
2023-03-16T09:00:00+01:00,142.27
2023-03-16T12:00:00+01:00,142.27
2023-03-16T15:00:00+01:00,142.27
2023-03-16T18:00:00+01:00,142.27
2023-03-16T21:00:00+01:00,142.27
2023-03-17T02:01:00+01:00,142.27
2023-03-17T03:00:00+01:00,142.27
2023-03-17T06:00:00+01:00,142.27
2023-03-17T09:00:00+01:00,142.27
2023-03-17T12:00:00+01:00,142.27
2023-03-17T15:00:00+01:00,142.27
2023-03-17T18:00:00+01:00,142.27
2023-03-17T21:00:00+01:00,142.27
2023-03-18T02:01:00+01:00,142.27
2023-03-18T03:00:00+01:00,142.27
2023-03-18T06:00:00+01:00,142.27
2023-03-18T09:00:00+01:00,142.27
2023-03-18T12:00:00+01:00,142.27
2023-03-18T15:00:00+01:00,142.27
2023-03-18T18:00:00+01:00,142.27
2023-03-18T21:00:00+01:00,142.27
2023-03-19T02:01:00+01:00,142.27
2023-03-19T03:00:00+01:00,142.27
2023-03-19T06:00:00+01:00,142.27
2023-03-19T09:00:00+01:00,142.27
2023-03-19T12:00:00+01:00,142.27
2023-03-19T15:00:00+01:00,142.27
2023-03-19T18:00:00+01:00,142.27
2023-03-19T21:00:00+01:00,142.27
2023-03-20T02:01:00+01:00,142.27
2023-03-21T03:00:00+01:00,142.27
2023-03-21T06:00:00+01:00,142.27
2023-03-21T09:00:00+01:00,142.27
2023-03-21T12:00:00+01:00,142.27
2023-03-21T15:00:00+01:00,142.27
2023-03-21T18:00:00+01:00,142.27
2023-03-21T21:00:00+01:00,142.27
2023-03-22T02:01:00+01:00,142.27
2023-03-22T03:00:00+01:00,142.27
2023-03-22T06:00:00+01:00,142.27
2023-03-22T09:00:00+01:00,142.27
2023-03-22T12:00:00+01:00,142.27
2023-03-22T15:00:00+01:00,142.27
2023-03-22T18:00:00+01:00,142.27
2023-03-22T21:00:00+01:00,142.27
2023-03-23T02:01:00+01:00,142.27
2023-03-23T03:00:00+01:00,142.27
2023-03-23T06:00:00+01:00,142.27
2023-03-23T09:00:00+01:00,142.27
2023-03-23T12:00:00+01:00,142.27
2023-03-23T15:00:00+01:00,142.27
2023-03-23T18:00:00+01:00,142.27
2023-03-23T21:00:00+01:00,142.27
2023-03-24T02:01:00+01:00,142.27
2023-03-24T03:00:00+01:00,142.27
2023-03-24T06:00:00+01:00,142.27
2023-03-24T09:00:00+01:00,142.27
2023-03-24T12:00:00+01:00,142.27
2023-03-24T15:00:00+01:00,142.27
2023-03-24T18:00:00+01:00,142.27
2023-03-24T21:00:00+01:00,142.27
2023-03-25T02:01:00+01:00,142.27
2023-03-25T03:00:00+01:00,142.27
2023-03-25T06:00:00+01:00,142.27
2023-03-25T09:00:00+01:00,142.27
2023-03-25T12:00:00+01:00,142.27
2023-03-25T15:00:00+01:00,142.27
2023-03-25T18:00:00+01:00,142.27
2023-03-25T21:00:00+01:00,142.27
2023-03-26T01:01:00+01:00,142.27
2023-03-26T03:00:00+02:00,142.27
2023-03-26T06:00:00+02:00,142.27
2023-03-26T09:00:00+02:00,142.27
2023-03-26T12:00:00+02:00,142.27
2023-03-26T15:00:00+02:00,142.27
2023-03-26T18:00:00+02:00,142.27
2023-03-26T21:00:00+02:00,142.27
2023-03-27T02:01:00+02:00,142.27
2023-03-27T03:00:00+02:00,142.27
2023-03-27T06:00:00+02:00,142.27
2023-03-27T09:00:00+02:00,142.27
2023-03-27T12:00:00+02:00,142.27
2023-03-27T15:00:00+02:00,142.27
2023-03-27T18:00:00+02:00,142.27
2023-03-27T21:00:00+02:00,142.27
2023-03-28T02:01:00+02:00,142.27
2023-03-28T03:00:00+02:00,142.27
2023-03-28T06:00:00+02:00,142.27
2023-03-28T09:00:00+02:00,142.27
2023-03-28T12:00:00+02:00,142.27
2023-03-28T15:00:00+02:00,142.27
2023-03-28T18:00:00+02:00,142.27
2023-03-28T21:00:00+02:00,142.27
2023-03-29T02:01:00+02:00,142.27
2023-03-29T03:00:00+02:00,142.27
2023-03-29T06:00:00+02:00,142.27
2023-03-29T09:00:00+02:00,142.27
2023-03-29T12:00:00+02:00,142.27
2023-03-29T15:00:00+02:00,142.27
2023-03-29T18:00:00+02:00,142.27
2023-03-29T21:00:00+02:00,142.27
2023-03-30T02:01:00+02:00,142.27
2023-03-30T03:00:00+02:00,142.27
2023-03-30T06:00:00+02:00,142.27
2023-03-30T09:00:00+02:00,142.27
2023-03-30T12:00:00+02:00,142.27
2023-03-30T15:00:00+02:00,142.27
2023-03-30T18:00:00+02:00,142.27
2023-03-30T21:00:00+02:00,142.27
2023-03-31T02:01:00+02:00,142.27
2023-03-31T03:00:00+02:00,142.27
2023-03-31T06:00:00+02:00,142.27
2023-03-31T09:00:00+02:00,142.27
2023-03-31T12:00:00+02:00,142.27
2023-03-31T15:00:00+02:00,142.27
2023-03-31T18:00:00+02:00,142.27
2023-03-31T21:00:00+02:00,142.27
2023-04-01T02:01:00+02:00,142.27
2023-04-01T03:00:00+02:00,142.27
2023-04-01T06:00:00+02:00,142.27
2023-04-01T09:00:00+02:00,142.27
2023-04-01T12:00:00+02:00,142.27
2023-04-01T15:00:00+02:00,142.27
2023-04-01T18:00:00+02:00,142.27
2023-04-01T21:00:00+02:00,142.27
2023-04-02T02:01:00+02:00,142.27
2023-04-02T03:00:00+02:00,142.27
2023-04-02T06:00:00+02:00,142.27
2023-04-02T09:00:00+02:00,142.27
2023-04-02T12:00:00+02:00,142.27
2023-04-02T15:00:00+02:00,142.27
2023-04-02T18:00:00+02:00,142.27
2023-04-02T21:00:00+02:00,142.27
2023-04-03T02:01:00+02:00,142.27
2023-04-03T03:00:00+02:00,142.27
2023-04-03T06:00:00+02:00,142.27
2023-04-03T09:00:00+02:00,142.27
2023-04-03T12:00:00+02:00,142.27
2023-04-03T15:00:00+02:00,142.27
2023-04-03T18:00:00+02:00,142.27
2023-04-03T21:00:00+02:00,142.27
2023-04-04T02:01:00+02:00,142.27
2023-04-04T03:00:00+02:00,142.27
2023-04-04T06:00:00+02:00,142.27
2023-04-04T09:00:00+02:00,142.27
2023-04-04T12:00:00+02:00,142.27
2023-04-04T15:00:00+02:00,142.27
2023-04-04T18:00:00+02:00,142.27
2023-04-04T21:00:00+02:00,142.27
2023-04-05T02:01:00+02:00,142.27
2023-04-05T03:00:00+02:00,142.27
2023-04-05T06:00:00+02:00,142.27
2023-04-05T09:00:00+02:00,142.27
2023-04-05T12:00:00+02:00,142.27
2023-04-05T15:00:00+02:00,142.27
2023-04-05T18:00:00+02:00,142.27
2023-04-05T21:00:00+02:00,142.27
2023-04-06T02:01:00+02:00,142.27
2023-04-06T03:00:00+02:00,142.27
2023-04-06T06:00:00+02:00,142.27
2023-04-06T09:00:00+02:00,142.27
2023-04-06T12:00:00+02:00,142.27
2023-04-06T15:00:00+02:00,142.27
2023-04-06T18:00:00+02:00,142.27
2023-04-06T21:00:00+02:00,142.27
2023-04-07T02:01:00+02:00,142.27
2023-04-07T03:00:00+02:00,142.27
2023-04-07T06:00:00+02:00,142.27
2023-04-07T09:00:00+02:00,142.27
2023-04-07T12:00:00+02:00,142.27
2023-04-07T15:00:00+02:00,142.27
2023-04-07T18:00:00+02:00,142.27
2023-04-07T21:00:00+02:00,142.27
2023-04-08T02:01:00+02:00,142.27
2023-04-08T03:00:00+02:00,142.27
2023-04-08T06:00:00+02:00,142.27
2023-04-08T09:00:00+02:00,142.27
2023-04-08T12:00:00+02:00,142.27
2023-04-08T15:00:00+02:00,142.27
2023-04-08T18:00:00+02:00,142.27
2023-04-08T21:00:00+02:00,142.27
2023-04-09T02:01:00+02:00,142.27
2023-04-09T03:00:00+02:00,142.27
2023-04-09T06:00:00+02:00,142.27
2023-04-09T09:00:00+02:00,142.27
2023-04-09T12:00:00+02:00,142.27
2023-04-09T15:00:00+02:00,142.27
2023-04-09T18:00:00+02:00,142.27
2023-04-09T21:00:00+02:00,142.27
2023-04-10T02:01:00+02:00,142.27
2023-04-10T03:00:00+02:00,142.27
2023-04-10T06:00:00+02:00,142.27
2023-04-10T09:00:00+02:00,142.27
2023-04-10T12:00:00+02:00,142.27
2023-04-10T15:00:00+02:00,142.27
2023-04-10T18:00:00+02:00,142.27
2023-04-10T21:00:00+02:00,142.27
2023-04-11T02:01:00+02:00,142.27
2023-04-11T03:00:00+02:00,142.27
2023-04-11T06:00:00+02:00,142.27
2023-04-11T09:00:00+02:00,142.27
2023-04-11T12:00:00+02:00,142.27
2023-04-11T15:00:00+02:00,142.27
2023-04-11T18:00:00+02:00,142.27
2023-04-11T21:00:00+02:00,142.27
2023-04-12T02:01:00+02:00,142.27
2023-04-12T03:00:00+02:00,142.27
2023-04-12T06:00:00+02:00,142.27
2023-04-12T09:00:00+02:00,142.27
2023-04-12T12:00:00+02:00,142.27
2023-04-12T15:00:00+02:00,142.27
2023-04-12T18:00:00+02:00,142.27
2023-04-12T21:00:00+02:00,142.27
2023-04-13T02:01:00+02:00,142.27
2023-04-13T03:00:00+02:00,142.27
2023-04-13T06:00:00+02:00,142.27
2023-04-13T09:00:00+02:00,142.27
2023-04-13T12:00:00+02:00,142.27
2023-04-13T15:00:00+02:00,142.27
2023-04-13T18:00:00+02:00,142.27
2023-04-13T21:00:00+02:00,142.27
2023-04-14T02:01:00+02:00,142.27
2023-04-14T03:00:00+02:00,142.27
2023-04-14T06:00:00+02:00,142.27
2023-04-14T09:00:00+02:00,142.27
2023-04-14T12:00:00+02:00,142.27
2023-04-14T15:00:00+02:00,142.27
2023-04-14T18:00:00+02:00,142.27
2023-04-14T21:00:00+02:00,142.27
2023-04-15T02:01:00+02:00,142.27
2023-04-15T03:00:00+02:00,142.27
2023-04-15T06:00:00+02:00,142.27
2023-04-15T09:00:00+02:00,142.27
2023-04-15T12:00:00+02:00,142.27
2023-04-15T15:00:00+02:00,142.27
2023-04-15T18:00:00+02:00,142.27
2023-04-15T21:00:00+02:00,142.27
2023-04-16T02:01:00+02:00,142.27
2023-04-16T03:00:00+02:00,142.27
2023-04-16T06:00:00+02:00,142.27
2023-04-16T09:00:00+02:00,142.27
2023-04-16T12:00:00+02:00,142.27
2023-04-16T15:00:00+02:00,142.27
2023-04-16T18:00:00+02:00,142.27
2023-04-16T21:00:00+02:00,142.27
2023-04-17T02:01:00+02:00,142.27
2023-04-17T03:00:00+02:00,142.27
2023-04-17T06:00:00+02:00,142.27
2023-04-17T09:00:00+02:00,142.27
2023-04-17T12:00:00+02:00,142.27
2023-04-17T15:00:00+02:00,142.27
2023-04-17T18:00:00+02:00,142.27
2023-04-17T21:00:00+02:00,142.27
2023-04-18T02:01:00+02:00,142.27
2023-04-18T03:00:00+02:00,142.27
2023-04-18T06:00:00+02:00,142.27
2023-04-18T09:00:00+02:00,142.27
2023-04-18T12:00:00+02:00,142.27
2023-04-18T15:00:00+02:00,142.27
2023-04-18T18:00:00+02:00,142.27
2023-04-18T21:00:00+02:00,142.27
2023-04-19T02:01:00+02:00,142.27
2023-04-19T03:00:00+02:00,142.27
2023-04-19T06:00:00+02:00,142.27
2023-04-19T09:00:00+02:00,142.27
2023-04-19T12:00:00+02:00,142.27
2023-04-19T15:00:00+02:00,142.27
2023-04-19T18:00:00+02:00,142.27
2023-04-19T21:00:00+02:00,142.27
2023-04-20T02:01:00+02:00,142.27
2023-04-20T03:00:00+02:00,142.27
2023-04-20T06:00:00+02:00,142.27
2023-04-20T09:00:00+02:00,142.27
2023-04-20T12:00:00+02:00,142.27
2023-04-20T15:00:00+02:00,142.27
2023-04-20T18:00:00+02:00,142.27
2023-04-20T21:00:00+02:00,142.27
2023-04-21T02:01:00+02:00,142.27
2023-04-21T03:00:00+02:00,142.27
2023-04-21T06:00:00+02:00,142.27
2023-04-21T09:00:00+02:00,142.27
2023-04-21T12:00:00+02:00,142.27
2023-04-21T15:00:00+02:00,142.27
2023-04-21T18:00:00+02:00,142.27
2023-04-21T21:00:00+02:00,142.27
2023-04-22T02:01:00+02:00,142.27
2023-04-22T03:00:00+02:00,142.27
2023-04-22T06:00:00+02:00,142.27
2023-04-22T09:00:00+02:00,142.27
2023-04-22T12:00:00+02:00,142.27
2023-04-22T15:00:00+02:00,142.27
2023-04-22T18:00:00+02:00,142.27
2023-04-22T21:00:00+02:00,142.27
2023-04-23T02:01:00+02:00,142.27
2023-04-23T03:00:00+02:00,142.27
2023-04-23T06:00:00+02:00,142.27
2023-04-23T09:00:00+02:00,142.27
2023-04-23T12:00:00+02:00,142.27
2023-04-23T15:00:00+02:00,142.27
2023-04-23T18:00:00+02:00,142.27
2023-04-23T21:00:00+02:00,142.27
2023-04-24T02:01:00+02:00,142.27
2023-04-24T03:00:00+02:00,142.27
2023-04-24T06:00:00+02:00,142.27
2023-04-24T09:00:00+02:00,142.27
2023-04-24T12:00:00+02:00,142.27
2023-04-24T15:00:00+02:00,142.27
2023-04-24T18:00:00+02:00,142.27
2023-04-24T21:00:00+02:00,142.27
2023-04-25T02:01:00+02:00,142.27
2023-04-25T03:00:00+02:00,142.27
2023-04-25T06:00:00+02:00,142.27
2023-04-25T09:00:00+02:00,142.27
2023-04-25T12:00:00+02:00,142.27
2023-04-25T15:00:00+02:00,142.27
2023-04-25T18:00:00+02:00,142.27
2023-04-25T21:00:00+02:00,142.27
2023-04-26T02:01:00+02:00,142.27
2023-04-26T03:00:00+02:00,142.27
2023-04-26T06:00:00+02:00,142.27
2023-04-26T09:00:00+02:00,142.27
2023-04-26T12:00:00+02:00,142.27
2023-04-26T15:00:00+02:00,142.27
2023-04-26T18:00:00+02:00,142.27
2023-04-26T21:00:00+02:00,142.27
2023-04-27T02:01:00+02:00,142.27
2023-04-27T03:00:00+02:00,142.27
2023-04-27T06:00:00+02:00,142.27
2023-04-27T09:00:00+02:00,142.27
2023-04-27T12:00:00+02:00,142.27
2023-04-27T15:00:00+02:00,142.27
2023-04-27T18:00:00+02:00,142.27
2023-04-27T21:00:00+02:00,142.27
2023-04-28T02:01:00+02:00,142.27
2023-04-28T03:00:00+02:00,142.27
2023-04-28T06:00:00+02:00,142.27
2023-04-28T09:00:00+02:00,142.27
2023-04-28T12:00:00+02:00,142.27
2023-04-28T15:00:00+02:00,142.27
2023-04-28T18:00:00+02:00,142.27
2023-04-28T21:00:00+02:00,142.27
2023-04-29T02:01:00+02:00,142.27
2023-04-29T03:00:00+02:00,142.27
2023-04-29T06:00:00+02:00,142.27
2023-04-29T09:00:00+02:00,142.27
2023-04-29T12:00:00+02:00,142.27
2023-04-29T15:00:00+02:00,142.27
2023-04-29T18:00:00+02:00,142.27
2023-04-29T21:00:00+02:00,142.27
2023-04-30T02:01:00+02:00,142.27
2023-04-30T03:00:00+02:00,142.27
2023-04-30T06:00:00+02:00,142.27
2023-04-30T09:00:00+02:00,142.27
2023-04-30T12:00:00+02:00,142.27
2023-04-30T15:00:00+02:00,142.27
2023-04-30T18:00:00+02:00,142.27
2023-04-30T21:00:00+02:00,142.27
2023-05-01T02:01:00+02:00,142.27
2023-05-01T03:00:00+02:00,142.27
2023-05-01T06:00:00+02:00,142.27
2023-05-01T09:00:00+02:00,142.27
2023-05-01T12:00:00+02:00,142.27
2023-05-01T15:00:00+02:00,142.27
2023-05-01T18:00:00+02:00,142.27
2023-05-01T21:00:00+02:00,142.27
2023-05-02T02:01:00+02:00,142.27
2023-05-02T03:00:00+02:00,142.27
2023-05-02T06:00:00+02:00,142.27
2023-05-02T09:00:00+02:00,142.27
2023-05-02T12:00:00+02:00,142.27
2023-05-02T15:00:00+02:00,142.27
2023-05-02T18:00:00+02:00,142.27
2023-05-02T21:00:00+02:00,142.27
2023-05-03T02:01:00+02:00,142.27
2023-05-03T03:00:00+02:00,142.27
2023-05-03T06:00:00+02:00,142.27
2023-05-03T09:00:00+02:00,142.27
2023-05-03T12:00:00+02:00,142.27
2023-05-03T15:00:00+02:00,142.27
2023-05-03T18:00:00+02:00,142.27
2023-05-03T21:00:00+02:00,142.27
2023-05-04T02:01:00+02:00,142.27
2023-05-04T03:00:00+02:00,142.27
2023-05-04T06:00:00+02:00,142.27
2023-05-04T09:00:00+02:00,142.27
2023-05-04T12:00:00+02:00,142.27
2023-05-04T15:00:00+02:00,142.27
2023-05-04T18:00:00+02:00,142.27
2023-05-04T21:00:00+02:00,142.27
2023-05-05T02:01:00+02:00,142.27
2023-05-05T03:00:00+02:00,142.27
2023-05-05T06:00:00+02:00,142.27
2023-05-05T09:00:00+02:00,142.27
2023-05-05T12:00:00+02:00,142.27
2023-05-05T15:00:00+02:00,142.27
2023-05-05T18:00:00+02:00,142.27
2023-05-05T21:00:00+02:00,142.27
2023-05-06T02:01:00+02:00,142.27
2023-05-06T03:00:00+02:00,142.27
2023-05-06T06:00:00+02:00,142.27
2023-05-06T09:00:00+02:00,142.27
2023-05-06T12:00:00+02:00,142.27
2023-05-06T15:00:00+02:00,142.27
2023-05-06T18:00:00+02:00,142.27
2023-05-06T21:00:00+02:00,142.27
2023-05-07T02:01:00+02:00,142.27
2023-05-07T03:00:00+02:00,142.27
2023-05-07T06:00:00+02:00,142.27
2023-05-07T09:00:00+02:00,142.27
2023-05-07T12:00:00+02:00,142.27
2023-05-07T15:00:00+02:00,142.27
2023-05-07T18:00:00+02:00,142.27
2023-05-07T21:00:00+02:00,142.27
2023-05-08T02:01:00+02:00,142.27
2023-05-08T03:00:00+02:00,142.27
2023-05-08T06:00:00+02:00,142.27
2023-05-08T09:00:00+02:00,142.27
2023-05-08T12:00:00+02:00,142.27
2023-05-08T15:00:00+02:00,142.27
2023-05-08T18:00:00+02:00,142.27
2023-05-08T21:00:00+02:00,142.27
2023-05-09T02:01:00+02:00,142.27
2023-05-09T03:00:00+02:00,142.27
2023-05-09T06:00:00+02:00,142.27
2023-05-09T09:00:00+02:00,142.27
2023-05-09T12:00:00+02:00,142.27
2023-05-09T15:00:00+02:00,142.27
2023-05-09T18:00:00+02:00,142.27
2023-05-09T21:00:00+02:00,142.27
2023-05-10T02:01:00+02:00,142.27
2023-05-10T03:00:00+02:00,142.27
2023-05-10T06:00:00+02:00,142.27
2023-05-10T09:00:00+02:00,142.27
2023-05-10T12:00:00+02:00,142.27
2023-05-10T15:00:00+02:00,142.27
2023-05-10T18:00:00+02:00,142.27
2023-05-10T21:00:00+02:00,142.27
2023-05-11T02:01:00+02:00,142.27
2023-05-11T03:00:00+02:00,142.27
2023-05-11T06:00:00+02:00,142.27
2023-05-11T09:00:00+02:00,142.27
2023-05-11T12:00:00+02:00,142.27
2023-05-11T15:00:00+02:00,142.27
2023-05-11T18:00:00+02:00,142.27
2023-05-11T21:00:00+02:00,142.27
2023-05-12T02:01:00+02:00,142.27
2023-05-12T03:00:00+02:00,142.27
2023-05-12T06:00:00+02:00,142.27
2023-05-12T09:00:00+02:00,142.27
2023-05-12T12:00:00+02:00,142.27
2023-05-12T15:00:00+02:00,142.27
2023-05-12T18:00:00+02:00,142.27
2023-05-12T21:00:00+02:00,142.27
2023-05-13T02:01:00+02:00,142.27
2023-05-13T03:00:00+02:00,142.27
2023-05-13T06:00:00+02:00,142.27
2023-05-13T09:00:00+02:00,142.27
2023-05-13T12:00:00+02:00,142.27
2023-05-13T15:00:00+02:00,142.27
2023-05-13T18:00:00+02:00,142.27
2023-05-13T21:00:00+02:00,142.27
2023-05-14T02:01:00+02:00,142.27
2023-05-14T03:00:00+02:00,142.27
2023-05-14T06:00:00+02:00,142.27
2023-05-14T09:00:00+02:00,142.27
2023-05-14T12:00:00+02:00,142.27
2023-05-14T15:00:00+02:00,142.27
2023-05-14T18:00:00+02:00,142.27
2023-05-14T21:00:00+02:00,142.27
2023-05-15T02:01:00+02:00,142.27
2023-05-15T03:00:00+02:00,142.27
2023-05-15T06:00:00+02:00,142.27
2023-05-15T09:00:00+02:00,142.27
2023-05-15T12:00:00+02:00,142.27
2023-05-15T15:00:00+02:00,142.27
2023-05-15T18:00:00+02:00,142.27
2023-05-15T21:00:00+02:00,142.27
2023-05-16T02:01:00+02:00,142.27
2023-05-16T03:00:00+02:00,142.27
2023-05-16T06:00:00+02:00,142.27
2023-05-16T09:00:00+02:00,142.27
2023-05-16T12:00:00+02:00,142.27
2023-05-16T15:00:00+02:00,142.27
2023-05-16T18:00:00+02:00,142.27
2023-05-16T21:00:00+02:00,142.27
2023-05-17T02:01:00+02:00,142.27
2023-05-17T03:00:00+02:00,142.27
2023-05-17T06:00:00+02:00,142.27
2023-05-17T09:00:00+02:00,142.27
2023-05-17T12:00:00+02:00,142.27
2023-05-17T15:00:00+02:00,142.27
2023-05-17T18:00:00+02:00,142.27
2023-05-17T21:00:00+02:00,142.27
2023-05-18T02:01:00+02:00,142.27
2023-05-18T03:00:00+02:00,142.27
2023-05-18T06:00:00+02:00,142.27
2023-05-18T09:00:00+02:00,142.27
2023-05-18T12:00:00+02:00,142.27
2023-05-18T15:00:00+02:00,142.27
2023-05-18T18:00:00+02:00,142.27
2023-05-18T21:00:00+02:00,142.27
2023-05-19T02:01:00+02:00,142.27
2023-05-19T03:00:00+02:00,142.27
2023-05-19T06:00:00+02:00,142.27
2023-05-19T09:00:00+02:00,142.27
2023-05-19T12:00:00+02:00,142.27
2023-05-19T15:00:00+02:00,142.27
2023-05-19T18:00:00+02:00,142.27
2023-05-19T21:00:00+02:00,142.27
2023-05-20T02:01:00+02:00,142.27
2023-05-20T03:00:00+02:00,142.27
2023-05-20T06:00:00+02:00,142.27
2023-05-20T09:00:00+02:00,142.27
2023-05-20T12:00:00+02:00,142.27
2023-05-20T15:00:00+02:00,142.27
2023-05-20T18:00:00+02:00,142.27
2023-05-20T21:00:00+02:00,142.27
2023-05-21T02:01:00+02:00,142.27
2023-05-21T03:00:00+02:00,142.27
2023-05-21T06:00:00+02:00,142.27
2023-05-21T09:00:00+02:00,142.27
2023-05-21T12:00:00+02:00,142.27
2023-05-21T15:00:00+02:00,142.27
2023-05-21T18:00:00+02:00,142.27
2023-05-21T21:00:00+02:00,142.27
2023-05-22T02:01:00+02:00,142.27
2023-05-22T03:00:00+02:00,142.27
2023-05-22T06:00:00+02:00,142.27
2023-05-22T09:00:00+02:00,142.27
2023-05-22T12:00:00+02:00,142.27
2023-05-22T15:00:00+02:00,142.27
2023-05-22T18:00:00+02:00,142.27
2023-05-22T21:00:00+02:00,142.27
2023-05-23T02:01:00+02:00,142.27
2023-05-23T03:00:00+02:00,142.27
2023-05-23T06:00:00+02:00,142.27
2023-05-23T09:00:00+02:00,142.27
2023-05-23T12:00:00+02:00,142.27
2023-05-23T15:00:00+02:00,142.27
2023-05-23T18:00:00+02:00,142.27
2023-05-23T21:00:00+02:00,142.27
2023-05-24T02:01:00+02:00,142.27
2023-05-24T03:00:00+02:00,142.27
2023-05-24T06:00:00+02:00,142.27
2023-05-24T09:00:00+02:00,142.27
2023-05-24T12:00:00+02:00,142.27
2023-05-24T15:00:00+02:00,142.27
2023-05-24T18:00:00+02:00,142.27
2023-05-24T21:00:00+02:00,142.27
2023-05-25T02:01:00+02:00,142.27
2023-05-25T03:00:00+02:00,142.27
2023-05-25T06:00:00+02:00,142.27
2023-05-25T09:00:00+02:00,142.27
2023-05-25T12:00:00+02:00,142.27
2023-05-25T15:00:00+02:00,142.27
2023-05-25T18:00:00+02:00,142.27
2023-05-25T21:00:00+02:00,142.27
2023-05-26T02:01:00+02:00,142.27
2023-05-26T03:00:00+02:00,142.27
2023-05-26T06:00:00+02:00,142.27
2023-05-26T09:00:00+02:00,142.27
2023-05-26T12:00:00+02:00,142.27
2023-05-26T15:00:00+02:00,142.27
2023-05-26T18:00:00+02:00,142.27
2023-05-26T21:00:00+02:00,142.27
2023-05-27T02:01:00+02:00,142.27
2023-05-27T03:00:00+02:00,142.27
2023-05-27T06:00:00+02:00,142.27
2023-05-27T09:00:00+02:00,142.27
2023-05-27T12:00:00+02:00,142.27
2023-05-27T15:00:00+02:00,142.27
2023-05-27T18:00:00+02:00,142.27
2023-05-27T21:00:00+02:00,142.27
2023-05-28T02:01:00+02:00,142.27
2023-05-28T03:00:00+02:00,142.27
2023-05-28T06:00:00+02:00,142.27
2023-05-28T09:00:00+02:00,142.27
2023-05-28T12:00:00+02:00,142.27
2023-05-28T15:00:00+02:00,142.27
2023-05-28T18:00:00+02:00,142.27
2023-05-28T21:00:00+02:00,142.27
2023-05-29T02:01:00+02:00,142.27
2023-05-29T03:00:00+02:00,142.27
2023-05-29T06:00:00+02:00,142.27
2023-05-29T09:00:00+02:00,142.27
2023-05-29T12:00:00+02:00,142.27
2023-05-29T15:00:00+02:00,142.27
2023-05-29T18:00:00+02:00,142.27
2023-05-29T21:00:00+02:00,142.27
2023-05-30T02:01:00+02:00,142.27
2023-05-30T03:00:00+02:00,142.27
2023-05-30T06:00:00+02:00,142.27
2023-05-30T09:00:00+02:00,142.27
2023-05-30T12:00:00+02:00,142.27
2023-05-30T15:00:00+02:00,142.27
2023-05-30T18:00:00+02:00,142.27
2023-05-30T21:00:00+02:00,142.27
2023-05-31T02:01:00+02:00,142.27
2023-05-31T03:00:00+02:00,142.27
2023-05-31T06:00:00+02:00,142.27
2023-05-31T09:00:00+02:00,142.27
2023-05-31T12:00:00+02:00,142.27
2023-05-31T15:00:00+02:00,142.27
2023-05-31T18:00:00+02:00,142.27
2023-05-31T21:00:00+02:00,142.27
2023-06-01T02:01:00+02:00,142.27
2023-06-01T03:00:00+02:00,142.27
2023-06-01T06:00:00+02:00,142.27
2023-06-01T09:00:00+02:00,142.27
2023-06-01T12:00:00+02:00,142.27
2023-06-01T15:00:00+02:00,142.27
2023-06-01T18:00:00+02:00,142.27
2023-06-01T21:00:00+02:00,142.27
2023-06-02T02:01:00+02:00,142.27
2023-06-02T03:00:00+02:00,142.27
2023-06-02T06:00:00+02:00,142.27
2023-06-02T09:00:00+02:00,142.27
2023-06-02T12:00:00+02:00,142.27
2023-06-02T15:00:00+02:00,142.27
2023-06-02T18:00:00+02:00,142.27
2023-06-02T21:00:00+02:00,142.27
2023-06-03T02:01:00+02:00,142.27
2023-06-03T03:00:00+02:00,142.27
2023-06-03T06:00:00+02:00,142.27
2023-06-03T09:00:00+02:00,142.27
2023-06-03T12:00:00+02:00,142.27
2023-06-03T15:00:00+02:00,142.27
2023-06-03T18:00:00+02:00,142.27
2023-06-03T21:00:00+02:00,142.27
2023-06-04T02:01:00+02:00,142.27
2023-06-04T03:00:00+02:00,142.27
2023-06-04T06:00:00+02:00,142.27
2023-06-04T09:00:00+02:00,142.27
2023-06-04T12:00:00+02:00,142.27
2023-06-04T15:00:00+02:00,142.27
2023-06-04T18:00:00+02:00,142.27
2023-06-04T21:00:00+02:00,142.27
2023-06-05T02:01:00+02:00,142.27
2023-06-05T03:00:00+02:00,142.27
2023-06-05T06:00:00+02:00,142.27
2023-06-05T09:00:00+02:00,142.27
2023-06-05T12:00:00+02:00,142.27
2023-06-05T15:00:00+02:00,142.27
2023-06-05T18:00:00+02:00,142.27
2023-06-05T21:00:00+02:00,142.27
2023-06-06T02:01:00+02:00,142.27
2023-06-06T03:00:00+02:00,142.27
2023-06-06T06:00:00+02:00,142.27
2023-06-06T09:00:00+02:00,142.27
2023-06-06T12:00:00+02:00,142.27
2023-06-06T15:00:00+02:00,142.27
2023-06-06T18:00:00+02:00,142.27
2023-06-06T21:00:00+02:00,142.27
2023-06-07T02:01:00+02:00,142.27
2023-06-08T03:00:00+02:00,142.27
2023-06-08T06:00:00+02:00,142.27
2023-06-08T09:00:00+02:00,142.27
2023-06-08T12:00:00+02:00,142.27
2023-06-08T15:00:00+02:00,142.27
2023-06-08T18:00:00+02:00,142.27
2023-06-08T21:00:00+02:00,142.27
2023-06-09T02:01:00+02:00,142.27
2023-06-09T03:00:00+02:00,142.27
2023-06-09T06:00:00+02:00,142.27
2023-06-09T09:00:00+02:00,142.27
2023-06-09T12:00:00+02:00,142.27
2023-06-09T15:00:00+02:00,142.27
2023-06-09T18:00:00+02:00,142.27
2023-06-09T21:00:00+02:00,142.27
2023-06-10T02:01:00+02:00,142.27
2023-06-10T03:00:00+02:00,142.27
2023-06-10T06:00:00+02:00,142.27
2023-06-10T09:00:00+02:00,142.27
2023-06-10T12:00:00+02:00,142.27
2023-06-10T15:00:00+02:00,142.27
2023-06-10T18:00:00+02:00,142.27
2023-06-10T21:00:00+02:00,142.27
2023-06-11T02:01:00+02:00,142.27
2023-06-11T03:00:00+02:00,142.27
2023-06-11T06:00:00+02:00,142.27
2023-06-11T09:00:00+02:00,142.27
2023-06-11T12:00:00+02:00,142.27
2023-06-11T15:00:00+02:00,142.27
2023-06-11T18:00:00+02:00,142.27
2023-06-11T21:00:00+02:00,142.27
2023-06-12T02:01:00+02:00,142.27
2023-06-12T03:00:00+02:00,142.27
2023-06-12T06:00:00+02:00,142.27
2023-06-12T09:00:00+02:00,142.27
2023-06-12T12:00:00+02:00,142.27
2023-06-12T15:00:00+02:00,142.27
2023-06-12T18:00:00+02:00,142.27
2023-06-12T21:00:00+02:00,142.27
2023-06-13T02:01:00+02:00,142.27
2023-06-13T03:00:00+02:00,142.27
2023-06-13T06:00:00+02:00,142.27
2023-06-13T09:00:00+02:00,142.27
2023-06-13T12:00:00+02:00,142.27
2023-06-13T15:00:00+02:00,142.27
2023-06-13T18:00:00+02:00,142.27
2023-06-13T21:00:00+02:00,142.27
2023-06-14T02:01:00+02:00,142.27
2023-06-14T03:00:00+02:00,142.27
2023-06-14T06:00:00+02:00,142.27
2023-06-14T09:00:00+02:00,142.27
2023-06-14T12:00:00+02:00,142.27
2023-06-14T15:00:00+02:00,142.27
2023-06-14T18:00:00+02:00,142.27
2023-06-14T21:00:00+02:00,142.27
2023-06-15T02:01:00+02:00,142.27
2023-06-15T03:00:00+02:00,142.27
2023-06-15T06:00:00+02:00,142.27
2023-06-15T09:00:00+02:00,142.27
2023-06-15T12:00:00+02:00,142.27
2023-06-15T15:00:00+02:00,142.27
2023-06-15T18:00:00+02:00,142.27
2023-06-15T21:00:00+02:00,142.27
2023-06-16T02:01:00+02:00,142.27
2023-06-16T03:00:00+02:00,142.27
2023-06-16T06:00:00+02:00,142.27
2023-06-16T09:00:00+02:00,142.27
2023-06-16T12:00:00+02:00,142.27
2023-06-16T15:00:00+02:00,142.27
2023-06-16T18:00:00+02:00,142.27
2023-06-16T21:00:00+02:00,142.27
2023-06-17T02:01:00+02:00,142.27
2023-06-17T03:00:00+02:00,142.27
2023-06-17T06:00:00+02:00,142.27
2023-06-17T09:00:00+02:00,142.27
2023-06-17T12:00:00+02:00,142.27
2023-06-17T15:00:00+02:00,142.27
2023-06-17T18:00:00+02:00,142.27
2023-06-17T21:00:00+02:00,142.27
2023-06-18T02:01:00+02:00,142.27
2023-06-18T03:00:00+02:00,142.27
2023-06-18T06:00:00+02:00,142.27
2023-06-18T09:00:00+02:00,142.27
2023-06-18T12:00:00+02:00,142.27
2023-06-18T15:00:00+02:00,142.27
2023-06-18T18:00:00+02:00,142.27
2023-06-18T21:00:00+02:00,142.27
2023-06-19T02:01:00+02:00,142.27
2023-06-19T03:00:00+02:00,142.27
2023-06-19T06:00:00+02:00,142.27
2023-06-19T09:00:00+02:00,142.27
2023-06-19T12:00:00+02:00,142.27
2023-06-19T15:00:00+02:00,142.27
2023-06-19T18:00:00+02:00,142.27
2023-06-19T21:00:00+02:00,142.27
2023-06-20T02:01:00+02:00,142.27
2023-06-20T03:00:00+02:00,142.27
2023-06-20T06:00:00+02:00,142.27
2023-06-20T09:00:00+02:00,142.27
2023-06-20T12:00:00+02:00,142.27
2023-06-20T15:00:00+02:00,142.27
2023-06-20T18:00:00+02:00,142.27
2023-06-20T21:00:00+02:00,142.27
2023-06-21T02:01:00+02:00,142.27
2023-06-21T03:00:00+02:00,142.27
2023-06-21T06:00:00+02:00,142.27
2023-06-21T09:00:00+02:00,142.27
2023-06-21T12:00:00+02:00,142.27
2023-06-21T15:00:00+02:00,142.27
2023-06-21T18:00:00+02:00,142.27
2023-06-21T21:00:00+02:00,142.27
2023-06-22T02:01:00+02:00,142.27
2023-06-22T03:00:00+02:00,142.27
2023-06-22T06:00:00+02:00,142.27
2023-06-22T09:00:00+02:00,142.27
2023-06-22T12:00:00+02:00,142.27
2023-06-22T15:00:00+02:00,142.27
2023-06-22T18:00:00+02:00,142.27
2023-06-22T21:00:00+02:00,142.27
2023-06-23T02:01:00+02:00,142.27
2023-06-23T03:00:00+02:00,142.27
2023-06-23T06:00:00+02:00,142.27
2023-06-23T09:00:00+02:00,142.27
2023-06-23T12:00:00+02:00,142.27
2023-06-23T15:00:00+02:00,142.27
2023-06-23T18:00:00+02:00,142.27
2023-06-23T21:00:00+02:00,142.27
2023-06-24T02:01:00+02:00,142.27
2023-06-24T03:00:00+02:00,142.27
2023-06-24T06:00:00+02:00,142.27
2023-06-24T09:00:00+02:00,142.27
2023-06-24T12:00:00+02:00,142.27
2023-06-24T15:00:00+02:00,142.27
2023-06-24T18:00:00+02:00,142.27
2023-06-24T21:00:00+02:00,142.27
2023-06-25T02:01:00+02:00,142.27
2023-06-25T03:00:00+02:00,142.27
2023-06-25T06:00:00+02:00,142.27
2023-06-25T09:00:00+02:00,142.27
2023-06-25T12:00:00+02:00,142.27
2023-06-25T15:00:00+02:00,142.27
2023-06-25T18:00:00+02:00,142.27
2023-06-25T21:00:00+02:00,142.27
2023-06-26T02:01:00+02:00,142.27
2023-06-26T03:00:00+02:00,142.27
2023-06-26T06:00:00+02:00,142.27
2023-06-26T09:00:00+02:00,142.27
2023-06-26T12:00:00+02:00,142.27
2023-06-26T15:00:00+02:00,142.27
2023-06-26T18:00:00+02:00,142.27
2023-06-26T21:00:00+02:00,142.27
2023-06-27T02:01:00+02:00,142.27
2023-06-27T03:00:00+02:00,142.27
2023-06-27T06:00:00+02:00,142.27
2023-06-27T09:00:00+02:00,142.27
2023-06-27T12:00:00+02:00,142.27
2023-06-27T15:00:00+02:00,142.27
2023-06-27T18:00:00+02:00,142.27
2023-06-27T21:00:00+02:00,142.27
2023-06-28T02:01:00+02:00,142.27
2023-06-28T03:00:00+02:00,142.27
2023-06-28T06:00:00+02:00,142.27
2023-06-28T09:00:00+02:00,142.27
2023-06-28T12:00:00+02:00,142.27
2023-06-28T15:00:00+02:00,142.27
2023-06-28T18:00:00+02:00,142.27
2023-06-28T21:00:00+02:00,142.27
2023-06-29T02:01:00+02:00,142.27
2023-06-29T03:00:00+02:00,142.27
2023-06-29T06:00:00+02:00,142.27
2023-06-29T09:00:00+02:00,142.27
2023-06-29T12:00:00+02:00,142.27
2023-06-29T15:00:00+02:00,142.27
2023-06-29T18:00:00+02:00,142.27
2023-06-29T21:00:00+02:00,142.27
2023-06-30T02:01:00+02:00,142.27
2023-06-30T03:00:00+02:00,142.27
2023-06-30T06:00:00+02:00,142.27
2023-06-30T09:00:00+02:00,142.27
2023-06-30T12:00:00+02:00,142.27
2023-06-30T15:00:00+02:00,142.27
2023-06-30T18:00:00+02:00,142.27
2023-06-30T21:00:00+02:00,142.27
2023-07-01T02:01:00+02:00,142.27
2023-07-01T03:00:00+02:00,142.27
2023-07-01T06:00:00+02:00,142.27
2023-07-01T09:00:00+02:00,142.27
2023-07-01T12:00:00+02:00,142.27
2023-07-01T15:00:00+02:00,142.27
2023-07-01T18:00:00+02:00,142.27
2023-07-01T21:00:00+02:00,142.27
2023-07-02T02:01:00+02:00,142.27
2023-07-02T03:00:00+02:00,142.27
2023-07-02T06:00:00+02:00,142.27
2023-07-02T09:00:00+02:00,142.27
2023-07-02T12:00:00+02:00,142.27
2023-07-02T15:00:00+02:00,142.27
2023-07-02T18:00:00+02:00,142.27
2023-07-02T21:00:00+02:00,142.27
2023-07-03T02:01:00+02:00,142.27
2023-07-03T03:00:00+02:00,142.27
2023-07-03T06:00:00+02:00,142.27
2023-07-03T09:00:00+02:00,142.27
2023-07-03T12:00:00+02:00,142.27
2023-07-03T15:00:00+02:00,142.27
2023-07-03T18:00:00+02:00,142.27
2023-07-03T21:00:00+02:00,142.27
2023-07-04T02:01:00+02:00,142.27
2023-07-04T03:00:00+02:00,142.27
2023-07-04T06:00:00+02:00,142.27
2023-07-04T09:00:00+02:00,142.27
2023-07-04T12:00:00+02:00,142.27
2023-07-04T15:00:00+02:00,142.27
2023-07-04T18:00:00+02:00,142.27
2023-07-04T21:00:00+02:00,142.27
2023-07-05T02:01:00+02:00,142.27
2023-07-05T03:00:00+02:00,142.27
2023-07-05T06:00:00+02:00,142.27
2023-07-05T09:00:00+02:00,142.27
2023-07-05T12:00:00+02:00,142.27
2023-07-05T15:00:00+02:00,142.27
2023-07-05T18:00:00+02:00,142.27
2023-07-05T21:00:00+02:00,142.27
2023-07-06T02:01:00+02:00,142.27
2023-07-06T03:00:00+02:00,142.27
2023-07-06T06:00:00+02:00,142.27
2023-07-06T09:00:00+02:00,142.27
2023-07-06T12:00:00+02:00,142.27
2023-07-06T15:00:00+02:00,142.27
2023-07-06T18:00:00+02:00,142.27
2023-07-06T21:00:00+02:00,142.27
2023-07-07T02:01:00+02:00,142.27
2023-07-07T03:00:00+02:00,142.27
2023-07-07T06:00:00+02:00,142.27
2023-07-07T09:00:00+02:00,142.27
2023-07-07T12:00:00+02:00,142.27
2023-07-07T15:00:00+02:00,142.27
2023-07-07T18:00:00+02:00,142.27
2023-07-07T21:00:00+02:00,142.27
2023-07-08T02:01:00+02:00,142.27
2023-07-08T03:00:00+02:00,142.27
2023-07-08T06:00:00+02:00,142.27
2023-07-08T09:00:00+02:00,142.27
2023-07-08T12:00:00+02:00,142.27
2023-07-08T15:00:00+02:00,142.27
2023-07-08T18:00:00+02:00,142.27
2023-07-08T21:00:00+02:00,142.27
2023-07-09T02:01:00+02:00,142.27
2023-07-09T03:00:00+02:00,142.27
2023-07-09T06:00:00+02:00,142.27
2023-07-09T09:00:00+02:00,142.27
2023-07-09T12:00:00+02:00,142.27
2023-07-09T15:00:00+02:00,142.27
2023-07-09T18:00:00+02:00,142.27
2023-07-09T21:00:00+02:00,142.27
2023-07-10T02:01:00+02:00,142.27
2023-07-10T03:00:00+02:00,142.27
2023-07-10T06:00:00+02:00,142.27
2023-07-10T09:00:00+02:00,142.27
2023-07-10T12:00:00+02:00,142.27
2023-07-10T15:00:00+02:00,142.27
2023-07-10T18:00:00+02:00,142.27
2023-07-10T21:00:00+02:00,142.27
2023-07-11T02:01:00+02:00,142.27
2023-07-11T03:00:00+02:00,142.27
2023-07-11T06:00:00+02:00,142.27
2023-07-11T09:00:00+02:00,142.27
2023-07-11T12:00:00+02:00,142.27
2023-07-11T15:00:00+02:00,142.27
2023-07-11T18:00:00+02:00,142.27
2023-07-11T21:00:00+02:00,142.27
2023-07-12T02:01:00+02:00,142.27
2023-07-12T03:00:00+02:00,142.27
2023-07-12T06:00:00+02:00,142.27
2023-07-12T09:00:00+02:00,142.27
2023-07-12T12:00:00+02:00,142.27
2023-07-12T15:00:00+02:00,142.27
2023-07-12T18:00:00+02:00,142.27
2023-07-12T21:00:00+02:00,142.27
2023-07-13T02:01:00+02:00,142.27
2023-07-13T03:00:00+02:00,142.27
2023-07-13T06:00:00+02:00,142.27
2023-07-13T09:00:00+02:00,142.27
2023-07-13T12:00:00+02:00,142.27
2023-07-13T15:00:00+02:00,142.27
2023-07-13T18:00:00+02:00,142.27
2023-07-13T21:00:00+02:00,142.27
2023-07-14T02:01:00+02:00,142.27
2023-07-14T03:00:00+02:00,142.27
2023-07-14T06:00:00+02:00,142.27
2023-07-14T09:00:00+02:00,142.27
2023-07-14T12:00:00+02:00,142.27
2023-07-14T15:00:00+02:00,142.27
2023-07-14T18:00:00+02:00,142.27
2023-07-14T21:00:00+02:00,142.27
2023-07-15T02:01:00+02:00,142.27
2023-07-15T03:00:00+02:00,142.27
2023-07-15T06:00:00+02:00,142.27
2023-07-15T09:00:00+02:00,142.27
2023-07-15T12:00:00+02:00,142.27
2023-07-15T15:00:00+02:00,142.27
2023-07-15T18:00:00+02:00,142.27
2023-07-15T21:00:00+02:00,142.27
2023-07-16T02:01:00+02:00,142.27
2023-07-16T03:00:00+02:00,142.27
2023-07-16T06:00:00+02:00,142.27
2023-07-16T09:00:00+02:00,142.27
2023-07-16T12:00:00+02:00,142.27
2023-07-16T15:00:00+02:00,142.27
2023-07-16T18:00:00+02:00,142.27
2023-07-16T21:00:00+02:00,142.27
2023-07-17T02:01:00+02:00,142.27
2023-07-17T03:00:00+02:00,142.27
2023-07-17T06:00:00+02:00,142.27
2023-07-17T09:00:00+02:00,142.27
2023-07-17T12:00:00+02:00,142.27
2023-07-17T15:00:00+02:00,142.27
2023-07-17T18:00:00+02:00,142.27
2023-07-17T21:00:00+02:00,142.27
2023-07-18T02:01:00+02:00,142.27
2023-07-18T03:00:00+02:00,142.27
2023-07-18T06:00:00+02:00,142.27
2023-07-18T09:00:00+02:00,142.27
2023-07-18T12:00:00+02:00,142.27
2023-07-18T15:00:00+02:00,142.27
2023-07-18T18:00:00+02:00,142.27
2023-07-18T21:00:00+02:00,142.27
2023-07-19T02:01:00+02:00,142.27
2023-07-19T03:00:00+02:00,142.27
2023-07-19T06:00:00+02:00,142.27
2023-07-19T09:00:00+02:00,142.27
2023-07-19T12:00:00+02:00,142.27
2023-07-19T15:00:00+02:00,142.27
2023-07-19T18:00:00+02:00,142.27
2023-07-19T21:00:00+02:00,142.27
2023-07-20T02:01:00+02:00,142.27
2023-07-20T03:00:00+02:00,142.27
2023-07-20T06:00:00+02:00,142.27
2023-07-20T09:00:00+02:00,142.27
2023-07-20T12:00:00+02:00,142.27
2023-07-20T15:00:00+02:00,142.27
2023-07-20T18:00:00+02:00,142.27
2023-07-20T21:00:00+02:00,142.27
2023-07-21T02:01:00+02:00,142.27
2023-07-21T03:00:00+02:00,142.27
2023-07-21T06:00:00+02:00,142.27
2023-07-21T09:00:00+02:00,142.27
2023-07-21T12:00:00+02:00,142.27
2023-07-21T15:00:00+02:00,142.27
2023-07-21T18:00:00+02:00,142.27
2023-07-21T21:00:00+02:00,142.27
2023-07-22T02:01:00+02:00,142.27
2023-07-22T03:00:00+02:00,142.27
2023-07-22T06:00:00+02:00,142.27
2023-07-22T09:00:00+02:00,142.27
2023-07-22T12:00:00+02:00,142.27
2023-07-22T15:00:00+02:00,142.27
2023-07-22T18:00:00+02:00,142.27
2023-07-22T21:00:00+02:00,142.27
2023-07-23T02:01:00+02:00,142.27
2023-07-23T03:00:00+02:00,142.27
2023-07-23T06:00:00+02:00,142.27
2023-07-23T09:00:00+02:00,142.27
2023-07-23T12:00:00+02:00,142.27
2023-07-23T15:00:00+02:00,142.27
2023-07-23T18:00:00+02:00,142.27
2023-07-23T21:00:00+02:00,142.27
2023-07-24T02:01:00+02:00,142.27
2023-07-24T03:00:00+02:00,142.27
2023-07-24T06:00:00+02:00,142.27
2023-07-24T09:00:00+02:00,142.27
2023-07-24T12:00:00+02:00,142.27
2023-07-24T15:00:00+02:00,142.27
2023-07-24T18:00:00+02:00,142.27
2023-07-24T21:00:00+02:00,142.27
2023-07-25T02:01:00+02:00,142.27
2023-07-25T03:00:00+02:00,142.27
2023-07-25T06:00:00+02:00,142.27
2023-07-25T09:00:00+02:00,142.27
2023-07-25T12:00:00+02:00,142.27
2023-07-25T15:00:00+02:00,142.27
2023-07-25T18:00:00+02:00,142.27
2023-07-25T21:00:00+02:00,142.27
2023-07-26T02:01:00+02:00,142.27
2023-07-26T03:00:00+02:00,142.27
2023-07-26T06:00:00+02:00,142.27
2023-07-26T09:00:00+02:00,142.27
2023-07-26T12:00:00+02:00,142.27
2023-07-26T15:00:00+02:00,142.27
2023-07-26T18:00:00+02:00,142.27
2023-07-26T21:00:00+02:00,142.27
2023-07-27T02:01:00+02:00,142.27
2023-07-27T03:00:00+02:00,142.27
2023-07-27T06:00:00+02:00,142.27
2023-07-27T09:00:00+02:00,142.27
2023-07-27T12:00:00+02:00,142.27
2023-07-27T15:00:00+02:00,142.27
2023-07-27T18:00:00+02:00,142.27
2023-07-27T21:00:00+02:00,142.27
2023-07-28T02:01:00+02:00,142.27
2023-07-28T03:00:00+02:00,142.27
2023-07-28T06:00:00+02:00,142.27
2023-07-28T09:00:00+02:00,142.27
2023-07-28T12:00:00+02:00,142.27
2023-07-28T15:00:00+02:00,142.27
2023-07-28T18:00:00+02:00,142.27
2023-07-28T21:00:00+02:00,142.27
2023-07-29T02:01:00+02:00,142.27
2023-07-29T03:00:00+02:00,142.27
2023-07-29T06:00:00+02:00,142.27
2023-07-29T09:00:00+02:00,142.27
2023-07-29T12:00:00+02:00,142.27
2023-07-29T15:00:00+02:00,142.27
2023-07-29T18:00:00+02:00,142.27
2023-07-29T21:00:00+02:00,142.27
2023-07-30T02:01:00+02:00,142.27
2023-07-30T03:00:00+02:00,142.27
2023-07-30T06:00:00+02:00,142.27
2023-07-30T09:00:00+02:00,142.27
2023-07-30T12:00:00+02:00,142.27
2023-07-30T15:00:00+02:00,142.27
2023-07-30T18:00:00+02:00,142.27
2023-07-30T21:00:00+02:00,142.27
2023-07-31T02:01:00+02:00,142.27
2023-07-31T03:00:00+02:00,142.27
2023-07-31T06:00:00+02:00,142.27
2023-07-31T09:00:00+02:00,142.27
2023-07-31T12:00:00+02:00,142.27
2023-07-31T15:00:00+02:00,142.27
2023-07-31T18:00:00+02:00,142.27
2023-07-31T21:00:00+02:00,142.27
2023-08-01T02:01:00+02:00,142.27
2023-08-01T03:00:00+02:00,142.27
2023-08-01T06:00:00+02:00,142.27
2023-08-01T09:00:00+02:00,142.27
2023-08-01T12:00:00+02:00,142.27
2023-08-01T15:00:00+02:00,142.27
2023-08-01T18:00:00+02:00,142.27
2023-08-01T21:00:00+02:00,142.27
2023-08-02T02:01:00+02:00,142.27
2023-08-02T03:00:00+02:00,142.27
2023-08-02T06:00:00+02:00,142.27
2023-08-02T09:00:00+02:00,142.27
2023-08-02T12:00:00+02:00,142.27
2023-08-02T15:00:00+02:00,142.27
2023-08-02T18:00:00+02:00,142.27
2023-08-02T21:00:00+02:00,142.27
2023-08-03T02:01:00+02:00,142.27
2023-08-03T03:00:00+02:00,142.27
2023-08-03T06:00:00+02:00,142.27
2023-08-03T09:00:00+02:00,142.27
2023-08-03T12:00:00+02:00,142.27
2023-08-03T15:00:00+02:00,142.27
2023-08-03T18:00:00+02:00,142.27
2023-08-03T21:00:00+02:00,142.27
2023-08-04T02:01:00+02:00,142.27
2023-08-04T03:00:00+02:00,142.27
2023-08-04T06:00:00+02:00,142.27
2023-08-04T09:00:00+02:00,142.27
2023-08-04T12:00:00+02:00,142.27
2023-08-04T15:00:00+02:00,142.27
2023-08-04T18:00:00+02:00,142.27
2023-08-04T21:00:00+02:00,142.27
2023-08-05T02:01:00+02:00,142.27
2023-08-05T03:00:00+02:00,142.27
2023-08-05T06:00:00+02:00,142.27
2023-08-05T09:00:00+02:00,142.27
2023-08-05T12:00:00+02:00,142.27
2023-08-05T15:00:00+02:00,142.27
2023-08-05T18:00:00+02:00,142.27
2023-08-05T21:00:00+02:00,142.27
2023-08-06T02:01:00+02:00,142.27
2023-08-06T03:00:00+02:00,142.27
2023-08-06T06:00:00+02:00,142.27
2023-08-06T09:00:00+02:00,142.27
2023-08-06T12:00:00+02:00,142.27
2023-08-06T15:00:00+02:00,142.27
2023-08-06T18:00:00+02:00,142.27
2023-08-06T21:00:00+02:00,142.27
2023-08-07T02:01:00+02:00,142.27
2023-08-07T03:00:00+02:00,142.27
2023-08-07T06:00:00+02:00,142.27
2023-08-07T09:00:00+02:00,142.27
2023-08-07T12:00:00+02:00,142.27
2023-08-07T15:00:00+02:00,142.27
2023-08-07T18:00:00+02:00,142.27
2023-08-07T21:00:00+02:00,142.27
2023-08-08T02:01:00+02:00,142.27
2023-08-08T03:00:00+02:00,142.27
2023-08-08T06:00:00+02:00,142.27
2023-08-08T09:00:00+02:00,142.27
2023-08-08T12:00:00+02:00,142.27
2023-08-08T15:00:00+02:00,142.27
2023-08-08T18:00:00+02:00,142.27
2023-08-08T21:00:00+02:00,142.27
2023-08-09T02:01:00+02:00,142.27
2023-08-09T03:00:00+02:00,142.27
2023-08-09T06:00:00+02:00,142.27
2023-08-09T09:00:00+02:00,142.27
2023-08-09T12:00:00+02:00,142.27
2023-08-09T15:00:00+02:00,142.27
2023-08-09T18:00:00+02:00,142.27
2023-08-09T21:00:00+02:00,142.27
2023-08-10T02:01:00+02:00,142.27
2023-08-10T03:00:00+02:00,142.27
2023-08-10T06:00:00+02:00,142.27
2023-08-10T09:00:00+02:00,142.27
2023-08-10T12:00:00+02:00,142.27
2023-08-10T15:00:00+02:00,142.27
2023-08-10T18:00:00+02:00,142.27
2023-08-10T21:00:00+02:00,142.27
2023-08-11T02:01:00+02:00,142.27
2023-08-11T03:00:00+02:00,142.27
2023-08-11T06:00:00+02:00,142.27
2023-08-11T09:00:00+02:00,142.27
2023-08-11T12:00:00+02:00,142.27
2023-08-11T15:00:00+02:00,142.27
2023-08-11T18:00:00+02:00,142.27
2023-08-11T21:00:00+02:00,142.27
2023-08-12T02:01:00+02:00,142.27
2023-08-12T03:00:00+02:00,142.27
2023-08-12T06:00:00+02:00,142.27
2023-08-12T09:00:00+02:00,142.27
2023-08-12T12:00:00+02:00,142.27
2023-08-12T15:00:00+02:00,142.27
2023-08-12T18:00:00+02:00,142.27
2023-08-12T21:00:00+02:00,142.27
2023-08-13T02:01:00+02:00,142.27
2023-08-13T03:00:00+02:00,142.27
2023-08-13T06:00:00+02:00,142.27
2023-08-13T09:00:00+02:00,142.27
2023-08-13T12:00:00+02:00,142.27
2023-08-13T15:00:00+02:00,142.27
2023-08-13T18:00:00+02:00,142.27
2023-08-13T21:00:00+02:00,142.27
2023-08-14T02:01:00+02:00,142.27
2023-08-14T03:00:00+02:00,142.27
2023-08-14T06:00:00+02:00,142.27
2023-08-14T09:00:00+02:00,142.27
2023-08-14T12:00:00+02:00,142.27
2023-08-14T15:00:00+02:00,142.27
2023-08-14T18:00:00+02:00,142.27
2023-08-14T21:00:00+02:00,142.27
2023-08-15T02:01:00+02:00,142.27
2023-08-15T03:00:00+02:00,142.27
2023-08-15T06:00:00+02:00,142.27
2023-08-15T09:00:00+02:00,142.27
2023-08-15T12:00:00+02:00,142.27
2023-08-15T15:00:00+02:00,142.27
2023-08-15T18:00:00+02:00,142.27
2023-08-15T21:00:00+02:00,142.27
2023-08-16T02:01:00+02:00,142.27
2023-08-16T03:00:00+02:00,142.27
2023-08-16T06:00:00+02:00,142.27
2023-08-16T09:00:00+02:00,142.27
2023-08-16T12:00:00+02:00,142.27
2023-08-16T15:00:00+02:00,142.27
2023-08-16T18:00:00+02:00,142.27
2023-08-16T21:00:00+02:00,142.27
2023-08-17T02:01:00+02:00,142.27
2023-08-17T03:00:00+02:00,142.27
2023-08-17T06:00:00+02:00,142.27
2023-08-17T09:00:00+02:00,142.27
2023-08-17T12:00:00+02:00,142.27
2023-08-17T15:00:00+02:00,142.27
2023-08-17T18:00:00+02:00,142.27
2023-08-17T21:00:00+02:00,142.27
2023-08-18T02:01:00+02:00,142.27
2023-08-18T03:00:00+02:00,142.27
2023-08-18T06:00:00+02:00,142.27
2023-08-18T09:00:00+02:00,142.27
2023-08-18T12:00:00+02:00,142.27
2023-08-18T15:00:00+02:00,142.27
2023-08-18T18:00:00+02:00,142.27
2023-08-18T21:00:00+02:00,142.27
2023-08-19T02:01:00+02:00,142.27
2023-08-19T03:00:00+02:00,142.27
2023-08-19T06:00:00+02:00,142.27
2023-08-19T09:00:00+02:00,142.27
2023-08-19T12:00:00+02:00,142.27
2023-08-19T15:00:00+02:00,142.27
2023-08-19T18:00:00+02:00,142.27
2023-08-19T21:00:00+02:00,142.27
2023-08-20T02:01:00+02:00,142.27
2023-08-20T03:00:00+02:00,142.27
2023-08-20T06:00:00+02:00,142.27
2023-08-20T09:00:00+02:00,142.27
2023-08-20T12:00:00+02:00,142.27
2023-08-20T15:00:00+02:00,142.27
2023-08-20T18:00:00+02:00,142.27
2023-08-20T21:00:00+02:00,142.27
2023-08-21T02:01:00+02:00,142.27
2023-08-21T03:00:00+02:00,142.27
2023-08-21T06:00:00+02:00,142.27
2023-08-21T09:00:00+02:00,142.27
2023-08-21T12:00:00+02:00,142.27
2023-08-21T15:00:00+02:00,142.27
2023-08-21T18:00:00+02:00,142.27
2023-08-21T21:00:00+02:00,142.27
2023-08-22T02:01:00+02:00,142.27
2023-08-22T03:00:00+02:00,142.27
2023-08-22T06:00:00+02:00,142.27
2023-08-22T09:00:00+02:00,142.27
2023-08-22T12:00:00+02:00,142.27
2023-08-22T15:00:00+02:00,142.27
2023-08-22T18:00:00+02:00,142.27
2023-08-22T21:00:00+02:00,142.27
2023-08-23T02:01:00+02:00,142.27
2023-08-23T03:00:00+02:00,142.27
2023-08-23T06:00:00+02:00,142.27
2023-08-23T09:00:00+02:00,142.27
2023-08-23T12:00:00+02:00,142.27
2023-08-23T15:00:00+02:00,142.27
2023-08-23T18:00:00+02:00,142.27
2023-08-23T21:00:00+02:00,142.27
2023-08-24T02:01:00+02:00,142.27
2023-08-24T03:00:00+02:00,142.27
2023-08-24T06:00:00+02:00,142.27
2023-08-24T09:00:00+02:00,142.27
2023-08-24T12:00:00+02:00,142.27
2023-08-24T15:00:00+02:00,142.27
2023-08-24T18:00:00+02:00,142.27
2023-08-24T21:00:00+02:00,142.27
2023-08-25T02:01:00+02:00,142.27
2023-08-25T03:00:00+02:00,142.27
2023-08-25T06:00:00+02:00,142.27
2023-08-25T09:00:00+02:00,142.27
2023-08-25T12:00:00+02:00,142.27
2023-08-25T15:00:00+02:00,142.27
2023-08-25T18:00:00+02:00,142.27
2023-08-25T21:00:00+02:00,142.27
2023-08-26T02:01:00+02:00,142.27
2023-08-26T03:00:00+02:00,142.27
2023-08-26T06:00:00+02:00,142.27
2023-08-26T09:00:00+02:00,142.27
2023-08-26T12:00:00+02:00,142.27
2023-08-26T15:00:00+02:00,142.27
2023-08-26T18:00:00+02:00,142.27
2023-08-26T21:00:00+02:00,142.27
2023-08-27T02:01:00+02:00,142.27
2023-08-27T03:00:00+02:00,142.27
2023-08-27T06:00:00+02:00,142.27
2023-08-27T09:00:00+02:00,142.27
2023-08-27T12:00:00+02:00,142.27
2023-08-27T15:00:00+02:00,142.27
2023-08-27T18:00:00+02:00,142.27
2023-08-27T21:00:00+02:00,142.27
2023-08-28T02:01:00+02:00,142.27
2023-08-28T03:00:00+02:00,142.27
2023-08-28T06:00:00+02:00,142.27
2023-08-28T09:00:00+02:00,142.27
2023-08-28T12:00:00+02:00,142.27
2023-08-28T15:00:00+02:00,142.27
2023-08-28T18:00:00+02:00,142.27
2023-08-28T21:00:00+02:00,142.27
2023-08-29T02:01:00+02:00,142.27
2023-08-29T03:00:00+02:00,142.27
2023-08-29T06:00:00+02:00,142.27
2023-08-29T09:00:00+02:00,142.27
2023-08-29T12:00:00+02:00,142.27
2023-08-29T15:00:00+02:00,142.27
2023-08-29T18:00:00+02:00,142.27
2023-08-29T21:00:00+02:00,142.27
2023-08-30T02:01:00+02:00,142.27
2023-08-30T03:00:00+02:00,142.27
2023-08-30T06:00:00+02:00,142.27
2023-08-30T09:00:00+02:00,142.27
2023-08-30T12:00:00+02:00,142.27
2023-08-30T15:00:00+02:00,142.27
2023-08-30T18:00:00+02:00,142.27
2023-08-30T21:00:00+02:00,142.27
2023-08-31T02:01:00+02:00,142.27
2023-08-31T03:00:00+02:00,142.27
2023-08-31T06:00:00+02:00,142.27
2023-08-31T09:00:00+02:00,142.27
2023-08-31T12:00:00+02:00,142.27
2023-08-31T15:00:00+02:00,142.27
2023-08-31T18:00:00+02:00,142.27
2023-08-31T21:00:00+02:00,142.27
2023-09-01T02:01:00+02:00,142.27
2023-09-01T03:00:00+02:00,142.27
2023-09-01T06:00:00+02:00,142.27
2023-09-01T09:00:00+02:00,142.27
2023-09-01T12:00:00+02:00,142.27
2023-09-01T15:00:00+02:00,142.27
2023-09-01T18:00:00+02:00,142.27
2023-09-01T21:00:00+02:00,142.27
2023-09-02T02:01:00+02:00,142.27
2023-09-02T03:00:00+02:00,142.27
2023-09-02T06:00:00+02:00,142.27
2023-09-02T09:00:00+02:00,142.27
2023-09-02T12:00:00+02:00,142.27
2023-09-02T15:00:00+02:00,142.27
2023-09-02T18:00:00+02:00,142.27
2023-09-02T21:00:00+02:00,142.27
2023-09-03T02:01:00+02:00,142.27
2023-09-03T03:00:00+02:00,142.27
2023-09-03T06:00:00+02:00,142.27
2023-09-03T09:00:00+02:00,142.27
2023-09-03T12:00:00+02:00,142.27
2023-09-03T15:00:00+02:00,142.27
2023-09-03T18:00:00+02:00,142.27
2023-09-03T21:00:00+02:00,142.27
2023-09-04T02:01:00+02:00,142.27
2023-09-04T03:00:00+02:00,142.27
2023-09-04T06:00:00+02:00,142.27
2023-09-04T09:00:00+02:00,142.27
2023-09-04T12:00:00+02:00,142.27
2023-09-04T15:00:00+02:00,142.27
2023-09-04T18:00:00+02:00,142.27
2023-09-04T21:00:00+02:00,142.27
2023-09-05T02:01:00+02:00,142.27
2023-09-05T03:00:00+02:00,142.27
2023-09-05T06:00:00+02:00,142.27
2023-09-05T09:00:00+02:00,142.27
2023-09-05T12:00:00+02:00,142.27
2023-09-05T15:00:00+02:00,142.27
2023-09-05T18:00:00+02:00,142.27
2023-09-05T21:00:00+02:00,142.27
2023-09-06T02:01:00+02:00,142.27
2023-09-06T03:00:00+02:00,142.27
2023-09-06T06:00:00+02:00,142.27
2023-09-06T09:00:00+02:00,142.27
2023-09-06T12:00:00+02:00,142.27
2023-09-06T15:00:00+02:00,142.27
2023-09-06T18:00:00+02:00,142.27
2023-09-06T21:00:00+02:00,142.27
2023-09-07T02:01:00+02:00,142.27
2023-09-07T03:00:00+02:00,142.27
2023-09-07T06:00:00+02:00,142.27
2023-09-07T09:00:00+02:00,142.27
2023-09-07T12:00:00+02:00,142.27
2023-09-07T15:00:00+02:00,142.27
2023-09-07T18:00:00+02:00,142.27
2023-09-07T21:00:00+02:00,142.27
2023-09-08T02:01:00+02:00,142.27
2023-09-08T03:00:00+02:00,142.27
2023-09-08T06:00:00+02:00,142.27
2023-09-08T09:00:00+02:00,142.27
2023-09-08T12:00:00+02:00,142.27
2023-09-08T15:00:00+02:00,142.27
2023-09-08T18:00:00+02:00,142.27
2023-09-08T21:00:00+02:00,142.27
2023-09-09T02:01:00+02:00,142.27
2023-09-09T03:00:00+02:00,142.27
2023-09-09T06:00:00+02:00,142.27
2023-09-09T09:00:00+02:00,142.27
2023-09-09T12:00:00+02:00,142.27
2023-09-09T15:00:00+02:00,142.27
2023-09-09T18:00:00+02:00,142.27
2023-09-09T21:00:00+02:00,142.27
2023-09-10T02:01:00+02:00,142.27
2023-09-10T03:00:00+02:00,142.27
2023-09-10T06:00:00+02:00,142.27
2023-09-10T09:00:00+02:00,142.27
2023-09-10T12:00:00+02:00,142.27
2023-09-10T15:00:00+02:00,142.27
2023-09-10T18:00:00+02:00,142.27
2023-09-10T21:00:00+02:00,142.27
2023-09-11T02:01:00+02:00,142.27
2023-09-11T03:00:00+02:00,142.27
2023-09-11T06:00:00+02:00,142.27
2023-09-11T09:00:00+02:00,142.27
2023-09-11T12:00:00+02:00,142.27
2023-09-11T15:00:00+02:00,142.27
2023-09-11T18:00:00+02:00,142.27
2023-09-11T21:00:00+02:00,142.27
2023-09-12T02:01:00+02:00,142.27
2023-09-12T03:00:00+02:00,142.27
2023-09-12T06:00:00+02:00,142.27
2023-09-12T09:00:00+02:00,142.27
2023-09-12T12:00:00+02:00,142.27
2023-09-12T15:00:00+02:00,142.27
2023-09-12T18:00:00+02:00,142.27
2023-09-12T21:00:00+02:00,142.27
2023-09-13T02:01:00+02:00,142.27
2023-09-13T03:00:00+02:00,142.27
2023-09-13T06:00:00+02:00,142.27
2023-09-13T09:00:00+02:00,142.27
2023-09-13T12:00:00+02:00,142.27
2023-09-13T15:00:00+02:00,142.27
2023-09-13T18:00:00+02:00,142.27
2023-09-13T21:00:00+02:00,142.27
2023-09-14T02:01:00+02:00,142.27
2023-09-14T03:00:00+02:00,142.27
2023-09-14T06:00:00+02:00,142.27
2023-09-14T09:00:00+02:00,142.27
2023-09-14T12:00:00+02:00,142.27
2023-09-14T15:00:00+02:00,142.27
2023-09-14T18:00:00+02:00,142.27
2023-09-14T21:00:00+02:00,142.27
2023-09-15T02:01:00+02:00,142.27
2023-09-15T03:00:00+02:00,142.27
2023-09-15T06:00:00+02:00,142.27
2023-09-15T09:00:00+02:00,142.27
2023-09-15T12:00:00+02:00,142.27
2023-09-15T15:00:00+02:00,142.27
2023-09-15T18:00:00+02:00,142.27
2023-09-15T21:00:00+02:00,142.27
2023-09-16T02:01:00+02:00,142.27
2023-09-16T03:00:00+02:00,142.27
2023-09-16T06:00:00+02:00,142.27
2023-09-16T09:00:00+02:00,142.27
2023-09-16T12:00:00+02:00,142.27
2023-09-16T15:00:00+02:00,142.27
2023-09-16T18:00:00+02:00,142.27
2023-09-16T21:00:00+02:00,142.27
2023-09-17T02:01:00+02:00,142.27
2023-09-17T03:00:00+02:00,142.27
2023-09-17T06:00:00+02:00,142.27
2023-09-17T09:00:00+02:00,142.27
2023-09-17T12:00:00+02:00,142.27
2023-09-17T15:00:00+02:00,142.27
2023-09-17T18:00:00+02:00,142.27
2023-09-17T21:00:00+02:00,142.27
2023-09-18T02:01:00+02:00,142.27
2023-09-18T03:00:00+02:00,142.27
2023-09-18T06:00:00+02:00,142.27
2023-09-18T09:00:00+02:00,142.27
2023-09-18T12:00:00+02:00,142.27
2023-09-18T15:00:00+02:00,142.27
2023-09-18T18:00:00+02:00,142.27
2023-09-18T21:00:00+02:00,142.27
2023-09-19T02:01:00+02:00,142.27
2023-09-19T03:00:00+02:00,142.27
2023-09-19T06:00:00+02:00,142.27
2023-09-19T09:00:00+02:00,142.27
2023-09-19T12:00:00+02:00,142.27
2023-09-19T15:00:00+02:00,142.27
2023-09-19T18:00:00+02:00,142.27
2023-09-19T21:00:00+02:00,142.27
2023-09-20T02:01:00+02:00,142.27
2023-09-20T03:00:00+02:00,142.27
2023-09-20T06:00:00+02:00,142.27
2023-09-20T09:00:00+02:00,142.27
2023-09-20T12:00:00+02:00,142.27
2023-09-20T15:00:00+02:00,142.27
2023-09-20T18:00:00+02:00,142.27
2023-09-20T21:00:00+02:00,142.27
2023-09-21T02:01:00+02:00,142.27
2023-09-21T03:00:00+02:00,142.27
2023-09-21T06:00:00+02:00,142.27
2023-09-21T09:00:00+02:00,142.27
2023-09-21T12:00:00+02:00,142.27
2023-09-21T15:00:00+02:00,142.27
2023-09-21T18:00:00+02:00,142.27
2023-09-21T21:00:00+02:00,142.27
2023-09-22T02:01:00+02:00,142.27
2023-09-22T03:00:00+02:00,142.27
2023-09-22T06:00:00+02:00,142.27
2023-09-22T09:00:00+02:00,142.27
2023-09-22T12:00:00+02:00,142.27
2023-09-22T15:00:00+02:00,142.27
2023-09-22T18:00:00+02:00,142.27
2023-09-22T21:00:00+02:00,142.27
2023-09-23T02:01:00+02:00,142.27
2023-09-23T03:00:00+02:00,142.27
2023-09-23T06:00:00+02:00,142.27
2023-09-23T09:00:00+02:00,142.27
2023-09-23T12:00:00+02:00,142.27
2023-09-23T15:00:00+02:00,142.27
2023-09-23T18:00:00+02:00,142.27
2023-09-23T21:00:00+02:00,142.27
2023-09-24T02:01:00+02:00,142.27
2023-09-24T03:00:00+02:00,142.27
2023-09-24T06:00:00+02:00,142.27
2023-09-24T09:00:00+02:00,142.27
2023-09-24T12:00:00+02:00,142.27
2023-09-24T15:00:00+02:00,142.27
2023-09-24T18:00:00+02:00,142.27
2023-09-24T21:00:00+02:00,142.27
2023-09-25T02:01:00+02:00,142.27
2023-09-25T03:00:00+02:00,142.27
2023-09-25T06:00:00+02:00,142.27
2023-09-25T09:00:00+02:00,142.27
2023-09-25T12:00:00+02:00,142.27
2023-09-25T15:00:00+02:00,142.27
2023-09-25T18:00:00+02:00,142.27
2023-09-25T21:00:00+02:00,142.27
2023-09-26T02:01:00+02:00,142.27
2023-09-26T03:00:00+02:00,142.27
2023-09-26T06:00:00+02:00,142.27
2023-09-26T09:00:00+02:00,142.27
2023-09-26T12:00:00+02:00,142.27
2023-09-26T15:00:00+02:00,142.27
2023-09-26T18:00:00+02:00,142.27
2023-09-26T21:00:00+02:00,142.27
2023-09-27T02:01:00+02:00,142.27
2023-09-27T03:00:00+02:00,142.27
2023-09-27T06:00:00+02:00,142.27
2023-09-27T09:00:00+02:00,142.27
2023-09-27T12:00:00+02:00,142.27
2023-09-27T15:00:00+02:00,142.27
2023-09-27T18:00:00+02:00,142.27
2023-09-27T21:00:00+02:00,142.27
2023-09-28T02:01:00+02:00,142.27
2023-09-28T03:00:00+02:00,142.27
2023-09-28T06:00:00+02:00,142.27
2023-09-28T09:00:00+02:00,142.27
2023-09-28T12:00:00+02:00,142.27
2023-09-28T15:00:00+02:00,142.27
2023-09-28T18:00:00+02:00,142.27
2023-09-28T21:00:00+02:00,142.27
2023-09-29T02:01:00+02:00,142.27
2023-09-29T03:00:00+02:00,142.27
2023-09-29T06:00:00+02:00,142.27
2023-09-29T09:00:00+02:00,142.27
2023-09-29T12:00:00+02:00,142.27
2023-09-29T15:00:00+02:00,142.27
2023-09-29T18:00:00+02:00,142.27
2023-09-29T21:00:00+02:00,142.27
2023-09-30T02:01:00+02:00,142.27
2023-09-30T03:00:00+02:00,142.27
2023-09-30T06:00:00+02:00,142.27
2023-09-30T09:00:00+02:00,142.27
2023-09-30T12:00:00+02:00,142.27
2023-09-30T15:00:00+02:00,142.27
2023-09-30T18:00:00+02:00,142.27
2023-09-30T21:00:00+02:00,142.27
2023-10-01T02:01:00+02:00,142.27
2023-10-01T03:00:00+02:00,142.27
2023-10-01T06:00:00+02:00,142.27
2023-10-01T09:00:00+02:00,142.27
2023-10-01T12:00:00+02:00,142.27
2023-10-01T15:00:00+02:00,142.27
2023-10-01T18:00:00+02:00,142.27
2023-10-01T21:00:00+02:00,142.27
2023-10-02T02:01:00+02:00,142.27
2023-10-02T03:00:00+02:00,142.27
2023-10-02T06:00:00+02:00,142.27
2023-10-02T09:00:00+02:00,142.27
2023-10-02T12:00:00+02:00,142.27
2023-10-02T15:00:00+02:00,142.27
2023-10-02T18:00:00+02:00,142.27
2023-10-02T21:00:00+02:00,142.27
2023-10-03T02:01:00+02:00,142.27
2023-10-03T03:00:00+02:00,142.27
2023-10-03T06:00:00+02:00,142.27
2023-10-03T09:00:00+02:00,142.27
2023-10-03T12:00:00+02:00,142.27
2023-10-03T15:00:00+02:00,142.27
2023-10-03T18:00:00+02:00,142.27
2023-10-03T21:00:00+02:00,142.27
2023-10-04T02:01:00+02:00,142.27
2023-10-04T03:00:00+02:00,142.27
2023-10-04T06:00:00+02:00,142.27
2023-10-04T09:00:00+02:00,142.27
2023-10-04T12:00:00+02:00,142.27
2023-10-04T15:00:00+02:00,142.27
2023-10-04T18:00:00+02:00,142.27
2023-10-04T21:00:00+02:00,142.27
2023-10-05T02:01:00+02:00,142.27
2023-10-05T03:00:00+02:00,142.27
2023-10-05T06:00:00+02:00,142.27
2023-10-05T09:00:00+02:00,142.27
2023-10-05T12:00:00+02:00,142.27
2023-10-05T15:00:00+02:00,142.27
2023-10-05T18:00:00+02:00,142.27
2023-10-05T21:00:00+02:00,142.27
2023-10-06T02:01:00+02:00,142.27
2023-10-06T03:00:00+02:00,142.27
2023-10-06T06:00:00+02:00,142.27
2023-10-06T09:00:00+02:00,142.27
2023-10-06T12:00:00+02:00,142.27
2023-10-06T15:00:00+02:00,142.27
2023-10-06T18:00:00+02:00,142.27
2023-10-06T21:00:00+02:00,142.27
2023-10-07T02:01:00+02:00,142.27
2023-10-07T03:00:00+02:00,142.27
2023-10-07T06:00:00+02:00,142.27
2023-10-07T09:00:00+02:00,142.27
2023-10-07T12:00:00+02:00,142.27
2023-10-07T15:00:00+02:00,142.27
2023-10-07T18:00:00+02:00,142.27
2023-10-07T21:00:00+02:00,142.27
2023-10-08T02:01:00+02:00,142.27
2023-10-08T03:00:00+02:00,142.27
2023-10-08T06:00:00+02:00,142.27
2023-10-08T09:00:00+02:00,142.27
2023-10-08T12:00:00+02:00,142.27
2023-10-08T15:00:00+02:00,142.27
2023-10-08T18:00:00+02:00,142.27
2023-10-08T21:00:00+02:00,142.27
2023-10-09T02:01:00+02:00,142.27
2023-10-09T03:00:00+02:00,142.27
2023-10-09T06:00:00+02:00,142.27
2023-10-09T09:00:00+02:00,142.27
2023-10-09T12:00:00+02:00,142.27
2023-10-09T15:00:00+02:00,142.27
2023-10-09T18:00:00+02:00,142.27
2023-10-09T21:00:00+02:00,142.27
2023-10-10T02:01:00+02:00,142.27
2023-10-10T03:00:00+02:00,142.27
2023-10-10T06:00:00+02:00,142.27
2023-10-10T09:00:00+02:00,142.27
2023-10-10T12:00:00+02:00,142.27
2023-10-10T15:00:00+02:00,142.27
2023-10-10T18:00:00+02:00,142.27
2023-10-10T21:00:00+02:00,142.27
2023-10-11T02:01:00+02:00,142.27
2023-10-11T03:00:00+02:00,142.27
2023-10-11T06:00:00+02:00,142.27
2023-10-11T09:00:00+02:00,142.27
2023-10-11T12:00:00+02:00,142.27
2023-10-11T15:00:00+02:00,142.27
2023-10-11T18:00:00+02:00,142.27
2023-10-11T21:00:00+02:00,142.27
2023-10-12T02:01:00+02:00,142.27
2023-10-12T03:00:00+02:00,142.27
2023-10-12T06:00:00+02:00,142.27
2023-10-12T09:00:00+02:00,142.27
2023-10-12T12:00:00+02:00,142.27
2023-10-12T15:00:00+02:00,142.27
2023-10-12T18:00:00+02:00,142.27
2023-10-12T21:00:00+02:00,142.27
2023-10-13T02:01:00+02:00,142.27
2023-10-13T03:00:00+02:00,142.27
2023-10-13T06:00:00+02:00,142.27
2023-10-13T09:00:00+02:00,142.27
2023-10-13T12:00:00+02:00,142.27
2023-10-13T15:00:00+02:00,142.27
2023-10-13T18:00:00+02:00,142.27
2023-10-13T21:00:00+02:00,142.27
2023-10-14T02:01:00+02:00,142.27
2023-10-14T03:00:00+02:00,142.27
2023-10-14T06:00:00+02:00,142.27
2023-10-14T09:00:00+02:00,142.27
2023-10-14T12:00:00+02:00,142.27
2023-10-14T15:00:00+02:00,142.27
2023-10-14T18:00:00+02:00,142.27
2023-10-14T21:00:00+02:00,142.27
2023-10-15T02:01:00+02:00,142.27
2023-10-15T03:00:00+02:00,142.27
2023-10-15T06:00:00+02:00,142.27
2023-10-15T09:00:00+02:00,142.27
2023-10-15T12:00:00+02:00,142.27
2023-10-15T15:00:00+02:00,142.27
2023-10-15T18:00:00+02:00,142.27
2023-10-15T21:00:00+02:00,142.27
2023-10-16T02:01:00+02:00,142.27
2023-10-16T03:00:00+02:00,142.27
2023-10-16T06:00:00+02:00,142.27
2023-10-16T09:00:00+02:00,142.27
2023-10-16T12:00:00+02:00,142.27
2023-10-16T15:00:00+02:00,142.27
2023-10-16T18:00:00+02:00,142.27
2023-10-16T21:00:00+02:00,142.27
2023-10-17T02:01:00+02:00,142.27
2023-10-17T03:00:00+02:00,142.27
2023-10-17T06:00:00+02:00,142.27
2023-10-17T09:00:00+02:00,142.27
2023-10-17T12:00:00+02:00,142.27
2023-10-17T15:00:00+02:00,142.27
2023-10-17T18:00:00+02:00,142.27
2023-10-17T21:00:00+02:00,142.27
2023-10-18T02:01:00+02:00,142.27
2023-10-18T03:00:00+02:00,142.27
2023-10-18T06:00:00+02:00,142.27
2023-10-18T09:00:00+02:00,142.27
2023-10-18T12:00:00+02:00,142.27
2023-10-18T15:00:00+02:00,142.27
2023-10-18T18:00:00+02:00,142.27
2023-10-18T21:00:00+02:00,142.27
2023-10-19T02:01:00+02:00,142.27
2023-10-19T03:00:00+02:00,142.27
2023-10-19T06:00:00+02:00,142.27
2023-10-19T09:00:00+02:00,142.27
2023-10-19T12:00:00+02:00,142.27
2023-10-19T15:00:00+02:00,142.27
2023-10-19T18:00:00+02:00,142.27
2023-10-19T21:00:00+02:00,142.27
2023-10-20T02:01:00+02:00,142.27
2023-10-20T03:00:00+02:00,142.27
2023-10-20T06:00:00+02:00,142.27
2023-10-20T09:00:00+02:00,142.27
2023-10-20T12:00:00+02:00,142.27
2023-10-20T15:00:00+02:00,142.27
2023-10-20T18:00:00+02:00,142.27
2023-10-20T21:00:00+02:00,142.27
2023-10-21T02:01:00+02:00,142.27
2023-10-21T03:00:00+02:00,142.27
2023-10-21T06:00:00+02:00,142.27
2023-10-21T09:00:00+02:00,142.27
2023-10-21T12:00:00+02:00,142.27
2023-10-21T15:00:00+02:00,142.27
2023-10-21T18:00:00+02:00,142.27
2023-10-21T21:00:00+02:00,142.27
2023-10-22T02:01:00+02:00,142.27
2023-10-22T03:00:00+02:00,142.27
2023-10-22T06:00:00+02:00,142.27
2023-10-22T09:00:00+02:00,142.27
2023-10-22T12:00:00+02:00,142.27
2023-10-22T15:00:00+02:00,142.27
2023-10-22T18:00:00+02:00,142.27
2023-10-22T21:00:00+02:00,142.27
2023-10-23T02:01:00+02:00,142.27
2023-10-23T03:00:00+02:00,142.27
2023-10-23T06:00:00+02:00,142.27
2023-10-23T09:00:00+02:00,142.27
2023-10-23T12:00:00+02:00,142.27
2023-10-23T15:00:00+02:00,142.27
2023-10-23T18:00:00+02:00,142.27
2023-10-23T21:00:00+02:00,142.27
2023-10-24T02:01:00+02:00,142.27
2023-10-24T03:00:00+02:00,142.27
2023-10-24T06:00:00+02:00,142.27
2023-10-24T09:00:00+02:00,142.27
2023-10-24T12:00:00+02:00,142.27
2023-10-24T15:00:00+02:00,142.27
2023-10-24T18:00:00+02:00,142.27
2023-10-24T21:00:00+02:00,142.27
2023-10-25T02:01:00+02:00,142.27
2023-10-25T03:00:00+02:00,142.27
2023-10-25T06:00:00+02:00,142.27
2023-10-25T09:00:00+02:00,142.27
2023-10-25T12:00:00+02:00,142.27
2023-10-25T15:00:00+02:00,142.27
2023-10-25T18:00:00+02:00,142.27
2023-10-25T21:00:00+02:00,142.27
2023-10-26T02:01:00+02:00,142.27
2023-10-26T03:00:00+02:00,142.27
2023-10-26T06:00:00+02:00,142.27
2023-10-26T09:00:00+02:00,142.27
2023-10-26T12:00:00+02:00,142.27
2023-10-26T15:00:00+02:00,142.27
2023-10-26T18:00:00+02:00,142.27
2023-10-26T21:00:00+02:00,142.27
2023-10-27T02:01:00+02:00,142.27
2023-10-28T03:00:00+02:00,142.27
2023-10-28T06:00:00+02:00,142.27
2023-10-28T09:00:00+02:00,142.27
2023-10-28T12:00:00+02:00,142.27
2023-10-28T15:00:00+02:00,142.27
2023-10-28T18:00:00+02:00,142.27
2023-10-28T21:00:00+02:00,142.27
2023-10-29T02:01:00+01:00,142.27
2023-10-29T03:00:00+01:00,142.27
2023-10-29T06:00:00+01:00,142.27
2023-10-29T09:00:00+01:00,142.27
2023-10-29T12:00:00+01:00,142.27
2023-10-29T15:00:00+01:00,142.27
2023-10-29T18:00:00+01:00,142.27
2023-10-29T21:00:00+01:00,142.27
2023-10-30T02:01:00+01:00,142.27
2023-10-30T03:00:00+01:00,142.27
2023-10-30T06:00:00+01:00,142.27
2023-10-30T09:00:00+01:00,142.27
2023-10-30T12:00:00+01:00,142.27
2023-10-30T15:00:00+01:00,142.27
2023-10-30T18:00:00+01:00,142.27
2023-10-30T21:00:00+01:00,142.27
2023-10-31T02:01:00+01:00,142.27
2023-10-31T03:00:00+01:00,142.27
2023-10-31T06:00:00+01:00,142.27
2023-10-31T09:00:00+01:00,142.27
2023-10-31T12:00:00+01:00,142.27
2023-10-31T15:00:00+01:00,142.27
2023-10-31T18:00:00+01:00,142.27
2023-10-31T21:00:00+01:00,142.27
2023-11-01T02:01:00+01:00,142.27
2023-11-01T03:00:00+01:00,142.27
2023-11-01T06:00:00+01:00,142.27
2023-11-01T09:00:00+01:00,142.27
2023-11-01T12:00:00+01:00,142.27
2023-11-01T15:00:00+01:00,142.27
2023-11-01T18:00:00+01:00,142.27
2023-11-01T21:00:00+01:00,142.27
2023-11-02T02:01:00+01:00,142.27
2023-11-02T03:00:00+01:00,142.27
2023-11-02T06:00:00+01:00,142.27
2023-11-02T09:00:00+01:00,142.27
2023-11-02T12:00:00+01:00,142.27
2023-11-02T15:00:00+01:00,142.27
2023-11-02T18:00:00+01:00,142.27
2023-11-02T21:00:00+01:00,142.27
2023-11-03T02:01:00+01:00,142.27
2023-11-03T03:00:00+01:00,142.27
2023-11-03T06:00:00+01:00,142.27
2023-11-03T09:00:00+01:00,142.27
2023-11-03T12:00:00+01:00,142.27
2023-11-03T15:00:00+01:00,142.27
2023-11-03T18:00:00+01:00,142.27
2023-11-03T21:00:00+01:00,142.27
2023-11-04T02:01:00+01:00,142.27
2023-11-04T03:00:00+01:00,142.27
2023-11-04T06:00:00+01:00,142.27
2023-11-04T09:00:00+01:00,142.27
2023-11-04T12:00:00+01:00,142.27
2023-11-04T15:00:00+01:00,142.27
2023-11-04T18:00:00+01:00,142.27
2023-11-04T21:00:00+01:00,142.27
2023-11-05T02:01:00+01:00,142.27
2023-11-05T03:00:00+01:00,142.27
2023-11-05T06:00:00+01:00,142.27
2023-11-05T09:00:00+01:00,142.27
2023-11-05T12:00:00+01:00,142.27
2023-11-05T15:00:00+01:00,142.27
2023-11-05T18:00:00+01:00,142.27
2023-11-05T21:00:00+01:00,142.27
2023-11-06T02:01:00+01:00,142.27
2023-11-06T03:00:00+01:00,142.27
2023-11-06T06:00:00+01:00,142.27
2023-11-06T09:00:00+01:00,142.27
2023-11-06T12:00:00+01:00,142.27
2023-11-06T15:00:00+01:00,142.27
2023-11-06T18:00:00+01:00,142.27
2023-11-06T21:00:00+01:00,142.27
2023-11-07T02:01:00+01:00,142.27
2023-11-07T03:00:00+01:00,142.27
2023-11-07T06:00:00+01:00,142.27
2023-11-07T09:00:00+01:00,142.27
2023-11-07T12:00:00+01:00,142.27
2023-11-07T15:00:00+01:00,142.27
2023-11-07T18:00:00+01:00,142.27
2023-11-07T21:00:00+01:00,142.27
2023-11-08T02:01:00+01:00,142.27
2023-11-08T03:00:00+01:00,142.27
2023-11-08T06:00:00+01:00,142.27
2023-11-08T09:00:00+01:00,142.27
2023-11-08T12:00:00+01:00,142.27
2023-11-08T15:00:00+01:00,142.27
2023-11-08T18:00:00+01:00,142.27
2023-11-08T21:00:00+01:00,142.27
2023-11-09T02:01:00+01:00,142.27
2023-11-09T03:00:00+01:00,142.27
2023-11-09T06:00:00+01:00,142.27
2023-11-09T09:00:00+01:00,142.27
2023-11-09T12:00:00+01:00,142.27
2023-11-09T15:00:00+01:00,142.27
2023-11-09T18:00:00+01:00,142.27
2023-11-09T21:00:00+01:00,142.27
2023-11-10T02:01:00+01:00,142.27
2023-11-10T03:00:00+01:00,142.27
2023-11-10T06:00:00+01:00,142.27
2023-11-10T09:00:00+01:00,142.27
2023-11-10T12:00:00+01:00,142.27
2023-11-10T15:00:00+01:00,142.27
2023-11-10T18:00:00+01:00,142.27
2023-11-10T21:00:00+01:00,142.27
2023-11-11T02:01:00+01:00,142.27
2023-11-11T03:00:00+01:00,142.27
2023-11-11T06:00:00+01:00,142.27
2023-11-11T09:00:00+01:00,142.27
2023-11-11T12:00:00+01:00,142.27
2023-11-11T15:00:00+01:00,142.27
2023-11-11T18:00:00+01:00,142.27
2023-11-11T21:00:00+01:00,142.27
2023-11-12T02:01:00+01:00,142.27
2023-11-12T03:00:00+01:00,142.27
2023-11-12T06:00:00+01:00,142.27
2023-11-12T09:00:00+01:00,142.27
2023-11-12T12:00:00+01:00,142.27
2023-11-12T15:00:00+01:00,142.27
2023-11-12T18:00:00+01:00,142.27
2023-11-12T21:00:00+01:00,142.27
2023-11-13T02:01:00+01:00,142.27
2023-11-13T03:00:00+01:00,142.27
2023-11-13T06:00:00+01:00,142.27
2023-11-13T09:00:00+01:00,142.27
2023-11-13T12:00:00+01:00,142.27
2023-11-13T15:00:00+01:00,142.27
2023-11-13T18:00:00+01:00,142.27
2023-11-13T21:00:00+01:00,142.27
2023-11-14T02:01:00+01:00,142.27
2023-11-14T03:00:00+01:00,142.27
2023-11-14T06:00:00+01:00,142.27
2023-11-14T09:00:00+01:00,142.27
2023-11-14T12:00:00+01:00,142.27
2023-11-14T15:00:00+01:00,142.27
2023-11-14T18:00:00+01:00,142.27
2023-11-14T21:00:00+01:00,142.27
2023-11-15T02:01:00+01:00,142.27
2023-11-15T03:00:00+01:00,142.27
2023-11-15T06:00:00+01:00,142.27
2023-11-15T09:00:00+01:00,142.27
2023-11-15T12:00:00+01:00,142.27
2023-11-15T15:00:00+01:00,142.27
2023-11-15T18:00:00+01:00,142.27
2023-11-15T21:00:00+01:00,142.27
2023-11-16T02:01:00+01:00,142.27
2023-11-16T03:00:00+01:00,142.27
2023-11-16T06:00:00+01:00,142.27
2023-11-16T09:00:00+01:00,142.27
2023-11-16T12:00:00+01:00,142.27
2023-11-16T15:00:00+01:00,142.27
2023-11-16T18:00:00+01:00,142.27
2023-11-16T21:00:00+01:00,142.27
2023-11-17T02:01:00+01:00,142.27
2023-11-17T03:00:00+01:00,142.27
2023-11-17T06:00:00+01:00,142.27
2023-11-17T09:00:00+01:00,142.27
2023-11-17T12:00:00+01:00,142.27
2023-11-17T15:00:00+01:00,142.27
2023-11-17T18:00:00+01:00,142.27
2023-11-17T21:00:00+01:00,142.27
2023-11-18T02:01:00+01:00,142.27
2023-11-18T03:00:00+01:00,142.27
2023-11-18T06:00:00+01:00,142.27
2023-11-18T09:00:00+01:00,142.27
2023-11-18T12:00:00+01:00,142.27
2023-11-18T15:00:00+01:00,142.27
2023-11-18T18:00:00+01:00,142.27
2023-11-18T21:00:00+01:00,142.27
2023-11-19T02:01:00+01:00,142.27
2023-11-19T03:00:00+01:00,142.27
2023-11-19T06:00:00+01:00,142.27
2023-11-19T09:00:00+01:00,142.27
2023-11-19T12:00:00+01:00,142.27
2023-11-19T15:00:00+01:00,142.27
2023-11-19T18:00:00+01:00,142.27
2023-11-19T21:00:00+01:00,142.27
2023-11-20T02:01:00+01:00,142.27
2023-11-20T03:00:00+01:00,142.27
2023-11-20T06:00:00+01:00,142.27
2023-11-20T09:00:00+01:00,142.27
2023-11-20T12:00:00+01:00,142.27
2023-11-20T15:00:00+01:00,142.27
2023-11-20T18:00:00+01:00,142.27
2023-11-20T21:00:00+01:00,142.27
2023-11-21T02:01:00+01:00,142.27
2023-11-21T03:00:00+01:00,142.27
2023-11-21T06:00:00+01:00,142.27
2023-11-21T09:00:00+01:00,142.27
2023-11-21T12:00:00+01:00,142.27
2023-11-21T15:00:00+01:00,142.27
2023-11-21T18:00:00+01:00,142.27
2023-11-21T21:00:00+01:00,142.27
2023-11-22T02:01:00+01:00,142.27
2023-11-22T03:00:00+01:00,142.27
2023-11-22T06:00:00+01:00,142.27
2023-11-22T09:00:00+01:00,142.27
2023-11-22T12:00:00+01:00,142.27
2023-11-22T15:00:00+01:00,142.27
2023-11-22T18:00:00+01:00,142.27
2023-11-22T21:00:00+01:00,142.27
2023-11-23T02:01:00+01:00,142.27
2023-11-23T03:00:00+01:00,142.27
2023-11-23T06:00:00+01:00,142.27
2023-11-23T09:00:00+01:00,142.27
2023-11-23T12:00:00+01:00,142.27
2023-11-23T15:00:00+01:00,142.27
2023-11-23T18:00:00+01:00,142.27
2023-11-23T21:00:00+01:00,142.27
2023-11-24T02:01:00+01:00,142.27
2023-11-24T03:00:00+01:00,142.27
2023-11-24T06:00:00+01:00,142.27
2023-11-24T09:00:00+01:00,142.27
2023-11-24T12:00:00+01:00,142.27
2023-11-24T15:00:00+01:00,142.27
2023-11-24T18:00:00+01:00,142.27
2023-11-24T21:00:00+01:00,142.27
2023-11-25T02:01:00+01:00,142.27
2023-11-25T03:00:00+01:00,142.27
2023-11-25T06:00:00+01:00,142.27
2023-11-25T09:00:00+01:00,142.27
2023-11-25T12:00:00+01:00,142.27
2023-11-25T15:00:00+01:00,142.27
2023-11-25T18:00:00+01:00,142.27
2023-11-25T21:00:00+01:00,142.27
2023-11-26T02:01:00+01:00,142.27
2023-11-26T03:00:00+01:00,142.27
2023-11-26T06:00:00+01:00,142.27
2023-11-26T09:00:00+01:00,142.27
2023-11-26T12:00:00+01:00,142.27
2023-11-26T15:00:00+01:00,142.27
2023-11-26T18:00:00+01:00,142.27
2023-11-26T21:00:00+01:00,142.27
2023-11-27T02:01:00+01:00,142.27
2023-11-27T03:00:00+01:00,142.27
2023-11-27T06:00:00+01:00,142.27
2023-11-27T09:00:00+01:00,142.27
2023-11-27T12:00:00+01:00,142.27
2023-11-27T15:00:00+01:00,142.27
2023-11-27T18:00:00+01:00,142.27
2023-11-27T21:00:00+01:00,142.27
2023-11-28T02:01:00+01:00,142.27
2023-11-28T03:00:00+01:00,142.27
2023-11-28T06:00:00+01:00,142.27
2023-11-28T09:00:00+01:00,142.27
2023-11-28T12:00:00+01:00,142.27
2023-11-28T15:00:00+01:00,142.27
2023-11-28T18:00:00+01:00,142.27
2023-11-28T21:00:00+01:00,142.27
2023-11-29T02:01:00+01:00,142.27
2023-11-29T03:00:00+01:00,142.27
2023-11-29T06:00:00+01:00,142.27
2023-11-29T09:00:00+01:00,142.27
2023-11-29T12:00:00+01:00,142.27
2023-11-29T15:00:00+01:00,142.27
2023-11-29T18:00:00+01:00,142.27
2023-11-29T21:00:00+01:00,142.27
2023-11-30T02:01:00+01:00,142.27
2023-11-30T03:00:00+01:00,142.27
2023-11-30T06:00:00+01:00,142.27
2023-11-30T09:00:00+01:00,142.27
2023-11-30T12:00:00+01:00,142.27
2023-11-30T15:00:00+01:00,142.27
2023-11-30T18:00:00+01:00,142.27
2023-11-30T21:00:00+01:00,142.27
2023-12-01T02:01:00+01:00,142.27
2023-12-01T03:00:00+01:00,142.27
2023-12-01T06:00:00+01:00,142.27
2023-12-01T09:00:00+01:00,142.27
2023-12-01T12:00:00+01:00,142.27
2023-12-01T15:00:00+01:00,142.27
2023-12-01T18:00:00+01:00,142.27
2023-12-01T21:00:00+01:00,142.27
2023-12-02T02:01:00+01:00,142.27
2023-12-02T03:00:00+01:00,142.27
2023-12-02T06:00:00+01:00,142.27
2023-12-02T09:00:00+01:00,142.27
2023-12-02T12:00:00+01:00,142.27
2023-12-02T15:00:00+01:00,142.27
2023-12-02T18:00:00+01:00,142.27
2023-12-02T21:00:00+01:00,142.27
2023-12-03T02:01:00+01:00,142.27
2023-12-03T03:00:00+01:00,142.27
2023-12-03T06:00:00+01:00,142.27
2023-12-03T09:00:00+01:00,142.27
2023-12-03T12:00:00+01:00,142.27
2023-12-03T15:00:00+01:00,142.27
2023-12-03T18:00:00+01:00,142.27
2023-12-03T21:00:00+01:00,142.27
2023-12-04T02:01:00+01:00,142.27
2023-12-04T03:00:00+01:00,142.27
2023-12-04T06:00:00+01:00,142.27
2023-12-04T09:00:00+01:00,142.27
2023-12-04T12:00:00+01:00,142.27
2023-12-04T15:00:00+01:00,142.27
2023-12-04T18:00:00+01:00,142.27
2023-12-04T21:00:00+01:00,142.27
2023-12-05T02:01:00+01:00,142.27
2023-12-05T03:00:00+01:00,142.27
2023-12-05T06:00:00+01:00,142.27
2023-12-05T09:00:00+01:00,142.27
2023-12-05T12:00:00+01:00,142.27
2023-12-05T15:00:00+01:00,142.27
2023-12-05T18:00:00+01:00,142.27
2023-12-05T21:00:00+01:00,142.27
2023-12-06T02:01:00+01:00,142.27
2023-12-06T03:00:00+01:00,142.27
2023-12-06T06:00:00+01:00,142.27
2023-12-06T09:00:00+01:00,142.27
2023-12-06T12:00:00+01:00,142.27
2023-12-06T15:00:00+01:00,142.27
2023-12-06T18:00:00+01:00,142.27
2023-12-06T21:00:00+01:00,142.27
2023-12-07T02:01:00+01:00,142.27
2023-12-07T03:00:00+01:00,142.27
2023-12-07T06:00:00+01:00,142.27
2023-12-07T09:00:00+01:00,142.27
2023-12-07T12:00:00+01:00,142.27
2023-12-07T15:00:00+01:00,142.27
2023-12-07T18:00:00+01:00,142.27
2023-12-07T21:00:00+01:00,142.27
2023-12-08T02:01:00+01:00,142.27
2023-12-08T03:00:00+01:00,142.27
2023-12-08T06:00:00+01:00,142.27
2023-12-08T09:00:00+01:00,142.27
2023-12-08T12:00:00+01:00,142.27
2023-12-08T15:00:00+01:00,142.27
2023-12-08T18:00:00+01:00,142.27
2023-12-08T21:00:00+01:00,142.27
2023-12-09T02:01:00+01:00,142.27
2023-12-09T03:00:00+01:00,142.27
2023-12-09T06:00:00+01:00,142.27
2023-12-09T09:00:00+01:00,142.27
2023-12-09T12:00:00+01:00,142.27
2023-12-09T15:00:00+01:00,142.27
2023-12-09T18:00:00+01:00,142.27
2023-12-09T21:00:00+01:00,142.27
2023-12-10T02:01:00+01:00,142.27
2023-12-10T03:00:00+01:00,142.27
2023-12-10T06:00:00+01:00,142.27
2023-12-10T09:00:00+01:00,142.27
2023-12-10T12:00:00+01:00,142.27
2023-12-10T15:00:00+01:00,142.27
2023-12-10T18:00:00+01:00,142.27
2023-12-10T21:00:00+01:00,142.27
2023-12-11T02:01:00+01:00,142.27
2023-12-11T03:00:00+01:00,142.27
2023-12-11T06:00:00+01:00,142.27
2023-12-11T09:00:00+01:00,142.27
2023-12-11T12:00:00+01:00,142.27
2023-12-11T15:00:00+01:00,142.27
2023-12-11T18:00:00+01:00,142.27
2023-12-11T21:00:00+01:00,142.27
2023-12-12T02:01:00+01:00,142.27
2023-12-12T03:00:00+01:00,142.27
2023-12-12T06:00:00+01:00,142.27
2023-12-12T09:00:00+01:00,142.27
2023-12-12T12:00:00+01:00,142.27
2023-12-12T15:00:00+01:00,142.27
2023-12-12T18:00:00+01:00,142.27
2023-12-12T21:00:00+01:00,142.27
2023-12-13T02:01:00+01:00,142.27
2023-12-13T03:00:00+01:00,142.27
2023-12-13T06:00:00+01:00,142.27
2023-12-13T09:00:00+01:00,142.27
2023-12-13T12:00:00+01:00,142.27
2023-12-13T15:00:00+01:00,142.27
2023-12-13T18:00:00+01:00,142.27
2023-12-13T21:00:00+01:00,142.27
2023-12-14T02:01:00+01:00,142.27
2023-12-14T03:00:00+01:00,142.27
2023-12-14T06:00:00+01:00,142.27
2023-12-14T09:00:00+01:00,142.27
2023-12-14T12:00:00+01:00,142.27
2023-12-14T15:00:00+01:00,142.27
2023-12-14T18:00:00+01:00,142.27
2023-12-14T21:00:00+01:00,142.27
2023-12-15T02:01:00+01:00,142.27
2023-12-15T03:00:00+01:00,142.27
2023-12-15T06:00:00+01:00,142.27
2023-12-15T09:00:00+01:00,142.27
2023-12-15T12:00:00+01:00,142.27
2023-12-15T15:00:00+01:00,142.27
2023-12-15T18:00:00+01:00,142.27
2023-12-15T21:00:00+01:00,142.27
2023-12-16T02:01:00+01:00,142.27
2023-12-16T03:00:00+01:00,142.27
2023-12-16T06:00:00+01:00,142.27
2023-12-16T09:00:00+01:00,142.27
2023-12-16T12:00:00+01:00,142.27
2023-12-16T15:00:00+01:00,142.27
2023-12-16T18:00:00+01:00,142.27
2023-12-16T21:00:00+01:00,142.27
2023-12-17T02:01:00+01:00,142.27
2023-12-17T03:00:00+01:00,142.27
2023-12-17T06:00:00+01:00,142.27
2023-12-17T09:00:00+01:00,142.27
2023-12-17T12:00:00+01:00,142.27
2023-12-17T15:00:00+01:00,142.27
2023-12-17T18:00:00+01:00,142.27
2023-12-17T21:00:00+01:00,142.27
2023-12-18T02:01:00+01:00,142.27
2023-12-18T03:00:00+01:00,142.27
2023-12-18T06:00:00+01:00,142.27
2023-12-18T09:00:00+01:00,142.27
2023-12-18T12:00:00+01:00,142.27
2023-12-18T15:00:00+01:00,142.27
2023-12-18T18:00:00+01:00,142.27
2023-12-18T21:00:00+01:00,142.27
2023-12-19T02:01:00+01:00,142.27
2023-12-19T03:00:00+01:00,142.27
2023-12-19T06:00:00+01:00,142.27
2023-12-19T09:00:00+01:00,142.27
2023-12-19T12:00:00+01:00,142.27
2023-12-19T15:00:00+01:00,142.27
2023-12-19T18:00:00+01:00,142.27
2023-12-19T21:00:00+01:00,142.27
2023-12-20T02:01:00+01:00,142.27
2023-12-20T03:00:00+01:00,142.27
2023-12-20T06:00:00+01:00,142.27
2023-12-20T09:00:00+01:00,142.27
2023-12-20T12:00:00+01:00,142.27
2023-12-20T15:00:00+01:00,142.27
2023-12-20T18:00:00+01:00,142.27
2023-12-20T21:00:00+01:00,142.27
2023-12-21T02:01:00+01:00,142.27
2023-12-21T03:00:00+01:00,142.27
2023-12-21T06:00:00+01:00,142.27
2023-12-21T09:00:00+01:00,142.27
2023-12-21T12:00:00+01:00,142.27
2023-12-21T15:00:00+01:00,142.27
2023-12-21T18:00:00+01:00,142.27
2023-12-21T21:00:00+01:00,142.27
2023-12-22T02:01:00+01:00,142.27
2023-12-22T03:00:00+01:00,142.27
2023-12-22T06:00:00+01:00,142.27
2023-12-22T09:00:00+01:00,142.27
2023-12-22T12:00:00+01:00,142.27
2023-12-22T15:00:00+01:00,142.27
2023-12-22T18:00:00+01:00,142.27
2023-12-22T21:00:00+01:00,142.27
2023-12-23T02:01:00+01:00,142.27
2023-12-23T03:00:00+01:00,142.27
2023-12-23T06:00:00+01:00,142.27
2023-12-23T09:00:00+01:00,142.27
2023-12-23T12:00:00+01:00,142.27
2023-12-23T15:00:00+01:00,142.27
2023-12-23T18:00:00+01:00,142.27
2023-12-23T21:00:00+01:00,142.27
2023-12-24T02:01:00+01:00,142.27
2023-12-24T03:00:00+01:00,142.27
2023-12-24T06:00:00+01:00,142.27
2023-12-24T09:00:00+01:00,142.27
2023-12-24T12:00:00+01:00,142.27
2023-12-24T15:00:00+01:00,142.27
2023-12-24T18:00:00+01:00,142.27
2023-12-24T21:00:00+01:00,142.27
2023-12-25T02:01:00+01:00,142.27
2023-12-25T03:00:00+01:00,142.27
2023-12-25T06:00:00+01:00,142.27
2023-12-25T09:00:00+01:00,142.27
2023-12-25T12:00:00+01:00,142.27
2023-12-25T15:00:00+01:00,142.27
2023-12-25T18:00:00+01:00,142.27
2023-12-25T21:00:00+01:00,142.27
2023-12-26T02:01:00+01:00,142.27
2023-12-26T03:00:00+01:00,142.27
2023-12-26T06:00:00+01:00,142.27
2023-12-26T09:00:00+01:00,142.27
2023-12-26T12:00:00+01:00,142.27
2023-12-26T15:00:00+01:00,142.27
2023-12-26T18:00:00+01:00,142.27
2023-12-26T21:00:00+01:00,142.27
2023-12-27T02:01:00+01:00,142.27
2023-12-27T03:00:00+01:00,142.27
2023-12-27T06:00:00+01:00,142.27
2023-12-27T09:00:00+01:00,142.27
2023-12-27T12:00:00+01:00,142.27
2023-12-27T15:00:00+01:00,142.27
2023-12-27T18:00:00+01:00,142.27
2023-12-27T21:00:00+01:00,142.28
2023-12-28T02:01:00+01:00,142.29
2023-12-28T03:00:00+01:00,142.3
2023-12-28T06:00:00+01:00,142.31
2023-12-28T09:00:00+01:00,142.32
2023-12-28T12:00:00+01:00,142.33
2023-12-28T15:00:00+01:00,142.34
2023-12-28T18:00:00+01:00,142.34
2023-12-28T21:00:00+01:00,142.35
2023-12-29T02:01:00+01:00,142.36
2023-12-29T03:00:00+01:00,142.37
2023-12-29T06:00:00+01:00,142.38
2023-12-29T09:00:00+01:00,142.39
2023-12-29T12:00:00+01:00,142.4
2023-12-29T15:00:00+01:00,142.41
2023-12-29T18:00:00+01:00,142.41
2023-12-29T21:00:00+01:00,142.42
2023-12-30T02:01:00+01:00,142.43
2023-12-30T03:00:00+01:00,142.43
2023-12-30T06:00:00+01:00,142.44
2023-12-30T09:00:00+01:00,142.45
2023-12-30T12:00:00+01:00,142.46
2023-12-30T15:00:00+01:00,142.46
2023-12-30T18:00:00+01:00,142.47
2023-12-30T21:00:00+01:00,142.48
2023-12-31T02:01:00+01:00,142.49
2023-12-31T03:00:00+01:00,142.5
2023-12-31T06:00:00+01:00,142.51
2023-12-31T09:00:00+01:00,142.51
2023-12-31T12:00:00+01:00,142.52
2023-12-31T15:00:00+01:00,142.53
2023-12-31T18:00:00+01:00,142.54
2023-12-31T21:00:00+01:00,142.54
2024-01-01T02:01:00+01:00,142.55
2024-01-01T03:00:00+01:00,142.55
2024-01-01T06:00:00+01:00,142.56
2024-01-01T09:00:00+01:00,142.56
2024-01-01T12:00:00+01:00,142.57
2024-01-01T15:00:00+01:00,142.57
2024-01-01T18:00:00+01:00,142.58
2024-01-01T21:00:00+01:00,142.58
2024-01-02T02:01:00+01:00,142.59
2024-01-02T03:00:00+01:00,142.6
2024-01-02T06:00:00+01:00,142.61
2024-01-02T09:00:00+01:00,142.61
2024-01-02T12:00:00+01:00,142.62
2024-01-02T15:00:00+01:00,142.63
2024-01-02T18:00:00+01:00,142.64
2024-01-02T21:00:00+01:00,142.65
2024-01-03T02:01:00+01:00,142.65
2024-01-03T03:00:00+01:00,142.66
2024-01-03T06:00:00+01:00,142.66
2024-01-03T09:00:00+01:00,142.67
2024-01-03T12:00:00+01:00,142.67
2024-01-03T15:00:00+01:00,142.68
2024-01-03T18:00:00+01:00,142.69
2024-01-03T21:00:00+01:00,142.69
2024-01-04T02:01:00+01:00,142.69
2024-01-04T03:00:00+01:00,142.69
2024-01-04T06:00:00+01:00,142.7
2024-01-04T09:00:00+01:00,142.7
2024-01-04T12:00:00+01:00,142.71
2024-01-04T15:00:00+01:00,142.71
2024-01-04T18:00:00+01:00,142.72
2024-01-04T21:00:00+01:00,142.72
2024-01-05T02:01:00+01:00,142.73
2024-01-05T03:00:00+01:00,142.74
2024-01-05T06:00:00+01:00,142.75
2024-01-05T09:00:00+01:00,142.75
2024-01-05T12:00:00+01:00,142.76
2024-01-05T15:00:00+01:00,142.76
2024-01-05T18:00:00+01:00,142.77
2024-01-05T21:00:00+01:00,142.77
2024-01-06T02:01:00+01:00,142.78
2024-01-06T03:00:00+01:00,142.79
2024-01-06T06:00:00+01:00,142.79
2024-01-06T09:00:00+01:00,142.8
2024-01-06T12:00:00+01:00,142.81
2024-01-06T15:00:00+01:00,142.81
2024-01-06T18:00:00+01:00,142.82
2024-01-06T21:00:00+01:00,142.82
2024-01-07T02:01:00+01:00,142.83
2024-01-07T03:00:00+01:00,142.84
2024-01-07T06:00:00+01:00,142.84
2024-01-07T09:00:00+01:00,142.85
2024-01-07T12:00:00+01:00,142.85
2024-01-07T15:00:00+01:00,142.86
2024-01-07T18:00:00+01:00,142.87
2024-01-07T21:00:00+01:00,142.87
2024-01-08T02:01:00+01:00,142.88
2024-01-08T03:00:00+01:00,142.89
2024-01-08T06:00:00+01:00,142.89
2024-01-08T09:00:00+01:00,142.9
2024-01-08T12:00:00+01:00,142.9
2024-01-08T15:00:00+01:00,142.91
2024-01-08T18:00:00+01:00,142.92
2024-01-08T21:00:00+01:00,142.92
2024-01-09T02:01:00+01:00,142.93
2024-01-09T03:00:00+01:00,142.94
2024-01-09T06:00:00+01:00,142.95
2024-01-09T09:00:00+01:00,142.95
2024-01-09T12:00:00+01:00,142.96
2024-01-09T15:00:00+01:00,142.97
2024-01-09T18:00:00+01:00,142.98
2024-01-09T21:00:00+01:00,142.99
2024-01-10T02:01:00+01:00,142.99
2024-01-10T03:00:00+01:00,143.0
2024-01-10T06:00:00+01:00,143.01
2024-01-10T09:00:00+01:00,143.02
2024-01-10T12:00:00+01:00,143.03
2024-01-10T15:00:00+01:00,143.04
2024-01-10T18:00:00+01:00,143.04
2024-01-10T21:00:00+01:00,143.05
2024-01-11T02:01:00+01:00,143.06
2024-01-11T03:00:00+01:00,143.06
2024-01-11T06:00:00+01:00,143.07
2024-01-11T09:00:00+01:00,143.08
2024-01-11T12:00:00+01:00,143.08
2024-01-11T15:00:00+01:00,143.09
2024-01-11T18:00:00+01:00,143.09
2024-01-11T21:00:00+01:00,143.1
2024-01-12T02:01:00+01:00,143.11
2024-01-12T03:00:00+01:00,143.11
2024-01-12T06:00:00+01:00,143.12
2024-01-12T09:00:00+01:00,143.13
2024-01-12T12:00:00+01:00,143.13
2024-01-12T15:00:00+01:00,143.14
2024-01-12T18:00:00+01:00,143.15
2024-01-12T21:00:00+01:00,143.16
2024-01-13T02:01:00+01:00,143.16
2024-01-13T03:00:00+01:00,143.17
2024-01-13T06:00:00+01:00,143.18
2024-01-13T09:00:00+01:00,143.19
2024-01-13T12:00:00+01:00,143.2
2024-01-13T15:00:00+01:00,143.21
2024-01-13T18:00:00+01:00,143.21
2024-01-13T21:00:00+01:00,143.22
2024-01-14T02:01:00+01:00,143.23
2024-01-14T03:00:00+01:00,143.24
2024-01-14T06:00:00+01:00,143.25
2024-01-14T09:00:00+01:00,143.26
2024-01-14T12:00:00+01:00,143.27
2024-01-14T15:00:00+01:00,143.28
2024-01-14T18:00:00+01:00,143.28
2024-01-14T21:00:00+01:00,143.29
2024-01-15T02:01:00+01:00,143.3
2024-01-15T03:00:00+01:00,143.31
2024-01-15T06:00:00+01:00,143.32
2024-01-15T09:00:00+01:00,143.33
2024-01-15T12:00:00+01:00,143.33
2024-01-15T15:00:00+01:00,143.34
2024-01-15T18:00:00+01:00,143.34
2024-01-15T21:00:00+01:00,143.35
2024-01-16T02:01:00+01:00,143.35
2024-01-16T03:00:00+01:00,143.36
2024-01-16T06:00:00+01:00,143.36
2024-01-16T09:00:00+01:00,143.37
2024-01-16T12:00:00+01:00,143.37
2024-01-16T15:00:00+01:00,143.38
2024-01-16T18:00:00+01:00,143.38
2024-01-16T21:00:00+01:00,143.39
2024-01-17T02:01:00+01:00,143.4
2024-01-17T03:00:00+01:00,143.41
2024-01-17T06:00:00+01:00,143.42
2024-01-17T09:00:00+01:00,143.43
2024-01-17T12:00:00+01:00,143.43
2024-01-17T15:00:00+01:00,143.45
2024-01-17T18:00:00+01:00,143.45
2024-01-17T21:00:00+01:00,143.45
2024-01-18T02:01:00+01:00,143.46
2024-01-18T03:00:00+01:00,143.46
2024-01-18T06:00:00+01:00,143.47
2024-01-18T09:00:00+01:00,143.47
2024-01-18T12:00:00+01:00,143.47
2024-01-18T15:00:00+01:00,143.47
2024-01-18T18:00:00+01:00,143.47
2024-01-18T21:00:00+01:00,143.47
2024-01-19T02:01:00+01:00,143.47
2024-01-19T03:00:00+01:00,143.47
2024-01-19T06:00:00+01:00,143.47
2024-01-19T09:00:00+01:00,143.46
2024-01-19T12:00:00+01:00,143.46
2024-01-19T15:00:00+01:00,143.46
2024-01-19T18:00:00+01:00,143.46
2024-01-19T21:00:00+01:00,143.46
2024-01-20T02:01:00+01:00,143.46
2024-01-20T03:00:00+01:00,143.46
2024-01-20T06:00:00+01:00,143.46
2024-01-20T09:00:00+01:00,143.46
2024-01-20T12:00:00+01:00,143.46
2024-01-20T15:00:00+01:00,143.47
2024-01-20T18:00:00+01:00,143.47
2024-01-20T21:00:00+01:00,143.47
2024-01-21T02:01:00+01:00,143.48
2024-01-21T03:00:00+01:00,143.48
2024-01-21T06:00:00+01:00,143.48
2024-01-21T09:00:00+01:00,143.49
2024-01-21T12:00:00+01:00,143.49
2024-01-21T15:00:00+01:00,143.49
2024-01-21T18:00:00+01:00,143.5
2024-01-21T21:00:00+01:00,143.5
2024-01-22T02:01:00+01:00,143.51
2024-01-22T03:00:00+01:00,143.52
2024-01-22T06:00:00+01:00,143.53
2024-01-22T09:00:00+01:00,143.53
2024-01-22T12:00:00+01:00,143.53
2024-01-22T15:00:00+01:00,143.53
2024-01-22T18:00:00+01:00,143.53
2024-01-22T21:00:00+01:00,143.54
2024-01-23T02:01:00+01:00,143.54
2024-01-23T03:00:00+01:00,143.54
2024-01-23T06:00:00+01:00,143.54
2024-01-23T09:00:00+01:00,143.54
2024-01-23T12:00:00+01:00,143.54
2024-01-23T15:00:00+01:00,143.54
2024-01-23T18:00:00+01:00,143.55
2024-01-23T21:00:00+01:00,143.55
2024-01-24T02:01:00+01:00,143.55
2024-01-24T03:00:00+01:00,143.56
2024-01-24T06:00:00+01:00,143.56
2024-01-24T09:00:00+01:00,143.56
2024-01-24T12:00:00+01:00,143.56
2024-01-24T15:00:00+01:00,143.56
2024-01-24T18:00:00+01:00,143.56
2024-01-24T21:00:00+01:00,143.56
2024-01-25T02:01:00+01:00,143.56
2024-01-25T03:00:00+01:00,143.56
2024-01-25T06:00:00+01:00,143.57
2024-01-25T09:00:00+01:00,143.57
2024-01-25T12:00:00+01:00,143.57
2024-01-25T15:00:00+01:00,143.57
2024-01-25T18:00:00+01:00,143.58
2024-01-25T21:00:00+01:00,143.58
2024-01-26T02:01:00+01:00,143.58
2024-01-26T03:00:00+01:00,143.59
2024-01-26T06:00:00+01:00,143.59
2024-01-26T09:00:00+01:00,143.59
2024-01-26T12:00:00+01:00,143.59
2024-01-26T15:00:00+01:00,143.59
2024-01-26T18:00:00+01:00,143.59
2024-01-26T21:00:00+01:00,143.59
2024-01-27T02:01:00+01:00,143.59
2024-01-27T03:00:00+01:00,143.59
2024-01-27T06:00:00+01:00,143.59
2024-01-27T09:00:00+01:00,143.59
2024-01-27T12:00:00+01:00,143.6
2024-01-27T15:00:00+01:00,143.6
2024-01-27T18:00:00+01:00,143.6
2024-01-27T21:00:00+01:00,143.6
2024-01-28T02:01:00+01:00,143.61
2024-01-28T03:00:00+01:00,143.61
2024-01-28T06:00:00+01:00,143.61
2024-01-28T09:00:00+01:00,143.62
2024-01-28T12:00:00+01:00,143.62
2024-01-28T15:00:00+01:00,143.62
2024-01-28T18:00:00+01:00,143.63
2024-01-28T21:00:00+01:00,143.63
2024-01-29T02:01:00+01:00,143.63
2024-01-29T03:00:00+01:00,143.64
2024-01-29T06:00:00+01:00,143.64
2024-01-29T09:00:00+01:00,143.64
2024-01-29T12:00:00+01:00,143.64
2024-01-29T15:00:00+01:00,143.65
2024-01-29T18:00:00+01:00,143.65
2024-01-29T21:00:00+01:00,143.65
2024-01-30T02:01:00+01:00,143.65
2024-01-30T03:00:00+01:00,143.66
2024-01-30T06:00:00+01:00,143.66
2024-01-30T09:00:00+01:00,143.66
2024-01-30T12:00:00+01:00,143.66
2024-01-30T15:00:00+01:00,143.66
2024-01-30T18:00:00+01:00,143.66
2024-01-30T21:00:00+01:00,143.66
2024-01-31T02:01:00+01:00,143.66
2024-01-31T03:00:00+01:00,143.66
2024-01-31T06:00:00+01:00,143.66
2024-01-31T09:00:00+01:00,143.67
2024-01-31T12:00:00+01:00,143.67
2024-01-31T15:00:00+01:00,143.67
2024-01-31T18:00:00+01:00,143.67
2024-01-31T21:00:00+01:00,143.68
2024-02-01T02:01:00+01:00,143.68
2024-02-01T03:00:00+01:00,143.68
2024-02-01T06:00:00+01:00,143.68
2024-02-01T09:00:00+01:00,143.68
2024-02-01T12:00:00+01:00,143.68
2024-02-01T15:00:00+01:00,143.69
2024-02-01T18:00:00+01:00,143.69
2024-02-01T21:00:00+01:00,143.69
2024-02-02T02:01:00+01:00,143.69
2024-02-02T03:00:00+01:00,143.69
2024-02-02T06:00:00+01:00,143.7
2024-02-02T09:00:00+01:00,143.7
2024-02-02T12:00:00+01:00,143.7
2024-02-02T15:00:00+01:00,143.7
2024-02-02T18:00:00+01:00,143.7
2024-02-02T21:00:00+01:00,143.71
2024-02-03T02:01:00+01:00,143.71
2024-02-03T03:00:00+01:00,143.71
2024-02-03T06:00:00+01:00,143.71
2024-02-03T09:00:00+01:00,143.72
2024-02-03T12:00:00+01:00,143.72
2024-02-03T15:00:00+01:00,143.72
2024-02-03T18:00:00+01:00,143.72
2024-02-03T21:00:00+01:00,143.73
2024-02-04T02:01:00+01:00,143.73
2024-02-04T03:00:00+01:00,143.73
2024-02-04T06:00:00+01:00,143.73
2024-02-04T09:00:00+01:00,143.74
2024-02-04T12:00:00+01:00,143.74
2024-02-04T15:00:00+01:00,143.74
2024-02-04T18:00:00+01:00,143.74
2024-02-04T21:00:00+01:00,143.75
2024-02-05T02:01:00+01:00,143.75
2024-02-05T03:00:00+01:00,143.75
2024-02-05T06:00:00+01:00,143.75
2024-02-05T09:00:00+01:00,143.75
2024-02-05T12:00:00+01:00,143.76
2024-02-05T15:00:00+01:00,143.76
2024-02-05T18:00:00+01:00,143.76
2024-02-05T21:00:00+01:00,143.77
2024-02-06T02:01:00+01:00,143.77
2024-02-06T03:00:00+01:00,143.78
2024-02-06T06:00:00+01:00,143.78
2024-02-06T09:00:00+01:00,143.78
2024-02-06T12:00:00+01:00,143.79
2024-02-06T15:00:00+01:00,143.79
2024-02-06T18:00:00+01:00,143.79
2024-02-06T21:00:00+01:00,143.8
2024-02-07T02:01:00+01:00,143.8
2024-02-07T03:00:00+01:00,143.81
2024-02-07T06:00:00+01:00,143.82
2024-02-07T09:00:00+01:00,143.81
2024-02-07T12:00:00+01:00,143.82
2024-02-07T15:00:00+01:00,143.83
2024-02-07T18:00:00+01:00,143.83
2024-02-07T21:00:00+01:00,143.83
2024-02-08T02:01:00+01:00,143.84
2024-02-08T03:00:00+01:00,143.84
2024-02-08T06:00:00+01:00,143.85
2024-02-08T09:00:00+01:00,143.86
2024-02-08T12:00:00+01:00,143.86
2024-02-08T15:00:00+01:00,143.87
2024-02-08T18:00:00+01:00,143.88
2024-02-08T21:00:00+01:00,143.89
2024-02-09T02:01:00+01:00,143.9
2024-02-09T03:00:00+01:00,143.91
2024-02-09T06:00:00+01:00,143.91
2024-02-09T09:00:00+01:00,143.92
2024-02-09T12:00:00+01:00,143.93
2024-02-09T15:00:00+01:00,143.94
2024-02-09T18:00:00+01:00,143.95
2024-02-09T21:00:00+01:00,143.96
2024-02-10T02:01:00+01:00,143.97
2024-02-10T03:00:00+01:00,143.97
2024-02-10T06:00:00+01:00,143.98
2024-02-10T09:00:00+01:00,143.99
2024-02-10T12:00:00+01:00,144.0
2024-02-10T15:00:00+01:00,144.01
2024-02-10T18:00:00+01:00,144.02
2024-02-10T21:00:00+01:00,144.03
2024-02-11T02:01:00+01:00,144.04
2024-02-11T03:00:00+01:00,144.05
2024-02-11T06:00:00+01:00,144.05
2024-02-11T09:00:00+01:00,144.06
2024-02-11T12:00:00+01:00,144.07
2024-02-11T15:00:00+01:00,144.08
2024-02-11T18:00:00+01:00,144.08
2024-02-11T21:00:00+01:00,144.09
2024-02-12T02:01:00+01:00,144.09
2024-02-12T03:00:00+01:00,144.1
2024-02-12T06:00:00+01:00,144.1
2024-02-12T09:00:00+01:00,144.11
2024-02-12T12:00:00+01:00,144.11
2024-02-12T15:00:00+01:00,144.12
2024-02-12T18:00:00+01:00,144.12
2024-02-12T21:00:00+01:00,144.12
2024-02-13T02:01:00+01:00,144.12
2024-02-13T03:00:00+01:00,144.13
2024-02-13T06:00:00+01:00,144.13
2024-02-13T09:00:00+01:00,144.14
2024-02-13T12:00:00+01:00,144.14
2024-02-13T15:00:00+01:00,144.15
2024-02-13T18:00:00+01:00,144.15
2024-02-13T21:00:00+01:00,144.16
2024-02-14T02:01:00+01:00,144.17
2024-02-14T03:00:00+01:00,144.17
2024-02-14T06:00:00+01:00,144.18
2024-02-14T09:00:00+01:00,144.19
2024-02-14T12:00:00+01:00,144.19
2024-02-14T15:00:00+01:00,144.2
2024-02-14T18:00:00+01:00,144.21
2024-02-14T21:00:00+01:00,144.21
2024-02-15T02:01:00+01:00,144.22
2024-02-15T03:00:00+01:00,144.23
2024-02-15T06:00:00+01:00,144.23
2024-02-15T09:00:00+01:00,144.24
2024-02-15T12:00:00+01:00,144.25
2024-02-15T15:00:00+01:00,144.26
2024-02-15T18:00:00+01:00,144.27
2024-02-15T21:00:00+01:00,144.28
2024-02-16T02:01:00+01:00,144.29
2024-02-16T03:00:00+01:00,144.3
2024-02-16T06:00:00+01:00,144.3
2024-02-16T09:00:00+01:00,144.31
2024-02-16T12:00:00+01:00,144.31
2024-02-16T15:00:00+01:00,144.32
2024-02-16T18:00:00+01:00,144.32
2024-02-16T21:00:00+01:00,144.32
2024-02-17T02:01:00+01:00,144.32
2024-02-17T03:00:00+01:00,144.33
2024-02-17T06:00:00+01:00,144.33
2024-02-17T09:00:00+01:00,144.33
2024-02-17T12:00:00+01:00,144.33
2024-02-17T15:00:00+01:00,144.34
2024-02-17T18:00:00+01:00,144.34
2024-02-17T21:00:00+01:00,144.34
2024-02-18T02:01:00+01:00,144.35
2024-02-18T03:00:00+01:00,144.35
2024-02-18T06:00:00+01:00,144.36
2024-02-18T09:00:00+01:00,144.37
2024-02-18T12:00:00+01:00,144.38
2024-02-18T15:00:00+01:00,144.39
2024-02-18T18:00:00+01:00,144.39
2024-02-18T21:00:00+01:00,144.4
2024-02-19T02:01:00+01:00,144.4
2024-02-19T03:00:00+01:00,144.41
2024-02-19T06:00:00+01:00,144.41
2024-02-19T09:00:00+01:00,144.42
2024-02-19T12:00:00+01:00,144.43
2024-02-19T15:00:00+01:00,144.43
2024-02-19T18:00:00+01:00,144.44
2024-02-19T21:00:00+01:00,144.44
2024-02-20T02:01:00+01:00,144.45
2024-02-20T03:00:00+01:00,144.46
2024-02-20T06:00:00+01:00,144.46
2024-02-20T09:00:00+01:00,144.47
2024-02-20T12:00:00+01:00,144.47
2024-02-20T15:00:00+01:00,144.48
2024-02-20T18:00:00+01:00,144.49
2024-02-20T21:00:00+01:00,144.49
2024-02-21T02:01:00+01:00,144.5
2024-02-21T03:00:00+01:00,144.51
2024-02-21T06:00:00+01:00,144.52
2024-02-21T09:00:00+01:00,144.53
2024-02-21T12:00:00+01:00,144.54
2024-02-21T15:00:00+01:00,144.56
2024-02-21T18:00:00+01:00,144.57
2024-02-21T21:00:00+01:00,144.58
2024-02-22T02:01:00+01:00,144.6
2024-02-22T03:00:00+01:00,144.61
2024-02-22T06:00:00+01:00,144.62
2024-02-22T09:00:00+01:00,144.64
2024-02-22T12:00:00+01:00,144.65
2024-02-22T15:00:00+01:00,144.67
2024-02-22T18:00:00+01:00,144.69
2024-02-22T21:00:00+01:00,144.69
2024-02-23T02:01:00+01:00,144.69
2024-02-23T03:00:00+01:00,144.7
2024-02-23T06:00:00+01:00,144.71
2024-02-23T09:00:00+01:00,144.72
2024-02-23T12:00:00+01:00,144.72
2024-02-23T15:00:00+01:00,144.73
2024-02-23T18:00:00+01:00,144.73
2024-02-23T21:00:00+01:00,144.74
2024-02-24T02:01:00+01:00,144.74
2024-02-24T03:00:00+01:00,144.75
2024-02-24T06:00:00+01:00,144.75
2024-02-24T09:00:00+01:00,144.76
2024-02-24T12:00:00+01:00,144.76
2024-02-24T15:00:00+01:00,144.76
2024-02-24T18:00:00+01:00,144.77
2024-02-24T21:00:00+01:00,144.77
2024-02-25T02:01:00+01:00,144.78
2024-02-25T03:00:00+01:00,144.78
2024-02-25T06:00:00+01:00,144.79
2024-02-25T09:00:00+01:00,144.79
2024-02-25T12:00:00+01:00,144.8
2024-02-25T15:00:00+01:00,144.81
2024-02-25T18:00:00+01:00,144.82
2024-02-25T21:00:00+01:00,144.82
2024-02-26T02:01:00+01:00,144.83
2024-02-26T03:00:00+01:00,144.84
2024-02-26T06:00:00+01:00,144.85
2024-02-26T09:00:00+01:00,144.85
2024-02-26T12:00:00+01:00,144.85
2024-02-26T15:00:00+01:00,144.85
2024-02-26T18:00:00+01:00,144.85
2024-02-26T21:00:00+01:00,144.85
2024-02-27T02:01:00+01:00,144.85
2024-02-27T03:00:00+01:00,144.85
2024-02-27T06:00:00+01:00,144.86
2024-02-27T09:00:00+01:00,144.86
2024-02-27T12:00:00+01:00,144.86
2024-02-27T15:00:00+01:00,144.87
2024-02-27T18:00:00+01:00,144.87
2024-02-27T21:00:00+01:00,144.87
2024-02-28T02:01:00+01:00,144.87
2024-02-28T03:00:00+01:00,144.88
2024-02-28T06:00:00+01:00,144.88
2024-02-28T09:00:00+01:00,144.89
2024-02-28T12:00:00+01:00,144.89
2024-02-28T15:00:00+01:00,144.9
2024-02-28T18:00:00+01:00,144.91
2024-02-28T21:00:00+01:00,144.92
2024-02-29T02:01:00+01:00,144.93
2024-02-29T03:00:00+01:00,144.94
2024-02-29T06:00:00+01:00,144.95
2024-02-29T09:00:00+01:00,144.96
2024-02-29T12:00:00+01:00,144.97
2024-02-29T15:00:00+01:00,144.99
2024-02-29T18:00:00+01:00,145.0
2024-02-29T21:00:00+01:00,145.01
2024-03-01T02:01:00+01:00,145.02
2024-03-01T03:00:00+01:00,145.03
2024-03-01T06:00:00+01:00,145.04
2024-03-01T09:00:00+01:00,145.05
2024-03-01T12:00:00+01:00,145.06
2024-03-01T15:00:00+01:00,145.07
2024-03-01T18:00:00+01:00,145.08
2024-03-01T21:00:00+01:00,145.09
2024-03-02T02:01:00+01:00,145.1
2024-03-02T03:00:00+01:00,145.11
2024-03-02T06:00:00+01:00,145.12
2024-03-02T09:00:00+01:00,145.12
2024-03-02T12:00:00+01:00,145.14
2024-03-02T15:00:00+01:00,145.15
2024-03-02T18:00:00+01:00,145.15
2024-03-02T21:00:00+01:00,145.16
2024-03-03T02:01:00+01:00,145.17
2024-03-03T03:00:00+01:00,145.18
2024-03-03T06:00:00+01:00,145.19
2024-03-03T09:00:00+01:00,145.19
2024-03-03T12:00:00+01:00,145.2
2024-03-03T15:00:00+01:00,145.21
2024-03-03T18:00:00+01:00,145.21
2024-03-03T21:00:00+01:00,145.21
2024-03-04T02:01:00+01:00,145.22
2024-03-04T03:00:00+01:00,145.22
2024-03-04T06:00:00+01:00,145.22
2024-03-04T09:00:00+01:00,145.23
2024-03-04T12:00:00+01:00,145.23
2024-03-04T15:00:00+01:00,145.24
2024-03-04T18:00:00+01:00,145.24
2024-03-04T21:00:00+01:00,145.25
2024-03-05T02:01:00+01:00,145.25
2024-03-05T03:00:00+01:00,145.26
2024-03-05T06:00:00+01:00,145.26
2024-03-05T09:00:00+01:00,145.27
2024-03-05T12:00:00+01:00,145.27
2024-03-05T15:00:00+01:00,145.28
2024-03-05T18:00:00+01:00,145.28
2024-03-05T21:00:00+01:00,145.28
2024-03-06T02:01:00+01:00,145.29
2024-03-06T03:00:00+01:00,145.29
2024-03-06T06:00:00+01:00,145.29
2024-03-06T09:00:00+01:00,145.29
2024-03-06T12:00:00+01:00,145.3
2024-03-06T15:00:00+01:00,145.3
2024-03-06T18:00:00+01:00,145.3
2024-03-06T21:00:00+01:00,145.31
2024-03-07T02:01:00+01:00,145.31
2024-03-07T03:00:00+01:00,145.32
2024-03-07T06:00:00+01:00,145.32
2024-03-07T09:00:00+01:00,145.33
2024-03-07T12:00:00+01:00,145.34
2024-03-07T15:00:00+01:00,145.34
2024-03-07T18:00:00+01:00,145.35
2024-03-07T21:00:00+01:00,145.36
2024-03-08T02:01:00+01:00,145.37
2024-03-08T03:00:00+01:00,145.38
2024-03-08T06:00:00+01:00,145.38
2024-03-08T09:00:00+01:00,145.39
2024-03-08T12:00:00+01:00,145.4
2024-03-08T15:00:00+01:00,145.42
2024-03-08T18:00:00+01:00,145.42
2024-03-08T21:00:00+01:00,145.43
2024-03-09T02:01:00+01:00,145.44
2024-03-09T03:00:00+01:00,145.45
2024-03-09T06:00:00+01:00,145.46
2024-03-09T09:00:00+01:00,145.47
2024-03-09T12:00:00+01:00,145.48
2024-03-09T15:00:00+01:00,145.49
2024-03-09T18:00:00+01:00,145.49
2024-03-09T21:00:00+01:00,145.5
2024-03-10T02:01:00+01:00,145.51
2024-03-10T03:00:00+01:00,145.52
2024-03-10T06:00:00+01:00,145.53
2024-03-10T09:00:00+01:00,145.53
2024-03-10T12:00:00+01:00,145.54
2024-03-10T15:00:00+01:00,145.55
2024-03-10T18:00:00+01:00,145.55
2024-03-10T21:00:00+01:00,145.56
2024-03-11T02:01:00+01:00,145.56
2024-03-11T03:00:00+01:00,145.57
2024-03-11T06:00:00+01:00,145.57
2024-03-11T09:00:00+01:00,145.57
2024-03-11T12:00:00+01:00,145.58
2024-03-11T15:00:00+01:00,145.58
2024-03-11T18:00:00+01:00,145.58
2024-03-11T21:00:00+01:00,145.58
2024-03-12T02:01:00+01:00,145.58
2024-03-12T03:00:00+01:00,145.58
2024-03-12T06:00:00+01:00,145.58
2024-03-12T09:00:00+01:00,145.58
2024-03-12T12:00:00+01:00,145.58
2024-03-12T15:00:00+01:00,145.58
2024-03-12T18:00:00+01:00,145.59
2024-03-12T21:00:00+01:00,145.59
2024-03-13T02:01:00+01:00,145.6
2024-03-13T03:00:00+01:00,145.6
2024-03-13T06:00:00+01:00,145.61
2024-03-13T09:00:00+01:00,145.61
2024-03-13T12:00:00+01:00,145.61
2024-03-13T15:00:00+01:00,145.62
2024-03-13T18:00:00+01:00,145.62
2024-03-13T21:00:00+01:00,145.63
2024-03-14T02:01:00+01:00,145.64
2024-03-14T03:00:00+01:00,145.64
2024-03-14T06:00:00+01:00,145.65
2024-03-14T09:00:00+01:00,145.66
2024-03-14T12:00:00+01:00,145.67
2024-03-14T15:00:00+01:00,145.68
2024-03-14T18:00:00+01:00,145.69
2024-03-14T21:00:00+01:00,145.7
2024-03-15T02:01:00+01:00,145.7
2024-03-15T03:00:00+01:00,145.71
2024-03-15T06:00:00+01:00,145.72
2024-03-15T09:00:00+01:00,145.73
2024-03-15T12:00:00+01:00,145.73
2024-03-15T15:00:00+01:00,145.74
2024-03-15T18:00:00+01:00,145.75
2024-03-15T21:00:00+01:00,145.76
2024-03-16T02:01:00+01:00,145.76
2024-03-16T03:00:00+01:00,145.77
2024-03-16T06:00:00+01:00,145.77
2024-03-16T09:00:00+01:00,145.77
2024-03-16T12:00:00+01:00,145.77
2024-03-16T15:00:00+01:00,145.78
2024-03-16T18:00:00+01:00,145.78
2024-03-16T21:00:00+01:00,145.79
2024-03-17T02:01:00+01:00,145.79
2024-03-17T03:00:00+01:00,145.8
2024-03-17T06:00:00+01:00,145.81
2024-03-17T09:00:00+01:00,145.81
2024-03-17T12:00:00+01:00,145.82
2024-03-17T15:00:00+01:00,145.83
2024-03-17T18:00:00+01:00,145.84
2024-03-17T21:00:00+01:00,145.85
2024-03-18T02:01:00+01:00,145.85
2024-03-18T03:00:00+01:00,145.86
2024-03-18T06:00:00+01:00,145.87
2024-03-18T09:00:00+01:00,145.88
2024-03-18T12:00:00+01:00,145.88
2024-03-18T15:00:00+01:00,145.89
2024-03-18T18:00:00+01:00,145.9
2024-03-18T21:00:00+01:00,145.9
2024-03-19T02:01:00+01:00,145.91
2024-03-19T03:00:00+01:00,145.92
2024-03-19T06:00:00+01:00,145.92
2024-03-19T09:00:00+01:00,145.93
2024-03-19T12:00:00+01:00,145.94
2024-03-19T15:00:00+01:00,145.94
2024-03-19T18:00:00+01:00,145.95
2024-03-19T21:00:00+01:00,145.95
2024-03-20T02:01:00+01:00,145.96
2024-03-20T03:00:00+01:00,145.97
2024-03-20T06:00:00+01:00,145.97
2024-03-20T09:00:00+01:00,145.98
2024-03-20T12:00:00+01:00,145.98
2024-03-20T15:00:00+01:00,145.99
2024-03-20T18:00:00+01:00,146.0
2024-03-20T21:00:00+01:00,146.0
2024-03-21T02:01:00+01:00,146.01
2024-03-21T03:00:00+01:00,146.01
2024-03-21T06:00:00+01:00,146.02
2024-03-21T09:00:00+01:00,146.02
2024-03-21T12:00:00+01:00,146.02
2024-03-21T15:00:00+01:00,146.03
2024-03-21T18:00:00+01:00,146.03
2024-03-21T21:00:00+01:00,146.04
2024-03-22T02:01:00+01:00,146.04
2024-03-22T03:00:00+01:00,146.05
2024-03-22T06:00:00+01:00,146.06
2024-03-22T09:00:00+01:00,146.07
2024-03-22T12:00:00+01:00,146.08
2024-03-22T15:00:00+01:00,146.09
2024-03-22T18:00:00+01:00,146.1
2024-03-22T21:00:00+01:00,146.11
2024-03-23T02:01:00+01:00,146.12
2024-03-23T03:00:00+01:00,146.12
2024-03-23T06:00:00+01:00,146.13
2024-03-23T09:00:00+01:00,146.14
2024-03-23T12:00:00+01:00,146.15
2024-03-23T15:00:00+01:00,146.15
2024-03-23T18:00:00+01:00,146.16
2024-03-23T21:00:00+01:00,146.17
2024-03-24T02:01:00+01:00,146.18
2024-03-24T03:00:00+01:00,146.19
2024-03-24T06:00:00+01:00,146.2
2024-03-24T09:00:00+01:00,146.2
2024-03-24T12:00:00+01:00,146.21
2024-03-24T15:00:00+01:00,146.21
2024-03-24T18:00:00+01:00,146.22
2024-03-24T21:00:00+01:00,146.22
2024-03-25T02:01:00+01:00,146.23
2024-03-25T03:00:00+01:00,146.24
2024-03-25T06:00:00+01:00,146.24
2024-03-25T09:00:00+01:00,146.25
2024-03-25T12:00:00+01:00,146.26
2024-03-25T15:00:00+01:00,146.27
2024-03-25T18:00:00+01:00,146.28
2024-03-25T21:00:00+01:00,146.29
2024-03-26T02:01:00+01:00,146.3
2024-03-26T03:00:00+01:00,146.31
2024-03-26T06:00:00+01:00,146.32
2024-03-26T09:00:00+01:00,146.33
2024-03-26T12:00:00+01:00,146.34
2024-03-26T15:00:00+01:00,146.36
2024-03-26T18:00:00+01:00,146.37
2024-03-26T21:00:00+01:00,146.38
2024-03-27T02:01:00+01:00,146.39
2024-03-27T03:00:00+01:00,146.4
2024-03-27T06:00:00+01:00,146.4
2024-03-27T09:00:00+01:00,146.41
2024-03-27T12:00:00+01:00,146.41
2024-03-27T15:00:00+01:00,146.42
2024-03-27T18:00:00+01:00,146.43
2024-03-27T21:00:00+01:00,146.43
2024-03-28T02:01:00+01:00,146.44
2024-03-28T03:00:00+01:00,146.45
2024-03-28T06:00:00+01:00,146.46
2024-03-28T09:00:00+01:00,146.47
2024-03-28T12:00:00+01:00,146.47
2024-03-28T15:00:00+01:00,146.47
2024-03-28T18:00:00+01:00,146.47
2024-03-28T21:00:00+01:00,146.48
2024-03-29T02:01:00+01:00,146.48
2024-03-29T03:00:00+01:00,146.48
2024-03-29T06:00:00+01:00,146.49
2024-03-29T09:00:00+01:00,146.49
2024-03-29T12:00:00+01:00,146.49
2024-03-29T15:00:00+01:00,146.5
2024-03-29T18:00:00+01:00,146.5
2024-03-29T21:00:00+01:00,146.5
2024-03-30T02:01:00+01:00,146.5
2024-03-30T03:00:00+01:00,146.51
2024-03-30T06:00:00+01:00,146.52
2024-03-30T09:00:00+01:00,146.53
2024-03-30T12:00:00+01:00,146.53
2024-03-30T15:00:00+01:00,146.52
2024-03-30T18:00:00+01:00,146.53
2024-03-30T21:00:00+01:00,146.53
2024-03-31T01:01:00+01:00,146.53
2024-03-31T03:00:00+02:00,146.54
2024-03-31T06:00:00+02:00,146.55
2024-03-31T09:00:00+02:00,146.55
2024-03-31T12:00:00+02:00,146.56
2024-03-31T15:00:00+02:00,146.56
2024-03-31T18:00:00+02:00,146.57
2024-03-31T21:00:00+02:00,146.57
2024-04-01T02:01:00+02:00,146.58
2024-04-01T03:00:00+02:00,146.59
2024-04-01T06:00:00+02:00,146.59
2024-04-01T09:00:00+02:00,146.59
2024-04-01T12:00:00+02:00,146.59
2024-04-01T15:00:00+02:00,146.59
2024-04-01T18:00:00+02:00,146.59
2024-04-01T21:00:00+02:00,146.59
2024-04-02T02:01:00+02:00,146.59
2024-04-02T03:00:00+02:00,146.59
2024-04-02T06:00:00+02:00,146.59
2024-04-02T09:00:00+02:00,146.59
2024-04-02T12:00:00+02:00,146.6
2024-04-02T15:00:00+02:00,146.6
2024-04-02T18:00:00+02:00,146.6
2024-04-02T21:00:00+02:00,146.6
2024-04-03T02:01:00+02:00,146.6
2024-04-03T03:00:00+02:00,146.61
2024-04-03T06:00:00+02:00,146.62
2024-04-03T09:00:00+02:00,146.62
2024-04-03T12:00:00+02:00,146.62
2024-04-03T15:00:00+02:00,146.63
2024-04-03T18:00:00+02:00,146.63
2024-04-03T21:00:00+02:00,146.63
2024-04-04T02:01:00+02:00,146.63
2024-04-04T03:00:00+02:00,146.64
2024-04-04T06:00:00+02:00,146.64
2024-04-04T09:00:00+02:00,146.64
2024-04-04T12:00:00+02:00,146.64
2024-04-04T15:00:00+02:00,146.65
2024-04-04T18:00:00+02:00,146.65
2024-04-04T21:00:00+02:00,146.65
2024-04-05T02:01:00+02:00,146.65
2024-04-05T03:00:00+02:00,146.65
2024-04-05T06:00:00+02:00,146.66
2024-04-05T09:00:00+02:00,146.67
2024-04-05T12:00:00+02:00,146.66
2024-04-05T15:00:00+02:00,146.67
2024-04-05T18:00:00+02:00,146.67
2024-04-05T21:00:00+02:00,146.67
2024-04-06T02:01:00+02:00,146.67
2024-04-06T03:00:00+02:00,146.68
2024-04-06T06:00:00+02:00,146.68
2024-04-06T09:00:00+02:00,146.69
2024-04-06T12:00:00+02:00,146.69
2024-04-06T15:00:00+02:00,146.69
2024-04-06T18:00:00+02:00,146.7
2024-04-06T21:00:00+02:00,146.7
2024-04-07T02:01:00+02:00,146.71
2024-04-07T03:00:00+02:00,146.7
2024-04-07T06:00:00+02:00,146.71
2024-04-07T09:00:00+02:00,146.71
2024-04-07T12:00:00+02:00,146.71
2024-04-07T15:00:00+02:00,146.72
2024-04-07T18:00:00+02:00,146.72
2024-04-07T21:00:00+02:00,146.73
2024-04-08T02:01:00+02:00,146.73
2024-04-08T03:00:00+02:00,146.73
2024-04-08T06:00:00+02:00,146.74
2024-04-08T09:00:00+02:00,146.75
2024-04-08T12:00:00+02:00,146.75
2024-04-08T15:00:00+02:00,146.76
2024-04-08T18:00:00+02:00,146.77
2024-04-08T21:00:00+02:00,146.77
2024-04-09T02:01:00+02:00,146.77
2024-04-09T03:00:00+02:00,146.78
2024-04-09T06:00:00+02:00,146.78
2024-04-09T09:00:00+02:00,146.78
2024-04-09T12:00:00+02:00,146.78
2024-04-09T15:00:00+02:00,146.78
2024-04-09T18:00:00+02:00,146.77
2024-04-09T21:00:00+02:00,146.77
2024-04-10T02:01:00+02:00,146.77
2024-04-10T03:00:00+02:00,146.77
2024-04-10T06:00:00+02:00,146.76
2024-04-10T09:00:00+02:00,146.76
2024-04-10T12:00:00+02:00,146.76
2024-04-10T15:00:00+02:00,146.76
2024-04-10T18:00:00+02:00,146.76
2024-04-10T21:00:00+02:00,146.76
2024-04-11T02:01:00+02:00,146.76
2024-04-11T03:00:00+02:00,146.76
2024-04-11T06:00:00+02:00,146.76
2024-04-11T09:00:00+02:00,146.76
2024-04-11T12:00:00+02:00,146.76
2024-04-11T15:00:00+02:00,146.77
2024-04-11T18:00:00+02:00,146.77
2024-04-11T21:00:00+02:00,146.77
2024-04-12T02:01:00+02:00,146.77
2024-04-12T03:00:00+02:00,146.77
2024-04-12T06:00:00+02:00,146.78
2024-04-12T09:00:00+02:00,146.78
2024-04-12T12:00:00+02:00,146.78
2024-04-12T15:00:00+02:00,146.79
2024-04-12T18:00:00+02:00,146.79
2024-04-12T21:00:00+02:00,146.79
2024-04-13T02:01:00+02:00,146.8
2024-04-13T03:00:00+02:00,146.8
2024-04-13T06:00:00+02:00,146.8
2024-04-13T09:00:00+02:00,146.81
2024-04-13T12:00:00+02:00,146.82
2024-04-13T15:00:00+02:00,146.83
2024-04-13T18:00:00+02:00,146.83
2024-04-13T21:00:00+02:00,146.83
2024-04-14T02:01:00+02:00,146.84
2024-04-14T03:00:00+02:00,146.84
2024-04-14T06:00:00+02:00,146.84
2024-04-14T09:00:00+02:00,146.84
2024-04-14T12:00:00+02:00,146.85
2024-04-14T15:00:00+02:00,146.85
2024-04-14T18:00:00+02:00,146.86
2024-04-14T21:00:00+02:00,146.86
2024-04-15T02:01:00+02:00,146.87
2024-04-15T03:00:00+02:00,146.87
2024-04-15T06:00:00+02:00,146.88
2024-04-15T09:00:00+02:00,146.89
2024-04-15T12:00:00+02:00,146.9
2024-04-15T15:00:00+02:00,146.91
2024-04-15T18:00:00+02:00,146.91
2024-04-15T21:00:00+02:00,146.92
2024-04-16T02:01:00+02:00,146.92
2024-04-16T03:00:00+02:00,146.93
2024-04-16T06:00:00+02:00,146.93
2024-04-16T09:00:00+02:00,146.94
2024-04-16T12:00:00+02:00,146.94
2024-04-16T15:00:00+02:00,146.94
2024-04-16T18:00:00+02:00,146.94
2024-04-16T21:00:00+02:00,146.94
2024-04-17T02:01:00+02:00,146.94
2024-04-17T03:00:00+02:00,146.94
2024-04-17T06:00:00+02:00,146.94
2024-04-17T09:00:00+02:00,146.94
2024-04-17T12:00:00+02:00,146.94
2024-04-17T15:00:00+02:00,146.94
2024-04-17T18:00:00+02:00,146.95
2024-04-17T21:00:00+02:00,146.94
2024-04-18T02:01:00+02:00,146.94
2024-04-18T03:00:00+02:00,146.94
2024-04-18T06:00:00+02:00,146.94
2024-04-18T09:00:00+02:00,146.94
2024-04-18T12:00:00+02:00,146.94
2024-04-18T15:00:00+02:00,146.94
2024-04-18T18:00:00+02:00,146.94
2024-04-18T21:00:00+02:00,146.94
2024-04-19T02:01:00+02:00,146.95
2024-04-19T03:00:00+02:00,146.95
2024-04-19T06:00:00+02:00,146.96
2024-04-19T09:00:00+02:00,146.96
2024-04-19T12:00:00+02:00,146.97
2024-04-19T15:00:00+02:00,146.97
2024-04-19T18:00:00+02:00,146.97
2024-04-19T21:00:00+02:00,146.97
2024-04-20T02:01:00+02:00,146.97
2024-04-20T03:00:00+02:00,146.96
2024-04-20T06:00:00+02:00,146.96
2024-04-20T09:00:00+02:00,146.96
2024-04-20T12:00:00+02:00,146.95
2024-04-20T15:00:00+02:00,146.96
2024-04-20T18:00:00+02:00,146.96
2024-04-20T21:00:00+02:00,146.96
2024-04-21T02:01:00+02:00,146.96
2024-04-21T03:00:00+02:00,146.96
2024-04-21T06:00:00+02:00,146.97
2024-04-21T09:00:00+02:00,146.96
2024-04-21T12:00:00+02:00,146.96
2024-04-21T15:00:00+02:00,146.96
2024-04-21T18:00:00+02:00,146.96
2024-04-21T21:00:00+02:00,146.96
2024-04-22T02:01:00+02:00,146.96
2024-04-22T03:00:00+02:00,146.96
2024-04-22T06:00:00+02:00,146.97
2024-04-22T09:00:00+02:00,146.97
2024-04-22T12:00:00+02:00,146.97
2024-04-22T15:00:00+02:00,146.97
2024-04-22T18:00:00+02:00,146.98
2024-04-22T21:00:00+02:00,146.98
2024-04-23T02:01:00+02:00,146.98
2024-04-23T03:00:00+02:00,146.98
2024-04-23T06:00:00+02:00,146.98
2024-04-23T09:00:00+02:00,146.99
2024-04-23T12:00:00+02:00,146.99
2024-04-23T15:00:00+02:00,146.99
2024-04-23T18:00:00+02:00,147.0
2024-04-23T21:00:00+02:00,147.0
2024-04-24T02:01:00+02:00,147.01
2024-04-24T03:00:00+02:00,147.01
2024-04-24T06:00:00+02:00,147.02
2024-04-24T09:00:00+02:00,147.02
2024-04-24T12:00:00+02:00,147.02
2024-04-24T15:00:00+02:00,147.03
2024-04-24T18:00:00+02:00,147.03
2024-04-24T21:00:00+02:00,147.03
2024-04-25T02:01:00+02:00,147.03
2024-04-25T03:00:00+02:00,147.04
2024-04-25T06:00:00+02:00,147.04
2024-04-25T09:00:00+02:00,147.04
2024-04-25T12:00:00+02:00,147.05
2024-04-25T15:00:00+02:00,147.05
2024-04-25T18:00:00+02:00,147.06
2024-04-25T21:00:00+02:00,147.06
2024-04-26T02:01:00+02:00,147.06
2024-04-26T03:00:00+02:00,147.07
2024-04-26T06:00:00+02:00,147.07
2024-04-26T09:00:00+02:00,147.07
2024-04-26T12:00:00+02:00,147.07
2024-04-26T15:00:00+02:00,147.07
2024-04-26T18:00:00+02:00,147.07
2024-04-26T21:00:00+02:00,147.07
2024-04-27T02:01:00+02:00,147.07
2024-04-27T03:00:00+02:00,147.08
2024-04-27T06:00:00+02:00,147.08
2024-04-27T09:00:00+02:00,147.08
2024-04-27T12:00:00+02:00,147.08
2024-04-27T15:00:00+02:00,147.08
2024-04-27T18:00:00+02:00,147.08
2024-04-27T21:00:00+02:00,147.08
2024-04-28T02:01:00+02:00,147.08
2024-04-28T03:00:00+02:00,147.08
2024-04-28T06:00:00+02:00,147.08
2024-04-28T09:00:00+02:00,147.08
2024-04-28T12:00:00+02:00,147.08
2024-04-28T15:00:00+02:00,147.07
2024-04-28T18:00:00+02:00,147.07
2024-04-28T21:00:00+02:00,147.06
2024-04-29T02:01:00+02:00,147.06
2024-04-29T03:00:00+02:00,147.06
2024-04-29T06:00:00+02:00,147.05
2024-04-29T09:00:00+02:00,147.05
2024-04-29T12:00:00+02:00,147.05
2024-04-29T15:00:00+02:00,147.05
2024-04-29T18:00:00+02:00,147.05
2024-04-29T21:00:00+02:00,147.05
2024-04-30T02:01:00+02:00,147.05
2024-04-30T03:00:00+02:00,147.05
2024-04-30T06:00:00+02:00,147.05
2024-04-30T09:00:00+02:00,147.06
2024-04-30T12:00:00+02:00,147.06
2024-04-30T15:00:00+02:00,147.06
2024-04-30T18:00:00+02:00,147.07
2024-04-30T21:00:00+02:00,147.07
2024-05-01T02:01:00+02:00,147.07
2024-05-01T03:00:00+02:00,147.07
2024-05-01T06:00:00+02:00,147.08
2024-05-01T09:00:00+02:00,147.08
2024-05-01T12:00:00+02:00,147.09
2024-05-01T15:00:00+02:00,147.09
2024-05-01T18:00:00+02:00,147.1
2024-05-01T21:00:00+02:00,147.1
2024-05-02T02:01:00+02:00,147.1
2024-05-02T03:00:00+02:00,147.11
2024-05-02T06:00:00+02:00,147.11
2024-05-02T09:00:00+02:00,147.11
2024-05-02T12:00:00+02:00,147.11
2024-05-02T15:00:00+02:00,147.11
2024-05-02T18:00:00+02:00,147.11
2024-05-02T21:00:00+02:00,147.11
2024-05-03T02:01:00+02:00,147.11
2024-05-03T03:00:00+02:00,147.1
2024-05-03T06:00:00+02:00,147.1
2024-05-03T09:00:00+02:00,147.09
2024-05-03T12:00:00+02:00,147.09
2024-05-03T15:00:00+02:00,147.09
2024-05-03T18:00:00+02:00,147.09
2024-05-03T21:00:00+02:00,147.08
2024-05-04T02:01:00+02:00,147.08
2024-05-04T03:00:00+02:00,147.08
2024-05-04T06:00:00+02:00,147.08
2024-05-04T09:00:00+02:00,147.08
2024-05-04T12:00:00+02:00,147.09
2024-05-04T15:00:00+02:00,147.09
2024-05-04T18:00:00+02:00,147.09
2024-05-04T21:00:00+02:00,147.1
2024-05-05T02:01:00+02:00,147.1
2024-05-05T03:00:00+02:00,147.1
2024-05-05T06:00:00+02:00,147.1
2024-05-05T09:00:00+02:00,147.1
2024-05-05T12:00:00+02:00,147.1
2024-05-05T15:00:00+02:00,147.1
2024-05-05T18:00:00+02:00,147.1
2024-05-05T21:00:00+02:00,147.11
2024-05-06T02:01:00+02:00,147.11
2024-05-06T03:00:00+02:00,147.11
2024-05-06T06:00:00+02:00,147.11
2024-05-06T09:00:00+02:00,147.11
2024-05-06T12:00:00+02:00,147.11
2024-05-06T15:00:00+02:00,147.11
2024-05-06T18:00:00+02:00,147.11
2024-05-06T21:00:00+02:00,147.11
2024-05-07T02:01:00+02:00,147.11
2024-05-07T03:00:00+02:00,147.1
2024-05-07T06:00:00+02:00,147.1
2024-05-07T09:00:00+02:00,147.1
2024-05-07T12:00:00+02:00,147.09
2024-05-07T15:00:00+02:00,147.09
2024-05-07T18:00:00+02:00,147.09
2024-05-07T21:00:00+02:00,147.08
2024-05-08T02:01:00+02:00,147.08
2024-05-08T03:00:00+02:00,147.08
2024-05-08T06:00:00+02:00,147.08
2024-05-08T09:00:00+02:00,147.07
2024-05-08T12:00:00+02:00,147.07
2024-05-08T15:00:00+02:00,147.07
2024-05-08T18:00:00+02:00,147.07
2024-05-08T21:00:00+02:00,147.07
2024-05-09T02:01:00+02:00,147.07
2024-05-09T03:00:00+02:00,147.07
2024-05-09T06:00:00+02:00,147.07
2024-05-09T09:00:00+02:00,147.07
2024-05-09T12:00:00+02:00,147.07
2024-05-09T15:00:00+02:00,147.08
2024-05-09T18:00:00+02:00,147.08
2024-05-09T21:00:00+02:00,147.08
2024-05-10T02:01:00+02:00,147.08
2024-05-10T03:00:00+02:00,147.08
2024-05-10T06:00:00+02:00,147.08
2024-05-10T09:00:00+02:00,147.08
2024-05-10T12:00:00+02:00,147.09
2024-05-10T15:00:00+02:00,147.09
2024-05-10T18:00:00+02:00,147.09
2024-05-10T21:00:00+02:00,147.09
2024-05-11T02:01:00+02:00,147.09
2024-05-11T03:00:00+02:00,147.1
2024-05-11T06:00:00+02:00,147.1
2024-05-11T09:00:00+02:00,147.1
2024-05-11T12:00:00+02:00,147.1
2024-05-11T15:00:00+02:00,147.1
2024-05-11T18:00:00+02:00,147.11
2024-05-11T21:00:00+02:00,147.11
2024-05-12T02:01:00+02:00,147.11
2024-05-12T03:00:00+02:00,147.11
2024-05-12T06:00:00+02:00,147.11
2024-05-12T09:00:00+02:00,147.12
2024-05-12T12:00:00+02:00,147.12
2024-05-12T15:00:00+02:00,147.12
2024-05-12T18:00:00+02:00,147.13
2024-05-12T21:00:00+02:00,147.13
2024-05-13T02:01:00+02:00,147.13
2024-05-13T03:00:00+02:00,147.13
2024-05-13T06:00:00+02:00,147.13
2024-05-13T09:00:00+02:00,147.13
2024-05-13T12:00:00+02:00,147.13
2024-05-13T15:00:00+02:00,147.14
2024-05-13T18:00:00+02:00,147.14
2024-05-13T21:00:00+02:00,147.14
2024-05-14T02:01:00+02:00,147.15
2024-05-14T03:00:00+02:00,147.15
2024-05-14T06:00:00+02:00,147.15
2024-05-14T09:00:00+02:00,147.15
2024-05-14T12:00:00+02:00,147.16
2024-05-14T15:00:00+02:00,147.16
2024-05-14T18:00:00+02:00,147.16
2024-05-14T21:00:00+02:00,147.16
2024-05-15T02:01:00+02:00,147.16
2024-05-15T03:00:00+02:00,147.16
2024-05-15T06:00:00+02:00,147.16
2024-05-15T09:00:00+02:00,147.16
2024-05-15T12:00:00+02:00,147.16
2024-05-15T15:00:00+02:00,147.16
2024-05-15T18:00:00+02:00,147.16
2024-05-15T21:00:00+02:00,147.16
2024-05-16T02:01:00+02:00,147.16
2024-05-16T03:00:00+02:00,147.17
2024-05-16T06:00:00+02:00,147.17
2024-05-16T09:00:00+02:00,147.17
2024-05-16T12:00:00+02:00,147.17
2024-05-16T15:00:00+02:00,147.17
2024-05-16T18:00:00+02:00,147.17
2024-05-16T21:00:00+02:00,147.16
2024-05-17T02:01:00+02:00,147.16
2024-05-17T03:00:00+02:00,147.17
2024-05-17T06:00:00+02:00,147.16
2024-05-17T09:00:00+02:00,147.17
2024-05-17T12:00:00+02:00,147.17
2024-05-17T15:00:00+02:00,147.17
2024-05-17T18:00:00+02:00,147.18
2024-05-17T21:00:00+02:00,147.17
2024-05-18T02:01:00+02:00,147.18
2024-05-18T03:00:00+02:00,147.18
2024-05-18T06:00:00+02:00,147.19
2024-05-18T09:00:00+02:00,147.19
2024-05-18T12:00:00+02:00,147.2
2024-05-18T15:00:00+02:00,147.21
2024-05-18T18:00:00+02:00,147.22
2024-05-18T21:00:00+02:00,147.22
2024-05-19T02:01:00+02:00,147.23
2024-05-19T03:00:00+02:00,147.24
2024-05-19T06:00:00+02:00,147.24
2024-05-19T09:00:00+02:00,147.25
2024-05-19T12:00:00+02:00,147.25
2024-05-19T15:00:00+02:00,147.26
2024-05-19T18:00:00+02:00,147.27
2024-05-19T21:00:00+02:00,147.27
2024-05-20T02:01:00+02:00,147.28
2024-05-20T03:00:00+02:00,147.29
2024-05-20T06:00:00+02:00,147.29
2024-05-20T09:00:00+02:00,147.29
2024-05-20T12:00:00+02:00,147.3
2024-05-20T15:00:00+02:00,147.31
2024-05-20T18:00:00+02:00,147.31
2024-05-20T21:00:00+02:00,147.32
2024-05-21T02:01:00+02:00,147.32
2024-05-21T03:00:00+02:00,147.33
2024-05-21T06:00:00+02:00,147.34
2024-05-21T09:00:00+02:00,147.34
2024-05-21T12:00:00+02:00,147.34
2024-05-21T15:00:00+02:00,147.35
2024-05-21T18:00:00+02:00,147.36
2024-05-21T21:00:00+02:00,147.36
2024-05-22T02:01:00+02:00,147.36
2024-05-22T03:00:00+02:00,147.37
2024-05-22T06:00:00+02:00,147.37
2024-05-22T09:00:00+02:00,147.37
2024-05-22T12:00:00+02:00,147.37
2024-05-22T15:00:00+02:00,147.38
2024-05-22T18:00:00+02:00,147.38
2024-05-22T21:00:00+02:00,147.38
2024-05-23T02:01:00+02:00,147.38
2024-05-23T03:00:00+02:00,147.39
2024-05-23T06:00:00+02:00,147.39
2024-05-23T09:00:00+02:00,147.39
2024-05-23T12:00:00+02:00,147.39
2024-05-23T15:00:00+02:00,147.4
2024-05-23T18:00:00+02:00,147.4
2024-05-23T21:00:00+02:00,147.4
2024-05-24T02:01:00+02:00,147.41
2024-05-24T03:00:00+02:00,147.41
2024-05-24T06:00:00+02:00,147.41
2024-05-24T09:00:00+02:00,147.41
2024-05-24T12:00:00+02:00,147.42
2024-05-24T15:00:00+02:00,147.42
2024-05-24T18:00:00+02:00,147.43
2024-05-24T21:00:00+02:00,147.44
2024-05-25T02:01:00+02:00,147.45
2024-05-25T03:00:00+02:00,147.45
2024-05-25T06:00:00+02:00,147.46
2024-05-25T09:00:00+02:00,147.47
2024-05-25T12:00:00+02:00,147.48
2024-05-25T15:00:00+02:00,147.49
2024-05-25T18:00:00+02:00,147.5
2024-05-25T21:00:00+02:00,147.52
2024-05-26T02:01:00+02:00,147.53
2024-05-26T03:00:00+02:00,147.55
2024-05-26T06:00:00+02:00,147.56
2024-05-26T09:00:00+02:00,147.58
2024-05-26T12:00:00+02:00,147.6
2024-05-26T15:00:00+02:00,147.61
2024-05-26T18:00:00+02:00,147.62
2024-05-26T21:00:00+02:00,147.64
2024-05-27T02:01:00+02:00,147.65
2024-05-27T03:00:00+02:00,147.66
2024-05-27T06:00:00+02:00,147.67
2024-05-27T09:00:00+02:00,147.69
2024-05-27T12:00:00+02:00,147.7
2024-05-27T15:00:00+02:00,147.72
2024-05-27T18:00:00+02:00,147.73
2024-05-27T21:00:00+02:00,147.74
2024-05-28T02:01:00+02:00,147.75
2024-05-28T03:00:00+02:00,147.76
2024-05-28T06:00:00+02:00,147.77
2024-05-28T09:00:00+02:00,147.78
2024-05-28T12:00:00+02:00,147.79
2024-05-28T15:00:00+02:00,147.8
2024-05-28T18:00:00+02:00,147.82
2024-05-28T21:00:00+02:00,147.83
2024-05-29T02:01:00+02:00,147.84
2024-05-29T03:00:00+02:00,147.85
2024-05-29T06:00:00+02:00,147.87
2024-05-29T09:00:00+02:00,147.88
2024-05-29T12:00:00+02:00,147.89
2024-05-29T15:00:00+02:00,147.9
2024-05-29T18:00:00+02:00,147.91
2024-05-29T21:00:00+02:00,147.92
2024-05-30T02:01:00+02:00,147.94
2024-05-30T03:00:00+02:00,147.95
2024-05-30T06:00:00+02:00,147.96
2024-05-30T09:00:00+02:00,147.97
2024-05-30T12:00:00+02:00,147.97
2024-05-30T15:00:00+02:00,147.98
2024-05-30T18:00:00+02:00,147.99
2024-05-30T21:00:00+02:00,148.0
2024-05-31T02:01:00+02:00,148.0
2024-05-31T03:00:00+02:00,148.01
2024-05-31T06:00:00+02:00,148.02
2024-05-31T09:00:00+02:00,148.03
2024-05-31T12:00:00+02:00,148.03
2024-05-31T15:00:00+02:00,148.04
2024-05-31T18:00:00+02:00,148.05
2024-05-31T21:00:00+02:00,148.05
2024-06-01T02:01:00+02:00,148.06
2024-06-01T03:00:00+02:00,148.06
2024-06-01T06:00:00+02:00,148.07
2024-06-01T09:00:00+02:00,148.07
2024-06-01T12:00:00+02:00,148.08
2024-06-01T15:00:00+02:00,148.09
2024-06-01T18:00:00+02:00,148.09
2024-06-01T21:00:00+02:00,148.09
2024-06-02T02:01:00+02:00,148.1
2024-06-02T03:00:00+02:00,148.1
2024-06-02T06:00:00+02:00,148.11
2024-06-02T09:00:00+02:00,148.11
2024-06-02T12:00:00+02:00,148.12
2024-06-02T15:00:00+02:00,148.12
2024-06-02T18:00:00+02:00,148.13
2024-06-02T21:00:00+02:00,148.14
2024-06-03T02:01:00+02:00,148.14
2024-06-03T03:00:00+02:00,148.15
2024-06-03T06:00:00+02:00,148.16
2024-06-03T09:00:00+02:00,148.16
2024-06-03T12:00:00+02:00,148.17
2024-06-03T15:00:00+02:00,148.18
2024-06-03T18:00:00+02:00,148.18
2024-06-03T21:00:00+02:00,148.19
2024-06-04T02:01:00+02:00,148.2
2024-06-04T03:00:00+02:00,148.21
2024-06-04T06:00:00+02:00,148.22
2024-06-04T09:00:00+02:00,148.22
2024-06-04T12:00:00+02:00,148.23
2024-06-04T15:00:00+02:00,148.24
2024-06-04T18:00:00+02:00,148.25
2024-06-04T21:00:00+02:00,148.26
2024-06-05T02:01:00+02:00,148.27
2024-06-05T03:00:00+02:00,148.28
2024-06-05T06:00:00+02:00,148.28
2024-06-05T09:00:00+02:00,148.28
2024-06-05T12:00:00+02:00,148.29
2024-06-05T15:00:00+02:00,148.29
2024-06-05T18:00:00+02:00,148.3
2024-06-05T21:00:00+02:00,148.3
2024-06-06T02:01:00+02:00,148.31
2024-06-06T03:00:00+02:00,148.31
2024-06-06T06:00:00+02:00,148.32
2024-06-06T09:00:00+02:00,148.32
2024-06-06T12:00:00+02:00,148.32
2024-06-06T15:00:00+02:00,148.33
2024-06-06T18:00:00+02:00,148.33
2024-06-06T21:00:00+02:00,148.34
2024-06-07T02:01:00+02:00,148.34
2024-06-07T03:00:00+02:00,148.35
2024-06-07T06:00:00+02:00,148.35
2024-06-07T09:00:00+02:00,148.35
2024-06-07T12:00:00+02:00,148.36
2024-06-07T15:00:00+02:00,148.37
2024-06-07T18:00:00+02:00,148.37
2024-06-07T21:00:00+02:00,148.37
2024-08-08T06:00:00+02:00,148.38
2024-08-08T09:00:00+02:00,148.37
2024-08-08T12:00:00+02:00,148.37
2024-08-08T15:00:00+02:00,148.37
2024-08-08T18:00:00+02:00,148.37
2024-08-08T21:00:00+02:00,148.36
2024-08-09T02:01:00+02:00,148.36
2024-08-09T03:00:00+02:00,148.36
2024-08-09T06:00:00+02:00,148.36
2024-08-09T09:00:00+02:00,148.36
2024-08-09T12:00:00+02:00,148.35
2024-08-09T15:00:00+02:00,148.35
2024-08-09T18:00:00+02:00,148.35
2024-08-09T21:00:00+02:00,148.34
2024-08-10T02:01:00+02:00,148.34
2024-08-10T03:00:00+02:00,148.34
2024-08-10T06:00:00+02:00,148.33
2024-08-10T09:00:00+02:00,148.33
2024-08-10T12:00:00+02:00,148.32
2024-08-10T15:00:00+02:00,148.32
2024-08-10T18:00:00+02:00,148.32
2024-08-10T21:00:00+02:00,148.31
2024-08-11T02:01:00+02:00,148.31
2024-08-11T03:00:00+02:00,148.31
2024-08-11T06:00:00+02:00,148.3
2024-08-11T09:00:00+02:00,148.3
2024-08-11T12:00:00+02:00,148.3
2024-08-11T15:00:00+02:00,148.3
2024-08-11T18:00:00+02:00,148.3
2024-08-11T21:00:00+02:00,148.3
2024-08-12T02:01:00+02:00,148.3
2024-08-12T03:00:00+02:00,148.3
2024-08-12T06:00:00+02:00,148.3
2024-08-12T09:00:00+02:00,148.3
2024-08-12T12:00:00+02:00,148.3
2024-08-12T15:00:00+02:00,148.3
2024-08-12T18:00:00+02:00,148.3
2024-08-12T21:00:00+02:00,148.29
2024-08-13T02:01:00+02:00,148.29
2024-08-13T03:00:00+02:00,148.29
2024-08-13T06:00:00+02:00,148.29
2024-08-13T09:00:00+02:00,148.29
2024-08-13T12:00:00+02:00,148.29
2024-08-13T15:00:00+02:00,148.29
2024-08-13T18:00:00+02:00,148.28
2024-08-13T21:00:00+02:00,148.28
2024-08-14T02:01:00+02:00,148.28
2024-08-14T03:00:00+02:00,148.28
2024-08-14T06:00:00+02:00,148.27
2024-08-14T09:00:00+02:00,148.27
2024-08-14T12:00:00+02:00,148.26
2024-08-14T15:00:00+02:00,148.26
2024-08-14T18:00:00+02:00,148.26
2024-08-14T21:00:00+02:00,148.25
2024-08-15T02:01:00+02:00,148.25
2024-08-15T03:00:00+02:00,148.24
2024-08-15T06:00:00+02:00,148.24
2024-08-15T09:00:00+02:00,148.23
2024-08-15T12:00:00+02:00,148.23
2024-08-15T15:00:00+02:00,148.23
2024-08-15T18:00:00+02:00,148.23
2024-08-15T21:00:00+02:00,148.22
2024-08-16T02:01:00+02:00,148.22
2024-08-16T03:00:00+02:00,148.22
2024-08-16T06:00:00+02:00,148.22
2024-08-16T09:00:00+02:00,148.21
2024-08-16T12:00:00+02:00,148.21
2024-08-16T15:00:00+02:00,148.21
2024-08-16T18:00:00+02:00,148.2
2024-08-16T21:00:00+02:00,148.2
2024-08-17T02:01:00+02:00,148.2
2024-08-17T03:00:00+02:00,148.2
2024-08-17T06:00:00+02:00,148.2
2024-08-17T09:00:00+02:00,148.19
2024-08-17T12:00:00+02:00,148.19
2024-08-17T15:00:00+02:00,148.19
2024-08-17T18:00:00+02:00,148.19
2024-08-17T21:00:00+02:00,148.19
2024-08-18T02:01:00+02:00,148.19
2024-08-18T03:00:00+02:00,148.19
2024-08-18T06:00:00+02:00,148.19
2024-08-18T09:00:00+02:00,148.18
2024-08-18T12:00:00+02:00,148.18
2024-08-18T15:00:00+02:00,148.18
2024-08-18T18:00:00+02:00,148.17
2024-08-18T21:00:00+02:00,148.17
2024-08-19T02:01:00+02:00,148.16
2024-08-19T03:00:00+02:00,148.16
2024-08-19T06:00:00+02:00,148.16
2024-08-19T09:00:00+02:00,148.15
2024-08-19T12:00:00+02:00,148.15
2024-08-19T15:00:00+02:00,148.15
2024-08-19T18:00:00+02:00,148.15
2024-08-19T21:00:00+02:00,148.14
2024-08-20T02:01:00+02:00,148.14
2024-08-20T03:00:00+02:00,148.14
2024-08-20T06:00:00+02:00,148.14
2024-08-20T09:00:00+02:00,148.14
2024-08-20T12:00:00+02:00,148.14
2024-08-20T15:00:00+02:00,148.14
2024-08-20T18:00:00+02:00,148.14
2024-08-20T21:00:00+02:00,148.14
2024-08-21T02:01:00+02:00,148.13
2024-08-21T03:00:00+02:00,148.13
2024-08-21T06:00:00+02:00,148.13
2024-08-21T09:00:00+02:00,148.12
2024-08-21T12:00:00+02:00,148.12
2024-08-21T15:00:00+02:00,148.11
2024-08-21T18:00:00+02:00,148.11
2024-08-21T21:00:00+02:00,148.11
2024-08-22T02:01:00+02:00,148.11
2024-08-22T03:00:00+02:00,148.11
2024-08-22T06:00:00+02:00,148.11
2024-08-22T09:00:00+02:00,148.1
2024-08-22T12:00:00+02:00,148.1
2024-08-22T15:00:00+02:00,148.1
2024-08-22T18:00:00+02:00,148.1
2024-08-22T21:00:00+02:00,148.1
2024-08-23T02:01:00+02:00,148.1
2024-08-23T03:00:00+02:00,148.1
2024-08-23T06:00:00+02:00,148.1
2024-08-23T09:00:00+02:00,148.1
2024-08-23T12:00:00+02:00,148.1
2024-08-23T15:00:00+02:00,148.09
2024-08-23T18:00:00+02:00,148.09
2024-08-23T21:00:00+02:00,148.09
2024-08-24T02:01:00+02:00,148.09
2024-08-24T03:00:00+02:00,148.08
2024-08-24T06:00:00+02:00,148.08
2024-08-24T09:00:00+02:00,148.08
2024-08-24T12:00:00+02:00,148.08
2024-08-24T15:00:00+02:00,148.08
2024-08-24T18:00:00+02:00,148.08
2024-08-24T21:00:00+02:00,148.08
2024-08-25T02:01:00+02:00,148.07
2024-08-25T03:00:00+02:00,148.06
2024-08-25T06:00:00+02:00,148.05
2024-08-25T09:00:00+02:00,148.05
2024-08-25T12:00:00+02:00,148.04
2024-08-25T15:00:00+02:00,148.04
2024-08-25T18:00:00+02:00,148.03
2024-08-25T21:00:00+02:00,148.03
2024-08-26T02:01:00+02:00,148.02
2024-08-26T03:00:00+02:00,148.02
2024-08-26T06:00:00+02:00,148.02
2024-08-26T09:00:00+02:00,148.01
2024-08-26T12:00:00+02:00,148.01
2024-08-26T15:00:00+02:00,148.01
2024-08-26T18:00:00+02:00,148.0
2024-08-26T21:00:00+02:00,148.0
2024-08-27T02:01:00+02:00,148.0
2024-08-27T03:00:00+02:00,147.99
2024-08-27T06:00:00+02:00,147.99
2024-08-27T09:00:00+02:00,147.99
2024-08-27T12:00:00+02:00,147.99
2024-08-27T15:00:00+02:00,147.99
2024-08-27T18:00:00+02:00,147.99
2024-08-27T21:00:00+02:00,147.98
2024-08-28T02:01:00+02:00,147.98
2024-08-28T03:00:00+02:00,147.98
2024-08-28T06:00:00+02:00,147.98
2024-08-28T09:00:00+02:00,147.98
2024-08-28T12:00:00+02:00,147.98
2024-08-28T15:00:00+02:00,147.98
2024-08-28T18:00:00+02:00,147.98
2024-08-28T21:00:00+02:00,147.97
2024-08-29T02:01:00+02:00,147.97
2024-08-29T03:00:00+02:00,147.97
2024-08-29T06:00:00+02:00,147.97
2024-08-29T09:00:00+02:00,147.96
2024-08-29T12:00:00+02:00,147.96
2024-08-29T15:00:00+02:00,147.96
2024-08-29T18:00:00+02:00,147.95
2024-08-29T21:00:00+02:00,147.95
2024-08-30T02:01:00+02:00,147.94
2024-08-30T03:00:00+02:00,147.94
2024-08-30T06:00:00+02:00,147.94
2024-08-30T09:00:00+02:00,147.93
2024-08-30T12:00:00+02:00,147.93
2024-08-30T15:00:00+02:00,147.93
2024-08-30T18:00:00+02:00,147.92
2024-08-30T21:00:00+02:00,147.92
2024-08-31T02:01:00+02:00,147.92
2024-08-31T03:00:00+02:00,147.92
2024-08-31T06:00:00+02:00,147.91
2024-08-31T09:00:00+02:00,147.91
2024-08-31T12:00:00+02:00,147.91
2024-08-31T15:00:00+02:00,147.91
2024-08-31T18:00:00+02:00,147.9
2024-08-31T21:00:00+02:00,147.9
2024-09-01T02:01:00+02:00,147.9
2024-09-01T03:00:00+02:00,147.9
2024-09-01T06:00:00+02:00,147.9
2024-09-01T09:00:00+02:00,147.89
2024-09-01T12:00:00+02:00,147.89
2024-09-01T15:00:00+02:00,147.89
2024-09-01T18:00:00+02:00,147.89
2024-09-01T21:00:00+02:00,147.89
2024-09-02T02:01:00+02:00,147.89
2024-09-02T03:00:00+02:00,147.89
2024-09-02T06:00:00+02:00,147.88
2024-09-02T09:00:00+02:00,147.88
2024-09-02T12:00:00+02:00,147.88
2024-09-02T15:00:00+02:00,147.88
2024-09-02T18:00:00+02:00,147.88
2024-09-02T21:00:00+02:00,147.87
2024-09-03T02:01:00+02:00,147.87
2024-09-03T03:00:00+02:00,147.87
2024-09-03T06:00:00+02:00,147.86
2024-09-03T09:00:00+02:00,147.86
2024-09-03T12:00:00+02:00,147.86
2024-09-03T15:00:00+02:00,147.86
2024-09-03T18:00:00+02:00,147.85
2024-09-03T21:00:00+02:00,147.85
2024-09-04T02:01:00+02:00,147.85
2024-09-04T03:00:00+02:00,147.84
2024-09-04T06:00:00+02:00,147.84
2024-09-04T09:00:00+02:00,147.84
2024-09-04T12:00:00+02:00,147.83
2024-09-04T15:00:00+02:00,147.83
2024-09-04T18:00:00+02:00,147.83
2024-09-04T21:00:00+02:00,147.83
2024-09-05T02:01:00+02:00,147.83
2024-09-05T03:00:00+02:00,147.82
2024-09-05T06:00:00+02:00,147.82
2024-09-05T09:00:00+02:00,147.82
2024-09-05T12:00:00+02:00,147.82
2024-09-05T15:00:00+02:00,147.82
2024-09-05T18:00:00+02:00,147.82
2024-09-05T21:00:00+02:00,147.82
2024-09-06T02:01:00+02:00,147.81
2024-09-06T03:00:00+02:00,147.81
2024-09-06T06:00:00+02:00,147.81
2024-09-06T09:00:00+02:00,147.81
2024-09-06T12:00:00+02:00,147.8
2024-09-06T15:00:00+02:00,147.8
2024-09-06T18:00:00+02:00,147.8
2024-09-06T21:00:00+02:00,147.79
2024-09-07T02:01:00+02:00,147.79
2024-09-07T03:00:00+02:00,147.79
2024-09-07T06:00:00+02:00,147.78
2024-09-07T09:00:00+02:00,147.78
2024-09-07T12:00:00+02:00,147.78
2024-09-07T15:00:00+02:00,147.78
2024-09-07T18:00:00+02:00,147.77
2024-09-07T21:00:00+02:00,147.77
2024-09-08T02:01:00+02:00,147.77
2024-09-08T03:00:00+02:00,147.77
2024-09-08T06:00:00+02:00,147.76
2024-09-08T09:00:00+02:00,147.76
2024-09-08T12:00:00+02:00,147.76
2024-09-08T15:00:00+02:00,147.76
2024-09-08T18:00:00+02:00,147.76
2024-09-08T21:00:00+02:00,147.75
2024-09-09T02:01:00+02:00,147.75
2024-09-09T03:00:00+02:00,147.75
2024-09-09T06:00:00+02:00,147.75
2024-09-09T09:00:00+02:00,147.75
2024-09-09T12:00:00+02:00,147.75
2024-09-09T15:00:00+02:00,147.74
2024-09-09T18:00:00+02:00,147.74
2024-09-09T21:00:00+02:00,147.73
2024-09-10T02:01:00+02:00,147.73
2024-09-10T03:00:00+02:00,147.72
2024-09-10T06:00:00+02:00,147.72
2024-09-10T09:00:00+02:00,147.72
2024-09-10T12:00:00+02:00,147.71
2024-09-10T15:00:00+02:00,147.71
2024-09-10T18:00:00+02:00,147.71
2024-09-10T21:00:00+02:00,147.71
2024-09-11T02:01:00+02:00,147.71
2024-09-11T03:00:00+02:00,147.71
2024-09-11T06:00:00+02:00,147.7
2024-09-11T09:00:00+02:00,147.7
2024-09-11T12:00:00+02:00,147.7
2024-09-11T15:00:00+02:00,147.7
2024-09-11T18:00:00+02:00,147.69
2024-09-11T21:00:00+02:00,147.69
2024-09-12T02:01:00+02:00,147.68
2024-09-12T03:00:00+02:00,147.68
2024-09-12T06:00:00+02:00,147.68
2024-09-12T09:00:00+02:00,147.67
2024-09-12T12:00:00+02:00,147.67
2024-09-12T15:00:00+02:00,147.66
2024-09-12T18:00:00+02:00,147.66
2024-09-12T21:00:00+02:00,147.65
2024-09-13T02:01:00+02:00,147.65
2024-09-13T03:00:00+02:00,147.64
2024-09-13T06:00:00+02:00,147.64
2024-09-13T09:00:00+02:00,147.63
2024-09-13T12:00:00+02:00,147.62
2024-09-13T15:00:00+02:00,147.62
2024-09-13T18:00:00+02:00,147.61
2024-09-13T21:00:00+02:00,147.61
2024-09-14T02:01:00+02:00,147.6
2024-09-14T03:00:00+02:00,147.6
2024-09-14T06:00:00+02:00,147.59
2024-09-14T09:00:00+02:00,147.59
2024-09-14T12:00:00+02:00,147.58
2024-09-14T15:00:00+02:00,147.58
2024-09-14T18:00:00+02:00,147.57
2024-09-14T21:00:00+02:00,147.57
2024-09-15T02:01:00+02:00,147.57
2024-09-15T03:00:00+02:00,147.57
2024-09-15T06:00:00+02:00,147.56
2024-09-15T09:00:00+02:00,147.56
2024-09-15T12:00:00+02:00,147.56
2024-09-15T15:00:00+02:00,147.56
2024-09-15T18:00:00+02:00,147.55
2024-09-15T21:00:00+02:00,147.55
2024-09-16T02:01:00+02:00,147.55
2024-09-16T03:00:00+02:00,147.55
2024-09-16T06:00:00+02:00,147.55
2024-09-16T09:00:00+02:00,147.54
2024-09-16T12:00:00+02:00,147.54
2024-09-16T15:00:00+02:00,147.54
2024-09-16T18:00:00+02:00,147.53
2024-09-16T21:00:00+02:00,147.53
2024-09-17T02:01:00+02:00,147.53
2024-09-17T03:00:00+02:00,147.52
2024-09-17T06:00:00+02:00,147.52
2024-09-17T09:00:00+02:00,147.52
2024-09-17T12:00:00+02:00,147.51
2024-09-17T15:00:00+02:00,147.51
2024-09-17T18:00:00+02:00,147.51
2024-09-17T21:00:00+02:00,147.5
2024-09-18T02:01:00+02:00,147.5
2024-09-18T03:00:00+02:00,147.5
2024-09-18T06:00:00+02:00,147.5
2024-09-18T09:00:00+02:00,147.49
2024-09-18T12:00:00+02:00,147.49
2024-09-18T15:00:00+02:00,147.49
2024-09-18T18:00:00+02:00,147.49
2024-09-18T21:00:00+02:00,147.48
2024-09-19T02:01:00+02:00,147.48
2024-09-19T03:00:00+02:00,147.48
2024-09-19T06:00:00+02:00,147.48
2024-09-19T09:00:00+02:00,147.47
2024-09-19T12:00:00+02:00,147.47
2024-09-19T15:00:00+02:00,147.47
2024-09-19T18:00:00+02:00,147.47
2024-09-19T21:00:00+02:00,147.47
2024-09-20T02:01:00+02:00,147.47
2024-09-20T03:00:00+02:00,147.46
2024-09-20T06:00:00+02:00,147.46
2024-09-20T09:00:00+02:00,147.46
2024-09-20T12:00:00+02:00,147.46
2024-09-20T15:00:00+02:00,147.45
2024-09-20T18:00:00+02:00,147.45
2024-09-20T21:00:00+02:00,147.45
2024-09-21T02:01:00+02:00,147.45
2024-09-21T03:00:00+02:00,147.44
2024-09-21T06:00:00+02:00,147.44
2024-09-21T09:00:00+02:00,147.44
2024-09-21T12:00:00+02:00,147.44
2024-09-21T15:00:00+02:00,147.43
2024-09-21T18:00:00+02:00,147.43
2024-09-21T21:00:00+02:00,147.43
2024-09-22T02:01:00+02:00,147.43
2024-09-22T03:00:00+02:00,147.42
2024-09-22T06:00:00+02:00,147.42
2024-09-22T09:00:00+02:00,147.42
2024-09-22T12:00:00+02:00,147.42
2024-09-22T15:00:00+02:00,147.42
2024-09-22T18:00:00+02:00,147.42
2024-09-22T21:00:00+02:00,147.41
2024-09-23T02:01:00+02:00,147.41
2024-09-23T03:00:00+02:00,147.41
2024-09-23T06:00:00+02:00,147.41
2024-09-23T09:00:00+02:00,147.41
2024-09-23T12:00:00+02:00,147.41
2024-09-23T15:00:00+02:00,147.41
2024-09-23T18:00:00+02:00,147.4
2024-09-23T21:00:00+02:00,147.4
2024-09-24T02:01:00+02:00,147.4
2024-09-24T03:00:00+02:00,147.4
2024-09-24T06:00:00+02:00,147.4
2024-09-24T09:00:00+02:00,147.4
2024-09-24T12:00:00+02:00,147.4
2024-09-24T15:00:00+02:00,147.39
2024-09-24T18:00:00+02:00,147.39
2024-09-24T21:00:00+02:00,147.39
2024-09-25T02:01:00+02:00,147.38
2024-09-25T03:00:00+02:00,147.38
2024-09-25T06:00:00+02:00,147.38
2024-09-25T09:00:00+02:00,147.37
2024-09-25T12:00:00+02:00,147.37
2024-09-25T15:00:00+02:00,147.37
2024-09-25T18:00:00+02:00,147.37
2024-09-25T21:00:00+02:00,147.37
2024-09-26T02:01:00+02:00,147.38
2024-09-26T03:00:00+02:00,147.38
2024-09-26T06:00:00+02:00,147.37
2024-09-26T09:00:00+02:00,147.37
2024-09-26T12:00:00+02:00,147.37
2024-09-26T15:00:00+02:00,147.37
2024-09-26T18:00:00+02:00,147.37
2024-09-26T21:00:00+02:00,147.36
2024-09-27T02:01:00+02:00,147.36
2024-09-27T03:00:00+02:00,147.35
2024-09-27T06:00:00+02:00,147.35
2024-09-27T09:00:00+02:00,147.35
2024-09-27T12:00:00+02:00,147.34
2024-09-27T15:00:00+02:00,147.34
2024-09-27T18:00:00+02:00,147.33
2024-09-27T21:00:00+02:00,147.32
2024-09-28T02:01:00+02:00,147.31
2024-09-28T03:00:00+02:00,147.31
2024-09-28T06:00:00+02:00,147.3
2024-09-28T09:00:00+02:00,147.29
2024-09-28T12:00:00+02:00,147.28
2024-09-28T15:00:00+02:00,147.27
2024-09-28T18:00:00+02:00,147.27
2024-09-28T21:00:00+02:00,147.26
2024-09-29T02:01:00+02:00,147.25
2024-09-29T03:00:00+02:00,147.25
2024-09-29T06:00:00+02:00,147.24
2024-09-29T09:00:00+02:00,147.23
2024-09-29T12:00:00+02:00,147.23
2024-09-29T15:00:00+02:00,147.23
2024-09-29T18:00:00+02:00,147.23
2024-09-29T21:00:00+02:00,147.23
2024-09-30T02:01:00+02:00,147.23
2024-09-30T03:00:00+02:00,147.23
2024-09-30T06:00:00+02:00,147.23
2024-09-30T09:00:00+02:00,147.23
2024-09-30T12:00:00+02:00,147.23
2024-09-30T15:00:00+02:00,147.23
2024-09-30T18:00:00+02:00,147.23
2024-09-30T21:00:00+02:00,147.22
2024-10-01T02:01:00+02:00,147.22
2024-10-01T03:00:00+02:00,147.22
2024-10-01T06:00:00+02:00,147.22
2024-10-01T09:00:00+02:00,147.22
2024-10-01T12:00:00+02:00,147.21
2024-10-01T15:00:00+02:00,147.21
2024-10-01T18:00:00+02:00,147.21
2024-10-01T21:00:00+02:00,147.21
2024-10-02T02:01:00+02:00,147.2
2024-10-02T03:00:00+02:00,147.2
2024-10-02T06:00:00+02:00,147.2
2024-10-02T09:00:00+02:00,147.19
2024-10-02T12:00:00+02:00,147.19
2024-10-02T15:00:00+02:00,147.18
2024-10-02T18:00:00+02:00,147.18
2024-10-02T21:00:00+02:00,147.17
2024-10-03T02:01:00+02:00,147.17
2024-10-03T03:00:00+02:00,147.16
2024-10-03T06:00:00+02:00,147.16
2024-10-03T09:00:00+02:00,147.15
2024-10-03T12:00:00+02:00,147.15
2024-10-03T15:00:00+02:00,147.14
2024-10-03T18:00:00+02:00,147.14
2024-10-03T21:00:00+02:00,147.13
2024-10-04T02:01:00+02:00,147.13
2024-10-04T03:00:00+02:00,147.13
2024-10-04T06:00:00+02:00,147.12
2024-10-04T09:00:00+02:00,147.12
2024-10-04T12:00:00+02:00,147.11
2024-10-04T15:00:00+02:00,147.11
2024-10-04T18:00:00+02:00,147.11
2024-10-04T21:00:00+02:00,147.1
2024-10-05T02:01:00+02:00,147.1
2024-10-05T03:00:00+02:00,147.1
2024-10-05T06:00:00+02:00,147.09
2024-10-05T09:00:00+02:00,147.09
2024-10-05T12:00:00+02:00,147.09
2024-10-05T15:00:00+02:00,147.09
2024-10-05T18:00:00+02:00,147.08
2024-10-05T21:00:00+02:00,147.08
2024-10-06T02:01:00+02:00,147.08
2024-10-06T03:00:00+02:00,147.08
2024-10-06T06:00:00+02:00,147.08
2024-10-06T09:00:00+02:00,147.08
2024-10-06T12:00:00+02:00,147.08
2024-10-06T15:00:00+02:00,147.08
2024-10-06T18:00:00+02:00,147.07
2024-10-06T21:00:00+02:00,147.07
2024-10-07T02:01:00+02:00,147.07
2024-10-07T03:00:00+02:00,147.07
2024-10-07T06:00:00+02:00,147.07
2024-10-07T09:00:00+02:00,147.06
2024-10-07T12:00:00+02:00,147.06
2024-10-07T15:00:00+02:00,147.06
2024-10-07T18:00:00+02:00,147.06
2024-10-07T21:00:00+02:00,147.06
2024-10-08T02:01:00+02:00,147.05
2024-10-08T03:00:00+02:00,147.05
2024-10-08T06:00:00+02:00,147.05
2024-10-08T09:00:00+02:00,147.05
2024-10-08T12:00:00+02:00,147.05
2024-10-08T15:00:00+02:00,147.04
2024-10-08T18:00:00+02:00,147.04
2024-10-08T21:00:00+02:00,147.04
2024-10-09T02:01:00+02:00,147.04
2024-10-09T03:00:00+02:00,147.03
2024-10-09T06:00:00+02:00,147.03
2024-10-09T09:00:00+02:00,147.03
2024-10-09T12:00:00+02:00,147.03
2024-10-09T15:00:00+02:00,147.03
2024-10-09T18:00:00+02:00,147.04
2024-10-09T21:00:00+02:00,147.04
2024-10-10T02:01:00+02:00,147.03
2024-10-10T03:00:00+02:00,147.03
2024-10-10T06:00:00+02:00,147.02
2024-10-10T09:00:00+02:00,147.02
2024-10-10T12:00:00+02:00,147.02
2024-10-10T15:00:00+02:00,147.02
2024-10-10T18:00:00+02:00,147.02
2024-10-10T21:00:00+02:00,147.01
2024-10-11T02:01:00+02:00,147.01
2024-10-11T03:00:00+02:00,147.01
2024-10-11T06:00:00+02:00,147.01
2024-10-11T09:00:00+02:00,147.01
2024-10-11T12:00:00+02:00,147.01
2024-10-11T15:00:00+02:00,147.01
2024-10-11T18:00:00+02:00,147.01
2024-10-11T21:00:00+02:00,147.01
2024-10-12T02:01:00+02:00,147.01
2024-10-12T03:00:00+02:00,147.01
2024-10-12T06:00:00+02:00,147.01
2024-10-12T09:00:00+02:00,147.01
2024-10-12T12:00:00+02:00,147.01
2024-10-12T15:00:00+02:00,147.01
2024-10-12T18:00:00+02:00,147.01
2024-10-12T21:00:00+02:00,147.02
2024-10-13T02:01:00+02:00,147.01
2024-10-13T03:00:00+02:00,147.01
2024-10-13T06:00:00+02:00,147.0
2024-10-13T09:00:00+02:00,147.0
2024-10-13T12:00:00+02:00,146.99
2024-10-13T15:00:00+02:00,146.99
2024-10-13T18:00:00+02:00,146.99
2024-10-13T21:00:00+02:00,146.98
2024-10-14T02:01:00+02:00,146.98
2024-10-14T03:00:00+02:00,146.98
2024-10-14T06:00:00+02:00,146.98
2024-10-14T09:00:00+02:00,146.98
2024-10-14T12:00:00+02:00,146.98
2024-10-14T15:00:00+02:00,146.97
2024-10-14T18:00:00+02:00,146.97
2024-10-14T21:00:00+02:00,146.97
2024-10-15T02:01:00+02:00,146.97
2024-10-15T03:00:00+02:00,146.97
2024-10-15T06:00:00+02:00,146.96
2024-10-15T09:00:00+02:00,146.96
2024-10-15T12:00:00+02:00,146.96
2024-10-15T15:00:00+02:00,146.96
2024-10-15T18:00:00+02:00,146.96
2024-10-15T21:00:00+02:00,146.96
2024-10-16T02:01:00+02:00,146.96
2024-10-16T03:00:00+02:00,146.96
2024-10-16T06:00:00+02:00,146.96
2024-10-16T09:00:00+02:00,146.96
2024-10-16T12:00:00+02:00,146.96
2024-10-16T15:00:00+02:00,146.96
2024-10-16T18:00:00+02:00,146.96
2024-10-16T21:00:00+02:00,146.96
2024-10-17T02:01:00+02:00,146.96
2024-10-17T03:00:00+02:00,146.96
2024-10-17T06:00:00+02:00,146.96
2024-10-17T09:00:00+02:00,146.95
2024-10-17T12:00:00+02:00,146.95
2024-10-17T15:00:00+02:00,146.95
2024-10-17T18:00:00+02:00,146.94
2024-10-17T21:00:00+02:00,146.94
2024-10-18T02:01:00+02:00,146.94
2024-10-18T03:00:00+02:00,146.94
2024-10-18T06:00:00+02:00,146.93
2024-10-18T09:00:00+02:00,146.93
2024-10-18T12:00:00+02:00,146.93
2024-10-18T15:00:00+02:00,146.93
2024-10-18T18:00:00+02:00,146.92
2024-10-18T21:00:00+02:00,146.92
2024-10-19T02:01:00+02:00,146.92
2024-10-19T03:00:00+02:00,146.92
2024-10-19T06:00:00+02:00,146.91
2024-10-19T09:00:00+02:00,146.91
2024-10-19T12:00:00+02:00,146.91
2024-10-19T15:00:00+02:00,146.9
2024-10-19T18:00:00+02:00,146.9
2024-10-19T21:00:00+02:00,146.9
2024-10-20T02:01:00+02:00,146.89
2024-10-20T03:00:00+02:00,146.89
2024-10-20T06:00:00+02:00,146.89
2024-10-20T09:00:00+02:00,146.88
2024-10-20T12:00:00+02:00,146.88
2024-10-20T15:00:00+02:00,146.88
2024-10-20T18:00:00+02:00,146.88
2024-10-20T21:00:00+02:00,146.87
2024-10-21T02:01:00+02:00,146.87
2024-10-21T03:00:00+02:00,146.87
2024-10-21T06:00:00+02:00,146.86
2024-10-21T09:00:00+02:00,146.86
2024-10-21T12:00:00+02:00,146.85
2024-10-21T15:00:00+02:00,146.85
2024-10-21T18:00:00+02:00,146.85
2024-10-21T21:00:00+02:00,146.85
2024-10-22T02:01:00+02:00,146.85
2024-10-22T03:00:00+02:00,146.84
2024-10-22T06:00:00+02:00,146.83
2024-10-22T09:00:00+02:00,146.83
2024-10-22T12:00:00+02:00,146.83
2024-10-22T15:00:00+02:00,146.82
2024-10-22T18:00:00+02:00,146.82
2024-10-22T21:00:00+02:00,146.81
2024-10-23T02:01:00+02:00,146.81
2024-10-23T03:00:00+02:00,146.81
2024-10-23T06:00:00+02:00,146.8
2024-10-23T09:00:00+02:00,146.8
2024-10-23T12:00:00+02:00,146.8
2024-10-23T15:00:00+02:00,146.79
2024-10-23T18:00:00+02:00,146.79
2024-10-23T21:00:00+02:00,146.79
2024-10-24T02:01:00+02:00,146.79
2024-10-24T03:00:00+02:00,146.79
2024-10-24T06:00:00+02:00,146.79
2024-10-24T09:00:00+02:00,146.79
2024-10-24T12:00:00+02:00,146.79
2024-10-24T15:00:00+02:00,146.79
2024-10-24T18:00:00+02:00,146.79
2024-10-24T21:00:00+02:00,146.79
2024-10-25T02:01:00+02:00,146.79
2024-10-25T03:00:00+02:00,146.79
2024-10-25T06:00:00+02:00,146.79
2024-10-25T09:00:00+02:00,146.79
2024-10-25T12:00:00+02:00,146.79
2024-10-25T15:00:00+02:00,146.79
2024-10-25T18:00:00+02:00,146.78
2024-10-25T21:00:00+02:00,146.78
2024-10-26T02:01:00+02:00,146.78
2024-10-26T03:00:00+02:00,146.78
2024-10-26T06:00:00+02:00,146.78
2024-10-26T09:00:00+02:00,146.78
2024-10-26T12:00:00+02:00,146.78
2024-10-26T15:00:00+02:00,146.78
2024-10-26T18:00:00+02:00,146.77
2024-10-26T21:00:00+02:00,146.77
2024-10-27T02:01:00+01:00,146.77
2024-10-27T03:00:00+01:00,146.77
2024-10-27T06:00:00+01:00,146.76
2024-10-27T09:00:00+01:00,146.76
2024-10-27T12:00:00+01:00,146.76
2024-10-27T15:00:00+01:00,146.75
2024-10-27T18:00:00+01:00,146.75
2024-10-27T21:00:00+01:00,146.74
2024-10-28T02:01:00+01:00,146.74
2024-10-28T03:00:00+01:00,146.74
2024-10-28T06:00:00+01:00,146.74
2024-10-28T09:00:00+01:00,146.73
2024-10-28T12:00:00+01:00,146.73
2024-10-28T15:00:00+01:00,146.73
2024-10-28T18:00:00+01:00,146.73
2024-10-28T21:00:00+01:00,146.72
2024-10-29T02:01:00+01:00,146.72
2024-10-29T03:00:00+01:00,146.72
2024-10-29T06:00:00+01:00,146.71
2024-10-29T09:00:00+01:00,146.71
2024-10-29T12:00:00+01:00,146.71
2024-10-29T15:00:00+01:00,146.71
2024-10-29T18:00:00+01:00,146.7
2024-10-29T21:00:00+01:00,146.7
2024-10-30T02:01:00+01:00,146.7
2024-10-30T03:00:00+01:00,146.69
2024-10-30T06:00:00+01:00,146.69
2024-10-30T09:00:00+01:00,146.69
2024-10-30T12:00:00+01:00,146.69
2024-10-30T15:00:00+01:00,146.68
2024-10-30T18:00:00+01:00,146.68
2024-10-30T21:00:00+01:00,146.68
2024-10-31T02:01:00+01:00,146.67
2024-10-31T03:00:00+01:00,146.67
2024-10-31T06:00:00+01:00,146.67
2024-10-31T09:00:00+01:00,146.67
2024-10-31T12:00:00+01:00,146.67
2024-10-31T15:00:00+01:00,146.66
2024-10-31T18:00:00+01:00,146.66
2024-10-31T21:00:00+01:00,146.66
2024-11-01T02:01:00+01:00,146.66
2024-11-01T03:00:00+01:00,146.66
2024-11-01T06:00:00+01:00,146.65
2024-11-01T09:00:00+01:00,146.65
2024-11-01T12:00:00+01:00,146.65
2024-11-01T15:00:00+01:00,146.65
2024-11-01T18:00:00+01:00,146.64
2024-11-01T21:00:00+01:00,146.64
2024-11-02T02:01:00+01:00,146.64
2024-11-02T03:00:00+01:00,146.63
2024-11-02T06:00:00+01:00,146.63
2024-11-02T09:00:00+01:00,146.63
2024-11-02T12:00:00+01:00,146.62
2024-11-02T15:00:00+01:00,146.62
2024-11-02T18:00:00+01:00,146.62
2024-11-02T21:00:00+01:00,146.61
2024-11-03T02:01:00+01:00,146.61
2024-11-03T03:00:00+01:00,146.61
2024-11-03T06:00:00+01:00,146.61
2024-11-03T09:00:00+01:00,146.6
2024-11-03T12:00:00+01:00,146.6
2024-11-03T15:00:00+01:00,146.6
2024-11-03T18:00:00+01:00,146.6
2024-11-03T21:00:00+01:00,146.59
2024-11-04T02:01:00+01:00,146.59
2024-11-04T03:00:00+01:00,146.59
2024-11-04T06:00:00+01:00,146.59
2024-11-04T09:00:00+01:00,146.58
2024-11-04T12:00:00+01:00,146.58
2024-11-04T15:00:00+01:00,146.58
2024-11-04T18:00:00+01:00,146.58
2024-11-04T21:00:00+01:00,146.58
2024-11-05T02:01:00+01:00,146.58
2024-11-05T03:00:00+01:00,146.57
2024-11-05T06:00:00+01:00,146.57
2024-11-05T09:00:00+01:00,146.57
2024-11-05T12:00:00+01:00,146.57
2024-11-05T15:00:00+01:00,146.57
2024-11-05T18:00:00+01:00,146.56
2024-11-05T21:00:00+01:00,146.56
2024-11-06T02:01:00+01:00,146.56
2024-11-06T03:00:00+01:00,146.55
2024-11-06T06:00:00+01:00,146.55
2024-11-06T09:00:00+01:00,146.54
2024-11-06T12:00:00+01:00,146.54
2024-11-06T15:00:00+01:00,146.54
2024-11-06T18:00:00+01:00,146.53
2024-11-06T21:00:00+01:00,146.53
2024-11-07T02:01:00+01:00,146.53
2024-11-07T03:00:00+01:00,146.52
2024-11-07T06:00:00+01:00,146.52
2024-11-07T09:00:00+01:00,146.52
2024-11-07T12:00:00+01:00,146.51
2024-11-07T15:00:00+01:00,146.51
2024-11-07T18:00:00+01:00,146.51
2024-11-07T21:00:00+01:00,146.5
2024-11-08T02:01:00+01:00,146.5
2024-11-08T03:00:00+01:00,146.5
2024-11-08T06:00:00+01:00,146.5
2024-11-08T09:00:00+01:00,146.5
2024-11-08T12:00:00+01:00,146.49
2024-11-08T15:00:00+01:00,146.49
2024-11-08T18:00:00+01:00,146.49
2024-11-08T21:00:00+01:00,146.49
2024-11-09T02:01:00+01:00,146.49
2024-11-09T03:00:00+01:00,146.48
2024-11-09T06:00:00+01:00,146.48
2024-11-09T09:00:00+01:00,146.48
2024-11-09T12:00:00+01:00,146.48
2024-11-09T15:00:00+01:00,146.47
2024-11-09T18:00:00+01:00,146.47
2024-11-09T21:00:00+01:00,146.47
2024-11-10T02:01:00+01:00,146.46
2024-11-10T03:00:00+01:00,146.46
2024-11-10T06:00:00+01:00,146.46
2024-11-10T09:00:00+01:00,146.45
2024-11-10T12:00:00+01:00,146.45
2024-11-10T15:00:00+01:00,146.45
2024-11-10T18:00:00+01:00,146.44
2024-11-10T21:00:00+01:00,146.44
2024-11-11T02:01:00+01:00,146.44
2024-11-11T03:00:00+01:00,146.43
2024-11-11T06:00:00+01:00,146.43
2024-11-11T09:00:00+01:00,146.43
2024-11-11T12:00:00+01:00,146.42
2024-11-11T15:00:00+01:00,146.42
2024-11-11T18:00:00+01:00,146.42
2024-11-11T21:00:00+01:00,146.42
2024-11-12T02:01:00+01:00,146.41
2024-11-12T03:00:00+01:00,146.41
2024-11-12T06:00:00+01:00,146.41
2024-11-12T09:00:00+01:00,146.4
2024-11-12T12:00:00+01:00,146.4
2024-11-12T15:00:00+01:00,146.4
2024-11-12T18:00:00+01:00,146.39
2024-11-12T21:00:00+01:00,146.39
2024-11-13T02:01:00+01:00,146.38
2024-11-13T03:00:00+01:00,146.38
2024-11-13T06:00:00+01:00,146.38
2024-11-13T09:00:00+01:00,146.37
2024-11-13T12:00:00+01:00,146.37
2024-11-13T15:00:00+01:00,146.37
2024-11-13T18:00:00+01:00,146.37
2024-11-13T21:00:00+01:00,146.36
2024-11-14T02:01:00+01:00,146.36
2024-11-14T03:00:00+01:00,146.36
2024-11-14T06:00:00+01:00,146.36
2024-11-14T09:00:00+01:00,146.35
2024-11-14T12:00:00+01:00,146.35
2024-11-14T15:00:00+01:00,146.35
2024-11-14T18:00:00+01:00,146.34
2024-11-14T21:00:00+01:00,146.34
2024-11-15T02:01:00+01:00,146.34
2024-11-15T03:00:00+01:00,146.34
2024-11-15T06:00:00+01:00,146.33
2024-11-15T09:00:00+01:00,146.33
2024-11-15T12:00:00+01:00,146.33
2024-11-15T15:00:00+01:00,146.33
2024-11-15T18:00:00+01:00,146.32
2024-11-15T21:00:00+01:00,146.32
2024-11-16T02:01:00+01:00,146.32
2024-11-16T03:00:00+01:00,146.32
2024-11-16T06:00:00+01:00,146.32
2024-11-16T09:00:00+01:00,146.31
2024-11-16T12:00:00+01:00,146.31
2024-11-16T15:00:00+01:00,146.31
2024-11-16T18:00:00+01:00,146.31
2024-11-16T21:00:00+01:00,146.31
2024-11-17T02:01:00+01:00,146.31
2024-11-17T03:00:00+01:00,146.31
2024-11-17T06:00:00+01:00,146.31
2024-11-17T09:00:00+01:00,146.3
2024-11-17T12:00:00+01:00,146.3
2024-11-17T15:00:00+01:00,146.3
2024-11-17T18:00:00+01:00,146.3
2024-11-17T21:00:00+01:00,146.3
2024-11-18T02:01:00+01:00,146.3
2024-11-18T03:00:00+01:00,146.29
2024-11-18T06:00:00+01:00,146.29
2024-11-18T09:00:00+01:00,146.29
2024-11-18T12:00:00+01:00,146.29
2024-11-18T15:00:00+01:00,146.28
2024-11-18T18:00:00+01:00,146.28
2024-11-18T21:00:00+01:00,146.28
2024-11-19T02:01:00+01:00,146.28
2024-11-19T03:00:00+01:00,146.29
2024-11-19T06:00:00+01:00,146.29
2024-11-19T09:00:00+01:00,146.29
2024-11-19T12:00:00+01:00,146.3
2024-11-19T15:00:00+01:00,146.3
2024-11-19T18:00:00+01:00,146.29
2024-11-19T21:00:00+01:00,146.29
2024-11-20T02:01:00+01:00,146.29
2024-11-20T03:00:00+01:00,146.29
2024-11-20T06:00:00+01:00,146.29
2024-11-20T09:00:00+01:00,146.29
2024-11-20T12:00:00+01:00,146.29
2024-11-20T15:00:00+01:00,146.29
2024-11-20T18:00:00+01:00,146.29
2024-11-20T21:00:00+01:00,146.3
2024-11-21T02:01:00+01:00,146.29
2024-11-21T03:00:00+01:00,146.3
2024-11-21T06:00:00+01:00,146.3
2024-11-21T09:00:00+01:00,146.3
2024-11-21T12:00:00+01:00,146.31
2024-11-21T15:00:00+01:00,146.32
2024-11-21T18:00:00+01:00,146.32
2024-11-21T21:00:00+01:00,146.32
2024-11-22T02:01:00+01:00,146.32
2024-11-22T03:00:00+01:00,146.32
2024-11-22T06:00:00+01:00,146.33
2024-11-22T09:00:00+01:00,146.33
2024-11-22T12:00:00+01:00,146.33
2024-11-22T15:00:00+01:00,146.33
2024-11-22T18:00:00+01:00,146.32
2024-11-22T21:00:00+01:00,146.32
2024-11-23T02:01:00+01:00,146.31
2024-11-23T03:00:00+01:00,146.31
2024-11-23T06:00:00+01:00,146.32
2024-11-23T09:00:00+01:00,146.32
2024-11-23T12:00:00+01:00,146.32
2024-11-23T15:00:00+01:00,146.33
2024-11-23T18:00:00+01:00,146.33
2024-11-23T21:00:00+01:00,146.34
2024-11-24T02:01:00+01:00,146.34
2024-11-24T03:00:00+01:00,146.34
2024-11-24T06:00:00+01:00,146.34
2024-11-24T09:00:00+01:00,146.35
2024-11-24T12:00:00+01:00,146.35
2024-11-24T15:00:00+01:00,146.35
2024-11-24T18:00:00+01:00,146.36
2024-11-24T21:00:00+01:00,146.36
2024-11-25T02:01:00+01:00,146.37
2024-11-25T03:00:00+01:00,146.37
2024-11-25T06:00:00+01:00,146.38
2024-11-25T09:00:00+01:00,146.38
2024-11-25T12:00:00+01:00,146.39
2024-11-25T15:00:00+01:00,146.38
2024-11-25T18:00:00+01:00,146.38
2024-11-25T21:00:00+01:00,146.39
2024-11-26T02:01:00+01:00,146.38
2024-11-26T03:00:00+01:00,146.39
2024-11-26T06:00:00+01:00,146.39
2024-11-26T09:00:00+01:00,146.38
2024-11-26T12:00:00+01:00,146.39
2024-11-26T15:00:00+01:00,146.39
2024-11-26T18:00:00+01:00,146.39
2024-11-26T21:00:00+01:00,146.38
2024-11-27T02:01:00+01:00,146.39
2024-11-27T03:00:00+01:00,146.39
2024-11-27T06:00:00+01:00,146.39
2024-11-27T09:00:00+01:00,146.4
2024-11-27T12:00:00+01:00,146.4
2024-11-27T15:00:00+01:00,146.41
2024-11-27T18:00:00+01:00,146.41
2024-11-27T21:00:00+01:00,146.4
2024-11-28T02:01:00+01:00,146.41
2024-11-28T03:00:00+01:00,146.4
2024-11-28T06:00:00+01:00,146.4
2024-11-28T09:00:00+01:00,146.4
2024-11-28T12:00:00+01:00,146.4
2024-11-28T15:00:00+01:00,146.4
2024-11-28T18:00:00+01:00,146.39
2024-11-28T21:00:00+01:00,146.39
2024-11-29T02:01:00+01:00,146.39
2024-11-29T03:00:00+01:00,146.39
2024-11-29T06:00:00+01:00,146.39
2024-11-29T09:00:00+01:00,146.39
2024-11-29T12:00:00+01:00,146.39
2024-11-29T15:00:00+01:00,146.39
2024-11-29T18:00:00+01:00,146.39
2024-11-29T21:00:00+01:00,146.39
2024-11-30T02:01:00+01:00,146.4
2024-11-30T03:00:00+01:00,146.4
2024-11-30T06:00:00+01:00,146.4
2024-11-30T09:00:00+01:00,146.4
2024-11-30T12:00:00+01:00,146.4
2024-11-30T15:00:00+01:00,146.4
2024-11-30T18:00:00+01:00,146.41
2024-11-30T21:00:00+01:00,146.41
2024-12-01T02:01:00+01:00,146.41
2024-12-01T03:00:00+01:00,146.41
2024-12-01T06:00:00+01:00,146.42
2024-12-01T09:00:00+01:00,146.42
2024-12-01T12:00:00+01:00,146.42
2024-12-01T15:00:00+01:00,146.42
2024-12-01T18:00:00+01:00,146.43
2024-12-01T21:00:00+01:00,146.43
2024-12-02T02:01:00+01:00,146.43
2024-12-02T03:00:00+01:00,146.43
2024-12-02T06:00:00+01:00,146.44
2024-12-02T09:00:00+01:00,146.44
2024-12-02T12:00:00+01:00,146.44
2024-12-02T15:00:00+01:00,146.44
2024-12-02T18:00:00+01:00,146.44
2024-12-02T21:00:00+01:00,146.45
2024-12-03T02:01:00+01:00,146.45
2024-12-03T03:00:00+01:00,146.45
2024-12-03T06:00:00+01:00,146.45
2024-12-03T09:00:00+01:00,146.44
2024-12-03T12:00:00+01:00,146.44
2024-12-03T15:00:00+01:00,146.44
2024-12-03T18:00:00+01:00,146.44
2024-12-03T21:00:00+01:00,146.44
2024-12-04T02:01:00+01:00,146.44
2024-12-04T03:00:00+01:00,146.43
2024-12-04T06:00:00+01:00,146.43
2024-12-04T09:00:00+01:00,146.43
2024-12-04T12:00:00+01:00,146.43
2024-12-04T15:00:00+01:00,146.43
2024-12-04T18:00:00+01:00,146.43
2024-12-04T21:00:00+01:00,146.43
2024-12-05T02:01:00+01:00,146.42
2024-12-05T03:00:00+01:00,146.43
2024-12-05T06:00:00+01:00,146.43
2024-12-05T09:00:00+01:00,146.44
2024-12-05T12:00:00+01:00,146.44
2024-12-05T15:00:00+01:00,146.44
2024-12-05T18:00:00+01:00,146.45
2024-12-05T21:00:00+01:00,146.46
2024-12-06T02:01:00+01:00,146.47
2024-12-06T03:00:00+01:00,146.46
2024-12-06T06:00:00+01:00,146.46
2024-12-06T09:00:00+01:00,146.46
2024-12-06T12:00:00+01:00,146.46
2024-12-06T15:00:00+01:00,146.45
2024-12-06T18:00:00+01:00,146.45
2024-12-06T21:00:00+01:00,146.45
2024-12-07T02:01:00+01:00,146.46
2024-12-07T03:00:00+01:00,146.47
2024-12-07T06:00:00+01:00,146.47
2024-12-07T09:00:00+01:00,146.47
2024-12-07T12:00:00+01:00,146.48
2024-12-07T15:00:00+01:00,146.48
2024-12-07T18:00:00+01:00,146.49
2024-12-07T21:00:00+01:00,146.49
2024-12-08T02:01:00+01:00,146.49
2024-12-08T03:00:00+01:00,146.49
2024-12-08T06:00:00+01:00,146.49
2024-12-08T09:00:00+01:00,146.48
2024-12-08T12:00:00+01:00,146.48
2024-12-08T15:00:00+01:00,146.48
2024-12-08T18:00:00+01:00,146.47
2024-12-08T21:00:00+01:00,146.46
2024-12-09T02:01:00+01:00,146.46
2024-12-09T03:00:00+01:00,146.46
2024-12-09T06:00:00+01:00,146.45
2024-12-09T09:00:00+01:00,146.45
2024-12-09T12:00:00+01:00,146.45
2024-12-09T15:00:00+01:00,146.44
2024-12-09T18:00:00+01:00,146.44
2024-12-09T21:00:00+01:00,146.44
2024-12-10T02:01:00+01:00,146.43
2024-12-10T03:00:00+01:00,146.43
2024-12-10T06:00:00+01:00,146.43
2024-12-10T09:00:00+01:00,146.43
2024-12-10T12:00:00+01:00,146.43
2024-12-10T15:00:00+01:00,146.43
2024-12-10T18:00:00+01:00,146.42
2024-12-10T21:00:00+01:00,146.42
2024-12-11T02:01:00+01:00,146.42
2024-12-11T03:00:00+01:00,146.42
2024-12-11T06:00:00+01:00,146.42
2024-12-11T09:00:00+01:00,146.42
2024-12-11T12:00:00+01:00,146.42
2024-12-11T15:00:00+01:00,146.42
2024-12-11T18:00:00+01:00,146.41
2024-12-11T21:00:00+01:00,146.41
2024-12-12T02:01:00+01:00,146.41
2024-12-12T03:00:00+01:00,146.41
2024-12-12T06:00:00+01:00,146.41
2024-12-12T09:00:00+01:00,146.41
2024-12-12T12:00:00+01:00,146.41
2024-12-12T15:00:00+01:00,146.41
2024-12-12T18:00:00+01:00,146.41
2024-12-12T21:00:00+01:00,146.41
2024-12-13T02:01:00+01:00,146.41
2024-12-13T03:00:00+01:00,146.41
2024-12-13T06:00:00+01:00,146.41
2024-12-13T09:00:00+01:00,146.41
2024-12-13T12:00:00+01:00,146.42
2024-12-13T15:00:00+01:00,146.42
2024-12-13T18:00:00+01:00,146.42
2024-12-13T21:00:00+01:00,146.42
2024-12-14T02:01:00+01:00,146.42
2024-12-14T03:00:00+01:00,146.43
2024-12-14T06:00:00+01:00,146.43
2024-12-14T09:00:00+01:00,146.43
2024-12-14T12:00:00+01:00,146.43
2024-12-14T15:00:00+01:00,146.43
2024-12-14T18:00:00+01:00,146.43
2024-12-14T21:00:00+01:00,146.43
2024-12-15T02:01:00+01:00,146.43
2024-12-15T03:00:00+01:00,146.42
2024-12-15T06:00:00+01:00,146.42
2024-12-15T09:00:00+01:00,146.42
2024-12-15T12:00:00+01:00,146.42
2024-12-15T15:00:00+01:00,146.42
2024-12-15T18:00:00+01:00,146.41
2024-12-15T21:00:00+01:00,146.41
2024-12-16T02:01:00+01:00,146.41
2024-12-16T03:00:00+01:00,146.41
2024-12-16T06:00:00+01:00,146.41
2024-12-16T09:00:00+01:00,146.4
2024-12-16T12:00:00+01:00,146.4
2024-12-16T15:00:00+01:00,146.4
2024-12-16T18:00:00+01:00,146.4
2024-12-16T21:00:00+01:00,146.4
2024-12-17T02:01:00+01:00,146.4
2024-12-17T03:00:00+01:00,146.4
2024-12-17T06:00:00+01:00,146.4
2024-12-17T09:00:00+01:00,146.4
2024-12-17T12:00:00+01:00,146.4
2024-12-17T15:00:00+01:00,146.4
2024-12-17T18:00:00+01:00,146.41
2024-12-17T21:00:00+01:00,146.41
2024-12-18T02:01:00+01:00,146.41
2024-12-18T03:00:00+01:00,146.42
2024-12-18T06:00:00+01:00,146.42
2024-12-18T09:00:00+01:00,146.42
2024-12-18T12:00:00+01:00,146.43
2024-12-18T15:00:00+01:00,146.43
2024-12-18T18:00:00+01:00,146.43
2024-12-18T21:00:00+01:00,146.43
2024-12-19T02:01:00+01:00,146.44
2024-12-19T03:00:00+01:00,146.45
2024-12-19T06:00:00+01:00,146.45
2024-12-19T09:00:00+01:00,146.45
2024-12-19T12:00:00+01:00,146.45
2024-12-19T15:00:00+01:00,146.45
2024-12-19T18:00:00+01:00,146.44
2024-12-19T21:00:00+01:00,146.44
2024-12-20T02:01:00+01:00,146.44
2024-12-20T03:00:00+01:00,146.43
2024-12-20T06:00:00+01:00,146.43
2024-12-20T09:00:00+01:00,146.42
2024-12-20T12:00:00+01:00,146.42
2024-12-20T15:00:00+01:00,146.42
2024-12-20T18:00:00+01:00,146.42
2024-12-20T21:00:00+01:00,146.42
2024-12-21T02:01:00+01:00,146.42
2024-12-21T03:00:00+01:00,146.42
2024-12-21T06:00:00+01:00,146.42
2024-12-21T09:00:00+01:00,146.42
2024-12-21T12:00:00+01:00,146.42
2024-12-21T15:00:00+01:00,146.42
2024-12-21T18:00:00+01:00,146.43
2024-12-21T21:00:00+01:00,146.43
2024-12-22T02:01:00+01:00,146.44
2024-12-22T03:00:00+01:00,146.44
2024-12-22T06:00:00+01:00,146.45
2024-12-22T09:00:00+01:00,146.45
2024-12-22T12:00:00+01:00,146.44
2024-12-22T15:00:00+01:00,146.45
2024-12-22T18:00:00+01:00,146.44
2024-12-22T21:00:00+01:00,146.44
2024-12-23T02:01:00+01:00,146.45
2024-12-23T03:00:00+01:00,146.44
2024-12-23T06:00:00+01:00,146.44
2024-12-23T09:00:00+01:00,146.43
2024-12-23T12:00:00+01:00,146.43
2024-12-23T15:00:00+01:00,146.42
2024-12-23T18:00:00+01:00,146.42
2024-12-23T21:00:00+01:00,146.42
2024-12-24T02:01:00+01:00,146.42
2024-12-24T03:00:00+01:00,146.41
2024-12-24T06:00:00+01:00,146.41
2024-12-24T09:00:00+01:00,146.41
2024-12-24T12:00:00+01:00,146.41
2024-12-24T15:00:00+01:00,146.41
2024-12-24T18:00:00+01:00,146.41
2024-12-24T21:00:00+01:00,146.4
2024-12-25T02:01:00+01:00,146.4
2024-12-25T03:00:00+01:00,146.4
2024-12-25T06:00:00+01:00,146.4
2024-12-25T09:00:00+01:00,146.4
2024-12-25T12:00:00+01:00,146.4
2024-12-25T15:00:00+01:00,146.4
2024-12-25T18:00:00+01:00,146.4
2024-12-25T21:00:00+01:00,146.4
2024-12-26T02:01:00+01:00,146.4
2024-12-26T03:00:00+01:00,146.4
2024-12-26T06:00:00+01:00,146.41
2024-12-26T09:00:00+01:00,146.41
2024-12-26T12:00:00+01:00,146.41
2024-12-26T15:00:00+01:00,146.41
2024-12-26T18:00:00+01:00,146.41
2024-12-26T21:00:00+01:00,146.42
2024-12-27T02:01:00+01:00,146.42
2024-12-27T03:00:00+01:00,146.42
2024-12-27T06:00:00+01:00,146.42
2024-12-27T09:00:00+01:00,146.43
2024-12-27T12:00:00+01:00,146.43
2024-12-27T15:00:00+01:00,146.43
2024-12-27T18:00:00+01:00,146.44
2024-12-27T21:00:00+01:00,146.44
2024-12-28T02:01:00+01:00,146.44
2024-12-28T03:00:00+01:00,146.44
2024-12-28T06:00:00+01:00,146.45
2024-12-28T09:00:00+01:00,146.45
2024-12-28T12:00:00+01:00,146.45
2024-12-28T15:00:00+01:00,146.46
2024-12-28T18:00:00+01:00,146.46
2024-12-28T21:00:00+01:00,146.46
2024-12-29T02:01:00+01:00,146.47
2024-12-29T03:00:00+01:00,146.47
2024-12-29T06:00:00+01:00,146.47
2024-12-29T09:00:00+01:00,146.47
2024-12-29T12:00:00+01:00,146.47
2024-12-29T15:00:00+01:00,146.47
2024-12-29T18:00:00+01:00,146.47
2024-12-29T21:00:00+01:00,146.48
2024-12-30T02:01:00+01:00,146.48
2024-12-30T03:00:00+01:00,146.48
2024-12-30T06:00:00+01:00,146.48
2024-12-30T09:00:00+01:00,146.48
2024-12-30T12:00:00+01:00,146.49
2024-12-30T15:00:00+01:00,146.49
2024-12-30T18:00:00+01:00,146.49
2024-12-30T21:00:00+01:00,146.49
2024-12-31T02:01:00+01:00,146.49
2024-12-31T03:00:00+01:00,146.5
2024-12-31T06:00:00+01:00,146.5
2024-12-31T09:00:00+01:00,146.5
2024-12-31T12:00:00+01:00,146.51
2024-12-31T15:00:00+01:00,146.51
2024-12-31T18:00:00+01:00,146.51
2024-12-31T21:00:00+01:00,146.52
2025-01-01T02:01:00+01:00,146.52
2025-01-01T03:00:00+01:00,146.52
2025-01-01T06:00:00+01:00,146.53
2025-01-01T09:00:00+01:00,146.54
2025-01-01T12:00:00+01:00,146.54
2025-01-01T15:00:00+01:00,146.55
2025-01-01T18:00:00+01:00,146.55
2025-01-01T21:00:00+01:00,146.56
2025-01-02T02:01:00+01:00,146.56
2025-01-02T03:00:00+01:00,146.56
2025-01-02T06:00:00+01:00,146.56
2025-01-02T09:00:00+01:00,146.56
2025-01-02T12:00:00+01:00,146.57
2025-01-02T15:00:00+01:00,146.57
2025-01-02T18:00:00+01:00,146.57
2025-01-02T21:00:00+01:00,146.57
2025-01-03T02:01:00+01:00,146.57
2025-01-03T03:00:00+01:00,146.57
2025-01-03T06:00:00+01:00,146.57
2025-01-03T09:00:00+01:00,146.57
2025-01-03T12:00:00+01:00,146.58
2025-01-03T15:00:00+01:00,146.58
2025-01-03T18:00:00+01:00,146.58
2025-01-03T21:00:00+01:00,146.58
2025-01-04T02:01:00+01:00,146.58
2025-01-04T03:00:00+01:00,146.58
2025-01-04T06:00:00+01:00,146.59
2025-01-04T09:00:00+01:00,146.59
2025-01-04T12:00:00+01:00,146.6
2025-01-04T15:00:00+01:00,146.6
2025-01-04T18:00:00+01:00,146.61
2025-01-04T21:00:00+01:00,146.62
2025-01-05T02:01:00+01:00,146.63
2025-01-05T03:00:00+01:00,146.64
2025-01-05T06:00:00+01:00,146.64
2025-01-05T09:00:00+01:00,146.66
2025-01-05T12:00:00+01:00,146.67
2025-01-05T15:00:00+01:00,146.68
2025-01-05T18:00:00+01:00,146.68
2025-01-05T21:00:00+01:00,146.69
2025-01-06T02:01:00+01:00,146.7
2025-01-06T03:00:00+01:00,146.71
2025-01-06T06:00:00+01:00,146.73
2025-01-06T09:00:00+01:00,146.73
2025-01-06T12:00:00+01:00,146.75
2025-01-06T15:00:00+01:00,146.74
2025-01-06T18:00:00+01:00,146.75
2025-01-06T21:00:00+01:00,146.76
2025-01-07T02:01:00+01:00,146.77
2025-01-07T03:00:00+01:00,146.77
2025-01-07T06:00:00+01:00,146.78
2025-01-07T09:00:00+01:00,146.78
2025-01-07T12:00:00+01:00,146.79
2025-01-07T15:00:00+01:00,146.8
2025-01-07T18:00:00+01:00,146.8
2025-01-07T21:00:00+01:00,146.81
2025-01-08T02:01:00+01:00,146.82
2025-01-08T03:00:00+01:00,146.82
2025-01-08T06:00:00+01:00,146.83
2025-01-08T09:00:00+01:00,146.83
2025-01-08T12:00:00+01:00,146.84
2025-01-08T15:00:00+01:00,146.85
2025-01-08T18:00:00+01:00,146.86
2025-01-08T21:00:00+01:00,146.88
2025-01-09T02:01:00+01:00,146.89
2025-01-09T03:00:00+01:00,146.9
2025-01-09T06:00:00+01:00,146.91
2025-01-09T09:00:00+01:00,146.92
2025-01-09T12:00:00+01:00,146.92
2025-01-09T15:00:00+01:00,146.92
2025-01-09T18:00:00+01:00,146.93
2025-01-09T21:00:00+01:00,146.93
2025-01-10T02:01:00+01:00,146.94
2025-01-10T03:00:00+01:00,146.95
2025-01-10T06:00:00+01:00,146.95
2025-01-10T09:00:00+01:00,146.96
2025-01-10T12:00:00+01:00,146.96
2025-01-10T15:00:00+01:00,146.97
2025-01-10T18:00:00+01:00,146.98
2025-01-10T21:00:00+01:00,146.98
2025-01-11T02:01:00+01:00,146.99
2025-01-11T03:00:00+01:00,147.0
2025-01-11T06:00:00+01:00,147.0
2025-01-11T09:00:00+01:00,147.01
2025-01-11T12:00:00+01:00,147.02
2025-01-11T15:00:00+01:00,147.02
2025-01-11T18:00:00+01:00,147.03
2025-01-11T21:00:00+01:00,147.03
2025-01-12T02:01:00+01:00,147.04
2025-01-12T03:00:00+01:00,147.05
2025-01-12T06:00:00+01:00,147.05
2025-01-12T09:00:00+01:00,147.06
2025-01-12T12:00:00+01:00,147.06
2025-01-12T15:00:00+01:00,147.07
2025-01-12T18:00:00+01:00,147.08
2025-01-12T21:00:00+01:00,147.08
2025-01-13T02:01:00+01:00,147.09
2025-01-13T03:00:00+01:00,147.1
2025-01-13T06:00:00+01:00,147.1
2025-01-13T09:00:00+01:00,147.11
2025-01-13T12:00:00+01:00,147.12
2025-01-13T15:00:00+01:00,147.13
2025-01-13T18:00:00+01:00,147.14
2025-01-13T21:00:00+01:00,147.14
2025-01-14T02:01:00+01:00,147.16
2025-01-14T03:00:00+01:00,147.17
2025-01-14T06:00:00+01:00,147.17
2025-01-14T09:00:00+01:00,147.18
2025-01-14T12:00:00+01:00,147.19
2025-01-14T15:00:00+01:00,147.2
2025-01-14T18:00:00+01:00,147.21
2025-01-14T21:00:00+01:00,147.22
2025-01-15T02:01:00+01:00,147.23
2025-01-15T03:00:00+01:00,147.24
2025-01-15T06:00:00+01:00,147.25
2025-01-15T09:00:00+01:00,147.26
2025-01-15T12:00:00+01:00,147.26
2025-01-15T15:00:00+01:00,147.27
2025-01-15T18:00:00+01:00,147.28
2025-01-15T21:00:00+01:00,147.29
2025-01-16T02:01:00+01:00,147.3
2025-01-16T03:00:00+01:00,147.3
2025-01-16T06:00:00+01:00,147.31
2025-01-16T09:00:00+01:00,147.32
2025-01-16T12:00:00+01:00,147.32
2025-01-16T15:00:00+01:00,147.33
2025-01-16T18:00:00+01:00,147.34
2025-01-16T21:00:00+01:00,147.35
2025-01-17T02:01:00+01:00,147.35
2025-01-17T03:00:00+01:00,147.36
2025-01-17T06:00:00+01:00,147.37
2025-01-17T09:00:00+01:00,147.37
2025-01-17T12:00:00+01:00,147.38
2025-01-17T15:00:00+01:00,147.39
2025-01-17T18:00:00+01:00,147.4
2025-01-17T21:00:00+01:00,147.4
2025-01-18T02:01:00+01:00,147.41
2025-01-18T03:00:00+01:00,147.42
2025-01-18T06:00:00+01:00,147.43
2025-01-18T09:00:00+01:00,147.44
2025-01-18T12:00:00+01:00,147.45
2025-01-18T15:00:00+01:00,147.46
2025-01-18T18:00:00+01:00,147.47
2025-01-18T21:00:00+01:00,147.48
2025-01-19T02:01:00+01:00,147.48
2025-01-19T03:00:00+01:00,147.5
2025-01-19T06:00:00+01:00,147.51
2025-01-19T09:00:00+01:00,147.51
2025-01-19T12:00:00+01:00,147.52
2025-01-19T15:00:00+01:00,147.53
2025-01-19T18:00:00+01:00,147.54
2025-01-19T21:00:00+01:00,147.55
2025-01-20T02:01:00+01:00,147.56
2025-01-20T03:00:00+01:00,147.57
2025-01-20T06:00:00+01:00,147.57
2025-01-20T09:00:00+01:00,147.58
2025-01-20T12:00:00+01:00,147.59
2025-01-20T15:00:00+01:00,147.6
2025-01-20T18:00:00+01:00,147.6
2025-01-20T21:00:00+01:00,147.61
2025-01-21T02:01:00+01:00,147.62
2025-01-21T03:00:00+01:00,147.63
2025-01-21T06:00:00+01:00,147.64
2025-01-21T09:00:00+01:00,147.64
2025-01-21T12:00:00+01:00,147.65
2025-01-21T15:00:00+01:00,147.66
2025-01-21T18:00:00+01:00,147.67
2025-01-21T21:00:00+01:00,147.67
2025-01-22T02:01:00+01:00,147.68
2025-01-22T03:00:00+01:00,147.69
2025-01-22T06:00:00+01:00,147.7
2025-01-22T09:00:00+01:00,147.71
2025-01-22T12:00:00+01:00,147.72
2025-01-22T15:00:00+01:00,147.73
2025-01-22T18:00:00+01:00,147.74
2025-01-22T21:00:00+01:00,147.75
2025-01-23T02:01:00+01:00,147.76
2025-01-23T03:00:00+01:00,147.76
2025-01-23T06:00:00+01:00,147.76
2025-01-23T09:00:00+01:00,147.77
2025-01-23T12:00:00+01:00,147.77
2025-01-23T15:00:00+01:00,147.78
2025-01-23T18:00:00+01:00,147.79
2025-01-23T21:00:00+01:00,147.79
2025-01-24T02:01:00+01:00,147.79
2025-01-24T03:00:00+01:00,147.8
2025-01-24T06:00:00+01:00,147.81
2025-01-24T09:00:00+01:00,147.82
2025-01-24T12:00:00+01:00,147.83
2025-01-24T15:00:00+01:00,147.83
2025-01-24T18:00:00+01:00,147.83
2025-01-24T21:00:00+01:00,147.84
2025-01-25T02:01:00+01:00,147.85
2025-01-25T03:00:00+01:00,147.85
2025-01-25T06:00:00+01:00,147.86
2025-01-25T09:00:00+01:00,147.87
2025-01-25T12:00:00+01:00,147.86
2025-01-25T15:00:00+01:00,147.87
2025-01-25T18:00:00+01:00,147.88
2025-01-25T21:00:00+01:00,147.88
2025-01-26T02:01:00+01:00,147.89
2025-01-26T03:00:00+01:00,147.9
2025-01-26T06:00:00+01:00,147.9
2025-01-26T09:00:00+01:00,147.9
2025-01-26T12:00:00+01:00,147.92
2025-01-26T15:00:00+01:00,147.92
2025-01-26T18:00:00+01:00,147.94
2025-01-26T21:00:00+01:00,147.96
2025-01-27T02:01:00+01:00,147.97
2025-01-27T03:00:00+01:00,147.99
2025-01-27T06:00:00+01:00,148.0
2025-01-27T09:00:00+01:00,148.01
2025-01-27T12:00:00+01:00,148.02
2025-01-27T15:00:00+01:00,148.03
2025-01-27T18:00:00+01:00,148.04
2025-01-27T21:00:00+01:00,148.05
2025-01-28T02:01:00+01:00,148.06
2025-01-28T03:00:00+01:00,148.08
2025-01-28T06:00:00+01:00,148.09
2025-01-28T09:00:00+01:00,148.1
2025-01-28T12:00:00+01:00,148.11
2025-01-28T15:00:00+01:00,148.13
2025-01-28T18:00:00+01:00,148.13
2025-01-28T21:00:00+01:00,148.14
2025-01-29T02:01:00+01:00,148.15
2025-01-29T03:00:00+01:00,148.16
2025-01-29T06:00:00+01:00,148.16
2025-01-29T09:00:00+01:00,148.17
2025-01-29T12:00:00+01:00,148.17
2025-01-29T15:00:00+01:00,148.18
2025-01-29T18:00:00+01:00,148.19
2025-01-29T21:00:00+01:00,148.19
2025-01-30T02:01:00+01:00,148.2
2025-01-30T03:00:00+01:00,148.21
2025-01-30T06:00:00+01:00,148.21
2025-01-30T09:00:00+01:00,148.22
2025-01-30T12:00:00+01:00,148.22
2025-01-30T15:00:00+01:00,148.22
2025-01-30T18:00:00+01:00,148.22
2025-01-30T21:00:00+01:00,148.23
2025-01-31T02:01:00+01:00,148.23
2025-01-31T03:00:00+01:00,148.23
2025-01-31T06:00:00+01:00,148.24
2025-01-31T09:00:00+01:00,148.24
2025-01-31T12:00:00+01:00,148.25
2025-01-31T15:00:00+01:00,148.25
2025-01-31T18:00:00+01:00,148.26
2025-01-31T21:00:00+01:00,148.26
2025-02-01T02:01:00+01:00,148.26
2025-02-01T03:00:00+01:00,148.27
2025-02-01T06:00:00+01:00,148.28
2025-02-01T09:00:00+01:00,148.28
2025-02-01T12:00:00+01:00,148.29
2025-02-01T15:00:00+01:00,148.3
2025-02-01T18:00:00+01:00,148.31
2025-02-01T21:00:00+01:00,148.32
2025-02-02T02:01:00+01:00,148.33
2025-02-02T03:00:00+01:00,148.34
2025-02-02T06:00:00+01:00,148.35
2025-02-02T09:00:00+01:00,148.36
2025-02-02T12:00:00+01:00,148.36
2025-02-02T15:00:00+01:00,148.37
2025-02-02T18:00:00+01:00,148.38
2025-04-16T09:00:00+02:00,148.38
2025-04-16T12:00:00+02:00,148.37
2025-04-16T15:00:00+02:00,148.37
2025-04-16T18:00:00+02:00,148.36
2025-04-16T21:00:00+02:00,148.36
2025-04-17T02:01:00+02:00,148.35
2025-04-17T03:00:00+02:00,148.35
2025-04-17T06:00:00+02:00,148.35
2025-04-17T09:00:00+02:00,148.34
2025-04-17T12:00:00+02:00,148.34
2025-04-17T15:00:00+02:00,148.33
2025-04-17T18:00:00+02:00,148.33
2025-04-17T21:00:00+02:00,148.32
2025-04-18T02:01:00+02:00,148.32
2025-04-18T03:00:00+02:00,148.32
2025-04-18T06:00:00+02:00,148.31
2025-04-18T09:00:00+02:00,148.31
2025-04-18T12:00:00+02:00,148.3
2025-04-18T15:00:00+02:00,148.3
2025-04-18T18:00:00+02:00,148.3
2025-04-18T21:00:00+02:00,148.3
2025-04-19T02:01:00+02:00,148.29
2025-04-19T03:00:00+02:00,148.29
2025-04-19T06:00:00+02:00,148.29
2025-04-19T09:00:00+02:00,148.29
2025-04-19T12:00:00+02:00,148.29
2025-04-19T15:00:00+02:00,148.29
2025-04-19T18:00:00+02:00,148.29
2025-04-19T21:00:00+02:00,148.28
2025-04-20T02:01:00+02:00,148.28
2025-04-20T03:00:00+02:00,148.28
2025-04-20T06:00:00+02:00,148.28
2025-04-20T09:00:00+02:00,148.28
2025-04-20T12:00:00+02:00,148.27
2025-04-20T15:00:00+02:00,148.27
2025-04-20T18:00:00+02:00,148.27
2025-04-20T21:00:00+02:00,148.26
2025-04-21T02:01:00+02:00,148.26
2025-04-21T03:00:00+02:00,148.26
2025-04-21T06:00:00+02:00,148.25
2025-04-21T09:00:00+02:00,148.25
2025-04-21T12:00:00+02:00,148.24
2025-04-21T15:00:00+02:00,148.24
2025-04-21T18:00:00+02:00,148.23
2025-04-21T21:00:00+02:00,148.23
2025-04-22T02:01:00+02:00,148.22
2025-04-22T03:00:00+02:00,148.22
2025-04-22T06:00:00+02:00,148.21
2025-04-22T09:00:00+02:00,148.21
2025-04-22T12:00:00+02:00,148.2
2025-04-22T15:00:00+02:00,148.2
2025-04-22T18:00:00+02:00,148.19
2025-04-22T21:00:00+02:00,148.19
2025-04-23T02:01:00+02:00,148.19
2025-04-23T03:00:00+02:00,148.18
2025-04-23T06:00:00+02:00,148.18
2025-04-23T09:00:00+02:00,148.18
2025-04-23T12:00:00+02:00,148.18
2025-04-23T15:00:00+02:00,148.17
2025-04-23T18:00:00+02:00,148.17
2025-04-23T21:00:00+02:00,148.17
2025-04-24T02:01:00+02:00,148.16
2025-04-24T03:00:00+02:00,148.16
2025-04-24T06:00:00+02:00,148.16
2025-04-24T09:00:00+02:00,148.15
2025-04-24T12:00:00+02:00,148.15
2025-04-24T15:00:00+02:00,148.15
2025-04-24T18:00:00+02:00,148.14
2025-04-24T21:00:00+02:00,148.14
2025-04-25T02:01:00+02:00,148.13
2025-04-25T03:00:00+02:00,148.13
2025-04-25T06:00:00+02:00,148.12
2025-04-25T09:00:00+02:00,148.12
2025-04-25T12:00:00+02:00,148.11
2025-04-25T15:00:00+02:00,148.11
2025-04-25T18:00:00+02:00,148.11
2025-04-25T21:00:00+02:00,148.1
2025-04-26T02:01:00+02:00,148.1
2025-04-26T03:00:00+02:00,148.1
2025-04-26T06:00:00+02:00,148.09
2025-04-26T09:00:00+02:00,148.09
2025-04-26T12:00:00+02:00,148.09
2025-04-26T15:00:00+02:00,148.08
2025-04-26T18:00:00+02:00,148.08
2025-04-26T21:00:00+02:00,148.07
2025-04-27T02:01:00+02:00,148.07
2025-04-27T03:00:00+02:00,148.07
2025-04-27T06:00:00+02:00,148.06
2025-04-27T09:00:00+02:00,148.06
2025-04-27T12:00:00+02:00,148.06
2025-04-27T15:00:00+02:00,148.05
2025-04-27T18:00:00+02:00,148.05
2025-04-27T21:00:00+02:00,148.04
2025-04-28T02:01:00+02:00,148.04
2025-04-28T03:00:00+02:00,148.04
2025-04-28T06:00:00+02:00,148.03
2025-04-28T09:00:00+02:00,148.03
2025-04-28T12:00:00+02:00,148.02
2025-04-28T15:00:00+02:00,148.02
2025-04-28T18:00:00+02:00,148.02
2025-04-28T21:00:00+02:00,148.01
2025-04-29T02:01:00+02:00,148.01
2025-04-29T03:00:00+02:00,148.01
2025-04-29T06:00:00+02:00,148.0
2025-04-29T09:00:00+02:00,148.0
2025-04-29T12:00:00+02:00,148.0
2025-04-29T15:00:00+02:00,147.99
2025-04-29T18:00:00+02:00,147.99
2025-04-29T21:00:00+02:00,147.99
2025-04-30T02:01:00+02:00,147.99
2025-04-30T03:00:00+02:00,147.98
2025-04-30T06:00:00+02:00,147.98
2025-04-30T09:00:00+02:00,147.98
2025-04-30T12:00:00+02:00,147.97
2025-04-30T15:00:00+02:00,147.97
2025-04-30T18:00:00+02:00,147.97
2025-04-30T21:00:00+02:00,147.97
2025-05-01T02:01:00+02:00,147.97
2025-05-01T03:00:00+02:00,147.96
2025-05-01T06:00:00+02:00,147.96
2025-05-01T09:00:00+02:00,147.96
2025-05-01T12:00:00+02:00,147.96
2025-05-01T15:00:00+02:00,147.95
2025-05-01T18:00:00+02:00,147.95
2025-05-01T21:00:00+02:00,147.95
2025-05-02T02:01:00+02:00,147.95
2025-05-02T03:00:00+02:00,147.95
2025-05-02T06:00:00+02:00,147.94
2025-05-02T09:00:00+02:00,147.94
2025-05-02T12:00:00+02:00,147.94
2025-05-02T15:00:00+02:00,147.94
2025-05-02T18:00:00+02:00,147.93
2025-05-02T21:00:00+02:00,147.93
2025-05-03T02:01:00+02:00,147.93
2025-05-03T03:00:00+02:00,147.93
2025-05-03T06:00:00+02:00,147.92
2025-05-03T09:00:00+02:00,147.92
2025-05-03T12:00:00+02:00,147.92
2025-05-03T15:00:00+02:00,147.92
2025-05-03T18:00:00+02:00,147.92
2025-05-03T21:00:00+02:00,147.91
2025-05-04T02:01:00+02:00,147.91
2025-05-04T03:00:00+02:00,147.91
2025-05-04T06:00:00+02:00,147.9
2025-05-04T09:00:00+02:00,147.9
2025-05-04T12:00:00+02:00,147.9
2025-05-04T15:00:00+02:00,147.89
2025-05-04T18:00:00+02:00,147.89
2025-05-04T21:00:00+02:00,147.88
2025-05-05T02:01:00+02:00,147.88
2025-05-05T03:00:00+02:00,147.88
2025-05-05T06:00:00+02:00,147.87
2025-05-05T09:00:00+02:00,147.87
2025-05-05T12:00:00+02:00,147.86
2025-05-05T15:00:00+02:00,147.86
2025-05-05T18:00:00+02:00,147.86
2025-05-05T21:00:00+02:00,147.85
2025-05-06T02:01:00+02:00,147.85
2025-05-06T03:00:00+02:00,147.84
2025-05-06T06:00:00+02:00,147.84
2025-05-06T09:00:00+02:00,147.83
2025-05-06T12:00:00+02:00,147.83
2025-05-06T15:00:00+02:00,147.83
2025-05-06T18:00:00+02:00,147.82
2025-05-06T21:00:00+02:00,147.82
2025-05-07T02:01:00+02:00,147.81
2025-05-07T03:00:00+02:00,147.81
2025-05-07T06:00:00+02:00,147.81
2025-05-07T09:00:00+02:00,147.8
2025-05-07T12:00:00+02:00,147.8
2025-05-07T15:00:00+02:00,147.8
2025-05-07T18:00:00+02:00,147.8
2025-05-07T21:00:00+02:00,147.79
2025-05-08T02:01:00+02:00,147.79
2025-05-08T03:00:00+02:00,147.79
2025-05-08T06:00:00+02:00,147.78
2025-05-08T09:00:00+02:00,147.78
2025-05-08T12:00:00+02:00,147.78
2025-05-08T15:00:00+02:00,147.78
2025-05-08T18:00:00+02:00,147.77
2025-05-08T21:00:00+02:00,147.77
2025-05-09T02:01:00+02:00,147.76
2025-05-09T03:00:00+02:00,147.76
2025-05-09T06:00:00+02:00,147.76
2025-05-09T09:00:00+02:00,147.75
2025-05-09T12:00:00+02:00,147.75
2025-05-09T15:00:00+02:00,147.75
2025-05-09T18:00:00+02:00,147.74
2025-05-09T21:00:00+02:00,147.74
2025-05-10T02:01:00+02:00,147.73
2025-05-10T03:00:00+02:00,147.73
2025-05-10T06:00:00+02:00,147.73
2025-05-10T09:00:00+02:00,147.72
2025-05-10T12:00:00+02:00,147.72
2025-05-10T15:00:00+02:00,147.72
2025-05-10T18:00:00+02:00,147.72
2025-05-10T21:00:00+02:00,147.71
2025-05-11T02:01:00+02:00,147.71
2025-05-11T03:00:00+02:00,147.71
2025-05-11T06:00:00+02:00,147.71
2025-05-11T09:00:00+02:00,147.7
2025-05-11T12:00:00+02:00,147.7
2025-05-11T15:00:00+02:00,147.7
2025-05-11T18:00:00+02:00,147.7
2025-05-11T21:00:00+02:00,147.69
2025-05-12T02:01:00+02:00,147.69
2025-05-12T03:00:00+02:00,147.69
2025-05-12T06:00:00+02:00,147.68
2025-05-12T09:00:00+02:00,147.68
2025-05-12T12:00:00+02:00,147.68
2025-05-12T15:00:00+02:00,147.68
2025-05-12T18:00:00+02:00,147.67
2025-05-12T21:00:00+02:00,147.67
2025-05-13T02:01:00+02:00,147.66
2025-05-13T03:00:00+02:00,147.66
2025-05-13T06:00:00+02:00,147.65
2025-05-13T09:00:00+02:00,147.65
2025-05-13T12:00:00+02:00,147.65
2025-05-13T15:00:00+02:00,147.64
2025-05-13T18:00:00+02:00,147.64
2025-05-13T21:00:00+02:00,147.63
2025-05-14T02:01:00+02:00,147.63
2025-05-14T03:00:00+02:00,147.63
2025-05-14T06:00:00+02:00,147.62
2025-05-14T09:00:00+02:00,147.62
2025-05-14T12:00:00+02:00,147.62
2025-05-14T15:00:00+02:00,147.61
2025-05-14T18:00:00+02:00,147.61
2025-05-14T21:00:00+02:00,147.6
2025-05-15T02:01:00+02:00,147.6
2025-05-15T03:00:00+02:00,147.6
2025-05-15T06:00:00+02:00,147.59
2025-05-15T09:00:00+02:00,147.59
2025-05-15T12:00:00+02:00,147.58
2025-05-15T15:00:00+02:00,147.58
2025-05-15T18:00:00+02:00,147.58
2025-05-15T21:00:00+02:00,147.57
2025-05-16T02:01:00+02:00,147.57
2025-05-16T03:00:00+02:00,147.56
2025-05-16T06:00:00+02:00,147.56
2025-05-16T09:00:00+02:00,147.56
2025-05-16T12:00:00+02:00,147.55
2025-05-16T15:00:00+02:00,147.55
2025-05-16T18:00:00+02:00,147.55
2025-05-16T21:00:00+02:00,147.54
2025-05-17T02:01:00+02:00,147.54
2025-05-17T03:00:00+02:00,147.54
2025-05-17T06:00:00+02:00,147.53
2025-05-17T09:00:00+02:00,147.53
2025-05-17T12:00:00+02:00,147.53
2025-05-17T15:00:00+02:00,147.52
2025-05-17T18:00:00+02:00,147.52
2025-05-17T21:00:00+02:00,147.52
2025-05-18T02:01:00+02:00,147.51
2025-05-18T03:00:00+02:00,147.51
2025-05-18T06:00:00+02:00,147.51
2025-05-18T09:00:00+02:00,147.5
2025-05-18T12:00:00+02:00,147.5
2025-05-18T15:00:00+02:00,147.5
2025-05-18T18:00:00+02:00,147.49
2025-05-18T21:00:00+02:00,147.49
2025-05-19T02:01:00+02:00,147.49
2025-05-19T03:00:00+02:00,147.48
2025-05-19T06:00:00+02:00,147.48
2025-05-19T09:00:00+02:00,147.47
2025-05-19T12:00:00+02:00,147.47
2025-05-19T15:00:00+02:00,147.47
2025-05-19T18:00:00+02:00,147.46
2025-05-19T21:00:00+02:00,147.46
2025-05-20T02:01:00+02:00,147.46
2025-05-20T03:00:00+02:00,147.45
2025-05-20T06:00:00+02:00,147.45
2025-05-20T09:00:00+02:00,147.45
2025-05-20T12:00:00+02:00,147.44
2025-05-20T15:00:00+02:00,147.44
2025-05-20T18:00:00+02:00,147.44
2025-05-20T21:00:00+02:00,147.43
2025-05-21T02:01:00+02:00,147.43
2025-05-21T03:00:00+02:00,147.43
2025-05-21T06:00:00+02:00,147.42
2025-05-21T09:00:00+02:00,147.42
2025-05-21T12:00:00+02:00,147.42
2025-05-21T15:00:00+02:00,147.42
2025-05-21T18:00:00+02:00,147.41
2025-05-21T21:00:00+02:00,147.41
2025-05-22T02:01:00+02:00,147.41
2011-04-20T13:00:00+02:00,144.72
2015-07-06T15:40:00+02:00,143.49
2016-11-21T13:18:00+01:00,143.3
2018-01-25T13:07:00+01:00,142.33
2018-07-11T13:10:00+02:00,142.89
2021-04-09T11:00:00+02:00,142.38
2021-06-17T12:04:00+02:00,177.13
2022-05-09T13:47:00+02:00,143.71
2022-12-20T13:35:00+01:00,142.21
2024-02-12T14:35:00+01:00,144.07
2024-07-09T12:02:00+02:00,148.66
