date,water_level_nap_m
1960-04-28T13:00:00+01:00,9.73
1960-05-16T13:00:00+01:00,9.53
1960-05-30T13:00:00+01:00,9.53
1960-06-15T13:00:00+01:00,9.52
1960-06-29T13:00:00+01:00,9.4
1960-07-15T13:00:00+01:00,9.37
1960-10-17T13:00:00+01:00,9.57
1960-10-31T13:00:00+01:00,10.35
1960-11-15T13:00:00+01:00,11.12
1960-11-28T13:00:00+01:00,11.3
1960-12-14T13:00:00+01:00,11.3
1960-12-28T13:00:00+01:00,11.3
1961-01-14T13:00:00+01:00,11.39
1961-01-30T13:00:00+01:00,11.46
1961-02-14T13:00:00+01:00,11.38
1961-02-28T13:00:00+01:00,11.46
1961-03-14T13:00:00+01:00,11.36
1961-03-28T13:00:00+01:00,11.32
1961-04-14T13:00:00+01:00,11.42
1961-04-28T13:00:00+01:00,11.45
1961-05-15T13:00:00+01:00,11.23
1961-05-29T13:00:00+01:00,11.1
1961-06-28T13:00:00+01:00,10.85
1961-07-14T13:00:00+01:00,10.77
1961-07-28T13:00:00+01:00,10.46
1961-08-14T13:00:00+01:00,10.3
1961-08-29T13:00:00+01:00,10.38
1961-09-14T13:00:00+01:00,10.21
1961-09-28T13:00:00+01:00,10.21
1961-10-16T13:00:00+01:00,10.14
1961-10-30T13:00:00+01:00,11.15
1961-11-15T13:00:00+01:00,11.35
1961-11-28T13:00:00+01:00,11.5
1961-12-14T13:00:00+01:00,11.62
1961-12-28T13:00:00+01:00,11.56
1962-01-15T13:00:00+01:00,11.61
1962-01-29T13:00:00+01:00,11.59
1962-02-28T13:00:00+01:00,11.6
1962-03-14T13:00:00+01:00,11.6
1962-03-28T13:00:00+01:00,11.66
1962-04-13T13:00:00+01:00,11.62
1962-04-27T13:00:00+01:00,11.43
1962-05-14T13:00:00+01:00,11.54
1962-05-28T13:00:00+01:00,11.49
1962-06-14T13:00:00+01:00,11.2
1962-06-28T13:00:00+01:00,11.04
1962-07-16T13:00:00+01:00,11.11
1962-07-27T13:00:00+01:00,11.12
1962-08-14T13:00:00+01:00,11.01
1962-08-28T13:00:00+01:00,10.85
1962-09-14T13:00:00+01:00,10.71
1962-09-28T13:00:00+01:00,10.62
1962-10-17T13:00:00+01:00,10.51
1962-10-29T13:00:00+01:00,10.64
1962-11-15T13:00:00+01:00,10.87
1962-11-28T13:00:00+01:00,11.06
1962-12-14T13:00:00+01:00,11.28
1963-03-14T13:00:00+01:00,11.58
1963-03-29T13:00:00+01:00,11.51
1963-04-17T13:00:00+01:00,11.43
1963-04-29T13:00:00+01:00,11.48
1963-05-14T13:00:00+01:00,11.46
1963-05-28T13:00:00+01:00,11.41
1963-06-14T13:00:00+01:00,11.38
1963-06-28T13:00:00+01:00,11.3
1963-07-15T13:00:00+01:00,11.15
1963-07-29T13:00:00+01:00,10.93
1963-08-16T13:00:00+01:00,10.9
1963-08-28T13:00:00+01:00,11.01
1963-09-16T13:00:00+01:00,11.0
1963-09-27T13:00:00+01:00,10.89
1963-10-14T13:00:00+01:00,11.11
1963-10-29T13:00:00+01:00,11.07
1963-11-14T13:00:00+01:00,11.4
1963-11-29T13:00:00+01:00,11.3
1963-12-17T13:00:00+01:00,11.22
1963-12-28T13:00:00+01:00,11.18
1964-01-14T13:00:00+01:00,11.23
1964-01-29T13:00:00+01:00,11.28
1964-02-14T13:00:00+01:00,11.34
1964-02-28T13:00:00+01:00,11.22
1964-03-13T13:00:00+01:00,11.2
1964-03-26T13:00:00+01:00,11.34
1964-04-14T13:00:00+01:00,11.2
1964-04-28T13:00:00+01:00,11.26
1964-05-28T13:00:00+01:00,10.84
1964-06-29T13:00:00+01:00,10.74
1964-07-14T13:00:00+01:00,10.57
1964-07-28T13:00:00+01:00,10.37
1964-08-28T13:00:00+01:00,10.02
1964-09-14T13:00:00+01:00,9.89
1964-09-28T13:00:00+01:00,9.63
1964-10-14T13:00:00+01:00,9.6
1964-10-28T13:00:00+01:00,10.32
1964-11-13T13:00:00+01:00,10.83
1964-11-27T13:00:00+01:00,11.05
1964-12-14T13:00:00+01:00,11.3
1965-01-14T13:00:00+01:00,11.29
1965-01-28T13:00:00+01:00,11.28
1965-02-15T13:00:00+01:00,11.18
1965-03-01T13:00:00+01:00,11.19
1965-03-15T13:00:00+01:00,11.18
1965-03-29T13:00:00+01:00,11.25
1965-04-14T13:00:00+01:00,11.2
1965-04-29T13:00:00+01:00,11.26
1965-05-14T13:00:00+01:00,11.31
1965-05-28T13:00:00+01:00,10.87
1965-06-14T13:00:00+01:00,10.99
1965-06-28T13:00:00+01:00,10.99
1965-07-14T13:00:00+01:00,11.03
1965-08-13T13:00:00+01:00,10.92
1965-08-27T13:00:00+01:00,11.09
1965-09-14T13:00:00+01:00,11.23
1965-09-29T13:00:00+01:00,11.0
1965-10-14T13:00:00+01:00,10.92
1965-10-28T13:00:00+01:00,10.86
1965-11-15T13:00:00+01:00,10.86
1965-11-30T13:00:00+01:00,11.18
1965-12-14T13:00:00+01:00,11.47
1965-12-28T13:00:00+01:00,11.5
1966-01-17T13:00:00+01:00,11.47
1966-01-28T13:00:00+01:00,11.45
1966-02-14T13:00:00+01:00,11.58
1966-02-28T13:00:00+01:00,11.61
1966-03-14T13:00:00+01:00,11.54
1966-03-28T13:00:00+01:00,11.58
1966-04-14T13:00:00+01:00,11.58
1966-04-28T13:00:00+01:00,11.6
1966-05-14T13:00:00+01:00,11.46
1966-05-28T13:00:00+01:00,11.28
1966-06-15T13:00:00+01:00,11.06
1966-06-30T13:00:00+01:00,11.38
1966-07-14T13:00:00+01:00,11.21
1966-07-28T13:00:00+01:00,11.28
1966-08-15T13:00:00+01:00,11.39
1966-08-29T13:00:00+01:00,10.95
1966-09-15T13:00:00+01:00,10.78
1966-09-28T13:00:00+01:00,10.7
1966-10-14T13:00:00+01:00,10.74
1966-11-02T13:00:00+01:00,10.99
1966-11-14T13:00:00+01:00,11.22
1966-11-28T13:00:00+01:00,11.67
1966-12-14T13:00:00+01:00,11.58
1966-12-28T13:00:00+01:00,11.65
1967-01-16T13:00:00+01:00,11.61
1967-01-27T13:00:00+01:00,11.58
1967-02-14T13:00:00+01:00,11.57
1967-02-28T13:00:00+01:00,11.61
1967-03-14T13:00:00+01:00,11.55
1967-03-30T13:00:00+01:00,11.56
1967-04-13T13:00:00+01:00,11.56
1967-06-28T13:00:00+01:00,11.25
1967-07-15T13:00:00+01:00,10.81
1967-07-28T13:00:00+01:00,10.81
1967-08-14T13:00:00+01:00,10.81
1967-08-28T13:00:00+01:00,10.63
1967-09-14T13:00:00+01:00,10.44
1967-09-28T13:00:00+01:00,10.44
1967-10-13T13:00:00+01:00,10.3
1967-12-28T13:00:00+01:00,11.41
1968-01-14T13:00:00+01:00,11.69
1968-01-15T13:00:00+01:00,11.69
1968-01-29T13:00:00+01:00,11.52
1968-02-14T13:00:00+01:00,11.51
1968-02-28T13:00:00+01:00,11.46
1968-03-14T13:00:00+01:00,11.44
1968-03-28T13:00:00+01:00,11.39
1968-04-16T13:00:00+01:00,11.26
1968-04-29T13:00:00+01:00,11.19
1968-05-14T13:00:00+01:00,11.26
1968-05-28T13:00:00+01:00,11.08
1968-05-29T13:00:00+01:00,11.08
1968-06-14T13:00:00+01:00,10.86
1968-06-28T13:00:00+01:00,11.05
1968-07-29T13:00:00+01:00,11.19
1968-08-28T13:00:00+01:00,11.27
1968-08-30T13:00:00+01:00,11.27
1968-09-28T13:00:00+01:00,11.34
1968-09-30T13:00:00+01:00,11.34
1968-10-29T13:00:00+01:00,11.31
1968-11-28T13:00:00+01:00,11.33
1969-01-02T13:00:00+01:00,11.27
1969-01-28T13:00:00+01:00,11.45
1969-02-28T13:00:00+01:00,11.53
1969-03-28T13:00:00+01:00,11.44
1969-04-28T13:00:00+01:00,11.49
1969-05-28T13:00:00+01:00,11.25
1969-06-27T13:00:00+01:00,10.97
1969-08-28T13:00:00+01:00,10.7
1969-09-29T13:00:00+01:00,10.72
1969-10-28T13:00:00+01:00,10.32
1969-11-28T13:00:00+01:00,10.58
1970-01-02T12:00:00+01:00,11.04
1970-01-28T12:00:00+01:00,11.24
1970-02-27T12:00:00+01:00,11.44
1970-03-26T12:00:00+01:00,11.43
1970-04-14T11:00:00+01:00,11.43
1970-04-28T11:00:00+01:00,11.42
1970-05-14T11:00:00+01:00,11.38
1970-05-28T11:00:00+01:00,11.12
1970-06-16T11:00:00+01:00,10.64
1970-06-29T11:00:00+01:00,10.37
1970-07-15T11:00:00+01:00,10.46
1970-08-14T11:00:00+01:00,10.26
1970-08-28T11:00:00+01:00,10.2
1970-09-14T11:00:00+01:00,9.75
1970-09-28T11:00:00+01:00,9.98
1970-10-14T11:00:00+01:00,9.81
1970-10-28T12:00:00+01:00,10.15
1970-11-14T12:00:00+01:00,10.59
1970-11-27T12:00:00+01:00,10.79
1970-12-14T12:00:00+01:00,11.06
1971-01-04T12:00:00+01:00,10.93
1971-01-15T12:00:00+01:00,10.99
1971-01-28T12:00:00+01:00,11.22
1971-02-15T12:00:00+01:00,11.28
1971-03-01T12:00:00+01:00,11.19
1971-03-15T12:00:00+01:00,11.21
1971-03-29T11:00:00+01:00,11.17
1971-04-14T11:00:00+01:00,10.98
1971-04-28T11:00:00+01:00,10.91
1971-05-14T11:00:00+01:00,10.72
1971-05-28T11:00:00+01:00,11.07
1971-06-14T11:00:00+01:00,10.63
1971-06-28T11:00:00+01:00,11.03
1971-07-28T11:00:00+01:00,10.18
1971-08-16T11:00:00+01:00,9.87
1971-08-27T11:00:00+01:00,9.74
1971-09-14T11:00:00+01:00,9.51
1971-12-28T12:00:00+01:00,9.54
1972-01-14T12:00:00+01:00,9.57
1972-01-28T12:00:00+01:00,9.62
1972-02-14T12:00:00+01:00,9.86
1972-02-28T12:00:00+01:00,9.8
1972-03-14T12:00:00+01:00,9.89
1972-03-28T11:00:00+01:00,9.87
1972-04-14T11:00:00+01:00,9.63
1972-04-28T11:00:00+01:00,10.15
1972-05-15T11:00:00+01:00,9.97
1972-05-29T11:00:00+01:00,9.94
1972-06-14T11:00:00+01:00,9.93
1972-06-28T11:00:00+01:00,9.74
1972-07-28T11:00:00+01:00,9.44
1972-08-14T11:00:00+01:00,9.74
1972-08-28T11:00:00+01:00,9.73
1972-09-14T11:00:00+01:00,9.36
1973-01-02T12:00:00+01:00,9.46
1973-01-29T12:00:00+01:00,9.86
1973-02-14T12:00:00+01:00,9.52
1973-02-28T12:00:00+01:00,9.76
1973-03-14T12:00:00+01:00,9.79
1973-03-28T11:00:00+01:00,9.76
1973-04-13T11:00:00+01:00,9.81
1973-05-01T11:00:00+01:00,9.96
1973-05-14T11:00:00+01:00,10.4
1973-05-28T11:00:00+01:00,10.31
1973-06-14T11:00:00+01:00,10.38
1973-06-28T11:00:00+01:00,10.03
1974-02-14T12:00:00+01:00,10.82
1974-02-28T12:00:00+01:00,10.66
1974-03-14T12:00:00+01:00,10.59
1974-03-28T12:00:00+01:00,10.66
1974-04-17T11:00:00+01:00,10.27
1974-04-29T11:00:00+01:00,10.17
1974-05-14T11:00:00+01:00,9.82
1974-05-28T11:00:00+01:00,9.86
1974-06-14T11:00:00+01:00,9.72
1974-11-14T12:00:00+01:00,10.02
1974-11-28T12:00:00+01:00,11.17
1974-12-16T12:00:00+01:00,11.53
1975-01-01T12:00:00+01:00,11.43
1975-01-14T12:00:00+01:00,11.41
1975-01-28T12:00:00+01:00,11.46
1975-02-14T12:00:00+01:00,11.4
1975-02-28T12:00:00+01:00,11.41
1975-03-14T12:00:00+01:00,11.47
1975-03-27T12:00:00+01:00,11.59
1975-04-14T11:00:00+01:00,11.59
1975-04-28T11:00:00+01:00,11.43
1975-05-14T11:00:00+01:00,11.18
1975-05-28T11:00:00+01:00,10.93
1975-06-17T11:00:00+01:00,10.67
1975-07-10T11:00:00+01:00,10.82
1975-07-28T11:00:00+01:00,10.17
1975-08-14T11:00:00+01:00,9.92
1975-08-28T11:00:00+01:00,9.83
1975-09-15T11:00:00+01:00,9.73
1975-09-29T11:00:00+01:00,9.45
1975-12-15T12:00:00+01:00,9.88
1975-12-29T12:00:00+01:00,9.9
1976-01-14T12:00:00+01:00,10.06
1976-01-28T12:00:00+01:00,10.21
1976-02-16T12:00:00+01:00,10.47
1976-02-26T12:00:00+01:00,10.44
1976-03-15T12:00:00+01:00,10.43
1976-03-29T11:00:00+01:00,10.5
1976-04-14T11:00:00+01:00,10.44
1976-04-28T11:00:00+01:00,10.17
1976-05-14T11:00:00+01:00,9.87
1976-05-26T11:00:00+01:00,9.81
1976-06-14T11:00:00+01:00,9.57
1976-06-28T11:00:00+01:00,9.36
1977-03-14T12:00:00+01:00,9.38
1977-03-28T11:00:00+01:00,9.55
1977-04-14T12:00:00+02:00,9.81
1977-04-28T12:00:00+02:00,9.83
1977-05-12T12:00:00+02:00,9.9
1977-05-26T12:00:00+02:00,9.94
1977-06-14T12:00:00+02:00,9.81
1977-06-28T12:00:00+02:00,9.84
1977-12-28T12:00:00+01:00,9.43
1978-01-13T12:00:00+01:00,9.46
1978-01-30T12:00:00+01:00,9.95
1978-02-14T12:00:00+01:00,9.86
1978-02-28T12:00:00+01:00,9.83
1978-03-14T12:00:00+01:00,9.8
1978-03-28T11:00:00+01:00,10.04
1978-04-14T12:00:00+02:00,10.15
1978-04-28T12:00:00+02:00,9.93
1978-05-12T12:00:00+02:00,9.86
1978-05-26T12:00:00+02:00,9.92
1978-06-13T12:00:00+02:00,9.76
1978-06-28T12:00:00+02:00,9.76
1978-07-13T12:00:00+02:00,9.77
1978-07-31T12:00:00+02:00,9.58
1979-01-15T12:00:00+01:00,9.74
1979-02-15T12:00:00+01:00,9.9
1979-02-28T12:00:00+01:00,10.93
1979-03-14T12:00:00+01:00,11.03
1979-03-28T11:00:00+01:00,10.96
1979-04-12T12:00:00+02:00,10.85
1979-04-27T12:00:00+02:00,10.75
1979-05-14T12:00:00+02:00,10.98
1979-05-28T12:00:00+02:00,11.03
1979-06-14T12:00:00+02:00,11.05
1979-06-28T12:00:00+02:00,10.79
1979-07-13T12:00:00+02:00,10.45
1979-07-27T12:00:00+02:00,10.18
1979-08-14T12:00:00+02:00,9.64
1979-12-28T12:00:00+01:00,9.7
1980-01-14T12:00:00+01:00,10.93
1980-01-28T12:00:00+01:00,10.75
1980-02-28T12:00:00+01:00,11.13
1980-03-14T12:00:00+01:00,11.27
1980-03-28T12:00:00+01:00,11.23
1980-04-14T12:00:00+02:00,11.24
1980-04-28T12:00:00+02:00,11.06
1980-05-14T12:00:00+02:00,10.85
1980-05-28T12:00:00+02:00,10.69
1980-06-27T12:00:00+02:00,11.13
1980-07-14T12:00:00+02:00,11.08
1980-07-28T12:00:00+02:00,11.03
1980-08-14T12:00:00+02:00,10.74
1980-08-28T12:00:00+02:00,10.36
1980-09-16T12:00:00+02:00,9.92
1980-09-29T11:00:00+01:00,9.64
1980-10-14T11:00:00+01:00,9.52
1980-10-28T12:00:00+01:00,9.49
1980-11-14T12:00:00+01:00,9.47
1980-11-28T12:00:00+01:00,9.5
1980-12-15T12:00:00+01:00,9.45
1980-12-29T12:00:00+01:00,9.72
1981-01-14T12:00:00+01:00,11.16
1981-01-28T12:00:00+01:00,11.13
1981-02-13T12:00:00+01:00,11.32
1981-02-27T12:00:00+01:00,11.12
1981-03-13T12:00:00+01:00,11.61
1981-03-27T12:00:00+01:00,11.51
1981-04-14T12:00:00+02:00,11.28
1981-04-28T12:00:00+02:00,11.26
1981-05-14T12:00:00+02:00,11.51
1981-05-27T12:00:00+02:00,11.38
1981-06-15T12:00:00+02:00,11.03
1981-06-30T12:00:00+02:00,11.02
1981-07-14T12:00:00+02:00,10.9
1981-07-28T12:00:00+02:00,10.63
1981-08-14T12:00:00+02:00,10.15
1981-08-28T12:00:00+02:00,9.64
1981-09-14T12:00:00+02:00,9.67
1981-10-28T12:00:00+01:00,9.54
1981-11-13T12:00:00+01:00,10.13
1981-11-27T12:00:00+01:00,10.38
1981-12-14T12:00:00+01:00,10.55
1981-12-28T12:00:00+01:00,10.51
1982-01-15T12:00:00+01:00,10.54
1982-01-28T12:00:00+01:00,11.26
1982-02-15T12:00:00+01:00,11.21
1982-03-01T12:00:00+01:00,11.19
1982-03-15T12:00:00+01:00,11.37
1982-03-29T12:00:00+02:00,11.38
1982-04-14T12:00:00+02:00,11.1
1982-04-28T12:00:00+02:00,10.96
1982-05-14T12:00:00+02:00,10.8
1982-05-28T12:00:00+02:00,10.56
1982-06-14T12:00:00+02:00,10.17
1982-06-28T12:00:00+02:00,9.66
1982-07-14T12:00:00+02:00,9.49
1982-07-28T12:00:00+02:00,9.44
1982-12-14T12:00:00+01:00,10.04
1982-12-28T12:00:00+01:00,9.47
1983-01-14T12:00:00+01:00,9.49
1983-01-28T12:00:00+01:00,9.58
1983-02-16T12:00:00+01:00,10.27
1983-02-28T12:00:00+01:00,10.31
1983-03-14T12:00:00+01:00,10.43
1983-03-28T12:00:00+02:00,10.54
1983-04-14T12:00:00+02:00,10.67
1983-04-28T12:00:00+02:00,11.24
1983-05-13T12:00:00+02:00,11.24
1983-05-28T12:00:00+02:00,11.21
1983-06-14T12:00:00+02:00,10.99
1983-06-28T12:00:00+02:00,10.63
1983-07-14T12:00:00+02:00,10.49
1983-07-28T12:00:00+02:00,10.62
1984-02-14T12:00:00+01:00,9.62
1984-02-28T12:00:00+01:00,9.96
1984-03-14T12:00:00+01:00,10.41
1984-03-28T12:00:00+02:00,10.47
1984-04-14T12:00:00+02:00,10.66
1984-04-27T12:00:00+02:00,10.5
1984-05-14T12:00:00+02:00,10.41
1984-05-28T12:00:00+02:00,10.56
1984-06-14T12:00:00+02:00,10.71
1984-06-28T12:00:00+02:00,10.34
1984-07-14T12:00:00+02:00,9.94
1984-07-27T12:00:00+02:00,10.16
1984-08-14T12:00:00+02:00,9.86
1984-09-28T12:00:00+02:00,9.55
1984-10-15T11:00:00+01:00,10.44
1984-10-28T12:00:00+01:00,11.12
1984-11-16T12:00:00+01:00,11.16
1984-11-28T12:00:00+01:00,11.16
1984-12-14T12:00:00+01:00,11.11
1984-12-28T12:00:00+01:00,11.05
1985-01-14T12:00:00+01:00,10.96
1985-01-28T12:00:00+01:00,11.34
1985-02-14T12:00:00+01:00,11.18
1985-02-28T12:00:00+01:00,10.96
1985-03-14T12:00:00+01:00,11.03
1985-03-28T12:00:00+01:00,11.11
1985-04-14T12:00:00+02:00,11.49
1985-04-28T12:00:00+02:00,11.18
1985-05-14T12:00:00+02:00,11.21
1985-05-28T12:00:00+02:00,10.94
1985-06-14T12:00:00+02:00,11.04
1985-06-28T12:00:00+02:00,10.89
1985-07-14T12:00:00+02:00,10.7
1985-07-28T12:00:00+02:00,10.4
1985-08-14T12:00:00+02:00,10.2
1985-08-28T12:00:00+02:00,9.8
1985-09-14T12:00:00+02:00,9.62
1985-09-27T12:00:00+02:00,9.54
1985-10-14T11:00:00+01:00,9.46
1985-12-28T12:00:00+01:00,9.61
1986-01-14T12:00:00+01:00,9.8
1986-01-28T12:00:00+01:00,11.26
1986-02-14T12:00:00+01:00,10.97
1986-02-28T12:00:00+01:00,10.73
1986-03-14T12:00:00+01:00,10.69
1986-03-28T12:00:00+01:00,10.82
1986-04-14T12:00:00+02:00,11.17
1986-04-28T12:00:00+02:00,10.96
1986-05-14T12:00:00+02:00,10.91
1986-05-28T12:00:00+02:00,10.61
1986-06-14T12:00:00+02:00,10.94
1986-06-28T12:00:00+02:00,10.36
1986-07-14T12:00:00+02:00,9.66
1986-12-28T12:00:00+01:00,9.56
1987-01-14T12:00:00+01:00,9.91
1987-01-28T12:00:00+01:00,10.84
1987-02-14T12:00:00+01:00,10.76
1987-02-28T12:00:00+01:00,10.86
1987-03-14T12:00:00+01:00,11.14
1987-03-28T12:00:00+01:00,11.37
1987-04-14T12:00:00+02:00,11.04
1987-04-27T12:00:00+02:00,10.93
1987-05-14T12:00:00+02:00,10.92
1987-05-28T12:00:00+02:00,10.8
1987-06-14T12:00:00+02:00,11.17
1987-06-28T12:00:00+02:00,11.21
1987-07-14T12:00:00+02:00,10.66
1987-07-28T12:00:00+02:00,11.41
1987-08-14T12:00:00+02:00,11.09
1987-08-28T12:00:00+02:00,11.04
1987-09-14T12:00:00+02:00,11.07
1987-09-28T11:00:00+01:00,10.79
1987-10-14T11:00:00+01:00,11.11
1987-10-28T12:00:00+01:00,10.97
1987-11-14T12:00:00+01:00,10.9
1987-11-28T12:00:00+01:00,11.4
1987-12-14T12:00:00+01:00,11.34
1987-12-28T12:00:00+01:00,11.26
1988-01-14T12:00:00+01:00,9.6
1988-01-28T12:00:00+01:00,9.65
1988-02-14T12:00:00+01:00,11.76
1988-02-28T12:00:00+01:00,11.82
1988-03-14T12:00:00+01:00,11.79
1988-03-28T12:00:00+02:00,11.69
1988-04-14T12:00:00+02:00,11.53
1988-04-28T12:00:00+02:00,11.46
1988-05-14T12:00:00+02:00,11.43
1988-05-28T12:00:00+02:00,11.36
1988-06-14T12:00:00+02:00,11.11
1988-06-28T12:00:00+02:00,10.89
1988-07-14T12:00:00+02:00,10.86
1988-07-28T12:00:00+02:00,11.06
1988-08-24T12:00:00+02:00,10.64
1988-09-05T12:00:00+02:00,10.69
1988-09-14T12:00:00+02:00,10.36
1988-09-28T11:00:00+01:00,10.29
1988-10-14T11:00:00+01:00,11.35
1988-10-28T11:00:00+01:00,11.26
1988-11-14T12:00:00+01:00,10.95
1988-11-28T12:00:00+01:00,11.1
1988-12-14T12:00:00+01:00,11.39
1988-12-28T12:00:00+01:00,11.33
1989-01-18T12:00:00+01:00,11.34
1989-01-28T12:00:00+01:00,11.21
1989-02-14T12:00:00+01:00,11.18
1989-02-28T12:00:00+01:00,11.28
1989-03-14T12:00:00+01:00,11.48
1989-03-28T12:00:00+02:00,11.42
1989-04-14T12:00:00+02:00,11.35
1989-04-28T12:00:00+02:00,11.26
1989-05-14T12:00:00+02:00,11.1
1989-05-28T12:00:00+02:00,10.63
1989-06-14T12:00:00+02:00,10.28
1993-01-28T12:00:00+01:00,10.22
1993-02-14T12:00:00+01:00,10.46
1993-02-28T12:00:00+01:00,10.58
1993-03-14T12:00:00+01:00,10.52
1993-03-28T12:00:00+02:00,10.43
1993-04-14T12:00:00+02:00,10.36
1993-04-28T12:00:00+02:00,10.36
1993-12-28T12:00:00+01:00,10.78
1994-01-14T12:00:00+01:00,11.28
1994-01-28T12:00:00+01:00,11.37
1994-02-14T12:00:00+01:00,11.26
1994-02-28T12:00:00+01:00,11.29
1994-03-14T12:00:00+01:00,11.28
1994-03-28T12:00:00+02:00,11.46
1994-04-14T12:00:00+02:00,11.46
1994-04-28T12:00:00+02:00,11.26
1994-05-14T12:00:00+02:00,11.16
1994-05-28T12:00:00+02:00,11.11
1994-06-14T12:00:00+02:00,11.06
1994-06-28T12:00:00+02:00,10.66
1994-07-14T12:00:00+02:00,10.26
1994-07-28T12:00:00+02:00,9.58
1994-11-28T12:00:00+01:00,9.38
1994-12-14T12:00:00+01:00,9.46
1994-12-29T12:00:00+01:00,10.05
1995-01-12T12:00:00+01:00,11.26
1995-01-14T12:00:00+01:00,11.51
1995-01-28T12:00:00+01:00,11.53
1995-02-14T12:00:00+01:00,11.51
1995-02-28T12:00:00+01:00,11.55
1995-03-14T12:00:00+01:00,11.48
1995-03-28T12:00:00+02:00,11.46
1995-04-14T12:00:00+02:00,11.36
1995-04-28T12:00:00+02:00,11.36
1995-05-14T12:00:00+02:00,11.16
1995-05-28T12:00:00+02:00,10.92
1995-06-14T12:00:00+02:00,11.13
1995-07-28T12:00:00+02:00,10.29
1995-08-14T12:00:00+02:00,10.39
1995-08-28T12:00:00+02:00,10.27
1998-04-28T12:00:00+02:00,9.45
1998-05-14T12:00:00+02:00,9.41
1998-06-14T12:00:00+02:00,9.34
1998-09-28T12:00:00+02:00,9.41
1998-10-14T12:00:00+02:00,9.48
1998-10-28T12:00:00+01:00,10.18
1998-11-14T12:00:00+01:00,11.35
1998-11-28T12:00:00+01:00,11.34
1998-12-14T12:00:00+01:00,11.46
1998-12-28T12:00:00+01:00,11.49
1999-01-14T12:00:00+01:00,11.56
1999-01-28T12:00:00+01:00,11.52
1999-02-14T12:00:00+01:00,11.61
1999-02-28T12:00:00+01:00,11.64
1999-03-14T12:00:00+01:00,11.61
1999-03-28T12:00:00+02:00,11.62
1999-04-14T12:00:00+02:00,11.69
1999-04-28T12:00:00+02:00,11.52
1999-05-14T12:00:00+02:00,11.39
1999-05-28T12:00:00+02:00,11.32
1999-06-28T12:00:00+02:00,10.88
1999-07-14T12:00:00+02:00,10.76
1999-07-29T12:00:00+02:00,10.36
1999-08-14T12:00:00+02:00,10.59
1999-08-31T12:00:00+02:00,9.33
1999-12-28T12:00:00+01:00,9.39
2000-01-14T12:00:00+01:00,10.57
2000-01-28T12:00:00+01:00,10.4
2000-02-14T12:00:00+01:00,11.01
2000-02-28T12:00:00+01:00,11.26
2000-03-14T12:00:00+01:00,11.41
2000-03-28T12:00:00+02:00,11.34
2000-04-14T12:00:00+02:00,11.25
2000-04-28T12:00:00+02:00,11.14
2000-05-14T12:00:00+02:00,10.88
2000-05-28T12:00:00+02:00,10.85
2000-06-14T12:00:00+02:00,10.68
2000-06-28T12:00:00+02:00,11.0
2000-07-14T12:00:00+02:00,10.08
2000-07-28T12:00:00+02:00,9.92
2000-08-14T12:00:00+02:00,9.5
2000-10-28T12:00:00+02:00,9.4
2000-11-14T12:00:00+01:00,10.54
2000-12-14T12:00:00+01:00,9.87
2001-01-14T12:00:00+01:00,11.46
2001-01-28T12:00:00+01:00,11.59
2001-02-14T12:00:00+01:00,11.86
2001-02-28T12:00:00+01:00,11.66
2001-03-14T12:00:00+01:00,11.68
2001-04-14T12:00:00+02:00,11.69
2001-04-28T12:00:00+02:00,11.78
2001-05-14T12:00:00+02:00,11.62
2001-05-28T12:00:00+02:00,11.42
2001-06-14T12:00:00+02:00,11.13
2001-06-28T12:00:00+02:00,10.69
2001-07-14T12:00:00+02:00,10.49
2001-07-28T12:00:00+02:00,10.29
2001-08-14T12:00:00+02:00,10.46
2001-09-28T12:00:00+02:00,9.54
2001-10-14T12:00:00+02:00,10.67
2001-11-14T12:00:00+01:00,10.69
2001-11-28T12:00:00+01:00,10.81
2001-12-14T12:00:00+01:00,10.86
2001-12-28T12:00:00+01:00,11.57
2002-01-14T12:00:00+01:00,11.8
2002-01-28T12:00:00+01:00,11.86
2002-02-14T12:00:00+01:00,11.94
2002-02-28T12:00:00+01:00,11.96
2002-03-14T12:00:00+01:00,11.81
2002-03-28T12:00:00+01:00,12.03
2002-04-14T12:00:00+02:00,11.96
2002-04-28T12:00:00+02:00,11.94
2002-05-14T12:00:00+02:00,11.66
2002-05-28T12:00:00+02:00,11.43
2002-06-14T12:00:00+02:00,11.54
2002-06-28T12:00:00+02:00,11.41
2002-07-14T12:00:00+02:00,11.33
2002-07-28T12:00:00+02:00,10.99
2002-08-14T12:00:00+02:00,11.21
2002-08-28T12:00:00+02:00,11.14
2002-09-14T12:00:00+02:00,10.8
2002-09-28T12:00:00+02:00,10.61
2002-10-14T12:00:00+02:00,10.59
2002-10-28T12:00:00+01:00,10.61
2002-11-14T12:00:00+01:00,11.46
2002-11-28T12:00:00+01:00,11.44
2002-12-14T12:00:00+01:00,11.61
2002-12-28T12:00:00+01:00,11.66
2003-01-14T12:00:00+01:00,11.7
2003-01-28T12:00:00+01:00,12.22
2003-02-14T12:00:00+01:00,11.66
2003-02-28T12:00:00+01:00,12.02
2003-03-14T12:00:00+01:00,12.01
2003-03-28T12:00:00+01:00,11.86
2003-04-14T12:00:00+02:00,11.66
2003-04-28T12:00:00+02:00,11.72
2003-05-14T12:00:00+02:00,11.56
2003-05-26T12:00:00+02:00,11.61
2003-06-14T12:00:00+02:00,11.11
2003-06-28T12:00:00+02:00,10.92
2003-07-14T12:00:00+02:00,10.77
2003-07-28T12:00:00+02:00,10.35
2003-08-14T12:00:00+02:00,9.51
2004-02-14T12:00:00+01:00,9.66
2004-03-14T12:00:00+01:00,10.8
2004-03-28T12:00:00+02:00,10.7
2004-04-14T12:00:00+02:00,10.76
2004-04-28T12:00:00+02:00,10.64
2004-05-14T12:00:00+02:00,10.43
2004-05-28T12:00:00+02:00,10.19
2004-06-14T12:00:00+02:00,9.44
2005-02-28T12:00:00+01:00,9.49
2005-03-14T12:00:00+01:00,9.51
2005-03-28T12:00:00+02:00,9.59
2005-04-14T12:00:00+02:00,9.61
2005-04-28T12:00:00+02:00,9.96
2005-05-14T12:00:00+02:00,9.98
2005-05-30T12:00:00+02:00,9.84
2005-06-13T12:00:00+02:00,9.46
2006-04-14T12:00:00+02:00,9.38
2006-04-28T12:00:00+02:00,9.51
2006-05-17T12:00:00+02:00,9.53
2006-05-28T12:00:00+02:00,9.55
2006-06-14T12:00:00+02:00,9.9
2006-06-28T12:00:00+02:00,9.45
2007-03-12T12:00:00+01:00,10.71
2007-03-26T12:00:00+02:00,10.91
2007-04-16T12:00:00+02:00,10.72
2007-07-12T12:00:00+02:00,9.51
2007-07-26T12:00:00+02:00,9.45
2007-08-14T12:00:00+02:00,10.35
2007-08-30T12:00:00+02:00,9.69
2007-09-12T12:00:00+02:00,9.33
2007-12-13T12:00:00+01:00,9.4
2007-12-27T12:00:00+01:00,10.13
2008-01-15T12:00:00+01:00,10.56
2008-01-28T12:00:00+01:00,10.86
2008-02-14T12:00:00+01:00,11.12
2008-02-29T12:00:00+01:00,11.01
2008-03-14T12:00:00+01:00,11.05
2008-04-14T12:00:00+02:00,11.36
2008-04-28T12:00:00+02:00,11.31
2008-05-15T12:00:00+02:00,11.25
2008-06-16T12:00:00+02:00,10.51
2008-07-14T12:00:00+02:00,9.79
2008-12-30T12:00:00+01:00,9.72
2009-02-13T12:00:00+01:00,10.64
2009-03-02T12:00:00+01:00,11.11
2009-03-30T12:00:00+02:00,11.11
2009-04-28T12:00:00+02:00,11.02
2009-05-28T12:00:00+02:00,10.47
2009-06-16T12:00:00+02:00,9.72
2009-06-30T12:00:00+02:00,9.65
2010-01-13T12:00:00+01:00,10.46
2010-01-28T12:00:00+01:00,10.53
2010-03-01T12:00:00+01:00,10.91
2010-03-15T12:00:00+01:00,11.09
2010-03-29T12:00:00+02:00,11.3
2010-04-13T12:00:00+02:00,11.18
2010-04-27T12:00:00+02:00,10.89
2010-05-12T12:00:00+02:00,10.88
2010-05-27T12:00:00+02:00,10.73
2010-06-14T10:40:00+02:00,10.44
2010-06-28T12:00:00+02:00,10.01
2010-07-13T12:00:00+02:00,9.4
2010-10-28T12:00:00+02:00,9.66
2010-12-13T12:00:00+01:00,11.48
2011-03-14T12:00:00+01:00,11.67
2011-03-28T12:00:00+02:00,11.68
2011-04-14T12:00:00+02:00,11.81
2011-04-27T12:00:00+02:00,11.36
2011-05-16T12:00:00+02:00,11.1
2011-05-30T12:00:00+02:00,10.79
2011-06-27T12:00:00+02:00,10.63
2011-07-13T12:00:00+02:00,10.52
2011-08-15T12:00:00+02:00,11.16
2011-09-27T12:00:00+02:00,10.82
2011-10-27T12:00:00+02:00,10.79
2011-11-14T12:00:00+01:00,10.6
2011-11-28T12:00:00+01:00,10.48
2012-01-13T12:00:00+01:00,11.81
2012-01-30T12:00:00+01:00,11.89
2012-02-13T12:00:00+01:00,11.76
2012-02-27T12:00:00+01:00,11.89
2012-03-13T12:00:00+01:00,11.88
2012-03-27T12:00:00+02:00,11.7
2012-04-16T12:00:00+02:00,11.56
2012-05-01T12:00:00+02:00,11.71
2012-05-29T12:00:00+02:00,11.65
2012-06-27T12:00:00+02:00,11.7
2012-08-14T12:00:00+02:00,11.31
2012-08-28T12:00:00+02:00,11.05
2012-09-13T12:00:00+02:00,10.87
2012-11-14T12:00:00+01:00,11.3
2013-02-28T12:00:00+01:00,11.94
2013-03-14T12:00:00+01:00,11.95
2013-03-27T12:00:00+01:00,11.86
2013-04-15T12:00:00+02:00,11.76
2013-05-14T12:00:00+02:00,11.56
2013-06-27T12:00:00+02:00,11.41
2013-08-14T12:00:00+02:00,10.77
2013-08-29T12:00:00+02:00,10.62
2013-10-28T12:00:00+01:00,10.8
2014-05-26T12:00:00+02:00,11.29
2014-08-27T12:00:00+02:00,10.21
2014-09-15T12:00:00+02:00,10.32
2014-11-15T18:00:00+01:00,9.95
2014-11-16T06:00:00+01:00,9.94
2014-11-16T18:00:00+01:00,9.97
2014-11-17T06:00:00+01:00,10.02
2014-11-17T18:00:00+01:00,10.02
2014-11-18T06:00:00+01:00,10.03
2014-11-18T18:00:00+01:00,10.07
2014-11-19T06:00:00+01:00,10.08
2014-11-19T18:00:00+01:00,10.08
2014-11-20T06:00:00+01:00,10.11
2014-11-20T18:00:00+01:00,10.17
2014-11-21T06:00:00+01:00,10.23
2014-11-21T18:00:00+01:00,10.27
2014-11-22T06:00:00+01:00,10.3
2014-11-22T18:00:00+01:00,10.31
2014-11-23T06:00:00+01:00,10.32
2014-11-23T18:00:00+01:00,10.33
2014-11-24T06:00:00+01:00,10.31
2014-11-24T18:00:00+01:00,10.3
2014-11-25T06:00:00+01:00,10.31
2014-11-25T18:00:00+01:00,10.33
2014-11-26T06:00:00+01:00,10.35
2014-11-26T18:00:00+01:00,10.36
2014-11-27T06:00:00+01:00,10.36
2014-11-27T18:00:00+01:00,10.37
2014-11-28T06:00:00+01:00,10.37
2014-11-28T18:00:00+01:00,10.36
2014-11-29T06:00:00+01:00,10.34
2014-11-29T18:00:00+01:00,10.33
2014-11-30T06:00:00+01:00,10.33
2014-11-30T18:00:00+01:00,10.34
2014-12-01T06:00:00+01:00,10.33
2014-12-01T18:00:00+01:00,10.33
2014-12-02T06:00:00+01:00,10.32
2014-12-02T18:00:00+01:00,10.31
2014-12-03T06:00:00+01:00,10.3
2014-12-03T18:00:00+01:00,10.3
2014-12-04T06:00:00+01:00,10.3
2014-12-04T18:00:00+01:00,10.3
2014-12-05T06:00:00+01:00,10.29
2014-12-05T18:00:00+01:00,10.29
2014-12-06T06:00:00+01:00,10.28
2014-12-06T18:00:00+01:00,10.26
2014-12-07T06:00:00+01:00,10.26
2014-12-07T18:00:00+01:00,10.27
2014-12-08T06:00:00+01:00,10.26
2014-12-08T18:00:00+01:00,10.26
2014-12-09T06:00:00+01:00,10.23
2014-12-09T18:00:00+01:00,10.18
2014-12-10T06:00:00+01:00,10.22
2014-12-10T18:00:00+01:00,10.23
2014-12-11T06:00:00+01:00,10.26
2014-12-11T18:00:00+01:00,10.27
2014-12-12T06:00:00+01:00,10.3
2014-12-12T18:00:00+01:00,10.3
2014-12-13T06:00:00+01:00,10.28
2014-12-13T18:00:00+01:00,10.26
2014-12-14T06:00:00+01:00,10.25
2014-12-14T18:00:00+01:00,10.26
2014-12-15T06:00:00+01:00,10.28
2014-12-15T18:00:00+01:00,10.28
2014-12-16T06:00:00+01:00,10.3
2014-12-16T18:00:00+01:00,10.3
2014-12-17T06:00:00+01:00,10.33
2014-12-17T18:00:00+01:00,10.34
2014-12-18T06:00:00+01:00,10.34
2014-12-18T18:00:00+01:00,10.34
2014-12-19T06:00:00+01:00,10.35
2014-12-19T18:00:00+01:00,10.34
2014-12-20T06:00:00+01:00,10.33
2014-12-20T18:00:00+01:00,10.34
2014-12-21T06:00:00+01:00,10.33
2014-12-21T18:00:00+01:00,10.37
2014-12-22T06:00:00+01:00,10.39
2014-12-22T18:00:00+01:00,10.4
2014-12-23T06:00:00+01:00,10.41
2014-12-23T18:00:00+01:00,10.42
2014-12-24T06:00:00+01:00,10.43
2014-12-24T18:00:00+01:00,10.42
2014-12-25T06:00:00+01:00,10.41
2014-12-25T18:00:00+01:00,10.41
2014-12-26T06:00:00+01:00,10.41
2014-12-26T18:00:00+01:00,10.44
2014-12-27T06:00:00+01:00,10.54
2014-12-27T18:00:00+01:00,10.47
2014-12-28T06:00:00+01:00,10.43
2014-12-28T18:00:00+01:00,10.41
2014-12-29T06:00:00+01:00,10.46
2014-12-29T18:00:00+01:00,10.47
2014-12-30T06:00:00+01:00,10.51
2014-12-30T18:00:00+01:00,10.53
2014-12-31T06:00:00+01:00,10.56
2014-12-31T18:00:00+01:00,10.56
2015-01-01T06:00:00+01:00,10.58
2015-01-01T18:00:00+01:00,10.62
2015-01-02T06:00:00+01:00,10.65
2015-01-02T18:00:00+01:00,10.59
2015-01-03T06:00:00+01:00,10.67
2015-01-03T18:00:00+01:00,10.73
2015-01-04T06:00:00+01:00,10.7
2015-01-04T18:00:00+01:00,10.75
2015-01-05T06:00:00+01:00,10.83
2015-01-05T18:00:00+01:00,10.88
2015-01-06T06:00:00+01:00,10.92
2015-01-06T18:00:00+01:00,10.92
2015-01-07T06:00:00+01:00,10.88
2015-01-07T18:00:00+01:00,10.91
2015-01-08T06:00:00+01:00,10.94
2015-01-08T18:00:00+01:00,10.94
2015-01-09T06:00:00+01:00,11.08
2015-01-09T18:00:00+01:00,11.16
2015-01-10T06:00:00+01:00,11.23
2015-01-10T18:00:00+01:00,11.25
2015-01-11T06:00:00+01:00,11.33
2015-01-11T18:00:00+01:00,11.34
2015-01-12T06:00:00+01:00,11.43
2015-01-12T18:00:00+01:00,11.49
2015-01-13T06:00:00+01:00,11.54
2015-01-13T18:00:00+01:00,11.53
2015-01-14T06:00:00+01:00,11.54
2015-01-14T18:00:00+01:00,11.53
2015-01-15T06:00:00+01:00,11.68
2015-01-15T18:00:00+01:00,11.67
2015-01-16T06:00:00+01:00,11.63
2015-01-16T18:00:00+01:00,11.64
2015-01-17T06:00:00+01:00,11.6
2015-01-17T18:00:00+01:00,11.62
2015-01-18T06:00:00+01:00,11.66
2015-01-18T18:00:00+01:00,11.66
2015-01-19T06:00:00+01:00,11.69
2015-01-19T18:00:00+01:00,11.72
2015-01-20T06:00:00+01:00,11.75
2015-01-20T18:00:00+01:00,11.75
2015-01-21T06:00:00+01:00,11.77
2015-01-21T18:00:00+01:00,11.75
2015-01-22T06:00:00+01:00,11.72
2015-01-22T18:00:00+01:00,11.68
2015-01-23T06:00:00+01:00,11.67
2015-01-23T18:00:00+01:00,11.67
2015-01-24T06:00:00+01:00,11.75
2015-01-24T18:00:00+01:00,11.68
2015-01-25T06:00:00+01:00,11.67
2015-01-25T18:00:00+01:00,11.71
2015-01-26T06:00:00+01:00,11.77
2015-01-26T18:00:00+01:00,11.77
2015-01-27T06:00:00+01:00,11.75
2015-01-27T18:00:00+01:00,11.76
2015-01-28T06:00:00+01:00,11.84
2015-01-28T18:00:00+01:00,11.92
2015-01-29T06:00:00+01:00,11.93
2015-01-29T18:00:00+01:00,12.02
2015-01-30T06:00:00+01:00,11.95
2015-01-30T18:00:00+01:00,11.91
2015-01-31T06:00:00+01:00,11.89
2015-01-31T18:00:00+01:00,11.85
2015-02-01T06:00:00+01:00,11.83
2015-02-01T18:00:00+01:00,11.8
2015-02-02T06:00:00+01:00,11.81
2015-02-02T18:00:00+01:00,11.83
2015-02-03T06:00:00+01:00,11.87
2015-02-03T18:00:00+01:00,11.86
2015-02-04T06:00:00+01:00,11.85
2015-02-04T18:00:00+01:00,11.85
2015-02-05T06:00:00+01:00,11.85
2015-02-05T18:00:00+01:00,11.83
2015-02-06T06:00:00+01:00,11.83
2015-02-06T18:00:00+01:00,11.83
2015-02-07T06:00:00+01:00,11.82
2015-02-07T18:00:00+01:00,11.83
2015-02-08T06:00:00+01:00,11.86
2015-02-08T18:00:00+01:00,11.85
2015-02-09T06:00:00+01:00,11.9
2015-02-09T18:00:00+01:00,11.91
2015-02-10T06:00:00+01:00,11.91
2015-02-10T18:00:00+01:00,11.94
2015-02-11T06:00:00+01:00,11.96
2015-02-11T18:00:00+01:00,11.97
2015-02-12T06:00:00+01:00,11.97
2015-02-12T18:00:00+01:00,11.96
2015-02-13T06:00:00+01:00,11.97
2015-02-13T18:00:00+01:00,12.0
2015-02-14T06:00:00+01:00,11.99
2015-02-14T18:00:00+01:00,11.96
2015-02-15T06:00:00+01:00,11.9
2015-02-15T18:00:00+01:00,11.87
2015-02-16T06:00:00+01:00,11.86
2015-02-16T18:00:00+01:00,11.85
2015-02-17T06:00:00+01:00,11.8
2015-02-17T18:00:00+01:00,11.73
2015-02-18T06:00:00+01:00,11.75
2015-02-18T18:00:00+01:00,11.8
2015-02-19T06:00:00+01:00,11.85
2015-02-19T18:00:00+01:00,11.89
2015-02-20T06:00:00+01:00,11.94
2015-02-20T18:00:00+01:00,11.98
2015-02-21T06:00:00+01:00,12.01
2015-02-21T18:00:00+01:00,11.99
2015-02-22T06:00:00+01:00,11.95
2015-02-22T18:00:00+01:00,12.0
2015-02-23T06:00:00+01:00,12.08
2015-02-23T18:00:00+01:00,12.05
2015-02-24T06:00:00+01:00,12.02
2015-02-24T18:00:00+01:00,11.94
2015-02-25T06:00:00+01:00,11.93
2015-02-25T18:00:00+01:00,11.94
2015-02-26T06:00:00+01:00,11.96
2015-02-26T18:00:00+01:00,12.03
2015-02-27T06:00:00+01:00,12.0
2015-02-27T18:00:00+01:00,11.98
2015-02-28T06:00:00+01:00,12.02
2015-02-28T18:00:00+01:00,12.08
2015-03-01T06:00:00+01:00,12.12
2015-03-01T18:00:00+01:00,12.06
2015-03-02T06:00:00+01:00,12.03
2015-03-02T18:00:00+01:00,11.97
2015-03-03T06:00:00+01:00,11.95
2015-03-03T18:00:00+01:00,11.96
2015-03-04T06:00:00+01:00,11.94
2015-03-04T18:00:00+01:00,11.9
2015-03-05T06:00:00+01:00,11.87
2015-03-05T18:00:00+01:00,11.9
2015-03-06T06:00:00+01:00,11.92
2015-03-06T18:00:00+01:00,11.94
2015-03-07T06:00:00+01:00,11.96
2015-03-07T18:00:00+01:00,11.97
2015-03-08T06:00:00+01:00,11.98
2015-03-08T18:00:00+01:00,11.96
2015-03-09T06:00:00+01:00,11.91
2015-03-09T18:00:00+01:00,11.93
2015-03-10T06:00:00+01:00,11.91
2015-03-10T18:00:00+01:00,11.88
2015-03-11T06:00:00+01:00,11.88
2015-03-11T18:00:00+01:00,11.89
2015-03-12T06:00:00+01:00,11.88
2015-03-12T18:00:00+01:00,11.91
2015-03-13T06:00:00+01:00,11.91
2015-03-13T18:00:00+01:00,11.9
2015-03-14T06:00:00+01:00,11.85
2015-03-14T18:00:00+01:00,11.85
2015-03-15T06:00:00+01:00,11.85
2015-03-15T18:00:00+01:00,11.86
2015-03-16T06:00:00+01:00,11.86
2015-03-16T18:00:00+01:00,11.86
2015-03-17T06:00:00+01:00,11.84
2015-03-17T18:00:00+01:00,11.84
2015-03-18T06:00:00+01:00,11.8
2015-03-18T18:00:00+01:00,11.78
2015-03-19T06:00:00+01:00,11.79
2015-03-19T18:00:00+01:00,11.8
2015-03-20T06:00:00+01:00,11.8
2015-03-20T18:00:00+01:00,11.82
2015-03-21T06:00:00+01:00,11.84
2015-03-21T18:00:00+01:00,11.8
2015-03-22T06:00:00+01:00,11.76
2015-03-22T18:00:00+01:00,11.79
2015-03-23T06:00:00+01:00,11.81
2015-03-23T18:00:00+01:00,11.83
2015-03-24T06:00:00+01:00,11.84
2015-03-24T18:00:00+01:00,11.83
2015-03-25T06:00:00+01:00,11.82
2015-03-25T18:00:00+01:00,11.78
2015-03-26T06:00:00+01:00,11.79
2015-03-26T18:00:00+01:00,11.82
2015-03-27T06:00:00+01:00,11.74
2015-03-27T18:00:00+01:00,11.71
2015-03-28T06:00:00+01:00,11.75
2015-03-28T18:00:00+01:00,11.83
2015-03-29T06:00:00+02:00,11.85
2015-03-29T18:00:00+02:00,11.93
2015-03-30T06:00:00+02:00,11.89
2015-03-30T18:00:00+02:00,11.86
2015-03-31T06:00:00+02:00,12.01
2015-03-31T18:00:00+02:00,11.91
2015-04-01T06:00:00+02:00,11.9
2015-04-01T18:00:00+02:00,11.91
2015-04-02T06:00:00+02:00,11.99
2015-04-02T18:00:00+02:00,11.91
2015-04-03T06:00:00+02:00,11.94
2015-04-03T18:00:00+02:00,11.98
2015-04-04T06:00:00+02:00,11.96
2015-04-04T18:00:00+02:00,11.92
2015-04-05T06:00:00+02:00,11.9
2015-04-05T18:00:00+02:00,11.89
2015-04-06T06:00:00+02:00,11.89
2015-04-06T18:00:00+02:00,11.86
2015-04-07T06:00:00+02:00,11.84
2015-04-07T18:00:00+02:00,11.86
2015-04-08T06:00:00+02:00,11.87
2015-04-08T18:00:00+02:00,11.88
2015-04-09T06:00:00+02:00,11.89
2015-04-09T18:00:00+02:00,11.9
2015-04-10T06:00:00+02:00,11.9
2015-04-10T18:00:00+02:00,11.93
2015-04-11T06:00:00+02:00,11.91
2015-04-11T18:00:00+02:00,11.82
2015-04-12T06:00:00+02:00,11.79
2015-04-12T18:00:00+02:00,11.83
2015-04-13T06:00:00+02:00,11.78
2015-04-13T18:00:00+02:00,11.79
2015-04-14T06:00:00+02:00,11.81
2015-04-14T18:00:00+02:00,11.83
2015-04-15T06:00:00+02:00,11.84
2015-04-15T18:00:00+02:00,11.86
2015-04-16T06:00:00+02:00,11.82
2015-04-16T18:00:00+02:00,11.81
2015-04-17T06:00:00+02:00,11.78
2015-04-17T18:00:00+02:00,11.75
2015-04-18T06:00:00+02:00,11.71
2015-04-18T18:00:00+02:00,11.73
2015-04-19T06:00:00+02:00,11.74
2015-04-19T18:00:00+02:00,11.74
2015-04-20T06:00:00+02:00,11.69
2015-04-20T18:00:00+02:00,11.68
2015-04-21T06:00:00+02:00,11.67
2015-04-21T18:00:00+02:00,11.67
2015-04-22T06:00:00+02:00,11.67
2015-04-22T18:00:00+02:00,11.71
2015-04-23T06:00:00+02:00,11.72
2015-04-23T18:00:00+02:00,11.74
2015-04-24T06:00:00+02:00,11.74
2015-04-24T18:00:00+02:00,11.75
2015-04-25T06:00:00+02:00,11.73
2015-04-25T18:00:00+02:00,11.72
2015-04-26T06:00:00+02:00,11.71
2015-04-26T18:00:00+02:00,11.7
2015-04-27T06:00:00+02:00,11.67
2015-04-27T18:00:00+02:00,11.64
2015-04-28T06:00:00+02:00,11.62
2015-04-28T18:00:00+02:00,11.57
2015-04-29T06:00:00+02:00,11.59
2015-04-29T18:00:00+02:00,11.63
2015-04-30T06:00:00+02:00,11.62
2015-04-30T18:00:00+02:00,11.63
2015-05-01T06:00:00+02:00,11.62
2015-05-01T18:00:00+02:00,11.63
2015-05-02T06:00:00+02:00,11.57
2015-05-02T18:00:00+02:00,11.6
2015-05-03T06:00:00+02:00,11.64
2015-05-03T18:00:00+02:00,11.64
2015-05-04T06:00:00+02:00,11.58
2015-05-04T18:00:00+02:00,11.59
2015-05-05T06:00:00+02:00,11.69
2015-05-05T18:00:00+02:00,11.59
2015-05-06T06:00:00+02:00,11.6
2015-05-06T18:00:00+02:00,11.59
2015-05-07T06:00:00+02:00,11.57
2015-05-07T18:00:00+02:00,11.57
2015-05-08T06:00:00+02:00,11.61
2015-05-08T18:00:00+02:00,11.63
2015-05-09T06:00:00+02:00,11.61
2015-05-09T18:00:00+02:00,11.56
2015-05-10T06:00:00+02:00,11.52
2015-05-10T18:00:00+02:00,11.55
2015-05-11T06:00:00+02:00,11.57
2015-05-11T18:00:00+02:00,11.57
2015-05-12T06:00:00+02:00,11.58
2015-05-12T18:00:00+02:00,11.53
2015-05-13T06:00:00+02:00,11.52
2015-05-13T18:00:00+02:00,11.55
2015-05-14T06:00:00+02:00,11.53
2015-05-14T18:00:00+02:00,11.56
2015-05-15T06:00:00+02:00,11.49
2015-05-15T18:00:00+02:00,11.45
2015-05-16T06:00:00+02:00,11.46
2015-05-16T18:00:00+02:00,11.43
2015-05-17T06:00:00+02:00,11.43
2015-05-17T18:00:00+02:00,11.45
2015-05-18T06:00:00+02:00,11.52
2015-05-18T18:00:00+02:00,11.56
2015-05-19T06:00:00+02:00,11.52
2015-05-19T18:00:00+02:00,11.48
2015-05-20T06:00:00+02:00,11.43
2015-05-20T18:00:00+02:00,11.38
2015-05-21T06:00:00+02:00,11.35
2015-05-21T18:00:00+02:00,11.34
2015-05-22T06:00:00+02:00,11.36
2015-05-22T18:00:00+02:00,11.37
2015-05-23T06:00:00+02:00,11.38
2015-05-23T18:00:00+02:00,11.37
2015-05-24T06:00:00+02:00,11.37
2015-05-24T18:00:00+02:00,11.38
2015-05-25T06:00:00+02:00,11.37
2015-05-25T18:00:00+02:00,11.34
2015-05-26T06:00:00+02:00,11.32
2015-05-26T18:00:00+02:00,11.28
2015-05-27T06:00:00+02:00,11.28
2015-05-27T18:00:00+02:00,11.31
2015-05-28T06:00:00+02:00,11.34
2015-05-28T18:00:00+02:00,11.31
2015-05-29T06:00:00+02:00,11.31
2015-05-29T18:00:00+02:00,11.32
2015-05-30T06:00:00+02:00,11.27
2015-05-30T18:00:00+02:00,11.22
2015-05-31T06:00:00+02:00,11.26
2015-05-31T18:00:00+02:00,11.28
2015-06-01T06:00:00+02:00,11.2
2015-06-01T18:00:00+02:00,11.21
2015-06-02T06:00:00+02:00,11.26
2015-06-02T18:00:00+02:00,11.21
2015-06-03T06:00:00+02:00,11.15
2015-06-03T18:00:00+02:00,11.09
2015-06-04T06:00:00+02:00,11.09
2015-06-04T18:00:00+02:00,11.14
2015-06-05T06:00:00+02:00,11.16
2015-06-05T18:00:00+02:00,11.14
2015-06-06T06:00:00+02:00,11.08
2015-06-06T18:00:00+02:00,11.04
2015-06-07T06:00:00+02:00,11.03
2015-06-07T18:00:00+02:00,11.02
2015-06-08T06:00:00+02:00,11.01
2015-06-08T18:00:00+02:00,11.03
2015-06-09T06:00:00+02:00,11.01
2015-06-09T18:00:00+02:00,11.0
2015-06-10T06:00:00+02:00,11.0
2015-06-10T18:00:00+02:00,11.02
2015-06-11T06:00:00+02:00,11.01
2015-06-11T18:00:00+02:00,11.04
2015-06-12T06:00:00+02:00,11.03
2015-06-12T18:00:00+02:00,11.03
2015-06-13T06:00:00+02:00,10.98
2015-06-13T18:00:00+02:00,10.94
2015-06-14T06:00:00+02:00,10.92
2015-06-14T18:00:00+02:00,10.9
2015-06-15T06:00:00+02:00,10.85
2015-06-15T18:00:00+02:00,10.82
2015-06-16T06:00:00+02:00,10.8
2015-06-16T18:00:00+02:00,10.8
2015-06-17T06:00:00+02:00,10.79
2015-06-17T18:00:00+02:00,10.83
2015-06-18T06:00:00+02:00,10.82
2015-06-18T18:00:00+02:00,10.79
2015-06-19T06:00:00+02:00,10.79
2015-06-19T18:00:00+02:00,10.76
2015-06-20T06:00:00+02:00,10.75
2015-06-20T18:00:00+02:00,10.75
2015-06-21T06:00:00+02:00,10.77
2015-06-21T18:00:00+02:00,10.76
2015-06-22T06:00:00+02:00,10.77
2015-06-22T18:00:00+02:00,10.78
2015-06-23T06:00:00+02:00,10.72
2015-06-23T18:00:00+02:00,10.66
2015-06-24T06:00:00+02:00,10.65
2015-06-24T18:00:00+02:00,10.65
2015-06-25T06:00:00+02:00,10.65
2015-06-25T18:00:00+02:00,10.63
2015-06-26T06:00:00+02:00,10.65
2015-06-26T18:00:00+02:00,10.66
2015-06-27T06:00:00+02:00,10.64
2015-06-27T18:00:00+02:00,10.6
2015-06-28T06:00:00+02:00,10.59
2015-06-28T18:00:00+02:00,10.6
2015-06-29T06:00:00+02:00,10.59
2015-06-29T18:00:00+02:00,10.56
2015-06-30T06:00:00+02:00,10.56
2015-06-30T18:00:00+02:00,10.57
2015-07-01T06:00:00+02:00,10.57
2015-07-01T18:00:00+02:00,10.57
2015-07-02T06:00:00+02:00,10.54
2015-07-02T18:00:00+02:00,10.52
2015-07-03T06:00:00+02:00,10.49
2015-07-03T18:00:00+02:00,10.51
2015-07-04T06:00:00+02:00,10.52
2015-07-04T18:00:00+02:00,10.48
2015-07-05T06:00:00+02:00,10.48
2015-07-05T18:00:00+02:00,10.47
2015-07-06T06:00:00+02:00,10.44
2015-07-06T18:00:00+02:00,10.45
2015-07-07T06:00:00+02:00,10.47
2015-07-07T18:00:00+02:00,10.47
2015-07-08T06:00:00+02:00,10.45
2015-07-08T18:00:00+02:00,10.42
2015-07-09T06:00:00+02:00,10.39
2015-07-09T18:00:00+02:00,10.37
2015-07-10T06:00:00+02:00,10.37
2015-07-10T18:00:00+02:00,10.38
2015-07-11T06:00:00+02:00,10.38
2015-07-11T18:00:00+02:00,10.36
2015-07-12T06:00:00+02:00,10.35
2015-07-12T18:00:00+02:00,10.34
2015-07-13T06:00:00+02:00,10.34
2015-07-13T18:00:00+02:00,10.34
2015-07-14T06:00:00+02:00,10.32
2015-07-14T18:00:00+02:00,10.3
2015-07-15T06:00:00+02:00,10.28
2015-07-15T18:00:00+02:00,10.26
2015-07-16T06:00:00+02:00,10.23
2015-07-16T18:00:00+02:00,10.22
2015-07-17T06:00:00+02:00,10.23
2015-07-17T18:00:00+02:00,10.19
2015-07-18T06:00:00+02:00,10.14
2015-07-18T18:00:00+02:00,10.09
2015-07-19T06:00:00+02:00,10.09
2015-07-19T18:00:00+02:00,10.07
2015-07-20T06:00:00+02:00,10.03
2015-07-20T18:00:00+02:00,10.0
2015-07-21T06:00:00+02:00,9.96
2015-07-21T18:00:00+02:00,9.92
2015-07-22T06:00:00+02:00,9.87
2015-07-22T18:00:00+02:00,9.84
2015-07-23T06:00:00+02:00,9.8
2015-07-23T18:00:00+02:00,9.78
2015-07-24T06:00:00+02:00,9.77
2015-07-24T18:00:00+02:00,9.79
2015-07-25T06:00:00+02:00,9.85
2015-07-25T18:00:00+02:00,9.75
2015-07-26T06:00:00+02:00,9.7
2015-07-26T18:00:00+02:00,9.72
2015-07-27T06:00:00+02:00,9.76
2015-07-27T18:00:00+02:00,9.72
2015-07-28T06:00:00+02:00,9.68
2015-07-28T18:00:00+02:00,9.66
2015-07-29T06:00:00+02:00,9.64
2015-07-29T18:00:00+02:00,9.61
2015-07-30T06:00:00+02:00,9.58
2015-07-30T18:00:00+02:00,9.55
2015-07-31T06:00:00+02:00,9.53
2015-07-31T18:00:00+02:00,9.52
2015-08-01T06:00:00+02:00,9.52
2015-08-01T18:00:00+02:00,9.51
2015-08-02T06:00:00+02:00,9.5
2015-08-02T18:00:00+02:00,9.5
2015-08-03T06:00:00+02:00,9.51
2015-08-03T18:00:00+02:00,9.5
2015-08-04T06:00:00+02:00,9.51
2015-08-04T18:00:00+02:00,9.49
2015-08-05T06:00:00+02:00,9.49
2015-08-05T18:00:00+02:00,9.49
2015-08-06T06:00:00+02:00,9.49
2015-08-06T18:00:00+02:00,9.49
2015-08-07T06:00:00+02:00,9.48
2015-08-07T18:00:00+02:00,9.48
2015-08-08T06:00:00+02:00,9.47
2015-08-08T18:00:00+02:00,9.46
2015-08-09T06:00:00+02:00,9.45
2015-08-09T18:00:00+02:00,9.45
2015-08-10T06:00:00+02:00,9.45
2015-08-10T18:00:00+02:00,9.45
2015-08-11T06:00:00+02:00,9.44
2015-08-11T18:00:00+02:00,9.43
2015-08-12T06:00:00+02:00,9.43
2015-08-12T18:00:00+02:00,9.41
2015-08-13T06:00:00+02:00,9.42
2015-08-13T18:00:00+02:00,9.46
2015-08-14T06:00:00+02:00,9.47
2015-08-14T18:00:00+02:00,9.46
2015-08-15T06:00:00+02:00,9.44
2015-08-23T18:00:00+02:00,9.44
2015-08-24T06:00:00+02:00,9.42
2015-08-24T18:00:00+02:00,9.45
2015-09-08T18:00:00+02:00,9.47
2015-09-09T06:00:00+02:00,9.48
2015-09-09T18:00:00+02:00,9.5
2015-09-10T06:00:00+02:00,9.5
2015-09-10T18:00:00+02:00,9.51
2015-09-11T06:00:00+02:00,9.51
2015-09-11T18:00:00+02:00,9.51
2015-09-12T06:00:00+02:00,9.52
2015-09-12T18:00:00+02:00,9.52
2015-09-13T06:00:00+02:00,9.53
2015-09-13T18:00:00+02:00,9.54
2015-09-14T06:00:00+02:00,9.56
2015-09-14T18:00:00+02:00,9.61
2015-09-15T06:00:00+02:00,9.61
2015-09-15T18:00:00+02:00,9.62
2015-09-16T06:00:00+02:00,9.64
2015-09-16T18:00:00+02:00,9.68
2015-09-17T06:00:00+02:00,9.68
2015-09-17T18:00:00+02:00,9.61
2015-09-18T06:00:00+02:00,9.55
2015-09-18T18:00:00+02:00,9.52
2015-09-19T06:00:00+02:00,9.51
2015-09-19T18:00:00+02:00,9.5
2015-09-20T06:00:00+02:00,9.5
2015-09-20T18:00:00+02:00,9.5
2015-09-21T06:00:00+02:00,9.51
2015-09-21T18:00:00+02:00,9.52
2015-09-22T06:00:00+02:00,9.55
2015-09-22T18:00:00+02:00,9.58
2015-09-23T06:00:00+02:00,9.56
2015-09-23T18:00:00+02:00,9.53
2015-09-24T06:00:00+02:00,9.52
2015-09-24T18:00:00+02:00,9.51
2015-09-25T06:00:00+02:00,9.51
2015-09-25T18:00:00+02:00,9.5
2015-09-26T06:00:00+02:00,9.51
2015-09-26T18:00:00+02:00,9.51
2015-09-27T06:00:00+02:00,9.52
2015-09-27T18:00:00+02:00,9.52
2015-09-28T06:00:00+02:00,9.53
2015-09-28T18:00:00+02:00,9.54
2015-09-29T06:00:00+02:00,9.55
2015-09-29T18:00:00+02:00,9.57
2015-09-30T06:00:00+02:00,9.59
2015-09-30T18:00:00+02:00,9.59
2015-10-01T06:00:00+02:00,9.6
2015-10-01T18:00:00+02:00,9.62
2015-10-02T06:00:00+02:00,9.64
2015-10-02T18:00:00+02:00,9.67
2015-10-03T06:00:00+02:00,9.71
2015-10-03T18:00:00+02:00,9.73
2015-10-04T06:00:00+02:00,9.72
2015-10-04T18:00:00+02:00,9.7
2015-10-05T06:00:00+02:00,9.69
2015-10-05T18:00:00+02:00,9.72
2015-10-06T06:00:00+02:00,9.75
2015-10-06T18:00:00+02:00,9.76
2015-10-07T06:00:00+02:00,9.72
2015-10-07T18:00:00+02:00,9.66
2015-10-08T06:00:00+02:00,9.6
2015-10-08T18:00:00+02:00,9.55
2015-10-09T06:00:00+02:00,9.52
2015-10-09T18:00:00+02:00,9.52
2015-10-10T06:00:00+02:00,9.51
2015-10-10T18:00:00+02:00,9.51
2015-10-11T06:00:00+02:00,9.51
2015-10-11T18:00:00+02:00,9.5
2015-10-12T06:00:00+02:00,9.5
2015-10-12T18:00:00+02:00,9.5
2015-10-13T06:00:00+02:00,9.49
2015-10-13T18:00:00+02:00,9.49
2015-10-14T06:00:00+02:00,9.49
2015-10-14T18:00:00+02:00,9.49
2015-10-15T06:00:00+02:00,9.48
2015-10-15T18:00:00+02:00,9.47
2015-10-16T06:00:00+02:00,9.48
2015-10-16T18:00:00+02:00,9.47
2015-10-17T06:00:00+02:00,9.47
2015-10-17T18:00:00+02:00,9.46
2015-10-18T06:00:00+02:00,9.44
2015-10-18T18:00:00+02:00,9.43
2015-10-19T06:00:00+02:00,9.43
2015-10-19T18:00:00+02:00,9.42
2015-10-21T18:00:00+02:00,9.43
2015-10-22T06:00:00+02:00,9.44
2015-11-27T18:00:00+01:00,9.44
2015-11-28T06:00:00+01:00,9.47
2015-11-28T18:00:00+01:00,9.45
2015-11-29T06:00:00+01:00,9.49
2015-11-29T18:00:00+01:00,9.51
2015-11-30T06:00:00+01:00,9.49
2015-11-30T18:00:00+01:00,9.52
2015-12-01T06:00:00+01:00,9.58
2015-12-01T18:00:00+01:00,9.64
2015-12-02T06:00:00+01:00,9.7
2015-12-02T18:00:00+01:00,9.81
2015-12-03T06:00:00+01:00,10.02
2015-12-03T18:00:00+01:00,10.2
2015-12-04T06:00:00+01:00,10.3
2015-12-04T18:00:00+01:00,10.32
2015-12-05T06:00:00+01:00,10.35
2015-12-05T18:00:00+01:00,10.39
2015-12-06T06:00:00+01:00,10.41
2015-12-06T18:00:00+01:00,10.42
2015-12-07T06:00:00+01:00,10.42
2015-12-07T18:00:00+01:00,10.43
2015-12-08T06:00:00+01:00,10.45
2015-12-08T18:00:00+01:00,10.45
2015-12-09T06:00:00+01:00,10.43
2015-12-09T18:00:00+01:00,10.44
2015-12-10T06:00:00+01:00,10.46
2015-12-10T18:00:00+01:00,10.48
2015-12-11T06:00:00+01:00,10.49
2015-12-11T18:00:00+01:00,10.49
2015-12-12T06:00:00+01:00,10.48
2015-12-12T18:00:00+01:00,10.51
2015-12-13T06:00:00+01:00,10.49
2015-12-13T18:00:00+01:00,10.49
2015-12-14T06:00:00+01:00,10.5
2015-12-14T18:00:00+01:00,10.5
2015-12-15T06:00:00+01:00,10.5
2015-12-15T18:00:00+01:00,10.51
2015-12-16T06:00:00+01:00,10.52
2015-12-16T18:00:00+01:00,10.51
2015-12-17T06:00:00+01:00,10.52
2015-12-17T18:00:00+01:00,10.53
2015-12-18T06:00:00+01:00,10.52
2015-12-18T18:00:00+01:00,10.52
2015-12-19T06:00:00+01:00,10.54
2015-12-19T18:00:00+01:00,10.54
2015-12-20T06:00:00+01:00,10.55
2015-12-20T18:00:00+01:00,10.54
2015-12-21T06:00:00+01:00,10.53
2015-12-21T18:00:00+01:00,10.55
2015-12-22T06:00:00+01:00,10.54
2015-12-22T18:00:00+01:00,10.55
2015-12-23T06:00:00+01:00,10.54
2015-12-23T18:00:00+01:00,10.51
2015-12-24T06:00:00+01:00,10.55
2015-12-24T18:00:00+01:00,10.55
2015-12-25T06:00:00+01:00,10.51
2015-12-25T18:00:00+01:00,10.54
2015-12-26T06:00:00+01:00,10.53
2015-12-26T18:00:00+01:00,10.54
2015-12-27T06:00:00+01:00,10.54
2015-12-27T18:00:00+01:00,10.52
2015-12-28T06:00:00+01:00,10.52
2015-12-28T18:00:00+01:00,10.55
2015-12-29T06:00:00+01:00,10.54
2015-12-29T18:00:00+01:00,10.51
2015-12-30T06:00:00+01:00,10.53
2015-12-30T18:00:00+01:00,10.56
2015-12-31T06:00:00+01:00,10.55
2015-12-31T18:00:00+01:00,10.52
2016-01-01T06:00:00+01:00,10.51
2016-01-01T18:00:00+01:00,10.54
2016-01-02T06:00:00+01:00,10.57
2016-01-02T18:00:00+01:00,10.57
2016-01-03T06:00:00+01:00,10.56
2016-01-03T18:00:00+01:00,10.61
2016-01-04T06:00:00+01:00,10.61
2016-01-04T18:00:00+01:00,10.58
2016-01-05T06:00:00+01:00,10.58
2016-01-05T18:00:00+01:00,10.57
2016-01-06T06:00:00+01:00,10.57
2016-01-06T18:00:00+01:00,10.57
2016-01-07T06:00:00+01:00,10.61
2016-01-07T18:00:00+01:00,10.61
2016-01-08T06:00:00+01:00,10.56
2016-01-08T18:00:00+01:00,10.6
2016-01-09T06:00:00+01:00,10.64
2016-01-09T18:00:00+01:00,10.67
2016-01-10T06:00:00+01:00,10.7
2016-01-10T18:00:00+01:00,10.69
2016-01-11T06:00:00+01:00,10.71
2016-01-11T18:00:00+01:00,10.72
2016-01-12T06:00:00+01:00,10.67
2016-01-12T18:00:00+01:00,10.66
2016-01-13T06:00:00+01:00,10.63
2016-01-13T18:00:00+01:00,10.65
2016-01-14T06:00:00+01:00,10.76
2016-01-14T18:00:00+01:00,10.79
2016-01-15T06:00:00+01:00,10.76
2016-01-15T18:00:00+01:00,10.76
2016-01-16T06:00:00+01:00,10.87
2016-01-16T18:00:00+01:00,10.93
2016-01-17T06:00:00+01:00,10.98
2016-01-17T18:00:00+01:00,11.0
2016-01-18T06:00:00+01:00,11.04
2016-01-18T18:00:00+01:00,11.05
2016-01-19T06:00:00+01:00,11.04
2016-01-19T18:00:00+01:00,11.03
2016-01-20T06:00:00+01:00,11.02
2016-01-20T18:00:00+01:00,11.02
2016-01-21T06:00:00+01:00,11.01
2016-01-21T18:00:00+01:00,11.01
2016-01-22T06:00:00+01:00,11.04
2016-01-22T18:00:00+01:00,11.1
2016-01-23T06:00:00+01:00,11.06
2016-01-23T18:00:00+01:00,11.06
2016-01-24T06:00:00+01:00,11.13
2016-01-24T18:00:00+01:00,11.16
2016-01-25T06:00:00+01:00,11.2
2016-01-25T18:00:00+01:00,11.25
2016-01-26T06:00:00+01:00,11.23
2016-01-26T18:00:00+01:00,11.29
2016-01-27T06:00:00+01:00,11.31
2016-01-27T18:00:00+01:00,11.32
2016-01-28T06:00:00+01:00,11.24
2016-01-28T18:00:00+01:00,11.22
2016-01-29T06:00:00+01:00,11.27
2016-01-29T18:00:00+01:00,11.3
2016-01-30T06:00:00+01:00,11.38
2016-01-30T18:00:00+01:00,11.39
2016-01-31T06:00:00+01:00,11.42
2016-01-31T18:00:00+01:00,11.48
2016-02-01T06:00:00+01:00,11.43
2016-02-01T18:00:00+01:00,11.45
2016-02-02T06:00:00+01:00,11.49
2016-02-02T18:00:00+01:00,11.51
2016-02-03T06:00:00+01:00,11.5
2016-02-03T18:00:00+01:00,11.46
2016-02-04T06:00:00+01:00,11.48
2016-02-04T18:00:00+01:00,11.49
2016-02-05T06:00:00+01:00,11.51
2016-02-05T18:00:00+01:00,11.55
2016-02-06T06:00:00+01:00,11.61
2016-02-06T18:00:00+01:00,11.66
2016-02-07T06:00:00+01:00,11.67
2016-02-07T18:00:00+01:00,11.59
2016-02-08T06:00:00+01:00,11.68
2016-02-08T18:00:00+01:00,11.67
2016-02-09T06:00:00+01:00,11.66
2016-02-09T18:00:00+01:00,11.75
2016-02-10T06:00:00+01:00,11.74
2016-02-10T18:00:00+01:00,11.73
2016-02-11T06:00:00+01:00,11.75
2016-02-11T18:00:00+01:00,11.79
2016-02-12T06:00:00+01:00,11.84
2016-02-12T18:00:00+01:00,11.88
2016-02-13T06:00:00+01:00,11.89
2016-02-13T18:00:00+01:00,11.93
2016-02-14T06:00:00+01:00,11.88
2016-02-14T18:00:00+01:00,11.81
2016-02-15T06:00:00+01:00,11.73
2016-02-15T18:00:00+01:00,11.69
2016-02-16T06:00:00+01:00,11.67
2016-02-16T18:00:00+01:00,11.73
2016-02-17T06:00:00+01:00,11.8
2016-02-17T18:00:00+01:00,11.88
2016-02-18T06:00:00+01:00,11.86
2016-02-18T18:00:00+01:00,11.82
2016-02-19T06:00:00+01:00,11.8
2016-02-19T18:00:00+01:00,11.8
2016-02-20T06:00:00+01:00,11.88
2016-02-20T18:00:00+01:00,11.88
2016-02-21T06:00:00+01:00,11.87
2016-02-21T18:00:00+01:00,11.91
2016-02-22T06:00:00+01:00,11.93
2016-02-22T18:00:00+01:00,11.92
2016-02-23T06:00:00+01:00,11.94
2016-02-23T18:00:00+01:00,11.92
2016-02-24T06:00:00+01:00,11.93
2016-02-24T18:00:00+01:00,11.97
2016-02-25T06:00:00+01:00,11.97
2016-02-25T18:00:00+01:00,11.95
2016-02-26T06:00:00+01:00,11.96
2016-02-26T18:00:00+01:00,11.97
2016-02-27T06:00:00+01:00,11.96
2016-02-27T18:00:00+01:00,11.93
2016-02-28T06:00:00+01:00,11.89
2016-02-28T18:00:00+01:00,11.87
2016-02-29T06:00:00+01:00,11.85
2016-02-29T18:00:00+01:00,11.85
2016-03-01T06:00:00+01:00,11.88
2016-03-01T18:00:00+01:00,11.96
2016-03-02T06:00:00+01:00,12.0
2016-03-02T18:00:00+01:00,12.02
2016-03-03T06:00:00+01:00,12.0
2016-03-03T18:00:00+01:00,11.95
2016-03-04T06:00:00+01:00,12.05
2016-03-04T18:00:00+01:00,12.05
2016-03-05T06:00:00+01:00,12.03
2016-03-05T18:00:00+01:00,12.02
2016-03-06T06:00:00+01:00,12.01
2016-03-06T18:00:00+01:00,11.99
2016-03-07T06:00:00+01:00,11.99
2016-03-07T18:00:00+01:00,11.97
2016-03-08T06:00:00+01:00,11.94
2016-03-08T18:00:00+01:00,11.95
2016-03-09T06:00:00+01:00,12.03
2016-03-09T18:00:00+01:00,12.01
2016-03-10T06:00:00+01:00,11.92
2016-03-10T18:00:00+01:00,11.89
2016-03-11T06:00:00+01:00,11.87
2016-03-11T18:00:00+01:00,11.88
2016-03-12T06:00:00+01:00,11.88
2016-03-12T18:00:00+01:00,11.88
2016-03-13T06:00:00+01:00,11.86
2016-03-13T18:00:00+01:00,11.87
2016-03-14T06:00:00+01:00,11.87
2016-03-14T18:00:00+01:00,11.9
2016-03-15T06:00:00+01:00,11.89
2016-03-15T18:00:00+01:00,11.9
2016-03-16T06:00:00+01:00,11.87
2016-03-16T18:00:00+01:00,11.87
2016-03-17T06:00:00+01:00,11.85
2016-03-17T18:00:00+01:00,11.87
2016-03-18T06:00:00+01:00,11.87
2016-03-18T18:00:00+01:00,11.87
2016-03-19T06:00:00+01:00,11.86
2016-03-19T18:00:00+01:00,11.85
2016-03-20T06:00:00+01:00,11.84
2016-03-20T18:00:00+01:00,11.84
2016-03-21T06:00:00+01:00,11.84
2016-03-21T18:00:00+01:00,11.84
2016-03-22T06:00:00+01:00,11.84
2016-03-22T18:00:00+01:00,11.85
2016-03-23T06:00:00+01:00,11.84
2016-03-23T18:00:00+01:00,11.82
2016-03-24T06:00:00+01:00,11.82
2016-03-24T18:00:00+01:00,11.82
2016-03-25T06:00:00+01:00,11.83
2016-03-25T18:00:00+01:00,11.79
2016-03-26T06:00:00+01:00,11.82
2016-03-26T18:00:00+01:00,11.89
2016-03-27T06:00:00+02:00,11.89
2016-03-27T18:00:00+02:00,11.9
2016-03-28T06:00:00+02:00,12.0
2016-03-28T18:00:00+02:00,11.96
2016-03-29T06:00:00+02:00,11.91
2016-03-29T18:00:00+02:00,11.88
2016-03-30T06:00:00+02:00,11.91
2016-03-30T18:00:00+02:00,11.89
2016-03-31T06:00:00+02:00,11.89
2016-03-31T18:00:00+02:00,11.88
2016-04-01T06:00:00+02:00,11.84
2016-04-01T18:00:00+02:00,11.86
2016-04-02T06:00:00+02:00,11.87
2016-04-02T18:00:00+02:00,11.91
2016-04-03T06:00:00+02:00,11.91
2016-04-03T18:00:00+02:00,11.91
2016-04-04T06:00:00+02:00,11.91
2016-04-04T18:00:00+02:00,11.88
2016-04-05T06:00:00+02:00,11.88
2016-04-05T18:00:00+02:00,11.84
2016-04-06T06:00:00+02:00,11.83
2016-04-06T18:00:00+02:00,11.86
2016-04-07T06:00:00+02:00,11.84
2016-04-07T18:00:00+02:00,11.82
2016-04-08T06:00:00+02:00,11.81
2016-04-08T18:00:00+02:00,11.82
2016-04-09T06:00:00+02:00,11.84
2016-04-09T18:00:00+02:00,11.85
2016-04-10T06:00:00+02:00,11.8
2016-04-10T18:00:00+02:00,11.81
2016-04-11T06:00:00+02:00,11.81
2016-04-11T18:00:00+02:00,11.81
2016-04-12T06:00:00+02:00,11.79
2016-04-12T18:00:00+02:00,11.79
2016-04-13T06:00:00+02:00,11.79
2016-04-13T18:00:00+02:00,11.77
2016-04-14T06:00:00+02:00,11.76
2016-04-14T18:00:00+02:00,11.77
2016-04-15T06:00:00+02:00,11.82
2016-04-15T18:00:00+02:00,11.84
2016-04-16T06:00:00+02:00,11.86
2016-04-16T18:00:00+02:00,11.82
2016-04-17T06:00:00+02:00,11.79
2016-04-17T18:00:00+02:00,11.74
2016-04-18T06:00:00+02:00,11.74
2016-04-18T18:00:00+02:00,11.74
2016-04-19T06:00:00+02:00,11.73
2016-04-19T18:00:00+02:00,11.71
2016-04-20T06:00:00+02:00,11.7
2016-04-20T18:00:00+02:00,11.73
2016-04-21T06:00:00+02:00,11.74
2016-04-21T18:00:00+02:00,11.77
2016-04-22T06:00:00+02:00,11.74
2016-04-22T18:00:00+02:00,11.76
2016-04-23T06:00:00+02:00,11.75
2016-04-23T18:00:00+02:00,11.72
2016-04-24T06:00:00+02:00,11.72
2016-04-24T18:00:00+02:00,11.71
2016-04-25T06:00:00+02:00,11.73
2016-04-25T18:00:00+02:00,11.79
2016-04-26T06:00:00+02:00,11.8
2016-04-26T18:00:00+02:00,11.76
2016-04-27T06:00:00+02:00,11.76
2016-04-27T18:00:00+02:00,11.74
2016-04-28T06:00:00+02:00,11.76
2016-04-28T18:00:00+02:00,11.77
2016-04-29T06:00:00+02:00,11.81
2016-04-29T18:00:00+02:00,11.79
2016-04-30T06:00:00+02:00,11.76
2016-04-30T18:00:00+02:00,11.72
2016-05-01T06:00:00+02:00,11.69
2016-05-01T18:00:00+02:00,11.7
2016-05-02T06:00:00+02:00,11.72
2016-05-02T18:00:00+02:00,11.75
2016-05-03T06:00:00+02:00,11.73
2016-05-03T18:00:00+02:00,11.68
2016-05-04T06:00:00+02:00,11.67
2016-05-04T18:00:00+02:00,11.69
2016-05-05T06:00:00+02:00,11.69
2016-05-05T18:00:00+02:00,11.73
2016-05-06T06:00:00+02:00,11.74
2016-05-06T18:00:00+02:00,11.75
2016-05-07T06:00:00+02:00,11.72
2016-05-07T18:00:00+02:00,11.72
2016-05-08T06:00:00+02:00,11.68
2016-05-08T18:00:00+02:00,11.67
2016-05-09T06:00:00+02:00,11.65
2016-05-09T18:00:00+02:00,11.65
2016-05-10T06:00:00+02:00,11.64
2016-05-10T18:00:00+02:00,11.64
2016-05-11T06:00:00+02:00,11.65
2016-05-11T18:00:00+02:00,11.67
2016-05-12T06:00:00+02:00,11.66
2016-05-12T18:00:00+02:00,11.64
2016-05-13T06:00:00+02:00,11.59
2016-05-13T18:00:00+02:00,11.55
2016-05-14T06:00:00+02:00,11.51
2016-05-14T18:00:00+02:00,11.48
2016-05-15T06:00:00+02:00,11.48
2016-05-15T18:00:00+02:00,11.48
2016-05-16T06:00:00+02:00,11.49
2016-05-16T18:00:00+02:00,11.49
2016-05-17T06:00:00+02:00,11.51
2016-05-17T18:00:00+02:00,11.51
2016-05-18T06:00:00+02:00,11.53
2016-05-18T18:00:00+02:00,11.55
2016-05-19T06:00:00+02:00,11.5
2016-05-19T18:00:00+02:00,11.44
2016-05-20T06:00:00+02:00,11.43
2016-05-20T18:00:00+02:00,11.42
2016-05-21T06:00:00+02:00,11.44
2016-05-21T18:00:00+02:00,11.45
2016-05-22T06:00:00+02:00,11.48
2016-05-22T18:00:00+02:00,11.47
2016-05-23T06:00:00+02:00,11.57
2016-05-23T18:00:00+02:00,11.66
2016-05-24T06:00:00+02:00,11.74
2016-05-24T18:00:00+02:00,11.78
2016-05-25T06:00:00+02:00,11.81
2016-05-25T18:00:00+02:00,11.81
2016-05-26T06:00:00+02:00,11.79
2016-05-26T18:00:00+02:00,11.78
2016-05-27T06:00:00+02:00,11.77
2016-05-27T18:00:00+02:00,11.74
2016-05-28T06:00:00+02:00,11.73
2016-05-28T18:00:00+02:00,11.73
2016-05-29T06:00:00+02:00,11.73
2016-05-29T18:00:00+02:00,11.7
2016-05-30T06:00:00+02:00,11.7
2016-05-30T18:00:00+02:00,11.75
2016-05-31T06:00:00+02:00,11.88
2016-05-31T18:00:00+02:00,11.89
2016-06-01T06:00:00+02:00,11.91
2016-06-01T18:00:00+02:00,11.94
2016-06-02T06:00:00+02:00,11.94
2016-06-02T18:00:00+02:00,11.92
2016-06-03T06:00:00+02:00,11.92
2016-06-03T18:00:00+02:00,11.91
2016-06-04T06:00:00+02:00,11.9
2016-06-04T18:00:00+02:00,11.88
2016-06-05T06:00:00+02:00,11.86
2016-06-05T18:00:00+02:00,11.82
2016-06-06T06:00:00+02:00,11.8
2016-06-06T18:00:00+02:00,11.79
2016-06-07T06:00:00+02:00,11.77
2016-06-07T18:00:00+02:00,11.74
2016-06-08T06:00:00+02:00,11.72
2016-06-08T18:00:00+02:00,11.7
2016-06-09T06:00:00+02:00,11.69
2016-06-09T18:00:00+02:00,11.69
2016-06-10T06:00:00+02:00,11.7
2016-06-10T18:00:00+02:00,11.69
2016-06-11T06:00:00+02:00,11.68
2016-06-11T18:00:00+02:00,11.66
2016-06-12T06:00:00+02:00,11.65
2016-06-12T18:00:00+02:00,11.65
2016-06-13T06:00:00+02:00,11.69
2016-06-13T18:00:00+02:00,11.7
2016-06-14T06:00:00+02:00,11.72
2016-06-14T18:00:00+02:00,11.72
2016-06-15T06:00:00+02:00,11.7
2016-06-15T18:00:00+02:00,11.67
2016-06-16T06:00:00+02:00,11.64
2016-06-16T18:00:00+02:00,11.63
2016-06-17T06:00:00+02:00,11.61
2016-06-17T18:00:00+02:00,11.58
2016-06-18T06:00:00+02:00,11.55
2016-06-18T18:00:00+02:00,11.54
2016-06-19T06:00:00+02:00,11.54
2016-06-19T18:00:00+02:00,11.55
2016-06-20T06:00:00+02:00,11.59
2016-06-20T18:00:00+02:00,11.65
2016-06-21T06:00:00+02:00,11.67
2016-06-21T18:00:00+02:00,11.73
2016-06-22T06:00:00+02:00,11.84
2016-06-22T18:00:00+02:00,11.89
2016-06-23T06:00:00+02:00,11.92
2016-06-23T18:00:00+02:00,11.92
2016-06-24T06:00:00+02:00,11.91
2016-06-24T18:00:00+02:00,11.9
2016-06-25T06:00:00+02:00,11.91
2016-06-25T18:00:00+02:00,11.89
2016-06-26T06:00:00+02:00,11.87
2016-06-26T18:00:00+02:00,11.84
2016-06-27T06:00:00+02:00,11.84
2016-06-27T18:00:00+02:00,11.82
2016-06-28T06:00:00+02:00,11.84
2016-06-28T18:00:00+02:00,11.86
2016-06-29T06:00:00+02:00,11.89
2016-06-29T18:00:00+02:00,11.89
2016-06-30T06:00:00+02:00,11.91
2016-06-30T18:00:00+02:00,11.9
2016-07-01T06:00:00+02:00,11.9
2016-07-01T18:00:00+02:00,11.9
2016-07-02T06:00:00+02:00,11.87
2016-07-02T18:00:00+02:00,11.82
2016-07-03T06:00:00+02:00,11.8
2016-07-03T18:00:00+02:00,11.78
2016-07-04T06:00:00+02:00,11.77
2016-07-04T18:00:00+02:00,11.76
2016-07-05T06:00:00+02:00,11.77
2016-07-05T18:00:00+02:00,11.72
2016-07-06T06:00:00+02:00,11.71
2016-07-06T18:00:00+02:00,11.67
2016-07-07T06:00:00+02:00,11.67
2016-07-07T18:00:00+02:00,11.67
2016-07-08T06:00:00+02:00,11.69
2016-07-08T18:00:00+02:00,11.64
2016-07-09T06:00:00+02:00,11.62
2016-07-09T18:00:00+02:00,11.61
2016-07-10T06:00:00+02:00,11.64
2016-07-10T18:00:00+02:00,11.63
2016-07-11T06:00:00+02:00,11.61
2016-07-11T18:00:00+02:00,11.56
2016-07-12T06:00:00+02:00,11.54
2016-07-12T18:00:00+02:00,11.53
2016-07-13T06:00:00+02:00,11.53
2016-07-13T18:00:00+02:00,11.48
2016-07-14T06:00:00+02:00,11.47
2016-07-14T18:00:00+02:00,11.44
2016-07-15T06:00:00+02:00,11.44
2016-07-15T18:00:00+02:00,11.43
2016-07-16T06:00:00+02:00,11.44
2016-07-16T18:00:00+02:00,11.44
2016-07-17T06:00:00+02:00,11.45
2016-07-17T18:00:00+02:00,11.44
2016-07-18T06:00:00+02:00,11.43
2016-07-18T18:00:00+02:00,11.4
2016-07-19T06:00:00+02:00,11.39
2016-07-19T18:00:00+02:00,11.4
2016-07-20T06:00:00+02:00,11.4
2016-07-20T18:00:00+02:00,11.39
2016-07-21T06:00:00+02:00,11.34
2016-07-21T18:00:00+02:00,11.31
2016-07-22T06:00:00+02:00,11.3
2016-07-22T18:00:00+02:00,11.28
2016-07-23T06:00:00+02:00,11.27
2016-07-23T18:00:00+02:00,11.25
2016-07-24T06:00:00+02:00,11.24
2016-07-24T18:00:00+02:00,11.24
2016-07-25T06:00:00+02:00,11.22
2016-07-25T18:00:00+02:00,11.2
2016-07-26T06:00:00+02:00,11.19
2016-07-26T18:00:00+02:00,11.17
2016-07-27T06:00:00+02:00,11.18
2016-07-27T18:00:00+02:00,11.17
2016-07-28T06:00:00+02:00,11.16
2016-07-28T18:00:00+02:00,11.15
2016-07-29T06:00:00+02:00,11.16
2016-07-29T18:00:00+02:00,11.14
2016-07-30T06:00:00+02:00,11.12
2016-07-30T18:00:00+02:00,11.1
2016-07-31T06:00:00+02:00,11.1
2016-07-31T18:00:00+02:00,11.06
2016-08-01T06:00:00+02:00,11.04
2016-08-01T18:00:00+02:00,11.04
2016-08-02T06:00:00+02:00,11.07
2016-08-02T18:00:00+02:00,11.08
2016-08-03T06:00:00+02:00,11.09
2016-08-03T18:00:00+02:00,11.11
2016-08-04T06:00:00+02:00,11.15
2016-08-04T18:00:00+02:00,11.15
2016-08-05T06:00:00+02:00,11.12
2016-08-05T18:00:00+02:00,11.08
2016-08-06T06:00:00+02:00,11.06
2016-08-06T18:00:00+02:00,11.03
2016-08-07T06:00:00+02:00,11.04
2016-08-07T18:00:00+02:00,11.07
2016-08-08T06:00:00+02:00,11.07
2016-08-08T18:00:00+02:00,11.03
2016-08-09T06:00:00+02:00,11.02
2016-08-09T18:00:00+02:00,11.01
2016-08-10T06:00:00+02:00,11.03
2016-08-10T18:00:00+02:00,11.04
2016-08-11T06:00:00+02:00,11.07
2016-08-11T18:00:00+02:00,11.1
2016-08-12T06:00:00+02:00,11.11
2016-08-12T18:00:00+02:00,11.13
2016-08-13T06:00:00+02:00,11.15
2016-08-13T18:00:00+02:00,11.14
2016-08-14T06:00:00+02:00,11.12
2016-08-14T18:00:00+02:00,11.09
2016-08-15T06:00:00+02:00,11.08
2016-08-15T18:00:00+02:00,11.08
2016-08-16T06:00:00+02:00,11.07
2016-08-16T18:00:00+02:00,11.08
2016-08-17T06:00:00+02:00,11.06
2016-08-17T18:00:00+02:00,11.06
2016-08-18T06:00:00+02:00,11.03
2016-08-18T18:00:00+02:00,11.01
2016-08-19T06:00:00+02:00,10.99
2016-08-19T18:00:00+02:00,10.98
2016-08-20T06:00:00+02:00,10.95
2016-08-20T18:00:00+02:00,10.92
2016-08-21T06:00:00+02:00,10.91
2016-08-21T18:00:00+02:00,10.85
2016-08-22T06:00:00+02:00,10.84
2016-08-22T18:00:00+02:00,10.82
2016-08-23T06:00:00+02:00,10.82
2016-08-23T18:00:00+02:00,10.84
2016-08-24T06:00:00+02:00,10.84
2016-08-24T18:00:00+02:00,10.84
2016-08-25T06:00:00+02:00,10.84
2016-08-25T18:00:00+02:00,10.84
2016-08-26T06:00:00+02:00,10.8
2016-08-26T18:00:00+02:00,10.76
2016-08-27T06:00:00+02:00,10.75
2016-08-27T18:00:00+02:00,10.78
2016-08-28T06:00:00+02:00,10.78
2016-08-28T18:00:00+02:00,10.73
2016-08-29T06:00:00+02:00,10.7
2016-08-29T18:00:00+02:00,10.66
2016-08-30T06:00:00+02:00,10.64
2016-08-30T18:00:00+02:00,10.66
2016-08-31T06:00:00+02:00,10.68
2016-08-31T18:00:00+02:00,10.66
2016-09-01T06:00:00+02:00,10.64
2016-09-01T18:00:00+02:00,10.62
2016-09-02T06:00:00+02:00,10.63
2016-09-02T18:00:00+02:00,10.63
2016-09-03T06:00:00+02:00,10.62
2016-09-03T18:00:00+02:00,10.63
2016-09-04T06:00:00+02:00,10.64
2016-09-04T18:00:00+02:00,10.6
2016-09-05T06:00:00+02:00,10.55
2016-09-05T18:00:00+02:00,10.53
2016-09-06T06:00:00+02:00,10.51
2016-09-06T18:00:00+02:00,10.52
2016-09-07T06:00:00+02:00,10.53
2016-09-07T18:00:00+02:00,10.56
2016-09-08T06:00:00+02:00,10.58
2016-09-08T18:00:00+02:00,10.53
2016-09-09T06:00:00+02:00,10.49
2016-09-09T18:00:00+02:00,10.5
2016-09-10T06:00:00+02:00,10.49
2016-09-10T18:00:00+02:00,10.5
2016-09-11T06:00:00+02:00,10.47
2016-09-11T18:00:00+02:00,10.46
2016-09-12T06:00:00+02:00,10.46
2016-09-12T18:00:00+02:00,10.46
2016-09-13T06:00:00+02:00,10.45
2016-09-13T18:00:00+02:00,10.45
2016-09-14T06:00:00+02:00,10.44
2016-09-14T18:00:00+02:00,10.44
2016-09-15T06:00:00+02:00,10.44
2016-09-15T18:00:00+02:00,10.42
2016-09-16T06:00:00+02:00,10.41
2016-09-16T18:00:00+02:00,10.41
2016-09-17T06:00:00+02:00,10.39
2016-09-17T18:00:00+02:00,10.37
2016-09-18T06:00:00+02:00,10.37
2016-09-18T18:00:00+02:00,10.36
2016-09-19T06:00:00+02:00,10.35
2016-09-19T18:00:00+02:00,10.34
2016-09-20T06:00:00+02:00,10.34
2016-09-20T18:00:00+02:00,10.34
2016-09-21T06:00:00+02:00,10.33
2016-09-21T18:00:00+02:00,10.33
2016-09-22T06:00:00+02:00,10.32
2016-09-22T18:00:00+02:00,10.3
2016-09-23T06:00:00+02:00,10.3
2016-09-23T18:00:00+02:00,10.29
2016-09-24T06:00:00+02:00,10.29
2016-09-24T18:00:00+02:00,10.29
2016-09-25T06:00:00+02:00,10.3
2016-09-25T18:00:00+02:00,10.28
2016-09-26T06:00:00+02:00,10.26
2016-09-26T18:00:00+02:00,10.24
2016-09-27T06:00:00+02:00,10.22
2016-09-27T18:00:00+02:00,10.2
2016-09-28T06:00:00+02:00,10.18
2016-09-28T18:00:00+02:00,10.15
2016-09-29T06:00:00+02:00,10.16
2016-09-29T18:00:00+02:00,10.16
2016-09-30T06:00:00+02:00,10.16
2016-09-30T18:00:00+02:00,10.13
2016-10-01T06:00:00+02:00,10.13
2016-10-01T18:00:00+02:00,10.12
2016-10-02T06:00:00+02:00,10.1
2016-10-02T18:00:00+02:00,10.03
2016-10-03T06:00:00+02:00,9.95
2016-10-03T18:00:00+02:00,9.88
2016-10-04T06:00:00+02:00,9.83
2016-10-04T18:00:00+02:00,9.78
2016-10-05T06:00:00+02:00,9.77
2016-10-05T18:00:00+02:00,9.75
2016-10-06T06:00:00+02:00,9.75
2016-10-06T18:00:00+02:00,9.76
2016-10-07T06:00:00+02:00,9.75
2016-10-07T18:00:00+02:00,9.74
2016-10-08T06:00:00+02:00,9.72
2016-10-08T18:00:00+02:00,9.68
2016-10-09T06:00:00+02:00,9.66
2016-10-09T18:00:00+02:00,9.65
2016-10-10T06:00:00+02:00,9.64
2016-10-10T18:00:00+02:00,9.63
2016-10-11T06:00:00+02:00,9.62
2016-10-11T18:00:00+02:00,9.61
2016-10-12T06:00:00+02:00,9.61
2016-10-12T18:00:00+02:00,9.6
2016-10-13T06:00:00+02:00,9.6
2016-10-13T18:00:00+02:00,9.61
2016-10-14T06:00:00+02:00,9.61
2016-10-14T18:00:00+02:00,9.61
2016-10-15T06:00:00+02:00,9.61
2016-10-15T18:00:00+02:00,9.57
2016-10-16T06:00:00+02:00,9.53
2016-10-16T18:00:00+02:00,9.51
2016-10-17T06:00:00+02:00,9.49
2016-10-17T18:00:00+02:00,9.49
2016-10-18T06:00:00+02:00,9.48
2016-10-18T18:00:00+02:00,9.49
2016-10-19T06:00:00+02:00,9.48
2016-10-19T18:00:00+02:00,9.48
2016-10-20T06:00:00+02:00,9.48
2016-10-20T18:00:00+02:00,9.47
2016-10-21T06:00:00+02:00,9.47
2016-10-21T18:00:00+02:00,9.47
2016-10-22T06:00:00+02:00,9.47
2016-10-22T18:00:00+02:00,9.46
2016-10-23T06:00:00+02:00,9.46
2016-10-23T18:00:00+02:00,9.46
2016-10-24T06:00:00+02:00,9.46
2016-10-24T18:00:00+02:00,9.46
2016-10-25T06:00:00+02:00,9.44
2016-10-25T18:00:00+02:00,9.43
2016-10-26T06:00:00+02:00,9.42
2016-10-26T18:00:00+02:00,9.42
2016-11-01T06:00:00+01:00,9.41
2016-11-04T18:00:00+01:00,9.43
2016-11-05T06:00:00+01:00,9.46
2016-11-05T18:00:00+01:00,9.45
2016-11-06T06:00:00+01:00,9.43
2016-11-06T18:00:00+01:00,9.41
2016-11-09T18:00:00+01:00,9.43
2016-11-13T06:00:00+01:00,9.41
2016-11-14T18:00:00+01:00,9.43
2016-11-15T06:00:00+01:00,9.46
2016-11-15T18:00:00+01:00,9.48
2016-11-16T06:00:00+01:00,9.49
2016-11-16T18:00:00+01:00,9.5
2016-11-17T06:00:00+01:00,9.5
2016-11-17T18:00:00+01:00,9.51
2016-11-18T06:00:00+01:00,9.51
2016-11-18T18:00:00+01:00,9.5
2016-11-19T06:00:00+01:00,9.51
2016-11-19T18:00:00+01:00,9.52
2016-11-20T06:00:00+01:00,9.59
2016-11-20T18:00:00+01:00,9.63
2016-11-21T06:00:00+01:00,9.71
2016-11-21T18:00:00+01:00,9.85
2016-11-22T06:00:00+01:00,9.99
2016-11-22T18:00:00+01:00,10.05
2016-11-23T06:00:00+01:00,10.12
2016-11-23T18:00:00+01:00,10.19
2016-11-24T06:00:00+01:00,10.25
2016-11-24T18:00:00+01:00,10.28
2016-11-25T06:00:00+01:00,10.32
2016-11-25T18:00:00+01:00,10.33
2016-11-26T06:00:00+01:00,10.35
2016-11-26T18:00:00+01:00,10.36
2016-11-27T06:00:00+01:00,10.37
2016-11-27T18:00:00+01:00,10.37
2016-11-28T06:00:00+01:00,10.37
2016-11-28T18:00:00+01:00,10.36
2016-11-29T06:00:00+01:00,10.38
2016-11-29T18:00:00+01:00,10.38
2016-11-30T06:00:00+01:00,10.38
2016-11-30T18:00:00+01:00,10.39
2016-12-01T06:00:00+01:00,10.4
2016-12-01T18:00:00+01:00,10.41
2016-12-02T06:00:00+01:00,10.4
2016-12-02T18:00:00+01:00,10.4
2016-12-03T06:00:00+01:00,10.4
2016-12-03T18:00:00+01:00,10.4
2016-12-04T06:00:00+01:00,10.41
2016-12-04T18:00:00+01:00,10.4
2016-12-05T06:00:00+01:00,10.4
2016-12-05T18:00:00+01:00,10.39
2016-12-06T06:00:00+01:00,10.39
2016-12-06T18:00:00+01:00,10.39
2016-12-07T06:00:00+01:00,10.39
2016-12-07T18:00:00+01:00,10.39
2016-12-08T06:00:00+01:00,10.39
2016-12-08T18:00:00+01:00,10.4
2016-12-09T06:00:00+01:00,10.39
2016-12-09T18:00:00+01:00,10.39
2016-12-10T06:00:00+01:00,10.4
2016-12-10T18:00:00+01:00,10.41
2016-12-11T06:00:00+01:00,10.39
2016-12-11T18:00:00+01:00,10.38
2016-12-12T06:00:00+01:00,10.38
2016-12-12T18:00:00+01:00,10.38
2016-12-13T06:00:00+01:00,10.39
2016-12-13T18:00:00+01:00,10.39
2016-12-14T06:00:00+01:00,10.38
2016-12-14T18:00:00+01:00,10.37
2016-12-15T06:00:00+01:00,10.38
2016-12-15T18:00:00+01:00,10.38
2016-12-16T06:00:00+01:00,10.37
2016-12-16T18:00:00+01:00,10.35
2016-12-17T06:00:00+01:00,10.34
2016-12-17T18:00:00+01:00,10.33
2016-12-18T06:00:00+01:00,10.34
2016-12-18T18:00:00+01:00,10.35
2016-12-19T06:00:00+01:00,10.36
2016-12-19T18:00:00+01:00,10.36
2016-12-20T06:00:00+01:00,10.37
2016-12-20T18:00:00+01:00,10.37
2016-12-21T06:00:00+01:00,10.37
2016-12-21T18:00:00+01:00,10.35
2016-12-22T06:00:00+01:00,10.35
2016-12-22T18:00:00+01:00,10.33
2016-12-23T06:00:00+01:00,10.33
2016-12-23T18:00:00+01:00,10.36
2016-12-24T06:00:00+01:00,10.34
2016-12-24T18:00:00+01:00,10.34
2016-12-25T06:00:00+01:00,10.35
2016-12-25T18:00:00+01:00,10.35
2016-12-26T06:00:00+01:00,10.34
2016-12-26T18:00:00+01:00,10.31
2016-12-27T06:00:00+01:00,10.3
2016-12-27T18:00:00+01:00,10.29
2016-12-28T06:00:00+01:00,10.29
2016-12-28T18:00:00+01:00,10.29
2016-12-29T06:00:00+01:00,10.3
2016-12-29T18:00:00+01:00,10.3
2016-12-30T06:00:00+01:00,10.3
2016-12-30T18:00:00+01:00,10.31
2016-12-31T06:00:00+01:00,10.31
2016-12-31T18:00:00+01:00,10.33
2017-01-01T06:00:00+01:00,10.35
2017-01-01T18:00:00+01:00,10.35
2017-01-02T06:00:00+01:00,10.34
2017-01-02T18:00:00+01:00,10.33
2017-01-03T06:00:00+01:00,10.33
2017-01-03T18:00:00+01:00,10.33
2017-01-04T06:00:00+01:00,10.35
2017-01-04T18:00:00+01:00,10.33
2017-01-05T06:00:00+01:00,10.31
2017-01-05T18:00:00+01:00,10.28
2017-01-06T06:00:00+01:00,10.28
2017-01-06T18:00:00+01:00,10.29
2017-01-07T06:00:00+01:00,10.3
2017-01-07T18:00:00+01:00,10.3
2017-01-08T06:00:00+01:00,10.3
2017-01-08T18:00:00+01:00,10.3
2017-01-09T06:00:00+01:00,10.31
2017-01-09T18:00:00+01:00,10.35
2017-01-10T06:00:00+01:00,10.36
2017-01-10T18:00:00+01:00,10.35
2017-01-11T06:00:00+01:00,10.38
2017-01-11T18:00:00+01:00,10.36
2017-01-12T06:00:00+01:00,10.37
2017-01-12T18:00:00+01:00,10.45
2017-01-13T06:00:00+01:00,10.39
2017-01-13T18:00:00+01:00,10.39
2017-01-14T06:00:00+01:00,10.39
2017-01-14T18:00:00+01:00,10.42
2017-01-15T06:00:00+01:00,10.46
2017-01-15T18:00:00+01:00,10.51
2017-01-16T06:00:00+01:00,10.55
2017-01-16T18:00:00+01:00,10.57
2017-01-17T06:00:00+01:00,10.61
2017-01-17T18:00:00+01:00,10.65
2017-01-18T06:00:00+01:00,10.71
2017-01-18T18:00:00+01:00,10.75
2017-01-19T06:00:00+01:00,10.79
2017-01-19T18:00:00+01:00,10.82
2017-01-20T06:00:00+01:00,10.86
2017-01-20T18:00:00+01:00,10.89
2017-01-21T06:00:00+01:00,10.93
2017-01-21T18:00:00+01:00,10.95
2017-01-22T06:00:00+01:00,10.96
2017-01-22T18:00:00+01:00,10.95
2017-01-23T06:00:00+01:00,10.95
2017-01-23T18:00:00+01:00,10.96
2017-01-24T06:00:00+01:00,10.96
2017-01-24T18:00:00+01:00,10.94
2017-01-25T06:00:00+01:00,10.94
2017-01-25T18:00:00+01:00,10.96
2017-01-26T06:00:00+01:00,10.98
2017-01-26T18:00:00+01:00,11.0
2017-01-27T06:00:00+01:00,11.04
2017-01-27T18:00:00+01:00,11.02
2017-01-28T06:00:00+01:00,11.02
2017-01-28T18:00:00+01:00,10.99
2017-01-29T06:00:00+01:00,10.98
2017-01-29T18:00:00+01:00,10.97
2017-01-30T06:00:00+01:00,11.04
2017-01-30T18:00:00+01:00,10.99
2017-01-31T06:00:00+01:00,11.0
2017-01-31T18:00:00+01:00,11.01
2017-02-01T06:00:00+01:00,11.05
2017-02-01T18:00:00+01:00,11.1
2017-02-02T06:00:00+01:00,11.12
2017-02-02T18:00:00+01:00,11.16
2017-02-03T06:00:00+01:00,11.14
2017-02-03T18:00:00+01:00,11.16
2017-02-04T06:00:00+01:00,11.15
2017-02-04T18:00:00+01:00,11.15
2017-02-05T06:00:00+01:00,11.14
2017-02-05T18:00:00+01:00,11.12
2017-02-06T06:00:00+01:00,11.05
2017-02-06T18:00:00+01:00,11.05
2017-02-07T06:00:00+01:00,11.11
2017-02-07T18:00:00+01:00,11.12
2017-02-08T06:00:00+01:00,11.1
2017-02-08T18:00:00+01:00,11.07
2017-02-09T06:00:00+01:00,11.07
2017-02-09T18:00:00+01:00,11.11
2017-02-10T06:00:00+01:00,11.14
2017-02-10T18:00:00+01:00,11.15
2017-02-11T06:00:00+01:00,11.16
2017-02-11T18:00:00+01:00,11.16
2017-02-12T06:00:00+01:00,11.14
2017-02-12T18:00:00+01:00,11.11
2017-02-13T06:00:00+01:00,11.11
2017-02-13T18:00:00+01:00,11.13
2017-02-14T06:00:00+01:00,11.12
2017-02-14T18:00:00+01:00,11.09
2017-02-15T06:00:00+01:00,11.08
2017-02-15T18:00:00+01:00,11.1
2017-02-16T06:00:00+01:00,11.09
2017-02-16T18:00:00+01:00,11.11
2017-02-17T06:00:00+01:00,11.13
2017-02-17T18:00:00+01:00,11.1
2017-02-18T06:00:00+01:00,11.1
2017-02-18T18:00:00+01:00,11.11
2017-02-19T06:00:00+01:00,11.12
2017-02-19T18:00:00+01:00,11.13
2017-02-20T06:00:00+01:00,11.14
2017-02-20T18:00:00+01:00,11.15
2017-02-21T06:00:00+01:00,11.14
2017-02-21T18:00:00+01:00,11.13
2017-02-22T06:00:00+01:00,11.18
2017-02-22T18:00:00+01:00,11.17
2017-02-23T06:00:00+01:00,11.21
2017-02-23T18:00:00+01:00,11.3
2017-02-24T06:00:00+01:00,11.18
2017-02-24T18:00:00+01:00,11.16
2017-02-25T06:00:00+01:00,11.21
2017-02-25T18:00:00+01:00,11.28
2017-02-26T06:00:00+01:00,11.32
2017-02-26T18:00:00+01:00,11.33
2017-02-27T06:00:00+01:00,11.37
2017-02-27T18:00:00+01:00,11.46
2017-02-28T06:00:00+01:00,11.46
2017-02-28T18:00:00+01:00,11.44
2017-03-01T06:00:00+01:00,11.44
2017-03-01T18:00:00+01:00,11.47
2017-03-02T06:00:00+01:00,11.49
2017-03-02T18:00:00+01:00,11.44
2017-03-03T06:00:00+01:00,11.52
2017-03-03T18:00:00+01:00,11.62
2017-03-04T06:00:00+01:00,11.64
2017-03-04T18:00:00+01:00,11.62
2017-03-05T06:00:00+01:00,11.56
2017-03-05T18:00:00+01:00,11.6
2017-03-06T06:00:00+01:00,11.58
2017-03-06T18:00:00+01:00,11.55
2017-03-07T06:00:00+01:00,11.54
2017-03-07T18:00:00+01:00,11.53
2017-03-08T06:00:00+01:00,11.59
2017-03-08T18:00:00+01:00,11.63
2017-03-09T06:00:00+01:00,11.67
2017-03-09T18:00:00+01:00,11.68
2017-03-10T06:00:00+01:00,11.68
2017-03-10T18:00:00+01:00,11.73
2017-03-11T06:00:00+01:00,11.77
2017-03-11T18:00:00+01:00,11.79
2017-03-12T06:00:00+01:00,11.81
2017-03-12T18:00:00+01:00,11.79
2017-03-13T06:00:00+01:00,11.72
2017-03-13T18:00:00+01:00,11.67
2017-03-14T06:00:00+01:00,11.67
2017-03-14T18:00:00+01:00,11.67
2017-03-15T06:00:00+01:00,11.68
2017-03-15T18:00:00+01:00,11.68
2017-03-16T06:00:00+01:00,11.72
2017-03-16T18:00:00+01:00,11.77
2017-03-17T06:00:00+01:00,11.75
2017-03-17T18:00:00+01:00,11.74
2017-03-18T06:00:00+01:00,11.78
2017-03-18T18:00:00+01:00,11.74
2017-03-19T06:00:00+01:00,11.76
2017-03-19T18:00:00+01:00,11.79
2017-03-20T06:00:00+01:00,11.8
2017-03-20T18:00:00+01:00,11.81
2017-03-21T06:00:00+01:00,11.8
2017-03-21T18:00:00+01:00,11.77
2017-03-22T06:00:00+01:00,11.78
2017-03-22T18:00:00+01:00,11.79
2017-03-23T06:00:00+01:00,11.77
2017-03-23T18:00:00+01:00,11.74
2017-03-24T06:00:00+01:00,11.69
2017-03-24T18:00:00+01:00,11.67
2017-03-25T06:00:00+01:00,11.67
2017-03-25T18:00:00+01:00,11.72
2017-03-26T06:00:00+02:00,11.71
2017-03-26T18:00:00+02:00,11.71
2017-03-27T06:00:00+02:00,11.7
2017-03-27T18:00:00+02:00,11.74
2017-03-28T06:00:00+02:00,11.72
2017-03-28T18:00:00+02:00,11.7
2017-03-29T06:00:00+02:00,11.68
2017-03-29T18:00:00+02:00,11.67
2017-03-30T06:00:00+02:00,11.67
2017-03-30T18:00:00+02:00,11.7
2017-03-31T06:00:00+02:00,11.73
2017-03-31T18:00:00+02:00,11.71
2017-04-01T06:00:00+02:00,11.71
2017-04-01T18:00:00+02:00,11.67
2017-04-02T06:00:00+02:00,11.63
2017-04-02T18:00:00+02:00,11.58
2017-04-03T06:00:00+02:00,11.57
2017-04-03T18:00:00+02:00,11.6
2017-04-04T06:00:00+02:00,11.61
2017-04-04T18:00:00+02:00,11.6
2017-04-05T06:00:00+02:00,11.58
2017-04-05T18:00:00+02:00,11.57
2017-04-06T06:00:00+02:00,11.56
2017-04-06T18:00:00+02:00,11.56
2017-04-07T06:00:00+02:00,11.58
2017-04-07T18:00:00+02:00,11.57
2017-04-08T06:00:00+02:00,11.56
2017-04-08T18:00:00+02:00,11.57
2017-04-09T06:00:00+02:00,11.56
2017-04-09T18:00:00+02:00,11.57
2017-04-10T06:00:00+02:00,11.55
2017-04-10T18:00:00+02:00,11.5
2017-04-11T06:00:00+02:00,11.49
2017-04-11T18:00:00+02:00,11.51
2017-04-12T06:00:00+02:00,11.54
2017-04-12T18:00:00+02:00,11.55
2017-04-13T06:00:00+02:00,11.53
2017-04-13T18:00:00+02:00,11.5
2017-04-14T06:00:00+02:00,11.49
2017-04-14T18:00:00+02:00,11.49
2017-04-15T06:00:00+02:00,11.5
2017-04-15T18:00:00+02:00,11.45
2017-04-16T06:00:00+02:00,11.44
2017-04-16T18:00:00+02:00,11.42
2017-04-17T06:00:00+02:00,11.45
2017-04-17T18:00:00+02:00,11.4
2017-04-18T06:00:00+02:00,11.39
2017-04-18T18:00:00+02:00,11.36
2017-04-19T06:00:00+02:00,11.33
2017-04-19T18:00:00+02:00,11.34
2017-04-20T06:00:00+02:00,11.34
2017-04-20T18:00:00+02:00,11.36
2017-04-21T06:00:00+02:00,11.38
2017-04-21T18:00:00+02:00,11.38
2017-04-22T06:00:00+02:00,11.38
2017-04-22T18:00:00+02:00,11.36
2017-04-23T06:00:00+02:00,11.35
2017-04-23T18:00:00+02:00,11.36
2017-04-24T06:00:00+02:00,11.41
2017-04-24T18:00:00+02:00,11.44
2017-04-25T06:00:00+02:00,11.42
2017-04-25T18:00:00+02:00,11.37
2017-04-26T06:00:00+02:00,11.35
2017-04-26T18:00:00+02:00,11.32
2017-04-27T06:00:00+02:00,11.3
2017-04-27T18:00:00+02:00,11.3
2017-04-28T06:00:00+02:00,11.32
2017-04-28T18:00:00+02:00,11.28
2017-04-29T06:00:00+02:00,11.27
2017-04-29T18:00:00+02:00,11.29
2017-04-30T06:00:00+02:00,11.31
2017-04-30T18:00:00+02:00,11.36
2017-05-01T06:00:00+02:00,11.3
2017-05-01T18:00:00+02:00,11.23
2017-05-02T06:00:00+02:00,11.22
2017-05-02T18:00:00+02:00,11.22
2017-05-03T06:00:00+02:00,11.22
2017-05-03T18:00:00+02:00,11.21
2017-05-04T06:00:00+02:00,11.22
2017-05-04T18:00:00+02:00,11.22
2017-05-05T06:00:00+02:00,11.21
2017-05-05T18:00:00+02:00,11.22
2017-05-06T06:00:00+02:00,11.26
2017-05-06T18:00:00+02:00,11.27
2017-05-07T06:00:00+02:00,11.21
2017-05-07T18:00:00+02:00,11.17
2017-05-08T06:00:00+02:00,11.17
2017-05-08T18:00:00+02:00,11.16
2017-05-09T06:00:00+02:00,11.15
2017-05-09T18:00:00+02:00,11.2
2017-05-10T06:00:00+02:00,11.22
2017-05-10T18:00:00+02:00,11.26
2017-05-11T06:00:00+02:00,11.27
2017-05-11T18:00:00+02:00,11.27
2017-05-12T06:00:00+02:00,11.22
2017-05-12T18:00:00+02:00,11.17
2017-05-13T06:00:00+02:00,11.13
2017-05-13T18:00:00+02:00,11.09
2017-05-14T06:00:00+02:00,11.07
2017-05-14T18:00:00+02:00,11.04
2017-05-15T06:00:00+02:00,11.02
2017-05-15T18:00:00+02:00,11.04
2017-05-16T06:00:00+02:00,11.06
2017-05-16T18:00:00+02:00,11.07
2017-05-17T06:00:00+02:00,11.09
2017-05-17T18:00:00+02:00,11.15
2017-05-18T06:00:00+02:00,11.11
2017-05-18T18:00:00+02:00,11.1
2017-05-19T06:00:00+02:00,11.08
2017-05-19T18:00:00+02:00,11.04
2017-05-20T06:00:00+02:00,11.01
2017-05-20T18:00:00+02:00,10.97
2017-05-21T06:00:00+02:00,10.95
2017-05-21T18:00:00+02:00,10.98
2017-05-22T06:00:00+02:00,11.01
2017-05-22T18:00:00+02:00,11.02
2017-05-23T06:00:00+02:00,10.99
2017-05-23T18:00:00+02:00,10.93
2017-05-24T06:00:00+02:00,10.92
2017-05-24T18:00:00+02:00,10.91
2017-05-25T06:00:00+02:00,10.9
2017-05-25T18:00:00+02:00,10.92
2017-05-26T06:00:00+02:00,10.9
2017-05-26T18:00:00+02:00,10.92
2017-05-27T06:00:00+02:00,10.9
2017-05-27T18:00:00+02:00,10.89
2017-05-28T06:00:00+02:00,10.85
2017-05-28T18:00:00+02:00,10.85
2017-05-29T06:00:00+02:00,10.86
2017-05-29T18:00:00+02:00,10.85
2017-05-30T06:00:00+02:00,10.81
2017-05-30T18:00:00+02:00,10.77
2017-05-31T06:00:00+02:00,10.74
2017-05-31T18:00:00+02:00,10.73
2017-06-01T06:00:00+02:00,10.72
2017-06-01T18:00:00+02:00,10.74
2017-06-02T06:00:00+02:00,10.74
2017-06-02T18:00:00+02:00,10.73
2017-06-03T06:00:00+02:00,10.72
2017-06-03T18:00:00+02:00,10.7
2017-06-04T06:00:00+02:00,10.67
2017-06-04T18:00:00+02:00,10.65
2017-06-05T06:00:00+02:00,10.65
2017-06-05T18:00:00+02:00,10.69
2017-06-06T06:00:00+02:00,10.74
2017-06-06T18:00:00+02:00,10.66
2017-06-07T06:00:00+02:00,10.61
2017-06-07T18:00:00+02:00,10.56
2017-06-08T06:00:00+02:00,10.56
2017-06-08T18:00:00+02:00,10.58
2017-06-09T06:00:00+02:00,10.57
2017-06-09T18:00:00+02:00,10.53
2017-06-10T06:00:00+02:00,10.5
2017-06-10T18:00:00+02:00,10.51
2017-06-11T06:00:00+02:00,10.51
2017-06-11T18:00:00+02:00,10.52
2017-06-12T06:00:00+02:00,10.5
2017-06-12T18:00:00+02:00,10.48
2017-06-13T06:00:00+02:00,10.47
2017-06-13T18:00:00+02:00,10.46
2017-06-14T06:00:00+02:00,10.45
2017-06-14T18:00:00+02:00,10.47
2017-06-15T06:00:00+02:00,10.47
2017-06-15T18:00:00+02:00,10.45
2017-06-16T06:00:00+02:00,10.42
2017-06-16T18:00:00+02:00,10.4
2017-06-17T06:00:00+02:00,10.4
2017-06-17T18:00:00+02:00,10.4
2017-06-18T06:00:00+02:00,10.39
2017-06-18T18:00:00+02:00,10.39
2017-06-19T06:00:00+02:00,10.38
2017-06-19T18:00:00+02:00,10.39
2017-06-20T06:00:00+02:00,10.38
2017-06-20T18:00:00+02:00,10.37
2017-06-21T06:00:00+02:00,10.36
2017-06-21T18:00:00+02:00,10.36
2017-06-22T06:00:00+02:00,10.36
2017-06-22T18:00:00+02:00,10.35
2017-06-23T06:00:00+02:00,10.33
2017-06-23T18:00:00+02:00,10.33
2017-06-24T06:00:00+02:00,10.32
2017-06-24T18:00:00+02:00,10.31
2017-06-25T06:00:00+02:00,10.31
2017-06-25T18:00:00+02:00,10.3
2017-06-26T06:00:00+02:00,10.28
2017-06-26T18:00:00+02:00,10.27
2017-06-27T06:00:00+02:00,10.27
2017-06-27T18:00:00+02:00,10.26
2017-06-28T06:00:00+02:00,10.27
2017-06-28T18:00:00+02:00,10.27
2017-06-29T06:00:00+02:00,10.25
2017-06-29T18:00:00+02:00,10.22
2017-06-30T06:00:00+02:00,10.16
2017-06-30T18:00:00+02:00,10.06
2017-07-01T06:00:00+02:00,10.0
2017-07-01T18:00:00+02:00,9.91
2017-07-02T06:00:00+02:00,9.84
2017-07-02T18:00:00+02:00,9.78
2017-07-03T06:00:00+02:00,9.74
2017-07-03T18:00:00+02:00,9.71
2017-07-04T06:00:00+02:00,9.69
2017-07-04T18:00:00+02:00,9.66
2017-07-05T06:00:00+02:00,9.65
2017-07-05T18:00:00+02:00,9.64
2017-07-06T06:00:00+02:00,9.62
2017-07-06T18:00:00+02:00,9.61
2017-07-07T06:00:00+02:00,9.61
2017-07-07T18:00:00+02:00,9.58
2017-07-08T06:00:00+02:00,9.57
2017-07-08T18:00:00+02:00,9.54
2017-07-09T06:00:00+02:00,9.53
2017-07-09T18:00:00+02:00,9.53
2017-07-10T06:00:00+02:00,9.52
2017-07-10T18:00:00+02:00,9.51
2017-07-11T06:00:00+02:00,9.5
2017-07-11T18:00:00+02:00,9.5
2017-07-12T06:00:00+02:00,9.5
2017-07-12T18:00:00+02:00,9.48
2017-07-13T06:00:00+02:00,9.47
2017-07-13T18:00:00+02:00,9.47
2017-07-14T06:00:00+02:00,9.47
2017-07-14T18:00:00+02:00,9.47
2017-07-15T06:00:00+02:00,9.47
2017-07-15T18:00:00+02:00,9.47
2017-07-16T06:00:00+02:00,9.47
2017-07-16T18:00:00+02:00,9.46
2017-07-17T06:00:00+02:00,9.47
2017-07-17T18:00:00+02:00,9.47
2017-07-18T06:00:00+02:00,9.47
2017-07-18T18:00:00+02:00,9.48
2017-07-19T06:00:00+02:00,9.49
2017-07-19T18:00:00+02:00,9.49
2017-07-20T06:00:00+02:00,9.48
2017-07-20T18:00:00+02:00,9.47
2017-07-21T06:00:00+02:00,9.47
2017-07-21T18:00:00+02:00,9.48
2017-07-22T06:00:00+02:00,9.47
2017-07-22T18:00:00+02:00,9.47
2017-07-23T06:00:00+02:00,9.46
2017-07-23T18:00:00+02:00,9.46
2017-07-24T06:00:00+02:00,9.47
2017-07-24T18:00:00+02:00,9.46
2017-07-25T06:00:00+02:00,9.45
2017-07-25T18:00:00+02:00,9.45
2017-07-26T06:00:00+02:00,9.45
2017-07-26T18:00:00+02:00,9.45
2017-07-27T06:00:00+02:00,9.45
2017-07-27T18:00:00+02:00,9.44
2017-07-28T06:00:00+02:00,9.43
2017-07-28T18:00:00+02:00,9.42
2017-07-29T06:00:00+02:00,9.43
2017-07-29T18:00:00+02:00,9.42
2017-07-30T06:00:00+02:00,9.44
2017-07-30T18:00:00+02:00,9.41
2017-12-14T18:00:00+01:00,9.48
2017-12-15T06:00:00+01:00,9.49
2017-12-15T18:00:00+01:00,9.49
2017-12-16T06:00:00+01:00,9.48
2017-12-16T18:00:00+01:00,9.49
2017-12-17T06:00:00+01:00,9.5
2017-12-17T18:00:00+01:00,9.51
2017-12-18T06:00:00+01:00,9.54
2017-12-18T18:00:00+01:00,9.64
2017-12-19T06:00:00+01:00,9.72
2017-12-19T18:00:00+01:00,9.92
2017-12-20T06:00:00+01:00,10.19
2017-12-20T18:00:00+01:00,10.29
2017-12-21T06:00:00+01:00,10.35
2017-12-21T18:00:00+01:00,10.39
2017-12-22T06:00:00+01:00,10.42
2017-12-22T18:00:00+01:00,10.43
2017-12-23T06:00:00+01:00,10.45
2017-12-23T18:00:00+01:00,10.47
2017-12-24T06:00:00+01:00,10.49
2017-12-24T18:00:00+01:00,10.51
2017-12-25T06:00:00+01:00,10.53
2017-12-25T18:00:00+01:00,10.55
2017-12-26T06:00:00+01:00,10.58
2017-12-26T18:00:00+01:00,10.57
2017-12-27T06:00:00+01:00,10.62
2017-12-27T18:00:00+01:00,10.58
2017-12-28T06:00:00+01:00,10.53
2017-12-28T18:00:00+01:00,10.52
2017-12-29T06:00:00+01:00,10.54
2017-12-29T18:00:00+01:00,10.59
2017-12-30T06:00:00+01:00,10.59
2017-12-30T18:00:00+01:00,10.56
2017-12-31T06:00:00+01:00,10.59
2017-12-31T18:00:00+01:00,10.64
2018-01-01T06:00:00+01:00,10.64
2018-01-01T18:00:00+01:00,10.73
2018-01-02T06:00:00+01:00,10.71
2018-01-02T18:00:00+01:00,10.83
2018-01-03T06:00:00+01:00,10.94
2018-01-03T18:00:00+01:00,10.87
2018-01-04T06:00:00+01:00,10.91
2018-01-04T18:00:00+01:00,10.96
2018-01-05T06:00:00+01:00,10.93
2018-01-05T18:00:00+01:00,10.93
2018-01-06T06:00:00+01:00,10.91
2018-01-06T18:00:00+01:00,10.89
2018-01-07T06:00:00+01:00,10.86
2018-01-07T18:00:00+01:00,10.88
2018-01-08T06:00:00+01:00,10.91
2018-01-08T18:00:00+01:00,10.95
2018-01-09T06:00:00+01:00,10.98
2018-01-09T18:00:00+01:00,10.98
2018-01-10T06:00:00+01:00,10.97
2018-01-10T18:00:00+01:00,10.95
2018-01-11T06:00:00+01:00,10.93
2018-01-11T18:00:00+01:00,10.88
2018-01-12T06:00:00+01:00,10.88
2018-01-12T18:00:00+01:00,10.9
2018-01-13T06:00:00+01:00,10.92
2018-01-13T18:00:00+01:00,10.94
2018-01-14T06:00:00+01:00,10.95
2018-01-14T18:00:00+01:00,10.95
2018-01-15T06:00:00+01:00,10.98
2018-01-15T18:00:00+01:00,11.09
2018-01-16T06:00:00+01:00,11.06
2018-01-16T18:00:00+01:00,11.04
2018-01-17T06:00:00+01:00,11.03
2018-01-17T18:00:00+01:00,10.97
2018-01-18T06:00:00+01:00,11.14
2018-01-18T18:00:00+01:00,11.04
2018-01-19T06:00:00+01:00,11.05
2018-01-19T18:00:00+01:00,11.07
2018-01-20T06:00:00+01:00,11.12
2018-01-20T18:00:00+01:00,11.19
2018-01-21T06:00:00+01:00,11.11
2018-01-21T18:00:00+01:00,11.16
2018-01-22T06:00:00+01:00,11.26
2018-01-22T18:00:00+01:00,11.22
2018-01-23T06:00:00+01:00,11.23
2018-01-23T18:00:00+01:00,11.29
2018-01-24T06:00:00+01:00,11.34
2018-01-24T18:00:00+01:00,11.4
2018-01-25T06:00:00+01:00,11.38
2018-01-25T18:00:00+01:00,11.4
2018-01-26T06:00:00+01:00,11.38
2018-01-26T18:00:00+01:00,11.33
2018-01-27T06:00:00+01:00,11.29
2018-01-27T18:00:00+01:00,11.33
2018-01-28T06:00:00+01:00,11.34
2018-01-28T18:00:00+01:00,11.33
2018-01-29T06:00:00+01:00,11.37
2018-01-29T18:00:00+01:00,11.41
2018-01-30T06:00:00+01:00,11.36
2018-01-30T18:00:00+01:00,11.42
2018-01-31T06:00:00+01:00,11.52
2018-01-31T18:00:00+01:00,11.56
2018-02-01T06:00:00+01:00,11.57
2018-02-01T18:00:00+01:00,11.54
2018-02-02T06:00:00+01:00,11.54
2018-02-02T18:00:00+01:00,11.54
2018-02-03T06:00:00+01:00,11.58
2018-02-03T18:00:00+01:00,11.62
2018-02-04T06:00:00+01:00,11.56
2018-02-04T18:00:00+01:00,11.54
2018-02-05T06:00:00+01:00,11.56
2018-02-05T18:00:00+01:00,11.61
2018-02-06T06:00:00+01:00,11.66
2018-02-06T18:00:00+01:00,11.67
2018-02-07T06:00:00+01:00,11.64
2018-02-07T18:00:00+01:00,11.62
2018-02-08T06:00:00+01:00,11.61
2018-02-08T18:00:00+01:00,11.62
2018-02-09T06:00:00+01:00,11.66
2018-02-09T18:00:00+01:00,11.67
2018-02-10T06:00:00+01:00,11.62
2018-02-10T18:00:00+01:00,11.63
2018-02-11T06:00:00+01:00,11.74
2018-02-11T18:00:00+01:00,11.67
2018-02-12T06:00:00+01:00,11.61
2018-02-12T18:00:00+01:00,11.59
2018-02-13T06:00:00+01:00,11.63
2018-02-13T18:00:00+01:00,11.65
2018-02-14T06:00:00+01:00,11.61
2018-02-14T18:00:00+01:00,11.6
2018-02-15T06:00:00+01:00,11.65
2018-02-15T18:00:00+01:00,11.59
2018-02-16T06:00:00+01:00,11.54
2018-02-16T18:00:00+01:00,11.55
2018-02-17T06:00:00+01:00,11.59
2018-02-17T18:00:00+01:00,11.59
2018-02-18T06:00:00+01:00,11.58
2018-02-18T18:00:00+01:00,11.6
2018-02-19T06:00:00+01:00,11.62
2018-02-19T18:00:00+01:00,11.63
2018-02-20T06:00:00+01:00,11.61
2018-02-20T18:00:00+01:00,11.6
2018-02-21T06:00:00+01:00,11.55
2018-02-21T18:00:00+01:00,11.56
2018-02-22T06:00:00+01:00,11.57
2018-02-22T18:00:00+01:00,11.58
2018-02-23T06:00:00+01:00,11.57
2018-02-23T18:00:00+01:00,11.58
2018-02-24T06:00:00+01:00,11.56
2018-02-24T18:00:00+01:00,11.54
2018-02-25T06:00:00+01:00,11.51
2018-02-25T18:00:00+01:00,11.5
2018-02-26T06:00:00+01:00,11.49
2018-02-26T18:00:00+01:00,11.52
2018-02-27T06:00:00+01:00,11.53
2018-02-27T18:00:00+01:00,11.56
2018-02-28T06:00:00+01:00,11.54
2018-02-28T18:00:00+01:00,11.56
2018-03-01T06:00:00+01:00,11.6
2018-03-01T18:00:00+01:00,11.63
2018-03-02T06:00:00+01:00,11.63
2018-03-02T18:00:00+01:00,11.6
2018-03-03T06:00:00+01:00,11.58
2018-03-03T18:00:00+01:00,11.55
2018-03-04T06:00:00+01:00,11.54
2018-03-04T18:00:00+01:00,11.56
2018-03-05T06:00:00+01:00,11.53
2018-03-05T18:00:00+01:00,11.53
2018-03-06T06:00:00+01:00,11.55
2018-03-06T18:00:00+01:00,11.52
2018-03-07T06:00:00+01:00,11.51
2018-03-07T18:00:00+01:00,11.48
2018-03-08T06:00:00+01:00,11.46
2018-03-08T18:00:00+01:00,11.47
2018-03-09T06:00:00+01:00,11.44
2018-03-09T18:00:00+01:00,11.48
2018-03-10T06:00:00+01:00,11.54
2018-03-10T18:00:00+01:00,11.56
2018-03-11T06:00:00+01:00,11.63
2018-03-11T18:00:00+01:00,11.68
2018-03-12T06:00:00+01:00,11.72
2018-03-12T18:00:00+01:00,11.73
2018-03-13T06:00:00+01:00,11.71
2018-03-13T18:00:00+01:00,11.68
2018-03-14T06:00:00+01:00,11.73
2018-03-14T18:00:00+01:00,11.82
2018-03-15T06:00:00+01:00,11.89
2018-03-15T18:00:00+01:00,11.87
2018-03-16T06:00:00+01:00,11.85
2018-03-16T18:00:00+01:00,11.83
2018-03-17T06:00:00+01:00,11.83
2018-03-17T18:00:00+01:00,11.84
2018-03-18T06:00:00+01:00,11.82
2018-03-18T18:00:00+01:00,11.8
2018-03-19T06:00:00+01:00,11.79
2018-03-19T18:00:00+01:00,11.77
2018-03-20T06:00:00+01:00,11.75
2018-03-20T18:00:00+01:00,11.7
2018-03-21T06:00:00+01:00,11.7
2018-03-21T18:00:00+01:00,11.73
2018-03-22T06:00:00+01:00,11.8
2018-03-22T18:00:00+01:00,11.85
2018-03-23T06:00:00+01:00,11.89
2018-03-23T18:00:00+01:00,11.91
2018-03-24T06:00:00+01:00,11.9
2018-03-24T18:00:00+01:00,11.86
2018-03-25T06:00:00+02:00,11.82
2018-03-25T18:00:00+02:00,11.78
2018-03-26T06:00:00+02:00,11.75
2018-03-26T18:00:00+02:00,11.74
2018-03-27T06:00:00+02:00,11.78
2018-03-27T18:00:00+02:00,11.83
2018-03-28T06:00:00+02:00,11.81
2018-03-28T18:00:00+02:00,11.87
2018-03-29T06:00:00+02:00,11.84
2018-03-29T18:00:00+02:00,11.85
2018-03-30T06:00:00+02:00,11.87
2018-03-30T18:00:00+02:00,11.91
2018-03-31T06:00:00+02:00,11.89
2018-03-31T18:00:00+02:00,11.86
2018-04-01T06:00:00+02:00,11.85
2018-04-01T18:00:00+02:00,11.81
2018-04-02T06:00:00+02:00,11.86
2018-04-02T18:00:00+02:00,11.93
2018-04-03T06:00:00+02:00,11.91
2018-04-03T18:00:00+02:00,11.9
2018-04-04T06:00:00+02:00,11.89
2018-04-04T18:00:00+02:00,11.91
2018-04-05T06:00:00+02:00,11.86
2018-04-05T18:00:00+02:00,11.79
2018-04-06T06:00:00+02:00,11.83
2018-04-06T18:00:00+02:00,11.9
2018-04-07T06:00:00+02:00,11.9
2018-04-07T18:00:00+02:00,11.89
2018-04-08T06:00:00+02:00,11.88
2018-04-08T18:00:00+02:00,11.88
2018-04-09T06:00:00+02:00,11.86
2018-04-09T18:00:00+02:00,11.88
2018-04-10T06:00:00+02:00,11.88
2018-04-10T18:00:00+02:00,11.84
2018-04-11T06:00:00+02:00,11.87
2018-04-11T18:00:00+02:00,11.93
2018-04-12T06:00:00+02:00,11.96
2018-04-12T18:00:00+02:00,11.96
2018-04-13T06:00:00+02:00,11.92
2018-04-13T18:00:00+02:00,11.87
2018-04-14T06:00:00+02:00,11.84
2018-04-14T18:00:00+02:00,11.85
2018-04-15T06:00:00+02:00,11.93
2018-04-15T18:00:00+02:00,11.96
2018-04-16T06:00:00+02:00,11.93
2018-04-16T18:00:00+02:00,11.89
2018-04-17T06:00:00+02:00,11.86
2018-04-17T18:00:00+02:00,11.85
2018-04-18T06:00:00+02:00,11.83
2018-04-18T18:00:00+02:00,11.85
2018-04-19T06:00:00+02:00,11.86
2018-04-19T18:00:00+02:00,11.87
2018-04-20T06:00:00+02:00,11.86
2018-04-20T18:00:00+02:00,11.85
2018-04-21T06:00:00+02:00,11.83
2018-04-21T18:00:00+02:00,11.85
2018-04-22T06:00:00+02:00,11.87
2018-04-22T18:00:00+02:00,11.88
2018-04-23T06:00:00+02:00,11.87
2018-04-23T18:00:00+02:00,11.85
2018-04-24T06:00:00+02:00,11.85
2018-04-24T18:00:00+02:00,11.86
2018-04-25T06:00:00+02:00,11.87
2018-04-25T18:00:00+02:00,11.83
2018-04-26T06:00:00+02:00,11.8
2018-04-26T18:00:00+02:00,11.79
2018-04-27T06:00:00+02:00,11.81
2018-04-27T18:00:00+02:00,11.84
2018-04-28T06:00:00+02:00,11.8
2018-04-28T18:00:00+02:00,11.77
2018-04-29T06:00:00+02:00,11.77
2018-04-29T18:00:00+02:00,11.82
2018-04-30T06:00:00+02:00,11.92
2018-04-30T18:00:00+02:00,11.96
2018-05-01T06:00:00+02:00,11.94
2018-05-01T18:00:00+02:00,11.96
2018-05-02T06:00:00+02:00,11.99
2018-05-02T18:00:00+02:00,12.01
2018-05-03T06:00:00+02:00,11.95
2018-05-03T18:00:00+02:00,11.93
2018-05-04T06:00:00+02:00,11.91
2018-05-04T18:00:00+02:00,11.91
2018-05-05T06:00:00+02:00,11.89
2018-05-05T18:00:00+02:00,11.91
2018-05-06T06:00:00+02:00,11.89
2018-05-06T18:00:00+02:00,11.9
2018-05-07T06:00:00+02:00,11.88
2018-05-07T18:00:00+02:00,11.9
2018-05-08T06:00:00+02:00,11.89
2018-05-08T18:00:00+02:00,11.9
2018-05-09T06:00:00+02:00,11.86
2018-05-09T18:00:00+02:00,11.85
2018-05-10T06:00:00+02:00,11.82
2018-05-10T18:00:00+02:00,11.73
2018-05-11T06:00:00+02:00,11.73
2018-05-11T18:00:00+02:00,11.77
2018-05-12T06:00:00+02:00,11.76
2018-05-12T18:00:00+02:00,11.78
2018-05-13T06:00:00+02:00,11.74
2018-05-13T18:00:00+02:00,11.71
2018-05-14T06:00:00+02:00,11.72
2018-05-14T18:00:00+02:00,11.71
2018-05-15T06:00:00+02:00,11.69
2018-05-15T18:00:00+02:00,11.68
2018-05-16T06:00:00+02:00,11.67
2018-05-16T18:00:00+02:00,11.63
2018-05-17T06:00:00+02:00,11.61
2018-05-17T18:00:00+02:00,11.61
2018-05-18T06:00:00+02:00,11.6
2018-05-18T18:00:00+02:00,11.6
2018-05-19T06:00:00+02:00,11.59
2018-05-19T18:00:00+02:00,11.59
2018-05-20T06:00:00+02:00,11.58
2018-05-20T18:00:00+02:00,11.6
2018-05-21T06:00:00+02:00,11.6
2018-05-21T18:00:00+02:00,11.61
2018-05-22T06:00:00+02:00,11.59
2018-05-22T18:00:00+02:00,11.54
2018-05-23T06:00:00+02:00,11.5
2018-05-23T18:00:00+02:00,11.5
2018-05-24T06:00:00+02:00,11.51
2018-05-24T18:00:00+02:00,11.52
2018-05-25T06:00:00+02:00,11.51
2018-05-25T18:00:00+02:00,11.5
2018-05-26T06:00:00+02:00,11.48
2018-05-26T18:00:00+02:00,11.47
2018-05-27T06:00:00+02:00,11.46
2018-05-27T18:00:00+02:00,11.52
2018-05-28T06:00:00+02:00,11.64
2018-05-28T18:00:00+02:00,11.68
2018-05-29T06:00:00+02:00,11.7
2018-05-29T18:00:00+02:00,11.7
2018-05-30T06:00:00+02:00,11.77
2018-05-30T18:00:00+02:00,11.78
2018-05-31T06:00:00+02:00,11.77
2018-05-31T18:00:00+02:00,11.81
2018-06-01T06:00:00+02:00,11.82
2018-06-01T18:00:00+02:00,11.82
2018-06-02T06:00:00+02:00,11.84
2018-06-02T18:00:00+02:00,11.84
2018-06-03T06:00:00+02:00,11.83
2018-06-03T18:00:00+02:00,11.82
2018-06-04T06:00:00+02:00,11.81
2018-06-04T18:00:00+02:00,11.8
2018-06-05T06:00:00+02:00,11.76
2018-06-05T18:00:00+02:00,11.75
2018-06-06T06:00:00+02:00,11.73
2018-06-06T18:00:00+02:00,11.71
2018-06-07T06:00:00+02:00,11.67
2018-06-07T18:00:00+02:00,11.65
2018-06-08T06:00:00+02:00,11.65
2018-06-08T18:00:00+02:00,11.65
2018-06-09T06:00:00+02:00,11.64
2018-06-09T18:00:00+02:00,11.63
2018-06-10T06:00:00+02:00,11.61
2018-06-10T18:00:00+02:00,11.58
2018-06-11T06:00:00+02:00,11.57
2018-06-11T18:00:00+02:00,11.55
2018-06-12T06:00:00+02:00,11.52
2018-06-12T18:00:00+02:00,11.49
2018-06-13T06:00:00+02:00,11.47
2018-06-13T18:00:00+02:00,11.45
2018-06-14T06:00:00+02:00,11.47
2018-06-14T18:00:00+02:00,11.44
2018-06-15T06:00:00+02:00,11.42
2018-06-15T18:00:00+02:00,11.41
2018-06-16T06:00:00+02:00,11.4
2018-06-16T18:00:00+02:00,11.38
2018-06-17T06:00:00+02:00,11.37
2018-06-17T18:00:00+02:00,11.34
2018-06-18T06:00:00+02:00,11.33
2018-06-18T18:00:00+02:00,11.32
2018-06-19T06:00:00+02:00,11.3
2018-06-19T18:00:00+02:00,11.28
2018-06-20T06:00:00+02:00,11.3
2018-06-20T18:00:00+02:00,11.32
2018-06-21T06:00:00+02:00,11.31
2018-06-21T18:00:00+02:00,11.22
2018-06-22T06:00:00+02:00,11.22
2018-06-22T18:00:00+02:00,11.2
2018-06-23T06:00:00+02:00,11.2
2018-06-23T18:00:00+02:00,11.22
2018-06-24T06:00:00+02:00,11.21
2018-06-24T18:00:00+02:00,11.18
2018-06-25T06:00:00+02:00,11.17
2018-06-25T18:00:00+02:00,11.14
2018-06-26T06:00:00+02:00,11.13
2018-06-26T18:00:00+02:00,11.12
2018-06-27T06:00:00+02:00,11.1
2018-06-27T18:00:00+02:00,11.11
2018-06-28T06:00:00+02:00,11.07
2018-06-28T18:00:00+02:00,11.08
2018-06-29T06:00:00+02:00,11.05
2018-06-29T18:00:00+02:00,11.05
2018-06-30T06:00:00+02:00,11.02
2018-06-30T18:00:00+02:00,11.03
2018-07-01T06:00:00+02:00,10.98
2018-07-01T18:00:00+02:00,10.96
2018-07-02T06:00:00+02:00,10.93
2018-07-02T18:00:00+02:00,10.9
2018-07-03T06:00:00+02:00,10.86
2018-07-03T18:00:00+02:00,10.86
2018-07-04T06:00:00+02:00,10.84
2018-07-04T18:00:00+02:00,10.83
2018-07-05T06:00:00+02:00,10.8
2018-07-05T18:00:00+02:00,10.77
2018-07-06T06:00:00+02:00,10.73
2018-07-06T18:00:00+02:00,10.7
2018-07-07T06:00:00+02:00,10.67
2018-07-07T18:00:00+02:00,10.67
2018-07-08T06:00:00+02:00,10.64
2018-07-08T18:00:00+02:00,10.63
2018-07-09T06:00:00+02:00,10.62
2018-07-09T18:00:00+02:00,10.62
2018-07-10T06:00:00+02:00,10.62
2018-07-10T18:00:00+02:00,10.62
2018-07-11T06:00:00+02:00,10.6
2018-07-11T18:00:00+02:00,10.58
2018-07-12T06:00:00+02:00,10.56
2018-07-12T18:00:00+02:00,10.54
2018-07-13T06:00:00+02:00,10.52
2018-07-13T18:00:00+02:00,10.52
2018-07-14T06:00:00+02:00,10.5
2018-07-14T18:00:00+02:00,10.5
2018-07-15T06:00:00+02:00,10.49
2018-07-15T18:00:00+02:00,10.5
2018-07-16T06:00:00+02:00,10.48
2018-07-16T18:00:00+02:00,10.48
2018-07-17T06:00:00+02:00,10.44
2018-07-17T18:00:00+02:00,10.41
2018-07-18T06:00:00+02:00,10.4
2018-07-18T18:00:00+02:00,10.39
2018-07-19T06:00:00+02:00,10.38
2018-07-19T18:00:00+02:00,10.38
2018-07-20T06:00:00+02:00,10.38
2018-07-20T18:00:00+02:00,10.38
2018-07-21T06:00:00+02:00,10.37
2018-07-21T18:00:00+02:00,10.35
2018-07-22T06:00:00+02:00,10.33
2018-07-22T18:00:00+02:00,10.32
2018-07-23T06:00:00+02:00,10.31
2018-07-23T18:00:00+02:00,10.31
2018-07-24T06:00:00+02:00,10.3
2018-07-24T18:00:00+02:00,10.29
2018-07-25T06:00:00+02:00,10.28
2018-07-25T18:00:00+02:00,10.27
2018-07-26T06:00:00+02:00,10.26
2018-07-26T18:00:00+02:00,10.26
2018-07-27T06:00:00+02:00,10.24
2018-07-27T18:00:00+02:00,10.24
2018-07-28T06:00:00+02:00,10.22
2018-07-28T18:00:00+02:00,10.18
2018-07-29T06:00:00+02:00,10.14
2018-07-29T18:00:00+02:00,10.09
2018-07-30T06:00:00+02:00,10.02
2018-07-30T18:00:00+02:00,9.97
2018-07-31T06:00:00+02:00,9.92
2018-07-31T18:00:00+02:00,9.85
2018-08-01T06:00:00+02:00,9.8
2018-08-01T18:00:00+02:00,9.77
2018-08-02T06:00:00+02:00,9.72
2018-08-02T18:00:00+02:00,9.69
2018-08-03T06:00:00+02:00,9.66
2018-08-03T18:00:00+02:00,9.64
2018-08-04T06:00:00+02:00,9.62
2018-08-04T18:00:00+02:00,9.59
2018-08-05T06:00:00+02:00,9.56
2018-08-05T18:00:00+02:00,9.54
2018-08-06T06:00:00+02:00,9.53
2018-08-06T18:00:00+02:00,9.52
2018-08-07T06:00:00+02:00,9.52
2018-08-07T18:00:00+02:00,9.51
2018-08-08T06:00:00+02:00,9.5
2018-08-08T18:00:00+02:00,9.48
2018-08-09T06:00:00+02:00,9.47
2018-08-09T18:00:00+02:00,9.49
2018-08-10T06:00:00+02:00,9.47
2018-08-10T18:00:00+02:00,9.46
2018-08-11T06:00:00+02:00,9.45
2018-08-11T18:00:00+02:00,9.44
2018-08-12T06:00:00+02:00,9.46
2018-08-12T18:00:00+02:00,9.47
2018-08-13T06:00:00+02:00,9.46
2018-08-13T18:00:00+02:00,9.45
2018-08-14T06:00:00+02:00,9.43
2018-08-14T18:00:00+02:00,9.41
2019-02-24T06:00:00+01:00,9.43
2019-02-24T18:00:00+01:00,9.47
2019-02-25T06:00:00+01:00,9.5
2019-02-25T18:00:00+01:00,9.51
2019-02-26T06:00:00+01:00,9.53
2019-02-26T18:00:00+01:00,9.55
2019-02-27T06:00:00+01:00,9.59
2019-02-27T18:00:00+01:00,9.64
2019-02-28T06:00:00+01:00,9.67
2019-02-28T18:00:00+01:00,9.7
2019-03-01T06:00:00+01:00,9.72
2019-03-01T18:00:00+01:00,9.71
2019-03-02T06:00:00+01:00,9.71
2019-03-02T18:00:00+01:00,9.74
2019-03-03T06:00:00+01:00,9.75
2019-03-03T18:00:00+01:00,9.78
2019-03-04T06:00:00+01:00,9.85
2019-03-04T18:00:00+01:00,9.82
2019-03-05T06:00:00+01:00,9.77
2019-03-05T18:00:00+01:00,9.72
2019-03-06T06:00:00+01:00,9.74
2019-03-06T18:00:00+01:00,9.82
2019-03-07T06:00:00+01:00,9.91
2019-03-07T18:00:00+01:00,9.87
2019-03-08T06:00:00+01:00,9.78
2019-03-08T18:00:00+01:00,9.69
2019-03-09T06:00:00+01:00,9.74
2019-03-09T18:00:00+01:00,9.76
2019-03-10T06:00:00+01:00,9.82
2019-03-10T18:00:00+01:00,9.92
2019-03-11T06:00:00+01:00,9.93
2019-03-11T18:00:00+01:00,9.91
2019-03-12T06:00:00+01:00,9.98
2019-03-12T18:00:00+01:00,10.15
2019-03-13T06:00:00+01:00,10.2
2019-03-13T18:00:00+01:00,10.24
2019-03-14T06:00:00+01:00,10.26
2019-03-14T18:00:00+01:00,10.29
2019-03-15T06:00:00+01:00,10.31
2019-03-15T18:00:00+01:00,10.33
2019-03-16T06:00:00+01:00,10.35
2019-03-16T18:00:00+01:00,10.39
2019-03-17T06:00:00+01:00,10.43
2019-03-17T18:00:00+01:00,10.44
2019-03-18T06:00:00+01:00,10.44
2019-03-18T18:00:00+01:00,10.46
2019-03-19T06:00:00+01:00,10.46
2019-03-19T18:00:00+01:00,10.48
2019-03-20T06:00:00+01:00,10.49
2019-03-20T18:00:00+01:00,10.5
2019-03-21T06:00:00+01:00,10.51
2019-03-21T18:00:00+01:00,10.52
2019-03-22T06:00:00+01:00,10.54
2019-03-22T18:00:00+01:00,10.55
2019-03-23T06:00:00+01:00,10.53
2019-03-23T18:00:00+01:00,10.53
2019-03-24T06:00:00+01:00,10.54
2019-03-24T18:00:00+01:00,10.55
2019-03-25T06:00:00+01:00,10.55
2019-03-25T18:00:00+01:00,10.52
2019-03-26T06:00:00+01:00,10.51
2019-03-26T18:00:00+01:00,10.51
2019-03-27T06:00:00+01:00,10.5
2019-03-27T18:00:00+01:00,10.5
2019-03-28T06:00:00+01:00,10.5
2019-03-28T18:00:00+01:00,10.51
2019-03-29T06:00:00+01:00,10.52
2019-03-29T18:00:00+01:00,10.55
2019-03-30T06:00:00+01:00,10.55
2019-03-30T18:00:00+01:00,10.54
2019-03-31T06:00:00+02:00,10.51
2019-03-31T18:00:00+02:00,10.51
2019-04-01T06:00:00+02:00,10.51
2019-04-01T18:00:00+02:00,10.55
2019-04-02T06:00:00+02:00,10.58
2019-04-02T18:00:00+02:00,10.58
2019-04-03T06:00:00+02:00,10.56
2019-04-03T18:00:00+02:00,10.56
2019-04-04T06:00:00+02:00,10.55
2019-04-04T18:00:00+02:00,10.51
2019-04-05T06:00:00+02:00,10.49
2019-04-05T18:00:00+02:00,10.51
2019-04-06T06:00:00+02:00,10.51
2019-04-06T18:00:00+02:00,10.51
2019-04-07T06:00:00+02:00,10.5
2019-04-07T18:00:00+02:00,10.49
2019-04-08T06:00:00+02:00,10.47
2019-04-08T18:00:00+02:00,10.46
2019-04-09T06:00:00+02:00,10.46
2019-04-09T18:00:00+02:00,10.46
2019-04-10T06:00:00+02:00,10.45
2019-04-10T18:00:00+02:00,10.43
2019-04-11T06:00:00+02:00,10.42
2019-04-11T18:00:00+02:00,10.43
2019-04-12T06:00:00+02:00,10.42
2019-04-12T18:00:00+02:00,10.43
2019-04-13T06:00:00+02:00,10.42
2019-04-13T18:00:00+02:00,10.43
2019-04-14T06:00:00+02:00,10.43
2019-04-14T18:00:00+02:00,10.42
2019-04-15T06:00:00+02:00,10.42
2019-04-15T18:00:00+02:00,10.47
2019-04-16T06:00:00+02:00,10.46
2019-04-16T18:00:00+02:00,10.45
2019-04-17T06:00:00+02:00,10.42
2019-04-17T18:00:00+02:00,10.41
2019-04-18T06:00:00+02:00,10.41
2019-04-18T18:00:00+02:00,10.41
2019-04-19T06:00:00+02:00,10.39
2019-04-19T18:00:00+02:00,10.39
2019-04-20T06:00:00+02:00,10.38
2019-04-20T18:00:00+02:00,10.4
2019-04-21T06:00:00+02:00,10.41
2019-04-21T18:00:00+02:00,10.44
2019-04-22T06:00:00+02:00,10.45
2019-04-22T18:00:00+02:00,10.48
2019-04-23T06:00:00+02:00,10.47
2019-04-23T18:00:00+02:00,10.47
2019-04-24T06:00:00+02:00,10.44
2019-04-24T18:00:00+02:00,10.41
2019-04-25T06:00:00+02:00,10.4
2019-04-25T18:00:00+02:00,10.37
2019-04-26T06:00:00+02:00,10.36
2019-04-26T18:00:00+02:00,10.35
2019-04-27T06:00:00+02:00,10.37
2019-04-27T18:00:00+02:00,10.35
2019-04-28T06:00:00+02:00,10.34
2019-04-28T18:00:00+02:00,10.32
2019-04-29T06:00:00+02:00,10.3
2019-04-29T18:00:00+02:00,10.3
2019-04-30T06:00:00+02:00,10.3
2019-04-30T18:00:00+02:00,10.31
2019-05-01T06:00:00+02:00,10.32
2019-05-01T18:00:00+02:00,10.33
2019-05-02T06:00:00+02:00,10.33
2019-05-02T18:00:00+02:00,10.34
2019-05-03T06:00:00+02:00,10.31
2019-05-03T18:00:00+02:00,10.32
2019-05-04T06:00:00+02:00,10.31
2019-05-04T18:00:00+02:00,10.29
2019-05-05T06:00:00+02:00,10.27
2019-05-05T18:00:00+02:00,10.27
2019-05-06T06:00:00+02:00,10.26
2019-05-06T18:00:00+02:00,10.26
2019-05-07T06:00:00+02:00,10.25
2019-05-07T18:00:00+02:00,10.27
2019-05-08T06:00:00+02:00,10.3
2019-05-08T18:00:00+02:00,10.33
2019-05-09T06:00:00+02:00,10.32
2019-05-09T18:00:00+02:00,10.3
2019-05-10T06:00:00+02:00,10.27
2019-05-10T18:00:00+02:00,10.24
2019-05-11T06:00:00+02:00,10.21
2019-05-11T18:00:00+02:00,10.14
2019-05-12T06:00:00+02:00,10.03
2019-05-12T18:00:00+02:00,9.98
2019-05-13T06:00:00+02:00,9.93
2019-05-13T18:00:00+02:00,9.92
2019-05-14T06:00:00+02:00,9.92
2019-05-14T18:00:00+02:00,9.96
2019-05-15T06:00:00+02:00,9.97
2019-05-15T18:00:00+02:00,10.0
2019-05-16T06:00:00+02:00,10.01
2019-05-16T18:00:00+02:00,10.05
2019-05-17T06:00:00+02:00,10.09
2019-05-17T18:00:00+02:00,10.1
2019-05-18T06:00:00+02:00,10.1
2019-05-18T18:00:00+02:00,10.07
2019-05-19T06:00:00+02:00,10.04
2019-05-19T18:00:00+02:00,10.0
2019-05-20T06:00:00+02:00,9.97
2019-05-20T18:00:00+02:00,9.93
2019-05-21T06:00:00+02:00,9.88
2019-05-21T18:00:00+02:00,9.83
2019-05-22T06:00:00+02:00,9.79
2019-05-22T18:00:00+02:00,9.78
2019-05-23T06:00:00+02:00,9.76
2019-05-23T18:00:00+02:00,9.75
2019-05-24T06:00:00+02:00,9.74
2019-05-24T18:00:00+02:00,9.72
2019-05-25T06:00:00+02:00,9.69
2019-05-25T18:00:00+02:00,9.67
2019-05-26T06:00:00+02:00,9.66
2019-05-26T18:00:00+02:00,9.66
2019-05-27T06:00:00+02:00,9.66
2019-05-27T18:00:00+02:00,9.66
2019-05-28T06:00:00+02:00,9.65
2019-05-28T18:00:00+02:00,9.62
2019-05-29T06:00:00+02:00,9.58
2019-05-29T18:00:00+02:00,9.55
2019-05-30T06:00:00+02:00,9.53
2019-05-30T18:00:00+02:00,9.5
2019-05-31T06:00:00+02:00,9.49
2019-05-31T18:00:00+02:00,9.48
2019-06-01T06:00:00+02:00,9.48
2019-06-01T18:00:00+02:00,9.49
2019-06-02T06:00:00+02:00,9.5
2019-06-02T18:00:00+02:00,9.5
2019-06-03T06:00:00+02:00,9.49
2019-06-03T18:00:00+02:00,9.47
2019-06-04T06:00:00+02:00,9.48
2019-06-04T18:00:00+02:00,9.5
2019-06-05T06:00:00+02:00,9.48
2019-06-05T18:00:00+02:00,9.47
2019-06-06T06:00:00+02:00,9.47
2019-06-06T18:00:00+02:00,9.46
2019-06-07T06:00:00+02:00,9.47
2019-06-07T18:00:00+02:00,9.47
2019-06-08T06:00:00+02:00,9.46
2019-06-08T18:00:00+02:00,9.44
2019-06-09T06:00:00+02:00,9.42
2019-06-09T18:00:00+02:00,9.43
2019-06-10T06:00:00+02:00,9.45
2019-06-10T18:00:00+02:00,9.46
2019-06-11T06:00:00+02:00,9.44
2019-06-11T18:00:00+02:00,9.43
2019-06-12T06:00:00+02:00,9.43
2019-06-12T18:00:00+02:00,9.43
2019-06-13T06:00:00+02:00,9.42
2019-06-13T18:00:00+02:00,9.42
2019-06-14T06:00:00+02:00,9.41
2019-06-14T18:00:00+02:00,9.42
2019-06-15T06:00:00+02:00,9.42
2019-06-17T18:00:00+02:00,9.43
2019-06-18T06:00:00+02:00,9.44
2019-06-18T18:00:00+02:00,9.47
2019-06-19T06:00:00+02:00,9.48
2019-06-19T18:00:00+02:00,9.48
2019-06-20T06:00:00+02:00,9.46
2019-06-20T18:00:00+02:00,9.45
2019-06-21T06:00:00+02:00,9.45
2019-06-21T18:00:00+02:00,9.44
2019-06-22T06:00:00+02:00,9.44
2019-06-22T18:00:00+02:00,9.47
2019-06-23T06:00:00+02:00,9.48
2019-06-23T18:00:00+02:00,9.49
2019-06-24T06:00:00+02:00,9.48
2019-06-24T18:00:00+02:00,9.48
2019-06-25T06:00:00+02:00,9.48
2019-06-25T18:00:00+02:00,9.47
2019-06-26T06:00:00+02:00,9.45
2019-06-26T18:00:00+02:00,9.43
2019-06-27T06:00:00+02:00,9.42
2019-06-27T18:00:00+02:00,9.42
2019-06-28T06:00:00+02:00,9.41
2019-06-28T18:00:00+02:00,9.43
2019-06-29T06:00:00+02:00,9.43
2019-06-29T18:00:00+02:00,9.44
2019-06-30T06:00:00+02:00,9.45
2019-06-30T18:00:00+02:00,9.42
2020-03-05T06:00:00+01:00,9.43
2020-03-05T18:00:00+01:00,9.51
2020-03-06T06:00:00+01:00,9.5
2020-03-06T18:00:00+01:00,9.54
2020-03-07T06:00:00+01:00,9.62
2020-03-07T18:00:00+01:00,9.74
2020-03-08T06:00:00+01:00,10.03
2020-03-08T18:00:00+01:00,10.27
2020-03-09T06:00:00+01:00,10.35
2020-03-09T18:00:00+01:00,10.37
2020-03-10T06:00:00+01:00,10.42
2020-03-10T18:00:00+01:00,10.44
2020-03-11T06:00:00+01:00,10.46
2020-03-11T18:00:00+01:00,10.5
2020-03-12T06:00:00+01:00,10.55
2020-03-12T18:00:00+01:00,10.58
2020-03-13T06:00:00+01:00,10.58
2020-03-13T18:00:00+01:00,10.58
2020-03-14T06:00:00+01:00,10.6
2020-03-14T18:00:00+01:00,10.62
2020-03-15T06:00:00+01:00,10.65
2020-03-15T18:00:00+01:00,10.65
2020-03-16T06:00:00+01:00,10.62
2020-03-16T18:00:00+01:00,10.59
2020-03-17T06:00:00+01:00,10.59
2020-03-17T18:00:00+01:00,10.61
2020-03-18T06:00:00+01:00,10.63
2020-03-18T18:00:00+01:00,10.65
2020-03-19T06:00:00+01:00,10.63
2020-03-19T18:00:00+01:00,10.64
2020-03-20T06:00:00+01:00,10.63
2020-03-20T18:00:00+01:00,10.62
2020-03-21T06:00:00+01:00,10.62
2020-03-21T18:00:00+01:00,10.63
2020-03-22T06:00:00+01:00,10.61
2020-03-22T18:00:00+01:00,10.61
2020-03-23T06:00:00+01:00,10.59
2020-03-23T18:00:00+01:00,10.61
2020-03-24T06:00:00+01:00,10.59
2020-03-24T18:00:00+01:00,10.62
2020-03-25T06:00:00+01:00,10.61
2020-03-25T18:00:00+01:00,10.64
2020-03-26T06:00:00+01:00,10.62
2020-03-26T18:00:00+01:00,10.62
2020-03-27T06:00:00+01:00,10.61
2020-03-27T18:00:00+01:00,10.62
2020-03-28T06:00:00+01:00,10.58
2020-03-28T18:00:00+01:00,10.56
2020-03-29T06:00:00+02:00,10.54
2020-03-29T18:00:00+02:00,10.52
2020-03-30T06:00:00+02:00,10.54
2020-03-30T18:00:00+02:00,10.58
2020-03-31T06:00:00+02:00,10.55
2020-03-31T18:00:00+02:00,10.56
2020-04-01T06:00:00+02:00,10.59
2020-04-01T18:00:00+02:00,10.61
2020-04-02T06:00:00+02:00,10.61
2020-04-02T18:00:00+02:00,10.61
2020-04-03T06:00:00+02:00,10.58
2020-04-03T18:00:00+02:00,10.53
2020-04-04T06:00:00+02:00,10.51
2020-04-04T18:00:00+02:00,10.52
2020-04-05T06:00:00+02:00,10.53
2020-04-05T18:00:00+02:00,10.57
2020-04-06T06:00:00+02:00,10.55
2020-04-06T18:00:00+02:00,10.48
2020-04-07T06:00:00+02:00,10.44
2020-04-07T18:00:00+02:00,10.48
2020-04-08T06:00:00+02:00,10.51
2020-04-08T18:00:00+02:00,10.52
2020-04-09T06:00:00+02:00,10.5
2020-04-09T18:00:00+02:00,10.49
2020-04-10T06:00:00+02:00,10.48
2020-04-10T18:00:00+02:00,10.49
2020-04-11T06:00:00+02:00,10.49
2020-04-11T18:00:00+02:00,10.52
2020-04-12T06:00:00+02:00,10.52
2020-04-12T18:00:00+02:00,10.53
2020-04-13T06:00:00+02:00,10.46
2020-04-13T18:00:00+02:00,10.43
2020-04-14T06:00:00+02:00,10.43
2020-04-14T18:00:00+02:00,10.44
2020-04-15T06:00:00+02:00,10.45
2020-04-15T18:00:00+02:00,10.48
2020-04-16T06:00:00+02:00,10.49
2020-04-16T18:00:00+02:00,10.48
2020-04-17T06:00:00+02:00,10.44
2020-04-17T18:00:00+02:00,10.46
2020-04-18T06:00:00+02:00,10.45
2020-04-18T18:00:00+02:00,10.43
2020-04-19T06:00:00+02:00,10.42
2020-04-19T18:00:00+02:00,10.43
2020-04-20T06:00:00+02:00,10.41
2020-04-20T18:00:00+02:00,10.44
2020-04-21T06:00:00+02:00,10.41
2020-04-21T18:00:00+02:00,10.42
2020-04-22T06:00:00+02:00,10.38
2020-04-22T18:00:00+02:00,10.39
2020-04-23T06:00:00+02:00,10.38
2020-04-23T18:00:00+02:00,10.4
2020-04-24T06:00:00+02:00,10.39
2020-04-24T18:00:00+02:00,10.38
2020-04-25T06:00:00+02:00,10.37
2020-04-25T18:00:00+02:00,10.38
2020-04-26T06:00:00+02:00,10.37
2020-04-26T18:00:00+02:00,10.37
2020-04-27T06:00:00+02:00,10.38
2020-04-27T18:00:00+02:00,10.37
2020-04-28T06:00:00+02:00,10.37
2020-04-28T18:00:00+02:00,10.36
2020-04-29T06:00:00+02:00,10.35
2020-04-29T18:00:00+02:00,10.35
2020-04-30T06:00:00+02:00,10.36
2020-04-30T18:00:00+02:00,10.35
2020-05-01T06:00:00+02:00,10.34
2020-05-01T18:00:00+02:00,10.33
2020-05-02T06:00:00+02:00,10.3
2020-05-02T18:00:00+02:00,10.27
2020-05-03T06:00:00+02:00,10.25
2020-05-03T18:00:00+02:00,10.24
2020-05-04T06:00:00+02:00,10.22
2020-05-04T18:00:00+02:00,10.19
2020-05-05T06:00:00+02:00,10.14
2020-05-05T18:00:00+02:00,10.11
2020-05-06T06:00:00+02:00,10.05
2020-05-06T18:00:00+02:00,10.01
2020-05-07T06:00:00+02:00,9.98
2020-05-07T18:00:00+02:00,9.99
2020-05-08T06:00:00+02:00,9.99
2020-05-08T18:00:00+02:00,10.0
2020-05-09T06:00:00+02:00,10.0
2020-05-09T18:00:00+02:00,10.02
2020-05-10T06:00:00+02:00,10.03
2020-05-10T18:00:00+02:00,10.01
2020-05-11T06:00:00+02:00,9.93
2020-05-11T18:00:00+02:00,9.87
2020-05-12T06:00:00+02:00,9.8
2020-05-12T18:00:00+02:00,9.8
2020-05-13T06:00:00+02:00,9.79
2020-05-13T18:00:00+02:00,9.78
2020-05-14T06:00:00+02:00,9.73
2020-05-14T18:00:00+02:00,9.71
2020-05-15T06:00:00+02:00,9.67
2020-05-15T18:00:00+02:00,9.65
2020-05-16T06:00:00+02:00,9.63
2020-05-16T18:00:00+02:00,9.6
2020-05-17T06:00:00+02:00,9.58
2020-05-17T18:00:00+02:00,9.55
2020-05-18T06:00:00+02:00,9.53
2020-05-18T18:00:00+02:00,9.51
2020-05-19T06:00:00+02:00,9.51
2020-05-19T18:00:00+02:00,9.5
2020-05-20T06:00:00+02:00,9.49
2020-05-20T18:00:00+02:00,9.49
2020-05-21T06:00:00+02:00,9.49
2020-05-21T18:00:00+02:00,9.48
2020-05-22T06:00:00+02:00,9.49
2020-05-22T18:00:00+02:00,9.48
2020-05-23T06:00:00+02:00,9.48
2020-05-23T18:00:00+02:00,9.47
2020-05-24T06:00:00+02:00,9.45
2020-05-24T18:00:00+02:00,9.44
2020-05-25T06:00:00+02:00,9.43
2020-05-25T18:00:00+02:00,9.41
2014-09-30T12:00:00+02:00,10.14
2014-10-14T12:00:00+02:00,9.97
2015-01-06T10:49:00+01:00,10.93
2015-03-30T13:10:00+02:00,11.84
2015-06-29T07:28:00+02:00,10.59
2015-09-30T07:23:00+02:00,9.56
2015-12-30T13:54:00+01:00,10.56
2016-03-30T10:59:00+02:00,11.9
2017-01-02T10:03:00+01:00,10.35
2017-03-27T11:04:00+02:00,11.72
2017-06-27T08:54:00+02:00,10.28
2018-03-27T10:37:00+02:00,11.78
2018-06-25T14:33:00+02:00,11.17
2019-03-26T14:27:00+01:00,10.51
2019-06-25T08:42:00+02:00,9.48
2020-03-31T10:33:00+02:00,10.55
