date,water_level_nap_m
1960-04-28T13:00:00+01:00,2.75
1960-05-14T13:00:00+01:00,2.74
1960-05-28T13:00:00+01:00,2.74
1960-06-14T13:00:00+01:00,2.73
1960-06-28T13:00:00+01:00,2.7
1960-07-15T13:00:00+01:00,2.71
1960-07-28T13:00:00+01:00,2.72
1960-08-16T13:00:00+01:00,2.73
1960-08-28T13:00:00+01:00,2.74
1960-09-14T13:00:00+01:00,2.76
1960-09-30T13:00:00+01:00,2.76
1960-10-14T13:00:00+01:00,2.83
1960-10-30T13:00:00+01:00,2.86
1960-11-14T13:00:00+01:00,2.92
1960-11-30T13:00:00+01:00,2.95
1960-12-14T13:00:00+01:00,3.03
1960-12-28T13:00:00+01:00,3.09
1961-01-14T13:00:00+01:00,3.11
1961-01-28T13:00:00+01:00,3.12
1961-02-14T13:00:00+01:00,3.17
1961-02-28T13:00:00+01:00,3.15
1961-03-14T13:00:00+01:00,3.17
1961-03-28T13:00:00+01:00,3.18
1961-04-14T13:00:00+01:00,3.19
1961-04-29T13:00:00+01:00,3.22
1961-05-14T13:00:00+01:00,3.18
1961-05-28T13:00:00+01:00,3.14
1961-06-14T13:00:00+01:00,3.13
1961-06-28T13:00:00+01:00,3.05
1961-07-14T13:00:00+01:00,3.05
1961-07-28T13:00:00+01:00,3.03
1961-08-14T13:00:00+01:00,3.0
1961-08-28T13:00:00+01:00,3.0
1961-09-14T13:00:00+01:00,2.99
1961-09-28T13:00:00+01:00,2.96
1961-10-14T13:00:00+01:00,2.99
1961-10-30T13:00:00+01:00,3.01
1961-11-14T13:00:00+01:00,3.04
1961-11-28T13:00:00+01:00,3.06
1961-12-14T13:00:00+01:00,3.03
1961-12-28T13:00:00+01:00,3.05
1962-01-14T13:00:00+01:00,3.16
1962-01-28T13:00:00+01:00,3.16
1962-02-14T13:00:00+01:00,3.18
1962-02-28T13:00:00+01:00,3.17
1962-03-14T13:00:00+01:00,3.19
1962-03-28T13:00:00+01:00,3.21
1962-04-14T13:00:00+01:00,3.19
1962-04-28T13:00:00+01:00,3.17
1962-05-14T13:00:00+01:00,3.15
1962-05-28T13:00:00+01:00,3.16
1962-06-14T13:00:00+01:00,3.09
1962-06-29T13:00:00+01:00,3.05
1962-07-16T13:00:00+01:00,3.07
1962-07-30T13:00:00+01:00,3.04
1962-08-14T13:00:00+01:00,3.03
1962-08-28T13:00:00+01:00,3.01
1962-09-14T13:00:00+01:00,2.99
1962-09-28T13:00:00+01:00,2.99
1962-10-17T13:00:00+01:00,2.96
1962-10-28T13:00:00+01:00,3.01
1962-11-14T13:00:00+01:00,2.98
1962-11-28T13:00:00+01:00,2.96
1962-12-14T13:00:00+01:00,3.01
1963-03-14T13:00:00+01:00,2.98
1963-03-29T13:00:00+01:00,3.0
1963-04-16T13:00:00+01:00,2.91
1963-04-30T13:00:00+01:00,2.98
1963-05-14T13:00:00+01:00,2.89
1963-05-28T13:00:00+01:00,2.98
1963-06-14T13:00:00+01:00,2.93
1963-06-28T13:00:00+01:00,2.95
1963-07-14T13:00:00+01:00,2.91
1963-07-28T13:00:00+01:00,2.9
1963-08-15T13:00:00+01:00,2.91
1963-08-28T13:00:00+01:00,2.93
1963-09-16T13:00:00+01:00,2.91
1963-09-28T13:00:00+01:00,2.93
1963-10-14T13:00:00+01:00,2.93
1963-10-29T13:00:00+01:00,2.92
1963-11-14T13:00:00+01:00,2.95
1963-11-28T13:00:00+01:00,2.94
1963-12-17T13:00:00+01:00,2.96
1963-12-28T13:00:00+01:00,2.91
1964-01-14T13:00:00+01:00,2.88
1964-01-28T13:00:00+01:00,2.85
1964-02-14T13:00:00+01:00,2.9
1964-02-28T13:00:00+01:00,2.88
1964-03-14T13:00:00+01:00,2.84
1964-03-28T13:00:00+01:00,2.84
1964-04-14T13:00:00+01:00,2.86
1964-04-28T13:00:00+01:00,2.9
1964-06-30T13:00:00+01:00,2.81
1964-07-14T13:00:00+01:00,2.79
1964-07-28T13:00:00+01:00,2.78
1964-08-28T13:00:00+01:00,2.74
1964-09-14T13:00:00+01:00,2.74
1964-09-29T13:00:00+01:00,2.72
1964-10-14T13:00:00+01:00,2.76
1964-10-28T13:00:00+01:00,2.78
1964-11-14T13:00:00+01:00,2.79
1964-11-28T13:00:00+01:00,2.82
1964-12-14T13:00:00+01:00,2.84
1965-01-14T13:00:00+01:00,2.77
1965-01-28T13:00:00+01:00,2.8
1965-02-14T13:00:00+01:00,2.85
1965-03-01T13:00:00+01:00,2.79
1965-03-14T13:00:00+01:00,2.77
1965-03-29T13:00:00+01:00,2.77
1965-04-14T13:00:00+01:00,2.88
1965-04-30T13:00:00+01:00,2.9
1965-05-14T13:00:00+01:00,2.85
1965-05-28T13:00:00+01:00,2.83
1965-06-14T13:00:00+01:00,2.79
1965-06-28T13:00:00+01:00,2.79
1965-07-14T13:00:00+01:00,2.77
1965-08-14T13:00:00+01:00,2.79
1965-08-28T13:00:00+01:00,2.89
1965-09-14T13:00:00+01:00,2.9
1965-09-30T13:00:00+01:00,2.93
1965-10-14T13:00:00+01:00,2.9
1965-10-28T13:00:00+01:00,2.86
1965-11-14T13:00:00+01:00,2.79
1965-11-30T13:00:00+01:00,2.93
1965-12-14T13:00:00+01:00,2.89
1965-12-28T13:00:00+01:00,2.91
1966-01-17T13:00:00+01:00,2.99
1966-01-28T13:00:00+01:00,3.0
1966-02-14T13:00:00+01:00,3.02
1966-02-28T13:00:00+01:00,3.06
1966-03-14T13:00:00+01:00,3.05
1966-03-28T13:00:00+01:00,3.1
1966-04-14T13:00:00+01:00,3.09
1966-04-28T13:00:00+01:00,3.05
1966-05-14T13:00:00+01:00,3.07
1966-05-28T13:00:00+01:00,3.01
1966-06-14T13:00:00+01:00,2.96
1966-06-28T13:00:00+01:00,2.99
1966-07-14T13:00:00+01:00,3.01
1966-07-28T13:00:00+01:00,3.0
1966-08-14T13:00:00+01:00,2.98
1966-08-29T13:00:00+01:00,2.94
1966-09-14T13:00:00+01:00,2.88
1966-09-28T13:00:00+01:00,2.9
1966-10-14T13:00:00+01:00,2.88
1966-10-28T13:00:00+01:00,2.85
1966-11-14T13:00:00+01:00,2.87
1966-11-28T13:00:00+01:00,2.91
1966-12-14T13:00:00+01:00,3.0
1966-12-28T13:00:00+01:00,3.03
1967-01-14T13:00:00+01:00,3.0
1967-01-28T13:00:00+01:00,3.02
1967-02-14T13:00:00+01:00,3.05
1967-02-28T13:00:00+01:00,3.1
1967-03-14T13:00:00+01:00,3.08
1967-03-28T13:00:00+01:00,3.1
1967-04-14T13:00:00+01:00,3.09
1967-06-28T13:00:00+01:00,3.03
1967-07-14T13:00:00+01:00,2.81
1967-07-28T13:00:00+01:00,2.97
1967-08-14T13:00:00+01:00,2.95
1967-08-28T13:00:00+01:00,2.96
1967-09-14T13:00:00+01:00,2.94
1967-09-28T13:00:00+01:00,2.91
1967-10-14T13:00:00+01:00,2.91
1968-01-15T13:00:00+01:00,2.96
1968-01-29T13:00:00+01:00,2.94
1968-02-14T13:00:00+01:00,2.94
1968-02-28T13:00:00+01:00,2.93
1968-03-14T13:00:00+01:00,2.86
1968-03-28T13:00:00+01:00,2.87
1968-04-16T13:00:00+01:00,2.83
1968-04-29T13:00:00+01:00,2.82
1968-05-14T13:00:00+01:00,2.81
1968-05-28T13:00:00+01:00,2.89
1968-06-14T13:00:00+01:00,2.66
1968-06-28T13:00:00+01:00,2.78
1968-07-29T13:00:00+01:00,2.8
1968-08-14T13:00:00+01:00,2.83
1968-08-28T13:00:00+01:00,2.8
1968-09-13T13:00:00+01:00,2.8
1968-09-30T13:00:00+01:00,2.84
1968-10-15T13:00:00+01:00,2.9
1968-10-29T13:00:00+01:00,2.85
1968-11-15T13:00:00+01:00,2.89
1968-12-16T13:00:00+01:00,2.83
1969-01-02T13:00:00+01:00,2.8
1969-01-14T13:00:00+01:00,2.82
1969-01-28T13:00:00+01:00,2.83
1969-02-28T13:00:00+01:00,2.86
1969-03-14T13:00:00+01:00,2.89
1969-03-28T13:00:00+01:00,2.92
1969-04-14T13:00:00+01:00,2.91
1969-04-28T13:00:00+01:00,2.92
1969-05-14T13:00:00+01:00,2.91
1969-05-28T13:00:00+01:00,2.9
1969-06-14T13:00:00+01:00,2.87
1969-06-27T13:00:00+01:00,2.81
1969-07-14T13:00:00+01:00,2.8
1969-08-14T13:00:00+01:00,2.71
1969-08-28T13:00:00+01:00,2.76
1969-09-15T13:00:00+01:00,2.72
1969-09-29T13:00:00+01:00,2.7
1969-10-14T13:00:00+01:00,2.64
1969-10-28T13:00:00+01:00,2.63
1969-11-14T13:00:00+01:00,2.65
1969-11-28T13:00:00+01:00,2.61
1969-12-15T13:00:00+01:00,2.6
1970-01-02T12:00:00+01:00,2.59
1970-01-14T12:00:00+01:00,2.66
1970-01-28T12:00:00+01:00,2.6
1970-02-13T12:00:00+01:00,2.63
1970-02-27T12:00:00+01:00,2.71
1970-03-13T12:00:00+01:00,2.67
1970-03-26T12:00:00+01:00,2.65
1970-04-14T11:00:00+01:00,2.65
1970-04-28T11:00:00+01:00,2.65
1970-05-14T11:00:00+01:00,2.65
1970-05-28T11:00:00+01:00,2.59
1970-06-16T11:00:00+01:00,2.54
1970-06-29T11:00:00+01:00,2.49
1970-07-15T11:00:00+01:00,2.48
1970-08-14T11:00:00+01:00,2.5
1970-08-28T11:00:00+01:00,2.48
1970-09-14T11:00:00+01:00,2.39
1970-09-28T11:00:00+01:00,2.34
1970-10-14T11:00:00+01:00,2.35
1970-10-28T12:00:00+01:00,2.4
1970-11-14T12:00:00+01:00,2.41
1970-11-27T12:00:00+01:00,2.39
1970-12-14T12:00:00+01:00,2.38
1971-01-04T12:00:00+01:00,2.37
1971-01-15T12:00:00+01:00,2.35
1971-01-28T12:00:00+01:00,2.37
1971-02-15T12:00:00+01:00,2.38
1971-03-01T12:00:00+01:00,2.34
1971-03-15T12:00:00+01:00,2.35
1971-03-29T11:00:00+01:00,2.34
1971-04-14T11:00:00+01:00,2.31
1971-04-28T11:00:00+01:00,2.26
1971-05-14T11:00:00+01:00,2.23
1971-05-28T11:00:00+01:00,2.22
1971-06-14T11:00:00+01:00,2.18
1971-06-28T11:00:00+01:00,2.27
1971-07-28T11:00:00+01:00,2.24
1971-08-16T11:00:00+01:00,2.25
1971-08-27T11:00:00+01:00,2.22
1971-09-14T11:00:00+01:00,2.16
1971-09-28T11:00:00+01:00,2.19
1971-10-14T11:00:00+01:00,2.18
1971-10-28T11:00:00+01:00,2.15
1971-11-15T12:00:00+01:00,2.18
1971-11-29T12:00:00+01:00,2.24
1971-12-14T12:00:00+01:00,2.17
1971-12-28T12:00:00+01:00,2.18
1972-01-14T12:00:00+01:00,2.16
1972-01-28T12:00:00+01:00,2.2
1972-02-14T12:00:00+01:00,2.16
1972-02-28T12:00:00+01:00,2.14
1972-03-14T12:00:00+01:00,2.14
1972-03-28T11:00:00+01:00,2.17
1972-04-28T11:00:00+01:00,2.15
1972-05-15T11:00:00+01:00,2.15
1972-05-29T11:00:00+01:00,2.14
1972-06-14T11:00:00+01:00,2.22
1972-06-28T11:00:00+01:00,2.17
1972-07-28T11:00:00+01:00,2.15
1972-08-14T11:00:00+01:00,2.24
1972-08-28T11:00:00+01:00,2.23
1972-09-14T11:00:00+01:00,2.21
1972-09-28T11:00:00+01:00,2.25
1972-10-13T11:00:00+01:00,2.2
1972-10-27T11:00:00+01:00,2.19
1972-11-14T12:00:00+01:00,2.22
1972-11-28T12:00:00+01:00,2.24
1972-12-14T12:00:00+01:00,2.21
1973-01-02T12:00:00+01:00,2.17
1973-01-15T12:00:00+01:00,2.16
1973-01-29T12:00:00+01:00,2.16
1973-02-14T12:00:00+01:00,2.21
1973-02-28T12:00:00+01:00,2.22
1973-03-14T12:00:00+01:00,2.17
1973-03-28T11:00:00+01:00,2.18
1973-04-13T11:00:00+01:00,2.21
1973-05-01T11:00:00+01:00,2.16
1973-05-14T11:00:00+01:00,2.19
1973-05-28T11:00:00+01:00,2.19
1973-06-14T11:00:00+01:00,2.2
1973-06-28T11:00:00+01:00,2.18
1973-07-16T11:00:00+01:00,2.17
1973-07-30T11:00:00+01:00,2.17
1973-08-14T11:00:00+01:00,2.12
1973-08-28T11:00:00+01:00,2.13
1973-09-14T11:00:00+01:00,2.1
1973-09-28T11:00:00+01:00,2.11
1973-10-15T11:00:00+01:00,2.12
1973-10-29T12:00:00+01:00,2.14
1973-11-14T12:00:00+01:00,2.18
1973-11-28T12:00:00+01:00,2.21
1973-12-14T12:00:00+01:00,2.24
1974-01-02T12:00:00+01:00,2.28
1974-01-14T12:00:00+01:00,2.3
1974-01-28T12:00:00+01:00,2.29
1974-02-14T12:00:00+01:00,2.3
1974-02-28T12:00:00+01:00,2.2
1974-03-14T12:00:00+01:00,2.3
1974-03-28T12:00:00+01:00,2.29
1974-04-17T11:00:00+01:00,2.27
1974-04-29T11:00:00+01:00,2.27
1974-05-14T11:00:00+01:00,2.23
1974-05-28T11:00:00+01:00,2.13
1974-06-14T11:00:00+01:00,2.16
1974-07-29T11:00:00+01:00,2.2
1974-08-14T11:00:00+01:00,2.26
1974-08-28T11:00:00+01:00,2.22
1974-09-13T11:00:00+01:00,2.18
1974-09-27T11:00:00+01:00,2.22
1974-10-14T11:00:00+01:00,2.23
1974-10-28T12:00:00+01:00,2.31
1974-11-14T12:00:00+01:00,2.35
1974-11-28T12:00:00+01:00,2.41
1974-12-16T12:00:00+01:00,2.51
1975-01-01T12:00:00+01:00,2.51
1975-01-14T12:00:00+01:00,2.53
1975-01-28T12:00:00+01:00,2.53
1975-02-28T12:00:00+01:00,2.57
1975-04-14T11:00:00+01:00,2.67
1975-04-28T11:00:00+01:00,2.66
1975-05-14T11:00:00+01:00,2.66
1975-05-28T11:00:00+01:00,2.63
1975-06-17T11:00:00+01:00,2.61
1975-07-10T11:00:00+01:00,2.62
1975-07-28T11:00:00+01:00,2.57
1975-08-14T11:00:00+01:00,2.53
1975-08-28T11:00:00+01:00,2.53
1975-09-15T11:00:00+01:00,2.49
1975-09-29T11:00:00+01:00,2.49
1975-10-14T11:00:00+01:00,2.44
1975-10-28T12:00:00+01:00,2.43
1975-11-14T12:00:00+01:00,2.48
1975-11-28T12:00:00+01:00,2.49
1975-12-15T12:00:00+01:00,2.44
1975-12-29T12:00:00+01:00,2.41
1976-01-14T12:00:00+01:00,2.47
1976-01-28T12:00:00+01:00,2.45
1976-02-16T12:00:00+01:00,2.48
1976-02-26T12:00:00+01:00,2.39
1976-03-15T12:00:00+01:00,2.35
1976-03-29T11:00:00+01:00,2.39
1976-04-14T11:00:00+01:00,2.39
1976-04-28T11:00:00+01:00,2.31
1976-05-14T11:00:00+01:00,2.28
1976-05-26T11:00:00+01:00,2.27
1976-06-14T11:00:00+01:00,2.23
1976-06-28T11:00:00+01:00,2.21
1976-08-13T11:00:00+01:00,2.13
1976-08-27T11:00:00+01:00,2.03
1976-09-14T11:00:00+01:00,2.1
1976-09-27T11:00:00+01:00,2.07
1976-10-14T11:00:00+01:00,2.1
1976-10-25T11:00:00+01:00,2.13
1976-11-15T12:00:00+01:00,2.06
1976-11-29T12:00:00+01:00,2.11
1976-12-13T12:00:00+01:00,2.1
1976-12-27T12:00:00+01:00,2.11
1977-01-14T12:00:00+01:00,2.11
1977-01-28T12:00:00+01:00,2.16
1977-02-14T12:00:00+01:00,2.15
1977-02-28T12:00:00+01:00,2.2
1977-03-14T12:00:00+01:00,2.14
1977-03-28T11:00:00+01:00,2.15
1977-04-14T12:00:00+02:00,2.15
1977-04-28T12:00:00+02:00,2.15
1977-05-12T12:00:00+02:00,2.13
1977-05-26T12:00:00+02:00,2.11
1977-06-14T12:00:00+02:00,2.09
1977-06-28T12:00:00+02:00,2.06
1977-08-15T12:00:00+02:00,2.02
1977-08-29T12:00:00+02:00,2.08
1977-09-14T12:00:00+02:00,2.1
1977-09-29T11:00:00+01:00,2.06
1977-10-14T11:00:00+01:00,2.07
1977-10-28T11:00:00+01:00,2.04
1977-11-14T12:00:00+01:00,2.15
1977-11-28T12:00:00+01:00,2.32
1977-12-15T12:00:00+01:00,2.17
1977-12-28T12:00:00+01:00,2.21
1978-01-13T12:00:00+01:00,2.21
1978-01-30T12:00:00+01:00,2.41
1978-02-14T12:00:00+01:00,2.22
1978-02-28T12:00:00+01:00,2.21
1978-03-14T12:00:00+01:00,2.21
1978-03-28T11:00:00+01:00,2.24
1978-04-14T12:00:00+02:00,2.23
1978-04-28T12:00:00+02:00,2.2
1978-05-12T12:00:00+02:00,2.17
1978-05-26T12:00:00+02:00,2.17
1978-06-13T12:00:00+02:00,2.1
1978-06-28T12:00:00+02:00,2.11
1978-07-13T12:00:00+02:00,2.15
1978-07-31T12:00:00+02:00,2.12
1978-08-14T12:00:00+02:00,2.12
1978-08-28T12:00:00+02:00,2.07
1978-09-14T12:00:00+02:00,2.06
1978-09-28T12:00:00+02:00,2.08
1978-10-13T11:00:00+01:00,2.07
1978-10-27T11:00:00+01:00,2.07
1978-11-14T12:00:00+01:00,2.05
1978-11-28T12:00:00+01:00,2.11
1978-12-14T12:00:00+01:00,2.1
1979-01-15T12:00:00+01:00,2.16
1979-02-15T12:00:00+01:00,2.21
1979-02-28T12:00:00+01:00,2.23
1979-03-14T12:00:00+01:00,2.25
1979-03-28T11:00:00+01:00,2.3
1979-04-12T12:00:00+02:00,2.33
1979-04-27T12:00:00+02:00,2.33
1979-05-14T12:00:00+02:00,2.36
1979-05-28T12:00:00+02:00,2.37
1979-06-14T12:00:00+02:00,2.38
1979-06-28T12:00:00+02:00,2.38
1979-07-13T12:00:00+02:00,2.33
1979-07-27T12:00:00+02:00,2.33
1979-08-14T12:00:00+02:00,2.34
1979-09-14T12:00:00+02:00,2.27
1979-09-28T12:00:00+02:00,2.25
1979-10-12T11:00:00+01:00,2.25
1979-10-29T12:00:00+01:00,2.23
1979-11-14T12:00:00+01:00,2.31
1979-11-28T12:00:00+01:00,2.25
1979-12-14T12:00:00+01:00,2.28
1979-12-28T12:00:00+01:00,2.33
1980-01-14T12:00:00+01:00,2.37
1980-01-28T12:00:00+01:00,2.33
1980-02-28T12:00:00+01:00,2.36
1980-03-14T12:00:00+01:00,2.39
1980-03-28T12:00:00+01:00,2.4
1980-04-14T12:00:00+02:00,2.44
1980-04-28T12:00:00+02:00,2.41
1980-05-14T12:00:00+02:00,2.35
1980-05-28T12:00:00+02:00,2.33
1980-06-27T12:00:00+02:00,2.31
1980-07-14T12:00:00+02:00,2.4
1980-07-28T12:00:00+02:00,2.42
1980-08-14T12:00:00+02:00,2.38
1980-08-28T12:00:00+02:00,2.33
1980-09-16T12:00:00+02:00,2.33
1980-09-29T11:00:00+01:00,2.33
1980-10-14T11:00:00+01:00,2.34
1980-10-28T12:00:00+01:00,2.35
1980-11-14T12:00:00+01:00,2.33
1980-11-28T12:00:00+01:00,2.33
1980-12-15T12:00:00+01:00,2.37
1980-12-29T12:00:00+01:00,2.37
1981-01-14T12:00:00+01:00,2.44
1981-01-28T12:00:00+01:00,2.43
1981-02-13T12:00:00+01:00,2.46
1981-02-27T12:00:00+01:00,2.42
1981-03-13T12:00:00+01:00,2.48
1981-03-27T12:00:00+01:00,2.49
1981-04-14T12:00:00+02:00,2.47
1981-04-28T12:00:00+02:00,2.52
1981-05-14T12:00:00+02:00,2.49
1981-05-27T12:00:00+02:00,2.48
1981-06-15T12:00:00+02:00,2.45
1981-06-30T12:00:00+02:00,2.46
1981-07-14T12:00:00+02:00,2.41
1981-07-28T12:00:00+02:00,2.37
1981-08-14T12:00:00+02:00,2.36
1981-08-28T12:00:00+02:00,2.3
1981-09-14T12:00:00+02:00,2.29
1981-09-28T11:00:00+01:00,2.29
1981-10-14T11:00:00+01:00,2.32
1981-10-28T12:00:00+01:00,2.32
1981-11-13T12:00:00+01:00,2.26
1981-11-27T12:00:00+01:00,2.35
1981-12-14T12:00:00+01:00,2.4
1981-12-28T12:00:00+01:00,2.45
1982-01-15T12:00:00+01:00,2.49
1982-01-28T12:00:00+01:00,2.47
1982-02-15T12:00:00+01:00,2.46
1982-03-01T12:00:00+01:00,2.46
1982-03-15T12:00:00+01:00,2.48
1982-03-29T12:00:00+02:00,2.49
1982-04-14T12:00:00+02:00,2.46
1982-04-28T12:00:00+02:00,2.39
1982-05-14T12:00:00+02:00,2.37
1982-05-28T12:00:00+02:00,2.37
1982-06-14T12:00:00+02:00,2.32
1982-06-28T12:00:00+02:00,2.33
1982-07-14T12:00:00+02:00,2.28
1982-07-28T12:00:00+02:00,2.26
1982-08-30T12:00:00+02:00,2.18
1982-09-14T12:00:00+02:00,2.16
1982-09-29T11:00:00+01:00,2.15
1982-10-14T11:00:00+01:00,2.19
1982-10-28T11:00:00+01:00,2.17
1982-11-15T12:00:00+01:00,2.19
1982-11-29T12:00:00+01:00,2.17
1982-12-14T12:00:00+01:00,2.22
1982-12-28T12:00:00+01:00,2.22
1983-01-14T12:00:00+01:00,2.25
1983-01-28T12:00:00+01:00,2.22
1983-02-16T12:00:00+01:00,2.25
1983-02-28T12:00:00+01:00,2.23
1983-03-14T12:00:00+01:00,2.21
1983-03-28T12:00:00+02:00,2.26
1983-04-14T12:00:00+02:00,2.31
1983-04-28T12:00:00+02:00,2.31
1983-05-13T12:00:00+02:00,2.35
1983-05-28T12:00:00+02:00,2.38
1983-06-14T12:00:00+02:00,2.33
1983-06-28T12:00:00+02:00,2.26
1983-07-14T12:00:00+02:00,2.23
1983-07-28T12:00:00+02:00,2.19
1983-08-14T12:00:00+02:00,2.18
1983-08-28T12:00:00+02:00,2.12
1983-09-14T12:00:00+02:00,2.11
1983-09-28T11:00:00+01:00,2.1
1983-10-14T11:00:00+01:00,2.09
1983-10-28T11:00:00+01:00,2.07
1983-11-14T12:00:00+01:00,2.04
1983-11-24T12:00:00+01:00,2.05
1983-12-14T12:00:00+01:00,2.09
1983-12-28T12:00:00+01:00,2.07
1984-01-13T12:00:00+01:00,2.11
1984-01-27T12:00:00+01:00,2.13
1984-02-14T12:00:00+01:00,2.2
1984-02-28T12:00:00+01:00,2.2
1984-03-14T12:00:00+01:00,2.19
1984-03-28T12:00:00+02:00,2.2
1984-04-14T12:00:00+02:00,2.18
1984-04-27T12:00:00+02:00,2.14
1984-05-14T12:00:00+02:00,2.12
1984-05-28T12:00:00+02:00,2.12
1984-06-14T12:00:00+02:00,2.13
1984-06-28T12:00:00+02:00,2.11
1984-07-14T12:00:00+02:00,2.08
1984-07-27T12:00:00+02:00,2.1
1984-08-14T12:00:00+02:00,2.07
1984-08-28T12:00:00+02:00,1.99
1984-09-14T12:00:00+02:00,2.02
1984-09-28T12:00:00+02:00,1.84
1984-10-15T11:00:00+01:00,2.1
1984-10-28T12:00:00+01:00,2.16
1984-11-16T12:00:00+01:00,2.25
1984-11-28T12:00:00+01:00,2.19
1984-12-14T12:00:00+01:00,2.21
1984-12-28T12:00:00+01:00,2.25
1985-01-14T12:00:00+01:00,2.2
1985-01-28T12:00:00+01:00,2.22
1985-02-14T12:00:00+01:00,2.24
1985-02-28T12:00:00+01:00,2.2
1985-03-14T12:00:00+01:00,2.21
1985-03-28T12:00:00+01:00,2.2
1985-04-14T12:00:00+02:00,2.27
1985-04-28T12:00:00+02:00,2.22
1985-05-14T12:00:00+02:00,2.28
1985-05-28T12:00:00+02:00,2.27
1985-06-14T12:00:00+02:00,2.23
1985-06-28T12:00:00+02:00,2.25
1985-07-14T12:00:00+02:00,2.21
1985-07-28T12:00:00+02:00,2.18
1985-08-14T12:00:00+02:00,2.25
1985-08-28T12:00:00+02:00,2.22
1985-09-14T12:00:00+02:00,2.2
1985-09-27T12:00:00+02:00,2.15
1985-10-14T11:00:00+01:00,2.13
1985-10-28T12:00:00+01:00,2.11
1985-11-14T12:00:00+01:00,2.08
1985-11-28T12:00:00+01:00,2.1
1985-12-14T12:00:00+01:00,2.11
1985-12-28T12:00:00+01:00,2.13
1986-01-14T12:00:00+01:00,2.16
1986-01-28T12:00:00+01:00,2.21
1986-02-14T12:00:00+01:00,2.18
1986-02-28T12:00:00+01:00,2.13
1986-03-14T12:00:00+01:00,2.06
1986-03-28T12:00:00+01:00,2.07
1986-04-14T12:00:00+02:00,2.11
1986-04-28T12:00:00+02:00,2.11
1986-05-14T12:00:00+02:00,2.11
1986-05-28T12:00:00+02:00,2.07
1986-06-14T12:00:00+02:00,2.08
1986-06-28T12:00:00+02:00,2.03
1986-07-14T12:00:00+02:00,1.93
1986-07-28T12:00:00+02:00,1.93
1986-08-14T12:00:00+02:00,1.9
1986-08-28T12:00:00+02:00,1.87
1986-09-15T12:00:00+02:00,1.93
1986-09-28T11:00:00+01:00,1.92
1986-10-14T11:00:00+01:00,1.88
1986-10-28T12:00:00+01:00,1.9
1986-11-14T12:00:00+01:00,1.95
1986-11-28T12:00:00+01:00,1.93
1986-12-14T12:00:00+01:00,1.98
1986-12-28T12:00:00+01:00,2.05
1987-01-14T12:00:00+01:00,2.07
1987-01-28T12:00:00+01:00,2.1
1987-02-14T12:00:00+01:00,2.03
1987-02-28T12:00:00+01:00,2.08
1987-03-14T12:00:00+01:00,2.04
1987-03-28T12:00:00+01:00,2.07
1987-04-14T12:00:00+02:00,2.09
1987-04-27T12:00:00+02:00,2.11
1987-05-14T12:00:00+02:00,2.11
1987-05-28T12:00:00+02:00,2.08
1987-06-14T12:00:00+02:00,2.12
1987-06-28T12:00:00+02:00,2.12
1987-07-14T12:00:00+02:00,2.08
1987-07-28T12:00:00+02:00,2.09
1987-08-14T12:00:00+02:00,2.13
1987-08-28T12:00:00+02:00,2.11
1987-09-14T12:00:00+02:00,2.14
1987-09-28T11:00:00+01:00,2.13
1987-10-14T11:00:00+01:00,2.14
1987-10-28T12:00:00+01:00,2.08
1987-11-14T12:00:00+01:00,2.09
1987-11-28T12:00:00+01:00,2.13
1987-12-14T12:00:00+01:00,2.18
1987-12-28T12:00:00+01:00,2.15
1988-01-14T12:00:00+01:00,2.22
1988-01-28T12:00:00+01:00,2.26
1988-02-14T12:00:00+01:00,2.28
1988-02-28T12:00:00+01:00,2.41
1988-03-14T12:00:00+01:00,2.47
1988-03-28T12:00:00+02:00,2.54
1988-04-14T12:00:00+02:00,2.53
1988-04-28T12:00:00+02:00,2.5
1988-05-14T12:00:00+02:00,2.48
1988-05-28T12:00:00+02:00,2.44
1988-06-14T12:00:00+02:00,2.37
1988-06-28T12:00:00+02:00,2.32
1988-07-14T12:00:00+02:00,2.34
1988-07-28T12:00:00+02:00,2.33
1988-08-24T12:00:00+02:00,2.28
1988-09-05T12:00:00+02:00,2.3
1988-09-14T12:00:00+02:00,2.23
1988-09-28T11:00:00+01:00,2.3
1988-10-14T11:00:00+01:00,2.33
1988-10-28T11:00:00+01:00,2.34
1988-11-14T12:00:00+01:00,2.27
1988-11-28T12:00:00+01:00,2.31
1988-12-14T12:00:00+01:00,2.3
1988-12-28T12:00:00+01:00,2.32
1989-01-18T12:00:00+01:00,2.33
1989-01-28T12:00:00+01:00,2.33
1989-02-14T12:00:00+01:00,2.28
1989-02-28T12:00:00+01:00,2.3
1989-03-14T12:00:00+01:00,2.36
1989-03-28T12:00:00+02:00,2.37
1989-04-14T12:00:00+02:00,2.37
1989-04-28T12:00:00+02:00,2.34
1989-05-14T12:00:00+02:00,2.31
1989-05-28T12:00:00+02:00,2.15
1989-06-14T12:00:00+02:00,2.17
1989-06-28T12:00:00+02:00,2.1
1989-07-14T12:00:00+02:00,2.08
1989-07-28T12:00:00+02:00,2.02
1989-08-28T12:00:00+02:00,1.99
1989-09-14T12:00:00+02:00,2.0
1989-09-28T11:00:00+01:00,1.98
1989-10-14T11:00:00+01:00,1.99
1989-10-28T11:00:00+01:00,1.98
1989-11-14T12:00:00+01:00,1.98
1989-11-28T12:00:00+01:00,1.98
1989-12-14T12:00:00+01:00,1.93
1989-12-28T12:00:00+01:00,1.98
1990-01-14T12:00:00+01:00,1.97
1990-01-29T12:00:00+01:00,2.0
1990-02-14T12:00:00+01:00,2.03
1990-02-27T12:00:00+01:00,2.05
1990-03-13T12:00:00+01:00,2.03
1990-03-27T12:00:00+02:00,1.98
1990-04-14T12:00:00+02:00,1.95
1990-04-28T12:00:00+02:00,1.95
1990-05-14T12:00:00+02:00,1.93
1990-05-28T12:00:00+02:00,1.88
1990-06-14T12:00:00+02:00,1.83
1990-06-28T12:00:00+02:00,1.85
1990-07-14T12:00:00+02:00,1.86
1990-07-28T12:00:00+02:00,1.78
1990-08-14T12:00:00+02:00,1.7
1990-08-28T12:00:00+02:00,1.7
1990-09-14T12:00:00+02:00,1.66
1990-09-28T12:00:00+02:00,1.71
1990-10-14T11:00:00+01:00,1.68
1990-10-28T12:00:00+01:00,1.73
1990-11-14T12:00:00+01:00,1.79
1990-11-28T12:00:00+01:00,1.78
1990-12-14T12:00:00+01:00,1.8
1990-12-28T12:00:00+01:00,1.83
1991-01-14T12:00:00+01:00,1.85
1991-01-28T12:00:00+01:00,1.88
1991-02-14T12:00:00+01:00,1.84
1991-02-28T12:00:00+01:00,1.85
1991-03-14T12:00:00+01:00,1.85
1991-03-28T12:00:00+01:00,1.83
1991-04-14T12:00:00+02:00,1.78
1991-04-28T12:00:00+02:00,1.78
1991-05-14T12:00:00+02:00,1.75
1991-05-28T12:00:00+02:00,1.7
1991-06-14T12:00:00+02:00,1.68
1991-06-28T12:00:00+02:00,1.73
1991-07-14T12:00:00+02:00,1.72
1991-07-28T12:00:00+02:00,1.73
1991-08-14T12:00:00+02:00,1.68
1991-08-28T12:00:00+02:00,1.67
1991-09-14T12:00:00+02:00,1.57
1991-09-28T12:00:00+02:00,1.61
1991-10-14T11:00:00+01:00,1.63
1991-10-28T12:00:00+01:00,1.64
1991-11-14T12:00:00+01:00,1.71
1991-11-28T12:00:00+01:00,1.73
1991-12-14T12:00:00+01:00,1.73
1991-12-28T12:00:00+01:00,1.78
1992-01-14T12:00:00+01:00,1.78
1992-01-28T12:00:00+01:00,1.79
1992-02-14T12:00:00+01:00,1.81
1992-02-28T12:00:00+01:00,1.77
1992-03-14T12:00:00+01:00,1.74
1992-03-28T12:00:00+01:00,1.83
1992-04-14T12:00:00+02:00,1.81
1992-04-28T12:00:00+02:00,1.79
1992-05-14T12:00:00+02:00,1.79
1992-05-28T12:00:00+02:00,1.81
1992-06-14T12:00:00+02:00,1.81
1992-06-28T12:00:00+02:00,1.78
1992-07-14T12:00:00+02:00,1.79
1992-07-28T12:00:00+02:00,1.78
1992-08-14T12:00:00+02:00,1.76
1992-08-28T12:00:00+02:00,1.81
1992-09-14T12:00:00+02:00,1.81
1992-09-28T11:00:00+01:00,1.81
1992-10-14T11:00:00+01:00,1.77
1992-10-28T12:00:00+01:00,1.85
1992-11-14T12:00:00+01:00,1.86
1992-11-28T12:00:00+01:00,1.91
1992-12-14T12:00:00+01:00,1.93
1993-01-14T12:00:00+01:00,1.98
1993-01-28T12:00:00+01:00,1.98
1993-02-14T12:00:00+01:00,1.88
1993-02-28T12:00:00+01:00,2.01
1993-03-14T12:00:00+01:00,1.99
1993-03-28T12:00:00+02:00,1.97
1993-04-14T12:00:00+02:00,1.96
1993-04-28T12:00:00+02:00,1.95
1993-05-14T12:00:00+02:00,1.91
1993-05-28T12:00:00+02:00,1.87
1993-06-14T12:00:00+02:00,1.81
1993-06-28T12:00:00+02:00,1.78
1993-07-14T12:00:00+02:00,1.77
1993-07-28T12:00:00+02:00,1.79
1993-08-14T12:00:00+02:00,1.88
1993-08-28T12:00:00+02:00,1.83
1993-09-14T12:00:00+02:00,1.83
1993-09-28T11:00:00+01:00,1.88
1993-10-14T11:00:00+01:00,1.88
1993-10-28T11:00:00+01:00,1.93
1993-11-14T12:00:00+01:00,1.91
1993-11-28T12:00:00+01:00,1.93
1993-12-14T12:00:00+01:00,1.97
1993-12-28T12:00:00+01:00,2.05
1994-01-14T12:00:00+01:00,2.04
1994-01-28T12:00:00+01:00,2.1
1994-02-14T12:00:00+01:00,2.11
1994-02-28T12:00:00+01:00,2.11
1994-03-14T12:00:00+01:00,2.16
1994-03-28T12:00:00+02:00,2.18
1994-04-14T12:00:00+02:00,2.23
1994-04-28T12:00:00+02:00,2.16
1994-05-14T12:00:00+02:00,2.22
1994-05-28T12:00:00+02:00,2.23
1994-06-14T12:00:00+02:00,2.23
1994-06-28T12:00:00+02:00,2.13
1994-07-14T12:00:00+02:00,2.11
1994-07-28T12:00:00+02:00,2.04
1994-08-14T12:00:00+02:00,1.97
1994-08-28T12:00:00+02:00,1.95
1994-09-14T12:00:00+02:00,1.97
1994-09-28T11:00:00+01:00,2.01
1994-10-14T11:00:00+01:00,2.0
1994-10-28T11:00:00+01:00,2.04
1994-11-14T12:00:00+01:00,2.03
1994-11-28T12:00:00+01:00,2.03
1994-12-14T12:00:00+01:00,2.05
1994-12-29T12:00:00+01:00,2.09
1995-01-12T12:00:00+01:00,2.11
1995-01-14T12:00:00+01:00,2.3
1995-01-28T12:00:00+01:00,2.24
1995-02-14T12:00:00+01:00,2.33
1995-02-28T12:00:00+01:00,2.33
1995-03-14T12:00:00+01:00,2.33
1995-03-28T12:00:00+02:00,2.38
1995-04-14T12:00:00+02:00,2.33
1995-04-28T12:00:00+02:00,2.33
1995-05-14T12:00:00+02:00,2.28
1995-05-28T12:00:00+02:00,2.23
1995-06-14T12:00:00+02:00,2.28
1995-07-28T12:00:00+02:00,2.12
1995-08-14T12:00:00+02:00,2.01
1995-08-28T12:00:00+02:00,1.89
1995-09-14T12:00:00+02:00,1.98
1995-09-28T11:00:00+01:00,2.01
1995-10-14T11:00:00+01:00,2.01
1995-10-28T11:00:00+01:00,1.98
1995-11-14T12:00:00+01:00,1.98
1995-11-28T12:00:00+01:00,1.97
1995-12-28T12:00:00+01:00,1.97
1996-01-14T12:00:00+01:00,1.93
1996-01-28T12:00:00+01:00,1.93
1996-02-14T12:00:00+01:00,1.78
1996-02-28T12:00:00+01:00,1.93
1996-03-14T12:00:00+01:00,1.91
1996-03-28T12:00:00+01:00,1.91
1996-04-14T12:00:00+02:00,1.88
1996-04-28T12:00:00+02:00,1.83
1996-05-14T12:00:00+02:00,1.83
1996-05-28T12:00:00+02:00,1.83
1996-06-14T12:00:00+02:00,1.78
1996-06-28T12:00:00+02:00,1.71
1996-07-14T12:00:00+02:00,1.69
1996-08-14T12:00:00+02:00,1.61
1996-08-28T12:00:00+02:00,1.63
1996-09-14T12:00:00+02:00,1.62
1996-10-14T12:00:00+02:00,1.61
1996-10-28T12:00:00+01:00,1.58
1996-11-14T12:00:00+01:00,1.65
1996-11-28T12:00:00+01:00,1.68
1996-12-14T12:00:00+01:00,1.78
1996-12-28T12:00:00+01:00,1.77
1997-01-14T12:00:00+01:00,1.75
1997-01-28T12:00:00+01:00,1.72
1997-02-14T12:00:00+01:00,1.75
1997-02-28T12:00:00+01:00,1.76
1997-03-14T12:00:00+01:00,1.75
1997-03-28T12:00:00+01:00,1.73
1997-04-14T12:00:00+02:00,1.71
1997-04-28T12:00:00+02:00,1.63
1997-05-14T12:00:00+02:00,1.69
1997-05-28T12:00:00+02:00,1.68
1997-06-14T12:00:00+02:00,1.63
1997-06-28T12:00:00+02:00,1.66
1997-07-14T12:00:00+02:00,1.66
1997-07-28T12:00:00+02:00,1.66
1997-08-14T12:00:00+02:00,1.61
1997-08-28T12:00:00+02:00,1.55
1997-09-14T12:00:00+02:00,1.55
1997-09-28T12:00:00+02:00,1.52
1997-10-14T12:00:00+02:00,1.54
1997-11-14T12:00:00+01:00,1.57
1997-11-28T12:00:00+01:00,1.57
1997-12-14T12:00:00+01:00,1.6
1997-12-28T12:00:00+01:00,1.65
1998-01-14T12:00:00+01:00,1.69
1998-01-28T12:00:00+01:00,1.71
1998-02-14T12:00:00+01:00,1.71
1998-02-28T12:00:00+01:00,1.72
1998-03-14T12:00:00+01:00,1.77
1998-04-28T12:00:00+02:00,1.81
1998-05-14T12:00:00+02:00,1.79
1998-05-28T12:00:00+02:00,1.77
1998-06-14T12:00:00+02:00,1.81
1998-07-14T12:00:00+02:00,1.82
1998-09-14T12:00:00+02:00,1.85
1998-09-28T12:00:00+02:00,1.93
1998-10-14T12:00:00+02:00,2.01
1998-10-28T12:00:00+01:00,2.0
1998-11-14T12:00:00+01:00,2.13
1998-11-28T12:00:00+01:00,2.19
1998-12-14T12:00:00+01:00,2.27
1998-12-28T12:00:00+01:00,2.33
1999-01-14T12:00:00+01:00,2.37
1999-01-28T12:00:00+01:00,2.42
1999-02-14T12:00:00+01:00,2.43
1999-02-28T12:00:00+01:00,2.51
1999-03-28T12:00:00+02:00,2.53
1999-04-14T12:00:00+02:00,2.57
1999-04-28T12:00:00+02:00,2.52
1999-05-14T12:00:00+02:00,2.51
1999-05-28T12:00:00+02:00,2.46
1999-06-14T12:00:00+02:00,2.11
1999-06-28T12:00:00+02:00,2.37
1999-07-14T12:00:00+02:00,2.35
1999-07-29T12:00:00+02:00,2.25
1999-08-14T12:00:00+02:00,2.22
1999-08-31T12:00:00+02:00,2.15
1999-09-15T12:00:00+02:00,2.02
1999-09-30T12:00:00+02:00,1.98
1999-10-15T12:00:00+02:00,2.05
1999-10-29T12:00:00+02:00,2.06
1999-11-28T12:00:00+01:00,2.12
1999-12-14T12:00:00+01:00,2.15
1999-12-28T12:00:00+01:00,2.22
2000-01-14T12:00:00+01:00,2.22
2000-01-28T12:00:00+01:00,2.21
2000-02-14T12:00:00+01:00,2.24
2000-02-28T12:00:00+01:00,2.23
2000-03-14T12:00:00+01:00,2.28
2000-03-28T12:00:00+02:00,2.28
2000-04-14T12:00:00+02:00,2.28
2000-04-28T12:00:00+02:00,2.23
2000-05-14T12:00:00+02:00,2.21
2000-05-28T12:00:00+02:00,2.15
2000-06-14T12:00:00+02:00,2.23
2000-06-28T12:00:00+02:00,2.15
2000-07-14T12:00:00+02:00,2.18
2000-07-28T12:00:00+02:00,2.19
2000-08-14T12:00:00+02:00,2.13
2000-08-28T12:00:00+02:00,2.13
2000-09-28T12:00:00+02:00,2.13
2000-10-14T12:00:00+02:00,2.17
2000-10-28T12:00:00+02:00,2.18
2000-11-14T12:00:00+01:00,2.25
2000-12-14T12:00:00+01:00,2.27
2000-12-28T12:00:00+01:00,2.38
2001-01-14T12:00:00+01:00,2.33
2001-01-28T12:00:00+01:00,2.32
2001-02-14T12:00:00+01:00,2.36
2001-02-28T12:00:00+01:00,2.4
2001-03-14T12:00:00+01:00,2.38
2001-04-14T12:00:00+02:00,2.42
2001-04-28T12:00:00+02:00,2.44
2001-05-14T12:00:00+02:00,2.45
2001-05-28T12:00:00+02:00,2.37
2001-06-14T12:00:00+02:00,2.35
2001-06-28T12:00:00+02:00,2.28
2001-07-14T12:00:00+02:00,2.21
2001-07-28T12:00:00+02:00,2.25
2001-08-14T12:00:00+02:00,2.23
2001-08-28T12:00:00+02:00,2.2
2001-09-14T12:00:00+02:00,2.23
2001-09-28T12:00:00+02:00,2.3
2001-10-14T12:00:00+02:00,2.3
2002-01-14T12:00:00+01:00,2.41
2002-01-28T12:00:00+01:00,2.45
2002-02-14T12:00:00+01:00,2.48
2002-02-28T12:00:00+01:00,2.58
2002-03-14T12:00:00+01:00,2.56
2002-03-28T12:00:00+01:00,2.57
2002-04-14T12:00:00+02:00,2.56
2002-04-28T12:00:00+02:00,2.5
2002-05-14T12:00:00+02:00,2.48
2002-07-14T12:00:00+02:00,2.44
2002-08-14T12:00:00+02:00,2.4
2002-08-28T12:00:00+02:00,2.43
2002-09-14T12:00:00+02:00,2.36
2002-09-28T12:00:00+02:00,2.35
2002-10-14T12:00:00+02:00,2.33
2002-10-28T12:00:00+01:00,2.38
2002-11-14T12:00:00+01:00,2.43
2002-11-28T12:00:00+01:00,2.39
2002-12-14T12:00:00+01:00,2.39
2002-12-28T12:00:00+01:00,2.42
2003-01-14T12:00:00+01:00,2.51
2003-01-28T12:00:00+01:00,2.53
2003-02-14T12:00:00+01:00,2.42
2003-02-28T12:00:00+01:00,2.54
2003-03-14T12:00:00+01:00,2.48
2003-03-28T12:00:00+01:00,2.45
2003-04-14T12:00:00+02:00,2.45
2003-04-28T12:00:00+02:00,2.42
2003-05-14T12:00:00+02:00,2.38
2003-05-26T12:00:00+02:00,2.36
2003-06-14T12:00:00+02:00,2.28
2003-06-28T12:00:00+02:00,2.23
2003-07-14T12:00:00+02:00,2.18
2003-07-28T12:00:00+02:00,2.08
2003-08-14T12:00:00+02:00,2.06
2003-08-28T12:00:00+02:00,2.02
2003-09-14T12:00:00+02:00,2.01
2003-09-28T12:00:00+02:00,2.0
2003-10-14T12:00:00+02:00,2.0
2003-10-28T12:00:00+01:00,2.02
2003-11-14T12:00:00+01:00,1.99
2003-11-28T12:00:00+01:00,2.15
2003-12-28T12:00:00+01:00,2.01
2004-01-14T12:00:00+01:00,1.93
2004-01-28T12:00:00+01:00,1.93
2004-02-14T12:00:00+01:00,2.15
2004-02-28T12:00:00+01:00,2.17
2004-03-14T12:00:00+01:00,2.18
2004-03-28T12:00:00+02:00,2.13
2004-04-14T12:00:00+02:00,2.11
2004-04-28T12:00:00+02:00,2.07
2004-05-14T12:00:00+02:00,2.07
2004-05-28T12:00:00+02:00,1.98
2004-06-14T12:00:00+02:00,1.98
2004-06-28T12:00:00+02:00,1.93
2004-07-14T12:00:00+02:00,1.89
2004-07-28T12:00:00+02:00,1.85
2004-08-14T12:00:00+02:00,1.88
2004-08-28T12:00:00+02:00,1.91
2004-09-14T12:00:00+02:00,1.88
2004-09-28T12:00:00+02:00,1.86
2004-10-14T12:00:00+02:00,1.88
2004-10-28T12:00:00+02:00,1.88
2004-11-14T12:00:00+01:00,1.89
2004-11-28T12:00:00+01:00,1.93
2004-12-14T12:00:00+01:00,1.91
2004-12-28T12:00:00+01:00,1.91
2005-01-14T12:00:00+01:00,1.93
2005-02-14T12:00:00+01:00,1.99
2005-02-28T12:00:00+01:00,2.03
2005-03-14T12:00:00+01:00,2.03
2005-03-28T12:00:00+02:00,2.04
2005-04-14T12:00:00+02:00,2.08
2005-04-28T12:00:00+02:00,2.01
2005-05-14T12:00:00+02:00,2.02
2005-05-30T12:00:00+02:00,1.96
2005-06-13T12:00:00+02:00,1.94
2005-06-28T12:00:00+02:00,1.87
2005-08-01T12:00:00+02:00,1.88
2005-08-28T12:00:00+02:00,1.85
2005-09-14T12:00:00+02:00,1.83
2005-10-14T12:00:00+02:00,1.83
2005-10-28T12:00:00+02:00,1.93
2005-11-14T12:00:00+01:00,1.84
2005-11-29T12:00:00+01:00,1.86
2005-12-15T12:00:00+01:00,1.88
2005-12-27T12:00:00+01:00,1.93
2006-01-13T12:00:00+01:00,1.93
2006-01-30T12:00:00+01:00,1.91
2006-02-14T12:00:00+01:00,2.0
2006-02-15T12:00:00+01:00,1.93
2006-03-28T12:00:00+02:00,2.03
2006-04-14T12:00:00+02:00,1.98
2006-04-28T12:00:00+02:00,1.96
2006-05-17T12:00:00+02:00,1.92
2006-05-28T12:00:00+02:00,1.95
2006-06-14T12:00:00+02:00,1.93
2006-06-28T12:00:00+02:00,1.9
2006-07-18T12:00:00+02:00,1.79
2006-08-14T12:00:00+02:00,1.8
2006-08-28T12:00:00+02:00,1.81
2006-09-14T12:00:00+02:00,1.78
2006-09-28T12:00:00+02:00,1.8
2006-10-14T12:00:00+02:00,1.79
2006-10-28T12:00:00+02:00,1.78
2006-11-14T12:00:00+01:00,1.81
2006-11-28T12:00:00+01:00,1.82
2006-12-11T12:00:00+01:00,1.87
2007-01-05T12:00:00+01:00,1.93
2007-01-18T12:00:00+01:00,1.97
2007-01-29T12:00:00+01:00,1.95
2007-02-14T12:00:00+01:00,2.01
2007-03-01T12:00:00+01:00,2.03
2007-03-12T12:00:00+01:00,2.02
2007-03-26T12:00:00+02:00,2.03
2007-04-16T12:00:00+02:00,1.98
2007-06-27T12:00:00+02:00,1.97
2007-07-12T12:00:00+02:00,2.0
2007-07-26T12:00:00+02:00,1.97
2007-08-14T12:00:00+02:00,2.04
2007-08-30T12:00:00+02:00,2.01
2007-09-12T12:00:00+02:00,1.96
2007-09-26T12:00:00+02:00,1.97
2007-11-14T12:00:00+01:00,1.98
2007-11-28T12:00:00+01:00,1.99
2007-12-13T12:00:00+01:00,2.03
2007-12-27T12:00:00+01:00,2.04
2008-01-15T12:00:00+01:00,2.08
2008-01-28T12:00:00+01:00,2.05
2008-02-14T12:00:00+01:00,2.06
2008-02-29T12:00:00+01:00,2.07
2008-03-14T12:00:00+01:00,2.07
2008-04-01T12:00:00+02:00,2.13
2008-04-14T12:00:00+02:00,2.13
2008-04-28T12:00:00+02:00,2.12
2008-05-15T12:00:00+02:00,2.05
2008-05-27T12:00:00+02:00,2.04
2008-06-16T12:00:00+02:00,2.04
2008-07-14T12:00:00+02:00,1.95
2008-07-28T12:00:00+02:00,1.96
2008-08-28T12:00:00+02:00,1.99
2008-09-15T12:00:00+02:00,1.95
2008-10-13T12:00:00+02:00,1.93
2008-10-27T12:00:00+01:00,1.93
2008-11-27T12:00:00+01:00,1.9
2008-12-15T12:00:00+01:00,1.95
2008-12-30T12:00:00+01:00,1.97
2009-01-14T12:00:00+01:00,1.97
2009-01-28T12:00:00+01:00,1.98
2009-02-13T12:00:00+01:00,2.02
2009-03-02T12:00:00+01:00,2.08
2009-03-17T12:00:00+01:00,2.06
2009-03-30T12:00:00+02:00,2.05
2009-04-14T12:00:00+02:00,2.06
2009-04-28T12:00:00+02:00,2.04
2009-05-14T12:00:00+02:00,1.99
2009-05-28T12:00:00+02:00,1.98
2009-06-16T12:00:00+02:00,1.93
2009-06-30T12:00:00+02:00,1.91
2009-07-13T12:00:00+02:00,1.92
2009-07-28T12:00:00+02:00,1.93
2009-08-28T12:00:00+02:00,1.84
2009-09-14T12:00:00+02:00,1.8
2009-09-29T12:00:00+02:00,1.77
2009-10-13T12:00:00+02:00,1.79
2009-10-28T12:00:00+01:00,1.77
2009-11-16T12:00:00+01:00,1.8
2009-12-01T12:00:00+01:00,1.84
2009-12-14T12:00:00+01:00,1.93
2009-12-28T12:00:00+01:00,1.97
2010-01-13T12:00:00+01:00,1.99
2010-01-28T12:00:00+01:00,2.0
2010-02-15T12:00:00+01:00,2.03
2010-03-01T12:00:00+01:00,2.02
2010-03-15T12:00:00+01:00,2.02
2010-03-29T12:00:00+02:00,2.05
2010-04-13T12:00:00+02:00,2.01
2010-04-27T12:00:00+02:00,1.97
2010-05-12T12:00:00+02:00,2.01
2010-05-27T12:00:00+02:00,2.0
2010-06-15T08:30:00+02:00,1.93
2010-06-28T12:00:00+02:00,1.86
2010-07-13T12:00:00+02:00,1.82
2010-08-30T12:00:00+02:00,1.86
2010-09-13T12:00:00+02:00,1.89
2010-09-27T12:00:00+02:00,1.93
2010-10-12T12:00:00+02:00,1.94
2010-10-28T12:00:00+02:00,1.99
2010-11-15T12:00:00+01:00,2.04
2010-11-29T12:00:00+01:00,2.07
2010-12-13T12:00:00+01:00,2.07
2010-12-28T12:00:00+01:00,2.1
2011-01-13T12:00:00+01:00,2.17
2011-01-27T12:00:00+01:00,2.18
2011-02-14T12:00:00+01:00,2.21
2011-02-28T12:00:00+01:00,2.21
2011-03-14T12:00:00+01:00,2.22
2011-03-28T12:00:00+02:00,2.22
2011-04-14T12:00:00+02:00,2.18
2011-04-27T12:00:00+02:00,2.13
2011-05-16T12:00:00+02:00,2.07
2011-05-30T12:00:00+02:00,2.04
2011-06-15T12:00:00+02:00,2.02
2011-06-27T12:00:00+02:00,2.03
2011-07-13T12:00:00+02:00,2.03
2011-08-15T12:00:00+02:00,2.08
2011-08-29T12:00:00+02:00,2.08
2011-09-12T12:00:00+02:00,2.11
2011-09-27T12:00:00+02:00,2.08
2011-10-13T12:00:00+02:00,2.1
2011-10-27T12:00:00+02:00,2.1
2011-11-14T12:00:00+01:00,2.06
2011-11-28T12:00:00+01:00,2.05
2011-12-13T12:00:00+01:00,2.13
2011-12-27T12:00:00+01:00,2.18
2012-01-13T12:00:00+01:00,2.22
2012-01-30T12:00:00+01:00,2.25
2012-02-13T12:00:00+01:00,2.23
2012-02-27T12:00:00+01:00,2.23
2012-03-13T12:00:00+01:00,2.25
2012-03-27T12:00:00+02:00,2.21
2012-04-16T12:00:00+02:00,2.2
2012-05-01T12:00:00+02:00,2.22
2012-05-14T12:00:00+02:00,2.28
2012-05-29T12:00:00+02:00,2.23
2012-06-14T12:00:00+02:00,2.25
2012-06-27T12:00:00+02:00,2.21
2012-07-16T12:00:00+02:00,2.28
2012-08-14T12:00:00+02:00,2.26
2012-08-28T12:00:00+02:00,2.21
2012-09-13T12:00:00+02:00,2.2
2012-09-27T12:00:00+02:00,2.25
2012-10-02T12:00:00+02:00,2.25
2012-10-15T12:00:00+02:00,2.32
2012-10-29T12:00:00+01:00,2.32
2012-11-14T12:00:00+01:00,2.29
2012-11-28T12:00:00+01:00,2.32
2012-12-13T12:00:00+01:00,2.35
2012-12-27T12:00:00+01:00,2.38
2013-01-14T12:00:00+01:00,2.41
2013-01-28T12:00:00+01:00,2.43
2013-02-13T12:00:00+01:00,2.46
2013-02-28T12:00:00+01:00,2.46
2013-03-14T12:00:00+01:00,2.48
2013-03-27T12:00:00+01:00,2.49
2013-04-15T12:00:00+02:00,2.43
2013-05-14T12:00:00+02:00,2.41
2013-06-27T12:00:00+02:00,2.37
2013-07-29T12:00:00+02:00,2.28
2013-08-14T12:00:00+02:00,2.27
2013-08-29T12:00:00+02:00,2.28
2013-09-30T12:00:00+02:00,2.26
2013-10-14T12:00:00+02:00,2.31
2013-10-28T12:00:00+01:00,2.32
2013-11-14T12:00:00+01:00,2.36
2013-11-27T12:00:00+01:00,2.38
2013-12-13T12:00:00+01:00,2.38
2013-12-30T12:00:00+01:00,2.41
2014-01-14T12:00:00+01:00,2.45
2014-05-26T12:00:00+02:00,2.33
2014-07-14T12:00:00+02:00,2.23
2014-07-28T12:00:00+02:00,2.23
2014-08-27T12:00:00+02:00,2.23
2014-09-15T12:00:00+02:00,2.25
2014-11-15T18:00:00+01:00,2.26
2014-11-16T06:00:00+01:00,2.27
2014-11-16T18:00:00+01:00,2.27
2014-11-17T06:00:00+01:00,2.27
2014-11-17T18:00:00+01:00,2.26
2014-11-18T06:00:00+01:00,2.26
2014-11-18T18:00:00+01:00,2.25
2014-11-19T06:00:00+01:00,2.25
2014-11-19T18:00:00+01:00,2.24
2014-11-20T06:00:00+01:00,2.24
2014-11-20T18:00:00+01:00,2.24
2014-11-21T06:00:00+01:00,2.25
2014-11-21T18:00:00+01:00,2.26
2014-11-22T06:00:00+01:00,2.26
2014-11-22T18:00:00+01:00,2.26
2014-11-23T06:00:00+01:00,2.26
2014-11-23T18:00:00+01:00,2.26
2014-11-24T06:00:00+01:00,2.24
2014-11-24T18:00:00+01:00,2.24
2014-11-25T06:00:00+01:00,2.24
2014-11-25T18:00:00+01:00,2.26
2014-11-26T06:00:00+01:00,2.26
2014-11-26T18:00:00+01:00,2.27
2014-11-27T06:00:00+01:00,2.27
2014-11-27T18:00:00+01:00,2.27
2014-11-28T06:00:00+01:00,2.27
2014-11-28T18:00:00+01:00,2.26
2014-11-29T06:00:00+01:00,2.25
2014-11-29T18:00:00+01:00,2.25
2014-11-30T06:00:00+01:00,2.26
2014-11-30T18:00:00+01:00,2.26
2014-12-01T06:00:00+01:00,2.26
2014-12-01T18:00:00+01:00,2.26
2014-12-02T06:00:00+01:00,2.25
2014-12-02T18:00:00+01:00,2.24
2014-12-03T06:00:00+01:00,2.24
2014-12-03T18:00:00+01:00,2.24
2014-12-04T06:00:00+01:00,2.25
2014-12-04T18:00:00+01:00,2.25
2014-12-05T06:00:00+01:00,2.25
2014-12-05T18:00:00+01:00,2.25
2014-12-06T06:00:00+01:00,2.24
2014-12-06T18:00:00+01:00,2.24
2014-12-07T06:00:00+01:00,2.25
2014-12-07T18:00:00+01:00,2.26
2014-12-08T06:00:00+01:00,2.25
2014-12-08T18:00:00+01:00,2.25
2014-12-09T06:00:00+01:00,2.24
2014-12-09T18:00:00+01:00,2.25
2014-12-10T06:00:00+01:00,2.28
2014-12-10T18:00:00+01:00,2.26
2014-12-11T06:00:00+01:00,2.28
2014-12-11T18:00:00+01:00,2.27
2014-12-12T06:00:00+01:00,2.31
2014-12-12T18:00:00+01:00,2.29
2014-12-13T06:00:00+01:00,2.28
2014-12-13T18:00:00+01:00,2.26
2014-12-14T06:00:00+01:00,2.27
2014-12-14T18:00:00+01:00,2.27
2014-12-15T06:00:00+01:00,2.29
2014-12-15T18:00:00+01:00,2.27
2014-12-16T06:00:00+01:00,2.28
2014-12-16T18:00:00+01:00,2.27
2014-12-17T06:00:00+01:00,2.31
2014-12-17T18:00:00+01:00,2.28
2014-12-18T06:00:00+01:00,2.28
2014-12-18T18:00:00+01:00,2.28
2014-12-19T06:00:00+01:00,2.29
2014-12-19T18:00:00+01:00,2.27
2014-12-20T06:00:00+01:00,2.28
2014-12-20T18:00:00+01:00,2.26
2014-12-21T06:00:00+01:00,2.27
2014-12-21T18:00:00+01:00,2.28
2014-12-22T06:00:00+01:00,2.29
2014-12-22T18:00:00+01:00,2.29
2014-12-23T06:00:00+01:00,2.29
2014-12-23T18:00:00+01:00,2.29
2014-12-24T06:00:00+01:00,2.3
2014-12-24T18:00:00+01:00,2.28
2014-12-25T06:00:00+01:00,2.28
2014-12-25T18:00:00+01:00,2.27
2014-12-26T06:00:00+01:00,2.27
2014-12-26T18:00:00+01:00,2.29
2014-12-27T06:00:00+01:00,2.37
2014-12-27T18:00:00+01:00,2.31
2014-12-28T06:00:00+01:00,2.28
2014-12-28T18:00:00+01:00,2.27
2014-12-29T06:00:00+01:00,2.29
2014-12-29T18:00:00+01:00,2.28
2014-12-30T06:00:00+01:00,2.29
2014-12-30T12:00:00+01:00,2.27
2014-12-30T18:00:00+01:00,2.3
2014-12-31T06:00:00+01:00,2.3
2014-12-31T18:00:00+01:00,2.31
2015-01-01T06:00:00+01:00,2.3
2015-01-01T18:00:00+01:00,2.33
2015-01-02T06:00:00+01:00,2.34
2015-01-02T18:00:00+01:00,2.31
2015-01-03T06:00:00+01:00,2.34
2015-01-03T18:00:00+01:00,2.35
2015-01-04T06:00:00+01:00,2.32
2015-01-04T18:00:00+01:00,2.32
2015-01-05T06:00:00+01:00,2.33
2015-01-05T18:00:00+01:00,2.34
2015-01-06T06:00:00+01:00,2.35
2015-01-06T18:00:00+01:00,2.35
2015-01-07T06:00:00+01:00,2.33
2015-01-07T18:00:00+01:00,2.34
2015-01-08T06:00:00+01:00,2.35
2015-01-08T18:00:00+01:00,2.34
2015-01-09T06:00:00+01:00,2.37
2015-01-09T18:00:00+01:00,2.37
2015-01-10T06:00:00+01:00,2.38
2015-01-10T18:00:00+01:00,2.36
2015-01-11T06:00:00+01:00,2.37
2015-01-11T18:00:00+01:00,2.36
2015-01-12T06:00:00+01:00,2.38
2015-01-12T18:00:00+01:00,2.39
2015-01-13T06:00:00+01:00,2.4
2015-01-13T18:00:00+01:00,2.38
2015-01-14T06:00:00+01:00,2.39
2015-01-14T18:00:00+01:00,2.37
2015-01-15T06:00:00+01:00,2.43
2015-01-15T18:00:00+01:00,2.4
2015-01-16T06:00:00+01:00,2.39
2015-01-16T18:00:00+01:00,2.4
2015-01-17T06:00:00+01:00,2.38
2015-01-17T18:00:00+01:00,2.39
2015-01-18T06:00:00+01:00,2.4
2015-01-18T18:00:00+01:00,2.4
2015-01-19T06:00:00+01:00,2.4
2015-01-19T18:00:00+01:00,2.41
2015-01-20T06:00:00+01:00,2.41
2015-01-20T18:00:00+01:00,2.41
2015-01-21T06:00:00+01:00,2.41
2015-01-21T18:00:00+01:00,2.4
2015-01-22T06:00:00+01:00,2.4
2015-01-22T18:00:00+01:00,2.39
2015-01-23T06:00:00+01:00,2.39
2015-01-23T18:00:00+01:00,2.39
2015-01-24T06:00:00+01:00,2.42
2015-01-24T18:00:00+01:00,2.39
2015-01-25T06:00:00+01:00,2.39
2015-01-25T18:00:00+01:00,2.4
2015-01-26T06:00:00+01:00,2.42
2015-01-26T18:00:00+01:00,2.41
2015-01-27T06:00:00+01:00,2.41
2015-01-27T18:00:00+01:00,2.41
2015-01-28T06:00:00+01:00,2.44
2015-01-28T18:00:00+01:00,2.45
2015-01-29T06:00:00+01:00,2.46
2015-01-29T18:00:00+01:00,2.49
2015-01-30T06:00:00+01:00,2.46
2015-01-30T18:00:00+01:00,2.46
2015-01-31T06:00:00+01:00,2.46
2015-01-31T18:00:00+01:00,2.44
2015-02-01T06:00:00+01:00,2.45
2015-02-01T18:00:00+01:00,2.43
2015-02-02T06:00:00+01:00,2.43
2015-02-02T18:00:00+01:00,2.44
2015-02-03T06:00:00+01:00,2.44
2015-02-03T18:00:00+01:00,2.43
2015-02-04T06:00:00+01:00,2.43
2015-02-04T18:00:00+01:00,2.42
2015-02-05T06:00:00+01:00,2.43
2015-02-05T18:00:00+01:00,2.42
2015-02-06T06:00:00+01:00,2.42
2015-02-06T18:00:00+01:00,2.42
2015-02-07T06:00:00+01:00,2.42
2015-02-07T18:00:00+01:00,2.42
2015-02-08T06:00:00+01:00,2.43
2015-02-08T18:00:00+01:00,2.42
2015-02-09T06:00:00+01:00,2.43
2015-02-09T18:00:00+01:00,2.43
2015-02-10T06:00:00+01:00,2.43
2015-02-10T18:00:00+01:00,2.44
2015-02-11T06:00:00+01:00,2.44
2015-02-11T18:00:00+01:00,2.45
2015-02-12T06:00:00+01:00,2.45
2015-02-12T18:00:00+01:00,2.45
2015-02-13T06:00:00+01:00,2.46
2015-02-13T18:00:00+01:00,2.47
2015-02-14T06:00:00+01:00,2.47
2015-02-14T18:00:00+01:00,2.46
2015-02-15T06:00:00+01:00,2.45
2015-02-15T18:00:00+01:00,2.44
2015-02-16T06:00:00+01:00,2.44
2015-02-16T18:00:00+01:00,2.44
2015-02-17T06:00:00+01:00,2.42
2015-02-17T18:00:00+01:00,2.4
2015-02-18T06:00:00+01:00,2.41
2015-02-18T18:00:00+01:00,2.43
2015-02-19T06:00:00+01:00,2.44
2015-02-19T18:00:00+01:00,2.45
2015-02-20T06:00:00+01:00,2.47
2015-02-20T18:00:00+01:00,2.48
2015-02-21T06:00:00+01:00,2.48
2015-02-21T18:00:00+01:00,2.46
2015-02-22T06:00:00+01:00,2.45
2015-02-22T18:00:00+01:00,2.48
2015-02-23T06:00:00+01:00,2.49
2015-02-23T18:00:00+01:00,2.48
2015-02-24T06:00:00+01:00,2.47
2015-02-24T18:00:00+01:00,2.45
2015-02-25T06:00:00+01:00,2.45
2015-02-25T18:00:00+01:00,2.45
2015-02-26T06:00:00+01:00,2.46
2015-02-26T18:00:00+01:00,2.48
2015-02-27T06:00:00+01:00,2.46
2015-02-27T18:00:00+01:00,2.46
2015-02-28T06:00:00+01:00,2.47
2015-02-28T18:00:00+01:00,2.49
2015-03-01T06:00:00+01:00,2.5
2015-03-01T18:00:00+01:00,2.49
2015-03-02T06:00:00+01:00,2.48
2015-03-02T18:00:00+01:00,2.46
2015-03-03T06:00:00+01:00,2.46
2015-03-03T18:00:00+01:00,2.47
2015-03-04T06:00:00+01:00,2.46
2015-03-04T18:00:00+01:00,2.44
2015-03-05T06:00:00+01:00,2.44
2015-03-05T18:00:00+01:00,2.44
2015-03-06T06:00:00+01:00,2.45
2015-03-06T18:00:00+01:00,2.45
2015-03-07T06:00:00+01:00,2.47
2015-03-07T18:00:00+01:00,2.47
2015-03-08T06:00:00+01:00,2.48
2015-03-08T18:00:00+01:00,2.47
2015-03-09T06:00:00+01:00,2.46
2015-03-09T18:00:00+01:00,2.47
2015-03-10T06:00:00+01:00,2.46
2015-03-10T18:00:00+01:00,2.45
2015-03-11T06:00:00+01:00,2.45
2015-03-11T18:00:00+01:00,2.46
2015-03-12T06:00:00+01:00,2.46
2015-03-12T18:00:00+01:00,2.47
2015-03-13T06:00:00+01:00,2.47
2015-03-13T18:00:00+01:00,2.46
2015-03-14T06:00:00+01:00,2.45
2015-03-14T18:00:00+01:00,2.46
2015-03-15T06:00:00+01:00,2.46
2015-03-15T18:00:00+01:00,2.46
2015-03-16T06:00:00+01:00,2.46
2015-03-16T18:00:00+01:00,2.46
2015-03-17T06:00:00+01:00,2.46
2015-03-17T18:00:00+01:00,2.46
2015-03-18T06:00:00+01:00,2.45
2015-03-18T18:00:00+01:00,2.45
2015-03-19T06:00:00+01:00,2.45
2015-03-19T18:00:00+01:00,2.46
2015-03-20T06:00:00+01:00,2.46
2015-03-20T18:00:00+01:00,2.47
2015-03-21T06:00:00+01:00,2.47
2015-03-21T18:00:00+01:00,2.46
2015-03-22T06:00:00+01:00,2.45
2015-03-22T18:00:00+01:00,2.46
2015-03-23T06:00:00+01:00,2.47
2015-03-23T18:00:00+01:00,2.47
2015-03-24T06:00:00+01:00,2.48
2015-03-24T18:00:00+01:00,2.47
2015-03-25T06:00:00+01:00,2.48
2015-03-25T18:00:00+01:00,2.47
2015-03-26T06:00:00+01:00,2.47
2015-03-26T18:00:00+01:00,2.48
2015-03-27T06:00:00+01:00,2.45
2015-03-27T18:00:00+01:00,2.44
2015-03-28T06:00:00+01:00,2.46
2015-03-28T18:00:00+01:00,2.48
2015-03-29T06:00:00+02:00,2.48
2015-03-29T18:00:00+02:00,2.51
2015-03-30T06:00:00+02:00,2.48
2015-03-30T18:00:00+02:00,2.47
2015-03-31T06:00:00+02:00,2.51
2015-03-31T18:00:00+02:00,2.47
2015-04-01T06:00:00+02:00,2.46
2015-04-01T18:00:00+02:00,2.47
2015-04-02T06:00:00+02:00,2.48
2015-04-02T18:00:00+02:00,2.46
2015-04-03T06:00:00+02:00,2.47
2015-04-03T18:00:00+02:00,2.48
2015-04-04T06:00:00+02:00,2.48
2015-04-04T18:00:00+02:00,2.46
2015-04-05T06:00:00+02:00,2.46
2015-04-05T18:00:00+02:00,2.46
2015-04-06T06:00:00+02:00,2.46
2015-04-06T18:00:00+02:00,2.45
2015-04-07T06:00:00+02:00,2.45
2015-04-07T18:00:00+02:00,2.45
2015-04-08T06:00:00+02:00,2.45
2015-04-08T18:00:00+02:00,2.46
2015-04-09T06:00:00+02:00,2.46
2015-04-09T18:00:00+02:00,2.47
2015-04-10T06:00:00+02:00,2.47
2015-04-10T18:00:00+02:00,2.48
2015-04-11T06:00:00+02:00,2.48
2015-04-11T18:00:00+02:00,2.45
2015-04-12T06:00:00+02:00,2.45
2015-04-12T18:00:00+02:00,2.46
2015-04-13T06:00:00+02:00,2.44
2015-04-13T18:00:00+02:00,2.45
2015-04-14T06:00:00+02:00,2.46
2015-04-14T18:00:00+02:00,2.46
2015-04-15T06:00:00+02:00,2.46
2015-04-15T18:00:00+02:00,2.47
2015-04-16T06:00:00+02:00,2.46
2015-04-16T18:00:00+02:00,2.46
2015-04-17T06:00:00+02:00,2.45
2015-04-17T18:00:00+02:00,2.44
2015-04-18T06:00:00+02:00,2.43
2015-04-18T18:00:00+02:00,2.44
2015-04-19T06:00:00+02:00,2.44
2015-04-19T18:00:00+02:00,2.44
2015-04-20T06:00:00+02:00,2.43
2015-04-20T18:00:00+02:00,2.43
2015-04-21T06:00:00+02:00,2.42
2015-04-21T18:00:00+02:00,2.42
2015-04-22T06:00:00+02:00,2.42
2015-04-22T18:00:00+02:00,2.43
2015-04-23T06:00:00+02:00,2.44
2015-04-23T18:00:00+02:00,2.44
2015-04-24T06:00:00+02:00,2.44
2015-04-24T18:00:00+02:00,2.45
2015-04-25T06:00:00+02:00,2.45
2015-04-25T18:00:00+02:00,2.45
2015-04-26T06:00:00+02:00,2.44
2015-04-26T18:00:00+02:00,2.45
2015-04-27T06:00:00+02:00,2.44
2015-04-27T18:00:00+02:00,2.43
2015-04-28T06:00:00+02:00,2.43
2015-04-28T18:00:00+02:00,2.41
2015-04-29T06:00:00+02:00,2.41
2015-04-29T18:00:00+02:00,2.43
2015-04-30T06:00:00+02:00,2.42
2015-04-30T18:00:00+02:00,2.42
2015-05-01T06:00:00+02:00,2.43
2015-05-01T18:00:00+02:00,2.42
2015-05-02T06:00:00+02:00,2.41
2015-05-02T18:00:00+02:00,2.42
2015-05-03T06:00:00+02:00,2.43
2015-05-03T18:00:00+02:00,2.43
2015-05-04T06:00:00+02:00,2.42
2015-05-04T18:00:00+02:00,2.43
2015-05-05T06:00:00+02:00,2.45
2015-05-05T18:00:00+02:00,2.42
2015-05-06T06:00:00+02:00,2.42
2015-05-06T18:00:00+02:00,2.42
2015-05-07T06:00:00+02:00,2.41
2015-05-07T18:00:00+02:00,2.41
2015-05-08T06:00:00+02:00,2.42
2015-05-08T18:00:00+02:00,2.43
2015-05-09T06:00:00+02:00,2.42
2015-05-09T18:00:00+02:00,2.41
2015-05-10T06:00:00+02:00,2.4
2015-05-10T18:00:00+02:00,2.41
2015-05-11T06:00:00+02:00,2.42
2015-05-11T18:00:00+02:00,2.41
2015-05-12T06:00:00+02:00,2.42
2015-05-12T18:00:00+02:00,2.4
2015-05-13T06:00:00+02:00,2.4
2015-05-13T18:00:00+02:00,2.42
2015-05-14T06:00:00+02:00,2.41
2015-05-14T18:00:00+02:00,2.42
2015-05-15T06:00:00+02:00,2.4
2015-05-15T18:00:00+02:00,2.39
2015-05-16T06:00:00+02:00,2.4
2015-05-16T18:00:00+02:00,2.39
2015-05-17T06:00:00+02:00,2.39
2015-05-17T18:00:00+02:00,2.4
2015-05-18T06:00:00+02:00,2.42
2015-05-18T18:00:00+02:00,2.43
2015-05-19T06:00:00+02:00,2.42
2015-05-19T18:00:00+02:00,2.41
2015-05-20T06:00:00+02:00,2.4
2015-05-20T18:00:00+02:00,2.38
2015-05-21T06:00:00+02:00,2.38
2015-05-21T18:00:00+02:00,2.38
2015-05-22T06:00:00+02:00,2.38
2015-05-22T18:00:00+02:00,2.38
2015-05-23T06:00:00+02:00,2.38
2015-05-23T18:00:00+02:00,2.38
2015-05-24T06:00:00+02:00,2.38
2015-05-24T18:00:00+02:00,2.38
2015-05-25T06:00:00+02:00,2.39
2015-05-25T18:00:00+02:00,2.38
2015-05-26T06:00:00+02:00,2.37
2015-05-26T18:00:00+02:00,2.36
2015-05-27T06:00:00+02:00,2.36
2015-05-27T18:00:00+02:00,2.37
2015-05-28T06:00:00+02:00,2.38
2015-05-28T18:00:00+02:00,2.37
2015-05-29T06:00:00+02:00,2.37
2015-05-29T18:00:00+02:00,2.38
2015-05-30T06:00:00+02:00,2.36
2015-05-30T18:00:00+02:00,2.36
2015-05-31T06:00:00+02:00,2.37
2015-05-31T18:00:00+02:00,2.37
2015-06-01T06:00:00+02:00,2.35
2015-06-01T18:00:00+02:00,2.36
2015-06-02T06:00:00+02:00,2.38
2015-06-02T18:00:00+02:00,2.36
2015-06-03T06:00:00+02:00,2.34
2015-06-03T18:00:00+02:00,2.33
2015-06-04T06:00:00+02:00,2.33
2015-06-04T18:00:00+02:00,2.35
2015-06-05T06:00:00+02:00,2.35
2015-06-05T18:00:00+02:00,2.34
2015-06-06T06:00:00+02:00,2.33
2015-06-06T18:00:00+02:00,2.32
2015-06-07T06:00:00+02:00,2.32
2015-06-07T18:00:00+02:00,2.31
2015-06-08T06:00:00+02:00,2.31
2015-06-08T18:00:00+02:00,2.32
2015-06-09T06:00:00+02:00,2.31
2015-06-09T18:00:00+02:00,2.31
2015-06-10T06:00:00+02:00,2.31
2015-06-10T18:00:00+02:00,2.32
2015-06-11T06:00:00+02:00,2.31
2015-06-11T18:00:00+02:00,2.32
2015-06-12T06:00:00+02:00,2.32
2015-06-12T18:00:00+02:00,2.33
2015-06-13T06:00:00+02:00,2.31
2015-06-13T18:00:00+02:00,2.31
2015-06-14T06:00:00+02:00,2.3
2015-06-14T18:00:00+02:00,2.29
2015-06-15T06:00:00+02:00,2.28
2015-06-15T18:00:00+02:00,2.28
2015-06-16T06:00:00+02:00,2.27
2015-06-16T18:00:00+02:00,2.27
2015-06-17T06:00:00+02:00,2.27
2015-06-17T18:00:00+02:00,2.28
2015-06-18T06:00:00+02:00,2.27
2015-06-18T18:00:00+02:00,2.27
2015-06-19T06:00:00+02:00,2.27
2015-06-19T18:00:00+02:00,2.27
2015-06-20T06:00:00+02:00,2.26
2015-06-20T18:00:00+02:00,2.27
2015-06-21T06:00:00+02:00,2.27
2015-06-21T18:00:00+02:00,2.27
2015-06-22T06:00:00+02:00,2.28
2015-06-22T18:00:00+02:00,2.28
2015-06-23T06:00:00+02:00,2.26
2015-06-23T18:00:00+02:00,2.25
2015-06-24T06:00:00+02:00,2.25
2015-06-24T18:00:00+02:00,2.25
2015-06-25T06:00:00+02:00,2.25
2015-06-25T18:00:00+02:00,2.25
2015-06-26T06:00:00+02:00,2.25
2015-06-26T18:00:00+02:00,2.26
2015-06-27T06:00:00+02:00,2.25
2015-06-27T18:00:00+02:00,2.24
2015-06-28T06:00:00+02:00,2.24
2015-06-28T18:00:00+02:00,2.24
2015-06-29T06:00:00+02:00,2.23
2015-06-29T18:00:00+02:00,2.23
2015-06-30T06:00:00+02:00,2.23
2015-06-30T18:00:00+02:00,2.24
2015-07-01T06:00:00+02:00,2.23
2015-07-01T18:00:00+02:00,2.23
2015-07-02T06:00:00+02:00,2.22
2015-07-02T18:00:00+02:00,2.22
2015-07-03T06:00:00+02:00,2.21
2015-07-03T18:00:00+02:00,2.22
2015-07-04T06:00:00+02:00,2.22
2015-07-04T18:00:00+02:00,2.21
2015-07-05T06:00:00+02:00,2.21
2015-07-05T18:00:00+02:00,2.21
2015-07-06T06:00:00+02:00,2.2
2015-07-06T18:00:00+02:00,2.21
2015-07-07T06:00:00+02:00,2.21
2015-07-07T18:00:00+02:00,2.21
2015-07-08T06:00:00+02:00,2.2
2015-07-08T18:00:00+02:00,2.19
2015-07-09T06:00:00+02:00,2.18
2015-07-09T18:00:00+02:00,2.18
2015-07-10T06:00:00+02:00,2.18
2015-07-10T18:00:00+02:00,2.19
2015-07-11T06:00:00+02:00,2.19
2015-07-11T18:00:00+02:00,2.17
2015-07-12T06:00:00+02:00,2.18
2015-07-12T18:00:00+02:00,2.18
2015-07-13T06:00:00+02:00,2.18
2015-07-13T18:00:00+02:00,2.18
2015-07-14T06:00:00+02:00,2.18
2015-07-14T18:00:00+02:00,2.18
2015-07-15T06:00:00+02:00,2.18
2015-07-15T18:00:00+02:00,2.18
2015-07-16T06:00:00+02:00,2.18
2015-07-16T18:00:00+02:00,2.19
2015-07-17T06:00:00+02:00,2.19
2015-07-17T18:00:00+02:00,2.18
2015-07-18T06:00:00+02:00,2.17
2015-07-18T18:00:00+02:00,2.18
2015-07-19T06:00:00+02:00,2.18
2015-07-19T18:00:00+02:00,2.18
2015-07-20T06:00:00+02:00,2.18
2015-07-20T18:00:00+02:00,2.18
2015-07-21T06:00:00+02:00,2.17
2015-07-21T18:00:00+02:00,2.17
2015-07-22T06:00:00+02:00,2.17
2015-07-22T18:00:00+02:00,2.17
2015-07-23T06:00:00+02:00,2.16
2015-07-23T18:00:00+02:00,2.17
2015-07-24T06:00:00+02:00,2.18
2015-07-24T18:00:00+02:00,2.19
2015-07-25T06:00:00+02:00,2.19
2015-07-25T18:00:00+02:00,2.16
2015-07-26T06:00:00+02:00,2.17
2015-07-26T18:00:00+02:00,2.19
2015-07-27T06:00:00+02:00,2.19
2015-07-27T18:00:00+02:00,2.19
2015-07-28T06:00:00+02:00,2.18
2015-07-28T18:00:00+02:00,2.18
2015-07-29T06:00:00+02:00,2.18
2015-07-29T18:00:00+02:00,2.17
2015-07-30T06:00:00+02:00,2.17
2015-07-30T18:00:00+02:00,2.17
2015-07-31T06:00:00+02:00,2.17
2015-07-31T18:00:00+02:00,2.18
2015-08-01T06:00:00+02:00,2.18
2015-08-01T18:00:00+02:00,2.17
2015-08-02T06:00:00+02:00,2.17
2015-08-02T18:00:00+02:00,2.18
2015-08-03T06:00:00+02:00,2.18
2015-08-03T18:00:00+02:00,2.18
2015-08-04T06:00:00+02:00,2.18
2015-08-04T18:00:00+02:00,2.17
2015-08-05T06:00:00+02:00,2.17
2015-08-05T18:00:00+02:00,2.18
2015-08-06T06:00:00+02:00,2.17
2015-08-06T18:00:00+02:00,2.16
2015-08-07T06:00:00+02:00,2.16
2015-08-07T18:00:00+02:00,2.16
2015-08-08T06:00:00+02:00,2.16
2015-08-08T18:00:00+02:00,2.16
2015-08-09T06:00:00+02:00,2.16
2015-08-09T18:00:00+02:00,2.16
2015-08-10T06:00:00+02:00,2.16
2015-08-10T18:00:00+02:00,2.16
2015-08-11T06:00:00+02:00,2.15
2015-08-11T18:00:00+02:00,2.15
2015-08-12T06:00:00+02:00,2.15
2015-08-12T18:00:00+02:00,2.15
2015-08-13T06:00:00+02:00,2.15
2015-08-13T18:00:00+02:00,2.16
2015-08-14T06:00:00+02:00,2.17
2015-08-14T18:00:00+02:00,2.17
2015-08-15T06:00:00+02:00,2.17
2015-08-15T18:00:00+02:00,2.16
2015-08-16T06:00:00+02:00,2.16
2015-08-16T18:00:00+02:00,2.16
2015-08-17T06:00:00+02:00,2.16
2015-08-17T18:00:00+02:00,2.16
2015-08-18T06:00:00+02:00,2.17
2015-08-18T18:00:00+02:00,2.16
2015-08-19T06:00:00+02:00,2.17
2015-08-19T18:00:00+02:00,2.16
2015-08-20T06:00:00+02:00,2.16
2015-08-20T18:00:00+02:00,2.16
2015-08-21T06:00:00+02:00,2.16
2015-08-21T18:00:00+02:00,2.16
2015-08-22T06:00:00+02:00,2.16
2015-08-22T18:00:00+02:00,2.17
2015-08-23T06:00:00+02:00,2.18
2015-08-23T18:00:00+02:00,2.17
2015-08-24T06:00:00+02:00,2.18
2015-08-24T18:00:00+02:00,2.18
2015-08-25T06:00:00+02:00,2.16
2015-08-25T18:00:00+02:00,2.16
2015-08-26T06:00:00+02:00,2.17
2015-08-26T18:00:00+02:00,2.19
2015-08-27T06:00:00+02:00,2.18
2015-08-27T18:00:00+02:00,2.17
2015-08-28T06:00:00+02:00,2.17
2015-08-28T18:00:00+02:00,2.16
2015-08-29T06:00:00+02:00,2.16
2015-08-29T18:00:00+02:00,2.17
2015-08-30T06:00:00+02:00,2.17
2015-08-30T18:00:00+02:00,2.18
2015-08-31T06:00:00+02:00,2.19
2015-08-31T18:00:00+02:00,2.19
2015-09-01T06:00:00+02:00,2.18
2015-09-01T18:00:00+02:00,2.17
2015-09-02T06:00:00+02:00,2.18
2015-09-02T18:00:00+02:00,2.18
2015-09-03T06:00:00+02:00,2.19
2015-09-03T18:00:00+02:00,2.18
2015-09-04T06:00:00+02:00,2.19
2015-09-04T18:00:00+02:00,2.19
2015-09-05T06:00:00+02:00,2.19
2015-09-05T18:00:00+02:00,2.19
2015-09-06T06:00:00+02:00,2.19
2015-09-06T18:00:00+02:00,2.18
2015-09-07T06:00:00+02:00,2.19
2015-09-07T18:00:00+02:00,2.19
2015-09-08T06:00:00+02:00,2.19
2015-09-08T18:00:00+02:00,2.2
2015-09-09T06:00:00+02:00,2.2
2015-09-09T18:00:00+02:00,2.2
2015-09-10T06:00:00+02:00,2.2
2015-09-10T18:00:00+02:00,2.2
2015-09-11T06:00:00+02:00,2.21
2015-09-11T18:00:00+02:00,2.2
2015-09-12T06:00:00+02:00,2.21
2015-09-12T18:00:00+02:00,2.21
2015-09-13T06:00:00+02:00,2.21
2015-09-13T18:00:00+02:00,2.23
2015-09-14T06:00:00+02:00,2.22
2015-09-14T18:00:00+02:00,2.22
2015-09-15T06:00:00+02:00,2.22
2015-09-15T18:00:00+02:00,2.21
2015-09-16T06:00:00+02:00,2.23
2015-09-16T18:00:00+02:00,2.23
2015-09-17T06:00:00+02:00,2.23
2015-09-17T18:00:00+02:00,2.2
2015-09-18T06:00:00+02:00,2.2
2015-09-18T18:00:00+02:00,2.2
2015-09-19T06:00:00+02:00,2.2
2015-09-19T18:00:00+02:00,2.19
2015-09-20T06:00:00+02:00,2.2
2015-09-20T18:00:00+02:00,2.21
2015-09-21T06:00:00+02:00,2.21
2015-09-21T18:00:00+02:00,2.22
2015-09-22T06:00:00+02:00,2.23
2015-09-22T18:00:00+02:00,2.23
2015-09-23T06:00:00+02:00,2.23
2015-09-23T18:00:00+02:00,2.22
2015-09-24T06:00:00+02:00,2.23
2015-09-24T18:00:00+02:00,2.22
2015-09-25T06:00:00+02:00,2.22
2015-09-25T18:00:00+02:00,2.21
2015-09-26T06:00:00+02:00,2.21
2015-09-26T18:00:00+02:00,2.21
2015-09-27T06:00:00+02:00,2.21
2015-09-27T18:00:00+02:00,2.2
2015-09-28T06:00:00+02:00,2.2
2015-09-28T18:00:00+02:00,2.21
2015-09-29T06:00:00+02:00,2.21
2015-09-29T18:00:00+02:00,2.21
2015-09-30T06:00:00+02:00,2.21
2015-09-30T18:00:00+02:00,2.21
2015-10-01T06:00:00+02:00,2.21
2015-10-01T18:00:00+02:00,2.21
2015-10-02T06:00:00+02:00,2.22
2015-10-02T18:00:00+02:00,2.23
2015-10-03T06:00:00+02:00,2.23
2015-10-03T18:00:00+02:00,2.23
2015-10-04T06:00:00+02:00,2.22
2015-10-04T18:00:00+02:00,2.22
2015-10-05T06:00:00+02:00,2.23
2015-10-05T18:00:00+02:00,2.23
2015-10-06T06:00:00+02:00,2.24
2015-10-06T18:00:00+02:00,2.24
2015-10-07T06:00:00+02:00,2.23
2015-10-07T18:00:00+02:00,2.21
2015-10-08T06:00:00+02:00,2.21
2015-10-08T18:00:00+02:00,2.21
2015-10-09T06:00:00+02:00,2.21
2015-10-09T18:00:00+02:00,2.21
2015-10-10T06:00:00+02:00,2.21
2015-10-10T18:00:00+02:00,2.21
2015-10-11T06:00:00+02:00,2.21
2015-10-11T18:00:00+02:00,2.21
2015-10-12T06:00:00+02:00,2.21
2015-10-12T18:00:00+02:00,2.21
2015-10-13T06:00:00+02:00,2.21
2015-10-13T18:00:00+02:00,2.2
2015-10-14T06:00:00+02:00,2.2
2015-10-14T18:00:00+02:00,2.19
2015-10-15T06:00:00+02:00,2.18
2015-10-15T18:00:00+02:00,2.18
2015-10-16T06:00:00+02:00,2.17
2015-10-16T18:00:00+02:00,2.16
2015-10-17T06:00:00+02:00,2.16
2015-10-17T18:00:00+02:00,2.15
2015-10-18T06:00:00+02:00,2.14
2015-10-18T18:00:00+02:00,2.15
2015-10-19T06:00:00+02:00,2.14
2015-10-19T18:00:00+02:00,2.14
2015-10-20T06:00:00+02:00,2.13
2015-10-20T18:00:00+02:00,2.13
2015-10-21T06:00:00+02:00,2.14
2015-10-21T18:00:00+02:00,2.15
2015-10-22T06:00:00+02:00,2.15
2015-10-22T18:00:00+02:00,2.13
2015-10-23T06:00:00+02:00,2.13
2015-10-23T18:00:00+02:00,2.14
2015-10-24T06:00:00+02:00,2.14
2015-10-24T18:00:00+02:00,2.13
2015-10-25T06:00:00+01:00,2.12
2015-10-25T18:00:00+01:00,2.13
2015-10-26T06:00:00+01:00,2.14
2015-10-26T18:00:00+01:00,2.15
2015-10-27T06:00:00+01:00,2.15
2015-10-27T18:00:00+01:00,2.15
2015-10-28T06:00:00+01:00,2.16
2015-10-28T18:00:00+01:00,2.15
2015-10-29T06:00:00+01:00,2.15
2015-10-29T18:00:00+01:00,2.14
2015-10-30T06:00:00+01:00,2.14
2015-10-30T18:00:00+01:00,2.15
2015-10-31T06:00:00+01:00,2.16
2015-10-31T18:00:00+01:00,2.15
2015-11-01T06:00:00+01:00,2.15
2015-11-01T18:00:00+01:00,2.15
2015-11-02T06:00:00+01:00,2.15
2015-11-02T18:00:00+01:00,2.16
2015-11-03T06:00:00+01:00,2.17
2015-11-03T18:00:00+01:00,2.17
2015-11-04T06:00:00+01:00,2.17
2015-11-04T18:00:00+01:00,2.17
2015-11-05T06:00:00+01:00,2.17
2015-11-05T18:00:00+01:00,2.17
2015-11-06T06:00:00+01:00,2.17
2015-11-06T18:00:00+01:00,2.17
2015-11-07T06:00:00+01:00,2.17
2015-11-07T18:00:00+01:00,2.17
2015-11-08T06:00:00+01:00,2.16
2015-11-08T18:00:00+01:00,2.18
2015-11-09T06:00:00+01:00,2.17
2015-11-09T18:00:00+01:00,2.17
2015-11-10T06:00:00+01:00,2.17
2015-11-10T18:00:00+01:00,2.17
2015-11-11T06:00:00+01:00,2.17
2015-11-11T18:00:00+01:00,2.17
2015-11-12T06:00:00+01:00,2.17
2015-11-12T18:00:00+01:00,2.17
2015-11-13T06:00:00+01:00,2.18
2015-11-13T18:00:00+01:00,2.17
2015-11-14T06:00:00+01:00,2.16
2015-11-14T18:00:00+01:00,2.18
2015-11-15T06:00:00+01:00,2.2
2015-11-15T18:00:00+01:00,2.19
2015-11-16T06:00:00+01:00,2.2
2015-11-16T18:00:00+01:00,2.2
2015-11-17T06:00:00+01:00,2.22
2015-11-17T18:00:00+01:00,2.22
2015-11-18T06:00:00+01:00,2.18
2015-11-18T18:00:00+01:00,2.2
2015-11-19T06:00:00+01:00,2.2
2015-11-19T18:00:00+01:00,2.21
2015-11-20T06:00:00+01:00,2.21
2015-11-20T18:00:00+01:00,2.23
2015-11-21T06:00:00+01:00,2.23
2015-11-21T18:00:00+01:00,2.21
2015-11-22T06:00:00+01:00,2.21
2015-11-22T18:00:00+01:00,2.21
2015-11-23T06:00:00+01:00,2.2
2015-11-23T18:00:00+01:00,2.21
2015-11-24T06:00:00+01:00,2.23
2015-11-24T18:00:00+01:00,2.24
2015-11-25T06:00:00+01:00,2.25
2015-11-25T18:00:00+01:00,2.24
2015-11-26T06:00:00+01:00,2.23
2015-11-26T18:00:00+01:00,2.23
2015-11-27T06:00:00+01:00,2.24
2015-11-27T18:00:00+01:00,2.26
2015-11-28T06:00:00+01:00,2.23
2015-11-28T18:00:00+01:00,2.25
2015-11-29T06:00:00+01:00,2.25
2015-11-29T18:00:00+01:00,2.26
2015-11-30T06:00:00+01:00,2.23
2015-11-30T18:00:00+01:00,2.27
2015-12-01T06:00:00+01:00,2.24
2015-12-01T18:00:00+01:00,2.25
2015-12-02T06:00:00+01:00,2.26
2015-12-02T18:00:00+01:00,2.25
2015-12-03T06:00:00+01:00,2.26
2015-12-03T18:00:00+01:00,2.27
2015-12-04T06:00:00+01:00,2.27
2015-12-04T18:00:00+01:00,2.25
2015-12-05T06:00:00+01:00,2.27
2015-12-05T18:00:00+01:00,2.27
2015-12-06T06:00:00+01:00,2.27
2015-12-06T18:00:00+01:00,2.26
2015-12-07T06:00:00+01:00,2.25
2015-12-07T18:00:00+01:00,2.26
2015-12-08T06:00:00+01:00,2.27
2015-12-08T18:00:00+01:00,2.26
2015-12-09T06:00:00+01:00,2.25
2015-12-09T18:00:00+01:00,2.25
2015-12-10T06:00:00+01:00,2.26
2015-12-10T18:00:00+01:00,2.27
2015-12-11T06:00:00+01:00,2.28
2015-12-11T18:00:00+01:00,2.27
2015-12-12T06:00:00+01:00,2.27
2015-12-12T18:00:00+01:00,2.29
2015-12-13T06:00:00+01:00,2.27
2015-12-13T18:00:00+01:00,2.27
2015-12-14T06:00:00+01:00,2.28
2015-12-14T18:00:00+01:00,2.28
2015-12-15T06:00:00+01:00,2.27
2015-12-15T18:00:00+01:00,2.27
2015-12-16T06:00:00+01:00,2.28
2015-12-16T18:00:00+01:00,2.27
2015-12-17T06:00:00+01:00,2.28
2015-12-17T18:00:00+01:00,2.28
2015-12-18T06:00:00+01:00,2.28
2015-12-18T18:00:00+01:00,2.28
2015-12-19T06:00:00+01:00,2.28
2015-12-19T18:00:00+01:00,2.28
2015-12-20T06:00:00+01:00,2.29
2015-12-20T18:00:00+01:00,2.28
2015-12-21T06:00:00+01:00,2.28
2015-12-21T18:00:00+01:00,2.29
2015-12-22T06:00:00+01:00,2.28
2015-12-22T18:00:00+01:00,2.29
2015-12-23T06:00:00+01:00,2.28
2015-12-23T18:00:00+01:00,2.27
2015-12-24T06:00:00+01:00,2.29
2015-12-24T18:00:00+01:00,2.29
2015-12-25T06:00:00+01:00,2.27
2015-12-25T18:00:00+01:00,2.28
2015-12-26T06:00:00+01:00,2.28
2015-12-26T18:00:00+01:00,2.28
2015-12-27T06:00:00+01:00,2.28
2015-12-27T18:00:00+01:00,2.27
2015-12-28T06:00:00+01:00,2.27
2015-12-28T18:00:00+01:00,2.28
2015-12-29T06:00:00+01:00,2.28
2015-12-29T18:00:00+01:00,2.27
2015-12-30T06:00:00+01:00,2.28
2015-12-30T18:00:00+01:00,2.3
2015-12-31T06:00:00+01:00,2.29
2015-12-31T18:00:00+01:00,2.28
2016-01-01T06:00:00+01:00,2.27
2016-01-01T18:00:00+01:00,2.29
2016-01-02T06:00:00+01:00,2.31
2016-01-02T18:00:00+01:00,2.3
2016-01-03T06:00:00+01:00,2.3
2016-01-03T18:00:00+01:00,2.33
2016-01-04T06:00:00+01:00,2.32
2016-01-04T18:00:00+01:00,2.32
2016-01-05T06:00:00+01:00,2.32
2016-01-05T18:00:00+01:00,2.31
2016-01-06T06:00:00+01:00,2.31
2016-01-06T18:00:00+01:00,2.31
2016-01-07T06:00:00+01:00,2.33
2016-01-07T18:00:00+01:00,2.32
2016-01-08T06:00:00+01:00,2.31
2016-01-08T18:00:00+01:00,2.32
2016-01-09T06:00:00+01:00,2.33
2016-01-09T18:00:00+01:00,2.33
2016-01-10T06:00:00+01:00,2.34
2016-01-10T18:00:00+01:00,2.33
2016-01-11T06:00:00+01:00,2.34
2016-01-11T18:00:00+01:00,2.34
2016-01-12T06:00:00+01:00,2.32
2016-01-12T18:00:00+01:00,2.33
2016-01-13T06:00:00+01:00,2.3
2016-01-13T18:00:00+01:00,2.31
2016-01-14T06:00:00+01:00,2.35
2016-01-14T18:00:00+01:00,2.35
2016-01-15T06:00:00+01:00,2.33
2016-01-15T18:00:00+01:00,2.32
2016-01-16T06:00:00+01:00,2.34
2016-01-16T18:00:00+01:00,2.33
2016-01-17T06:00:00+01:00,2.34
2016-01-17T18:00:00+01:00,2.34
2016-01-18T06:00:00+01:00,2.36
2016-01-18T18:00:00+01:00,2.36
2016-01-19T06:00:00+01:00,2.35
2016-01-19T18:00:00+01:00,2.36
2016-01-20T06:00:00+01:00,2.35
2016-01-20T18:00:00+01:00,2.35
2016-01-21T06:00:00+01:00,2.34
2016-01-21T18:00:00+01:00,2.34
2016-01-22T06:00:00+01:00,2.35
2016-01-22T18:00:00+01:00,2.36
2016-01-23T06:00:00+01:00,2.34
2016-01-23T18:00:00+01:00,2.34
2016-01-24T06:00:00+01:00,2.36
2016-01-24T18:00:00+01:00,2.36
2016-01-25T06:00:00+01:00,2.36
2016-01-25T18:00:00+01:00,2.36
2016-01-26T06:00:00+01:00,2.36
2016-01-26T18:00:00+01:00,2.37
2016-01-27T06:00:00+01:00,2.38
2016-01-27T18:00:00+01:00,2.37
2016-01-28T06:00:00+01:00,2.34
2016-01-28T18:00:00+01:00,2.35
2016-01-29T06:00:00+01:00,2.37
2016-01-29T18:00:00+01:00,2.37
2016-01-30T06:00:00+01:00,2.39
2016-01-30T18:00:00+01:00,2.38
2016-01-31T06:00:00+01:00,2.38
2016-01-31T18:00:00+01:00,2.4
2016-02-01T06:00:00+01:00,2.37
2016-02-01T18:00:00+01:00,2.38
2016-02-02T06:00:00+01:00,2.39
2016-02-02T18:00:00+01:00,2.39
2016-02-03T06:00:00+01:00,2.39
2016-02-03T18:00:00+01:00,2.37
2016-02-04T06:00:00+01:00,2.38
2016-02-04T18:00:00+01:00,2.37
2016-02-05T06:00:00+01:00,2.39
2016-02-05T18:00:00+01:00,2.4
2016-02-06T06:00:00+01:00,2.41
2016-02-06T18:00:00+01:00,2.42
2016-02-07T06:00:00+01:00,2.42
2016-02-07T18:00:00+01:00,2.4
2016-02-08T06:00:00+01:00,2.44
2016-02-08T18:00:00+01:00,2.42
2016-02-09T06:00:00+01:00,2.42
2016-02-09T18:00:00+01:00,2.43
2016-02-10T06:00:00+01:00,2.43
2016-02-10T18:00:00+01:00,2.41
2016-02-11T06:00:00+01:00,2.42
2016-02-11T18:00:00+01:00,2.42
2016-02-12T06:00:00+01:00,2.43
2016-02-12T18:00:00+01:00,2.44
2016-02-13T06:00:00+01:00,2.45
2016-02-13T18:00:00+01:00,2.46
2016-02-14T06:00:00+01:00,2.44
2016-02-14T18:00:00+01:00,2.42
2016-02-15T06:00:00+01:00,2.39
2016-02-15T18:00:00+01:00,2.39
2016-02-16T06:00:00+01:00,2.39
2016-02-16T18:00:00+01:00,2.4
2016-02-17T06:00:00+01:00,2.42
2016-02-17T18:00:00+01:00,2.44
2016-02-18T06:00:00+01:00,2.43
2016-02-18T18:00:00+01:00,2.42
2016-02-19T06:00:00+01:00,2.42
2016-02-19T18:00:00+01:00,2.43
2016-02-20T06:00:00+01:00,2.45
2016-02-20T18:00:00+01:00,2.45
2016-02-21T06:00:00+01:00,2.44
2016-02-21T18:00:00+01:00,2.45
2016-02-22T06:00:00+01:00,2.46
2016-02-22T18:00:00+01:00,2.45
2016-02-23T06:00:00+01:00,2.45
2016-02-23T18:00:00+01:00,2.44
2016-02-24T06:00:00+01:00,2.45
2016-02-24T18:00:00+01:00,2.46
2016-02-25T06:00:00+01:00,2.46
2016-02-25T18:00:00+01:00,2.46
2016-02-26T06:00:00+01:00,2.46
2016-02-26T18:00:00+01:00,2.47
2016-02-27T06:00:00+01:00,2.46
2016-02-27T18:00:00+01:00,2.46
2016-02-28T06:00:00+01:00,2.45
2016-02-28T18:00:00+01:00,2.44
2016-02-29T06:00:00+01:00,2.44
2016-02-29T18:00:00+01:00,2.44
2016-03-01T06:00:00+01:00,2.46
2016-03-01T18:00:00+01:00,2.49
2016-03-02T06:00:00+01:00,2.49
2016-03-02T18:00:00+01:00,2.5
2016-03-03T06:00:00+01:00,2.49
2016-03-03T18:00:00+01:00,2.46
2016-03-04T06:00:00+01:00,2.51
2016-03-04T18:00:00+01:00,2.49
2016-03-05T06:00:00+01:00,2.49
2016-03-05T18:00:00+01:00,2.48
2016-03-06T06:00:00+01:00,2.49
2016-03-06T18:00:00+01:00,2.48
2016-03-07T06:00:00+01:00,2.49
2016-03-07T18:00:00+01:00,2.48
2016-03-08T06:00:00+01:00,2.47
2016-03-08T18:00:00+01:00,2.48
2016-03-09T06:00:00+01:00,2.51
2016-03-09T18:00:00+01:00,2.49
2016-03-10T06:00:00+01:00,2.46
2016-03-10T18:00:00+01:00,2.46
2016-03-11T06:00:00+01:00,2.46
2016-03-11T18:00:00+01:00,2.46
2016-03-12T06:00:00+01:00,2.46
2016-03-12T18:00:00+01:00,2.46
2016-03-13T06:00:00+01:00,2.46
2016-03-13T18:00:00+01:00,2.46
2016-03-14T06:00:00+01:00,2.46
2016-03-14T18:00:00+01:00,2.47
2016-03-15T06:00:00+01:00,2.47
2016-03-15T18:00:00+01:00,2.47
2016-03-16T06:00:00+01:00,2.47
2016-03-16T18:00:00+01:00,2.47
2016-03-17T06:00:00+01:00,2.47
2016-03-17T18:00:00+01:00,2.48
2016-03-18T06:00:00+01:00,2.48
2016-03-18T18:00:00+01:00,2.48
2016-03-19T06:00:00+01:00,2.48
2016-03-19T18:00:00+01:00,2.47
2016-03-20T06:00:00+01:00,2.47
2016-03-20T18:00:00+01:00,2.48
2016-03-21T06:00:00+01:00,2.48
2016-03-21T18:00:00+01:00,2.48
2016-03-22T06:00:00+01:00,2.48
2016-03-22T18:00:00+01:00,2.48
2016-03-23T06:00:00+01:00,2.48
2016-03-23T18:00:00+01:00,2.48
2016-03-24T06:00:00+01:00,2.48
2016-03-24T18:00:00+01:00,2.48
2016-03-25T06:00:00+01:00,2.49
2016-03-25T18:00:00+01:00,2.47
2016-03-26T06:00:00+01:00,2.48
2016-03-26T18:00:00+01:00,2.5
2016-03-27T06:00:00+02:00,2.49
2016-03-27T18:00:00+02:00,2.5
2016-03-28T06:00:00+02:00,2.53
2016-03-28T18:00:00+02:00,2.5
2016-03-29T06:00:00+02:00,2.49
2016-03-29T18:00:00+02:00,2.49
2016-03-30T06:00:00+02:00,2.49
2016-03-30T18:00:00+02:00,2.48
2016-03-31T06:00:00+02:00,2.48
2016-03-31T18:00:00+02:00,2.48
2016-04-01T06:00:00+02:00,2.46
2016-04-01T18:00:00+02:00,2.48
2016-04-02T06:00:00+02:00,2.48
2016-04-02T18:00:00+02:00,2.49
2016-04-03T06:00:00+02:00,2.49
2016-04-03T18:00:00+02:00,2.5
2016-04-04T06:00:00+02:00,2.5
2016-04-04T18:00:00+02:00,2.49
2016-04-05T06:00:00+02:00,2.49
2016-04-05T18:00:00+02:00,2.48
2016-04-06T06:00:00+02:00,2.49
2016-04-06T18:00:00+02:00,2.5
2016-04-07T06:00:00+02:00,2.49
2016-04-07T18:00:00+02:00,2.49
2016-04-08T06:00:00+02:00,2.48
2016-04-08T18:00:00+02:00,2.49
2016-04-09T06:00:00+02:00,2.5
2016-04-09T18:00:00+02:00,2.5
2016-04-10T06:00:00+02:00,2.48
2016-04-10T18:00:00+02:00,2.49
2016-04-11T06:00:00+02:00,2.49
2016-04-11T18:00:00+02:00,2.48
2016-04-12T06:00:00+02:00,2.48
2016-04-12T18:00:00+02:00,2.48
2016-04-13T06:00:00+02:00,2.49
2016-04-13T18:00:00+02:00,2.48
2016-04-14T06:00:00+02:00,2.48
2016-04-14T18:00:00+02:00,2.48
2016-04-15T06:00:00+02:00,2.5
2016-04-15T18:00:00+02:00,2.5
2016-04-16T06:00:00+02:00,2.5
2016-04-16T18:00:00+02:00,2.49
2016-04-17T06:00:00+02:00,2.48
2016-04-17T18:00:00+02:00,2.47
2016-04-18T06:00:00+02:00,2.46
2016-04-18T18:00:00+02:00,2.46
2016-04-19T06:00:00+02:00,2.46
2016-04-19T18:00:00+02:00,2.45
2016-04-20T06:00:00+02:00,2.45
2016-04-20T18:00:00+02:00,2.46
2016-04-21T06:00:00+02:00,2.46
2016-04-21T18:00:00+02:00,2.47
2016-04-22T06:00:00+02:00,2.46
2016-04-22T18:00:00+02:00,2.47
2016-04-23T06:00:00+02:00,2.48
2016-04-23T18:00:00+02:00,2.46
2016-04-24T06:00:00+02:00,2.47
2016-04-24T18:00:00+02:00,2.47
2016-04-25T06:00:00+02:00,2.48
2016-04-25T18:00:00+02:00,2.49
2016-04-26T06:00:00+02:00,2.5
2016-04-26T18:00:00+02:00,2.49
2016-04-27T06:00:00+02:00,2.49
2016-04-27T18:00:00+02:00,2.48
2016-04-28T06:00:00+02:00,2.47
2016-04-28T18:00:00+02:00,2.48
2016-04-29T06:00:00+02:00,2.49
2016-04-29T18:00:00+02:00,2.48
2016-04-30T06:00:00+02:00,2.47
2016-04-30T18:00:00+02:00,2.46
2016-05-01T06:00:00+02:00,2.46
2016-05-01T18:00:00+02:00,2.46
2016-05-02T06:00:00+02:00,2.47
2016-05-02T18:00:00+02:00,2.48
2016-05-03T06:00:00+02:00,2.46
2016-05-03T18:00:00+02:00,2.45
2016-05-04T06:00:00+02:00,2.46
2016-05-04T18:00:00+02:00,2.46
2016-05-05T06:00:00+02:00,2.46
2016-05-05T18:00:00+02:00,2.48
2016-05-06T06:00:00+02:00,2.48
2016-05-06T18:00:00+02:00,2.48
2016-05-07T06:00:00+02:00,2.48
2016-05-07T18:00:00+02:00,2.48
2016-05-08T06:00:00+02:00,2.47
2016-05-08T18:00:00+02:00,2.47
2016-05-09T06:00:00+02:00,2.46
2016-05-09T18:00:00+02:00,2.46
2016-05-10T06:00:00+02:00,2.46
2016-05-10T18:00:00+02:00,2.46
2016-05-11T06:00:00+02:00,2.46
2016-05-11T18:00:00+02:00,2.47
2016-05-12T06:00:00+02:00,2.47
2016-05-12T18:00:00+02:00,2.47
2016-05-13T06:00:00+02:00,2.45
2016-05-13T18:00:00+02:00,2.44
2016-05-14T06:00:00+02:00,2.43
2016-05-14T18:00:00+02:00,2.42
2016-05-15T06:00:00+02:00,2.42
2016-05-15T18:00:00+02:00,2.42
2016-05-16T06:00:00+02:00,2.42
2016-05-16T18:00:00+02:00,2.42
2016-05-17T06:00:00+02:00,2.43
2016-05-17T18:00:00+02:00,2.42
2016-05-18T06:00:00+02:00,2.43
2016-05-18T18:00:00+02:00,2.44
2016-05-19T06:00:00+02:00,2.42
2016-05-19T18:00:00+02:00,2.41
2016-05-20T06:00:00+02:00,2.41
2016-05-20T18:00:00+02:00,2.41
2016-05-21T06:00:00+02:00,2.41
2016-05-21T18:00:00+02:00,2.41
2016-05-22T06:00:00+02:00,2.43
2016-05-22T18:00:00+02:00,2.42
2016-05-23T06:00:00+02:00,2.42
2016-05-23T18:00:00+02:00,2.41
2016-05-24T06:00:00+02:00,2.42
2016-05-24T18:00:00+02:00,2.42
2016-05-25T06:00:00+02:00,2.43
2016-05-25T18:00:00+02:00,2.43
2016-05-26T06:00:00+02:00,2.42
2016-05-26T18:00:00+02:00,2.43
2016-05-27T06:00:00+02:00,2.43
2016-05-27T18:00:00+02:00,2.43
2016-05-28T06:00:00+02:00,2.42
2016-05-28T18:00:00+02:00,2.43
2016-05-29T06:00:00+02:00,2.44
2016-05-29T18:00:00+02:00,2.43
2016-05-30T06:00:00+02:00,2.44
2016-05-30T18:00:00+02:00,2.44
2016-05-31T06:00:00+02:00,2.45
2016-05-31T18:00:00+02:00,2.44
2016-06-01T06:00:00+02:00,2.44
2016-06-01T18:00:00+02:00,2.45
2016-06-02T06:00:00+02:00,2.45
2016-06-02T18:00:00+02:00,2.45
2016-06-03T06:00:00+02:00,2.45
2016-06-03T18:00:00+02:00,2.46
2016-06-04T06:00:00+02:00,2.45
2016-06-04T18:00:00+02:00,2.45
2016-06-05T06:00:00+02:00,2.45
2016-06-05T18:00:00+02:00,2.44
2016-06-06T06:00:00+02:00,2.44
2016-06-06T18:00:00+02:00,2.44
2016-06-07T06:00:00+02:00,2.44
2016-06-07T18:00:00+02:00,2.43
2016-06-08T06:00:00+02:00,2.43
2016-06-08T18:00:00+02:00,2.43
2016-06-09T06:00:00+02:00,2.42
2016-06-09T18:00:00+02:00,2.43
2016-06-10T06:00:00+02:00,2.43
2016-06-10T18:00:00+02:00,2.43
2016-06-11T06:00:00+02:00,2.43
2016-06-11T18:00:00+02:00,2.43
2016-06-12T06:00:00+02:00,2.43
2016-06-12T18:00:00+02:00,2.44
2016-06-13T06:00:00+02:00,2.45
2016-06-13T18:00:00+02:00,2.45
2016-06-14T06:00:00+02:00,2.45
2016-06-14T18:00:00+02:00,2.46
2016-06-15T06:00:00+02:00,2.46
2016-06-15T18:00:00+02:00,2.45
2016-06-16T06:00:00+02:00,2.44
2016-06-16T18:00:00+02:00,2.44
2016-06-17T06:00:00+02:00,2.44
2016-06-17T18:00:00+02:00,2.43
2016-06-18T06:00:00+02:00,2.42
2016-06-18T18:00:00+02:00,2.41
2016-06-19T06:00:00+02:00,2.41
2016-06-19T18:00:00+02:00,2.42
2016-06-20T06:00:00+02:00,2.43
2016-06-20T18:00:00+02:00,2.45
2016-06-21T06:00:00+02:00,2.43
2016-06-21T18:00:00+02:00,2.43
2016-06-22T06:00:00+02:00,2.43
2016-06-22T18:00:00+02:00,2.44
2016-06-23T06:00:00+02:00,2.45
2016-06-23T18:00:00+02:00,2.44
2016-06-24T06:00:00+02:00,2.44
2016-06-24T18:00:00+02:00,2.45
2016-06-25T06:00:00+02:00,2.45
2016-06-25T18:00:00+02:00,2.45
2016-06-26T06:00:00+02:00,2.45
2016-06-26T18:00:00+02:00,2.44
2016-06-27T06:00:00+02:00,2.45
2016-06-27T18:00:00+02:00,2.44
2016-06-28T06:00:00+02:00,2.45
2016-06-28T18:00:00+02:00,2.46
2016-06-29T06:00:00+02:00,2.46
2016-06-29T18:00:00+02:00,2.46
2016-06-30T06:00:00+02:00,2.46
2016-06-30T18:00:00+02:00,2.44
2016-07-01T06:00:00+02:00,2.44
2016-07-01T18:00:00+02:00,2.44
2016-07-02T06:00:00+02:00,2.43
2016-07-02T18:00:00+02:00,2.43
2016-07-03T06:00:00+02:00,2.42
2016-07-03T18:00:00+02:00,2.42
2016-07-04T06:00:00+02:00,2.42
2016-07-04T18:00:00+02:00,2.42
2016-07-05T06:00:00+02:00,2.43
2016-07-05T18:00:00+02:00,2.41
2016-07-06T06:00:00+02:00,2.41
2016-07-06T18:00:00+02:00,2.41
2016-07-07T06:00:00+02:00,2.41
2016-07-07T18:00:00+02:00,2.41
2016-07-08T06:00:00+02:00,2.42
2016-07-08T18:00:00+02:00,2.41
2016-07-09T06:00:00+02:00,2.4
2016-07-09T18:00:00+02:00,2.4
2016-07-10T06:00:00+02:00,2.41
2016-07-10T18:00:00+02:00,2.41
2016-07-11T06:00:00+02:00,2.41
2016-07-11T18:00:00+02:00,2.4
2016-07-12T06:00:00+02:00,2.39
2016-07-12T18:00:00+02:00,2.39
2016-07-13T06:00:00+02:00,2.39
2016-07-13T18:00:00+02:00,2.38
2016-07-14T06:00:00+02:00,2.38
2016-07-14T18:00:00+02:00,2.37
2016-07-15T06:00:00+02:00,2.37
2016-07-15T18:00:00+02:00,2.37
2016-07-16T06:00:00+02:00,2.37
2016-07-16T18:00:00+02:00,2.37
2016-07-17T06:00:00+02:00,2.37
2016-07-17T18:00:00+02:00,2.37
2016-07-18T06:00:00+02:00,2.37
2016-07-18T18:00:00+02:00,2.36
2016-07-19T06:00:00+02:00,2.36
2016-07-19T18:00:00+02:00,2.37
2016-07-20T06:00:00+02:00,2.37
2016-07-20T18:00:00+02:00,2.37
2016-07-21T06:00:00+02:00,2.36
2016-07-21T18:00:00+02:00,2.35
2016-07-22T06:00:00+02:00,2.35
2016-07-22T18:00:00+02:00,2.34
2016-07-23T06:00:00+02:00,2.35
2016-07-23T18:00:00+02:00,2.35
2016-07-24T06:00:00+02:00,2.35
2016-07-24T18:00:00+02:00,2.36
2016-07-25T06:00:00+02:00,2.35
2016-07-25T18:00:00+02:00,2.35
2016-07-26T06:00:00+02:00,2.35
2016-07-26T18:00:00+02:00,2.35
2016-07-27T06:00:00+02:00,2.36
2016-07-27T18:00:00+02:00,2.35
2016-07-28T06:00:00+02:00,2.36
2016-07-28T18:00:00+02:00,2.36
2016-07-29T06:00:00+02:00,2.36
2016-07-29T18:00:00+02:00,2.36
2016-07-30T06:00:00+02:00,2.36
2016-07-30T18:00:00+02:00,2.36
2016-07-31T06:00:00+02:00,2.35
2016-07-31T18:00:00+02:00,2.35
2016-08-01T06:00:00+02:00,2.35
2016-08-01T18:00:00+02:00,2.35
2016-08-02T06:00:00+02:00,2.36
2016-08-02T18:00:00+02:00,2.37
2016-08-03T06:00:00+02:00,2.38
2016-08-03T18:00:00+02:00,2.38
2016-08-04T06:00:00+02:00,2.38
2016-08-04T18:00:00+02:00,2.38
2016-08-05T06:00:00+02:00,2.37
2016-08-05T18:00:00+02:00,2.36
2016-08-06T06:00:00+02:00,2.36
2016-08-06T18:00:00+02:00,2.35
2016-08-07T06:00:00+02:00,2.36
2016-08-07T18:00:00+02:00,2.37
2016-08-08T06:00:00+02:00,2.37
2016-08-08T18:00:00+02:00,2.36
2016-08-09T06:00:00+02:00,2.37
2016-08-09T18:00:00+02:00,2.36
2016-08-10T06:00:00+02:00,2.37
2016-08-10T18:00:00+02:00,2.37
2016-08-11T06:00:00+02:00,2.37
2016-08-11T18:00:00+02:00,2.38
2016-08-12T06:00:00+02:00,2.38
2016-08-12T18:00:00+02:00,2.38
2016-08-13T06:00:00+02:00,2.38
2016-08-13T18:00:00+02:00,2.38
2016-08-14T06:00:00+02:00,2.38
2016-08-14T18:00:00+02:00,2.37
2016-08-15T06:00:00+02:00,2.38
2016-08-15T18:00:00+02:00,2.38
2016-08-16T06:00:00+02:00,2.38
2016-08-16T18:00:00+02:00,2.39
2016-08-17T06:00:00+02:00,2.39
2016-08-17T18:00:00+02:00,2.39
2016-08-18T06:00:00+02:00,2.39
2016-08-18T18:00:00+02:00,2.38
2016-08-19T06:00:00+02:00,2.38
2016-08-19T18:00:00+02:00,2.38
2016-08-20T06:00:00+02:00,2.38
2016-08-20T18:00:00+02:00,2.37
2016-08-21T06:00:00+02:00,2.37
2016-08-21T18:00:00+02:00,2.35
2016-08-22T06:00:00+02:00,2.35
2016-08-22T18:00:00+02:00,2.34
2016-08-23T06:00:00+02:00,2.34
2016-08-23T18:00:00+02:00,2.35
2016-08-24T06:00:00+02:00,2.35
2016-08-24T18:00:00+02:00,2.35
2016-08-25T06:00:00+02:00,2.35
2016-08-25T18:00:00+02:00,2.36
2016-08-26T06:00:00+02:00,2.35
2016-08-26T18:00:00+02:00,2.34
2016-08-27T06:00:00+02:00,2.34
2016-08-27T18:00:00+02:00,2.35
2016-08-28T06:00:00+02:00,2.35
2016-08-28T18:00:00+02:00,2.33
2016-08-29T06:00:00+02:00,2.33
2016-08-29T18:00:00+02:00,2.32
2016-08-30T06:00:00+02:00,2.32
2016-08-30T18:00:00+02:00,2.32
2016-08-31T06:00:00+02:00,2.33
2016-08-31T18:00:00+02:00,2.32
2016-09-01T06:00:00+02:00,2.32
2016-09-01T18:00:00+02:00,2.31
2016-09-02T06:00:00+02:00,2.32
2016-09-02T18:00:00+02:00,2.32
2016-09-03T06:00:00+02:00,2.32
2016-09-03T18:00:00+02:00,2.32
2016-09-04T06:00:00+02:00,2.33
2016-09-04T18:00:00+02:00,2.32
2016-09-05T06:00:00+02:00,2.31
2016-09-05T18:00:00+02:00,2.3
2016-09-06T06:00:00+02:00,2.3
2016-09-06T18:00:00+02:00,2.3
2016-09-07T06:00:00+02:00,2.3
2016-09-07T18:00:00+02:00,2.31
2016-09-08T06:00:00+02:00,2.32
2016-09-08T18:00:00+02:00,2.29
2016-09-09T06:00:00+02:00,2.29
2016-09-09T18:00:00+02:00,2.29
2016-09-10T06:00:00+02:00,2.29
2016-09-10T18:00:00+02:00,2.29
2016-09-11T06:00:00+02:00,2.28
2016-09-11T18:00:00+02:00,2.29
2016-09-12T06:00:00+02:00,2.29
2016-09-12T18:00:00+02:00,2.29
2016-09-13T06:00:00+02:00,2.29
2016-09-13T18:00:00+02:00,2.29
2016-09-14T06:00:00+02:00,2.28
2016-09-14T18:00:00+02:00,2.28
2016-09-15T06:00:00+02:00,2.28
2016-09-15T18:00:00+02:00,2.27
2016-09-16T06:00:00+02:00,2.28
2016-09-16T18:00:00+02:00,2.28
2016-09-17T06:00:00+02:00,2.27
2016-09-17T18:00:00+02:00,2.26
2016-09-18T06:00:00+02:00,2.27
2016-09-18T18:00:00+02:00,2.26
2016-09-19T06:00:00+02:00,2.26
2016-09-19T18:00:00+02:00,2.26
2016-09-20T06:00:00+02:00,2.26
2016-09-20T18:00:00+02:00,2.26
2016-09-21T06:00:00+02:00,2.26
2016-09-21T18:00:00+02:00,2.26
2016-09-22T06:00:00+02:00,2.26
2016-09-22T18:00:00+02:00,2.25
2016-09-23T06:00:00+02:00,2.25
2016-09-23T18:00:00+02:00,2.25
2016-09-24T06:00:00+02:00,2.25
2016-09-24T18:00:00+02:00,2.26
2016-09-25T06:00:00+02:00,2.26
2016-09-25T18:00:00+02:00,2.24
2016-09-26T06:00:00+02:00,2.25
2016-09-26T18:00:00+02:00,2.24
2016-09-27T06:00:00+02:00,2.24
2016-09-27T18:00:00+02:00,2.24
2016-09-28T06:00:00+02:00,2.25
2016-09-28T18:00:00+02:00,2.24
2016-09-29T06:00:00+02:00,2.25
2016-09-29T18:00:00+02:00,2.25
2016-09-30T06:00:00+02:00,2.25
2016-09-30T18:00:00+02:00,2.25
2016-10-01T06:00:00+02:00,2.26
2016-10-01T18:00:00+02:00,2.25
2016-10-02T06:00:00+02:00,2.25
2016-10-02T18:00:00+02:00,2.24
2016-10-03T06:00:00+02:00,2.23
2016-10-03T18:00:00+02:00,2.23
2016-10-04T06:00:00+02:00,2.23
2016-10-04T18:00:00+02:00,2.23
2016-10-05T06:00:00+02:00,2.23
2016-10-05T18:00:00+02:00,2.23
2016-10-06T06:00:00+02:00,2.24
2016-10-06T18:00:00+02:00,2.24
2016-10-07T06:00:00+02:00,2.24
2016-10-07T18:00:00+02:00,2.23
2016-10-08T06:00:00+02:00,2.23
2016-10-08T18:00:00+02:00,2.23
2016-10-09T06:00:00+02:00,2.23
2016-10-09T18:00:00+02:00,2.22
2016-10-10T06:00:00+02:00,2.23
2016-10-10T18:00:00+02:00,2.23
2016-10-11T06:00:00+02:00,2.23
2016-10-11T18:00:00+02:00,2.23
2016-10-12T06:00:00+02:00,2.23
2016-10-12T18:00:00+02:00,2.23
2016-10-13T06:00:00+02:00,2.23
2016-10-13T18:00:00+02:00,2.24
2016-10-14T06:00:00+02:00,2.25
2016-10-14T18:00:00+02:00,2.24
2016-10-15T06:00:00+02:00,2.24
2016-10-15T18:00:00+02:00,2.23
2016-10-16T06:00:00+02:00,2.23
2016-10-16T18:00:00+02:00,2.23
2016-10-17T06:00:00+02:00,2.23
2016-10-17T18:00:00+02:00,2.22
2016-10-18T06:00:00+02:00,2.23
2016-10-18T18:00:00+02:00,2.23
2016-10-19T06:00:00+02:00,2.24
2016-10-19T18:00:00+02:00,2.23
2016-10-20T06:00:00+02:00,2.24
2016-10-20T18:00:00+02:00,2.24
2016-10-21T06:00:00+02:00,2.24
2016-10-21T18:00:00+02:00,2.24
2016-10-22T06:00:00+02:00,2.25
2016-10-22T18:00:00+02:00,2.24
2016-10-23T06:00:00+02:00,2.25
2016-10-23T18:00:00+02:00,2.25
2016-10-24T06:00:00+02:00,2.25
2016-10-24T18:00:00+02:00,2.24
2016-10-25T06:00:00+02:00,2.23
2016-10-25T18:00:00+02:00,2.22
2016-10-26T06:00:00+02:00,2.22
2016-10-26T18:00:00+02:00,2.23
2016-10-27T06:00:00+02:00,2.22
2016-10-27T18:00:00+02:00,2.23
2016-10-28T06:00:00+02:00,2.23
2016-10-28T18:00:00+02:00,2.22
2016-10-29T06:00:00+02:00,2.22
2016-10-29T18:00:00+02:00,2.23
2016-10-30T06:00:00+01:00,2.23
2016-10-30T18:00:00+01:00,2.23
2016-10-31T06:00:00+01:00,2.23
2016-10-31T18:00:00+01:00,2.23
2016-11-01T06:00:00+01:00,2.24
2016-11-01T18:00:00+01:00,2.23
2016-11-02T06:00:00+01:00,2.24
2016-11-02T18:00:00+01:00,2.23
2016-11-03T06:00:00+01:00,2.23
2016-11-03T18:00:00+01:00,2.24
2016-11-04T06:00:00+01:00,2.26
2016-11-04T18:00:00+01:00,2.26
2016-11-05T06:00:00+01:00,2.27
2016-11-05T18:00:00+01:00,2.27
2016-11-06T06:00:00+01:00,2.27
2016-11-06T18:00:00+01:00,2.27
2016-11-07T06:00:00+01:00,2.26
2016-11-07T18:00:00+01:00,2.26
2016-11-08T06:00:00+01:00,2.27
2016-11-08T18:00:00+01:00,2.27
2016-11-09T06:00:00+01:00,2.29
2016-11-09T18:00:00+01:00,2.28
2016-11-10T06:00:00+01:00,2.28
2016-11-10T18:00:00+01:00,2.29
2016-11-11T06:00:00+01:00,2.25
2016-11-11T18:00:00+01:00,2.25
2016-11-12T06:00:00+01:00,2.27
2016-11-12T18:00:00+01:00,2.27
2016-11-13T06:00:00+01:00,2.27
2016-11-13T18:00:00+01:00,2.25
2016-11-14T06:00:00+01:00,2.26
2016-11-14T18:00:00+01:00,2.27
2016-11-15T06:00:00+01:00,2.28
2016-11-15T18:00:00+01:00,2.28
2016-11-16T06:00:00+01:00,2.3
2016-11-16T18:00:00+01:00,2.31
2016-11-17T06:00:00+01:00,2.32
2016-11-17T18:00:00+01:00,2.35
2016-11-18T06:00:00+01:00,2.34
2016-11-18T18:00:00+01:00,2.32
2016-11-19T06:00:00+01:00,2.33
2016-11-19T18:00:00+01:00,2.33
2016-11-20T06:00:00+01:00,2.39
2016-11-20T18:00:00+01:00,2.31
2016-11-21T06:00:00+01:00,2.34
2016-11-21T18:00:00+01:00,2.34
2016-11-22T06:00:00+01:00,2.33
2016-11-22T18:00:00+01:00,2.31
2016-11-23T06:00:00+01:00,2.32
2016-11-23T18:00:00+01:00,2.32
2016-11-24T06:00:00+01:00,2.32
2016-11-24T18:00:00+01:00,2.32
2016-11-25T06:00:00+01:00,2.33
2016-11-25T18:00:00+01:00,2.32
2016-11-26T06:00:00+01:00,2.32
2016-11-26T18:00:00+01:00,2.32
2016-11-27T06:00:00+01:00,2.32
2016-11-27T18:00:00+01:00,2.31
2016-11-28T06:00:00+01:00,2.3
2016-11-28T18:00:00+01:00,2.3
2016-11-29T06:00:00+01:00,2.3
2016-11-29T18:00:00+01:00,2.3
2016-11-30T06:00:00+01:00,2.31
2016-11-30T18:00:00+01:00,2.31
2016-12-01T06:00:00+01:00,2.32
2016-12-01T18:00:00+01:00,2.32
2016-12-02T06:00:00+01:00,2.32
2016-12-02T18:00:00+01:00,2.31
2016-12-03T06:00:00+01:00,2.31
2016-12-03T18:00:00+01:00,2.31
2016-12-04T06:00:00+01:00,2.31
2016-12-04T18:00:00+01:00,2.31
2016-12-05T06:00:00+01:00,2.31
2016-12-05T18:00:00+01:00,2.3
2016-12-06T06:00:00+01:00,2.3
2016-12-06T18:00:00+01:00,2.3
2016-12-07T06:00:00+01:00,2.31
2016-12-07T18:00:00+01:00,2.3
2016-12-08T06:00:00+01:00,2.3
2016-12-08T18:00:00+01:00,2.31
2016-12-09T06:00:00+01:00,2.3
2016-12-09T18:00:00+01:00,2.3
2016-12-10T06:00:00+01:00,2.31
2016-12-10T18:00:00+01:00,2.32
2016-12-11T06:00:00+01:00,2.3
2016-12-11T18:00:00+01:00,2.31
2016-12-12T06:00:00+01:00,2.3
2016-12-12T18:00:00+01:00,2.31
2016-12-13T06:00:00+01:00,2.32
2016-12-13T18:00:00+01:00,2.31
2016-12-14T06:00:00+01:00,2.31
2016-12-14T18:00:00+01:00,2.3
2016-12-15T06:00:00+01:00,2.31
2016-12-15T18:00:00+01:00,2.31
2016-12-16T06:00:00+01:00,2.3
2016-12-16T18:00:00+01:00,2.29
2016-12-17T06:00:00+01:00,2.29
2016-12-17T18:00:00+01:00,2.28
2016-12-18T06:00:00+01:00,2.29
2016-12-18T18:00:00+01:00,2.3
2016-12-19T06:00:00+01:00,2.31
2016-12-19T18:00:00+01:00,2.31
2016-12-20T06:00:00+01:00,2.31
2016-12-20T18:00:00+01:00,2.31
2016-12-21T06:00:00+01:00,2.31
2016-12-21T18:00:00+01:00,2.3
2016-12-22T06:00:00+01:00,2.3
2016-12-22T18:00:00+01:00,2.29
2016-12-23T06:00:00+01:00,2.3
2016-12-23T18:00:00+01:00,2.33
2016-12-24T06:00:00+01:00,2.31
2016-12-24T18:00:00+01:00,2.31
2016-12-25T06:00:00+01:00,2.32
2016-12-25T18:00:00+01:00,2.32
2016-12-26T06:00:00+01:00,2.32
2016-12-26T18:00:00+01:00,2.29
2016-12-27T06:00:00+01:00,2.29
2016-12-27T18:00:00+01:00,2.28
2016-12-28T06:00:00+01:00,2.29
2016-12-28T18:00:00+01:00,2.29
2016-12-29T06:00:00+01:00,2.3
2016-12-29T18:00:00+01:00,2.3
2016-12-30T06:00:00+01:00,2.3
2016-12-30T18:00:00+01:00,2.31
2016-12-31T06:00:00+01:00,2.31
2016-12-31T18:00:00+01:00,2.33
2017-01-01T06:00:00+01:00,2.35
2017-01-01T18:00:00+01:00,2.33
2017-01-02T06:00:00+01:00,2.32
2017-01-02T18:00:00+01:00,2.31
2017-01-03T06:00:00+01:00,2.32
2017-01-03T18:00:00+01:00,2.33
2017-01-04T06:00:00+01:00,2.34
2017-01-04T18:00:00+01:00,2.32
2017-01-05T06:00:00+01:00,2.31
2017-01-05T18:00:00+01:00,2.29
2017-01-06T06:00:00+01:00,2.3
2017-01-06T18:00:00+01:00,2.31
2017-01-07T06:00:00+01:00,2.33
2017-01-07T18:00:00+01:00,2.32
2017-01-08T06:00:00+01:00,2.32
2017-01-08T18:00:00+01:00,2.32
2017-01-09T06:00:00+01:00,2.34
2017-01-09T18:00:00+01:00,2.37
2017-01-10T06:00:00+01:00,2.36
2017-01-10T18:00:00+01:00,2.34
2017-01-11T06:00:00+01:00,2.37
2017-01-11T18:00:00+01:00,2.34
2017-01-12T06:00:00+01:00,2.36
2017-01-12T18:00:00+01:00,2.42
2017-01-13T06:00:00+01:00,2.35
2017-01-13T18:00:00+01:00,2.37
2017-01-14T06:00:00+01:00,2.36
2017-01-14T18:00:00+01:00,2.36
2017-01-15T06:00:00+01:00,2.37
2017-01-15T18:00:00+01:00,2.37
2017-01-16T06:00:00+01:00,2.37
2017-01-16T18:00:00+01:00,2.35
2017-01-17T06:00:00+01:00,2.35
2017-01-17T18:00:00+01:00,2.35
2017-01-18T06:00:00+01:00,2.36
2017-01-18T18:00:00+01:00,2.36
2017-01-19T06:00:00+01:00,2.36
2017-01-19T18:00:00+01:00,2.36
2017-01-20T06:00:00+01:00,2.36
2017-01-20T18:00:00+01:00,2.36
2017-01-21T06:00:00+01:00,2.37
2017-01-21T18:00:00+01:00,2.37
2017-01-22T06:00:00+01:00,2.37
2017-01-22T18:00:00+01:00,2.36
2017-01-23T06:00:00+01:00,2.36
2017-01-23T18:00:00+01:00,2.36
2017-01-24T06:00:00+01:00,2.36
2017-01-24T18:00:00+01:00,2.35
2017-01-25T06:00:00+01:00,2.36
2017-01-25T18:00:00+01:00,2.36
2017-01-26T06:00:00+01:00,2.36
2017-01-26T18:00:00+01:00,2.37
2017-01-27T06:00:00+01:00,2.38
2017-01-27T18:00:00+01:00,2.36
2017-01-28T06:00:00+01:00,2.37
2017-01-28T18:00:00+01:00,2.36
2017-01-29T06:00:00+01:00,2.36
2017-01-29T18:00:00+01:00,2.36
2017-01-30T06:00:00+01:00,2.38
2017-01-30T18:00:00+01:00,2.36
2017-01-31T06:00:00+01:00,2.37
2017-01-31T18:00:00+01:00,2.36
2017-02-01T06:00:00+01:00,2.38
2017-02-01T18:00:00+01:00,2.38
2017-02-02T06:00:00+01:00,2.38
2017-02-02T18:00:00+01:00,2.39
2017-02-03T06:00:00+01:00,2.38
2017-02-03T18:00:00+01:00,2.39
2017-02-04T06:00:00+01:00,2.38
2017-02-04T18:00:00+01:00,2.38
2017-02-05T06:00:00+01:00,2.38
2017-02-05T18:00:00+01:00,2.36
2017-02-06T06:00:00+01:00,2.35
2017-02-06T18:00:00+01:00,2.35
2017-02-07T06:00:00+01:00,2.36
2017-02-07T18:00:00+01:00,2.36
2017-02-08T06:00:00+01:00,2.35
2017-02-08T18:00:00+01:00,2.35
2017-02-09T06:00:00+01:00,2.35
2017-02-09T18:00:00+01:00,2.36
2017-02-10T06:00:00+01:00,2.36
2017-02-10T18:00:00+01:00,2.36
2017-02-11T06:00:00+01:00,2.36
2017-02-11T18:00:00+01:00,2.36
2017-02-12T06:00:00+01:00,2.35
2017-02-12T18:00:00+01:00,2.35
2017-02-13T06:00:00+01:00,2.35
2017-02-13T18:00:00+01:00,2.35
2017-02-14T06:00:00+01:00,2.35
2017-02-14T18:00:00+01:00,2.34
2017-02-15T06:00:00+01:00,2.34
2017-02-15T18:00:00+01:00,2.35
2017-02-16T06:00:00+01:00,2.35
2017-02-16T18:00:00+01:00,2.35
2017-02-17T06:00:00+01:00,2.35
2017-02-17T18:00:00+01:00,2.34
2017-02-18T06:00:00+01:00,2.34
2017-02-18T18:00:00+01:00,2.35
2017-02-19T06:00:00+01:00,2.35
2017-02-19T18:00:00+01:00,2.35
2017-02-20T06:00:00+01:00,2.36
2017-02-20T18:00:00+01:00,2.36
2017-02-21T06:00:00+01:00,2.36
2017-02-21T18:00:00+01:00,2.36
2017-02-22T06:00:00+01:00,2.37
2017-02-22T18:00:00+01:00,2.37
2017-02-23T06:00:00+01:00,2.39
2017-02-23T18:00:00+01:00,2.4
2017-02-24T06:00:00+01:00,2.35
2017-02-24T18:00:00+01:00,2.35
2017-02-25T06:00:00+01:00,2.36
2017-02-25T18:00:00+01:00,2.37
2017-02-26T06:00:00+01:00,2.38
2017-02-26T18:00:00+01:00,2.38
2017-02-27T06:00:00+01:00,2.39
2017-02-27T18:00:00+01:00,2.42
2017-02-28T06:00:00+01:00,2.41
2017-02-28T18:00:00+01:00,2.4
2017-03-01T06:00:00+01:00,2.39
2017-03-01T18:00:00+01:00,2.4
2017-03-02T06:00:00+01:00,2.39
2017-03-02T18:00:00+01:00,2.37
2017-03-03T06:00:00+01:00,2.4
2017-03-03T18:00:00+01:00,2.42
2017-03-04T06:00:00+01:00,2.41
2017-03-04T18:00:00+01:00,2.41
2017-03-05T06:00:00+01:00,2.39
2017-03-05T18:00:00+01:00,2.41
2017-03-06T06:00:00+01:00,2.4
2017-03-06T18:00:00+01:00,2.39
2017-03-07T06:00:00+01:00,2.38
2017-03-07T18:00:00+01:00,2.38
2017-03-08T06:00:00+01:00,2.4
2017-03-08T18:00:00+01:00,2.4
2017-03-09T06:00:00+01:00,2.41
2017-03-09T18:00:00+01:00,2.39
2017-03-10T06:00:00+01:00,2.39
2017-03-10T18:00:00+01:00,2.4
2017-03-11T06:00:00+01:00,2.41
2017-03-11T18:00:00+01:00,2.41
2017-03-12T06:00:00+01:00,2.42
2017-03-12T18:00:00+01:00,2.41
2017-03-13T06:00:00+01:00,2.39
2017-03-13T18:00:00+01:00,2.38
2017-03-14T06:00:00+01:00,2.39
2017-03-14T18:00:00+01:00,2.39
2017-03-15T06:00:00+01:00,2.39
2017-03-15T18:00:00+01:00,2.39
2017-03-16T06:00:00+01:00,2.4
2017-03-16T18:00:00+01:00,2.42
2017-03-17T06:00:00+01:00,2.41
2017-03-17T18:00:00+01:00,2.41
2017-03-18T06:00:00+01:00,2.42
2017-03-18T18:00:00+01:00,2.42
2017-03-19T06:00:00+01:00,2.42
2017-03-19T18:00:00+01:00,2.42
2017-03-20T06:00:00+01:00,2.42
2017-03-20T18:00:00+01:00,2.43
2017-03-21T06:00:00+01:00,2.42
2017-03-21T18:00:00+01:00,2.42
2017-03-22T06:00:00+01:00,2.42
2017-03-22T18:00:00+01:00,2.42
2017-03-23T06:00:00+01:00,2.42
2017-03-23T18:00:00+01:00,2.41
2017-03-24T06:00:00+01:00,2.39
2017-03-24T18:00:00+01:00,2.39
2017-03-25T06:00:00+01:00,2.39
2017-03-25T18:00:00+01:00,2.41
2017-03-26T06:00:00+02:00,2.4
2017-03-26T18:00:00+02:00,2.4
2017-03-27T06:00:00+02:00,2.4
2017-03-27T18:00:00+02:00,2.4
2017-03-28T06:00:00+02:00,2.39
2017-03-28T18:00:00+02:00,2.39
2017-03-29T06:00:00+02:00,2.38
2017-03-29T18:00:00+02:00,2.38
2017-03-30T06:00:00+02:00,2.38
2017-03-30T18:00:00+02:00,2.39
2017-03-31T06:00:00+02:00,2.4
2017-03-31T18:00:00+02:00,2.39
2017-04-01T06:00:00+02:00,2.4
2017-04-01T18:00:00+02:00,2.39
2017-04-02T06:00:00+02:00,2.38
2017-04-02T18:00:00+02:00,2.36
2017-04-03T06:00:00+02:00,2.37
2017-04-03T18:00:00+02:00,2.37
2017-04-04T06:00:00+02:00,2.37
2017-04-04T18:00:00+02:00,2.37
2017-04-05T06:00:00+02:00,2.37
2017-04-05T18:00:00+02:00,2.36
2017-04-06T06:00:00+02:00,2.36
2017-04-06T18:00:00+02:00,2.36
2017-04-07T06:00:00+02:00,2.37
2017-04-07T18:00:00+02:00,2.37
2017-04-08T06:00:00+02:00,2.37
2017-04-08T18:00:00+02:00,2.36
2017-04-09T06:00:00+02:00,2.36
2017-04-09T18:00:00+02:00,2.37
2017-04-10T06:00:00+02:00,2.36
2017-04-10T18:00:00+02:00,2.35
2017-04-11T06:00:00+02:00,2.35
2017-04-11T18:00:00+02:00,2.36
2017-04-12T06:00:00+02:00,2.37
2017-04-12T18:00:00+02:00,2.37
2017-04-13T06:00:00+02:00,2.37
2017-04-13T18:00:00+02:00,2.36
2017-04-14T06:00:00+02:00,2.36
2017-04-14T18:00:00+02:00,2.36
2017-04-15T06:00:00+02:00,2.36
2017-04-15T18:00:00+02:00,2.35
2017-04-16T06:00:00+02:00,2.35
2017-04-16T18:00:00+02:00,2.35
2017-04-17T06:00:00+02:00,2.35
2017-04-17T18:00:00+02:00,2.34
2017-04-18T06:00:00+02:00,2.34
2017-04-18T18:00:00+02:00,2.33
2017-04-19T06:00:00+02:00,2.33
2017-04-19T18:00:00+02:00,2.33
2017-04-20T06:00:00+02:00,2.32
2017-04-20T18:00:00+02:00,2.33
2017-04-21T06:00:00+02:00,2.34
2017-04-21T18:00:00+02:00,2.34
2017-04-22T06:00:00+02:00,2.34
2017-04-22T18:00:00+02:00,2.34
2017-04-23T06:00:00+02:00,2.34
2017-04-23T18:00:00+02:00,2.34
2017-04-24T06:00:00+02:00,2.36
2017-04-24T18:00:00+02:00,2.37
2017-04-25T06:00:00+02:00,2.36
2017-04-25T18:00:00+02:00,2.35
2017-04-26T06:00:00+02:00,2.35
2017-04-26T18:00:00+02:00,2.34
2017-04-27T06:00:00+02:00,2.34
2017-04-27T18:00:00+02:00,2.34
2017-04-28T06:00:00+02:00,2.34
2017-04-28T18:00:00+02:00,2.34
2017-04-29T06:00:00+02:00,2.34
2017-04-29T18:00:00+02:00,2.34
2017-04-30T06:00:00+02:00,2.34
2017-04-30T18:00:00+02:00,2.36
2017-05-01T06:00:00+02:00,2.34
2017-05-01T18:00:00+02:00,2.33
2017-05-02T06:00:00+02:00,2.33
2017-05-02T18:00:00+02:00,2.32
2017-05-03T06:00:00+02:00,2.33
2017-05-03T18:00:00+02:00,2.33
2017-05-04T06:00:00+02:00,2.33
2017-05-04T18:00:00+02:00,2.33
2017-05-05T06:00:00+02:00,2.33
2017-05-05T18:00:00+02:00,2.33
2017-05-06T06:00:00+02:00,2.34
2017-05-06T18:00:00+02:00,2.34
2017-05-07T06:00:00+02:00,2.33
2017-05-07T18:00:00+02:00,2.32
2017-05-08T06:00:00+02:00,2.33
2017-05-08T18:00:00+02:00,2.32
2017-05-09T06:00:00+02:00,2.32
2017-05-09T18:00:00+02:00,2.33
2017-05-10T06:00:00+02:00,2.34
2017-05-10T18:00:00+02:00,2.35
2017-05-11T06:00:00+02:00,2.35
2017-05-11T18:00:00+02:00,2.35
2017-05-12T06:00:00+02:00,2.34
2017-05-12T18:00:00+02:00,2.33
2017-05-13T06:00:00+02:00,2.33
2017-05-13T18:00:00+02:00,2.32
2017-05-14T06:00:00+02:00,2.31
2017-05-14T18:00:00+02:00,2.3
2017-05-15T06:00:00+02:00,2.3
2017-05-15T18:00:00+02:00,2.3
2017-05-16T06:00:00+02:00,2.3
2017-05-16T18:00:00+02:00,2.3
2017-05-17T06:00:00+02:00,2.31
2017-05-17T18:00:00+02:00,2.33
2017-05-18T06:00:00+02:00,2.31
2017-05-18T18:00:00+02:00,2.32
2017-05-19T06:00:00+02:00,2.31
2017-05-19T18:00:00+02:00,2.31
2017-05-20T06:00:00+02:00,2.3
2017-05-20T18:00:00+02:00,2.29
2017-05-21T06:00:00+02:00,2.29
2017-05-21T18:00:00+02:00,2.29
2017-05-22T06:00:00+02:00,2.3
2017-05-22T18:00:00+02:00,2.3
2017-05-23T06:00:00+02:00,2.29
2017-05-23T18:00:00+02:00,2.28
2017-05-24T06:00:00+02:00,2.28
2017-05-24T18:00:00+02:00,2.28
2017-05-25T06:00:00+02:00,2.28
2017-05-25T18:00:00+02:00,2.28
2017-05-26T06:00:00+02:00,2.27
2017-05-26T18:00:00+02:00,2.28
2017-05-27T06:00:00+02:00,2.27
2017-05-27T18:00:00+02:00,2.26
2017-05-28T06:00:00+02:00,2.26
2017-05-28T18:00:00+02:00,2.26
2017-05-29T06:00:00+02:00,2.26
2017-05-29T18:00:00+02:00,2.26
2017-05-30T06:00:00+02:00,2.25
2017-05-30T18:00:00+02:00,2.25
2017-05-31T06:00:00+02:00,2.24
2017-05-31T18:00:00+02:00,2.24
2017-06-01T06:00:00+02:00,2.24
2017-06-01T18:00:00+02:00,2.25
2017-06-02T06:00:00+02:00,2.24
2017-06-02T18:00:00+02:00,2.25
2017-06-03T06:00:00+02:00,2.24
2017-06-03T18:00:00+02:00,2.24
2017-06-04T06:00:00+02:00,2.24
2017-06-04T18:00:00+02:00,2.23
2017-06-05T06:00:00+02:00,2.23
2017-06-05T18:00:00+02:00,2.24
2017-06-06T06:00:00+02:00,2.27
2017-06-06T18:00:00+02:00,2.24
2017-06-07T06:00:00+02:00,2.23
2017-06-07T18:00:00+02:00,2.22
2017-06-08T06:00:00+02:00,2.23
2017-06-08T18:00:00+02:00,2.23
2017-06-09T06:00:00+02:00,2.23
2017-06-09T18:00:00+02:00,2.22
2017-06-10T06:00:00+02:00,2.22
2017-06-10T18:00:00+02:00,2.22
2017-06-11T06:00:00+02:00,2.23
2017-06-11T18:00:00+02:00,2.23
2017-06-12T06:00:00+02:00,2.22
2017-06-12T18:00:00+02:00,2.22
2017-06-13T06:00:00+02:00,2.22
2017-06-13T18:00:00+02:00,2.21
2017-06-14T06:00:00+02:00,2.21
2017-06-14T18:00:00+02:00,2.22
2017-06-15T06:00:00+02:00,2.21
2017-06-15T18:00:00+02:00,2.21
2017-06-16T06:00:00+02:00,2.19
2017-06-16T18:00:00+02:00,2.19
2017-06-17T06:00:00+02:00,2.19
2017-06-17T18:00:00+02:00,2.19
2017-06-18T06:00:00+02:00,2.18
2017-06-18T18:00:00+02:00,2.19
2017-06-19T06:00:00+02:00,2.18
2017-06-19T18:00:00+02:00,2.19
2017-06-20T06:00:00+02:00,2.18
2017-06-20T18:00:00+02:00,2.18
2017-06-21T06:00:00+02:00,2.17
2017-06-21T18:00:00+02:00,2.18
2017-06-22T06:00:00+02:00,2.18
2017-06-22T18:00:00+02:00,2.16
2017-06-23T06:00:00+02:00,2.16
2017-06-23T18:00:00+02:00,2.16
2017-06-24T06:00:00+02:00,2.16
2017-06-24T18:00:00+02:00,2.16
2017-06-25T06:00:00+02:00,2.17
2017-06-25T18:00:00+02:00,2.15
2017-06-26T06:00:00+02:00,2.15
2017-06-26T18:00:00+02:00,2.15
2017-06-27T06:00:00+02:00,2.16
2017-06-27T18:00:00+02:00,2.17
2017-06-28T06:00:00+02:00,2.18
2017-06-28T18:00:00+02:00,2.17
2017-06-29T06:00:00+02:00,2.17
2017-06-29T18:00:00+02:00,2.15
2017-06-30T06:00:00+02:00,2.15
2017-06-30T18:00:00+02:00,2.14
2017-07-01T06:00:00+02:00,2.15
2017-07-01T18:00:00+02:00,2.13
2017-07-02T06:00:00+02:00,2.14
2017-07-02T18:00:00+02:00,2.13
2017-07-03T06:00:00+02:00,2.14
2017-07-03T18:00:00+02:00,2.14
2017-07-04T06:00:00+02:00,2.14
2017-07-04T18:00:00+02:00,2.14
2017-07-05T06:00:00+02:00,2.14
2017-07-05T18:00:00+02:00,2.14
2017-07-06T06:00:00+02:00,2.13
2017-07-06T18:00:00+02:00,2.15
2017-07-07T06:00:00+02:00,2.14
2017-07-07T18:00:00+02:00,2.14
2017-07-08T06:00:00+02:00,2.14
2017-07-08T18:00:00+02:00,2.13
2017-07-09T06:00:00+02:00,2.14
2017-07-09T18:00:00+02:00,2.14
2017-07-10T06:00:00+02:00,2.14
2017-07-10T18:00:00+02:00,2.13
2017-07-11T06:00:00+02:00,2.13
2017-07-11T18:00:00+02:00,2.13
2017-07-12T06:00:00+02:00,2.16
2017-07-12T18:00:00+02:00,2.12
2017-07-13T06:00:00+02:00,2.13
2017-07-13T18:00:00+02:00,2.14
2017-07-14T06:00:00+02:00,2.15
2017-07-14T18:00:00+02:00,2.14
2017-07-15T06:00:00+02:00,2.15
2017-07-15T18:00:00+02:00,2.15
2017-07-16T06:00:00+02:00,2.15
2017-07-16T18:00:00+02:00,2.14
2017-07-17T06:00:00+02:00,2.15
2017-07-17T18:00:00+02:00,2.15
2017-07-18T06:00:00+02:00,2.15
2017-07-18T18:00:00+02:00,2.16
2017-07-19T06:00:00+02:00,2.17
2017-07-19T18:00:00+02:00,2.16
2017-07-20T06:00:00+02:00,2.16
2017-07-20T18:00:00+02:00,2.15
2017-07-21T06:00:00+02:00,2.15
2017-07-21T18:00:00+02:00,2.17
2017-07-22T06:00:00+02:00,2.16
2017-07-22T18:00:00+02:00,2.15
2017-07-23T06:00:00+02:00,2.15
2017-07-23T18:00:00+02:00,2.15
2017-07-24T06:00:00+02:00,2.16
2017-07-24T18:00:00+02:00,2.15
2017-07-25T06:00:00+02:00,2.16
2017-07-25T18:00:00+02:00,2.15
2017-07-26T06:00:00+02:00,2.16
2017-07-26T18:00:00+02:00,2.16
2017-07-27T06:00:00+02:00,2.16
2017-07-27T18:00:00+02:00,2.16
2017-07-28T06:00:00+02:00,2.15
2017-07-28T18:00:00+02:00,2.14
2017-07-29T06:00:00+02:00,2.15
2017-07-29T18:00:00+02:00,2.15
2017-07-30T06:00:00+02:00,2.16
2017-07-30T18:00:00+02:00,2.14
2017-07-31T06:00:00+02:00,2.14
2017-07-31T18:00:00+02:00,2.14
2017-08-01T06:00:00+02:00,2.13
2017-08-01T18:00:00+02:00,2.13
2017-08-02T06:00:00+02:00,2.13
2017-08-02T18:00:00+02:00,2.14
2017-08-03T06:00:00+02:00,2.14
2017-08-03T18:00:00+02:00,2.13
2017-08-04T06:00:00+02:00,2.13
2017-08-04T18:00:00+02:00,2.13
2017-08-05T06:00:00+02:00,2.13
2017-08-05T18:00:00+02:00,2.12
2017-08-06T06:00:00+02:00,2.12
2017-08-06T18:00:00+02:00,2.11
2017-08-07T06:00:00+02:00,2.12
2017-08-07T18:00:00+02:00,2.13
2017-08-08T06:00:00+02:00,2.14
2017-08-08T18:00:00+02:00,2.13
2017-08-09T06:00:00+02:00,2.12
2017-08-09T18:00:00+02:00,2.12
2017-08-10T06:00:00+02:00,2.11
2017-08-10T18:00:00+02:00,2.12
2017-08-11T06:00:00+02:00,2.12
2017-08-11T18:00:00+02:00,2.12
2017-08-12T06:00:00+02:00,2.13
2017-08-12T18:00:00+02:00,2.12
2017-08-13T06:00:00+02:00,2.12
2017-08-13T18:00:00+02:00,2.11
2017-08-14T06:00:00+02:00,2.12
2017-08-14T18:00:00+02:00,2.12
2017-08-15T06:00:00+02:00,2.12
2017-08-15T18:00:00+02:00,2.11
2017-08-16T06:00:00+02:00,2.11
2017-08-16T18:00:00+02:00,2.11
2017-08-17T06:00:00+02:00,2.12
2017-08-17T18:00:00+02:00,2.12
2017-08-18T06:00:00+02:00,2.12
2017-08-18T18:00:00+02:00,2.12
2017-08-19T06:00:00+02:00,2.12
2017-08-19T18:00:00+02:00,2.11
2017-08-20T06:00:00+02:00,2.11
2017-08-20T18:00:00+02:00,2.11
2017-08-21T06:00:00+02:00,2.11
2017-08-21T18:00:00+02:00,2.11
2017-08-22T06:00:00+02:00,2.11
2017-08-22T18:00:00+02:00,2.11
2017-08-23T06:00:00+02:00,2.11
2017-08-23T18:00:00+02:00,2.11
2017-08-24T06:00:00+02:00,2.1
2017-08-24T18:00:00+02:00,2.1
2017-08-25T06:00:00+02:00,2.1
2017-08-25T18:00:00+02:00,2.11
2017-08-26T06:00:00+02:00,2.1
2017-08-26T18:00:00+02:00,2.1
2017-08-27T06:00:00+02:00,2.1
2017-08-27T18:00:00+02:00,2.1
2017-08-28T06:00:00+02:00,2.09
2017-08-28T18:00:00+02:00,2.09
2017-08-29T06:00:00+02:00,2.1
2017-08-29T18:00:00+02:00,2.1
2017-08-30T06:00:00+02:00,2.1
2017-08-30T18:00:00+02:00,2.1
2017-08-31T06:00:00+02:00,2.09
2017-08-31T18:00:00+02:00,2.09
2017-09-01T06:00:00+02:00,2.09
2017-09-01T18:00:00+02:00,2.09
2017-09-02T06:00:00+02:00,2.09
2017-09-02T18:00:00+02:00,2.09
2017-09-03T06:00:00+02:00,2.1
2017-09-03T18:00:00+02:00,2.1
2017-09-04T06:00:00+02:00,2.1
2017-09-04T18:00:00+02:00,2.09
2017-09-05T06:00:00+02:00,2.09
2017-09-05T18:00:00+02:00,2.09
2017-09-06T06:00:00+02:00,2.09
2017-09-06T18:00:00+02:00,2.09
2017-09-07T06:00:00+02:00,2.09
2017-09-07T18:00:00+02:00,2.09
2017-09-08T06:00:00+02:00,2.11
2017-09-08T18:00:00+02:00,2.12
2017-09-09T06:00:00+02:00,2.11
2017-09-09T18:00:00+02:00,2.1
2017-09-10T06:00:00+02:00,2.1
2017-09-10T18:00:00+02:00,2.11
2017-09-11T06:00:00+02:00,2.11
2017-09-11T18:00:00+02:00,2.1
2017-09-12T06:00:00+02:00,2.1
2017-09-12T18:00:00+02:00,2.09
2017-09-13T06:00:00+02:00,2.12
2017-09-13T18:00:00+02:00,2.11
2017-09-14T06:00:00+02:00,2.11
2017-09-14T18:00:00+02:00,2.1
2017-09-15T06:00:00+02:00,2.12
2017-09-15T18:00:00+02:00,2.12
2017-09-16T06:00:00+02:00,2.12
2017-09-16T18:00:00+02:00,2.12
2017-09-17T06:00:00+02:00,2.12
2017-09-17T18:00:00+02:00,2.12
2017-09-18T06:00:00+02:00,2.12
2017-09-18T18:00:00+02:00,2.12
2017-09-19T06:00:00+02:00,2.12
2017-09-19T18:00:00+02:00,2.11
2017-09-20T06:00:00+02:00,2.12
2017-09-20T18:00:00+02:00,2.12
2017-09-21T06:00:00+02:00,2.12
2017-09-21T18:00:00+02:00,2.11
2017-09-22T06:00:00+02:00,2.11
2017-09-22T18:00:00+02:00,2.11
2017-09-23T06:00:00+02:00,2.11
2017-09-23T18:00:00+02:00,2.11
2017-09-24T06:00:00+02:00,2.11
2017-09-24T18:00:00+02:00,2.11
2017-09-25T06:00:00+02:00,2.11
2017-09-25T18:00:00+02:00,2.11
2017-09-26T06:00:00+02:00,2.11
2017-09-26T18:00:00+02:00,2.11
2017-09-27T06:00:00+02:00,2.11
2017-09-27T18:00:00+02:00,2.11
2017-09-28T06:00:00+02:00,2.11
2017-09-28T18:00:00+02:00,2.11
2017-09-29T06:00:00+02:00,2.11
2017-09-29T18:00:00+02:00,2.11
2017-09-30T06:00:00+02:00,2.11
2017-09-30T18:00:00+02:00,2.1
2017-10-01T06:00:00+02:00,2.11
2017-10-01T18:00:00+02:00,2.12
2017-10-02T06:00:00+02:00,2.11
2017-10-02T18:00:00+02:00,2.11
2017-10-03T06:00:00+02:00,2.11
2017-10-03T18:00:00+02:00,2.1
2017-10-04T06:00:00+02:00,2.11
2017-10-04T18:00:00+02:00,2.12
2017-10-05T06:00:00+02:00,2.14
2017-10-05T18:00:00+02:00,2.11
2017-10-06T06:00:00+02:00,2.12
2017-10-06T18:00:00+02:00,2.1
2017-10-07T06:00:00+02:00,2.12
2017-10-07T18:00:00+02:00,2.13
2017-10-08T06:00:00+02:00,2.12
2017-10-08T18:00:00+02:00,2.12
2017-10-09T06:00:00+02:00,2.13
2017-10-09T18:00:00+02:00,2.13
2017-10-10T06:00:00+02:00,2.13
2017-10-10T18:00:00+02:00,2.13
2017-10-11T06:00:00+02:00,2.13
2017-10-11T18:00:00+02:00,2.13
2017-10-12T06:00:00+02:00,2.12
2017-10-12T18:00:00+02:00,2.12
2017-10-13T06:00:00+02:00,2.12
2017-10-13T18:00:00+02:00,2.12
2017-10-14T06:00:00+02:00,2.12
2017-10-14T18:00:00+02:00,2.12
2017-10-15T06:00:00+02:00,2.12
2017-10-15T18:00:00+02:00,2.13
2017-10-16T06:00:00+02:00,2.12
2017-10-16T18:00:00+02:00,2.12
2017-10-17T06:00:00+02:00,2.12
2017-10-17T18:00:00+02:00,2.12
2017-10-18T06:00:00+02:00,2.13
2017-10-18T18:00:00+02:00,2.13
2017-10-19T06:00:00+02:00,2.13
2017-10-19T18:00:00+02:00,2.13
2017-10-20T06:00:00+02:00,2.14
2017-10-20T18:00:00+02:00,2.12
2017-10-21T06:00:00+02:00,2.13
2017-10-21T18:00:00+02:00,2.12
2017-10-22T06:00:00+02:00,2.12
2017-10-22T18:00:00+02:00,2.12
2017-10-23T06:00:00+02:00,2.12
2017-10-23T18:00:00+02:00,2.12
2017-10-24T06:00:00+02:00,2.12
2017-10-24T18:00:00+02:00,2.12
2017-10-25T06:00:00+02:00,2.12
2017-10-25T18:00:00+02:00,2.11
2017-10-26T06:00:00+02:00,2.12
2017-10-26T18:00:00+02:00,2.12
2017-10-27T06:00:00+02:00,2.11
2017-10-27T18:00:00+02:00,2.11
2017-10-28T06:00:00+02:00,2.12
2017-10-28T18:00:00+02:00,2.13
2017-10-29T06:00:00+01:00,2.13
2017-10-29T18:00:00+01:00,2.11
2017-10-30T06:00:00+01:00,2.11
2017-10-30T18:00:00+01:00,2.11
2017-10-31T06:00:00+01:00,2.11
2017-10-31T18:00:00+01:00,2.11
2017-11-01T06:00:00+01:00,2.12
2017-11-01T18:00:00+01:00,2.12
2017-11-02T06:00:00+01:00,2.13
2017-11-02T18:00:00+01:00,2.12
2017-11-03T06:00:00+01:00,2.12
2017-11-03T18:00:00+01:00,2.12
2017-11-04T06:00:00+01:00,2.13
2017-11-04T18:00:00+01:00,2.13
2017-11-05T06:00:00+01:00,2.12
2017-11-05T18:00:00+01:00,2.11
2017-11-06T06:00:00+01:00,2.1
2017-11-06T18:00:00+01:00,2.1
2017-11-07T06:00:00+01:00,2.11
2017-11-07T18:00:00+01:00,2.12
2017-11-08T06:00:00+01:00,2.11
2017-11-08T18:00:00+01:00,2.11
2017-11-09T06:00:00+01:00,2.11
2017-11-09T18:00:00+01:00,2.11
2017-11-10T06:00:00+01:00,2.12
2017-11-10T18:00:00+01:00,2.11
2017-11-11T06:00:00+01:00,2.13
2017-11-11T18:00:00+01:00,2.12
2017-11-12T06:00:00+01:00,2.13
2017-11-12T18:00:00+01:00,2.13
2017-11-13T06:00:00+01:00,2.11
2017-11-13T18:00:00+01:00,2.11
2017-11-14T06:00:00+01:00,2.12
2017-11-14T18:00:00+01:00,2.11
2017-11-15T06:00:00+01:00,2.12
2017-11-15T18:00:00+01:00,2.12
2017-11-16T06:00:00+01:00,2.12
2017-11-16T18:00:00+01:00,2.12
2017-11-17T06:00:00+01:00,2.11
2017-11-17T18:00:00+01:00,2.12
2017-11-18T06:00:00+01:00,2.12
2017-11-18T18:00:00+01:00,2.13
2017-11-19T06:00:00+01:00,2.12
2017-11-19T18:00:00+01:00,2.11
2017-11-20T06:00:00+01:00,2.12
2017-11-20T18:00:00+01:00,2.14
2017-11-21T06:00:00+01:00,2.14
2017-11-21T18:00:00+01:00,2.14
2017-11-22T06:00:00+01:00,2.14
2017-11-22T18:00:00+01:00,2.15
2017-11-23T06:00:00+01:00,2.16
2017-11-23T18:00:00+01:00,2.13
2017-11-24T06:00:00+01:00,2.15
2017-11-24T18:00:00+01:00,2.13
2017-11-25T06:00:00+01:00,2.14
2017-11-25T18:00:00+01:00,2.13
2017-11-26T06:00:00+01:00,2.13
2017-11-26T18:00:00+01:00,2.12
2017-11-27T06:00:00+01:00,2.14
2017-11-27T18:00:00+01:00,2.15
2017-11-28T06:00:00+01:00,2.16
2017-11-28T18:00:00+01:00,2.16
2017-11-29T06:00:00+01:00,2.17
2017-11-29T18:00:00+01:00,2.16
2017-11-30T06:00:00+01:00,2.16
2017-11-30T18:00:00+01:00,2.17
2017-12-01T06:00:00+01:00,2.16
2017-12-01T18:00:00+01:00,2.15
2017-12-02T06:00:00+01:00,2.15
2017-12-02T18:00:00+01:00,2.15
2017-12-03T06:00:00+01:00,2.16
2017-12-03T18:00:00+01:00,2.15
2017-12-04T06:00:00+01:00,2.15
2017-12-04T18:00:00+01:00,2.14
2017-12-05T06:00:00+01:00,2.15
2017-12-05T18:00:00+01:00,2.15
2017-12-06T06:00:00+01:00,2.16
2017-12-06T18:00:00+01:00,2.16
2017-12-07T06:00:00+01:00,2.18
2017-12-07T18:00:00+01:00,2.19
2017-12-08T06:00:00+01:00,2.18
2017-12-08T18:00:00+01:00,2.17
2017-12-09T06:00:00+01:00,2.17
2017-12-09T18:00:00+01:00,2.18
2017-12-10T06:00:00+01:00,2.21
2017-12-10T18:00:00+01:00,2.24
2017-12-11T06:00:00+01:00,2.21
2017-12-11T18:00:00+01:00,2.22
2017-12-12T06:00:00+01:00,2.18
2017-12-12T18:00:00+01:00,2.18
2017-12-13T06:00:00+01:00,2.21
2017-12-13T18:00:00+01:00,2.24
2017-12-14T06:00:00+01:00,2.22
2017-12-14T18:00:00+01:00,2.24
2017-12-15T06:00:00+01:00,2.23
2017-12-15T18:00:00+01:00,2.22
2017-12-16T06:00:00+01:00,2.2
2017-12-16T18:00:00+01:00,2.2
2017-12-17T06:00:00+01:00,2.2
2017-12-17T18:00:00+01:00,2.21
2017-12-18T06:00:00+01:00,2.21
2017-12-18T18:00:00+01:00,2.2
2017-12-19T06:00:00+01:00,2.2
2017-12-19T18:00:00+01:00,2.21
2017-12-20T06:00:00+01:00,2.21
2017-12-20T18:00:00+01:00,2.21
2017-12-21T06:00:00+01:00,2.21
2017-12-21T18:00:00+01:00,2.21
2017-12-22T06:00:00+01:00,2.22
2017-12-22T18:00:00+01:00,2.21
2017-12-23T06:00:00+01:00,2.22
2017-12-23T18:00:00+01:00,2.22
2017-12-24T06:00:00+01:00,2.23
2017-12-24T18:00:00+01:00,2.24
2017-12-25T06:00:00+01:00,2.24
2017-12-25T18:00:00+01:00,2.26
2017-12-26T06:00:00+01:00,2.27
2017-12-26T18:00:00+01:00,2.26
2017-12-27T06:00:00+01:00,2.28
2017-12-27T18:00:00+01:00,2.26
2017-12-28T06:00:00+01:00,2.25
2017-12-28T18:00:00+01:00,2.24
2017-12-29T06:00:00+01:00,2.25
2017-12-29T18:00:00+01:00,2.27
2017-12-30T06:00:00+01:00,2.27
2017-12-30T18:00:00+01:00,2.25
2017-12-31T06:00:00+01:00,2.27
2017-12-31T18:00:00+01:00,2.29
2018-01-01T06:00:00+01:00,2.27
2018-01-01T18:00:00+01:00,2.29
2018-01-02T06:00:00+01:00,2.26
2018-01-02T18:00:00+01:00,2.29
2018-01-03T06:00:00+01:00,2.33
2018-01-03T18:00:00+01:00,2.29
2018-01-04T06:00:00+01:00,2.3
2018-01-04T18:00:00+01:00,2.31
2018-01-05T06:00:00+01:00,2.3
2018-01-05T18:00:00+01:00,2.3
2018-01-06T06:00:00+01:00,2.29
2018-01-06T18:00:00+01:00,2.28
2018-01-07T06:00:00+01:00,2.27
2018-01-07T18:00:00+01:00,2.27
2018-01-08T06:00:00+01:00,2.29
2018-01-08T18:00:00+01:00,2.29
2018-01-09T06:00:00+01:00,2.31
2018-01-09T18:00:00+01:00,2.3
2018-01-10T06:00:00+01:00,2.3
2018-01-10T18:00:00+01:00,2.3
2018-01-11T06:00:00+01:00,2.3
2018-01-11T18:00:00+01:00,2.28
2018-01-12T06:00:00+01:00,2.29
2018-01-12T18:00:00+01:00,2.29
2018-01-13T06:00:00+01:00,2.3
2018-01-13T18:00:00+01:00,2.3
2018-01-14T06:00:00+01:00,2.31
2018-01-14T18:00:00+01:00,2.3
2018-01-15T06:00:00+01:00,2.32
2018-01-15T18:00:00+01:00,2.36
2018-01-16T06:00:00+01:00,2.34
2018-01-16T18:00:00+01:00,2.33
2018-01-17T06:00:00+01:00,2.33
2018-01-17T18:00:00+01:00,2.31
2018-01-18T06:00:00+01:00,2.37
2018-01-18T18:00:00+01:00,2.32
2018-01-19T06:00:00+01:00,2.32
2018-01-19T18:00:00+01:00,2.32
2018-01-20T06:00:00+01:00,2.34
2018-01-20T18:00:00+01:00,2.34
2018-01-21T06:00:00+01:00,2.31
2018-01-21T18:00:00+01:00,2.33
2018-01-22T06:00:00+01:00,2.35
2018-01-22T18:00:00+01:00,2.32
2018-01-23T06:00:00+01:00,2.32
2018-01-23T18:00:00+01:00,2.34
2018-01-24T06:00:00+01:00,2.34
2018-01-24T18:00:00+01:00,2.35
2018-01-25T06:00:00+01:00,2.34
2018-01-25T18:00:00+01:00,2.34
2018-01-26T06:00:00+01:00,2.34
2018-01-26T18:00:00+01:00,2.32
2018-01-27T06:00:00+01:00,2.32
2018-01-27T18:00:00+01:00,2.33
2018-01-28T06:00:00+01:00,2.33
2018-01-28T18:00:00+01:00,2.33
2018-01-29T06:00:00+01:00,2.34
2018-01-29T18:00:00+01:00,2.35
2018-01-30T06:00:00+01:00,2.33
2018-01-30T18:00:00+01:00,2.35
2018-01-31T06:00:00+01:00,2.38
2018-01-31T18:00:00+01:00,2.38
2018-02-01T06:00:00+01:00,2.37
2018-02-01T18:00:00+01:00,2.36
2018-02-02T06:00:00+01:00,2.37
2018-02-02T18:00:00+01:00,2.36
2018-02-03T06:00:00+01:00,2.37
2018-02-03T18:00:00+01:00,2.37
2018-02-04T06:00:00+01:00,2.34
2018-02-04T18:00:00+01:00,2.34
2018-02-05T06:00:00+01:00,2.35
2018-02-05T18:00:00+01:00,2.36
2018-02-06T06:00:00+01:00,2.37
2018-02-06T18:00:00+01:00,2.37
2018-02-07T06:00:00+01:00,2.37
2018-02-07T18:00:00+01:00,2.36
2018-02-08T06:00:00+01:00,2.36
2018-02-08T18:00:00+01:00,2.37
2018-02-09T06:00:00+01:00,2.38
2018-02-09T18:00:00+01:00,2.37
2018-02-10T06:00:00+01:00,2.36
2018-02-10T18:00:00+01:00,2.38
2018-02-11T06:00:00+01:00,2.4
2018-02-11T18:00:00+01:00,2.38
2018-02-12T06:00:00+01:00,2.36
2018-02-12T18:00:00+01:00,2.36
2018-02-13T06:00:00+01:00,2.37
2018-02-13T18:00:00+01:00,2.38
2018-02-14T06:00:00+01:00,2.37
2018-02-14T18:00:00+01:00,2.37
2018-02-15T06:00:00+01:00,2.38
2018-02-15T18:00:00+01:00,2.36
2018-02-16T06:00:00+01:00,2.35
2018-02-16T18:00:00+01:00,2.36
2018-02-17T06:00:00+01:00,2.37
2018-02-17T18:00:00+01:00,2.36
2018-02-18T06:00:00+01:00,2.36
2018-02-18T18:00:00+01:00,2.37
2018-02-19T06:00:00+01:00,2.38
2018-02-19T18:00:00+01:00,2.38
2018-02-20T06:00:00+01:00,2.37
2018-02-20T18:00:00+01:00,2.37
2018-02-21T06:00:00+01:00,2.36
2018-02-21T18:00:00+01:00,2.37
2018-02-22T06:00:00+01:00,2.37
2018-02-22T18:00:00+01:00,2.37
2018-02-23T06:00:00+01:00,2.37
2018-02-23T18:00:00+01:00,2.37
2018-02-24T06:00:00+01:00,2.36
2018-02-24T18:00:00+01:00,2.36
2018-02-25T06:00:00+01:00,2.36
2018-02-25T18:00:00+01:00,2.36
2018-02-26T06:00:00+01:00,2.36
2018-02-26T18:00:00+01:00,2.36
2018-02-27T06:00:00+01:00,2.37
2018-02-27T18:00:00+01:00,2.37
2018-02-28T06:00:00+01:00,2.37
2018-02-28T18:00:00+01:00,2.38
2018-03-01T06:00:00+01:00,2.39
2018-03-01T18:00:00+01:00,2.39
2018-03-02T06:00:00+01:00,2.39
2018-03-02T18:00:00+01:00,2.38
2018-03-03T06:00:00+01:00,2.39
2018-03-03T18:00:00+01:00,2.38
2018-03-04T06:00:00+01:00,2.38
2018-03-04T18:00:00+01:00,2.39
2018-03-05T06:00:00+01:00,2.38
2018-03-05T18:00:00+01:00,2.38
2018-03-06T06:00:00+01:00,2.39
2018-03-06T18:00:00+01:00,2.38
2018-03-07T06:00:00+01:00,2.38
2018-03-07T18:00:00+01:00,2.37
2018-03-08T06:00:00+01:00,2.37
2018-03-08T18:00:00+01:00,2.37
2018-03-09T06:00:00+01:00,2.36
2018-03-09T18:00:00+01:00,2.37
2018-03-10T06:00:00+01:00,2.38
2018-03-10T18:00:00+01:00,2.38
2018-03-11T06:00:00+01:00,2.4
2018-03-11T18:00:00+01:00,2.4
2018-03-12T06:00:00+01:00,2.4
2018-03-12T18:00:00+01:00,2.4
2018-03-13T06:00:00+01:00,2.39
2018-03-13T18:00:00+01:00,2.37
2018-03-14T06:00:00+01:00,2.38
2018-03-14T18:00:00+01:00,2.4
2018-03-15T06:00:00+01:00,2.42
2018-03-15T18:00:00+01:00,2.4
2018-03-16T06:00:00+01:00,2.4
2018-03-16T18:00:00+01:00,2.39
2018-03-17T06:00:00+01:00,2.4
2018-03-17T18:00:00+01:00,2.4
2018-03-18T06:00:00+01:00,2.39
2018-03-18T18:00:00+01:00,2.39
2018-03-19T06:00:00+01:00,2.39
2018-03-19T18:00:00+01:00,2.38
2018-03-20T06:00:00+01:00,2.38
2018-03-20T18:00:00+01:00,2.36
2018-03-21T06:00:00+01:00,2.37
2018-03-21T18:00:00+01:00,2.38
2018-03-22T06:00:00+01:00,2.39
2018-03-22T18:00:00+01:00,2.4
2018-03-23T06:00:00+01:00,2.41
2018-03-23T18:00:00+01:00,2.41
2018-03-24T06:00:00+01:00,2.41
2018-03-24T18:00:00+01:00,2.4
2018-03-25T06:00:00+02:00,2.4
2018-03-25T18:00:00+02:00,2.39
2018-03-26T06:00:00+02:00,2.38
2018-03-26T18:00:00+02:00,2.38
2018-03-27T06:00:00+02:00,2.39
2018-03-27T18:00:00+02:00,2.41
2018-03-28T06:00:00+02:00,2.4
2018-03-28T18:00:00+02:00,2.41
2018-03-29T06:00:00+02:00,2.4
2018-03-29T18:00:00+02:00,2.41
2018-03-30T06:00:00+02:00,2.41
2018-03-30T18:00:00+02:00,2.43
2018-03-31T06:00:00+02:00,2.41
2018-03-31T18:00:00+02:00,2.41
2018-04-01T06:00:00+02:00,2.4
2018-04-01T18:00:00+02:00,2.39
2018-04-02T06:00:00+02:00,2.41
2018-04-02T18:00:00+02:00,2.43
2018-04-03T06:00:00+02:00,2.42
2018-04-03T18:00:00+02:00,2.42
2018-04-04T06:00:00+02:00,2.41
2018-04-04T18:00:00+02:00,2.42
2018-04-05T06:00:00+02:00,2.4
2018-04-05T18:00:00+02:00,2.38
2018-04-06T06:00:00+02:00,2.39
2018-04-06T18:00:00+02:00,2.42
2018-04-07T06:00:00+02:00,2.41
2018-04-07T18:00:00+02:00,2.41
2018-04-08T06:00:00+02:00,2.41
2018-04-08T18:00:00+02:00,2.41
2018-04-09T06:00:00+02:00,2.41
2018-04-09T18:00:00+02:00,2.42
2018-04-10T06:00:00+02:00,2.41
2018-04-10T18:00:00+02:00,2.41
2018-04-11T06:00:00+02:00,2.41
2018-04-11T18:00:00+02:00,2.42
2018-04-12T06:00:00+02:00,2.42
2018-04-12T18:00:00+02:00,2.43
2018-04-13T06:00:00+02:00,2.42
2018-04-13T18:00:00+02:00,2.4
2018-04-14T06:00:00+02:00,2.4
2018-04-14T18:00:00+02:00,2.4
2018-04-15T06:00:00+02:00,2.42
2018-04-15T18:00:00+02:00,2.42
2018-04-16T06:00:00+02:00,2.41
2018-04-16T18:00:00+02:00,2.41
2018-04-17T06:00:00+02:00,2.4
2018-04-17T18:00:00+02:00,2.4
2018-04-18T06:00:00+02:00,2.39
2018-04-18T18:00:00+02:00,2.41
2018-04-19T06:00:00+02:00,2.4
2018-04-19T18:00:00+02:00,2.41
2018-04-20T06:00:00+02:00,2.41
2018-04-20T18:00:00+02:00,2.41
2018-04-21T06:00:00+02:00,2.4
2018-04-21T18:00:00+02:00,2.41
2018-04-22T06:00:00+02:00,2.42
2018-04-22T18:00:00+02:00,2.42
2018-04-23T06:00:00+02:00,2.41
2018-04-23T18:00:00+02:00,2.4
2018-04-24T06:00:00+02:00,2.4
2018-04-24T18:00:00+02:00,2.41
2018-04-25T06:00:00+02:00,2.42
2018-04-25T18:00:00+02:00,2.41
2018-04-26T06:00:00+02:00,2.4
2018-04-26T18:00:00+02:00,2.4
2018-04-27T06:00:00+02:00,2.41
2018-04-27T18:00:00+02:00,2.42
2018-04-28T06:00:00+02:00,2.41
2018-04-28T18:00:00+02:00,2.41
2018-04-29T06:00:00+02:00,2.4
2018-04-29T18:00:00+02:00,2.42
2018-04-30T06:00:00+02:00,2.43
2018-04-30T18:00:00+02:00,2.43
2018-05-01T06:00:00+02:00,2.42
2018-05-01T18:00:00+02:00,2.42
2018-05-02T06:00:00+02:00,2.43
2018-05-02T18:00:00+02:00,2.43
2018-05-03T06:00:00+02:00,2.41
2018-05-03T18:00:00+02:00,2.42
2018-05-04T06:00:00+02:00,2.41
2018-05-04T18:00:00+02:00,2.41
2018-05-05T06:00:00+02:00,2.41
2018-05-05T18:00:00+02:00,2.42
2018-05-06T06:00:00+02:00,2.41
2018-05-06T18:00:00+02:00,2.41
2018-05-07T06:00:00+02:00,2.42
2018-05-07T18:00:00+02:00,2.42
2018-05-08T06:00:00+02:00,2.42
2018-05-08T18:00:00+02:00,2.43
2018-05-09T06:00:00+02:00,2.42
2018-05-09T18:00:00+02:00,2.42
2018-05-10T06:00:00+02:00,2.42
2018-05-10T18:00:00+02:00,2.39
2018-05-11T06:00:00+02:00,2.4
2018-05-11T18:00:00+02:00,2.41
2018-05-12T06:00:00+02:00,2.41
2018-05-12T18:00:00+02:00,2.41
2018-05-13T06:00:00+02:00,2.4
2018-05-13T18:00:00+02:00,2.4
2018-05-14T06:00:00+02:00,2.4
2018-05-14T18:00:00+02:00,2.4
2018-05-15T06:00:00+02:00,2.39
2018-05-15T18:00:00+02:00,2.39
2018-05-16T06:00:00+02:00,2.39
2018-05-16T18:00:00+02:00,2.38
2018-05-17T06:00:00+02:00,2.37
2018-05-17T18:00:00+02:00,2.37
2018-05-18T06:00:00+02:00,2.37
2018-05-18T18:00:00+02:00,2.37
2018-05-19T06:00:00+02:00,2.36
2018-05-19T18:00:00+02:00,2.37
2018-05-20T06:00:00+02:00,2.36
2018-05-20T18:00:00+02:00,2.38
2018-05-21T06:00:00+02:00,2.37
2018-05-21T18:00:00+02:00,2.38
2018-05-22T06:00:00+02:00,2.37
2018-05-22T18:00:00+02:00,2.36
2018-05-23T06:00:00+02:00,2.36
2018-05-23T18:00:00+02:00,2.36
2018-05-24T06:00:00+02:00,2.36
2018-05-24T18:00:00+02:00,2.37
2018-05-25T06:00:00+02:00,2.36
2018-05-25T18:00:00+02:00,2.36
2018-05-26T06:00:00+02:00,2.36
2018-05-26T18:00:00+02:00,2.36
2018-05-27T06:00:00+02:00,2.36
2018-05-27T18:00:00+02:00,2.37
2018-05-28T06:00:00+02:00,2.37
2018-05-28T18:00:00+02:00,2.38
2018-05-29T06:00:00+02:00,2.38
2018-05-29T18:00:00+02:00,2.38
2018-05-30T06:00:00+02:00,2.38
2018-05-30T18:00:00+02:00,2.38
2018-05-31T06:00:00+02:00,2.38
2018-05-31T18:00:00+02:00,2.39
2018-06-01T06:00:00+02:00,2.38
2018-06-01T18:00:00+02:00,2.38
2018-06-02T06:00:00+02:00,2.39
2018-06-02T18:00:00+02:00,2.39
2018-06-03T06:00:00+02:00,2.39
2018-06-03T18:00:00+02:00,2.4
2018-06-04T06:00:00+02:00,2.39
2018-06-04T18:00:00+02:00,2.4
2018-06-05T06:00:00+02:00,2.4
2018-06-05T18:00:00+02:00,2.4
2018-06-06T06:00:00+02:00,2.4
2018-06-06T18:00:00+02:00,2.39
2018-06-07T06:00:00+02:00,2.39
2018-06-07T18:00:00+02:00,2.39
2018-06-08T06:00:00+02:00,2.39
2018-06-08T18:00:00+02:00,2.39
2018-06-09T06:00:00+02:00,2.39
2018-06-09T18:00:00+02:00,2.39
2018-06-10T06:00:00+02:00,2.38
2018-06-10T18:00:00+02:00,2.39
2018-06-11T06:00:00+02:00,2.38
2018-06-11T18:00:00+02:00,2.38
2018-06-12T06:00:00+02:00,2.37
2018-06-12T18:00:00+02:00,2.37
2018-06-13T06:00:00+02:00,2.36
2018-06-13T18:00:00+02:00,2.36
2018-06-14T06:00:00+02:00,2.37
2018-06-14T18:00:00+02:00,2.36
2018-06-15T06:00:00+02:00,2.36
2018-06-15T18:00:00+02:00,2.36
2018-06-16T06:00:00+02:00,2.36
2018-06-16T18:00:00+02:00,2.35
2018-06-17T06:00:00+02:00,2.35
2018-06-17T18:00:00+02:00,2.34
2018-06-18T06:00:00+02:00,2.34
2018-06-18T18:00:00+02:00,2.34
2018-06-19T06:00:00+02:00,2.33
2018-06-19T18:00:00+02:00,2.33
2018-06-20T06:00:00+02:00,2.33
2018-06-20T18:00:00+02:00,2.34
2018-06-21T06:00:00+02:00,2.34
2018-06-21T18:00:00+02:00,2.32
2018-06-22T06:00:00+02:00,2.32
2018-06-22T18:00:00+02:00,2.31
2018-06-23T06:00:00+02:00,2.31
2018-06-23T18:00:00+02:00,2.32
2018-06-24T06:00:00+02:00,2.31
2018-06-24T18:00:00+02:00,2.31
2018-06-25T06:00:00+02:00,2.3
2018-06-25T18:00:00+02:00,2.3
2018-06-26T06:00:00+02:00,2.3
2018-06-26T18:00:00+02:00,2.3
2018-06-27T06:00:00+02:00,2.29
2018-06-27T18:00:00+02:00,2.3
2018-06-28T06:00:00+02:00,2.29
2018-06-28T18:00:00+02:00,2.3
2018-06-29T06:00:00+02:00,2.29
2018-06-29T18:00:00+02:00,2.29
2018-06-30T06:00:00+02:00,2.29
2018-06-30T18:00:00+02:00,2.29
2018-07-01T06:00:00+02:00,2.28
2018-07-01T18:00:00+02:00,2.28
2018-07-02T06:00:00+02:00,2.28
2018-07-02T18:00:00+02:00,2.27
2018-07-03T06:00:00+02:00,2.27
2018-07-03T18:00:00+02:00,2.27
2018-07-04T06:00:00+02:00,2.27
2018-07-04T18:00:00+02:00,2.26
2018-07-05T06:00:00+02:00,2.26
2018-07-05T18:00:00+02:00,2.25
2018-07-06T06:00:00+02:00,2.24
2018-07-06T18:00:00+02:00,2.24
2018-07-07T06:00:00+02:00,2.23
2018-07-07T18:00:00+02:00,2.23
2018-07-08T06:00:00+02:00,2.22
2018-07-08T18:00:00+02:00,2.21
2018-07-09T06:00:00+02:00,2.21
2018-07-09T18:00:00+02:00,2.21
2018-07-10T06:00:00+02:00,2.21
2018-07-10T18:00:00+02:00,2.22
2018-07-11T06:00:00+02:00,2.21
2018-07-11T18:00:00+02:00,2.21
2018-07-12T06:00:00+02:00,2.21
2018-07-12T18:00:00+02:00,2.21
2018-07-13T06:00:00+02:00,2.2
2018-07-13T18:00:00+02:00,2.2
2018-07-14T06:00:00+02:00,2.19
2018-07-14T18:00:00+02:00,2.19
2018-07-15T06:00:00+02:00,2.19
2018-07-15T18:00:00+02:00,2.19
2018-07-16T06:00:00+02:00,2.19
2018-07-16T18:00:00+02:00,2.19
2018-07-17T06:00:00+02:00,2.18
2018-07-17T18:00:00+02:00,2.18
2018-07-18T06:00:00+02:00,2.17
2018-07-18T18:00:00+02:00,2.17
2018-07-19T06:00:00+02:00,2.17
2018-07-19T18:00:00+02:00,2.17
2018-07-20T06:00:00+02:00,2.18
2018-07-20T18:00:00+02:00,2.17
2018-07-21T06:00:00+02:00,2.17
2018-07-21T18:00:00+02:00,2.17
2018-07-22T06:00:00+02:00,2.16
2018-07-22T18:00:00+02:00,2.16
2018-07-23T06:00:00+02:00,2.15
2018-07-23T18:00:00+02:00,2.15
2018-07-24T06:00:00+02:00,2.15
2018-07-24T18:00:00+02:00,2.14
2018-07-25T06:00:00+02:00,2.15
2018-07-25T18:00:00+02:00,2.15
2018-07-26T06:00:00+02:00,2.15
2018-07-26T18:00:00+02:00,2.15
2018-07-27T06:00:00+02:00,2.15
2018-07-27T18:00:00+02:00,2.15
2018-07-28T06:00:00+02:00,2.15
2018-07-28T18:00:00+02:00,2.14
2018-07-29T06:00:00+02:00,2.14
2018-07-29T18:00:00+02:00,2.14
2018-07-30T06:00:00+02:00,2.13
2018-07-30T18:00:00+02:00,2.13
2018-07-31T06:00:00+02:00,2.14
2018-07-31T18:00:00+02:00,2.13
2018-08-01T06:00:00+02:00,2.12
2018-08-01T18:00:00+02:00,2.12
2018-08-02T06:00:00+02:00,2.12
2018-08-02T18:00:00+02:00,2.12
2018-08-03T06:00:00+02:00,2.12
2018-08-03T18:00:00+02:00,2.12
2018-08-04T06:00:00+02:00,2.11
2018-08-04T18:00:00+02:00,2.1
2018-08-05T06:00:00+02:00,2.1
2018-08-05T18:00:00+02:00,2.11
2018-08-06T06:00:00+02:00,2.11
2018-08-06T18:00:00+02:00,2.11
2018-08-07T06:00:00+02:00,2.11
2018-08-07T18:00:00+02:00,2.11
2018-08-08T06:00:00+02:00,2.1
2018-08-08T18:00:00+02:00,2.1
2018-08-09T06:00:00+02:00,2.1
2018-08-09T18:00:00+02:00,2.11
2018-08-10T06:00:00+02:00,2.09
2018-08-10T18:00:00+02:00,2.1
2018-08-11T06:00:00+02:00,2.09
2018-08-11T18:00:00+02:00,2.09
2018-08-12T06:00:00+02:00,2.1
2018-08-12T18:00:00+02:00,2.11
2018-08-13T06:00:00+02:00,2.11
2018-08-13T18:00:00+02:00,2.11
2018-08-14T06:00:00+02:00,2.09
2018-08-14T18:00:00+02:00,2.09
2018-08-15T06:00:00+02:00,2.09
2018-08-15T18:00:00+02:00,2.09
2018-08-16T06:00:00+02:00,2.09
2018-08-16T18:00:00+02:00,2.1
2018-08-17T06:00:00+02:00,2.09
2018-08-17T18:00:00+02:00,2.09
2018-08-18T06:00:00+02:00,2.09
2018-08-18T18:00:00+02:00,2.09
2018-08-19T06:00:00+02:00,2.09
2018-08-19T18:00:00+02:00,2.09
2018-08-20T06:00:00+02:00,2.09
2018-08-20T18:00:00+02:00,2.09
2018-08-21T06:00:00+02:00,2.09
2018-08-21T18:00:00+02:00,2.09
2018-08-22T06:00:00+02:00,2.09
2018-08-22T18:00:00+02:00,2.09
2018-08-23T06:00:00+02:00,2.09
2018-08-23T18:00:00+02:00,2.1
2018-08-24T06:00:00+02:00,2.09
2018-08-24T18:00:00+02:00,2.09
2018-08-25T06:00:00+02:00,2.1
2018-08-25T18:00:00+02:00,2.1
2018-08-26T06:00:00+02:00,2.1
2018-08-26T18:00:00+02:00,2.11
2018-08-27T06:00:00+02:00,2.11
2018-08-27T18:00:00+02:00,2.1
2018-08-28T06:00:00+02:00,2.09
2018-08-28T18:00:00+02:00,2.1
2018-08-29T06:00:00+02:00,2.11
2018-08-29T18:00:00+02:00,2.1
2018-08-30T06:00:00+02:00,2.09
2018-08-30T18:00:00+02:00,2.09
2018-08-31T06:00:00+02:00,2.09
2018-08-31T18:00:00+02:00,2.09
2018-09-01T06:00:00+02:00,2.09
2018-09-01T18:00:00+02:00,2.09
2018-09-02T06:00:00+02:00,2.09
2018-09-02T18:00:00+02:00,2.1
2018-09-03T06:00:00+02:00,2.1
2018-09-03T18:00:00+02:00,2.1
2018-09-04T06:00:00+02:00,2.1
2018-09-04T18:00:00+02:00,2.1
2018-09-05T06:00:00+02:00,2.1
2018-09-05T18:00:00+02:00,2.1
2018-09-06T06:00:00+02:00,2.1
2018-09-06T18:00:00+02:00,2.1
2018-09-07T06:00:00+02:00,2.1
2018-09-07T18:00:00+02:00,2.09
2018-09-08T06:00:00+02:00,2.09
2018-09-08T18:00:00+02:00,2.09
2018-09-09T06:00:00+02:00,2.09
2018-09-09T18:00:00+02:00,2.1
2018-09-10T06:00:00+02:00,2.09
2018-09-10T18:00:00+02:00,2.09
2018-09-11T06:00:00+02:00,2.09
2018-09-11T18:00:00+02:00,2.09
2018-09-12T06:00:00+02:00,2.09
2018-09-12T18:00:00+02:00,2.09
2018-09-13T06:00:00+02:00,2.09
2018-09-13T18:00:00+02:00,2.09
2018-09-14T06:00:00+02:00,2.09
2018-09-14T18:00:00+02:00,2.09
2018-09-15T06:00:00+02:00,2.08
2018-09-15T18:00:00+02:00,2.09
2018-09-16T06:00:00+02:00,2.09
2018-09-16T18:00:00+02:00,2.1
2018-09-17T06:00:00+02:00,2.09
2018-09-17T18:00:00+02:00,2.09
2018-09-18T06:00:00+02:00,2.1
2018-09-18T18:00:00+02:00,2.08
2018-09-19T06:00:00+02:00,2.09
2018-09-19T18:00:00+02:00,2.08
2018-09-20T06:00:00+02:00,2.08
2018-09-20T18:00:00+02:00,2.09
2018-09-21T06:00:00+02:00,2.1
2018-09-21T18:00:00+02:00,2.08
2018-09-22T06:00:00+02:00,2.08
2018-09-22T18:00:00+02:00,2.08
2018-09-23T06:00:00+02:00,2.09
2018-09-23T18:00:00+02:00,2.08
2018-09-24T06:00:00+02:00,2.07
2018-09-24T18:00:00+02:00,2.07
2018-09-25T06:00:00+02:00,2.08
2018-09-25T18:00:00+02:00,2.08
2018-09-26T06:00:00+02:00,2.09
2018-09-26T18:00:00+02:00,2.09
2018-09-27T06:00:00+02:00,2.09
2018-09-27T18:00:00+02:00,2.1
2018-09-28T06:00:00+02:00,2.09
2018-09-28T18:00:00+02:00,2.09
2018-09-29T06:00:00+02:00,2.09
2018-09-29T18:00:00+02:00,2.1
2018-09-30T06:00:00+02:00,2.1
2018-09-30T18:00:00+02:00,2.1
2018-10-01T06:00:00+02:00,2.1
2018-10-01T18:00:00+02:00,2.09
2018-10-02T06:00:00+02:00,2.1
2018-10-02T18:00:00+02:00,2.1
2018-10-03T06:00:00+02:00,2.09
2018-10-03T18:00:00+02:00,2.09
2018-10-04T06:00:00+02:00,2.09
2018-10-04T18:00:00+02:00,2.1
2018-10-05T06:00:00+02:00,2.11
2018-10-05T18:00:00+02:00,2.11
2018-10-06T06:00:00+02:00,2.12
2018-10-06T18:00:00+02:00,2.11
2018-10-07T06:00:00+02:00,2.09
2018-10-07T18:00:00+02:00,2.09
2018-10-08T06:00:00+02:00,2.1
2018-10-08T18:00:00+02:00,2.09
2018-10-09T06:00:00+02:00,2.09
2018-10-09T18:00:00+02:00,2.09
2018-10-10T06:00:00+02:00,2.09
2018-10-10T18:00:00+02:00,2.1
2018-10-11T06:00:00+02:00,2.1
2018-10-11T18:00:00+02:00,2.09
2018-10-12T06:00:00+02:00,2.09
2018-10-12T18:00:00+02:00,2.08
2018-10-13T06:00:00+02:00,2.09
2018-10-13T18:00:00+02:00,2.09
2018-10-14T06:00:00+02:00,2.1
2018-10-14T18:00:00+02:00,2.1
2018-10-15T06:00:00+02:00,2.09
2018-10-15T18:00:00+02:00,2.08
2018-10-16T06:00:00+02:00,2.08
2018-10-16T18:00:00+02:00,2.08
2018-10-17T06:00:00+02:00,2.08
2018-10-17T18:00:00+02:00,2.08
2018-10-18T06:00:00+02:00,2.07
2018-10-18T18:00:00+02:00,2.08
2018-10-19T06:00:00+02:00,2.08
2018-10-19T18:00:00+02:00,2.07
2018-10-20T06:00:00+02:00,2.07
2018-10-20T18:00:00+02:00,2.07
2018-10-21T06:00:00+02:00,2.07
2018-10-21T18:00:00+02:00,2.08
2018-10-22T06:00:00+02:00,2.07
2018-10-22T18:00:00+02:00,2.06
2018-10-23T06:00:00+02:00,2.08
2018-10-23T18:00:00+02:00,2.08
2018-10-24T06:00:00+02:00,2.08
2018-10-24T18:00:00+02:00,2.08
2018-10-25T06:00:00+02:00,2.09
2018-10-25T18:00:00+02:00,2.09
2018-10-26T06:00:00+02:00,2.1
2018-10-26T18:00:00+02:00,2.1
2018-10-27T06:00:00+02:00,2.1
2018-10-27T18:00:00+02:00,2.09
2018-10-28T06:00:00+01:00,2.08
2018-10-28T18:00:00+01:00,2.09
2018-10-29T06:00:00+01:00,2.1
2018-10-29T18:00:00+01:00,2.12
2018-10-30T06:00:00+01:00,2.14
2018-10-30T18:00:00+01:00,2.11
2018-10-31T06:00:00+01:00,2.1
2018-10-31T18:00:00+01:00,2.11
2018-11-01T06:00:00+01:00,2.11
2018-11-01T18:00:00+01:00,2.11
2018-11-02T06:00:00+01:00,2.09
2018-11-02T18:00:00+01:00,2.09
2018-11-03T06:00:00+01:00,2.09
2018-11-03T18:00:00+01:00,2.1
2018-11-04T06:00:00+01:00,2.11
2018-11-04T18:00:00+01:00,2.11
2018-11-05T06:00:00+01:00,2.12
2018-11-05T18:00:00+01:00,2.12
2018-11-06T06:00:00+01:00,2.12
2018-11-06T18:00:00+01:00,2.11
2018-11-07T06:00:00+01:00,2.12
2018-11-07T18:00:00+01:00,2.11
2018-11-08T06:00:00+01:00,2.09
2018-11-08T18:00:00+01:00,2.1
2018-11-09T06:00:00+01:00,2.11
2018-11-09T18:00:00+01:00,2.11
2018-11-10T06:00:00+01:00,2.13
2018-11-10T18:00:00+01:00,2.12
2018-11-11T06:00:00+01:00,2.12
2018-11-11T18:00:00+01:00,2.11
2018-11-12T06:00:00+01:00,2.11
2018-11-12T18:00:00+01:00,2.11
2018-11-13T06:00:00+01:00,2.11
2018-11-13T18:00:00+01:00,2.1
2018-11-14T06:00:00+01:00,2.11
2018-11-14T18:00:00+01:00,2.11
2018-11-15T06:00:00+01:00,2.11
2018-11-15T18:00:00+01:00,2.11
2018-11-16T06:00:00+01:00,2.1
2018-11-16T18:00:00+01:00,2.1
2018-11-17T06:00:00+01:00,2.1
2018-11-17T18:00:00+01:00,2.1
2018-11-18T06:00:00+01:00,2.1
2018-11-18T18:00:00+01:00,2.11
2018-11-19T06:00:00+01:00,2.11
2018-11-19T18:00:00+01:00,2.12
2018-11-20T06:00:00+01:00,2.13
2018-11-20T18:00:00+01:00,2.13
2018-11-21T06:00:00+01:00,2.11
2018-11-21T18:00:00+01:00,2.11
2018-11-22T06:00:00+01:00,2.11
2018-11-22T18:00:00+01:00,2.11
2018-11-23T06:00:00+01:00,2.11
2018-11-23T18:00:00+01:00,2.12
2018-11-24T06:00:00+01:00,2.12
2018-11-24T18:00:00+01:00,2.12
2018-11-25T06:00:00+01:00,2.12
2018-11-25T18:00:00+01:00,2.13
2018-11-26T06:00:00+01:00,2.12
2018-11-26T18:00:00+01:00,2.11
2018-11-27T06:00:00+01:00,2.11
2018-11-27T18:00:00+01:00,2.11
2018-11-28T06:00:00+01:00,2.12
2018-11-28T18:00:00+01:00,2.12
2018-11-29T06:00:00+01:00,2.12
2018-11-29T18:00:00+01:00,2.12
2018-11-30T06:00:00+01:00,2.12
2018-11-30T18:00:00+01:00,2.12
2018-12-01T06:00:00+01:00,2.12
2018-12-01T18:00:00+01:00,2.14
2018-12-02T06:00:00+01:00,2.15
2018-12-02T18:00:00+01:00,2.14
2018-12-03T06:00:00+01:00,2.14
2018-12-03T18:00:00+01:00,2.14
2018-12-04T06:00:00+01:00,2.11
2018-12-04T18:00:00+01:00,2.1
2018-12-05T06:00:00+01:00,2.12
2018-12-05T18:00:00+01:00,2.13
2018-12-06T06:00:00+01:00,2.13
2018-12-06T18:00:00+01:00,2.13
2018-12-07T06:00:00+01:00,2.14
2018-12-07T18:00:00+01:00,2.15
2018-12-08T06:00:00+01:00,2.15
2018-12-08T18:00:00+01:00,2.17
2018-12-09T06:00:00+01:00,2.16
2018-12-09T18:00:00+01:00,2.13
2018-12-10T06:00:00+01:00,2.13
2018-12-10T18:00:00+01:00,2.13
2018-12-11T06:00:00+01:00,2.13
2018-12-11T18:00:00+01:00,2.14
2018-12-12T06:00:00+01:00,2.14
2018-12-12T18:00:00+01:00,2.14
2018-12-13T06:00:00+01:00,2.15
2018-12-13T18:00:00+01:00,2.15
2018-12-14T06:00:00+01:00,2.15
2018-12-14T18:00:00+01:00,2.14
2018-12-15T06:00:00+01:00,2.15
2018-12-15T18:00:00+01:00,2.16
2018-12-16T06:00:00+01:00,2.17
2018-12-16T18:00:00+01:00,2.16
2018-12-17T06:00:00+01:00,2.16
2018-12-17T18:00:00+01:00,2.15
2018-12-18T06:00:00+01:00,2.15
2018-12-18T18:00:00+01:00,2.15
2018-12-19T06:00:00+01:00,2.15
2018-12-19T18:00:00+01:00,2.15
2018-12-20T06:00:00+01:00,2.15
2018-12-20T18:00:00+01:00,2.14
2018-12-21T06:00:00+01:00,2.17
2018-12-21T18:00:00+01:00,2.15
2018-12-22T06:00:00+01:00,2.15
2018-12-22T18:00:00+01:00,2.14
2018-12-23T06:00:00+01:00,2.15
2018-12-23T18:00:00+01:00,2.16
2018-12-24T06:00:00+01:00,2.13
2018-12-24T18:00:00+01:00,2.13
2018-12-25T06:00:00+01:00,2.14
2018-12-25T18:00:00+01:00,2.14
2018-12-26T06:00:00+01:00,2.14
2018-12-26T18:00:00+01:00,2.15
2018-12-27T06:00:00+01:00,2.15
2018-12-27T18:00:00+01:00,2.15
2018-12-28T06:00:00+01:00,2.15
2018-12-28T18:00:00+01:00,2.14
2018-12-29T06:00:00+01:00,2.15
2018-12-29T18:00:00+01:00,2.15
2018-12-30T06:00:00+01:00,2.14
2018-12-30T18:00:00+01:00,2.14
2018-12-31T06:00:00+01:00,2.14
2018-12-31T18:00:00+01:00,2.14
2019-01-01T06:00:00+01:00,2.15
2019-01-01T18:00:00+01:00,2.14
2019-01-02T06:00:00+01:00,2.14
2019-01-02T18:00:00+01:00,2.14
2019-01-03T06:00:00+01:00,2.14
2019-01-03T18:00:00+01:00,2.13
2019-01-04T06:00:00+01:00,2.14
2019-01-04T18:00:00+01:00,2.14
2019-01-05T06:00:00+01:00,2.15
2019-01-05T18:00:00+01:00,2.14
2019-01-06T06:00:00+01:00,2.14
2019-01-06T18:00:00+01:00,2.14
2019-01-07T06:00:00+01:00,2.14
2019-01-07T18:00:00+01:00,2.16
2019-01-08T06:00:00+01:00,2.16
2019-01-08T18:00:00+01:00,2.15
2019-01-09T06:00:00+01:00,2.16
2019-01-09T18:00:00+01:00,2.15
2019-01-10T06:00:00+01:00,2.15
2019-01-10T18:00:00+01:00,2.15
2019-01-11T06:00:00+01:00,2.15
2019-01-11T18:00:00+01:00,2.15
2019-01-12T06:00:00+01:00,2.16
2019-01-12T18:00:00+01:00,2.17
2019-01-13T06:00:00+01:00,2.18
2019-01-13T18:00:00+01:00,2.18
2019-01-14T06:00:00+01:00,2.16
2019-01-14T18:00:00+01:00,2.15
2019-01-15T06:00:00+01:00,2.16
2019-01-15T18:00:00+01:00,2.16
2019-01-16T06:00:00+01:00,2.18
2019-01-16T18:00:00+01:00,2.18
2019-01-17T06:00:00+01:00,2.18
2019-01-17T18:00:00+01:00,2.16
2019-01-18T06:00:00+01:00,2.15
2019-01-18T18:00:00+01:00,2.16
2019-01-19T06:00:00+01:00,2.17
2019-01-19T18:00:00+01:00,2.17
2019-01-20T06:00:00+01:00,2.16
2019-01-20T18:00:00+01:00,2.16
2019-01-21T06:00:00+01:00,2.16
2019-01-21T18:00:00+01:00,2.16
2019-01-22T06:00:00+01:00,2.18
2019-01-22T18:00:00+01:00,2.18
2019-01-23T06:00:00+01:00,2.19
2019-01-23T18:00:00+01:00,2.16
2019-01-24T06:00:00+01:00,2.16
2019-01-24T18:00:00+01:00,2.16
2019-01-25T06:00:00+01:00,2.16
2019-01-25T18:00:00+01:00,2.17
2019-01-26T06:00:00+01:00,2.17
2019-01-26T18:00:00+01:00,2.19
2019-01-27T06:00:00+01:00,2.21
2019-01-27T18:00:00+01:00,2.18
2019-01-28T06:00:00+01:00,2.19
2019-01-28T18:00:00+01:00,2.18
2019-01-29T06:00:00+01:00,2.18
2019-01-29T18:00:00+01:00,2.2
2019-01-30T06:00:00+01:00,2.2
2019-01-30T18:00:00+01:00,2.19
2019-01-31T06:00:00+01:00,2.2
2019-01-31T18:00:00+01:00,2.21
2019-02-01T06:00:00+01:00,2.21
2019-02-01T18:00:00+01:00,2.2
2019-02-02T06:00:00+01:00,2.19
2019-02-02T18:00:00+01:00,2.18
2019-02-03T06:00:00+01:00,2.17
2019-02-03T18:00:00+01:00,2.16
2019-02-04T06:00:00+01:00,2.17
2019-02-04T18:00:00+01:00,2.18
2019-02-05T06:00:00+01:00,2.17
2019-02-05T18:00:00+01:00,2.18
2019-02-06T06:00:00+01:00,2.18
2019-02-06T18:00:00+01:00,2.19
2019-02-07T06:00:00+01:00,2.22
2019-02-07T18:00:00+01:00,2.2
2019-02-08T06:00:00+01:00,2.21
2019-02-08T18:00:00+01:00,2.23
2019-02-09T06:00:00+01:00,2.21
2019-02-09T18:00:00+01:00,2.2
2019-02-10T06:00:00+01:00,2.26
2019-02-10T18:00:00+01:00,2.21
2019-02-11T06:00:00+01:00,2.19
2019-02-11T18:00:00+01:00,2.18
2019-02-12T06:00:00+01:00,2.19
2019-02-12T18:00:00+01:00,2.19
2019-02-13T06:00:00+01:00,2.2
2019-02-13T18:00:00+01:00,2.19
2019-02-14T06:00:00+01:00,2.19
2019-02-14T18:00:00+01:00,2.2
2019-02-15T06:00:00+01:00,2.2
2019-02-15T18:00:00+01:00,2.21
2019-02-16T06:00:00+01:00,2.21
2019-02-16T18:00:00+01:00,2.21
2019-02-17T06:00:00+01:00,2.21
2019-02-17T18:00:00+01:00,2.21
2019-02-18T06:00:00+01:00,2.21
2019-02-18T18:00:00+01:00,2.22
2019-02-19T06:00:00+01:00,2.21
2019-02-19T18:00:00+01:00,2.2
2019-02-20T06:00:00+01:00,2.21
2019-02-20T18:00:00+01:00,2.2
2019-02-21T06:00:00+01:00,2.2
2019-02-21T18:00:00+01:00,2.19
2019-02-22T06:00:00+01:00,2.18
2019-02-22T18:00:00+01:00,2.18
2019-02-23T06:00:00+01:00,2.19
2019-02-23T18:00:00+01:00,2.19
2019-02-24T06:00:00+01:00,2.18
2019-02-24T18:00:00+01:00,2.19
2019-02-25T06:00:00+01:00,2.18
2019-02-25T18:00:00+01:00,2.18
2019-02-26T06:00:00+01:00,2.18
2019-02-26T18:00:00+01:00,2.19
2019-02-27T06:00:00+01:00,2.2
2019-02-27T18:00:00+01:00,2.2
2019-02-28T06:00:00+01:00,2.2
2019-02-28T18:00:00+01:00,2.21
2019-03-01T06:00:00+01:00,2.2
2019-03-01T18:00:00+01:00,2.19
2019-03-02T06:00:00+01:00,2.21
2019-03-02T18:00:00+01:00,2.21
2019-03-03T06:00:00+01:00,2.22
2019-03-03T18:00:00+01:00,2.23
2019-03-04T06:00:00+01:00,2.25
2019-03-04T18:00:00+01:00,2.21
2019-03-05T06:00:00+01:00,2.21
2019-03-05T18:00:00+01:00,2.2
2019-03-06T06:00:00+01:00,2.22
2019-03-06T18:00:00+01:00,2.23
2019-03-07T06:00:00+01:00,2.24
2019-03-07T18:00:00+01:00,2.22
2019-03-08T06:00:00+01:00,2.2
2019-03-08T18:00:00+01:00,2.21
2019-03-09T06:00:00+01:00,2.21
2019-03-09T18:00:00+01:00,2.2
2019-03-10T06:00:00+01:00,2.25
2019-03-10T18:00:00+01:00,2.2
2019-03-11T06:00:00+01:00,2.22
2019-03-11T18:00:00+01:00,2.2
2019-03-12T06:00:00+01:00,2.23
2019-03-12T18:00:00+01:00,2.27
2019-03-13T06:00:00+01:00,2.24
2019-03-13T18:00:00+01:00,2.23
2019-03-14T06:00:00+01:00,2.24
2019-03-14T18:00:00+01:00,2.23
2019-03-15T06:00:00+01:00,2.25
2019-03-15T18:00:00+01:00,2.24
2019-03-16T06:00:00+01:00,2.25
2019-03-16T18:00:00+01:00,2.26
2019-03-17T06:00:00+01:00,2.26
2019-03-17T18:00:00+01:00,2.24
2019-03-18T06:00:00+01:00,2.23
2019-03-18T18:00:00+01:00,2.23
2019-03-19T06:00:00+01:00,2.23
2019-03-19T18:00:00+01:00,2.23
2019-03-20T06:00:00+01:00,2.23
2019-03-20T18:00:00+01:00,2.22
2019-03-21T06:00:00+01:00,2.23
2019-03-21T18:00:00+01:00,2.23
2019-03-22T06:00:00+01:00,2.24
2019-03-22T18:00:00+01:00,2.24
2019-03-23T06:00:00+01:00,2.23
2019-03-23T18:00:00+01:00,2.23
2019-03-24T06:00:00+01:00,2.24
2019-03-24T18:00:00+01:00,2.24
2019-03-25T06:00:00+01:00,2.24
2019-03-25T18:00:00+01:00,2.23
2019-03-26T06:00:00+01:00,2.23
2019-03-26T18:00:00+01:00,2.23
2019-03-27T06:00:00+01:00,2.22
2019-03-27T18:00:00+01:00,2.22
2019-03-28T06:00:00+01:00,2.22
2019-03-28T18:00:00+01:00,2.22
2019-03-29T06:00:00+01:00,2.22
2019-03-29T18:00:00+01:00,2.24
2019-03-30T06:00:00+01:00,2.24
2019-03-30T18:00:00+01:00,2.24
2019-03-31T06:00:00+02:00,2.22
2019-03-31T18:00:00+02:00,2.23
2019-04-01T06:00:00+02:00,2.23
2019-04-01T18:00:00+02:00,2.24
2019-04-02T06:00:00+02:00,2.25
2019-04-02T18:00:00+02:00,2.25
2019-04-03T06:00:00+02:00,2.25
2019-04-03T18:00:00+02:00,2.25
2019-04-04T06:00:00+02:00,2.25
2019-04-04T18:00:00+02:00,2.24
2019-04-05T06:00:00+02:00,2.24
2019-04-05T18:00:00+02:00,2.24
2019-04-06T06:00:00+02:00,2.24
2019-04-06T18:00:00+02:00,2.24
2019-04-07T06:00:00+02:00,2.24
2019-04-07T18:00:00+02:00,2.24
2019-04-08T06:00:00+02:00,2.23
2019-04-08T18:00:00+02:00,2.23
2019-04-09T06:00:00+02:00,2.23
2019-04-09T18:00:00+02:00,2.23
2019-04-10T06:00:00+02:00,2.22
2019-04-10T18:00:00+02:00,2.21
2019-04-11T06:00:00+02:00,2.2
2019-04-11T18:00:00+02:00,2.21
2019-04-12T06:00:00+02:00,2.2
2019-04-12T18:00:00+02:00,2.21
2019-04-13T06:00:00+02:00,2.2
2019-04-13T18:00:00+02:00,2.2
2019-04-14T06:00:00+02:00,2.2
2019-04-14T18:00:00+02:00,2.2
2019-04-15T06:00:00+02:00,2.2
2019-04-15T18:00:00+02:00,2.22
2019-04-16T06:00:00+02:00,2.21
2019-04-16T18:00:00+02:00,2.21
2019-04-17T06:00:00+02:00,2.2
2019-04-17T18:00:00+02:00,2.2
2019-04-18T06:00:00+02:00,2.19
2019-04-18T18:00:00+02:00,2.19
2019-04-19T06:00:00+02:00,2.18
2019-04-19T18:00:00+02:00,2.19
2019-04-20T06:00:00+02:00,2.18
2019-04-20T18:00:00+02:00,2.19
2019-04-21T06:00:00+02:00,2.19
2019-04-21T18:00:00+02:00,2.2
2019-04-22T06:00:00+02:00,2.2
2019-04-22T18:00:00+02:00,2.21
2019-04-23T06:00:00+02:00,2.21
2019-04-23T18:00:00+02:00,2.21
2019-04-24T06:00:00+02:00,2.2
2019-04-24T18:00:00+02:00,2.19
2019-04-25T06:00:00+02:00,2.19
2019-04-25T18:00:00+02:00,2.18
2019-04-26T06:00:00+02:00,2.18
2019-04-26T18:00:00+02:00,2.18
2019-04-27T06:00:00+02:00,2.19
2019-04-27T18:00:00+02:00,2.18
2019-04-28T06:00:00+02:00,2.18
2019-04-28T18:00:00+02:00,2.17
2019-04-29T06:00:00+02:00,2.16
2019-04-29T18:00:00+02:00,2.17
2019-04-30T06:00:00+02:00,2.17
2019-04-30T18:00:00+02:00,2.17
2019-05-01T06:00:00+02:00,2.18
2019-05-01T18:00:00+02:00,2.18
2019-05-02T06:00:00+02:00,2.18
2019-05-02T18:00:00+02:00,2.18
2019-05-03T06:00:00+02:00,2.17
2019-05-03T18:00:00+02:00,2.18
2019-05-04T06:00:00+02:00,2.18
2019-05-04T18:00:00+02:00,2.17
2019-05-05T06:00:00+02:00,2.17
2019-05-05T18:00:00+02:00,2.16
2019-05-06T06:00:00+02:00,2.17
2019-05-06T18:00:00+02:00,2.17
2019-05-07T06:00:00+02:00,2.17
2019-05-07T18:00:00+02:00,2.18
2019-05-08T06:00:00+02:00,2.2
2019-05-08T18:00:00+02:00,2.2
2019-05-09T06:00:00+02:00,2.19
2019-05-09T18:00:00+02:00,2.18
2019-05-10T06:00:00+02:00,2.17
2019-05-10T18:00:00+02:00,2.17
2019-05-11T06:00:00+02:00,2.17
2019-05-11T18:00:00+02:00,2.15
2019-05-12T06:00:00+02:00,2.13
2019-05-12T18:00:00+02:00,2.14
2019-05-13T06:00:00+02:00,2.13
2019-05-13T18:00:00+02:00,2.14
2019-05-14T06:00:00+02:00,2.14
2019-05-14T18:00:00+02:00,2.15
2019-05-15T06:00:00+02:00,2.15
2019-05-15T18:00:00+02:00,2.15
2019-05-16T06:00:00+02:00,2.15
2019-05-16T18:00:00+02:00,2.17
2019-05-17T06:00:00+02:00,2.16
2019-05-17T18:00:00+02:00,2.16
2019-05-18T06:00:00+02:00,2.16
2019-05-18T18:00:00+02:00,2.15
2019-05-19T06:00:00+02:00,2.15
2019-05-19T18:00:00+02:00,2.15
2019-05-20T06:00:00+02:00,2.15
2019-05-20T18:00:00+02:00,2.14
2019-05-21T06:00:00+02:00,2.14
2019-05-21T18:00:00+02:00,2.13
2019-05-22T06:00:00+02:00,2.13
2019-05-22T18:00:00+02:00,2.13
2019-05-23T06:00:00+02:00,2.13
2019-05-23T18:00:00+02:00,2.13
2019-05-24T06:00:00+02:00,2.13
2019-05-24T18:00:00+02:00,2.13
2019-05-25T06:00:00+02:00,2.12
2019-05-25T18:00:00+02:00,2.12
2019-05-26T06:00:00+02:00,2.13
2019-05-26T18:00:00+02:00,2.13
2019-05-27T06:00:00+02:00,2.12
2019-05-27T18:00:00+02:00,2.13
2019-05-28T06:00:00+02:00,2.13
2019-05-28T18:00:00+02:00,2.11
2019-05-29T06:00:00+02:00,2.1
2019-05-29T18:00:00+02:00,2.11
2019-05-30T06:00:00+02:00,2.11
2019-05-30T18:00:00+02:00,2.11
2019-05-31T06:00:00+02:00,2.1
2019-05-31T18:00:00+02:00,2.11
2019-06-01T06:00:00+02:00,2.11
2019-06-01T18:00:00+02:00,2.11
2019-06-02T06:00:00+02:00,2.11
2019-06-02T18:00:00+02:00,2.12
2019-06-03T06:00:00+02:00,2.11
2019-06-03T18:00:00+02:00,2.11
2019-06-04T06:00:00+02:00,2.11
2019-06-04T18:00:00+02:00,2.13
2019-06-05T06:00:00+02:00,2.11
2019-06-05T18:00:00+02:00,2.11
2019-06-06T06:00:00+02:00,2.12
2019-06-06T18:00:00+02:00,2.12
2019-06-07T06:00:00+02:00,2.13
2019-06-07T18:00:00+02:00,2.14
2019-06-08T06:00:00+02:00,2.12
2019-06-08T18:00:00+02:00,2.11
2019-06-09T06:00:00+02:00,2.11
2019-06-09T18:00:00+02:00,2.12
2019-06-10T06:00:00+02:00,2.13
2019-06-10T18:00:00+02:00,2.14
2019-06-11T06:00:00+02:00,2.13
2019-06-11T18:00:00+02:00,2.13
2019-06-12T06:00:00+02:00,2.14
2019-06-12T18:00:00+02:00,2.14
2019-06-13T06:00:00+02:00,2.13
2019-06-13T18:00:00+02:00,2.13
2019-06-14T06:00:00+02:00,2.13
2019-06-14T18:00:00+02:00,2.14
2019-06-15T06:00:00+02:00,2.14
2019-06-15T18:00:00+02:00,2.14
2019-06-16T06:00:00+02:00,2.14
2019-06-16T18:00:00+02:00,2.14
2019-06-17T06:00:00+02:00,2.14
2019-06-17T18:00:00+02:00,2.15
2019-06-18T06:00:00+02:00,2.15
2019-06-18T18:00:00+02:00,2.16
2019-06-19T06:00:00+02:00,2.16
2019-06-19T18:00:00+02:00,2.16
2019-06-20T06:00:00+02:00,2.15
2019-06-20T18:00:00+02:00,2.15
2019-06-21T06:00:00+02:00,2.14
2019-06-21T18:00:00+02:00,2.14
2019-06-22T06:00:00+02:00,2.14
2019-06-22T18:00:00+02:00,2.15
2019-06-23T06:00:00+02:00,2.15
2019-06-23T18:00:00+02:00,2.15
2019-06-24T06:00:00+02:00,2.14
2019-06-24T18:00:00+02:00,2.13
2019-06-25T06:00:00+02:00,2.13
2019-06-25T18:00:00+02:00,2.12
2019-06-26T06:00:00+02:00,2.11
2019-06-26T18:00:00+02:00,2.11
2019-06-27T06:00:00+02:00,2.1
2019-06-27T18:00:00+02:00,2.1
2019-06-28T06:00:00+02:00,2.1
2019-06-28T18:00:00+02:00,2.1
2019-06-29T06:00:00+02:00,2.1
2019-06-29T18:00:00+02:00,2.11
2019-06-30T06:00:00+02:00,2.1
2019-06-30T18:00:00+02:00,2.1
2019-07-01T06:00:00+02:00,2.09
2019-07-01T18:00:00+02:00,2.08
2019-07-02T06:00:00+02:00,2.08
2019-07-02T18:00:00+02:00,2.07
2019-07-03T06:00:00+02:00,2.07
2019-07-03T18:00:00+02:00,2.07
2019-07-04T06:00:00+02:00,2.07
2019-07-04T18:00:00+02:00,2.08
2019-07-05T06:00:00+02:00,2.07
2019-07-05T18:00:00+02:00,2.08
2019-07-06T06:00:00+02:00,2.08
2019-07-06T18:00:00+02:00,2.06
2019-07-07T06:00:00+02:00,2.06
2019-07-07T18:00:00+02:00,2.06
2019-07-08T06:00:00+02:00,2.05
2019-07-08T18:00:00+02:00,2.05
2019-07-09T06:00:00+02:00,2.05
2019-07-09T18:00:00+02:00,2.05
2019-07-10T06:00:00+02:00,2.05
2019-07-10T18:00:00+02:00,2.05
2019-07-11T06:00:00+02:00,2.05
2019-07-11T18:00:00+02:00,2.05
2019-07-12T06:00:00+02:00,2.05
2019-07-12T18:00:00+02:00,2.04
2019-07-13T06:00:00+02:00,2.03
2019-07-13T18:00:00+02:00,2.03
2019-07-14T06:00:00+02:00,2.04
2019-07-14T18:00:00+02:00,2.04
2019-07-15T06:00:00+02:00,2.03
2019-07-15T18:00:00+02:00,2.03
2019-07-16T06:00:00+02:00,2.04
2019-07-16T18:00:00+02:00,2.04
2019-07-17T06:00:00+02:00,2.04
2019-07-17T18:00:00+02:00,2.04
2019-07-18T06:00:00+02:00,2.04
2019-07-18T18:00:00+02:00,2.03
2019-07-19T06:00:00+02:00,2.02
2019-07-19T18:00:00+02:00,2.03
2019-07-20T06:00:00+02:00,2.03
2019-07-20T18:00:00+02:00,2.03
2019-07-21T06:00:00+02:00,2.01
2019-07-21T18:00:00+02:00,2.02
2019-07-22T06:00:00+02:00,2.02
2019-07-22T18:00:00+02:00,2.02
2019-07-23T06:00:00+02:00,2.02
2019-07-23T18:00:00+02:00,2.02
2019-07-24T06:00:00+02:00,2.02
2019-07-24T18:00:00+02:00,2.01
2019-07-25T06:00:00+02:00,2.01
2019-07-25T18:00:00+02:00,2.02
2019-07-26T06:00:00+02:00,2.01
2019-07-26T18:00:00+02:00,2.01
2019-07-27T06:00:00+02:00,2.01
2019-07-27T18:00:00+02:00,2.01
2019-07-28T06:00:00+02:00,2.01
2019-07-28T18:00:00+02:00,2.0
2019-07-29T06:00:00+02:00,2.0
2019-07-29T18:00:00+02:00,2.01
2019-07-30T06:00:00+02:00,2.01
2019-07-30T18:00:00+02:00,2.0
2019-07-31T06:00:00+02:00,1.99
2019-07-31T18:00:00+02:00,2.0
2019-08-01T06:00:00+02:00,1.99
2019-08-01T18:00:00+02:00,2.0
2019-08-02T06:00:00+02:00,1.99
2019-08-02T18:00:00+02:00,1.99
2019-08-03T06:00:00+02:00,1.99
2019-08-03T18:00:00+02:00,1.99
2019-08-04T06:00:00+02:00,1.99
2019-08-04T18:00:00+02:00,1.99
2019-08-05T06:00:00+02:00,1.99
2019-08-05T18:00:00+02:00,1.99
2019-08-06T06:00:00+02:00,1.99
2019-08-06T18:00:00+02:00,1.99
2019-08-07T06:00:00+02:00,1.99
2019-08-07T18:00:00+02:00,1.98
2019-08-08T06:00:00+02:00,1.97
2019-08-08T18:00:00+02:00,1.97
2019-08-09T06:00:00+02:00,1.99
2019-08-09T18:00:00+02:00,1.98
2019-08-10T06:00:00+02:00,1.98
2019-08-10T18:00:00+02:00,1.97
2019-08-11T06:00:00+02:00,1.97
2019-08-11T18:00:00+02:00,1.97
2019-08-12T06:00:00+02:00,1.96
2019-08-12T18:00:00+02:00,1.97
2019-08-13T06:00:00+02:00,1.97
2019-08-13T18:00:00+02:00,1.97
2019-08-14T06:00:00+02:00,1.97
2019-08-14T18:00:00+02:00,1.98
2019-08-15T06:00:00+02:00,1.98
2019-08-15T18:00:00+02:00,1.97
2019-08-16T06:00:00+02:00,1.97
2019-08-16T18:00:00+02:00,1.98
2019-08-17T06:00:00+02:00,1.99
2019-08-17T18:00:00+02:00,1.98
2019-08-18T06:00:00+02:00,1.99
2019-08-18T18:00:00+02:00,1.98
2019-08-19T06:00:00+02:00,1.97
2019-08-19T18:00:00+02:00,1.97
2019-08-20T06:00:00+02:00,1.97
2019-08-20T18:00:00+02:00,1.96
2019-08-21T06:00:00+02:00,1.96
2019-08-21T18:00:00+02:00,1.97
2019-08-22T06:00:00+02:00,1.97
2019-08-22T18:00:00+02:00,1.96
2019-08-23T06:00:00+02:00,1.97
2019-08-23T18:00:00+02:00,1.97
2019-08-24T06:00:00+02:00,1.97
2019-08-24T18:00:00+02:00,1.97
2019-08-25T06:00:00+02:00,1.96
2019-08-25T18:00:00+02:00,1.96
2019-08-26T06:00:00+02:00,1.96
2019-08-26T18:00:00+02:00,1.96
2019-08-27T06:00:00+02:00,1.96
2019-08-27T18:00:00+02:00,1.96
2019-08-28T06:00:00+02:00,1.96
2019-08-28T18:00:00+02:00,1.96
2019-08-29T06:00:00+02:00,1.95
2019-08-29T18:00:00+02:00,1.95
2019-08-30T06:00:00+02:00,1.94
2019-08-30T18:00:00+02:00,1.95
2019-08-31T06:00:00+02:00,1.95
2019-08-31T18:00:00+02:00,1.96
2019-09-01T06:00:00+02:00,1.94
2019-09-01T18:00:00+02:00,1.93
2019-09-02T06:00:00+02:00,1.93
2019-09-02T18:00:00+02:00,1.94
2019-09-03T06:00:00+02:00,1.94
2019-09-03T18:00:00+02:00,1.94
2019-09-04T06:00:00+02:00,1.95
2019-09-04T18:00:00+02:00,1.95
2019-09-05T06:00:00+02:00,1.93
2019-09-05T18:00:00+02:00,1.93
2019-09-06T06:00:00+02:00,1.94
2019-09-06T18:00:00+02:00,1.94
2019-09-07T06:00:00+02:00,1.94
2019-09-07T18:00:00+02:00,1.94
2019-09-08T06:00:00+02:00,1.94
2019-09-08T18:00:00+02:00,1.94
2019-09-09T06:00:00+02:00,1.94
2019-09-09T18:00:00+02:00,1.95
2019-09-10T06:00:00+02:00,1.94
2019-09-10T18:00:00+02:00,1.93
2019-09-11T06:00:00+02:00,1.94
2019-09-11T18:00:00+02:00,1.93
2019-09-12T06:00:00+02:00,1.93
2019-09-12T18:00:00+02:00,1.95
2019-09-13T06:00:00+02:00,1.95
2019-09-13T18:00:00+02:00,1.94
2019-09-14T06:00:00+02:00,1.95
2019-09-14T18:00:00+02:00,1.95
2019-09-15T06:00:00+02:00,1.95
2019-09-15T18:00:00+02:00,1.95
2019-09-16T06:00:00+02:00,1.95
2019-09-16T18:00:00+02:00,1.95
2019-09-17T06:00:00+02:00,1.95
2019-09-17T18:00:00+02:00,1.94
2019-09-18T06:00:00+02:00,1.94
2019-09-18T18:00:00+02:00,1.94
2019-09-19T06:00:00+02:00,1.93
2019-09-19T18:00:00+02:00,1.94
2019-09-20T06:00:00+02:00,1.95
2019-09-20T18:00:00+02:00,1.95
2019-09-21T06:00:00+02:00,1.95
2019-09-21T18:00:00+02:00,1.96
2019-09-22T06:00:00+02:00,1.96
2019-09-22T18:00:00+02:00,1.95
2019-09-23T06:00:00+02:00,1.95
2019-09-23T18:00:00+02:00,1.94
2019-09-24T06:00:00+02:00,1.95
2019-09-24T18:00:00+02:00,1.95
2019-09-25T06:00:00+02:00,1.95
2019-09-25T18:00:00+02:00,1.95
2019-09-26T06:00:00+02:00,1.95
2019-09-26T18:00:00+02:00,1.96
2019-09-27T06:00:00+02:00,1.96
2019-09-27T18:00:00+02:00,1.96
2019-09-28T06:00:00+02:00,1.95
2019-09-28T18:00:00+02:00,1.96
2019-09-29T06:00:00+02:00,1.98
2019-09-29T18:00:00+02:00,1.99
2019-09-30T06:00:00+02:00,1.96
2019-09-30T18:00:00+02:00,1.97
2019-10-01T06:00:00+02:00,1.99
2019-10-01T18:00:00+02:00,1.99
2019-10-02T06:00:00+02:00,1.97
2019-10-02T18:00:00+02:00,1.97
2019-10-03T06:00:00+02:00,1.98
2019-10-03T18:00:00+02:00,1.99
2019-10-04T06:00:00+02:00,2.02
2019-10-04T18:00:00+02:00,2.0
2019-10-05T06:00:00+02:00,1.99
2019-10-05T18:00:00+02:00,1.99
2019-10-06T06:00:00+02:00,2.0
2019-10-06T18:00:00+02:00,2.01
2019-10-07T06:00:00+02:00,2.0
2019-10-07T18:00:00+02:00,2.01
2019-10-08T06:00:00+02:00,2.02
2019-10-08T18:00:00+02:00,2.02
2019-10-09T06:00:00+02:00,2.02
2019-10-09T18:00:00+02:00,2.02
2019-10-10T06:00:00+02:00,2.02
2019-10-10T18:00:00+02:00,2.01
2019-10-11T06:00:00+02:00,2.02
2019-10-11T18:00:00+02:00,2.03
2019-10-12T06:00:00+02:00,2.03
2019-10-12T18:00:00+02:00,2.03
2019-10-13T06:00:00+02:00,2.03
2019-10-13T18:00:00+02:00,2.03
2019-10-14T06:00:00+02:00,2.03
2019-10-14T18:00:00+02:00,2.04
2019-10-15T06:00:00+02:00,2.04
2019-10-15T18:00:00+02:00,2.03
2019-10-16T06:00:00+02:00,2.04
2019-10-16T18:00:00+02:00,2.04
2019-10-17T06:00:00+02:00,2.04
2019-10-17T18:00:00+02:00,2.04
2019-10-18T06:00:00+02:00,2.05
2019-10-18T18:00:00+02:00,2.04
2019-10-19T06:00:00+02:00,2.05
2019-10-19T18:00:00+02:00,2.04
2019-10-20T06:00:00+02:00,2.04
2019-10-20T18:00:00+02:00,2.04
2019-10-21T06:00:00+02:00,2.04
2019-10-21T18:00:00+02:00,2.03
2019-10-22T06:00:00+02:00,2.03
2019-10-22T18:00:00+02:00,2.04
2019-10-23T06:00:00+02:00,2.05
2019-10-23T18:00:00+02:00,2.06
2019-10-24T06:00:00+02:00,2.06
2019-10-24T18:00:00+02:00,2.05
2019-10-25T06:00:00+02:00,2.04
2019-10-25T18:00:00+02:00,2.05
2019-10-26T06:00:00+02:00,2.05
2019-10-26T18:00:00+02:00,2.05
2019-10-27T06:00:00+01:00,2.04
2019-10-27T18:00:00+01:00,2.04
2019-10-28T06:00:00+01:00,2.04
2019-10-28T18:00:00+01:00,2.04
2019-10-29T06:00:00+01:00,2.04
2019-10-29T18:00:00+01:00,2.03
2019-10-30T06:00:00+01:00,2.04
2019-10-30T18:00:00+01:00,2.04
2019-10-31T06:00:00+01:00,2.04
2019-10-31T18:00:00+01:00,2.04
2019-11-01T06:00:00+01:00,2.06
2019-11-01T18:00:00+01:00,2.08
2019-11-02T06:00:00+01:00,2.08
2019-11-02T18:00:00+01:00,2.08
2019-11-03T06:00:00+01:00,2.08
2019-11-03T18:00:00+01:00,2.07
2019-11-04T06:00:00+01:00,2.07
2019-11-04T18:00:00+01:00,2.07
2019-11-05T06:00:00+01:00,2.06
2019-11-05T18:00:00+01:00,2.06
2019-11-06T06:00:00+01:00,2.06
2019-11-06T18:00:00+01:00,2.06
2019-11-07T06:00:00+01:00,2.08
2019-11-07T18:00:00+01:00,2.06
2019-11-08T06:00:00+01:00,2.06
2019-11-08T18:00:00+01:00,2.06
2019-11-09T06:00:00+01:00,2.07
2019-11-09T18:00:00+01:00,2.07
2019-11-10T06:00:00+01:00,2.06
2019-11-10T18:00:00+01:00,2.06
2019-11-11T06:00:00+01:00,2.08
2019-11-11T18:00:00+01:00,2.08
2019-11-12T06:00:00+01:00,2.08
2019-11-12T18:00:00+01:00,2.08
2019-11-13T06:00:00+01:00,2.08
2019-11-13T18:00:00+01:00,2.08
2019-11-14T06:00:00+01:00,2.09
2019-11-14T18:00:00+01:00,2.07
2019-11-15T06:00:00+01:00,2.09
2019-11-15T18:00:00+01:00,2.08
2019-11-16T06:00:00+01:00,2.07
2019-11-16T18:00:00+01:00,2.07
2019-11-17T06:00:00+01:00,2.07
2019-11-17T18:00:00+01:00,2.07
2019-11-18T06:00:00+01:00,2.08
2019-11-18T18:00:00+01:00,2.08
2019-11-19T06:00:00+01:00,2.07
2019-11-19T18:00:00+01:00,2.07
2019-11-20T06:00:00+01:00,2.07
2019-11-20T18:00:00+01:00,2.08
2019-11-21T06:00:00+01:00,2.08
2019-11-21T18:00:00+01:00,2.08
2019-11-22T06:00:00+01:00,2.08
2019-11-22T18:00:00+01:00,2.08
2019-11-23T06:00:00+01:00,2.09
2019-11-23T18:00:00+01:00,2.08
2019-11-24T06:00:00+01:00,2.07
2019-11-24T18:00:00+01:00,2.07
2019-11-25T06:00:00+01:00,2.07
2019-11-25T18:00:00+01:00,2.08
2019-11-26T06:00:00+01:00,2.08
2019-11-26T18:00:00+01:00,2.09
2019-11-27T06:00:00+01:00,2.11
2019-11-27T18:00:00+01:00,2.1
2019-11-28T06:00:00+01:00,2.09
2019-11-28T18:00:00+01:00,2.08
2019-11-29T06:00:00+01:00,2.07
2019-11-29T18:00:00+01:00,2.06
2019-11-30T06:00:00+01:00,2.07
2019-11-30T18:00:00+01:00,2.07
2019-12-01T06:00:00+01:00,2.08
2019-12-01T18:00:00+01:00,2.07
2019-12-02T06:00:00+01:00,2.07
2019-12-02T18:00:00+01:00,2.07
2019-12-03T06:00:00+01:00,2.07
2019-12-03T18:00:00+01:00,2.08
2019-12-04T06:00:00+01:00,2.08
2019-12-04T18:00:00+01:00,2.08
2019-12-05T06:00:00+01:00,2.08
2019-12-05T18:00:00+01:00,2.08
2019-12-06T06:00:00+01:00,2.09
2019-12-06T18:00:00+01:00,2.1
2019-12-07T06:00:00+01:00,2.08
2019-12-07T18:00:00+01:00,2.08
2019-12-08T06:00:00+01:00,2.11
2019-12-08T18:00:00+01:00,2.1
2019-12-09T06:00:00+01:00,2.12
2019-12-09T18:00:00+01:00,2.06
2019-12-10T06:00:00+01:00,2.08
2019-12-10T18:00:00+01:00,2.1
2019-12-11T06:00:00+01:00,2.1
2019-12-11T18:00:00+01:00,2.11
2019-12-12T06:00:00+01:00,2.1
2019-12-12T18:00:00+01:00,2.13
2019-12-13T06:00:00+01:00,2.14
2019-12-13T18:00:00+01:00,2.1
2019-12-14T06:00:00+01:00,2.11
2019-12-14T18:00:00+01:00,2.09
2019-12-15T06:00:00+01:00,2.11
2019-12-15T18:00:00+01:00,2.09
2019-12-16T06:00:00+01:00,2.11
2019-12-16T18:00:00+01:00,2.11
2019-12-17T06:00:00+01:00,2.11
2019-12-17T18:00:00+01:00,2.07
2019-12-18T06:00:00+01:00,2.06
2019-12-18T18:00:00+01:00,2.07
2019-12-19T06:00:00+01:00,2.07
2019-12-19T18:00:00+01:00,2.09
2019-12-20T06:00:00+01:00,2.11
2019-12-20T18:00:00+01:00,2.08
2019-12-21T06:00:00+01:00,2.09
2019-12-21T18:00:00+01:00,2.1
2019-12-22T06:00:00+01:00,2.1
2019-12-22T18:00:00+01:00,2.08
2019-12-23T06:00:00+01:00,2.07
2019-12-23T18:00:00+01:00,2.06
2019-12-24T06:00:00+01:00,2.09
2019-12-24T18:00:00+01:00,2.07
2019-12-25T06:00:00+01:00,2.06
2019-12-25T18:00:00+01:00,2.06
2019-12-26T06:00:00+01:00,2.07
2019-12-26T18:00:00+01:00,2.08
2019-12-27T06:00:00+01:00,2.07
2019-12-27T18:00:00+01:00,2.06
2019-12-28T06:00:00+01:00,2.06
2019-12-28T18:00:00+01:00,2.07
2019-12-29T06:00:00+01:00,2.07
2019-12-29T18:00:00+01:00,2.08
2019-12-30T06:00:00+01:00,2.08
2019-12-30T18:00:00+01:00,2.09
2019-12-31T06:00:00+01:00,2.08
2019-12-31T18:00:00+01:00,2.07
2020-01-01T06:00:00+01:00,2.08
2020-01-01T18:00:00+01:00,2.08
2020-01-02T06:00:00+01:00,2.09
2020-01-02T18:00:00+01:00,2.09
2020-01-03T06:00:00+01:00,2.1
2020-01-03T18:00:00+01:00,2.07
2020-01-04T06:00:00+01:00,2.08
2020-01-04T18:00:00+01:00,2.07
2020-01-05T06:00:00+01:00,2.08
2020-01-05T18:00:00+01:00,2.08
2020-01-06T06:00:00+01:00,2.09
2020-01-06T18:00:00+01:00,2.09
2020-01-07T06:00:00+01:00,2.08
2020-01-07T18:00:00+01:00,2.09
2020-01-08T06:00:00+01:00,2.09
2020-01-08T18:00:00+01:00,2.08
2020-01-09T06:00:00+01:00,2.11
2020-01-09T18:00:00+01:00,2.1
2020-01-10T06:00:00+01:00,2.09
2020-01-10T18:00:00+01:00,2.06
2020-01-11T06:00:00+01:00,2.08
2020-01-11T18:00:00+01:00,2.08
2020-01-12T06:00:00+01:00,2.1
2020-01-12T18:00:00+01:00,2.08
2020-01-13T06:00:00+01:00,2.1
2020-01-13T18:00:00+01:00,2.11
2020-01-14T06:00:00+01:00,2.11
2020-01-14T18:00:00+01:00,2.1
2020-01-15T06:00:00+01:00,2.09
2020-01-15T18:00:00+01:00,2.08
2020-01-16T06:00:00+01:00,2.08
2020-01-16T18:00:00+01:00,2.09
2020-01-17T06:00:00+01:00,2.1
2020-01-17T18:00:00+01:00,2.08
2020-01-18T06:00:00+01:00,2.08
2020-01-18T18:00:00+01:00,2.07
2020-01-19T06:00:00+01:00,2.07
2020-01-19T18:00:00+01:00,2.06
2020-01-20T06:00:00+01:00,2.06
2020-01-20T18:00:00+01:00,2.07
2020-01-21T06:00:00+01:00,2.07
2020-01-21T18:00:00+01:00,2.07
2020-01-22T06:00:00+01:00,2.08
2020-01-22T18:00:00+01:00,2.07
2020-01-23T06:00:00+01:00,2.08
2020-01-23T18:00:00+01:00,2.09
2020-01-24T06:00:00+01:00,2.09
2020-01-24T18:00:00+01:00,2.09
2020-01-25T06:00:00+01:00,2.09
2020-01-25T18:00:00+01:00,2.09
2020-01-26T06:00:00+01:00,2.09
2020-01-26T18:00:00+01:00,2.09
2020-01-27T06:00:00+01:00,2.1
2020-01-27T18:00:00+01:00,2.11
2020-01-28T06:00:00+01:00,2.13
2020-01-28T18:00:00+01:00,2.1
2020-01-29T06:00:00+01:00,2.1
2020-01-29T18:00:00+01:00,2.09
2020-01-30T06:00:00+01:00,2.1
2020-01-30T18:00:00+01:00,2.12
2020-01-31T06:00:00+01:00,2.09
2020-01-31T18:00:00+01:00,2.11
2020-02-01T06:00:00+01:00,2.12
2020-02-01T18:00:00+01:00,2.1
2020-02-02T06:00:00+01:00,2.11
2020-02-02T18:00:00+01:00,2.1
2020-02-03T06:00:00+01:00,2.11
2020-02-03T18:00:00+01:00,2.11
2020-02-04T06:00:00+01:00,2.11
2020-02-04T18:00:00+01:00,2.09
2020-02-05T06:00:00+01:00,2.08
2020-02-05T18:00:00+01:00,2.09
2020-02-06T06:00:00+01:00,2.09
2020-02-06T18:00:00+01:00,2.1
2020-02-07T06:00:00+01:00,2.1
2020-02-07T18:00:00+01:00,2.11
2020-02-08T06:00:00+01:00,2.11
2020-02-08T18:00:00+01:00,2.1
2020-02-09T06:00:00+01:00,2.12
2020-02-09T18:00:00+01:00,2.14
2020-02-10T06:00:00+01:00,2.13
2020-02-10T18:00:00+01:00,2.14
2020-02-11T06:00:00+01:00,2.11
2020-02-11T18:00:00+01:00,2.11
2020-02-12T06:00:00+01:00,2.11
2020-02-12T18:00:00+01:00,2.1
2020-02-13T06:00:00+01:00,2.13
2020-02-13T18:00:00+01:00,2.13
2020-02-14T06:00:00+01:00,2.09
2020-02-14T18:00:00+01:00,2.1
2020-02-15T06:00:00+01:00,2.11
2020-02-15T18:00:00+01:00,2.12
2020-02-16T06:00:00+01:00,2.13
2020-02-16T18:00:00+01:00,2.12
2020-02-17T06:00:00+01:00,2.11
2020-02-17T18:00:00+01:00,2.12
2020-02-18T06:00:00+01:00,2.11
2020-02-18T18:00:00+01:00,2.12
2020-02-19T06:00:00+01:00,2.12
2020-02-19T18:00:00+01:00,2.12
2020-02-20T06:00:00+01:00,2.13
2020-02-20T18:00:00+01:00,2.15
2020-02-21T06:00:00+01:00,2.11
2020-02-21T18:00:00+01:00,2.13
2020-02-22T06:00:00+01:00,2.14
2020-02-22T18:00:00+01:00,2.13
2020-02-23T06:00:00+01:00,2.15
2020-02-23T18:00:00+01:00,2.12
2020-02-24T06:00:00+01:00,2.14
2020-02-24T18:00:00+01:00,2.17
2020-02-25T06:00:00+01:00,2.16
2020-02-25T18:00:00+01:00,2.16
2020-02-26T06:00:00+01:00,2.16
2020-02-26T18:00:00+01:00,2.15
2020-02-27T06:00:00+01:00,2.17
2020-02-27T18:00:00+01:00,2.15
2020-02-28T06:00:00+01:00,2.14
2020-02-28T18:00:00+01:00,2.19
2020-02-29T06:00:00+01:00,2.2
2020-02-29T18:00:00+01:00,2.18
2020-03-01T06:00:00+01:00,2.18
2020-03-01T18:00:00+01:00,2.19
2020-03-02T06:00:00+01:00,2.19
2020-03-02T18:00:00+01:00,2.18
2020-03-03T06:00:00+01:00,2.17
2020-03-03T18:00:00+01:00,2.17
2020-03-04T06:00:00+01:00,2.17
2020-03-04T18:00:00+01:00,2.18
2020-03-05T06:00:00+01:00,2.2
2020-03-05T18:00:00+01:00,2.21
2020-03-06T06:00:00+01:00,2.19
2020-03-06T18:00:00+01:00,2.18
2020-03-07T06:00:00+01:00,2.18
2020-03-07T18:00:00+01:00,2.19
2020-03-08T06:00:00+01:00,2.21
2020-03-08T18:00:00+01:00,2.21
2020-03-09T06:00:00+01:00,2.2
2020-03-09T18:00:00+01:00,2.19
2020-03-10T06:00:00+01:00,2.23
2020-03-10T18:00:00+01:00,2.22
2020-03-11T06:00:00+01:00,2.22
2020-03-11T18:00:00+01:00,2.23
2020-03-12T06:00:00+01:00,2.23
2020-03-12T18:00:00+01:00,2.24
2020-03-13T06:00:00+01:00,2.23
2020-03-13T18:00:00+01:00,2.22
2020-03-14T06:00:00+01:00,2.23
2020-03-14T18:00:00+01:00,2.23
2020-03-15T06:00:00+01:00,2.24
2020-03-15T18:00:00+01:00,2.25
2020-03-16T06:00:00+01:00,2.23
2020-03-16T18:00:00+01:00,2.22
2020-03-17T06:00:00+01:00,2.22
2020-03-17T18:00:00+01:00,2.23
2020-03-18T06:00:00+01:00,2.24
2020-03-18T18:00:00+01:00,2.24
2020-03-19T06:00:00+01:00,2.23
2020-03-19T18:00:00+01:00,2.24
2020-03-20T06:00:00+01:00,2.24
2020-03-20T18:00:00+01:00,2.23
2020-03-21T06:00:00+01:00,2.23
2020-03-21T18:00:00+01:00,2.24
2020-03-22T06:00:00+01:00,2.23
2020-03-22T18:00:00+01:00,2.24
2020-03-23T06:00:00+01:00,2.23
2020-03-23T18:00:00+01:00,2.24
2020-03-24T06:00:00+01:00,2.23
2020-03-24T18:00:00+01:00,2.24
2020-03-25T06:00:00+01:00,2.24
2020-03-25T18:00:00+01:00,2.25
2020-03-26T06:00:00+01:00,2.24
2020-03-26T18:00:00+01:00,2.24
2020-03-27T06:00:00+01:00,2.24
2020-03-27T18:00:00+01:00,2.24
2020-03-28T06:00:00+01:00,2.23
2020-03-28T18:00:00+01:00,2.22
2020-03-29T06:00:00+02:00,2.23
2020-03-29T18:00:00+02:00,2.22
2020-03-30T06:00:00+02:00,2.23
2020-03-30T18:00:00+02:00,2.23
2020-03-31T06:00:00+02:00,2.22
2020-03-31T18:00:00+02:00,2.27
2020-04-01T06:00:00+02:00,2.27
2020-04-01T18:00:00+02:00,2.28
2020-04-02T06:00:00+02:00,2.28
2020-04-02T18:00:00+02:00,2.28
2020-04-03T06:00:00+02:00,2.27
2020-04-03T18:00:00+02:00,2.27
2020-04-04T06:00:00+02:00,2.26
2020-04-04T18:00:00+02:00,2.27
2020-04-05T06:00:00+02:00,2.27
2020-04-05T18:00:00+02:00,2.27
2020-04-06T06:00:00+02:00,2.27
2020-04-06T18:00:00+02:00,2.25
2020-04-07T06:00:00+02:00,2.24
2020-04-07T18:00:00+02:00,2.26
2020-04-08T06:00:00+02:00,2.26
2020-04-08T18:00:00+02:00,2.26
2020-04-09T06:00:00+02:00,2.25
2020-04-09T18:00:00+02:00,2.25
2020-04-10T06:00:00+02:00,2.25
2020-04-10T18:00:00+02:00,2.25
2020-04-11T06:00:00+02:00,2.25
2020-04-11T18:00:00+02:00,2.26
2020-04-12T06:00:00+02:00,2.26
2020-04-12T18:00:00+02:00,2.26
2020-04-13T06:00:00+02:00,2.24
2020-04-13T18:00:00+02:00,2.23
2020-04-14T06:00:00+02:00,2.23
2020-04-14T18:00:00+02:00,2.24
2020-04-15T06:00:00+02:00,2.24
2020-04-15T18:00:00+02:00,2.24
2020-04-16T06:00:00+02:00,2.25
2020-04-16T18:00:00+02:00,2.24
2020-04-17T06:00:00+02:00,2.23
2020-04-17T18:00:00+02:00,2.24
2020-04-18T06:00:00+02:00,2.24
2020-04-18T18:00:00+02:00,2.23
2020-04-19T06:00:00+02:00,2.23
2020-04-19T18:00:00+02:00,2.23
2020-04-20T06:00:00+02:00,2.23
2020-04-20T18:00:00+02:00,2.23
2020-04-21T06:00:00+02:00,2.22
2020-04-21T18:00:00+02:00,2.23
2020-04-22T06:00:00+02:00,2.22
2020-04-22T18:00:00+02:00,2.22
2020-04-23T06:00:00+02:00,2.21
2020-04-23T18:00:00+02:00,2.22
2020-04-24T06:00:00+02:00,2.21
2020-04-24T18:00:00+02:00,2.2
2020-04-25T06:00:00+02:00,2.2
2020-04-25T18:00:00+02:00,2.2
2020-04-26T06:00:00+02:00,2.2
2020-04-26T18:00:00+02:00,2.21
2020-04-27T06:00:00+02:00,2.21
2020-04-27T18:00:00+02:00,2.2
2020-04-28T06:00:00+02:00,2.21
2020-04-28T18:00:00+02:00,2.21
2020-04-29T06:00:00+02:00,2.21
2020-04-30T18:00:00+02:00,2.22
2020-05-01T06:00:00+02:00,2.22
2020-05-01T18:00:00+02:00,2.21
2020-05-02T06:00:00+02:00,2.2
2020-05-02T18:00:00+02:00,2.2
2020-05-03T06:00:00+02:00,2.2
2020-05-03T18:00:00+02:00,2.2
2020-05-04T06:00:00+02:00,2.2
2020-05-04T18:00:00+02:00,2.2
2020-05-05T06:00:00+02:00,2.2
2020-05-05T18:00:00+02:00,2.2
2020-05-06T06:00:00+02:00,2.19
2020-05-06T18:00:00+02:00,2.19
2020-05-07T06:00:00+02:00,2.19
2020-05-07T18:00:00+02:00,2.19
2020-05-08T06:00:00+02:00,2.2
2020-05-08T18:00:00+02:00,2.19
2020-05-09T06:00:00+02:00,2.2
2020-05-09T18:00:00+02:00,2.19
2020-05-10T06:00:00+02:00,2.2
2020-05-10T18:00:00+02:00,2.18
2020-05-11T06:00:00+02:00,2.18
2020-05-11T18:00:00+02:00,2.17
2020-05-12T06:00:00+02:00,2.17
2020-05-12T18:00:00+02:00,2.17
2020-05-13T06:00:00+02:00,2.18
2020-05-13T18:00:00+02:00,2.17
2020-05-14T06:00:00+02:00,2.16
2020-05-14T18:00:00+02:00,2.16
2020-05-15T06:00:00+02:00,2.16
2020-05-15T18:00:00+02:00,2.16
2020-05-16T06:00:00+02:00,2.15
2020-05-16T18:00:00+02:00,2.15
2020-05-17T06:00:00+02:00,2.15
2020-05-17T18:00:00+02:00,2.14
2020-05-18T06:00:00+02:00,2.14
2020-05-18T18:00:00+02:00,2.13
2020-05-19T06:00:00+02:00,2.13
2020-05-19T18:00:00+02:00,2.13
2020-05-20T06:00:00+02:00,2.13
2020-05-20T18:00:00+02:00,2.13
2020-05-21T06:00:00+02:00,2.13
2020-05-21T18:00:00+02:00,2.13
2020-05-22T06:00:00+02:00,2.12
2020-05-22T18:00:00+02:00,2.11
2020-05-23T06:00:00+02:00,2.11
2020-05-23T18:00:00+02:00,2.1
2020-05-24T06:00:00+02:00,2.1
2020-05-24T18:00:00+02:00,2.1
2020-05-25T06:00:00+02:00,2.1
2020-05-25T18:00:00+02:00,2.1
2020-05-26T06:00:00+02:00,2.09
2020-05-26T18:00:00+02:00,2.09
2020-05-27T06:00:00+02:00,2.09
2020-05-27T18:00:00+02:00,2.08
2020-05-28T06:00:00+02:00,2.08
2020-05-28T18:00:00+02:00,2.09
2020-05-29T06:00:00+02:00,2.08
2020-05-29T18:00:00+02:00,2.09
2020-05-30T06:00:00+02:00,2.08
2020-05-30T18:00:00+02:00,2.08
2020-05-31T06:00:00+02:00,2.07
2020-05-31T18:00:00+02:00,2.07
2020-06-01T06:00:00+02:00,2.07
2020-06-01T18:00:00+02:00,2.07
2020-06-02T06:00:00+02:00,2.07
2020-06-02T18:00:00+02:00,2.07
2020-06-03T06:00:00+02:00,2.08
2020-06-03T18:00:00+02:00,2.08
2020-06-04T06:00:00+02:00,2.08
2020-06-04T18:00:00+02:00,2.07
2020-06-05T06:00:00+02:00,2.08
2020-06-05T18:00:00+02:00,2.07
2020-06-06T06:00:00+02:00,2.07
2020-06-06T18:00:00+02:00,2.07
2020-06-07T06:00:00+02:00,2.06
2020-06-07T18:00:00+02:00,2.05
2020-06-08T06:00:00+02:00,2.05
2020-06-08T18:00:00+02:00,2.05
2020-06-09T06:00:00+02:00,2.05
2020-06-09T18:00:00+02:00,2.05
2020-06-10T06:00:00+02:00,2.05
2020-06-10T18:00:00+02:00,2.06
2020-06-11T06:00:00+02:00,2.06
2020-06-11T18:00:00+02:00,2.06
2020-06-12T06:00:00+02:00,2.06
2020-06-12T18:00:00+02:00,2.05
2020-06-13T06:00:00+02:00,2.05
2020-06-13T18:00:00+02:00,2.05
2020-06-14T06:00:00+02:00,2.05
2020-06-14T18:00:00+02:00,2.04
2020-06-15T06:00:00+02:00,2.05
2020-06-15T18:00:00+02:00,2.05
2020-06-16T06:00:00+02:00,2.04
2020-06-16T18:00:00+02:00,2.04
2020-06-17T06:00:00+02:00,2.04
2020-06-17T18:00:00+02:00,2.05
2020-06-18T06:00:00+02:00,2.05
2020-06-18T18:00:00+02:00,2.05
2020-06-19T06:00:00+02:00,2.04
2020-06-19T18:00:00+02:00,2.04
2020-06-20T06:00:00+02:00,2.04
2020-06-20T18:00:00+02:00,2.03
2020-06-21T06:00:00+02:00,2.03
2020-06-21T18:00:00+02:00,2.04
2020-06-22T06:00:00+02:00,2.03
2020-06-22T18:00:00+02:00,2.03
2020-06-23T06:00:00+02:00,2.03
2020-06-23T18:00:00+02:00,2.03
2020-06-24T06:00:00+02:00,2.03
2020-06-24T18:00:00+02:00,2.03
2020-06-25T06:00:00+02:00,2.03
2020-06-25T18:00:00+02:00,2.03
2020-06-26T06:00:00+02:00,2.03
2020-06-26T18:00:00+02:00,2.02
2020-06-27T06:00:00+02:00,2.02
2020-06-27T18:00:00+02:00,2.02
2020-06-28T06:00:00+02:00,2.01
2020-06-28T18:00:00+02:00,2.02
2020-06-29T06:00:00+02:00,2.02
2020-06-29T18:00:00+02:00,2.02
2020-06-30T06:00:00+02:00,2.01
2020-06-30T18:00:00+02:00,2.01
2020-07-01T06:00:00+02:00,2.01
2020-07-01T18:00:00+02:00,2.01
2020-07-02T06:00:00+02:00,2.01
2020-07-02T18:00:00+02:00,2.01
2020-07-03T06:00:00+02:00,2.0
2020-07-03T18:00:00+02:00,2.01
2020-07-04T06:00:00+02:00,2.01
2020-07-04T18:00:00+02:00,2.02
2020-07-05T06:00:00+02:00,2.02
2020-07-05T18:00:00+02:00,2.02
2020-07-06T06:00:00+02:00,2.01
2020-07-06T18:00:00+02:00,2.0
2020-07-07T06:00:00+02:00,2.0
2020-07-07T18:00:00+02:00,2.01
2020-07-08T06:00:00+02:00,2.01
2020-07-08T18:00:00+02:00,2.01
2020-07-09T06:00:00+02:00,2.02
2020-07-09T18:00:00+02:00,2.02
2020-07-10T06:00:00+02:00,2.02
2020-07-10T18:00:00+02:00,2.0
2020-07-11T06:00:00+02:00,2.0
2020-07-11T18:00:00+02:00,2.0
2020-07-12T06:00:00+02:00,2.0
2020-07-12T18:00:00+02:00,2.0
2020-07-13T06:00:00+02:00,2.0
2020-07-13T18:00:00+02:00,2.01
2020-07-14T06:00:00+02:00,2.01
2020-07-14T18:00:00+02:00,2.01
2020-07-15T06:00:00+02:00,2.01
2020-07-15T18:00:00+02:00,2.01
2020-07-16T06:00:00+02:00,2.01
2020-07-16T18:00:00+02:00,2.0
2020-07-17T06:00:00+02:00,2.0
2020-07-17T18:00:00+02:00,2.01
2020-07-18T06:00:00+02:00,2.0
2020-07-18T18:00:00+02:00,2.0
2020-07-19T06:00:00+02:00,2.0
2020-07-19T18:00:00+02:00,2.0
2020-07-20T06:00:00+02:00,1.99
2020-07-20T18:00:00+02:00,1.98
2020-07-21T06:00:00+02:00,1.98
2020-07-21T18:00:00+02:00,1.98
2020-07-22T06:00:00+02:00,1.98
2020-07-22T18:00:00+02:00,1.99
2020-07-23T06:00:00+02:00,1.99
2020-07-23T18:00:00+02:00,1.99
2020-07-24T06:00:00+02:00,1.99
2020-07-24T18:00:00+02:00,1.98
2020-07-25T06:00:00+02:00,1.99
2020-07-25T18:00:00+02:00,2.0
2020-07-26T06:00:00+02:00,1.99
2020-07-26T18:00:00+02:00,1.98
2020-07-27T06:00:00+02:00,1.99
2020-07-27T18:00:00+02:00,2.0
2020-07-28T06:00:00+02:00,1.98
2020-07-28T18:00:00+02:00,1.98
2020-07-29T06:00:00+02:00,1.98
2020-07-29T18:00:00+02:00,1.97
2020-07-30T06:00:00+02:00,1.98
2020-07-30T18:00:00+02:00,1.98
2020-07-31T06:00:00+02:00,1.98
2020-07-31T18:00:00+02:00,1.98
2020-08-01T06:00:00+02:00,1.97
2020-08-01T18:00:00+02:00,1.97
2020-08-02T06:00:00+02:00,1.96
2020-08-02T18:00:00+02:00,1.96
2020-08-03T06:00:00+02:00,1.97
2020-08-03T18:00:00+02:00,1.97
2020-08-04T06:00:00+02:00,1.97
2020-08-04T18:00:00+02:00,1.97
2020-08-05T06:00:00+02:00,1.97
2020-08-05T18:00:00+02:00,1.96
2020-08-06T06:00:00+02:00,1.95
2020-08-06T18:00:00+02:00,1.95
2020-08-07T06:00:00+02:00,1.96
2020-08-07T18:00:00+02:00,1.95
2020-08-08T06:00:00+02:00,1.95
2020-08-08T18:00:00+02:00,1.93
2020-08-09T06:00:00+02:00,1.94
2020-08-09T18:00:00+02:00,1.93
2020-08-10T06:00:00+02:00,1.94
2020-08-10T18:00:00+02:00,1.93
2020-08-11T06:00:00+02:00,1.94
2020-08-11T18:00:00+02:00,1.93
2020-08-12T06:00:00+02:00,1.94
2020-08-12T18:00:00+02:00,1.94
2020-08-13T06:00:00+02:00,1.94
2020-08-13T18:00:00+02:00,1.94
2020-08-14T06:00:00+02:00,1.94
2020-08-14T18:00:00+02:00,1.94
2020-08-15T06:00:00+02:00,1.94
2020-08-15T18:00:00+02:00,1.95
2020-08-16T06:00:00+02:00,1.95
2020-08-16T18:00:00+02:00,1.95
2020-08-17T06:00:00+02:00,1.95
2020-08-17T18:00:00+02:00,1.96
2020-08-18T06:00:00+02:00,1.96
2020-08-18T18:00:00+02:00,1.96
2020-08-19T06:00:00+02:00,1.96
2020-08-19T18:00:00+02:00,1.96
2020-08-20T06:00:00+02:00,1.96
2020-08-20T18:00:00+02:00,1.96
2020-08-21T06:00:00+02:00,1.95
2020-08-21T18:00:00+02:00,1.95
2020-08-22T06:00:00+02:00,1.95
2020-08-22T18:00:00+02:00,1.95
2020-08-23T06:00:00+02:00,1.95
2020-08-23T18:00:00+02:00,1.94
2020-08-24T06:00:00+02:00,1.95
2020-08-24T18:00:00+02:00,1.95
2020-08-25T06:00:00+02:00,1.95
2020-08-25T18:00:00+02:00,1.96
2020-08-26T06:00:00+02:00,1.95
2020-08-26T18:00:00+02:00,1.93
2020-08-27T06:00:00+02:00,1.94
2020-08-27T18:00:00+02:00,1.96
2020-08-28T06:00:00+02:00,1.96
2020-08-28T18:00:00+02:00,1.96
2020-08-29T06:00:00+02:00,1.95
2020-08-29T18:00:00+02:00,1.95
2020-08-30T06:00:00+02:00,1.95
2020-08-30T18:00:00+02:00,1.94
2020-08-31T06:00:00+02:00,1.94
2020-08-31T18:00:00+02:00,1.94
2020-09-01T06:00:00+02:00,1.94
2020-09-01T18:00:00+02:00,1.93
2020-09-02T06:00:00+02:00,1.94
2020-09-02T18:00:00+02:00,1.94
2020-09-03T06:00:00+02:00,1.94
2020-09-03T18:00:00+02:00,1.94
2020-09-04T06:00:00+02:00,1.94
2020-09-04T18:00:00+02:00,1.94
2020-09-05T06:00:00+02:00,1.94
2020-09-05T18:00:00+02:00,1.93
2020-09-06T06:00:00+02:00,1.94
2020-09-06T18:00:00+02:00,1.93
2020-09-07T06:00:00+02:00,1.93
2020-09-07T18:00:00+02:00,1.93
2020-09-08T06:00:00+02:00,1.93
2020-09-08T18:00:00+02:00,1.93
2020-09-09T06:00:00+02:00,1.94
2020-09-09T18:00:00+02:00,1.92
2020-09-10T06:00:00+02:00,1.93
2020-09-10T18:00:00+02:00,1.93
2020-09-11T06:00:00+02:00,1.93
2020-09-11T18:00:00+02:00,1.93
2020-09-12T06:00:00+02:00,1.93
2020-09-12T18:00:00+02:00,1.92
2020-09-13T06:00:00+02:00,1.91
2020-09-13T18:00:00+02:00,1.91
2020-09-14T06:00:00+02:00,1.92
2020-09-14T18:00:00+02:00,1.92
2020-09-15T06:00:00+02:00,1.92
2020-09-15T18:00:00+02:00,1.92
2020-09-16T06:00:00+02:00,1.92
2020-09-16T18:00:00+02:00,1.9
2020-09-17T06:00:00+02:00,1.91
2020-09-17T18:00:00+02:00,1.91
2020-09-18T06:00:00+02:00,1.91
2020-09-18T18:00:00+02:00,1.91
2020-09-19T06:00:00+02:00,1.92
2020-09-19T18:00:00+02:00,1.9
2020-09-20T06:00:00+02:00,1.91
2020-09-20T18:00:00+02:00,1.9
2020-09-21T06:00:00+02:00,1.91
2020-09-21T18:00:00+02:00,1.9
2020-09-22T06:00:00+02:00,1.91
2020-09-22T18:00:00+02:00,1.91
2020-09-23T06:00:00+02:00,1.91
2020-09-23T18:00:00+02:00,1.91
2020-09-24T06:00:00+02:00,1.9
2020-09-24T18:00:00+02:00,1.92
2020-09-25T06:00:00+02:00,1.91
2020-09-25T18:00:00+02:00,1.91
2020-09-26T06:00:00+02:00,1.91
2020-09-26T18:00:00+02:00,1.92
2020-09-27T06:00:00+02:00,1.93
2020-09-27T18:00:00+02:00,1.92
2020-09-28T06:00:00+02:00,1.93
2020-09-28T18:00:00+02:00,1.93
2020-09-29T06:00:00+02:00,1.93
2020-09-29T18:00:00+02:00,1.93
2020-09-30T06:00:00+02:00,1.94
2020-09-30T18:00:00+02:00,1.94
2020-10-01T06:00:00+02:00,1.96
2020-10-01T18:00:00+02:00,1.95
2020-10-02T06:00:00+02:00,1.96
2020-10-02T18:00:00+02:00,1.96
2020-10-03T06:00:00+02:00,1.97
2020-10-03T18:00:00+02:00,1.97
2020-10-04T06:00:00+02:00,1.97
2020-10-04T18:00:00+02:00,1.96
2020-10-05T06:00:00+02:00,1.97
2020-10-05T18:00:00+02:00,1.96
2020-10-06T06:00:00+02:00,1.97
2020-10-06T18:00:00+02:00,1.97
2020-10-07T06:00:00+02:00,1.95
2020-10-07T18:00:00+02:00,1.95
2020-10-08T06:00:00+02:00,1.97
2020-10-08T18:00:00+02:00,1.96
2020-10-09T06:00:00+02:00,1.96
2020-10-09T18:00:00+02:00,1.96
2020-10-10T06:00:00+02:00,1.96
2020-10-10T18:00:00+02:00,1.97
2020-10-11T06:00:00+02:00,1.97
2020-10-11T18:00:00+02:00,1.97
2020-10-12T06:00:00+02:00,1.97
2020-10-12T18:00:00+02:00,1.98
2020-10-13T06:00:00+02:00,1.98
2020-10-13T18:00:00+02:00,1.97
2020-10-14T06:00:00+02:00,1.97
2020-10-14T18:00:00+02:00,1.97
2020-10-15T06:00:00+02:00,1.97
2020-10-15T18:00:00+02:00,1.97
2020-10-16T06:00:00+02:00,1.97
2020-10-16T18:00:00+02:00,1.97
2020-10-17T06:00:00+02:00,1.97
2020-10-17T18:00:00+02:00,1.97
2020-10-18T06:00:00+02:00,1.97
2020-10-18T18:00:00+02:00,1.97
2020-10-19T06:00:00+02:00,1.98
2020-10-19T18:00:00+02:00,1.98
2020-10-20T06:00:00+02:00,1.99
2020-10-20T18:00:00+02:00,1.98
2020-10-21T06:00:00+02:00,1.99
2020-10-21T18:00:00+02:00,1.98
2020-10-22T06:00:00+02:00,1.97
2020-10-22T18:00:00+02:00,1.97
2020-10-23T06:00:00+02:00,1.98
2020-10-23T18:00:00+02:00,1.98
2020-10-24T06:00:00+02:00,1.98
2020-10-24T18:00:00+02:00,1.98
2020-10-25T06:00:00+01:00,1.98
2020-10-25T18:00:00+01:00,1.99
2020-10-26T06:00:00+01:00,1.98
2020-10-26T18:00:00+01:00,1.98
2020-10-27T06:00:00+01:00,1.98
2020-10-27T18:00:00+01:00,1.98
2020-10-28T06:00:00+01:00,1.97
2020-10-28T18:00:00+01:00,1.98
2020-10-29T06:00:00+01:00,1.97
2020-10-29T18:00:00+01:00,1.98
2020-10-30T06:00:00+01:00,1.97
2020-10-30T18:00:00+01:00,1.97
2020-10-31T06:00:00+01:00,1.98
2020-10-31T18:00:00+01:00,1.99
2020-11-01T06:00:00+01:00,1.99
2020-11-01T18:00:00+01:00,1.98
2020-11-02T06:00:00+01:00,1.99
2020-11-02T18:00:00+01:00,1.97
2020-11-03T06:00:00+01:00,1.97
2020-11-03T18:00:00+01:00,1.97
2020-11-04T06:00:00+01:00,1.97
2020-11-04T18:00:00+01:00,1.96
2020-11-05T06:00:00+01:00,1.96
2020-11-05T18:00:00+01:00,1.97
2020-11-06T06:00:00+01:00,1.97
2020-11-06T18:00:00+01:00,1.98
2020-11-07T06:00:00+01:00,1.98
2020-11-07T18:00:00+01:00,1.98
2020-11-08T06:00:00+01:00,1.98
2020-11-08T18:00:00+01:00,1.98
2020-11-09T06:00:00+01:00,1.98
2020-11-09T18:00:00+01:00,1.98
2020-11-10T06:00:00+01:00,1.98
2020-11-10T18:00:00+01:00,1.98
2020-11-11T06:00:00+01:00,1.98
2020-11-11T18:00:00+01:00,1.99
2020-11-12T06:00:00+01:00,2.0
2020-11-12T18:00:00+01:00,1.98
2020-11-13T06:00:00+01:00,1.99
2020-11-13T18:00:00+01:00,1.99
2020-11-14T06:00:00+01:00,1.99
2020-11-14T18:00:00+01:00,2.0
2020-11-15T06:00:00+01:00,2.0
2020-11-15T18:00:00+01:00,2.0
2020-11-16T06:00:00+01:00,1.99
2020-11-16T18:00:00+01:00,1.98
2020-11-17T06:00:00+01:00,1.98
2020-11-17T18:00:00+01:00,1.98
2020-11-18T06:00:00+01:00,1.99
2020-11-18T18:00:00+01:00,2.0
2020-11-19T06:00:00+01:00,1.99
2020-11-19T18:00:00+01:00,1.97
2020-11-20T06:00:00+01:00,1.97
2020-11-20T18:00:00+01:00,1.98
2020-11-21T06:00:00+01:00,1.99
2020-11-21T18:00:00+01:00,1.98
2020-11-22T06:00:00+01:00,1.99
2020-11-22T18:00:00+01:00,1.99
2020-11-23T06:00:00+01:00,1.98
2020-11-23T18:00:00+01:00,1.99
2020-11-24T06:00:00+01:00,1.99
2020-11-24T18:00:00+01:00,2.0
2020-11-25T06:00:00+01:00,2.0
2020-11-25T18:00:00+01:00,1.99
2020-11-26T06:00:00+01:00,1.99
2020-11-26T18:00:00+01:00,1.99
2020-11-27T06:00:00+01:00,1.99
2020-11-27T18:00:00+01:00,1.99
2020-11-28T06:00:00+01:00,1.99
2020-11-28T18:00:00+01:00,1.99
2020-11-29T06:00:00+01:00,1.98
2020-11-29T18:00:00+01:00,1.98
2020-11-30T06:00:00+01:00,1.98
2020-11-30T18:00:00+01:00,2.0
2020-12-01T06:00:00+01:00,2.0
2020-12-01T18:00:00+01:00,1.99
2020-12-02T06:00:00+01:00,2.0
2020-12-02T18:00:00+01:00,2.0
2020-12-03T06:00:00+01:00,2.02
2020-12-03T18:00:00+01:00,2.03
2020-12-04T06:00:00+01:00,2.04
2020-12-04T18:00:00+01:00,2.01
2020-12-05T06:00:00+01:00,2.01
2020-12-05T18:00:00+01:00,2.0
2020-12-06T06:00:00+01:00,2.01
2020-12-06T18:00:00+01:00,2.01
2020-12-07T06:00:00+01:00,2.02
2020-12-07T18:00:00+01:00,2.01
2020-12-08T06:00:00+01:00,2.0
2020-12-08T18:00:00+01:00,2.01
2020-12-09T06:00:00+01:00,2.01
2020-12-09T18:00:00+01:00,2.01
2020-12-10T06:00:00+01:00,2.02
2020-12-10T18:00:00+01:00,2.01
2020-12-11T06:00:00+01:00,2.03
2020-12-11T18:00:00+01:00,2.03
2020-12-12T06:00:00+01:00,2.02
2020-12-12T18:00:00+01:00,2.01
2020-12-13T06:00:00+01:00,2.01
2020-12-13T18:00:00+01:00,2.01
2020-12-14T06:00:00+01:00,2.02
2020-12-14T18:00:00+01:00,2.01
2020-12-15T06:00:00+01:00,2.01
2020-12-15T18:00:00+01:00,2.0
2020-12-16T06:00:00+01:00,2.0
2020-12-16T18:00:00+01:00,2.01
2020-12-17T06:00:00+01:00,2.0
2020-12-17T18:00:00+01:00,2.0
2020-12-18T06:00:00+01:00,2.0
2020-12-18T18:00:00+01:00,2.01
2020-12-19T06:00:00+01:00,2.02
2020-12-19T18:00:00+01:00,2.01
2020-12-20T06:00:00+01:00,2.01
2020-12-20T18:00:00+01:00,2.01
2020-12-21T06:00:00+01:00,2.01
2020-12-21T18:00:00+01:00,2.03
2020-12-22T06:00:00+01:00,2.02
2020-12-22T18:00:00+01:00,2.02
2020-12-23T06:00:00+01:00,2.03
2020-12-23T18:00:00+01:00,2.04
2020-12-24T06:00:00+01:00,2.04
2020-12-24T18:00:00+01:00,2.02
2020-12-25T06:00:00+01:00,2.02
2020-12-25T18:00:00+01:00,2.02
2020-12-26T06:00:00+01:00,2.04
2020-12-26T18:00:00+01:00,2.05
2020-12-27T06:00:00+01:00,2.09
2020-12-27T18:00:00+01:00,2.08
2020-12-28T06:00:00+01:00,2.08
2020-12-28T18:00:00+01:00,2.07
2020-12-29T06:00:00+01:00,2.06
2020-12-29T18:00:00+01:00,2.05
2020-12-30T06:00:00+01:00,2.05
2020-12-30T18:00:00+01:00,2.05
2020-12-31T06:00:00+01:00,2.07
2020-12-31T18:00:00+01:00,2.05
2021-01-01T06:00:00+01:00,2.05
2021-01-01T18:00:00+01:00,2.05
2021-01-02T06:00:00+01:00,2.05
2021-01-02T18:00:00+01:00,2.05
2021-01-03T06:00:00+01:00,2.05
2021-01-03T18:00:00+01:00,2.05
2021-01-04T06:00:00+01:00,2.06
2021-01-04T18:00:00+01:00,2.05
2021-01-05T06:00:00+01:00,2.06
2021-01-05T18:00:00+01:00,2.05
2021-01-06T06:00:00+01:00,2.06
2021-01-06T18:00:00+01:00,2.06
2021-01-07T06:00:00+01:00,2.06
2021-01-07T18:00:00+01:00,2.06
2021-01-08T06:00:00+01:00,2.07
2021-01-08T18:00:00+01:00,2.05
2021-01-09T06:00:00+01:00,2.06
2021-01-09T18:00:00+01:00,2.05
2021-01-10T06:00:00+01:00,2.06
2021-01-10T18:00:00+01:00,2.06
2021-01-11T06:00:00+01:00,2.07
2021-01-11T18:00:00+01:00,2.07
2021-01-12T06:00:00+01:00,2.09
2021-01-12T18:00:00+01:00,2.07
2021-01-13T06:00:00+01:00,2.07
2021-01-13T18:00:00+01:00,2.08
2021-01-14T06:00:00+01:00,2.07
2021-01-14T18:00:00+01:00,2.08
2021-01-15T06:00:00+01:00,2.06
2021-01-15T18:00:00+01:00,2.06
2021-01-16T06:00:00+01:00,2.08
2021-01-16T18:00:00+01:00,2.09
2021-01-17T06:00:00+01:00,2.08
2021-01-17T18:00:00+01:00,2.07
2021-01-18T06:00:00+01:00,2.08
2021-01-18T18:00:00+01:00,2.09
2021-01-19T06:00:00+01:00,2.11
2021-01-19T18:00:00+01:00,2.1
2021-01-20T06:00:00+01:00,2.11
2021-01-20T18:00:00+01:00,2.11
2021-01-21T06:00:00+01:00,2.1
2021-01-21T18:00:00+01:00,2.11
2021-01-22T06:00:00+01:00,2.11
2021-01-22T18:00:00+01:00,2.11
2021-01-23T06:00:00+01:00,2.12
2021-01-23T18:00:00+01:00,2.12
2021-01-24T06:00:00+01:00,2.11
2021-01-24T18:00:00+01:00,2.12
2021-01-25T06:00:00+01:00,2.11
2021-01-25T18:00:00+01:00,2.1
2021-01-26T06:00:00+01:00,2.1
2021-01-26T18:00:00+01:00,2.1
2021-01-27T06:00:00+01:00,2.12
2021-01-27T18:00:00+01:00,2.11
2021-01-28T06:00:00+01:00,2.14
2021-01-28T18:00:00+01:00,2.12
2021-01-29T06:00:00+01:00,2.15
2021-01-29T18:00:00+01:00,2.13
2021-01-30T06:00:00+01:00,2.13
2021-01-30T18:00:00+01:00,2.14
2021-01-31T06:00:00+01:00,2.13
2021-01-31T18:00:00+01:00,2.16
2021-02-01T06:00:00+01:00,2.16
2021-02-01T18:00:00+01:00,2.13
2021-02-02T06:00:00+01:00,2.15
2021-02-02T18:00:00+01:00,2.15
2021-02-03T06:00:00+01:00,2.15
2021-02-03T18:00:00+01:00,2.15
2021-02-04T06:00:00+01:00,2.13
2021-02-04T18:00:00+01:00,2.15
2021-02-05T06:00:00+01:00,2.16
2021-02-05T18:00:00+01:00,2.15
2021-02-06T06:00:00+01:00,2.16
2021-02-06T18:00:00+01:00,2.17
2021-02-07T06:00:00+01:00,2.18
2021-02-07T18:00:00+01:00,2.17
2021-02-08T06:00:00+01:00,2.17
2021-02-08T18:00:00+01:00,2.16
2021-02-09T06:00:00+01:00,2.16
2021-02-09T18:00:00+01:00,2.17
2021-02-10T06:00:00+01:00,2.16
2021-02-10T18:00:00+01:00,2.14
2021-02-11T06:00:00+01:00,2.14
2021-02-11T18:00:00+01:00,2.14
2021-02-12T06:00:00+01:00,2.14
2021-02-12T18:00:00+01:00,2.14
2021-02-13T06:00:00+01:00,2.14
2021-02-13T18:00:00+01:00,2.14
2021-02-14T06:00:00+01:00,2.15
2021-02-14T18:00:00+01:00,2.16
2021-02-15T06:00:00+01:00,2.16
2021-02-15T18:00:00+01:00,2.16
2021-02-16T06:00:00+01:00,2.18
2021-02-16T18:00:00+01:00,2.18
2021-02-17T06:00:00+01:00,2.17
2021-02-17T18:00:00+01:00,2.17
2021-02-18T06:00:00+01:00,2.18
2021-02-18T18:00:00+01:00,2.18
2021-02-19T06:00:00+01:00,2.16
2021-02-19T18:00:00+01:00,2.17
2021-02-20T06:00:00+01:00,2.18
2021-02-20T18:00:00+01:00,2.18
2021-02-21T06:00:00+01:00,2.17
2021-02-21T18:00:00+01:00,2.17
2021-02-22T06:00:00+01:00,2.17
2021-02-22T18:00:00+01:00,2.16
2021-02-23T06:00:00+01:00,2.15
2021-02-23T18:00:00+01:00,2.15
2021-02-24T06:00:00+01:00,2.16
2021-02-24T18:00:00+01:00,2.16
2021-02-25T06:00:00+01:00,2.16
2021-02-25T18:00:00+01:00,2.15
2021-02-26T06:00:00+01:00,2.15
2021-02-26T18:00:00+01:00,2.15
2021-02-27T06:00:00+01:00,2.14
2021-02-27T18:00:00+01:00,2.15
2021-02-28T06:00:00+01:00,2.15
2021-02-28T18:00:00+01:00,2.16
2021-03-01T06:00:00+01:00,2.15
2021-03-01T18:00:00+01:00,2.16
2021-03-02T06:00:00+01:00,2.16
2021-03-02T18:00:00+01:00,2.16
2021-03-03T06:00:00+01:00,2.16
2021-03-03T18:00:00+01:00,2.16
2021-03-04T06:00:00+01:00,2.17
2021-03-04T18:00:00+01:00,2.16
2021-03-05T06:00:00+01:00,2.15
2021-03-05T18:00:00+01:00,2.15
2021-03-06T06:00:00+01:00,2.15
2021-03-06T18:00:00+01:00,2.15
2021-03-07T06:00:00+01:00,2.16
2021-03-07T18:00:00+01:00,2.16
2021-03-08T06:00:00+01:00,2.16
2021-03-08T18:00:00+01:00,2.16
2021-03-09T06:00:00+01:00,2.17
2021-03-09T18:00:00+01:00,2.16
2021-03-10T06:00:00+01:00,2.16
2021-03-10T18:00:00+01:00,2.18
2021-03-11T06:00:00+01:00,2.19
2021-03-11T18:00:00+01:00,2.17
2021-03-12T06:00:00+01:00,2.16
2021-03-12T18:00:00+01:00,2.17
2021-03-13T06:00:00+01:00,2.2
2021-03-13T18:00:00+01:00,2.17
2021-03-14T06:00:00+01:00,2.16
2021-03-14T18:00:00+01:00,2.16
2021-03-15T06:00:00+01:00,2.16
2021-03-15T18:00:00+01:00,2.15
2021-03-16T06:00:00+01:00,2.15
2021-03-16T18:00:00+01:00,2.15
2021-03-17T06:00:00+01:00,2.15
2021-03-17T18:00:00+01:00,2.15
2021-03-18T06:00:00+01:00,2.16
2021-03-18T18:00:00+01:00,2.17
2021-03-19T06:00:00+01:00,2.15
2021-03-19T18:00:00+01:00,2.15
2021-03-20T06:00:00+01:00,2.15
2021-03-20T18:00:00+01:00,2.16
2021-03-21T06:00:00+01:00,2.16
2021-03-21T18:00:00+01:00,2.16
2021-03-22T06:00:00+01:00,2.16
2021-03-22T18:00:00+01:00,2.16
2021-03-23T06:00:00+01:00,2.16
2021-03-23T18:00:00+01:00,2.16
2021-03-24T06:00:00+01:00,2.16
2021-03-24T18:00:00+01:00,2.16
2021-03-25T06:00:00+01:00,2.16
2021-03-25T18:00:00+01:00,2.16
2021-03-26T06:00:00+01:00,2.17
2021-03-26T18:00:00+01:00,2.17
2021-03-27T06:00:00+01:00,2.15
2021-03-27T18:00:00+01:00,2.14
2021-03-28T06:00:00+02:00,2.15
2021-03-28T18:00:00+02:00,2.15
2021-03-29T06:00:00+02:00,2.15
2021-03-29T18:00:00+02:00,2.14
2021-03-30T06:00:00+02:00,2.14
2021-03-30T18:00:00+02:00,2.15
2021-03-31T06:00:00+02:00,2.15
2021-03-31T18:00:00+02:00,2.15
2021-04-01T06:00:00+02:00,2.14
2021-04-01T18:00:00+02:00,2.14
2021-04-02T06:00:00+02:00,2.14
2021-04-02T18:00:00+02:00,2.13
2021-04-03T06:00:00+02:00,2.13
2021-04-03T18:00:00+02:00,2.13
2021-04-04T06:00:00+02:00,2.13
2021-04-04T18:00:00+02:00,2.14
2021-04-05T06:00:00+02:00,2.16
2021-04-05T18:00:00+02:00,2.14
2021-04-06T06:00:00+02:00,2.14
2021-04-06T18:00:00+02:00,2.15
2021-04-07T06:00:00+02:00,2.14
2021-04-07T18:00:00+02:00,2.13
2021-04-08T06:00:00+02:00,2.13
2021-04-08T18:00:00+02:00,2.14
2021-04-09T06:00:00+02:00,2.15
2021-04-09T18:00:00+02:00,2.15
2021-04-10T06:00:00+02:00,2.15
2021-04-10T18:00:00+02:00,2.16
2021-04-11T06:00:00+02:00,2.15
2021-04-11T18:00:00+02:00,2.14
2021-04-12T06:00:00+02:00,2.13
2021-04-12T18:00:00+02:00,2.13
2021-04-13T06:00:00+02:00,2.13
2021-04-13T18:00:00+02:00,2.14
2021-04-14T06:00:00+02:00,2.14
2021-04-14T18:00:00+02:00,2.14
2021-04-15T06:00:00+02:00,2.13
2021-04-15T18:00:00+02:00,2.14
2021-04-16T06:00:00+02:00,2.13
2021-04-16T18:00:00+02:00,2.13
2021-04-17T06:00:00+02:00,2.12
2021-04-17T18:00:00+02:00,2.12
2021-04-18T06:00:00+02:00,2.13
2021-04-18T18:00:00+02:00,2.13
2021-04-19T06:00:00+02:00,2.13
2021-04-19T18:00:00+02:00,2.13
2021-04-20T06:00:00+02:00,2.13
2021-04-20T18:00:00+02:00,2.13
2021-04-21T06:00:00+02:00,2.12
2021-04-21T18:00:00+02:00,2.12
2021-04-22T06:00:00+02:00,2.11
2021-04-22T18:00:00+02:00,2.11
2021-04-23T06:00:00+02:00,2.11
2021-04-23T18:00:00+02:00,2.11
2021-04-24T06:00:00+02:00,2.11
2021-04-24T18:00:00+02:00,2.11
2021-04-25T06:00:00+02:00,2.1
2021-04-25T18:00:00+02:00,2.11
2021-04-26T06:00:00+02:00,2.11
2021-04-26T18:00:00+02:00,2.12
2021-04-27T06:00:00+02:00,2.12
2021-04-27T18:00:00+02:00,2.12
2021-04-28T06:00:00+02:00,2.12
2021-04-28T18:00:00+02:00,2.12
2021-04-29T06:00:00+02:00,2.11
2021-04-29T18:00:00+02:00,2.1
2021-04-30T06:00:00+02:00,2.1
2021-04-30T18:00:00+02:00,2.1
2021-05-01T06:00:00+02:00,2.1
2021-05-01T18:00:00+02:00,2.1
2021-05-02T06:00:00+02:00,2.09
2021-05-02T18:00:00+02:00,2.09
2021-05-03T06:00:00+02:00,2.1
2021-05-03T18:00:00+02:00,2.12
2021-05-04T06:00:00+02:00,2.13
2021-05-04T18:00:00+02:00,2.11
2021-05-05T06:00:00+02:00,2.11
2021-05-05T18:00:00+02:00,2.1
2021-05-06T06:00:00+02:00,2.11
2021-05-06T18:00:00+02:00,2.1
2021-05-07T06:00:00+02:00,2.09
2021-05-07T18:00:00+02:00,2.08
2021-05-08T06:00:00+02:00,2.1
2021-05-08T18:00:00+02:00,2.09
2021-05-09T06:00:00+02:00,2.1
2021-05-09T18:00:00+02:00,2.11
2021-05-10T06:00:00+02:00,2.1
2021-05-10T18:00:00+02:00,2.1
2021-05-11T06:00:00+02:00,2.09
2021-05-11T18:00:00+02:00,2.09
2021-05-12T06:00:00+02:00,2.09
2021-05-12T18:00:00+02:00,2.09
2021-05-13T06:00:00+02:00,2.1
2021-05-13T18:00:00+02:00,2.09
2021-05-14T06:00:00+02:00,2.09
2021-05-14T18:00:00+02:00,2.09
2021-05-15T06:00:00+02:00,2.11
2021-05-15T18:00:00+02:00,2.11
2021-05-16T06:00:00+02:00,2.11
2021-05-16T18:00:00+02:00,2.11
2021-05-17T06:00:00+02:00,2.11
2021-05-17T18:00:00+02:00,2.09
2021-05-18T06:00:00+02:00,2.1
2021-05-18T18:00:00+02:00,2.1
2021-05-19T06:00:00+02:00,2.1
2021-05-19T18:00:00+02:00,2.09
2021-05-20T06:00:00+02:00,2.09
2021-05-20T18:00:00+02:00,2.11
2021-05-21T06:00:00+02:00,2.11
2021-05-21T18:00:00+02:00,2.12
2021-05-22T06:00:00+02:00,2.12
2021-05-22T18:00:00+02:00,2.1
2021-05-23T06:00:00+02:00,2.1
2021-05-23T18:00:00+02:00,2.11
2021-05-24T06:00:00+02:00,2.11
2021-05-24T18:00:00+02:00,2.11
2021-05-25T06:00:00+02:00,2.11
2021-05-25T18:00:00+02:00,2.11
2021-05-26T06:00:00+02:00,2.12
2021-05-26T18:00:00+02:00,2.11
2021-05-27T06:00:00+02:00,2.1
2021-05-27T18:00:00+02:00,2.1
2021-05-28T06:00:00+02:00,2.1
2021-05-28T18:00:00+02:00,2.1
2021-05-29T06:00:00+02:00,2.1
2021-05-29T18:00:00+02:00,2.1
2021-05-30T06:00:00+02:00,2.1
2021-05-30T18:00:00+02:00,2.1
2021-05-31T06:00:00+02:00,2.1
2021-05-31T18:00:00+02:00,2.1
2021-06-01T06:00:00+02:00,2.1
2021-06-01T18:00:00+02:00,2.1
2021-06-02T06:00:00+02:00,2.09
2021-06-02T18:00:00+02:00,2.09
2021-06-03T06:00:00+02:00,2.08
2021-06-03T18:00:00+02:00,2.07
2021-06-04T06:00:00+02:00,2.07
2021-06-04T18:00:00+02:00,2.07
2021-06-05T06:00:00+02:00,2.07
2021-06-05T18:00:00+02:00,2.07
2021-06-06T06:00:00+02:00,2.06
2021-06-06T18:00:00+02:00,2.06
2021-06-07T06:00:00+02:00,2.06
2021-06-07T18:00:00+02:00,2.06
2021-06-08T06:00:00+02:00,2.05
2021-06-08T18:00:00+02:00,2.03
2021-06-09T06:00:00+02:00,2.04
2021-06-09T18:00:00+02:00,2.04
2021-06-10T06:00:00+02:00,2.04
2021-06-10T18:00:00+02:00,2.03
2021-06-11T06:00:00+02:00,2.03
2021-06-11T18:00:00+02:00,2.03
2021-06-12T06:00:00+02:00,2.03
2021-06-12T18:00:00+02:00,2.01
2021-06-13T06:00:00+02:00,2.01
2021-06-13T18:00:00+02:00,2.01
2021-06-14T06:00:00+02:00,2.01
2021-06-14T18:00:00+02:00,2.01
2021-06-15T06:00:00+02:00,2.0
2021-06-15T18:00:00+02:00,2.01
2021-06-16T06:00:00+02:00,2.01
2021-06-16T18:00:00+02:00,2.01
2021-06-17T06:00:00+02:00,2.01
2021-06-17T18:00:00+02:00,2.0
2021-06-18T06:00:00+02:00,2.01
2021-06-18T18:00:00+02:00,2.0
2021-06-19T06:00:00+02:00,1.99
2021-06-19T18:00:00+02:00,2.0
2021-06-20T06:00:00+02:00,2.0
2021-06-20T18:00:00+02:00,2.0
2021-06-21T06:00:00+02:00,2.0
2021-06-21T18:00:00+02:00,2.0
2021-06-22T06:00:00+02:00,2.0
2021-06-22T18:00:00+02:00,2.0
2021-06-23T06:00:00+02:00,1.99
2021-06-23T18:00:00+02:00,2.0
2021-06-24T06:00:00+02:00,2.0
2021-06-24T18:00:00+02:00,2.0
2021-06-25T06:00:00+02:00,2.0
2021-06-25T18:00:00+02:00,2.0
2021-06-26T06:00:00+02:00,2.0
2021-06-26T18:00:00+02:00,2.0
2021-06-27T06:00:00+02:00,2.01
2021-06-27T18:00:00+02:00,2.0
2021-06-28T06:00:00+02:00,2.0
2021-06-28T18:00:00+02:00,2.0
2021-06-29T06:00:00+02:00,2.0
2021-06-29T18:00:00+02:00,2.0
2021-06-30T06:00:00+02:00,2.0
2021-06-30T18:00:00+02:00,2.0
2021-07-01T06:00:00+02:00,2.0
2021-07-01T18:00:00+02:00,2.0
2021-07-02T06:00:00+02:00,2.0
2021-07-02T18:00:00+02:00,2.0
2021-07-03T06:00:00+02:00,2.0
2021-07-03T18:00:00+02:00,2.0
2021-07-04T06:00:00+02:00,2.0
2021-07-04T18:00:00+02:00,2.01
2021-07-05T06:00:00+02:00,2.01
2021-07-05T18:00:00+02:00,2.01
2021-07-06T06:00:00+02:00,2.02
2021-07-06T18:00:00+02:00,2.01
2021-07-07T06:00:00+02:00,2.01
2021-07-07T18:00:00+02:00,2.0
2021-07-08T06:00:00+02:00,2.0
2021-07-08T18:00:00+02:00,2.0
2021-07-09T06:00:00+02:00,1.99
2021-07-09T18:00:00+02:00,2.0
2021-07-10T06:00:00+02:00,2.0
2021-07-10T18:00:00+02:00,2.0
2021-07-11T06:00:00+02:00,2.0
2021-07-11T18:00:00+02:00,2.0
2021-07-12T06:00:00+02:00,2.01
2021-07-12T18:00:00+02:00,2.0
2021-07-13T06:00:00+02:00,2.0
2021-07-13T18:00:00+02:00,2.0
2021-07-14T06:00:00+02:00,2.0
2021-07-14T18:00:00+02:00,2.0
2021-07-15T06:00:00+02:00,2.0
2021-07-15T18:00:00+02:00,1.99
2021-07-16T06:00:00+02:00,1.98
2021-07-16T18:00:00+02:00,1.98
2021-07-17T06:00:00+02:00,1.98
2021-07-17T18:00:00+02:00,1.98
2021-07-18T06:00:00+02:00,1.98
2021-07-18T18:00:00+02:00,1.98
2021-07-19T06:00:00+02:00,1.98
2021-07-19T18:00:00+02:00,1.98
2021-07-20T06:00:00+02:00,1.98
2021-07-20T18:00:00+02:00,1.98
2021-07-21T06:00:00+02:00,1.97
2021-07-21T18:00:00+02:00,1.97
2021-07-22T06:00:00+02:00,1.97
2021-07-22T18:00:00+02:00,1.97
2021-07-23T06:00:00+02:00,1.97
2021-07-23T18:00:00+02:00,1.98
2021-07-24T06:00:00+02:00,1.98
2021-07-24T18:00:00+02:00,1.97
2021-07-25T06:00:00+02:00,1.97
2021-07-25T18:00:00+02:00,1.97
2021-07-26T06:00:00+02:00,1.98
2021-07-26T18:00:00+02:00,1.98
2021-07-27T06:00:00+02:00,1.98
2021-07-27T18:00:00+02:00,1.99
2021-07-28T06:00:00+02:00,1.99
2021-07-28T18:00:00+02:00,1.99
2021-07-29T06:00:00+02:00,1.99
2021-07-29T18:00:00+02:00,1.99
2021-07-30T06:00:00+02:00,2.0
2021-07-30T18:00:00+02:00,2.0
2021-07-31T06:00:00+02:00,1.99
2021-07-31T18:00:00+02:00,1.99
2021-08-01T06:00:00+02:00,1.99
2021-08-01T18:00:00+02:00,1.99
2021-08-02T06:00:00+02:00,1.98
2021-08-02T18:00:00+02:00,1.98
2021-08-03T06:00:00+02:00,1.99
2021-08-03T18:00:00+02:00,1.99
2021-08-04T06:00:00+02:00,1.98
2021-08-04T18:00:00+02:00,1.99
2021-08-05T06:00:00+02:00,1.99
2021-08-05T18:00:00+02:00,2.0
2021-08-06T06:00:00+02:00,2.0
2021-08-06T18:00:00+02:00,1.99
2021-08-07T06:00:00+02:00,1.99
2021-08-07T18:00:00+02:00,1.99
2021-08-08T06:00:00+02:00,1.99
2021-08-08T18:00:00+02:00,1.98
2021-08-09T06:00:00+02:00,1.98
2021-08-09T18:00:00+02:00,1.98
2021-08-10T06:00:00+02:00,1.98
2021-08-10T18:00:00+02:00,1.98
2021-08-11T06:00:00+02:00,1.97
2021-08-11T18:00:00+02:00,1.98
2021-08-12T06:00:00+02:00,1.98
2021-08-12T18:00:00+02:00,1.98
2021-08-13T06:00:00+02:00,1.98
2021-08-13T18:00:00+02:00,1.97
2021-08-14T06:00:00+02:00,1.97
2021-08-14T18:00:00+02:00,1.98
2021-08-15T06:00:00+02:00,1.98
2021-08-15T18:00:00+02:00,1.98
2021-08-16T06:00:00+02:00,1.99
2021-08-16T18:00:00+02:00,1.97
2021-08-17T06:00:00+02:00,1.97
2021-08-17T18:00:00+02:00,1.98
2021-08-18T06:00:00+02:00,1.98
2021-08-18T18:00:00+02:00,1.98
2021-08-19T06:00:00+02:00,1.98
2021-08-19T18:00:00+02:00,1.98
2021-08-20T06:00:00+02:00,1.98
2021-08-20T18:00:00+02:00,1.98
2021-08-21T06:00:00+02:00,1.98
2021-08-21T18:00:00+02:00,1.98
2021-08-22T06:00:00+02:00,1.99
2021-08-22T18:00:00+02:00,1.98
2021-08-23T06:00:00+02:00,1.98
2021-08-23T18:00:00+02:00,1.98
2021-08-24T06:00:00+02:00,1.97
2021-08-24T18:00:00+02:00,1.98
2021-08-25T06:00:00+02:00,1.98
2021-08-25T18:00:00+02:00,1.99
2021-08-26T06:00:00+02:00,1.99
2021-08-26T18:00:00+02:00,1.99
2021-08-27T06:00:00+02:00,1.99
2021-08-27T18:00:00+02:00,1.98
2021-08-28T06:00:00+02:00,1.98
2021-08-28T18:00:00+02:00,1.98
2021-08-29T06:00:00+02:00,1.98
2021-08-29T18:00:00+02:00,1.98
2021-08-30T06:00:00+02:00,1.98
2021-08-30T18:00:00+02:00,1.98
2021-08-31T06:00:00+02:00,1.97
2021-08-31T18:00:00+02:00,1.97
2021-09-01T06:00:00+02:00,1.97
2021-09-01T18:00:00+02:00,1.97
2021-09-02T06:00:00+02:00,1.97
2021-09-02T18:00:00+02:00,1.97
2021-09-03T06:00:00+02:00,1.97
2021-09-03T18:00:00+02:00,1.97
2021-09-04T06:00:00+02:00,1.97
2021-09-04T18:00:00+02:00,1.97
2021-09-05T06:00:00+02:00,1.96
2021-09-05T18:00:00+02:00,1.96
2021-09-06T06:00:00+02:00,1.96
2021-09-06T18:00:00+02:00,1.96
2021-09-07T06:00:00+02:00,1.96
2021-09-07T18:00:00+02:00,1.96
2021-09-08T06:00:00+02:00,1.96
2021-09-08T18:00:00+02:00,1.96
2021-09-09T06:00:00+02:00,1.96
2021-09-09T18:00:00+02:00,1.96
2021-09-10T06:00:00+02:00,1.95
2021-09-10T18:00:00+02:00,1.95
2021-09-11T06:00:00+02:00,1.95
2021-09-11T18:00:00+02:00,1.95
2021-09-12T06:00:00+02:00,1.95
2021-09-12T18:00:00+02:00,1.94
2021-09-13T06:00:00+02:00,1.94
2021-09-13T18:00:00+02:00,1.95
2021-09-14T06:00:00+02:00,1.95
2021-09-14T18:00:00+02:00,1.95
2021-09-15T06:00:00+02:00,1.95
2021-09-15T18:00:00+02:00,1.94
2021-09-16T06:00:00+02:00,1.94
2021-09-16T18:00:00+02:00,1.94
2021-09-17T06:00:00+02:00,1.95
2021-09-17T18:00:00+02:00,1.94
2021-09-18T06:00:00+02:00,1.94
2021-09-18T18:00:00+02:00,1.94
2021-09-19T06:00:00+02:00,1.94
2021-09-19T18:00:00+02:00,1.94
2021-09-20T06:00:00+02:00,1.93
2021-09-20T18:00:00+02:00,1.93
2021-09-21T06:00:00+02:00,1.92
2021-09-21T18:00:00+02:00,1.93
2021-09-22T06:00:00+02:00,1.92
2021-09-22T18:00:00+02:00,1.93
2021-09-23T06:00:00+02:00,1.93
2021-09-23T18:00:00+02:00,1.93
2021-09-24T06:00:00+02:00,1.92
2021-09-24T18:00:00+02:00,1.92
2021-09-25T06:00:00+02:00,1.92
2021-09-25T18:00:00+02:00,1.92
2021-09-26T06:00:00+02:00,1.93
2021-09-26T18:00:00+02:00,1.92
2021-09-27T06:00:00+02:00,1.92
2021-09-27T18:00:00+02:00,1.91
2021-09-28T06:00:00+02:00,1.91
2021-09-28T18:00:00+02:00,1.92
2021-09-29T06:00:00+02:00,1.93
2021-09-29T18:00:00+02:00,1.9
2021-09-30T06:00:00+02:00,1.91
2021-09-30T18:00:00+02:00,1.92
2021-10-01T06:00:00+02:00,1.93
2021-10-01T18:00:00+02:00,1.93
2021-10-02T06:00:00+02:00,1.93
2021-10-02T18:00:00+02:00,1.95
2021-10-03T06:00:00+02:00,1.95
2021-10-03T18:00:00+02:00,1.93
2021-10-04T06:00:00+02:00,1.94
2021-10-04T18:00:00+02:00,1.94
2021-10-05T06:00:00+02:00,1.96
2021-10-05T18:00:00+02:00,1.95
2021-10-06T06:00:00+02:00,1.96
2021-10-06T18:00:00+02:00,1.95
2021-10-07T06:00:00+02:00,1.94
2021-10-07T18:00:00+02:00,1.95
2021-10-08T06:00:00+02:00,1.95
2021-10-08T18:00:00+02:00,1.95
2021-10-09T06:00:00+02:00,1.96
2021-10-09T18:00:00+02:00,1.96
2021-10-10T06:00:00+02:00,1.95
2021-10-10T18:00:00+02:00,1.96
2021-10-11T06:00:00+02:00,1.96
2021-10-11T18:00:00+02:00,1.96
2021-10-12T06:00:00+02:00,1.97
2021-10-12T18:00:00+02:00,1.96
2021-10-13T06:00:00+02:00,1.96
2021-10-13T18:00:00+02:00,1.96
2021-10-14T06:00:00+02:00,1.97
2021-10-14T18:00:00+02:00,1.97
2021-10-15T06:00:00+02:00,1.98
2021-10-15T18:00:00+02:00,1.96
2021-10-16T06:00:00+02:00,1.96
2021-10-16T18:00:00+02:00,1.97
2021-10-17T06:00:00+02:00,1.97
2021-10-17T18:00:00+02:00,1.97
2021-10-18T06:00:00+02:00,1.97
2021-10-18T18:00:00+02:00,1.97
2021-10-19T06:00:00+02:00,1.98
2021-10-19T18:00:00+02:00,1.98
2021-10-20T06:00:00+02:00,1.99
2021-10-20T18:00:00+02:00,2.0
2021-10-21T06:00:00+02:00,1.99
2021-10-21T18:00:00+02:00,1.97
2021-10-22T06:00:00+02:00,1.98
2021-10-22T18:00:00+02:00,1.97
2021-10-23T06:00:00+02:00,1.98
2021-10-23T18:00:00+02:00,1.98
2021-10-24T06:00:00+02:00,1.98
2021-10-24T18:00:00+02:00,1.99
2021-10-25T06:00:00+02:00,1.99
2021-10-25T18:00:00+02:00,1.99
2021-10-26T06:00:00+02:00,1.99
2021-10-26T18:00:00+02:00,1.99
2021-10-27T06:00:00+02:00,1.99
2021-10-27T18:00:00+02:00,1.99
2021-10-28T06:00:00+02:00,2.0
2021-10-28T18:00:00+02:00,2.0
2021-10-29T06:00:00+02:00,2.0
2021-10-29T18:00:00+02:00,2.0
2021-10-30T06:00:00+02:00,2.01
2021-10-30T18:00:00+02:00,2.0
2021-10-31T06:00:00+01:00,2.01
2021-10-31T18:00:00+01:00,2.03
2021-11-01T06:00:00+01:00,2.02
2021-11-01T18:00:00+01:00,2.02
2021-11-02T06:00:00+01:00,2.02
2021-11-02T18:00:00+01:00,2.02
2021-11-03T06:00:00+01:00,2.02
2021-11-03T18:00:00+01:00,2.02
2021-11-04T06:00:00+01:00,2.02
2021-11-04T18:00:00+01:00,2.01
2021-11-05T06:00:00+01:00,2.0
2021-11-05T18:00:00+01:00,2.0
2021-11-06T06:00:00+01:00,2.01
2021-11-06T18:00:00+01:00,2.02
2021-11-07T06:00:00+01:00,2.03
2021-11-07T18:00:00+01:00,2.02
2021-11-08T06:00:00+01:00,2.02
2021-11-08T18:00:00+01:00,2.02
2021-11-09T06:00:00+01:00,2.01
2021-11-09T18:00:00+01:00,2.02
2021-11-10T06:00:00+01:00,2.02
2021-11-10T18:00:00+01:00,2.02
2021-11-11T06:00:00+01:00,2.02
2021-11-11T18:00:00+01:00,2.02
2021-11-12T06:00:00+01:00,2.03
2021-11-12T18:00:00+01:00,2.03
2021-11-13T06:00:00+01:00,2.04
2021-11-13T18:00:00+01:00,2.03
2021-11-14T06:00:00+01:00,2.02
2021-11-14T18:00:00+01:00,2.02
2021-11-15T06:00:00+01:00,2.02
2021-11-15T18:00:00+01:00,2.02
2021-11-16T06:00:00+01:00,2.02
2021-11-16T18:00:00+01:00,2.03
2021-11-17T06:00:00+01:00,2.03
2021-11-17T18:00:00+01:00,2.02
2021-11-18T06:00:00+01:00,2.02
2021-11-18T18:00:00+01:00,2.02
2021-11-19T06:00:00+01:00,2.02
2021-11-19T18:00:00+01:00,2.02
2021-11-20T06:00:00+01:00,2.03
2021-11-20T18:00:00+01:00,2.04
2021-11-21T06:00:00+01:00,2.05
2021-11-21T18:00:00+01:00,2.03
2021-11-22T06:00:00+01:00,2.02
2021-11-22T18:00:00+01:00,2.02
2021-11-23T06:00:00+01:00,2.03
2021-11-23T18:00:00+01:00,2.03
2021-11-24T06:00:00+01:00,2.03
2021-11-24T18:00:00+01:00,2.04
2021-11-25T06:00:00+01:00,2.04
2021-11-25T18:00:00+01:00,2.04
2021-11-26T06:00:00+01:00,2.06
2021-11-26T18:00:00+01:00,2.08
2021-11-27T06:00:00+01:00,2.07
2021-11-27T18:00:00+01:00,2.06
2021-11-28T06:00:00+01:00,2.06
2021-11-28T18:00:00+01:00,2.06
2021-11-29T06:00:00+01:00,2.05
2021-11-29T18:00:00+01:00,2.05
2021-11-30T06:00:00+01:00,2.06
2021-11-30T18:00:00+01:00,2.06
2021-12-01T06:00:00+01:00,2.09
2021-12-01T18:00:00+01:00,2.07
2021-12-02T06:00:00+01:00,2.08
2021-12-02T18:00:00+01:00,2.06
2021-12-03T06:00:00+01:00,2.07
2021-12-03T18:00:00+01:00,2.08
2021-12-04T06:00:00+01:00,2.1
2021-12-04T18:00:00+01:00,2.08
2021-12-05T06:00:00+01:00,2.09
2021-12-05T18:00:00+01:00,2.08
2021-12-06T06:00:00+01:00,2.07
2021-12-06T18:00:00+01:00,2.09
2021-12-07T06:00:00+01:00,2.08
2021-12-07T18:00:00+01:00,2.12
2021-12-08T06:00:00+01:00,2.1
2021-12-08T18:00:00+01:00,2.09
2021-12-09T06:00:00+01:00,2.09
2021-12-09T18:00:00+01:00,2.09
2021-12-10T06:00:00+01:00,2.12
2021-12-10T18:00:00+01:00,2.09
2021-12-11T06:00:00+01:00,2.08
2021-12-11T18:00:00+01:00,2.08
2021-12-12T06:00:00+01:00,2.09
2021-12-12T18:00:00+01:00,2.08
2021-12-13T06:00:00+01:00,2.08
2021-12-13T18:00:00+01:00,2.09
2021-12-14T06:00:00+01:00,2.09
2021-12-14T18:00:00+01:00,2.08
2021-12-15T06:00:00+01:00,2.09
2021-12-15T18:00:00+01:00,2.08
2021-12-16T06:00:00+01:00,2.08
2021-12-16T18:00:00+01:00,2.08
2021-12-17T06:00:00+01:00,2.08
2021-12-17T18:00:00+01:00,2.08
2021-12-18T06:00:00+01:00,2.09
2021-12-18T18:00:00+01:00,2.09
2021-12-19T06:00:00+01:00,2.1
2021-12-19T18:00:00+01:00,2.1
2021-12-20T06:00:00+01:00,2.1
2021-12-20T18:00:00+01:00,2.1
2021-12-21T06:00:00+01:00,2.1
2021-12-21T18:00:00+01:00,2.1
2021-12-22T06:00:00+01:00,2.1
2021-12-22T18:00:00+01:00,2.11
2021-12-23T06:00:00+01:00,2.12
2021-12-23T18:00:00+01:00,2.11
2021-12-24T06:00:00+01:00,2.11
2021-12-24T18:00:00+01:00,2.11
2021-12-25T06:00:00+01:00,2.11
2021-12-25T18:00:00+01:00,2.11
2021-12-26T06:00:00+01:00,2.12
2021-12-26T18:00:00+01:00,2.12
2021-12-27T06:00:00+01:00,2.13
2021-12-27T18:00:00+01:00,2.13
2021-12-28T06:00:00+01:00,2.13
2021-12-28T18:00:00+01:00,2.13
2021-12-29T06:00:00+01:00,2.11
2021-12-29T18:00:00+01:00,2.12
2021-12-30T06:00:00+01:00,2.12
2021-12-30T18:00:00+01:00,2.11
2021-12-31T06:00:00+01:00,2.12
2021-12-31T18:00:00+01:00,2.11
2022-01-01T06:00:00+01:00,2.11
2022-01-01T18:00:00+01:00,2.13
2022-01-02T06:00:00+01:00,2.13
2022-01-02T18:00:00+01:00,2.13
2022-01-03T06:00:00+01:00,2.13
2022-01-03T18:00:00+01:00,2.14
2022-01-04T06:00:00+01:00,2.15
2022-01-04T18:00:00+01:00,2.14
2022-01-05T06:00:00+01:00,2.13
2022-01-05T18:00:00+01:00,2.12
2022-01-06T06:00:00+01:00,2.12
2022-01-06T18:00:00+01:00,2.13
2022-01-07T06:00:00+01:00,2.14
2022-01-07T18:00:00+01:00,2.13
2022-01-08T06:00:00+01:00,2.13
2022-01-08T18:00:00+01:00,2.17
2022-01-09T06:00:00+01:00,2.14
2022-01-09T18:00:00+01:00,2.14
2022-01-10T06:00:00+01:00,2.12
2022-01-10T18:00:00+01:00,2.11
2022-01-11T06:00:00+01:00,2.12
2022-01-11T18:00:00+01:00,2.12
2022-01-12T06:00:00+01:00,2.12
2022-01-12T18:00:00+01:00,2.11
2022-01-13T06:00:00+01:00,2.12
2022-01-13T18:00:00+01:00,2.12
2022-01-14T06:00:00+01:00,2.13
2022-01-14T18:00:00+01:00,2.13
2022-01-15T06:00:00+01:00,2.14
2022-01-15T18:00:00+01:00,2.14
2022-01-16T06:00:00+01:00,2.14
2022-01-16T18:00:00+01:00,2.13
2022-01-17T06:00:00+01:00,2.12
2022-01-17T18:00:00+01:00,2.12
2022-01-18T06:00:00+01:00,2.12
2022-01-18T18:00:00+01:00,2.13
2022-01-19T06:00:00+01:00,2.14
2022-01-19T18:00:00+01:00,2.14
2022-01-20T06:00:00+01:00,2.13
2022-01-20T18:00:00+01:00,2.13
2022-01-21T06:00:00+01:00,2.12
2022-01-21T18:00:00+01:00,2.13
2022-01-22T06:00:00+01:00,2.13
2022-01-22T18:00:00+01:00,2.13
2022-01-23T06:00:00+01:00,2.13
2022-01-23T18:00:00+01:00,2.13
2022-01-24T06:00:00+01:00,2.13
2022-01-24T18:00:00+01:00,2.13
2022-01-25T06:00:00+01:00,2.13
2022-01-25T18:00:00+01:00,2.13
2022-01-26T06:00:00+01:00,2.12
2022-01-26T18:00:00+01:00,2.13
2022-01-27T06:00:00+01:00,2.14
2022-01-27T18:00:00+01:00,2.13
2022-01-28T06:00:00+01:00,2.12
2022-01-28T18:00:00+01:00,2.13
2022-01-29T06:00:00+01:00,2.14
2022-01-29T18:00:00+01:00,2.14
2022-01-30T06:00:00+01:00,2.13
2022-01-30T18:00:00+01:00,2.14
2022-01-31T06:00:00+01:00,2.16
2022-01-31T18:00:00+01:00,2.13
2022-02-01T06:00:00+01:00,2.14
2022-02-01T18:00:00+01:00,2.14
2022-02-02T06:00:00+01:00,2.13
2022-02-02T18:00:00+01:00,2.13
2022-02-03T06:00:00+01:00,2.14
2022-02-03T18:00:00+01:00,2.15
2022-02-04T06:00:00+01:00,2.15
2022-02-04T18:00:00+01:00,2.13
2022-02-05T06:00:00+01:00,2.13
2022-02-05T18:00:00+01:00,2.14
2022-02-06T06:00:00+01:00,2.16
2022-02-06T18:00:00+01:00,2.17
2022-02-07T06:00:00+01:00,2.13
2022-02-07T18:00:00+01:00,2.14
2022-02-08T06:00:00+01:00,2.14
2022-02-08T18:00:00+01:00,2.14
2022-02-09T06:00:00+01:00,2.15
2022-02-09T18:00:00+01:00,2.15
2022-02-10T06:00:00+01:00,2.16
2022-02-10T18:00:00+01:00,2.15
2022-02-11T06:00:00+01:00,2.14
2022-02-11T18:00:00+01:00,2.14
2022-02-12T06:00:00+01:00,2.15
2022-02-12T18:00:00+01:00,2.16
2022-02-13T06:00:00+01:00,2.17
2022-02-13T18:00:00+01:00,2.18
2022-02-14T06:00:00+01:00,2.18
2022-02-14T18:00:00+01:00,2.16
2022-02-15T06:00:00+01:00,2.15
2022-02-15T18:00:00+01:00,2.17
2022-02-16T06:00:00+01:00,2.18
2022-02-16T18:00:00+01:00,2.18
2022-02-17T06:00:00+01:00,2.16
2022-02-17T18:00:00+01:00,2.15
2022-02-18T06:00:00+01:00,2.18
2022-02-18T18:00:00+01:00,2.17
2022-02-19T06:00:00+01:00,2.14
2022-02-19T18:00:00+01:00,2.17
2022-02-20T06:00:00+01:00,2.17
2022-02-20T18:00:00+01:00,2.19
2022-02-21T06:00:00+01:00,2.18
2022-02-21T18:00:00+01:00,2.15
2022-02-22T06:00:00+01:00,2.16
2022-02-22T18:00:00+01:00,2.17
2022-02-23T06:00:00+01:00,2.15
2022-02-23T18:00:00+01:00,2.17
2022-02-24T06:00:00+01:00,2.18
2022-02-24T18:00:00+01:00,2.17
2022-02-25T06:00:00+01:00,2.17
2022-02-25T18:00:00+01:00,2.15
2022-02-26T06:00:00+01:00,2.15
2022-02-26T18:00:00+01:00,2.16
2022-02-27T06:00:00+01:00,2.17
2022-02-27T18:00:00+01:00,2.17
2022-02-28T06:00:00+01:00,2.17
2022-02-28T18:00:00+01:00,2.17
2022-03-01T06:00:00+01:00,2.17
2022-03-01T18:00:00+01:00,2.17
2022-03-02T06:00:00+01:00,2.18
2022-03-02T18:00:00+01:00,2.18
2022-03-03T06:00:00+01:00,2.18
2022-03-03T18:00:00+01:00,2.18
2022-03-04T06:00:00+01:00,2.18
2022-03-04T18:00:00+01:00,2.18
2022-03-05T06:00:00+01:00,2.18
2022-03-05T18:00:00+01:00,2.17
2022-03-06T06:00:00+01:00,2.16
2022-03-06T18:00:00+01:00,2.17
2022-03-07T06:00:00+01:00,2.17
2022-03-07T18:00:00+01:00,2.18
2022-03-08T06:00:00+01:00,2.18
2022-03-08T18:00:00+01:00,2.17
2022-03-09T06:00:00+01:00,2.17
2022-03-09T18:00:00+01:00,2.17
2022-03-10T06:00:00+01:00,2.16
2022-03-10T18:00:00+01:00,2.18
2022-03-11T06:00:00+01:00,2.18
2022-03-11T18:00:00+01:00,2.18
2022-03-12T06:00:00+01:00,2.17
2022-03-12T18:00:00+01:00,2.18
2022-03-13T06:00:00+01:00,2.17
2022-03-13T18:00:00+01:00,2.17
2022-03-14T06:00:00+01:00,2.16
2022-03-14T18:00:00+01:00,2.15
2022-03-15T06:00:00+01:00,2.16
2022-03-15T18:00:00+01:00,2.17
2022-03-16T06:00:00+01:00,2.17
2022-03-16T18:00:00+01:00,2.17
2022-03-17T06:00:00+01:00,2.15
2022-03-17T18:00:00+01:00,2.14
2022-03-18T06:00:00+01:00,2.14
2022-03-18T18:00:00+01:00,2.14
2022-03-19T06:00:00+01:00,2.14
2022-03-19T18:00:00+01:00,2.15
2022-03-20T06:00:00+01:00,2.16
2022-03-20T18:00:00+01:00,2.15
2022-03-21T06:00:00+01:00,2.15
2022-03-21T18:00:00+01:00,2.15
2022-03-22T06:00:00+01:00,2.15
2022-03-22T18:00:00+01:00,2.15
2022-03-23T06:00:00+01:00,2.15
2022-03-23T18:00:00+01:00,2.15
2022-03-24T06:00:00+01:00,2.15
2022-03-24T18:00:00+01:00,2.15
2022-03-25T06:00:00+01:00,2.14
2022-03-25T18:00:00+01:00,2.15
2022-03-26T06:00:00+01:00,2.14
2022-03-26T18:00:00+01:00,2.14
2022-03-27T06:00:00+02:00,2.14
2022-03-27T18:00:00+02:00,2.15
2022-03-28T06:00:00+02:00,2.15
2022-03-28T18:00:00+02:00,2.16
2022-03-29T06:00:00+02:00,2.16
2022-03-29T18:00:00+02:00,2.16
2022-03-30T06:00:00+02:00,2.17
2022-03-30T18:00:00+02:00,2.17
2022-03-31T06:00:00+02:00,2.16
2022-03-31T18:00:00+02:00,2.16
2022-04-01T06:00:00+02:00,2.15
2022-04-01T18:00:00+02:00,2.14
2022-04-02T06:00:00+02:00,2.14
2022-04-02T18:00:00+02:00,2.14
2022-04-03T06:00:00+02:00,2.14
2022-04-03T18:00:00+02:00,2.15
2022-04-04T06:00:00+02:00,2.16
2022-04-04T18:00:00+02:00,2.16
2022-04-05T06:00:00+02:00,2.16
2022-04-05T18:00:00+02:00,2.17
2022-04-06T06:00:00+02:00,2.17
2022-04-06T18:00:00+02:00,2.18
2022-04-07T06:00:00+02:00,2.2
2022-04-07T18:00:00+02:00,2.18
2022-04-08T06:00:00+02:00,2.17
2022-04-08T18:00:00+02:00,2.17
2022-04-09T06:00:00+02:00,2.15
2022-04-09T18:00:00+02:00,2.15
2022-04-10T06:00:00+02:00,2.15
2022-04-10T18:00:00+02:00,2.15
2022-04-11T06:00:00+02:00,2.16
2022-04-11T18:00:00+02:00,2.17
2022-04-12T06:00:00+02:00,2.17
2022-04-12T18:00:00+02:00,2.16
2022-04-13T06:00:00+02:00,2.15
2022-04-13T18:00:00+02:00,2.15
2022-04-14T06:00:00+02:00,2.15
2022-04-14T18:00:00+02:00,2.15
2022-04-15T06:00:00+02:00,2.14
2022-04-15T18:00:00+02:00,2.14
2022-04-16T06:00:00+02:00,2.14
2022-04-16T18:00:00+02:00,2.14
2022-04-17T06:00:00+02:00,2.14
2022-04-17T18:00:00+02:00,2.15
2022-04-18T06:00:00+02:00,2.15
2022-04-18T18:00:00+02:00,2.15
2022-04-19T06:00:00+02:00,2.14
2022-04-19T18:00:00+02:00,2.14
2022-04-20T06:00:00+02:00,2.13
2022-04-20T18:00:00+02:00,2.13
2022-04-21T06:00:00+02:00,2.13
2022-04-21T18:00:00+02:00,2.14
2022-04-22T06:00:00+02:00,2.14
2022-04-22T18:00:00+02:00,2.14
2022-04-23T06:00:00+02:00,2.14
2022-04-23T18:00:00+02:00,2.14
2022-04-24T06:00:00+02:00,2.13
2022-04-24T18:00:00+02:00,2.12
2022-04-25T06:00:00+02:00,2.12
2022-04-25T18:00:00+02:00,2.11
2022-04-26T06:00:00+02:00,2.11
2022-04-26T18:00:00+02:00,2.1
2022-04-27T06:00:00+02:00,2.09
2022-04-27T18:00:00+02:00,2.09
2022-04-28T06:00:00+02:00,2.08
2022-04-28T18:00:00+02:00,2.09
2022-04-29T06:00:00+02:00,2.09
2022-04-29T18:00:00+02:00,2.09
2022-04-30T06:00:00+02:00,2.08
2022-04-30T18:00:00+02:00,2.08
2022-05-01T06:00:00+02:00,2.09
2022-05-01T18:00:00+02:00,2.09
2022-05-02T06:00:00+02:00,2.09
2022-05-02T18:00:00+02:00,2.09
2022-05-03T06:00:00+02:00,2.08
2022-05-03T18:00:00+02:00,2.08
2022-05-04T06:00:00+02:00,2.08
2022-05-04T18:00:00+02:00,2.08
2022-05-05T06:00:00+02:00,2.07
2022-05-05T18:00:00+02:00,2.07
2022-05-06T06:00:00+02:00,2.06
2022-05-06T18:00:00+02:00,2.06
2022-05-07T06:00:00+02:00,2.06
2022-05-07T18:00:00+02:00,2.05
2022-05-08T06:00:00+02:00,2.05
2022-05-08T18:00:00+02:00,2.05
2022-05-09T06:00:00+02:00,2.05
2022-05-09T18:00:00+02:00,2.05
2022-05-10T06:00:00+02:00,2.05
2022-05-10T18:00:00+02:00,2.05
2022-05-11T06:00:00+02:00,2.05
2022-05-11T18:00:00+02:00,2.05
2022-05-12T06:00:00+02:00,2.03
2022-05-12T18:00:00+02:00,2.03
2022-05-13T06:00:00+02:00,2.03
2022-05-13T18:00:00+02:00,2.02
2022-05-14T06:00:00+02:00,2.02
2022-05-14T18:00:00+02:00,2.02
2022-05-15T06:00:00+02:00,2.02
2022-05-15T18:00:00+02:00,2.02
2022-05-16T06:00:00+02:00,2.02
2022-05-16T18:00:00+02:00,2.01
2022-05-17T06:00:00+02:00,2.01
2022-05-17T18:00:00+02:00,2.01
2022-05-18T06:00:00+02:00,2.0
2022-05-18T18:00:00+02:00,2.01
2022-05-19T06:00:00+02:00,2.01
2022-05-19T18:00:00+02:00,2.0
2022-05-20T06:00:00+02:00,2.01
2022-05-20T18:00:00+02:00,2.01
2022-05-21T06:00:00+02:00,2.02
2022-05-21T18:00:00+02:00,2.02
2022-05-22T06:00:00+02:00,2.02
2022-05-22T18:00:00+02:00,2.04
2022-05-23T06:00:00+02:00,2.05
2022-05-23T18:00:00+02:00,2.05
2022-05-24T06:00:00+02:00,2.04
2022-05-24T18:00:00+02:00,2.03
2022-05-25T06:00:00+02:00,2.02
2022-05-25T18:00:00+02:00,2.02
2022-05-26T06:00:00+02:00,2.02
2022-05-26T18:00:00+02:00,2.02
2022-05-27T06:00:00+02:00,2.02
2022-05-27T18:00:00+02:00,2.01
2022-05-28T06:00:00+02:00,2.02
2022-05-28T18:00:00+02:00,2.02
2022-05-29T06:00:00+02:00,2.03
2022-05-29T18:00:00+02:00,2.03
2022-05-30T06:00:00+02:00,2.02
2022-05-30T18:00:00+02:00,2.02
2022-05-31T06:00:00+02:00,2.02
2022-05-31T18:00:00+02:00,2.02
2022-06-01T06:00:00+02:00,2.01
2022-06-01T18:00:00+02:00,2.01
2022-06-02T06:00:00+02:00,2.01
2022-06-02T18:00:00+02:00,2.01
2022-06-03T06:00:00+02:00,2.01
2022-06-03T18:00:00+02:00,2.01
2022-06-04T06:00:00+02:00,2.0
2022-06-04T18:00:00+02:00,2.01
2022-06-05T06:00:00+02:00,2.01
2022-06-05T18:00:00+02:00,2.01
2022-06-06T06:00:00+02:00,2.01
2022-06-06T18:00:00+02:00,2.01
2022-06-07T06:00:00+02:00,2.01
2022-06-07T18:00:00+02:00,2.02
2022-06-08T06:00:00+02:00,2.03
2022-06-08T18:00:00+02:00,2.03
2022-06-09T06:00:00+02:00,2.02
2022-06-09T18:00:00+02:00,2.01
2022-06-10T06:00:00+02:00,2.01
2022-06-10T18:00:00+02:00,2.02
2022-06-11T06:00:00+02:00,2.01
2022-06-11T18:00:00+02:00,2.01
2022-06-12T06:00:00+02:00,2.01
2022-06-12T18:00:00+02:00,2.02
2022-06-13T06:00:00+02:00,2.01
2022-06-13T18:00:00+02:00,2.01
2022-06-14T06:00:00+02:00,2.01
2022-06-14T18:00:00+02:00,2.02
2022-06-15T06:00:00+02:00,2.01
2022-06-15T18:00:00+02:00,2.01
2022-06-16T06:00:00+02:00,2.0
2022-06-16T18:00:00+02:00,2.0
2022-06-17T06:00:00+02:00,2.0
2022-06-17T18:00:00+02:00,2.0
2022-06-18T06:00:00+02:00,2.0
2022-06-18T18:00:00+02:00,2.0
2022-06-19T06:00:00+02:00,2.0
2022-06-19T18:00:00+02:00,1.99
2022-06-20T06:00:00+02:00,1.99
2022-06-20T18:00:00+02:00,1.99
2022-06-21T06:00:00+02:00,1.99
2022-06-21T18:00:00+02:00,1.99
2022-06-22T06:00:00+02:00,1.99
2022-06-22T18:00:00+02:00,1.99
2022-06-23T06:00:00+02:00,1.99
2022-06-23T18:00:00+02:00,1.99
2022-06-24T06:00:00+02:00,1.99
2022-06-24T18:00:00+02:00,1.99
2022-06-25T06:00:00+02:00,1.98
2022-06-25T18:00:00+02:00,1.98
2022-06-26T06:00:00+02:00,1.98
2022-06-26T18:00:00+02:00,1.98
2022-06-27T06:00:00+02:00,1.98
2022-06-27T18:00:00+02:00,1.98
2022-06-28T06:00:00+02:00,1.98
2022-06-28T18:00:00+02:00,1.99
2022-06-29T06:00:00+02:00,1.99
2022-06-29T18:00:00+02:00,1.99
2022-06-30T06:00:00+02:00,1.99
2022-06-30T18:00:00+02:00,1.99
2022-07-01T06:00:00+02:00,1.98
2022-07-01T18:00:00+02:00,1.98
2022-07-02T06:00:00+02:00,1.98
2022-07-02T18:00:00+02:00,1.98
2022-07-03T06:00:00+02:00,1.98
2022-07-03T18:00:00+02:00,1.98
2022-07-04T06:00:00+02:00,1.98
2022-07-04T18:00:00+02:00,1.98
2022-07-05T06:00:00+02:00,1.97
2022-07-05T18:00:00+02:00,1.97
2022-07-06T06:00:00+02:00,1.97
2022-07-06T18:00:00+02:00,1.97
2022-07-07T06:00:00+02:00,1.97
2022-07-07T18:00:00+02:00,1.96
2022-07-08T06:00:00+02:00,1.96
2022-07-08T18:00:00+02:00,1.96
2022-07-09T06:00:00+02:00,1.96
2022-07-09T18:00:00+02:00,1.96
2022-07-10T06:00:00+02:00,1.95
2022-07-10T18:00:00+02:00,1.95
2022-07-11T06:00:00+02:00,1.95
2022-07-11T18:00:00+02:00,1.95
2022-07-12T06:00:00+02:00,1.94
2022-07-12T18:00:00+02:00,1.95
2022-07-13T06:00:00+02:00,1.94
2022-07-13T18:00:00+02:00,1.94
2022-07-14T06:00:00+02:00,1.94
2022-07-14T18:00:00+02:00,1.93
2022-07-15T06:00:00+02:00,1.93
2022-07-15T18:00:00+02:00,1.93
2022-07-16T06:00:00+02:00,1.93
2022-07-16T18:00:00+02:00,1.92
2022-07-17T06:00:00+02:00,1.92
2022-07-17T18:00:00+02:00,1.92
2022-07-18T06:00:00+02:00,1.92
2022-07-18T18:00:00+02:00,1.92
2022-07-19T06:00:00+02:00,1.92
2022-07-19T18:00:00+02:00,1.92
2022-07-20T06:00:00+02:00,1.91
2022-07-20T18:00:00+02:00,1.9
2022-07-21T06:00:00+02:00,1.9
2022-07-21T18:00:00+02:00,1.9
2022-07-22T06:00:00+02:00,1.9
2022-07-22T18:00:00+02:00,1.91
2022-07-23T06:00:00+02:00,1.9
2022-07-23T18:00:00+02:00,1.91
2022-07-24T06:00:00+02:00,1.9
2022-07-24T18:00:00+02:00,1.91
2022-07-25T06:00:00+02:00,1.9
2022-07-25T18:00:00+02:00,1.9
2022-07-26T06:00:00+02:00,1.89
2022-07-26T18:00:00+02:00,1.89
2022-07-27T06:00:00+02:00,1.89
2022-07-27T18:00:00+02:00,1.89
2022-07-28T06:00:00+02:00,1.89
2022-07-28T18:00:00+02:00,1.89
2022-07-29T06:00:00+02:00,1.89
2022-07-29T18:00:00+02:00,1.88
2022-07-30T06:00:00+02:00,1.88
2022-07-30T18:00:00+02:00,1.87
2022-07-31T06:00:00+02:00,1.88
2022-07-31T18:00:00+02:00,1.88
2022-08-01T06:00:00+02:00,1.87
2022-08-01T18:00:00+02:00,1.88
2022-08-02T06:00:00+02:00,1.88
2022-08-02T18:00:00+02:00,1.88
2022-08-03T06:00:00+02:00,1.87
2022-08-03T18:00:00+02:00,1.87
2022-08-04T06:00:00+02:00,1.87
2022-08-04T18:00:00+02:00,1.86
2022-08-05T06:00:00+02:00,1.86
2022-08-05T18:00:00+02:00,1.85
2022-08-06T06:00:00+02:00,1.85
2022-08-06T18:00:00+02:00,1.85
2022-08-07T06:00:00+02:00,1.85
2022-08-07T18:00:00+02:00,1.85
2022-08-08T06:00:00+02:00,1.85
2022-08-08T18:00:00+02:00,1.85
2022-08-09T06:00:00+02:00,1.84
2022-08-09T18:00:00+02:00,1.85
2022-08-10T06:00:00+02:00,1.84
2022-08-10T18:00:00+02:00,1.84
2022-08-11T06:00:00+02:00,1.84
2022-08-11T18:00:00+02:00,1.84
2022-08-12T06:00:00+02:00,1.83
2022-08-12T18:00:00+02:00,1.83
2022-08-13T06:00:00+02:00,1.83
2022-08-13T18:00:00+02:00,1.83
2022-08-14T06:00:00+02:00,1.83
2022-08-14T18:00:00+02:00,1.83
2022-08-15T06:00:00+02:00,1.83
2022-08-15T18:00:00+02:00,1.82
2022-08-16T06:00:00+02:00,1.82
2022-08-16T18:00:00+02:00,1.82
2022-08-17T06:00:00+02:00,1.82
2022-08-17T18:00:00+02:00,1.82
2022-08-18T06:00:00+02:00,1.82
2022-08-18T18:00:00+02:00,1.82
2022-08-19T06:00:00+02:00,1.82
2022-08-19T18:00:00+02:00,1.82
2022-08-20T06:00:00+02:00,1.82
2022-08-20T18:00:00+02:00,1.82
2022-08-21T06:00:00+02:00,1.82
2022-08-21T18:00:00+02:00,1.82
2022-08-22T06:00:00+02:00,1.82
2022-08-22T18:00:00+02:00,1.83
2022-08-23T06:00:00+02:00,1.82
2022-08-23T18:00:00+02:00,1.82
2022-08-24T06:00:00+02:00,1.82
2022-08-24T18:00:00+02:00,1.82
2022-08-25T06:00:00+02:00,1.82
2022-08-25T18:00:00+02:00,1.82
2022-08-26T06:00:00+02:00,1.81
2022-08-26T18:00:00+02:00,1.81
2022-08-27T06:00:00+02:00,1.81
2022-08-27T18:00:00+02:00,1.81
2022-08-28T06:00:00+02:00,1.8
2022-08-28T18:00:00+02:00,1.81
2022-08-29T06:00:00+02:00,1.8
2022-08-29T18:00:00+02:00,1.8
2022-08-30T06:00:00+02:00,1.8
2022-08-30T18:00:00+02:00,1.8
2022-08-31T06:00:00+02:00,1.8
2022-08-31T18:00:00+02:00,1.8
2022-09-01T06:00:00+02:00,1.8
2022-09-01T18:00:00+02:00,1.8
2022-09-02T06:00:00+02:00,1.8
2022-09-02T18:00:00+02:00,1.8
2022-09-03T06:00:00+02:00,1.79
2022-09-03T18:00:00+02:00,1.79
2022-09-04T06:00:00+02:00,1.78
2022-09-04T18:00:00+02:00,1.79
2022-09-05T06:00:00+02:00,1.79
2022-09-05T18:00:00+02:00,1.79
2022-09-06T06:00:00+02:00,1.79
2022-09-06T18:00:00+02:00,1.79
2022-09-07T06:00:00+02:00,1.79
2022-09-07T18:00:00+02:00,1.79
2022-09-08T06:00:00+02:00,1.8
2022-09-08T18:00:00+02:00,1.8
2022-09-09T06:00:00+02:00,1.81
2022-09-09T18:00:00+02:00,1.8
2022-09-10T06:00:00+02:00,1.81
2022-09-10T18:00:00+02:00,1.8
2022-09-11T06:00:00+02:00,1.81
2022-09-11T18:00:00+02:00,1.81
2022-09-12T06:00:00+02:00,1.81
2022-09-12T18:00:00+02:00,1.82
2022-09-13T06:00:00+02:00,1.82
2022-09-13T18:00:00+02:00,1.82
2022-09-14T06:00:00+02:00,1.82
2022-09-14T18:00:00+02:00,1.83
2022-09-15T06:00:00+02:00,1.83
2022-09-15T18:00:00+02:00,1.83
2022-09-16T06:00:00+02:00,1.83
2022-09-16T18:00:00+02:00,1.83
2022-09-17T06:00:00+02:00,1.83
2022-09-17T18:00:00+02:00,1.83
2022-09-18T06:00:00+02:00,1.84
2022-09-18T18:00:00+02:00,1.86
2022-09-19T06:00:00+02:00,1.85
2022-09-19T18:00:00+02:00,1.85
2022-09-20T06:00:00+02:00,1.85
2022-09-20T18:00:00+02:00,1.85
2022-09-21T06:00:00+02:00,1.85
2022-09-21T18:00:00+02:00,1.86
2022-09-22T06:00:00+02:00,1.86
2022-09-22T18:00:00+02:00,1.86
2022-09-23T06:00:00+02:00,1.87
2022-09-23T18:00:00+02:00,1.87
2022-09-24T06:00:00+02:00,1.87
2022-09-24T18:00:00+02:00,1.87
2022-09-25T06:00:00+02:00,1.87
2022-09-25T18:00:00+02:00,1.87
2022-09-26T06:00:00+02:00,1.89
2022-09-26T18:00:00+02:00,1.87
2022-09-27T06:00:00+02:00,1.88
2022-09-27T18:00:00+02:00,1.89
2022-09-28T06:00:00+02:00,1.89
2022-09-28T18:00:00+02:00,1.89
2022-09-29T06:00:00+02:00,1.9
2022-09-29T18:00:00+02:00,1.89
2022-09-30T06:00:00+02:00,1.89
2022-09-30T18:00:00+02:00,1.9
2022-10-01T06:00:00+02:00,1.9
2022-10-01T18:00:00+02:00,1.89
2022-10-02T06:00:00+02:00,1.89
2022-10-02T18:00:00+02:00,1.89
2022-10-03T06:00:00+02:00,1.89
2022-10-03T18:00:00+02:00,1.9
2022-10-04T06:00:00+02:00,1.9
2022-10-04T18:00:00+02:00,1.9
2022-10-05T06:00:00+02:00,1.91
2022-10-05T18:00:00+02:00,1.91
2022-10-06T06:00:00+02:00,1.89
2022-10-06T18:00:00+02:00,1.9
2022-10-07T06:00:00+02:00,1.9
2022-10-07T18:00:00+02:00,1.91
2022-10-08T06:00:00+02:00,1.9
2022-10-08T18:00:00+02:00,1.9
2022-10-09T06:00:00+02:00,1.9
2022-10-09T18:00:00+02:00,1.92
2022-10-10T06:00:00+02:00,1.91
2022-10-10T18:00:00+02:00,1.9
2022-10-11T06:00:00+02:00,1.9
2022-10-11T18:00:00+02:00,1.9
2022-10-12T06:00:00+02:00,1.9
2022-10-12T18:00:00+02:00,1.9
2022-10-13T06:00:00+02:00,1.91
2022-10-13T18:00:00+02:00,1.9
2022-10-14T06:00:00+02:00,1.91
2022-10-14T18:00:00+02:00,1.92
2022-10-15T06:00:00+02:00,1.92
2022-10-15T18:00:00+02:00,1.91
2022-10-16T06:00:00+02:00,1.91
2022-10-16T18:00:00+02:00,1.91
2022-10-17T06:00:00+02:00,1.9
2022-10-17T18:00:00+02:00,1.9
2022-10-18T06:00:00+02:00,1.9
2022-10-18T18:00:00+02:00,1.9
2022-10-19T06:00:00+02:00,1.9
2022-10-19T18:00:00+02:00,1.92
2022-10-20T06:00:00+02:00,1.92
2022-10-20T18:00:00+02:00,1.92
2022-10-21T06:00:00+02:00,1.92
2022-10-21T18:00:00+02:00,1.92
2022-10-22T06:00:00+02:00,1.91
2022-10-22T18:00:00+02:00,1.91
2022-10-23T06:00:00+02:00,1.92
2022-10-23T18:00:00+02:00,1.93
2022-10-24T06:00:00+02:00,1.92
2022-10-24T18:00:00+02:00,1.91
2022-10-25T06:00:00+02:00,1.91
2022-10-25T18:00:00+02:00,1.91
2022-10-26T06:00:00+02:00,1.91
2022-10-26T18:00:00+02:00,1.9
2022-10-27T06:00:00+02:00,1.9
2022-10-27T18:00:00+02:00,1.9
2022-10-28T06:00:00+02:00,1.91
2022-10-28T18:00:00+02:00,1.9
2022-10-29T06:00:00+02:00,1.91
2022-10-29T18:00:00+02:00,1.91
2022-10-30T06:00:00+01:00,1.9
2022-10-30T18:00:00+01:00,1.9
2022-10-31T06:00:00+01:00,1.9
2022-10-31T18:00:00+01:00,1.92
2022-11-01T06:00:00+01:00,1.9
2022-11-01T18:00:00+01:00,1.91
2022-11-02T06:00:00+01:00,1.9
2022-11-02T18:00:00+01:00,1.9
2022-11-03T06:00:00+01:00,1.91
2022-11-03T18:00:00+01:00,1.92
2022-11-04T06:00:00+01:00,1.92
2022-11-04T18:00:00+01:00,1.9
2022-11-05T06:00:00+01:00,1.91
2022-11-05T18:00:00+01:00,1.91
2022-11-06T06:00:00+01:00,1.92
2022-11-06T18:00:00+01:00,1.92
2022-11-07T06:00:00+01:00,1.91
2022-11-07T18:00:00+01:00,1.92
2022-11-08T06:00:00+01:00,1.93
2022-11-08T18:00:00+01:00,1.92
2022-11-09T06:00:00+01:00,1.92
2022-11-09T18:00:00+01:00,1.91
2022-11-10T06:00:00+01:00,1.9
2022-11-10T18:00:00+01:00,1.9
2022-11-11T06:00:00+01:00,1.9
2022-11-11T18:00:00+01:00,1.9
2022-11-12T06:00:00+01:00,1.9
2022-11-12T18:00:00+01:00,1.9
2022-11-13T06:00:00+01:00,1.91
2022-11-13T18:00:00+01:00,1.91
2022-11-14T06:00:00+01:00,1.92
2022-11-14T18:00:00+01:00,1.92
2022-11-15T06:00:00+01:00,1.92
2022-11-15T18:00:00+01:00,1.93
2022-11-16T06:00:00+01:00,1.92
2022-11-16T18:00:00+01:00,1.93
2022-11-17T06:00:00+01:00,1.95
2022-11-17T18:00:00+01:00,1.93
2022-11-18T06:00:00+01:00,1.93
2022-11-18T18:00:00+01:00,1.93
2022-11-19T06:00:00+01:00,1.92
2022-11-19T18:00:00+01:00,1.93
2022-11-20T06:00:00+01:00,1.93
2022-11-20T18:00:00+01:00,1.94
2022-11-21T06:00:00+01:00,1.94
2022-11-21T18:00:00+01:00,1.96
2022-11-22T06:00:00+01:00,1.95
2022-11-22T18:00:00+01:00,1.95
2022-11-23T06:00:00+01:00,1.95
2022-11-23T18:00:00+01:00,1.94
2022-11-24T06:00:00+01:00,1.94
2022-11-24T18:00:00+01:00,1.94
2022-11-25T06:00:00+01:00,1.94
2022-11-25T18:00:00+01:00,1.93
2022-11-26T06:00:00+01:00,1.93
2022-11-26T18:00:00+01:00,1.94
2022-11-27T06:00:00+01:00,1.95
2022-11-27T18:00:00+01:00,1.96
2022-11-28T06:00:00+01:00,1.96
2022-11-28T18:00:00+01:00,1.95
2022-11-29T06:00:00+01:00,1.95
2022-11-29T18:00:00+01:00,1.95
2022-11-30T06:00:00+01:00,1.95
2022-11-30T18:00:00+01:00,1.95
2022-12-01T06:00:00+01:00,1.95
2022-12-01T18:00:00+01:00,1.95
2022-12-02T06:00:00+01:00,1.96
2022-12-02T18:00:00+01:00,1.96
2022-12-03T06:00:00+01:00,1.96
2022-12-03T18:00:00+01:00,1.96
2022-12-04T06:00:00+01:00,1.97
2022-12-04T18:00:00+01:00,1.96
2022-12-05T06:00:00+01:00,1.96
2022-12-05T18:00:00+01:00,1.96
2022-12-06T06:00:00+01:00,1.96
2022-12-06T18:00:00+01:00,1.96
2022-12-07T06:00:00+01:00,1.96
2022-12-07T18:00:00+01:00,1.97
2022-12-08T06:00:00+01:00,1.98
2022-12-08T18:00:00+01:00,1.98
2022-12-09T06:00:00+01:00,1.97
2022-12-09T18:00:00+01:00,1.98
2022-12-10T06:00:00+01:00,1.97
2022-12-10T18:00:00+01:00,1.98
2022-12-11T06:00:00+01:00,1.98
2022-12-11T18:00:00+01:00,1.98
2022-12-12T06:00:00+01:00,1.97
2022-12-12T18:00:00+01:00,1.97
2022-12-13T06:00:00+01:00,1.98
2022-12-13T18:00:00+01:00,1.98
2022-12-14T06:00:00+01:00,1.98
2022-12-14T18:00:00+01:00,1.97
2022-12-15T06:00:00+01:00,1.97
2022-12-15T18:00:00+01:00,1.98
2022-12-16T06:00:00+01:00,1.97
2022-12-16T18:00:00+01:00,1.96
2022-12-17T06:00:00+01:00,1.96
2022-12-17T18:00:00+01:00,1.95
2022-12-18T06:00:00+01:00,1.96
2022-12-18T18:00:00+01:00,1.97
2022-12-19T06:00:00+01:00,1.98
2022-12-19T18:00:00+01:00,1.97
2022-12-20T06:00:00+01:00,1.98
2022-12-20T18:00:00+01:00,1.98
2022-12-21T06:00:00+01:00,1.99
2022-12-21T18:00:00+01:00,1.99
2022-12-22T06:00:00+01:00,1.99
2022-12-22T18:00:00+01:00,2.0
2022-12-23T06:00:00+01:00,2.0
2022-12-23T18:00:00+01:00,2.0
2022-12-24T06:00:00+01:00,2.0
2022-12-24T18:00:00+01:00,2.0
2022-12-25T06:00:00+01:00,2.0
2022-12-25T18:00:00+01:00,2.01
2022-12-26T06:00:00+01:00,2.01
2022-12-26T18:00:00+01:00,2.0
2022-12-27T06:00:00+01:00,2.0
2022-12-27T18:00:00+01:00,2.01
2022-12-28T06:00:00+01:00,2.03
2022-12-28T18:00:00+01:00,2.04
2022-12-29T06:00:00+01:00,2.03
2022-12-29T18:00:00+01:00,2.02
2022-12-30T06:00:00+01:00,2.03
2022-12-30T18:00:00+01:00,2.04
2022-12-31T06:00:00+01:00,2.04
2022-12-31T18:00:00+01:00,2.04
2023-01-01T06:00:00+01:00,2.03
2023-01-01T18:00:00+01:00,2.04
2023-01-02T06:00:00+01:00,2.05
2023-01-02T18:00:00+01:00,2.03
2023-01-03T06:00:00+01:00,2.04
2023-01-03T18:00:00+01:00,2.05
2023-01-04T06:00:00+01:00,2.06
2023-01-04T18:00:00+01:00,2.06
2023-01-05T06:00:00+01:00,2.05
2023-01-05T18:00:00+01:00,2.06
2023-01-06T06:00:00+01:00,2.07
2023-01-06T18:00:00+01:00,2.06
2023-01-07T06:00:00+01:00,2.07
2023-01-07T18:00:00+01:00,2.08
2023-01-08T06:00:00+01:00,2.08
2023-01-08T18:00:00+01:00,2.08
2023-01-09T06:00:00+01:00,2.08
2023-01-09T18:00:00+01:00,2.06
2023-01-10T06:00:00+01:00,2.06
2023-01-10T18:00:00+01:00,2.09
2023-01-11T06:00:00+01:00,2.08
2023-01-11T18:00:00+01:00,2.08
2023-01-12T06:00:00+01:00,2.11
2023-01-12T18:00:00+01:00,2.11
2023-01-13T06:00:00+01:00,2.11
2023-01-13T18:00:00+01:00,2.09
2023-01-14T06:00:00+01:00,2.12
2023-01-14T18:00:00+01:00,2.14
2023-01-15T06:00:00+01:00,2.13
2023-01-15T18:00:00+01:00,2.13
2023-01-16T06:00:00+01:00,2.17
2023-01-16T18:00:00+01:00,2.15
2023-01-17T06:00:00+01:00,2.14
2023-01-17T18:00:00+01:00,2.14
2023-01-18T06:00:00+01:00,2.14
2023-01-18T18:00:00+01:00,2.16
2023-01-19T06:00:00+01:00,2.15
2023-01-19T18:00:00+01:00,2.15
2023-01-20T06:00:00+01:00,2.15
2023-01-20T18:00:00+01:00,2.16
2023-01-21T06:00:00+01:00,2.15
2023-01-21T18:00:00+01:00,2.15
2023-01-22T06:00:00+01:00,2.17
2023-01-22T18:00:00+01:00,2.16
2023-01-23T06:00:00+01:00,2.17
2023-01-23T18:00:00+01:00,2.17
2023-01-24T06:00:00+01:00,2.17
2023-01-24T18:00:00+01:00,2.17
2023-01-25T06:00:00+01:00,2.18
2023-01-25T18:00:00+01:00,2.19
2023-01-26T06:00:00+01:00,2.19
2023-01-26T18:00:00+01:00,2.18
2023-01-27T06:00:00+01:00,2.18
2023-01-27T18:00:00+01:00,2.18
2023-01-28T06:00:00+01:00,2.18
2023-01-28T18:00:00+01:00,2.18
2023-01-29T06:00:00+01:00,2.19
2023-01-29T18:00:00+01:00,2.2
2023-01-30T06:00:00+01:00,2.21
2023-01-30T18:00:00+01:00,2.18
2023-01-31T06:00:00+01:00,2.2
2023-01-31T18:00:00+01:00,2.19
2023-02-01T06:00:00+01:00,2.2
2023-02-01T18:00:00+01:00,2.2
2023-02-02T06:00:00+01:00,2.2
2023-02-02T18:00:00+01:00,2.19
2023-02-03T06:00:00+01:00,2.2
2023-02-03T18:00:00+01:00,2.19
2023-02-04T06:00:00+01:00,2.19
2023-02-04T18:00:00+01:00,2.19
2023-02-05T06:00:00+01:00,2.19
2023-02-05T18:00:00+01:00,2.18
2023-02-06T06:00:00+01:00,2.19
2023-02-06T18:00:00+01:00,2.2
2023-02-07T06:00:00+01:00,2.2
2023-02-07T18:00:00+01:00,2.2
2023-02-08T06:00:00+01:00,2.2
2023-02-08T18:00:00+01:00,2.21
2023-02-09T06:00:00+01:00,2.21
2023-02-09T18:00:00+01:00,2.2
2023-02-10T06:00:00+01:00,2.19
2023-02-10T18:00:00+01:00,2.2
2023-02-11T06:00:00+01:00,2.2
2023-02-11T18:00:00+01:00,2.2
2023-02-12T06:00:00+01:00,2.19
2023-02-12T18:00:00+01:00,2.2
2023-02-13T06:00:00+01:00,2.2
2023-02-13T18:00:00+01:00,2.2
2023-02-14T06:00:00+01:00,2.2
2023-02-14T18:00:00+01:00,2.21
2023-02-15T06:00:00+01:00,2.21
2023-02-15T18:00:00+01:00,2.21
2023-02-16T06:00:00+01:00,2.21
2023-02-16T18:00:00+01:00,2.22
2023-02-17T06:00:00+01:00,2.21
2023-02-17T18:00:00+01:00,2.2
2023-02-18T06:00:00+01:00,2.22
2023-02-18T18:00:00+01:00,2.22
2023-02-19T06:00:00+01:00,2.21
2023-02-19T18:00:00+01:00,2.2
2023-02-20T06:00:00+01:00,2.21
2023-02-20T18:00:00+01:00,2.22
2023-02-21T06:00:00+01:00,2.22
2023-02-21T18:00:00+01:00,2.22
2023-02-22T06:00:00+01:00,2.22
2023-02-22T18:00:00+01:00,2.22
2023-02-23T06:00:00+01:00,2.22
2023-02-23T18:00:00+01:00,2.21
2023-02-24T06:00:00+01:00,2.23
2023-02-24T18:00:00+01:00,2.23
2023-02-25T06:00:00+01:00,2.22
2023-02-25T18:00:00+01:00,2.21
2023-02-26T06:00:00+01:00,2.2
2023-02-26T18:00:00+01:00,2.2
2023-02-27T06:00:00+01:00,2.2
2023-02-27T18:00:00+01:00,2.2
2023-02-28T06:00:00+01:00,2.2
2023-02-28T18:00:00+01:00,2.2
2023-03-01T06:00:00+01:00,2.2
2023-03-01T18:00:00+01:00,2.21
2023-03-02T06:00:00+01:00,2.21
2023-03-02T18:00:00+01:00,2.21
2023-03-03T06:00:00+01:00,2.21
2023-03-03T18:00:00+01:00,2.21
2023-03-04T06:00:00+01:00,2.21
2023-03-04T18:00:00+01:00,2.21
2023-03-05T06:00:00+01:00,2.22
2023-03-05T18:00:00+01:00,2.23
2023-03-06T06:00:00+01:00,2.23
2023-03-06T18:00:00+01:00,2.23
2023-03-07T06:00:00+01:00,2.24
2023-03-07T18:00:00+01:00,2.23
2023-03-08T06:00:00+01:00,2.25
2023-03-08T18:00:00+01:00,2.25
2023-03-09T06:00:00+01:00,2.24
2023-03-09T18:00:00+01:00,2.26
2023-03-10T06:00:00+01:00,2.27
2023-03-10T18:00:00+01:00,2.22
2023-03-11T06:00:00+01:00,2.24
2023-03-11T18:00:00+01:00,2.25
2023-03-12T06:00:00+01:00,2.27
2023-03-12T18:00:00+01:00,2.26
2023-03-13T06:00:00+01:00,2.29
2023-03-13T18:00:00+01:00,2.29
2023-03-14T06:00:00+01:00,2.28
2023-03-14T18:00:00+01:00,2.24
2023-03-15T06:00:00+01:00,2.25
2023-03-15T18:00:00+01:00,2.25
2023-03-16T06:00:00+01:00,2.27
2023-03-16T18:00:00+01:00,2.28
2023-03-17T06:00:00+01:00,2.27
2023-03-17T18:00:00+01:00,2.27
2023-03-18T06:00:00+01:00,2.27
2023-03-18T18:00:00+01:00,2.28
2023-03-19T06:00:00+01:00,2.27
2023-03-19T18:00:00+01:00,2.26
2023-03-20T06:00:00+01:00,2.26
2023-03-20T18:00:00+01:00,2.27
2023-03-21T06:00:00+01:00,2.28
2023-03-21T18:00:00+01:00,2.28
2023-03-22T06:00:00+01:00,2.29
2023-03-22T18:00:00+01:00,2.29
2023-03-23T06:00:00+01:00,2.28
2023-03-23T18:00:00+01:00,2.28
2023-03-24T06:00:00+01:00,2.28
2023-03-24T18:00:00+01:00,2.28
2023-03-25T06:00:00+01:00,2.28
2023-03-25T18:00:00+01:00,2.27
2023-03-26T06:00:00+02:00,2.29
2023-03-26T18:00:00+02:00,2.27
2023-03-27T06:00:00+02:00,2.26
2023-03-27T18:00:00+02:00,2.25
2023-03-28T06:00:00+02:00,2.27
2023-03-28T18:00:00+02:00,2.28
2023-03-29T06:00:00+02:00,2.29
2023-03-29T18:00:00+02:00,2.3
2023-03-30T06:00:00+02:00,2.29
2023-03-30T18:00:00+02:00,2.29
2023-03-31T06:00:00+02:00,2.32
2023-03-31T18:00:00+02:00,2.31
2023-04-01T06:00:00+02:00,2.3
2023-04-01T18:00:00+02:00,2.29
2023-04-02T06:00:00+02:00,2.28
2023-04-02T18:00:00+02:00,2.27
2023-04-03T06:00:00+02:00,2.28
2023-04-03T18:00:00+02:00,2.29
2023-04-04T06:00:00+02:00,2.29
2023-04-04T18:00:00+02:00,2.3
2023-04-05T06:00:00+02:00,2.3
2023-04-05T18:00:00+02:00,2.31
2023-04-06T06:00:00+02:00,2.31
2023-04-06T18:00:00+02:00,2.31
2023-04-07T06:00:00+02:00,2.31
2023-04-07T18:00:00+02:00,2.3
2023-04-08T06:00:00+02:00,2.3
2023-04-08T18:00:00+02:00,2.3
2023-04-09T06:00:00+02:00,2.31
2023-04-09T18:00:00+02:00,2.31
2023-04-10T06:00:00+02:00,2.32
2023-04-10T18:00:00+02:00,2.32
2023-04-11T06:00:00+02:00,2.31
2023-04-11T18:00:00+02:00,2.32
2023-04-12T06:00:00+02:00,2.34
2023-04-12T18:00:00+02:00,2.33
2023-04-13T06:00:00+02:00,2.32
2023-04-13T18:00:00+02:00,2.31
2023-04-14T06:00:00+02:00,2.32
2023-04-14T18:00:00+02:00,2.33
2023-04-15T06:00:00+02:00,2.32
2023-04-15T18:00:00+02:00,2.29
2023-04-16T06:00:00+02:00,2.3
2023-04-16T18:00:00+02:00,2.31
2023-04-17T06:00:00+02:00,2.3
2023-04-17T18:00:00+02:00,2.31
2023-04-18T06:00:00+02:00,2.31
2023-04-18T18:00:00+02:00,2.31
2023-04-19T06:00:00+02:00,2.31
2023-04-19T18:00:00+02:00,2.32
2023-04-20T06:00:00+02:00,2.32
2023-04-20T18:00:00+02:00,2.32
2023-04-21T06:00:00+02:00,2.33
2023-04-21T18:00:00+02:00,2.33
2023-04-22T06:00:00+02:00,2.32
2023-04-22T18:00:00+02:00,2.32
2023-04-23T06:00:00+02:00,2.32
2023-04-23T18:00:00+02:00,2.34
2023-04-24T06:00:00+02:00,2.32
2023-04-24T18:00:00+02:00,2.32
2023-04-25T06:00:00+02:00,2.31
2023-04-25T18:00:00+02:00,2.31
2023-04-26T06:00:00+02:00,2.31
2023-04-26T18:00:00+02:00,2.32
2023-04-27T06:00:00+02:00,2.31
2023-04-27T18:00:00+02:00,2.33
2023-04-28T06:00:00+02:00,2.33
2023-04-28T18:00:00+02:00,2.32
2023-04-29T06:00:00+02:00,2.31
2023-04-29T18:00:00+02:00,2.31
2023-04-30T06:00:00+02:00,2.31
2023-04-30T18:00:00+02:00,2.32
2023-05-01T06:00:00+02:00,2.33
2023-05-01T18:00:00+02:00,2.31
2023-05-02T06:00:00+02:00,2.3
2023-05-02T18:00:00+02:00,2.3
2023-05-03T06:00:00+02:00,2.3
2023-05-03T18:00:00+02:00,2.31
2023-05-04T06:00:00+02:00,2.31
2023-05-04T18:00:00+02:00,2.32
2023-05-05T06:00:00+02:00,2.31
2023-05-05T18:00:00+02:00,2.31
2023-05-06T06:00:00+02:00,2.31
2023-05-06T18:00:00+02:00,2.32
2023-05-07T06:00:00+02:00,2.32
2023-05-07T18:00:00+02:00,2.31
2023-05-08T06:00:00+02:00,2.31
2023-05-08T18:00:00+02:00,2.32
2023-05-09T06:00:00+02:00,2.33
2023-05-09T18:00:00+02:00,2.34
2023-05-10T06:00:00+02:00,2.33
2023-05-10T18:00:00+02:00,2.33
2023-05-11T06:00:00+02:00,2.33
2023-05-11T18:00:00+02:00,2.33
2023-05-12T06:00:00+02:00,2.33
2023-05-12T18:00:00+02:00,2.33
2023-05-13T06:00:00+02:00,2.33
2023-05-13T18:00:00+02:00,2.33
2023-05-14T06:00:00+02:00,2.33
2023-05-14T18:00:00+02:00,2.34
2023-05-15T06:00:00+02:00,2.33
2023-05-15T18:00:00+02:00,2.33
2023-05-16T06:00:00+02:00,2.32
2023-05-16T18:00:00+02:00,2.32
2023-05-17T06:00:00+02:00,2.32
2023-05-17T18:00:00+02:00,2.32
2023-05-18T06:00:00+02:00,2.31
2023-05-18T18:00:00+02:00,2.32
2023-05-19T06:00:00+02:00,2.32
2023-05-19T18:00:00+02:00,2.32
2023-05-20T06:00:00+02:00,2.32
2023-05-20T18:00:00+02:00,2.32
2023-05-21T06:00:00+02:00,2.32
2023-05-21T18:00:00+02:00,2.32
2023-05-22T06:00:00+02:00,2.32
2023-05-22T18:00:00+02:00,2.31
2023-05-23T06:00:00+02:00,2.3
2023-05-23T18:00:00+02:00,2.3
2023-05-24T06:00:00+02:00,2.3
2023-05-24T18:00:00+02:00,2.3
2023-05-25T06:00:00+02:00,2.29
2023-05-25T18:00:00+02:00,2.29
2023-05-26T06:00:00+02:00,2.28
2023-05-26T18:00:00+02:00,2.29
2023-05-27T06:00:00+02:00,2.29
2023-05-27T18:00:00+02:00,2.3
2023-05-28T06:00:00+02:00,2.29
2023-05-28T18:00:00+02:00,2.29
2023-05-29T06:00:00+02:00,2.28
2023-05-29T18:00:00+02:00,2.28
2023-05-30T06:00:00+02:00,2.27
2023-05-30T18:00:00+02:00,2.27
2023-05-31T06:00:00+02:00,2.27
2023-05-31T18:00:00+02:00,2.27
2023-06-01T06:00:00+02:00,2.27
2023-06-01T18:00:00+02:00,2.27
2023-06-02T06:00:00+02:00,2.26
2023-06-02T18:00:00+02:00,2.27
2023-06-03T06:00:00+02:00,2.26
2023-06-03T18:00:00+02:00,2.26
2023-06-04T06:00:00+02:00,2.25
2023-06-04T18:00:00+02:00,2.25
2023-06-05T06:00:00+02:00,2.24
2023-06-05T18:00:00+02:00,2.25
2023-06-06T06:00:00+02:00,2.24
2023-06-06T18:00:00+02:00,2.24
2023-06-07T06:00:00+02:00,2.23
2023-06-07T18:00:00+02:00,2.24
2023-06-08T06:00:00+02:00,2.23
2023-06-08T18:00:00+02:00,2.24
2023-06-09T06:00:00+02:00,2.23
2023-06-09T18:00:00+02:00,2.23
2023-06-10T06:00:00+02:00,2.22
2023-06-10T18:00:00+02:00,2.21
2023-06-11T06:00:00+02:00,2.21
2023-06-11T18:00:00+02:00,2.2
2023-06-12T06:00:00+02:00,2.19
2023-06-12T18:00:00+02:00,2.2
2023-06-13T06:00:00+02:00,2.19
2023-06-13T18:00:00+02:00,2.19
2023-06-14T06:00:00+02:00,2.18
2023-06-14T18:00:00+02:00,2.18
2023-06-15T06:00:00+02:00,2.17
2023-06-15T18:00:00+02:00,2.17
2023-06-16T06:00:00+02:00,2.16
2023-06-16T18:00:00+02:00,2.17
2023-06-17T06:00:00+02:00,2.16
2023-06-17T18:00:00+02:00,2.16
2023-06-18T06:00:00+02:00,2.16
2023-06-18T18:00:00+02:00,2.17
2023-06-19T06:00:00+02:00,2.16
2023-06-19T18:00:00+02:00,2.16
2023-06-20T06:00:00+02:00,2.16
2023-06-20T18:00:00+02:00,2.16
2023-06-21T06:00:00+02:00,2.15
2023-06-21T18:00:00+02:00,2.15
2023-06-22T06:00:00+02:00,2.16
2023-06-22T18:00:00+02:00,2.16
2023-06-23T06:00:00+02:00,2.15
2023-06-23T18:00:00+02:00,2.15
2023-06-24T06:00:00+02:00,2.15
2023-06-24T18:00:00+02:00,2.16
2023-06-25T06:00:00+02:00,2.17
2023-06-25T18:00:00+02:00,2.17
2023-06-26T06:00:00+02:00,2.16
2023-06-26T18:00:00+02:00,2.15
2023-06-27T06:00:00+02:00,2.15
2023-06-27T18:00:00+02:00,2.15
2023-06-28T06:00:00+02:00,2.15
2023-06-28T18:00:00+02:00,2.15
2023-06-29T06:00:00+02:00,2.15
2023-06-29T18:00:00+02:00,2.14
2023-06-30T06:00:00+02:00,2.15
2023-06-30T18:00:00+02:00,2.15
2023-07-01T06:00:00+02:00,2.17
2023-07-01T18:00:00+02:00,2.15
2023-07-02T06:00:00+02:00,2.14
2023-07-02T18:00:00+02:00,2.14
2023-07-03T06:00:00+02:00,2.14
2023-07-03T18:00:00+02:00,2.15
2023-07-04T06:00:00+02:00,2.14
2023-07-04T18:00:00+02:00,2.14
2023-07-05T06:00:00+02:00,2.15
2023-07-05T18:00:00+02:00,2.13
2023-07-06T06:00:00+02:00,2.13
2023-07-06T18:00:00+02:00,2.13
2023-07-07T06:00:00+02:00,2.13
2023-07-07T18:00:00+02:00,2.13
2023-07-08T06:00:00+02:00,2.13
2023-07-08T18:00:00+02:00,2.13
2023-07-09T06:00:00+02:00,2.12
2023-07-09T18:00:00+02:00,2.12
2023-07-10T06:00:00+02:00,2.11
2023-07-10T18:00:00+02:00,2.12
2023-07-11T06:00:00+02:00,2.13
2023-07-11T18:00:00+02:00,2.13
2023-07-12T06:00:00+02:00,2.12
2023-07-12T18:00:00+02:00,2.11
2023-07-13T06:00:00+02:00,2.11
2023-07-13T18:00:00+02:00,2.1
2023-07-14T06:00:00+02:00,2.1
2023-07-14T18:00:00+02:00,2.12
2023-07-15T06:00:00+02:00,2.11
2023-07-15T18:00:00+02:00,2.11
2023-07-16T06:00:00+02:00,2.1
2023-07-16T18:00:00+02:00,2.09
2023-07-17T06:00:00+02:00,2.09
2023-07-17T18:00:00+02:00,2.08
2023-07-18T06:00:00+02:00,2.08
2023-07-18T18:00:00+02:00,2.1
2023-07-19T06:00:00+02:00,2.09
2023-07-19T18:00:00+02:00,2.09
2023-07-20T06:00:00+02:00,2.08
2023-07-20T18:00:00+02:00,2.09
2023-07-21T06:00:00+02:00,2.09
2023-07-21T18:00:00+02:00,2.08
2023-07-22T06:00:00+02:00,2.08
2023-07-22T18:00:00+02:00,2.08
2023-07-23T06:00:00+02:00,2.09
2023-07-23T18:00:00+02:00,2.08
2023-07-24T06:00:00+02:00,2.09
2023-07-24T18:00:00+02:00,2.08
2023-07-25T06:00:00+02:00,2.08
2023-07-25T18:00:00+02:00,2.07
2023-07-26T06:00:00+02:00,2.08
2023-07-26T18:00:00+02:00,2.07
2023-07-27T06:00:00+02:00,2.09
2023-07-27T18:00:00+02:00,2.09
2023-07-28T06:00:00+02:00,2.09
2023-07-28T18:00:00+02:00,2.09
2023-07-29T06:00:00+02:00,2.08
2023-07-29T18:00:00+02:00,2.08
2023-07-30T06:00:00+02:00,2.08
2023-07-30T18:00:00+02:00,2.08
2023-07-31T06:00:00+02:00,2.09
2023-07-31T18:00:00+02:00,2.11
2023-08-01T06:00:00+02:00,2.12
2023-08-01T18:00:00+02:00,2.11
2023-08-02T06:00:00+02:00,2.14
2023-08-02T18:00:00+02:00,2.13
2023-08-03T06:00:00+02:00,2.12
2023-08-03T18:00:00+02:00,2.1
2023-08-04T06:00:00+02:00,2.11
2023-08-04T18:00:00+02:00,2.1
2023-08-05T06:00:00+02:00,2.12
2023-08-05T18:00:00+02:00,2.13
2023-08-06T06:00:00+02:00,2.14
2023-08-06T18:00:00+02:00,2.14
2023-08-07T06:00:00+02:00,2.15
2023-08-07T18:00:00+02:00,2.15
2023-08-08T06:00:00+02:00,2.16
2023-08-08T18:00:00+02:00,2.16
2023-08-09T06:00:00+02:00,2.16
2023-08-09T18:00:00+02:00,2.16
2023-08-10T06:00:00+02:00,2.16
2023-08-10T18:00:00+02:00,2.17
2023-08-11T06:00:00+02:00,2.17
2023-08-11T18:00:00+02:00,2.17
2023-08-12T06:00:00+02:00,2.19
2023-08-12T18:00:00+02:00,2.18
2023-08-13T06:00:00+02:00,2.18
2023-08-13T18:00:00+02:00,2.18
2023-08-14T06:00:00+02:00,2.19
2023-08-14T18:00:00+02:00,2.19
2023-08-15T06:00:00+02:00,2.18
2023-08-15T18:00:00+02:00,2.17
2023-08-16T06:00:00+02:00,2.17
2023-08-16T18:00:00+02:00,2.17
2023-08-17T06:00:00+02:00,2.17
2023-08-17T18:00:00+02:00,2.17
2023-08-18T06:00:00+02:00,2.18
2023-08-18T18:00:00+02:00,2.18
2023-08-19T06:00:00+02:00,2.18
2023-08-19T18:00:00+02:00,2.17
2023-08-20T06:00:00+02:00,2.16
2023-08-20T18:00:00+02:00,2.16
2023-08-21T06:00:00+02:00,2.16
2023-08-21T18:00:00+02:00,2.16
2023-08-22T06:00:00+02:00,2.16
2023-08-22T18:00:00+02:00,2.16
2023-08-23T06:00:00+02:00,2.16
2023-08-23T18:00:00+02:00,2.16
2023-08-24T06:00:00+02:00,2.16
2023-08-24T18:00:00+02:00,2.17
2023-08-25T06:00:00+02:00,2.17
2023-08-25T18:00:00+02:00,2.17
2023-08-26T06:00:00+02:00,2.17
2023-08-26T18:00:00+02:00,2.16
2023-08-27T06:00:00+02:00,2.17
2023-08-27T18:00:00+02:00,2.16
2023-08-28T06:00:00+02:00,2.16
2023-08-28T18:00:00+02:00,2.16
2023-08-29T06:00:00+02:00,2.16
2023-08-29T18:00:00+02:00,2.16
2023-08-30T06:00:00+02:00,2.18
2023-08-30T18:00:00+02:00,2.17
2023-08-31T06:00:00+02:00,2.16
2023-08-31T18:00:00+02:00,2.16
2023-09-01T06:00:00+02:00,2.17
2023-09-01T18:00:00+02:00,2.16
2023-09-02T06:00:00+02:00,2.15
2023-09-02T18:00:00+02:00,2.15
2023-09-03T06:00:00+02:00,2.15
2023-09-03T18:00:00+02:00,2.15
2023-09-04T06:00:00+02:00,2.15
2023-09-04T18:00:00+02:00,2.16
2023-09-05T06:00:00+02:00,2.16
2023-09-05T18:00:00+02:00,2.16
2023-09-06T06:00:00+02:00,2.16
2023-09-06T18:00:00+02:00,2.16
2023-09-07T06:00:00+02:00,2.15
2023-09-07T18:00:00+02:00,2.16
2023-09-08T06:00:00+02:00,2.15
2023-09-08T18:00:00+02:00,2.15
2023-09-09T06:00:00+02:00,2.15
2023-09-09T18:00:00+02:00,2.15
2023-09-10T06:00:00+02:00,2.15
2023-09-10T18:00:00+02:00,2.15
2023-09-11T06:00:00+02:00,2.15
2023-09-11T18:00:00+02:00,2.14
2023-09-12T06:00:00+02:00,2.15
2023-09-12T18:00:00+02:00,2.14
2023-09-13T06:00:00+02:00,2.14
2023-09-13T18:00:00+02:00,2.13
2023-09-14T06:00:00+02:00,2.13
2023-09-14T18:00:00+02:00,2.14
2023-09-15T06:00:00+02:00,2.14
2023-09-15T18:00:00+02:00,2.14
2023-09-16T06:00:00+02:00,2.14
2023-09-16T18:00:00+02:00,2.13
2023-09-17T06:00:00+02:00,2.14
2023-09-17T18:00:00+02:00,2.14
2023-09-18T06:00:00+02:00,2.15
2023-09-18T18:00:00+02:00,2.15
2023-09-19T06:00:00+02:00,2.14
2023-09-19T18:00:00+02:00,2.14
2023-09-20T06:00:00+02:00,2.15
2023-09-20T18:00:00+02:00,2.16
2023-09-21T06:00:00+02:00,2.16
2023-09-21T18:00:00+02:00,2.17
2023-09-22T06:00:00+02:00,2.16
2023-09-22T18:00:00+02:00,2.15
2023-09-23T06:00:00+02:00,2.14
2023-09-23T18:00:00+02:00,2.13
2023-09-24T06:00:00+02:00,2.13
2023-09-24T18:00:00+02:00,2.14
2023-09-25T06:00:00+02:00,2.14
2023-09-25T18:00:00+02:00,2.13
2023-09-26T06:00:00+02:00,2.14
2023-09-26T18:00:00+02:00,2.14
2023-09-27T06:00:00+02:00,2.14
2023-09-27T18:00:00+02:00,2.15
2023-09-28T06:00:00+02:00,2.13
2023-09-28T18:00:00+02:00,2.14
2023-09-29T06:00:00+02:00,2.14
2023-09-29T18:00:00+02:00,2.12
2023-09-30T06:00:00+02:00,2.13
2023-09-30T18:00:00+02:00,2.13
2023-10-01T06:00:00+02:00,2.13
2023-10-01T18:00:00+02:00,2.13
2023-10-02T06:00:00+02:00,2.14
2023-10-02T18:00:00+02:00,2.15
2023-10-03T06:00:00+02:00,2.15
2023-10-03T18:00:00+02:00,2.12
2023-10-04T06:00:00+02:00,2.13
2023-10-04T18:00:00+02:00,2.13
2023-10-05T06:00:00+02:00,2.13
2023-10-05T18:00:00+02:00,2.13
2023-10-06T06:00:00+02:00,2.13
2023-10-06T18:00:00+02:00,2.13
2023-10-07T06:00:00+02:00,2.13
2023-10-07T18:00:00+02:00,2.13
2023-10-08T06:00:00+02:00,2.13
2023-10-08T18:00:00+02:00,2.13
2023-10-09T06:00:00+02:00,2.13
2023-10-09T18:00:00+02:00,2.13
2023-10-10T06:00:00+02:00,2.14
2023-10-10T18:00:00+02:00,2.14
2023-10-11T06:00:00+02:00,2.14
2023-10-11T18:00:00+02:00,2.15
2023-10-12T06:00:00+02:00,2.14
2024-01-24T18:00:00+01:00,2.51
2024-01-25T06:00:00+01:00,2.51
2024-01-25T18:00:00+01:00,2.53
2024-01-26T06:00:00+01:00,2.55
2024-01-26T18:00:00+01:00,2.5
2024-01-27T06:00:00+01:00,2.51
2024-01-27T18:00:00+01:00,2.52
2024-01-28T06:00:00+01:00,2.54
2024-01-28T18:00:00+01:00,2.54
2024-01-29T06:00:00+01:00,2.53
2024-01-29T18:00:00+01:00,2.53
2024-01-30T06:00:00+01:00,2.54
2024-01-30T18:00:00+01:00,2.52
2024-01-31T06:00:00+01:00,2.52
2024-01-31T18:00:00+01:00,2.54
2024-02-01T06:00:00+01:00,2.52
2024-02-01T18:00:00+01:00,2.52
2024-02-02T06:00:00+01:00,2.54
2024-02-02T18:00:00+01:00,2.54
2024-02-03T06:00:00+01:00,2.54
2024-02-03T18:00:00+01:00,2.54
2024-02-04T06:00:00+01:00,2.54
2024-02-04T18:00:00+01:00,2.55
2024-02-05T06:00:00+01:00,2.55
2024-02-05T18:00:00+01:00,2.55
2024-02-06T06:00:00+01:00,2.56
2024-02-06T18:00:00+01:00,2.57
2024-02-07T06:00:00+01:00,2.57
2024-02-07T18:00:00+01:00,2.58
2024-02-08T06:00:00+01:00,2.59
2024-02-08T18:00:00+01:00,2.62
2024-02-09T06:00:00+01:00,2.63
2024-02-09T18:00:00+01:00,2.61
2024-02-10T06:00:00+01:00,2.61
2024-02-10T18:00:00+01:00,2.61
2024-02-11T06:00:00+01:00,2.6
2024-02-11T18:00:00+01:00,2.59
2024-02-12T06:00:00+01:00,2.59
2024-02-12T18:00:00+01:00,2.57
2024-02-13T06:00:00+01:00,2.57
2024-02-13T18:00:00+01:00,2.58
2024-02-14T06:00:00+01:00,2.58
2024-02-14T18:00:00+01:00,2.59
2024-02-15T06:00:00+01:00,2.6
2024-02-15T18:00:00+01:00,2.61
2024-02-16T06:00:00+01:00,2.61
2024-02-16T18:00:00+01:00,2.57
2024-02-17T06:00:00+01:00,2.57
2024-02-17T18:00:00+01:00,2.57
2024-02-18T06:00:00+01:00,2.6
2024-02-18T18:00:00+01:00,2.6
2024-02-19T06:00:00+01:00,2.59
2024-02-19T18:00:00+01:00,2.6
2024-02-20T06:00:00+01:00,2.6
2024-02-20T18:00:00+01:00,2.61
2024-02-21T06:00:00+01:00,2.62
2024-02-21T18:00:00+01:00,2.66
2024-02-22T06:00:00+01:00,2.66
2024-02-22T18:00:00+01:00,2.7
2024-02-23T06:00:00+01:00,2.64
2024-02-23T18:00:00+01:00,2.64
2024-02-24T06:00:00+01:00,2.64
2024-02-24T18:00:00+01:00,2.63
2024-02-25T06:00:00+01:00,2.64
2024-02-25T18:00:00+01:00,2.64
2024-02-26T06:00:00+01:00,2.64
2024-02-26T18:00:00+01:00,2.61
2024-02-27T06:00:00+01:00,2.61
2024-02-27T18:00:00+01:00,2.63
2024-02-28T06:00:00+01:00,2.63
2024-02-28T18:00:00+01:00,2.64
2024-02-29T06:00:00+01:00,2.66
2024-02-29T18:00:00+01:00,2.67
2024-03-01T06:00:00+01:00,2.65
2024-03-01T18:00:00+01:00,2.67
2024-03-02T06:00:00+01:00,2.66
2024-03-02T18:00:00+01:00,2.67
2024-03-03T06:00:00+01:00,2.66
2024-03-03T18:00:00+01:00,2.65
2024-03-04T06:00:00+01:00,2.64
2024-03-04T18:00:00+01:00,2.65
2024-03-05T06:00:00+01:00,2.65
2024-03-05T18:00:00+01:00,2.64
2024-03-06T06:00:00+01:00,2.64
2024-03-06T18:00:00+01:00,2.63
2024-03-07T06:00:00+01:00,2.64
2024-03-07T18:00:00+01:00,2.66
2024-03-08T06:00:00+01:00,2.67
2024-03-08T18:00:00+01:00,2.68
2024-03-09T06:00:00+01:00,2.68
2024-03-09T18:00:00+01:00,2.68
2024-03-10T06:00:00+01:00,2.68
2024-03-10T18:00:00+01:00,2.67
2024-03-11T06:00:00+01:00,2.67
2024-03-11T18:00:00+01:00,2.65
2024-03-12T06:00:00+01:00,2.65
2024-03-12T18:00:00+01:00,2.66
2024-03-13T06:00:00+01:00,2.66
2024-03-13T18:00:00+01:00,2.66
2024-03-14T06:00:00+01:00,2.67
2024-03-14T18:00:00+01:00,2.68
2024-03-15T06:00:00+01:00,2.68
2024-03-15T18:00:00+01:00,2.67
2024-03-16T06:00:00+01:00,2.65
2024-03-16T18:00:00+01:00,2.65
2024-03-17T06:00:00+01:00,2.67
2024-03-17T18:00:00+01:00,2.67
2024-03-18T06:00:00+01:00,2.67
2024-03-18T18:00:00+01:00,2.67
2024-03-19T06:00:00+01:00,2.67
2024-03-19T18:00:00+01:00,2.66
2024-03-20T06:00:00+01:00,2.67
2024-03-20T18:00:00+01:00,2.67
2024-03-21T06:00:00+01:00,2.65
2024-03-21T18:00:00+01:00,2.66
2024-03-22T06:00:00+01:00,2.68
2024-03-22T18:00:00+01:00,2.68
2024-03-23T06:00:00+01:00,2.69
2024-03-23T18:00:00+01:00,2.7
2024-03-24T06:00:00+01:00,2.7
2024-03-24T18:00:00+01:00,2.69
2024-03-25T06:00:00+01:00,2.69
2024-03-25T18:00:00+01:00,2.71
2024-03-26T06:00:00+01:00,2.72
2024-03-26T18:00:00+01:00,2.72
2024-03-27T06:00:00+01:00,2.71
2024-03-27T18:00:00+01:00,2.71
2024-03-28T06:00:00+01:00,2.72
2024-03-28T18:00:00+01:00,2.7
2024-03-29T06:00:00+01:00,2.7
2024-03-29T18:00:00+01:00,2.69
2024-03-30T06:00:00+01:00,2.7
2024-03-30T18:00:00+01:00,2.68
2024-03-31T06:00:00+02:00,2.7
2024-03-31T18:00:00+02:00,2.71
2024-04-01T06:00:00+02:00,2.7
2024-04-01T18:00:00+02:00,2.69
2024-04-02T06:00:00+02:00,2.68
2024-04-02T18:00:00+02:00,2.68
2024-04-03T06:00:00+02:00,2.7
2024-04-03T18:00:00+02:00,2.68
2024-04-04T06:00:00+02:00,2.71
2024-04-04T18:00:00+02:00,2.68
2024-04-05T06:00:00+02:00,2.7
2024-04-05T18:00:00+02:00,2.69
2024-04-06T06:00:00+02:00,2.7
2024-04-06T18:00:00+02:00,2.7
2024-04-07T06:00:00+02:00,2.69
2024-04-07T18:00:00+02:00,2.7
2024-04-08T06:00:00+02:00,2.7
2024-04-08T18:00:00+02:00,2.71
2024-04-09T06:00:00+02:00,2.69
2024-04-09T18:00:00+02:00,2.67
2024-04-10T06:00:00+02:00,2.66
2024-04-10T18:00:00+02:00,2.66
2024-04-11T06:00:00+02:00,2.66
2024-04-11T18:00:00+02:00,2.66
2024-04-12T06:00:00+02:00,2.67
2024-04-12T18:00:00+02:00,2.67
2024-04-13T06:00:00+02:00,2.67
2024-04-13T18:00:00+02:00,2.69
2024-04-14T06:00:00+02:00,2.67
2024-04-14T18:00:00+02:00,2.68
2024-04-15T06:00:00+02:00,2.7
2024-04-15T18:00:00+02:00,2.71
2024-04-16T06:00:00+02:00,2.72
2024-04-16T18:00:00+02:00,2.69
2024-04-17T06:00:00+02:00,2.69
2024-04-17T18:00:00+02:00,2.69
2024-04-18T06:00:00+02:00,2.67
2024-04-18T18:00:00+02:00,2.68
2024-04-19T06:00:00+02:00,2.72
2024-04-19T18:00:00+02:00,2.69
2024-04-20T06:00:00+02:00,2.68
2024-04-20T18:00:00+02:00,2.68
2024-04-21T06:00:00+02:00,2.69
2024-04-21T18:00:00+02:00,2.68
2024-04-22T06:00:00+02:00,2.69
2024-04-22T18:00:00+02:00,2.7
2024-04-23T06:00:00+02:00,2.7
2024-04-23T18:00:00+02:00,2.71
2024-04-24T06:00:00+02:00,2.72
2024-04-24T18:00:00+02:00,2.72
2024-04-25T06:00:00+02:00,2.72
2024-04-25T18:00:00+02:00,2.73
2024-04-26T06:00:00+02:00,2.72
2024-04-26T18:00:00+02:00,2.71
2024-04-27T06:00:00+02:00,2.72
2024-04-27T18:00:00+02:00,2.72
2024-04-28T06:00:00+02:00,2.72
2024-04-28T18:00:00+02:00,2.69
2024-04-29T06:00:00+02:00,2.69
2024-04-29T18:00:00+02:00,2.7
2024-04-30T06:00:00+02:00,2.7
2024-04-30T18:00:00+02:00,2.71
2024-05-01T06:00:00+02:00,2.71
2024-05-01T18:00:00+02:00,2.73
2024-05-02T06:00:00+02:00,2.72
2024-05-02T18:00:00+02:00,2.71
2024-05-03T06:00:00+02:00,2.71
2024-05-03T18:00:00+02:00,2.7
2024-05-04T06:00:00+02:00,2.7
2024-05-04T18:00:00+02:00,2.72
2024-05-05T06:00:00+02:00,2.72
2024-05-05T18:00:00+02:00,2.72
2024-05-06T06:00:00+02:00,2.72
2024-05-06T18:00:00+02:00,2.71
2024-05-07T06:00:00+02:00,2.7
2024-05-07T18:00:00+02:00,2.69
2024-05-08T06:00:00+02:00,2.69
2024-05-08T18:00:00+02:00,2.69
2024-05-09T06:00:00+02:00,2.69
2024-05-09T18:00:00+02:00,2.7
2024-05-10T06:00:00+02:00,2.7
2024-05-10T18:00:00+02:00,2.7
2024-05-11T06:00:00+02:00,2.7
2024-05-11T18:00:00+02:00,2.71
2024-05-12T06:00:00+02:00,2.71
2024-05-12T18:00:00+02:00,2.72
2024-05-13T06:00:00+02:00,2.71
2024-05-13T18:00:00+02:00,2.72
2024-05-14T06:00:00+02:00,2.72
2024-05-14T18:00:00+02:00,2.71
2024-05-15T06:00:00+02:00,2.71
2024-05-15T18:00:00+02:00,2.7
2024-05-16T06:00:00+02:00,2.72
2024-05-16T18:00:00+02:00,2.71
2024-05-17T06:00:00+02:00,2.71
2024-05-17T18:00:00+02:00,2.71
2024-05-18T06:00:00+02:00,2.71
2024-05-18T18:00:00+02:00,2.71
2024-05-19T06:00:00+02:00,2.71
2024-05-19T18:00:00+02:00,2.71
2024-05-20T06:00:00+02:00,2.71
2024-05-20T18:00:00+02:00,2.72
2024-05-21T06:00:00+02:00,2.72
2024-05-21T18:00:00+02:00,2.72
2024-05-22T06:00:00+02:00,2.72
2024-05-22T18:00:00+02:00,2.71
2024-05-23T06:00:00+02:00,2.71
2024-05-23T18:00:00+02:00,2.71
2024-05-24T06:00:00+02:00,2.7
2024-05-24T18:00:00+02:00,2.72
2024-05-25T06:00:00+02:00,2.74
2024-05-25T18:00:00+02:00,2.74
2024-05-26T06:00:00+02:00,2.76
2024-05-26T18:00:00+02:00,2.76
2024-05-27T06:00:00+02:00,2.75
2024-05-27T18:00:00+02:00,2.76
2024-05-28T06:00:00+02:00,2.75
2024-05-28T18:00:00+02:00,2.77
2024-05-29T06:00:00+02:00,2.78
2024-05-29T18:00:00+02:00,2.78
2024-05-30T06:00:00+02:00,2.78
2024-05-30T18:00:00+02:00,2.77
2024-05-31T06:00:00+02:00,2.77
2024-05-31T18:00:00+02:00,2.76
2024-06-01T06:00:00+02:00,2.77
2024-06-01T18:00:00+02:00,2.76
2024-06-02T06:00:00+02:00,2.76
2024-06-02T18:00:00+02:00,2.77
2024-06-03T06:00:00+02:00,2.77
2024-06-03T18:00:00+02:00,2.77
2024-06-04T06:00:00+02:00,2.78
2024-06-04T18:00:00+02:00,2.79
2024-06-05T06:00:00+02:00,2.77
2024-06-05T18:00:00+02:00,2.76
2024-06-06T06:00:00+02:00,2.76
2024-06-06T18:00:00+02:00,2.76
2024-06-07T06:00:00+02:00,2.76
2024-06-07T18:00:00+02:00,2.76
2024-06-08T06:00:00+02:00,2.77
2024-06-08T18:00:00+02:00,2.76
2024-06-09T06:00:00+02:00,2.77
2024-06-09T18:00:00+02:00,2.77
2024-06-10T06:00:00+02:00,2.78
2024-06-10T18:00:00+02:00,2.75
2024-06-11T06:00:00+02:00,2.75
2024-06-11T18:00:00+02:00,2.75
2024-06-12T06:00:00+02:00,2.75
2024-06-12T18:00:00+02:00,2.76
2024-06-13T06:00:00+02:00,2.76
2024-06-13T18:00:00+02:00,2.77
2024-06-14T06:00:00+02:00,2.78
2024-06-14T18:00:00+02:00,2.78
2024-06-15T06:00:00+02:00,2.78
2024-06-15T18:00:00+02:00,2.77
2024-06-16T06:00:00+02:00,2.78
2024-06-16T18:00:00+02:00,2.77
2024-06-17T06:00:00+02:00,2.77
2024-06-17T18:00:00+02:00,2.76
2024-06-18T06:00:00+02:00,2.76
2024-06-18T18:00:00+02:00,2.77
2024-06-19T06:00:00+02:00,2.76
2024-06-19T18:00:00+02:00,2.75
2024-06-20T06:00:00+02:00,2.76
2024-06-20T18:00:00+02:00,2.76
2024-06-21T06:00:00+02:00,2.77
2024-06-21T18:00:00+02:00,2.77
2024-06-22T06:00:00+02:00,2.77
2024-06-22T18:00:00+02:00,2.76
2024-06-23T06:00:00+02:00,2.76
2024-06-23T18:00:00+02:00,2.75
2024-06-24T06:00:00+02:00,2.76
2024-06-24T18:00:00+02:00,2.76
2024-06-25T06:00:00+02:00,2.76
2024-06-25T18:00:00+02:00,2.77
2024-06-26T06:00:00+02:00,2.77
2024-06-26T18:00:00+02:00,2.77
2024-06-27T06:00:00+02:00,2.76
2024-06-27T18:00:00+02:00,2.75
2024-06-28T06:00:00+02:00,2.74
2024-06-28T18:00:00+02:00,2.73
2024-06-29T06:00:00+02:00,2.74
2024-06-29T18:00:00+02:00,2.74
2024-06-30T06:00:00+02:00,2.75
2024-06-30T18:00:00+02:00,2.73
2024-07-01T06:00:00+02:00,2.73
2024-07-01T18:00:00+02:00,2.73
2024-07-02T06:00:00+02:00,2.73
2024-07-02T18:00:00+02:00,2.73
2024-07-03T06:00:00+02:00,2.74
2024-07-03T18:00:00+02:00,2.75
2024-07-04T06:00:00+02:00,2.75
2024-07-04T18:00:00+02:00,2.74
2024-07-05T06:00:00+02:00,2.74
2024-07-05T18:00:00+02:00,2.75
2024-07-06T06:00:00+02:00,2.77
2024-07-06T18:00:00+02:00,2.74
2024-07-07T06:00:00+02:00,2.74
2024-07-07T18:00:00+02:00,2.73
2024-07-08T06:00:00+02:00,2.73
2024-07-08T18:00:00+02:00,2.73
2024-07-09T06:00:00+02:00,2.74
2024-07-09T18:00:00+02:00,2.74
2024-07-10T06:00:00+02:00,2.73
2024-07-10T18:00:00+02:00,2.74
2024-07-11T06:00:00+02:00,2.74
2024-07-11T18:00:00+02:00,2.73
2024-07-12T06:00:00+02:00,2.75
2024-07-12T18:00:00+02:00,2.75
2024-07-13T06:00:00+02:00,2.76
2024-07-13T18:00:00+02:00,2.75
2024-07-14T06:00:00+02:00,2.76
2024-07-14T18:00:00+02:00,2.75
2024-07-15T06:00:00+02:00,2.76
2024-07-15T18:00:00+02:00,2.77
2024-07-16T06:00:00+02:00,2.75
2024-07-16T18:00:00+02:00,2.75
2024-07-17T06:00:00+02:00,2.73
2024-07-17T18:00:00+02:00,2.73
2024-07-18T06:00:00+02:00,2.73
2024-07-18T18:00:00+02:00,2.74
2024-07-19T06:00:00+02:00,2.74
2024-07-19T18:00:00+02:00,2.75
2024-07-20T06:00:00+02:00,2.75
2024-07-20T18:00:00+02:00,2.76
2024-07-21T06:00:00+02:00,2.75
2024-07-21T18:00:00+02:00,2.73
2024-07-22T06:00:00+02:00,2.72
2024-07-22T18:00:00+02:00,2.72
2024-07-23T06:00:00+02:00,2.73
2024-07-23T18:00:00+02:00,2.71
2024-07-24T06:00:00+02:00,2.71
2024-07-24T18:00:00+02:00,2.72
2024-07-25T06:00:00+02:00,2.73
2024-07-25T18:00:00+02:00,2.73
2024-07-26T06:00:00+02:00,2.73
2024-07-26T18:00:00+02:00,2.72
2024-07-27T06:00:00+02:00,2.72
2024-07-27T18:00:00+02:00,2.71
2024-07-28T06:00:00+02:00,2.69
2024-07-28T18:00:00+02:00,2.7
2024-07-29T06:00:00+02:00,2.69
2024-07-29T18:00:00+02:00,2.71
2024-07-30T06:00:00+02:00,2.71
2024-07-30T18:00:00+02:00,2.7
2024-07-31T06:00:00+02:00,2.71
2024-07-31T18:00:00+02:00,2.7
2024-08-01T06:00:00+02:00,2.7
2024-08-01T18:00:00+02:00,2.7
2024-08-02T06:00:00+02:00,2.7
2024-08-02T18:00:00+02:00,2.71
2024-08-03T06:00:00+02:00,2.7
2024-08-03T18:00:00+02:00,2.7
2024-08-04T06:00:00+02:00,2.69
2024-08-04T18:00:00+02:00,2.68
2024-08-05T06:00:00+02:00,2.68
2024-08-05T18:00:00+02:00,2.68
2024-08-06T06:00:00+02:00,2.69
2024-08-06T18:00:00+02:00,2.69
2024-08-07T06:00:00+02:00,2.68
2024-08-07T18:00:00+02:00,2.67
2024-08-08T06:00:00+02:00,2.67
2024-08-08T18:00:00+02:00,2.67
2024-08-09T06:00:00+02:00,2.67
2024-08-09T18:00:00+02:00,2.66
2024-08-10T06:00:00+02:00,2.65
2024-08-10T18:00:00+02:00,2.65
2024-08-11T06:00:00+02:00,2.65
2024-08-11T18:00:00+02:00,2.66
2024-08-12T06:00:00+02:00,2.66
2024-08-12T18:00:00+02:00,2.67
2024-08-13T06:00:00+02:00,2.66
2024-08-13T18:00:00+02:00,2.65
2024-08-14T06:00:00+02:00,2.64
2024-08-14T18:00:00+02:00,2.64
2024-08-15T06:00:00+02:00,2.63
2024-08-15T18:00:00+02:00,2.64
2024-08-16T06:00:00+02:00,2.64
2024-08-16T18:00:00+02:00,2.64
2024-08-17T06:00:00+02:00,2.64
2024-08-17T18:00:00+02:00,2.65
2024-08-18T06:00:00+02:00,2.65
2024-08-18T18:00:00+02:00,2.63
2024-08-19T06:00:00+02:00,2.63
2024-08-19T18:00:00+02:00,2.64
2024-08-20T06:00:00+02:00,2.65
2024-08-20T18:00:00+02:00,2.65
2024-08-21T06:00:00+02:00,2.63
2024-08-21T18:00:00+02:00,2.64
2024-08-22T06:00:00+02:00,2.65
2024-08-22T18:00:00+02:00,2.66
2024-08-23T06:00:00+02:00,2.66
2024-08-23T18:00:00+02:00,2.64
2024-08-24T06:00:00+02:00,2.65
2024-08-24T18:00:00+02:00,2.65
2024-08-25T06:00:00+02:00,2.61
2024-08-25T18:00:00+02:00,2.62
2024-08-26T06:00:00+02:00,2.62
2024-08-26T18:00:00+02:00,2.62
2024-08-27T06:00:00+02:00,2.62
2024-08-27T18:00:00+02:00,2.62
2024-08-28T06:00:00+02:00,2.63
2024-08-28T18:00:00+02:00,2.63
2024-08-29T06:00:00+02:00,2.62
2024-08-29T18:00:00+02:00,2.61
2024-08-30T06:00:00+02:00,2.61
2024-08-30T18:00:00+02:00,2.61
2024-08-31T06:00:00+02:00,2.6
2024-08-31T18:00:00+02:00,2.61
2024-09-01T06:00:00+02:00,2.62
2024-09-01T18:00:00+02:00,2.62
2024-09-02T06:00:00+02:00,2.61
2024-09-02T18:00:00+02:00,2.61
2024-09-03T06:00:00+02:00,2.61
2024-09-03T18:00:00+02:00,2.6
2024-09-04T06:00:00+02:00,2.6
2024-09-04T18:00:00+02:00,2.6
2024-09-05T06:00:00+02:00,2.61
2024-09-05T18:00:00+02:00,2.61
2024-09-06T06:00:00+02:00,2.61
2024-09-06T18:00:00+02:00,2.61
2024-09-07T06:00:00+02:00,2.61
2024-09-07T18:00:00+02:00,2.61
2024-09-08T06:00:00+02:00,2.61
2024-09-08T18:00:00+02:00,2.62
2024-09-09T06:00:00+02:00,2.62
2024-09-09T18:00:00+02:00,2.6
2024-09-10T06:00:00+02:00,2.6
2024-09-10T18:00:00+02:00,2.62
2024-09-11T06:00:00+02:00,2.61
2024-09-11T18:00:00+02:00,2.61
2024-09-12T06:00:00+02:00,2.61
2024-09-12T18:00:00+02:00,2.6
2024-09-13T06:00:00+02:00,2.59
2024-09-13T18:00:00+02:00,2.58
2024-09-14T06:00:00+02:00,2.58
2024-09-14T18:00:00+02:00,2.59
2024-09-15T06:00:00+02:00,2.6
2024-09-15T18:00:00+02:00,2.6
2024-09-16T06:00:00+02:00,2.6
2024-09-16T18:00:00+02:00,2.59
2024-09-17T06:00:00+02:00,2.59
2024-09-17T18:00:00+02:00,2.59
2024-09-18T06:00:00+02:00,2.59
2024-09-18T18:00:00+02:00,2.6
2024-09-19T06:00:00+02:00,2.59
2024-09-19T18:00:00+02:00,2.6
2024-09-20T06:00:00+02:00,2.6
2024-09-20T18:00:00+02:00,2.59
2024-09-21T06:00:00+02:00,2.59
2024-09-21T18:00:00+02:00,2.59
2024-09-22T06:00:00+02:00,2.6
2024-09-22T18:00:00+02:00,2.6
2024-09-23T06:00:00+02:00,2.61
2024-09-23T18:00:00+02:00,2.61
2024-09-24T06:00:00+02:00,2.61
2024-09-24T18:00:00+02:00,2.6
2024-09-25T06:00:00+02:00,2.6
2024-09-25T18:00:00+02:00,2.62
2024-09-26T06:00:00+02:00,2.64
2024-09-26T18:00:00+02:00,2.63
2024-09-27T06:00:00+02:00,2.62
2024-09-27T18:00:00+02:00,2.59
2024-09-28T06:00:00+02:00,2.57
2024-09-28T18:00:00+02:00,2.57
2024-09-29T06:00:00+02:00,2.57
2024-09-29T18:00:00+02:00,2.59
2024-09-30T06:00:00+02:00,2.62
2024-09-30T18:00:00+02:00,2.63
2024-10-01T06:00:00+02:00,2.62
2024-10-01T18:00:00+02:00,2.62
2024-10-02T06:00:00+02:00,2.61
2024-10-02T18:00:00+02:00,2.6
2024-10-03T06:00:00+02:00,2.59
2024-10-03T18:00:00+02:00,2.59
2024-10-04T06:00:00+02:00,2.59
2024-10-04T18:00:00+02:00,2.59
2024-10-05T06:00:00+02:00,2.59
2024-10-05T18:00:00+02:00,2.6
2024-10-06T06:00:00+02:00,2.61
2024-10-06T18:00:00+02:00,2.62
2024-10-07T06:00:00+02:00,2.62
2024-10-07T18:00:00+02:00,2.62
2024-10-08T06:00:00+02:00,2.62
2024-10-08T18:00:00+02:00,2.62
2024-10-09T06:00:00+02:00,2.64
2024-10-09T18:00:00+02:00,2.65
2024-10-10T06:00:00+02:00,2.61
2024-10-10T18:00:00+02:00,2.59
2024-10-11T06:00:00+02:00,2.58
2024-10-11T18:00:00+02:00,2.58
2024-10-12T06:00:00+02:00,2.6
2024-10-12T18:00:00+02:00,2.61
2024-10-13T06:00:00+02:00,2.59
2024-10-13T18:00:00+02:00,2.58
2024-10-14T06:00:00+02:00,2.6
2024-10-14T18:00:00+02:00,2.58
2024-10-15T06:00:00+02:00,2.59
2024-10-15T18:00:00+02:00,2.6
2024-10-16T06:00:00+02:00,2.61
2024-10-16T18:00:00+02:00,2.61
2024-10-17T06:00:00+02:00,2.6
2024-10-17T18:00:00+02:00,2.58
2024-10-18T06:00:00+02:00,2.58
2024-10-18T18:00:00+02:00,2.59
2024-10-19T06:00:00+02:00,2.58
2024-10-19T18:00:00+02:00,2.58
2024-10-20T06:00:00+02:00,2.58
2024-10-20T18:00:00+02:00,2.58
2024-10-21T06:00:00+02:00,2.57
2024-10-21T18:00:00+02:00,2.57
2024-10-22T06:00:00+02:00,2.56
2024-10-22T18:00:00+02:00,2.56
2024-10-23T06:00:00+02:00,2.56
2024-10-23T18:00:00+02:00,2.57
2024-10-24T06:00:00+02:00,2.58
2024-10-24T18:00:00+02:00,2.59
2024-10-25T06:00:00+02:00,2.59
2024-10-25T18:00:00+02:00,2.59
2024-10-26T06:00:00+02:00,2.59
2024-10-26T18:00:00+02:00,2.59
2024-10-27T06:00:00+01:00,2.57
2024-10-27T18:00:00+01:00,2.56
2024-10-28T06:00:00+01:00,2.57
2024-10-28T18:00:00+01:00,2.57
2024-10-29T06:00:00+01:00,2.57
2024-10-29T18:00:00+01:00,2.56
2024-10-30T06:00:00+01:00,2.56
2024-10-30T18:00:00+01:00,2.56
2024-10-31T06:00:00+01:00,2.56
2024-10-31T18:00:00+01:00,2.57
2024-11-01T06:00:00+01:00,2.57
2024-11-01T18:00:00+01:00,2.56
2024-11-02T06:00:00+01:00,2.55
2024-11-02T18:00:00+01:00,2.55
2024-11-03T06:00:00+01:00,2.56
2024-11-03T18:00:00+01:00,2.56
2024-11-04T06:00:00+01:00,2.56
2024-11-04T18:00:00+01:00,2.57
2024-11-05T06:00:00+01:00,2.57
2024-11-05T18:00:00+01:00,2.56
2024-11-06T06:00:00+01:00,2.55
2024-11-06T18:00:00+01:00,2.55
2024-11-07T06:00:00+01:00,2.55
2024-11-07T18:00:00+01:00,2.55
2024-11-08T06:00:00+01:00,2.56
2024-11-08T18:00:00+01:00,2.56
2024-11-09T06:00:00+01:00,2.56
2024-11-09T18:00:00+01:00,2.56
2024-11-10T06:00:00+01:00,2.56
2024-11-10T18:00:00+01:00,2.55
2024-11-11T06:00:00+01:00,2.55
2024-11-11T18:00:00+01:00,2.55
2024-11-12T06:00:00+01:00,2.55
2024-11-12T18:00:00+01:00,2.54
2024-11-13T06:00:00+01:00,2.54
2024-11-13T18:00:00+01:00,2.55
2024-11-14T06:00:00+01:00,2.56
2024-11-14T18:00:00+01:00,2.55
2024-11-15T06:00:00+01:00,2.55
2024-11-15T18:00:00+01:00,2.56
2024-11-16T06:00:00+01:00,2.57
2024-11-16T18:00:00+01:00,2.58
2024-11-17T06:00:00+01:00,2.58
2024-11-17T18:00:00+01:00,2.58
2024-11-18T06:00:00+01:00,2.58
2024-11-18T18:00:00+01:00,2.59
2024-11-19T06:00:00+01:00,2.64
2024-11-19T18:00:00+01:00,2.61
2024-11-20T06:00:00+01:00,2.61
2024-11-20T18:00:00+01:00,2.61
2024-11-21T06:00:00+01:00,2.61
2024-11-21T18:00:00+01:00,2.64
2024-11-22T06:00:00+01:00,2.61
2024-11-22T18:00:00+01:00,2.59
2024-11-23T06:00:00+01:00,2.59
2024-11-23T18:00:00+01:00,2.62
2024-11-24T06:00:00+01:00,2.62
2024-11-24T18:00:00+01:00,2.62
2024-11-25T06:00:00+01:00,2.63
2024-11-25T18:00:00+01:00,2.61
2024-11-26T06:00:00+01:00,2.6
2024-11-26T18:00:00+01:00,2.6
2024-11-27T06:00:00+01:00,2.62
2024-11-27T18:00:00+01:00,2.61
2024-11-28T06:00:00+01:00,2.59
2024-11-28T18:00:00+01:00,2.58
2024-11-29T06:00:00+01:00,2.59
2024-11-29T18:00:00+01:00,2.59
2024-11-30T06:00:00+01:00,2.6
2024-11-30T18:00:00+01:00,2.6
2024-12-01T06:00:00+01:00,2.61
2024-12-01T18:00:00+01:00,2.62
2024-12-02T06:00:00+01:00,2.63
2024-12-02T18:00:00+01:00,2.62
2024-12-03T06:00:00+01:00,2.6
2024-12-03T18:00:00+01:00,2.6
2024-12-04T06:00:00+01:00,2.6
2024-12-04T18:00:00+01:00,2.6
2024-12-05T06:00:00+01:00,2.62
2024-12-05T18:00:00+01:00,2.64
2024-12-06T06:00:00+01:00,2.63
2024-12-06T18:00:00+01:00,2.61
2024-12-07T06:00:00+01:00,2.68
2024-12-07T18:00:00+01:00,2.67
2024-12-08T06:00:00+01:00,2.63
2024-12-08T18:00:00+01:00,2.61
2024-12-09T06:00:00+01:00,2.61
2024-12-09T18:00:00+01:00,2.61
2024-12-10T06:00:00+01:00,2.61
2024-12-10T18:00:00+01:00,2.61
2024-12-11T06:00:00+01:00,2.61
2024-12-11T18:00:00+01:00,2.61
2024-12-12T06:00:00+01:00,2.61
2024-12-12T18:00:00+01:00,2.61
2024-12-13T06:00:00+01:00,2.62
2024-12-13T18:00:00+01:00,2.62
2024-12-14T06:00:00+01:00,2.64
2024-12-14T18:00:00+01:00,2.63
2024-12-15T06:00:00+01:00,2.62
2024-12-15T18:00:00+01:00,2.61
2024-12-16T06:00:00+01:00,2.61
2024-12-16T18:00:00+01:00,2.61
2024-12-17T06:00:00+01:00,2.62
2024-12-17T18:00:00+01:00,2.64
2024-12-18T06:00:00+01:00,2.66
2024-12-18T18:00:00+01:00,2.65
2024-12-19T06:00:00+01:00,2.69
2024-12-19T18:00:00+01:00,2.64
2024-12-20T06:00:00+01:00,2.62
2024-12-20T18:00:00+01:00,2.64
2024-12-21T06:00:00+01:00,2.64
2024-12-21T18:00:00+01:00,2.67
2024-12-22T06:00:00+01:00,2.68
2024-12-22T18:00:00+01:00,2.66
2024-12-23T06:00:00+01:00,2.64
2024-12-23T18:00:00+01:00,2.63
2024-12-24T06:00:00+01:00,2.63
2024-12-24T18:00:00+01:00,2.63
2024-12-25T06:00:00+01:00,2.63
2024-12-25T18:00:00+01:00,2.62
2024-12-26T06:00:00+01:00,2.63
2024-12-26T18:00:00+01:00,2.63
2024-12-27T06:00:00+01:00,2.64
2024-12-27T18:00:00+01:00,2.64
2024-12-28T06:00:00+01:00,2.64
2024-12-28T18:00:00+01:00,2.64
2024-12-29T06:00:00+01:00,2.64
2024-12-29T18:00:00+01:00,2.64
2024-12-30T06:00:00+01:00,2.65
2024-12-30T18:00:00+01:00,2.65
2024-12-31T06:00:00+01:00,2.65
2024-12-31T18:00:00+01:00,2.67
2025-01-01T06:00:00+01:00,2.68
2025-01-01T18:00:00+01:00,2.69
2025-01-02T06:00:00+01:00,2.67
2025-01-02T18:00:00+01:00,2.66
2025-01-03T06:00:00+01:00,2.67
2025-01-03T18:00:00+01:00,2.66
2025-01-04T06:00:00+01:00,2.67
2025-01-04T18:00:00+01:00,2.69
2025-01-05T06:00:00+01:00,2.72
2025-01-05T18:00:00+01:00,2.73
2025-01-06T06:00:00+01:00,2.74
2025-01-06T18:00:00+01:00,2.69
2025-01-07T06:00:00+01:00,2.7
2025-01-07T18:00:00+01:00,2.7
2025-01-08T06:00:00+01:00,2.7
2025-01-08T18:00:00+01:00,2.72
2025-01-09T06:00:00+01:00,2.71
2025-01-09T18:00:00+01:00,2.68
2025-01-10T06:00:00+01:00,2.68
2025-01-10T18:00:00+01:00,2.68
2025-01-11T06:00:00+01:00,2.67
2025-01-11T18:00:00+01:00,2.67
2025-01-12T06:00:00+01:00,2.66
2025-01-12T18:00:00+01:00,2.65
2025-01-13T06:00:00+01:00,2.66
2025-01-13T18:00:00+01:00,2.66
2025-01-14T06:00:00+01:00,2.67
2025-01-14T18:00:00+01:00,2.67
2025-01-15T06:00:00+01:00,2.68
2025-01-15T18:00:00+01:00,2.67
2025-01-16T06:00:00+01:00,2.67
2025-01-16T18:00:00+01:00,2.67
2025-01-17T06:00:00+01:00,2.67
2025-01-17T18:00:00+01:00,2.67
2025-01-18T06:00:00+01:00,2.68
2025-01-18T18:00:00+01:00,2.69
2025-01-19T06:00:00+01:00,2.69
2025-01-19T18:00:00+01:00,2.7
2025-01-20T06:00:00+01:00,2.69
2025-01-20T18:00:00+01:00,2.7
2025-01-21T06:00:00+01:00,2.7
2025-01-21T18:00:00+01:00,2.7
2025-01-22T06:00:00+01:00,2.71
2025-01-22T18:00:00+01:00,2.72
2025-01-23T06:00:00+01:00,2.71
2025-01-23T18:00:00+01:00,2.72
2025-01-24T06:00:00+01:00,2.72
2025-01-24T18:00:00+01:00,2.71
2025-01-25T06:00:00+01:00,2.73
2025-01-25T18:00:00+01:00,2.7
2025-01-26T06:00:00+01:00,2.71
2025-01-26T18:00:00+01:00,2.75
2025-01-27T06:00:00+01:00,2.76
2025-01-27T18:00:00+01:00,2.74
2025-01-28T06:00:00+01:00,2.74
2025-01-28T18:00:00+01:00,2.74
2025-01-29T06:00:00+01:00,2.71
2025-01-29T18:00:00+01:00,2.71
2025-01-30T06:00:00+01:00,2.7
2025-01-30T18:00:00+01:00,2.68
2025-01-31T06:00:00+01:00,2.68
2025-01-31T18:00:00+01:00,2.68
2025-02-01T06:00:00+01:00,2.68
2025-02-01T18:00:00+01:00,2.69
2025-02-02T06:00:00+01:00,2.7
2025-02-02T18:00:00+01:00,2.69
2025-02-03T06:00:00+01:00,2.69
2025-02-03T18:00:00+01:00,2.7
2025-02-04T06:00:00+01:00,2.7
2025-02-04T18:00:00+01:00,2.69
2025-02-05T06:00:00+01:00,2.67
2025-02-05T18:00:00+01:00,2.66
2025-02-06T06:00:00+01:00,2.67
2025-02-06T18:00:00+01:00,2.68
2025-02-07T06:00:00+01:00,2.7
2025-02-07T18:00:00+01:00,2.71
2025-02-08T06:00:00+01:00,2.72
2025-02-08T18:00:00+01:00,2.69
2025-02-09T06:00:00+01:00,2.69
2025-02-09T18:00:00+01:00,2.69
2025-02-10T06:00:00+01:00,2.7
2025-02-10T18:00:00+01:00,2.71
2025-02-11T06:00:00+01:00,2.71
2025-02-11T18:00:00+01:00,2.71
2025-02-12T06:00:00+01:00,2.71
2025-02-12T18:00:00+01:00,2.71
2025-02-13T06:00:00+01:00,2.71
2025-02-13T18:00:00+01:00,2.7
2025-02-14T06:00:00+01:00,2.69
2025-02-14T18:00:00+01:00,2.7
2025-02-15T06:00:00+01:00,2.7
2025-02-15T18:00:00+01:00,2.71
2025-02-16T06:00:00+01:00,2.71
2025-02-16T18:00:00+01:00,2.7
2025-02-17T06:00:00+01:00,2.7
2025-02-17T18:00:00+01:00,2.7
2025-02-18T06:00:00+01:00,2.7
2025-02-18T18:00:00+01:00,2.7
2025-02-19T06:00:00+01:00,2.7
2025-02-19T18:00:00+01:00,2.71
2025-02-20T06:00:00+01:00,2.7
2025-02-20T18:00:00+01:00,2.7
2025-02-21T06:00:00+01:00,2.71
2025-02-21T18:00:00+01:00,2.71
2025-02-22T06:00:00+01:00,2.72
2025-02-22T18:00:00+01:00,2.69
2025-02-23T06:00:00+01:00,2.68
2025-02-23T18:00:00+01:00,2.69
2025-02-24T06:00:00+01:00,2.71
2025-02-24T18:00:00+01:00,2.7
2025-02-25T06:00:00+01:00,2.71
2025-02-25T18:00:00+01:00,2.71
2025-02-26T06:00:00+01:00,2.7
2025-02-26T18:00:00+01:00,2.71
2025-02-27T06:00:00+01:00,2.7
2025-02-27T18:00:00+01:00,2.7
2025-02-28T06:00:00+01:00,2.68
2025-02-28T18:00:00+01:00,2.68
2025-03-01T06:00:00+01:00,2.67
2025-03-01T18:00:00+01:00,2.67
2025-03-02T06:00:00+01:00,2.67
2025-03-02T18:00:00+01:00,2.68
2025-03-03T06:00:00+01:00,2.68
2025-03-03T18:00:00+01:00,2.69
2025-03-04T06:00:00+01:00,2.68
2025-03-04T18:00:00+01:00,2.69
2025-03-05T06:00:00+01:00,2.69
2025-03-05T18:00:00+01:00,2.69
2025-03-06T06:00:00+01:00,2.7
2025-03-06T18:00:00+01:00,2.7
2025-03-07T06:00:00+01:00,2.69
2025-03-07T18:00:00+01:00,2.7
2025-03-08T06:00:00+01:00,2.7
2025-03-08T18:00:00+01:00,2.71
2025-03-09T06:00:00+01:00,2.71
2025-03-09T18:00:00+01:00,2.71
2025-03-10T06:00:00+01:00,2.71
2025-03-10T18:00:00+01:00,2.7
2025-03-11T06:00:00+01:00,2.7
2025-03-11T18:00:00+01:00,2.7
2025-03-12T06:00:00+01:00,2.7
2025-03-12T18:00:00+01:00,2.7
2025-03-13T06:00:00+01:00,2.7
2025-03-13T18:00:00+01:00,2.69
2025-03-14T06:00:00+01:00,2.68
2025-03-14T18:00:00+01:00,2.67
2025-03-15T06:00:00+01:00,2.66
2025-03-15T18:00:00+01:00,2.66
2025-03-16T06:00:00+01:00,2.66
2025-03-16T18:00:00+01:00,2.66
2025-03-17T06:00:00+01:00,2.65
2025-03-17T18:00:00+01:00,2.65
2025-03-18T06:00:00+01:00,2.65
2025-03-18T18:00:00+01:00,2.66
2025-03-19T06:00:00+01:00,2.65
2025-03-19T18:00:00+01:00,2.66
2025-03-20T06:00:00+01:00,2.66
2025-03-20T18:00:00+01:00,2.66
2025-03-21T06:00:00+01:00,2.67
2025-03-21T18:00:00+01:00,2.68
2025-03-22T06:00:00+01:00,2.68
2025-03-22T18:00:00+01:00,2.68
2025-03-23T06:00:00+01:00,2.68
2025-03-23T18:00:00+01:00,2.66
2025-03-24T06:00:00+01:00,2.65
2025-03-24T18:00:00+01:00,2.64
2025-03-25T06:00:00+01:00,2.64
2025-03-25T18:00:00+01:00,2.64
2025-03-26T06:00:00+01:00,2.63
2025-03-26T18:00:00+01:00,2.63
2025-03-27T06:00:00+01:00,2.63
2025-03-27T18:00:00+01:00,2.65
2025-03-28T06:00:00+01:00,2.65
2025-03-28T18:00:00+01:00,2.65
2025-03-29T06:00:00+01:00,2.63
2025-03-29T18:00:00+01:00,2.63
2025-03-30T06:00:00+02:00,2.65
2025-03-30T18:00:00+02:00,2.63
2025-03-31T06:00:00+02:00,2.62
2025-03-31T18:00:00+02:00,2.62
2025-04-01T06:00:00+02:00,2.62
2025-04-01T18:00:00+02:00,2.63
2025-04-02T06:00:00+02:00,2.62
2025-04-02T18:00:00+02:00,2.63
2025-04-03T06:00:00+02:00,2.62
2025-04-03T18:00:00+02:00,2.62
2025-04-04T06:00:00+02:00,2.62
2025-04-04T18:00:00+02:00,2.62
2025-04-05T06:00:00+02:00,2.61
2025-04-05T18:00:00+02:00,2.61
2025-04-06T06:00:00+02:00,2.6
2025-04-06T18:00:00+02:00,2.6
2025-04-07T06:00:00+02:00,2.59
2025-04-07T18:00:00+02:00,2.59
2025-04-08T06:00:00+02:00,2.59
2025-04-08T18:00:00+02:00,2.59
2025-04-09T06:00:00+02:00,2.59
2025-04-09T18:00:00+02:00,2.59
2025-04-10T06:00:00+02:00,2.58
2025-04-10T18:00:00+02:00,2.58
2025-04-11T06:00:00+02:00,2.59
2025-04-11T18:00:00+02:00,2.6
2025-04-12T06:00:00+02:00,2.61
2025-04-12T18:00:00+02:00,2.63
2025-04-13T06:00:00+02:00,2.62
2025-04-13T18:00:00+02:00,2.6
2025-04-14T06:00:00+02:00,2.6
2025-04-14T18:00:00+02:00,2.61
2025-04-15T06:00:00+02:00,2.62
2025-04-15T18:00:00+02:00,2.61
2025-04-16T06:00:00+02:00,2.59
2025-04-16T18:00:00+02:00,2.58
2025-04-17T06:00:00+02:00,2.57
2025-04-17T18:00:00+02:00,2.57
2025-04-18T06:00:00+02:00,2.56
2025-04-18T18:00:00+02:00,2.56
2025-04-19T06:00:00+02:00,2.57
2025-04-19T18:00:00+02:00,2.58
2025-04-20T06:00:00+02:00,2.57
2025-04-20T18:00:00+02:00,2.57
2025-04-21T06:00:00+02:00,2.57
2025-04-21T18:00:00+02:00,2.56
2025-04-22T06:00:00+02:00,2.55
2025-04-22T18:00:00+02:00,2.55
2025-04-23T06:00:00+02:00,2.56
2025-04-23T18:00:00+02:00,2.56
2025-04-24T06:00:00+02:00,2.55
2025-04-24T18:00:00+02:00,2.55
2025-04-25T06:00:00+02:00,2.55
2025-04-25T18:00:00+02:00,2.55
2025-04-26T06:00:00+02:00,2.55
2025-04-26T18:00:00+02:00,2.55
2025-04-27T06:00:00+02:00,2.54
2025-04-27T18:00:00+02:00,2.54
2025-04-28T06:00:00+02:00,2.54
2025-04-28T18:00:00+02:00,2.54
2025-04-29T06:00:00+02:00,2.53
2025-04-29T18:00:00+02:00,2.54
2025-04-30T06:00:00+02:00,2.54
2025-04-30T18:00:00+02:00,2.54
2025-05-01T06:00:00+02:00,2.54
2025-05-01T18:00:00+02:00,2.54
2025-05-02T06:00:00+02:00,2.54
2025-05-02T18:00:00+02:00,2.53
2025-05-03T06:00:00+02:00,2.54
2025-05-03T18:00:00+02:00,2.53
2025-05-04T06:00:00+02:00,2.52
2025-05-04T18:00:00+02:00,2.52
2025-05-05T06:00:00+02:00,2.52
2025-05-05T18:00:00+02:00,2.51
2025-05-06T06:00:00+02:00,2.51
2025-05-06T18:00:00+02:00,2.51
2025-05-07T06:00:00+02:00,2.51
2025-05-07T18:00:00+02:00,2.51
2025-05-08T06:00:00+02:00,2.51
2025-05-08T18:00:00+02:00,2.51
2025-05-09T06:00:00+02:00,2.5
2025-05-09T18:00:00+02:00,2.5
2025-05-10T06:00:00+02:00,2.49
2025-05-10T18:00:00+02:00,2.5
2025-05-11T06:00:00+02:00,2.5
2025-05-11T18:00:00+02:00,2.49
2025-05-12T06:00:00+02:00,2.49
2025-05-12T18:00:00+02:00,2.48
2025-05-13T06:00:00+02:00,2.47
2025-05-13T18:00:00+02:00,2.47
2025-05-14T06:00:00+02:00,2.46
2025-05-14T18:00:00+02:00,2.46
2025-05-15T06:00:00+02:00,2.46
2025-05-15T18:00:00+02:00,2.45
2025-05-16T06:00:00+02:00,2.44
2025-05-16T18:00:00+02:00,2.45
2025-05-17T06:00:00+02:00,2.45
2025-05-17T18:00:00+02:00,2.44
2025-05-18T06:00:00+02:00,2.44
2025-05-18T18:00:00+02:00,2.44
2025-05-19T06:00:00+02:00,2.43
2025-05-19T18:00:00+02:00,2.43
2025-05-20T06:00:00+02:00,2.43
2025-05-20T18:00:00+02:00,2.43
2025-05-21T06:00:00+02:00,2.44
2025-05-21T18:00:00+02:00,2.43
2025-05-22T06:00:00+02:00,2.43
2025-05-22T18:00:00+02:00,2.42
2025-05-23T06:00:00+02:00,2.43
2025-05-23T18:00:00+02:00,2.42
2025-05-24T06:00:00+02:00,2.44
2025-05-24T18:00:00+02:00,2.44
2025-05-25T06:00:00+02:00,2.44
2025-05-25T18:00:00+02:00,2.43
2025-05-26T06:00:00+02:00,2.43
2025-05-26T18:00:00+02:00,2.43
2025-05-27T06:00:00+02:00,2.43
2025-05-27T18:00:00+02:00,2.44
2025-05-28T06:00:00+02:00,2.44
2025-05-28T18:00:00+02:00,2.42
2025-05-29T06:00:00+02:00,2.43
2025-05-29T18:00:00+02:00,2.43
2025-05-30T06:00:00+02:00,2.43
2025-05-30T18:00:00+02:00,2.43
2025-05-31T06:00:00+02:00,2.43
2025-05-31T18:00:00+02:00,2.44
2025-06-01T06:00:00+02:00,2.43
2025-06-01T18:00:00+02:00,2.43
2025-06-02T06:00:00+02:00,2.43
2025-06-02T18:00:00+02:00,2.43
2025-06-03T06:00:00+02:00,2.44
2025-06-03T18:00:00+02:00,2.44
2025-06-04T06:00:00+02:00,2.44
2025-06-04T18:00:00+02:00,2.43
2025-06-05T06:00:00+02:00,2.43
2025-06-05T18:00:00+02:00,2.44
2025-06-06T06:00:00+02:00,2.43
2025-06-06T18:00:00+02:00,2.42
2025-06-07T06:00:00+02:00,2.43
2025-06-07T18:00:00+02:00,2.43
2025-06-08T06:00:00+02:00,2.42
2025-06-08T18:00:00+02:00,2.41
2025-06-09T06:00:00+02:00,2.41
2025-06-09T18:00:00+02:00,2.42
2025-06-10T06:00:00+02:00,2.43
2025-06-10T18:00:00+02:00,2.42
2025-06-11T06:00:00+02:00,2.41
2025-06-11T18:00:00+02:00,2.42
2025-06-12T06:00:00+02:00,2.42
2025-06-12T18:00:00+02:00,2.42
2025-06-13T06:00:00+02:00,2.41
2025-06-13T18:00:00+02:00,2.42
2025-06-14T06:00:00+02:00,2.42
2025-06-14T18:00:00+02:00,2.4
2025-06-15T06:00:00+02:00,2.4
2025-06-15T18:00:00+02:00,2.4
2025-06-16T06:00:00+02:00,2.39
2025-06-16T18:00:00+02:00,2.39
2025-06-17T06:00:00+02:00,2.39
2025-06-17T18:00:00+02:00,2.39
2025-06-18T06:00:00+02:00,2.39
2025-06-18T18:00:00+02:00,2.38
2025-06-19T06:00:00+02:00,2.38
2025-06-19T18:00:00+02:00,2.38
2025-06-20T06:00:00+02:00,2.37
2025-06-20T18:00:00+02:00,2.37
2025-06-21T06:00:00+02:00,2.37
2025-06-21T18:00:00+02:00,2.37
2025-06-22T06:00:00+02:00,2.37
2025-06-22T18:00:00+02:00,2.37
2025-06-23T06:00:00+02:00,2.37
2025-06-23T18:00:00+02:00,2.35
2025-06-24T06:00:00+02:00,2.36
2025-06-24T18:00:00+02:00,2.36
2025-06-25T06:00:00+02:00,2.35
2025-06-25T18:00:00+02:00,2.35
2025-06-26T06:00:00+02:00,2.36
2025-06-26T18:00:00+02:00,2.35
2025-06-27T06:00:00+02:00,2.34
2025-06-27T18:00:00+02:00,2.34
2025-06-28T06:00:00+02:00,2.34
2025-06-28T18:00:00+02:00,2.34
2025-06-29T06:00:00+02:00,2.34
2025-06-29T18:00:00+02:00,2.32
2025-06-30T06:00:00+02:00,2.33
2025-06-30T18:00:00+02:00,2.34
2025-07-01T06:00:00+02:00,2.33
2025-07-01T18:00:00+02:00,2.33
2025-07-02T06:00:00+02:00,2.32
2025-07-02T18:00:00+02:00,2.31
2025-07-03T06:00:00+02:00,2.3
2025-07-03T18:00:00+02:00,2.3
2025-07-04T06:00:00+02:00,2.3
2025-07-04T18:00:00+02:00,2.31
2025-07-05T06:00:00+02:00,2.32
2025-07-05T18:00:00+02:00,2.32
2025-07-06T06:00:00+02:00,2.32
2025-07-06T18:00:00+02:00,2.32
2025-07-07T06:00:00+02:00,2.32
2025-07-07T18:00:00+02:00,2.31
2025-07-08T06:00:00+02:00,2.31
2025-07-08T18:00:00+02:00,2.3
2025-07-09T06:00:00+02:00,2.3
2025-07-09T18:00:00+02:00,2.3
2025-07-10T06:00:00+02:00,2.3
2025-07-10T18:00:00+02:00,2.3
2025-07-11T06:00:00+02:00,2.3
2025-07-11T18:00:00+02:00,2.3
2025-07-12T06:00:00+02:00,2.3
2025-07-12T18:00:00+02:00,2.3
2025-07-13T06:00:00+02:00,2.3
2025-07-13T18:00:00+02:00,2.3
2025-07-14T06:00:00+02:00,2.29
2025-07-14T18:00:00+02:00,2.29
2025-07-15T06:00:00+02:00,2.28
2025-07-15T18:00:00+02:00,2.28
2025-07-16T06:00:00+02:00,2.29
2025-07-16T18:00:00+02:00,2.28
2025-07-17T06:00:00+02:00,2.28
2025-07-17T18:00:00+02:00,2.28
2025-07-18T06:00:00+02:00,2.28
2025-07-18T18:00:00+02:00,2.28
2025-07-19T06:00:00+02:00,2.29
2025-07-19T18:00:00+02:00,2.27
2025-07-20T06:00:00+02:00,2.28
2025-07-20T18:00:00+02:00,2.28
2025-07-21T06:00:00+02:00,2.28
2025-07-21T18:00:00+02:00,2.27
2025-07-22T06:00:00+02:00,2.27
2025-07-22T18:00:00+02:00,2.26
2025-07-23T06:00:00+02:00,2.27
2025-07-23T18:00:00+02:00,2.26
2025-07-24T06:00:00+02:00,2.27
2025-07-24T18:00:00+02:00,2.26
2025-07-25T06:00:00+02:00,2.26
2025-07-25T18:00:00+02:00,2.26
2025-07-26T06:00:00+02:00,2.26
2025-07-26T18:00:00+02:00,2.26
2025-07-27T06:00:00+02:00,2.26
2025-07-27T18:00:00+02:00,2.26
2025-07-28T06:00:00+02:00,2.26
2025-07-28T18:00:00+02:00,2.25
2025-07-29T06:00:00+02:00,2.26
2025-07-29T18:00:00+02:00,2.26
2025-07-30T06:00:00+02:00,2.26
2025-07-30T18:00:00+02:00,2.26
2025-07-31T06:00:00+02:00,2.26
2025-07-31T18:00:00+02:00,2.26
2025-08-01T06:00:00+02:00,2.27
2025-08-01T18:00:00+02:00,2.26
2025-08-02T06:00:00+02:00,2.27
2025-08-02T18:00:00+02:00,2.25
2025-08-03T06:00:00+02:00,2.26
2025-08-03T18:00:00+02:00,2.26
2025-08-04T06:00:00+02:00,2.25
2025-08-04T18:00:00+02:00,2.26
2025-08-05T06:00:00+02:00,2.25
2025-08-05T18:00:00+02:00,2.24
2025-08-06T06:00:00+02:00,2.25
2025-08-06T18:00:00+02:00,2.25
2025-08-07T06:00:00+02:00,2.25
2025-08-07T18:00:00+02:00,2.25
2025-08-08T06:00:00+02:00,2.25
2025-08-08T18:00:00+02:00,2.23
2025-08-09T06:00:00+02:00,2.24
2025-08-09T18:00:00+02:00,2.23
2025-08-10T06:00:00+02:00,2.23
2025-08-10T18:00:00+02:00,2.22
2025-08-11T06:00:00+02:00,2.23
2025-08-11T18:00:00+02:00,2.23
2025-08-12T06:00:00+02:00,2.23
2025-08-12T18:00:00+02:00,2.23
2025-08-13T06:00:00+02:00,2.23
2025-08-13T18:00:00+02:00,2.22
2025-08-14T06:00:00+02:00,2.22
2025-08-14T18:00:00+02:00,2.21
2025-08-15T06:00:00+02:00,2.21
2025-08-15T18:00:00+02:00,2.2
2025-08-16T06:00:00+02:00,2.21
2025-08-16T18:00:00+02:00,2.21
2025-08-17T06:00:00+02:00,2.21
2025-08-17T18:00:00+02:00,2.21
2025-08-18T06:00:00+02:00,2.21
2025-08-18T18:00:00+02:00,2.21
2025-08-19T06:00:00+02:00,2.21
2025-08-19T18:00:00+02:00,2.21
2025-08-20T06:00:00+02:00,2.21
2025-08-20T18:00:00+02:00,2.2
2025-08-21T06:00:00+02:00,2.2
2025-08-21T18:00:00+02:00,2.19
2025-08-22T06:00:00+02:00,2.19
2025-08-22T18:00:00+02:00,2.19
2025-08-23T06:00:00+02:00,2.2
2025-08-23T18:00:00+02:00,2.19
2025-08-24T06:00:00+02:00,2.19
2025-08-24T18:00:00+02:00,2.19
2025-08-25T06:00:00+02:00,2.19
2025-08-25T18:00:00+02:00,2.19
2025-08-26T06:00:00+02:00,2.19
2025-08-26T18:00:00+02:00,2.18
2025-08-27T06:00:00+02:00,2.19
2025-08-27T18:00:00+02:00,2.18
2025-08-28T06:00:00+02:00,2.19
2025-08-28T18:00:00+02:00,2.18
2025-08-29T06:00:00+02:00,2.19
2025-08-29T18:00:00+02:00,2.18
2025-08-30T06:00:00+02:00,2.17
2025-08-30T18:00:00+02:00,2.17
2025-08-31T06:00:00+02:00,2.17
2025-08-31T18:00:00+02:00,2.17
2025-09-01T06:00:00+02:00,2.17
2025-09-01T18:00:00+02:00,2.17
2025-09-02T06:00:00+02:00,2.17
2025-09-02T18:00:00+02:00,2.17
2025-09-03T06:00:00+02:00,2.17
2025-09-03T18:00:00+02:00,2.17
2025-09-04T06:00:00+02:00,2.16
2025-09-04T18:00:00+02:00,2.16
2025-09-05T06:00:00+02:00,2.15
2025-09-05T18:00:00+02:00,2.15
2025-09-06T06:00:00+02:00,2.16
2025-09-06T18:00:00+02:00,2.16
2025-09-07T06:00:00+02:00,2.17
2025-09-07T18:00:00+02:00,2.17
2025-09-08T06:00:00+02:00,2.16
2025-09-08T18:00:00+02:00,2.15
2025-09-09T06:00:00+02:00,2.16
2025-09-09T18:00:00+02:00,2.16
2025-09-10T06:00:00+02:00,2.17
2025-09-10T18:00:00+02:00,2.18
2025-09-11T06:00:00+02:00,2.17
2025-09-11T18:00:00+02:00,2.16
2025-09-12T06:00:00+02:00,2.15
2025-09-12T18:00:00+02:00,2.15
2025-09-13T06:00:00+02:00,2.16
2025-09-13T18:00:00+02:00,2.16
2025-09-14T06:00:00+02:00,2.15
2025-09-14T18:00:00+02:00,2.16
2025-09-15T06:00:00+02:00,2.16
2025-09-15T18:00:00+02:00,2.16
2025-09-16T06:00:00+02:00,2.16
2025-09-16T18:00:00+02:00,2.15
2025-09-17T06:00:00+02:00,2.15
2025-09-17T18:00:00+02:00,2.16
2025-09-18T06:00:00+02:00,2.16
2025-09-18T18:00:00+02:00,2.16
2025-09-19T06:00:00+02:00,2.15
2025-09-19T18:00:00+02:00,2.17
2025-09-20T06:00:00+02:00,2.17
2025-09-20T18:00:00+02:00,2.17
2025-09-21T06:00:00+02:00,2.16
2025-09-21T18:00:00+02:00,2.15
2025-09-22T06:00:00+02:00,2.15
2025-09-22T18:00:00+02:00,2.15
2025-09-23T06:00:00+02:00,2.16
2025-09-23T18:00:00+02:00,2.16
2025-09-24T06:00:00+02:00,2.16
2025-09-24T18:00:00+02:00,2.16
2025-09-25T06:00:00+02:00,2.16
2025-09-25T18:00:00+02:00,2.15
2025-09-26T06:00:00+02:00,2.16
2025-09-26T18:00:00+02:00,2.16
2025-09-27T06:00:00+02:00,2.16
2025-09-27T18:00:00+02:00,2.15
2025-09-28T06:00:00+02:00,2.15
2025-09-28T18:00:00+02:00,2.15
2025-09-29T06:00:00+02:00,2.15
2025-09-29T18:00:00+02:00,2.14
2025-09-30T06:00:00+02:00,2.15
2025-09-30T18:00:00+02:00,2.14
2025-10-01T06:00:00+02:00,2.14
2025-10-01T18:00:00+02:00,2.14
2025-10-02T06:00:00+02:00,2.15
2025-10-02T18:00:00+02:00,2.15
2025-10-03T06:00:00+02:00,2.16
2025-10-03T18:00:00+02:00,2.17
2025-10-04T06:00:00+02:00,2.19
2025-10-04T18:00:00+02:00,2.17
2025-10-05T06:00:00+02:00,2.16
2025-10-05T18:00:00+02:00,2.15
2025-10-06T06:00:00+02:00,2.15
2025-10-06T18:00:00+02:00,2.15
2025-10-07T06:00:00+02:00,2.15
2025-10-07T18:00:00+02:00,2.15
2025-10-08T06:00:00+02:00,2.16
2025-10-08T18:00:00+02:00,2.15
2025-10-09T06:00:00+02:00,2.15
2025-10-09T18:00:00+02:00,2.15
2025-10-10T06:00:00+02:00,2.15
2025-10-10T18:00:00+02:00,2.15
2025-10-11T06:00:00+02:00,2.15
2025-10-11T18:00:00+02:00,2.15
2025-10-12T06:00:00+02:00,2.16
2025-10-12T18:00:00+02:00,2.15
2025-10-13T06:00:00+02:00,2.16
2025-10-13T18:00:00+02:00,2.16
2025-10-14T06:00:00+02:00,2.16
2025-10-14T18:00:00+02:00,2.16
2025-10-15T06:00:00+02:00,2.16
2025-10-15T18:00:00+02:00,2.16
2025-10-16T06:00:00+02:00,2.16
2025-10-16T18:00:00+02:00,2.16
2025-10-17T06:00:00+02:00,2.16
2025-10-17T18:00:00+02:00,2.16
2025-10-18T06:00:00+02:00,2.15
2025-10-18T18:00:00+02:00,2.16
2025-10-19T06:00:00+02:00,2.18
2025-10-19T18:00:00+02:00,2.18
2025-10-20T06:00:00+02:00,2.19
2025-10-20T18:00:00+02:00,2.2
2025-10-21T06:00:00+02:00,2.2
2025-10-21T18:00:00+02:00,2.19
2025-10-22T06:00:00+02:00,2.19
2025-10-22T18:00:00+02:00,2.19
2025-10-23T06:00:00+02:00,2.23
2025-10-23T18:00:00+02:00,2.19
2025-10-24T06:00:00+02:00,2.19
2025-10-24T18:00:00+02:00,2.2
2025-10-25T06:00:00+02:00,2.21
2025-10-25T18:00:00+02:00,2.2
2025-10-26T06:00:00+01:00,2.2
2025-10-26T18:00:00+01:00,2.2
2025-10-27T06:00:00+01:00,2.21
2025-10-27T18:00:00+01:00,2.19
2025-10-28T06:00:00+01:00,2.22
2025-10-28T18:00:00+01:00,2.21
2025-10-29T06:00:00+01:00,2.21
2025-10-29T18:00:00+01:00,2.22
2025-10-30T06:00:00+01:00,2.2
2025-10-30T18:00:00+01:00,2.2
2025-10-31T06:00:00+01:00,2.21
2025-10-31T18:00:00+01:00,2.21
2025-11-01T06:00:00+01:00,2.22
2025-11-01T18:00:00+01:00,2.21
2025-11-02T06:00:00+01:00,2.21
2025-11-02T18:00:00+01:00,2.21
2025-11-03T06:00:00+01:00,2.2
2025-11-03T18:00:00+01:00,2.2
2025-11-04T06:00:00+01:00,2.2
2025-11-04T18:00:00+01:00,2.21
2025-11-05T06:00:00+01:00,2.21
2025-11-05T18:00:00+01:00,2.21
2025-11-06T06:00:00+01:00,2.21
2025-11-06T18:00:00+01:00,2.21
2025-11-07T06:00:00+01:00,2.21
2025-11-07T18:00:00+01:00,2.2
2025-11-08T06:00:00+01:00,2.2
2025-11-08T18:00:00+01:00,2.19
2025-11-09T06:00:00+01:00,2.19
2025-11-09T18:00:00+01:00,2.18
2025-11-10T06:00:00+01:00,2.18
2025-11-10T18:00:00+01:00,2.19
2025-11-11T06:00:00+01:00,2.17
2025-11-11T18:00:00+01:00,2.17
2025-11-12T06:00:00+01:00,2.16
2025-11-12T18:00:00+01:00,2.16
2025-11-13T06:00:00+01:00,2.15
2025-11-13T18:00:00+01:00,2.14
2025-11-14T06:00:00+01:00,2.16
2025-11-14T18:00:00+01:00,2.14
2025-11-15T06:00:00+01:00,2.14
2025-11-15T18:00:00+01:00,2.14
2025-11-16T06:00:00+01:00,2.15
2025-11-16T18:00:00+01:00,2.14
2025-11-17T06:00:00+01:00,2.14
2025-11-17T18:00:00+01:00,2.12
2025-11-18T06:00:00+01:00,2.14
2025-11-18T18:00:00+01:00,2.15
2025-11-19T06:00:00+01:00,2.16
2025-11-19T18:00:00+01:00,2.15
2025-11-20T06:00:00+01:00,2.14
2025-11-20T18:00:00+01:00,2.13
2025-11-21T06:00:00+01:00,2.12
2025-11-21T18:00:00+01:00,2.12
2025-11-22T06:00:00+01:00,2.13
2025-11-22T18:00:00+01:00,2.14
2025-11-23T06:00:00+01:00,2.15
2025-11-23T18:00:00+01:00,2.16
2025-11-24T06:00:00+01:00,2.17
2025-11-24T18:00:00+01:00,2.16
2025-11-25T06:00:00+01:00,2.14
2025-11-25T18:00:00+01:00,2.12
2025-11-26T06:00:00+01:00,2.11
2025-11-26T18:00:00+01:00,2.12
2025-11-27T06:00:00+01:00,2.13
2025-11-27T18:00:00+01:00,2.13
2025-11-28T06:00:00+01:00,2.13
2025-11-28T18:00:00+01:00,2.13
2025-11-29T06:00:00+01:00,2.13
2025-11-29T18:00:00+01:00,2.14
2025-11-30T06:00:00+01:00,2.12
2025-11-30T18:00:00+01:00,2.12
2025-12-01T06:00:00+01:00,2.13
2025-12-01T18:00:00+01:00,2.14
2025-12-02T06:00:00+01:00,2.13
2025-12-02T18:00:00+01:00,2.12
2025-12-03T06:00:00+01:00,2.12
2025-12-03T18:00:00+01:00,2.12
2025-12-04T06:00:00+01:00,2.13
2025-12-04T18:00:00+01:00,2.13
2025-12-05T06:00:00+01:00,2.12
2025-12-05T18:00:00+01:00,2.13
2025-12-06T06:00:00+01:00,2.15
2025-12-06T18:00:00+01:00,2.14
2025-12-07T06:00:00+01:00,2.13
2025-12-07T18:00:00+01:00,2.15
2025-12-08T06:00:00+01:00,2.13
2025-12-08T18:00:00+01:00,2.13
2025-12-09T06:00:00+01:00,2.14
2025-12-09T18:00:00+01:00,2.14
2025-12-10T06:00:00+01:00,2.13
2025-12-10T18:00:00+01:00,2.13
2025-12-11T06:00:00+01:00,2.14
2025-12-11T18:00:00+01:00,2.15
2025-12-12T06:00:00+01:00,2.15
2025-12-12T18:00:00+01:00,2.15
2025-12-13T06:00:00+01:00,2.15
2025-12-13T18:00:00+01:00,2.15
2025-12-14T06:00:00+01:00,2.16
2025-12-14T18:00:00+01:00,2.17
2025-12-15T06:00:00+01:00,2.18
2025-12-15T18:00:00+01:00,2.18
2025-12-16T06:00:00+01:00,2.18
2025-12-16T18:00:00+01:00,2.17
2025-12-17T06:00:00+01:00,2.17
2025-12-17T18:00:00+01:00,2.17
2025-12-18T06:00:00+01:00,2.18
2025-12-18T18:00:00+01:00,2.19
2025-12-19T06:00:00+01:00,2.18
2025-12-19T18:00:00+01:00,2.17
2025-12-20T06:00:00+01:00,2.18
2025-12-20T18:00:00+01:00,2.19
2025-12-21T06:00:00+01:00,2.19
2025-12-21T18:00:00+01:00,2.19
2025-12-22T06:00:00+01:00,2.19
2025-12-22T18:00:00+01:00,2.19
2025-12-23T06:00:00+01:00,2.18
2025-12-23T18:00:00+01:00,2.17
2025-12-24T06:00:00+01:00,2.16
2025-12-24T18:00:00+01:00,2.17
2025-12-25T06:00:00+01:00,2.17
2025-12-25T18:00:00+01:00,2.18
2025-12-26T06:00:00+01:00,2.18
2025-12-26T18:00:00+01:00,2.17
2025-12-27T06:00:00+01:00,2.17
2025-12-27T18:00:00+01:00,2.17
2025-12-28T06:00:00+01:00,2.17
2025-12-28T18:00:00+01:00,2.17
2025-12-29T06:00:00+01:00,2.18
2025-12-29T18:00:00+01:00,2.18
2025-12-30T06:00:00+01:00,2.17
2025-12-30T18:00:00+01:00,2.17
2025-12-31T06:00:00+01:00,2.18
2025-12-31T18:00:00+01:00,2.19
2026-01-01T06:00:00+01:00,2.21
2026-01-01T18:00:00+01:00,2.21
2026-01-02T06:00:00+01:00,2.21
2026-01-02T18:00:00+01:00,2.2
2026-01-03T06:00:00+01:00,2.21
2026-01-03T18:00:00+01:00,2.19
2026-01-04T06:00:00+01:00,2.2
2026-01-04T18:00:00+01:00,2.2
2026-01-05T06:00:00+01:00,2.2
2026-01-05T18:00:00+01:00,2.2
2026-01-06T06:00:00+01:00,2.19
2026-01-06T18:00:00+01:00,2.19
2026-01-07T06:00:00+01:00,2.21
2026-01-07T18:00:00+01:00,2.21
2026-01-08T06:00:00+01:00,2.2
2026-01-08T18:00:00+01:00,2.22
2026-01-09T06:00:00+01:00,2.26
2026-01-09T18:00:00+01:00,2.22
2026-01-10T06:00:00+01:00,2.21
2026-01-10T18:00:00+01:00,2.19
2026-01-11T06:00:00+01:00,2.2
2026-01-11T18:00:00+01:00,2.22
2026-01-12T06:00:00+01:00,2.23
2026-01-12T18:00:00+01:00,2.23
2026-01-13T06:00:00+01:00,2.22
2026-01-13T18:00:00+01:00,2.23
2026-01-14T06:00:00+01:00,2.22
2026-01-14T18:00:00+01:00,2.22
2026-01-15T06:00:00+01:00,2.23
2026-01-15T18:00:00+01:00,2.24
2026-01-16T06:00:00+01:00,2.22
2026-01-16T18:00:00+01:00,2.22
2026-01-17T06:00:00+01:00,2.22
2026-01-17T18:00:00+01:00,2.21
2026-01-18T06:00:00+01:00,2.22
2026-01-18T18:00:00+01:00,2.22
2026-01-19T06:00:00+01:00,2.22
2026-01-19T18:00:00+01:00,2.22
2026-01-20T06:00:00+01:00,2.22
2026-01-20T18:00:00+01:00,2.23
2026-01-21T06:00:00+01:00,2.24
2014-09-30T12:00:00+02:00,2.23
2014-10-14T12:00:00+02:00,2.25
2014-10-27T12:00:00+01:00,2.24
2014-11-14T10:59:00+01:00,2.27
2015-01-06T11:30:00+01:00,2.36
2015-03-30T12:20:00+02:00,2.46
2015-06-29T12:45:00+02:00,2.23
2015-09-30T10:25:00+02:00,2.2
2015-12-30T13:14:00+01:00,2.28
2016-03-30T13:04:00+02:00,2.41
2016-06-30T13:18:00+02:00,2.44
2016-09-27T10:08:00+02:00,2.23
2017-01-02T12:26:00+01:00,2.51
2017-03-27T08:50:00+02:00,2.39
2017-06-27T10:36:00+02:00,2.16
2017-09-26T11:34:00+02:00,2.1
2017-12-07T10:51:00+01:00,2.18
2018-03-27T08:41:00+02:00,2.4
2018-06-27T08:23:00+02:00,2.29
2018-09-19T13:27:00+02:00,2.08
2018-12-18T13:35:00+01:00,2.15
2019-03-26T11:10:00+01:00,2.22
2019-06-24T10:09:00+02:00,2.14
2019-09-11T11:33:00+02:00,1.93
2019-12-17T13:40:00+01:00,2.11
2020-03-31T11:12:00+02:00,2.22
2020-06-30T13:18:00+02:00,2.01
2020-09-29T14:56:00+02:00,1.92
2020-12-08T13:42:00+01:00,2.0
2021-04-16T11:29:00+02:00,2.13
2021-06-28T15:38:00+02:00,2.0
2021-09-24T11:38:00+02:00,1.92
2021-12-23T11:14:00+01:00,2.12
2022-03-21T10:50:00+01:00,2.15
2022-06-14T13:46:00+02:00,2.01
2022-09-26T10:15:00+02:00,1.89
2023-01-18T11:15:00+01:00,2.14
2023-04-11T18:27:00+02:00,2.32
2023-08-07T13:53:00+02:00,2.15
2023-10-12T12:08:00+02:00,2.14
2024-01-24T15:00:00+01:00,2.51
2024-04-03T08:01:00+02:00,2.71
2024-07-10T14:24:00+02:00,2.73
2024-10-08T13:11:00+02:00,2.62
2025-01-10T09:40:00+01:00,2.68
2025-04-22T10:45:00+02:00,2.55
2025-07-14T06:32:00+02:00,2.29
2025-10-09T07:05:00+02:00,2.15
2026-01-21T15:49:00+01:00,2.24
