date,water_level_nap_m
2021-01-02T00:00:00+01:00,15.469
2021-01-02T12:00:00+01:00,15.491
2021-01-03T00:00:00+01:00,15.481
2021-01-03T12:00:00+01:00,15.481
2021-01-04T00:00:00+01:00,15.473
2021-01-04T12:00:00+01:00,15.473
2021-01-05T00:00:00+01:00,15.473
2021-01-05T12:00:00+01:00,15.472
2021-01-06T00:00:00+01:00,15.468
2021-01-06T12:00:00+01:00,15.476
2021-01-07T00:00:00+01:00,15.476
2021-01-07T12:00:00+01:00,15.479
2021-01-08T00:00:00+01:00,15.477
2021-01-08T12:00:00+01:00,15.494
2021-01-09T00:00:00+01:00,15.486
2021-01-09T12:00:00+01:00,15.49
2021-01-10T00:00:00+01:00,15.488
2021-01-10T12:00:00+01:00,15.488
2021-01-11T00:00:00+01:00,15.488
2021-01-11T12:00:00+01:00,15.503
2021-01-12T00:00:00+01:00,15.51
2021-01-12T12:00:00+01:00,15.517
2021-01-13T00:00:00+01:00,15.52
2021-01-13T12:00:00+01:00,15.526
2021-01-14T00:00:00+01:00,15.506
2021-01-14T12:00:00+01:00,15.511
2021-01-15T00:00:00+01:00,15.504
2021-01-15T12:00:00+01:00,15.494
2021-01-16T00:00:00+01:00,15.5
2021-01-16T12:00:00+01:00,15.521
2021-01-17T00:00:00+01:00,15.514
2021-01-17T12:00:00+01:00,15.503
2021-01-18T00:00:00+01:00,15.503
2021-01-18T12:00:00+01:00,15.521
2021-01-19T00:00:00+01:00,15.524
2021-01-19T12:00:00+01:00,15.549
2021-01-20T00:00:00+01:00,15.563
2021-01-20T12:00:00+01:00,15.552
2021-01-21T00:00:00+01:00,15.558
2021-01-21T12:00:00+01:00,15.533
2021-01-22T00:00:00+01:00,15.548
2021-01-22T12:00:00+01:00,15.549
2021-01-23T00:00:00+01:00,15.543
2021-01-23T12:00:00+01:00,15.548
2021-01-24T00:00:00+01:00,15.547
2021-01-24T12:00:00+01:00,15.558
2021-01-25T00:00:00+01:00,15.565
2021-01-25T12:00:00+01:00,15.536
2021-01-26T00:00:00+01:00,15.54
2021-01-26T12:00:00+01:00,15.544
2021-01-27T00:00:00+01:00,15.561
2021-01-27T12:00:00+01:00,15.568
2021-01-28T00:00:00+01:00,15.567
2021-01-28T12:00:00+01:00,15.609
2021-01-29T00:00:00+01:00,15.632
2021-01-29T12:00:00+01:00,15.636
2021-01-30T00:00:00+01:00,15.622
2021-01-30T12:00:00+01:00,15.626
2021-01-31T00:00:00+01:00,15.596
2021-01-31T12:00:00+01:00,15.607
2021-02-01T00:00:00+01:00,15.604
2021-02-01T12:00:00+01:00,15.582
2021-02-02T00:00:00+01:00,15.559
2021-02-02T12:00:00+01:00,15.596
2021-02-03T00:00:00+01:00,15.597
2021-02-03T12:00:00+01:00,15.634
2021-02-04T00:00:00+01:00,15.633
2021-02-04T12:00:00+01:00,15.651
2021-02-05T00:00:00+01:00,15.649
2021-02-05T12:00:00+01:00,15.633
2021-02-06T00:00:00+01:00,15.625
2021-02-06T12:00:00+01:00,15.625
2021-02-07T00:00:00+01:00,15.639
2021-02-07T12:00:00+01:00,15.643
2021-02-08T00:00:00+01:00,15.635
2021-02-08T12:00:00+01:00,15.621
2021-02-09T00:00:00+01:00,15.606
2021-02-09T12:00:00+01:00,15.604
2021-02-10T00:00:00+01:00,15.487
2021-02-10T12:00:00+01:00,15.469
2021-02-11T00:00:00+01:00,15.426
2021-02-11T12:00:00+01:00,15.428
2021-02-12T00:00:00+01:00,15.422
2021-02-12T12:00:00+01:00,15.408
2021-02-13T00:00:00+01:00,15.405
2021-02-13T12:00:00+01:00,15.398
2021-02-14T00:00:00+01:00,15.394
2021-02-14T12:00:00+01:00,15.389
2021-02-15T00:00:00+01:00,15.396
2021-02-15T12:00:00+01:00,15.418
2021-02-16T00:00:00+01:00,15.545
2021-02-16T12:00:00+01:00,15.628
2021-02-17T00:00:00+01:00,15.629
2021-02-17T12:00:00+01:00,15.621
2021-02-18T00:00:00+01:00,15.625
2021-02-18T12:00:00+01:00,15.635
2021-02-19T00:00:00+01:00,15.616
2021-02-19T12:00:00+01:00,15.618
2021-02-20T00:00:00+01:00,15.615
2021-02-20T12:00:00+01:00,15.621
2021-02-21T00:00:00+01:00,15.612
2021-02-21T12:00:00+01:00,15.597
2021-02-22T00:00:00+01:00,15.604
2021-02-22T12:00:00+01:00,15.595
2021-02-23T00:00:00+01:00,15.578
2021-02-23T12:00:00+01:00,15.582
2021-02-24T00:00:00+01:00,15.571
2021-02-24T12:00:00+01:00,15.579
2021-02-25T00:00:00+01:00,15.573
2021-02-25T12:00:00+01:00,15.573
2021-02-26T00:00:00+01:00,15.569
2021-02-26T12:00:00+01:00,15.58
2021-02-27T00:00:00+01:00,15.574
2021-02-27T12:00:00+01:00,15.571
2021-02-28T00:00:00+01:00,15.565
2021-02-28T12:00:00+01:00,15.578
2021-03-01T00:00:00+01:00,15.568
2021-03-01T12:00:00+01:00,15.57
2021-03-02T00:00:00+01:00,15.567
2021-03-02T12:00:00+01:00,15.568
2021-03-03T00:00:00+01:00,15.565
2021-03-03T12:00:00+01:00,15.569
2021-03-04T00:00:00+01:00,15.572
2021-03-04T12:00:00+01:00,15.579
2021-03-05T00:00:00+01:00,15.57
2021-03-05T12:00:00+01:00,15.562
2021-03-06T00:00:00+01:00,15.545
2021-03-06T12:00:00+01:00,15.558
2021-03-07T00:00:00+01:00,15.56
2021-03-07T12:00:00+01:00,15.558
2021-03-08T00:00:00+01:00,15.558
2021-03-08T12:00:00+01:00,15.559
2021-03-09T00:00:00+01:00,15.557
2021-03-09T12:00:00+01:00,15.56
2021-03-10T00:00:00+01:00,15.554
2021-03-10T12:00:00+01:00,15.564
2021-03-11T00:00:00+01:00,15.587
2021-03-11T12:00:00+01:00,15.581
2021-03-12T00:00:00+01:00,15.558
2021-03-12T12:00:00+01:00,15.574
2021-03-13T00:00:00+01:00,15.596
2021-03-13T12:00:00+01:00,15.608
2021-03-14T00:00:00+01:00,15.595
2021-03-14T12:00:00+01:00,15.575
2021-03-15T00:00:00+01:00,15.605
2021-03-15T12:00:00+01:00,15.595
2021-03-16T00:00:00+01:00,15.58
2021-03-16T12:00:00+01:00,15.588
2021-03-17T00:00:00+01:00,15.6
2021-03-17T12:00:00+01:00,15.615
2021-03-18T00:00:00+01:00,15.613
2021-03-18T12:00:00+01:00,15.602
2021-03-19T00:00:00+01:00,15.616
2021-03-19T12:00:00+01:00,15.603
2021-03-20T00:00:00+01:00,15.586
2021-03-20T12:00:00+01:00,15.596
2021-03-21T00:00:00+01:00,15.602
2021-03-21T12:00:00+01:00,15.59
2021-03-22T00:00:00+01:00,15.579
2021-03-22T12:00:00+01:00,15.565
2021-03-23T00:00:00+01:00,15.565
2021-03-23T12:00:00+01:00,15.578
2021-03-24T00:00:00+01:00,15.577
2021-03-24T12:00:00+01:00,15.576
2021-03-25T00:00:00+01:00,15.567
2021-03-25T12:00:00+01:00,15.56
2021-03-26T00:00:00+01:00,15.57
2021-03-26T12:00:00+01:00,15.584
2021-03-27T00:00:00+01:00,15.568
2021-03-27T12:00:00+01:00,15.56
2021-03-28T00:00:00+01:00,15.568
2021-03-28T13:00:00+02:00,15.56
2021-03-29T01:00:00+02:00,15.562
2021-03-29T13:00:00+02:00,15.564
2021-03-30T01:00:00+02:00,15.555
2021-03-30T13:00:00+02:00,15.552
2021-03-31T01:00:00+02:00,15.559
2021-03-31T13:00:00+02:00,15.554
2021-04-01T01:00:00+02:00,15.55
2021-04-01T13:00:00+02:00,15.542
2021-04-02T01:00:00+02:00,15.542
2021-04-02T13:00:00+02:00,15.539
2021-04-03T01:00:00+02:00,15.535
2021-04-03T13:00:00+02:00,15.534
2021-04-04T01:00:00+02:00,15.535
2021-04-04T13:00:00+02:00,15.553
2021-04-05T01:00:00+02:00,15.585
2021-04-05T13:00:00+02:00,15.554
2021-04-06T01:00:00+02:00,15.559
2021-04-06T13:00:00+02:00,15.562
2021-04-07T01:00:00+02:00,15.569
2021-04-07T13:00:00+02:00,15.559
2021-04-08T01:00:00+02:00,15.576
2021-04-08T13:00:00+02:00,15.589
2021-04-09T01:00:00+02:00,15.595
2021-04-09T13:00:00+02:00,15.592
2021-04-10T01:00:00+02:00,15.589
2021-04-10T13:00:00+02:00,15.587
2021-04-11T01:00:00+02:00,15.611
2021-04-11T13:00:00+02:00,15.592
2021-04-12T01:00:00+02:00,15.584
2021-04-12T13:00:00+02:00,15.576
2021-04-13T01:00:00+02:00,15.565
2021-04-13T13:00:00+02:00,15.57
2021-04-14T01:00:00+02:00,15.571
2021-04-14T13:00:00+02:00,15.564
2021-04-15T01:00:00+02:00,15.566
2021-04-15T13:00:00+02:00,15.567
2021-04-16T01:00:00+02:00,15.564
2021-04-16T13:00:00+02:00,15.565
2021-04-17T01:00:00+02:00,15.567
2021-04-17T13:00:00+02:00,15.562
2021-04-18T01:00:00+02:00,15.555
2021-04-18T13:00:00+02:00,15.554
2021-04-19T01:00:00+02:00,15.551
2021-04-19T13:00:00+02:00,15.556
2021-04-20T01:00:00+02:00,15.561
2021-04-20T13:00:00+02:00,15.565
2021-04-21T01:00:00+02:00,15.552
2021-04-21T13:00:00+02:00,15.533
2021-04-22T01:00:00+02:00,15.516
2021-04-22T13:00:00+02:00,15.511
2021-04-23T01:00:00+02:00,15.504
2021-04-23T13:00:00+02:00,15.516
2021-04-24T01:00:00+02:00,15.519
2021-04-24T13:00:00+02:00,15.509
2021-04-25T01:00:00+02:00,15.505
2021-04-25T13:00:00+02:00,15.511
2021-04-26T01:00:00+02:00,15.51
2021-04-26T13:00:00+02:00,15.516
2021-04-27T01:00:00+02:00,15.517
2021-04-27T13:00:00+02:00,15.52
2021-04-28T01:00:00+02:00,15.52
2021-04-28T13:00:00+02:00,15.502
2021-04-29T01:00:00+02:00,15.51
2021-04-29T13:00:00+02:00,15.479
2021-04-30T01:00:00+02:00,15.493
2021-04-30T13:00:00+02:00,15.487
2021-05-01T01:00:00+02:00,15.497
2021-05-01T13:00:00+02:00,15.483
2021-05-02T01:00:00+02:00,15.478
2021-05-02T13:00:00+02:00,15.474
2021-05-03T01:00:00+02:00,15.486
2021-05-03T13:00:00+02:00,15.495
2021-05-04T01:00:00+02:00,15.525
2021-05-04T13:00:00+02:00,15.507
2021-05-05T01:00:00+02:00,15.525
2021-05-05T13:00:00+02:00,15.504
2021-05-06T01:00:00+02:00,15.524
2021-05-06T13:00:00+02:00,15.534
2021-05-07T01:00:00+02:00,15.522
2021-05-07T13:00:00+02:00,15.51
2021-05-08T01:00:00+02:00,15.512
2021-05-08T13:00:00+02:00,15.523
2021-05-09T01:00:00+02:00,15.533
2021-05-09T13:00:00+02:00,15.524
2021-05-10T01:00:00+02:00,15.519
2021-05-10T13:00:00+02:00,15.501
2021-05-11T01:00:00+02:00,15.489
2021-05-11T13:00:00+02:00,15.488
2021-05-12T01:00:00+02:00,15.48
2021-05-12T13:00:00+02:00,15.474
2021-05-13T01:00:00+02:00,15.49
2021-05-13T13:00:00+02:00,15.489
2021-05-14T01:00:00+02:00,15.48
2021-05-14T13:00:00+02:00,15.477
2021-05-15T01:00:00+02:00,15.503
2021-05-15T13:00:00+02:00,15.517
2021-05-16T01:00:00+02:00,15.501
2021-05-16T13:00:00+02:00,15.493
2021-05-17T01:00:00+02:00,15.496
2021-05-17T13:00:00+02:00,15.484
2021-05-18T01:00:00+02:00,15.491
2021-05-18T13:00:00+02:00,15.502
2021-05-19T01:00:00+02:00,15.504
2021-05-19T13:00:00+02:00,15.485
2021-05-20T01:00:00+02:00,15.488
2021-05-20T13:00:00+02:00,15.503
2021-05-21T01:00:00+02:00,15.533
2021-05-21T13:00:00+02:00,15.516
2021-05-22T01:00:00+02:00,15.51
2021-05-22T13:00:00+02:00,15.492
2021-05-23T01:00:00+02:00,15.515
2021-05-23T13:00:00+02:00,15.508
2021-05-24T01:00:00+02:00,15.531
2021-05-24T13:00:00+02:00,15.526
2021-05-25T01:00:00+02:00,15.516
2021-05-25T13:00:00+02:00,15.519
2021-05-26T01:00:00+02:00,15.544
2021-05-26T13:00:00+02:00,15.531
2021-05-27T01:00:00+02:00,15.52
2021-05-27T13:00:00+02:00,15.513
2021-05-28T01:00:00+02:00,15.507
2021-05-28T13:00:00+02:00,15.508
2021-05-29T01:00:00+02:00,15.492
2021-05-29T13:00:00+02:00,15.477
2021-05-30T01:00:00+02:00,15.471
2021-05-30T13:00:00+02:00,15.479
2021-05-31T01:00:00+02:00,15.465
2021-05-31T13:00:00+02:00,15.468
2021-06-01T01:00:00+02:00,15.455
2021-06-01T13:00:00+02:00,15.451
2021-06-02T01:00:00+02:00,15.44
2021-06-02T13:00:00+02:00,15.424
2021-06-03T01:00:00+02:00,15.415
2021-06-03T13:00:00+02:00,15.426
2021-06-04T01:00:00+02:00,15.408
2021-06-04T13:00:00+02:00,15.403
2021-06-05T01:00:00+02:00,15.534
2021-06-05T13:00:00+02:00,15.546
2021-06-06T01:00:00+02:00,15.534
2021-06-06T13:00:00+02:00,15.533
2021-06-07T01:00:00+02:00,15.517
2021-06-07T13:00:00+02:00,15.521
2021-06-08T01:00:00+02:00,15.506
2021-06-08T13:00:00+02:00,15.508
2021-06-09T01:00:00+02:00,15.493
2021-06-09T13:00:00+02:00,15.485
2021-06-10T01:00:00+02:00,15.476
2021-06-10T13:00:00+02:00,15.471
2021-06-11T01:00:00+02:00,15.456
2021-06-11T13:00:00+02:00,15.456
2021-06-12T01:00:00+02:00,15.444
2021-06-12T13:00:00+02:00,15.43
2021-06-13T01:00:00+02:00,15.409
2021-06-13T13:00:00+02:00,15.413
2021-06-14T01:00:00+02:00,15.408
2021-06-14T13:00:00+02:00,15.401
2021-06-15T01:00:00+02:00,15.399
2021-06-15T13:00:00+02:00,15.399
2021-06-16T01:00:00+02:00,15.383
2021-06-16T13:00:00+02:00,15.376
2021-06-17T01:00:00+02:00,15.387
2021-06-17T13:00:00+02:00,15.356
2021-06-18T01:00:00+02:00,15.338
2021-06-18T13:00:00+02:00,15.384
2021-06-19T01:00:00+02:00,15.374
2021-06-19T13:00:00+02:00,15.391
2021-06-20T01:00:00+02:00,15.403
2021-06-20T13:00:00+02:00,15.399
2021-06-21T01:00:00+02:00,15.419
2021-06-21T13:00:00+02:00,15.474
2021-06-22T01:00:00+02:00,15.494
2021-06-22T13:00:00+02:00,15.494
2021-06-23T01:00:00+02:00,15.495
2021-06-23T13:00:00+02:00,15.506
2021-06-24T01:00:00+02:00,15.511
2021-06-24T13:00:00+02:00,15.5
2021-06-25T01:00:00+02:00,15.504
2021-06-25T13:00:00+02:00,15.507
2021-06-26T01:00:00+02:00,15.495
2021-06-26T13:00:00+02:00,15.487
2021-06-27T01:00:00+02:00,15.483
2021-06-27T13:00:00+02:00,15.48
2021-06-28T01:00:00+02:00,15.499
2021-06-28T13:00:00+02:00,15.513
2021-06-29T01:00:00+02:00,15.516
2021-06-29T13:00:00+02:00,15.52
2021-06-30T01:00:00+02:00,15.507
2021-06-30T13:00:00+02:00,15.525
2021-07-01T01:00:00+02:00,15.559
2021-07-01T13:00:00+02:00,15.566
2021-07-02T01:00:00+02:00,15.562
2021-07-02T13:00:00+02:00,15.553
2021-07-03T01:00:00+02:00,15.56
2021-07-03T13:00:00+02:00,15.554
2021-07-04T01:00:00+02:00,15.574
2021-07-04T13:00:00+02:00,15.571
2021-07-05T01:00:00+02:00,15.593
2021-07-05T13:00:00+02:00,15.601
2021-07-06T01:00:00+02:00,15.605
2021-07-06T13:00:00+02:00,15.58
2021-07-07T01:00:00+02:00,15.563
2021-07-07T13:00:00+02:00,15.549
2021-07-08T01:00:00+02:00,15.551
2021-07-08T13:00:00+02:00,15.55
2021-07-09T01:00:00+02:00,15.542
2021-07-09T13:00:00+02:00,15.554
2021-07-10T01:00:00+02:00,15.545
2021-07-10T13:00:00+02:00,15.545
2021-07-11T01:00:00+02:00,15.567
2021-07-11T13:00:00+02:00,15.564
2021-07-12T01:00:00+02:00,15.568
2021-07-12T13:00:00+02:00,15.566
2021-07-13T01:00:00+02:00,15.551
2021-07-13T13:00:00+02:00,15.558
2021-07-14T01:00:00+02:00,15.562
2021-07-14T13:00:00+02:00,15.555
2021-07-15T01:00:00+02:00,15.567
2021-07-15T13:00:00+02:00,15.607
2021-07-16T01:00:00+02:00,15.585
2021-07-16T13:00:00+02:00,15.58
2021-07-17T01:00:00+02:00,15.563
2021-07-17T13:00:00+02:00,15.547
2021-07-18T01:00:00+02:00,15.529
2021-07-18T13:00:00+02:00,15.514
2021-07-19T01:00:00+02:00,15.497
2021-07-19T13:00:00+02:00,15.488
2021-07-20T01:00:00+02:00,15.469
2021-07-20T13:00:00+02:00,15.458
2021-07-21T01:00:00+02:00,15.527
2021-07-21T13:00:00+02:00,15.554
2021-07-22T01:00:00+02:00,15.553
2021-07-22T13:00:00+02:00,15.561
2021-07-23T01:00:00+02:00,15.548
2021-07-23T13:00:00+02:00,15.562
2021-07-24T01:00:00+02:00,15.564
2021-07-24T13:00:00+02:00,15.554
2021-07-26T01:00:00+02:00,15.58
2021-07-26T13:00:00+02:00,15.57
2021-07-27T01:00:00+02:00,15.564
2021-07-27T13:00:00+02:00,15.565
2021-07-28T01:00:00+02:00,15.571
2021-07-28T13:00:00+02:00,15.572
2021-07-29T01:00:00+02:00,15.566
2021-07-29T13:00:00+02:00,15.559
2021-07-30T01:00:00+02:00,15.56
2021-07-30T13:00:00+02:00,15.558
2021-07-31T01:00:00+02:00,15.557
2021-07-31T13:00:00+02:00,15.555
2021-08-01T01:00:00+02:00,15.551
2021-08-01T13:00:00+02:00,15.551
2021-08-02T01:00:00+02:00,15.558
2021-08-02T13:00:00+02:00,15.562
2021-08-03T01:00:00+02:00,15.563
2021-08-03T13:00:00+02:00,15.567
2021-08-04T01:00:00+02:00,15.565
2021-08-04T13:00:00+02:00,15.562
2021-08-05T01:00:00+02:00,15.546
2021-08-05T13:00:00+02:00,15.563
2021-08-06T01:00:00+02:00,15.563
2021-08-06T13:00:00+02:00,15.556
2021-08-07T01:00:00+02:00,15.556
2021-08-07T13:00:00+02:00,15.565
2021-08-08T01:00:00+02:00,15.565
2021-08-08T13:00:00+02:00,15.553
2021-08-09T01:00:00+02:00,15.542
2021-08-09T13:00:00+02:00,15.54
2021-08-10T01:00:00+02:00,15.548
2021-08-10T13:00:00+02:00,15.555
2021-08-11T01:00:00+02:00,15.551
2021-08-11T13:00:00+02:00,15.551
2021-08-12T01:00:00+02:00,15.534
2021-08-12T13:00:00+02:00,15.533
2021-08-13T01:00:00+02:00,15.535
2021-08-13T13:00:00+02:00,15.527
2021-08-14T01:00:00+02:00,15.524
2021-08-14T13:00:00+02:00,15.527
2021-08-15T01:00:00+02:00,15.535
2021-08-15T13:00:00+02:00,15.537
2021-08-16T01:00:00+02:00,15.532
2021-08-16T13:00:00+02:00,15.524
2021-08-17T01:00:00+02:00,15.542
2021-08-17T13:00:00+02:00,15.54
2021-08-18T01:00:00+02:00,15.544
2021-08-18T13:00:00+02:00,15.549
2021-08-19T01:00:00+02:00,15.558
2021-08-19T13:00:00+02:00,15.552
2021-08-20T01:00:00+02:00,15.541
2021-08-20T13:00:00+02:00,15.539
2021-08-21T01:00:00+02:00,15.526
2021-08-21T13:00:00+02:00,15.53
2021-08-22T01:00:00+02:00,15.537
2021-08-22T13:00:00+02:00,15.536
2021-08-23T01:00:00+02:00,15.538
2021-08-23T13:00:00+02:00,15.538
2021-08-24T01:00:00+02:00,15.54
2021-08-24T13:00:00+02:00,15.545
2021-08-25T01:00:00+02:00,15.539
2021-08-25T13:00:00+02:00,15.553
2021-08-26T01:00:00+02:00,15.549
2021-08-26T13:00:00+02:00,15.541
2021-08-27T01:00:00+02:00,15.527
2021-08-27T13:00:00+02:00,15.532
2021-08-28T01:00:00+02:00,15.524
2021-08-28T13:00:00+02:00,15.529
2021-08-29T01:00:00+02:00,15.524
2021-08-29T13:00:00+02:00,15.525
2021-08-30T01:00:00+02:00,15.534
2021-08-30T13:00:00+02:00,15.533
2021-08-31T01:00:00+02:00,15.516
2021-08-31T13:00:00+02:00,15.517
2021-09-01T01:00:00+02:00,15.51
2021-09-01T13:00:00+02:00,15.513
2021-09-02T01:00:00+02:00,15.516
2021-09-02T13:00:00+02:00,15.521
2021-09-03T01:00:00+02:00,15.514
2021-09-03T13:00:00+02:00,15.519
2021-09-04T01:00:00+02:00,15.503
2021-09-04T13:00:00+02:00,15.51
2021-09-05T01:00:00+02:00,15.508
2021-09-05T13:00:00+02:00,15.503
2021-09-06T01:00:00+02:00,15.503
2021-09-06T13:00:00+02:00,15.507
2021-09-07T01:00:00+02:00,15.493
2021-09-07T13:00:00+02:00,15.506
2021-09-08T01:00:00+02:00,15.498
2021-09-08T13:00:00+02:00,15.505
2021-09-09T01:00:00+02:00,15.507
2021-09-09T13:00:00+02:00,15.503
2021-09-10T01:00:00+02:00,15.485
2021-09-10T13:00:00+02:00,15.497
2021-09-11T01:00:00+02:00,15.49
2021-09-11T13:00:00+02:00,15.498
2021-09-12T01:00:00+02:00,15.504
2021-09-12T13:00:00+02:00,15.496
2021-09-13T01:00:00+02:00,15.5
2021-09-13T13:00:00+02:00,15.504
2021-09-14T01:00:00+02:00,15.492
2021-09-14T13:00:00+02:00,15.495
2021-09-15T01:00:00+02:00,15.509
2021-09-15T13:00:00+02:00,15.502
2021-09-16T01:00:00+02:00,15.494
2021-09-16T13:00:00+02:00,15.481
2021-09-17T01:00:00+02:00,15.482
2021-09-17T13:00:00+02:00,15.486
2021-09-18T01:00:00+02:00,15.468
2021-09-18T13:00:00+02:00,15.473
2021-09-19T01:00:00+02:00,15.472
2021-09-19T13:00:00+02:00,15.48
2022-03-19T06:00:00+01:00,15.533
2022-03-19T18:00:00+01:00,15.534
2022-03-20T06:00:00+01:00,15.557
2022-03-20T18:00:00+01:00,15.53
2022-03-21T06:00:00+01:00,15.54
2022-03-21T18:00:00+01:00,15.538
2022-03-22T06:00:00+01:00,15.532
2022-03-22T18:00:00+01:00,15.534
2022-03-23T06:00:00+01:00,15.526
2022-03-23T18:00:00+01:00,15.514
2022-03-24T06:00:00+01:00,15.518
2022-03-24T18:00:00+01:00,15.518
2022-03-25T06:00:00+01:00,15.511
2022-03-25T18:00:00+01:00,15.514
2022-03-26T06:00:00+01:00,15.511
2022-03-26T18:00:00+01:00,15.499
2022-03-27T07:00:00+02:00,15.517
2022-03-27T19:00:00+02:00,15.516
2022-03-28T07:00:00+02:00,15.531
2022-03-28T19:00:00+02:00,15.519
2022-03-29T07:00:00+02:00,15.521
2022-03-29T19:00:00+02:00,15.523
2022-03-30T07:00:00+02:00,15.52
2022-03-30T19:00:00+02:00,15.518
2022-03-31T07:00:00+02:00,15.517
2022-03-31T19:00:00+02:00,15.509
2022-04-02T07:00:00+02:00,15.496
2022-04-02T19:00:00+02:00,15.482
2022-04-03T07:00:00+02:00,15.484
2022-04-03T19:00:00+02:00,15.497
2022-04-04T07:00:00+02:00,15.528
2022-04-04T19:00:00+02:00,15.525
2022-04-05T07:00:00+02:00,15.544
2022-04-05T19:00:00+02:00,15.548
2022-04-06T07:00:00+02:00,15.569
2022-04-06T19:00:00+02:00,15.573
2022-04-08T07:00:00+02:00,15.575
2022-04-08T19:00:00+02:00,15.568
2022-04-09T07:00:00+02:00,15.537
2022-04-09T19:00:00+02:00,15.539
2022-04-10T07:00:00+02:00,15.535
2022-04-10T19:00:00+02:00,15.526
2022-04-11T07:00:00+02:00,15.527
2022-04-11T19:00:00+02:00,15.526
2022-04-13T07:00:00+02:00,15.508
2022-04-13T19:00:00+02:00,15.496
2022-04-14T07:00:00+02:00,15.499
2022-04-14T19:00:00+02:00,15.507
2022-04-15T07:00:00+02:00,15.496
2022-04-15T19:00:00+02:00,15.491
2022-04-16T07:00:00+02:00,15.488
2022-04-16T19:00:00+02:00,15.481
2022-04-17T07:00:00+02:00,15.486
2022-04-17T19:00:00+02:00,15.494
2022-04-18T07:00:00+02:00,15.499
2022-04-18T19:00:00+02:00,15.492
2022-04-19T07:00:00+02:00,15.486
2022-04-19T19:00:00+02:00,15.472
2022-04-20T07:00:00+02:00,15.466
2022-04-20T19:00:00+02:00,15.464
2022-04-21T07:00:00+02:00,15.461
2022-04-21T19:00:00+02:00,15.452
2022-04-23T07:00:00+02:00,15.461
2022-04-23T19:00:00+02:00,15.443
2022-04-24T07:00:00+02:00,15.443
2022-04-24T19:00:00+02:00,15.421
2022-04-25T07:00:00+02:00,15.422
2022-04-25T19:00:00+02:00,15.423
2022-04-26T07:00:00+02:00,15.422
2022-04-26T19:00:00+02:00,15.418
2022-04-27T07:00:00+02:00,15.417
2022-04-27T19:00:00+02:00,15.404
2022-04-28T07:00:00+02:00,15.398
2022-04-28T19:00:00+02:00,15.396
2022-04-29T07:00:00+02:00,15.406
2022-04-29T19:00:00+02:00,15.411
2022-04-30T07:00:00+02:00,15.404
2022-04-30T19:00:00+02:00,15.405
2022-05-01T07:00:00+02:00,15.412
2022-05-01T19:00:00+02:00,15.41
2022-05-02T07:00:00+02:00,15.411
2022-05-02T19:00:00+02:00,15.401
2022-05-03T07:00:00+02:00,15.395
2022-05-03T19:00:00+02:00,15.385
2022-05-05T07:00:00+02:00,15.375
2022-05-05T19:00:00+02:00,15.369
2022-05-06T07:00:00+02:00,15.369
2022-05-06T19:00:00+02:00,15.38
2022-05-07T07:00:00+02:00,15.37
2022-05-07T19:00:00+02:00,15.357
2022-05-08T07:00:00+02:00,15.363
2022-05-08T19:00:00+02:00,15.361
2022-05-09T07:00:00+02:00,15.373
2022-05-09T19:00:00+02:00,15.349
2022-05-10T07:00:00+02:00,15.349
2022-05-10T19:00:00+02:00,15.339
2022-05-11T07:00:00+02:00,15.352
2022-05-11T19:00:00+02:00,15.323
2022-05-12T07:00:00+02:00,15.307
2022-05-12T19:00:00+02:00,15.316
2022-05-13T07:00:00+02:00,15.319
2022-05-13T19:00:00+02:00,15.312
2022-05-15T07:00:00+02:00,15.301
2022-05-15T19:00:00+02:00,15.293
2022-05-17T07:00:00+02:00,15.287
2022-05-17T19:00:00+02:00,15.287
2022-05-18T07:00:00+02:00,15.278
2022-05-18T19:00:00+02:00,15.259
2022-05-19T07:00:00+02:00,15.288
2022-05-19T19:00:00+02:00,15.28
2022-05-20T07:00:00+02:00,15.323
2022-05-20T19:00:00+02:00,15.33
2022-05-21T07:00:00+02:00,15.347
2022-05-21T19:00:00+02:00,15.373
2022-05-22T07:00:00+02:00,15.356
2022-05-22T19:00:00+02:00,15.327
2022-05-23T07:00:00+02:00,15.34
2022-05-23T19:00:00+02:00,15.329
2022-05-24T07:00:00+02:00,15.35
2022-05-24T19:00:00+02:00,15.349
2022-05-25T07:00:00+02:00,15.356
2022-05-25T19:00:00+02:00,15.34
2022-05-26T07:00:00+02:00,15.339
2022-05-26T19:00:00+02:00,15.319
2022-05-27T07:00:00+02:00,15.316
2022-05-27T19:00:00+02:00,15.308
2022-05-28T07:00:00+02:00,15.311
2022-05-28T19:00:00+02:00,15.299
2022-05-29T07:00:00+02:00,15.321
2022-05-29T19:00:00+02:00,15.318
2022-05-30T07:00:00+02:00,15.32
2022-05-30T19:00:00+02:00,15.35
2022-05-31T07:00:00+02:00,15.341
2022-05-31T19:00:00+02:00,15.304
2022-06-01T07:00:00+02:00,15.317
2022-06-01T19:00:00+02:00,15.284
2022-06-03T07:00:00+02:00,15.29
2022-06-03T19:00:00+02:00,15.271
2022-06-04T07:00:00+02:00,15.27
2022-06-04T19:00:00+02:00,15.256
2022-06-05T07:00:00+02:00,15.279
2022-06-05T19:00:00+02:00,15.395
2022-06-06T07:00:00+02:00,15.428
2022-06-06T19:00:00+02:00,15.447
2022-06-07T07:00:00+02:00,15.451
2022-06-07T19:00:00+02:00,15.448
2022-06-08T07:00:00+02:00,15.467
2022-06-08T19:00:00+02:00,15.461
2022-06-09T07:00:00+02:00,15.459
2022-06-09T19:00:00+02:00,15.444
2022-06-10T07:00:00+02:00,15.464
2022-06-10T19:00:00+02:00,15.458
2022-06-11T07:00:00+02:00,15.444
2022-06-11T19:00:00+02:00,15.437
2022-06-12T07:00:00+02:00,15.442
2022-06-12T19:00:00+02:00,15.422
2022-06-13T07:00:00+02:00,15.409
2022-06-13T19:00:00+02:00,15.402
2022-06-14T07:00:00+02:00,15.396
2022-06-14T19:00:00+02:00,15.397
2022-06-15T07:00:00+02:00,15.384
2022-06-15T19:00:00+02:00,15.361
2022-06-16T07:00:00+02:00,15.337
2022-06-16T19:00:00+02:00,15.333
2022-06-17T07:00:00+02:00,15.342
2022-06-17T19:00:00+02:00,15.327
2022-06-18T07:00:00+02:00,15.314
2022-06-18T19:00:00+02:00,15.305
2022-06-19T07:00:00+02:00,15.312
2022-06-19T19:00:00+02:00,15.298
2022-06-20T07:00:00+02:00,15.316
2022-06-20T19:00:00+02:00,15.296
2022-06-21T07:00:00+02:00,15.303
2022-06-21T19:00:00+02:00,15.296
2022-06-22T07:00:00+02:00,15.293
2022-06-22T19:00:00+02:00,15.279
2022-06-23T07:00:00+02:00,15.283
2022-06-23T19:00:00+02:00,15.275
2022-06-24T07:00:00+02:00,15.334
2022-06-24T19:00:00+02:00,15.363
2022-06-25T07:00:00+02:00,15.386
2022-06-25T19:00:00+02:00,15.367
2022-06-26T07:00:00+02:00,15.369
2022-06-26T19:00:00+02:00,15.371
2022-06-27T07:00:00+02:00,15.377
2022-06-27T19:00:00+02:00,15.381
2022-06-28T07:00:00+02:00,15.398
2022-06-28T19:00:00+02:00,15.428
2022-06-29T07:00:00+02:00,15.412
2022-06-29T19:00:00+02:00,15.376
2022-06-30T07:00:00+02:00,15.368
2022-06-30T19:00:00+02:00,15.332
2022-07-01T07:00:00+02:00,15.404
2022-07-01T19:00:00+02:00,15.416
2022-07-02T07:00:00+02:00,15.412
2022-07-02T19:00:00+02:00,15.398
2022-07-03T07:00:00+02:00,15.388
2022-07-03T19:00:00+02:00,15.357
2022-07-04T07:00:00+02:00,15.357
2022-07-04T19:00:00+02:00,15.355
2022-07-05T07:00:00+02:00,15.338
2022-07-05T19:00:00+02:00,15.317
2022-07-06T07:00:00+02:00,15.331
2022-07-06T19:00:00+02:00,15.334
2022-07-07T07:00:00+02:00,15.32
2022-07-07T19:00:00+02:00,15.314
2022-07-08T07:00:00+02:00,15.308
2022-07-08T19:00:00+02:00,15.319
2022-07-09T07:00:00+02:00,15.319
2022-07-09T19:00:00+02:00,15.297
2022-07-11T07:00:00+02:00,15.295
2022-07-11T19:00:00+02:00,15.306
2022-07-12T07:00:00+02:00,15.304
2022-07-12T19:00:00+02:00,15.301
2022-07-13T07:00:00+02:00,15.305
2022-07-13T19:00:00+02:00,15.28
2022-07-14T07:00:00+02:00,15.293
2022-07-14T19:00:00+02:00,15.277
2022-07-15T07:00:00+02:00,15.289
2022-07-15T19:00:00+02:00,15.286
2022-07-16T07:00:00+02:00,15.28
2022-07-16T19:00:00+02:00,15.262
2022-07-17T07:00:00+02:00,15.277
2022-07-17T19:00:00+02:00,15.266
2022-07-18T07:00:00+02:00,15.25
2022-07-18T19:00:00+02:00,15.251
2022-07-19T07:00:00+02:00,15.267
2022-07-19T19:00:00+02:00,15.264
2022-07-20T07:00:00+02:00,15.236
2022-07-20T19:00:00+02:00,15.238
2022-07-21T07:00:00+02:00,15.265
2022-07-21T19:00:00+02:00,15.304
2022-07-22T07:00:00+02:00,15.355
2022-07-22T19:00:00+02:00,15.385
2022-07-23T07:00:00+02:00,15.371
2022-07-23T19:00:00+02:00,15.359
2022-07-24T07:00:00+02:00,15.34
2022-07-24T19:00:00+02:00,15.343
2022-07-25T07:00:00+02:00,15.337
2022-07-25T19:00:00+02:00,15.308
2022-07-26T07:00:00+02:00,15.316
2022-07-26T19:00:00+02:00,15.317
2022-07-27T07:00:00+02:00,15.326
2022-07-27T19:00:00+02:00,15.321
2022-07-30T07:00:00+02:00,15.303
2022-07-30T19:00:00+02:00,15.325
2022-07-31T07:00:00+02:00,15.329
2022-07-31T19:00:00+02:00,15.319
2022-08-02T07:00:00+02:00,15.321
2022-08-02T19:00:00+02:00,15.296
2022-08-03T07:00:00+02:00,15.294
2022-08-03T19:00:00+02:00,15.286
2022-08-04T07:00:00+02:00,15.303
2022-08-04T19:00:00+02:00,15.292
2022-08-05T07:00:00+02:00,15.3
2022-08-05T19:00:00+02:00,15.279
2022-08-06T07:00:00+02:00,15.345
2022-08-06T19:00:00+02:00,15.349
2022-08-07T07:00:00+02:00,15.336
2022-08-07T19:00:00+02:00,15.327
2022-08-08T07:00:00+02:00,15.316
2022-08-08T19:00:00+02:00,15.309
2022-08-09T07:00:00+02:00,15.306
2022-08-09T19:00:00+02:00,15.299
2022-08-10T07:00:00+02:00,15.295
2022-08-10T19:00:00+02:00,15.29
2022-08-11T07:00:00+02:00,15.279
2022-08-11T19:00:00+02:00,15.268
2022-08-12T07:00:00+02:00,15.257
2022-08-12T19:00:00+02:00,15.257
2022-08-13T07:00:00+02:00,15.27
2022-08-13T19:00:00+02:00,15.262
2022-08-14T07:00:00+02:00,15.267
2022-08-14T19:00:00+02:00,15.249
2022-08-15T07:00:00+02:00,15.236
2022-08-15T19:00:00+02:00,15.227
2022-08-16T07:00:00+02:00,15.215
2022-08-16T19:00:00+02:00,15.209
2022-08-18T07:00:00+02:00,15.256
2022-08-18T19:00:00+02:00,15.264
2022-08-19T07:00:00+02:00,15.298
2022-08-19T19:00:00+02:00,15.299
2022-08-20T07:00:00+02:00,15.29
2022-08-20T19:00:00+02:00,15.293
2022-08-21T07:00:00+02:00,15.326
2022-08-21T19:00:00+02:00,15.327
2022-08-22T07:00:00+02:00,15.317
2022-08-22T19:00:00+02:00,15.299
2022-08-23T07:00:00+02:00,15.267
2022-08-23T19:00:00+02:00,15.247
2022-08-24T07:00:00+02:00,15.241
2022-08-24T19:00:00+02:00,15.219
2022-08-25T07:00:00+02:00,15.225
2022-08-25T19:00:00+02:00,15.217
2022-08-26T07:00:00+02:00,15.201
2022-08-26T19:00:00+02:00,15.2
2022-08-27T07:00:00+02:00,15.209
2022-08-27T19:00:00+02:00,15.201
2022-08-28T07:00:00+02:00,15.2
2022-08-28T19:00:00+02:00,15.189
2022-08-30T07:00:00+02:00,15.167
2022-08-30T19:00:00+02:00,15.156
2022-09-01T07:00:00+02:00,15.162
2022-09-01T19:00:00+02:00,15.153
2022-09-02T07:00:00+02:00,15.181
2022-09-02T19:00:00+02:00,15.173
2022-09-03T07:00:00+02:00,15.17
2022-09-03T19:00:00+02:00,15.126
2022-09-04T07:00:00+02:00,15.117
2022-09-04T19:00:00+02:00,15.112
2022-09-05T07:00:00+02:00,15.119
2022-09-05T19:00:00+02:00,15.124
2022-09-06T07:00:00+02:00,15.132
2022-09-06T19:00:00+02:00,15.132
2022-09-07T07:00:00+02:00,15.163
2022-09-07T19:00:00+02:00,15.155
2022-09-08T07:00:00+02:00,15.183
2022-09-08T19:00:00+02:00,15.197
2022-09-09T07:00:00+02:00,15.211
2022-09-09T19:00:00+02:00,15.236
2022-09-10T07:00:00+02:00,15.301
2022-09-10T19:00:00+02:00,15.274
2022-09-12T07:00:00+02:00,15.294
2022-09-12T19:00:00+02:00,15.275
2022-09-13T07:00:00+02:00,15.243
2022-09-13T19:00:00+02:00,15.231
2022-09-14T07:00:00+02:00,15.246
2022-09-14T19:00:00+02:00,15.251
2022-09-15T07:00:00+02:00,15.328
2022-09-15T19:00:00+02:00,15.351
2022-09-16T07:00:00+02:00,15.343
2022-09-16T19:00:00+02:00,15.326
2022-09-17T07:00:00+02:00,15.322
2022-09-17T19:00:00+02:00,15.325
2022-09-18T07:00:00+02:00,15.354
2022-09-18T19:00:00+02:00,15.352
2022-09-19T07:00:00+02:00,15.373
2022-09-19T19:00:00+02:00,15.37
2022-09-20T07:00:00+02:00,15.365
2022-09-20T19:00:00+02:00,15.35
2022-09-21T07:00:00+02:00,15.337
2022-09-21T19:00:00+02:00,15.317
2022-09-22T07:00:00+02:00,15.313
2022-09-22T19:00:00+02:00,15.301
2022-09-23T07:00:00+02:00,15.295
2022-09-23T19:00:00+02:00,15.299
2022-09-24T07:00:00+02:00,15.314
2022-09-24T19:00:00+02:00,15.299
2022-09-25T07:00:00+02:00,15.307
2022-09-25T19:00:00+02:00,15.305
2022-09-26T07:00:00+02:00,15.318
2022-09-26T19:00:00+02:00,15.32
2022-09-27T07:00:00+02:00,15.338
2022-09-27T19:00:00+02:00,15.397
2022-09-28T07:00:00+02:00,15.403
2022-09-28T19:00:00+02:00,15.408
2022-09-29T07:00:00+02:00,15.407
2022-09-29T19:00:00+02:00,15.386
2022-09-30T07:00:00+02:00,15.366
2022-09-30T19:00:00+02:00,15.364
2022-10-01T07:00:00+02:00,15.384
2022-10-01T19:00:00+02:00,15.371
2022-10-02T07:00:00+02:00,15.413
2022-10-02T19:00:00+02:00,15.401
2022-10-03T07:00:00+02:00,15.407
2022-10-03T19:00:00+02:00,15.408
2022-10-04T07:00:00+02:00,15.401
2022-10-04T19:00:00+02:00,15.372
2022-10-05T07:00:00+02:00,15.384
2022-10-05T19:00:00+02:00,15.356
2022-10-06T07:00:00+02:00,15.337
2022-10-06T19:00:00+02:00,15.343
2022-10-07T07:00:00+02:00,15.351
2022-10-07T19:00:00+02:00,15.36
2022-10-08T07:00:00+02:00,15.358
2022-10-08T19:00:00+02:00,15.323
2022-10-09T07:00:00+02:00,15.34
2022-10-09T19:00:00+02:00,15.342
2022-10-10T07:00:00+02:00,15.348
2022-10-10T19:00:00+02:00,15.315
2022-10-11T07:00:00+02:00,15.321
2022-10-11T19:00:00+02:00,15.31
2022-10-12T07:00:00+02:00,15.309
2022-10-12T19:00:00+02:00,15.297
2022-10-13T07:00:00+02:00,15.298
2022-10-13T19:00:00+02:00,15.294
2022-10-14T07:00:00+02:00,15.321
2022-10-14T19:00:00+02:00,15.319
2022-10-15T07:00:00+02:00,15.318
2022-10-15T19:00:00+02:00,15.299
2022-10-16T07:00:00+02:00,15.296
2022-10-16T19:00:00+02:00,15.289
2022-10-17T07:00:00+02:00,15.298
2022-10-17T19:00:00+02:00,15.295
2022-10-18T07:00:00+02:00,15.308
2022-10-18T19:00:00+02:00,15.301
2022-10-19T07:00:00+02:00,15.309
2022-10-19T19:00:00+02:00,15.299
2022-10-20T07:00:00+02:00,15.322
2022-10-20T19:00:00+02:00,15.323
2022-10-21T07:00:00+02:00,15.337
2022-10-21T19:00:00+02:00,15.353
2022-10-22T07:00:00+02:00,15.345
2022-10-22T19:00:00+02:00,15.307
2022-10-23T07:00:00+02:00,15.33
2022-10-23T19:00:00+02:00,15.318
2022-10-24T07:00:00+02:00,15.35
2022-10-24T19:00:00+02:00,15.32
2022-10-25T07:00:00+02:00,15.329
2022-10-25T19:00:00+02:00,15.346
2022-10-26T07:00:00+02:00,15.349
2022-10-26T19:00:00+02:00,15.309
2022-10-27T07:00:00+02:00,15.31
2022-10-27T19:00:00+02:00,15.311
2022-10-28T07:00:00+02:00,15.316
2022-10-28T19:00:00+02:00,15.297
2022-10-29T07:00:00+02:00,15.324
2022-10-29T19:00:00+02:00,15.306
2022-10-30T06:00:00+01:00,15.315
2022-10-30T18:00:00+01:00,15.285
2022-10-31T06:00:00+01:00,15.294
2022-10-31T18:00:00+01:00,15.312
2022-11-01T06:00:00+01:00,15.318
2022-11-01T18:00:00+01:00,15.307
2022-11-02T06:00:00+01:00,15.29
2022-11-02T18:00:00+01:00,15.289
2022-11-03T06:00:00+01:00,15.307
2022-11-03T18:00:00+01:00,15.324
2022-11-04T06:00:00+01:00,15.304
2022-11-04T18:00:00+01:00,15.289
2022-11-05T06:00:00+01:00,15.29
2022-11-05T18:00:00+01:00,15.308
2022-11-06T06:00:00+01:00,15.324
2022-11-06T18:00:00+01:00,15.326
2022-11-07T06:00:00+01:00,15.313
2022-11-07T18:00:00+01:00,15.314
2022-11-08T06:00:00+01:00,15.323
2022-11-08T18:00:00+01:00,15.308
2022-11-09T06:00:00+01:00,15.301
2022-11-09T18:00:00+01:00,15.278
2022-11-10T06:00:00+01:00,15.27
2022-11-10T18:00:00+01:00,15.261
2022-11-11T06:00:00+01:00,15.267
2022-11-11T18:00:00+01:00,15.263
2022-11-12T06:00:00+01:00,15.271
2022-11-12T18:00:00+01:00,15.267
2022-11-13T06:00:00+01:00,15.278
2022-11-13T18:00:00+01:00,15.281
2022-11-14T06:00:00+01:00,15.29
2022-11-14T18:00:00+01:00,15.285
2022-11-15T06:00:00+01:00,15.29
2022-11-15T18:00:00+01:00,15.308
2022-11-16T06:00:00+01:00,15.323
2022-11-16T18:00:00+01:00,15.347
2022-11-17T06:00:00+01:00,15.391
2022-11-17T18:00:00+01:00,15.411
2022-11-18T06:00:00+01:00,15.398
2022-11-18T18:00:00+01:00,15.395
2022-11-19T06:00:00+01:00,15.379
2022-11-19T18:00:00+01:00,15.385
2022-11-20T06:00:00+01:00,15.401
2022-11-20T18:00:00+01:00,15.413
2022-11-21T06:00:00+01:00,15.414
2022-11-21T18:00:00+01:00,15.439
2022-11-22T06:00:00+01:00,15.434
2022-11-22T18:00:00+01:00,15.443
2022-11-23T06:00:00+01:00,15.434
2022-11-23T18:00:00+01:00,15.423
2022-11-24T06:00:00+01:00,15.416
2022-11-24T18:00:00+01:00,15.429
2022-11-25T06:00:00+01:00,15.426
2022-11-25T18:00:00+01:00,15.386
2022-11-26T06:00:00+01:00,15.387
2022-11-26T18:00:00+01:00,15.384
2022-11-27T06:00:00+01:00,15.402
2022-11-27T18:00:00+01:00,15.408
2022-11-28T06:00:00+01:00,15.423
2022-11-28T18:00:00+01:00,15.427
2022-11-29T06:00:00+01:00,15.439
2022-11-29T18:00:00+01:00,15.447
2022-11-30T06:00:00+01:00,15.428
2022-11-30T18:00:00+01:00,15.428
2022-12-01T06:00:00+01:00,15.418
2022-12-01T18:00:00+01:00,15.416
2022-12-02T06:00:00+01:00,15.418
2022-12-02T18:00:00+01:00,15.398
2022-12-03T06:00:00+01:00,15.404
2022-12-03T18:00:00+01:00,15.403
2022-12-04T06:00:00+01:00,15.395
2022-12-04T18:00:00+01:00,15.386
2022-12-05T06:00:00+01:00,15.385
2022-12-05T18:00:00+01:00,15.389
2022-12-06T06:00:00+01:00,15.384
2022-12-06T18:00:00+01:00,15.39
2022-12-07T06:00:00+01:00,15.398
2022-12-07T18:00:00+01:00,15.412
2022-12-08T06:00:00+01:00,15.405
2022-12-08T18:00:00+01:00,15.396
2022-12-09T06:00:00+01:00,15.397
2022-12-09T18:00:00+01:00,15.396
2022-12-10T06:00:00+01:00,15.387
2022-12-10T18:00:00+01:00,15.375
2022-12-11T06:00:00+01:00,15.374
2022-12-11T18:00:00+01:00,15.379
2022-12-12T06:00:00+01:00,15.366
2022-12-12T18:00:00+01:00,15.362
2022-12-13T06:00:00+01:00,15.352
2022-12-13T18:00:00+01:00,15.372
2022-12-14T06:00:00+01:00,15.369
2022-12-14T18:00:00+01:00,15.35
2022-12-15T06:00:00+01:00,15.338
2022-12-15T18:00:00+01:00,15.334
2022-12-16T06:00:00+01:00,15.324
2022-12-16T18:00:00+01:00,15.334
2022-12-17T06:00:00+01:00,15.325
2022-12-17T18:00:00+01:00,15.327
2022-12-18T06:00:00+01:00,15.334
2022-12-18T18:00:00+01:00,15.342
2022-12-19T06:00:00+01:00,15.367
2022-12-19T18:00:00+01:00,15.39
2022-12-20T06:00:00+01:00,15.442
2022-12-20T18:00:00+01:00,15.439
2022-12-21T06:00:00+01:00,15.474
2022-12-21T18:00:00+01:00,15.482
2022-12-22T06:00:00+01:00,15.491
2022-12-22T18:00:00+01:00,15.507
2022-12-23T06:00:00+01:00,15.498
2022-12-23T18:00:00+01:00,15.516
2022-12-24T06:00:00+01:00,15.516
2022-12-24T18:00:00+01:00,15.508
2022-12-25T06:00:00+01:00,15.521
2022-12-25T18:00:00+01:00,15.531
2022-12-26T06:00:00+01:00,15.553
2022-12-26T18:00:00+01:00,15.535
2022-12-27T06:00:00+01:00,15.526
2022-12-27T18:00:00+01:00,15.544
2022-12-28T06:00:00+01:00,15.55
2022-12-28T18:00:00+01:00,15.568
2022-12-29T06:00:00+01:00,15.557
2022-12-29T18:00:00+01:00,15.551
2022-12-30T06:00:00+01:00,15.549
2022-12-30T18:00:00+01:00,15.549
2022-12-31T06:00:00+01:00,15.578
2022-12-31T18:00:00+01:00,15.583
2023-01-01T06:00:00+01:00,15.564
2023-01-01T18:00:00+01:00,15.571
2023-01-02T06:00:00+01:00,15.574
2023-01-02T18:00:00+01:00,15.57
2023-01-03T06:00:00+01:00,15.58
2023-01-03T18:00:00+01:00,15.579
2023-01-04T06:00:00+01:00,15.592
2023-01-04T18:00:00+01:00,15.589
2023-01-05T06:00:00+01:00,15.583
2023-01-05T18:00:00+01:00,15.579
2023-01-06T06:00:00+01:00,15.594
2023-01-06T18:00:00+01:00,15.589
2023-01-07T06:00:00+01:00,15.593
2023-01-07T18:00:00+01:00,15.6
2023-01-08T06:00:00+01:00,15.598
2023-01-08T18:00:00+01:00,15.609
2023-01-09T06:00:00+01:00,15.584
2023-01-09T18:00:00+01:00,15.555
2023-01-10T06:00:00+01:00,15.549
2023-01-10T18:00:00+01:00,15.593
2023-01-11T06:00:00+01:00,15.586
2023-01-11T18:00:00+01:00,15.606
2023-01-12T06:00:00+01:00,15.615
2023-01-12T18:00:00+01:00,15.662
2023-01-13T06:00:00+01:00,15.681
2023-01-13T18:00:00+01:00,15.658
2023-01-14T06:00:00+01:00,15.674
2023-01-14T18:00:00+01:00,15.695
2023-01-15T06:00:00+01:00,15.703
2023-01-15T18:00:00+01:00,15.687
2023-01-16T06:00:00+01:00,15.709
2023-01-16T18:00:00+01:00,15.677
2023-01-17T06:00:00+01:00,15.668
2023-01-17T18:00:00+01:00,15.654
2023-01-18T06:00:00+01:00,15.64
2023-01-18T18:00:00+01:00,15.634
2023-01-19T06:00:00+01:00,15.629
2023-01-19T18:00:00+01:00,15.641
2023-01-20T06:00:00+01:00,15.644
2023-01-20T18:00:00+01:00,15.623
2023-01-21T06:00:00+01:00,15.622
2023-01-21T18:00:00+01:00,15.624
2023-01-22T06:00:00+01:00,15.628
2023-01-22T18:00:00+01:00,15.622
2023-01-23T06:00:00+01:00,15.623
2023-01-23T18:00:00+01:00,15.629
2023-01-24T06:00:00+01:00,15.641
2023-01-24T18:00:00+01:00,15.644
2023-01-25T06:00:00+01:00,15.644
2023-01-25T18:00:00+01:00,15.649
2023-01-26T06:00:00+01:00,15.642
2023-01-26T18:00:00+01:00,15.629
2023-01-27T06:00:00+01:00,15.625
2023-01-27T18:00:00+01:00,15.617
2023-01-28T06:00:00+01:00,15.618
2023-01-28T18:00:00+01:00,15.613
2023-01-29T06:00:00+01:00,15.613
2023-01-29T18:00:00+01:00,15.618
2023-01-30T06:00:00+01:00,15.619
2023-01-30T18:00:00+01:00,15.58
2023-01-31T06:00:00+01:00,15.6
2023-01-31T18:00:00+01:00,15.599
2023-02-01T06:00:00+01:00,15.593
2023-02-01T18:00:00+01:00,15.587
2023-02-02T06:00:00+01:00,15.584
2023-02-02T18:00:00+01:00,15.578
2023-02-03T06:00:00+01:00,15.584
2023-02-03T18:00:00+01:00,15.567
2023-02-04T06:00:00+01:00,15.571
2023-02-04T18:00:00+01:00,15.575
2023-02-05T06:00:00+01:00,15.581
2023-02-05T18:00:00+01:00,15.572
2023-02-06T06:00:00+01:00,15.574
2023-02-06T18:00:00+01:00,15.575
2023-02-07T06:00:00+01:00,15.567
2023-02-07T18:00:00+01:00,15.567
2023-02-08T06:00:00+01:00,15.565
2023-02-08T18:00:00+01:00,15.581
2023-02-09T06:00:00+01:00,15.581
2023-02-09T18:00:00+01:00,15.568
2023-02-10T06:00:00+01:00,15.568
2023-02-10T18:00:00+01:00,15.572
2023-02-11T06:00:00+01:00,15.571
2023-02-11T18:00:00+01:00,15.558
2023-02-12T06:00:00+01:00,15.556
2023-02-12T18:00:00+01:00,15.556
2023-02-13T06:00:00+01:00,15.557
2023-02-13T18:00:00+01:00,15.555
2023-02-14T06:00:00+01:00,15.558
2023-02-14T18:00:00+01:00,15.565
2023-02-15T06:00:00+01:00,15.573
2023-02-15T18:00:00+01:00,15.57
2023-02-16T06:00:00+01:00,15.572
2023-02-16T18:00:00+01:00,15.574
2023-02-17T06:00:00+01:00,15.574
2023-02-17T18:00:00+01:00,15.542
2023-02-18T06:00:00+01:00,15.551
2023-02-18T18:00:00+01:00,15.543
2023-02-19T06:00:00+01:00,15.546
2023-02-19T18:00:00+01:00,15.538
2023-02-20T06:00:00+01:00,15.551
2023-02-20T18:00:00+01:00,15.55
2023-02-21T06:00:00+01:00,15.548
2023-02-21T18:00:00+01:00,15.546
2023-02-22T06:00:00+01:00,15.569
2023-02-22T18:00:00+01:00,15.551
2023-02-23T06:00:00+01:00,15.548
2023-02-23T18:00:00+01:00,15.554
2023-02-24T06:00:00+01:00,15.56
2023-02-24T18:00:00+01:00,15.559
2023-02-25T06:00:00+01:00,15.55
2023-02-25T18:00:00+01:00,15.526
2023-02-26T06:00:00+01:00,15.517
2023-02-26T18:00:00+01:00,15.523
2023-02-27T06:00:00+01:00,15.526
2023-02-27T18:00:00+01:00,15.511
2023-02-28T06:00:00+01:00,15.51
2023-02-28T18:00:00+01:00,15.507
2023-03-01T06:00:00+01:00,15.518
2023-03-01T18:00:00+01:00,15.515
2023-03-02T06:00:00+01:00,15.515
2023-03-02T18:00:00+01:00,15.509
2023-03-03T06:00:00+01:00,15.51
2023-03-03T18:00:00+01:00,15.502
2023-03-04T06:00:00+01:00,15.513
2023-03-04T18:00:00+01:00,15.515
2023-03-05T06:00:00+01:00,15.528
2023-03-05T18:00:00+01:00,15.535
2023-03-06T06:00:00+01:00,15.547
2023-03-06T18:00:00+01:00,15.548
2023-03-07T06:00:00+01:00,15.582
2023-03-07T18:00:00+01:00,15.591
2023-03-08T06:00:00+01:00,15.614
2023-03-08T18:00:00+01:00,15.614
2023-03-09T06:00:00+01:00,15.621
2023-03-09T18:00:00+01:00,15.653
2023-03-10T06:00:00+01:00,15.584
2023-03-10T18:00:00+01:00,15.536
2023-03-11T06:00:00+01:00,15.549
2023-03-11T18:00:00+01:00,15.515
2023-03-12T06:00:00+01:00,15.524
2023-03-12T18:00:00+01:00,15.546
2023-03-13T06:00:00+01:00,15.66
2023-03-13T18:00:00+01:00,15.665
2023-03-14T06:00:00+01:00,15.661
2023-03-14T18:00:00+01:00,15.616
2023-03-15T06:00:00+01:00,15.622
2023-03-15T18:00:00+01:00,15.622
2023-03-16T06:00:00+01:00,15.632
2023-03-16T18:00:00+01:00,15.629
2023-03-17T06:00:00+01:00,15.629
2023-03-17T18:00:00+01:00,15.644
2023-03-18T06:00:00+01:00,15.646
2023-03-18T18:00:00+01:00,15.636
2023-03-19T06:00:00+01:00,15.64
2023-03-19T18:00:00+01:00,15.617
2023-03-20T06:00:00+01:00,15.627
2023-03-20T18:00:00+01:00,15.623
2023-03-21T06:00:00+01:00,15.635
2023-03-21T18:00:00+01:00,15.638
2023-03-22T06:00:00+01:00,15.638
2023-03-22T18:00:00+01:00,15.628
2023-03-23T06:00:00+01:00,15.631
2023-03-23T18:00:00+01:00,15.646
2023-03-24T06:00:00+01:00,15.649
2023-03-24T18:00:00+01:00,15.664
2023-03-25T06:00:00+01:00,15.656
2023-03-25T18:00:00+01:00,15.662
2023-03-26T07:00:00+02:00,15.684
2023-03-26T19:00:00+02:00,15.693
2023-03-27T07:00:00+02:00,15.682
2023-03-27T19:00:00+02:00,15.674
2023-03-28T07:00:00+02:00,15.671
2023-03-28T19:00:00+02:00,15.68
2023-03-29T07:00:00+02:00,15.675
2023-03-29T19:00:00+02:00,15.672
2023-03-30T07:00:00+02:00,15.652
2023-03-30T19:00:00+02:00,15.654
2023-03-31T07:00:00+02:00,15.692
2023-03-31T19:00:00+02:00,15.686
2023-04-01T07:00:00+02:00,15.684
2023-04-01T19:00:00+02:00,15.685
2023-04-02T07:00:00+02:00,15.685
2023-04-02T19:00:00+02:00,15.67
2023-04-03T07:00:00+02:00,15.67
2023-04-03T19:00:00+02:00,15.666
2023-04-04T07:00:00+02:00,15.65
2023-04-04T19:00:00+02:00,15.658
2023-04-05T07:00:00+02:00,15.653
2023-04-05T19:00:00+02:00,15.647
2023-04-06T07:00:00+02:00,15.645
2023-04-06T19:00:00+02:00,15.65
2023-04-07T07:00:00+02:00,15.658
2023-04-07T19:00:00+02:00,15.638
2023-04-08T07:00:00+02:00,15.63
2023-04-08T19:00:00+02:00,15.639
2023-04-09T07:00:00+02:00,15.638
2023-04-09T19:00:00+02:00,15.635
2023-04-10T07:00:00+02:00,15.635
2023-04-10T19:00:00+02:00,15.637
2023-04-11T07:00:00+02:00,15.633
2023-04-11T19:00:00+02:00,15.644
2023-04-12T07:00:00+02:00,15.659
2023-04-12T19:00:00+02:00,15.679
2023-04-13T07:00:00+02:00,15.675
2023-04-13T19:00:00+02:00,15.652
2023-04-14T07:00:00+02:00,15.638
2023-04-14T19:00:00+02:00,15.627
2023-04-15T07:00:00+02:00,15.611
2023-04-15T19:00:00+02:00,15.593
2023-04-16T07:00:00+02:00,15.593
2023-04-16T19:00:00+02:00,15.592
2023-04-17T07:00:00+02:00,15.587
2023-04-17T19:00:00+02:00,15.587
2023-04-18T07:00:00+02:00,15.583
2023-04-18T19:00:00+02:00,15.588
2023-04-19T07:00:00+02:00,15.583
2023-04-19T19:00:00+02:00,15.591
2023-04-20T07:00:00+02:00,15.592
2023-04-20T19:00:00+02:00,15.586
2023-04-21T07:00:00+02:00,15.595
2023-04-21T19:00:00+02:00,15.607
2023-04-22T07:00:00+02:00,15.612
2023-04-22T19:00:00+02:00,15.602
2023-04-23T07:00:00+02:00,15.614
2023-04-23T19:00:00+02:00,15.642
2023-04-24T07:00:00+02:00,15.635
2023-04-24T19:00:00+02:00,15.649
2023-04-25T07:00:00+02:00,15.638
2023-04-25T19:00:00+02:00,15.622
2023-04-26T07:00:00+02:00,15.619
2023-04-26T19:00:00+02:00,15.615
2023-04-27T07:00:00+02:00,15.607
2023-04-27T19:00:00+02:00,15.623
2023-04-28T07:00:00+02:00,15.621
2023-04-28T19:00:00+02:00,15.603
2023-04-29T07:00:00+02:00,15.594
2023-04-29T19:00:00+02:00,15.589
2023-04-30T07:00:00+02:00,15.582
2023-04-30T19:00:00+02:00,15.599
2023-05-01T07:00:00+02:00,15.601
2023-05-01T19:00:00+02:00,15.578
2023-05-02T07:00:00+02:00,15.558
2023-05-02T19:00:00+02:00,15.555
2023-05-03T07:00:00+02:00,15.556
2023-05-03T19:00:00+02:00,15.566
2023-05-04T07:00:00+02:00,15.565
2023-05-04T19:00:00+02:00,15.556
2023-05-05T07:00:00+02:00,15.538
2023-05-05T19:00:00+02:00,15.559
2023-05-06T07:00:00+02:00,15.559
2023-05-06T19:00:00+02:00,15.559
2023-05-07T07:00:00+02:00,15.551
2023-05-07T19:00:00+02:00,15.587
2023-05-08T07:00:00+02:00,15.603
2023-05-08T19:00:00+02:00,15.593
2023-05-09T07:00:00+02:00,15.611
2023-05-09T19:00:00+02:00,15.636
2023-05-10T07:00:00+02:00,15.647
2023-05-10T19:00:00+02:00,15.642
2023-05-11T07:00:00+02:00,15.654
2023-05-11T19:00:00+02:00,15.653
2023-05-12T07:00:00+02:00,15.657
2023-05-12T19:00:00+02:00,15.632
2023-05-13T07:00:00+02:00,15.633
2023-05-13T19:00:00+02:00,15.614
2023-05-14T07:00:00+02:00,15.61
2023-05-14T19:00:00+02:00,15.607
2023-05-15T07:00:00+02:00,15.594
2023-05-15T19:00:00+02:00,15.581
2023-05-16T07:00:00+02:00,15.58
2023-05-16T19:00:00+02:00,15.561
2023-05-17T07:00:00+02:00,15.556
2023-05-17T19:00:00+02:00,15.551
2023-05-18T07:00:00+02:00,15.555
2023-05-18T19:00:00+02:00,15.551
2023-05-19T07:00:00+02:00,15.551
2023-05-19T19:00:00+02:00,15.544
2023-05-20T07:00:00+02:00,15.539
2023-05-20T19:00:00+02:00,15.536
2023-05-21T07:00:00+02:00,15.548
2023-05-21T19:00:00+02:00,15.529
2023-05-22T07:00:00+02:00,15.529
2023-05-22T19:00:00+02:00,15.52
2023-05-23T07:00:00+02:00,15.517
2023-05-23T19:00:00+02:00,15.504
2023-05-24T07:00:00+02:00,15.508
2023-05-24T19:00:00+02:00,15.5
2023-05-25T07:00:00+02:00,15.496
2023-05-25T19:00:00+02:00,15.493
2023-05-26T07:00:00+02:00,15.487
2023-05-26T19:00:00+02:00,15.472
2023-05-27T07:00:00+02:00,15.478
2023-05-27T19:00:00+02:00,15.479
2023-05-28T07:00:00+02:00,15.475
2023-05-28T19:00:00+02:00,15.457
2023-05-29T07:00:00+02:00,15.455
2023-05-29T19:00:00+02:00,15.443
2023-05-30T07:00:00+02:00,15.446
2023-05-30T19:00:00+02:00,15.43
2023-05-31T07:00:00+02:00,15.43
2023-05-31T19:00:00+02:00,15.422
2023-06-01T07:00:00+02:00,15.422
2023-06-01T19:00:00+02:00,15.41
2023-06-02T07:00:00+02:00,15.415
2023-06-02T19:00:00+02:00,15.398
2023-06-03T07:00:00+02:00,15.397
2023-06-03T19:00:00+02:00,15.383
2023-06-04T07:00:00+02:00,15.389
2023-06-04T19:00:00+02:00,15.378
2023-06-05T07:00:00+02:00,15.385
2023-06-05T19:00:00+02:00,15.365
2023-06-06T07:00:00+02:00,15.373
2023-06-06T19:00:00+02:00,15.354
2023-06-07T07:00:00+02:00,15.357
2023-06-07T19:00:00+02:00,15.358
2023-06-08T07:00:00+02:00,15.361
2023-06-08T19:00:00+02:00,15.348
2023-06-09T07:00:00+02:00,15.352
2023-06-09T19:00:00+02:00,15.323
2023-06-10T07:00:00+02:00,15.326
2023-06-10T19:00:00+02:00,15.303
2023-06-11T07:00:00+02:00,15.326
2023-06-11T19:00:00+02:00,15.298
2023-06-12T07:00:00+02:00,15.303
2023-06-12T19:00:00+02:00,15.28
2023-06-13T07:00:00+02:00,15.29
2023-06-13T19:00:00+02:00,15.276
2023-06-14T07:00:00+02:00,15.276
2023-06-14T19:00:00+02:00,15.261
2023-06-15T07:00:00+02:00,15.272
2023-06-15T19:00:00+02:00,15.258
2023-06-16T07:00:00+02:00,15.249
2023-06-16T19:00:00+02:00,15.245
2023-06-17T07:00:00+02:00,15.256
2023-06-17T19:00:00+02:00,15.228
2023-06-18T07:00:00+02:00,15.257
2023-06-18T19:00:00+02:00,15.259
2023-06-19T07:00:00+02:00,15.256
2023-06-19T19:00:00+02:00,15.242
2023-06-20T07:00:00+02:00,15.255
2023-06-20T19:00:00+02:00,15.232
2023-06-21T07:00:00+02:00,15.259
2023-06-21T19:00:00+02:00,15.324
2023-06-22T07:00:00+02:00,15.352
2023-06-22T19:00:00+02:00,15.349
2023-06-23T07:00:00+02:00,15.393
2023-06-23T19:00:00+02:00,15.398
2023-06-24T07:00:00+02:00,15.402
2023-06-24T19:00:00+02:00,15.365
2023-06-25T07:00:00+02:00,15.364
2023-06-25T19:00:00+02:00,15.342
2023-06-26T07:00:00+02:00,15.316
2023-06-26T19:00:00+02:00,15.296
2023-06-27T07:00:00+02:00,15.304
2023-06-27T19:00:00+02:00,15.296
2023-06-28T07:00:00+02:00,15.304
2023-06-28T19:00:00+02:00,15.292
2023-06-29T07:00:00+02:00,15.315
2023-06-29T19:00:00+02:00,15.299
2023-06-30T07:00:00+02:00,15.305
2023-06-30T19:00:00+02:00,15.304
2023-07-01T07:00:00+02:00,15.319
2023-07-01T19:00:00+02:00,15.319
2023-07-02T07:00:00+02:00,15.328
2023-07-02T19:00:00+02:00,15.308
2023-07-03T07:00:00+02:00,15.302
2023-07-03T19:00:00+02:00,15.283
2023-07-04T07:00:00+02:00,15.272
2023-07-04T19:00:00+02:00,15.258
2023-07-05T07:00:00+02:00,15.32
2023-07-05T19:00:00+02:00,15.275
2023-07-06T07:00:00+02:00,15.282
2023-07-06T19:00:00+02:00,15.267
2023-07-07T07:00:00+02:00,15.281
2023-07-07T19:00:00+02:00,15.265
2023-07-08T07:00:00+02:00,15.267
2023-07-08T19:00:00+02:00,15.232
2023-07-09T07:00:00+02:00,15.239
2023-07-09T19:00:00+02:00,15.233
2023-07-10T07:00:00+02:00,15.254
2023-07-10T19:00:00+02:00,15.246
2023-07-11T07:00:00+02:00,15.256
2023-07-11T19:00:00+02:00,15.236
2023-07-12T07:00:00+02:00,15.254
2023-07-12T19:00:00+02:00,15.27
2023-07-13T07:00:00+02:00,15.293
2023-07-13T19:00:00+02:00,15.252
2023-07-14T07:00:00+02:00,15.253
2023-07-14T19:00:00+02:00,15.266
2023-07-15T07:00:00+02:00,15.274
2023-07-15T19:00:00+02:00,15.253
2023-07-16T07:00:00+02:00,15.26
2023-07-16T19:00:00+02:00,15.25
2023-07-17T07:00:00+02:00,15.258
2023-07-17T19:00:00+02:00,15.273
2023-07-18T07:00:00+02:00,15.287
2023-07-18T19:00:00+02:00,15.277
2023-07-19T07:00:00+02:00,15.274
2023-07-19T19:00:00+02:00,15.25
2023-07-20T07:00:00+02:00,15.253
2023-07-20T19:00:00+02:00,15.242
2023-07-21T07:00:00+02:00,15.258
2023-07-21T19:00:00+02:00,15.242
2023-07-22T07:00:00+02:00,15.257
2023-07-22T19:00:00+02:00,15.253
2023-07-23T07:00:00+02:00,15.31
2023-07-23T19:00:00+02:00,15.312
2023-07-24T07:00:00+02:00,15.373
2023-07-24T19:00:00+02:00,15.37
2023-07-25T07:00:00+02:00,15.431
2023-07-25T19:00:00+02:00,15.428
2023-07-26T07:00:00+02:00,15.438
2023-07-26T19:00:00+02:00,15.424
2023-07-27T07:00:00+02:00,15.445
2023-07-27T19:00:00+02:00,15.462
2023-07-28T07:00:00+02:00,15.471
2023-07-28T19:00:00+02:00,15.48
2023-07-29T07:00:00+02:00,15.477
2023-07-29T19:00:00+02:00,15.471
2023-07-30T07:00:00+02:00,15.49
2023-07-30T19:00:00+02:00,15.467
2023-07-31T07:00:00+02:00,15.513
2023-07-31T19:00:00+02:00,15.533
2023-08-01T07:00:00+02:00,15.491
2023-08-01T19:00:00+02:00,15.535
2023-08-02T07:00:00+02:00,15.568
2023-08-02T19:00:00+02:00,15.562
2023-08-03T07:00:00+02:00,15.571
2023-08-03T19:00:00+02:00,15.571
2023-08-04T07:00:00+02:00,15.584
2023-08-04T19:00:00+02:00,15.57
2023-08-05T07:00:00+02:00,15.577
2023-08-05T19:00:00+02:00,15.586
2023-08-06T07:00:00+02:00,15.576
2023-08-06T19:00:00+02:00,15.598
2023-08-07T07:00:00+02:00,15.611
2023-08-07T19:00:00+02:00,15.602
2023-08-08T07:00:00+02:00,15.606
2023-08-08T19:00:00+02:00,15.589
2023-08-09T07:00:00+02:00,15.61
2023-08-09T19:00:00+02:00,15.601
2023-08-10T07:00:00+02:00,15.607
2023-08-10T19:00:00+02:00,15.595
2023-08-11T07:00:00+02:00,15.602
2023-08-11T19:00:00+02:00,15.583
2023-08-12T07:00:00+02:00,15.619
2023-08-12T19:00:00+02:00,15.633
2023-08-13T07:00:00+02:00,15.63
2023-08-13T19:00:00+02:00,15.613
2023-08-14T07:00:00+02:00,15.613
2023-08-14T19:00:00+02:00,15.614
2023-08-15T07:00:00+02:00,15.592
2023-08-15T19:00:00+02:00,15.576
2023-08-16T07:00:00+02:00,15.57
2023-08-16T19:00:00+02:00,15.583
2023-08-17T07:00:00+02:00,15.582
2023-08-17T19:00:00+02:00,15.588
2023-08-18T07:00:00+02:00,15.59
2023-08-18T19:00:00+02:00,15.584
2023-08-19T07:00:00+02:00,15.578
2023-08-19T19:00:00+02:00,15.56
2023-08-20T07:00:00+02:00,15.565
2023-08-20T19:00:00+02:00,15.554
2023-08-21T07:00:00+02:00,15.553
2023-08-21T19:00:00+02:00,15.55
2023-08-22T07:00:00+02:00,15.546
2023-08-22T19:00:00+02:00,15.536
2023-08-23T07:00:00+02:00,15.538
2023-08-23T19:00:00+02:00,15.518
2023-08-24T07:00:00+02:00,15.529
2023-08-24T19:00:00+02:00,15.532
2023-08-25T07:00:00+02:00,15.54
2023-08-25T19:00:00+02:00,15.576
2023-08-26T07:00:00+02:00,15.575
2023-08-26T19:00:00+02:00,15.561
2023-08-27T07:00:00+02:00,15.589
2023-08-27T19:00:00+02:00,15.587
2023-08-28T07:00:00+02:00,15.583
2023-08-28T19:00:00+02:00,15.589
2023-08-29T07:00:00+02:00,15.586
2023-08-29T19:00:00+02:00,15.588
2023-08-30T07:00:00+02:00,15.602
2023-08-30T19:00:00+02:00,15.576
2023-08-31T07:00:00+02:00,15.567
2023-08-31T19:00:00+02:00,15.564
2023-09-01T07:00:00+02:00,15.569
2023-09-01T19:00:00+02:00,15.578
2023-09-02T07:00:00+02:00,15.585
2023-09-02T19:00:00+02:00,15.581
2023-09-03T07:00:00+02:00,15.565
2023-09-03T19:00:00+02:00,15.561
2023-09-04T07:00:00+02:00,15.577
2023-09-04T19:00:00+02:00,15.576
2023-09-05T07:00:00+02:00,15.566
2023-09-05T19:00:00+02:00,15.555
2023-09-06T07:00:00+02:00,15.542
2023-09-06T19:00:00+02:00,15.531
2023-09-07T07:00:00+02:00,15.524
2023-09-07T19:00:00+02:00,15.524
2023-09-08T07:00:00+02:00,15.513
2023-09-08T19:00:00+02:00,15.497
2023-09-09T07:00:00+02:00,15.496
2023-09-09T19:00:00+02:00,15.486
2023-09-10T07:00:00+02:00,15.488
2023-09-10T19:00:00+02:00,15.478
2023-09-11T07:00:00+02:00,15.474
2023-09-11T19:00:00+02:00,15.461
2023-09-12T07:00:00+02:00,15.494
2023-09-12T19:00:00+02:00,15.522
2023-09-13T07:00:00+02:00,15.518
2023-09-13T19:00:00+02:00,15.515
2023-09-14T07:00:00+02:00,15.525
2023-09-14T19:00:00+02:00,15.534
2023-09-15T07:00:00+02:00,15.527
2023-09-15T19:00:00+02:00,15.514
2023-09-16T07:00:00+02:00,15.51
2023-09-16T19:00:00+02:00,15.49
2023-09-22T01:00:00+02:00,15.505
2023-09-22T13:00:00+02:00,15.535
2023-09-23T01:00:00+02:00,15.539
2023-09-23T13:00:00+02:00,15.535
2023-09-24T01:00:00+02:00,15.54
2023-09-24T13:00:00+02:00,15.54
2023-09-25T01:00:00+02:00,15.534
2023-09-25T13:00:00+02:00,15.532
2023-09-26T01:00:00+02:00,15.516
2023-09-26T13:00:00+02:00,15.516
2023-09-27T01:00:00+02:00,15.513
2023-09-27T13:00:00+02:00,15.525
2023-09-28T01:00:00+02:00,15.499
2023-09-28T13:00:00+02:00,15.489
2023-09-29T01:00:00+02:00,15.502
2023-09-29T13:00:00+02:00,15.491
2023-09-30T01:00:00+02:00,15.472
2023-09-30T13:00:00+02:00,15.475
2023-10-01T01:00:00+02:00,15.505
2023-10-01T13:00:00+02:00,15.499
2023-10-02T01:00:00+02:00,15.481
2023-10-02T13:00:00+02:00,15.483
2023-10-03T01:00:00+02:00,15.484
2023-10-03T13:00:00+02:00,15.45
2023-10-04T01:00:00+02:00,15.454
2023-10-04T13:00:00+02:00,15.457
2023-10-05T01:00:00+02:00,15.458
2023-10-05T13:00:00+02:00,15.447
2023-10-06T01:00:00+02:00,15.442
2023-10-06T13:00:00+02:00,15.448
2023-10-07T01:00:00+02:00,15.448
2023-10-07T13:00:00+02:00,15.44
2023-10-08T01:00:00+02:00,15.417
2023-10-08T13:00:00+02:00,15.422
2023-10-09T01:00:00+02:00,15.431
2023-10-09T13:00:00+02:00,15.424
2023-10-10T01:00:00+02:00,15.421
2023-10-10T13:00:00+02:00,15.43
2023-10-11T01:00:00+02:00,15.436
2023-10-11T13:00:00+02:00,15.429
2023-10-12T01:00:00+02:00,15.416
2023-10-12T13:00:00+02:00,15.426
2023-10-13T01:00:00+02:00,15.429
2023-10-13T13:00:00+02:00,15.467
2023-10-14T01:00:00+02:00,15.474
2023-10-14T13:00:00+02:00,15.493
2023-10-15T01:00:00+02:00,15.511
2023-10-15T13:00:00+02:00,15.508
2023-10-16T01:00:00+02:00,15.507
2023-10-16T13:00:00+02:00,15.521
2023-10-17T01:00:00+02:00,15.507
2023-10-17T13:00:00+02:00,15.509
2023-10-18T01:00:00+02:00,15.51
2023-10-18T13:00:00+02:00,15.523
2023-10-19T01:00:00+02:00,15.541
2023-10-19T13:00:00+02:00,15.57
2023-10-20T01:00:00+02:00,15.582
2023-10-20T13:00:00+02:00,15.617
2023-10-21T01:00:00+02:00,15.57
2023-10-21T13:00:00+02:00,15.633
2023-10-22T01:00:00+02:00,15.627
2023-10-22T13:00:00+02:00,15.597
2023-10-23T01:00:00+02:00,15.595
2023-10-23T13:00:00+02:00,15.609
2023-10-24T01:00:00+02:00,15.615
2023-10-24T13:00:00+02:00,15.627
2023-10-25T01:00:00+02:00,15.633
2023-10-25T13:00:00+02:00,15.666
2023-10-26T01:00:00+02:00,15.672
2023-10-26T13:00:00+02:00,15.689
2023-10-27T01:00:00+02:00,15.688
2023-10-27T13:00:00+02:00,15.696
2023-10-28T01:00:00+02:00,15.715
2023-10-28T13:00:00+02:00,15.704
2023-10-29T01:00:00+02:00,15.705
2023-10-29T12:00:00+01:00,15.7
2023-10-30T00:00:00+01:00,15.669
2023-10-30T12:00:00+01:00,15.684
2023-10-31T00:00:00+01:00,15.67
2023-10-31T12:00:00+01:00,15.682
2023-11-01T00:00:00+01:00,15.689
2023-11-01T12:00:00+01:00,15.709
2023-11-02T00:00:00+01:00,15.71
2023-11-02T12:00:00+01:00,15.7
2023-11-03T00:00:00+01:00,15.683
2023-11-03T12:00:00+01:00,15.671
2023-11-04T00:00:00+01:00,15.678
2023-11-04T12:00:00+01:00,15.716
2023-11-05T00:00:00+01:00,15.706
2023-11-05T12:00:00+01:00,15.673
2023-11-06T00:00:00+01:00,15.659
2023-11-06T12:00:00+01:00,15.636
2023-11-07T00:00:00+01:00,15.616
2023-11-07T12:00:00+01:00,15.623
2023-11-08T00:00:00+01:00,15.613
2023-11-08T12:00:00+01:00,15.626
2023-11-09T00:00:00+01:00,15.655
2023-11-09T12:00:00+01:00,15.67
2023-11-10T00:00:00+01:00,15.691
2023-11-10T12:00:00+01:00,15.676
2023-11-11T00:00:00+01:00,15.667
2023-11-11T12:00:00+01:00,15.682
2023-11-12T00:00:00+01:00,15.686
2023-11-12T12:00:00+01:00,15.673
2023-11-13T00:00:00+01:00,15.666
2023-11-13T12:00:00+01:00,15.71
2023-11-14T00:00:00+01:00,15.703
2023-11-14T12:00:00+01:00,15.706
2023-11-15T00:00:00+01:00,15.665
2023-11-15T12:00:00+01:00,15.694
2023-11-16T00:00:00+01:00,15.634
2023-11-16T12:00:00+01:00,15.681
2023-11-17T00:00:00+01:00,15.639
2023-11-17T12:00:00+01:00,15.619
2023-11-18T00:00:00+01:00,15.626
2023-11-18T12:00:00+01:00,15.639
2023-11-19T00:00:00+01:00,15.688
2023-11-19T12:00:00+01:00,15.693
2023-11-20T00:00:00+01:00,15.676
2023-11-20T12:00:00+01:00,15.67
2023-11-21T00:00:00+01:00,15.653
2023-11-21T12:00:00+01:00,15.634
2023-11-22T00:00:00+01:00,15.611
2023-11-22T12:00:00+01:00,15.625
2023-11-23T00:00:00+01:00,15.619
2023-11-23T12:00:00+01:00,15.618
2023-11-24T00:00:00+01:00,15.635
2023-11-24T12:00:00+01:00,15.638
2023-11-25T00:00:00+01:00,15.634
2023-11-25T12:00:00+01:00,15.629
2023-11-26T00:00:00+01:00,15.613
2023-11-26T12:00:00+01:00,15.613
2023-11-27T00:00:00+01:00,15.633
2023-11-27T12:00:00+01:00,15.71
2023-11-28T00:00:00+01:00,15.683
2023-11-28T12:00:00+01:00,15.666
2023-11-29T00:00:00+01:00,15.674
2023-11-29T12:00:00+01:00,15.709
2023-11-30T00:00:00+01:00,15.67
2023-11-30T12:00:00+01:00,15.662
2023-12-01T00:00:00+01:00,15.663
2023-12-01T12:00:00+01:00,15.65
2023-12-02T00:00:00+01:00,15.634
2023-12-02T12:00:00+01:00,15.615
2023-12-03T00:00:00+01:00,15.611
2023-12-03T12:00:00+01:00,15.611
2023-12-04T00:00:00+01:00,15.632
2023-12-04T12:00:00+01:00,15.646
2023-12-05T00:00:00+01:00,15.671
2023-12-05T12:00:00+01:00,15.665
2023-12-06T00:00:00+01:00,15.653
2023-12-06T12:00:00+01:00,15.646
2023-12-07T00:00:00+01:00,15.635
2023-12-07T12:00:00+01:00,15.626
2023-12-08T00:00:00+01:00,15.648
2023-12-08T12:00:00+01:00,15.634
2023-12-09T00:00:00+01:00,15.631
2023-12-09T12:00:00+01:00,15.666
2023-12-10T00:00:00+01:00,15.655
2023-12-10T12:00:00+01:00,15.664
2023-12-11T00:00:00+01:00,15.658
2023-12-11T12:00:00+01:00,15.64
2023-12-12T00:00:00+01:00,15.647
2023-12-12T12:00:00+01:00,15.658
2023-12-13T00:00:00+01:00,15.652
2023-12-13T12:00:00+01:00,15.667
2023-12-14T00:00:00+01:00,15.655
2023-12-14T12:00:00+01:00,15.691
2023-12-15T00:00:00+01:00,15.681
2023-12-15T12:00:00+01:00,15.674
2023-12-16T00:00:00+01:00,15.669
2023-12-16T12:00:00+01:00,15.68
2023-12-17T00:00:00+01:00,15.676
2023-12-17T12:00:00+01:00,15.679
2023-12-18T00:00:00+01:00,15.674
2023-12-18T12:00:00+01:00,15.674
2023-12-19T00:00:00+01:00,15.693
2023-12-19T12:00:00+01:00,15.708
2023-12-20T00:00:00+01:00,15.737
2023-12-20T12:00:00+01:00,15.752
2023-12-21T00:00:00+01:00,15.757
2023-12-21T12:00:00+01:00,15.78
2023-12-22T00:00:00+01:00,15.726
2023-12-22T12:00:00+01:00,15.794
2023-12-23T00:00:00+01:00,15.77
2023-12-23T12:00:00+01:00,15.775
2023-12-24T00:00:00+01:00,15.784
2023-12-24T12:00:00+01:00,15.804
2023-12-25T00:00:00+01:00,15.82
2023-12-25T12:00:00+01:00,15.81
2023-12-26T00:00:00+01:00,15.854
2023-12-26T12:00:00+01:00,15.831
2023-12-27T00:00:00+01:00,15.832
2023-12-27T12:00:00+01:00,15.846
2023-12-28T00:00:00+01:00,15.814
2023-12-28T12:00:00+01:00,15.792
2023-12-29T00:00:00+01:00,15.783
2023-12-29T12:00:00+01:00,15.769
2023-12-30T00:00:00+01:00,15.764
2023-12-30T12:00:00+01:00,15.769
2023-12-31T00:00:00+01:00,15.787
2023-12-31T12:00:00+01:00,15.773
2024-01-01T00:00:00+01:00,15.752
2024-01-01T12:00:00+01:00,15.744
2024-01-02T00:00:00+01:00,15.778
2024-01-02T12:00:00+01:00,15.822
2024-01-03T00:00:00+01:00,15.842
2024-01-03T12:00:00+01:00,15.839
2024-01-04T00:00:00+01:00,15.852
2024-01-04T12:00:00+01:00,15.84
2024-01-05T00:00:00+01:00,15.89
2024-01-05T12:00:00+01:00,15.859
2024-01-06T00:00:00+01:00,15.838
2024-01-06T12:00:00+01:00,15.808
2024-01-07T00:00:00+01:00,15.805
2024-01-07T12:00:00+01:00,15.789
2024-01-08T00:00:00+01:00,15.781
2024-01-08T12:00:00+01:00,15.778
2024-01-09T00:00:00+01:00,15.761
2024-01-09T12:00:00+01:00,15.759
2024-01-10T00:00:00+01:00,15.747
2024-01-10T12:00:00+01:00,15.738
2024-01-11T00:00:00+01:00,15.724
2024-01-11T12:00:00+01:00,15.705
2024-01-12T00:00:00+01:00,15.721
2024-01-12T12:00:00+01:00,15.717
2024-01-13T00:00:00+01:00,15.738
2024-01-13T12:00:00+01:00,15.745
2024-01-14T00:00:00+01:00,15.756
2024-01-14T12:00:00+01:00,15.759
2024-01-15T00:00:00+01:00,15.747
2024-01-15T12:00:00+01:00,15.753
2024-01-16T00:00:00+01:00,15.759
2024-01-16T12:00:00+01:00,15.752
2024-01-17T00:00:00+01:00,15.775
2024-01-17T12:00:00+01:00,15.774
2024-01-18T00:00:00+01:00,15.737
2024-01-18T12:00:00+01:00,15.709
2024-01-19T00:00:00+01:00,15.702
2024-01-19T12:00:00+01:00,15.691
2024-01-20T00:00:00+01:00,15.695
2024-01-20T12:00:00+01:00,15.7
2024-01-21T00:00:00+01:00,15.706
2024-01-21T12:00:00+01:00,15.709
2024-01-22T00:00:00+01:00,15.745
2024-01-22T12:00:00+01:00,15.737
2024-01-23T00:00:00+01:00,15.736
2024-01-23T12:00:00+01:00,15.74
2024-01-24T00:00:00+01:00,15.762
2024-01-24T12:00:00+01:00,15.721
2024-01-25T00:00:00+01:00,15.717
2024-01-25T12:00:00+01:00,15.727
2024-01-26T00:00:00+01:00,15.733
2024-01-26T12:00:00+01:00,15.712
2024-01-27T00:00:00+01:00,15.73
2024-01-27T12:00:00+01:00,15.723
2024-01-28T00:00:00+01:00,15.731
2024-01-28T12:00:00+01:00,15.735
2024-01-29T00:00:00+01:00,15.724
2024-01-29T12:00:00+01:00,15.723
2024-01-30T00:00:00+01:00,15.716
2024-01-30T12:00:00+01:00,15.699
2024-01-31T00:00:00+01:00,15.683
2024-01-31T12:00:00+01:00,15.711
2024-02-01T00:00:00+01:00,15.714
2024-02-01T12:00:00+01:00,15.702
2024-02-02T00:00:00+01:00,15.688
2024-02-02T12:00:00+01:00,15.684
2024-02-03T00:00:00+01:00,15.675
2024-02-03T12:00:00+01:00,15.673
2024-02-04T00:00:00+01:00,15.69
2024-02-04T12:00:00+01:00,15.718
2024-02-05T00:00:00+01:00,15.717
2024-02-05T12:00:00+01:00,15.72
2024-02-06T00:00:00+01:00,15.715
2024-02-06T12:00:00+01:00,15.717
2024-02-07T00:00:00+01:00,15.722
2024-02-07T12:00:00+01:00,15.76
2024-02-08T00:00:00+01:00,15.774
2024-02-08T12:00:00+01:00,15.777
2024-02-09T00:00:00+01:00,15.817
2024-02-09T12:00:00+01:00,15.806
2024-02-10T00:00:00+01:00,15.805
2024-02-10T12:00:00+01:00,15.78
2024-02-11T00:00:00+01:00,15.782
2024-02-11T12:00:00+01:00,15.774
2024-02-12T00:00:00+01:00,15.755
2024-02-12T12:00:00+01:00,15.739
2024-02-13T00:00:00+01:00,15.721
2024-02-13T12:00:00+01:00,15.72
2024-02-14T00:00:00+01:00,15.73
2024-02-14T12:00:00+01:00,15.714
2024-02-15T00:00:00+01:00,15.72
2024-02-15T12:00:00+01:00,15.731
2024-02-16T00:00:00+01:00,15.742
2024-02-16T12:00:00+01:00,15.711
2024-02-17T00:00:00+01:00,15.701
2024-02-17T12:00:00+01:00,15.687
2024-02-18T00:00:00+01:00,15.702
2024-02-18T12:00:00+01:00,15.74
2024-02-19T00:00:00+01:00,15.716
2024-02-19T12:00:00+01:00,15.721
2024-02-20T00:00:00+01:00,15.702
2024-02-20T12:00:00+01:00,15.704
2024-02-21T00:00:00+01:00,15.717
2024-02-21T12:00:00+01:00,15.729
2024-02-22T00:00:00+01:00,15.745
2024-02-22T12:00:00+01:00,15.78
2024-02-23T00:00:00+01:00,15.749
2024-02-23T12:00:00+01:00,15.744
2024-02-24T00:00:00+01:00,15.74
2024-02-24T12:00:00+01:00,15.723
2024-02-25T00:00:00+01:00,15.726
2024-02-25T12:00:00+01:00,15.726
2024-02-26T00:00:00+01:00,15.716
2024-02-26T12:00:00+01:00,15.72
2024-02-27T00:00:00+01:00,15.74
2024-02-27T12:00:00+01:00,15.732
2024-02-28T00:00:00+01:00,15.741
2024-02-28T12:00:00+01:00,15.732
2024-02-29T00:00:00+01:00,15.738
2024-02-29T12:00:00+01:00,15.738
2024-03-01T00:00:00+01:00,15.748
2024-03-01T12:00:00+01:00,15.746
2024-03-02T00:00:00+01:00,15.734
2024-03-02T12:00:00+01:00,15.72
2024-03-03T00:00:00+01:00,15.713
2024-03-03T12:00:00+01:00,15.706
2024-03-04T00:00:00+01:00,15.683
2024-03-04T12:00:00+01:00,15.685
2024-03-05T00:00:00+01:00,15.683
2024-03-05T12:00:00+01:00,15.668
2024-03-06T00:00:00+01:00,15.669
2024-03-06T12:00:00+01:00,15.662
2024-03-07T00:00:00+01:00,15.66
2024-03-07T12:00:00+01:00,15.673
2024-03-08T00:00:00+01:00,15.685
2024-03-08T12:00:00+01:00,15.698
2024-03-09T00:00:00+01:00,15.685
2024-03-09T12:00:00+01:00,15.68
2024-03-10T00:00:00+01:00,15.687
2024-03-10T12:00:00+01:00,15.682
2024-03-11T00:00:00+01:00,15.66
2024-03-11T12:00:00+01:00,15.694
2024-03-12T00:00:00+01:00,15.73
2024-03-12T12:00:00+01:00,15.731
2024-03-14T06:00:00+01:00,15.751
2024-03-14T18:00:00+01:00,15.744
2024-03-15T06:00:00+01:00,15.728
2024-03-15T18:00:00+01:00,15.717
2024-03-16T06:00:00+01:00,15.689
2024-03-16T18:00:00+01:00,15.687
2024-03-17T06:00:00+01:00,15.71
2024-03-17T18:00:00+01:00,15.708
2024-03-18T06:00:00+01:00,15.716
2024-03-18T18:00:00+01:00,15.705
2024-03-19T06:00:00+01:00,15.704
2024-03-19T18:00:00+01:00,15.685
2024-03-20T06:00:00+01:00,15.691
2024-03-20T18:00:00+01:00,15.675
2024-03-21T06:00:00+01:00,15.662
2024-03-21T18:00:00+01:00,15.672
2024-03-22T06:00:00+01:00,15.69
2024-03-22T18:00:00+01:00,15.692
2024-03-23T06:00:00+01:00,15.726
2024-03-23T18:00:00+01:00,15.741
2024-03-24T06:00:00+01:00,15.756
2024-03-24T18:00:00+01:00,15.748
2024-03-25T06:00:00+01:00,15.739
2024-03-25T18:00:00+01:00,15.75
2024-03-26T06:00:00+01:00,15.743
2024-03-26T18:00:00+01:00,15.735
2024-03-27T06:00:00+01:00,15.725
2024-03-27T18:00:00+01:00,15.704
2024-03-28T06:00:00+01:00,15.719
2024-03-28T18:00:00+01:00,15.708
2024-03-29T06:00:00+01:00,15.708
2024-03-29T18:00:00+01:00,15.693
2024-03-30T06:00:00+01:00,15.707
2024-03-30T18:00:00+01:00,15.679
2024-03-31T07:00:00+02:00,15.692
2024-03-31T19:00:00+02:00,15.706
2024-04-01T07:00:00+02:00,15.706
2024-04-01T19:00:00+02:00,15.696
2024-04-02T07:00:00+02:00,15.674
2024-04-02T19:00:00+02:00,15.683
2024-04-03T07:00:00+02:00,15.698
2024-04-03T19:00:00+02:00,15.682
2024-04-04T07:00:00+02:00,15.696
2024-04-04T19:00:00+02:00,15.682
2024-04-05T07:00:00+02:00,15.71
2024-04-05T19:00:00+02:00,15.685
2024-04-06T07:00:00+02:00,15.683
2024-04-06T19:00:00+02:00,15.675
2024-04-07T07:00:00+02:00,15.657
2024-04-07T19:00:00+02:00,15.662
2024-04-08T07:00:00+02:00,15.668
2024-04-08T19:00:00+02:00,15.681
2024-04-09T07:00:00+02:00,15.674
2024-04-09T19:00:00+02:00,15.649
2024-04-10T07:00:00+02:00,15.628
2024-04-10T19:00:00+02:00,15.644
2024-04-11T07:00:00+02:00,15.64
2024-04-11T19:00:00+02:00,15.645
2024-04-12T07:00:00+02:00,15.653
2024-04-12T19:00:00+02:00,15.647
2024-04-13T07:00:00+02:00,15.654
2024-04-13T19:00:00+02:00,15.655
2024-04-14T07:00:00+02:00,15.637
2024-04-14T19:00:00+02:00,15.647
2024-04-15T07:00:00+02:00,15.66
2024-04-15T19:00:00+02:00,15.664
2024-04-16T07:00:00+02:00,15.684
2024-04-16T19:00:00+02:00,15.67
2024-04-17T07:00:00+02:00,15.69
2024-04-17T19:00:00+02:00,15.701
2024-04-18T07:00:00+02:00,15.69
2024-04-18T19:00:00+02:00,15.695
2024-04-19T07:00:00+02:00,15.717
2024-04-19T19:00:00+02:00,15.706
2024-04-20T07:00:00+02:00,15.706
2024-04-20T19:00:00+02:00,15.703
2024-04-21T07:00:00+02:00,15.701
2024-04-21T19:00:00+02:00,15.689
2024-04-22T07:00:00+02:00,15.69
2024-04-22T19:00:00+02:00,15.69
2024-04-23T07:00:00+02:00,15.697
2024-04-23T19:00:00+02:00,15.69
2024-04-24T07:00:00+02:00,15.693
2024-04-24T19:00:00+02:00,15.684
2024-04-25T07:00:00+02:00,15.701
2024-04-25T19:00:00+02:00,15.705
2024-04-26T07:00:00+02:00,15.691
2024-04-26T19:00:00+02:00,15.674
2024-04-27T07:00:00+02:00,15.676
2024-04-27T19:00:00+02:00,15.672
2024-04-28T07:00:00+02:00,15.675
2024-04-28T19:00:00+02:00,15.654
2024-04-29T07:00:00+02:00,15.655
2024-04-29T19:00:00+02:00,15.655
2024-04-30T07:00:00+02:00,15.664
2024-04-30T19:00:00+02:00,15.667
2024-05-01T07:00:00+02:00,15.679
2024-05-01T19:00:00+02:00,15.646
2024-05-02T07:00:00+02:00,15.641
2024-05-02T19:00:00+02:00,15.628
2024-05-03T07:00:00+02:00,15.711
2024-05-03T19:00:00+02:00,15.731
2024-05-04T07:00:00+02:00,15.732
2024-05-04T19:00:00+02:00,15.745
2024-05-05T07:00:00+02:00,15.743
2024-05-05T19:00:00+02:00,15.747
2024-05-06T07:00:00+02:00,15.732
2024-05-06T19:00:00+02:00,15.704
2024-05-07T07:00:00+02:00,15.74
2024-05-07T19:00:00+02:00,15.743
2024-05-08T07:00:00+02:00,15.722
2024-05-08T19:00:00+02:00,15.715
2024-05-09T07:00:00+02:00,15.714
2024-05-09T19:00:00+02:00,15.705
2024-05-10T07:00:00+02:00,15.691
2024-05-10T19:00:00+02:00,15.688
2024-05-11T07:00:00+02:00,15.683
2024-05-11T19:00:00+02:00,15.671
2024-05-12T07:00:00+02:00,15.683
2024-05-12T19:00:00+02:00,15.666
2024-05-13T07:00:00+02:00,15.658
2024-05-13T19:00:00+02:00,15.647
2024-05-14T07:00:00+02:00,15.648
2024-05-14T19:00:00+02:00,15.634
2024-05-15T07:00:00+02:00,15.642
2024-05-15T19:00:00+02:00,15.636
2024-05-16T07:00:00+02:00,15.677
2024-05-16T19:00:00+02:00,15.667
2024-05-17T07:00:00+02:00,15.725
2024-05-17T19:00:00+02:00,15.723
2024-05-18T07:00:00+02:00,15.718
2024-05-18T19:00:00+02:00,15.71
2024-05-19T07:00:00+02:00,15.7
2024-05-19T19:00:00+02:00,15.712
2024-05-20T07:00:00+02:00,15.746
2024-05-20T19:00:00+02:00,15.74
2024-05-21T07:00:00+02:00,15.73
2024-05-21T19:00:00+02:00,15.691
2024-05-22T07:00:00+02:00,15.757
2024-05-22T19:00:00+02:00,15.752
2024-05-23T07:00:00+02:00,15.731
2024-05-23T19:00:00+02:00,15.7
2024-05-24T07:00:00+02:00,15.694
2024-05-24T19:00:00+02:00,15.684
2024-05-25T07:00:00+02:00,15.709
2024-05-25T19:00:00+02:00,15.696
2024-05-26T07:00:00+02:00,15.689
2024-05-26T19:00:00+02:00,15.66
2024-05-27T07:00:00+02:00,15.649
2024-05-27T19:00:00+02:00,15.637
2024-05-28T07:00:00+02:00,15.661
2024-05-28T19:00:00+02:00,15.695
2024-05-29T07:00:00+02:00,15.7
2024-05-29T19:00:00+02:00,15.705
2024-05-30T07:00:00+02:00,15.677
2024-05-30T19:00:00+02:00,15.658
2024-05-31T07:00:00+02:00,15.67
2024-05-31T19:00:00+02:00,15.623
2024-06-01T07:00:00+02:00,15.643
2024-06-01T19:00:00+02:00,15.633
2024-06-02T07:00:00+02:00,15.637
2024-06-02T19:00:00+02:00,15.62
2024-06-03T07:00:00+02:00,15.62
2024-06-03T19:00:00+02:00,15.655
2024-06-04T07:00:00+02:00,15.66
2024-06-04T19:00:00+02:00,15.655
2024-06-05T07:00:00+02:00,15.634
2024-06-05T19:00:00+02:00,15.618
2024-06-06T07:00:00+02:00,15.631
2024-06-06T19:00:00+02:00,15.613
2024-06-07T07:00:00+02:00,15.621
2024-06-07T19:00:00+02:00,15.608
2024-06-08T07:00:00+02:00,15.619
2024-06-08T19:00:00+02:00,15.594
2024-06-09T07:00:00+02:00,15.607
2024-06-09T19:00:00+02:00,15.591
2024-06-10T07:00:00+02:00,15.612
2024-06-10T19:00:00+02:00,15.608
2024-06-11T07:00:00+02:00,15.625
2024-06-11T19:00:00+02:00,15.61
2024-06-12T07:00:00+02:00,15.599
2024-06-12T19:00:00+02:00,15.598
2024-06-13T07:00:00+02:00,15.608
2024-06-13T19:00:00+02:00,15.598
2024-06-14T07:00:00+02:00,15.609
2024-06-14T19:00:00+02:00,15.6
2024-06-15T07:00:00+02:00,15.589
2024-06-15T19:00:00+02:00,15.596
2024-06-16T07:00:00+02:00,15.608
2024-06-16T19:00:00+02:00,15.609
2024-06-17T07:00:00+02:00,15.603
2024-06-17T19:00:00+02:00,15.591
2024-06-18T07:00:00+02:00,15.595
2024-06-18T19:00:00+02:00,15.594
2024-06-19T07:00:00+02:00,15.707
2024-06-19T19:00:00+02:00,15.7
2024-06-20T07:00:00+02:00,15.684
2024-06-20T19:00:00+02:00,15.69
2024-06-21T07:00:00+02:00,15.694
2024-06-21T19:00:00+02:00,15.702
2024-06-22T07:00:00+02:00,15.706
2024-06-22T19:00:00+02:00,15.685
2024-06-23T07:00:00+02:00,15.679
2024-06-23T19:00:00+02:00,15.653
2024-06-24T07:00:00+02:00,15.653
2024-06-24T19:00:00+02:00,15.639
2024-06-25T07:00:00+02:00,15.641
2024-06-25T19:00:00+02:00,15.628
2024-06-26T07:00:00+02:00,15.63
2024-06-26T19:00:00+02:00,15.619
2024-06-27T07:00:00+02:00,15.606
2024-06-27T19:00:00+02:00,15.604
2024-06-28T07:00:00+02:00,15.599
2024-06-28T19:00:00+02:00,15.586
2024-06-29T07:00:00+02:00,15.601
2024-06-29T19:00:00+02:00,15.582
2024-06-30T07:00:00+02:00,15.623
2024-06-30T19:00:00+02:00,15.629
2024-07-01T07:00:00+02:00,15.627
2024-07-01T19:00:00+02:00,15.617
2024-07-02T07:00:00+02:00,15.624
2024-07-02T19:00:00+02:00,15.62
2024-07-03T07:00:00+02:00,15.638
2024-07-03T19:00:00+02:00,15.648
2024-07-04T07:00:00+02:00,15.647
2024-07-04T19:00:00+02:00,15.627
2024-07-05T07:00:00+02:00,15.63
2024-07-05T19:00:00+02:00,15.628
2024-07-06T07:00:00+02:00,15.642
2024-07-06T19:00:00+02:00,15.594
2024-07-07T07:00:00+02:00,15.593
2024-07-07T19:00:00+02:00,15.588
2024-07-08T07:00:00+02:00,15.583
2024-07-08T19:00:00+02:00,15.592
2024-07-09T07:00:00+02:00,15.608
2024-07-09T19:00:00+02:00,15.562
2024-07-10T07:00:00+02:00,15.614
2024-07-10T19:00:00+02:00,15.62
2024-07-11T07:00:00+02:00,15.622
2024-07-11T19:00:00+02:00,15.598
2024-07-12T07:00:00+02:00,15.615
2024-07-12T19:00:00+02:00,15.602
2024-07-13T07:00:00+02:00,15.725
2024-07-13T19:00:00+02:00,15.704
2024-07-14T07:00:00+02:00,15.698
2024-07-14T19:00:00+02:00,15.685
2024-07-15T07:00:00+02:00,15.682
2024-07-15T19:00:00+02:00,15.679
2024-07-16T07:00:00+02:00,15.658
2024-07-16T19:00:00+02:00,15.643
2024-07-17T07:00:00+02:00,15.629
2024-07-17T19:00:00+02:00,15.625
2024-07-18T07:00:00+02:00,15.628
2024-07-18T19:00:00+02:00,15.622
2024-07-19T07:00:00+02:00,15.625
2024-07-19T19:00:00+02:00,15.61
2024-07-20T07:00:00+02:00,15.633
2024-07-20T19:00:00+02:00,15.621
2024-07-21T07:00:00+02:00,15.631
2024-07-21T19:00:00+02:00,15.632
2024-07-22T07:00:00+02:00,15.616
2024-07-22T19:00:00+02:00,15.603
2024-07-23T07:00:00+02:00,15.616
2024-07-23T19:00:00+02:00,15.612
2024-07-24T07:00:00+02:00,15.632
2024-07-24T19:00:00+02:00,15.629
2024-07-25T07:00:00+02:00,15.651
2024-07-25T19:00:00+02:00,15.638
2024-07-26T07:00:00+02:00,15.635
2024-07-26T19:00:00+02:00,15.621
2024-07-27T07:00:00+02:00,15.627
2024-07-27T19:00:00+02:00,15.607
2024-07-28T07:00:00+02:00,15.589
2024-07-28T19:00:00+02:00,15.599
2024-07-29T07:00:00+02:00,15.608
2024-07-29T19:00:00+02:00,15.598
2024-07-30T07:00:00+02:00,15.603
2024-07-30T19:00:00+02:00,15.579
2024-07-31T07:00:00+02:00,15.581
2024-07-31T19:00:00+02:00,15.576
2024-08-01T07:00:00+02:00,15.59
2024-08-01T19:00:00+02:00,15.611
2024-08-02T07:00:00+02:00,15.614
2024-08-02T19:00:00+02:00,15.607
2024-08-03T07:00:00+02:00,15.6
2024-08-03T19:00:00+02:00,15.593
2024-08-04T07:00:00+02:00,15.593
2024-08-04T19:00:00+02:00,15.596
2024-08-05T07:00:00+02:00,15.598
2024-08-05T19:00:00+02:00,15.585
2024-08-06T07:00:00+02:00,15.587
2024-08-06T19:00:00+02:00,15.57
2024-08-07T07:00:00+02:00,15.578
2024-08-07T19:00:00+02:00,15.52
2024-08-08T07:00:00+02:00,15.578
2024-08-08T19:00:00+02:00,15.595
2024-08-09T07:00:00+02:00,15.592
2024-08-09T19:00:00+02:00,15.609
2024-08-10T07:00:00+02:00,15.606
2024-08-10T19:00:00+02:00,15.603
2024-08-11T07:00:00+02:00,15.597
2024-08-11T19:00:00+02:00,15.596
2024-08-12T07:00:00+02:00,15.601
2024-08-12T19:00:00+02:00,15.582
2024-08-13T07:00:00+02:00,15.586
2024-08-13T19:00:00+02:00,15.56
2024-08-14T07:00:00+02:00,15.568
2024-08-14T19:00:00+02:00,15.57
2024-08-15T07:00:00+02:00,15.571
2024-08-15T19:00:00+02:00,15.562
2024-08-16T07:00:00+02:00,15.565
2024-08-16T19:00:00+02:00,15.572
2024-08-17T07:00:00+02:00,15.586
2024-08-17T19:00:00+02:00,15.588
2024-08-18T07:00:00+02:00,15.581
2024-08-18T19:00:00+02:00,15.551
2024-08-19T07:00:00+02:00,15.568
2024-08-19T19:00:00+02:00,15.563
2024-08-20T07:00:00+02:00,15.575
2024-08-20T19:00:00+02:00,15.567
2024-08-21T07:00:00+02:00,15.564
2024-08-21T19:00:00+02:00,15.572
2024-08-22T07:00:00+02:00,15.575
2024-08-22T19:00:00+02:00,15.557
2024-08-23T07:00:00+02:00,15.57
2024-08-23T19:00:00+02:00,15.546
2024-08-24T07:00:00+02:00,15.563
2024-08-24T19:00:00+02:00,15.555
2024-08-25T07:00:00+02:00,15.539
2024-08-25T19:00:00+02:00,15.557
2024-08-26T07:00:00+02:00,15.555
2024-08-26T19:00:00+02:00,15.55
2024-08-27T07:00:00+02:00,15.55
2024-08-27T19:00:00+02:00,15.545
2024-08-28T07:00:00+02:00,15.558
2024-08-28T19:00:00+02:00,15.52
2024-08-29T07:00:00+02:00,15.549
2024-08-29T19:00:00+02:00,15.523
2024-08-30T07:00:00+02:00,15.521
2024-08-30T19:00:00+02:00,15.536
2024-08-31T07:00:00+02:00,15.547
2024-08-31T19:00:00+02:00,15.545
2024-09-01T07:00:00+02:00,15.564
2024-09-01T19:00:00+02:00,15.545
2024-09-02T07:00:00+02:00,15.547
2024-09-02T19:00:00+02:00,15.572
2024-09-03T07:00:00+02:00,15.57
2024-09-03T19:00:00+02:00,15.593
2024-09-04T07:00:00+02:00,15.575
2024-09-04T19:00:00+02:00,15.591
2024-09-05T07:00:00+02:00,15.598
2024-09-05T19:00:00+02:00,15.569
2024-09-06T07:00:00+02:00,15.579
2024-09-06T19:00:00+02:00,15.575
2024-09-07T07:00:00+02:00,15.583
2024-09-07T19:00:00+02:00,15.573
2024-09-08T07:00:00+02:00,15.582
2024-09-08T19:00:00+02:00,15.592
2024-09-09T07:00:00+02:00,15.586
2024-09-09T19:00:00+02:00,15.557
2024-09-10T07:00:00+02:00,15.581
2024-09-10T19:00:00+02:00,15.593
2024-09-11T07:00:00+02:00,15.606
2024-09-11T19:00:00+02:00,15.617
2024-09-12T07:00:00+02:00,15.609
2024-09-12T19:00:00+02:00,15.598
2024-09-13T07:00:00+02:00,15.59
2024-09-13T19:00:00+02:00,15.579
2024-09-14T07:00:00+02:00,15.592
2024-09-14T19:00:00+02:00,15.581
2024-09-15T07:00:00+02:00,15.601
2024-09-15T19:00:00+02:00,15.592
2024-09-16T07:00:00+02:00,15.594
2024-09-16T19:00:00+02:00,15.588
2024-10-01T00:00:00+02:00,15.571
2024-10-01T12:00:00+02:00,15.561
2024-10-02T00:00:00+02:00,15.549
2024-10-02T12:00:00+02:00,15.533
2024-10-03T00:00:00+02:00,15.537
2024-10-03T12:00:00+02:00,15.524
2024-10-04T00:00:00+02:00,15.529
2024-10-04T12:00:00+02:00,15.526
2024-10-05T00:00:00+02:00,15.53
2024-10-05T12:00:00+02:00,15.53
2024-10-06T00:00:00+02:00,15.544
2024-10-06T12:00:00+02:00,15.553
2024-10-07T00:00:00+02:00,15.55
2024-10-07T12:00:00+02:00,15.526
2024-10-08T00:00:00+02:00,15.537
2024-10-08T12:00:00+02:00,15.54
2024-10-09T00:00:00+02:00,15.544
2024-10-09T12:00:00+02:00,15.55
2024-10-10T00:00:00+02:00,15.586
2024-10-10T12:00:00+02:00,15.571
2024-10-11T00:00:00+02:00,15.579
2024-10-11T12:00:00+02:00,15.572
2024-10-12T00:00:00+02:00,15.586
2024-10-12T12:00:00+02:00,15.598
2024-10-13T00:00:00+02:00,15.595
2024-10-13T12:00:00+02:00,15.564
2024-10-14T00:00:00+02:00,15.566
2024-10-14T12:00:00+02:00,15.583
2024-10-15T00:00:00+02:00,15.58
2024-10-15T12:00:00+02:00,15.58
2024-10-16T00:00:00+02:00,15.59
2024-10-16T12:00:00+02:00,15.578
2024-10-17T00:00:00+02:00,15.57
2024-10-17T12:00:00+02:00,15.39
2024-10-18T00:00:00+02:00,15.526
2024-10-18T12:00:00+02:00,15.533
2024-10-19T00:00:00+02:00,15.531
2024-10-19T12:00:00+02:00,15.527
2024-10-20T00:00:00+02:00,15.537
2024-10-20T12:00:00+02:00,15.546
2024-10-21T00:00:00+02:00,15.53
2024-10-21T12:00:00+02:00,15.521
2024-10-22T00:00:00+02:00,15.535
2024-10-22T12:00:00+02:00,15.536
2024-10-23T00:00:00+02:00,15.536
2024-10-23T12:00:00+02:00,15.542
2024-10-24T00:00:00+02:00,15.55
2024-10-24T12:00:00+02:00,15.553
2024-10-25T00:00:00+02:00,15.564
2024-10-25T12:00:00+02:00,15.552
2024-10-26T00:00:00+02:00,15.544
2024-10-26T12:00:00+02:00,15.548
2024-10-27T00:00:00+02:00,15.538
2024-10-27T12:00:00+01:00,15.521
2024-10-28T00:00:00+01:00,15.521
2024-10-28T12:00:00+01:00,15.525
2024-10-29T00:00:00+01:00,15.527
2024-10-29T12:00:00+01:00,15.546
2024-10-30T00:00:00+01:00,15.55
2024-10-30T12:00:00+01:00,15.547
2024-10-31T00:00:00+01:00,15.537
2024-10-31T12:00:00+01:00,15.538
2024-11-01T00:00:00+01:00,15.545
2024-11-01T12:00:00+01:00,15.546
2024-11-02T00:00:00+01:00,15.536
2024-11-02T12:00:00+01:00,15.537
2024-11-03T00:00:00+01:00,15.533
2024-11-03T12:00:00+01:00,15.541
2024-11-04T00:00:00+01:00,15.541
2024-11-04T12:00:00+01:00,15.552
2024-11-05T00:00:00+01:00,15.538
2024-11-05T12:00:00+01:00,15.539
2024-11-06T00:00:00+01:00,15.518
2024-11-06T12:00:00+01:00,15.507
2024-11-07T00:00:00+01:00,15.516
2024-11-07T12:00:00+01:00,15.521
2024-11-08T00:00:00+01:00,15.523
2024-11-08T12:00:00+01:00,15.532
2024-11-09T00:00:00+01:00,15.521
2024-11-09T12:00:00+01:00,15.515
2024-11-10T00:00:00+01:00,15.524
2024-11-10T12:00:00+01:00,15.522
2024-11-11T00:00:00+01:00,15.515
2024-11-11T12:00:00+01:00,15.521
2024-11-12T00:00:00+01:00,15.539
2024-11-12T12:00:00+01:00,15.537
2024-11-13T00:00:00+01:00,15.526
2024-11-13T12:00:00+01:00,15.536
2024-11-14T00:00:00+01:00,15.546
2024-11-14T12:00:00+01:00,15.534
2024-11-15T00:00:00+01:00,15.542
2024-11-15T12:00:00+01:00,15.548
2024-11-16T00:00:00+01:00,15.551
2024-11-16T12:00:00+01:00,15.557
2024-11-17T00:00:00+01:00,15.554
2024-11-17T12:00:00+01:00,15.545
2024-11-18T00:00:00+01:00,15.555
2024-11-18T12:00:00+01:00,15.569
2024-11-19T00:00:00+01:00,15.614
2024-11-19T12:00:00+01:00,15.628
2024-11-20T00:00:00+01:00,15.616
2024-11-20T12:00:00+01:00,15.647
2024-11-21T00:00:00+01:00,15.644
2024-11-21T12:00:00+01:00,15.654
2024-11-22T00:00:00+01:00,15.622
2024-11-22T12:00:00+01:00,15.601
2024-11-23T00:00:00+01:00,15.636
2024-11-23T12:00:00+01:00,15.698
2024-11-24T00:00:00+01:00,15.703
2024-11-24T12:00:00+01:00,15.708
2024-11-25T00:00:00+01:00,15.703
2024-11-25T12:00:00+01:00,15.669
2024-11-26T00:00:00+01:00,15.658
2024-11-26T12:00:00+01:00,15.665
2024-11-27T00:00:00+01:00,15.652
2024-11-27T12:00:00+01:00,15.697
2024-11-28T00:00:00+01:00,15.647
2024-11-28T12:00:00+01:00,15.648
2024-11-29T00:00:00+01:00,15.643
2024-11-29T12:00:00+01:00,15.652
2024-11-30T00:00:00+01:00,15.647
2024-11-30T12:00:00+01:00,15.648
2024-12-01T00:00:00+01:00,15.648
2024-12-01T12:00:00+01:00,15.662
2024-12-02T00:00:00+01:00,15.647
2024-12-02T12:00:00+01:00,15.655
2024-12-03T00:00:00+01:00,15.632
2024-12-03T12:00:00+01:00,15.634
2024-12-04T00:00:00+01:00,15.634
2024-12-04T12:00:00+01:00,15.623
2024-12-05T00:00:00+01:00,15.631
2024-12-05T12:00:00+01:00,15.671
2024-12-06T00:00:00+01:00,15.713
2024-12-06T12:00:00+01:00,15.679
2024-12-07T00:00:00+01:00,15.754
2024-12-07T12:00:00+01:00,15.758
2024-12-08T00:00:00+01:00,15.723
2024-12-08T12:00:00+01:00,15.685
2024-12-09T00:00:00+01:00,15.681
2024-12-09T12:00:00+01:00,15.683
2024-12-10T00:00:00+01:00,15.664
2024-12-10T12:00:00+01:00,15.666
2024-12-11T00:00:00+01:00,15.646
2024-12-11T12:00:00+01:00,15.649
2024-12-12T00:00:00+01:00,15.544
2024-12-12T12:00:00+01:00,15.55
2024-12-13T00:00:00+01:00,15.586
2024-12-13T12:00:00+01:00,15.532
2024-12-14T00:00:00+01:00,15.524
2024-12-14T12:00:00+01:00,15.505
2024-12-15T00:00:00+01:00,15.48
2024-12-15T12:00:00+01:00,15.486
2024-12-16T00:00:00+01:00,15.479
2024-12-16T12:00:00+01:00,15.48
2024-12-17T00:00:00+01:00,15.481
2024-12-17T12:00:00+01:00,15.489
2024-12-18T00:00:00+01:00,15.486
2024-12-18T12:00:00+01:00,15.499
2024-12-19T00:00:00+01:00,15.518
2024-12-19T12:00:00+01:00,15.475
2024-12-20T00:00:00+01:00,15.608
2024-12-20T12:00:00+01:00,15.642
2024-12-21T00:00:00+01:00,15.664
2024-12-21T12:00:00+01:00,15.669
2024-12-22T00:00:00+01:00,15.694
2024-12-22T12:00:00+01:00,15.691
2024-12-23T00:00:00+01:00,15.699
2024-12-23T12:00:00+01:00,15.698
2024-12-24T00:00:00+01:00,15.691
2024-12-24T12:00:00+01:00,15.692
2024-12-25T00:00:00+01:00,15.684
2024-12-25T12:00:00+01:00,15.683
2024-12-26T00:00:00+01:00,15.678
2024-12-26T12:00:00+01:00,15.684
2024-12-27T00:00:00+01:00,15.682
2024-12-27T12:00:00+01:00,15.683
2024-12-28T00:00:00+01:00,15.683
2024-12-28T12:00:00+01:00,15.673
2024-12-29T00:00:00+01:00,15.665
2024-12-29T12:00:00+01:00,15.667
2024-12-30T00:00:00+01:00,15.668
2024-12-30T12:00:00+01:00,15.671
2024-12-31T00:00:00+01:00,15.662
2024-12-31T12:00:00+01:00,15.681
2025-01-01T00:00:00+01:00,15.682
2025-01-01T12:00:00+01:00,15.694
2025-01-02T00:00:00+01:00,15.672
2025-01-02T12:00:00+01:00,15.696
2025-01-03T00:00:00+01:00,15.693
2025-01-03T12:00:00+01:00,15.694
2025-01-04T00:00:00+01:00,15.677
2025-01-04T12:00:00+01:00,15.7
2025-01-05T00:00:00+01:00,15.728
2025-01-05T12:00:00+01:00,15.75
2025-01-06T00:00:00+01:00,15.786
2025-01-06T12:00:00+01:00,15.834
2025-01-07T00:00:00+01:00,15.716
2025-01-07T12:00:00+01:00,15.581
2025-01-08T00:00:00+01:00,15.629
2025-01-08T12:00:00+01:00,15.626
2025-01-09T00:00:00+01:00,15.576
2025-01-09T12:00:00+01:00,15.558
2025-01-10T00:00:00+01:00,15.556
2025-01-10T12:00:00+01:00,15.556
2025-01-11T00:00:00+01:00,15.54
2025-01-11T12:00:00+01:00,15.524
2025-01-12T00:00:00+01:00,15.519
2025-01-12T12:00:00+01:00,15.597
2025-01-13T00:00:00+01:00,15.606
2025-01-13T12:00:00+01:00,15.621
2025-01-14T00:00:00+01:00,15.634
2025-01-14T12:00:00+01:00,15.63
2025-01-15T00:00:00+01:00,15.609
2025-01-15T12:00:00+01:00,15.609
2025-01-16T00:00:00+01:00,15.511
2025-01-16T12:00:00+01:00,15.597
2025-01-17T00:00:00+01:00,15.522
2025-01-17T12:00:00+01:00,15.508
2025-01-18T00:00:00+01:00,15.585
2025-01-18T12:00:00+01:00,15.573
2025-01-19T00:00:00+01:00,15.552
2025-01-19T12:00:00+01:00,15.562
2025-01-20T00:00:00+01:00,15.543
2025-01-20T12:00:00+01:00,15.532
2025-01-21T00:00:00+01:00,15.526
2025-01-21T12:00:00+01:00,15.526
2025-01-22T00:00:00+01:00,15.535
2025-01-22T12:00:00+01:00,15.542
2025-01-23T00:00:00+01:00,15.653
2025-01-23T12:00:00+01:00,15.66
2025-01-24T00:00:00+01:00,15.679
2025-01-24T12:00:00+01:00,15.697
2025-01-25T00:00:00+01:00,15.706
2025-01-25T12:00:00+01:00,15.714
2025-01-26T00:00:00+01:00,15.741
2025-01-26T12:00:00+01:00,15.659
2025-01-27T00:00:00+01:00,15.717
2025-01-27T12:00:00+01:00,15.692
2025-01-28T00:00:00+01:00,15.681
2025-01-28T12:00:00+01:00,15.683
2025-01-29T00:00:00+01:00,15.646
2025-01-29T12:00:00+01:00,15.614
2025-01-30T00:00:00+01:00,15.62
2025-01-30T12:00:00+01:00,15.617
2025-01-31T00:00:00+01:00,15.646
2025-01-31T12:00:00+01:00,15.644
2025-02-01T00:00:00+01:00,15.631
2025-02-01T12:00:00+01:00,15.63
2025-02-02T00:00:00+01:00,15.644
2025-02-02T12:00:00+01:00,15.623
2025-02-03T00:00:00+01:00,15.616
2025-02-03T12:00:00+01:00,15.605
2025-02-04T00:00:00+01:00,15.596
2025-02-04T12:00:00+01:00,15.59
2025-02-05T00:00:00+01:00,15.58
2025-02-05T12:00:00+01:00,15.561
2025-02-06T00:00:00+01:00,15.563
2025-02-06T12:00:00+01:00,15.565
2025-02-07T00:00:00+01:00,15.581
2025-02-07T12:00:00+01:00,15.596
2025-02-08T00:00:00+01:00,15.582
2025-02-08T12:00:00+01:00,15.561
2025-02-09T00:00:00+01:00,15.548
2025-02-09T12:00:00+01:00,15.545
2025-02-10T00:00:00+01:00,15.56
2025-02-10T12:00:00+01:00,15.586
2025-02-11T00:00:00+01:00,15.597
2025-02-11T12:00:00+01:00,15.6
2025-02-12T00:00:00+01:00,15.633
2025-02-12T12:00:00+01:00,15.625
2025-02-13T00:00:00+01:00,15.609
2025-02-13T12:00:00+01:00,15.593
2025-02-14T00:00:00+01:00,15.59
2025-02-14T12:00:00+01:00,15.57
2025-02-15T00:00:00+01:00,15.589
2025-02-15T12:00:00+01:00,15.597
2025-02-16T00:00:00+01:00,15.582
2025-02-16T12:00:00+01:00,15.579
2025-02-17T00:00:00+01:00,15.558
2025-02-17T12:00:00+01:00,15.552
2025-02-18T00:00:00+01:00,15.552
2025-02-18T12:00:00+01:00,15.54
2025-02-19T00:00:00+01:00,15.554
2025-02-19T12:00:00+01:00,15.553
2025-02-20T00:00:00+01:00,15.549
2025-02-20T12:00:00+01:00,15.544
2025-02-21T00:00:00+01:00,15.54
2025-02-21T12:00:00+01:00,15.569
2025-02-22T00:00:00+01:00,15.564
2025-02-22T12:00:00+01:00,15.566
2025-02-23T00:00:00+01:00,15.549
2025-02-23T12:00:00+01:00,15.578
2025-02-24T00:00:00+01:00,15.595
2025-02-24T12:00:00+01:00,15.599
2025-02-25T00:00:00+01:00,15.582
2025-02-25T12:00:00+01:00,15.547
2025-02-26T00:00:00+01:00,15.583
2025-02-26T12:00:00+01:00,15.639
2025-02-27T00:00:00+01:00,15.66
2025-02-27T12:00:00+01:00,15.632
2025-02-28T00:00:00+01:00,15.606
2025-02-28T12:00:00+01:00,15.622
2025-03-01T00:00:00+01:00,15.504
2025-03-01T12:00:00+01:00,15.469
2025-03-02T00:00:00+01:00,15.461
2025-03-02T12:00:00+01:00,15.482
2025-03-03T00:00:00+01:00,15.475
2025-03-03T12:00:00+01:00,15.464
2025-03-04T00:00:00+01:00,15.445
2025-03-04T12:00:00+01:00,15.442
2025-03-05T00:00:00+01:00,15.431
2025-03-05T12:00:00+01:00,15.501
2025-03-06T00:00:00+01:00,15.476
2025-03-06T12:00:00+01:00,15.471
2025-03-07T00:00:00+01:00,15.469
2025-03-07T12:00:00+01:00,15.462
2025-03-08T00:00:00+01:00,15.459
2025-03-08T12:00:00+01:00,15.466
2025-03-09T00:00:00+01:00,15.458
2025-03-09T12:00:00+01:00,15.467
2025-03-10T00:00:00+01:00,15.46
2025-03-10T12:00:00+01:00,15.452
2025-03-11T00:00:00+01:00,15.44
2025-03-11T12:00:00+01:00,15.432
2025-03-12T00:00:00+01:00,15.437
2025-03-12T12:00:00+01:00,15.433
2025-03-15T06:00:00+01:00,15.398
2025-03-15T18:00:00+01:00,15.406
2025-03-16T06:00:00+01:00,15.418
2025-03-16T18:00:00+01:00,15.415
2025-03-17T06:00:00+01:00,15.412
2025-03-17T18:00:00+01:00,15.449
2025-03-18T06:00:00+01:00,15.516
2025-03-18T18:00:00+01:00,15.533
2025-03-19T06:00:00+01:00,15.536
2025-03-19T18:00:00+01:00,15.545
2025-03-20T06:00:00+01:00,15.545
2025-03-20T18:00:00+01:00,15.551
2025-03-21T06:00:00+01:00,15.562
2025-03-21T18:00:00+01:00,15.564
2025-03-22T06:00:00+01:00,15.566
2025-03-22T18:00:00+01:00,15.566
2025-03-23T06:00:00+01:00,15.561
2025-03-23T18:00:00+01:00,15.55
2025-03-24T06:00:00+01:00,15.544
2025-03-24T18:00:00+01:00,15.534
2025-03-25T06:00:00+01:00,15.535
2025-03-25T18:00:00+01:00,15.526
2025-03-26T06:00:00+01:00,15.53
2025-03-26T18:00:00+01:00,15.531
2025-03-27T06:00:00+01:00,15.54
2025-03-27T18:00:00+01:00,15.54
2025-04-02T06:00:00+02:00,15.547
2025-04-02T18:00:00+02:00,15.554
2025-04-03T06:00:00+02:00,15.548
2025-04-03T18:00:00+02:00,15.545
2025-04-04T06:00:00+02:00,15.546
2025-04-04T18:00:00+02:00,15.549
2025-04-05T06:00:00+02:00,15.551
2025-04-05T18:00:00+02:00,15.545
2025-04-06T06:00:00+02:00,15.535
2025-04-06T18:00:00+02:00,15.541
2025-04-07T06:00:00+02:00,15.533
2025-04-07T18:00:00+02:00,15.531
2025-04-08T06:00:00+02:00,15.53
2025-04-08T18:00:00+02:00,15.519
2025-04-09T06:00:00+02:00,15.52
2025-04-09T18:00:00+02:00,15.52
2025-04-10T06:00:00+02:00,15.519
2025-04-10T18:00:00+02:00,15.518
2025-04-11T06:00:00+02:00,15.53
2025-04-11T18:00:00+02:00,15.523
2025-04-12T06:00:00+02:00,15.531
2025-04-12T18:00:00+02:00,15.539
2025-04-13T06:00:00+02:00,15.543
2025-04-13T18:00:00+02:00,15.536
2025-04-14T06:00:00+02:00,15.532
2025-04-14T18:00:00+02:00,15.507
2025-04-15T06:00:00+02:00,15.515
2025-04-15T18:00:00+02:00,15.504
2025-04-16T06:00:00+02:00,15.493
2025-04-16T18:00:00+02:00,15.498
2025-04-17T06:00:00+02:00,15.497
2025-04-17T18:00:00+02:00,15.509
2025-04-18T06:00:00+02:00,15.509
2025-04-18T18:00:00+02:00,15.514
2025-04-19T06:00:00+02:00,15.507
2025-04-19T18:00:00+02:00,15.507
2025-04-20T06:00:00+02:00,15.516
2025-04-20T18:00:00+02:00,15.51
2025-04-21T06:00:00+02:00,15.53
2025-04-21T18:00:00+02:00,15.529
2025-04-22T06:00:00+02:00,15.518
2025-04-22T18:00:00+02:00,15.509
2025-04-23T06:00:00+02:00,15.519
2025-04-23T18:00:00+02:00,15.526
2025-04-24T06:00:00+02:00,15.526
2025-04-24T18:00:00+02:00,15.563
2025-04-25T06:00:00+02:00,15.557
2025-04-25T18:00:00+02:00,15.559
2025-04-26T06:00:00+02:00,15.548
2025-04-26T18:00:00+02:00,15.553
2025-04-27T06:00:00+02:00,15.537
2025-04-27T18:00:00+02:00,15.534
2025-04-28T06:00:00+02:00,15.527
2025-04-28T18:00:00+02:00,15.514
2025-04-29T06:00:00+02:00,15.51
2025-04-29T18:00:00+02:00,15.498
2025-04-30T06:00:00+02:00,15.503
2025-04-30T18:00:00+02:00,15.499
2025-05-01T06:00:00+02:00,15.498
2025-05-01T18:00:00+02:00,15.481
2025-05-02T06:00:00+02:00,15.48
2025-05-02T18:00:00+02:00,15.466
2025-05-03T06:00:00+02:00,15.462
2025-05-03T18:00:00+02:00,15.449
2025-05-04T06:00:00+02:00,15.447
2025-05-04T18:00:00+02:00,15.443
2025-05-05T06:00:00+02:00,15.441
2025-05-05T18:00:00+02:00,15.431
2025-05-06T06:00:00+02:00,15.432
2025-05-06T18:00:00+02:00,15.422
2025-05-07T06:00:00+02:00,15.422
2025-05-07T18:00:00+02:00,15.422
2025-05-08T06:00:00+02:00,15.424
2025-05-08T18:00:00+02:00,15.404
2025-05-09T06:00:00+02:00,15.401
2025-05-09T18:00:00+02:00,15.394
2025-05-10T06:00:00+02:00,15.393
2025-05-10T18:00:00+02:00,15.379
2025-05-11T06:00:00+02:00,15.388
2025-05-11T18:00:00+02:00,15.386
2025-05-12T06:00:00+02:00,15.385
2025-05-12T18:00:00+02:00,15.363
2025-05-13T06:00:00+02:00,15.36
2025-05-13T18:00:00+02:00,15.342
2025-05-14T06:00:00+02:00,15.347
2025-05-14T18:00:00+02:00,15.335
2025-05-15T06:00:00+02:00,15.339
2025-05-15T18:00:00+02:00,15.329
2025-05-16T06:00:00+02:00,15.334
2025-05-16T18:00:00+02:00,15.324
2025-05-17T06:00:00+02:00,15.332
2025-05-17T18:00:00+02:00,15.319
2025-05-18T06:00:00+02:00,15.334
2025-05-18T18:00:00+02:00,15.323
2025-05-19T06:00:00+02:00,15.33
2025-05-19T18:00:00+02:00,15.314
2025-05-20T06:00:00+02:00,15.32
2025-05-20T18:00:00+02:00,15.305
2025-05-21T06:00:00+02:00,15.317
2025-05-21T18:00:00+02:00,15.299
2025-05-22T06:00:00+02:00,15.307
2025-05-22T18:00:00+02:00,15.295
2025-05-23T06:00:00+02:00,15.31
2025-05-23T18:00:00+02:00,15.303
2025-05-24T06:00:00+02:00,15.322
2025-05-24T18:00:00+02:00,15.343
2025-05-25T06:00:00+02:00,15.362
2025-05-25T18:00:00+02:00,15.387
2025-05-26T06:00:00+02:00,15.385
2025-05-26T18:00:00+02:00,15.378
2025-05-27T06:00:00+02:00,15.383
2025-05-27T18:00:00+02:00,15.383
2025-05-28T06:00:00+02:00,15.412
2025-05-28T18:00:00+02:00,15.43
2025-05-29T06:00:00+02:00,15.435
2025-05-29T18:00:00+02:00,15.436
2025-05-30T06:00:00+02:00,15.435
2025-05-30T18:00:00+02:00,15.411
2025-05-31T06:00:00+02:00,15.408
2025-05-31T18:00:00+02:00,15.397
2025-06-01T06:00:00+02:00,15.425
2025-06-01T18:00:00+02:00,15.439
2025-06-02T06:00:00+02:00,15.438
2025-06-02T18:00:00+02:00,15.43
2025-06-03T06:00:00+02:00,15.416
2025-06-03T18:00:00+02:00,15.398
2025-06-04T06:00:00+02:00,15.41
2025-06-04T18:00:00+02:00,15.392
2025-06-05T06:00:00+02:00,15.387
2025-06-05T18:00:00+02:00,15.392
2025-06-06T06:00:00+02:00,15.407
2025-06-06T18:00:00+02:00,15.423
2025-06-07T06:00:00+02:00,15.433
2025-06-07T18:00:00+02:00,15.43
2025-06-08T06:00:00+02:00,15.448
2025-06-08T18:00:00+02:00,15.44
2025-06-09T06:00:00+02:00,15.441
2025-06-09T18:00:00+02:00,15.438
2025-06-10T06:00:00+02:00,15.447
2025-06-10T18:00:00+02:00,15.428
2025-06-11T06:00:00+02:00,15.424
2025-06-11T18:00:00+02:00,15.407
2025-06-12T06:00:00+02:00,15.402
2025-06-12T18:00:00+02:00,15.384
2025-06-13T06:00:00+02:00,15.381
2025-06-13T18:00:00+02:00,15.358
2025-06-14T06:00:00+02:00,15.363
2025-06-14T18:00:00+02:00,15.344
2025-06-15T06:00:00+02:00,15.35
2025-06-15T18:00:00+02:00,15.336
2025-06-16T06:00:00+02:00,15.349
2025-06-16T18:00:00+02:00,15.335
2025-06-17T06:00:00+02:00,15.328
2025-06-17T18:00:00+02:00,15.295
2025-06-18T06:00:00+02:00,15.304
2025-06-18T18:00:00+02:00,15.287
2025-06-19T06:00:00+02:00,15.292
2025-06-19T18:00:00+02:00,15.284
2025-06-20T06:00:00+02:00,15.289
2025-06-20T18:00:00+02:00,15.273
2025-06-21T06:00:00+02:00,15.279
2025-06-21T18:00:00+02:00,15.264
2025-06-22T06:00:00+02:00,15.273
2025-06-22T18:00:00+02:00,15.26
2025-06-23T06:00:00+02:00,15.269
2025-06-23T18:00:00+02:00,15.255
2025-06-24T06:00:00+02:00,15.264
2025-06-24T18:00:00+02:00,15.264
2025-06-25T06:00:00+02:00,15.266
2025-06-25T18:00:00+02:00,15.25
2025-06-26T06:00:00+02:00,15.261
2025-06-26T18:00:00+02:00,15.262
2025-06-27T06:00:00+02:00,15.288
2025-06-27T18:00:00+02:00,15.289
2025-06-28T06:00:00+02:00,15.272
2025-06-28T18:00:00+02:00,15.247
2025-06-29T06:00:00+02:00,15.251
2025-06-29T18:00:00+02:00,15.24
2025-06-30T06:00:00+02:00,15.262
2025-06-30T18:00:00+02:00,15.246
2025-07-01T06:00:00+02:00,15.244
2025-07-01T18:00:00+02:00,15.216
2025-07-02T06:00:00+02:00,15.219
2025-07-02T18:00:00+02:00,15.207
2025-07-03T06:00:00+02:00,15.233
2025-07-03T18:00:00+02:00,15.218
2025-07-04T06:00:00+02:00,15.227
2025-07-04T18:00:00+02:00,15.223
2025-07-05T06:00:00+02:00,15.235
2025-07-05T18:00:00+02:00,15.221
2025-07-06T06:00:00+02:00,15.241
2025-07-06T18:00:00+02:00,15.263
2025-07-07T06:00:00+02:00,15.29
2025-07-07T18:00:00+02:00,15.277
2025-07-08T06:00:00+02:00,15.275
2025-07-08T18:00:00+02:00,15.256
2025-07-09T06:00:00+02:00,15.275
2025-07-09T18:00:00+02:00,15.252
2025-07-10T06:00:00+02:00,15.251
2025-07-10T18:00:00+02:00,15.224
2025-07-11T06:00:00+02:00,15.226
2025-07-11T18:00:00+02:00,15.214
2025-07-12T06:00:00+02:00,15.25
2025-07-12T18:00:00+02:00,15.2
2025-07-13T06:00:00+02:00,15.229
2025-07-13T18:00:00+02:00,15.236
2025-07-14T06:00:00+02:00,15.231
2025-07-14T18:00:00+02:00,15.209
2025-07-15T06:00:00+02:00,15.215
2025-07-15T18:00:00+02:00,15.202
2025-07-16T06:00:00+02:00,15.23
2025-07-16T18:00:00+02:00,15.227
2025-07-17T06:00:00+02:00,15.227
2025-07-17T18:00:00+02:00,15.23
2025-07-18T06:00:00+02:00,15.232
2025-07-18T18:00:00+02:00,15.206
2025-07-19T06:00:00+02:00,15.216
2025-07-19T18:00:00+02:00,15.202
2025-07-20T06:00:00+02:00,15.217
2025-07-20T18:00:00+02:00,15.235
2025-07-21T06:00:00+02:00,15.24
2025-07-21T18:00:00+02:00,15.255
2025-07-22T06:00:00+02:00,15.28
2025-07-22T18:00:00+02:00,15.275
2025-07-23T06:00:00+02:00,15.283
2025-07-23T18:00:00+02:00,15.27
2025-07-24T06:00:00+02:00,15.276
2025-07-24T18:00:00+02:00,15.263
2025-07-25T06:00:00+02:00,15.266
2025-07-25T18:00:00+02:00,15.272
2025-07-26T06:00:00+02:00,15.287
2025-07-26T18:00:00+02:00,15.261
2025-07-27T06:00:00+02:00,15.268
2025-07-27T18:00:00+02:00,15.268
2025-07-28T06:00:00+02:00,15.286
2025-07-28T18:00:00+02:00,15.267
2025-07-29T06:00:00+02:00,15.289
2025-07-29T18:00:00+02:00,15.268
2025-07-30T06:00:00+02:00,15.268
2025-07-30T18:00:00+02:00,15.26
2025-07-31T06:00:00+02:00,15.274
2025-07-31T18:00:00+02:00,15.269
2025-08-01T06:00:00+02:00,15.282
2025-08-01T18:00:00+02:00,15.315
2025-08-02T06:00:00+02:00,15.323
2025-08-02T18:00:00+02:00,15.339
2025-08-03T06:00:00+02:00,15.347
2025-08-03T18:00:00+02:00,15.335
2025-08-04T06:00:00+02:00,15.316
2025-08-04T18:00:00+02:00,15.319
2025-08-05T06:00:00+02:00,15.314
2025-08-05T18:00:00+02:00,15.284
2025-08-06T06:00:00+02:00,15.268
2025-08-06T18:00:00+02:00,15.266
2025-08-07T06:00:00+02:00,15.283
2025-08-07T18:00:00+02:00,15.265
2025-08-08T06:00:00+02:00,15.254
2025-08-08T18:00:00+02:00,15.236
2025-08-09T06:00:00+02:00,15.248
2025-08-09T18:00:00+02:00,15.229
2025-08-10T06:00:00+02:00,15.228
2025-08-10T18:00:00+02:00,15.219
2025-08-11T06:00:00+02:00,15.223
2025-08-11T18:00:00+02:00,15.211
2025-08-12T06:00:00+02:00,15.206
2025-08-12T18:00:00+02:00,15.186
2025-08-13T06:00:00+02:00,15.198
2025-08-13T18:00:00+02:00,15.179
2025-08-14T06:00:00+02:00,15.185
2025-08-14T18:00:00+02:00,15.161
2025-08-15T06:00:00+02:00,15.165
2025-08-15T18:00:00+02:00,15.146
2025-08-16T06:00:00+02:00,15.148
2025-08-16T18:00:00+02:00,15.135
2025-08-17T06:00:00+02:00,15.178
2025-08-17T18:00:00+02:00,15.173
2025-08-18T06:00:00+02:00,15.17
2025-08-18T18:00:00+02:00,15.154
2025-08-19T06:00:00+02:00,15.174
2025-08-19T18:00:00+02:00,15.15
2025-08-20T06:00:00+02:00,15.146
2025-08-20T18:00:00+02:00,15.132
2025-08-21T06:00:00+02:00,15.139
2025-08-21T18:00:00+02:00,15.115
2025-08-22T06:00:00+02:00,15.139
2025-08-22T18:00:00+02:00,15.136
2025-08-23T06:00:00+02:00,15.155
2025-08-23T18:00:00+02:00,15.136
2025-08-24T06:00:00+02:00,15.136
2025-08-24T18:00:00+02:00,15.129
2025-08-25T06:00:00+02:00,15.146
2025-08-25T18:00:00+02:00,15.134
2025-08-26T06:00:00+02:00,15.152
2025-08-26T18:00:00+02:00,15.126
2025-08-27T06:00:00+02:00,15.136
2025-08-27T18:00:00+02:00,15.123
2025-08-28T06:00:00+02:00,15.14
2025-08-28T18:00:00+02:00,15.131
2025-08-29T06:00:00+02:00,15.142
2025-08-29T18:00:00+02:00,15.132
2025-08-30T06:00:00+02:00,15.149
2025-08-30T18:00:00+02:00,15.141
2025-08-31T06:00:00+02:00,15.142
2025-08-31T18:00:00+02:00,15.133
2025-09-01T06:00:00+02:00,15.146
2025-09-01T18:00:00+02:00,15.148
2021-03-17T10:26:00+01:00,15.58
2021-09-20T09:36:00+02:00,15.44
2022-03-17T13:07:00+01:00,15.53
2022-06-08T07:39:00+02:00,15.46
2022-09-15T14:29:00+02:00,15.33
2023-03-13T13:38:00+01:00,15.63
2023-09-18T11:08:00+02:00,15.5
2024-03-12T14:44:00+01:00,15.71
2024-09-18T11:21:00+02:00,15.55
2025-03-13T12:44:00+01:00,15.44
2021-01-01T00:00:00+01:00,15.469
2021-01-01T12:00:00+01:00,15.467
2021-09-20T01:00:00+02:00,15.467
2022-03-17T18:00:00+01:00,15.518
2022-04-01T07:00:00+02:00,15.498
2022-04-01T19:00:00+02:00,15.507
2022-04-07T07:00:00+02:00,15.6
2022-04-07T19:00:00+02:00,15.574
2022-04-12T07:00:00+02:00,15.535
2022-04-12T19:00:00+02:00,15.526
2022-06-02T07:00:00+02:00,15.295
2022-06-02T19:00:00+02:00,15.284
2022-07-29T07:00:00+02:00,15.308
2022-07-29T19:00:00+02:00,15.303
2022-08-29T07:00:00+02:00,15.201
2022-08-29T19:00:00+02:00,15.183
2023-09-17T07:00:00+02:00,15.498
2023-09-17T19:00:00+02:00,15.51
2023-09-18T07:00:00+02:00,15.518
2023-09-18T13:00:00+02:00,15.534
2023-09-19T01:00:00+02:00,15.523
2023-09-19T13:00:00+02:00,15.533
2023-09-20T01:00:00+02:00,15.516
2023-09-20T13:00:00+02:00,15.517
2023-09-21T01:00:00+02:00,15.518
2023-09-21T13:00:00+02:00,15.504
2024-09-17T07:00:00+02:00,15.593
2024-09-17T19:00:00+02:00,15.59
2024-09-18T07:00:00+02:00,15.586
2025-03-13T00:00:00+01:00,15.481
2025-03-13T12:00:00+01:00,15.43
2025-03-13T18:00:00+01:00,15.418
2025-03-28T06:00:00+01:00,15.548
2025-03-28T18:00:00+01:00,15.545
2025-03-29T06:00:00+01:00,15.528
2025-03-29T18:00:00+01:00,15.536
2025-03-30T06:00:00+02:00,15.545
2025-03-30T18:00:00+02:00,15.527
2025-03-31T06:00:00+02:00,15.519
2025-03-31T18:00:00+02:00,15.535
2025-04-01T06:00:00+02:00,15.538
2025-04-01T18:00:00+02:00,15.543
