date,water_level_nap_m
2021-01-08T06:00:00+01:00,16.984
2021-01-08T18:00:00+01:00,16.979
2021-01-09T06:00:00+01:00,16.979
2021-01-09T18:00:00+01:00,16.983
2021-01-10T06:00:00+01:00,16.991
2021-01-10T18:00:00+01:00,16.998
2021-01-11T06:00:00+01:00,17.006
2021-01-11T18:00:00+01:00,17.016
2021-01-12T06:00:00+01:00,17.035
2021-01-12T18:00:00+01:00,17.025
2021-01-13T06:00:00+01:00,17.047
2021-01-13T18:00:00+01:00,17.06
2021-01-14T06:00:00+01:00,17.057
2021-01-14T18:00:00+01:00,17.059
2021-01-15T06:00:00+01:00,17.037
2021-01-15T18:00:00+01:00,17.041
2021-01-16T06:00:00+01:00,17.061
2021-01-16T18:00:00+01:00,17.076
2021-01-17T06:00:00+01:00,17.068
2021-01-17T18:00:00+01:00,17.045
2021-01-18T06:00:00+01:00,17.064
2021-01-18T18:00:00+01:00,17.068
2021-01-19T06:00:00+01:00,17.098
2021-01-19T18:00:00+01:00,17.098
2021-01-20T06:00:00+01:00,17.126
2021-01-20T18:00:00+01:00,17.127
2021-01-21T06:00:00+01:00,17.103
2021-01-21T18:00:00+01:00,17.132
2021-01-22T06:00:00+01:00,17.134
2021-01-22T18:00:00+01:00,17.137
2021-01-23T06:00:00+01:00,17.157
2021-01-23T18:00:00+01:00,17.16
2021-01-24T06:00:00+01:00,17.152
2021-01-24T18:00:00+01:00,17.187
2021-01-25T06:00:00+01:00,17.175
2021-01-25T18:00:00+01:00,17.175
2021-01-26T06:00:00+01:00,17.168
2021-01-26T18:00:00+01:00,17.181
2021-01-27T06:00:00+01:00,17.208
2021-01-27T18:00:00+01:00,17.19
2021-01-28T06:00:00+01:00,17.229
2021-01-28T18:00:00+01:00,17.249
2021-01-29T06:00:00+01:00,17.298
2021-01-29T18:00:00+01:00,17.314
2021-01-30T06:00:00+01:00,17.325
2021-01-30T18:00:00+01:00,17.316
2021-01-31T06:00:00+01:00,17.31
2021-01-31T18:00:00+01:00,17.33
2021-02-01T06:00:00+01:00,17.311
2021-02-01T18:00:00+01:00,17.27
2021-02-02T06:00:00+01:00,17.284
2021-02-02T18:00:00+01:00,17.297
2021-02-03T06:00:00+01:00,17.331
2021-02-03T18:00:00+01:00,17.361
2021-02-04T06:00:00+01:00,17.397
2021-02-04T18:00:00+01:00,17.41
2021-02-05T06:00:00+01:00,17.42
2021-02-05T18:00:00+01:00,17.404
2021-02-06T06:00:00+01:00,17.399
2021-02-06T18:00:00+01:00,17.4
2021-02-08T06:00:00+01:00,17.417
2021-02-08T18:00:00+01:00,17.395
2021-02-09T06:00:00+01:00,17.373
2021-02-09T18:00:00+01:00,17.364
2021-02-10T06:00:00+01:00,17.35
2021-02-10T18:00:00+01:00,17.316
2021-02-11T06:00:00+01:00,17.297
2021-02-11T18:00:00+01:00,17.291
2021-02-12T06:00:00+01:00,17.286
2021-02-12T18:00:00+01:00,17.274
2021-02-13T06:00:00+01:00,17.262
2021-02-13T18:00:00+01:00,17.258
2021-02-14T06:00:00+01:00,17.263
2021-02-14T18:00:00+01:00,17.275
2021-02-15T06:00:00+01:00,17.279
2021-02-15T18:00:00+01:00,17.274
2021-02-16T06:00:00+01:00,17.307
2021-02-16T18:00:00+01:00,17.347
2021-02-17T06:00:00+01:00,17.34
2021-02-17T18:00:00+01:00,17.348
2021-02-18T06:00:00+01:00,17.367
2021-02-18T18:00:00+01:00,17.366
2021-02-19T06:00:00+01:00,17.356
2021-02-19T18:00:00+01:00,17.372
2021-02-20T06:00:00+01:00,17.344
2021-02-20T18:00:00+01:00,17.343
2021-02-21T06:00:00+01:00,17.333
2021-02-21T18:00:00+01:00,17.322
2021-02-22T06:00:00+01:00,17.313
2021-02-22T18:00:00+01:00,17.287
2021-02-23T06:00:00+01:00,17.279
2021-02-23T18:00:00+01:00,17.269
2021-02-24T06:00:00+01:00,17.276
2021-02-24T18:00:00+01:00,17.276
2021-02-25T06:00:00+01:00,17.27
2021-02-25T18:00:00+01:00,17.248
2021-02-26T06:00:00+01:00,17.255
2021-02-26T18:00:00+01:00,17.251
2021-02-27T06:00:00+01:00,17.25
2021-02-27T18:00:00+01:00,17.246
2021-02-28T06:00:00+01:00,17.251
2021-02-28T18:00:00+01:00,17.254
2021-03-01T06:00:00+01:00,17.253
2021-03-01T18:00:00+01:00,17.258
2021-03-02T06:00:00+01:00,17.253
2021-03-02T18:00:00+01:00,17.247
2021-03-03T06:00:00+01:00,17.25
2021-03-03T18:00:00+01:00,17.248
2021-03-04T06:00:00+01:00,17.258
2021-03-04T18:00:00+01:00,17.25
2021-03-05T06:00:00+01:00,17.234
2021-03-05T18:00:00+01:00,17.225
2021-03-06T06:00:00+01:00,17.225
2021-03-06T18:00:00+01:00,17.232
2021-03-07T06:00:00+01:00,17.235
2021-03-07T18:00:00+01:00,17.228
2021-03-08T06:00:00+01:00,17.223
2021-03-08T18:00:00+01:00,17.229
2021-03-09T06:00:00+01:00,17.236
2021-03-09T18:00:00+01:00,17.209
2021-03-10T06:00:00+01:00,17.217
2021-03-10T18:00:00+01:00,17.24
2021-03-11T06:00:00+01:00,17.265
2021-03-11T18:00:00+01:00,17.238
2021-03-12T06:00:00+01:00,17.212
2021-03-12T18:00:00+01:00,17.23
2021-03-13T06:00:00+01:00,17.277
2021-03-13T18:00:00+01:00,17.253
2021-04-01T07:00:00+02:00,17.233
2021-04-01T19:00:00+02:00,17.228
2021-04-02T07:00:00+02:00,17.219
2021-04-02T19:00:00+02:00,17.218
2021-04-03T07:00:00+02:00,17.203
2021-04-03T19:00:00+02:00,17.202
2021-04-04T07:00:00+02:00,17.211
2021-04-04T19:00:00+02:00,17.227
2021-04-05T07:00:00+02:00,17.248
2021-04-05T19:00:00+02:00,17.204
2021-04-06T07:00:00+02:00,17.197
2021-04-06T19:00:00+02:00,17.211
2021-04-07T07:00:00+02:00,17.215
2021-04-07T19:00:00+02:00,17.208
2021-04-08T07:00:00+02:00,17.215
2021-04-08T19:00:00+02:00,17.242
2021-04-09T07:00:00+02:00,17.251
2021-04-09T19:00:00+02:00,17.253
2021-04-10T07:00:00+02:00,17.239
2021-04-10T19:00:00+02:00,17.261
2021-04-11T07:00:00+02:00,17.26
2021-04-11T19:00:00+02:00,17.262
2021-04-12T07:00:00+02:00,17.256
2021-04-12T19:00:00+02:00,17.255
2021-04-13T07:00:00+02:00,17.253
2021-04-13T19:00:00+02:00,17.259
2021-04-14T07:00:00+02:00,17.258
2021-04-14T19:00:00+02:00,17.262
2021-04-15T07:00:00+02:00,17.252
2021-04-15T19:00:00+02:00,17.258
2021-04-16T07:00:00+02:00,17.252
2021-04-16T19:00:00+02:00,17.253
2021-04-17T07:00:00+02:00,17.245
2021-04-17T19:00:00+02:00,17.25
2021-04-18T07:00:00+02:00,17.247
2021-04-18T19:00:00+02:00,17.243
2021-04-19T07:00:00+02:00,17.239
2021-04-19T19:00:00+02:00,17.237
2021-04-20T07:00:00+02:00,17.238
2021-04-20T19:00:00+02:00,17.244
2021-04-21T07:00:00+02:00,17.234
2021-04-21T19:00:00+02:00,17.222
2021-04-22T07:00:00+02:00,17.205
2021-04-22T19:00:00+02:00,17.202
2021-04-23T07:00:00+02:00,17.189
2021-04-23T19:00:00+02:00,17.2
2021-04-24T07:00:00+02:00,17.201
2021-04-24T19:00:00+02:00,17.213
2021-04-25T07:00:00+02:00,17.193
2021-04-25T19:00:00+02:00,17.205
2021-04-26T07:00:00+02:00,17.205
2021-04-26T19:00:00+02:00,17.211
2021-04-27T07:00:00+02:00,17.198
2021-04-27T19:00:00+02:00,17.2
2021-04-28T07:00:00+02:00,17.198
2021-04-28T19:00:00+02:00,17.202
2021-04-29T07:00:00+02:00,17.194
2021-04-29T19:00:00+02:00,17.176
2021-04-30T07:00:00+02:00,17.175
2021-04-30T19:00:00+02:00,17.175
2021-05-01T07:00:00+02:00,17.176
2021-05-01T19:00:00+02:00,17.165
2021-05-02T07:00:00+02:00,17.153
2021-05-02T19:00:00+02:00,17.151
2021-05-03T07:00:00+02:00,17.161
2021-05-03T19:00:00+02:00,17.191
2021-05-04T07:00:00+02:00,17.208
2021-05-04T19:00:00+02:00,17.176
2021-05-05T07:00:00+02:00,17.166
2021-05-05T19:00:00+02:00,17.167
2021-05-06T07:00:00+02:00,17.175
2021-05-06T19:00:00+02:00,17.176
2021-05-07T07:00:00+02:00,17.149
2021-05-07T19:00:00+02:00,17.152
2021-05-08T07:00:00+02:00,17.171
2021-05-08T19:00:00+02:00,17.187
2021-05-09T07:00:00+02:00,17.195
2021-05-09T19:00:00+02:00,17.196
2021-05-10T07:00:00+02:00,17.166
2021-05-10T19:00:00+02:00,17.175
2021-05-11T07:00:00+02:00,17.172
2021-05-11T19:00:00+02:00,17.168
2021-05-12T07:00:00+02:00,17.162
2021-05-12T19:00:00+02:00,17.159
2021-05-13T07:00:00+02:00,17.17
2021-05-13T19:00:00+02:00,17.164
2021-05-14T07:00:00+02:00,17.16
2021-05-14T19:00:00+02:00,17.157
2021-05-15T07:00:00+02:00,17.157
2021-05-15T19:00:00+02:00,17.17
2021-05-16T07:00:00+02:00,17.156
2021-05-16T19:00:00+02:00,17.159
2021-05-17T07:00:00+02:00,17.149
2021-05-17T19:00:00+02:00,17.127
2021-05-18T07:00:00+02:00,17.132
2021-05-18T19:00:00+02:00,17.128
2021-05-19T07:00:00+02:00,17.13
2021-05-19T19:00:00+02:00,17.124
2021-05-20T07:00:00+02:00,17.127
2021-05-20T19:00:00+02:00,17.158
2021-05-21T07:00:00+02:00,17.172
2021-05-21T19:00:00+02:00,17.172
2021-05-22T07:00:00+02:00,17.161
2021-05-22T19:00:00+02:00,17.137
2021-05-23T07:00:00+02:00,17.139
2021-05-23T19:00:00+02:00,17.148
2021-05-24T07:00:00+02:00,17.164
2021-05-24T19:00:00+02:00,17.158
2021-05-25T07:00:00+02:00,17.159
2021-05-25T19:00:00+02:00,17.157
2021-05-26T07:00:00+02:00,17.172
2021-05-26T19:00:00+02:00,17.155
2021-05-27T07:00:00+02:00,17.158
2021-05-27T19:00:00+02:00,17.147
2021-05-28T07:00:00+02:00,17.144
2021-05-28T19:00:00+02:00,17.147
2021-05-29T07:00:00+02:00,17.142
2021-05-29T19:00:00+02:00,17.137
2021-05-30T07:00:00+02:00,17.138
2021-05-30T19:00:00+02:00,17.141
2021-05-31T07:00:00+02:00,17.137
2021-05-31T19:00:00+02:00,17.137
2021-06-01T07:00:00+02:00,17.135
2021-06-01T19:00:00+02:00,17.13
2021-06-02T07:00:00+02:00,17.127
2021-06-02T19:00:00+02:00,17.117
2021-06-03T07:00:00+02:00,17.109
2021-06-03T19:00:00+02:00,17.098
2021-06-04T07:00:00+02:00,17.101
2021-06-04T19:00:00+02:00,17.106
2021-06-05T07:00:00+02:00,17.136
2021-06-05T19:00:00+02:00,17.148
2021-06-06T07:00:00+02:00,17.154
2021-06-06T19:00:00+02:00,17.164
2021-06-07T07:00:00+02:00,17.159
2021-06-07T19:00:00+02:00,17.148
2021-06-08T07:00:00+02:00,17.145
2021-06-08T19:00:00+02:00,17.139
2021-06-09T07:00:00+02:00,17.146
2021-06-09T19:00:00+02:00,17.126
2021-06-10T07:00:00+02:00,17.13
2021-06-10T19:00:00+02:00,17.121
2021-06-11T07:00:00+02:00,17.118
2021-06-11T19:00:00+02:00,17.103
2021-06-12T07:00:00+02:00,17.103
2021-06-12T19:00:00+02:00,17.086
2021-06-13T07:00:00+02:00,17.081
2021-06-13T19:00:00+02:00,17.085
2021-06-14T07:00:00+02:00,17.088
2021-06-14T19:00:00+02:00,17.075
2021-06-15T07:00:00+02:00,17.07
2021-06-15T19:00:00+02:00,17.066
2021-06-16T07:00:00+02:00,17.075
2021-06-16T19:00:00+02:00,17.059
2021-06-17T07:00:00+02:00,17.065
2021-06-17T19:00:00+02:00,17.034
2021-06-18T07:00:00+02:00,17.039
2021-06-18T19:00:00+02:00,17.034
2021-06-19T07:00:00+02:00,17.029
2021-06-19T19:00:00+02:00,17.037
2021-06-20T07:00:00+02:00,17.038
2021-06-20T19:00:00+02:00,17.039
2021-06-21T07:00:00+02:00,17.039
2021-06-21T19:00:00+02:00,17.053
2021-06-22T07:00:00+02:00,17.065
2021-06-22T19:00:00+02:00,17.071
2021-06-23T07:00:00+02:00,17.085
2021-06-23T19:00:00+02:00,17.09
2021-06-24T07:00:00+02:00,17.102
2021-06-24T19:00:00+02:00,17.106
2021-06-25T07:00:00+02:00,17.107
2021-06-25T19:00:00+02:00,17.097
2021-06-26T07:00:00+02:00,17.1
2021-06-26T19:00:00+02:00,17.094
2021-06-27T07:00:00+02:00,17.1
2021-06-27T19:00:00+02:00,17.084
2021-06-28T07:00:00+02:00,17.105
2021-06-28T19:00:00+02:00,17.105
2021-06-29T07:00:00+02:00,17.101
2021-06-29T19:00:00+02:00,17.095
2021-06-30T07:00:00+02:00,17.098
2021-06-30T19:00:00+02:00,17.103
2021-07-01T07:00:00+02:00,17.13
2021-07-01T19:00:00+02:00,17.141
2021-07-02T07:00:00+02:00,17.148
2021-07-02T19:00:00+02:00,17.149
2021-07-03T07:00:00+02:00,17.163
2021-07-03T19:00:00+02:00,17.15
2021-07-04T07:00:00+02:00,17.169
2021-07-04T19:00:00+02:00,17.172
2021-07-05T07:00:00+02:00,17.191
2021-07-05T19:00:00+02:00,17.198
2021-07-06T07:00:00+02:00,17.214
2021-07-06T19:00:00+02:00,17.192
2021-07-07T07:00:00+02:00,17.187
2021-07-07T19:00:00+02:00,17.176
2021-07-08T07:00:00+02:00,17.178
2021-07-08T19:00:00+02:00,17.169
2021-07-09T07:00:00+02:00,17.175
2021-07-09T19:00:00+02:00,17.17
2021-07-10T07:00:00+02:00,17.17
2021-07-10T19:00:00+02:00,17.158
2021-07-11T07:00:00+02:00,17.172
2021-07-11T19:00:00+02:00,17.176
2021-07-12T07:00:00+02:00,17.191
2021-07-12T19:00:00+02:00,17.178
2021-07-13T07:00:00+02:00,17.17
2021-07-13T19:00:00+02:00,17.17
2021-07-14T07:00:00+02:00,17.167
2021-07-14T19:00:00+02:00,17.171
2021-07-15T07:00:00+02:00,17.18
2021-07-15T19:00:00+02:00,17.281
2021-07-16T07:00:00+02:00,17.323
2021-07-16T19:00:00+02:00,17.339
2021-07-17T07:00:00+02:00,17.343
2021-07-17T19:00:00+02:00,17.329
2021-07-18T07:00:00+02:00,17.335
2021-07-18T19:00:00+02:00,17.313
2021-07-19T07:00:00+02:00,17.317
2021-07-19T19:00:00+02:00,17.303
2021-07-20T07:00:00+02:00,17.285
2021-07-20T19:00:00+02:00,17.264
2021-07-21T07:00:00+02:00,17.255
2021-07-21T19:00:00+02:00,17.24
2021-07-22T07:00:00+02:00,17.233
2021-07-22T19:00:00+02:00,17.226
2021-07-23T07:00:00+02:00,17.232
2021-07-23T19:00:00+02:00,17.232
2021-07-24T07:00:00+02:00,17.227
2021-07-24T19:00:00+02:00,17.222
2021-07-25T07:00:00+02:00,17.234
2021-07-25T19:00:00+02:00,17.219
2021-07-26T07:00:00+02:00,17.224
2021-07-26T19:00:00+02:00,17.207
2021-07-27T07:00:00+02:00,17.209
2021-07-27T19:00:00+02:00,17.208
2021-07-28T07:00:00+02:00,17.205
2021-07-28T19:00:00+02:00,17.192
2021-07-29T07:00:00+02:00,17.187
2021-07-29T19:00:00+02:00,17.175
2021-07-30T07:00:00+02:00,17.187
2021-07-30T19:00:00+02:00,17.176
2021-07-31T07:00:00+02:00,17.163
2021-07-31T19:00:00+02:00,17.153
2021-08-01T07:00:00+02:00,17.155
2021-08-01T19:00:00+02:00,17.15
2021-08-02T07:00:00+02:00,17.151
2021-08-02T19:00:00+02:00,17.142
2021-08-03T07:00:00+02:00,17.15
2021-08-03T19:00:00+02:00,17.142
2021-08-04T07:00:00+02:00,17.137
2021-08-04T19:00:00+02:00,17.134
2021-08-05T07:00:00+02:00,17.138
2021-08-05T19:00:00+02:00,17.139
2021-08-06T07:00:00+02:00,17.132
2021-08-06T19:00:00+02:00,17.123
2021-08-07T07:00:00+02:00,17.137
2021-08-07T19:00:00+02:00,17.126
2021-08-08T07:00:00+02:00,17.112
2021-08-08T19:00:00+02:00,17.096
2021-08-09T07:00:00+02:00,17.104
2021-08-09T19:00:00+02:00,17.098
2021-08-10T07:00:00+02:00,17.094
2021-08-10T19:00:00+02:00,17.095
2021-08-11T07:00:00+02:00,17.09
2021-08-11T19:00:00+02:00,17.089
2021-08-12T07:00:00+02:00,17.091
2021-08-12T19:00:00+02:00,17.087
2021-08-13T07:00:00+02:00,17.081
2021-08-13T19:00:00+02:00,17.074
2021-08-14T07:00:00+02:00,17.08
2021-08-14T19:00:00+02:00,17.078
2021-08-15T07:00:00+02:00,17.081
2021-08-15T19:00:00+02:00,17.08
2021-08-16T07:00:00+02:00,17.076
2021-08-16T19:00:00+02:00,17.058
2021-08-17T07:00:00+02:00,17.058
2021-08-17T19:00:00+02:00,17.07
2021-08-18T07:00:00+02:00,17.066
2021-08-18T19:00:00+02:00,17.069
2021-08-19T07:00:00+02:00,17.066
2021-08-19T19:00:00+02:00,17.061
2021-08-20T07:00:00+02:00,17.057
2021-08-20T19:00:00+02:00,17.043
2021-08-21T07:00:00+02:00,17.05
2021-08-21T19:00:00+02:00,17.053
2021-08-22T07:00:00+02:00,17.048
2021-08-22T19:00:00+02:00,17.037
2021-08-23T07:00:00+02:00,17.024
2021-08-23T19:00:00+02:00,17.039
2021-08-24T07:00:00+02:00,17.041
2021-08-24T19:00:00+02:00,17.041
2021-08-25T07:00:00+02:00,17.051
2021-08-25T19:00:00+02:00,17.051
2021-08-26T07:00:00+02:00,17.062
2021-08-26T19:00:00+02:00,17.05
2021-08-27T07:00:00+02:00,17.044
2021-08-27T19:00:00+02:00,17.039
2021-08-28T07:00:00+02:00,17.036
2021-08-28T19:00:00+02:00,17.024
2021-08-29T07:00:00+02:00,17.037
2021-08-29T19:00:00+02:00,17.04
2021-08-30T07:00:00+02:00,17.036
2021-08-30T19:00:00+02:00,17.028
2021-08-31T07:00:00+02:00,17.025
2021-08-31T19:00:00+02:00,17.015
2021-09-01T07:00:00+02:00,17.018
2021-09-01T19:00:00+02:00,17.014
2021-09-02T07:00:00+02:00,17.017
2021-09-02T19:00:00+02:00,17.019
2021-09-03T07:00:00+02:00,17.014
2021-09-03T19:00:00+02:00,17.012
2021-09-04T07:00:00+02:00,17.01
2021-09-04T19:00:00+02:00,17.004
2021-09-05T07:00:00+02:00,16.999
2021-09-05T19:00:00+02:00,16.987
2021-09-06T07:00:00+02:00,16.986
2021-09-06T19:00:00+02:00,16.982
2021-09-07T07:00:00+02:00,16.982
2021-09-07T19:00:00+02:00,16.98
2021-09-08T07:00:00+02:00,16.988
2021-09-08T19:00:00+02:00,16.985
2021-09-09T07:00:00+02:00,16.988
2021-09-09T19:00:00+02:00,16.973
2021-09-10T07:00:00+02:00,16.966
2021-09-10T19:00:00+02:00,16.967
2021-09-11T07:00:00+02:00,16.964
2021-09-11T19:00:00+02:00,16.961
2021-09-12T07:00:00+02:00,16.962
2021-09-12T19:00:00+02:00,16.96
2021-09-13T07:00:00+02:00,16.96
2021-09-13T19:00:00+02:00,16.954
2021-09-14T07:00:00+02:00,16.964
2021-09-14T19:00:00+02:00,16.964
2021-09-15T07:00:00+02:00,16.959
2021-09-15T19:00:00+02:00,16.947
2021-09-16T07:00:00+02:00,16.95
2021-09-16T19:00:00+02:00,16.942
2021-09-17T07:00:00+02:00,16.944
2021-09-17T19:00:00+02:00,16.936
2021-09-18T07:00:00+02:00,16.929
2021-09-18T19:00:00+02:00,16.931
2021-09-19T07:00:00+02:00,16.933
2021-09-19T19:00:00+02:00,16.92
2021-09-20T07:00:00+02:00,16.915
2021-09-20T19:00:00+02:00,16.893
2021-09-21T07:00:00+02:00,16.891
2021-09-21T19:00:00+02:00,16.895
2021-09-22T07:00:00+02:00,16.896
2021-09-22T19:00:00+02:00,16.905
2021-09-23T07:00:00+02:00,16.919
2021-09-23T19:00:00+02:00,16.904
2021-09-24T07:00:00+02:00,16.908
2021-09-24T19:00:00+02:00,16.899
2021-09-25T07:00:00+02:00,16.9
2021-09-25T19:00:00+02:00,16.893
2021-09-26T07:00:00+02:00,16.896
2021-09-26T19:00:00+02:00,16.887
2021-09-27T07:00:00+02:00,16.902
2021-09-27T19:00:00+02:00,16.87
2021-09-28T07:00:00+02:00,16.875
2021-09-28T19:00:00+02:00,16.885
2021-09-29T07:00:00+02:00,16.894
2021-09-29T19:00:00+02:00,16.859
2021-09-30T07:00:00+02:00,16.87
2021-09-30T19:00:00+02:00,16.878
2021-10-01T07:00:00+02:00,16.894
2021-10-01T19:00:00+02:00,16.878
2021-10-02T07:00:00+02:00,16.882
2021-10-02T19:00:00+02:00,16.922
2021-10-03T07:00:00+02:00,16.909
2021-10-03T19:00:00+02:00,16.866
2021-10-04T07:00:00+02:00,16.886
2021-10-04T19:00:00+02:00,16.895
2021-10-05T07:00:00+02:00,16.923
2021-10-05T19:00:00+02:00,16.914
2021-10-06T07:00:00+02:00,16.906
2021-10-06T19:00:00+02:00,16.892
2021-10-07T07:00:00+02:00,16.907
2021-10-07T19:00:00+02:00,16.914
2021-10-08T07:00:00+02:00,16.923
2021-10-08T19:00:00+02:00,16.934
2021-10-09T07:00:00+02:00,16.944
2021-10-09T19:00:00+02:00,16.946
2021-10-10T07:00:00+02:00,16.954
2021-10-10T19:00:00+02:00,16.95
2021-10-11T07:00:00+02:00,16.955
2021-10-11T19:00:00+02:00,16.955
2021-10-12T07:00:00+02:00,16.969
2021-10-12T19:00:00+02:00,16.95
2021-10-13T07:00:00+02:00,16.963
2021-10-13T19:00:00+02:00,16.964
2021-10-14T07:00:00+02:00,16.976
2021-10-14T19:00:00+02:00,16.979
2021-10-15T07:00:00+02:00,16.984
2021-10-15T19:00:00+02:00,16.96
2021-10-16T07:00:00+02:00,16.971
2021-10-16T19:00:00+02:00,16.972
2021-10-17T07:00:00+02:00,16.978
2021-10-17T19:00:00+02:00,16.97
2021-10-18T07:00:00+02:00,16.972
2021-10-18T19:00:00+02:00,16.976
2021-10-19T07:00:00+02:00,16.978
2021-10-19T19:00:00+02:00,16.983
2021-10-20T07:00:00+02:00,17.007
2021-10-20T19:00:00+02:00,17.005
2021-10-21T07:00:00+02:00,16.939
2021-10-21T19:00:00+02:00,16.959
2021-10-22T07:00:00+02:00,16.983
2021-10-22T19:00:00+02:00,16.969
2021-10-23T07:00:00+02:00,16.98
2021-10-23T19:00:00+02:00,16.992
2021-10-24T07:00:00+02:00,17.012
2021-10-24T19:00:00+02:00,17.015
2021-10-25T07:00:00+02:00,17.017
2021-10-25T19:00:00+02:00,17.012
2021-10-26T07:00:00+02:00,17.003
2021-10-26T19:00:00+02:00,17.003
2021-10-27T07:00:00+02:00,17.009
2021-10-27T19:00:00+02:00,17.012
2021-10-28T07:00:00+02:00,17.024
2021-10-28T19:00:00+02:00,17.025
2021-10-29T07:00:00+02:00,17.029
2021-10-29T19:00:00+02:00,17.009
2021-10-30T07:00:00+02:00,17.033
2021-10-30T19:00:00+02:00,17.011
2021-10-31T06:00:00+01:00,17.027
2021-10-31T18:00:00+01:00,17.036
2021-11-01T06:00:00+01:00,17.037
2021-11-01T18:00:00+01:00,17.04
2021-11-02T06:00:00+01:00,17.054
2021-11-02T18:00:00+01:00,17.046
2021-11-03T06:00:00+01:00,17.058
2021-11-03T18:00:00+01:00,17.049
2021-11-04T06:00:00+01:00,17.05
2021-11-04T18:00:00+01:00,17.034
2021-11-05T06:00:00+01:00,17.029
2021-11-05T18:00:00+01:00,17.022
2021-11-06T06:00:00+01:00,17.036
2021-11-06T18:00:00+01:00,17.057
2021-11-07T06:00:00+01:00,17.056
2021-11-07T18:00:00+01:00,17.042
2021-11-08T06:00:00+01:00,17.031
2021-11-08T18:00:00+01:00,17.029
2021-11-09T06:00:00+01:00,17.028
2021-11-09T18:00:00+01:00,17.033
2021-11-10T06:00:00+01:00,17.031
2021-11-10T18:00:00+01:00,17.03
2021-11-11T06:00:00+01:00,17.028
2021-11-11T18:00:00+01:00,17.025
2021-11-12T06:00:00+01:00,17.041
2021-11-12T18:00:00+01:00,17.043
2021-11-13T06:00:00+01:00,17.035
2021-11-13T18:00:00+01:00,17.025
2021-11-14T06:00:00+01:00,17.025
2021-11-14T18:00:00+01:00,17.028
2021-11-15T06:00:00+01:00,17.031
2021-11-15T18:00:00+01:00,17.032
2021-11-16T06:00:00+01:00,17.038
2021-11-16T18:00:00+01:00,17.041
2021-11-17T06:00:00+01:00,17.047
2021-11-17T18:00:00+01:00,17.021
2021-11-18T06:00:00+01:00,17.028
2021-11-18T18:00:00+01:00,17.021
2021-11-19T06:00:00+01:00,17.023
2021-11-19T18:00:00+01:00,17.014
2021-11-20T06:00:00+01:00,17.026
2021-11-20T18:00:00+01:00,17.04
2021-11-21T06:00:00+01:00,17.041
2021-11-21T18:00:00+01:00,17.014
2021-11-22T06:00:00+01:00,16.995
2021-11-22T18:00:00+01:00,16.994
2021-11-23T06:00:00+01:00,17.0
2021-11-23T18:00:00+01:00,17.002
2021-11-24T06:00:00+01:00,17.009
2021-11-24T18:00:00+01:00,17.021
2021-11-25T06:00:00+01:00,17.02
2021-11-25T18:00:00+01:00,17.014
2021-11-26T06:00:00+01:00,17.041
2021-11-26T18:00:00+01:00,17.054
2021-11-27T06:00:00+01:00,17.028
2021-11-27T18:00:00+01:00,17.016
2021-11-28T06:00:00+01:00,17.016
2021-11-28T18:00:00+01:00,17.009
2021-11-29T06:00:00+01:00,17.009
2021-11-29T18:00:00+01:00,17.002
2021-11-30T06:00:00+01:00,17.033
2021-11-30T18:00:00+01:00,17.036
2021-12-01T06:00:00+01:00,17.079
2021-12-01T18:00:00+01:00,17.05
2021-12-02T06:00:00+01:00,17.065
2021-12-02T18:00:00+01:00,17.052
2021-12-03T06:00:00+01:00,17.07
2021-12-03T18:00:00+01:00,17.091
2021-12-04T06:00:00+01:00,17.097
2021-12-04T18:00:00+01:00,17.082
2021-12-05T06:00:00+01:00,17.092
2021-12-05T18:00:00+01:00,17.073
2021-12-06T06:00:00+01:00,17.078
2021-12-06T18:00:00+01:00,17.11
2021-12-07T06:00:00+01:00,17.086
2021-12-07T18:00:00+01:00,17.143
2021-12-08T06:00:00+01:00,17.119
2021-12-08T18:00:00+01:00,17.119
2021-12-09T06:00:00+01:00,17.116
2021-12-09T18:00:00+01:00,17.118
2021-12-10T06:00:00+01:00,17.147
2021-12-10T18:00:00+01:00,17.095
2021-12-11T06:00:00+01:00,17.094
2021-12-11T18:00:00+01:00,17.083
2021-12-12T06:00:00+01:00,17.1
2021-12-12T18:00:00+01:00,17.097
2021-12-13T06:00:00+01:00,17.1
2021-12-13T18:00:00+01:00,17.104
2021-12-14T06:00:00+01:00,17.108
2021-12-14T18:00:00+01:00,17.099
2021-12-15T06:00:00+01:00,17.102
2021-12-15T18:00:00+01:00,17.1
2021-12-16T06:00:00+01:00,17.1
2021-12-16T18:00:00+01:00,17.092
2021-12-17T06:00:00+01:00,17.102
2021-12-17T18:00:00+01:00,17.093
2021-12-18T06:00:00+01:00,17.093
2021-12-18T18:00:00+01:00,17.096
2021-12-19T06:00:00+01:00,17.099
2021-12-19T18:00:00+01:00,17.107
2021-12-20T06:00:00+01:00,17.102
2021-12-20T18:00:00+01:00,17.095
2021-12-21T06:00:00+01:00,17.093
2021-12-21T18:00:00+01:00,17.09
2021-12-22T06:00:00+01:00,17.09
2021-12-22T18:00:00+01:00,17.1
2021-12-23T06:00:00+01:00,17.108
2021-12-23T18:00:00+01:00,17.103
2021-12-24T06:00:00+01:00,17.1
2021-12-24T18:00:00+01:00,17.1
2021-12-25T06:00:00+01:00,17.081
2021-12-25T18:00:00+01:00,17.089
2021-12-26T06:00:00+01:00,17.1
2021-12-26T18:00:00+01:00,17.103
2021-12-27T06:00:00+01:00,17.107
2021-12-27T18:00:00+01:00,17.114
2021-12-28T06:00:00+01:00,17.119
2021-12-28T18:00:00+01:00,17.107
2021-12-29T06:00:00+01:00,17.111
2021-12-29T18:00:00+01:00,17.133
2021-12-30T06:00:00+01:00,17.138
2021-12-30T18:00:00+01:00,17.142
2021-12-31T06:00:00+01:00,17.159
2021-12-31T18:00:00+01:00,17.144
2022-01-01T06:00:00+01:00,17.157
2022-01-01T18:00:00+01:00,17.168
2022-01-02T06:00:00+01:00,17.185
2022-01-02T18:00:00+01:00,17.18
2022-01-03T06:00:00+01:00,17.18
2022-01-03T18:00:00+01:00,17.188
2022-01-04T06:00:00+01:00,17.195
2022-01-04T18:00:00+01:00,17.176
2022-01-05T06:00:00+01:00,17.164
2022-01-05T18:00:00+01:00,17.146
2022-01-06T06:00:00+01:00,17.15
2022-01-06T18:00:00+01:00,17.153
2022-01-07T06:00:00+01:00,17.173
2022-01-07T18:00:00+01:00,17.173
2022-01-08T06:00:00+01:00,17.165
2022-01-08T18:00:00+01:00,17.225
2022-01-09T06:00:00+01:00,17.179
2022-01-09T18:00:00+01:00,17.189
2022-01-10T06:00:00+01:00,17.186
2022-01-10T18:00:00+01:00,17.177
2022-01-11T06:00:00+01:00,17.195
2022-01-11T18:00:00+01:00,17.19
2022-01-12T06:00:00+01:00,17.188
2022-01-12T18:00:00+01:00,17.185
2022-01-13T06:00:00+01:00,17.191
2022-01-13T18:00:00+01:00,17.18
2022-01-14T06:00:00+01:00,17.188
2022-01-14T18:00:00+01:00,17.189
2022-01-15T06:00:00+01:00,17.2
2022-01-15T18:00:00+01:00,17.204
2022-01-16T06:00:00+01:00,17.194
2022-01-16T18:00:00+01:00,17.181
2022-01-17T06:00:00+01:00,17.177
2022-01-17T18:00:00+01:00,17.158
2022-01-18T06:00:00+01:00,17.159
2022-01-18T18:00:00+01:00,17.174
2022-01-19T06:00:00+01:00,17.177
2022-01-19T18:00:00+01:00,17.17
2022-01-20T06:00:00+01:00,17.152
2022-01-20T18:00:00+01:00,17.145
2022-01-21T06:00:00+01:00,17.139
2022-01-21T18:00:00+01:00,17.14
2022-01-22T06:00:00+01:00,17.142
2022-01-22T18:00:00+01:00,17.138
2022-01-23T06:00:00+01:00,17.135
2022-01-23T18:00:00+01:00,17.129
2022-01-24T06:00:00+01:00,17.133
2022-01-24T18:00:00+01:00,17.126
2022-01-25T06:00:00+01:00,17.121
2022-01-25T18:00:00+01:00,17.126
2022-01-26T06:00:00+01:00,17.131
2022-01-26T18:00:00+01:00,17.128
2022-01-27T06:00:00+01:00,17.144
2022-01-27T18:00:00+01:00,17.117
2022-01-28T06:00:00+01:00,17.11
2022-01-28T18:00:00+01:00,17.121
2022-01-29T06:00:00+01:00,17.136
2022-01-29T18:00:00+01:00,17.108
2022-01-30T06:00:00+01:00,17.099
2022-01-30T18:00:00+01:00,17.124
2022-01-31T06:00:00+01:00,17.145
2022-01-31T18:00:00+01:00,17.099
2022-02-01T06:00:00+01:00,17.134
2022-02-01T18:00:00+01:00,17.128
2022-02-02T06:00:00+01:00,17.126
2022-02-02T18:00:00+01:00,17.126
2022-02-03T06:00:00+01:00,17.148
2022-02-03T18:00:00+01:00,17.143
2022-02-04T06:00:00+01:00,17.15
2022-02-04T18:00:00+01:00,17.114
2022-02-05T06:00:00+01:00,17.12
2022-02-05T18:00:00+01:00,17.141
2022-02-06T06:00:00+01:00,17.171
2022-02-06T18:00:00+01:00,17.17
2022-02-07T06:00:00+01:00,17.179
2022-02-07T18:00:00+01:00,17.212
2022-02-08T06:00:00+01:00,17.228
2022-02-08T18:00:00+01:00,17.224
2022-02-09T06:00:00+01:00,17.243
2022-02-09T18:00:00+01:00,17.246
2022-02-10T06:00:00+01:00,17.249
2022-02-10T18:00:00+01:00,17.236
2022-02-11T06:00:00+01:00,17.222
2022-02-11T18:00:00+01:00,17.216
2022-02-12T06:00:00+01:00,17.233
2022-02-12T18:00:00+01:00,17.242
2022-02-13T06:00:00+01:00,17.244
2022-02-13T18:00:00+01:00,17.257
2022-02-14T06:00:00+01:00,17.252
2022-02-14T18:00:00+01:00,17.215
2022-02-15T06:00:00+01:00,17.205
2022-02-15T18:00:00+01:00,17.221
2022-02-16T06:00:00+01:00,17.26
2022-02-16T18:00:00+01:00,17.27
2022-02-17T06:00:00+01:00,17.244
2022-02-17T18:00:00+01:00,17.254
2022-02-18T06:00:00+01:00,17.301
2022-02-18T18:00:00+01:00,17.262
2022-02-19T06:00:00+01:00,17.241
2022-02-19T18:00:00+01:00,17.286
2022-02-20T06:00:00+01:00,17.307
2022-02-20T18:00:00+01:00,17.337
2022-02-21T06:00:00+01:00,17.372
2022-02-21T18:00:00+01:00,17.372
2022-02-22T06:00:00+01:00,17.399
2022-02-22T18:00:00+01:00,17.401
2022-02-23T06:00:00+01:00,17.4
2022-02-23T18:00:00+01:00,17.418
2022-02-24T06:00:00+01:00,17.429
2022-02-24T18:00:00+01:00,17.39
2022-02-25T06:00:00+01:00,17.386
2022-02-25T18:00:00+01:00,17.351
2022-02-26T06:00:00+01:00,17.354
2022-02-26T18:00:00+01:00,17.357
2022-02-27T06:00:00+01:00,17.353
2022-02-27T18:00:00+01:00,17.346
2022-02-28T06:00:00+01:00,17.336
2022-02-28T18:00:00+01:00,17.331
2022-03-01T06:00:00+01:00,17.328
2022-03-01T18:00:00+01:00,17.321
2022-03-02T06:00:00+01:00,17.324
2022-03-02T18:00:00+01:00,17.317
2022-03-03T06:00:00+01:00,17.317
2022-03-03T18:00:00+01:00,17.307
2022-03-04T06:00:00+01:00,17.296
2022-03-04T18:00:00+01:00,17.292
2022-03-05T06:00:00+01:00,17.287
2022-03-05T18:00:00+01:00,17.277
2022-03-06T06:00:00+01:00,17.264
2022-03-06T18:00:00+01:00,17.247
2022-03-07T06:00:00+01:00,17.246
2022-03-07T18:00:00+01:00,17.258
2022-03-08T06:00:00+01:00,17.254
2022-03-08T18:00:00+01:00,17.248
2022-03-09T06:00:00+01:00,17.241
2022-03-09T18:00:00+01:00,17.226
2022-03-10T06:00:00+01:00,17.232
2022-03-10T18:00:00+01:00,17.243
2022-03-11T06:00:00+01:00,17.254
2022-03-11T18:00:00+01:00,17.238
2022-03-12T06:00:00+01:00,17.225
2022-03-12T18:00:00+01:00,17.226
2022-03-13T06:00:00+01:00,17.229
2022-03-13T18:00:00+01:00,17.224
2022-03-14T06:00:00+01:00,17.197
2022-03-14T18:00:00+01:00,17.192
2022-03-15T06:00:00+01:00,17.205
2022-03-15T18:00:00+01:00,17.2
2022-03-16T06:00:00+01:00,17.197
2022-03-16T18:00:00+01:00,17.224
2022-03-17T06:00:00+01:00,17.18
2022-03-17T18:00:00+01:00,17.186
2022-03-18T06:00:00+01:00,17.175
2022-03-18T18:00:00+01:00,17.179
2022-03-19T06:00:00+01:00,17.183
2022-03-19T18:00:00+01:00,17.199
2022-03-20T06:00:00+01:00,17.215
2022-03-20T18:00:00+01:00,17.18
2022-03-21T06:00:00+01:00,17.175
2022-03-21T18:00:00+01:00,17.173
2022-03-22T06:00:00+01:00,17.171
2022-03-22T18:00:00+01:00,17.176
2022-03-23T06:00:00+01:00,17.168
2022-03-23T18:00:00+01:00,17.17
2022-03-24T06:00:00+01:00,17.166
2022-03-24T18:00:00+01:00,17.168
2022-03-25T06:00:00+01:00,17.164
2022-03-25T18:00:00+01:00,17.156
2022-03-26T06:00:00+01:00,17.149
2022-03-26T18:00:00+01:00,17.153
2022-03-27T07:00:00+02:00,17.154
2022-03-27T19:00:00+02:00,17.161
2022-03-28T07:00:00+02:00,17.167
2022-03-28T19:00:00+02:00,17.176
2022-03-29T07:00:00+02:00,17.179
2022-03-29T19:00:00+02:00,17.181
2022-03-30T07:00:00+02:00,17.177
2022-03-30T19:00:00+02:00,17.174
2022-03-31T07:00:00+02:00,17.171
2022-03-31T19:00:00+02:00,17.161
2022-04-01T07:00:00+02:00,17.137
2022-04-01T19:00:00+02:00,17.132
2022-04-02T07:00:00+02:00,17.125
2022-04-02T19:00:00+02:00,17.119
2022-04-03T07:00:00+02:00,17.118
2022-04-03T19:00:00+02:00,17.126
2022-04-04T07:00:00+02:00,17.157
2022-04-04T19:00:00+02:00,17.155
2022-04-05T07:00:00+02:00,17.155
2022-04-05T19:00:00+02:00,17.165
2022-04-06T07:00:00+02:00,17.178
2022-04-06T19:00:00+02:00,17.191
2022-04-07T07:00:00+02:00,17.232
2022-04-07T19:00:00+02:00,17.197
2022-04-08T07:00:00+02:00,17.199
2022-04-08T19:00:00+02:00,17.195
2022-04-09T07:00:00+02:00,17.168
2022-04-09T19:00:00+02:00,17.166
2022-04-10T07:00:00+02:00,17.164
2022-04-10T19:00:00+02:00,17.166
2022-04-11T07:00:00+02:00,17.175
2022-04-11T19:00:00+02:00,17.183
2022-04-12T07:00:00+02:00,17.188
2022-04-12T19:00:00+02:00,17.178
2022-04-13T07:00:00+02:00,17.161
2022-04-13T19:00:00+02:00,17.157
2022-04-14T07:00:00+02:00,17.155
2022-04-14T19:00:00+02:00,17.148
2022-04-15T07:00:00+02:00,17.14
2022-04-15T19:00:00+02:00,17.149
2022-04-16T07:00:00+02:00,17.139
2022-04-16T19:00:00+02:00,17.15
2022-04-17T07:00:00+02:00,17.148
2022-04-17T19:00:00+02:00,17.166
2022-04-18T07:00:00+02:00,17.158
2022-04-18T19:00:00+02:00,17.161
2022-04-19T07:00:00+02:00,17.151
2022-04-19T19:00:00+02:00,17.149
2022-04-20T07:00:00+02:00,17.139
2022-04-20T19:00:00+02:00,17.149
2022-04-21T07:00:00+02:00,17.143
2022-04-21T19:00:00+02:00,17.14
2022-04-22T07:00:00+02:00,17.136
2022-04-22T19:00:00+02:00,17.143
2022-04-23T07:00:00+02:00,17.128
2022-04-23T19:00:00+02:00,17.123
2022-04-24T07:00:00+02:00,17.114
2022-04-24T19:00:00+02:00,17.107
2022-04-25T07:00:00+02:00,17.101
2022-04-25T19:00:00+02:00,17.104
2022-04-26T07:00:00+02:00,17.096
2022-04-26T19:00:00+02:00,17.088
2022-04-27T07:00:00+02:00,17.08
2022-04-27T19:00:00+02:00,17.083
2022-04-28T07:00:00+02:00,17.079
2022-04-28T19:00:00+02:00,17.082
2022-04-29T07:00:00+02:00,17.08
2022-04-29T19:00:00+02:00,17.083
2022-04-30T07:00:00+02:00,17.078
2022-04-30T19:00:00+02:00,17.081
2022-05-01T07:00:00+02:00,17.077
2022-05-01T19:00:00+02:00,17.072
2022-05-02T07:00:00+02:00,17.076
2022-05-02T19:00:00+02:00,17.074
2022-05-03T07:00:00+02:00,17.064
2022-05-03T19:00:00+02:00,17.062
2022-05-04T07:00:00+02:00,17.062
2022-05-04T19:00:00+02:00,17.058
2022-05-05T07:00:00+02:00,17.047
2022-05-05T19:00:00+02:00,17.042
2022-05-06T07:00:00+02:00,17.039
2022-05-06T19:00:00+02:00,17.041
2022-05-07T07:00:00+02:00,17.032
2022-05-07T19:00:00+02:00,17.031
2022-05-08T07:00:00+02:00,17.02
2022-05-08T19:00:00+02:00,17.02
2022-05-09T07:00:00+02:00,17.023
2022-05-09T19:00:00+02:00,17.023
2022-05-10T07:00:00+02:00,17.025
2022-05-10T19:00:00+02:00,17.014
2022-05-11T07:00:00+02:00,17.016
2022-05-11T19:00:00+02:00,17.007
2022-05-12T07:00:00+02:00,16.986
2022-05-12T19:00:00+02:00,16.994
2022-05-13T07:00:00+02:00,16.992
2022-05-13T19:00:00+02:00,16.985
2022-05-14T07:00:00+02:00,16.983
2022-05-14T19:00:00+02:00,16.978
2022-05-15T07:00:00+02:00,16.98
2022-05-15T19:00:00+02:00,16.985
2022-05-16T07:00:00+02:00,16.974
2022-05-16T19:00:00+02:00,16.958
2022-05-17T07:00:00+02:00,16.959
2022-05-17T19:00:00+02:00,16.966
2022-05-18T07:00:00+02:00,16.949
2022-05-18T19:00:00+02:00,16.948
2022-05-19T07:00:00+02:00,16.964
2022-05-19T19:00:00+02:00,16.938
2022-05-20T07:00:00+02:00,16.954
2022-05-20T19:00:00+02:00,16.931
2022-05-21T07:00:00+02:00,16.942
2022-05-21T19:00:00+02:00,16.945
2022-05-22T07:00:00+02:00,16.953
2022-05-22T19:00:00+02:00,16.959
2022-05-23T07:00:00+02:00,16.974
2022-05-23T19:00:00+02:00,16.944
2022-05-24T07:00:00+02:00,16.939
2022-05-24T19:00:00+02:00,16.932
2022-05-25T07:00:00+02:00,16.933
2022-05-25T19:00:00+02:00,16.92
2022-05-26T07:00:00+02:00,16.922
2022-05-26T19:00:00+02:00,16.923
2022-05-27T07:00:00+02:00,16.93
2022-05-27T19:00:00+02:00,16.913
2022-05-28T07:00:00+02:00,16.916
2022-05-28T19:00:00+02:00,16.917
2022-05-29T07:00:00+02:00,16.928
2022-05-29T19:00:00+02:00,16.927
2022-05-30T07:00:00+02:00,16.919
2022-05-30T19:00:00+02:00,16.92
2022-05-31T07:00:00+02:00,16.924
2022-05-31T19:00:00+02:00,16.907
2022-06-01T07:00:00+02:00,16.912
2022-06-01T19:00:00+02:00,16.895
2022-06-02T07:00:00+02:00,16.892
2022-06-02T19:00:00+02:00,16.892
2022-06-03T07:00:00+02:00,16.901
2022-06-03T19:00:00+02:00,16.894
2022-06-04T07:00:00+02:00,16.884
2022-06-04T19:00:00+02:00,16.886
2022-06-05T07:00:00+02:00,16.896
2022-06-05T19:00:00+02:00,16.917
2022-06-06T07:00:00+02:00,16.96
2022-06-06T19:00:00+02:00,16.971
2022-06-07T07:00:00+02:00,16.992
2022-06-07T19:00:00+02:00,16.995
2022-06-08T07:00:00+02:00,17.018
2022-06-08T19:00:00+02:00,17.017
2022-06-09T07:00:00+02:00,17.006
2022-06-09T19:00:00+02:00,17.012
2022-06-10T07:00:00+02:00,17.029
2022-06-10T19:00:00+02:00,17.033
2022-06-11T07:00:00+02:00,17.031
2022-06-11T19:00:00+02:00,17.032
2022-06-12T07:00:00+02:00,17.037
2022-06-12T19:00:00+02:00,17.031
2022-06-13T07:00:00+02:00,17.027
2022-06-13T19:00:00+02:00,17.016
2022-06-14T07:00:00+02:00,17.022
2022-06-14T19:00:00+02:00,17.025
2022-06-15T07:00:00+02:00,17.017
2022-06-15T19:00:00+02:00,17.004
2022-06-16T07:00:00+02:00,16.991
2022-06-16T19:00:00+02:00,16.986
2022-06-17T07:00:00+02:00,16.99
2022-06-17T19:00:00+02:00,16.989
2022-06-18T07:00:00+02:00,16.978
2022-06-18T19:00:00+02:00,16.976
2022-06-19T07:00:00+02:00,16.964
2022-06-19T19:00:00+02:00,16.959
2022-06-21T07:00:00+02:00,16.945
2022-06-21T19:00:00+02:00,16.935
2022-06-22T07:00:00+02:00,16.924
2022-06-22T19:00:00+02:00,16.924
2022-06-23T07:00:00+02:00,16.912
2022-06-23T19:00:00+02:00,16.918
2022-06-24T07:00:00+02:00,16.924
2022-06-24T19:00:00+02:00,16.926
2022-06-25T07:00:00+02:00,16.926
2022-06-25T19:00:00+02:00,16.921
2022-06-26T07:00:00+02:00,16.927
2022-06-26T19:00:00+02:00,16.938
2022-06-27T07:00:00+02:00,16.932
2022-06-27T19:00:00+02:00,16.929
2022-06-28T07:00:00+02:00,16.941
2022-06-28T19:00:00+02:00,16.951
2022-06-29T07:00:00+02:00,16.964
2022-06-29T19:00:00+02:00,16.955
2022-06-30T07:00:00+02:00,16.949
2022-06-30T19:00:00+02:00,16.931
2022-07-01T07:00:00+02:00,16.94
2022-07-01T19:00:00+02:00,16.941
2022-07-02T07:00:00+02:00,16.946
2022-07-02T19:00:00+02:00,16.949
2022-07-03T07:00:00+02:00,16.948
2022-07-03T19:00:00+02:00,16.94
2022-07-04T07:00:00+02:00,16.943
2022-07-04T19:00:00+02:00,16.933
2022-07-05T07:00:00+02:00,16.924
2022-07-05T19:00:00+02:00,16.914
2022-07-06T07:00:00+02:00,16.911
2022-07-06T19:00:00+02:00,16.914
2022-07-07T07:00:00+02:00,16.905
2022-07-07T19:00:00+02:00,16.895
2022-07-08T07:00:00+02:00,16.893
2022-07-08T19:00:00+02:00,16.894
2022-07-09T07:00:00+02:00,16.897
2022-07-09T19:00:00+02:00,16.88
2022-07-10T07:00:00+02:00,16.884
2022-07-10T19:00:00+02:00,16.884
2022-07-11T07:00:00+02:00,16.877
2022-07-11T19:00:00+02:00,16.878
2022-07-12T07:00:00+02:00,16.864
2022-07-12T19:00:00+02:00,16.868
2022-07-13T07:00:00+02:00,16.869
2022-07-13T19:00:00+02:00,16.859
2022-07-14T07:00:00+02:00,16.855
2022-07-14T19:00:00+02:00,16.836
2022-07-15T07:00:00+02:00,16.839
2022-07-15T19:00:00+02:00,16.834
2022-07-16T07:00:00+02:00,16.829
2022-07-16T19:00:00+02:00,16.813
2022-07-17T07:00:00+02:00,16.82
2022-07-17T19:00:00+02:00,16.824
2022-07-18T07:00:00+02:00,16.826
2022-07-18T19:00:00+02:00,16.82
2022-07-19T07:00:00+02:00,16.812
2022-07-19T19:00:00+02:00,16.817
2022-07-20T07:00:00+02:00,16.791
2022-07-20T19:00:00+02:00,16.791
2022-07-21T07:00:00+02:00,16.8
2022-07-21T19:00:00+02:00,16.791
2022-07-22T07:00:00+02:00,16.801
2022-07-22T19:00:00+02:00,16.807
2022-07-23T07:00:00+02:00,16.796
2022-07-23T19:00:00+02:00,16.79
2022-07-24T07:00:00+02:00,16.791
2022-07-24T19:00:00+02:00,16.802
2022-07-25T07:00:00+02:00,16.799
2022-07-25T19:00:00+02:00,16.782
2022-07-26T07:00:00+02:00,16.777
2022-07-26T19:00:00+02:00,16.773
2022-07-27T07:00:00+02:00,16.776
2022-07-27T19:00:00+02:00,16.773
2022-07-28T07:00:00+02:00,16.772
2022-07-28T19:00:00+02:00,16.766
2022-07-29T07:00:00+02:00,16.762
2022-07-29T19:00:00+02:00,16.742
2022-07-30T07:00:00+02:00,16.75
2022-07-30T19:00:00+02:00,16.748
2022-07-31T07:00:00+02:00,16.755
2022-07-31T19:00:00+02:00,16.748
2022-08-01T07:00:00+02:00,16.746
2022-08-01T19:00:00+02:00,16.738
2022-08-02T07:00:00+02:00,16.749
2022-08-02T19:00:00+02:00,16.743
2022-08-03T07:00:00+02:00,16.736
2022-08-03T19:00:00+02:00,16.73
2022-08-04T07:00:00+02:00,16.734
2022-08-04T19:00:00+02:00,16.722
2022-08-05T07:00:00+02:00,16.717
2022-08-05T19:00:00+02:00,16.7
2022-08-06T07:00:00+02:00,16.704
2022-08-06T19:00:00+02:00,16.709
2022-08-07T07:00:00+02:00,16.708
2022-08-07T19:00:00+02:00,16.706
2022-08-08T07:00:00+02:00,16.7
2022-08-08T19:00:00+02:00,16.7
2022-08-09T07:00:00+02:00,16.69
2022-08-09T19:00:00+02:00,16.685
2022-08-10T07:00:00+02:00,16.692
2022-08-10T19:00:00+02:00,16.693
2022-08-11T07:00:00+02:00,16.686
2022-08-11T19:00:00+02:00,16.684
2022-08-12T07:00:00+02:00,16.678
2022-08-12T19:00:00+02:00,16.682
2022-08-13T07:00:00+02:00,16.672
2022-08-13T19:00:00+02:00,16.68
2022-08-14T07:00:00+02:00,16.685
2022-08-14T19:00:00+02:00,16.681
2022-08-15T07:00:00+02:00,16.665
2022-08-15T19:00:00+02:00,16.663
2022-08-16T07:00:00+02:00,16.66
2022-08-16T19:00:00+02:00,16.654
2022-08-17T07:00:00+02:00,16.645
2022-08-17T19:00:00+02:00,16.656
2022-08-18T07:00:00+02:00,16.653
2022-08-18T19:00:00+02:00,16.658
2022-08-19T07:00:00+02:00,16.652
2022-08-19T19:00:00+02:00,16.65
2022-08-20T07:00:00+02:00,16.647
2022-08-20T19:00:00+02:00,16.649
2022-08-21T07:00:00+02:00,16.651
2022-08-21T19:00:00+02:00,16.646
2022-08-22T07:00:00+02:00,16.645
2022-08-22T19:00:00+02:00,16.646
2022-08-23T07:00:00+02:00,16.63
2022-08-23T19:00:00+02:00,16.624
2022-08-24T07:00:00+02:00,16.627
2022-08-24T19:00:00+02:00,16.619
2022-08-25T07:00:00+02:00,16.624
2022-08-25T19:00:00+02:00,16.621
2022-08-26T07:00:00+02:00,16.612
2022-08-26T19:00:00+02:00,16.608
2022-08-27T07:00:00+02:00,16.607
2022-08-27T19:00:00+02:00,16.605
2022-08-28T07:00:00+02:00,16.599
2022-08-28T19:00:00+02:00,16.596
2022-08-29T07:00:00+02:00,16.591
2022-08-29T19:00:00+02:00,16.593
2022-08-30T07:00:00+02:00,16.591
2022-08-30T19:00:00+02:00,16.586
2022-08-31T07:00:00+02:00,16.578
2022-08-31T19:00:00+02:00,16.573
2022-09-01T07:00:00+02:00,16.581
2022-09-01T19:00:00+02:00,16.578
2022-09-02T07:00:00+02:00,16.582
2022-09-02T19:00:00+02:00,16.577
2022-09-03T07:00:00+02:00,16.576
2022-09-03T19:00:00+02:00,16.558
2022-09-04T07:00:00+02:00,16.549
2022-09-04T19:00:00+02:00,16.547
2022-09-05T07:00:00+02:00,16.554
2022-09-05T19:00:00+02:00,16.553
2022-09-06T07:00:00+02:00,16.558
2022-09-06T19:00:00+02:00,16.554
2022-09-07T07:00:00+02:00,16.554
2022-09-07T19:00:00+02:00,16.552
2022-09-08T07:00:00+02:00,16.559
2022-09-08T19:00:00+02:00,16.563
2022-09-09T07:00:00+02:00,16.568
2022-09-09T19:00:00+02:00,16.563
2022-09-10T07:00:00+02:00,16.574
2022-09-10T19:00:00+02:00,16.561
2022-09-11T07:00:00+02:00,16.567
2022-09-11T19:00:00+02:00,16.581
2022-09-12T07:00:00+02:00,16.589
2022-09-12T19:00:00+02:00,16.595
2022-09-13T07:00:00+02:00,16.587
2022-09-13T19:00:00+02:00,16.59
2022-09-14T07:00:00+02:00,16.598
2022-09-14T19:00:00+02:00,16.595
2022-09-15T07:00:00+02:00,16.601
2022-09-15T13:00:00+02:00,16.599
2022-09-16T01:00:00+02:00,16.607
2022-09-16T13:00:00+02:00,16.606
2022-09-17T01:00:00+02:00,16.611
2022-09-17T13:00:00+02:00,16.615
2022-09-18T01:00:00+02:00,16.621
2022-09-18T13:00:00+02:00,16.627
2022-09-19T01:00:00+02:00,16.634
2022-09-19T13:00:00+02:00,16.638
2022-09-20T01:00:00+02:00,16.641
2022-09-20T13:00:00+02:00,16.646
2022-09-21T01:00:00+02:00,16.637
2022-09-21T13:00:00+02:00,16.642
2022-09-22T01:00:00+02:00,16.637
2022-09-22T13:00:00+02:00,16.651
2022-09-23T01:00:00+02:00,16.662
2022-09-23T13:00:00+02:00,16.669
2022-09-24T01:00:00+02:00,16.673
2022-09-24T13:00:00+02:00,16.672
2022-09-25T01:00:00+02:00,16.673
2022-09-25T13:00:00+02:00,16.681
2022-09-26T01:00:00+02:00,16.698
2022-09-26T13:00:00+02:00,16.707
2022-09-27T01:00:00+02:00,16.693
2022-09-27T13:00:00+02:00,16.695
2022-09-28T01:00:00+02:00,16.71
2022-09-28T13:00:00+02:00,16.713
2022-09-29T01:00:00+02:00,16.713
2022-09-29T13:00:00+02:00,16.71
2022-09-30T01:00:00+02:00,16.718
2022-09-30T13:00:00+02:00,16.731
2022-10-02T01:00:00+02:00,16.737
2022-10-02T13:00:00+02:00,16.746
2022-10-03T01:00:00+02:00,16.746
2022-10-03T13:00:00+02:00,16.762
2022-10-04T01:00:00+02:00,16.766
2022-10-04T13:00:00+02:00,16.782
2022-10-05T01:00:00+02:00,16.783
2022-10-05T13:00:00+02:00,16.792
2022-10-06T01:00:00+02:00,16.753
2022-10-06T13:00:00+02:00,16.76
2022-10-07T01:00:00+02:00,16.769
2022-10-07T13:00:00+02:00,16.784
2022-10-08T01:00:00+02:00,16.791
2022-10-08T13:00:00+02:00,16.77
2022-10-09T01:00:00+02:00,16.771
2022-10-09T13:00:00+02:00,16.791
2022-10-10T01:00:00+02:00,16.793
2022-10-10T13:00:00+02:00,16.779
2022-10-11T01:00:00+02:00,16.762
2022-10-11T13:00:00+02:00,16.765
2022-10-12T01:00:00+02:00,16.76
2022-10-12T13:00:00+02:00,16.767
2022-10-13T01:00:00+02:00,16.76
2022-10-13T13:00:00+02:00,16.758
2022-10-14T01:00:00+02:00,16.763
2022-10-14T13:00:00+02:00,16.775
2022-10-15T01:00:00+02:00,16.765
2022-10-15T13:00:00+02:00,16.774
2022-10-16T01:00:00+02:00,16.753
2022-10-16T13:00:00+02:00,16.738
2022-10-17T01:00:00+02:00,16.748
2022-10-17T13:00:00+02:00,16.729
2022-10-18T01:00:00+02:00,16.73
2022-10-18T13:00:00+02:00,16.734
2022-10-19T01:00:00+02:00,16.736
2022-10-19T13:00:00+02:00,16.757
2022-10-20T01:00:00+02:00,16.763
2022-10-20T13:00:00+02:00,16.764
2022-10-21T01:00:00+02:00,16.76
2022-10-21T13:00:00+02:00,16.762
2022-10-22T01:00:00+02:00,16.753
2022-10-22T13:00:00+02:00,16.746
2022-10-23T01:00:00+02:00,16.755
2022-10-23T13:00:00+02:00,16.773
2022-10-24T01:00:00+02:00,16.766
2022-10-24T13:00:00+02:00,16.755
2022-10-25T01:00:00+02:00,16.741
2022-10-25T13:00:00+02:00,16.748
2022-10-26T01:00:00+02:00,16.764
2022-10-26T13:00:00+02:00,16.745
2022-10-27T01:00:00+02:00,16.743
2022-10-27T13:00:00+02:00,16.758
2022-10-28T01:00:00+02:00,16.76
2022-10-28T13:00:00+02:00,16.759
2022-10-29T01:00:00+02:00,16.754
2022-10-29T13:00:00+02:00,16.764
2022-10-30T01:00:00+02:00,16.76
2022-10-30T12:00:00+01:00,16.767
2022-10-31T00:00:00+01:00,16.749
2022-10-31T12:00:00+01:00,16.773
2022-11-01T00:00:00+01:00,16.782
2022-11-01T12:00:00+01:00,16.754
2022-11-02T00:00:00+01:00,16.758
2022-11-02T12:00:00+01:00,16.74
2022-11-03T00:00:00+01:00,16.763
2022-11-03T12:00:00+01:00,16.784
2022-11-04T00:00:00+01:00,16.751
2022-11-04T12:00:00+01:00,16.743
2022-11-05T00:00:00+01:00,16.737
2022-11-05T12:00:00+01:00,16.732
2022-11-06T00:00:00+01:00,16.745
2022-11-06T12:00:00+01:00,16.761
2022-11-07T00:00:00+01:00,16.744
2022-11-07T12:00:00+01:00,16.737
2022-11-08T00:00:00+01:00,16.746
2022-11-08T12:00:00+01:00,16.752
2022-11-09T00:00:00+01:00,16.749
2022-11-09T12:00:00+01:00,16.734
2022-11-10T00:00:00+01:00,16.711
2022-11-10T12:00:00+01:00,16.708
2022-11-11T00:00:00+01:00,16.703
2022-11-11T12:00:00+01:00,16.711
2022-11-12T00:00:00+01:00,16.706
2022-11-12T12:00:00+01:00,16.72
2022-11-13T00:00:00+01:00,16.723
2022-11-13T12:00:00+01:00,16.736
2022-11-14T00:00:00+01:00,16.734
2022-11-14T12:00:00+01:00,16.738
2022-11-15T00:00:00+01:00,16.734
2022-11-15T12:00:00+01:00,16.749
2022-11-16T00:00:00+01:00,16.744
2022-11-16T12:00:00+01:00,16.744
2022-11-17T00:00:00+01:00,16.786
2022-11-17T12:00:00+01:00,16.75
2022-11-18T00:00:00+01:00,16.749
2022-11-18T12:00:00+01:00,16.745
2022-11-19T00:00:00+01:00,16.742
2022-11-19T12:00:00+01:00,16.746
2022-11-20T00:00:00+01:00,16.759
2022-11-20T12:00:00+01:00,16.779
2022-11-21T00:00:00+01:00,16.775
2022-11-21T12:00:00+01:00,16.811
2022-11-22T00:00:00+01:00,16.811
2022-11-22T12:00:00+01:00,16.816
2022-11-24T00:00:00+01:00,16.816
2022-11-24T12:00:00+01:00,16.817
2022-11-25T00:00:00+01:00,16.831
2022-11-25T12:00:00+01:00,16.81
2022-11-26T00:00:00+01:00,16.804
2022-11-26T12:00:00+01:00,16.826
2022-11-27T00:00:00+01:00,16.839
2022-11-27T12:00:00+01:00,16.854
2022-11-28T00:00:00+01:00,16.858
2022-11-28T12:00:00+01:00,16.856
2022-11-29T00:00:00+01:00,16.851
2022-11-29T12:00:00+01:00,16.853
2022-11-30T00:00:00+01:00,16.856
2022-11-30T12:00:00+01:00,16.861
2022-12-01T00:00:00+01:00,16.858
2022-12-01T12:00:00+01:00,16.87
2022-12-02T00:00:00+01:00,16.872
2022-12-02T12:00:00+01:00,16.874
2022-12-03T00:00:00+01:00,16.871
2022-12-03T12:00:00+01:00,16.88
2022-12-04T00:00:00+01:00,16.875
2022-12-04T12:00:00+01:00,16.877
2022-12-05T00:00:00+01:00,16.868
2022-12-05T12:00:00+01:00,16.868
2022-12-06T00:00:00+01:00,16.865
2022-12-06T12:00:00+01:00,16.865
2022-12-07T00:00:00+01:00,16.867
2022-12-07T12:00:00+01:00,16.873
2022-12-08T00:00:00+01:00,16.885
2022-12-08T12:00:00+01:00,16.885
2022-12-09T00:00:00+01:00,16.876
2022-12-09T12:00:00+01:00,16.87
2022-12-10T00:00:00+01:00,16.86
2022-12-10T12:00:00+01:00,16.86
2022-12-11T00:00:00+01:00,16.856
2022-12-11T12:00:00+01:00,16.86
2022-12-12T00:00:00+01:00,16.851
2022-12-12T12:00:00+01:00,16.855
2022-12-13T00:00:00+01:00,16.85
2022-12-13T12:00:00+01:00,16.853
2022-12-14T00:00:00+01:00,16.863
2022-12-14T12:00:00+01:00,16.849
2022-12-15T00:00:00+01:00,16.835
2022-12-15T12:00:00+01:00,16.836
2022-12-16T00:00:00+01:00,16.832
2022-12-16T12:00:00+01:00,16.816
2022-12-17T00:00:00+01:00,16.801
2022-12-17T12:00:00+01:00,16.803
2022-12-18T00:00:00+01:00,16.796
2022-12-18T12:00:00+01:00,16.818
2022-12-19T00:00:00+01:00,16.832
2022-12-19T12:00:00+01:00,16.827
2022-12-20T00:00:00+01:00,16.831
2022-12-20T12:00:00+01:00,16.839
2022-12-21T00:00:00+01:00,16.838
2022-12-21T12:00:00+01:00,16.858
2022-12-22T00:00:00+01:00,16.891
2022-12-22T12:00:00+01:00,16.885
2022-12-23T00:00:00+01:00,16.915
2022-12-23T12:00:00+01:00,16.953
2022-12-24T00:00:00+01:00,16.954
2022-12-24T12:00:00+01:00,16.982
2022-12-25T00:00:00+01:00,17.004
2022-12-25T12:00:00+01:00,17.028
2022-12-26T00:00:00+01:00,17.045
2022-12-26T12:00:00+01:00,17.052
2022-12-27T00:00:00+01:00,17.057
2022-12-27T12:00:00+01:00,17.071
2022-12-28T00:00:00+01:00,17.096
2022-12-28T12:00:00+01:00,17.096
2022-12-29T00:00:00+01:00,17.107
2022-12-29T12:00:00+01:00,17.09
2022-12-30T00:00:00+01:00,17.091
2022-12-30T12:00:00+01:00,17.141
2022-12-31T00:00:00+01:00,17.105
2022-12-31T12:00:00+01:00,17.142
2023-01-01T00:00:00+01:00,17.159
2023-01-01T12:00:00+01:00,17.161
2023-01-02T00:00:00+01:00,17.183
2023-01-02T12:00:00+01:00,17.168
2023-01-03T00:00:00+01:00,17.166
2023-01-03T12:00:00+01:00,17.182
2023-01-04T00:00:00+01:00,17.2
2023-01-04T12:00:00+01:00,17.191
2023-01-05T00:00:00+01:00,17.193
2023-01-05T12:00:00+01:00,17.193
2023-01-06T00:00:00+01:00,17.208
2023-01-06T12:00:00+01:00,17.208
2023-01-07T00:00:00+01:00,17.207
2023-01-07T12:00:00+01:00,17.23
2023-01-08T00:00:00+01:00,17.219
2023-01-08T12:00:00+01:00,17.224
2023-01-09T00:00:00+01:00,17.222
2023-01-09T12:00:00+01:00,17.198
2023-01-10T00:00:00+01:00,17.158
2023-01-10T12:00:00+01:00,17.178
2023-01-11T00:00:00+01:00,17.204
2023-01-11T12:00:00+01:00,17.203
2023-01-12T00:00:00+01:00,17.224
2023-01-12T12:00:00+01:00,17.273
2023-01-13T00:00:00+01:00,17.359
2023-01-13T12:00:00+01:00,17.371
2023-01-14T00:00:00+01:00,17.359
2023-01-14T12:00:00+01:00,17.405
2023-01-15T00:00:00+01:00,17.426
2023-01-15T12:00:00+01:00,17.429
2023-01-16T00:00:00+01:00,17.432
2023-01-16T12:00:00+01:00,17.454
2023-01-17T00:00:00+01:00,17.399
2023-01-17T12:00:00+01:00,17.415
2023-01-18T00:00:00+01:00,17.388
2023-01-18T12:00:00+01:00,17.367
2023-01-19T00:00:00+01:00,17.343
2023-01-19T12:00:00+01:00,17.336
2023-01-20T00:00:00+01:00,17.359
2023-01-20T12:00:00+01:00,17.359
2023-01-21T00:00:00+01:00,17.35
2023-01-21T12:00:00+01:00,17.347
2023-01-22T00:00:00+01:00,17.353
2023-01-22T12:00:00+01:00,17.348
2023-01-23T00:00:00+01:00,17.334
2023-01-23T12:00:00+01:00,17.333
2023-01-24T00:00:00+01:00,17.333
2023-01-24T12:00:00+01:00,17.337
2023-01-25T00:00:00+01:00,17.348
2023-01-25T12:00:00+01:00,17.353
2023-01-26T00:00:00+01:00,17.352
2023-01-26T12:00:00+01:00,17.341
2023-01-27T00:00:00+01:00,17.33
2023-01-27T12:00:00+01:00,17.318
2023-01-28T00:00:00+01:00,17.309
2023-01-28T12:00:00+01:00,17.302
2023-01-29T00:00:00+01:00,17.299
2023-01-29T12:00:00+01:00,17.305
2023-01-30T00:00:00+01:00,17.314
2023-01-30T12:00:00+01:00,17.286
2023-01-31T00:00:00+01:00,17.274
2023-01-31T12:00:00+01:00,17.28
2023-02-01T00:00:00+01:00,17.273
2023-02-01T12:00:00+01:00,17.276
2023-02-02T00:00:00+01:00,17.256
2023-02-02T12:00:00+01:00,17.252
2023-02-03T00:00:00+01:00,17.261
2023-02-03T12:00:00+01:00,17.242
2023-02-04T00:00:00+01:00,17.222
2023-02-04T12:00:00+01:00,17.222
2023-02-05T00:00:00+01:00,17.232
2023-02-05T12:00:00+01:00,17.221
2023-02-06T00:00:00+01:00,17.215
2023-02-06T12:00:00+01:00,17.222
2023-02-07T00:00:00+01:00,17.204
2023-02-07T12:00:00+01:00,17.203
2023-02-08T00:00:00+01:00,17.2
2023-02-08T12:00:00+01:00,17.201
2023-02-09T00:00:00+01:00,17.199
2023-02-09T12:00:00+01:00,17.19
2023-02-10T00:00:00+01:00,17.182
2023-02-10T12:00:00+01:00,17.184
2023-02-11T00:00:00+01:00,17.185
2023-02-11T12:00:00+01:00,17.176
2023-02-12T00:00:00+01:00,17.171
2023-02-12T12:00:00+01:00,17.174
2023-02-13T00:00:00+01:00,17.179
2023-02-13T12:00:00+01:00,17.18
2023-02-14T00:00:00+01:00,17.179
2023-02-14T12:00:00+01:00,17.182
2023-02-15T00:00:00+01:00,17.182
2023-02-15T12:00:00+01:00,17.191
2023-02-16T00:00:00+01:00,17.181
2023-02-16T12:00:00+01:00,17.167
2023-02-17T00:00:00+01:00,17.163
2023-02-17T12:00:00+01:00,17.168
2023-02-18T00:00:00+01:00,17.16
2023-02-18T12:00:00+01:00,17.16
2023-02-19T00:00:00+01:00,17.166
2023-02-19T12:00:00+01:00,17.148
2023-02-20T00:00:00+01:00,17.16
2023-02-20T12:00:00+01:00,17.16
2023-02-21T00:00:00+01:00,17.149
2023-02-21T12:00:00+01:00,17.157
2023-02-22T00:00:00+01:00,17.16
2023-02-22T12:00:00+01:00,17.166
2023-02-23T00:00:00+01:00,17.158
2023-02-23T12:00:00+01:00,17.149
2023-02-24T00:00:00+01:00,17.154
2023-02-24T12:00:00+01:00,17.176
2023-02-25T00:00:00+01:00,17.154
2023-02-25T12:00:00+01:00,17.144
2023-02-26T00:00:00+01:00,17.129
2023-02-26T12:00:00+01:00,17.13
2023-02-27T00:00:00+01:00,17.122
2023-02-27T12:00:00+01:00,17.127
2023-02-28T00:00:00+01:00,17.117
2023-02-28T12:00:00+01:00,17.124
2023-03-01T00:00:00+01:00,17.115
2023-03-01T12:00:00+01:00,17.129
2023-03-02T00:00:00+01:00,17.128
2023-03-02T12:00:00+01:00,17.126
2023-03-03T00:00:00+01:00,17.12
2023-03-03T12:00:00+01:00,17.115
2023-03-04T00:00:00+01:00,17.113
2023-03-04T12:00:00+01:00,17.117
2023-03-05T00:00:00+01:00,17.119
2023-03-05T12:00:00+01:00,17.131
2023-03-06T00:00:00+01:00,17.141
2023-03-06T12:00:00+01:00,17.135
2023-03-07T00:00:00+01:00,17.143
2023-03-07T12:00:00+01:00,17.147
2023-03-08T00:00:00+01:00,17.163
2023-03-08T12:00:00+01:00,17.185
2023-03-09T00:00:00+01:00,17.214
2023-03-09T12:00:00+01:00,17.237
2023-03-10T00:00:00+01:00,17.295
2023-03-10T12:00:00+01:00,17.373
2023-03-11T00:00:00+01:00,17.399
2023-03-11T12:00:00+01:00,17.416
2023-03-12T00:00:00+01:00,17.426
2023-03-12T12:00:00+01:00,17.42
2023-03-13T00:00:00+01:00,17.43
2023-03-13T12:00:00+01:00,17.456
2023-03-14T00:00:00+01:00,17.44
2023-03-14T12:00:00+01:00,17.369
2023-03-16T00:00:00+01:00,17.37
2023-03-16T12:00:00+01:00,17.381
2023-03-17T00:00:00+01:00,17.373
2023-03-17T12:00:00+01:00,17.371
2023-03-18T00:00:00+01:00,17.35
2023-03-18T12:00:00+01:00,17.345
2023-03-19T00:00:00+01:00,17.343
2023-03-19T12:00:00+01:00,17.328
2023-03-20T00:00:00+01:00,17.312
2023-03-20T12:00:00+01:00,17.321
2023-03-21T00:00:00+01:00,17.312
2023-03-21T12:00:00+01:00,17.307
2023-03-22T00:00:00+01:00,17.305
2023-03-22T12:00:00+01:00,17.303
2023-03-23T00:00:00+01:00,17.311
2023-03-23T12:00:00+01:00,17.297
2023-03-24T00:00:00+01:00,17.341
2023-03-24T12:00:00+01:00,17.323
2023-03-25T00:00:00+01:00,17.332
2023-03-25T12:00:00+01:00,17.329
2023-03-26T00:00:00+01:00,17.353
2023-03-26T13:00:00+02:00,17.397
2023-03-27T01:00:00+02:00,17.425
2023-03-27T13:00:00+02:00,17.423
2023-03-28T01:00:00+02:00,17.417
2023-03-28T13:00:00+02:00,17.436
2023-03-29T01:00:00+02:00,17.44
2023-03-29T13:00:00+02:00,17.428
2023-03-30T01:00:00+02:00,17.412
2023-03-30T13:00:00+02:00,17.394
2023-03-31T01:00:00+02:00,17.417
2023-03-31T13:00:00+02:00,17.452
2023-04-01T01:00:00+02:00,17.449
2023-04-01T13:00:00+02:00,17.463
2023-04-02T01:00:00+02:00,17.477
2023-04-02T13:00:00+02:00,17.473
2023-04-03T01:00:00+02:00,17.447
2023-04-03T13:00:00+02:00,17.447
2023-04-04T01:00:00+02:00,17.437
2023-04-04T13:00:00+02:00,17.431
2023-04-05T01:00:00+02:00,17.423
2023-04-05T13:00:00+02:00,17.424
2023-04-06T01:00:00+02:00,17.408
2023-04-06T13:00:00+02:00,17.4
2023-04-07T01:00:00+02:00,17.387
2023-04-07T13:00:00+02:00,17.381
2023-04-08T01:00:00+02:00,17.376
2023-04-08T13:00:00+02:00,17.372
2023-04-09T01:00:00+02:00,17.374
2023-04-09T13:00:00+02:00,17.373
2023-04-10T01:00:00+02:00,17.372
2023-04-10T13:00:00+02:00,17.387
2023-04-12T01:00:00+02:00,17.388
2023-04-12T13:00:00+02:00,17.387
2023-04-13T01:00:00+02:00,17.426
2023-04-13T13:00:00+02:00,17.399
2023-04-14T01:00:00+02:00,17.397
2023-04-14T13:00:00+02:00,17.403
2023-04-15T01:00:00+02:00,17.389
2023-04-15T13:00:00+02:00,17.359
2023-04-16T01:00:00+02:00,17.343
2023-04-16T13:00:00+02:00,17.339
2023-04-17T01:00:00+02:00,17.339
2023-04-17T13:00:00+02:00,17.337
2023-04-18T01:00:00+02:00,17.324
2023-04-18T13:00:00+02:00,17.322
2023-04-19T01:00:00+02:00,17.313
2023-04-19T13:00:00+02:00,17.317
2023-04-20T01:00:00+02:00,17.314
2023-04-20T13:00:00+02:00,17.319
2023-04-21T01:00:00+02:00,17.316
2023-04-21T13:00:00+02:00,17.319
2023-04-22T01:00:00+02:00,17.315
2023-04-22T13:00:00+02:00,17.309
2023-04-23T01:00:00+02:00,17.32
2023-04-23T13:00:00+02:00,17.332
2023-04-24T01:00:00+02:00,17.34
2023-04-24T13:00:00+02:00,17.336
2023-04-25T01:00:00+02:00,17.371
2023-04-25T13:00:00+02:00,17.362
2023-04-26T01:00:00+02:00,17.367
2023-04-26T13:00:00+02:00,17.369
2023-04-27T01:00:00+02:00,17.358
2023-04-27T13:00:00+02:00,17.361
2023-04-28T01:00:00+02:00,17.38
2023-04-28T13:00:00+02:00,17.363
2023-04-29T01:00:00+02:00,17.342
2023-04-29T13:00:00+02:00,17.334
2023-04-30T01:00:00+02:00,17.327
2023-04-30T13:00:00+02:00,17.341
2023-05-01T01:00:00+02:00,17.342
2023-05-01T13:00:00+02:00,17.332
2023-05-02T01:00:00+02:00,17.31
2023-05-02T13:00:00+02:00,17.295
2023-05-03T01:00:00+02:00,17.296
2023-05-03T13:00:00+02:00,17.303
2023-05-04T01:00:00+02:00,17.309
2023-05-04T13:00:00+02:00,17.324
2023-05-05T01:00:00+02:00,17.296
2023-05-05T13:00:00+02:00,17.286
2023-05-06T01:00:00+02:00,17.285
2023-05-06T13:00:00+02:00,17.282
2023-05-07T01:00:00+02:00,17.276
2023-05-07T13:00:00+02:00,17.276
2023-05-08T01:00:00+02:00,17.286
2023-05-08T13:00:00+02:00,17.299
2023-05-09T01:00:00+02:00,17.31
2023-05-09T13:00:00+02:00,17.321
2023-05-10T01:00:00+02:00,17.342
2023-05-10T13:00:00+02:00,17.353
2023-05-11T01:00:00+02:00,17.385
2023-05-11T13:00:00+02:00,17.42
2023-05-12T01:00:00+02:00,17.424
2023-05-12T13:00:00+02:00,17.434
2023-05-13T01:00:00+02:00,17.42
2023-05-13T13:00:00+02:00,17.418
2023-05-14T01:00:00+02:00,17.404
2023-05-14T13:00:00+02:00,17.398
2023-05-15T01:00:00+02:00,17.391
2023-05-15T13:00:00+02:00,17.378
2023-05-16T01:00:00+02:00,17.351
2023-05-16T13:00:00+02:00,17.347
2023-05-17T01:00:00+02:00,17.324
2023-05-17T13:00:00+02:00,17.322
2023-05-18T01:00:00+02:00,17.305
2023-05-18T13:00:00+02:00,17.31
2023-05-19T01:00:00+02:00,17.3
2023-05-19T13:00:00+02:00,17.305
2023-05-20T01:00:00+02:00,17.288
2023-05-20T13:00:00+02:00,17.293
2023-05-21T01:00:00+02:00,17.283
2023-05-21T13:00:00+02:00,17.289
2023-05-22T01:00:00+02:00,17.269
2023-05-22T13:00:00+02:00,17.268
2023-05-23T01:00:00+02:00,17.251
2023-05-23T13:00:00+02:00,17.245
2023-05-24T01:00:00+02:00,17.236
2023-05-24T13:00:00+02:00,17.241
2023-05-25T01:00:00+02:00,17.231
2023-05-25T13:00:00+02:00,17.221
2023-05-26T01:00:00+02:00,17.199
2023-05-26T13:00:00+02:00,17.214
2023-05-27T01:00:00+02:00,17.207
2023-05-27T13:00:00+02:00,17.229
2023-05-28T01:00:00+02:00,17.212
2023-05-28T13:00:00+02:00,17.205
2023-05-29T01:00:00+02:00,17.187
2023-05-29T13:00:00+02:00,17.19
2023-05-30T01:00:00+02:00,17.171
2023-05-30T13:00:00+02:00,17.182
2023-05-31T01:00:00+02:00,17.176
2023-05-31T13:00:00+02:00,17.175
2023-06-01T01:00:00+02:00,17.156
2023-06-01T13:00:00+02:00,17.168
2023-06-02T01:00:00+02:00,17.157
2023-06-02T13:00:00+02:00,17.155
2023-06-03T01:00:00+02:00,17.14
2023-06-03T13:00:00+02:00,17.14
2023-06-04T01:00:00+02:00,17.13
2023-06-04T13:00:00+02:00,17.132
2023-06-05T01:00:00+02:00,17.11
2023-06-05T13:00:00+02:00,17.12
2023-06-06T01:00:00+02:00,17.113
2023-06-06T13:00:00+02:00,17.112
2023-06-07T01:00:00+02:00,17.095
2023-06-07T13:00:00+02:00,17.103
2023-06-08T01:00:00+02:00,17.097
2023-06-08T13:00:00+02:00,17.1
2023-06-09T01:00:00+02:00,17.085
2023-06-09T13:00:00+02:00,17.091
2023-06-10T01:00:00+02:00,17.069
2023-06-10T13:00:00+02:00,17.074
2023-06-11T01:00:00+02:00,17.058
2023-06-11T13:00:00+02:00,17.065
2023-06-12T01:00:00+02:00,17.049
2023-06-12T13:00:00+02:00,17.053
2023-06-13T01:00:00+02:00,17.028
2023-06-13T13:00:00+02:00,17.036
2023-06-14T01:00:00+02:00,17.021
2023-06-14T13:00:00+02:00,17.021
2023-06-15T01:00:00+02:00,17.002
2023-06-15T13:00:00+02:00,17.011
2023-06-16T01:00:00+02:00,17.004
2023-06-16T13:00:00+02:00,17.005
2023-06-17T01:00:00+02:00,16.99
2023-06-17T13:00:00+02:00,16.994
2023-06-18T01:00:00+02:00,16.989
2023-06-18T13:00:00+02:00,16.996
2023-06-19T01:00:00+02:00,16.974
2023-06-19T13:00:00+02:00,16.974
2023-06-20T01:00:00+02:00,16.971
2023-06-20T13:00:00+02:00,16.977
2023-06-21T01:00:00+02:00,16.948
2023-06-21T13:00:00+02:00,16.948
2023-06-22T01:00:00+02:00,16.949
2023-06-22T13:00:00+02:00,16.956
2023-06-23T01:00:00+02:00,16.945
2023-06-23T13:00:00+02:00,16.961
2023-06-24T01:00:00+02:00,16.966
2023-06-24T13:00:00+02:00,16.973
2023-06-25T01:00:00+02:00,16.963
2023-06-25T13:00:00+02:00,16.975
2023-06-26T01:00:00+02:00,16.973
2023-06-26T13:00:00+02:00,16.946
2023-06-27T01:00:00+02:00,16.941
2023-06-27T13:00:00+02:00,16.948
2023-06-28T01:00:00+02:00,16.95
2023-06-28T13:00:00+02:00,16.948
2023-06-29T01:00:00+02:00,16.942
2023-06-29T13:00:00+02:00,16.952
2023-06-30T01:00:00+02:00,16.942
2023-06-30T13:00:00+02:00,16.946
2023-07-01T01:00:00+02:00,16.943
2023-07-01T13:00:00+02:00,16.953
2023-07-02T01:00:00+02:00,16.942
2023-07-02T13:00:00+02:00,16.933
2023-07-03T01:00:00+02:00,16.928
2023-07-03T13:00:00+02:00,16.923
2023-07-04T01:00:00+02:00,16.916
2023-07-04T13:00:00+02:00,16.912
2023-07-05T01:00:00+02:00,16.942
2023-07-05T13:00:00+02:00,16.904
2023-07-06T01:00:00+02:00,16.897
2023-07-06T13:00:00+02:00,16.9
2023-07-07T01:00:00+02:00,16.883
2023-07-07T13:00:00+02:00,16.888
2023-07-08T01:00:00+02:00,16.892
2023-07-08T13:00:00+02:00,16.889
2023-07-09T01:00:00+02:00,16.872
2023-07-09T13:00:00+02:00,16.87
2023-07-10T01:00:00+02:00,16.874
2023-07-10T13:00:00+02:00,16.871
2023-07-11T01:00:00+02:00,16.865
2023-07-11T13:00:00+02:00,16.882
2023-07-12T01:00:00+02:00,16.868
2023-07-12T13:00:00+02:00,16.862
2023-07-13T01:00:00+02:00,16.845
2023-07-13T13:00:00+02:00,16.846
2023-07-14T01:00:00+02:00,16.849
2023-07-14T13:00:00+02:00,16.866
2023-07-15T01:00:00+02:00,16.855
2023-07-15T13:00:00+02:00,16.852
2023-07-16T01:00:00+02:00,16.835
2023-07-16T13:00:00+02:00,16.828
2023-07-17T01:00:00+02:00,16.816
2023-07-17T13:00:00+02:00,16.829
2023-07-18T01:00:00+02:00,16.824
2023-07-18T13:00:00+02:00,16.831
2023-07-19T01:00:00+02:00,16.815
2023-07-19T13:00:00+02:00,16.828
2023-07-20T01:00:00+02:00,16.827
2023-07-20T13:00:00+02:00,16.827
2023-07-21T01:00:00+02:00,16.812
2023-07-21T13:00:00+02:00,16.82
2023-07-22T01:00:00+02:00,16.814
2023-07-22T13:00:00+02:00,16.82
2023-07-23T01:00:00+02:00,16.818
2023-07-23T13:00:00+02:00,16.826
2023-07-24T01:00:00+02:00,16.834
2023-07-24T13:00:00+02:00,16.853
2023-07-25T01:00:00+02:00,16.867
2023-07-25T13:00:00+02:00,16.88
2023-07-26T01:00:00+02:00,16.883
2023-07-26T13:00:00+02:00,16.888
2023-07-27T01:00:00+02:00,16.908
2023-07-27T13:00:00+02:00,16.924
2023-07-28T01:00:00+02:00,16.928
2023-07-28T13:00:00+02:00,16.932
2023-07-29T01:00:00+02:00,16.941
2023-07-29T13:00:00+02:00,16.944
2023-07-30T01:00:00+02:00,16.944
2023-07-30T13:00:00+02:00,16.947
2023-07-31T01:00:00+02:00,16.968
2023-07-31T13:00:00+02:00,16.996
2023-08-01T01:00:00+02:00,17.04
2023-08-01T13:00:00+02:00,17.061
2023-08-02T01:00:00+02:00,17.089
2023-08-02T13:00:00+02:00,17.114
2023-08-03T01:00:00+02:00,17.117
2023-08-03T13:00:00+02:00,17.127
2023-08-04T01:00:00+02:00,17.152
2023-08-04T13:00:00+02:00,17.159
2023-08-05T01:00:00+02:00,17.172
2023-08-05T13:00:00+02:00,17.186
2023-08-06T01:00:00+02:00,17.192
2023-08-06T13:00:00+02:00,17.178
2023-08-07T01:00:00+02:00,17.221
2023-08-07T13:00:00+02:00,17.233
2023-08-08T01:00:00+02:00,17.254
2023-08-08T13:00:00+02:00,17.251
2023-08-09T01:00:00+02:00,17.247
2023-08-09T13:00:00+02:00,17.257
2023-08-10T01:00:00+02:00,17.249
2023-08-10T13:00:00+02:00,17.251
2023-08-12T01:00:00+02:00,17.24
2023-08-12T13:00:00+02:00,17.251
2023-08-13T01:00:00+02:00,17.255
2023-08-13T13:00:00+02:00,17.263
2023-08-14T01:00:00+02:00,17.256
2023-08-14T13:00:00+02:00,17.257
2023-08-15T01:00:00+02:00,17.245
2023-08-15T13:00:00+02:00,17.235
2023-08-16T01:00:00+02:00,17.222
2023-08-16T13:00:00+02:00,17.22
2023-08-17T01:00:00+02:00,17.199
2023-08-17T13:00:00+02:00,17.207
2023-08-18T01:00:00+02:00,17.211
2023-08-18T13:00:00+02:00,17.203
2023-08-19T01:00:00+02:00,17.188
2023-08-19T13:00:00+02:00,17.162
2023-08-20T01:00:00+02:00,17.173
2023-08-20T13:00:00+02:00,17.176
2023-08-21T01:00:00+02:00,17.155
2023-08-21T13:00:00+02:00,17.164
2023-08-22T01:00:00+02:00,17.162
2023-08-22T13:00:00+02:00,17.153
2023-08-23T01:00:00+02:00,17.136
2023-08-23T13:00:00+02:00,17.144
2023-08-24T01:00:00+02:00,17.14
2023-08-24T13:00:00+02:00,17.156
2023-08-25T01:00:00+02:00,17.134
2023-08-25T13:00:00+02:00,17.141
2023-08-26T01:00:00+02:00,17.135
2023-08-26T13:00:00+02:00,17.139
2023-08-27T01:00:00+02:00,17.133
2023-08-27T13:00:00+02:00,17.138
2023-08-28T01:00:00+02:00,17.155
2023-08-28T13:00:00+02:00,17.171
2023-08-29T01:00:00+02:00,17.177
2023-08-29T13:00:00+02:00,17.186
2023-08-30T01:00:00+02:00,17.193
2023-08-30T13:00:00+02:00,17.188
2023-08-31T01:00:00+02:00,17.169
2023-08-31T13:00:00+02:00,17.173
2023-09-01T01:00:00+02:00,17.166
2023-09-01T13:00:00+02:00,17.162
2023-09-02T01:00:00+02:00,17.157
2023-09-02T13:00:00+02:00,17.163
2023-09-03T01:00:00+02:00,17.163
2023-09-03T13:00:00+02:00,17.169
2023-09-04T01:00:00+02:00,17.162
2023-09-04T13:00:00+02:00,17.179
2023-09-05T01:00:00+02:00,17.173
2023-09-05T13:00:00+02:00,17.168
2023-09-06T01:00:00+02:00,17.145
2023-09-06T13:00:00+02:00,17.154
2023-09-07T01:00:00+02:00,17.144
2023-09-07T13:00:00+02:00,17.139
2023-09-08T01:00:00+02:00,17.116
2023-09-08T13:00:00+02:00,17.115
2023-09-09T01:00:00+02:00,17.114
2023-09-09T13:00:00+02:00,17.109
2023-09-10T01:00:00+02:00,17.093
2023-09-10T13:00:00+02:00,17.098
2023-09-11T01:00:00+02:00,17.103
2023-09-11T13:00:00+02:00,17.094
2023-09-12T01:00:00+02:00,17.081
2023-09-12T13:00:00+02:00,17.085
2023-09-13T01:00:00+02:00,17.084
2023-09-13T13:00:00+02:00,17.066
2023-09-14T01:00:00+02:00,17.072
2023-09-14T13:00:00+02:00,17.078
2023-09-14T19:00:00+02:00,17.079
2023-09-15T07:00:00+02:00,17.081
2023-09-15T19:00:00+02:00,17.074
2023-09-16T07:00:00+02:00,17.072
2023-09-16T19:00:00+02:00,17.06
2023-09-17T07:00:00+02:00,17.063
2023-09-17T19:00:00+02:00,17.076
2023-09-18T07:00:00+02:00,17.084
2023-09-18T19:00:00+02:00,17.067
2023-09-19T07:00:00+02:00,17.06
2023-09-19T19:00:00+02:00,17.059
2023-09-20T07:00:00+02:00,17.071
2023-09-20T19:00:00+02:00,17.073
2023-09-21T07:00:00+02:00,17.074
2023-09-21T19:00:00+02:00,17.074
2023-09-22T07:00:00+02:00,17.062
2023-09-22T19:00:00+02:00,17.042
2023-09-23T07:00:00+02:00,17.04
2023-09-23T19:00:00+02:00,17.042
2023-09-24T07:00:00+02:00,17.053
2023-09-24T19:00:00+02:00,17.069
2023-09-25T07:00:00+02:00,17.081
2023-09-25T19:00:00+02:00,17.074
2023-09-26T07:00:00+02:00,17.083
2023-09-26T19:00:00+02:00,17.079
2023-09-27T07:00:00+02:00,17.085
2023-09-27T19:00:00+02:00,17.092
2023-09-28T07:00:00+02:00,17.07
2023-09-28T19:00:00+02:00,17.071
2023-09-29T07:00:00+02:00,17.088
2023-09-29T19:00:00+02:00,17.049
2023-09-30T07:00:00+02:00,17.059
2023-09-30T19:00:00+02:00,17.061
2023-10-01T07:00:00+02:00,17.06
2023-10-01T19:00:00+02:00,17.059
2023-10-02T07:00:00+02:00,17.061
2023-10-02T19:00:00+02:00,17.061
2023-10-03T07:00:00+02:00,17.062
2023-10-03T19:00:00+02:00,17.03
2023-10-04T07:00:00+02:00,17.035
2023-10-04T19:00:00+02:00,17.036
2023-10-05T07:00:00+02:00,17.032
2023-10-05T19:00:00+02:00,17.032
2023-10-06T07:00:00+02:00,17.037
2023-10-06T19:00:00+02:00,17.025
2023-10-07T07:00:00+02:00,17.031
2023-10-07T19:00:00+02:00,17.016
2023-10-08T07:00:00+02:00,17.014
2023-10-08T19:00:00+02:00,17.022
2023-10-09T07:00:00+02:00,17.017
2023-10-09T19:00:00+02:00,17.008
2023-10-10T07:00:00+02:00,17.018
2023-10-10T19:00:00+02:00,17.017
2023-10-11T07:00:00+02:00,17.014
2023-10-11T19:00:00+02:00,17.015
2023-10-12T07:00:00+02:00,17.005
2023-10-12T19:00:00+02:00,17.01
2023-10-13T07:00:00+02:00,17.038
2023-10-13T19:00:00+02:00,17.034
2023-10-14T07:00:00+02:00,16.99
2023-10-14T19:00:00+02:00,16.993
2023-10-15T07:00:00+02:00,17.001
2023-10-15T19:00:00+02:00,17.009
2023-10-16T07:00:00+02:00,17.025
2023-10-16T19:00:00+02:00,17.022
2023-10-17T07:00:00+02:00,17.037
2023-10-17T19:00:00+02:00,17.021
2023-10-18T07:00:00+02:00,17.04
2023-10-18T19:00:00+02:00,17.053
2023-10-19T07:00:00+02:00,17.058
2023-10-19T19:00:00+02:00,17.077
2023-10-20T07:00:00+02:00,17.101
2023-10-20T19:00:00+02:00,17.137
2023-10-21T07:00:00+02:00,17.18
2023-10-21T19:00:00+02:00,17.207
2023-10-22T07:00:00+02:00,17.201
2023-10-22T19:00:00+02:00,17.205
2023-10-23T07:00:00+02:00,17.218
2023-10-23T19:00:00+02:00,17.237
2023-10-24T07:00:00+02:00,17.234
2023-10-24T19:00:00+02:00,17.236
2023-10-25T07:00:00+02:00,17.26
2023-10-25T19:00:00+02:00,17.273
2023-10-26T07:00:00+02:00,17.311
2023-10-26T19:00:00+02:00,17.329
2023-10-27T07:00:00+02:00,17.343
2023-10-27T19:00:00+02:00,17.38
2023-10-28T07:00:00+02:00,17.401
2023-10-28T19:00:00+02:00,17.403
2023-10-29T06:00:00+01:00,17.397
2023-10-29T18:00:00+01:00,17.387
2023-10-30T06:00:00+01:00,17.39
2023-10-30T18:00:00+01:00,17.393
2023-10-31T06:00:00+01:00,17.374
2023-10-31T18:00:00+01:00,17.373
2023-11-01T06:00:00+01:00,17.4
2023-11-01T18:00:00+01:00,17.407
2023-11-02T06:00:00+01:00,17.459
2023-11-02T18:00:00+01:00,17.418
2023-11-03T06:00:00+01:00,17.398
2023-11-03T18:00:00+01:00,17.386
2023-11-04T06:00:00+01:00,17.405
2023-11-04T18:00:00+01:00,17.421
2023-11-05T06:00:00+01:00,17.406
2023-11-05T18:00:00+01:00,17.352
2023-11-06T06:00:00+01:00,17.349
2023-11-06T18:00:00+01:00,17.341
2023-11-07T06:00:00+01:00,17.343
2023-11-07T18:00:00+01:00,17.335
2023-11-08T06:00:00+01:00,17.327
2023-11-08T18:00:00+01:00,17.345
2023-11-09T06:00:00+01:00,17.365
2023-11-09T18:00:00+01:00,17.39
2023-11-10T06:00:00+01:00,17.404
2023-11-10T18:00:00+01:00,17.391
2023-11-11T06:00:00+01:00,17.416
2023-11-11T18:00:00+01:00,17.424
2023-11-12T06:00:00+01:00,17.425
2023-11-12T18:00:00+01:00,17.402
2023-11-13T06:00:00+01:00,17.421
2023-11-13T18:00:00+01:00,17.439
2023-11-14T06:00:00+01:00,17.46
2023-11-14T18:00:00+01:00,17.471
2023-11-15T06:00:00+01:00,17.541
2023-11-15T18:00:00+01:00,17.559
2023-11-16T06:00:00+01:00,17.556
2023-11-16T18:00:00+01:00,17.532
2023-11-17T06:00:00+01:00,17.507
2023-11-17T18:00:00+01:00,17.48
2023-11-18T06:00:00+01:00,17.49
2023-11-18T18:00:00+01:00,17.53
2023-11-19T06:00:00+01:00,17.573
2023-11-19T18:00:00+01:00,17.575
2023-11-20T06:00:00+01:00,17.572
2023-11-20T18:00:00+01:00,17.555
2023-11-21T06:00:00+01:00,17.521
2023-11-21T18:00:00+01:00,17.484
2023-11-22T06:00:00+01:00,17.481
2023-11-22T18:00:00+01:00,17.494
2023-11-23T06:00:00+01:00,17.48
2023-11-23T18:00:00+01:00,17.492
2023-11-24T06:00:00+01:00,17.493
2023-11-24T18:00:00+01:00,17.491
2023-11-25T06:00:00+01:00,17.48
2023-11-25T18:00:00+01:00,17.481
2023-11-26T06:00:00+01:00,17.482
2023-11-26T18:00:00+01:00,17.472
2023-11-27T06:00:00+01:00,17.513
2023-11-27T18:00:00+01:00,17.619
2023-11-28T06:00:00+01:00,17.628
2023-11-28T18:00:00+01:00,17.628
2023-11-29T06:00:00+01:00,17.627
2023-11-29T18:00:00+01:00,17.646
2023-11-30T06:00:00+01:00,17.634
2023-11-30T18:00:00+01:00,17.6
2023-12-01T06:00:00+01:00,17.569
2023-12-01T18:00:00+01:00,17.555
2023-12-02T06:00:00+01:00,17.531
2023-12-02T18:00:00+01:00,17.513
2023-12-03T06:00:00+01:00,17.504
2023-12-03T18:00:00+01:00,17.521
2023-12-04T06:00:00+01:00,17.533
2023-12-04T18:00:00+01:00,17.547
2023-12-05T06:00:00+01:00,17.583
2023-12-05T18:00:00+01:00,17.564
2023-12-06T06:00:00+01:00,17.554
2023-12-06T18:00:00+01:00,17.538
2023-12-07T06:00:00+01:00,17.532
2023-12-07T18:00:00+01:00,17.536
2023-12-08T06:00:00+01:00,17.538
2023-12-08T18:00:00+01:00,17.517
2023-12-09T06:00:00+01:00,17.528
2023-12-09T18:00:00+01:00,17.576
2023-12-10T06:00:00+01:00,17.548
2023-12-10T18:00:00+01:00,17.599
2023-12-11T06:00:00+01:00,17.58
2023-12-11T18:00:00+01:00,17.546
2023-12-12T06:00:00+01:00,17.562
2023-12-12T18:00:00+01:00,17.575
2023-12-13T06:00:00+01:00,17.588
2023-12-13T18:00:00+01:00,17.579
2023-12-14T06:00:00+01:00,17.535
2023-12-14T18:00:00+01:00,17.523
2023-12-15T06:00:00+01:00,17.5
2023-12-15T18:00:00+01:00,17.494
2023-12-16T06:00:00+01:00,17.497
2023-12-16T18:00:00+01:00,17.498
2023-12-17T06:00:00+01:00,17.498
2023-12-17T18:00:00+01:00,17.503
2023-12-18T06:00:00+01:00,17.493
2023-12-18T18:00:00+01:00,17.501
2023-12-19T06:00:00+01:00,17.513
2023-12-19T18:00:00+01:00,17.531
2023-12-20T06:00:00+01:00,17.586
2023-12-20T18:00:00+01:00,17.603
2023-12-21T06:00:00+01:00,17.643
2023-12-21T18:00:00+01:00,17.653
2023-12-22T06:00:00+01:00,17.698
2023-12-22T18:00:00+01:00,17.671
2023-12-23T06:00:00+01:00,17.691
2023-12-23T18:00:00+01:00,17.671
2023-12-24T06:00:00+01:00,17.666
2023-12-24T18:00:00+01:00,17.717
2023-12-25T06:00:00+01:00,17.718
2023-12-25T18:00:00+01:00,17.748
2023-12-26T06:00:00+01:00,17.762
2023-12-26T18:00:00+01:00,17.731
2023-12-27T06:00:00+01:00,17.724
2023-12-27T18:00:00+01:00,17.745
2023-12-28T06:00:00+01:00,17.703
2023-12-28T18:00:00+01:00,17.678
2023-12-29T06:00:00+01:00,17.675
2023-12-29T18:00:00+01:00,17.656
2023-12-30T06:00:00+01:00,17.644
2023-12-30T18:00:00+01:00,17.657
2023-12-31T06:00:00+01:00,17.673
2023-12-31T18:00:00+01:00,17.641
2024-01-01T06:00:00+01:00,17.624
2024-01-01T18:00:00+01:00,17.618
2024-01-02T06:00:00+01:00,17.691
2024-01-02T18:00:00+01:00,17.766
2024-01-03T06:00:00+01:00,17.736
2024-01-03T18:00:00+01:00,17.774
2024-01-04T06:00:00+01:00,17.776
2024-01-04T18:00:00+01:00,17.809
2024-01-05T06:00:00+01:00,17.798
2024-01-05T18:00:00+01:00,17.759
2024-01-06T06:00:00+01:00,17.732
2024-01-06T18:00:00+01:00,17.71
2024-01-07T06:00:00+01:00,17.694
2024-01-07T18:00:00+01:00,17.669
2024-01-09T06:00:00+01:00,17.64
2024-01-09T18:00:00+01:00,17.626
2024-01-13T06:00:00+01:00,17.59
2024-01-13T18:00:00+01:00,17.601
2024-01-14T06:00:00+01:00,17.613
2024-01-14T18:00:00+01:00,17.621
2024-01-15T06:00:00+01:00,17.624
2024-01-15T18:00:00+01:00,17.637
2024-01-16T06:00:00+01:00,17.653
2024-01-16T18:00:00+01:00,17.643
2024-01-17T06:00:00+01:00,17.653
2024-01-17T18:00:00+01:00,17.626
2024-01-18T06:00:00+01:00,17.587
2024-01-18T18:00:00+01:00,17.543
2024-01-19T06:00:00+01:00,17.533
2024-01-19T18:00:00+01:00,17.523
2024-01-20T06:00:00+01:00,17.525
2024-01-20T18:00:00+01:00,17.534
2024-01-21T06:00:00+01:00,17.56
2024-01-21T18:00:00+01:00,17.552
2024-01-22T06:00:00+01:00,17.578
2024-01-22T18:00:00+01:00,17.594
2024-01-23T06:00:00+01:00,17.579
2024-01-23T18:00:00+01:00,17.628
2024-01-25T06:00:00+01:00,17.59
2024-01-25T18:00:00+01:00,17.603
2024-01-26T06:00:00+01:00,17.619
2024-01-26T18:00:00+01:00,17.581
2024-01-27T06:00:00+01:00,17.587
2024-01-27T18:00:00+01:00,17.584
2024-01-28T06:00:00+01:00,17.59
2024-01-28T18:00:00+01:00,17.582
2024-01-29T06:00:00+01:00,17.566
2024-01-29T18:00:00+01:00,17.554
2024-01-30T06:00:00+01:00,17.561
2024-01-30T18:00:00+01:00,17.526
2024-01-31T06:00:00+01:00,17.533
2024-01-31T18:00:00+01:00,17.558
2024-02-01T06:00:00+01:00,17.537
2024-02-01T18:00:00+01:00,17.543
2024-02-02T06:00:00+01:00,17.567
2024-02-02T18:00:00+01:00,17.556
2024-02-03T06:00:00+01:00,17.555
2024-02-03T18:00:00+01:00,17.552
2024-02-04T06:00:00+01:00,17.593
2024-02-04T18:00:00+01:00,17.632
2024-02-05T06:00:00+01:00,17.628
2024-02-05T18:00:00+01:00,17.611
2024-02-06T06:00:00+01:00,17.612
2024-02-06T18:00:00+01:00,17.605
2024-02-07T06:00:00+01:00,17.643
2024-02-07T18:00:00+01:00,17.703
2024-02-08T06:00:00+01:00,17.694
2024-02-08T18:00:00+01:00,17.764
2024-02-09T06:00:00+01:00,17.812
2024-02-09T18:00:00+01:00,17.774
2024-02-10T06:00:00+01:00,17.742
2024-02-10T18:00:00+01:00,17.713
2024-02-11T06:00:00+01:00,17.688
2024-02-11T18:00:00+01:00,17.681
2024-02-12T06:00:00+01:00,17.667
2024-02-12T18:00:00+01:00,17.632
2024-02-13T06:00:00+01:00,17.63
2024-02-13T18:00:00+01:00,17.622
2024-02-14T06:00:00+01:00,17.615
2024-02-14T18:00:00+01:00,17.608
2024-02-15T06:00:00+01:00,17.627
2024-02-15T18:00:00+01:00,17.653
2024-02-16T06:00:00+01:00,17.642
2024-02-16T18:00:00+01:00,17.604
2024-02-17T06:00:00+01:00,17.585
2024-02-17T18:00:00+01:00,17.591
2024-02-18T06:00:00+01:00,17.61
2024-02-18T18:00:00+01:00,17.602
2024-02-19T06:00:00+01:00,17.621
2024-02-19T18:00:00+01:00,17.604
2024-02-20T06:00:00+01:00,17.604
2024-02-20T18:00:00+01:00,17.608
2024-02-21T06:00:00+01:00,17.619
2024-02-21T18:00:00+01:00,17.647
2024-02-22T06:00:00+01:00,17.686
2024-02-22T18:00:00+01:00,17.7
2024-02-24T06:00:00+01:00,17.649
2024-02-24T18:00:00+01:00,17.646
2024-02-25T06:00:00+01:00,17.644
2024-02-25T18:00:00+01:00,17.65
2024-02-26T06:00:00+01:00,17.641
2024-02-26T18:00:00+01:00,17.716
2024-02-27T06:00:00+01:00,17.704
2024-02-27T18:00:00+01:00,17.688
2024-02-28T06:00:00+01:00,17.673
2024-02-28T18:00:00+01:00,17.677
2024-03-01T06:00:00+01:00,17.662
2024-03-01T18:00:00+01:00,17.672
2024-03-02T06:00:00+01:00,17.652
2024-03-02T18:00:00+01:00,17.653
2024-03-03T06:00:00+01:00,17.632
2024-03-03T18:00:00+01:00,17.605
2024-03-04T06:00:00+01:00,17.59
2024-03-04T18:00:00+01:00,17.592
2024-03-05T06:00:00+01:00,17.59
2024-03-05T18:00:00+01:00,17.577
2024-03-06T06:00:00+01:00,17.564
2024-03-06T18:00:00+01:00,17.553
2024-03-07T06:00:00+01:00,17.563
2024-03-07T18:00:00+01:00,17.573
2024-03-08T06:00:00+01:00,17.577
2024-03-08T18:00:00+01:00,17.583
2024-03-09T06:00:00+01:00,17.585
2024-03-09T18:00:00+01:00,17.582
2024-03-10T06:00:00+01:00,17.593
2024-03-10T18:00:00+01:00,17.564
2024-03-11T06:00:00+01:00,17.558
2024-03-11T18:00:00+01:00,17.635
2024-03-12T06:00:00+01:00,17.683
2024-03-12T18:00:00+01:00,17.696
2024-03-13T06:00:00+01:00,17.713
2024-03-13T18:00:00+01:00,17.706
2024-03-14T06:00:00+01:00,17.687
2024-03-14T18:00:00+01:00,17.689
2024-03-15T06:00:00+01:00,17.668
2024-03-15T18:00:00+01:00,17.658
2024-03-16T06:00:00+01:00,17.623
2024-03-16T18:00:00+01:00,17.612
2024-03-17T06:00:00+01:00,17.625
2024-03-17T18:00:00+01:00,17.627
2024-03-18T06:00:00+01:00,17.617
2024-03-18T18:00:00+01:00,17.594
2024-03-19T06:00:00+01:00,17.598
2024-03-19T18:00:00+01:00,17.584
2024-03-20T06:00:00+01:00,17.586
2024-03-20T18:00:00+01:00,17.583
2024-03-21T06:00:00+01:00,17.562
2024-03-21T18:00:00+01:00,17.567
2024-03-22T06:00:00+01:00,17.586
2024-03-22T18:00:00+01:00,17.586
2024-03-23T06:00:00+01:00,17.66
2024-03-23T18:00:00+01:00,17.668
2024-03-24T06:00:00+01:00,17.686
2024-03-24T18:00:00+01:00,17.695
2024-03-25T06:00:00+01:00,17.674
2024-03-25T18:00:00+01:00,17.681
2024-03-26T06:00:00+01:00,17.677
2024-03-26T18:00:00+01:00,17.682
2024-03-27T06:00:00+01:00,17.651
2024-03-27T18:00:00+01:00,17.628
2024-03-28T06:00:00+01:00,17.635
2024-03-28T18:00:00+01:00,17.623
2024-03-29T06:00:00+01:00,17.613
2024-03-29T18:00:00+01:00,17.61
2024-03-30T06:00:00+01:00,17.613
2024-03-30T18:00:00+01:00,17.586
2024-03-31T07:00:00+02:00,17.595
2024-03-31T19:00:00+02:00,17.617
2024-04-01T07:00:00+02:00,17.631
2024-04-01T19:00:00+02:00,17.617
2024-04-02T07:00:00+02:00,17.602
2024-04-02T19:00:00+02:00,17.606
2024-04-03T07:00:00+02:00,17.633
2024-04-03T19:00:00+02:00,17.612
2024-04-04T07:00:00+02:00,17.649
2024-04-04T19:00:00+02:00,17.643
2024-04-05T07:00:00+02:00,17.665
2024-04-05T19:00:00+02:00,17.635
2024-04-06T07:00:00+02:00,17.639
2024-04-06T19:00:00+02:00,17.623
2024-04-07T07:00:00+02:00,17.601
2024-04-07T19:00:00+02:00,17.61
2024-04-08T07:00:00+02:00,17.62
2024-04-08T19:00:00+02:00,17.64
2024-04-09T07:00:00+02:00,17.614
2024-04-09T19:00:00+02:00,17.584
2024-04-10T07:00:00+02:00,17.558
2024-04-10T19:00:00+02:00,17.569
2024-04-11T07:00:00+02:00,17.569
2024-04-11T19:00:00+02:00,17.561
2024-04-12T07:00:00+02:00,17.571
2024-04-12T19:00:00+02:00,17.571
2024-04-13T07:00:00+02:00,17.573
2024-04-13T19:00:00+02:00,17.587
2024-04-14T07:00:00+02:00,17.527
2024-04-14T19:00:00+02:00,17.544
2024-04-15T07:00:00+02:00,17.548
2024-04-15T19:00:00+02:00,17.544
2024-04-16T07:00:00+02:00,17.571
2024-04-16T19:00:00+02:00,17.566
2024-04-17T07:00:00+02:00,17.582
2024-04-17T19:00:00+02:00,17.605
2024-04-18T07:00:00+02:00,17.582
2024-04-18T19:00:00+02:00,17.585
2024-04-19T07:00:00+02:00,17.619
2024-04-19T19:00:00+02:00,17.61
2024-04-20T07:00:00+02:00,17.592
2024-04-20T19:00:00+02:00,17.588
2024-04-21T07:00:00+02:00,17.59
2024-04-21T19:00:00+02:00,17.563
2024-04-22T07:00:00+02:00,17.569
2024-04-22T19:00:00+02:00,17.569
2024-04-23T07:00:00+02:00,17.561
2024-04-23T19:00:00+02:00,17.575
2024-04-24T07:00:00+02:00,17.577
2024-04-24T19:00:00+02:00,17.559
2024-04-25T07:00:00+02:00,17.57
2024-04-25T19:00:00+02:00,17.582
2024-04-26T07:00:00+02:00,17.562
2024-04-26T19:00:00+02:00,17.549
2024-04-27T07:00:00+02:00,17.551
2024-04-27T19:00:00+02:00,17.554
2024-04-28T07:00:00+02:00,17.548
2024-04-28T19:00:00+02:00,17.509
2024-04-29T07:00:00+02:00,17.508
2024-04-29T19:00:00+02:00,17.52
2024-04-30T07:00:00+02:00,17.529
2024-04-30T19:00:00+02:00,17.546
2024-05-01T07:00:00+02:00,17.545
2024-05-01T19:00:00+02:00,17.553
2024-05-02T07:00:00+02:00,17.54
2024-05-02T19:00:00+02:00,17.498
2024-05-03T07:00:00+02:00,17.645
2024-05-03T19:00:00+02:00,17.666
2024-05-04T07:00:00+02:00,17.654
2024-05-04T19:00:00+02:00,17.666
2024-05-05T07:00:00+02:00,17.683
2024-05-05T19:00:00+02:00,17.684
2024-05-06T07:00:00+02:00,17.669
2024-05-06T19:00:00+02:00,17.634
2024-05-07T07:00:00+02:00,17.725
2024-05-07T19:00:00+02:00,17.699
2024-05-08T07:00:00+02:00,17.675
2024-05-08T19:00:00+02:00,17.661
2024-05-09T07:00:00+02:00,17.645
2024-05-09T19:00:00+02:00,17.647
2024-05-10T07:00:00+02:00,17.638
2024-05-10T19:00:00+02:00,17.624
2024-05-11T07:00:00+02:00,17.61
2024-05-11T19:00:00+02:00,17.607
2024-05-12T07:00:00+02:00,17.602
2024-05-12T19:00:00+02:00,17.601
2024-05-13T07:00:00+02:00,17.586
2024-05-13T19:00:00+02:00,17.59
2024-05-14T07:00:00+02:00,17.58
2024-05-14T19:00:00+02:00,17.558
2024-05-15T07:00:00+02:00,17.58
2024-05-15T19:00:00+02:00,17.566
2024-05-16T07:00:00+02:00,17.615
2024-05-16T19:00:00+02:00,17.611
2024-05-17T07:00:00+02:00,17.643
2024-05-17T19:00:00+02:00,17.648
2024-05-18T07:00:00+02:00,17.652
2024-05-18T19:00:00+02:00,17.643
2024-05-19T07:00:00+02:00,17.627
2024-05-19T19:00:00+02:00,17.64
2024-05-20T07:00:00+02:00,17.705
2024-05-20T19:00:00+02:00,17.693
2024-05-21T07:00:00+02:00,17.687
2024-05-21T19:00:00+02:00,17.664
2024-05-22T07:00:00+02:00,17.744
2024-05-22T19:00:00+02:00,17.724
2024-05-23T07:00:00+02:00,17.698
2024-05-23T19:00:00+02:00,17.679
2024-05-24T07:00:00+02:00,17.669
2024-05-24T19:00:00+02:00,17.759
2024-05-25T07:00:00+02:00,17.797
2024-05-25T19:00:00+02:00,17.773
2024-05-26T07:00:00+02:00,17.746
2024-05-26T19:00:00+02:00,17.716
2024-05-27T07:00:00+02:00,17.706
2024-05-27T19:00:00+02:00,17.699
2024-05-28T07:00:00+02:00,17.721
2024-05-28T19:00:00+02:00,17.725
2024-05-29T07:00:00+02:00,17.756
2024-05-29T19:00:00+02:00,17.748
2024-05-30T07:00:00+02:00,17.73
2024-05-30T19:00:00+02:00,17.697
2024-05-31T07:00:00+02:00,17.697
2024-05-31T19:00:00+02:00,17.673
2024-06-01T07:00:00+02:00,17.667
2024-06-01T19:00:00+02:00,17.658
2024-06-02T07:00:00+02:00,17.646
2024-06-02T19:00:00+02:00,17.637
2024-06-03T07:00:00+02:00,17.629
2024-06-03T19:00:00+02:00,17.625
2024-06-04T07:00:00+02:00,17.637
2024-06-04T19:00:00+02:00,17.638
2024-06-05T07:00:00+02:00,17.601
2024-06-05T19:00:00+02:00,17.588
2024-06-06T07:00:00+02:00,17.589
2024-06-06T19:00:00+02:00,17.56
2024-06-07T07:00:00+02:00,17.569
2024-06-07T19:00:00+02:00,17.558
2024-06-08T07:00:00+02:00,17.575
2024-06-08T19:00:00+02:00,17.553
2024-06-09T07:00:00+02:00,17.56
2024-06-09T19:00:00+02:00,17.544
2024-06-10T07:00:00+02:00,17.553
2024-06-10T19:00:00+02:00,17.522
2024-06-11T07:00:00+02:00,17.538
2024-06-11T19:00:00+02:00,17.525
2024-06-12T07:00:00+02:00,17.522
2024-06-12T19:00:00+02:00,17.52
2024-06-13T07:00:00+02:00,17.526
2024-06-13T19:00:00+02:00,17.527
2024-06-14T07:00:00+02:00,17.536
2024-06-14T19:00:00+02:00,17.527
2024-06-15T07:00:00+02:00,17.507
2024-06-15T19:00:00+02:00,17.508
2024-06-16T07:00:00+02:00,17.516
2024-06-16T19:00:00+02:00,17.534
2024-06-17T07:00:00+02:00,17.532
2024-06-17T19:00:00+02:00,17.528
2024-06-18T07:00:00+02:00,17.526
2024-06-18T19:00:00+02:00,17.641
2024-06-19T07:00:00+02:00,17.69
2024-06-19T19:00:00+02:00,17.67
2024-06-20T07:00:00+02:00,17.651
2024-06-20T19:00:00+02:00,17.645
2024-06-21T07:00:00+02:00,17.651
2024-06-21T19:00:00+02:00,17.665
2024-06-22T07:00:00+02:00,17.666
2024-06-22T19:00:00+02:00,17.64
2024-06-23T07:00:00+02:00,17.622
2024-06-23T19:00:00+02:00,17.611
2024-06-24T07:00:00+02:00,17.603
2024-06-24T19:00:00+02:00,17.598
2024-06-25T07:00:00+02:00,17.59
2024-06-25T19:00:00+02:00,17.58
2024-06-26T07:00:00+02:00,17.571
2024-06-26T19:00:00+02:00,17.56
2024-06-27T07:00:00+02:00,17.551
2024-06-27T19:00:00+02:00,17.533
2024-06-28T07:00:00+02:00,17.504
2024-06-28T19:00:00+02:00,17.493
2024-06-29T07:00:00+02:00,17.498
2024-06-29T19:00:00+02:00,17.483
2024-06-30T07:00:00+02:00,17.503
2024-06-30T19:00:00+02:00,17.506
2024-07-01T07:00:00+02:00,17.513
2024-07-01T19:00:00+02:00,17.508
2024-07-02T07:00:00+02:00,17.515
2024-07-02T19:00:00+02:00,17.509
2024-07-03T07:00:00+02:00,17.519
2024-07-03T19:00:00+02:00,17.529
2024-07-04T07:00:00+02:00,17.54
2024-07-04T19:00:00+02:00,17.51
2024-07-05T07:00:00+02:00,17.521
2024-07-05T19:00:00+02:00,17.522
2024-07-06T07:00:00+02:00,17.535
2024-07-06T19:00:00+02:00,17.474
2024-07-07T07:00:00+02:00,17.468
2024-07-07T19:00:00+02:00,17.459
2024-07-08T07:00:00+02:00,17.453
2024-07-08T19:00:00+02:00,17.441
2024-07-09T07:00:00+02:00,17.468
2024-07-09T19:00:00+02:00,17.436
2024-07-10T07:00:00+02:00,17.471
2024-07-10T19:00:00+02:00,17.471
2024-07-11T07:00:00+02:00,17.475
2024-07-11T19:00:00+02:00,17.471
2024-07-12T07:00:00+02:00,17.49
2024-07-12T19:00:00+02:00,17.641
2024-07-13T07:00:00+02:00,17.658
2024-07-13T19:00:00+02:00,17.626
2024-07-14T07:00:00+02:00,17.618
2024-07-14T19:00:00+02:00,17.596
2024-07-15T07:00:00+02:00,17.592
2024-07-15T19:00:00+02:00,17.587
2024-07-16T07:00:00+02:00,17.558
2024-07-16T19:00:00+02:00,17.546
2024-07-17T07:00:00+02:00,17.527
2024-07-17T19:00:00+02:00,17.511
2024-07-18T07:00:00+02:00,17.513
2024-07-18T19:00:00+02:00,17.509
2024-07-19T07:00:00+02:00,17.512
2024-07-19T19:00:00+02:00,17.495
2024-07-20T07:00:00+02:00,17.504
2024-07-20T19:00:00+02:00,17.493
2024-07-21T07:00:00+02:00,17.547
2024-07-21T19:00:00+02:00,17.583
2024-07-22T07:00:00+02:00,17.565
2024-07-22T19:00:00+02:00,17.552
2024-07-23T07:00:00+02:00,17.555
2024-07-23T19:00:00+02:00,17.528
2024-07-24T07:00:00+02:00,17.532
2024-07-24T19:00:00+02:00,17.526
2024-07-25T07:00:00+02:00,17.528
2024-07-25T19:00:00+02:00,17.513
2024-07-26T07:00:00+02:00,17.507
2024-07-26T19:00:00+02:00,17.485
2024-07-27T07:00:00+02:00,17.481
2024-07-27T19:00:00+02:00,17.464
2024-07-28T07:00:00+02:00,17.433
2024-07-28T19:00:00+02:00,17.433
2024-07-29T07:00:00+02:00,17.432
2024-07-29T19:00:00+02:00,17.436
2024-07-30T07:00:00+02:00,17.428
2024-07-30T19:00:00+02:00,17.417
2024-07-31T07:00:00+02:00,17.411
2024-07-31T19:00:00+02:00,17.402
2024-08-01T07:00:00+02:00,17.395
2024-08-01T19:00:00+02:00,17.398
2024-08-02T07:00:00+02:00,17.396
2024-08-02T19:00:00+02:00,17.403
2024-08-03T07:00:00+02:00,17.384
2024-08-03T19:00:00+02:00,17.387
2024-08-05T07:00:00+02:00,17.374
2024-08-05T19:00:00+02:00,17.368
2024-08-06T07:00:00+02:00,17.373
2024-08-06T19:00:00+02:00,17.349
2024-08-07T07:00:00+02:00,17.346
2024-08-07T19:00:00+02:00,17.388
2024-08-08T07:00:00+02:00,17.4
2024-08-08T19:00:00+02:00,17.41
2024-08-09T07:00:00+02:00,17.417
2024-08-09T19:00:00+02:00,17.396
2024-08-10T07:00:00+02:00,17.382
2024-08-10T19:00:00+02:00,17.378
2024-08-11T07:00:00+02:00,17.363
2024-08-11T19:00:00+02:00,17.368
2024-08-12T07:00:00+02:00,17.377
2024-08-12T19:00:00+02:00,17.368
2024-08-13T07:00:00+02:00,17.358
2024-08-13T19:00:00+02:00,17.334
2024-08-14T07:00:00+02:00,17.34
2024-08-14T19:00:00+02:00,17.328
2024-08-15T07:00:00+02:00,17.316
2024-08-15T19:00:00+02:00,17.323
2024-08-16T07:00:00+02:00,17.321
2024-08-16T19:00:00+02:00,17.318
2024-08-17T07:00:00+02:00,17.311
2024-08-17T19:00:00+02:00,17.315
2024-08-18T07:00:00+02:00,17.313
2024-08-18T19:00:00+02:00,17.29
2024-08-19T07:00:00+02:00,17.287
2024-08-19T19:00:00+02:00,17.295
2024-08-20T07:00:00+02:00,17.303
2024-08-20T19:00:00+02:00,17.294
2024-08-21T07:00:00+02:00,17.274
2024-08-21T19:00:00+02:00,17.286
2024-08-22T07:00:00+02:00,17.299
2024-08-22T19:00:00+02:00,17.289
2024-08-23T07:00:00+02:00,17.302
2024-08-23T19:00:00+02:00,17.27
2024-08-24T07:00:00+02:00,17.285
2024-08-24T19:00:00+02:00,17.274
2024-08-25T07:00:00+02:00,17.238
2024-08-25T19:00:00+02:00,17.257
2024-08-26T07:00:00+02:00,17.25
2024-08-26T19:00:00+02:00,17.257
2024-08-27T07:00:00+02:00,17.246
2024-08-27T19:00:00+02:00,17.256
2024-08-28T07:00:00+02:00,17.253
2024-08-28T19:00:00+02:00,17.253
2024-08-29T07:00:00+02:00,17.244
2024-08-29T19:00:00+02:00,17.223
2024-08-30T07:00:00+02:00,17.228
2024-08-30T19:00:00+02:00,17.234
2024-08-31T07:00:00+02:00,17.228
2024-08-31T19:00:00+02:00,17.235
2024-09-01T07:00:00+02:00,17.244
2024-09-01T19:00:00+02:00,17.238
2024-09-02T07:00:00+02:00,17.228
2024-09-02T19:00:00+02:00,17.242
2024-09-03T07:00:00+02:00,17.239
2024-09-03T19:00:00+02:00,17.243
2024-09-04T07:00:00+02:00,17.242
2024-09-04T19:00:00+02:00,17.252
2024-09-05T07:00:00+02:00,17.274
2024-09-05T19:00:00+02:00,17.266
2024-09-06T07:00:00+02:00,17.26
2024-09-06T19:00:00+02:00,17.251
2024-09-07T07:00:00+02:00,17.262
2024-09-07T19:00:00+02:00,17.263
2024-09-08T07:00:00+02:00,17.258
2024-09-08T19:00:00+02:00,17.258
2024-09-09T07:00:00+02:00,17.263
2024-09-09T19:00:00+02:00,17.223
2024-09-10T07:00:00+02:00,17.237
2024-09-10T19:00:00+02:00,17.249
2024-09-11T07:00:00+02:00,17.246
2024-09-11T19:00:00+02:00,17.25
2024-09-12T07:00:00+02:00,17.256
2024-09-12T19:00:00+02:00,17.258
2024-09-13T07:00:00+02:00,17.249
2024-09-13T19:00:00+02:00,17.241
2024-09-14T07:00:00+02:00,17.242
2024-09-14T19:00:00+02:00,17.243
2024-09-15T07:00:00+02:00,17.253
2024-09-15T19:00:00+02:00,17.262
2024-09-16T07:00:00+02:00,17.259
2024-09-16T19:00:00+02:00,17.24
2024-10-01T09:00:00+02:00,17.283
2024-10-01T21:00:00+02:00,17.293
2024-10-02T09:00:00+02:00,17.279
2024-10-02T21:00:00+02:00,17.264
2024-10-03T09:00:00+02:00,17.262
2024-10-03T21:00:00+02:00,17.261
2024-10-04T09:00:00+02:00,17.257
2024-10-04T21:00:00+02:00,17.253
2024-10-05T09:00:00+02:00,17.258
2024-10-05T21:00:00+02:00,17.267
2024-10-06T09:00:00+02:00,17.27
2024-10-06T21:00:00+02:00,17.281
2024-10-07T09:00:00+02:00,17.26
2024-10-07T21:00:00+02:00,17.276
2024-10-08T09:00:00+02:00,17.257
2024-10-08T21:00:00+02:00,17.265
2024-10-09T09:00:00+02:00,17.277
2024-10-09T21:00:00+02:00,17.299
2024-10-10T09:00:00+02:00,17.303
2024-10-10T21:00:00+02:00,17.341
2024-10-11T09:00:00+02:00,17.34
2024-10-11T21:00:00+02:00,17.351
2024-10-12T09:00:00+02:00,17.367
2024-10-12T21:00:00+02:00,17.387
2024-10-13T09:00:00+02:00,17.342
2024-10-13T21:00:00+02:00,17.337
2024-10-14T09:00:00+02:00,17.341
2024-10-14T21:00:00+02:00,17.329
2024-10-15T09:00:00+02:00,17.328
2024-10-15T21:00:00+02:00,17.353
2024-10-16T09:00:00+02:00,17.356
2024-10-16T21:00:00+02:00,17.347
2024-10-17T09:00:00+02:00,17.331
2024-10-17T21:00:00+02:00,17.324
2024-10-18T09:00:00+02:00,17.321
2024-10-18T21:00:00+02:00,17.326
2024-10-19T09:00:00+02:00,17.318
2024-10-19T21:00:00+02:00,17.313
2024-10-20T09:00:00+02:00,17.319
2024-10-20T21:00:00+02:00,17.316
2024-10-21T09:00:00+02:00,17.293
2024-10-21T21:00:00+02:00,17.333
2024-10-22T09:00:00+02:00,17.313
2024-10-22T21:00:00+02:00,17.324
2024-10-23T09:00:00+02:00,17.332
2024-10-23T21:00:00+02:00,17.342
2024-10-24T09:00:00+02:00,17.353
2024-10-24T21:00:00+02:00,17.36
2024-10-25T09:00:00+02:00,17.354
2024-10-25T21:00:00+02:00,17.346
2024-10-26T09:00:00+02:00,17.345
2024-10-26T21:00:00+02:00,17.347
2024-10-27T09:00:00+01:00,17.316
2024-10-27T21:00:00+01:00,17.314
2024-10-28T09:00:00+01:00,17.315
2024-10-28T21:00:00+01:00,17.309
2024-10-29T09:00:00+01:00,17.309
2024-10-29T21:00:00+01:00,17.312
2024-10-30T09:00:00+01:00,17.311
2024-10-30T21:00:00+01:00,17.319
2024-10-31T09:00:00+01:00,17.327
2024-10-31T21:00:00+01:00,17.328
2024-11-01T09:00:00+01:00,17.32
2024-11-01T21:00:00+01:00,17.302
2024-11-02T09:00:00+01:00,17.283
2024-11-02T21:00:00+01:00,17.302
2024-11-03T09:00:00+01:00,17.303
2024-11-03T21:00:00+01:00,17.305
2024-11-04T09:00:00+01:00,17.304
2024-11-04T21:00:00+01:00,17.313
2024-11-05T09:00:00+01:00,17.297
2024-11-05T21:00:00+01:00,17.284
2024-11-06T09:00:00+01:00,17.269
2024-11-06T21:00:00+01:00,17.265
2024-11-07T09:00:00+01:00,17.264
2024-11-07T21:00:00+01:00,17.274
2024-11-08T09:00:00+01:00,17.275
2024-11-08T21:00:00+01:00,17.274
2024-11-09T09:00:00+01:00,17.264
2024-11-09T21:00:00+01:00,17.258
2024-11-10T09:00:00+01:00,17.251
2024-11-10T21:00:00+01:00,17.243
2024-11-11T09:00:00+01:00,17.245
2024-11-11T21:00:00+01:00,17.254
2024-11-12T09:00:00+01:00,17.234
2024-11-12T21:00:00+01:00,17.243
2024-11-13T09:00:00+01:00,17.245
2024-11-13T21:00:00+01:00,17.262
2024-11-14T09:00:00+01:00,17.262
2024-11-14T21:00:00+01:00,17.259
2024-11-15T09:00:00+01:00,17.262
2024-11-15T21:00:00+01:00,17.275
2024-11-16T09:00:00+01:00,17.278
2024-11-16T21:00:00+01:00,17.292
2024-11-17T09:00:00+01:00,17.275
2024-11-17T21:00:00+01:00,17.288
2024-11-18T09:00:00+01:00,17.285
2024-11-18T21:00:00+01:00,17.327
2024-11-19T09:00:00+01:00,17.37
2024-11-19T21:00:00+01:00,17.429
2024-11-20T09:00:00+01:00,17.44
2024-11-20T21:00:00+01:00,17.557
2024-11-21T09:00:00+01:00,17.615
2024-11-21T21:00:00+01:00,17.587
2024-11-22T09:00:00+01:00,17.557
2024-11-22T21:00:00+01:00,17.515
2024-11-23T09:00:00+01:00,17.571
2024-11-23T21:00:00+01:00,17.601
2024-11-24T09:00:00+01:00,17.617
2024-11-24T21:00:00+01:00,17.614
2024-11-25T09:00:00+01:00,17.6
2024-11-25T21:00:00+01:00,17.59
2024-11-26T09:00:00+01:00,17.572
2024-11-26T21:00:00+01:00,17.56
2024-11-27T09:00:00+01:00,17.601
2024-11-27T21:00:00+01:00,17.568
2024-11-28T09:00:00+01:00,17.55
2024-11-28T21:00:00+01:00,17.54
2024-11-29T09:00:00+01:00,17.535
2024-11-29T21:00:00+01:00,17.546
2024-11-30T09:00:00+01:00,17.54
2024-11-30T21:00:00+01:00,17.536
2024-12-01T09:00:00+01:00,17.534
2024-12-01T21:00:00+01:00,17.534
2024-12-02T09:00:00+01:00,17.537
2024-12-02T21:00:00+01:00,17.526
2024-12-03T09:00:00+01:00,17.506
2024-12-03T21:00:00+01:00,17.514
2024-12-04T09:00:00+01:00,17.508
2024-12-04T21:00:00+01:00,17.513
2024-12-05T09:00:00+01:00,17.556
2024-12-05T21:00:00+01:00,17.604
2024-12-06T09:00:00+01:00,17.595
2024-12-06T21:00:00+01:00,17.637
2024-12-07T09:00:00+01:00,17.689
2024-12-07T21:00:00+01:00,17.669
2024-12-08T09:00:00+01:00,17.638
2024-12-08T21:00:00+01:00,17.61
2024-12-09T09:00:00+01:00,17.607
2024-12-09T21:00:00+01:00,17.591
2024-12-10T09:00:00+01:00,17.571
2024-12-10T21:00:00+01:00,17.567
2024-12-11T09:00:00+01:00,17.545
2024-12-11T21:00:00+01:00,17.54
2024-12-12T09:00:00+01:00,17.535
2024-12-12T21:00:00+01:00,17.536
2024-12-13T09:00:00+01:00,17.529
2024-12-13T21:00:00+01:00,17.538
2024-12-14T09:00:00+01:00,17.534
2024-12-14T21:00:00+01:00,17.504
2024-12-15T09:00:00+01:00,17.497
2024-12-15T21:00:00+01:00,17.499
2024-12-16T09:00:00+01:00,17.497
2024-12-16T21:00:00+01:00,17.511
2024-12-17T09:00:00+01:00,17.504
2024-12-17T21:00:00+01:00,17.546
2024-12-18T09:00:00+01:00,17.543
2024-12-18T21:00:00+01:00,17.546
2024-12-19T09:00:00+01:00,17.539
2024-12-19T21:00:00+01:00,17.497
2024-12-20T09:00:00+01:00,17.523
2024-12-20T21:00:00+01:00,17.552
2024-12-21T09:00:00+01:00,17.554
2024-12-21T21:00:00+01:00,17.596
2024-12-22T09:00:00+01:00,17.597
2024-12-22T21:00:00+01:00,17.599
2024-12-23T09:00:00+01:00,17.589
2024-12-23T21:00:00+01:00,17.601
2024-12-24T09:00:00+01:00,17.598
2024-12-24T21:00:00+01:00,17.599
2024-12-25T09:00:00+01:00,17.587
2024-12-25T21:00:00+01:00,17.588
2024-12-26T09:00:00+01:00,17.572
2024-12-26T21:00:00+01:00,17.579
2024-12-27T09:00:00+01:00,17.574
2024-12-27T21:00:00+01:00,17.565
2024-12-28T09:00:00+01:00,17.554
2024-12-28T21:00:00+01:00,17.554
2024-12-29T09:00:00+01:00,17.536
2024-12-29T21:00:00+01:00,17.537
2024-12-30T09:00:00+01:00,17.539
2024-12-30T21:00:00+01:00,17.529
2024-12-31T09:00:00+01:00,17.533
2024-12-31T21:00:00+01:00,17.547
2025-01-01T09:00:00+01:00,17.567
2025-01-01T21:00:00+01:00,17.545
2025-01-02T09:00:00+01:00,17.572
2025-01-02T21:00:00+01:00,17.574
2025-01-03T09:00:00+01:00,17.577
2025-01-03T21:00:00+01:00,17.572
2025-01-04T09:00:00+01:00,17.594
2025-01-04T21:00:00+01:00,17.622
2025-01-05T09:00:00+01:00,17.657
2025-01-05T21:00:00+01:00,17.708
2025-01-06T09:00:00+01:00,17.752
2025-01-06T21:00:00+01:00,17.675
2025-01-07T09:00:00+01:00,17.66
2025-01-07T21:00:00+01:00,17.649
2025-01-08T09:00:00+01:00,17.631
2025-01-08T21:00:00+01:00,17.649
2025-01-09T09:00:00+01:00,17.644
2025-01-09T21:00:00+01:00,17.635
2025-01-10T09:00:00+01:00,17.645
2025-01-10T21:00:00+01:00,17.641
2025-01-11T09:00:00+01:00,17.609
2025-01-11T21:00:00+01:00,17.596
2025-01-12T09:00:00+01:00,17.577
2025-01-12T21:00:00+01:00,17.576
2025-01-13T09:00:00+01:00,17.578
2025-01-13T21:00:00+01:00,17.592
2025-01-14T09:00:00+01:00,17.587
2025-01-14T21:00:00+01:00,17.58
2025-01-15T09:00:00+01:00,17.57
2025-01-15T21:00:00+01:00,17.563
2025-01-16T09:00:00+01:00,17.558
2025-01-16T21:00:00+01:00,17.55
2025-01-17T09:00:00+01:00,17.545
2025-01-17T21:00:00+01:00,17.558
2025-01-18T09:00:00+01:00,17.564
2025-01-18T21:00:00+01:00,17.573
2025-01-19T09:00:00+01:00,17.577
2025-01-19T21:00:00+01:00,17.565
2025-01-20T09:00:00+01:00,17.555
2025-01-20T21:00:00+01:00,17.551
2025-01-21T09:00:00+01:00,17.548
2025-01-21T21:00:00+01:00,17.562
2025-01-22T09:00:00+01:00,17.575
2025-01-22T21:00:00+01:00,17.579
2025-01-23T09:00:00+01:00,17.573
2025-01-23T21:00:00+01:00,17.627
2025-01-24T09:00:00+01:00,17.641
2025-01-24T21:00:00+01:00,17.644
2025-01-25T09:00:00+01:00,17.677
2025-01-25T21:00:00+01:00,17.716
2025-01-26T09:00:00+01:00,17.703
2025-01-26T21:00:00+01:00,17.749
2025-01-27T09:00:00+01:00,17.705
2025-01-27T21:00:00+01:00,17.698
2025-01-28T09:00:00+01:00,17.688
2025-01-28T21:00:00+01:00,17.672
2025-01-29T09:00:00+01:00,17.634
2025-01-29T21:00:00+01:00,17.64
2025-01-30T09:00:00+01:00,17.63
2025-01-30T21:00:00+01:00,17.667
2025-01-31T09:00:00+01:00,17.662
2025-01-31T21:00:00+01:00,17.642
2025-02-01T09:00:00+01:00,17.639
2025-02-01T21:00:00+01:00,17.652
2025-02-02T09:00:00+01:00,17.642
2025-02-02T21:00:00+01:00,17.617
2025-02-03T09:00:00+01:00,17.61
2025-02-03T21:00:00+01:00,17.613
2025-02-04T09:00:00+01:00,17.599
2025-02-04T21:00:00+01:00,17.591
2025-02-05T09:00:00+01:00,17.563
2025-02-05T21:00:00+01:00,17.566
2025-02-06T09:00:00+01:00,17.569
2025-02-06T21:00:00+01:00,17.591
2025-02-07T09:00:00+01:00,17.608
2025-02-07T21:00:00+01:00,17.606
2025-02-08T09:00:00+01:00,17.58
2025-02-08T21:00:00+01:00,17.565
2025-02-09T09:00:00+01:00,17.548
2025-02-09T21:00:00+01:00,17.561
2025-02-10T09:00:00+01:00,17.567
2025-02-10T21:00:00+01:00,17.588
2025-02-11T09:00:00+01:00,17.593
2025-02-11T21:00:00+01:00,17.63
2025-02-12T09:00:00+01:00,17.628
2025-02-12T21:00:00+01:00,17.62
2025-02-13T09:00:00+01:00,17.596
2025-02-13T21:00:00+01:00,17.586
2025-02-14T09:00:00+01:00,17.575
2025-02-14T21:00:00+01:00,17.572
2025-02-15T09:00:00+01:00,17.583
2025-02-15T21:00:00+01:00,17.578
2025-02-16T09:00:00+01:00,17.56
2025-02-16T21:00:00+01:00,17.55
2025-02-17T09:00:00+01:00,17.542
2025-02-17T21:00:00+01:00,17.534
2025-02-18T09:00:00+01:00,17.527
2025-02-18T21:00:00+01:00,17.536
2025-02-19T09:00:00+01:00,17.537
2025-02-19T21:00:00+01:00,17.528
2025-02-20T09:00:00+01:00,17.534
2025-02-20T21:00:00+01:00,17.517
2025-02-21T09:00:00+01:00,17.535
2025-02-21T21:00:00+01:00,17.543
2025-02-22T09:00:00+01:00,17.532
2025-02-22T21:00:00+01:00,17.498
2025-02-23T09:00:00+01:00,17.52
2025-02-23T21:00:00+01:00,17.556
2025-02-24T09:00:00+01:00,17.585
2025-02-24T21:00:00+01:00,17.559
2025-02-25T09:00:00+01:00,17.568
2025-02-25T21:00:00+01:00,17.55
2025-02-26T09:00:00+01:00,17.58
2025-02-26T21:00:00+01:00,17.637
2025-02-27T09:00:00+01:00,17.614
2025-02-27T21:00:00+01:00,17.6
2025-02-28T09:00:00+01:00,17.586
2025-02-28T21:00:00+01:00,17.595
2025-03-01T09:00:00+01:00,17.569
2025-03-01T21:00:00+01:00,17.574
2025-03-02T09:00:00+01:00,17.575
2025-03-02T21:00:00+01:00,17.583
2025-03-03T09:00:00+01:00,17.571
2025-03-03T21:00:00+01:00,17.572
2025-03-04T09:00:00+01:00,17.567
2025-03-04T21:00:00+01:00,17.567
2025-03-05T09:00:00+01:00,17.556
2025-03-05T21:00:00+01:00,17.567
2025-03-06T09:00:00+01:00,17.563
2025-03-06T21:00:00+01:00,17.559
2025-03-07T09:00:00+01:00,17.547
2025-03-07T21:00:00+01:00,17.55
2025-03-08T09:00:00+01:00,17.548
2025-03-08T21:00:00+01:00,17.557
2025-03-09T09:00:00+01:00,17.555
2025-03-09T21:00:00+01:00,17.553
2025-03-10T09:00:00+01:00,17.54
2025-03-10T21:00:00+01:00,17.527
2025-03-11T09:00:00+01:00,17.524
2025-03-11T21:00:00+01:00,17.519
2025-03-12T09:00:00+01:00,17.523
2025-03-12T21:00:00+01:00,17.515
2025-03-15T00:00:00+01:00,17.469
2025-03-15T12:00:00+01:00,17.47
2025-03-16T00:00:00+01:00,17.471
2025-03-16T12:00:00+01:00,17.468
2025-03-17T00:00:00+01:00,17.455
2025-03-17T12:00:00+01:00,17.453
2025-03-18T00:00:00+01:00,17.459
2025-03-18T12:00:00+01:00,17.47
2025-03-19T00:00:00+01:00,17.463
2025-03-19T12:00:00+01:00,17.463
2025-03-20T00:00:00+01:00,17.463
2025-03-20T12:00:00+01:00,17.459
2025-03-21T00:00:00+01:00,17.461
2025-03-21T12:00:00+01:00,17.479
2025-03-22T00:00:00+01:00,17.48
2025-03-22T12:00:00+01:00,17.482
2025-03-23T00:00:00+01:00,17.481
2025-03-23T12:00:00+01:00,17.457
2025-03-24T00:00:00+01:00,17.441
2025-03-24T12:00:00+01:00,17.426
2025-03-25T00:00:00+01:00,17.423
2025-03-25T12:00:00+01:00,17.429
2025-03-26T00:00:00+01:00,17.424
2025-03-26T12:00:00+01:00,17.414
2025-03-27T00:00:00+01:00,17.417
2025-03-27T12:00:00+01:00,17.426
2025-03-30T00:00:00+01:00,17.419
2025-03-30T12:00:00+02:00,17.414
2025-04-02T00:00:00+02:00,17.397
2025-04-02T12:00:00+02:00,17.398
2025-04-03T00:00:00+02:00,17.391
2025-04-03T12:00:00+02:00,17.392
2025-04-04T00:00:00+02:00,17.39
2025-04-04T12:00:00+02:00,17.395
2025-04-05T00:00:00+02:00,17.388
2025-04-05T12:00:00+02:00,17.384
2025-04-06T00:00:00+02:00,17.371
2025-04-06T12:00:00+02:00,17.362
2025-04-07T00:00:00+02:00,17.364
2025-04-07T12:00:00+02:00,17.359
2025-04-08T00:00:00+02:00,17.353
2025-04-08T12:00:00+02:00,17.348
2025-04-09T00:00:00+02:00,17.352
2025-04-09T12:00:00+02:00,17.339
2025-04-10T00:00:00+02:00,17.338
2025-04-10T12:00:00+02:00,17.338
2025-04-11T00:00:00+02:00,17.347
2025-04-11T12:00:00+02:00,17.354
2025-04-12T00:00:00+02:00,17.357
2025-04-12T12:00:00+02:00,17.368
2025-04-13T00:00:00+02:00,17.374
2025-04-13T12:00:00+02:00,17.35
2025-04-14T00:00:00+02:00,17.341
2025-04-14T12:00:00+02:00,17.34
2025-04-15T00:00:00+02:00,17.349
2025-04-15T12:00:00+02:00,17.355
2025-04-16T00:00:00+02:00,17.336
2025-04-16T12:00:00+02:00,17.322
2025-04-17T00:00:00+02:00,17.318
2025-04-17T12:00:00+02:00,17.318
2025-04-18T00:00:00+02:00,17.323
2025-04-18T12:00:00+02:00,17.33
2025-04-19T00:00:00+02:00,17.335
2025-04-19T12:00:00+02:00,17.339
2025-04-20T00:00:00+02:00,17.342
2025-04-20T12:00:00+02:00,17.333
2025-04-21T00:00:00+02:00,17.347
2025-04-21T12:00:00+02:00,17.357
2025-04-22T00:00:00+02:00,17.352
2025-04-22T12:00:00+02:00,17.348
2025-04-23T00:00:00+02:00,17.355
2025-04-23T12:00:00+02:00,17.366
2025-04-24T00:00:00+02:00,17.357
2025-04-24T12:00:00+02:00,17.372
2025-04-25T00:00:00+02:00,17.414
2025-04-25T12:00:00+02:00,17.43
2025-04-26T00:00:00+02:00,17.441
2025-04-26T12:00:00+02:00,17.439
2025-04-27T00:00:00+02:00,17.433
2025-04-27T12:00:00+02:00,17.43
2025-04-28T00:00:00+02:00,17.417
2025-04-28T12:00:00+02:00,17.412
2025-04-29T00:00:00+02:00,17.398
2025-04-29T12:00:00+02:00,17.391
2025-04-30T00:00:00+02:00,17.389
2025-04-30T12:00:00+02:00,17.38
2025-05-01T00:00:00+02:00,17.383
2025-05-01T12:00:00+02:00,17.369
2025-05-02T00:00:00+02:00,17.375
2025-05-02T12:00:00+02:00,17.365
2025-05-03T00:00:00+02:00,17.352
2025-05-03T12:00:00+02:00,17.36
2025-05-04T00:00:00+02:00,17.332
2025-05-04T12:00:00+02:00,17.327
2025-05-05T00:00:00+02:00,17.314
2025-05-05T12:00:00+02:00,17.305
2025-05-06T00:00:00+02:00,17.295
2025-05-06T12:00:00+02:00,17.285
2025-05-07T00:00:00+02:00,17.288
2025-05-07T12:00:00+02:00,17.29
2025-05-08T00:00:00+02:00,17.281
2025-05-08T12:00:00+02:00,17.283
2025-05-09T00:00:00+02:00,17.266
2025-05-09T12:00:00+02:00,17.263
2025-05-10T00:00:00+02:00,17.256
2025-05-10T12:00:00+02:00,17.256
2025-05-11T00:00:00+02:00,17.259
2025-05-11T12:00:00+02:00,17.259
2025-05-12T00:00:00+02:00,17.249
2025-05-12T12:00:00+02:00,17.234
2025-05-13T00:00:00+02:00,17.231
2025-05-13T12:00:00+02:00,17.227
2025-05-14T00:00:00+02:00,17.221
2025-05-14T12:00:00+02:00,17.213
2025-05-15T00:00:00+02:00,17.212
2025-05-15T12:00:00+02:00,17.207
2025-05-16T00:00:00+02:00,17.194
2025-05-16T12:00:00+02:00,17.192
2025-05-17T00:00:00+02:00,17.192
2025-05-17T12:00:00+02:00,17.186
2025-05-18T00:00:00+02:00,17.184
2025-05-18T12:00:00+02:00,17.18
2025-05-19T00:00:00+02:00,17.174
2025-05-19T12:00:00+02:00,17.16
2025-05-20T00:00:00+02:00,17.164
2025-05-20T12:00:00+02:00,17.162
2025-05-21T00:00:00+02:00,17.158
2025-05-21T12:00:00+02:00,17.152
2025-05-22T00:00:00+02:00,17.148
2025-05-22T12:00:00+02:00,17.147
2025-05-23T00:00:00+02:00,17.136
2025-05-23T12:00:00+02:00,17.129
2025-05-24T00:00:00+02:00,17.137
2025-05-24T12:00:00+02:00,17.133
2025-05-25T00:00:00+02:00,17.145
2025-05-25T12:00:00+02:00,17.149
2025-05-26T00:00:00+02:00,17.139
2025-05-26T12:00:00+02:00,17.134
2025-05-27T00:00:00+02:00,17.134
2025-05-27T12:00:00+02:00,17.138
2025-05-28T00:00:00+02:00,17.15
2025-05-28T12:00:00+02:00,17.157
2025-05-29T00:00:00+02:00,17.155
2025-05-29T12:00:00+02:00,17.172
2025-05-30T00:00:00+02:00,17.179
2025-05-30T12:00:00+02:00,17.18
2025-05-31T00:00:00+02:00,17.179
2025-05-31T12:00:00+02:00,17.181
2025-06-01T00:00:00+02:00,17.187
2025-06-01T12:00:00+02:00,17.189
2025-06-02T00:00:00+02:00,17.187
2025-06-02T12:00:00+02:00,17.176
2025-06-03T00:00:00+02:00,17.184
2025-06-03T12:00:00+02:00,17.192
2025-06-04T00:00:00+02:00,17.187
2025-06-04T12:00:00+02:00,17.179
2025-06-05T00:00:00+02:00,17.169
2025-06-05T12:00:00+02:00,17.16
2025-06-06T00:00:00+02:00,17.182
2025-06-06T12:00:00+02:00,17.164
2025-06-07T00:00:00+02:00,17.161
2025-06-07T12:00:00+02:00,17.163
2025-06-08T00:00:00+02:00,17.197
2025-06-08T12:00:00+02:00,17.183
2025-06-09T00:00:00+02:00,17.186
2025-06-09T12:00:00+02:00,17.177
2025-06-10T00:00:00+02:00,17.2
2025-06-10T12:00:00+02:00,17.203
2025-06-11T00:00:00+02:00,17.184
2025-06-11T12:00:00+02:00,17.175
2025-06-12T00:00:00+02:00,17.188
2025-06-12T12:00:00+02:00,17.196
2025-06-13T00:00:00+02:00,17.178
2025-06-13T12:00:00+02:00,17.159
2025-06-14T00:00:00+02:00,17.171
2025-06-14T12:00:00+02:00,17.157
2025-06-15T00:00:00+02:00,17.144
2025-06-15T12:00:00+02:00,17.127
2025-06-16T00:00:00+02:00,17.124
2025-06-16T12:00:00+02:00,17.122
2025-06-17T00:00:00+02:00,17.114
2025-06-17T12:00:00+02:00,17.102
2025-06-18T00:00:00+02:00,17.106
2025-06-18T12:00:00+02:00,17.105
2025-06-19T00:00:00+02:00,17.09
2025-06-19T12:00:00+02:00,17.078
2025-06-20T00:00:00+02:00,17.08
2025-06-20T12:00:00+02:00,17.078
2025-06-21T00:00:00+02:00,17.071
2025-06-21T12:00:00+02:00,17.065
2025-06-22T00:00:00+02:00,17.069
2025-06-22T12:00:00+02:00,17.075
2025-06-23T00:00:00+02:00,17.057
2025-06-23T12:00:00+02:00,17.04
2025-06-24T00:00:00+02:00,17.047
2025-06-24T12:00:00+02:00,17.045
2025-06-25T00:00:00+02:00,17.043
2025-06-25T12:00:00+02:00,17.026
2025-06-26T00:00:00+02:00,17.042
2025-06-26T12:00:00+02:00,17.028
2025-06-27T00:00:00+02:00,17.02
2025-06-27T12:00:00+02:00,17.006
2025-06-28T00:00:00+02:00,17.016
2025-06-28T12:00:00+02:00,17.011
2025-06-29T00:00:00+02:00,16.999
2025-06-29T12:00:00+02:00,16.997
2025-06-30T00:00:00+02:00,16.998
2025-06-30T12:00:00+02:00,17.006
2025-07-01T00:00:00+02:00,16.996
2025-07-01T12:00:00+02:00,16.988
2025-07-02T00:00:00+02:00,16.987
2025-07-02T12:00:00+02:00,16.995
2025-07-03T00:00:00+02:00,16.975
2025-07-03T12:00:00+02:00,16.955
2025-07-04T00:00:00+02:00,16.965
2025-07-04T12:00:00+02:00,16.962
2025-07-05T00:00:00+02:00,16.966
2025-07-05T12:00:00+02:00,16.955
2025-07-06T00:00:00+02:00,16.969
2025-07-06T12:00:00+02:00,16.965
2025-07-07T00:00:00+02:00,16.968
2025-07-07T12:00:00+02:00,16.957
2025-07-08T00:00:00+02:00,16.948
2025-07-08T12:00:00+02:00,16.94
2025-07-09T00:00:00+02:00,16.936
2025-07-09T12:00:00+02:00,16.924
2025-07-10T00:00:00+02:00,16.929
2025-07-10T12:00:00+02:00,16.931
2025-07-11T00:00:00+02:00,16.924
2025-07-11T12:00:00+02:00,16.921
2025-07-12T00:00:00+02:00,16.928
2025-07-12T12:00:00+02:00,16.933
2025-07-13T00:00:00+02:00,16.929
2025-07-13T12:00:00+02:00,16.916
2025-07-14T00:00:00+02:00,16.919
2025-07-14T12:00:00+02:00,16.921
2025-07-15T00:00:00+02:00,16.908
2025-07-15T12:00:00+02:00,16.898
2025-07-16T00:00:00+02:00,16.902
2025-07-16T12:00:00+02:00,16.901
2025-07-17T00:00:00+02:00,16.89
2025-07-17T12:00:00+02:00,16.884
2025-07-18T00:00:00+02:00,16.891
2025-07-18T12:00:00+02:00,16.893
2025-07-19T00:00:00+02:00,16.893
2025-07-19T12:00:00+02:00,16.888
2025-07-20T00:00:00+02:00,16.884
2025-07-20T12:00:00+02:00,16.891
2025-07-21T00:00:00+02:00,16.892
2025-07-21T12:00:00+02:00,16.878
2025-07-22T00:00:00+02:00,16.885
2025-07-22T12:00:00+02:00,16.889
2025-07-23T00:00:00+02:00,16.886
2025-07-23T12:00:00+02:00,16.882
2025-07-24T00:00:00+02:00,16.881
2025-07-24T12:00:00+02:00,16.889
2025-07-25T00:00:00+02:00,16.872
2025-07-25T12:00:00+02:00,16.873
2025-07-26T00:00:00+02:00,16.878
2025-07-26T12:00:00+02:00,16.888
2025-07-27T00:00:00+02:00,16.884
2025-07-27T12:00:00+02:00,16.875
2025-07-28T00:00:00+02:00,16.876
2025-07-28T12:00:00+02:00,16.876
2025-07-29T00:00:00+02:00,16.871
2025-07-29T12:00:00+02:00,16.87
2025-07-30T00:00:00+02:00,16.875
2025-07-30T12:00:00+02:00,16.874
2025-07-31T00:00:00+02:00,16.868
2025-07-31T12:00:00+02:00,16.853
2025-08-01T00:00:00+02:00,16.871
2025-08-01T12:00:00+02:00,16.868
2025-08-02T00:00:00+02:00,16.864
2025-08-02T12:00:00+02:00,16.858
2025-08-03T00:00:00+02:00,16.855
2025-08-03T12:00:00+02:00,16.86
2025-08-04T00:00:00+02:00,16.857
2025-08-04T12:00:00+02:00,16.864
2025-08-05T00:00:00+02:00,16.857
2025-08-05T12:00:00+02:00,16.851
2025-08-06T00:00:00+02:00,16.845
2025-08-06T12:00:00+02:00,16.846
2025-08-07T00:00:00+02:00,16.854
2025-08-07T12:00:00+02:00,16.855
2025-08-08T00:00:00+02:00,16.856
2025-08-08T12:00:00+02:00,16.836
2025-08-09T00:00:00+02:00,16.841
2025-08-09T12:00:00+02:00,16.841
2025-08-10T00:00:00+02:00,16.829
2025-08-10T12:00:00+02:00,16.816
2025-08-11T00:00:00+02:00,16.825
2025-08-11T12:00:00+02:00,16.835
2025-08-12T00:00:00+02:00,16.824
2025-08-12T12:00:00+02:00,16.818
2025-08-13T00:00:00+02:00,16.822
2025-08-13T12:00:00+02:00,16.815
2025-08-14T00:00:00+02:00,16.799
2025-08-14T12:00:00+02:00,16.795
2025-08-15T00:00:00+02:00,16.79
2025-08-15T12:00:00+02:00,16.792
2025-08-16T00:00:00+02:00,16.782
2025-08-16T12:00:00+02:00,16.772
2025-08-17T00:00:00+02:00,16.783
2025-08-17T12:00:00+02:00,16.787
2025-08-18T00:00:00+02:00,16.786
2025-08-18T12:00:00+02:00,16.778
2025-08-19T00:00:00+02:00,16.781
2025-08-19T12:00:00+02:00,16.781
2025-08-20T00:00:00+02:00,16.771
2025-08-20T12:00:00+02:00,16.764
2025-08-21T00:00:00+02:00,16.765
2025-08-21T12:00:00+02:00,16.764
2025-08-22T00:00:00+02:00,16.751
2025-08-22T12:00:00+02:00,16.742
2025-08-23T00:00:00+02:00,16.754
2025-08-23T12:00:00+02:00,16.752
2025-08-24T00:00:00+02:00,16.75
2025-08-24T12:00:00+02:00,16.735
2025-08-25T00:00:00+02:00,16.74
2025-08-25T12:00:00+02:00,16.744
2025-08-26T00:00:00+02:00,16.748
2025-08-26T12:00:00+02:00,16.746
2025-08-27T00:00:00+02:00,16.741
2025-08-27T12:00:00+02:00,16.747
2025-08-28T00:00:00+02:00,16.746
2025-08-28T12:00:00+02:00,16.734
2025-08-29T00:00:00+02:00,16.738
2025-08-29T12:00:00+02:00,16.739
2025-08-30T00:00:00+02:00,16.722
2025-08-30T12:00:00+02:00,16.711
2025-08-31T00:00:00+02:00,16.726
2025-08-31T12:00:00+02:00,16.722
2025-09-01T00:00:00+02:00,16.722
2025-09-01T12:00:00+02:00,16.713
2021-03-15T15:22:00+01:00,17.29
2021-09-17T13:47:00+02:00,16.94
2022-03-16T13:58:00+01:00,17.21
2022-09-15T11:48:00+02:00,16.59
2023-03-13T11:37:00+01:00,17.43
2023-09-14T14:45:00+02:00,17.06
2023-10-17T14:54:00+02:00,17.02
2024-03-12T13:08:00+01:00,17.69
2024-09-18T08:45:00+02:00,17.24
2025-03-13T10:44:00+01:00,17.52
2021-01-01T06:00:00+01:00,17.004
2021-01-01T18:00:00+01:00,17.0
2021-02-07T06:00:00+01:00,17.421
2021-02-07T18:00:00+01:00,17.418
2021-03-14T06:00:00+01:00,17.254
2021-03-14T18:00:00+01:00,17.254
2021-03-15T06:00:00+01:00,17.274
2021-03-15T18:00:00+01:00,17.287
2021-03-16T06:00:00+01:00,17.306
2021-03-16T18:00:00+01:00,17.311
2021-03-17T06:00:00+01:00,17.326
2021-03-17T18:00:00+01:00,17.326
2021-03-18T06:00:00+01:00,17.337
2021-03-18T18:00:00+01:00,17.342
2021-03-19T06:00:00+01:00,17.32
2021-03-19T18:00:00+01:00,17.312
2021-03-20T06:00:00+01:00,17.307
2021-03-20T18:00:00+01:00,17.311
2021-03-21T06:00:00+01:00,17.315
2021-03-21T18:00:00+01:00,17.303
2021-03-22T06:00:00+01:00,17.294
2021-03-22T18:00:00+01:00,17.281
2021-03-23T06:00:00+01:00,17.281
2021-03-23T18:00:00+01:00,17.276
2021-03-24T06:00:00+01:00,17.273
2021-03-24T18:00:00+01:00,17.271
2021-03-25T06:00:00+01:00,17.268
2021-03-25T18:00:00+01:00,17.265
2021-03-26T06:00:00+01:00,17.267
2021-03-26T18:00:00+01:00,17.276
2021-03-27T06:00:00+01:00,17.241
2021-03-27T18:00:00+01:00,17.239
2021-03-28T07:00:00+02:00,17.25
2021-03-28T19:00:00+02:00,17.242
2021-03-29T07:00:00+02:00,17.23
2021-03-29T19:00:00+02:00,17.226
2021-03-30T07:00:00+02:00,17.221
2021-03-30T19:00:00+02:00,17.234
2021-03-31T07:00:00+02:00,17.242
2021-03-31T19:00:00+02:00,17.241
2022-06-20T07:00:00+02:00,16.949
2022-06-20T19:00:00+02:00,16.939
2024-09-17T07:00:00+02:00,17.242
2024-09-17T19:00:00+02:00,17.243
2024-09-18T07:00:00+02:00,17.238
2025-03-13T09:00:00+01:00,17.505
2025-03-13T12:00:00+01:00,17.519
2025-03-28T00:00:00+01:00,17.436
2025-03-28T12:00:00+01:00,17.433
2025-03-29T00:00:00+01:00,17.414
2025-03-29T12:00:00+01:00,17.4
2025-03-31T00:00:00+02:00,17.396
2025-03-31T12:00:00+02:00,17.39
2025-04-01T00:00:00+02:00,17.391
2025-04-01T12:00:00+02:00,17.392
