date,water_level_nap_m
2021-01-07T00:00:00+01:00,14.207
2021-01-07T12:00:00+01:00,14.211
2021-01-08T00:00:00+01:00,14.209
2021-01-08T12:00:00+01:00,14.21
2021-01-09T00:00:00+01:00,14.211
2021-01-09T12:00:00+01:00,14.215
2021-01-10T00:00:00+01:00,14.214
2021-01-10T12:00:00+01:00,14.224
2021-01-11T00:00:00+01:00,14.222
2021-01-11T12:00:00+01:00,14.232
2021-01-12T00:00:00+01:00,14.239
2021-01-12T12:00:00+01:00,14.262
2021-01-13T00:00:00+01:00,14.268
2021-01-13T12:00:00+01:00,14.299
2021-01-14T00:00:00+01:00,14.292
2021-01-14T12:00:00+01:00,14.3
2021-01-15T00:00:00+01:00,14.279
2021-01-15T12:00:00+01:00,14.266
2021-01-16T00:00:00+01:00,14.271
2021-01-16T12:00:00+01:00,14.287
2021-01-17T00:00:00+01:00,14.288
2021-01-17T12:00:00+01:00,14.272
2021-01-18T00:00:00+01:00,14.269
2021-01-18T12:00:00+01:00,14.276
2021-01-19T00:00:00+01:00,14.292
2021-01-19T12:00:00+01:00,14.318
2021-01-20T00:00:00+01:00,14.343
2021-01-20T12:00:00+01:00,14.358
2021-01-21T00:00:00+01:00,14.382
2021-01-21T12:00:00+01:00,14.351
2021-01-22T00:00:00+01:00,14.368
2021-01-22T12:00:00+01:00,14.367
2021-01-23T00:00:00+01:00,14.381
2021-01-23T12:00:00+01:00,14.392
2021-01-24T00:00:00+01:00,14.383
2021-01-24T12:00:00+01:00,14.39
2021-01-25T00:00:00+01:00,14.402
2021-01-25T12:00:00+01:00,14.38
2021-01-26T00:00:00+01:00,14.382
2021-01-26T12:00:00+01:00,14.38
2021-01-27T00:00:00+01:00,14.392
2021-01-27T12:00:00+01:00,14.392
2021-01-28T00:00:00+01:00,14.401
2021-01-28T12:00:00+01:00,14.445
2021-01-29T00:00:00+01:00,14.472
2021-01-29T12:00:00+01:00,14.5
2021-01-30T00:00:00+01:00,14.503
2021-01-30T12:00:00+01:00,14.527
2021-01-31T00:00:00+01:00,14.508
2021-01-31T12:00:00+01:00,14.524
2021-02-01T00:00:00+01:00,14.525
2021-02-01T12:00:00+01:00,14.492
2021-02-02T00:00:00+01:00,14.463
2021-02-02T12:00:00+01:00,14.483
2021-02-03T00:00:00+01:00,14.482
2021-02-03T12:00:00+01:00,14.517
2021-02-04T00:00:00+01:00,14.524
2021-02-04T12:00:00+01:00,14.532
2021-02-05T00:00:00+01:00,14.55
2021-02-05T12:00:00+01:00,14.556
2021-02-06T00:00:00+01:00,14.56
2021-02-06T12:00:00+01:00,14.566
2021-02-07T00:00:00+01:00,14.585
2021-02-07T12:00:00+01:00,14.588
2021-02-08T00:00:00+01:00,14.581
2021-02-08T12:00:00+01:00,14.57
2021-02-09T00:00:00+01:00,14.546
2021-02-09T12:00:00+01:00,14.533
2021-02-10T00:00:00+01:00,14.517
2021-02-10T12:00:00+01:00,14.495
2021-02-11T00:00:00+01:00,14.455
2021-02-11T12:00:00+01:00,14.449
2021-02-12T00:00:00+01:00,14.436
2021-02-12T12:00:00+01:00,14.431
2021-02-13T00:00:00+01:00,14.425
2021-02-13T12:00:00+01:00,14.434
2021-02-14T00:00:00+01:00,14.428
2021-02-14T12:00:00+01:00,14.433
2021-02-15T00:00:00+01:00,14.44
2021-02-15T12:00:00+01:00,14.459
2021-02-16T00:00:00+01:00,14.459
2021-02-16T12:00:00+01:00,14.511
2021-02-17T00:00:00+01:00,14.512
2021-02-17T12:00:00+01:00,14.523
2021-02-18T00:00:00+01:00,14.538
2021-02-18T12:00:00+01:00,14.563
2021-02-19T00:00:00+01:00,14.543
2021-02-19T12:00:00+01:00,14.562
2021-02-20T00:00:00+01:00,14.563
2021-02-20T12:00:00+01:00,14.564
2021-02-21T00:00:00+01:00,14.549
2021-02-21T12:00:00+01:00,14.539
2021-02-22T00:00:00+01:00,14.523
2021-02-22T12:00:00+01:00,14.502
2021-02-23T00:00:00+01:00,14.48
2021-02-23T12:00:00+01:00,14.476
2021-02-24T00:00:00+01:00,14.456
2021-02-24T12:00:00+01:00,14.466
2021-02-25T00:00:00+01:00,14.459
2021-02-25T12:00:00+01:00,14.456
2021-02-26T00:00:00+01:00,14.444
2021-02-26T12:00:00+01:00,14.454
2021-02-27T00:00:00+01:00,14.445
2021-02-27T12:00:00+01:00,14.443
2021-02-28T00:00:00+01:00,14.444
2021-02-28T12:00:00+01:00,14.457
2021-03-01T00:00:00+01:00,14.447
2021-03-01T12:00:00+01:00,14.448
2021-03-02T00:00:00+01:00,14.437
2021-03-02T12:00:00+01:00,14.444
2021-03-03T00:00:00+01:00,14.434
2021-03-03T12:00:00+01:00,14.435
2021-03-04T00:00:00+01:00,14.438
2021-03-04T12:00:00+01:00,14.447
2021-03-05T00:00:00+01:00,14.436
2021-03-05T12:00:00+01:00,14.429
2021-03-06T00:00:00+01:00,14.413
2021-03-06T12:00:00+01:00,14.419
2021-03-07T00:00:00+01:00,14.425
2021-03-07T12:00:00+01:00,14.424
2021-03-08T00:00:00+01:00,14.421
2021-03-08T12:00:00+01:00,14.418
2021-03-09T00:00:00+01:00,14.415
2021-03-09T12:00:00+01:00,14.416
2021-03-10T00:00:00+01:00,14.41
2021-03-10T12:00:00+01:00,14.423
2021-03-11T00:00:00+01:00,14.445
2021-03-11T12:00:00+01:00,14.432
2021-03-12T00:00:00+01:00,14.412
2021-03-12T12:00:00+01:00,14.429
2021-03-13T00:00:00+01:00,14.448
2021-03-13T12:00:00+01:00,14.47
2021-03-14T00:00:00+01:00,14.476
2021-03-14T12:00:00+01:00,14.475
2021-03-15T00:00:00+01:00,14.504
2021-03-15T12:00:00+01:00,14.502
2021-03-16T00:00:00+01:00,14.502
2021-03-16T12:00:00+01:00,14.511
2021-03-17T00:00:00+01:00,14.518
2021-03-17T12:00:00+01:00,14.523
2021-04-01T07:00:00+02:00,14.417
2021-04-01T19:00:00+02:00,14.406
2021-04-02T07:00:00+02:00,14.395
2021-04-02T19:00:00+02:00,14.399
2021-04-03T07:00:00+02:00,14.391
2021-04-03T19:00:00+02:00,14.39
2021-04-04T07:00:00+02:00,14.387
2021-04-04T19:00:00+02:00,14.399
2021-04-05T07:00:00+02:00,14.421
2021-04-05T19:00:00+02:00,14.398
2021-04-06T07:00:00+02:00,14.388
2021-04-06T19:00:00+02:00,14.402
2021-04-07T07:00:00+02:00,14.415
2021-04-07T19:00:00+02:00,14.433
2021-04-08T07:00:00+02:00,14.45
2021-04-08T19:00:00+02:00,14.475
2021-04-09T07:00:00+02:00,14.484
2021-04-09T19:00:00+02:00,14.478
2021-04-10T07:00:00+02:00,14.47
2021-04-10T19:00:00+02:00,14.495
2021-04-11T07:00:00+02:00,14.502
2021-04-11T19:00:00+02:00,14.498
2021-04-12T07:00:00+02:00,14.486
2021-04-12T19:00:00+02:00,14.487
2021-04-13T07:00:00+02:00,14.482
2021-04-13T19:00:00+02:00,14.484
2021-04-14T07:00:00+02:00,14.478
2021-04-14T19:00:00+02:00,14.479
2021-04-15T07:00:00+02:00,14.474
2021-04-15T19:00:00+02:00,14.48
2021-04-16T07:00:00+02:00,14.471
2021-04-16T19:00:00+02:00,14.473
2021-04-17T07:00:00+02:00,14.464
2021-04-17T19:00:00+02:00,14.467
2021-04-18T07:00:00+02:00,14.461
2021-04-18T19:00:00+02:00,14.463
2021-04-19T07:00:00+02:00,14.456
2021-04-19T19:00:00+02:00,14.465
2021-04-20T07:00:00+02:00,14.455
2021-04-20T19:00:00+02:00,14.456
2021-04-21T07:00:00+02:00,14.445
2021-04-21T19:00:00+02:00,14.43
2021-04-22T07:00:00+02:00,14.415
2021-04-22T19:00:00+02:00,14.418
2021-04-23T07:00:00+02:00,14.4
2021-04-23T19:00:00+02:00,14.411
2021-04-24T07:00:00+02:00,14.405
2021-04-24T19:00:00+02:00,14.417
2021-04-25T07:00:00+02:00,14.401
2021-04-25T19:00:00+02:00,14.408
2021-04-26T07:00:00+02:00,14.407
2021-04-26T19:00:00+02:00,14.417
2021-04-27T07:00:00+02:00,14.417
2021-04-27T19:00:00+02:00,14.415
2021-04-28T07:00:00+02:00,14.409
2021-04-28T19:00:00+02:00,14.414
2021-04-29T07:00:00+02:00,14.396
2021-04-29T19:00:00+02:00,14.377
2021-04-30T07:00:00+02:00,14.37
2021-04-30T19:00:00+02:00,14.373
2021-05-01T07:00:00+02:00,14.372
2021-05-01T19:00:00+02:00,14.364
2021-05-02T07:00:00+02:00,14.357
2021-05-02T19:00:00+02:00,14.357
2021-05-03T07:00:00+02:00,14.361
2021-05-03T19:00:00+02:00,14.385
2021-05-04T07:00:00+02:00,14.404
2021-05-04T19:00:00+02:00,14.387
2021-05-05T07:00:00+02:00,14.384
2021-05-05T19:00:00+02:00,14.386
2021-05-06T07:00:00+02:00,14.392
2021-05-06T19:00:00+02:00,14.39
2021-05-07T07:00:00+02:00,14.379
2021-05-07T19:00:00+02:00,14.375
2021-05-08T07:00:00+02:00,14.383
2021-05-08T19:00:00+02:00,14.395
2021-05-09T07:00:00+02:00,14.402
2021-05-09T19:00:00+02:00,14.395
2021-05-10T07:00:00+02:00,14.367
2021-05-10T19:00:00+02:00,14.367
2021-05-11T07:00:00+02:00,14.367
2021-05-11T19:00:00+02:00,14.364
2021-05-12T07:00:00+02:00,14.363
2021-05-12T19:00:00+02:00,14.356
2021-05-13T07:00:00+02:00,14.37
2021-05-13T19:00:00+02:00,14.363
2021-05-14T07:00:00+02:00,14.366
2021-05-14T19:00:00+02:00,14.357
2021-05-15T07:00:00+02:00,14.381
2021-05-15T19:00:00+02:00,14.393
2021-05-16T07:00:00+02:00,14.388
2021-05-16T19:00:00+02:00,14.392
2021-05-17T07:00:00+02:00,14.391
2021-05-17T19:00:00+02:00,14.377
2021-05-18T07:00:00+02:00,14.382
2021-05-18T19:00:00+02:00,14.382
2021-05-19T07:00:00+02:00,14.378
2021-05-19T19:00:00+02:00,14.383
2021-05-20T07:00:00+02:00,14.378
2021-05-20T19:00:00+02:00,14.401
2021-05-21T07:00:00+02:00,14.418
2021-05-21T19:00:00+02:00,14.417
2021-05-22T07:00:00+02:00,14.41
2021-05-22T19:00:00+02:00,14.405
2021-05-23T07:00:00+02:00,14.409
2021-05-23T19:00:00+02:00,14.416
2021-05-24T07:00:00+02:00,14.424
2021-05-24T19:00:00+02:00,14.412
2021-05-25T07:00:00+02:00,14.424
2021-05-25T19:00:00+02:00,14.424
2021-05-26T07:00:00+02:00,14.434
2021-05-26T19:00:00+02:00,14.422
2021-05-27T07:00:00+02:00,14.416
2021-05-27T19:00:00+02:00,14.403
2021-05-28T07:00:00+02:00,14.4
2021-05-28T19:00:00+02:00,14.404
2021-05-29T07:00:00+02:00,14.394
2021-05-29T19:00:00+02:00,14.386
2021-05-30T07:00:00+02:00,14.387
2021-05-30T19:00:00+02:00,14.383
2021-05-31T07:00:00+02:00,14.38
2021-05-31T19:00:00+02:00,14.374
2021-06-01T07:00:00+02:00,14.371
2021-06-01T19:00:00+02:00,14.359
2021-06-02T07:00:00+02:00,14.354
2021-06-02T19:00:00+02:00,14.334
2021-06-03T07:00:00+02:00,14.327
2021-06-03T19:00:00+02:00,14.326
2021-06-04T07:00:00+02:00,14.323
2021-06-04T19:00:00+02:00,14.335
2021-06-05T07:00:00+02:00,14.408
2021-06-05T19:00:00+02:00,14.411
2021-06-06T07:00:00+02:00,14.431
2021-06-06T19:00:00+02:00,14.435
2021-06-07T07:00:00+02:00,14.434
2021-06-07T19:00:00+02:00,14.429
2021-06-08T07:00:00+02:00,14.416
2021-06-08T19:00:00+02:00,14.408
2021-06-09T07:00:00+02:00,14.401
2021-06-09T19:00:00+02:00,14.38
2021-06-10T07:00:00+02:00,14.379
2021-06-10T19:00:00+02:00,14.36
2021-06-11T07:00:00+02:00,14.357
2021-06-11T19:00:00+02:00,14.336
2021-06-12T07:00:00+02:00,14.33
2021-06-12T19:00:00+02:00,14.304
2021-06-13T07:00:00+02:00,14.297
2021-06-13T19:00:00+02:00,14.29
2021-06-14T07:00:00+02:00,14.289
2021-06-14T19:00:00+02:00,14.281
2021-06-15T07:00:00+02:00,14.27
2021-06-15T19:00:00+02:00,14.263
2021-06-16T07:00:00+02:00,14.268
2021-06-16T19:00:00+02:00,14.249
2021-06-17T07:00:00+02:00,14.249
2021-06-17T19:00:00+02:00,14.226
2021-06-18T07:00:00+02:00,14.241
2021-06-18T19:00:00+02:00,14.259
2021-06-19T07:00:00+02:00,14.252
2021-06-19T19:00:00+02:00,14.259
2021-06-20T07:00:00+02:00,14.273
2021-06-20T19:00:00+02:00,14.269
2021-06-21T07:00:00+02:00,14.305
2021-06-21T19:00:00+02:00,14.319
2021-06-22T07:00:00+02:00,14.333
2021-06-22T19:00:00+02:00,14.326
2021-06-23T07:00:00+02:00,14.335
2021-06-23T19:00:00+02:00,14.336
2021-06-24T07:00:00+02:00,14.34
2021-06-24T19:00:00+02:00,14.339
2021-06-25T07:00:00+02:00,14.334
2021-06-25T19:00:00+02:00,14.319
2021-06-26T07:00:00+02:00,14.322
2021-06-26T19:00:00+02:00,14.305
2021-06-27T07:00:00+02:00,14.302
2021-06-27T19:00:00+02:00,14.289
2021-06-28T07:00:00+02:00,14.311
2021-06-28T19:00:00+02:00,14.315
2021-06-29T07:00:00+02:00,14.312
2021-06-29T19:00:00+02:00,14.305
2021-06-30T07:00:00+02:00,14.322
2021-06-30T19:00:00+02:00,14.338
2021-07-01T07:00:00+02:00,14.367
2021-07-01T19:00:00+02:00,14.387
2021-07-02T07:00:00+02:00,14.392
2021-07-02T19:00:00+02:00,14.396
2021-07-03T07:00:00+02:00,14.398
2021-07-03T19:00:00+02:00,14.392
2021-07-04T07:00:00+02:00,14.405
2021-07-04T19:00:00+02:00,14.41
2021-07-05T07:00:00+02:00,14.431
2021-07-05T19:00:00+02:00,14.437
2021-07-06T07:00:00+02:00,14.445
2021-07-06T19:00:00+02:00,14.412
2021-07-07T07:00:00+02:00,14.408
2021-07-07T19:00:00+02:00,14.388
2021-07-08T07:00:00+02:00,14.383
2021-07-08T19:00:00+02:00,14.371
2021-07-09T07:00:00+02:00,14.366
2021-07-09T19:00:00+02:00,14.362
2021-07-10T07:00:00+02:00,14.354
2021-07-10T19:00:00+02:00,14.341
2021-07-11T07:00:00+02:00,14.371
2021-07-11T19:00:00+02:00,14.38
2021-07-12T07:00:00+02:00,14.391
2021-07-12T19:00:00+02:00,14.374
2021-07-13T07:00:00+02:00,14.364
2021-07-13T19:00:00+02:00,14.356
2021-07-14T07:00:00+02:00,14.351
2021-07-14T19:00:00+02:00,14.355
2021-07-15T07:00:00+02:00,14.435
2021-07-15T19:00:00+02:00,14.522
2021-07-16T07:00:00+02:00,14.541
2021-07-16T19:00:00+02:00,14.564
2021-07-17T07:00:00+02:00,14.571
2021-07-17T19:00:00+02:00,14.571
2021-07-18T07:00:00+02:00,14.575
2021-07-18T19:00:00+02:00,14.568
2021-07-19T07:00:00+02:00,14.572
2021-07-19T19:00:00+02:00,14.564
2021-07-20T07:00:00+02:00,14.556
2021-07-20T19:00:00+02:00,14.543
2021-07-21T07:00:00+02:00,14.534
2021-07-21T19:00:00+02:00,14.51
2021-07-22T07:00:00+02:00,14.492
2021-07-22T19:00:00+02:00,14.476
2021-07-23T07:00:00+02:00,14.461
2021-07-23T19:00:00+02:00,14.448
2021-07-24T07:00:00+02:00,14.441
2021-07-24T19:00:00+02:00,14.42
2021-07-25T07:00:00+02:00,14.424
2021-07-25T19:00:00+02:00,14.401
2021-07-26T07:00:00+02:00,14.392
2021-07-26T19:00:00+02:00,14.365
2021-07-27T07:00:00+02:00,14.359
2021-07-27T19:00:00+02:00,14.347
2021-07-28T07:00:00+02:00,14.345
2021-07-28T19:00:00+02:00,14.333
2021-07-29T07:00:00+02:00,14.322
2021-07-29T19:00:00+02:00,14.298
2021-07-30T07:00:00+02:00,14.306
2021-07-30T19:00:00+02:00,14.293
2021-07-31T07:00:00+02:00,14.294
2021-07-31T19:00:00+02:00,14.29
2021-08-01T07:00:00+02:00,14.293
2021-08-01T19:00:00+02:00,14.3
2021-08-02T07:00:00+02:00,14.309
2021-08-02T19:00:00+02:00,14.306
2021-08-03T07:00:00+02:00,14.306
2021-08-03T19:00:00+02:00,14.296
2021-08-04T07:00:00+02:00,14.286
2021-08-04T19:00:00+02:00,14.276
2021-08-05T07:00:00+02:00,14.278
2021-08-05T19:00:00+02:00,14.271
2021-08-06T07:00:00+02:00,14.265
2021-08-06T19:00:00+02:00,14.26
2021-08-07T07:00:00+02:00,14.265
2021-08-07T19:00:00+02:00,14.258
2021-08-08T07:00:00+02:00,14.26
2021-08-08T19:00:00+02:00,14.238
2021-08-09T07:00:00+02:00,14.241
2021-08-09T19:00:00+02:00,14.231
2021-08-10T07:00:00+02:00,14.237
2021-08-10T19:00:00+02:00,14.239
2021-08-11T07:00:00+02:00,14.238
2021-08-11T19:00:00+02:00,14.231
2021-08-12T07:00:00+02:00,14.227
2021-08-12T19:00:00+02:00,14.215
2021-08-13T07:00:00+02:00,14.201
2021-08-13T19:00:00+02:00,14.198
2021-08-14T07:00:00+02:00,14.198
2021-08-14T19:00:00+02:00,14.196
2021-08-15T07:00:00+02:00,14.197
2021-08-15T19:00:00+02:00,14.192
2021-08-16T07:00:00+02:00,14.195
2021-08-16T19:00:00+02:00,14.18
2021-08-17T07:00:00+02:00,14.188
2021-08-17T19:00:00+02:00,14.203
2021-08-18T07:00:00+02:00,14.208
2021-08-18T19:00:00+02:00,14.211
2021-08-19T07:00:00+02:00,14.209
2021-08-19T19:00:00+02:00,14.207
2021-08-20T07:00:00+02:00,14.198
2021-08-20T19:00:00+02:00,14.192
2021-08-21T07:00:00+02:00,14.197
2021-08-21T19:00:00+02:00,14.192
2021-08-22T07:00:00+02:00,14.197
2021-08-22T19:00:00+02:00,14.199
2021-08-23T07:00:00+02:00,14.219
2021-08-23T19:00:00+02:00,14.234
2021-08-24T07:00:00+02:00,14.232
2021-08-24T19:00:00+02:00,14.219
2021-08-25T07:00:00+02:00,14.215
2021-08-25T19:00:00+02:00,14.204
2021-08-26T07:00:00+02:00,14.208
2021-08-26T19:00:00+02:00,14.196
2021-08-27T07:00:00+02:00,14.192
2021-08-27T19:00:00+02:00,14.185
2021-08-28T07:00:00+02:00,14.178
2021-08-28T19:00:00+02:00,14.166
2021-08-29T07:00:00+02:00,14.17
2021-08-29T19:00:00+02:00,14.178
2021-08-30T07:00:00+02:00,14.172
2021-08-30T19:00:00+02:00,14.159
2021-08-31T07:00:00+02:00,14.159
2021-08-31T19:00:00+02:00,14.155
2021-09-01T07:00:00+02:00,14.157
2021-09-01T19:00:00+02:00,14.16
2021-09-02T07:00:00+02:00,14.157
2021-09-02T19:00:00+02:00,14.155
2021-09-03T07:00:00+02:00,14.156
2021-09-03T19:00:00+02:00,14.154
2021-09-04T07:00:00+02:00,14.156
2021-09-04T19:00:00+02:00,14.156
2021-09-05T07:00:00+02:00,14.148
2021-09-05T19:00:00+02:00,14.133
2021-09-06T07:00:00+02:00,14.131
2021-09-06T19:00:00+02:00,14.125
2021-09-07T07:00:00+02:00,14.126
2021-09-07T19:00:00+02:00,14.122
2021-09-08T07:00:00+02:00,14.126
2021-09-08T19:00:00+02:00,14.124
2021-09-09T07:00:00+02:00,14.126
2021-09-09T19:00:00+02:00,14.114
2021-09-17T02:08:00+02:00,14.122
2021-09-17T14:08:00+02:00,14.128
2021-09-18T02:08:00+02:00,14.115
2021-09-18T14:08:00+02:00,14.121
2021-09-19T02:08:00+02:00,14.115
2021-09-19T14:08:00+02:00,14.115
2021-09-20T02:08:00+02:00,14.096
2021-09-20T14:08:00+02:00,14.094
2021-09-21T02:08:00+02:00,14.079
2021-09-21T14:08:00+02:00,14.082
2021-09-22T02:08:00+02:00,14.078
2021-09-22T14:08:00+02:00,14.097
2021-09-23T02:08:00+02:00,14.099
2021-09-23T14:08:00+02:00,14.104
2021-09-24T02:08:00+02:00,14.097
2021-09-24T14:08:00+02:00,14.072
2021-09-25T02:08:00+02:00,14.084
2021-09-25T14:08:00+02:00,14.092
2021-09-26T02:08:00+02:00,14.084
2021-09-26T14:08:00+02:00,14.086
2021-09-27T02:08:00+02:00,14.091
2021-09-27T14:08:00+02:00,14.098
2021-09-28T02:08:00+02:00,14.082
2021-09-28T14:08:00+02:00,14.099
2021-09-29T02:08:00+02:00,14.108
2021-09-29T14:08:00+02:00,14.102
2021-09-30T02:08:00+02:00,14.096
2021-09-30T14:08:00+02:00,14.106
2021-10-01T02:08:00+02:00,14.118
2021-10-01T14:08:00+02:00,14.119
2021-10-02T02:08:00+02:00,14.115
2021-10-02T14:08:00+02:00,14.136
2021-10-03T02:08:00+02:00,14.15
2021-10-03T14:08:00+02:00,14.154
2021-10-04T02:08:00+02:00,14.145
2021-10-04T14:08:00+02:00,14.152
2021-10-05T02:08:00+02:00,14.159
2021-10-05T14:08:00+02:00,14.177
2021-10-06T02:08:00+02:00,14.153
2021-10-06T14:08:00+02:00,14.138
2021-10-07T02:08:00+02:00,14.146
2021-10-07T14:08:00+02:00,14.154
2021-10-08T02:08:00+02:00,14.15
2021-10-08T14:08:00+02:00,14.162
2021-10-09T02:08:00+02:00,14.155
2021-10-09T14:08:00+02:00,14.162
2021-10-10T02:08:00+02:00,14.15
2021-10-10T14:08:00+02:00,14.15
2021-10-11T02:08:00+02:00,14.139
2021-10-11T14:08:00+02:00,14.145
2021-10-12T02:08:00+02:00,14.143
2021-10-12T14:08:00+02:00,14.156
2021-10-13T02:08:00+02:00,14.156
2021-10-13T14:08:00+02:00,14.155
2021-10-14T02:08:00+02:00,14.159
2021-10-14T14:08:00+02:00,14.168
2021-10-15T02:08:00+02:00,14.172
2021-10-15T14:08:00+02:00,14.168
2021-10-16T02:08:00+02:00,14.163
2021-10-16T14:08:00+02:00,14.17
2021-10-17T02:08:00+02:00,14.169
2021-10-17T14:08:00+02:00,14.177
2021-10-18T02:08:00+02:00,14.163
2021-10-18T14:08:00+02:00,14.171
2021-10-19T02:08:00+02:00,14.169
2021-10-19T14:08:00+02:00,14.176
2021-10-20T02:08:00+02:00,14.194
2021-10-20T14:08:00+02:00,14.204
2021-10-21T02:08:00+02:00,14.224
2021-10-21T14:08:00+02:00,14.185
2021-10-22T02:08:00+02:00,14.192
2021-10-22T14:08:00+02:00,14.198
2021-10-23T02:08:00+02:00,14.198
2021-10-23T14:08:00+02:00,14.204
2021-10-24T02:08:00+02:00,14.211
2021-10-24T14:08:00+02:00,14.229
2021-10-25T02:08:00+02:00,14.225
2021-10-25T14:08:00+02:00,14.228
2021-10-26T02:08:00+02:00,14.215
2021-10-26T14:08:00+02:00,14.221
2021-10-27T02:08:00+02:00,14.208
2021-10-27T14:08:00+02:00,14.216
2021-10-28T02:08:00+02:00,14.214
2021-10-28T14:08:00+02:00,14.228
2021-10-29T02:08:00+02:00,14.23
2021-10-29T14:08:00+02:00,14.235
2021-10-30T02:08:00+02:00,14.232
2021-10-30T14:08:00+02:00,14.252
2021-10-31T02:08:00+01:00,14.235
2021-10-31T13:08:00+01:00,14.264
2021-11-01T01:08:00+01:00,14.271
2021-11-01T13:08:00+01:00,14.275
2021-11-02T01:08:00+01:00,14.274
2021-11-02T13:08:00+01:00,14.273
2021-11-03T01:08:00+01:00,14.265
2021-11-03T13:08:00+01:00,14.266
2021-11-04T01:08:00+01:00,14.267
2021-11-04T13:08:00+01:00,14.264
2021-11-05T01:08:00+01:00,14.245
2021-11-05T13:08:00+01:00,14.233
2021-11-06T01:08:00+01:00,14.233
2021-11-06T13:08:00+01:00,14.247
2021-11-07T01:08:00+01:00,14.252
2021-11-07T13:08:00+01:00,14.257
2021-11-08T01:08:00+01:00,14.251
2021-11-08T13:08:00+01:00,14.252
2021-11-09T01:08:00+01:00,14.242
2021-11-09T13:08:00+01:00,14.249
2021-11-10T01:08:00+01:00,14.246
2021-11-10T13:08:00+01:00,14.249
2021-11-11T01:08:00+01:00,14.249
2021-11-11T13:08:00+01:00,14.252
2021-11-12T01:08:00+01:00,14.251
2021-11-12T13:08:00+01:00,14.263
2021-11-13T01:08:00+01:00,14.272
2021-11-13T13:08:00+01:00,14.271
2021-11-14T01:08:00+01:00,14.264
2021-11-14T13:08:00+01:00,14.258
2021-11-15T01:08:00+01:00,14.259
2021-11-15T13:08:00+01:00,14.262
2021-11-16T01:08:00+01:00,14.265
2021-11-16T13:08:00+01:00,14.27
2021-11-17T01:08:00+01:00,14.272
2021-11-17T13:08:00+01:00,14.263
2021-11-18T01:08:00+01:00,14.252
2021-11-18T13:08:00+01:00,14.264
2021-11-19T01:08:00+01:00,14.259
2021-11-19T13:08:00+01:00,14.262
2021-11-20T01:08:00+01:00,14.26
2021-11-20T13:08:00+01:00,14.282
2021-11-21T01:08:00+01:00,14.287
2021-11-21T13:08:00+01:00,14.288
2021-11-22T01:08:00+01:00,14.263
2021-11-22T13:08:00+01:00,14.255
2021-11-23T01:08:00+01:00,14.255
2021-11-23T13:08:00+01:00,14.261
2021-11-24T01:08:00+01:00,14.263
2021-11-24T13:08:00+01:00,14.281
2021-11-25T01:08:00+01:00,14.281
2021-11-25T13:08:00+01:00,14.284
2021-11-26T01:08:00+01:00,14.296
2021-11-26T13:08:00+01:00,14.325
2021-11-27T01:08:00+01:00,14.317
2021-11-27T13:08:00+01:00,14.315
2021-11-28T01:08:00+01:00,14.315
2021-11-28T13:08:00+01:00,14.307
2021-11-29T01:08:00+01:00,14.296
2021-11-29T13:08:00+01:00,14.293
2021-11-30T01:08:00+01:00,14.304
2021-11-30T13:08:00+01:00,14.318
2021-12-01T01:08:00+01:00,14.357
2021-12-01T13:08:00+01:00,14.356
2021-12-02T01:08:00+01:00,14.344
2021-12-02T13:08:00+01:00,14.338
2021-12-03T01:08:00+01:00,14.337
2021-12-03T13:08:00+01:00,14.365
2021-12-04T01:08:00+01:00,14.375
2021-12-04T13:08:00+01:00,14.373
2021-12-05T01:08:00+01:00,14.374
2021-12-05T13:08:00+01:00,14.364
2021-12-06T01:08:00+01:00,14.348
2021-12-06T13:08:00+01:00,14.367
2021-12-07T01:08:00+01:00,14.371
2021-12-07T13:08:00+01:00,14.397
2021-12-08T01:08:00+01:00,14.408
2021-12-08T13:08:00+01:00,14.394
2021-12-09T01:08:00+01:00,14.387
2021-12-09T13:08:00+01:00,14.39
2021-12-10T01:08:00+01:00,14.415
2021-12-10T13:08:00+01:00,14.399
2021-12-11T01:08:00+01:00,14.366
2021-12-11T13:08:00+01:00,14.356
2021-12-12T01:08:00+01:00,14.36
2021-12-12T13:08:00+01:00,14.364
2021-12-13T01:08:00+01:00,14.361
2021-12-13T13:08:00+01:00,14.365
2021-12-14T01:08:00+01:00,14.355
2021-12-14T13:08:00+01:00,14.362
2021-12-15T01:08:00+01:00,14.36
2021-12-15T13:08:00+01:00,14.358
2021-12-16T01:08:00+01:00,14.348
2021-12-16T13:08:00+01:00,14.347
2021-12-17T01:08:00+01:00,14.341
2021-12-17T13:08:00+01:00,14.343
2021-12-18T01:08:00+01:00,14.342
2021-12-18T13:08:00+01:00,14.351
2021-12-19T01:08:00+01:00,14.348
2021-12-19T13:08:00+01:00,14.36
2021-12-20T01:08:00+01:00,14.358
2021-12-20T13:08:00+01:00,14.354
2021-12-21T01:08:00+01:00,14.357
2021-12-21T13:08:00+01:00,14.354
2021-12-22T01:08:00+01:00,14.347
2021-12-22T13:08:00+01:00,14.355
2021-12-23T01:08:00+01:00,14.366
2021-12-23T13:08:00+01:00,14.373
2021-12-24T01:08:00+01:00,14.372
2021-12-24T13:08:00+01:00,14.366
2021-12-25T01:08:00+01:00,14.367
2021-12-25T13:08:00+01:00,14.364
2021-12-26T01:08:00+01:00,14.367
2021-12-26T13:08:00+01:00,14.378
2021-12-27T01:08:00+01:00,14.38
2021-12-27T13:08:00+01:00,14.383
2021-12-28T01:08:00+01:00,14.391
2021-12-28T13:08:00+01:00,14.392
2021-12-29T01:08:00+01:00,14.372
2021-12-29T13:08:00+01:00,14.394
2021-12-30T01:08:00+01:00,14.384
2021-12-30T13:08:00+01:00,14.392
2021-12-31T01:08:00+01:00,14.39
2021-12-31T13:08:00+01:00,14.396
2022-01-04T01:08:00+01:00,14.429
2022-01-04T13:08:00+01:00,14.43
2022-01-05T01:08:00+01:00,14.408
2022-01-05T13:08:00+01:00,14.392
2022-01-06T01:08:00+01:00,14.383
2022-01-06T13:08:00+01:00,14.397
2022-01-07T01:08:00+01:00,14.412
2022-01-07T13:08:00+01:00,14.414
2022-01-08T01:08:00+01:00,14.407
2022-01-08T13:08:00+01:00,14.439
2022-01-09T01:08:00+01:00,14.433
2022-01-09T13:08:00+01:00,14.44
2022-01-10T01:08:00+01:00,14.434
2022-01-10T13:08:00+01:00,14.421
2022-01-11T01:08:00+01:00,14.419
2022-01-11T13:08:00+01:00,14.422
2022-01-12T01:08:00+01:00,14.414
2022-01-12T13:08:00+01:00,14.412
2022-01-13T01:08:00+01:00,14.415
2022-01-13T13:08:00+01:00,14.425
2022-01-14T01:08:00+01:00,14.43
2022-01-14T13:08:00+01:00,14.429
2022-01-15T01:08:00+01:00,14.435
2022-01-15T13:08:00+01:00,14.444
2022-01-16T01:08:00+01:00,14.444
2022-01-16T13:08:00+01:00,14.43
2022-01-17T01:08:00+01:00,14.414
2022-01-17T13:08:00+01:00,14.411
2022-01-18T01:08:00+01:00,14.4
2022-01-18T13:08:00+01:00,14.411
2022-01-19T01:08:00+01:00,14.42
2022-01-19T13:08:00+01:00,14.44
2022-01-20T01:08:00+01:00,14.422
2022-01-20T13:08:00+01:00,14.416
2022-01-21T01:08:00+01:00,14.41
2022-01-21T13:08:00+01:00,14.412
2022-01-22T01:08:00+01:00,14.41
2022-01-22T13:08:00+01:00,14.407
2022-01-23T01:08:00+01:00,14.408
2022-01-23T13:08:00+01:00,14.408
2022-01-24T01:08:00+01:00,14.408
2022-01-24T13:08:00+01:00,14.416
2022-01-25T01:08:00+01:00,14.405
2022-01-25T13:08:00+01:00,14.405
2022-01-26T01:08:00+01:00,14.403
2022-01-26T13:08:00+01:00,14.401
2022-01-27T01:08:00+01:00,14.412
2022-01-27T13:08:00+01:00,14.411
2022-01-28T01:08:00+01:00,14.392
2022-01-28T13:08:00+01:00,14.391
2022-01-29T01:08:00+01:00,14.399
2022-01-29T13:08:00+01:00,14.409
2022-01-30T01:08:00+01:00,14.39
2022-01-30T13:08:00+01:00,14.395
2022-01-31T01:08:00+01:00,14.435
2022-01-31T13:08:00+01:00,14.414
2022-02-01T01:08:00+01:00,14.409
2022-02-01T13:08:00+01:00,14.442
2022-02-02T01:08:00+01:00,14.426
2022-02-02T13:08:00+01:00,14.427
2022-02-03T01:08:00+01:00,14.433
2022-02-03T13:08:00+01:00,14.442
2022-02-04T01:08:00+01:00,14.436
2022-02-04T13:08:00+01:00,14.442
2022-02-05T01:08:00+01:00,14.41
2022-02-05T13:08:00+01:00,14.416
2022-02-06T01:08:00+01:00,14.433
2022-02-06T13:08:00+01:00,14.461
2022-02-07T01:08:00+01:00,14.457
2022-02-07T13:08:00+01:00,14.465
2022-02-08T01:08:00+01:00,14.487
2022-02-08T13:08:00+01:00,14.495
2022-02-09T01:08:00+01:00,14.496
2022-02-09T13:08:00+01:00,14.507
2022-02-10T01:08:00+01:00,14.505
2022-02-10T13:08:00+01:00,14.486
2022-02-11T01:08:00+01:00,14.48
2022-02-11T13:08:00+01:00,14.456
2022-02-12T01:08:00+01:00,14.462
2022-02-12T13:08:00+01:00,14.475
2022-02-13T01:08:00+01:00,14.476
2022-02-13T13:08:00+01:00,14.49
2022-02-14T01:08:00+01:00,14.492
2022-02-14T13:08:00+01:00,14.48
2022-02-15T01:08:00+01:00,14.461
2022-02-15T13:08:00+01:00,14.458
2022-02-16T01:08:00+01:00,14.484
2022-02-16T13:08:00+01:00,14.495
2022-02-17T01:08:00+01:00,14.505
2022-02-17T13:08:00+01:00,14.494
2022-02-18T01:08:00+01:00,14.503
2022-02-18T13:08:00+01:00,14.534
2022-02-19T01:08:00+01:00,14.493
2022-02-19T13:08:00+01:00,14.498
2022-02-20T01:08:00+01:00,14.502
2022-02-20T13:08:00+01:00,14.546
2022-02-21T01:08:00+01:00,14.594
2022-02-21T13:08:00+01:00,14.621
2022-02-22T01:08:00+01:00,14.599
2022-02-22T13:08:00+01:00,14.638
2022-02-23T01:08:00+01:00,14.628
2022-02-23T13:08:00+01:00,14.644
2022-02-24T01:08:00+01:00,14.65
2022-02-24T13:08:00+01:00,14.67
2022-02-25T01:08:00+01:00,14.633
2022-02-25T13:08:00+01:00,14.628
2022-02-26T01:08:00+01:00,14.618
2022-02-26T13:08:00+01:00,14.625
2022-02-27T01:08:00+01:00,14.625
2022-02-27T13:08:00+01:00,14.63
2022-02-28T01:08:00+01:00,14.622
2022-02-28T13:08:00+01:00,14.623
2022-03-01T01:08:00+01:00,14.613
2022-03-01T13:08:00+01:00,14.614
2022-03-02T01:08:00+01:00,14.607
2022-03-02T13:08:00+01:00,14.618
2022-03-03T01:08:00+01:00,14.607
2022-03-03T13:08:00+01:00,14.609
2022-03-04T01:08:00+01:00,14.595
2022-03-04T13:08:00+01:00,14.591
2022-03-05T01:08:00+01:00,14.585
2022-03-05T13:08:00+01:00,14.583
2022-03-06T01:08:00+01:00,14.568
2022-03-06T13:08:00+01:00,14.57
2022-03-07T01:08:00+01:00,14.56
2022-03-07T13:08:00+01:00,14.568
2022-03-08T01:08:00+01:00,14.563
2022-03-08T13:08:00+01:00,14.573
2022-03-09T01:08:00+01:00,14.553
2022-03-09T13:08:00+01:00,14.552
2022-03-10T01:08:00+01:00,14.543
2022-03-10T13:08:00+01:00,14.55
2022-03-11T01:08:00+01:00,14.55
2022-03-11T13:08:00+01:00,14.564
2022-03-12T01:08:00+01:00,14.546
2022-03-12T13:08:00+01:00,14.54
2022-03-13T01:08:00+01:00,14.544
2022-03-13T13:08:00+01:00,14.547
2022-03-14T01:08:00+01:00,14.522
2022-03-14T13:08:00+01:00,14.511
2022-03-15T01:08:00+01:00,14.512
2022-03-15T13:08:00+01:00,14.521
2022-03-16T01:08:00+01:00,14.518
2022-03-16T13:08:00+01:00,14.531
2022-03-17T01:08:00+01:00,14.525
2022-03-17T13:08:00+01:00,14.498
2022-03-18T01:08:00+01:00,14.486
2022-03-18T13:08:00+01:00,14.492
2022-03-19T01:08:00+01:00,14.49
2022-03-19T13:08:00+01:00,14.509
2022-03-20T01:08:00+01:00,14.513
2022-03-20T13:08:00+01:00,14.515
2022-03-21T01:08:00+01:00,14.504
2022-03-21T13:08:00+01:00,14.505
2022-03-21T18:00:00+01:00,14.515
2022-03-23T06:00:00+01:00,14.508
2022-03-23T18:00:00+01:00,14.509
2022-03-24T06:00:00+01:00,14.508
2022-03-24T18:00:00+01:00,14.506
2022-03-25T06:00:00+01:00,14.502
2022-03-25T18:00:00+01:00,14.501
2022-03-26T06:00:00+01:00,14.493
2022-03-26T18:00:00+01:00,14.495
2022-03-27T07:00:00+02:00,14.492
2022-03-27T19:00:00+02:00,14.498
2022-03-28T07:00:00+02:00,14.509
2022-03-28T19:00:00+02:00,14.511
2022-03-29T07:00:00+02:00,14.517
2022-03-29T19:00:00+02:00,14.515
2022-03-30T07:00:00+02:00,14.515
2022-03-30T19:00:00+02:00,14.511
2022-03-31T07:00:00+02:00,14.508
2022-03-31T19:00:00+02:00,14.505
2022-04-01T07:00:00+02:00,14.49
2022-04-01T19:00:00+02:00,14.479
2022-04-02T07:00:00+02:00,14.473
2022-04-02T19:00:00+02:00,14.471
2022-04-03T07:00:00+02:00,14.465
2022-04-03T19:00:00+02:00,14.477
2022-04-04T07:00:00+02:00,14.501
2022-04-04T19:00:00+02:00,14.5
2022-04-05T07:00:00+02:00,14.509
2022-04-05T19:00:00+02:00,14.519
2022-04-06T07:00:00+02:00,14.537
2022-04-06T19:00:00+02:00,14.555
2022-04-07T07:00:00+02:00,14.581
2022-04-07T19:00:00+02:00,14.553
2022-04-08T07:00:00+02:00,14.555
2022-04-08T19:00:00+02:00,14.549
2022-04-09T07:00:00+02:00,14.524
2022-04-09T19:00:00+02:00,14.53
2022-04-10T07:00:00+02:00,14.516
2022-04-10T19:00:00+02:00,14.524
2022-04-11T07:00:00+02:00,14.536
2022-04-11T19:00:00+02:00,14.543
2022-04-12T07:00:00+02:00,14.55
2022-04-12T19:00:00+02:00,14.533
2022-04-13T07:00:00+02:00,14.499
2022-04-13T19:00:00+02:00,14.475
2022-04-14T07:00:00+02:00,14.458
2022-04-14T19:00:00+02:00,14.442
2022-04-15T07:00:00+02:00,14.417
2022-04-15T19:00:00+02:00,14.411
2022-04-16T07:00:00+02:00,14.398
2022-04-16T19:00:00+02:00,14.398
2022-04-17T07:00:00+02:00,14.393
2022-04-17T19:00:00+02:00,14.409
2022-04-18T07:00:00+02:00,14.396
2022-04-18T19:00:00+02:00,14.399
2022-04-19T07:00:00+02:00,14.393
2022-04-19T19:00:00+02:00,14.383
2022-04-20T07:00:00+02:00,14.376
2022-04-20T19:00:00+02:00,14.377
2022-04-21T07:00:00+02:00,14.374
2022-04-21T19:00:00+02:00,14.368
2022-04-22T07:00:00+02:00,14.37
2022-04-22T19:00:00+02:00,14.375
2022-04-23T07:00:00+02:00,14.367
2022-04-23T19:00:00+02:00,14.365
2022-04-24T07:00:00+02:00,14.358
2022-04-24T19:00:00+02:00,14.344
2022-04-25T07:00:00+02:00,14.339
2022-04-25T19:00:00+02:00,14.335
2022-04-26T07:00:00+02:00,14.331
2022-04-26T19:00:00+02:00,14.323
2022-04-27T07:00:00+02:00,14.323
2022-04-27T19:00:00+02:00,14.32
2022-04-28T07:00:00+02:00,14.318
2022-04-28T19:00:00+02:00,14.32
2022-04-29T07:00:00+02:00,14.322
2022-04-29T19:00:00+02:00,14.321
2022-04-30T07:00:00+02:00,14.32
2022-04-30T19:00:00+02:00,14.327
2022-05-01T07:00:00+02:00,14.32
2022-05-01T19:00:00+02:00,14.325
2022-05-02T07:00:00+02:00,14.325
2022-05-02T19:00:00+02:00,14.314
2022-05-03T07:00:00+02:00,14.309
2022-05-03T19:00:00+02:00,14.3
2022-05-04T07:00:00+02:00,14.3
2022-05-04T19:00:00+02:00,14.296
2022-05-05T07:00:00+02:00,14.289
2022-05-05T19:00:00+02:00,14.282
2022-05-06T07:00:00+02:00,14.277
2022-05-06T19:00:00+02:00,14.282
2022-05-07T07:00:00+02:00,14.279
2022-05-07T19:00:00+02:00,14.277
2022-05-08T07:00:00+02:00,14.267
2022-05-08T19:00:00+02:00,14.272
2022-05-09T07:00:00+02:00,14.278
2022-05-09T19:00:00+02:00,14.279
2022-05-10T07:00:00+02:00,14.277
2022-05-10T19:00:00+02:00,14.263
2022-05-11T07:00:00+02:00,14.267
2022-05-11T19:00:00+02:00,14.257
2022-05-12T07:00:00+02:00,14.237
2022-05-12T19:00:00+02:00,14.24
2022-05-13T07:00:00+02:00,14.237
2022-05-13T19:00:00+02:00,14.239
2022-05-14T07:00:00+02:00,14.234
2022-05-14T19:00:00+02:00,14.224
2022-05-15T07:00:00+02:00,14.226
2022-05-15T19:00:00+02:00,14.238
2022-05-16T07:00:00+02:00,14.227
2022-05-16T19:00:00+02:00,14.21
2022-05-17T07:00:00+02:00,14.209
2022-05-17T19:00:00+02:00,14.218
2022-05-18T07:00:00+02:00,14.206
2022-05-18T19:00:00+02:00,14.2
2022-05-19T07:00:00+02:00,14.215
2022-05-19T19:00:00+02:00,14.188
2022-05-20T07:00:00+02:00,14.206
2022-05-20T19:00:00+02:00,14.192
2022-05-21T07:00:00+02:00,14.204
2022-05-21T19:00:00+02:00,14.2
2022-05-22T07:00:00+02:00,14.211
2022-05-22T19:00:00+02:00,14.207
2022-05-23T07:00:00+02:00,14.218
2022-05-23T19:00:00+02:00,14.192
2022-05-24T07:00:00+02:00,14.203
2022-05-24T19:00:00+02:00,14.193
2022-05-25T07:00:00+02:00,14.193
2022-05-25T19:00:00+02:00,14.182
2022-05-26T07:00:00+02:00,14.175
2022-05-26T19:00:00+02:00,14.167
2022-05-27T07:00:00+02:00,14.173
2022-05-27T19:00:00+02:00,14.16
2022-05-28T07:00:00+02:00,14.168
2022-05-28T19:00:00+02:00,14.162
2022-05-29T07:00:00+02:00,14.169
2022-05-29T19:00:00+02:00,14.176
2022-05-30T07:00:00+02:00,14.178
2022-05-30T19:00:00+02:00,14.166
2022-05-31T07:00:00+02:00,14.172
2022-05-31T19:00:00+02:00,14.154
2022-06-01T07:00:00+02:00,14.167
2022-06-01T19:00:00+02:00,14.154
2022-06-02T07:00:00+02:00,14.153
2022-06-02T19:00:00+02:00,14.147
2022-06-03T07:00:00+02:00,14.152
2022-06-03T19:00:00+02:00,14.137
2022-06-04T07:00:00+02:00,14.127
2022-06-04T19:00:00+02:00,14.121
2022-06-05T07:00:00+02:00,14.13
2022-06-05T19:00:00+02:00,14.198
2022-06-06T07:00:00+02:00,14.239
2022-06-06T19:00:00+02:00,14.236
2022-06-07T07:00:00+02:00,14.254
2022-06-07T19:00:00+02:00,14.247
2022-06-08T07:00:00+02:00,14.262
2022-06-08T19:00:00+02:00,14.271
2022-06-09T07:00:00+02:00,14.258
2022-06-09T19:00:00+02:00,14.258
2022-06-10T07:00:00+02:00,14.262
2022-06-10T19:00:00+02:00,14.257
2022-06-11T07:00:00+02:00,14.248
2022-06-11T19:00:00+02:00,14.241
2022-06-12T07:00:00+02:00,14.229
2022-06-12T19:00:00+02:00,14.217
2022-06-13T07:00:00+02:00,14.202
2022-06-13T19:00:00+02:00,14.189
2022-06-14T07:00:00+02:00,14.19
2022-06-14T19:00:00+02:00,14.187
2022-06-15T07:00:00+02:00,14.182
2022-06-15T19:00:00+02:00,14.164
2022-06-16T07:00:00+02:00,14.15
2022-06-16T19:00:00+02:00,14.139
2022-06-17T07:00:00+02:00,14.14
2022-06-17T19:00:00+02:00,14.134
2022-06-18T07:00:00+02:00,14.126
2022-06-18T19:00:00+02:00,14.12
2022-06-19T07:00:00+02:00,14.109
2022-06-19T19:00:00+02:00,14.121
2022-06-20T07:00:00+02:00,14.118
2022-06-20T19:00:00+02:00,14.107
2022-06-21T07:00:00+02:00,14.11
2022-06-21T19:00:00+02:00,14.114
2022-06-22T07:00:00+02:00,14.109
2022-06-22T19:00:00+02:00,14.105
2022-06-23T07:00:00+02:00,14.107
2022-06-23T19:00:00+02:00,14.105
2022-06-24T07:00:00+02:00,14.143
2022-06-24T19:00:00+02:00,14.15
2022-06-25T07:00:00+02:00,14.156
2022-06-25T19:00:00+02:00,14.137
2022-07-02T07:00:00+02:00,14.101
2022-07-02T19:00:00+02:00,14.096
2022-07-03T07:00:00+02:00,14.092
2022-07-03T19:00:00+02:00,14.076
2022-07-04T07:00:00+02:00,14.077
2022-07-04T19:00:00+02:00,14.066
2022-07-05T07:00:00+02:00,14.062
2022-07-05T19:00:00+02:00,14.051
2022-07-06T07:00:00+02:00,14.052
2022-07-06T19:00:00+02:00,14.05
2022-07-07T07:00:00+02:00,14.042
2022-07-07T19:00:00+02:00,14.026
2022-07-08T07:00:00+02:00,14.025
2022-07-08T19:00:00+02:00,14.023
2022-07-09T07:00:00+02:00,14.019
2022-07-09T19:00:00+02:00,14.009
2022-07-11T07:00:00+02:00,14.015
2022-07-11T19:00:00+02:00,14.02
2022-07-12T07:00:00+02:00,14.012
2022-07-12T19:00:00+02:00,14.012
2022-07-13T07:00:00+02:00,14.008
2022-07-13T19:00:00+02:00,13.991
2022-07-14T07:00:00+02:00,13.984
2022-07-14T19:00:00+02:00,13.976
2022-07-15T07:00:00+02:00,13.978
2022-07-15T19:00:00+02:00,13.971
2022-07-16T07:00:00+02:00,13.96
2022-07-16T19:00:00+02:00,13.954
2022-07-17T07:00:00+02:00,13.959
2022-07-17T19:00:00+02:00,13.958
2022-07-18T07:00:00+02:00,13.966
2022-07-18T19:00:00+02:00,13.961
2022-07-19T07:00:00+02:00,13.952
2022-07-19T19:00:00+02:00,13.951
2022-07-20T07:00:00+02:00,13.93
2022-07-20T19:00:00+02:00,13.922
2022-07-21T07:00:00+02:00,13.931
2022-07-21T19:00:00+02:00,13.942
2022-07-22T07:00:00+02:00,13.974
2022-07-22T19:00:00+02:00,13.968
2022-07-23T07:00:00+02:00,13.96
2022-07-23T19:00:00+02:00,13.952
2022-07-24T07:00:00+02:00,13.949
2022-07-24T19:00:00+02:00,13.95
2022-07-25T07:00:00+02:00,13.949
2022-07-25T19:00:00+02:00,13.93
2022-07-26T07:00:00+02:00,13.923
2022-07-26T19:00:00+02:00,13.924
2022-07-27T07:00:00+02:00,13.928
2022-07-27T19:00:00+02:00,13.931
2022-07-28T07:00:00+02:00,13.93
2022-07-28T19:00:00+02:00,13.926
2022-07-29T07:00:00+02:00,13.926
2022-07-29T19:00:00+02:00,13.915
2022-07-30T07:00:00+02:00,13.916
2022-07-30T19:00:00+02:00,13.912
2022-07-31T07:00:00+02:00,13.91
2022-07-31T19:00:00+02:00,13.904
2022-08-01T07:00:00+02:00,13.909
2022-08-01T19:00:00+02:00,13.904
2022-08-02T07:00:00+02:00,13.912
2022-08-02T19:00:00+02:00,13.902
2022-08-03T07:00:00+02:00,13.903
2022-08-03T19:00:00+02:00,13.893
2022-08-04T07:00:00+02:00,13.891
2022-08-04T19:00:00+02:00,13.88
2022-08-05T07:00:00+02:00,13.879
2022-08-05T19:00:00+02:00,13.863
2022-08-06T07:00:00+02:00,13.866
2022-08-06T19:00:00+02:00,13.871
2022-08-07T07:00:00+02:00,13.874
2022-08-07T19:00:00+02:00,13.87
2022-08-08T07:00:00+02:00,13.867
2022-08-08T19:00:00+02:00,13.863
2022-08-09T07:00:00+02:00,13.863
2022-08-09T19:00:00+02:00,13.858
2022-08-10T07:00:00+02:00,13.858
2022-08-10T19:00:00+02:00,13.859
2022-08-11T07:00:00+02:00,13.853
2022-08-11T19:00:00+02:00,13.85
2022-08-12T07:00:00+02:00,13.845
2022-08-12T19:00:00+02:00,13.843
2022-08-13T07:00:00+02:00,13.842
2022-08-13T19:00:00+02:00,13.835
2022-08-14T07:00:00+02:00,13.839
2022-08-14T19:00:00+02:00,13.84
2022-08-15T07:00:00+02:00,13.828
2022-08-15T19:00:00+02:00,13.833
2022-08-16T07:00:00+02:00,13.826
2022-08-16T19:00:00+02:00,13.825
2022-08-17T07:00:00+02:00,13.825
2022-08-17T19:00:00+02:00,13.834
2022-08-18T07:00:00+02:00,13.847
2022-08-18T19:00:00+02:00,13.852
2022-08-19T07:00:00+02:00,13.851
2022-08-19T19:00:00+02:00,13.851
2022-08-20T07:00:00+02:00,13.856
2022-08-20T19:00:00+02:00,13.855
2022-08-21T07:00:00+02:00,13.857
2022-08-21T19:00:00+02:00,13.852
2022-08-22T07:00:00+02:00,13.851
2022-08-22T19:00:00+02:00,13.85
2022-08-23T07:00:00+02:00,13.844
2022-08-23T19:00:00+02:00,13.836
2022-08-24T07:00:00+02:00,13.827
2022-08-24T19:00:00+02:00,13.819
2022-08-25T07:00:00+02:00,13.811
2022-08-25T19:00:00+02:00,13.804
2022-08-26T07:00:00+02:00,13.788
2022-08-26T19:00:00+02:00,13.789
2022-08-27T07:00:00+02:00,13.791
2022-08-27T19:00:00+02:00,13.791
2022-08-28T07:00:00+02:00,13.783
2022-08-28T19:00:00+02:00,13.784
2022-08-29T07:00:00+02:00,13.778
2022-08-29T19:00:00+02:00,13.785
2022-08-30T07:00:00+02:00,13.777
2022-08-30T19:00:00+02:00,13.769
2022-08-31T07:00:00+02:00,13.768
2022-08-31T19:00:00+02:00,13.762
2022-09-01T07:00:00+02:00,13.763
2022-09-01T19:00:00+02:00,13.763
2022-09-02T07:00:00+02:00,13.766
2022-09-02T19:00:00+02:00,13.766
2022-09-03T07:00:00+02:00,13.759
2022-09-03T19:00:00+02:00,13.744
2022-09-04T07:00:00+02:00,13.738
2022-09-04T19:00:00+02:00,13.739
2022-09-05T07:00:00+02:00,13.741
2022-09-05T19:00:00+02:00,13.742
2022-09-06T07:00:00+02:00,13.742
2022-09-06T19:00:00+02:00,13.751
2022-09-07T07:00:00+02:00,13.748
2022-09-07T19:00:00+02:00,13.75
2022-09-08T07:00:00+02:00,13.767
2022-09-08T19:00:00+02:00,13.775
2022-09-09T07:00:00+02:00,13.794
2022-09-09T19:00:00+02:00,13.798
2022-09-10T07:00:00+02:00,13.81
2022-09-10T19:00:00+02:00,13.832
2022-09-11T07:00:00+02:00,13.846
2022-09-11T19:00:00+02:00,13.858
2022-09-12T07:00:00+02:00,13.855
2022-09-12T19:00:00+02:00,13.855
2022-09-13T07:00:00+02:00,13.846
2022-09-13T19:00:00+02:00,13.841
2022-09-14T07:00:00+02:00,13.839
2022-09-14T19:00:00+02:00,13.872
2022-09-15T07:00:00+02:00,13.878
2022-09-15T19:00:00+02:00,13.876
2022-09-16T07:00:00+02:00,13.873
2022-09-16T19:00:00+02:00,13.875
2022-09-17T07:00:00+02:00,13.875
2022-09-17T19:00:00+02:00,13.867
2022-09-18T07:00:00+02:00,13.871
2022-09-18T19:00:00+02:00,13.906
2022-09-19T07:00:00+02:00,13.929
2022-09-19T19:00:00+02:00,13.928
2022-09-20T07:00:00+02:00,13.927
2022-09-20T19:00:00+02:00,13.912
2022-09-21T07:00:00+02:00,13.909
2022-09-21T19:00:00+02:00,13.901
2022-09-22T07:00:00+02:00,13.893
2022-09-22T19:00:00+02:00,13.889
2022-09-23T07:00:00+02:00,13.893
2022-09-23T19:00:00+02:00,13.886
2022-09-24T07:00:00+02:00,13.885
2022-09-24T19:00:00+02:00,13.88
2022-09-26T07:00:00+02:00,13.905
2022-09-26T19:00:00+02:00,13.914
2022-09-27T07:00:00+02:00,13.926
2022-09-27T19:00:00+02:00,13.96
2022-09-28T07:00:00+02:00,13.986
2022-09-28T19:00:00+02:00,13.988
2022-09-29T07:00:00+02:00,13.987
2022-09-29T19:00:00+02:00,13.968
2022-09-30T07:00:00+02:00,13.961
2022-09-30T19:00:00+02:00,13.964
2022-10-01T07:00:00+02:00,13.962
2022-10-01T19:00:00+02:00,13.952
2022-10-02T07:00:00+02:00,13.958
2022-10-02T19:00:00+02:00,13.956
2022-10-03T07:00:00+02:00,13.961
2022-10-03T19:00:00+02:00,13.961
2022-10-04T07:00:00+02:00,13.962
2022-10-04T19:00:00+02:00,13.949
2022-10-06T07:00:00+02:00,13.917
2022-10-06T19:00:00+02:00,13.923
2022-10-07T07:00:00+02:00,13.941
2022-10-07T19:00:00+02:00,13.935
2022-10-08T07:00:00+02:00,13.935
2022-10-08T19:00:00+02:00,13.92
2022-10-10T07:00:00+02:00,13.948
2022-10-10T19:00:00+02:00,13.915
2022-10-11T07:00:00+02:00,13.92
2022-10-11T19:00:00+02:00,13.92
2022-10-12T07:00:00+02:00,13.934
2022-10-12T19:00:00+02:00,13.932
2022-10-13T07:00:00+02:00,13.941
2022-10-13T19:00:00+02:00,13.934
2022-10-14T07:00:00+02:00,13.953
2022-10-14T19:00:00+02:00,13.953
2022-10-15T07:00:00+02:00,13.955
2022-10-15T19:00:00+02:00,13.941
2022-10-16T07:00:00+02:00,13.938
2022-10-16T19:00:00+02:00,13.929
2022-10-17T07:00:00+02:00,13.932
2022-10-17T19:00:00+02:00,13.922
2022-10-18T07:00:00+02:00,13.927
2022-10-18T19:00:00+02:00,13.919
2022-10-19T07:00:00+02:00,13.929
2022-10-19T19:00:00+02:00,13.934
2022-10-20T07:00:00+02:00,13.953
2022-10-20T19:00:00+02:00,13.963
2022-10-21T07:00:00+02:00,13.964
2022-10-21T19:00:00+02:00,13.945
2022-10-22T07:00:00+02:00,13.941
2022-10-22T19:00:00+02:00,13.935
2022-10-23T07:00:00+02:00,13.946
2022-10-23T19:00:00+02:00,13.95
2022-10-24T07:00:00+02:00,13.949
2022-10-24T19:00:00+02:00,13.93
2022-10-25T07:00:00+02:00,13.932
2022-10-25T19:00:00+02:00,13.941
2022-10-26T07:00:00+02:00,13.948
2022-10-26T19:00:00+02:00,13.925
2022-10-27T07:00:00+02:00,13.93
2022-10-27T19:00:00+02:00,13.94
2022-10-28T07:00:00+02:00,13.939
2022-10-28T19:00:00+02:00,13.921
2022-10-29T07:00:00+02:00,13.937
2022-10-29T19:00:00+02:00,13.93
2022-10-30T06:00:00+01:00,13.932
2022-10-30T18:00:00+01:00,13.927
2022-10-31T06:00:00+01:00,13.935
2022-10-31T18:00:00+01:00,13.949
2022-11-01T06:00:00+01:00,13.936
2022-11-01T18:00:00+01:00,13.928
2022-11-02T06:00:00+01:00,13.916
2022-11-02T18:00:00+01:00,13.924
2022-11-03T06:00:00+01:00,13.944
2022-11-03T18:00:00+01:00,13.959
2022-11-04T06:00:00+01:00,13.951
2022-11-04T18:00:00+01:00,13.931
2022-11-05T06:00:00+01:00,13.937
2022-11-05T18:00:00+01:00,13.943
2022-11-06T06:00:00+01:00,13.953
2022-11-06T18:00:00+01:00,13.963
2022-11-07T06:00:00+01:00,13.955
2022-11-07T18:00:00+01:00,13.951
2022-11-08T06:00:00+01:00,13.963
2022-11-08T18:00:00+01:00,13.957
2022-11-09T06:00:00+01:00,13.951
2022-11-09T18:00:00+01:00,13.929
2022-11-10T06:00:00+01:00,13.923
2022-11-10T18:00:00+01:00,13.92
2022-11-11T06:00:00+01:00,13.922
2022-11-11T18:00:00+01:00,13.923
2022-11-12T06:00:00+01:00,13.929
2022-11-12T18:00:00+01:00,13.936
2022-11-13T06:00:00+01:00,13.945
2022-11-13T18:00:00+01:00,13.95
2022-11-14T06:00:00+01:00,13.962
2022-11-14T18:00:00+01:00,13.96
2022-11-15T06:00:00+01:00,13.963
2022-11-15T18:00:00+01:00,13.969
2022-11-16T06:00:00+01:00,13.976
2022-11-16T18:00:00+01:00,13.99
2022-11-17T06:00:00+01:00,14.01
2022-11-17T18:00:00+01:00,14.016
2022-11-18T06:00:00+01:00,14.011
2022-11-18T18:00:00+01:00,14.007
2022-11-19T06:00:00+01:00,13.997
2022-11-19T18:00:00+01:00,13.992
2022-11-20T06:00:00+01:00,13.994
2022-11-20T18:00:00+01:00,14.02
2022-11-21T06:00:00+01:00,14.024
2022-11-21T18:00:00+01:00,14.041
2022-11-22T06:00:00+01:00,14.043
2022-11-22T18:00:00+01:00,14.039
2022-11-23T06:00:00+01:00,14.031
2022-11-23T18:00:00+01:00,14.019
2022-11-24T06:00:00+01:00,14.013
2022-11-24T18:00:00+01:00,14.017
2022-11-25T06:00:00+01:00,14.012
2022-11-25T18:00:00+01:00,13.986
2022-11-26T06:00:00+01:00,13.986
2022-11-26T18:00:00+01:00,13.997
2022-11-27T06:00:00+01:00,14.009
2022-11-27T18:00:00+01:00,14.024
2022-11-28T06:00:00+01:00,14.034
2022-11-28T18:00:00+01:00,14.036
2022-11-29T06:00:00+01:00,14.031
2022-11-29T18:00:00+01:00,14.03
2022-11-30T06:00:00+01:00,14.03
2022-11-30T18:00:00+01:00,14.028
2022-12-01T06:00:00+01:00,14.026
2022-12-01T18:00:00+01:00,14.032
2022-12-02T06:00:00+01:00,14.037
2022-12-02T18:00:00+01:00,14.033
2022-12-03T06:00:00+01:00,14.035
2022-12-03T18:00:00+01:00,14.037
2022-12-04T06:00:00+01:00,14.04
2022-12-04T18:00:00+01:00,14.031
2022-12-05T06:00:00+01:00,14.03
2022-12-05T18:00:00+01:00,14.032
2022-12-06T06:00:00+01:00,14.04
2022-12-06T18:00:00+01:00,14.043
2022-12-07T06:00:00+01:00,14.043
2022-12-07T18:00:00+01:00,14.053
2022-12-08T06:00:00+01:00,14.056
2022-12-08T18:00:00+01:00,14.062
2022-12-09T06:00:00+01:00,14.062
2022-12-09T18:00:00+01:00,14.057
2022-12-10T06:00:00+01:00,14.055
2022-12-10T18:00:00+01:00,14.049
2022-12-11T06:00:00+01:00,14.052
2022-12-11T18:00:00+01:00,14.061
2022-12-12T06:00:00+01:00,14.048
2022-12-12T18:00:00+01:00,14.047
2022-12-13T06:00:00+01:00,14.053
2022-12-13T18:00:00+01:00,14.061
2022-12-14T06:00:00+01:00,14.068
2022-12-14T18:00:00+01:00,14.057
2022-12-15T06:00:00+01:00,14.044
2022-12-15T18:00:00+01:00,14.044
2022-12-16T06:00:00+01:00,14.039
2022-12-16T18:00:00+01:00,14.03
2022-12-17T06:00:00+01:00,14.025
2022-12-17T18:00:00+01:00,14.022
2022-12-18T06:00:00+01:00,14.03
2022-12-18T18:00:00+01:00,14.039
2022-12-19T06:00:00+01:00,14.056
2022-12-19T18:00:00+01:00,14.066
2022-12-20T06:00:00+01:00,14.079
2022-12-20T18:00:00+01:00,14.085
2022-12-21T06:00:00+01:00,14.113
2022-12-21T18:00:00+01:00,14.139
2022-12-22T06:00:00+01:00,14.149
2022-12-22T18:00:00+01:00,14.17
2022-12-23T06:00:00+01:00,14.171
2022-12-23T18:00:00+01:00,14.211
2022-12-24T06:00:00+01:00,14.21
2022-12-24T18:00:00+01:00,14.218
2022-12-25T06:00:00+01:00,14.227
2022-12-25T18:00:00+01:00,14.237
2022-12-26T06:00:00+01:00,14.245
2022-12-26T18:00:00+01:00,14.238
2022-12-27T06:00:00+01:00,14.227
2022-12-27T18:00:00+01:00,14.243
2022-12-28T06:00:00+01:00,14.253
2022-12-28T18:00:00+01:00,14.27
2022-12-29T06:00:00+01:00,14.258
2022-12-29T18:00:00+01:00,14.249
2022-12-30T06:00:00+01:00,14.255
2022-12-30T18:00:00+01:00,14.259
2022-12-31T06:00:00+01:00,14.306
2022-12-31T18:00:00+01:00,14.319
2023-01-01T06:00:00+01:00,14.308
2023-01-01T18:00:00+01:00,14.329
2023-01-02T06:00:00+01:00,14.328
2023-01-02T18:00:00+01:00,14.31
2023-01-03T06:00:00+01:00,14.321
2023-01-03T18:00:00+01:00,14.323
2023-01-04T06:00:00+01:00,14.337
2023-01-04T18:00:00+01:00,14.327
2023-01-05T06:00:00+01:00,14.329
2023-01-05T18:00:00+01:00,14.338
2023-01-06T06:00:00+01:00,14.341
2023-01-06T18:00:00+01:00,14.337
2023-01-07T06:00:00+01:00,14.348
2023-01-07T18:00:00+01:00,14.358
2023-01-08T06:00:00+01:00,14.351
2023-01-08T18:00:00+01:00,14.366
2023-01-09T06:00:00+01:00,14.357
2023-01-09T18:00:00+01:00,14.323
2023-01-10T06:00:00+01:00,14.315
2023-01-10T18:00:00+01:00,14.348
2023-01-11T06:00:00+01:00,14.362
2023-01-11T18:00:00+01:00,14.38
2023-01-12T06:00:00+01:00,14.409
2023-01-12T18:00:00+01:00,14.472
2023-01-13T06:00:00+01:00,14.489
2023-01-13T18:00:00+01:00,14.48
2023-01-14T06:00:00+01:00,14.514
2023-01-14T18:00:00+01:00,14.54
2023-01-15T06:00:00+01:00,14.552
2023-01-15T18:00:00+01:00,14.551
2023-01-16T06:00:00+01:00,14.599
2023-01-16T18:00:00+01:00,14.579
2023-01-17T06:00:00+01:00,14.57
2023-01-17T18:00:00+01:00,14.568
2023-01-18T06:00:00+01:00,14.549
2023-01-18T18:00:00+01:00,14.528
2023-01-19T06:00:00+01:00,14.522
2023-01-19T18:00:00+01:00,14.514
2023-01-20T06:00:00+01:00,14.512
2023-01-20T18:00:00+01:00,14.497
2023-01-21T06:00:00+01:00,14.489
2023-01-21T18:00:00+01:00,14.486
2023-01-22T06:00:00+01:00,14.486
2023-01-22T18:00:00+01:00,14.481
2023-01-23T06:00:00+01:00,14.472
2023-01-23T18:00:00+01:00,14.469
2023-01-24T06:00:00+01:00,14.476
2023-01-24T18:00:00+01:00,14.478
2023-01-25T06:00:00+01:00,14.482
2023-01-25T18:00:00+01:00,14.497
2023-01-26T06:00:00+01:00,14.487
2023-01-26T18:00:00+01:00,14.484
2023-01-27T06:00:00+01:00,14.468
2023-01-27T18:00:00+01:00,14.46
2023-01-28T06:00:00+01:00,14.464
2023-01-28T18:00:00+01:00,14.461
2023-01-29T06:00:00+01:00,14.468
2023-01-29T18:00:00+01:00,14.479
2023-01-30T06:00:00+01:00,14.484
2023-01-30T18:00:00+01:00,14.46
2023-01-31T06:00:00+01:00,14.481
2023-01-31T18:00:00+01:00,14.473
2023-02-01T06:00:00+01:00,14.472
2023-02-01T18:00:00+01:00,14.46
2023-02-02T06:00:00+01:00,14.459
2023-02-02T18:00:00+01:00,14.455
2023-02-03T06:00:00+01:00,14.456
2023-02-03T18:00:00+01:00,14.44
2023-02-04T06:00:00+01:00,14.442
2023-02-04T18:00:00+01:00,14.438
2023-02-05T06:00:00+01:00,14.45
2023-02-05T18:00:00+01:00,14.435
2023-02-06T06:00:00+01:00,14.441
2023-02-06T18:00:00+01:00,14.442
2023-02-07T06:00:00+01:00,14.441
2023-02-07T18:00:00+01:00,14.439
2023-02-08T06:00:00+01:00,14.443
2023-02-08T18:00:00+01:00,14.45
2023-02-09T06:00:00+01:00,14.441
2023-02-09T18:00:00+01:00,14.43
2023-02-10T06:00:00+01:00,14.432
2023-02-10T18:00:00+01:00,14.429
2023-02-11T06:00:00+01:00,14.433
2023-02-11T18:00:00+01:00,14.419
2023-02-12T06:00:00+01:00,14.419
2023-02-12T18:00:00+01:00,14.421
2023-02-13T06:00:00+01:00,14.43
2023-02-13T18:00:00+01:00,14.427
2023-02-14T06:00:00+01:00,14.428
2023-02-14T18:00:00+01:00,14.421
2023-02-15T06:00:00+01:00,14.433
2023-02-15T18:00:00+01:00,14.426
2023-02-16T06:00:00+01:00,14.432
2023-02-16T18:00:00+01:00,14.433
2023-02-17T06:00:00+01:00,14.432
2023-02-17T18:00:00+01:00,14.414
2023-02-18T06:00:00+01:00,14.429
2023-02-18T18:00:00+01:00,14.42
2023-02-19T06:00:00+01:00,14.412
2023-02-19T18:00:00+01:00,14.406
2023-02-20T06:00:00+01:00,14.413
2023-02-20T18:00:00+01:00,14.42
2023-02-21T06:00:00+01:00,14.414
2023-02-21T18:00:00+01:00,14.423
2023-02-23T06:00:00+01:00,14.423
2023-02-23T18:00:00+01:00,14.417
2023-02-24T06:00:00+01:00,14.43
2023-02-24T18:00:00+01:00,14.425
2023-02-25T06:00:00+01:00,14.421
2023-02-25T18:00:00+01:00,14.402
2023-02-26T06:00:00+01:00,14.395
2023-02-26T18:00:00+01:00,14.383
2023-02-27T06:00:00+01:00,14.383
2023-02-27T18:00:00+01:00,14.38
2023-02-28T06:00:00+01:00,14.384
2023-02-28T18:00:00+01:00,14.38
2023-03-01T06:00:00+01:00,14.394
2023-03-01T18:00:00+01:00,14.397
2023-03-02T06:00:00+01:00,14.399
2023-03-02T18:00:00+01:00,14.389
2023-03-03T06:00:00+01:00,14.388
2023-03-03T18:00:00+01:00,14.381
2023-03-04T06:00:00+01:00,14.381
2023-03-04T18:00:00+01:00,14.385
2023-03-05T06:00:00+01:00,14.403
2023-03-05T18:00:00+01:00,14.41
2023-03-06T06:00:00+01:00,14.417
2023-03-06T18:00:00+01:00,14.422
2023-03-07T06:00:00+01:00,14.444
2023-03-07T18:00:00+01:00,14.462
2023-03-08T06:00:00+01:00,14.48
2023-03-08T18:00:00+01:00,14.484
2023-03-09T06:00:00+01:00,14.487
2023-03-09T18:00:00+01:00,14.517
2023-03-10T06:00:00+01:00,14.575
2023-03-10T18:00:00+01:00,14.533
2023-03-11T06:00:00+01:00,14.555
2023-03-11T18:00:00+01:00,14.557
2023-03-12T06:00:00+01:00,14.569
2023-03-12T18:00:00+01:00,14.554
2023-03-13T06:00:00+01:00,14.58
2023-03-13T18:00:00+01:00,14.581
2023-03-14T06:00:00+01:00,14.578
2023-03-14T18:00:00+01:00,14.524
2023-03-15T06:00:00+01:00,14.526
2023-03-15T18:00:00+01:00,14.539
2023-03-16T06:00:00+01:00,14.557
2023-03-16T18:00:00+01:00,14.558
2023-03-17T06:00:00+01:00,14.56
2023-03-17T18:00:00+01:00,14.549
2023-03-18T06:00:00+01:00,14.544
2023-03-18T18:00:00+01:00,14.542
2023-03-19T06:00:00+01:00,14.535
2023-03-19T18:00:00+01:00,14.517
2023-03-20T06:00:00+01:00,14.525
2023-03-20T18:00:00+01:00,14.531
2023-03-21T06:00:00+01:00,14.536
2023-03-21T18:00:00+01:00,14.54
2023-03-22T06:00:00+01:00,14.54
2023-03-22T18:00:00+01:00,14.537
2023-03-23T06:00:00+01:00,14.539
2023-03-23T18:00:00+01:00,14.551
2023-03-24T06:00:00+01:00,14.558
2023-03-24T18:00:00+01:00,14.559
2023-03-25T06:00:00+01:00,14.564
2023-03-25T18:00:00+01:00,14.553
2023-03-26T07:00:00+02:00,14.577
2023-03-26T19:00:00+02:00,14.587
2023-03-28T07:00:00+02:00,14.589
2023-03-28T19:00:00+02:00,14.604
2023-03-29T07:00:00+02:00,14.603
2023-03-29T19:00:00+02:00,14.615
2023-03-30T07:00:00+02:00,14.598
2023-03-30T19:00:00+02:00,14.596
2023-03-31T07:00:00+02:00,14.628
2023-03-31T19:00:00+02:00,14.655
2023-04-01T07:00:00+02:00,14.658
2023-04-01T19:00:00+02:00,14.656
2023-04-02T07:00:00+02:00,14.657
2023-04-02T19:00:00+02:00,14.652
2023-04-03T07:00:00+02:00,14.655
2023-04-03T19:00:00+02:00,14.658
2023-04-04T07:00:00+02:00,14.651
2023-04-04T19:00:00+02:00,14.651
2023-04-05T07:00:00+02:00,14.648
2023-04-05T19:00:00+02:00,14.646
2023-04-06T07:00:00+02:00,14.643
2023-04-06T19:00:00+02:00,14.648
2023-04-07T07:00:00+02:00,14.645
2023-04-07T19:00:00+02:00,14.631
2023-04-08T07:00:00+02:00,14.626
2023-04-08T19:00:00+02:00,14.629
2023-04-09T07:00:00+02:00,14.627
2023-04-09T19:00:00+02:00,14.626
2023-04-10T07:00:00+02:00,14.631
2023-04-10T19:00:00+02:00,14.633
2023-04-11T07:00:00+02:00,14.617
2023-04-11T19:00:00+02:00,14.625
2023-04-12T07:00:00+02:00,14.648
2023-04-12T19:00:00+02:00,14.658
2023-04-13T07:00:00+02:00,14.658
2023-04-13T19:00:00+02:00,14.642
2023-04-14T07:00:00+02:00,14.637
2023-04-14T19:00:00+02:00,14.637
2023-04-15T07:00:00+02:00,14.621
2023-04-15T19:00:00+02:00,14.603
2023-04-16T07:00:00+02:00,14.597
2023-04-16T19:00:00+02:00,14.595
2023-04-17T07:00:00+02:00,14.591
2023-04-17T19:00:00+02:00,14.586
2023-04-18T07:00:00+02:00,14.58
2023-04-18T19:00:00+02:00,14.581
2023-04-19T07:00:00+02:00,14.575
2023-04-19T19:00:00+02:00,14.579
2023-04-20T07:00:00+02:00,14.585
2023-04-20T19:00:00+02:00,14.577
2023-04-21T07:00:00+02:00,14.586
2023-04-21T19:00:00+02:00,14.591
2023-04-22T07:00:00+02:00,14.592
2023-04-22T19:00:00+02:00,14.586
2023-04-23T07:00:00+02:00,14.593
2023-04-23T19:00:00+02:00,14.616
2023-04-24T07:00:00+02:00,14.601
2023-04-24T19:00:00+02:00,14.624
2023-04-25T07:00:00+02:00,14.623
2023-04-25T19:00:00+02:00,14.61
2023-04-26T07:00:00+02:00,14.615
2023-04-26T19:00:00+02:00,14.612
2023-04-27T07:00:00+02:00,14.606
2023-04-27T19:00:00+02:00,14.615
2023-04-28T07:00:00+02:00,14.618
2023-04-28T19:00:00+02:00,14.606
2023-04-29T07:00:00+02:00,14.592
2023-04-29T19:00:00+02:00,14.581
2023-04-30T07:00:00+02:00,14.578
2023-04-30T19:00:00+02:00,14.582
2023-05-01T07:00:00+02:00,14.584
2023-05-01T19:00:00+02:00,14.564
2023-05-02T07:00:00+02:00,14.556
2023-05-02T19:00:00+02:00,14.548
2023-05-03T07:00:00+02:00,14.55
2023-05-03T19:00:00+02:00,14.552
2023-05-04T07:00:00+02:00,14.554
2023-05-04T19:00:00+02:00,14.553
2023-05-05T07:00:00+02:00,14.534
2023-05-05T19:00:00+02:00,14.545
2023-05-06T07:00:00+02:00,14.537
2023-05-06T19:00:00+02:00,14.538
2023-05-07T07:00:00+02:00,14.534
2023-05-07T19:00:00+02:00,14.609
2023-05-08T07:00:00+02:00,14.598
2023-05-08T19:00:00+02:00,14.599
2023-05-09T07:00:00+02:00,14.613
2023-05-09T19:00:00+02:00,14.63
2023-05-10T07:00:00+02:00,14.645
2023-05-10T19:00:00+02:00,14.644
2023-05-11T07:00:00+02:00,14.667
2023-05-11T19:00:00+02:00,14.665
2023-05-12T07:00:00+02:00,14.675
2023-05-12T19:00:00+02:00,14.658
2023-05-13T07:00:00+02:00,14.654
2023-05-13T19:00:00+02:00,14.655
2023-05-14T07:00:00+02:00,14.651
2023-05-14T19:00:00+02:00,14.638
2023-05-15T07:00:00+02:00,14.633
2023-05-15T19:00:00+02:00,14.614
2023-05-16T07:00:00+02:00,14.606
2023-05-16T19:00:00+02:00,14.593
2023-05-17T07:00:00+02:00,14.583
2023-05-17T19:00:00+02:00,14.574
2023-05-18T07:00:00+02:00,14.577
2023-05-18T19:00:00+02:00,14.57
2023-05-19T07:00:00+02:00,14.563
2023-05-19T19:00:00+02:00,14.556
2023-05-20T07:00:00+02:00,14.552
2023-05-20T19:00:00+02:00,14.542
2023-05-21T07:00:00+02:00,14.545
2023-05-21T19:00:00+02:00,14.53
2023-05-22T07:00:00+02:00,14.519
2023-05-22T19:00:00+02:00,14.506
2023-05-23T07:00:00+02:00,14.496
2023-05-23T19:00:00+02:00,14.495
2023-05-24T07:00:00+02:00,14.491
2023-05-24T19:00:00+02:00,14.481
2023-05-25T07:00:00+02:00,14.469
2023-05-25T19:00:00+02:00,14.465
2023-05-26T07:00:00+02:00,14.465
2023-05-26T19:00:00+02:00,14.456
2023-05-27T07:00:00+02:00,14.459
2023-05-27T19:00:00+02:00,14.461
2023-05-28T07:00:00+02:00,14.454
2023-05-28T19:00:00+02:00,14.447
2023-05-29T07:00:00+02:00,14.44
2023-05-29T19:00:00+02:00,14.43
2023-05-30T07:00:00+02:00,14.424
2023-05-30T19:00:00+02:00,14.417
2023-05-31T07:00:00+02:00,14.419
2023-05-31T19:00:00+02:00,14.414
2023-06-01T07:00:00+02:00,14.411
2023-06-01T19:00:00+02:00,14.401
2023-06-02T07:00:00+02:00,14.398
2023-06-02T19:00:00+02:00,14.392
2023-06-03T07:00:00+02:00,14.392
2023-06-03T19:00:00+02:00,14.38
2023-06-04T07:00:00+02:00,14.38
2023-06-04T19:00:00+02:00,14.371
2023-06-05T07:00:00+02:00,14.371
2023-06-05T19:00:00+02:00,14.364
2023-06-06T07:00:00+02:00,14.367
2023-06-06T19:00:00+02:00,14.359
2023-06-07T07:00:00+02:00,14.353
2023-06-07T19:00:00+02:00,14.355
2023-06-08T07:00:00+02:00,14.352
2023-06-08T19:00:00+02:00,14.348
2023-06-09T07:00:00+02:00,14.344
2023-06-09T19:00:00+02:00,14.337
2023-06-10T07:00:00+02:00,14.334
2023-06-10T19:00:00+02:00,14.319
2023-06-11T07:00:00+02:00,14.318
2023-06-11T19:00:00+02:00,14.307
2023-06-12T07:00:00+02:00,14.306
2023-06-12T19:00:00+02:00,14.296
2023-06-13T07:00:00+02:00,14.294
2023-06-13T19:00:00+02:00,14.285
2023-06-14T07:00:00+02:00,14.28
2023-06-14T19:00:00+02:00,14.265
2023-06-15T07:00:00+02:00,14.267
2023-06-15T19:00:00+02:00,14.261
2023-06-16T07:00:00+02:00,14.264
2023-06-16T19:00:00+02:00,14.252
2023-06-17T07:00:00+02:00,14.258
2023-06-17T19:00:00+02:00,14.254
2023-06-18T07:00:00+02:00,14.254
2023-06-18T19:00:00+02:00,14.262
2023-06-19T07:00:00+02:00,14.252
2023-06-19T19:00:00+02:00,14.242
2023-06-20T07:00:00+02:00,14.253
2023-06-20T19:00:00+02:00,14.241
2023-06-21T07:00:00+02:00,14.237
2023-06-21T19:00:00+02:00,14.231
2023-06-22T07:00:00+02:00,14.24
2023-06-22T19:00:00+02:00,14.291
2023-06-23T07:00:00+02:00,14.286
2023-06-23T19:00:00+02:00,14.282
2023-06-25T07:00:00+02:00,14.287
2023-06-25T19:00:00+02:00,14.276
2023-06-26T07:00:00+02:00,14.266
2023-06-26T19:00:00+02:00,14.247
2023-06-27T07:00:00+02:00,14.251
2023-06-27T19:00:00+02:00,14.245
2023-06-28T07:00:00+02:00,14.253
2023-06-28T19:00:00+02:00,14.245
2023-06-29T07:00:00+02:00,14.261
2023-06-29T19:00:00+02:00,14.245
2023-06-30T07:00:00+02:00,14.252
2023-06-30T19:00:00+02:00,14.249
2023-07-01T07:00:00+02:00,14.261
2023-07-01T19:00:00+02:00,14.252
2023-07-02T07:00:00+02:00,14.245
2023-07-02T19:00:00+02:00,14.234
2023-07-03T07:00:00+02:00,14.232
2023-07-03T19:00:00+02:00,14.226
2023-07-04T07:00:00+02:00,14.224
2023-07-04T19:00:00+02:00,14.22
2023-07-05T07:00:00+02:00,14.237
2023-07-05T19:00:00+02:00,14.204
2023-07-06T07:00:00+02:00,14.22
2023-07-06T19:00:00+02:00,14.211
2023-07-07T07:00:00+02:00,14.217
2023-07-07T19:00:00+02:00,14.214
2023-07-08T07:00:00+02:00,14.213
2023-07-08T19:00:00+02:00,14.194
2023-07-09T07:00:00+02:00,14.192
2023-07-09T19:00:00+02:00,14.167
2023-07-10T07:00:00+02:00,14.169
2023-07-10T19:00:00+02:00,14.176
2023-07-11T07:00:00+02:00,14.184
2023-07-11T19:00:00+02:00,14.168
2023-07-12T07:00:00+02:00,14.171
2023-07-12T19:00:00+02:00,14.169
2023-07-13T07:00:00+02:00,14.164
2023-07-13T19:00:00+02:00,14.164
2023-07-14T07:00:00+02:00,14.168
2023-07-14T19:00:00+02:00,14.177
2023-07-15T07:00:00+02:00,14.177
2023-07-15T19:00:00+02:00,14.155
2023-07-16T07:00:00+02:00,14.156
2023-07-16T19:00:00+02:00,14.14
2023-07-17T07:00:00+02:00,14.134
2023-07-17T19:00:00+02:00,14.144
2023-07-18T07:00:00+02:00,14.15
2023-07-18T19:00:00+02:00,14.151
2023-07-20T07:00:00+02:00,14.136
2023-07-20T19:00:00+02:00,14.134
2023-07-21T07:00:00+02:00,14.146
2023-07-21T19:00:00+02:00,14.126
2023-07-22T07:00:00+02:00,14.131
2023-07-22T19:00:00+02:00,14.131
2023-07-23T07:00:00+02:00,14.143
2023-07-23T19:00:00+02:00,14.151
2023-07-24T07:00:00+02:00,14.229
2023-07-24T19:00:00+02:00,14.221
2023-07-25T07:00:00+02:00,14.229
2023-07-25T19:00:00+02:00,14.217
2023-07-26T07:00:00+02:00,14.217
2023-07-26T19:00:00+02:00,14.204
2023-07-27T07:00:00+02:00,14.228
2023-07-27T19:00:00+02:00,14.232
2023-07-28T07:00:00+02:00,14.232
2023-07-28T19:00:00+02:00,14.23
2023-07-29T07:00:00+02:00,14.224
2023-07-29T19:00:00+02:00,14.229
2023-07-30T07:00:00+02:00,14.223
2023-07-30T19:00:00+02:00,14.216
2023-07-31T07:00:00+02:00,14.267
2023-07-31T19:00:00+02:00,14.297
2023-08-01T07:00:00+02:00,14.348
2023-08-01T19:00:00+02:00,14.342
2023-08-02T07:00:00+02:00,14.374
2023-08-02T19:00:00+02:00,14.377
2023-08-03T07:00:00+02:00,14.371
2023-08-03T19:00:00+02:00,14.365
2023-08-04T07:00:00+02:00,14.373
2023-08-04T19:00:00+02:00,14.372
2023-08-05T07:00:00+02:00,14.384
2023-08-05T19:00:00+02:00,14.394
2023-08-06T07:00:00+02:00,14.385
2023-08-06T19:00:00+02:00,14.395
2023-08-07T07:00:00+02:00,14.412
2023-08-07T19:00:00+02:00,14.413
2023-08-08T07:00:00+02:00,14.414
2023-08-08T19:00:00+02:00,14.412
2023-08-09T07:00:00+02:00,14.421
2023-08-09T19:00:00+02:00,14.418
2023-08-10T07:00:00+02:00,14.415
2023-08-10T19:00:00+02:00,14.412
2023-08-11T07:00:00+02:00,14.415
2023-08-11T19:00:00+02:00,14.397
2023-08-12T07:00:00+02:00,14.412
2023-08-12T19:00:00+02:00,14.424
2023-08-13T07:00:00+02:00,14.427
2023-08-13T19:00:00+02:00,14.425
2023-08-14T07:00:00+02:00,14.42
2023-08-14T19:00:00+02:00,14.417
2023-08-15T07:00:00+02:00,14.401
2023-08-15T19:00:00+02:00,14.381
2023-08-16T07:00:00+02:00,14.379
2023-08-16T19:00:00+02:00,14.378
2023-08-17T07:00:00+02:00,14.377
2023-08-17T19:00:00+02:00,14.379
2023-08-18T07:00:00+02:00,14.374
2023-08-18T19:00:00+02:00,14.38
2023-08-19T07:00:00+02:00,14.376
2023-08-19T19:00:00+02:00,14.354
2023-08-20T07:00:00+02:00,14.344
2023-08-20T19:00:00+02:00,14.338
2023-08-21T07:00:00+02:00,14.333
2023-08-21T19:00:00+02:00,14.332
2023-08-22T07:00:00+02:00,14.33
2023-08-22T19:00:00+02:00,14.32
2023-08-23T07:00:00+02:00,14.318
2023-08-23T19:00:00+02:00,14.311
2023-08-24T07:00:00+02:00,14.322
2023-08-24T19:00:00+02:00,14.329
2023-08-25T07:00:00+02:00,14.333
2023-08-25T19:00:00+02:00,14.337
2023-08-26T07:00:00+02:00,14.336
2023-08-26T19:00:00+02:00,14.332
2023-08-27T07:00:00+02:00,14.351
2023-08-27T19:00:00+02:00,14.353
2023-08-28T07:00:00+02:00,14.365
2023-08-28T19:00:00+02:00,14.363
2023-08-29T07:00:00+02:00,14.368
2023-08-29T19:00:00+02:00,14.369
2023-08-30T07:00:00+02:00,14.381
2023-08-30T19:00:00+02:00,14.366
2023-08-31T07:00:00+02:00,14.361
2023-08-31T19:00:00+02:00,14.358
2023-09-01T07:00:00+02:00,14.359
2023-09-01T19:00:00+02:00,14.369
2023-09-02T07:00:00+02:00,14.383
2023-09-02T19:00:00+02:00,14.383
2023-09-03T07:00:00+02:00,14.378
2023-09-03T19:00:00+02:00,14.38
2023-09-04T07:00:00+02:00,14.375
2023-09-04T19:00:00+02:00,14.39
2023-09-05T07:00:00+02:00,14.377
2023-09-05T19:00:00+02:00,14.371
2023-09-06T07:00:00+02:00,14.358
2023-09-06T19:00:00+02:00,14.35
2023-09-07T07:00:00+02:00,14.342
2023-09-07T19:00:00+02:00,14.34
2023-09-08T07:00:00+02:00,14.328
2023-09-08T19:00:00+02:00,14.321
2023-09-09T07:00:00+02:00,14.312
2023-09-09T19:00:00+02:00,14.308
2023-09-10T07:00:00+02:00,14.308
2023-09-10T19:00:00+02:00,14.299
2023-09-11T07:00:00+02:00,14.305
2023-09-11T19:00:00+02:00,14.295
2023-09-12T07:00:00+02:00,14.303
2023-09-12T19:00:00+02:00,14.299
2023-09-13T07:00:00+02:00,14.297
2023-09-13T19:00:00+02:00,14.285
2023-09-14T07:00:00+02:00,14.291
2023-09-14T19:00:00+02:00,14.297
2023-09-15T07:00:00+02:00,14.299
2023-09-15T19:00:00+02:00,14.295
2023-09-16T07:00:00+02:00,14.294
2023-09-16T19:00:00+02:00,14.281
2023-09-17T07:00:00+02:00,14.29
2023-09-17T19:00:00+02:00,14.304
2023-09-18T07:00:00+02:00,14.302
2023-09-18T19:00:00+02:00,14.302
2023-09-19T07:00:00+02:00,14.295
2023-09-19T19:00:00+02:00,14.283
2023-09-20T07:00:00+02:00,14.287
2023-09-20T19:00:00+02:00,14.29
2023-09-21T07:00:00+02:00,14.297
2023-09-21T19:00:00+02:00,14.301
2023-09-22T07:00:00+02:00,14.295
2023-09-22T19:00:00+02:00,14.276
2023-09-23T07:00:00+02:00,14.302
2023-09-23T19:00:00+02:00,14.296
2023-09-24T07:00:00+02:00,14.3
2023-09-24T19:00:00+02:00,14.308
2023-09-25T07:00:00+02:00,14.316
2023-09-25T19:00:00+02:00,14.304
2023-09-26T07:00:00+02:00,14.308
2023-09-26T19:00:00+02:00,14.302
2023-09-27T07:00:00+02:00,14.306
2023-09-27T19:00:00+02:00,14.309
2023-09-28T07:00:00+02:00,14.288
2023-09-28T19:00:00+02:00,14.282
2023-09-29T07:00:00+02:00,14.3
2023-09-29T19:00:00+02:00,14.266
2023-09-30T07:00:00+02:00,14.276
2023-09-30T19:00:00+02:00,14.276
2023-10-01T07:00:00+02:00,14.28
2023-10-01T19:00:00+02:00,14.273
2023-10-02T07:00:00+02:00,14.276
2023-10-02T19:00:00+02:00,14.282
2023-10-03T07:00:00+02:00,14.284
2023-10-03T19:00:00+02:00,14.253
2023-10-04T07:00:00+02:00,14.252
2023-10-04T19:00:00+02:00,14.258
2023-10-05T07:00:00+02:00,14.263
2023-10-05T19:00:00+02:00,14.256
2023-10-06T07:00:00+02:00,14.263
2023-10-06T19:00:00+02:00,14.255
2023-10-07T07:00:00+02:00,14.254
2023-10-07T19:00:00+02:00,14.24
2023-10-08T07:00:00+02:00,14.236
2023-10-08T19:00:00+02:00,14.244
2023-10-09T07:00:00+02:00,14.249
2023-10-09T19:00:00+02:00,14.233
2023-10-10T07:00:00+02:00,14.246
2023-10-10T19:00:00+02:00,14.244
2023-10-11T07:00:00+02:00,14.24
2023-10-11T19:00:00+02:00,14.235
2023-10-12T07:00:00+02:00,14.229
2023-10-12T19:00:00+02:00,14.239
2023-10-13T07:00:00+02:00,14.266
2023-10-13T19:00:00+02:00,14.273
2023-10-14T07:00:00+02:00,14.261
2023-10-14T19:00:00+02:00,14.261
2023-10-15T07:00:00+02:00,14.266
2023-10-15T19:00:00+02:00,14.273
2023-10-16T07:00:00+02:00,14.291
2023-10-16T19:00:00+02:00,14.289
2023-10-17T07:00:00+02:00,14.297
2023-10-17T19:00:00+02:00,14.296
2023-10-18T07:00:00+02:00,14.313
2023-10-18T19:00:00+02:00,14.326
2023-10-19T07:00:00+02:00,14.348
2023-10-19T19:00:00+02:00,14.36
2023-10-20T07:00:00+02:00,14.38
2023-10-20T19:00:00+02:00,14.464
2023-10-21T07:00:00+02:00,14.445
2023-10-21T19:00:00+02:00,14.446
2023-10-22T07:00:00+02:00,14.435
2023-10-22T19:00:00+02:00,14.428
2023-10-23T07:00:00+02:00,14.439
2023-10-23T19:00:00+02:00,14.456
2023-10-24T07:00:00+02:00,14.461
2023-10-24T19:00:00+02:00,14.463
2023-10-25T07:00:00+02:00,14.481
2023-10-25T19:00:00+02:00,14.526
2023-10-26T07:00:00+02:00,14.526
2023-10-26T19:00:00+02:00,14.543
2023-10-27T07:00:00+02:00,14.546
2023-10-27T19:00:00+02:00,14.568
2023-10-28T07:00:00+02:00,14.577
2023-10-28T19:00:00+02:00,14.578
2023-10-29T06:00:00+01:00,14.574
2023-10-29T18:00:00+01:00,14.569
2023-10-30T06:00:00+01:00,14.57
2023-10-30T18:00:00+01:00,14.58
2023-10-31T06:00:00+01:00,14.568
2023-10-31T18:00:00+01:00,14.563
2023-11-01T06:00:00+01:00,14.59
2023-11-01T18:00:00+01:00,14.596
2023-11-02T06:00:00+01:00,14.639
2023-11-02T18:00:00+01:00,14.616
2023-11-03T06:00:00+01:00,14.6
2023-11-03T18:00:00+01:00,14.59
2023-11-04T06:00:00+01:00,14.612
2023-11-04T18:00:00+01:00,14.632
2023-11-05T06:00:00+01:00,14.621
2023-11-05T18:00:00+01:00,14.577
2023-11-06T06:00:00+01:00,14.567
2023-11-06T18:00:00+01:00,14.556
2023-11-07T06:00:00+01:00,14.555
2023-11-07T18:00:00+01:00,14.548
2023-11-08T06:00:00+01:00,14.547
2023-11-08T18:00:00+01:00,14.56
2023-11-09T06:00:00+01:00,14.582
2023-11-09T18:00:00+01:00,14.608
2023-11-10T06:00:00+01:00,14.605
2023-11-10T18:00:00+01:00,14.602
2023-11-11T06:00:00+01:00,14.63
2023-11-11T18:00:00+01:00,14.633
2023-11-12T06:00:00+01:00,14.634
2023-11-12T18:00:00+01:00,14.625
2023-11-13T06:00:00+01:00,14.644
2023-11-13T18:00:00+01:00,14.653
2023-11-14T06:00:00+01:00,14.655
2023-11-14T18:00:00+01:00,14.668
2023-11-15T06:00:00+01:00,14.71
2023-11-15T18:00:00+01:00,14.703
2023-11-16T06:00:00+01:00,14.709
2023-11-16T18:00:00+01:00,14.705
2023-11-17T06:00:00+01:00,14.696
2023-11-17T18:00:00+01:00,14.684
2023-11-18T06:00:00+01:00,14.69
2023-11-18T18:00:00+01:00,14.73
2023-11-19T06:00:00+01:00,14.726
2023-11-19T18:00:00+01:00,14.732
2023-11-20T06:00:00+01:00,14.732
2023-11-20T18:00:00+01:00,14.729
2023-11-21T06:00:00+01:00,14.714
2023-11-21T18:00:00+01:00,14.686
2023-11-22T06:00:00+01:00,14.686
2023-11-22T18:00:00+01:00,14.693
2023-11-23T06:00:00+01:00,14.693
2023-11-23T18:00:00+01:00,14.699
2023-11-24T06:00:00+01:00,14.697
2023-11-24T18:00:00+01:00,14.695
2023-11-25T06:00:00+01:00,14.684
2023-11-25T18:00:00+01:00,14.679
2023-11-26T06:00:00+01:00,14.673
2023-11-26T18:00:00+01:00,14.684
2023-11-27T06:00:00+01:00,14.721
2023-11-27T18:00:00+01:00,14.794
2023-11-28T06:00:00+01:00,14.779
2023-11-28T18:00:00+01:00,14.782
2023-11-29T06:00:00+01:00,14.793
2023-11-29T18:00:00+01:00,14.797
2023-11-30T06:00:00+01:00,14.804
2023-11-30T18:00:00+01:00,14.789
2023-12-01T06:00:00+01:00,14.775
2023-12-01T18:00:00+01:00,14.771
2023-12-02T06:00:00+01:00,14.759
2023-12-02T18:00:00+01:00,14.736
2023-12-03T06:00:00+01:00,14.731
2023-12-03T18:00:00+01:00,14.744
2023-12-04T06:00:00+01:00,14.757
2023-12-04T18:00:00+01:00,14.767
2023-12-05T06:00:00+01:00,14.776
2023-12-05T18:00:00+01:00,14.761
2023-12-06T06:00:00+01:00,14.752
2023-12-06T18:00:00+01:00,14.743
2023-12-07T06:00:00+01:00,14.744
2023-12-07T18:00:00+01:00,14.76
2023-12-08T06:00:00+01:00,14.763
2023-12-08T18:00:00+01:00,14.754
2023-12-09T06:00:00+01:00,14.755
2023-12-09T18:00:00+01:00,14.788
2023-12-10T06:00:00+01:00,14.755
2023-12-10T18:00:00+01:00,14.794
2023-12-11T06:00:00+01:00,14.78
2023-12-11T18:00:00+01:00,14.76
2023-12-12T06:00:00+01:00,14.771
2023-12-12T18:00:00+01:00,14.785
2023-12-13T06:00:00+01:00,14.789
2023-12-13T18:00:00+01:00,14.777
2023-12-14T06:00:00+01:00,14.747
2023-12-14T18:00:00+01:00,14.741
2023-12-15T06:00:00+01:00,14.727
2023-12-15T18:00:00+01:00,14.721
2023-12-16T06:00:00+01:00,14.724
2023-12-16T18:00:00+01:00,14.73
2023-12-17T06:00:00+01:00,14.728
2023-12-17T18:00:00+01:00,14.733
2023-12-18T06:00:00+01:00,14.73
2023-12-18T18:00:00+01:00,14.737
2023-12-19T06:00:00+01:00,14.746
2023-12-19T18:00:00+01:00,14.757
2023-12-20T06:00:00+01:00,14.774
2023-12-20T18:00:00+01:00,14.792
2023-12-21T06:00:00+01:00,14.811
2023-12-21T18:00:00+01:00,14.813
2023-12-22T06:00:00+01:00,14.857
2023-12-22T18:00:00+01:00,14.842
2023-12-23T06:00:00+01:00,14.886
2023-12-23T18:00:00+01:00,14.877
2023-12-24T06:00:00+01:00,14.882
2023-12-24T18:00:00+01:00,14.927
2023-12-25T06:00:00+01:00,14.932
2023-12-25T18:00:00+01:00,14.96
2023-12-26T06:00:00+01:00,14.981
2023-12-26T18:00:00+01:00,14.97
2023-12-27T06:00:00+01:00,14.979
2023-12-27T18:00:00+01:00,15.001
2023-12-28T06:00:00+01:00,14.96
2023-12-28T18:00:00+01:00,14.943
2023-12-29T06:00:00+01:00,14.932
2023-12-29T18:00:00+01:00,14.961
2023-12-30T06:00:00+01:00,14.954
2023-12-30T18:00:00+01:00,14.954
2023-12-31T06:00:00+01:00,14.963
2023-12-31T18:00:00+01:00,14.933
2024-01-01T06:00:00+01:00,14.907
2024-01-01T18:00:00+01:00,14.894
2024-01-02T06:00:00+01:00,14.932
2024-01-02T18:00:00+01:00,14.992
2024-01-03T06:00:00+01:00,14.97
2024-01-03T18:00:00+01:00,14.998
2024-01-04T06:00:00+01:00,15.011
2024-01-04T18:00:00+01:00,15.024
2024-01-05T06:00:00+01:00,15.036
2024-01-05T18:00:00+01:00,15.006
2024-01-06T06:00:00+01:00,14.985
2024-01-06T18:00:00+01:00,14.97
2024-01-07T06:00:00+01:00,14.95
2024-01-07T18:00:00+01:00,14.922
2024-01-08T06:00:00+01:00,14.914
2024-01-08T18:00:00+01:00,14.892
2024-01-09T06:00:00+01:00,14.885
2024-01-09T18:00:00+01:00,14.873
2024-01-10T06:00:00+01:00,14.862
2024-01-10T18:00:00+01:00,14.848
2024-01-11T06:00:00+01:00,14.823
2024-01-11T18:00:00+01:00,14.813
2024-01-12T06:00:00+01:00,14.807
2024-01-12T18:00:00+01:00,14.808
2024-01-13T06:00:00+01:00,14.811
2024-01-13T18:00:00+01:00,14.815
2024-01-14T06:00:00+01:00,14.817
2024-01-14T18:00:00+01:00,14.822
2024-01-15T06:00:00+01:00,14.82
2024-01-15T18:00:00+01:00,14.807
2024-01-16T06:00:00+01:00,14.816
2024-01-16T18:00:00+01:00,14.817
2024-01-17T06:00:00+01:00,14.832
2024-01-17T18:00:00+01:00,14.821
2024-01-18T06:00:00+01:00,14.793
2024-01-18T18:00:00+01:00,14.761
2024-01-19T06:00:00+01:00,14.74
2024-01-19T18:00:00+01:00,14.735
2024-01-20T06:00:00+01:00,14.727
2024-01-20T18:00:00+01:00,14.733
2024-01-21T06:00:00+01:00,14.746
2024-01-21T18:00:00+01:00,14.743
2024-01-22T06:00:00+01:00,14.758
2024-01-22T18:00:00+01:00,14.758
2024-01-23T06:00:00+01:00,14.742
2024-01-23T18:00:00+01:00,14.781
2024-01-24T06:00:00+01:00,14.768
2024-01-24T18:00:00+01:00,14.749
2024-01-25T06:00:00+01:00,14.749
2024-01-25T18:00:00+01:00,14.756
2024-01-26T06:00:00+01:00,14.773
2024-01-26T18:00:00+01:00,14.738
2024-01-27T06:00:00+01:00,14.74
2024-01-27T18:00:00+01:00,14.738
2024-01-28T06:00:00+01:00,14.751
2024-01-28T18:00:00+01:00,14.748
2024-01-29T06:00:00+01:00,14.735
2024-01-29T18:00:00+01:00,14.726
2024-01-30T06:00:00+01:00,14.724
2024-01-30T18:00:00+01:00,14.699
2024-01-31T06:00:00+01:00,14.704
2024-01-31T18:00:00+01:00,14.72
2024-02-01T06:00:00+01:00,14.702
2024-02-01T18:00:00+01:00,14.703
2024-02-02T06:00:00+01:00,14.712
2024-02-02T18:00:00+01:00,14.706
2024-02-03T06:00:00+01:00,14.701
2024-02-03T18:00:00+01:00,14.7
2024-02-04T06:00:00+01:00,14.719
2024-02-04T18:00:00+01:00,14.749
2024-02-05T06:00:00+01:00,14.76
2024-02-05T18:00:00+01:00,14.761
2024-02-06T06:00:00+01:00,14.771
2024-02-06T18:00:00+01:00,14.769
2024-02-07T06:00:00+01:00,14.809
2024-02-07T18:00:00+01:00,14.826
2024-02-08T06:00:00+01:00,14.828
2024-02-08T18:00:00+01:00,14.889
2024-02-09T06:00:00+01:00,14.927
2024-02-09T18:00:00+01:00,14.924
2024-02-10T06:00:00+01:00,14.9
2024-02-10T18:00:00+01:00,14.886
2024-02-11T06:00:00+01:00,14.871
2024-02-11T18:00:00+01:00,14.86
2024-02-12T06:00:00+01:00,14.845
2024-02-12T18:00:00+01:00,14.816
2024-02-13T06:00:00+01:00,14.815
2024-02-13T18:00:00+01:00,14.809
2024-02-14T06:00:00+01:00,14.809
2024-02-14T18:00:00+01:00,14.799
2024-02-15T06:00:00+01:00,14.813
2024-02-15T18:00:00+01:00,14.827
2024-02-16T06:00:00+01:00,14.825
2024-02-16T18:00:00+01:00,14.793
2024-02-17T06:00:00+01:00,14.786
2024-02-17T18:00:00+01:00,14.786
2024-02-18T06:00:00+01:00,14.803
2024-02-18T18:00:00+01:00,14.803
2024-02-19T06:00:00+01:00,14.807
2024-02-19T18:00:00+01:00,14.792
2024-02-20T06:00:00+01:00,14.792
2024-02-20T18:00:00+01:00,14.793
2024-02-21T06:00:00+01:00,14.8
2024-02-21T18:00:00+01:00,14.825
2024-02-22T06:00:00+01:00,14.837
2024-02-22T18:00:00+01:00,14.847
2024-02-23T06:00:00+01:00,14.84
2024-02-23T18:00:00+01:00,14.829
2024-02-24T06:00:00+01:00,14.821
2024-02-24T18:00:00+01:00,14.814
2024-02-25T06:00:00+01:00,14.805
2024-02-25T18:00:00+01:00,14.811
2024-02-26T06:00:00+01:00,14.806
2024-02-26T18:00:00+01:00,14.834
2024-02-27T06:00:00+01:00,14.833
2024-02-27T18:00:00+01:00,14.835
2024-02-28T06:00:00+01:00,14.83
2024-02-28T18:00:00+01:00,14.833
2024-02-29T06:00:00+01:00,14.847
2024-02-29T18:00:00+01:00,14.855
2024-03-01T06:00:00+01:00,14.844
2024-03-01T18:00:00+01:00,14.846
2024-03-02T06:00:00+01:00,14.835
2024-03-02T18:00:00+01:00,14.828
2024-03-03T06:00:00+01:00,14.822
2024-03-03T18:00:00+01:00,14.794
2024-03-04T06:00:00+01:00,14.783
2024-03-04T18:00:00+01:00,14.777
2024-03-05T06:00:00+01:00,14.781
2024-03-05T18:00:00+01:00,14.768
2024-03-06T06:00:00+01:00,14.76
2024-03-06T18:00:00+01:00,14.751
2024-03-07T06:00:00+01:00,14.76
2024-03-07T18:00:00+01:00,14.765
2024-03-08T06:00:00+01:00,14.771
2024-03-08T18:00:00+01:00,14.771
2024-03-09T06:00:00+01:00,14.772
2024-03-09T18:00:00+01:00,14.768
2024-03-10T06:00:00+01:00,14.764
2024-03-10T18:00:00+01:00,14.746
2024-03-11T06:00:00+01:00,14.739
2024-03-11T18:00:00+01:00,14.771
2024-03-12T06:00:00+01:00,14.78
2024-03-12T18:00:00+01:00,14.809
2024-03-13T06:00:00+01:00,14.817
2024-03-13T18:00:00+01:00,14.826
2024-03-14T06:00:00+01:00,14.842
2024-03-16T00:00:00+01:00,14.851
2024-03-16T12:00:00+01:00,14.832
2024-03-17T00:00:00+01:00,14.841
2024-03-17T12:00:00+01:00,14.839
2024-03-18T00:00:00+01:00,14.837
2024-03-18T12:00:00+01:00,14.831
2024-03-19T00:00:00+01:00,14.825
2024-03-19T12:00:00+01:00,14.822
2024-03-20T00:00:00+01:00,14.816
2024-03-20T12:00:00+01:00,14.814
2024-03-21T00:00:00+01:00,14.801
2024-03-21T12:00:00+01:00,14.784
2024-03-22T00:00:00+01:00,14.794
2024-03-22T12:00:00+01:00,14.799
2024-03-23T00:00:00+01:00,14.823
2024-03-23T12:00:00+01:00,14.826
2024-03-24T00:00:00+01:00,14.844
2024-03-24T12:00:00+01:00,14.845
2024-03-25T00:00:00+01:00,14.832
2024-03-25T12:00:00+01:00,14.84
2024-03-26T00:00:00+01:00,14.845
2024-03-26T12:00:00+01:00,14.842
2024-03-27T00:00:00+01:00,14.84
2024-03-27T12:00:00+01:00,14.82
2024-03-28T00:00:00+01:00,14.82
2024-03-28T12:00:00+01:00,14.808
2024-03-29T00:00:00+01:00,14.799
2024-03-29T12:00:00+01:00,14.789
2024-03-30T00:00:00+01:00,14.782
2024-03-30T12:00:00+01:00,14.778
2024-03-31T00:00:00+01:00,14.777
2024-03-31T13:00:00+02:00,14.78
2024-04-01T01:00:00+02:00,14.799
2024-04-01T13:00:00+02:00,14.782
2024-04-02T01:00:00+02:00,14.773
2024-04-02T13:00:00+02:00,14.769
2024-04-03T01:00:00+02:00,14.78
2024-04-03T13:00:00+02:00,14.789
2024-04-04T01:00:00+02:00,14.788
2024-04-04T13:00:00+02:00,14.796
2024-04-05T01:00:00+02:00,14.798
2024-04-05T13:00:00+02:00,14.793
2024-04-06T01:00:00+02:00,14.788
2024-04-06T13:00:00+02:00,14.788
2024-04-07T01:00:00+02:00,14.758
2024-04-07T13:00:00+02:00,14.747
2024-04-08T01:00:00+02:00,14.737
2024-04-08T13:00:00+02:00,14.761
2024-04-09T01:00:00+02:00,14.752
2024-04-09T13:00:00+02:00,14.732
2024-04-10T01:00:00+02:00,14.702
2024-04-10T13:00:00+02:00,14.689
2024-04-11T01:00:00+02:00,14.682
2024-04-11T13:00:00+02:00,14.68
2024-04-12T01:00:00+02:00,14.674
2024-04-12T13:00:00+02:00,14.681
2024-04-13T01:00:00+02:00,14.679
2024-04-13T13:00:00+02:00,14.684
2024-04-14T01:00:00+02:00,14.663
2024-04-14T13:00:00+02:00,14.662
2024-04-15T01:00:00+02:00,14.67
2024-04-15T13:00:00+02:00,14.701
2024-04-16T01:00:00+02:00,14.684
2024-04-16T13:00:00+02:00,14.683
2024-04-17T01:00:00+02:00,14.677
2024-04-17T13:00:00+02:00,14.69
2024-04-18T01:00:00+02:00,14.693
2024-04-18T13:00:00+02:00,14.693
2024-04-19T01:00:00+02:00,14.717
2024-04-19T13:00:00+02:00,14.731
2024-04-20T01:00:00+02:00,14.713
2024-04-20T13:00:00+02:00,14.713
2024-04-21T01:00:00+02:00,14.701
2024-04-21T13:00:00+02:00,14.684
2024-04-22T01:00:00+02:00,14.686
2024-04-22T13:00:00+02:00,14.692
2024-04-23T01:00:00+02:00,14.688
2024-04-23T13:00:00+02:00,14.69
2024-04-24T01:00:00+02:00,14.689
2024-04-24T13:00:00+02:00,14.696
2024-04-25T01:00:00+02:00,14.681
2024-04-25T13:00:00+02:00,14.686
2024-04-26T01:00:00+02:00,14.685
2024-04-26T13:00:00+02:00,14.671
2024-04-27T01:00:00+02:00,14.67
2024-04-27T13:00:00+02:00,14.666
2024-04-28T01:00:00+02:00,14.666
2024-04-28T13:00:00+02:00,14.651
2024-04-29T01:00:00+02:00,14.632
2024-04-29T13:00:00+02:00,14.635
2024-04-30T01:00:00+02:00,14.634
2024-04-30T13:00:00+02:00,14.65
2024-05-01T01:00:00+02:00,14.634
2024-05-01T13:00:00+02:00,14.645
2024-05-02T01:00:00+02:00,14.65
2024-05-02T13:00:00+02:00,14.633
2024-05-03T01:00:00+02:00,14.68
2024-05-03T13:00:00+02:00,14.68
2024-05-04T01:00:00+02:00,14.706
2024-05-04T13:00:00+02:00,14.724
2024-05-05T01:00:00+02:00,14.754
2024-05-05T13:00:00+02:00,14.759
2024-05-06T01:00:00+02:00,14.759
2024-05-06T13:00:00+02:00,14.756
2024-05-07T01:00:00+02:00,14.739
2024-05-07T13:00:00+02:00,14.753
2024-05-08T01:00:00+02:00,14.742
2024-05-08T13:00:00+02:00,14.74
2024-05-09T01:00:00+02:00,14.734
2024-05-09T13:00:00+02:00,14.731
2024-05-10T01:00:00+02:00,14.727
2024-05-10T13:00:00+02:00,14.723
2024-05-11T01:00:00+02:00,14.708
2024-05-11T13:00:00+02:00,14.706
2024-05-12T01:00:00+02:00,14.697
2024-05-12T13:00:00+02:00,14.695
2024-05-13T01:00:00+02:00,14.681
2024-05-13T13:00:00+02:00,14.677
2024-05-14T01:00:00+02:00,14.698
2024-05-14T13:00:00+02:00,14.695
2024-05-15T01:00:00+02:00,14.681
2024-05-15T13:00:00+02:00,14.672
2024-05-16T01:00:00+02:00,14.676
2024-05-16T13:00:00+02:00,14.692
2024-05-17T01:00:00+02:00,14.708
2024-05-17T13:00:00+02:00,14.704
2024-05-18T01:00:00+02:00,14.711
2024-05-18T13:00:00+02:00,14.712
2024-05-19T01:00:00+02:00,14.71
2024-05-19T13:00:00+02:00,14.71
2024-05-20T01:00:00+02:00,14.731
2024-05-20T13:00:00+02:00,14.733
2024-05-21T01:00:00+02:00,14.737
2024-05-21T13:00:00+02:00,14.733
2024-05-22T01:00:00+02:00,14.766
2024-05-22T13:00:00+02:00,14.752
2024-05-23T01:00:00+02:00,14.759
2024-05-23T13:00:00+02:00,14.756
2024-05-24T01:00:00+02:00,14.743
2024-05-24T13:00:00+02:00,14.753
2024-05-25T01:00:00+02:00,14.795
2024-05-25T13:00:00+02:00,14.808
2024-05-26T01:00:00+02:00,14.819
2024-05-26T13:00:00+02:00,14.83
2024-05-27T01:00:00+02:00,14.824
2024-05-27T13:00:00+02:00,14.816
2024-05-28T01:00:00+02:00,14.813
2024-05-28T13:00:00+02:00,14.829
2024-05-29T01:00:00+02:00,14.835
2024-05-29T13:00:00+02:00,14.866
2024-05-30T01:00:00+02:00,14.852
2024-05-30T13:00:00+02:00,14.844
2024-05-31T01:00:00+02:00,14.822
2024-05-31T13:00:00+02:00,14.808
2024-06-01T01:00:00+02:00,14.79
2024-06-01T13:00:00+02:00,14.776
2024-06-02T01:00:00+02:00,14.76
2024-06-02T13:00:00+02:00,14.754
2024-06-03T01:00:00+02:00,14.746
2024-06-03T13:00:00+02:00,14.736
2024-06-04T01:00:00+02:00,14.73
2024-06-04T13:00:00+02:00,14.731
2024-06-05T01:00:00+02:00,14.714
2024-06-05T13:00:00+02:00,14.693
2024-06-06T01:00:00+02:00,14.676
2024-06-06T13:00:00+02:00,14.665
2024-06-07T01:00:00+02:00,14.655
2024-06-07T13:00:00+02:00,14.655
2024-06-08T01:00:00+02:00,14.645
2024-06-08T13:00:00+02:00,14.643
2024-06-09T01:00:00+02:00,14.629
2024-06-09T13:00:00+02:00,14.627
2024-06-10T01:00:00+02:00,14.62
2024-06-10T13:00:00+02:00,14.64
2024-06-11T01:00:00+02:00,14.627
2024-06-11T13:00:00+02:00,14.619
2024-06-12T01:00:00+02:00,14.612
2024-06-12T13:00:00+02:00,14.608
2024-06-13T01:00:00+02:00,14.613
2024-06-13T13:00:00+02:00,14.614
2024-06-14T01:00:00+02:00,14.616
2024-06-14T13:00:00+02:00,14.611
2024-06-15T01:00:00+02:00,14.61
2024-06-15T13:00:00+02:00,14.602
2024-06-16T01:00:00+02:00,14.597
2024-06-16T13:00:00+02:00,14.603
2024-06-17T01:00:00+02:00,14.605
2024-06-17T13:00:00+02:00,14.601
2024-06-18T01:00:00+02:00,14.597
2024-06-18T13:00:00+02:00,14.63
2024-06-19T01:00:00+02:00,14.687
2024-06-19T13:00:00+02:00,14.693
2024-06-20T01:00:00+02:00,14.694
2024-06-20T13:00:00+02:00,14.697
2024-06-21T01:00:00+02:00,14.708
2024-06-21T13:00:00+02:00,14.71
2024-06-22T01:00:00+02:00,14.715
2024-06-22T13:00:00+02:00,14.709
2024-06-23T01:00:00+02:00,14.696
2024-06-23T13:00:00+02:00,14.69
2024-06-24T01:00:00+02:00,14.675
2024-06-24T13:00:00+02:00,14.677
2024-06-25T01:00:00+02:00,14.666
2024-06-25T13:00:00+02:00,14.662
2024-06-26T01:00:00+02:00,14.651
2024-06-26T13:00:00+02:00,14.648
2024-06-27T01:00:00+02:00,14.633
2024-06-27T13:00:00+02:00,14.623
2024-06-28T01:00:00+02:00,14.595
2024-06-28T13:00:00+02:00,14.587
2024-06-29T01:00:00+02:00,14.577
2024-06-29T13:00:00+02:00,14.588
2024-06-30T01:00:00+02:00,14.595
2024-06-30T13:00:00+02:00,14.581
2024-07-01T01:00:00+02:00,14.58
2024-07-01T13:00:00+02:00,14.58
2024-07-02T01:00:00+02:00,14.582
2024-07-02T13:00:00+02:00,14.583
2024-07-03T01:00:00+02:00,14.588
2024-07-03T13:00:00+02:00,14.603
2024-07-04T01:00:00+02:00,14.617
2024-07-04T13:00:00+02:00,14.604
2024-07-05T01:00:00+02:00,14.6
2024-07-05T13:00:00+02:00,14.601
2024-07-06T01:00:00+02:00,14.618
2024-07-06T13:00:00+02:00,14.606
2024-07-07T01:00:00+02:00,14.58
2024-07-07T13:00:00+02:00,14.583
2024-07-08T01:00:00+02:00,14.573
2024-07-08T13:00:00+02:00,14.577
2024-07-09T01:00:00+02:00,14.579
2024-07-09T13:00:00+02:00,14.588
2024-07-10T01:00:00+02:00,14.6
2024-07-10T13:00:00+02:00,14.608
2024-07-11T01:00:00+02:00,14.602
2024-07-11T13:00:00+02:00,14.611
2024-07-12T01:00:00+02:00,14.608
2024-07-12T13:00:00+02:00,14.677
2024-07-13T01:00:00+02:00,14.715
2024-07-13T13:00:00+02:00,14.725
2024-07-14T01:00:00+02:00,14.741
2024-07-14T13:00:00+02:00,14.744
2024-07-15T01:00:00+02:00,14.747
2024-07-15T13:00:00+02:00,14.76
2024-07-16T01:00:00+02:00,14.751
2024-07-16T13:00:00+02:00,14.741
2024-07-17T01:00:00+02:00,14.723
2024-07-17T13:00:00+02:00,14.719
2024-07-18T01:00:00+02:00,14.713
2024-07-18T13:00:00+02:00,14.723
2024-07-19T01:00:00+02:00,14.718
2024-07-19T13:00:00+02:00,14.722
2024-07-20T01:00:00+02:00,14.718
2024-07-20T13:00:00+02:00,14.722
2024-07-21T01:00:00+02:00,14.71
2024-07-21T13:00:00+02:00,14.714
2024-07-22T01:00:00+02:00,14.706
2024-07-22T13:00:00+02:00,14.706
2024-07-23T01:00:00+02:00,14.71
2024-07-23T13:00:00+02:00,14.713
2024-07-24T01:00:00+02:00,14.706
2024-07-24T13:00:00+02:00,14.715
2024-07-25T01:00:00+02:00,14.715
2024-07-25T13:00:00+02:00,14.724
2024-07-26T01:00:00+02:00,14.721
2024-07-26T13:00:00+02:00,14.711
2024-07-27T01:00:00+02:00,14.697
2024-07-27T13:00:00+02:00,14.681
2024-07-28T01:00:00+02:00,14.646
2024-07-28T13:00:00+02:00,14.625
2024-07-29T01:00:00+02:00,14.607
2024-07-29T13:00:00+02:00,14.615
2024-07-30T01:00:00+02:00,14.604
2024-07-30T13:00:00+02:00,14.587
2024-07-31T01:00:00+02:00,14.572
2024-07-31T13:00:00+02:00,14.56
2024-08-01T01:00:00+02:00,14.561
2024-08-01T13:00:00+02:00,14.554
2024-08-02T01:00:00+02:00,14.544
2024-08-02T13:00:00+02:00,14.545
2024-08-03T01:00:00+02:00,14.532
2024-08-03T13:00:00+02:00,14.524
2024-08-04T01:00:00+02:00,14.513
2024-08-04T13:00:00+02:00,14.502
2024-08-05T01:00:00+02:00,14.498
2024-08-05T13:00:00+02:00,14.496
2024-08-06T01:00:00+02:00,14.486
2024-08-06T13:00:00+02:00,14.479
2024-08-07T01:00:00+02:00,14.464
2024-08-07T13:00:00+02:00,14.491
2024-08-08T01:00:00+02:00,14.481
2024-08-08T13:00:00+02:00,14.476
2024-08-09T01:00:00+02:00,14.479
2024-08-09T13:00:00+02:00,14.474
2024-08-10T01:00:00+02:00,14.465
2024-08-10T13:00:00+02:00,14.46
2024-08-11T01:00:00+02:00,14.45
2024-08-11T13:00:00+02:00,14.449
2024-08-12T01:00:00+02:00,14.449
2024-08-12T13:00:00+02:00,14.454
2024-08-13T01:00:00+02:00,14.438
2024-08-13T13:00:00+02:00,14.43
2024-08-14T01:00:00+02:00,14.393
2024-08-14T13:00:00+02:00,14.403
2024-08-15T01:00:00+02:00,14.393
2024-08-15T13:00:00+02:00,14.396
2024-08-16T01:00:00+02:00,14.391
2024-08-16T13:00:00+02:00,14.389
2024-08-17T01:00:00+02:00,14.398
2024-08-17T13:00:00+02:00,14.401
2024-08-18T01:00:00+02:00,14.405
2024-08-18T13:00:00+02:00,14.396
2024-08-19T01:00:00+02:00,14.377
2024-08-19T13:00:00+02:00,14.384
2024-08-20T01:00:00+02:00,14.385
2024-08-20T13:00:00+02:00,14.395
2024-08-21T01:00:00+02:00,14.376
2024-08-21T13:00:00+02:00,14.375
2024-08-22T01:00:00+02:00,14.386
2024-08-22T13:00:00+02:00,14.402
2024-08-23T01:00:00+02:00,14.387
2024-08-23T13:00:00+02:00,14.374
2024-08-24T01:00:00+02:00,14.375
2024-08-24T13:00:00+02:00,14.391
2024-08-25T01:00:00+02:00,14.359
2024-08-25T13:00:00+02:00,14.366
2024-08-27T01:00:00+02:00,14.372
2024-08-27T13:00:00+02:00,14.386
2024-08-28T01:00:00+02:00,14.381
2024-08-28T13:00:00+02:00,14.392
2024-08-29T01:00:00+02:00,14.371
2024-08-29T13:00:00+02:00,14.366
2024-08-30T01:00:00+02:00,14.345
2024-08-30T13:00:00+02:00,14.357
2024-08-31T01:00:00+02:00,14.345
2024-08-31T13:00:00+02:00,14.37
2024-09-01T01:00:00+02:00,14.373
2024-09-01T13:00:00+02:00,14.383
2024-09-02T01:00:00+02:00,14.37
2024-09-02T13:00:00+02:00,14.372
2024-09-03T01:00:00+02:00,14.42
2024-09-03T13:00:00+02:00,14.418
2024-09-04T01:00:00+02:00,14.421
2024-09-04T13:00:00+02:00,14.436
2024-09-05T01:00:00+02:00,14.442
2024-09-05T13:00:00+02:00,14.461
2024-09-06T01:00:00+02:00,14.451
2024-09-06T13:00:00+02:00,14.443
2024-09-07T01:00:00+02:00,14.443
2024-09-07T13:00:00+02:00,14.455
2024-09-08T01:00:00+02:00,14.443
2024-09-08T13:00:00+02:00,14.448
2024-09-09T01:00:00+02:00,14.454
2024-09-09T13:00:00+02:00,14.446
2024-09-10T01:00:00+02:00,14.433
2024-09-10T13:00:00+02:00,14.454
2024-09-11T01:00:00+02:00,14.474
2024-09-11T13:00:00+02:00,14.489
2024-09-12T01:00:00+02:00,14.507
2024-09-12T13:00:00+02:00,14.51
2024-09-13T01:00:00+02:00,14.512
2024-09-13T13:00:00+02:00,14.51
2024-09-14T01:00:00+02:00,14.513
2024-09-14T13:00:00+02:00,14.516
2024-09-15T01:00:00+02:00,14.522
2024-09-15T13:00:00+02:00,14.533
2024-09-16T01:00:00+02:00,14.536
2024-09-16T13:00:00+02:00,14.537
2024-09-17T01:00:00+02:00,14.531
2024-09-17T13:00:00+02:00,14.532
2024-09-18T01:00:00+02:00,14.529
2024-09-18T13:00:00+02:00,14.538
2024-10-01T01:00:00+02:00,14.628
2024-10-01T13:00:00+02:00,14.63
2024-10-02T01:00:00+02:00,14.625
2024-10-02T13:00:00+02:00,14.626
2024-10-03T01:00:00+02:00,14.618
2024-10-03T13:00:00+02:00,14.623
2024-10-04T01:00:00+02:00,14.615
2024-10-04T13:00:00+02:00,14.624
2024-10-05T01:00:00+02:00,14.622
2024-10-05T13:00:00+02:00,14.631
2024-10-06T01:00:00+02:00,14.618
2024-10-06T13:00:00+02:00,14.629
2024-10-07T01:00:00+02:00,14.612
2024-10-07T13:00:00+02:00,14.588
2024-10-08T01:00:00+02:00,14.592
2024-10-08T13:00:00+02:00,14.577
2024-10-09T01:00:00+02:00,14.572
2024-10-09T13:00:00+02:00,14.576
2024-10-10T01:00:00+02:00,14.611
2024-10-10T13:00:00+02:00,14.598
2024-10-11T01:00:00+02:00,14.598
2024-10-11T13:00:00+02:00,14.601
2024-10-12T01:00:00+02:00,14.605
2024-10-12T13:00:00+02:00,14.631
2024-10-13T01:00:00+02:00,14.611
2024-10-13T13:00:00+02:00,14.581
2024-10-14T01:00:00+02:00,14.587
2024-10-14T13:00:00+02:00,14.594
2024-10-15T01:00:00+02:00,14.59
2024-10-15T13:00:00+02:00,14.599
2024-10-16T01:00:00+02:00,14.596
2024-10-16T13:00:00+02:00,14.598
2024-10-17T01:00:00+02:00,14.59
2024-10-17T13:00:00+02:00,14.574
2024-10-18T01:00:00+02:00,14.564
2024-10-18T13:00:00+02:00,14.551
2024-10-19T01:00:00+02:00,14.528
2024-10-19T13:00:00+02:00,14.541
2024-10-20T01:00:00+02:00,14.528
2024-10-20T13:00:00+02:00,14.539
2024-10-21T01:00:00+02:00,14.513
2024-10-21T13:00:00+02:00,14.525
2024-10-22T01:00:00+02:00,14.529
2024-10-22T13:00:00+02:00,14.54
2024-10-23T01:00:00+02:00,14.519
2024-10-23T13:00:00+02:00,14.507
2024-10-24T01:00:00+02:00,14.487
2024-10-24T13:00:00+02:00,14.488
2024-10-25T01:00:00+02:00,14.472
2024-10-25T13:00:00+02:00,14.459
2024-10-26T01:00:00+02:00,14.433
2024-10-26T13:00:00+02:00,14.437
2024-10-27T01:00:00+02:00,14.418
2024-10-27T13:00:00+01:00,14.395
2024-10-28T01:00:00+01:00,14.396
2024-10-28T13:00:00+01:00,14.399
2024-10-29T01:00:00+01:00,14.387
2024-10-29T13:00:00+01:00,14.397
2024-10-30T01:00:00+01:00,14.397
2024-10-30T13:00:00+01:00,14.413
2024-10-31T01:00:00+01:00,14.405
2024-10-31T13:00:00+01:00,14.416
2024-11-01T01:00:00+01:00,14.407
2024-11-01T13:00:00+01:00,14.408
2024-11-02T01:00:00+01:00,14.387
2024-11-02T13:00:00+01:00,14.393
2024-11-03T01:00:00+01:00,14.391
2024-11-03T13:00:00+01:00,14.396
2024-11-04T01:00:00+01:00,14.391
2024-11-04T13:00:00+01:00,14.396
2024-11-05T01:00:00+01:00,14.386
2024-11-05T13:00:00+01:00,14.388
2024-11-06T01:00:00+01:00,14.363
2024-11-06T13:00:00+01:00,14.364
2024-11-07T01:00:00+01:00,14.361
2024-11-07T13:00:00+01:00,14.366
2024-11-08T01:00:00+01:00,14.372
2024-11-08T13:00:00+01:00,14.375
2024-11-09T01:00:00+01:00,14.37
2024-11-09T13:00:00+01:00,14.37
2024-11-10T01:00:00+01:00,14.361
2024-11-10T13:00:00+01:00,14.36
2024-11-11T01:00:00+01:00,14.356
2024-11-11T13:00:00+01:00,14.352
2024-11-12T01:00:00+01:00,14.356
2024-11-12T13:00:00+01:00,14.367
2024-11-13T01:00:00+01:00,14.37
2024-11-13T13:00:00+01:00,14.374
2024-11-14T01:00:00+01:00,14.371
2024-11-14T13:00:00+01:00,14.372
2024-11-15T01:00:00+01:00,14.361
2024-11-15T13:00:00+01:00,14.373
2024-11-16T01:00:00+01:00,14.372
2024-11-16T13:00:00+01:00,14.385
2024-11-17T01:00:00+01:00,14.385
2024-11-17T13:00:00+01:00,14.377
2024-11-18T01:00:00+01:00,14.386
2024-11-18T13:00:00+01:00,14.411
2024-11-19T01:00:00+01:00,14.475
2024-11-19T13:00:00+01:00,14.48
2024-11-20T01:00:00+01:00,14.505
2024-11-20T13:00:00+01:00,14.573
2024-11-21T01:00:00+01:00,14.619
2024-11-21T13:00:00+01:00,14.667
2024-11-22T01:00:00+01:00,14.646
2024-11-22T13:00:00+01:00,14.647
2024-11-23T01:00:00+01:00,14.635
2024-11-23T13:00:00+01:00,14.682
2024-11-24T01:00:00+01:00,14.685
2024-11-24T13:00:00+01:00,14.705
2024-11-25T01:00:00+01:00,14.713
2024-11-25T13:00:00+01:00,14.696
2024-11-26T01:00:00+01:00,14.694
2024-11-26T13:00:00+01:00,14.71
2024-11-27T01:00:00+01:00,14.716
2024-11-27T13:00:00+01:00,14.743
2024-11-28T01:00:00+01:00,14.691
2024-11-28T13:00:00+01:00,14.693
2024-11-29T01:00:00+01:00,14.687
2024-11-29T13:00:00+01:00,14.692
2024-11-30T01:00:00+01:00,14.68
2024-11-30T13:00:00+01:00,14.678
2024-12-01T01:00:00+01:00,14.668
2024-12-01T13:00:00+01:00,14.676
2024-12-02T01:00:00+01:00,14.664
2024-12-02T13:00:00+01:00,14.659
2024-12-03T01:00:00+01:00,14.638
2024-12-03T13:00:00+01:00,14.632
2024-12-04T01:00:00+01:00,14.624
2024-12-04T13:00:00+01:00,14.618
2024-12-05T01:00:00+01:00,14.635
2024-12-05T13:00:00+01:00,14.655
2024-12-06T01:00:00+01:00,14.661
2024-12-06T13:00:00+01:00,14.647
2024-12-07T01:00:00+01:00,14.732
2024-12-07T13:00:00+01:00,14.743
2024-12-08T01:00:00+01:00,14.736
2024-12-08T13:00:00+01:00,14.707
2024-12-09T01:00:00+01:00,14.701
2024-12-09T13:00:00+01:00,14.726
2024-12-10T01:00:00+01:00,14.723
2024-12-10T13:00:00+01:00,14.72
2024-12-11T01:00:00+01:00,14.703
2024-12-11T13:00:00+01:00,14.693
2024-12-12T01:00:00+01:00,14.678
2024-12-12T13:00:00+01:00,14.676
2024-12-13T01:00:00+01:00,14.667
2024-12-13T13:00:00+01:00,14.67
2024-12-14T01:00:00+01:00,14.652
2024-12-14T13:00:00+01:00,14.63
2024-12-15T01:00:00+01:00,14.587
2024-12-15T13:00:00+01:00,14.576
2024-12-16T01:00:00+01:00,14.556
2024-12-16T13:00:00+01:00,14.559
2024-12-17T01:00:00+01:00,14.552
2024-12-17T13:00:00+01:00,14.569
2024-12-18T01:00:00+01:00,14.573
2024-12-18T13:00:00+01:00,14.571
2024-12-19T01:00:00+01:00,14.604
2024-12-19T13:00:00+01:00,14.549
2024-12-20T01:00:00+01:00,14.535
2024-12-20T13:00:00+01:00,14.57
2024-12-21T01:00:00+01:00,14.596
2024-12-21T13:00:00+01:00,14.627
2024-12-22T01:00:00+01:00,14.648
2024-12-22T13:00:00+01:00,14.649
2024-12-23T01:00:00+01:00,14.656
2024-12-23T13:00:00+01:00,14.657
2024-12-24T01:00:00+01:00,14.659
2024-12-24T13:00:00+01:00,14.674
2024-12-25T01:00:00+01:00,14.671
2024-12-25T13:00:00+01:00,14.682
2024-12-26T01:00:00+01:00,14.679
2024-12-26T13:00:00+01:00,14.687
2024-12-27T01:00:00+01:00,14.691
2024-12-27T13:00:00+01:00,14.69
2024-12-28T01:00:00+01:00,14.667
2024-12-28T13:00:00+01:00,14.664
2024-12-29T01:00:00+01:00,14.635
2024-12-29T13:00:00+01:00,14.621
2024-12-30T01:00:00+01:00,14.608
2024-12-30T13:00:00+01:00,14.607
2024-12-31T01:00:00+01:00,14.606
2024-12-31T13:00:00+01:00,14.607
2025-01-01T01:00:00+01:00,14.613
2025-01-01T13:00:00+01:00,14.63
2025-01-02T01:00:00+01:00,14.596
2025-01-02T13:00:00+01:00,14.611
2025-01-03T01:00:00+01:00,14.619
2025-01-03T13:00:00+01:00,14.64
2025-01-04T01:00:00+01:00,14.637
2025-01-04T13:00:00+01:00,14.665
2025-01-05T01:00:00+01:00,14.704
2025-01-05T13:00:00+01:00,14.72
2025-01-06T01:00:00+01:00,14.762
2025-01-06T13:00:00+01:00,14.783
2025-01-07T01:00:00+01:00,14.742
2025-01-07T13:00:00+01:00,14.744
2025-01-08T01:00:00+01:00,14.741
2025-01-08T13:00:00+01:00,14.749
2025-01-09T01:00:00+01:00,14.751
2025-01-09T13:00:00+01:00,14.73
2025-01-10T01:00:00+01:00,14.732
2025-01-10T13:00:00+01:00,14.735
2025-01-11T01:00:00+01:00,14.725
2025-01-11T13:00:00+01:00,14.714
2025-01-12T01:00:00+01:00,14.701
2025-01-12T13:00:00+01:00,14.702
2025-01-13T01:00:00+01:00,14.698
2025-01-13T13:00:00+01:00,14.696
2025-01-14T01:00:00+01:00,14.683
2025-01-14T13:00:00+01:00,14.674
2025-01-15T01:00:00+01:00,14.649
2025-01-15T13:00:00+01:00,14.636
2025-01-16T01:00:00+01:00,14.62
2025-01-16T13:00:00+01:00,14.616
2025-01-17T01:00:00+01:00,14.602
2025-01-17T13:00:00+01:00,14.606
2025-01-18T01:00:00+01:00,14.599
2025-01-18T13:00:00+01:00,14.603
2025-01-19T01:00:00+01:00,14.599
2025-01-19T13:00:00+01:00,14.596
2025-01-20T01:00:00+01:00,14.588
2025-01-20T13:00:00+01:00,14.584
2025-01-21T01:00:00+01:00,14.581
2025-01-21T13:00:00+01:00,14.579
2025-01-22T01:00:00+01:00,14.592
2025-01-22T13:00:00+01:00,14.596
2025-01-23T01:00:00+01:00,14.588
2025-01-23T13:00:00+01:00,14.603
2025-01-24T01:00:00+01:00,14.605
2025-01-24T13:00:00+01:00,14.638
2025-01-25T01:00:00+01:00,14.663
2025-01-25T13:00:00+01:00,14.682
2025-01-26T01:00:00+01:00,14.707
2025-01-26T13:00:00+01:00,14.728
2025-01-27T01:00:00+01:00,14.759
2025-01-27T13:00:00+01:00,14.731
2025-01-28T01:00:00+01:00,14.736
2025-01-28T13:00:00+01:00,14.741
2025-01-29T01:00:00+01:00,14.716
2025-01-29T13:00:00+01:00,14.699
2025-01-30T01:00:00+01:00,14.7
2025-01-30T13:00:00+01:00,14.686
2025-01-31T01:00:00+01:00,14.71
2025-01-31T13:00:00+01:00,14.722
2025-02-01T01:00:00+01:00,14.719
2025-02-01T13:00:00+01:00,14.736
2025-02-02T01:00:00+01:00,14.744
2025-02-02T13:00:00+01:00,14.741
2025-02-03T01:00:00+01:00,14.709
2025-02-03T13:00:00+01:00,14.698
2025-02-04T01:00:00+01:00,14.66
2025-02-04T13:00:00+01:00,14.65
2025-02-05T01:00:00+01:00,14.608
2025-02-05T13:00:00+01:00,14.593
2025-02-06T01:00:00+01:00,14.58
2025-02-06T13:00:00+01:00,14.592
2025-02-07T01:00:00+01:00,14.604
2025-02-07T13:00:00+01:00,14.609
2025-02-08T01:00:00+01:00,14.591
2025-02-08T13:00:00+01:00,14.578
2025-02-09T01:00:00+01:00,14.567
2025-02-09T13:00:00+01:00,14.564
2025-02-10T01:00:00+01:00,14.561
2025-02-10T13:00:00+01:00,14.581
2025-02-11T01:00:00+01:00,14.588
2025-02-11T13:00:00+01:00,14.594
2025-02-12T01:00:00+01:00,14.613
2025-02-12T13:00:00+01:00,14.624
2025-02-13T01:00:00+01:00,14.62
2025-02-13T13:00:00+01:00,14.608
2025-02-14T01:00:00+01:00,14.594
2025-02-14T13:00:00+01:00,14.584
2025-02-15T01:00:00+01:00,14.591
2025-02-15T13:00:00+01:00,14.59
2025-02-16T01:00:00+01:00,14.574
2025-02-16T13:00:00+01:00,14.573
2025-02-17T01:00:00+01:00,14.558
2025-02-17T13:00:00+01:00,14.563
2025-02-18T01:00:00+01:00,14.548
2025-02-18T13:00:00+01:00,14.551
2025-02-19T01:00:00+01:00,14.545
2025-02-19T13:00:00+01:00,14.55
2025-02-20T01:00:00+01:00,14.539
2025-02-20T13:00:00+01:00,14.538
2025-02-21T01:00:00+01:00,14.536
2025-02-21T13:00:00+01:00,14.553
2025-02-22T01:00:00+01:00,14.541
2025-02-22T13:00:00+01:00,14.533
2025-02-23T01:00:00+01:00,14.511
2025-02-23T13:00:00+01:00,14.535
2025-02-24T01:00:00+01:00,14.54
2025-02-24T13:00:00+01:00,14.553
2025-02-25T01:00:00+01:00,14.541
2025-02-25T13:00:00+01:00,14.555
2025-02-26T01:00:00+01:00,14.524
2025-02-26T13:00:00+01:00,14.565
2025-02-27T01:00:00+01:00,14.574
2025-02-27T13:00:00+01:00,14.582
2025-02-28T01:00:00+01:00,14.568
2025-02-28T13:00:00+01:00,14.569
2025-03-01T01:00:00+01:00,14.568
2025-03-01T13:00:00+01:00,14.553
2025-03-02T01:00:00+01:00,14.54
2025-03-02T13:00:00+01:00,14.55
2025-03-03T01:00:00+01:00,14.543
2025-03-03T13:00:00+01:00,14.547
2025-03-04T01:00:00+01:00,14.539
2025-03-04T13:00:00+01:00,14.538
2025-03-05T01:00:00+01:00,14.531
2025-03-05T13:00:00+01:00,14.545
2025-03-06T01:00:00+01:00,14.532
2025-03-06T13:00:00+01:00,14.541
2025-03-07T01:00:00+01:00,14.524
2025-03-07T13:00:00+01:00,14.53
2025-03-08T01:00:00+01:00,14.519
2025-03-08T13:00:00+01:00,14.538
2025-03-09T01:00:00+01:00,14.527
2025-03-09T13:00:00+01:00,14.539
2025-03-10T01:00:00+01:00,14.525
2025-03-10T13:00:00+01:00,14.527
2025-03-11T01:00:00+01:00,14.51
2025-03-11T13:00:00+01:00,14.514
2025-03-12T01:00:00+01:00,14.513
2025-03-12T13:00:00+01:00,14.515
2025-03-13T01:00:00+01:00,14.514
2025-03-13T13:00:00+01:00,14.501
2025-03-14T01:00:00+01:00,14.483
2025-03-14T13:00:00+01:00,14.472
2025-03-15T01:00:00+01:00,14.458
2025-03-15T13:00:00+01:00,14.467
2025-03-16T01:00:00+01:00,14.463
2025-03-16T13:00:00+01:00,14.464
2025-03-17T01:00:00+01:00,14.446
2025-03-17T13:00:00+01:00,14.45
2025-03-20T06:00:00+01:00,14.476
2025-03-20T18:00:00+01:00,14.49
2025-03-21T06:00:00+01:00,14.505
2025-03-21T18:00:00+01:00,14.514
2025-03-22T06:00:00+01:00,14.511
2025-03-22T18:00:00+01:00,14.515
2025-03-23T06:00:00+01:00,14.51
2025-03-23T18:00:00+01:00,14.495
2025-03-24T06:00:00+01:00,14.481
2025-03-24T18:00:00+01:00,14.474
2025-03-25T06:00:00+01:00,14.466
2025-03-25T18:00:00+01:00,14.452
2025-03-26T06:00:00+01:00,14.452
2025-03-26T18:00:00+01:00,14.45
2025-03-27T06:00:00+01:00,14.455
2025-03-27T18:00:00+01:00,14.455
2025-03-28T06:00:00+01:00,14.454
2025-03-28T18:00:00+01:00,14.449
2025-03-29T06:00:00+01:00,14.432
2025-03-29T18:00:00+01:00,14.436
2025-04-02T06:00:00+02:00,14.428
2025-04-02T18:00:00+02:00,14.43
2025-04-03T06:00:00+02:00,14.423
2025-04-03T18:00:00+02:00,14.422
2025-04-04T06:00:00+02:00,14.415
2025-04-04T18:00:00+02:00,14.42
2025-04-05T06:00:00+02:00,14.41
2025-04-05T18:00:00+02:00,14.404
2025-04-06T06:00:00+02:00,14.393
2025-04-06T18:00:00+02:00,14.394
2025-04-07T06:00:00+02:00,14.394
2025-04-07T18:00:00+02:00,14.394
2025-04-08T06:00:00+02:00,14.398
2025-04-08T18:00:00+02:00,14.394
2025-04-09T06:00:00+02:00,14.396
2025-04-09T18:00:00+02:00,14.395
2025-04-10T06:00:00+02:00,14.391
2025-04-10T18:00:00+02:00,14.389
2025-04-11T06:00:00+02:00,14.394
2025-04-11T18:00:00+02:00,14.398
2025-04-12T06:00:00+02:00,14.401
2025-04-12T18:00:00+02:00,14.414
2025-04-13T06:00:00+02:00,14.413
2025-04-13T18:00:00+02:00,14.396
2025-04-14T06:00:00+02:00,14.392
2025-04-14T18:00:00+02:00,14.392
2025-04-15T06:00:00+02:00,14.407
2025-04-15T18:00:00+02:00,14.395
2025-04-16T06:00:00+02:00,14.384
2025-04-16T18:00:00+02:00,14.38
2025-04-17T06:00:00+02:00,14.381
2025-04-17T18:00:00+02:00,14.39
2025-04-18T06:00:00+02:00,14.4
2025-04-18T18:00:00+02:00,14.405
2025-04-19T06:00:00+02:00,14.404
2025-04-19T18:00:00+02:00,14.401
2025-04-20T06:00:00+02:00,14.399
2025-04-20T18:00:00+02:00,14.394
2025-04-21T06:00:00+02:00,14.413
2025-04-21T18:00:00+02:00,14.412
2025-04-22T06:00:00+02:00,14.404
2025-04-22T18:00:00+02:00,14.393
2025-04-23T06:00:00+02:00,14.398
2025-04-23T18:00:00+02:00,14.4
2025-04-24T06:00:00+02:00,14.408
2025-04-24T18:00:00+02:00,14.429
2025-04-25T06:00:00+02:00,14.433
2025-04-25T18:00:00+02:00,14.439
2025-04-26T06:00:00+02:00,14.43
2025-04-26T18:00:00+02:00,14.423
2025-04-27T06:00:00+02:00,14.416
2025-04-27T18:00:00+02:00,14.407
2025-04-28T06:00:00+02:00,14.399
2025-04-28T18:00:00+02:00,14.402
2025-04-29T06:00:00+02:00,14.392
2025-04-29T18:00:00+02:00,14.389
2025-04-30T06:00:00+02:00,14.388
2025-04-30T18:00:00+02:00,14.386
2025-05-01T06:00:00+02:00,14.381
2025-05-01T18:00:00+02:00,14.378
2025-05-02T06:00:00+02:00,14.376
2025-05-02T18:00:00+02:00,14.362
2025-05-03T06:00:00+02:00,14.363
2025-05-03T18:00:00+02:00,14.36
2025-05-04T06:00:00+02:00,14.353
2025-05-04T18:00:00+02:00,14.35
2025-05-05T06:00:00+02:00,14.348
2025-05-05T18:00:00+02:00,14.345
2025-05-06T06:00:00+02:00,14.333
2025-05-06T18:00:00+02:00,14.331
2025-05-07T06:00:00+02:00,14.335
2025-05-07T18:00:00+02:00,14.335
2025-05-08T06:00:00+02:00,14.33
2025-05-08T18:00:00+02:00,14.326
2025-05-09T06:00:00+02:00,14.322
2025-05-09T18:00:00+02:00,14.314
2025-05-10T06:00:00+02:00,14.309
2025-05-10T18:00:00+02:00,14.311
2025-05-11T06:00:00+02:00,14.314
2025-05-11T18:00:00+02:00,14.309
2025-05-12T06:00:00+02:00,14.303
2025-05-12T18:00:00+02:00,14.298
2025-05-13T06:00:00+02:00,14.286
2025-05-13T18:00:00+02:00,14.278
2025-05-14T06:00:00+02:00,14.276
2025-05-14T18:00:00+02:00,14.274
2025-05-15T06:00:00+02:00,14.274
2025-05-15T18:00:00+02:00,14.269
2025-05-16T06:00:00+02:00,14.262
2025-05-16T18:00:00+02:00,14.263
2025-05-17T06:00:00+02:00,14.267
2025-05-17T18:00:00+02:00,14.264
2025-05-18T06:00:00+02:00,14.263
2025-05-18T18:00:00+02:00,14.261
2025-05-19T06:00:00+02:00,14.258
2025-05-19T18:00:00+02:00,14.25
2025-05-20T06:00:00+02:00,14.246
2025-05-20T18:00:00+02:00,14.239
2025-05-21T06:00:00+02:00,14.245
2025-05-21T18:00:00+02:00,14.241
2025-05-22T06:00:00+02:00,14.244
2025-05-22T18:00:00+02:00,14.236
2025-05-23T06:00:00+02:00,14.236
2025-05-23T18:00:00+02:00,14.226
2025-05-24T06:00:00+02:00,14.243
2025-05-24T18:00:00+02:00,14.255
2025-05-25T06:00:00+02:00,14.265
2025-05-25T18:00:00+02:00,14.258
2025-05-26T06:00:00+02:00,14.252
2025-05-26T18:00:00+02:00,14.249
2025-05-27T06:00:00+02:00,14.257
2025-05-27T18:00:00+02:00,14.262
2025-05-28T06:00:00+02:00,14.28
2025-05-28T18:00:00+02:00,14.278
2025-05-29T06:00:00+02:00,14.284
2025-05-29T18:00:00+02:00,14.28
2025-05-30T06:00:00+02:00,14.277
2025-05-30T18:00:00+02:00,14.264
2025-05-31T06:00:00+02:00,14.261
2025-05-31T18:00:00+02:00,14.254
2025-06-01T06:00:00+02:00,14.268
2025-06-01T18:00:00+02:00,14.271
2025-06-02T06:00:00+02:00,14.265
2025-06-02T18:00:00+02:00,14.268
2025-06-03T06:00:00+02:00,14.274
2025-06-03T18:00:00+02:00,14.268
2025-06-04T06:00:00+02:00,14.266
2025-06-04T18:00:00+02:00,14.261
2025-06-05T06:00:00+02:00,14.263
2025-06-05T18:00:00+02:00,14.261
2025-06-06T06:00:00+02:00,14.27
2025-06-06T18:00:00+02:00,14.257
2025-06-07T06:00:00+02:00,14.263
2025-06-07T18:00:00+02:00,14.276
2025-06-08T06:00:00+02:00,14.297
2025-06-08T18:00:00+02:00,14.283
2025-06-09T06:00:00+02:00,14.284
2025-06-09T18:00:00+02:00,14.276
2025-06-10T06:00:00+02:00,14.287
2025-06-10T18:00:00+02:00,14.278
2025-06-11T06:00:00+02:00,14.27
2025-06-11T18:00:00+02:00,14.261
2025-06-12T06:00:00+02:00,14.268
2025-06-12T18:00:00+02:00,14.264
2025-06-13T06:00:00+02:00,14.25
2025-06-13T18:00:00+02:00,14.233
2025-06-14T06:00:00+02:00,14.231
2025-06-14T18:00:00+02:00,14.219
2025-06-15T06:00:00+02:00,14.219
2025-06-15T18:00:00+02:00,14.207
2025-06-16T06:00:00+02:00,14.207
2025-06-16T18:00:00+02:00,14.198
2025-06-17T06:00:00+02:00,14.2
2025-06-17T18:00:00+02:00,14.2
2025-06-18T06:00:00+02:00,14.193
2025-06-18T18:00:00+02:00,14.184
2025-06-19T06:00:00+02:00,14.183
2025-06-19T18:00:00+02:00,14.173
2025-06-20T06:00:00+02:00,14.172
2025-06-20T18:00:00+02:00,14.168
2025-06-21T06:00:00+02:00,14.17
2025-06-21T18:00:00+02:00,14.167
2025-06-22T06:00:00+02:00,14.172
2025-06-22T18:00:00+02:00,14.162
2025-06-23T06:00:00+02:00,14.166
2025-06-23T18:00:00+02:00,14.154
2025-06-24T06:00:00+02:00,14.156
2025-06-24T18:00:00+02:00,14.156
2025-06-25T06:00:00+02:00,14.149
2025-06-25T18:00:00+02:00,14.14
2025-06-26T06:00:00+02:00,14.147
2025-06-26T18:00:00+02:00,14.147
2025-06-27T06:00:00+02:00,14.142
2025-06-27T18:00:00+02:00,14.135
2025-06-28T06:00:00+02:00,14.14
2025-06-28T18:00:00+02:00,14.129
2025-06-29T06:00:00+02:00,14.129
2025-06-29T18:00:00+02:00,14.116
2025-06-30T06:00:00+02:00,14.122
2025-06-30T18:00:00+02:00,14.123
2025-07-01T06:00:00+02:00,14.113
2025-07-01T18:00:00+02:00,14.106
2025-07-02T06:00:00+02:00,14.099
2025-07-02T18:00:00+02:00,14.094
2025-07-03T06:00:00+02:00,14.083
2025-07-03T18:00:00+02:00,14.075
2025-07-04T06:00:00+02:00,14.079
2025-07-04T18:00:00+02:00,14.082
2025-07-05T06:00:00+02:00,14.088
2025-07-05T18:00:00+02:00,14.088
2025-07-06T06:00:00+02:00,14.091
2025-07-06T18:00:00+02:00,14.115
2025-07-07T06:00:00+02:00,14.12
2025-07-07T18:00:00+02:00,14.11
2025-07-08T06:00:00+02:00,14.114
2025-07-08T18:00:00+02:00,14.103
2025-07-09T06:00:00+02:00,14.103
2025-07-09T18:00:00+02:00,14.1
2025-07-10T06:00:00+02:00,14.091
2025-07-10T18:00:00+02:00,14.083
2025-07-11T06:00:00+02:00,14.08
2025-07-11T18:00:00+02:00,14.077
2025-07-12T06:00:00+02:00,14.075
2025-07-12T18:00:00+02:00,14.07
2025-07-13T06:00:00+02:00,14.07
2025-07-13T18:00:00+02:00,14.067
2025-07-14T06:00:00+02:00,14.063
2025-07-14T18:00:00+02:00,14.061
2025-07-15T06:00:00+02:00,14.059
2025-07-15T18:00:00+02:00,14.052
2025-07-16T06:00:00+02:00,14.058
2025-07-16T18:00:00+02:00,14.058
2025-07-17T06:00:00+02:00,14.054
2025-07-17T18:00:00+02:00,14.047
2025-07-18T06:00:00+02:00,14.042
2025-07-18T18:00:00+02:00,14.04
2025-07-19T06:00:00+02:00,14.043
2025-07-19T18:00:00+02:00,14.039
2025-07-20T06:00:00+02:00,14.04
2025-07-20T18:00:00+02:00,14.044
2025-07-21T06:00:00+02:00,14.051
2025-07-21T18:00:00+02:00,14.053
2025-07-22T06:00:00+02:00,14.062
2025-07-22T18:00:00+02:00,14.056
2025-07-23T06:00:00+02:00,14.05
2025-07-23T18:00:00+02:00,14.046
2025-07-24T06:00:00+02:00,14.05
2025-07-24T18:00:00+02:00,14.048
2025-07-25T06:00:00+02:00,14.04
2025-07-25T18:00:00+02:00,14.045
2025-07-26T06:00:00+02:00,14.053
2025-07-26T18:00:00+02:00,14.048
2025-07-27T06:00:00+02:00,14.054
2025-07-27T18:00:00+02:00,14.045
2025-07-28T06:00:00+02:00,14.05
2025-07-28T18:00:00+02:00,14.048
2025-07-29T06:00:00+02:00,14.054
2025-07-29T18:00:00+02:00,14.058
2025-07-30T06:00:00+02:00,14.059
2025-07-30T18:00:00+02:00,14.047
2025-07-31T06:00:00+02:00,14.053
2025-07-31T18:00:00+02:00,14.051
2025-08-01T06:00:00+02:00,14.054
2025-08-01T18:00:00+02:00,14.048
2025-08-02T06:00:00+02:00,14.051
2025-08-02T18:00:00+02:00,14.049
2025-08-04T06:00:00+02:00,14.049
2025-08-04T18:00:00+02:00,14.05
2025-08-05T06:00:00+02:00,14.045
2025-08-05T18:00:00+02:00,14.029
2025-08-06T06:00:00+02:00,14.035
2025-08-06T18:00:00+02:00,14.03
2025-08-07T06:00:00+02:00,14.038
2025-08-07T18:00:00+02:00,14.028
2025-08-08T06:00:00+02:00,14.022
2025-08-08T18:00:00+02:00,14.008
2025-08-09T06:00:00+02:00,14.008
2025-08-09T18:00:00+02:00,13.997
2025-08-10T06:00:00+02:00,13.985
2025-08-10T18:00:00+02:00,13.985
2025-08-11T06:00:00+02:00,13.988
2025-08-11T18:00:00+02:00,13.985
2025-08-12T06:00:00+02:00,13.988
2025-08-12T18:00:00+02:00,13.986
2025-08-13T06:00:00+02:00,13.973
2025-08-13T18:00:00+02:00,13.967
2025-08-14T06:00:00+02:00,13.958
2025-08-14T18:00:00+02:00,13.95
2025-08-15T06:00:00+02:00,13.948
2025-08-15T18:00:00+02:00,13.942
2025-08-16T06:00:00+02:00,13.943
2025-08-16T18:00:00+02:00,13.946
2025-08-17T06:00:00+02:00,13.953
2025-08-17T18:00:00+02:00,13.96
2025-08-18T06:00:00+02:00,13.963
2025-08-18T18:00:00+02:00,13.966
2025-08-19T06:00:00+02:00,13.958
2025-08-19T18:00:00+02:00,13.956
2025-08-20T06:00:00+02:00,13.944
2025-08-20T18:00:00+02:00,13.947
2025-08-21T06:00:00+02:00,13.941
2025-08-21T18:00:00+02:00,13.933
2025-08-22T06:00:00+02:00,13.929
2025-08-22T18:00:00+02:00,13.932
2025-08-23T06:00:00+02:00,13.936
2025-08-23T18:00:00+02:00,13.928
2025-08-24T06:00:00+02:00,13.93
2025-08-24T18:00:00+02:00,13.924
2025-08-25T06:00:00+02:00,13.928
2025-08-25T18:00:00+02:00,13.925
2025-08-26T06:00:00+02:00,13.928
2025-08-26T18:00:00+02:00,13.924
2025-08-27T06:00:00+02:00,13.913
2025-08-27T18:00:00+02:00,13.91
2025-08-28T06:00:00+02:00,13.905
2025-08-28T18:00:00+02:00,13.898
2025-08-29T06:00:00+02:00,13.895
2025-08-29T18:00:00+02:00,13.899
2025-08-30T06:00:00+02:00,13.902
2025-08-30T18:00:00+02:00,13.901
2025-08-31T06:00:00+02:00,13.9
2025-08-31T18:00:00+02:00,13.901
2025-09-01T06:00:00+02:00,13.908
2025-09-01T18:00:00+02:00,13.909
2021-03-18T12:24:00+01:00,14.51
2021-09-16T14:08:00+02:00,14.11
2022-03-21T13:10:00+01:00,14.5
2022-09-19T13:01:00+02:00,13.92
2023-03-15T13:40:00+01:00,14.51
2023-09-19T14:50:00+02:00,14.28
2024-03-14T11:57:00+01:00,14.82
2024-09-20T12:18:00+02:00,14.52
2025-03-18T13:25:00+01:00,14.44
2021-01-01T00:00:00+01:00,14.244
2021-01-01T12:00:00+01:00,14.239
2021-03-18T00:00:00+01:00,14.525
2021-03-18T12:00:00+01:00,14.524
2021-03-18T18:00:00+01:00,14.539
2021-03-19T06:00:00+01:00,14.514
2021-03-19T18:00:00+01:00,14.512
2021-03-20T06:00:00+01:00,14.506
2021-03-20T18:00:00+01:00,14.503
2021-03-21T06:00:00+01:00,14.502
2021-03-21T18:00:00+01:00,14.491
2021-03-22T06:00:00+01:00,14.487
2021-03-22T18:00:00+01:00,14.48
2021-03-23T06:00:00+01:00,14.471
2021-03-23T18:00:00+01:00,14.472
2021-03-24T06:00:00+01:00,14.467
2021-03-24T18:00:00+01:00,14.467
2021-03-25T06:00:00+01:00,14.458
2021-03-25T18:00:00+01:00,14.457
2021-03-26T06:00:00+01:00,14.46
2021-03-26T18:00:00+01:00,14.469
2021-03-27T06:00:00+01:00,14.441
2021-03-27T18:00:00+01:00,14.446
2021-03-28T07:00:00+02:00,14.452
2021-03-28T19:00:00+02:00,14.444
2021-03-29T07:00:00+02:00,14.433
2021-03-29T19:00:00+02:00,14.435
2021-03-30T07:00:00+02:00,14.423
2021-03-30T19:00:00+02:00,14.433
2021-03-31T07:00:00+02:00,14.433
2021-03-31T19:00:00+02:00,14.427
2021-09-10T07:00:00+02:00,14.111
2021-09-10T19:00:00+02:00,14.138
2021-09-11T07:00:00+02:00,14.131
2021-09-11T19:00:00+02:00,14.129
2021-09-12T07:00:00+02:00,14.13
2021-09-12T19:00:00+02:00,14.124
2021-09-13T07:00:00+02:00,14.121
2021-09-13T19:00:00+02:00,14.124
2021-09-14T07:00:00+02:00,14.13
2021-09-14T19:00:00+02:00,14.134
2021-09-15T07:00:00+02:00,14.131
2021-09-15T19:00:00+02:00,14.124
2021-09-16T07:00:00+02:00,14.129
2022-01-01T01:08:00+01:00,14.387
2022-01-01T13:08:00+01:00,14.399
2022-01-02T01:08:00+01:00,14.401
2022-01-02T13:08:00+01:00,14.412
2022-03-22T06:00:00+01:00,14.511
2022-03-22T18:00:00+01:00,14.511
2022-06-26T07:00:00+02:00,14.144
2022-06-26T19:00:00+02:00,14.134
2022-06-27T07:00:00+02:00,14.122
2022-06-27T19:00:00+02:00,14.126
2022-06-28T07:00:00+02:00,14.143
2022-06-28T19:00:00+02:00,14.14
2022-06-29T07:00:00+02:00,14.133
2022-06-29T19:00:00+02:00,14.119
2022-06-30T07:00:00+02:00,14.109
2022-06-30T19:00:00+02:00,14.091
2022-07-01T07:00:00+02:00,14.112
2022-07-01T19:00:00+02:00,14.103
2023-02-22T06:00:00+01:00,14.438
2023-02-22T18:00:00+01:00,14.422
2023-07-19T07:00:00+02:00,14.149
2023-07-19T19:00:00+02:00,14.134
2024-09-19T01:00:00+02:00,14.53
2024-09-19T13:00:00+02:00,14.545
2024-09-20T01:00:00+02:00,14.534
2025-03-18T01:00:00+01:00,14.451
2025-03-18T13:00:00+01:00,14.473
2025-03-18T18:00:00+01:00,14.474
2025-03-30T06:00:00+02:00,14.449
2025-03-30T18:00:00+02:00,14.436
2025-03-31T06:00:00+02:00,14.433
2025-03-31T18:00:00+02:00,14.434
2025-04-01T06:00:00+02:00,14.434
2025-04-01T18:00:00+02:00,14.434
