date,water_level_nap_m
2021-01-02T06:00:00+01:00,14.664
2021-01-02T18:00:00+01:00,14.669
2021-01-03T06:00:00+01:00,14.67
2021-01-03T18:00:00+01:00,14.674
2021-01-04T06:00:00+01:00,14.676
2021-01-04T18:00:00+01:00,14.681
2021-01-05T06:00:00+01:00,14.682
2021-01-05T18:00:00+01:00,14.687
2021-01-06T06:00:00+01:00,14.687
2021-01-06T18:00:00+01:00,14.694
2021-01-07T06:00:00+01:00,14.701
2021-01-07T18:00:00+01:00,14.7
2021-01-08T06:00:00+01:00,15.135
2021-01-08T18:00:00+01:00,14.74
2021-01-09T06:00:00+01:00,14.691
2021-01-09T18:00:00+01:00,14.688
2021-01-10T06:00:00+01:00,14.695
2021-01-10T18:00:00+01:00,14.703
2021-01-11T06:00:00+01:00,14.713
2021-01-11T18:00:00+01:00,14.732
2021-01-12T06:00:00+01:00,14.893
2021-01-12T18:00:00+01:00,14.849
2021-01-13T06:00:00+01:00,14.756
2021-01-13T18:00:00+01:00,14.762
2021-01-14T06:00:00+01:00,14.761
2021-01-14T18:00:00+01:00,14.771
2021-01-15T06:00:00+01:00,14.756
2021-01-15T18:00:00+01:00,14.756
2021-01-16T06:00:00+01:00,14.773
2021-01-16T18:00:00+01:00,14.799
2021-01-17T06:00:00+01:00,14.807
2021-01-17T18:00:00+01:00,14.791
2021-01-18T06:00:00+01:00,14.796
2021-01-18T18:00:00+01:00,14.807
2021-01-19T06:00:00+01:00,14.846
2021-01-19T18:00:00+01:00,14.939
2021-01-20T06:00:00+01:00,14.919
2021-01-20T18:00:00+01:00,14.935
2021-01-21T06:00:00+01:00,14.922
2021-01-21T18:00:00+01:00,14.919
2021-01-22T06:00:00+01:00,14.96
2021-01-22T18:00:00+01:00,14.947
2021-01-23T06:00:00+01:00,14.937
2021-01-23T18:00:00+01:00,14.953
2021-01-24T06:00:00+01:00,14.965
2021-01-24T18:00:00+01:00,15.013
2021-01-25T06:00:00+01:00,15.022
2021-01-25T18:00:00+01:00,14.981
2021-01-26T06:00:00+01:00,14.981
2021-01-26T18:00:00+01:00,14.96
2021-01-27T06:00:00+01:00,14.999
2021-01-27T18:00:00+01:00,14.996
2021-01-28T06:00:00+01:00,15.06
2021-01-28T18:00:00+01:00,15.213
2021-01-29T06:00:00+01:00,15.268
2021-01-29T18:00:00+01:00,15.299
2021-01-30T06:00:00+01:00,15.314
2021-01-30T18:00:00+01:00,15.263
2021-01-31T06:00:00+01:00,15.246
2021-01-31T18:00:00+01:00,15.28
2021-02-01T06:00:00+01:00,15.294
2021-02-01T18:00:00+01:00,15.271
2021-02-02T06:00:00+01:00,15.274
2021-02-02T18:00:00+01:00,15.392
2021-02-03T06:00:00+01:00,15.449
2021-02-03T18:00:00+01:00,15.562
2021-02-04T06:00:00+01:00,15.602
2021-02-04T18:00:00+01:00,15.643
2021-02-05T06:00:00+01:00,15.655
2021-02-05T18:00:00+01:00,15.642
2021-02-06T06:00:00+01:00,15.606
2021-02-06T18:00:00+01:00,15.672
2021-02-07T06:00:00+01:00,15.693
2021-02-07T18:00:00+01:00,15.683
2021-02-08T06:00:00+01:00,15.709
2021-02-08T18:00:00+01:00,15.718
2021-02-09T06:00:00+01:00,15.701
2021-02-09T18:00:00+01:00,15.552
2021-02-10T06:00:00+01:00,15.542
2021-02-10T18:00:00+01:00,15.509
2021-02-11T06:00:00+01:00,15.479
2021-02-11T18:00:00+01:00,15.478
2021-02-12T06:00:00+01:00,15.479
2021-02-12T18:00:00+01:00,15.483
2021-02-13T06:00:00+01:00,15.471
2021-02-13T18:00:00+01:00,15.477
2021-02-14T06:00:00+01:00,15.488
2021-02-14T18:00:00+01:00,15.505
2021-02-15T06:00:00+01:00,15.531
2021-02-15T18:00:00+01:00,15.641
2021-02-16T06:00:00+01:00,15.977
2021-02-16T18:00:00+01:00,15.933
2021-02-17T06:00:00+01:00,15.939
2021-02-17T18:00:00+01:00,15.927
2021-02-18T06:00:00+01:00,15.743
2021-02-18T18:00:00+01:00,16.118
2021-02-19T06:00:00+01:00,16.131
2021-02-19T18:00:00+01:00,15.927
2021-02-20T06:00:00+01:00,15.747
2021-02-20T18:00:00+01:00,15.775
2021-02-21T06:00:00+01:00,15.74
2021-02-21T18:00:00+01:00,15.742
2021-02-22T06:00:00+01:00,15.74
2021-02-22T18:00:00+01:00,15.72
2021-02-23T06:00:00+01:00,15.701
2021-02-23T18:00:00+01:00,15.695
2021-02-24T06:00:00+01:00,15.708
2021-02-24T18:00:00+01:00,15.721
2021-02-25T06:00:00+01:00,15.72
2021-02-25T18:00:00+01:00,15.702
2021-02-26T06:00:00+01:00,15.736
2021-02-26T18:00:00+01:00,15.682
2021-02-27T06:00:00+01:00,15.678
2021-02-27T18:00:00+01:00,15.685
2021-02-28T06:00:00+01:00,15.694
2021-02-28T18:00:00+01:00,15.709
2021-03-01T06:00:00+01:00,15.709
2021-03-01T18:00:00+01:00,15.711
2021-03-02T06:00:00+01:00,15.712
2021-03-02T18:00:00+01:00,15.707
2021-03-03T06:00:00+01:00,15.708
2021-03-03T18:00:00+01:00,15.703
2021-03-04T06:00:00+01:00,15.744
2021-03-04T18:00:00+01:00,15.699
2021-03-05T06:00:00+01:00,15.671
2021-03-05T18:00:00+01:00,15.644
2021-03-06T06:00:00+01:00,15.639
2021-03-06T18:00:00+01:00,15.647
2021-03-07T06:00:00+01:00,15.664
2021-03-07T18:00:00+01:00,15.67
2021-03-08T06:00:00+01:00,15.664
2021-03-08T18:00:00+01:00,15.662
2021-03-09T06:00:00+01:00,15.669
2021-03-09T18:00:00+01:00,15.657
2021-03-10T06:00:00+01:00,15.649
2021-03-10T18:00:00+01:00,15.675
2021-04-01T07:00:00+02:00,15.753
2021-04-01T19:00:00+02:00,15.733
2021-04-02T07:00:00+02:00,15.711
2021-04-02T19:00:00+02:00,15.704
2021-04-03T07:00:00+02:00,15.69
2021-04-03T19:00:00+02:00,15.684
2021-04-04T07:00:00+02:00,15.684
2021-04-04T19:00:00+02:00,15.702
2021-04-05T07:00:00+02:00,15.744
2021-04-05T19:00:00+02:00,15.702
2021-04-06T07:00:00+02:00,15.676
2021-04-06T19:00:00+02:00,16.042
2021-04-07T07:00:00+02:00,15.704
2021-04-07T19:00:00+02:00,15.902
2021-04-08T07:00:00+02:00,15.702
2021-04-08T19:00:00+02:00,15.682
2021-04-09T07:00:00+02:00,15.717
2021-04-09T19:00:00+02:00,15.738
2021-04-10T07:00:00+02:00,15.736
2021-04-10T19:00:00+02:00,16.398
2021-04-11T07:00:00+02:00,16.031
2021-04-11T19:00:00+02:00,15.771
2021-04-12T07:00:00+02:00,15.731
2021-04-12T19:00:00+02:00,15.729
2021-04-13T07:00:00+02:00,15.735
2021-04-13T19:00:00+02:00,15.754
2021-04-14T07:00:00+02:00,15.762
2021-04-14T19:00:00+02:00,15.775
2021-04-15T07:00:00+02:00,15.775
2021-04-15T19:00:00+02:00,15.783
2021-04-16T07:00:00+02:00,15.786
2021-04-16T19:00:00+02:00,15.794
2021-04-17T07:00:00+02:00,15.788
2021-04-17T19:00:00+02:00,15.795
2021-04-18T07:00:00+02:00,15.789
2021-04-18T19:00:00+02:00,15.794
2021-04-19T07:00:00+02:00,15.785
2021-04-19T19:00:00+02:00,15.793
2021-04-20T07:00:00+02:00,15.782
2021-04-20T19:00:00+02:00,15.782
2021-04-21T07:00:00+02:00,15.771
2021-04-21T19:00:00+02:00,15.75
2021-04-22T07:00:00+02:00,15.715
2021-04-22T19:00:00+02:00,15.708
2021-04-23T07:00:00+02:00,15.688
2021-04-23T19:00:00+02:00,15.69
2021-04-24T07:00:00+02:00,15.684
2021-04-24T19:00:00+02:00,15.694
2021-04-25T07:00:00+02:00,15.672
2021-04-25T19:00:00+02:00,15.674
2021-04-26T07:00:00+02:00,15.673
2021-04-26T19:00:00+02:00,15.689
2021-04-27T07:00:00+02:00,15.696
2021-04-27T19:00:00+02:00,15.7
2021-04-28T07:00:00+02:00,15.695
2021-04-28T19:00:00+02:00,15.694
2021-04-29T07:00:00+02:00,15.662
2021-04-29T19:00:00+02:00,15.626
2021-04-30T07:00:00+02:00,15.586
2021-04-30T19:00:00+02:00,15.583
2021-05-01T07:00:00+02:00,15.575
2021-05-01T19:00:00+02:00,15.571
2021-05-02T07:00:00+02:00,15.552
2021-05-02T19:00:00+02:00,15.543
2021-05-03T07:00:00+02:00,15.537
2021-05-03T19:00:00+02:00,15.567
2021-05-04T07:00:00+02:00,15.627
2021-05-04T19:00:00+02:00,15.598
2021-05-05T07:00:00+02:00,15.57
2021-05-05T19:00:00+02:00,15.542
2021-05-06T07:00:00+02:00,15.552
2021-05-06T19:00:00+02:00,15.55
2021-05-07T07:00:00+02:00,15.518
2021-05-07T19:00:00+02:00,15.496
2021-05-08T07:00:00+02:00,15.502
2021-05-08T19:00:00+02:00,15.538
2021-05-09T07:00:00+02:00,15.556
2021-05-09T19:00:00+02:00,15.57
2021-05-10T07:00:00+02:00,15.54
2021-05-10T19:00:00+02:00,15.519
2021-05-11T07:00:00+02:00,15.508
2021-05-11T19:00:00+02:00,15.501
2021-05-12T07:00:00+02:00,15.489
2021-05-12T19:00:00+02:00,15.537
2021-05-13T07:00:00+02:00,15.488
2021-05-13T19:00:00+02:00,15.497
2021-05-14T07:00:00+02:00,15.476
2021-05-14T19:00:00+02:00,15.478
2021-05-15T07:00:00+02:00,15.481
2021-05-15T19:00:00+02:00,15.5
2021-05-16T07:00:00+02:00,15.491
2021-05-16T19:00:00+02:00,15.49
2021-05-17T07:00:00+02:00,15.512
2021-05-17T19:00:00+02:00,15.516
2021-05-18T07:00:00+02:00,15.441
2021-05-18T19:00:00+02:00,15.438
2021-05-19T07:00:00+02:00,15.426
2021-05-19T19:00:00+02:00,15.493
2021-05-20T07:00:00+02:00,15.421
2021-05-20T19:00:00+02:00,15.455
2021-05-21T07:00:00+02:00,15.498
2021-05-21T19:00:00+02:00,15.512
2021-05-22T07:00:00+02:00,15.501
2021-05-22T19:00:00+02:00,15.542
2021-05-23T07:00:00+02:00,15.454
2021-05-23T19:00:00+02:00,15.452
2021-05-24T07:00:00+02:00,15.471
2021-05-24T19:00:00+02:00,15.48
2021-05-25T07:00:00+02:00,15.479
2021-05-25T19:00:00+02:00,15.452
2021-05-26T07:00:00+02:00,15.466
2021-05-26T19:00:00+02:00,15.459
2021-05-27T07:00:00+02:00,15.447
2021-05-27T19:00:00+02:00,15.426
2021-05-28T07:00:00+02:00,15.41
2021-05-28T19:00:00+02:00,15.42
2021-05-29T07:00:00+02:00,15.417
2021-05-29T19:00:00+02:00,15.416
2021-05-30T07:00:00+02:00,15.414
2021-05-30T19:00:00+02:00,15.424
2021-05-31T07:00:00+02:00,15.425
2021-05-31T19:00:00+02:00,15.433
2021-06-01T07:00:00+02:00,15.429
2021-06-01T19:00:00+02:00,15.43
2021-06-02T07:00:00+02:00,15.413
2021-06-02T19:00:00+02:00,15.398
2021-06-03T07:00:00+02:00,15.344
2021-06-03T19:00:00+02:00,15.345
2021-06-04T07:00:00+02:00,15.347
2021-06-04T19:00:00+02:00,15.345
2021-06-05T07:00:00+02:00,15.358
2021-06-05T19:00:00+02:00,15.367
2021-06-06T07:00:00+02:00,15.38
2021-06-06T19:00:00+02:00,15.404
2021-06-07T07:00:00+02:00,15.409
2021-06-07T19:00:00+02:00,15.422
2021-06-08T07:00:00+02:00,15.413
2021-06-08T19:00:00+02:00,15.414
2021-06-09T07:00:00+02:00,15.402
2021-06-09T19:00:00+02:00,15.395
2021-06-10T07:00:00+02:00,15.383
2021-06-10T19:00:00+02:00,15.383
2021-06-11T07:00:00+02:00,15.362
2021-06-11T19:00:00+02:00,15.354
2021-06-12T07:00:00+02:00,15.334
2021-06-12T19:00:00+02:00,15.314
2021-06-13T07:00:00+02:00,15.284
2021-06-13T19:00:00+02:00,15.293
2021-06-14T07:00:00+02:00,15.291
2021-06-14T19:00:00+02:00,15.301
2021-06-15T07:00:00+02:00,15.279
2021-06-15T19:00:00+02:00,15.274
2021-06-16T07:00:00+02:00,15.259
2021-06-16T19:00:00+02:00,15.272
2021-06-17T07:00:00+02:00,15.249
2021-06-17T19:00:00+02:00,15.232
2021-06-18T07:00:00+02:00,15.198
2021-06-18T19:00:00+02:00,15.21
2021-06-19T07:00:00+02:00,15.193
2021-06-19T19:00:00+02:00,15.288
2021-06-20T07:00:00+02:00,15.223
2021-06-20T19:00:00+02:00,15.197
2021-06-21T07:00:00+02:00,15.488
2021-06-21T19:00:00+02:00,15.223
2021-06-22T07:00:00+02:00,15.183
2021-06-22T19:00:00+02:00,15.182
2021-06-23T07:00:00+02:00,15.191
2021-06-23T19:00:00+02:00,15.203
2021-06-24T07:00:00+02:00,15.214
2021-06-24T19:00:00+02:00,15.229
2021-06-25T07:00:00+02:00,15.232
2021-06-25T19:00:00+02:00,15.229
2021-06-26T07:00:00+02:00,15.201
2021-06-26T19:00:00+02:00,15.214
2021-06-27T07:00:00+02:00,15.191
2021-06-27T19:00:00+02:00,15.197
2021-06-28T07:00:00+02:00,15.185
2021-06-28T19:00:00+02:00,15.205
2021-06-29T07:00:00+02:00,15.212
2021-06-29T19:00:00+02:00,15.218
2021-06-30T07:00:00+02:00,15.629
2021-06-30T19:00:00+02:00,15.225
2021-07-01T07:00:00+02:00,15.279
2021-07-01T19:00:00+02:00,15.25
2021-07-02T07:00:00+02:00,15.259
2021-07-02T19:00:00+02:00,15.278
2021-07-03T07:00:00+02:00,15.289
2021-07-03T19:00:00+02:00,15.296
2021-07-04T07:00:00+02:00,15.307
2021-07-04T19:00:00+02:00,15.541
2021-07-05T07:00:00+02:00,15.645
2021-07-05T19:00:00+02:00,15.363
2021-07-06T07:00:00+02:00,15.378
2021-07-06T19:00:00+02:00,15.355
2021-07-07T07:00:00+02:00,15.338
2021-07-07T19:00:00+02:00,15.328
2021-07-08T07:00:00+02:00,15.318
2021-07-08T19:00:00+02:00,15.311
2021-07-09T07:00:00+02:00,15.305
2021-07-09T19:00:00+02:00,15.314
2021-07-10T07:00:00+02:00,15.307
2021-07-10T19:00:00+02:00,15.302
2021-07-11T07:00:00+02:00,15.316
2021-07-11T19:00:00+02:00,15.308
2021-07-12T07:00:00+02:00,15.324
2021-07-12T19:00:00+02:00,15.329
2021-07-13T07:00:00+02:00,15.321
2021-07-13T19:00:00+02:00,15.318
2021-07-14T07:00:00+02:00,15.313
2021-07-14T19:00:00+02:00,15.324
2021-07-15T07:00:00+02:00,15.714
2021-07-15T19:00:00+02:00,15.889
2021-07-16T07:00:00+02:00,15.481
2021-07-16T19:00:00+02:00,15.465
2021-07-17T07:00:00+02:00,15.492
2021-07-17T19:00:00+02:00,15.51
2021-07-18T07:00:00+02:00,15.523
2021-07-18T19:00:00+02:00,15.53
2021-07-19T07:00:00+02:00,15.529
2021-07-19T19:00:00+02:00,15.534
2021-07-20T07:00:00+02:00,15.521
2021-07-20T19:00:00+02:00,15.515
2021-07-21T07:00:00+02:00,15.505
2021-07-21T19:00:00+02:00,15.497
2021-07-22T07:00:00+02:00,15.486
2021-07-22T19:00:00+02:00,15.485
2021-07-23T07:00:00+02:00,15.479
2021-07-23T19:00:00+02:00,15.486
2021-07-24T07:00:00+02:00,15.49
2021-07-24T19:00:00+02:00,15.479
2021-07-25T07:00:00+02:00,15.48
2021-07-25T19:00:00+02:00,15.463
2021-07-26T07:00:00+02:00,15.447
2021-07-26T19:00:00+02:00,15.434
2021-07-27T07:00:00+02:00,15.417
2021-07-27T19:00:00+02:00,15.417
2021-07-28T07:00:00+02:00,15.445
2021-07-28T19:00:00+02:00,15.455
2021-07-29T07:00:00+02:00,15.413
2021-07-29T19:00:00+02:00,15.45
2021-07-30T07:00:00+02:00,15.335
2021-07-30T19:00:00+02:00,15.328
2021-07-31T07:00:00+02:00,15.315
2021-07-31T19:00:00+02:00,15.344
2021-08-01T07:00:00+02:00,15.297
2021-08-01T19:00:00+02:00,15.336
2021-08-02T07:00:00+02:00,15.282
2021-08-02T19:00:00+02:00,15.276
2021-08-03T07:00:00+02:00,15.275
2021-08-03T19:00:00+02:00,15.28
2021-08-04T07:00:00+02:00,15.31
2021-08-04T19:00:00+02:00,15.267
2021-08-05T07:00:00+02:00,15.267
2021-08-05T19:00:00+02:00,15.281
2021-08-06T07:00:00+02:00,15.271
2021-08-06T19:00:00+02:00,15.342
2021-08-07T07:00:00+02:00,15.251
2021-08-07T19:00:00+02:00,15.45
2021-08-08T07:00:00+02:00,15.226
2021-08-08T19:00:00+02:00,15.198
2021-08-09T07:00:00+02:00,15.252
2021-08-09T19:00:00+02:00,15.193
2021-08-10T07:00:00+02:00,15.171
2021-08-10T19:00:00+02:00,15.169
2021-08-11T07:00:00+02:00,15.164
2021-08-11T19:00:00+02:00,15.159
2021-08-12T07:00:00+02:00,15.15
2021-08-12T19:00:00+02:00,15.148
2021-08-13T07:00:00+02:00,15.129
2021-08-13T19:00:00+02:00,15.121
2021-08-14T07:00:00+02:00,15.109
2021-08-14T19:00:00+02:00,15.114
2021-08-15T07:00:00+02:00,15.112
2021-08-15T19:00:00+02:00,15.12
2021-08-16T07:00:00+02:00,15.113
2021-08-16T19:00:00+02:00,15.091
2021-08-17T07:00:00+02:00,15.081
2021-08-17T19:00:00+02:00,15.091
2021-08-18T07:00:00+02:00,15.092
2021-08-18T19:00:00+02:00,15.101
2021-08-19T07:00:00+02:00,15.098
2021-08-19T19:00:00+02:00,15.095
2021-08-20T07:00:00+02:00,15.086
2021-08-20T19:00:00+02:00,15.075
2021-08-21T07:00:00+02:00,15.07
2021-08-21T19:00:00+02:00,15.074
2021-08-22T07:00:00+02:00,15.143
2021-08-22T19:00:00+02:00,15.169
2021-08-23T07:00:00+02:00,15.083
2021-08-23T19:00:00+02:00,15.062
2021-08-24T07:00:00+02:00,15.057
2021-08-24T19:00:00+02:00,15.063
2021-08-25T07:00:00+02:00,15.069
2021-08-25T19:00:00+02:00,15.084
2021-08-26T07:00:00+02:00,15.096
2021-08-26T19:00:00+02:00,15.093
2021-08-27T07:00:00+02:00,15.078
2021-08-27T19:00:00+02:00,15.074
2021-08-28T07:00:00+02:00,15.064
2021-08-28T19:00:00+02:00,15.058
2021-08-29T07:00:00+02:00,15.057
2021-08-29T19:00:00+02:00,15.063
2021-08-30T07:00:00+02:00,15.061
2021-08-30T19:00:00+02:00,15.058
2021-08-31T07:00:00+02:00,15.038
2021-08-31T19:00:00+02:00,15.03
2021-09-01T07:00:00+02:00,15.022
2021-09-01T19:00:00+02:00,15.023
2021-09-02T07:00:00+02:00,15.019
2021-09-02T19:00:00+02:00,15.025
2021-09-03T07:00:00+02:00,15.024
2021-09-03T19:00:00+02:00,15.029
2021-09-04T07:00:00+02:00,15.006
2021-09-04T19:00:00+02:00,15.008
2021-09-05T07:00:00+02:00,14.99
2021-09-05T19:00:00+02:00,14.981
2021-09-06T07:00:00+02:00,14.962
2021-09-06T19:00:00+02:00,14.955
2021-09-07T07:00:00+02:00,14.946
2021-09-07T19:00:00+02:00,14.946
2021-09-08T07:00:00+02:00,14.934
2021-09-08T19:00:00+02:00,14.943
2021-09-09T07:00:00+02:00,14.934
2021-09-09T19:00:00+02:00,14.92
2021-09-10T07:00:00+02:00,14.894
2021-09-10T19:00:00+02:00,14.901
2021-09-11T07:00:00+02:00,14.96
2021-09-11T19:00:00+02:00,14.925
2021-09-12T07:00:00+02:00,14.926
2021-09-12T19:00:00+02:00,14.928
2021-09-13T07:00:00+02:00,14.924
2021-09-13T19:00:00+02:00,14.932
2021-09-14T07:00:00+02:00,14.941
2021-09-14T19:00:00+02:00,14.944
2021-09-15T07:00:00+02:00,14.946
2021-09-15T19:00:00+02:00,14.946
2021-09-17T07:00:00+02:00,14.927
2021-09-17T19:00:00+02:00,14.932
2021-09-18T07:00:00+02:00,14.915
2021-09-18T19:00:00+02:00,14.913
2021-09-19T07:00:00+02:00,14.911
2021-09-19T19:00:00+02:00,14.903
2021-09-20T07:00:00+02:00,14.894
2021-09-20T19:00:00+02:00,14.87
2021-09-21T07:00:00+02:00,14.852
2021-09-21T19:00:00+02:00,14.844
2021-09-22T07:00:00+02:00,14.841
2021-09-22T19:00:00+02:00,14.856
2021-09-23T07:00:00+02:00,14.873
2021-09-23T19:00:00+02:00,14.875
2021-09-24T07:00:00+02:00,14.87
2021-09-24T19:00:00+02:00,14.873
2021-09-25T07:00:00+02:00,14.863
2021-09-25T19:00:00+02:00,14.859
2021-09-26T07:00:00+02:00,14.859
2021-09-26T19:00:00+02:00,14.849
2021-09-27T07:00:00+02:00,14.853
2021-09-27T19:00:00+02:00,14.837
2021-09-28T07:00:00+02:00,14.823
2021-09-28T19:00:00+02:00,14.827
2021-09-29T07:00:00+02:00,14.84
2021-09-29T19:00:00+02:00,14.821
2021-09-30T07:00:00+02:00,14.811
2021-09-30T19:00:00+02:00,14.81
2021-10-01T07:00:00+02:00,14.828
2021-10-01T19:00:00+02:00,14.826
2021-10-02T07:00:00+02:00,14.828
2021-10-02T19:00:00+02:00,14.866
2021-10-03T07:00:00+02:00,14.881
2021-10-03T19:00:00+02:00,14.843
2021-10-04T07:00:00+02:00,14.826
2021-10-04T19:00:00+02:00,14.82
2021-10-05T07:00:00+02:00,14.839
2021-10-05T19:00:00+02:00,14.849
2021-10-06T07:00:00+02:00,14.837
2021-10-06T19:00:00+02:00,15.179
2021-10-07T07:00:00+02:00,14.829
2021-10-07T19:00:00+02:00,14.817
2021-10-08T07:00:00+02:00,14.82
2021-10-08T19:00:00+02:00,14.828
2021-10-09T07:00:00+02:00,14.845
2021-10-09T19:00:00+02:00,14.85
2021-10-10T07:00:00+02:00,14.856
2021-10-10T19:00:00+02:00,14.859
2021-10-11T07:00:00+02:00,14.863
2021-10-11T19:00:00+02:00,14.869
2021-10-12T07:00:00+02:00,14.881
2021-10-12T19:00:00+02:00,14.884
2021-10-13T07:00:00+02:00,14.874
2021-10-13T19:00:00+02:00,14.866
2021-10-14T07:00:00+02:00,14.872
2021-10-14T19:00:00+02:00,14.885
2021-10-15T07:00:00+02:00,14.902
2021-10-15T19:00:00+02:00,14.884
2021-10-16T07:00:00+02:00,14.879
2021-10-16T19:00:00+02:00,14.872
2021-10-17T07:00:00+02:00,14.869
2021-10-17T19:00:00+02:00,14.863
2021-10-18T07:00:00+02:00,14.861
2021-10-18T19:00:00+02:00,14.865
2021-10-19T07:00:00+02:00,14.875
2021-10-19T19:00:00+02:00,14.894
2021-10-20T07:00:00+02:00,14.919
2021-10-20T19:00:00+02:00,14.929
2021-10-21T07:00:00+02:00,14.881
2021-10-21T19:00:00+02:00,15.063
2021-10-22T07:00:00+02:00,14.884
2021-10-22T19:00:00+02:00,14.846
2021-10-23T07:00:00+02:00,14.837
2021-10-23T19:00:00+02:00,14.844
2021-10-24T07:00:00+02:00,14.869
2021-10-24T19:00:00+02:00,14.887
2021-10-25T07:00:00+02:00,14.9
2021-10-25T19:00:00+02:00,14.896
2021-10-26T07:00:00+02:00,14.896
2021-10-26T19:00:00+02:00,14.896
2021-10-27T07:00:00+02:00,14.898
2021-10-27T19:00:00+02:00,14.896
2021-10-28T07:00:00+02:00,14.911
2021-10-28T19:00:00+02:00,14.921
2021-10-29T07:00:00+02:00,14.934
2021-10-29T19:00:00+02:00,14.947
2021-10-30T07:00:00+02:00,14.944
2021-10-30T19:00:00+02:00,14.969
2021-10-31T06:00:00+01:00,14.957
2021-10-31T18:00:00+01:00,14.975
2021-11-01T06:00:00+01:00,14.956
2021-11-01T18:00:00+01:00,14.981
2021-11-02T06:00:00+01:00,14.965
2021-11-02T18:00:00+01:00,14.956
2021-11-03T06:00:00+01:00,14.966
2021-11-03T18:00:00+01:00,14.96
2021-11-04T06:00:00+01:00,14.955
2021-11-04T18:00:00+01:00,14.943
2021-11-05T06:00:00+01:00,14.928
2021-11-05T18:00:00+01:00,14.909
2021-11-06T06:00:00+01:00,14.912
2021-11-06T18:00:00+01:00,14.942
2021-11-07T06:00:00+01:00,14.961
2021-11-07T18:00:00+01:00,14.961
2021-11-08T06:00:00+01:00,14.951
2021-11-08T18:00:00+01:00,14.945
2021-11-09T06:00:00+01:00,14.937
2021-11-09T18:00:00+01:00,14.94
2021-11-10T06:00:00+01:00,14.948
2021-11-10T18:00:00+01:00,14.945
2021-11-11T06:00:00+01:00,14.943
2021-11-11T18:00:00+01:00,14.945
2021-11-12T06:00:00+01:00,14.964
2021-11-12T18:00:00+01:00,14.973
2021-11-13T06:00:00+01:00,14.982
2021-11-13T18:00:00+01:00,14.974
2021-11-14T06:00:00+01:00,14.96
2021-11-14T18:00:00+01:00,14.95
2021-11-15T06:00:00+01:00,14.946
2021-11-15T18:00:00+01:00,14.947
2021-11-16T06:00:00+01:00,14.955
2021-11-16T18:00:00+01:00,14.962
2021-11-17T06:00:00+01:00,14.975
2021-11-17T18:00:00+01:00,14.953
2021-11-18T06:00:00+01:00,14.952
2021-11-18T18:00:00+01:00,14.945
2021-11-19T06:00:00+01:00,14.953
2021-11-19T18:00:00+01:00,14.954
2021-11-20T06:00:00+01:00,14.97
2021-11-20T18:00:00+01:00,14.993
2021-11-21T06:00:00+01:00,15.004
2021-11-21T18:00:00+01:00,14.995
2021-11-22T06:00:00+01:00,14.968
2021-11-22T18:00:00+01:00,14.945
2021-11-23T06:00:00+01:00,14.94
2021-11-23T18:00:00+01:00,14.944
2021-11-24T06:00:00+01:00,14.96
2021-11-24T18:00:00+01:00,14.983
2021-11-25T06:00:00+01:00,14.992
2021-11-25T18:00:00+01:00,14.992
2021-11-26T06:00:00+01:00,15.008
2021-11-26T18:00:00+01:00,15.038
2021-11-27T06:00:00+01:00,15.215
2021-11-27T18:00:00+01:00,15.047
2021-11-28T06:00:00+01:00,15.007
2021-11-28T18:00:00+01:00,14.988
2021-11-29T06:00:00+01:00,14.976
2021-11-29T18:00:00+01:00,14.962
2021-11-30T06:00:00+01:00,14.978
2021-11-30T18:00:00+01:00,14.998
2021-12-01T06:00:00+01:00,15.045
2021-12-01T18:00:00+01:00,15.074
2021-12-02T06:00:00+01:00,15.078
2021-12-02T18:00:00+01:00,15.047
2021-12-03T06:00:00+01:00,15.04
2021-12-03T18:00:00+01:00,15.075
2021-12-04T06:00:00+01:00,15.098
2021-12-04T18:00:00+01:00,15.109
2021-12-05T06:00:00+01:00,15.116
2021-12-05T18:00:00+01:00,15.093
2021-12-06T06:00:00+01:00,15.081
2021-12-06T18:00:00+01:00,15.107
2021-12-07T06:00:00+01:00,15.161
2021-12-07T18:00:00+01:00,15.167
2021-12-08T06:00:00+01:00,15.253
2021-12-08T18:00:00+01:00,15.185
2021-12-09T06:00:00+01:00,15.161
2021-12-09T18:00:00+01:00,15.167
2021-12-10T06:00:00+01:00,15.204
2021-12-10T18:00:00+01:00,15.189
2021-12-11T06:00:00+01:00,15.154
2021-12-11T18:00:00+01:00,15.135
2021-12-12T06:00:00+01:00,15.136
2021-12-12T18:00:00+01:00,15.143
2021-12-13T06:00:00+01:00,15.153
2021-12-13T18:00:00+01:00,15.16
2021-12-14T06:00:00+01:00,15.169
2021-12-14T18:00:00+01:00,15.174
2021-12-15T06:00:00+01:00,15.174
2021-12-15T18:00:00+01:00,15.175
2021-12-16T06:00:00+01:00,15.17
2021-12-16T18:00:00+01:00,15.166
2021-12-17T06:00:00+01:00,15.17
2021-12-17T18:00:00+01:00,15.17
2021-12-18T06:00:00+01:00,15.179
2021-12-18T18:00:00+01:00,15.186
2021-12-19T06:00:00+01:00,15.197
2021-12-19T18:00:00+01:00,15.213
2021-12-20T06:00:00+01:00,15.213
2021-12-20T18:00:00+01:00,15.208
2021-12-21T06:00:00+01:00,15.202
2021-12-21T18:00:00+01:00,15.202
2021-12-22T06:00:00+01:00,15.201
2021-12-22T18:00:00+01:00,15.208
2021-12-23T06:00:00+01:00,15.217
2021-12-23T18:00:00+01:00,15.225
2021-12-24T06:00:00+01:00,15.225
2021-12-24T18:00:00+01:00,15.222
2021-12-25T06:00:00+01:00,15.209
2021-12-25T18:00:00+01:00,15.197
2021-12-26T06:00:00+01:00,15.202
2021-12-26T18:00:00+01:00,15.207
2021-12-27T06:00:00+01:00,15.214
2021-12-27T18:00:00+01:00,15.222
2021-12-28T06:00:00+01:00,15.235
2021-12-28T18:00:00+01:00,15.252
2021-12-29T06:00:00+01:00,15.199
2021-12-29T18:00:00+01:00,15.212
2021-12-30T06:00:00+01:00,15.229
2021-12-30T18:00:00+01:00,15.208
2021-12-31T06:00:00+01:00,15.221
2021-12-31T18:00:00+01:00,15.223
2022-01-01T06:00:00+01:00,15.23
2022-01-01T18:00:00+01:00,15.256
2022-01-02T06:00:00+01:00,15.289
2022-01-02T18:00:00+01:00,15.305
2022-01-03T06:00:00+01:00,15.305
2022-01-03T18:00:00+01:00,15.322
2022-01-04T06:00:00+01:00,15.342
2022-01-04T18:00:00+01:00,15.325
2022-01-05T06:00:00+01:00,15.316
2022-01-05T18:00:00+01:00,15.288
2022-01-06T06:00:00+01:00,15.267
2022-01-06T18:00:00+01:00,15.27
2022-01-07T06:00:00+01:00,15.302
2022-01-07T18:00:00+01:00,15.317
2022-01-08T06:00:00+01:00,15.31
2022-01-08T18:00:00+01:00,15.37
2022-01-09T06:00:00+01:00,15.41
2022-01-09T18:00:00+01:00,15.443
2022-01-10T06:00:00+01:00,15.357
2022-01-10T18:00:00+01:00,15.322
2022-01-11T06:00:00+01:00,15.322
2022-01-11T18:00:00+01:00,15.334
2022-01-12T06:00:00+01:00,15.343
2022-01-12T18:00:00+01:00,15.347
2022-01-13T06:00:00+01:00,15.356
2022-01-13T18:00:00+01:00,15.366
2022-01-14T06:00:00+01:00,15.385
2022-01-14T18:00:00+01:00,15.395
2022-01-15T06:00:00+01:00,15.413
2022-01-15T18:00:00+01:00,15.426
2022-01-16T06:00:00+01:00,15.42
2022-01-16T18:00:00+01:00,15.404
2022-01-17T06:00:00+01:00,15.383
2022-01-17T18:00:00+01:00,15.371
2022-01-18T06:00:00+01:00,15.369
2022-01-18T18:00:00+01:00,15.379
2022-01-19T06:00:00+01:00,15.402
2022-01-19T18:00:00+01:00,15.416
2022-01-20T06:00:00+01:00,15.393
2022-01-20T18:00:00+01:00,15.374
2022-01-21T06:00:00+01:00,15.365
2022-01-21T18:00:00+01:00,15.358
2022-01-22T06:00:00+01:00,15.362
2022-01-22T18:00:00+01:00,15.358
2022-01-23T06:00:00+01:00,15.359
2022-01-23T18:00:00+01:00,15.357
2022-01-24T06:00:00+01:00,15.359
2022-01-24T18:00:00+01:00,15.353
2022-01-25T06:00:00+01:00,15.353
2022-01-25T18:00:00+01:00,15.352
2022-01-26T06:00:00+01:00,15.352
2022-01-26T18:00:00+01:00,15.35
2022-01-27T06:00:00+01:00,15.363
2022-01-27T18:00:00+01:00,15.353
2022-01-28T06:00:00+01:00,15.329
2022-01-28T18:00:00+01:00,15.327
2022-01-29T06:00:00+01:00,15.341
2022-01-29T18:00:00+01:00,15.341
2022-01-30T06:00:00+01:00,15.329
2022-01-30T18:00:00+01:00,15.334
2022-01-31T06:00:00+01:00,15.378
2022-01-31T18:00:00+01:00,15.333
2022-02-01T06:00:00+01:00,15.347
2022-02-01T18:00:00+01:00,15.348
2022-02-02T06:00:00+01:00,15.344
2022-02-02T18:00:00+01:00,15.336
2022-02-03T06:00:00+01:00,15.357
2022-02-03T18:00:00+01:00,15.367
2022-02-04T06:00:00+01:00,15.386
2022-02-04T18:00:00+01:00,15.373
2022-02-05T06:00:00+01:00,15.346
2022-02-05T18:00:00+01:00,15.354
2022-02-06T06:00:00+01:00,15.402
2022-02-06T18:00:00+01:00,15.43
2022-02-07T06:00:00+01:00,15.511
2022-02-07T18:00:00+01:00,15.481
2022-02-08T06:00:00+01:00,15.471
2022-02-08T18:00:00+01:00,15.486
2022-02-09T06:00:00+01:00,15.527
2022-02-09T18:00:00+01:00,15.549
2022-02-10T06:00:00+01:00,15.575
2022-02-10T18:00:00+01:00,15.572
2022-02-11T06:00:00+01:00,15.564
2022-02-11T18:00:00+01:00,15.54
2022-02-12T06:00:00+01:00,15.56
2022-02-12T18:00:00+01:00,15.59
2022-02-13T06:00:00+01:00,15.611
2022-02-13T18:00:00+01:00,15.634
2022-02-14T06:00:00+01:00,15.651
2022-02-14T18:00:00+01:00,15.619
2022-02-15T06:00:00+01:00,15.598
2022-02-15T18:00:00+01:00,15.588
2022-02-16T06:00:00+01:00,15.636
2022-02-16T18:00:00+01:00,15.675
2022-02-17T06:00:00+01:00,15.684
2022-02-17T18:00:00+01:00,15.622
2022-02-18T06:00:00+01:00,15.649
2022-02-18T18:00:00+01:00,15.655
2022-02-19T06:00:00+01:00,15.627
2022-02-19T18:00:00+01:00,15.651
2022-02-20T06:00:00+01:00,15.735
2022-02-20T18:00:00+01:00,15.907
2022-02-21T06:00:00+01:00,15.972
2022-02-21T18:00:00+01:00,15.968
2022-02-22T06:00:00+01:00,15.979
2022-02-22T18:00:00+01:00,16.012
2022-02-23T06:00:00+01:00,16.025
2022-02-23T18:00:00+01:00,16.022
2022-02-24T06:00:00+01:00,16.025
2022-02-24T18:00:00+01:00,16.08
2022-02-25T06:00:00+01:00,16.069
2022-02-25T18:00:00+01:00,16.091
2022-02-26T06:00:00+01:00,15.995
2022-02-26T18:00:00+01:00,15.998
2022-02-27T06:00:00+01:00,16.0
2022-02-27T18:00:00+01:00,16.013
2022-02-28T06:00:00+01:00,16.006
2022-02-28T18:00:00+01:00,16.003
2022-03-01T06:00:00+01:00,16.01
2022-03-01T18:00:00+01:00,15.999
2022-03-02T06:00:00+01:00,16.002
2022-03-02T18:00:00+01:00,16.004
2022-03-03T06:00:00+01:00,16.001
2022-03-03T18:00:00+01:00,15.992
2022-03-04T06:00:00+01:00,15.975
2022-03-04T18:00:00+01:00,15.96
2022-03-05T06:00:00+01:00,15.952
2022-03-05T18:00:00+01:00,15.942
2022-03-06T06:00:00+01:00,15.916
2022-03-06T18:00:00+01:00,15.901
2022-03-07T06:00:00+01:00,15.893
2022-03-07T18:00:00+01:00,15.895
2022-03-08T06:00:00+01:00,15.897
2022-03-08T18:00:00+01:00,15.891
2022-03-09T06:00:00+01:00,15.875
2022-03-09T18:00:00+01:00,15.863
2022-03-10T06:00:00+01:00,15.85
2022-03-10T18:00:00+01:00,15.861
2022-03-12T06:00:00+01:00,15.849
2022-03-12T18:00:00+01:00,15.838
2022-03-13T06:00:00+01:00,15.836
2022-03-13T18:00:00+01:00,15.829
2022-03-14T06:00:00+01:00,15.787
2022-03-14T18:00:00+01:00,15.76
2022-03-15T06:00:00+01:00,15.768
2022-03-15T12:00:00+01:00,15.784
2022-03-17T00:00:00+01:00,15.775
2022-03-17T12:00:00+01:00,15.72
2022-03-18T00:00:00+01:00,15.692
2022-03-18T12:00:00+01:00,15.677
2022-03-19T00:00:00+01:00,15.681
2022-03-19T12:00:00+01:00,15.697
2022-03-20T00:00:00+01:00,15.72
2022-03-20T12:00:00+01:00,15.731
2022-03-21T00:00:00+01:00,15.71
2022-03-21T12:00:00+01:00,15.687
2022-03-22T00:00:00+01:00,15.687
2022-03-22T12:00:00+01:00,15.682
2022-03-23T00:00:00+01:00,15.681
2022-03-23T12:00:00+01:00,15.667
2022-03-24T00:00:00+01:00,15.663
2022-03-24T12:00:00+01:00,15.646
2022-03-25T00:00:00+01:00,15.644
2022-03-25T12:00:00+01:00,15.634
2022-03-26T00:00:00+01:00,15.624
2022-03-26T12:00:00+01:00,15.62
2022-03-27T00:00:00+01:00,15.617
2022-03-27T13:00:00+02:00,15.608
2022-03-28T01:00:00+02:00,15.615
2022-03-28T13:00:00+02:00,15.618
2022-03-29T01:00:00+02:00,15.64
2022-03-29T13:00:00+02:00,15.649
2022-03-30T01:00:00+02:00,15.647
2022-03-30T13:00:00+02:00,15.645
2022-03-31T01:00:00+02:00,15.636
2022-03-31T13:00:00+02:00,15.623
2022-04-01T01:00:00+02:00,15.594
2022-04-01T13:00:00+02:00,15.558
2022-04-02T01:00:00+02:00,15.529
2022-04-02T13:00:00+02:00,15.511
2022-04-03T01:00:00+02:00,15.496
2022-04-03T13:00:00+02:00,15.489
2022-04-04T01:00:00+02:00,15.504
2022-04-04T13:00:00+02:00,15.536
2022-04-05T01:00:00+02:00,15.542
2022-04-05T13:00:00+02:00,15.536
2022-04-06T01:00:00+02:00,15.545
2022-04-06T13:00:00+02:00,15.562
2022-04-07T01:00:00+02:00,15.583
2022-04-07T13:00:00+02:00,15.659
2022-04-08T01:00:00+02:00,15.562
2022-04-08T13:00:00+02:00,15.56
2022-04-09T01:00:00+02:00,15.541
2022-04-09T13:00:00+02:00,15.509
2022-04-10T01:00:00+02:00,15.496
2022-04-10T13:00:00+02:00,15.496
2022-04-11T01:00:00+02:00,15.515
2022-04-11T13:00:00+02:00,15.545
2022-04-12T01:00:00+02:00,15.564
2022-04-12T13:00:00+02:00,15.565
2022-04-13T01:00:00+02:00,15.557
2022-04-13T13:00:00+02:00,15.531
2022-04-14T01:00:00+02:00,15.523
2022-04-14T13:00:00+02:00,15.519
2022-04-15T01:00:00+02:00,15.509
2022-04-15T13:00:00+02:00,15.494
2022-04-16T01:00:00+02:00,15.49
2022-04-16T13:00:00+02:00,15.486
2022-04-17T01:00:00+02:00,15.5
2022-04-17T13:00:00+02:00,15.515
2022-04-18T01:00:00+02:00,15.534
2022-04-18T13:00:00+02:00,15.534
2022-04-19T01:00:00+02:00,15.542
2022-04-19T13:00:00+02:00,15.53
2022-04-20T01:00:00+02:00,15.519
2022-04-20T13:00:00+02:00,15.507
2022-04-21T01:00:00+02:00,15.5
2022-04-21T13:00:00+02:00,15.497
2022-04-22T01:00:00+02:00,15.498
2022-04-22T13:00:00+02:00,15.501
2022-04-23T01:00:00+02:00,15.499
2022-04-23T13:00:00+02:00,15.491
2022-04-24T01:00:00+02:00,15.485
2022-04-24T13:00:00+02:00,15.466
2022-04-25T01:00:00+02:00,15.438
2022-04-25T13:00:00+02:00,15.417
2022-04-26T01:00:00+02:00,15.407
2022-04-26T13:00:00+02:00,15.393
2022-04-27T01:00:00+02:00,15.47
2022-04-27T13:00:00+02:00,15.406
2022-04-28T01:00:00+02:00,15.362
2022-04-28T13:00:00+02:00,15.347
2022-04-29T01:00:00+02:00,15.342
2022-04-29T13:00:00+02:00,15.343
2022-04-30T01:00:00+02:00,15.342
2022-04-30T13:00:00+02:00,15.342
2022-05-01T01:00:00+02:00,15.345
2022-05-01T13:00:00+02:00,15.349
2022-05-02T01:00:00+02:00,15.348
2022-05-02T13:00:00+02:00,15.348
2022-05-03T01:00:00+02:00,15.343
2022-05-03T13:00:00+02:00,15.334
2022-05-04T01:00:00+02:00,15.322
2022-05-04T13:00:00+02:00,15.316
2022-05-05T01:00:00+02:00,15.305
2022-05-05T13:00:00+02:00,15.286
2022-05-06T01:00:00+02:00,15.269
2022-05-06T13:00:00+02:00,15.262
2022-05-07T01:00:00+02:00,15.257
2022-05-07T13:00:00+02:00,15.255
2022-05-08T01:00:00+02:00,15.241
2022-05-08T13:00:00+02:00,15.231
2022-05-09T01:00:00+02:00,15.222
2022-05-09T13:00:00+02:00,15.225
2022-05-10T01:00:00+02:00,15.232
2022-05-10T13:00:00+02:00,15.242
2022-05-11T01:00:00+02:00,15.244
2022-05-11T13:00:00+02:00,15.24
2022-05-12T01:00:00+02:00,15.212
2022-05-12T13:00:00+02:00,15.197
2022-05-13T01:00:00+02:00,15.187
2022-05-13T13:00:00+02:00,15.171
2022-05-14T01:00:00+02:00,15.165
2022-05-14T13:00:00+02:00,15.158
2022-05-15T01:00:00+02:00,15.16
2022-05-15T13:00:00+02:00,15.161
2022-05-16T01:00:00+02:00,15.165
2022-05-16T13:00:00+02:00,15.149
2022-05-17T01:00:00+02:00,15.128
2022-05-17T13:00:00+02:00,15.134
2022-05-18T01:00:00+02:00,15.123
2022-05-18T13:00:00+02:00,15.114
2022-05-19T01:00:00+02:00,15.112
2022-05-19T13:00:00+02:00,15.075
2022-05-20T01:00:00+02:00,15.094
2022-05-20T13:00:00+02:00,15.115
2022-05-21T01:00:00+02:00,15.106
2022-05-21T13:00:00+02:00,15.093
2022-05-22T01:00:00+02:00,15.101
2022-05-22T13:00:00+02:00,15.117
2022-05-23T01:00:00+02:00,15.132
2022-05-23T13:00:00+02:00,15.153
2022-05-24T01:00:00+02:00,15.13
2022-05-24T13:00:00+02:00,15.103
2022-05-25T01:00:00+02:00,15.082
2022-05-25T13:00:00+02:00,15.073
2022-05-26T01:00:00+02:00,15.057
2022-05-26T13:00:00+02:00,15.054
2022-05-27T01:00:00+02:00,15.052
2022-05-27T13:00:00+02:00,15.042
2022-05-28T01:00:00+02:00,15.043
2022-05-28T13:00:00+02:00,15.041
2022-05-29T01:00:00+02:00,15.042
2022-05-29T13:00:00+02:00,15.05
2022-05-30T01:00:00+02:00,15.052
2022-05-30T13:00:00+02:00,15.043
2022-05-31T01:00:00+02:00,15.037
2022-05-31T13:00:00+02:00,15.033
2022-06-01T01:00:00+02:00,15.028
2022-06-01T13:00:00+02:00,15.016
2022-06-02T01:00:00+02:00,14.998
2022-06-02T13:00:00+02:00,14.992
2022-06-03T01:00:00+02:00,14.992
2022-06-03T13:00:00+02:00,14.99
2022-06-04T01:00:00+02:00,14.984
2022-06-04T13:00:00+02:00,14.975
2022-06-05T01:00:00+02:00,14.973
2022-06-05T13:00:00+02:00,14.977
2022-06-06T01:00:00+02:00,15.078
2022-06-06T13:00:00+02:00,15.013
2022-06-07T01:00:00+02:00,15.016
2022-06-07T13:00:00+02:00,15.027
2022-06-08T01:00:00+02:00,15.038
2022-06-08T13:00:00+02:00,15.056
2022-06-09T01:00:00+02:00,15.09
2022-06-09T13:00:00+02:00,15.046
2022-06-11T01:00:00+02:00,15.046
2022-06-11T13:00:00+02:00,15.05
2022-06-12T01:00:00+02:00,15.042
2022-06-12T13:00:00+02:00,15.045
2022-06-13T01:00:00+02:00,15.048
2022-06-13T13:00:00+02:00,15.036
2022-06-15T01:00:00+02:00,15.038
2022-06-15T13:00:00+02:00,15.041
2022-06-16T01:00:00+02:00,15.02
2022-06-16T13:00:00+02:00,14.991
2022-06-17T01:00:00+02:00,14.977
2022-06-17T13:00:00+02:00,14.964
2022-06-18T01:00:00+02:00,14.963
2022-06-18T13:00:00+02:00,14.962
2022-06-19T01:00:00+02:00,14.974
2022-06-19T13:00:00+02:00,14.946
2022-06-20T01:00:00+02:00,14.946
2022-06-20T13:00:00+02:00,14.925
2022-06-21T01:00:00+02:00,14.918
2022-06-21T13:00:00+02:00,14.907
2022-06-22T01:00:00+02:00,14.911
2022-06-22T13:00:00+02:00,14.892
2022-06-23T01:00:00+02:00,14.891
2022-06-23T13:00:00+02:00,14.888
2022-06-24T01:00:00+02:00,14.86
2022-06-24T13:00:00+02:00,14.877
2022-06-25T01:00:00+02:00,14.877
2022-06-25T13:00:00+02:00,14.879
2022-06-26T01:00:00+02:00,14.874
2022-06-26T13:00:00+02:00,14.877
2022-06-27T01:00:00+02:00,14.877
2022-06-27T13:00:00+02:00,14.887
2022-06-28T01:00:00+02:00,14.922
2022-06-28T13:00:00+02:00,14.896
2022-06-29T01:00:00+02:00,14.896
2022-06-29T13:00:00+02:00,14.908
2022-06-30T01:00:00+02:00,14.888
2022-06-30T13:00:00+02:00,14.877
2022-07-01T01:00:00+02:00,14.948
2022-07-01T13:00:00+02:00,14.852
2022-07-02T01:00:00+02:00,14.847
2022-07-02T13:00:00+02:00,14.864
2022-07-03T01:00:00+02:00,14.863
2022-07-03T13:00:00+02:00,14.872
2022-07-04T01:00:00+02:00,14.851
2022-07-04T13:00:00+02:00,14.849
2022-07-05T01:00:00+02:00,14.841
2022-07-05T13:00:00+02:00,14.832
2022-07-06T01:00:00+02:00,14.817
2022-07-06T13:00:00+02:00,14.813
2022-07-07T01:00:00+02:00,14.822
2022-07-07T13:00:00+02:00,14.806
2022-07-08T01:00:00+02:00,14.796
2022-07-08T13:00:00+02:00,14.787
2022-07-09T01:00:00+02:00,14.786
2022-07-09T13:00:00+02:00,14.783
2022-07-10T01:00:00+02:00,14.776
2022-07-10T13:00:00+02:00,14.769
2022-07-11T01:00:00+02:00,14.764
2022-07-11T13:00:00+02:00,14.755
2022-07-12T01:00:00+02:00,14.759
2022-07-12T13:00:00+02:00,14.745
2022-07-13T01:00:00+02:00,14.733
2022-07-13T13:00:00+02:00,14.725
2022-07-14T01:00:00+02:00,14.702
2022-07-14T13:00:00+02:00,14.695
2022-07-15T01:00:00+02:00,14.676
2022-07-15T13:00:00+02:00,14.667
2022-07-16T01:00:00+02:00,14.654
2022-07-16T13:00:00+02:00,14.643
2022-07-17T01:00:00+02:00,14.629
2022-07-17T13:00:00+02:00,14.623
2022-07-18T01:00:00+02:00,14.615
2022-07-18T13:00:00+02:00,14.611
2022-07-19T01:00:00+02:00,14.595
2022-07-19T13:00:00+02:00,14.604
2022-07-20T01:00:00+02:00,14.58
2022-07-20T13:00:00+02:00,14.556
2022-07-21T01:00:00+02:00,14.547
2022-07-21T13:00:00+02:00,14.552
2022-07-22T01:00:00+02:00,14.574
2022-07-22T13:00:00+02:00,14.585
2022-07-23T01:00:00+02:00,14.583
2022-07-23T13:00:00+02:00,14.58
2022-07-24T01:00:00+02:00,14.565
2022-07-24T13:00:00+02:00,14.56
2022-07-25T01:00:00+02:00,14.556
2022-07-25T13:00:00+02:00,14.548
2022-07-26T01:00:00+02:00,14.53
2022-07-26T13:00:00+02:00,14.517
2022-07-27T01:00:00+02:00,14.521
2022-07-27T13:00:00+02:00,14.52
2022-07-28T01:00:00+02:00,14.515
2022-07-28T13:00:00+02:00,14.518
2022-07-29T01:00:00+02:00,14.503
2022-07-29T13:00:00+02:00,14.506
2022-07-30T01:00:00+02:00,14.485
2022-07-30T13:00:00+02:00,14.475
2022-07-31T01:00:00+02:00,14.464
2022-07-31T13:00:00+02:00,14.458
2022-08-01T01:00:00+02:00,14.454
2022-08-01T13:00:00+02:00,14.451
2022-08-02T01:00:00+02:00,14.44
2022-08-02T13:00:00+02:00,14.433
2022-08-03T01:00:00+02:00,14.414
2022-08-03T13:00:00+02:00,14.406
2022-08-04T01:00:00+02:00,14.39
2022-08-04T13:00:00+02:00,14.382
2022-08-05T01:00:00+02:00,14.372
2022-08-05T13:00:00+02:00,14.355
2022-08-06T01:00:00+02:00,14.344
2022-08-06T13:00:00+02:00,14.341
2022-08-07T01:00:00+02:00,14.332
2022-08-07T13:00:00+02:00,14.33
2022-08-08T01:00:00+02:00,14.327
2022-08-08T13:00:00+02:00,14.319
2022-08-09T01:00:00+02:00,14.301
2022-08-09T13:00:00+02:00,14.29
2022-08-10T01:00:00+02:00,14.285
2022-08-10T13:00:00+02:00,14.286
2022-08-11T01:00:00+02:00,14.276
2022-08-11T13:00:00+02:00,14.272
2022-08-12T01:00:00+02:00,14.255
2022-08-12T13:00:00+02:00,14.249
2022-08-13T01:00:00+02:00,14.231
2022-08-13T13:00:00+02:00,14.226
2022-08-14T01:00:00+02:00,14.214
2022-08-14T13:00:00+02:00,14.204
2022-08-15T01:00:00+02:00,14.196
2022-08-15T13:00:00+02:00,14.192
2022-08-16T01:00:00+02:00,14.19
2022-08-16T13:00:00+02:00,14.183
2022-08-17T01:00:00+02:00,14.175
2022-08-17T13:00:00+02:00,14.148
2022-08-19T01:00:00+02:00,14.203
2022-08-19T13:00:00+02:00,14.206
2022-08-20T01:00:00+02:00,14.208
2022-08-20T13:00:00+02:00,14.212
2022-08-21T01:00:00+02:00,14.207
2022-08-21T13:00:00+02:00,14.203
2022-08-22T01:00:00+02:00,14.198
2022-08-22T13:00:00+02:00,14.205
2022-08-23T01:00:00+02:00,14.194
2022-08-23T13:00:00+02:00,14.189
2022-08-24T01:00:00+02:00,14.162
2022-08-24T13:00:00+02:00,14.148
2022-08-25T01:00:00+02:00,14.133
2022-08-25T13:00:00+02:00,14.132
2022-08-26T01:00:00+02:00,14.11
2022-08-26T13:00:00+02:00,14.104
2022-08-27T01:00:00+02:00,14.106
2022-08-27T13:00:00+02:00,14.117
2022-08-29T01:00:00+02:00,14.084
2022-08-29T13:00:00+02:00,14.084
2022-08-30T01:00:00+02:00,14.077
2022-08-30T13:00:00+02:00,14.079
2022-08-31T01:00:00+02:00,14.066
2022-08-31T13:00:00+02:00,14.056
2022-09-01T01:00:00+02:00,14.045
2022-09-01T13:00:00+02:00,14.044
2022-09-02T01:00:00+02:00,14.05
2022-09-02T13:00:00+02:00,14.054
2022-09-03T01:00:00+02:00,14.049
2022-09-03T13:00:00+02:00,14.049
2022-09-04T01:00:00+02:00,14.043
2022-09-04T13:00:00+02:00,14.047
2022-09-05T01:00:00+02:00,14.049
2022-09-05T13:00:00+02:00,14.049
2022-09-06T01:00:00+02:00,14.048
2022-09-06T13:00:00+02:00,14.044
2022-09-07T01:00:00+02:00,14.044
2022-09-07T13:00:00+02:00,14.049
2022-09-08T01:00:00+02:00,14.048
2022-09-08T13:00:00+02:00,14.047
2022-09-09T01:00:00+02:00,14.048
2022-09-09T13:00:00+02:00,14.047
2022-09-10T01:00:00+02:00,14.042
2022-09-10T13:00:00+02:00,14.04
2022-09-11T01:00:00+02:00,14.053
2022-09-11T13:00:00+02:00,14.074
2022-09-12T01:00:00+02:00,14.081
2022-09-12T13:00:00+02:00,14.096
2022-09-14T01:00:00+02:00,14.101
2022-09-14T13:00:00+02:00,14.106
2022-09-15T01:00:00+02:00,14.115
2022-09-15T13:00:00+02:00,14.121
2022-09-16T01:00:00+02:00,14.124
2022-09-16T13:00:00+02:00,14.124
2022-09-17T01:00:00+02:00,14.132
2022-09-17T13:00:00+02:00,14.135
2022-09-18T01:00:00+02:00,14.134
2022-09-18T13:00:00+02:00,14.129
2022-09-19T01:00:00+02:00,14.177
2022-09-19T13:00:00+02:00,14.164
2022-09-20T01:00:00+02:00,14.157
2022-09-20T13:00:00+02:00,14.156
2022-09-21T01:00:00+02:00,14.159
2022-09-21T13:00:00+02:00,14.166
2022-09-22T01:00:00+02:00,14.165
2022-09-22T13:00:00+02:00,14.176
2022-09-23T01:00:00+02:00,14.176
2022-09-23T13:00:00+02:00,14.183
2022-09-24T01:00:00+02:00,14.185
2022-09-24T13:00:00+02:00,14.188
2022-09-25T01:00:00+02:00,14.196
2022-09-25T13:00:00+02:00,14.2
2022-09-26T01:00:00+02:00,14.207
2022-09-26T13:00:00+02:00,14.22
2022-09-27T01:00:00+02:00,14.225
2022-09-27T13:00:00+02:00,14.234
2022-09-28T01:00:00+02:00,14.305
2022-09-28T13:00:00+02:00,14.267
2022-09-29T01:00:00+02:00,14.249
2022-09-29T13:00:00+02:00,14.242
2022-09-30T01:00:00+02:00,14.232
2022-09-30T13:00:00+02:00,14.233
2022-10-01T01:00:00+02:00,14.257
2022-10-01T13:00:00+02:00,14.237
2022-10-02T01:00:00+02:00,14.237
2022-10-02T13:00:00+02:00,14.236
2022-10-03T01:00:00+02:00,14.238
2022-10-03T13:00:00+02:00,14.241
2022-10-04T01:00:00+02:00,14.247
2022-10-04T13:00:00+02:00,14.27
2022-10-05T01:00:00+02:00,14.269
2022-10-05T13:00:00+02:00,14.284
2022-10-06T01:00:00+02:00,14.263
2022-10-06T13:00:00+02:00,14.259
2022-10-07T01:00:00+02:00,14.259
2022-10-07T13:00:00+02:00,14.276
2022-10-08T01:00:00+02:00,14.276
2022-10-08T13:00:00+02:00,14.273
2022-10-09T01:00:00+02:00,14.27
2022-10-09T13:00:00+02:00,14.281
2022-10-10T01:00:00+02:00,14.281
2022-10-10T13:00:00+02:00,14.283
2022-10-11T01:00:00+02:00,14.275
2022-10-11T13:00:00+02:00,14.274
2022-10-12T01:00:00+02:00,14.265
2022-10-12T13:00:00+02:00,14.278
2022-10-13T01:00:00+02:00,14.278
2022-10-13T13:00:00+02:00,14.287
2022-10-14T01:00:00+02:00,14.293
2022-10-14T13:00:00+02:00,14.303
2022-10-15T01:00:00+02:00,14.309
2022-10-15T13:00:00+02:00,14.309
2022-10-16T01:00:00+02:00,14.297
2022-10-16T13:00:00+02:00,14.288
2022-10-17T01:00:00+02:00,14.282
2022-10-17T13:00:00+02:00,14.269
2022-10-18T01:00:00+02:00,14.276
2022-10-18T13:00:00+02:00,14.275
2022-10-19T01:00:00+02:00,14.267
2022-10-19T13:00:00+02:00,14.287
2022-10-20T01:00:00+02:00,14.286
2022-10-20T13:00:00+02:00,14.301
2022-10-21T01:00:00+02:00,14.306
2022-10-21T13:00:00+02:00,14.32
2022-10-22T01:00:00+02:00,14.311
2022-10-22T13:00:00+02:00,14.308
2022-10-23T01:00:00+02:00,14.306
2022-10-23T13:00:00+02:00,14.315
2022-10-24T01:00:00+02:00,14.321
2022-10-24T13:00:00+02:00,14.319
2022-10-25T01:00:00+02:00,14.304
2022-10-25T13:00:00+02:00,14.305
2022-10-26T01:00:00+02:00,14.311
2022-10-26T13:00:00+02:00,14.307
2022-10-27T01:00:00+02:00,14.295
2022-10-27T13:00:00+02:00,14.307
2022-10-28T01:00:00+02:00,14.306
2022-10-28T13:00:00+02:00,14.309
2022-10-29T01:00:00+02:00,14.312
2022-10-29T13:00:00+02:00,14.315
2022-10-30T01:00:00+02:00,14.313
2022-10-30T12:00:00+01:00,14.317
2022-10-31T00:00:00+01:00,14.307
2022-10-31T12:00:00+01:00,14.324
2022-11-01T00:00:00+01:00,14.326
2022-11-01T12:00:00+01:00,14.316
2022-11-02T00:00:00+01:00,14.31
2022-11-02T12:00:00+01:00,14.297
2022-11-03T00:00:00+01:00,14.298
2022-11-03T12:00:00+01:00,14.32
2022-11-04T00:00:00+01:00,14.309
2022-11-04T12:00:00+01:00,14.308
2022-11-05T00:00:00+01:00,14.294
2022-11-05T12:00:00+01:00,14.288
2022-11-06T00:00:00+01:00,14.291
2022-11-06T12:00:00+01:00,14.302
2022-11-07T00:00:00+01:00,14.301
2022-11-07T12:00:00+01:00,14.311
2022-11-08T00:00:00+01:00,14.312
2022-11-08T12:00:00+01:00,14.319
2022-11-09T00:00:00+01:00,14.311
2022-11-09T12:00:00+01:00,14.305
2022-11-10T00:00:00+01:00,14.283
2022-11-10T12:00:00+01:00,14.276
2022-11-11T00:00:00+01:00,14.268
2022-11-11T12:00:00+01:00,14.269
2022-11-12T00:00:00+01:00,14.265
2022-11-12T12:00:00+01:00,14.273
2022-11-13T00:00:00+01:00,14.278
2022-11-13T12:00:00+01:00,14.289
2022-11-14T00:00:00+01:00,14.298
2022-11-14T12:00:00+01:00,14.304
2022-11-15T00:00:00+01:00,14.305
2022-11-15T12:00:00+01:00,14.314
2022-11-16T00:00:00+01:00,14.312
2022-11-16T12:00:00+01:00,14.321
2022-11-17T00:00:00+01:00,14.351
2022-11-17T12:00:00+01:00,14.329
2022-11-18T00:00:00+01:00,14.326
2022-11-18T12:00:00+01:00,14.317
2022-11-19T00:00:00+01:00,14.307
2022-11-19T12:00:00+01:00,14.307
2022-11-20T00:00:00+01:00,14.304
2022-11-20T12:00:00+01:00,14.308
2022-11-21T00:00:00+01:00,14.312
2022-11-21T12:00:00+01:00,14.341
2022-11-22T00:00:00+01:00,14.346
2022-11-22T12:00:00+01:00,14.357
2022-11-23T00:00:00+01:00,14.347
2022-11-23T12:00:00+01:00,14.359
2022-11-24T00:00:00+01:00,14.343
2022-11-24T12:00:00+01:00,14.34
2022-11-25T00:00:00+01:00,14.341
2022-11-25T12:00:00+01:00,14.333
2022-11-26T00:00:00+01:00,14.324
2022-11-26T12:00:00+01:00,14.326
2022-11-27T00:00:00+01:00,14.332
2022-11-27T12:00:00+01:00,14.355
2022-11-28T00:00:00+01:00,14.37
2022-11-28T12:00:00+01:00,14.374
2022-11-29T00:00:00+01:00,14.369
2022-11-29T12:00:00+01:00,14.365
2022-11-30T00:00:00+01:00,14.363
2022-11-30T12:00:00+01:00,14.368
2022-12-01T00:00:00+01:00,14.371
2022-12-01T12:00:00+01:00,14.37
2022-12-02T00:00:00+01:00,14.38
2022-12-02T12:00:00+01:00,14.384
2022-12-03T00:00:00+01:00,14.388
2022-12-03T12:00:00+01:00,14.392
2022-12-04T00:00:00+01:00,14.401
2022-12-04T12:00:00+01:00,14.402
2022-12-05T00:00:00+01:00,14.399
2022-12-05T12:00:00+01:00,14.401
2022-12-06T00:00:00+01:00,14.396
2022-12-06T12:00:00+01:00,14.405
2022-12-07T00:00:00+01:00,14.405
2022-12-07T12:00:00+01:00,14.415
2022-12-08T00:00:00+01:00,14.419
2022-12-08T12:00:00+01:00,14.432
2022-12-09T00:00:00+01:00,14.43
2022-12-09T12:00:00+01:00,14.434
2022-12-10T00:00:00+01:00,14.423
2022-12-10T12:00:00+01:00,14.426
2022-12-11T00:00:00+01:00,14.419
2022-12-11T12:00:00+01:00,14.426
2022-12-12T00:00:00+01:00,14.426
2022-12-12T12:00:00+01:00,14.425
2022-12-13T00:00:00+01:00,14.425
2022-12-13T12:00:00+01:00,14.429
2022-12-14T00:00:00+01:00,14.435
2022-12-14T12:00:00+01:00,14.436
2022-12-15T00:00:00+01:00,14.418
2022-12-15T12:00:00+01:00,14.413
2022-12-16T00:00:00+01:00,14.407
2022-12-16T12:00:00+01:00,14.401
2022-12-17T00:00:00+01:00,14.384
2022-12-17T12:00:00+01:00,14.382
2022-12-18T00:00:00+01:00,14.374
2022-12-18T12:00:00+01:00,14.391
2022-12-19T00:00:00+01:00,14.408
2022-12-19T12:00:00+01:00,14.422
2022-12-20T00:00:00+01:00,14.432
2022-12-20T12:00:00+01:00,14.444
2022-12-21T00:00:00+01:00,14.529
2022-12-21T12:00:00+01:00,14.485
2022-12-22T00:00:00+01:00,14.502
2022-12-22T12:00:00+01:00,14.551
2022-12-23T00:00:00+01:00,14.599
2022-12-23T12:00:00+01:00,14.57
2022-12-24T00:00:00+01:00,14.767
2022-12-24T12:00:00+01:00,14.554
2022-12-25T00:00:00+01:00,14.537
2022-12-25T12:00:00+01:00,14.568
2022-12-26T00:00:00+01:00,14.707
2022-12-26T12:00:00+01:00,14.614
2022-12-27T00:00:00+01:00,14.586
2022-12-27T12:00:00+01:00,14.591
2022-12-28T00:00:00+01:00,14.623
2022-12-28T12:00:00+01:00,14.645
2022-12-29T00:00:00+01:00,14.669
2022-12-29T12:00:00+01:00,14.68
2022-12-30T00:00:00+01:00,14.669
2022-12-30T12:00:00+01:00,14.693
2022-12-31T00:00:00+01:00,14.686
2022-12-31T12:00:00+01:00,14.954
2023-01-01T00:00:00+01:00,14.767
2023-01-01T12:00:00+01:00,14.755
2023-01-02T00:00:00+01:00,14.785
2023-01-02T12:00:00+01:00,14.849
2023-01-03T00:00:00+01:00,14.783
2023-01-03T12:00:00+01:00,14.794
2023-01-04T00:00:00+01:00,14.828
2023-01-04T12:00:00+01:00,14.852
2023-01-05T00:00:00+01:00,14.917
2023-01-05T12:00:00+01:00,14.875
2023-01-06T00:00:00+01:00,14.889
2023-01-06T12:00:00+01:00,14.909
2023-01-07T00:00:00+01:00,14.913
2023-01-07T12:00:00+01:00,14.948
2023-01-08T00:00:00+01:00,14.957
2023-01-08T12:00:00+01:00,14.97
2023-01-09T00:00:00+01:00,14.984
2023-01-09T12:00:00+01:00,14.968
2023-01-10T00:00:00+01:00,14.928
2023-01-10T12:00:00+01:00,14.935
2023-01-11T00:00:00+01:00,14.972
2023-01-11T12:00:00+01:00,15.016
2023-01-12T00:00:00+01:00,15.02
2023-01-12T12:00:00+01:00,15.074
2023-01-13T00:00:00+01:00,15.123
2023-01-13T12:00:00+01:00,15.155
2023-01-14T00:00:00+01:00,15.193
2023-01-14T12:00:00+01:00,15.276
2023-01-15T00:00:00+01:00,15.301
2023-01-15T12:00:00+01:00,15.333
2023-01-16T00:00:00+01:00,15.381
2023-01-16T12:00:00+01:00,15.459
2023-01-17T00:00:00+01:00,15.437
2023-01-17T12:00:00+01:00,15.456
2023-01-18T00:00:00+01:00,15.452
2023-01-18T12:00:00+01:00,15.447
2023-01-19T00:00:00+01:00,15.434
2023-01-19T12:00:00+01:00,15.463
2023-01-20T00:00:00+01:00,15.499
2023-01-20T12:00:00+01:00,15.516
2023-01-21T00:00:00+01:00,15.53
2023-01-21T12:00:00+01:00,15.474
2023-01-22T00:00:00+01:00,15.469
2023-01-22T12:00:00+01:00,15.487
2023-01-23T00:00:00+01:00,15.511
2023-01-23T12:00:00+01:00,15.536
2023-01-24T00:00:00+01:00,15.552
2023-01-24T12:00:00+01:00,15.559
2023-01-25T00:00:00+01:00,15.56
2023-01-25T12:00:00+01:00,15.575
2023-01-26T00:00:00+01:00,15.588
2023-01-26T12:00:00+01:00,15.586
2023-01-27T00:00:00+01:00,15.581
2023-01-27T12:00:00+01:00,15.577
2023-01-28T00:00:00+01:00,15.565
2023-01-28T12:00:00+01:00,15.559
2023-01-29T00:00:00+01:00,15.558
2023-01-29T12:00:00+01:00,15.575
2023-01-30T00:00:00+01:00,15.597
2023-01-30T12:00:00+01:00,15.589
2023-01-31T00:00:00+01:00,15.558
2023-01-31T12:00:00+01:00,15.564
2023-02-01T00:00:00+01:00,15.56
2023-02-01T12:00:00+01:00,15.566
2023-02-02T00:00:00+01:00,15.544
2023-02-02T12:00:00+01:00,15.535
2023-02-03T00:00:00+01:00,15.527
2023-02-03T12:00:00+01:00,15.523
2023-02-04T00:00:00+01:00,15.497
2023-02-04T12:00:00+01:00,15.486
2023-02-05T00:00:00+01:00,15.487
2023-02-05T12:00:00+01:00,15.488
2023-02-06T00:00:00+01:00,15.475
2023-02-06T12:00:00+01:00,15.487
2023-02-07T00:00:00+01:00,15.494
2023-02-07T12:00:00+01:00,15.494
2023-02-08T00:00:00+01:00,15.492
2023-02-08T12:00:00+01:00,15.499
2023-02-09T00:00:00+01:00,15.508
2023-02-09T12:00:00+01:00,15.501
2023-02-10T00:00:00+01:00,15.476
2023-02-10T12:00:00+01:00,15.47
2023-02-11T00:00:00+01:00,15.477
2023-02-11T12:00:00+01:00,15.468
2023-02-12T00:00:00+01:00,15.456
2023-02-12T12:00:00+01:00,15.455
2023-02-13T00:00:00+01:00,15.458
2023-02-13T12:00:00+01:00,15.458
2023-02-14T00:00:00+01:00,15.46
2023-02-14T12:00:00+01:00,15.462
2023-02-15T00:00:00+01:00,15.466
2023-02-15T12:00:00+01:00,15.476
2023-02-16T00:00:00+01:00,15.463
2023-02-16T12:00:00+01:00,15.463
2023-02-17T00:00:00+01:00,15.459
2023-02-17T12:00:00+01:00,15.464
2023-02-18T00:00:00+01:00,15.439
2023-02-18T12:00:00+01:00,15.444
2023-02-19T00:00:00+01:00,15.44
2023-02-19T12:00:00+01:00,15.418
2023-02-20T00:00:00+01:00,15.403
2023-02-20T12:00:00+01:00,15.409
2023-02-21T00:00:00+01:00,15.409
2023-02-21T12:00:00+01:00,15.419
2023-02-22T00:00:00+01:00,15.421
2023-02-22T12:00:00+01:00,15.434
2023-02-23T00:00:00+01:00,15.421
2023-02-23T12:00:00+01:00,15.403
2023-02-24T00:00:00+01:00,15.393
2023-02-24T12:00:00+01:00,15.408
2023-02-25T00:00:00+01:00,15.4
2023-02-25T12:00:00+01:00,15.381
2023-02-26T00:00:00+01:00,15.347
2023-02-26T12:00:00+01:00,15.321
2023-02-27T00:00:00+01:00,15.305
2023-02-27T12:00:00+01:00,15.309
2023-02-28T00:00:00+01:00,15.302
2023-02-28T12:00:00+01:00,15.31
2023-03-01T00:00:00+01:00,15.308
2023-03-01T12:00:00+01:00,15.32
2023-03-02T00:00:00+01:00,15.332
2023-03-02T12:00:00+01:00,15.331
2023-03-03T00:00:00+01:00,15.321
2023-03-03T12:00:00+01:00,15.309
2023-03-04T00:00:00+01:00,15.301
2023-03-04T12:00:00+01:00,15.305
2023-03-05T00:00:00+01:00,15.311
2023-03-05T12:00:00+01:00,15.331
2023-03-06T00:00:00+01:00,15.351
2023-03-06T12:00:00+01:00,15.355
2023-03-07T00:00:00+01:00,15.362
2023-03-07T12:00:00+01:00,15.372
2023-03-08T00:00:00+01:00,15.399
2023-03-08T12:00:00+01:00,15.422
2023-03-08T18:00:00+01:00,15.624
2023-03-10T06:00:00+01:00,15.809
2023-03-10T18:00:00+01:00,15.917
2023-03-11T06:00:00+01:00,15.959
2023-03-11T18:00:00+01:00,15.967
2023-03-12T06:00:00+01:00,16.072
2023-03-12T18:00:00+01:00,16.107
2023-03-13T06:00:00+01:00,16.231
2023-03-13T18:00:00+01:00,16.184
2023-03-14T06:00:00+01:00,16.109
2023-03-14T18:00:00+01:00,16.032
2023-03-15T06:00:00+01:00,15.948
2023-03-15T18:00:00+01:00,15.932
2023-03-17T06:00:00+01:00,15.845
2023-03-17T18:00:00+01:00,15.895
2023-03-18T06:00:00+01:00,15.964
2023-03-18T18:00:00+01:00,15.92
2023-03-19T06:00:00+01:00,15.827
2023-03-19T18:00:00+01:00,15.802
2023-03-20T06:00:00+01:00,15.796
2023-03-20T18:00:00+01:00,15.801
2023-03-21T06:00:00+01:00,15.82
2023-03-21T18:00:00+01:00,15.836
2023-03-22T06:00:00+01:00,15.842
2023-03-22T18:00:00+01:00,15.84
2023-03-23T06:00:00+01:00,15.856
2023-03-23T18:00:00+01:00,16.046
2023-03-24T06:00:00+01:00,16.023
2023-03-24T18:00:00+01:00,16.018
2023-03-25T06:00:00+01:00,15.873
2023-03-25T18:00:00+01:00,15.864
2023-03-26T07:00:00+02:00,15.983
2023-03-26T19:00:00+02:00,16.208
2023-03-27T07:00:00+02:00,16.172
2023-03-27T19:00:00+02:00,16.085
2023-03-28T07:00:00+02:00,15.921
2023-03-28T19:00:00+02:00,15.984
2023-03-29T07:00:00+02:00,16.008
2023-03-29T19:00:00+02:00,16.026
2023-03-30T07:00:00+02:00,16.076
2023-03-30T19:00:00+02:00,16.139
2023-03-31T07:00:00+02:00,16.243
2023-03-31T19:00:00+02:00,16.343
2023-04-01T07:00:00+02:00,16.361
2023-04-01T19:00:00+02:00,16.376
2023-04-02T07:00:00+02:00,16.395
2023-04-02T19:00:00+02:00,16.395
2023-04-03T07:00:00+02:00,16.396
2023-04-03T19:00:00+02:00,16.388
2023-04-04T07:00:00+02:00,16.36
2023-04-04T19:00:00+02:00,16.341
2023-04-06T07:00:00+02:00,16.311
2023-04-06T19:00:00+02:00,16.411
2023-04-07T07:00:00+02:00,16.396
2023-04-07T19:00:00+02:00,16.362
2023-04-08T07:00:00+02:00,16.306
2023-04-08T19:00:00+02:00,16.303
2023-04-09T07:00:00+02:00,16.221
2023-04-09T19:00:00+02:00,16.234
2023-04-10T07:00:00+02:00,16.221
2023-04-10T19:00:00+02:00,16.245
2023-04-11T07:00:00+02:00,16.252
2023-04-11T19:00:00+02:00,16.217
2023-04-12T07:00:00+02:00,16.329
2023-04-12T19:00:00+02:00,16.359
2023-04-13T07:00:00+02:00,16.337
2023-04-13T19:00:00+02:00,16.297
2023-04-14T07:00:00+02:00,16.254
2023-04-14T19:00:00+02:00,16.283
2023-04-15T07:00:00+02:00,16.25
2023-04-15T19:00:00+02:00,16.21
2023-04-16T07:00:00+02:00,16.189
2023-04-16T19:00:00+02:00,16.18
2023-04-17T07:00:00+02:00,16.171
2023-04-17T19:00:00+02:00,16.176
2023-04-18T07:00:00+02:00,16.165
2023-04-18T19:00:00+02:00,16.162
2023-04-19T07:00:00+02:00,16.15
2023-04-19T19:00:00+02:00,16.158
2023-04-20T07:00:00+02:00,16.156
2023-04-20T19:00:00+02:00,16.152
2023-04-21T07:00:00+02:00,16.15
2023-04-21T19:00:00+02:00,16.154
2023-04-22T07:00:00+02:00,16.15
2023-04-22T19:00:00+02:00,16.157
2023-04-23T07:00:00+02:00,16.136
2023-04-23T19:00:00+02:00,16.186
2023-04-24T07:00:00+02:00,16.222
2023-04-24T19:00:00+02:00,16.265
2023-04-25T07:00:00+02:00,16.242
2023-04-25T19:00:00+02:00,16.231
2023-04-26T07:00:00+02:00,16.21
2023-04-26T19:00:00+02:00,16.214
2023-04-27T07:00:00+02:00,16.21
2023-04-27T19:00:00+02:00,16.227
2023-04-28T07:00:00+02:00,16.247
2023-04-28T19:00:00+02:00,16.233
2023-04-29T07:00:00+02:00,16.201
2023-04-29T19:00:00+02:00,16.181
2023-04-30T07:00:00+02:00,16.166
2023-04-30T19:00:00+02:00,16.176
2023-05-01T07:00:00+02:00,16.185
2023-05-01T19:00:00+02:00,16.173
2023-05-02T07:00:00+02:00,16.131
2023-05-02T19:00:00+02:00,16.102
2023-05-03T07:00:00+02:00,16.085
2023-05-03T19:00:00+02:00,16.101
2023-05-04T07:00:00+02:00,16.106
2023-05-04T19:00:00+02:00,16.122
2023-05-05T07:00:00+02:00,16.093
2023-05-05T19:00:00+02:00,16.08
2023-05-06T07:00:00+02:00,16.065
2023-05-06T19:00:00+02:00,16.06
2023-05-07T07:00:00+02:00,16.047
2023-05-07T19:00:00+02:00,16.027
2023-05-08T07:00:00+02:00,16.025
2023-05-08T19:00:00+02:00,16.034
2023-05-09T07:00:00+02:00,16.058
2023-05-09T19:00:00+02:00,16.09
2023-05-10T07:00:00+02:00,16.171
2023-05-10T19:00:00+02:00,16.288
2023-05-11T07:00:00+02:00,16.285
2023-05-11T19:00:00+02:00,16.304
2023-05-12T07:00:00+02:00,16.349
2023-05-12T19:00:00+02:00,16.319
2023-05-13T07:00:00+02:00,16.296
2023-05-13T19:00:00+02:00,16.335
2023-05-14T07:00:00+02:00,16.32
2023-05-14T19:00:00+02:00,16.322
2023-05-15T07:00:00+02:00,16.311
2023-05-15T19:00:00+02:00,16.295
2023-05-16T07:00:00+02:00,16.262
2023-05-16T19:00:00+02:00,16.235
2023-05-17T07:00:00+02:00,16.21
2023-05-17T19:00:00+02:00,16.195
2023-05-18T07:00:00+02:00,16.179
2023-05-18T19:00:00+02:00,16.176
2023-05-19T07:00:00+02:00,16.161
2023-05-19T19:00:00+02:00,16.156
2023-05-20T07:00:00+02:00,16.138
2023-05-20T19:00:00+02:00,16.131
2023-05-21T07:00:00+02:00,16.119
2023-05-21T19:00:00+02:00,16.109
2023-05-22T07:00:00+02:00,16.087
2023-05-22T19:00:00+02:00,16.07
2023-05-23T07:00:00+02:00,16.031
2023-05-23T19:00:00+02:00,16.004
2023-05-24T07:00:00+02:00,15.989
2023-05-24T19:00:00+02:00,15.981
2023-05-25T07:00:00+02:00,15.94
2023-05-25T19:00:00+02:00,15.934
2023-05-26T07:00:00+02:00,15.914
2023-05-26T19:00:00+02:00,15.91
2023-05-27T07:00:00+02:00,15.892
2023-05-27T19:00:00+02:00,15.91
2023-05-28T07:00:00+02:00,15.89
2023-05-28T19:00:00+02:00,15.881
2023-05-29T07:00:00+02:00,15.838
2023-05-29T19:00:00+02:00,15.828
2023-05-30T07:00:00+02:00,15.806
2023-05-30T19:00:00+02:00,15.804
2023-05-31T07:00:00+02:00,15.788
2023-05-31T19:00:00+02:00,15.794
2023-06-01T07:00:00+02:00,15.766
2023-06-01T19:00:00+02:00,15.759
2023-06-02T07:00:00+02:00,15.737
2023-06-02T19:00:00+02:00,15.717
2023-06-03T07:00:00+02:00,15.697
2023-06-03T19:00:00+02:00,15.689
2023-06-04T07:00:00+02:00,15.657
2023-06-04T19:00:00+02:00,15.652
2023-06-05T07:00:00+02:00,15.63
2023-06-05T19:00:00+02:00,15.628
2023-06-06T07:00:00+02:00,15.603
2023-06-06T19:00:00+02:00,15.597
2023-06-07T07:00:00+02:00,15.567
2023-06-07T19:00:00+02:00,15.571
2023-06-08T07:00:00+02:00,15.563
2023-06-08T19:00:00+02:00,15.567
2023-06-09T07:00:00+02:00,15.532
2023-06-09T19:00:00+02:00,15.525
2023-06-10T07:00:00+02:00,15.49
2023-06-10T19:00:00+02:00,15.477
2023-06-11T07:00:00+02:00,15.453
2023-06-11T19:00:00+02:00,15.45
2023-06-12T07:00:00+02:00,15.421
2023-06-12T19:00:00+02:00,15.421
2023-06-13T07:00:00+02:00,15.381
2023-06-13T19:00:00+02:00,15.378
2023-06-14T07:00:00+02:00,15.333
2023-06-14T19:00:00+02:00,15.32
2023-06-15T07:00:00+02:00,15.284
2023-06-15T19:00:00+02:00,15.287
2023-06-16T07:00:00+02:00,15.256
2023-06-16T19:00:00+02:00,15.259
2023-06-17T07:00:00+02:00,15.233
2023-06-17T19:00:00+02:00,15.241
2023-06-18T07:00:00+02:00,15.212
2023-06-18T19:00:00+02:00,15.235
2023-06-19T07:00:00+02:00,15.204
2023-06-19T19:00:00+02:00,15.2
2023-06-20T07:00:00+02:00,15.176
2023-06-20T19:00:00+02:00,15.188
2023-06-21T07:00:00+02:00,15.165
2023-06-21T19:00:00+02:00,15.156
2023-06-25T07:00:00+02:00,15.141
2023-06-25T19:00:00+02:00,15.163
2023-06-26T07:00:00+02:00,15.128
2023-06-26T19:00:00+02:00,15.117
2023-06-27T07:00:00+02:00,15.093
2023-06-27T19:00:00+02:00,15.109
2023-06-28T07:00:00+02:00,15.085
2023-06-28T19:00:00+02:00,15.106
2023-06-29T07:00:00+02:00,15.094
2023-06-29T19:00:00+02:00,15.107
2023-06-30T07:00:00+02:00,15.096
2023-06-30T19:00:00+02:00,15.097
2023-07-02T07:00:00+02:00,15.089
2023-07-02T19:00:00+02:00,15.063
2023-07-03T07:00:00+02:00,15.026
2023-07-03T19:00:00+02:00,15.028
2023-07-04T07:00:00+02:00,14.998
2023-07-04T19:00:00+02:00,14.998
2023-07-05T07:00:00+02:00,15.019
2023-07-05T19:00:00+02:00,14.989
2023-07-06T07:00:00+02:00,14.959
2023-07-06T19:00:00+02:00,14.958
2023-07-07T07:00:00+02:00,14.941
2023-07-07T19:00:00+02:00,14.949
2023-07-08T07:00:00+02:00,14.93
2023-07-08T19:00:00+02:00,14.927
2023-07-09T07:00:00+02:00,14.904
2023-07-09T19:00:00+02:00,14.896
2023-07-10T07:00:00+02:00,14.888
2023-07-10T19:00:00+02:00,14.892
2023-07-11T07:00:00+02:00,14.884
2023-07-11T19:00:00+02:00,14.897
2023-07-12T07:00:00+02:00,14.859
2023-07-12T19:00:00+02:00,14.861
2023-07-13T07:00:00+02:00,14.853
2023-07-13T19:00:00+02:00,14.851
2023-07-14T07:00:00+02:00,14.841
2023-07-14T19:00:00+02:00,14.872
2023-07-15T07:00:00+02:00,14.846
2023-07-15T19:00:00+02:00,14.841
2023-07-16T07:00:00+02:00,14.832
2023-07-16T19:00:00+02:00,14.815
2023-07-17T07:00:00+02:00,14.794
2023-07-17T19:00:00+02:00,14.794
2023-07-18T07:00:00+02:00,14.784
2023-07-18T19:00:00+02:00,14.799
2023-07-19T07:00:00+02:00,14.784
2023-07-19T19:00:00+02:00,14.782
2023-07-20T07:00:00+02:00,14.783
2023-07-20T19:00:00+02:00,14.78
2023-07-21T07:00:00+02:00,14.785
2023-07-21T19:00:00+02:00,14.773
2023-07-22T07:00:00+02:00,14.748
2023-07-22T19:00:00+02:00,14.751
2023-07-23T07:00:00+02:00,14.754
2023-07-23T19:00:00+02:00,14.771
2023-07-24T07:00:00+02:00,15.051
2023-07-24T19:00:00+02:00,14.824
2023-07-25T07:00:00+02:00,14.83
2023-07-25T19:00:00+02:00,14.822
2023-07-26T07:00:00+02:00,14.823
2023-07-26T19:00:00+02:00,14.828
2023-07-27T07:00:00+02:00,14.853
2023-07-27T19:00:00+02:00,14.877
2023-07-28T07:00:00+02:00,14.877
2023-07-28T19:00:00+02:00,14.888
2023-07-29T07:00:00+02:00,14.889
2023-07-29T19:00:00+02:00,14.908
2023-07-30T07:00:00+02:00,14.898
2023-07-30T19:00:00+02:00,14.891
2023-07-31T07:00:00+02:00,14.991
2023-07-31T19:00:00+02:00,15.057
2023-08-01T07:00:00+02:00,15.061
2023-08-01T19:00:00+02:00,15.063
2023-08-02T07:00:00+02:00,15.102
2023-08-02T19:00:00+02:00,15.173
2023-08-03T07:00:00+02:00,15.24
2023-08-03T19:00:00+02:00,15.218
2023-08-04T07:00:00+02:00,15.177
2023-08-04T19:00:00+02:00,15.177
2023-08-05T07:00:00+02:00,15.2
2023-08-05T19:00:00+02:00,15.238
2023-08-06T07:00:00+02:00,15.249
2023-08-06T19:00:00+02:00,15.324
2023-08-07T07:00:00+02:00,15.328
2023-08-07T19:00:00+02:00,15.306
2023-08-08T07:00:00+02:00,15.326
2023-08-08T19:00:00+02:00,15.337
2023-08-09T07:00:00+02:00,15.362
2023-08-09T19:00:00+02:00,15.346
2023-08-10T07:00:00+02:00,15.35
2023-08-10T19:00:00+02:00,15.364
2023-08-11T07:00:00+02:00,15.372
2023-08-11T19:00:00+02:00,15.37
2023-08-12T07:00:00+02:00,15.41
2023-08-12T19:00:00+02:00,15.392
2023-08-13T07:00:00+02:00,15.386
2023-08-13T19:00:00+02:00,15.397
2023-08-14T07:00:00+02:00,15.4
2023-08-14T19:00:00+02:00,15.412
2023-08-15T07:00:00+02:00,15.394
2023-08-15T19:00:00+02:00,15.381
2023-08-16T07:00:00+02:00,15.363
2023-08-16T19:00:00+02:00,15.361
2023-08-17T07:00:00+02:00,15.361
2023-08-17T19:00:00+02:00,15.367
2023-08-18T07:00:00+02:00,15.37
2023-08-18T19:00:00+02:00,15.38
2023-08-19T07:00:00+02:00,15.376
2023-08-19T19:00:00+02:00,15.341
2023-08-20T07:00:00+02:00,15.319
2023-08-20T19:00:00+02:00,15.308
2023-08-21T07:00:00+02:00,15.294
2023-08-21T19:00:00+02:00,15.293
2023-08-22T07:00:00+02:00,15.266
2023-08-22T19:00:00+02:00,15.273
2023-08-23T07:00:00+02:00,15.266
2023-08-23T19:00:00+02:00,15.261
2023-08-24T07:00:00+02:00,15.244
2023-08-24T19:00:00+02:00,15.272
2023-08-25T07:00:00+02:00,15.279
2023-08-25T19:00:00+02:00,15.274
2023-08-26T07:00:00+02:00,15.263
2023-08-26T19:00:00+02:00,15.252
2023-08-27T07:00:00+02:00,15.253
2023-08-27T19:00:00+02:00,15.247
2023-08-28T07:00:00+02:00,15.243
2023-08-28T19:00:00+02:00,15.241
2023-08-29T07:00:00+02:00,15.223
2023-08-29T19:00:00+02:00,15.245
2023-08-30T07:00:00+02:00,15.261
2023-08-30T19:00:00+02:00,15.255
2023-08-31T07:00:00+02:00,15.235
2023-08-31T19:00:00+02:00,15.226
2023-09-01T07:00:00+02:00,15.231
2023-09-01T19:00:00+02:00,15.224
2023-09-02T07:00:00+02:00,15.215
2023-09-02T19:00:00+02:00,15.211
2023-09-03T07:00:00+02:00,15.211
2023-09-03T19:00:00+02:00,15.22
2023-09-04T07:00:00+02:00,15.225
2023-09-04T19:00:00+02:00,15.249
2023-09-05T07:00:00+02:00,15.248
2023-09-05T19:00:00+02:00,15.25
2023-09-06T07:00:00+02:00,15.227
2023-09-06T19:00:00+02:00,15.221
2023-09-07T07:00:00+02:00,15.18
2023-09-07T19:00:00+02:00,15.196
2023-09-08T07:00:00+02:00,15.186
2023-09-08T19:00:00+02:00,15.184
2023-09-09T07:00:00+02:00,15.163
2023-09-09T19:00:00+02:00,15.154
2023-09-10T07:00:00+02:00,15.129
2023-09-10T19:00:00+02:00,15.139
2023-09-11T07:00:00+02:00,15.138
2023-09-11T19:00:00+02:00,15.134
2023-09-12T07:00:00+02:00,15.129
2023-09-12T13:00:00+02:00,15.133
2023-09-13T01:00:00+02:00,15.128
2023-09-13T13:00:00+02:00,15.106
2023-09-14T01:00:00+02:00,15.094
2023-09-14T13:00:00+02:00,15.099
2023-09-15T01:00:00+02:00,15.109
2023-09-15T13:00:00+02:00,15.12
2023-09-16T01:00:00+02:00,15.123
2023-09-16T13:00:00+02:00,15.124
2023-09-17T01:00:00+02:00,15.112
2023-09-17T13:00:00+02:00,15.115
2023-09-18T01:00:00+02:00,15.145
2023-09-18T13:00:00+02:00,15.148
2023-09-19T01:00:00+02:00,15.116
2023-09-19T13:00:00+02:00,15.114
2023-09-20T01:00:00+02:00,15.099
2023-09-20T13:00:00+02:00,15.106
2023-09-21T01:00:00+02:00,15.12
2023-09-21T13:00:00+02:00,15.122
2023-09-22T01:00:00+02:00,15.118
2023-09-22T13:00:00+02:00,15.101
2023-09-23T01:00:00+02:00,15.078
2023-09-23T13:00:00+02:00,15.062
2023-09-24T01:00:00+02:00,15.056
2023-09-24T13:00:00+02:00,15.074
2023-09-25T01:00:00+02:00,15.091
2023-09-25T13:00:00+02:00,15.098
2023-09-26T01:00:00+02:00,15.098
2023-09-26T13:00:00+02:00,15.11
2023-09-27T01:00:00+02:00,15.098
2023-09-27T13:00:00+02:00,15.122
2023-09-28T01:00:00+02:00,15.123
2023-09-28T13:00:00+02:00,15.109
2023-09-29T01:00:00+02:00,15.106
2023-09-29T13:00:00+02:00,15.105
2023-09-30T01:00:00+02:00,15.065
2023-09-30T13:00:00+02:00,15.066
2023-10-01T01:00:00+02:00,15.074
2023-10-01T13:00:00+02:00,15.082
2023-10-02T01:00:00+02:00,15.08
2023-10-02T13:00:00+02:00,15.093
2023-10-03T01:00:00+02:00,15.112
2023-10-03T13:00:00+02:00,15.082
2023-10-04T01:00:00+02:00,15.041
2023-10-04T13:00:00+02:00,15.037
2023-10-05T01:00:00+02:00,15.044
2023-10-05T13:00:00+02:00,15.042
2023-10-06T01:00:00+02:00,15.034
2023-10-06T13:00:00+02:00,15.042
2023-10-07T01:00:00+02:00,15.037
2023-10-07T13:00:00+02:00,15.036
2023-10-08T01:00:00+02:00,15.018
2023-10-08T13:00:00+02:00,15.017
2023-10-09T01:00:00+02:00,15.031
2023-10-09T13:00:00+02:00,15.033
2023-10-10T01:00:00+02:00,15.018
2023-10-10T13:00:00+02:00,15.028
2023-10-11T01:00:00+02:00,15.015
2023-10-11T13:00:00+02:00,15.017
2023-10-12T01:00:00+02:00,14.996
2023-10-12T13:00:00+02:00,14.997
2023-10-13T01:00:00+02:00,14.997
2023-10-13T13:00:00+02:00,15.041
2023-10-14T01:00:00+02:00,15.067
2023-10-14T13:00:00+02:00,14.998
2023-10-15T01:00:00+02:00,14.983
2023-10-15T13:00:00+02:00,14.983
2023-10-16T01:00:00+02:00,14.985
2023-10-16T13:00:00+02:00,15.006
2023-10-17T01:00:00+02:00,15.015
2023-10-17T13:00:00+02:00,15.03
2023-10-18T01:00:00+02:00,15.047
2023-10-18T13:00:00+02:00,15.08
2023-10-19T01:00:00+02:00,15.292
2023-10-19T13:00:00+02:00,15.121
2023-10-20T01:00:00+02:00,15.137
2023-10-20T13:00:00+02:00,15.295
2023-10-21T01:00:00+02:00,15.392
2023-10-21T13:00:00+02:00,15.294
2023-10-22T01:00:00+02:00,15.281
2023-10-22T13:00:00+02:00,15.273
2023-10-23T01:00:00+02:00,15.285
2023-10-23T13:00:00+02:00,15.322
2023-10-24T01:00:00+02:00,15.363
2023-10-24T13:00:00+02:00,15.387
2023-10-25T01:00:00+02:00,15.4
2023-10-25T13:00:00+02:00,15.448
2023-10-26T01:00:00+02:00,15.805
2023-10-26T13:00:00+02:00,15.566
2023-10-27T01:00:00+02:00,15.56
2023-10-27T13:00:00+02:00,15.856
2023-10-28T01:00:00+02:00,15.716
2023-10-28T13:00:00+02:00,15.682
2023-10-29T01:00:00+02:00,15.719
2023-10-29T12:00:00+01:00,15.702
2023-10-30T00:00:00+01:00,15.703
2023-10-30T12:00:00+01:00,15.7
2023-10-31T00:00:00+01:00,15.743
2023-10-31T12:00:00+01:00,15.75
2023-11-01T00:00:00+01:00,15.752
2023-11-01T12:00:00+01:00,15.782
2023-11-02T00:00:00+01:00,15.807
2023-11-02T12:00:00+01:00,15.874
2023-11-03T00:00:00+01:00,15.891
2023-11-03T12:00:00+01:00,15.872
2023-11-04T00:00:00+01:00,15.809
2023-11-04T12:00:00+01:00,15.855
2023-11-05T00:00:00+01:00,15.872
2023-11-05T12:00:00+01:00,15.89
2023-11-06T00:00:00+01:00,15.795
2023-11-06T12:00:00+01:00,15.761
2023-11-07T00:00:00+01:00,15.74
2023-11-07T12:00:00+01:00,15.749
2023-11-08T00:00:00+01:00,15.741
2023-11-08T12:00:00+01:00,15.763
2023-11-09T00:00:00+01:00,15.798
2023-11-09T12:00:00+01:00,15.836
2023-11-10T00:00:00+01:00,15.849
2023-11-10T12:00:00+01:00,15.87
2023-11-11T00:00:00+01:00,15.906
2023-11-11T12:00:00+01:00,15.889
2023-11-12T00:00:00+01:00,15.91
2023-11-12T12:00:00+01:00,15.919
2023-11-13T00:00:00+01:00,15.928
2023-11-13T12:00:00+01:00,16.011
2023-11-14T00:00:00+01:00,16.008
2023-11-14T12:00:00+01:00,16.012
2023-11-15T00:00:00+01:00,16.031
2023-11-15T12:00:00+01:00,16.07
2023-11-16T00:00:00+01:00,16.122
2023-11-16T12:00:00+01:00,16.197
2023-11-17T00:00:00+01:00,16.168
2023-11-17T12:00:00+01:00,16.178
2023-11-18T00:00:00+01:00,16.168
2023-11-18T12:00:00+01:00,16.213
2023-11-19T00:00:00+01:00,16.238
2023-11-19T12:00:00+01:00,16.265
2023-11-20T00:00:00+01:00,16.281
2023-11-20T12:00:00+01:00,16.302
2023-11-21T00:00:00+01:00,16.305
2023-11-21T12:00:00+01:00,16.296
2023-11-22T00:00:00+01:00,16.298
2023-11-22T12:00:00+01:00,16.301
2023-11-23T00:00:00+01:00,16.293
2023-11-23T12:00:00+01:00,16.298
2023-11-24T00:00:00+01:00,16.339
2023-11-24T12:00:00+01:00,16.335
2023-11-25T00:00:00+01:00,16.3
2023-11-25T12:00:00+01:00,16.335
2023-11-26T00:00:00+01:00,16.305
2023-11-26T12:00:00+01:00,16.299
2023-11-27T00:00:00+01:00,16.304
2023-11-27T12:00:00+01:00,16.37
2023-11-28T00:00:00+01:00,16.407
2023-11-28T12:00:00+01:00,16.431
2023-11-29T00:00:00+01:00,16.476
2023-11-29T12:00:00+01:00,16.512
2023-11-30T00:00:00+01:00,16.526
2023-11-30T12:00:00+01:00,16.534
2023-12-01T00:00:00+01:00,16.517
2023-12-01T12:00:00+01:00,16.522
2023-12-02T00:00:00+01:00,16.526
2023-12-02T12:00:00+01:00,16.533
2023-12-03T00:00:00+01:00,16.52
2023-12-03T12:00:00+01:00,16.53
2023-12-04T00:00:00+01:00,16.536
2023-12-04T12:00:00+01:00,16.541
2023-12-05T00:00:00+01:00,16.518
2023-12-05T12:00:00+01:00,16.51
2023-12-06T00:00:00+01:00,16.522
2023-12-06T12:00:00+01:00,16.525
2023-12-07T00:00:00+01:00,16.534
2023-12-07T12:00:00+01:00,16.56
2023-12-08T00:00:00+01:00,16.534
2023-12-08T12:00:00+01:00,16.519
2023-12-09T00:00:00+01:00,16.534
2023-12-09T12:00:00+01:00,16.572
2023-12-10T00:00:00+01:00,16.535
2023-12-10T12:00:00+01:00,16.554
2023-12-11T00:00:00+01:00,16.559
2023-12-11T12:00:00+01:00,16.541
2023-12-12T00:00:00+01:00,16.551
2023-12-12T12:00:00+01:00,16.57
2023-12-13T00:00:00+01:00,16.579
2023-12-13T12:00:00+01:00,16.577
2023-12-14T00:00:00+01:00,16.545
2023-12-14T12:00:00+01:00,16.556
2023-12-15T00:00:00+01:00,16.534
2023-12-15T12:00:00+01:00,16.527
2023-12-16T00:00:00+01:00,16.511
2023-12-16T12:00:00+01:00,16.47
2023-12-17T00:00:00+01:00,16.508
2023-12-17T12:00:00+01:00,16.503
2023-12-18T00:00:00+01:00,16.492
2023-12-18T12:00:00+01:00,16.486
2023-12-19T00:00:00+01:00,16.485
2023-12-19T12:00:00+01:00,16.538
2023-12-20T00:00:00+01:00,16.523
2023-12-20T12:00:00+01:00,16.556
2023-12-21T00:00:00+01:00,16.591
2023-12-21T12:00:00+01:00,16.636
2023-12-22T00:00:00+01:00,16.62
2023-12-22T12:00:00+01:00,16.653
2023-12-23T00:00:00+01:00,16.657
2023-12-23T12:00:00+01:00,16.702
2023-12-24T00:00:00+01:00,16.713
2023-12-24T12:00:00+01:00,16.745
2023-12-25T00:00:00+01:00,16.765
2023-12-25T12:00:00+01:00,16.788
2023-12-26T00:00:00+01:00,16.823
2023-12-26T12:00:00+01:00,16.84
2023-12-27T00:00:00+01:00,16.851
2023-12-27T12:00:00+01:00,16.875
2023-12-28T00:00:00+01:00,16.893
2023-12-28T12:00:00+01:00,16.896
2023-12-29T00:00:00+01:00,16.888
2023-12-29T12:00:00+01:00,16.885
2023-12-30T00:00:00+01:00,16.887
2023-12-30T12:00:00+01:00,16.906
2023-12-31T00:00:00+01:00,16.941
2023-12-31T12:00:00+01:00,16.945
2024-01-01T00:00:00+01:00,16.934
2024-01-01T12:00:00+01:00,16.933
2024-01-02T00:00:00+01:00,16.958
2024-01-02T12:00:00+01:00,16.948
2024-01-03T00:00:00+01:00,16.964
2024-01-03T12:00:00+01:00,16.962
2024-01-04T00:00:00+01:00,16.965
2024-01-04T12:00:00+01:00,16.971
2024-01-05T00:00:00+01:00,17.005
2024-01-05T12:00:00+01:00,17.003
2024-01-06T00:00:00+01:00,16.964
2024-01-06T12:00:00+01:00,16.965
2024-01-07T00:00:00+01:00,16.968
2024-01-07T12:00:00+01:00,16.973
2024-01-08T00:00:00+01:00,16.956
2024-01-08T12:00:00+01:00,16.998
2024-01-09T00:00:00+01:00,16.978
2024-01-09T12:00:00+01:00,16.91
2024-01-10T00:00:00+01:00,16.901
2024-01-10T12:00:00+01:00,16.913
2024-01-11T00:00:00+01:00,16.897
2024-01-11T12:00:00+01:00,16.889
2024-01-12T00:00:00+01:00,16.881
2024-01-12T12:00:00+01:00,16.986
2024-01-13T00:00:00+01:00,16.996
2024-01-13T12:00:00+01:00,16.945
2024-01-14T00:00:00+01:00,16.894
2024-01-14T12:00:00+01:00,16.806
2024-01-15T00:00:00+01:00,16.851
2024-01-15T12:00:00+01:00,16.891
2024-01-16T00:00:00+01:00,16.811
2024-01-16T12:00:00+01:00,16.787
2024-01-17T00:00:00+01:00,16.817
2024-01-17T12:00:00+01:00,16.805
2024-01-18T00:00:00+01:00,16.758
2024-01-18T12:00:00+01:00,16.71
2024-01-19T00:00:00+01:00,16.631
2024-01-19T12:00:00+01:00,16.602
2024-01-20T00:00:00+01:00,16.573
2024-01-20T12:00:00+01:00,16.572
2024-01-21T00:00:00+01:00,16.584
2024-01-21T12:00:00+01:00,16.608
2024-01-22T00:00:00+01:00,16.667
2024-01-22T12:00:00+01:00,16.693
2024-01-23T00:00:00+01:00,16.681
2024-01-23T12:00:00+01:00,16.665
2024-01-24T00:00:00+01:00,16.731
2024-01-24T12:00:00+01:00,16.691
2024-01-25T00:00:00+01:00,16.667
2024-01-25T12:00:00+01:00,16.665
2024-01-26T00:00:00+01:00,16.693
2024-01-26T12:00:00+01:00,16.732
2024-01-27T00:00:00+01:00,16.688
2024-01-27T12:00:00+01:00,16.649
2024-01-28T00:00:00+01:00,16.669
2024-01-28T12:00:00+01:00,16.674
2024-01-29T00:00:00+01:00,16.668
2024-01-29T12:00:00+01:00,16.649
2024-01-30T00:00:00+01:00,16.636
2024-01-30T12:00:00+01:00,16.625
2024-01-31T00:00:00+01:00,16.586
2024-01-31T12:00:00+01:00,16.59
2024-02-01T00:00:00+01:00,16.606
2024-02-01T12:00:00+01:00,16.659
2024-02-02T00:00:00+01:00,16.621
2024-02-02T12:00:00+01:00,16.597
2024-02-03T00:00:00+01:00,16.587
2024-02-03T12:00:00+01:00,16.585
2024-02-04T00:00:00+01:00,16.697
2024-02-04T12:00:00+01:00,16.703
2024-02-05T00:00:00+01:00,16.69
2024-02-05T12:00:00+01:00,16.714
2024-02-06T00:00:00+01:00,16.709
2024-02-06T12:00:00+01:00,16.733
2024-02-07T00:00:00+01:00,16.751
2024-02-07T12:00:00+01:00,16.787
2024-02-08T00:00:00+01:00,16.829
2024-02-08T12:00:00+01:00,16.861
2024-02-09T00:00:00+01:00,16.927
2024-02-09T12:00:00+01:00,16.977
2024-02-10T00:00:00+01:00,16.961
2024-02-10T12:00:00+01:00,16.959
2024-02-11T00:00:00+01:00,16.957
2024-02-11T12:00:00+01:00,16.95
2024-02-12T00:00:00+01:00,16.942
2024-02-12T12:00:00+01:00,16.94
2024-02-13T00:00:00+01:00,16.914
2024-02-13T12:00:00+01:00,16.913
2024-02-14T00:00:00+01:00,16.944
2024-02-14T12:00:00+01:00,16.933
2024-02-15T00:00:00+01:00,16.965
2024-02-15T12:00:00+01:00,16.978
2024-02-16T00:00:00+01:00,16.953
2024-02-16T12:00:00+01:00,16.949
2024-02-17T00:00:00+01:00,16.923
2024-02-17T12:00:00+01:00,16.906
2024-02-18T00:00:00+01:00,16.803
2024-02-18T12:00:00+01:00,16.907
2024-02-19T00:00:00+01:00,16.897
2024-02-19T12:00:00+01:00,16.886
2024-02-20T00:00:00+01:00,16.883
2024-02-20T12:00:00+01:00,16.874
2024-02-21T00:00:00+01:00,16.865
2024-02-21T12:00:00+01:00,16.861
2024-02-22T00:00:00+01:00,16.908
2024-02-22T12:00:00+01:00,16.925
2024-02-23T00:00:00+01:00,16.915
2024-02-23T12:00:00+01:00,16.924
2024-02-24T00:00:00+01:00,16.916
2024-02-24T12:00:00+01:00,16.929
2024-02-25T00:00:00+01:00,16.896
2024-02-25T12:00:00+01:00,16.923
2024-02-26T00:00:00+01:00,16.889
2024-02-26T12:00:00+01:00,16.93
2024-02-27T00:00:00+01:00,16.929
2024-02-27T12:00:00+01:00,16.938
2024-02-28T00:00:00+01:00,16.923
2024-02-28T12:00:00+01:00,16.919
2024-02-29T00:00:00+01:00,16.915
2024-02-29T12:00:00+01:00,16.928
2024-03-01T00:00:00+01:00,16.94
2024-03-01T12:00:00+01:00,16.909
2024-03-02T00:00:00+01:00,16.911
2024-03-02T12:00:00+01:00,16.908
2024-03-03T00:00:00+01:00,16.893
2024-03-03T12:00:00+01:00,16.891
2024-03-04T00:00:00+01:00,16.871
2024-03-04T12:00:00+01:00,16.763
2024-03-05T00:00:00+01:00,16.711
2024-03-05T12:00:00+01:00,16.695
2024-03-06T00:00:00+01:00,16.67
2024-03-06T12:00:00+01:00,16.64
2024-03-07T00:00:00+01:00,16.626
2024-03-07T12:00:00+01:00,16.63
2024-03-15T06:00:00+01:00,16.858
2024-03-15T18:00:00+01:00,16.877
2024-03-16T06:00:00+01:00,16.856
2024-03-16T18:00:00+01:00,16.831
2024-03-17T06:00:00+01:00,16.781
2024-03-17T18:00:00+01:00,16.778
2024-03-18T06:00:00+01:00,16.807
2024-03-18T18:00:00+01:00,16.771
2024-03-19T06:00:00+01:00,16.756
2024-03-19T18:00:00+01:00,16.737
2024-03-20T06:00:00+01:00,16.733
2024-03-20T18:00:00+01:00,16.721
2024-03-21T06:00:00+01:00,16.695
2024-03-21T18:00:00+01:00,16.676
2024-03-22T06:00:00+01:00,16.69
2024-03-22T18:00:00+01:00,16.726
2024-03-23T06:00:00+01:00,16.761
2024-03-23T18:00:00+01:00,16.793
2024-03-24T06:00:00+01:00,16.81
2024-03-24T18:00:00+01:00,16.79
2024-03-25T06:00:00+01:00,16.785
2024-03-25T18:00:00+01:00,16.789
2024-03-26T06:00:00+01:00,16.801
2024-03-26T18:00:00+01:00,16.805
2024-03-27T06:00:00+01:00,16.79
2024-03-27T18:00:00+01:00,16.758
2024-03-28T06:00:00+01:00,16.75
2024-03-28T18:00:00+01:00,16.717
2024-03-29T06:00:00+01:00,16.722
2024-03-29T18:00:00+01:00,16.676
2024-03-30T06:00:00+01:00,16.674
2024-03-30T18:00:00+01:00,16.658
2024-03-31T07:00:00+02:00,16.644
2024-03-31T19:00:00+02:00,16.682
2024-04-01T07:00:00+02:00,16.693
2024-04-01T19:00:00+02:00,16.673
2024-04-02T07:00:00+02:00,16.656
2024-04-02T19:00:00+02:00,16.639
2024-04-03T07:00:00+02:00,16.666
2024-04-03T19:00:00+02:00,16.709
2024-04-04T07:00:00+02:00,16.7
2024-04-04T19:00:00+02:00,16.771
2024-04-05T07:00:00+02:00,16.805
2024-04-05T19:00:00+02:00,16.765
2024-04-06T07:00:00+02:00,16.788
2024-04-06T19:00:00+02:00,16.8
2024-04-07T07:00:00+02:00,16.78
2024-04-07T19:00:00+02:00,16.762
2024-04-08T07:00:00+02:00,16.735
2024-04-08T19:00:00+02:00,16.783
2024-04-09T07:00:00+02:00,16.788
2024-04-09T19:00:00+02:00,16.727
2024-04-10T07:00:00+02:00,16.68
2024-04-10T19:00:00+02:00,16.647
2024-04-11T07:00:00+02:00,16.639
2024-04-11T19:00:00+02:00,16.628
2024-04-12T07:00:00+02:00,16.631
2024-04-12T19:00:00+02:00,16.636
2024-04-13T07:00:00+02:00,16.642
2024-04-13T19:00:00+02:00,16.659
2024-04-14T07:00:00+02:00,16.636
2024-04-14T19:00:00+02:00,16.631
2024-04-15T07:00:00+02:00,16.645
2024-04-15T19:00:00+02:00,16.674
2024-04-16T07:00:00+02:00,16.68
2024-04-16T19:00:00+02:00,16.694
2024-04-17T07:00:00+02:00,16.669
2024-04-17T19:00:00+02:00,16.685
2024-04-18T07:00:00+02:00,16.679
2024-04-18T19:00:00+02:00,16.674
2024-04-19T07:00:00+02:00,16.722
2024-04-19T19:00:00+02:00,16.762
2024-04-20T07:00:00+02:00,16.743
2024-04-20T19:00:00+02:00,16.693
2024-04-21T07:00:00+02:00,16.683
2024-04-21T19:00:00+02:00,16.69
2024-04-22T07:00:00+02:00,16.657
2024-04-22T19:00:00+02:00,16.661
2024-04-23T07:00:00+02:00,16.65
2024-04-23T19:00:00+02:00,16.645
2024-04-24T07:00:00+02:00,16.682
2024-04-24T19:00:00+02:00,16.664
2024-04-25T07:00:00+02:00,16.639
2024-04-25T19:00:00+02:00,16.647
2024-04-26T07:00:00+02:00,16.624
2024-04-26T19:00:00+02:00,16.602
2024-04-27T07:00:00+02:00,16.586
2024-04-27T19:00:00+02:00,16.577
2024-04-28T07:00:00+02:00,16.57
2024-04-28T19:00:00+02:00,16.539
2024-04-29T07:00:00+02:00,16.506
2024-04-29T19:00:00+02:00,16.503
2024-04-30T07:00:00+02:00,16.527
2024-04-30T19:00:00+02:00,16.526
2024-05-01T07:00:00+02:00,16.538
2024-05-01T19:00:00+02:00,16.559
2024-05-02T07:00:00+02:00,16.562
2024-05-02T19:00:00+02:00,16.525
2024-05-03T07:00:00+02:00,16.673
2024-05-03T19:00:00+02:00,16.752
2024-05-04T07:00:00+02:00,16.637
2024-05-04T19:00:00+02:00,16.684
2024-05-05T07:00:00+02:00,16.75
2024-05-05T19:00:00+02:00,16.723
2024-05-06T07:00:00+02:00,16.727
2024-05-06T19:00:00+02:00,16.732
2024-05-07T07:00:00+02:00,16.748
2024-05-07T19:00:00+02:00,16.761
2024-05-08T07:00:00+02:00,16.712
2024-05-08T19:00:00+02:00,16.698
2024-05-09T07:00:00+02:00,16.689
2024-05-09T19:00:00+02:00,16.697
2024-05-10T07:00:00+02:00,16.686
2024-05-10T19:00:00+02:00,16.677
2024-05-11T07:00:00+02:00,16.66
2024-05-11T19:00:00+02:00,16.648
2024-05-12T07:00:00+02:00,16.637
2024-05-12T19:00:00+02:00,16.635
2024-05-13T07:00:00+02:00,16.615
2024-05-13T19:00:00+02:00,16.596
2024-05-14T07:00:00+02:00,16.588
2024-05-14T19:00:00+02:00,16.572
2024-05-15T07:00:00+02:00,16.544
2024-05-15T19:00:00+02:00,16.549
2024-05-16T07:00:00+02:00,16.552
2024-05-16T19:00:00+02:00,16.529
2024-05-17T07:00:00+02:00,16.59
2024-05-17T19:00:00+02:00,16.725
2024-05-18T07:00:00+02:00,16.712
2024-05-18T19:00:00+02:00,16.687
2024-05-19T07:00:00+02:00,16.69
2024-05-19T19:00:00+02:00,16.699
2024-05-20T07:00:00+02:00,16.845
2024-05-20T19:00:00+02:00,16.8
2024-05-21T07:00:00+02:00,16.783
2024-05-21T19:00:00+02:00,16.816
2024-05-22T07:00:00+02:00,16.879
2024-05-22T19:00:00+02:00,16.873
2024-05-23T07:00:00+02:00,16.826
2024-05-23T19:00:00+02:00,16.822
2024-05-24T07:00:00+02:00,16.785
2024-05-24T19:00:00+02:00,16.854
2024-05-25T07:00:00+02:00,16.931
2024-05-25T19:00:00+02:00,16.963
2024-05-26T07:00:00+02:00,16.969
2024-05-26T19:00:00+02:00,16.951
2024-05-27T07:00:00+02:00,16.954
2024-05-27T19:00:00+02:00,16.951
2024-05-28T07:00:00+02:00,16.959
2024-05-28T19:00:00+02:00,16.957
2024-05-29T07:00:00+02:00,16.973
2024-05-29T19:00:00+02:00,16.968
2024-05-30T07:00:00+02:00,16.97
2024-05-30T19:00:00+02:00,16.932
2024-05-31T07:00:00+02:00,16.923
2024-05-31T19:00:00+02:00,16.909
2024-06-01T07:00:00+02:00,16.892
2024-06-01T19:00:00+02:00,16.861
2024-06-02T07:00:00+02:00,16.804
2024-06-02T19:00:00+02:00,16.778
2024-06-03T07:00:00+02:00,16.768
2024-06-03T19:00:00+02:00,16.759
2024-06-04T07:00:00+02:00,16.757
2024-06-04T19:00:00+02:00,16.76
2024-06-05T07:00:00+02:00,16.726
2024-06-05T19:00:00+02:00,16.685
2024-06-06T07:00:00+02:00,16.655
2024-06-06T19:00:00+02:00,16.631
2024-06-07T07:00:00+02:00,16.607
2024-06-07T19:00:00+02:00,16.592
2024-06-08T07:00:00+02:00,16.587
2024-06-08T19:00:00+02:00,16.581
2024-06-09T07:00:00+02:00,16.558
2024-06-09T19:00:00+02:00,16.549
2024-06-10T07:00:00+02:00,16.538
2024-06-10T19:00:00+02:00,16.663
2024-06-11T07:00:00+02:00,16.521
2024-06-11T19:00:00+02:00,16.489
2024-06-12T07:00:00+02:00,16.471
2024-06-12T19:00:00+02:00,16.467
2024-06-13T07:00:00+02:00,16.464
2024-06-13T19:00:00+02:00,16.468
2024-06-14T07:00:00+02:00,16.48
2024-06-14T19:00:00+02:00,16.476
2024-06-15T07:00:00+02:00,16.461
2024-06-15T19:00:00+02:00,16.443
2024-06-16T07:00:00+02:00,16.432
2024-06-16T19:00:00+02:00,16.424
2024-06-17T07:00:00+02:00,16.411
2024-06-17T19:00:00+02:00,16.395
2024-06-18T07:00:00+02:00,16.416
2024-06-18T19:00:00+02:00,16.55
2024-06-19T07:00:00+02:00,16.572
2024-06-19T19:00:00+02:00,16.545
2024-06-20T07:00:00+02:00,16.547
2024-06-20T19:00:00+02:00,16.585
2024-06-21T07:00:00+02:00,16.609
2024-06-21T19:00:00+02:00,16.623
2024-06-22T07:00:00+02:00,16.613
2024-06-22T19:00:00+02:00,16.604
2024-06-23T07:00:00+02:00,16.58
2024-06-23T19:00:00+02:00,16.561
2024-06-24T07:00:00+02:00,16.544
2024-06-24T19:00:00+02:00,16.541
2024-06-25T07:00:00+02:00,16.529
2024-06-25T19:00:00+02:00,16.522
2024-06-26T07:00:00+02:00,16.504
2024-06-26T19:00:00+02:00,16.492
2024-06-27T07:00:00+02:00,16.47
2024-06-27T19:00:00+02:00,16.446
2024-06-28T07:00:00+02:00,16.409
2024-06-28T19:00:00+02:00,16.378
2024-06-29T07:00:00+02:00,16.362
2024-06-29T19:00:00+02:00,16.365
2024-06-30T07:00:00+02:00,16.37
2024-06-30T19:00:00+02:00,16.357
2024-07-01T07:00:00+02:00,16.334
2024-07-01T19:00:00+02:00,16.328
2024-07-02T07:00:00+02:00,16.326
2024-07-02T19:00:00+02:00,16.326
2024-07-03T07:00:00+02:00,16.331
2024-07-03T19:00:00+02:00,16.371
2024-07-04T07:00:00+02:00,16.353
2024-07-04T19:00:00+02:00,16.33
2024-07-05T07:00:00+02:00,16.322
2024-07-05T19:00:00+02:00,16.322
2024-07-06T07:00:00+02:00,16.343
2024-07-06T19:00:00+02:00,16.317
2024-07-07T07:00:00+02:00,16.275
2024-07-07T19:00:00+02:00,16.258
2024-07-08T07:00:00+02:00,16.242
2024-07-08T19:00:00+02:00,16.229
2024-07-09T07:00:00+02:00,16.235
2024-07-09T19:00:00+02:00,16.203
2024-07-10T07:00:00+02:00,16.226
2024-07-10T19:00:00+02:00,16.238
2024-07-11T07:00:00+02:00,16.236
2024-07-11T19:00:00+02:00,16.24
2024-07-12T07:00:00+02:00,16.28
2024-07-12T19:00:00+02:00,16.551
2024-07-13T07:00:00+02:00,16.468
2024-07-13T19:00:00+02:00,16.462
2024-07-14T07:00:00+02:00,16.484
2024-07-14T19:00:00+02:00,16.49
2024-07-15T07:00:00+02:00,16.485
2024-07-15T19:00:00+02:00,16.497
2024-07-16T07:00:00+02:00,16.477
2024-07-16T19:00:00+02:00,16.445
2024-07-17T07:00:00+02:00,16.42
2024-07-17T19:00:00+02:00,16.396
2024-07-18T07:00:00+02:00,16.381
2024-07-18T19:00:00+02:00,16.379
2024-07-19T07:00:00+02:00,16.377
2024-07-19T19:00:00+02:00,16.37
2024-07-20T07:00:00+02:00,16.372
2024-07-20T19:00:00+02:00,16.382
2024-07-21T07:00:00+02:00,16.344
2024-07-21T19:00:00+02:00,16.339
2024-07-22T07:00:00+02:00,16.335
2024-07-22T19:00:00+02:00,16.338
2024-07-23T07:00:00+02:00,16.349
2024-07-23T19:00:00+02:00,16.337
2024-07-24T07:00:00+02:00,16.326
2024-07-24T19:00:00+02:00,16.336
2024-07-25T07:00:00+02:00,16.344
2024-07-25T19:00:00+02:00,16.352
2024-07-26T07:00:00+02:00,16.338
2024-07-26T19:00:00+02:00,16.32
2024-07-27T07:00:00+02:00,16.297
2024-07-27T19:00:00+02:00,16.28
2024-07-28T07:00:00+02:00,16.243
2024-07-28T19:00:00+02:00,16.224
2024-07-29T07:00:00+02:00,16.218
2024-07-29T19:00:00+02:00,16.227
2024-07-30T07:00:00+02:00,16.221
2024-07-30T19:00:00+02:00,16.208
2024-07-31T07:00:00+02:00,16.183
2024-07-31T19:00:00+02:00,16.182
2024-08-01T07:00:00+02:00,16.178
2024-08-01T19:00:00+02:00,16.171
2024-08-02T07:00:00+02:00,16.159
2024-08-02T19:00:00+02:00,16.156
2024-08-03T07:00:00+02:00,16.128
2024-08-03T19:00:00+02:00,16.127
2024-08-04T07:00:00+02:00,16.108
2024-08-04T19:00:00+02:00,16.092
2024-08-05T07:00:00+02:00,16.079
2024-08-05T19:00:00+02:00,16.085
2024-08-06T07:00:00+02:00,16.083
2024-08-06T19:00:00+02:00,16.072
2024-08-07T07:00:00+02:00,16.048
2024-08-07T19:00:00+02:00,16.041
2024-08-08T07:00:00+02:00,16.031
2024-08-08T19:00:00+02:00,16.039
2024-08-09T07:00:00+02:00,16.044
2024-08-09T19:00:00+02:00,16.031
2024-08-10T07:00:00+02:00,16.017
2024-08-10T19:00:00+02:00,16.011
2024-08-11T07:00:00+02:00,15.99
2024-08-11T19:00:00+02:00,15.999
2024-08-12T07:00:00+02:00,16.009
2024-08-12T19:00:00+02:00,16.016
2024-08-13T07:00:00+02:00,15.99
2024-08-13T19:00:00+02:00,15.966
2024-08-14T07:00:00+02:00,15.952
2024-08-14T19:00:00+02:00,15.937
2024-08-15T07:00:00+02:00,15.907
2024-08-15T19:00:00+02:00,15.91
2024-08-16T07:00:00+02:00,15.895
2024-08-16T19:00:00+02:00,15.9
2024-08-17T07:00:00+02:00,15.898
2024-08-17T19:00:00+02:00,15.9
2024-08-18T07:00:00+02:00,15.896
2024-08-18T19:00:00+02:00,15.873
2024-08-19T07:00:00+02:00,15.847
2024-08-19T19:00:00+02:00,15.852
2024-08-20T07:00:00+02:00,15.843
2024-08-20T19:00:00+02:00,15.859
2024-08-21T07:00:00+02:00,15.831
2024-08-21T19:00:00+02:00,15.821
2024-08-22T07:00:00+02:00,15.83
2024-08-22T19:00:00+02:00,15.842
2024-08-23T07:00:00+02:00,15.839
2024-08-23T19:00:00+02:00,15.823
2024-08-24T07:00:00+02:00,15.809
2024-08-24T19:00:00+02:00,15.831
2024-08-25T07:00:00+02:00,15.776
2024-08-25T19:00:00+02:00,15.755
2024-08-26T07:00:00+02:00,15.748
2024-08-26T19:00:00+02:00,15.754
2024-08-27T07:00:00+02:00,15.752
2024-08-27T19:00:00+02:00,15.765
2024-08-28T07:00:00+02:00,15.766
2024-08-28T19:00:00+02:00,15.765
2024-08-29T07:00:00+02:00,15.738
2024-08-29T19:00:00+02:00,15.713
2024-08-30T07:00:00+02:00,15.696
2024-08-30T19:00:00+02:00,15.699
2024-08-31T07:00:00+02:00,15.671
2024-08-31T19:00:00+02:00,15.687
2024-09-01T07:00:00+02:00,15.698
2024-09-01T19:00:00+02:00,15.703
2024-09-02T07:00:00+02:00,15.696
2024-09-02T19:00:00+02:00,15.706
2024-09-03T07:00:00+02:00,15.676
2024-09-03T19:00:00+02:00,15.679
2024-09-04T07:00:00+02:00,15.673
2024-09-04T19:00:00+02:00,15.682
2024-09-05T07:00:00+02:00,15.691
2024-09-05T19:00:00+02:00,15.708
2024-09-06T07:00:00+02:00,15.698
2024-09-06T19:00:00+02:00,15.685
2024-09-07T07:00:00+02:00,15.683
2024-09-07T19:00:00+02:00,15.692
2024-09-08T07:00:00+02:00,15.681
2024-09-08T19:00:00+02:00,15.681
2024-10-01T01:00:00+02:00,15.656
2024-10-01T02:00:00+02:00,15.656
2024-10-01T13:00:00+02:00,15.715
2024-10-01T14:00:00+02:00,15.715
2024-10-02T01:00:00+02:00,15.705
2024-10-02T02:00:00+02:00,15.703
2024-10-02T13:00:00+02:00,15.679
2024-10-02T14:00:00+02:00,15.676
2024-10-03T01:00:00+02:00,15.648
2024-10-03T02:00:00+02:00,15.644
2024-10-03T13:00:00+02:00,15.64
2024-10-03T14:00:00+02:00,15.642
2024-10-04T01:00:00+02:00,15.622
2024-10-04T02:00:00+02:00,15.625
2024-10-04T13:00:00+02:00,15.617
2024-10-04T14:00:00+02:00,15.62
2024-10-05T01:00:00+02:00,15.615
2024-10-05T02:00:00+02:00,15.616
2024-10-05T13:00:00+02:00,15.621
2024-10-05T14:00:00+02:00,15.63
2024-10-06T01:00:00+02:00,15.637
2024-10-06T02:00:00+02:00,15.64
2024-10-06T13:00:00+02:00,15.658
2024-10-06T14:00:00+02:00,15.669
2024-10-07T01:00:00+02:00,15.668
2024-10-07T02:00:00+02:00,15.671
2024-10-07T13:00:00+02:00,15.655
2024-10-07T14:00:00+02:00,15.659
2024-10-08T01:00:00+02:00,15.658
2024-10-08T02:00:00+02:00,15.663
2024-10-08T13:00:00+02:00,15.65
2024-10-08T14:00:00+02:00,15.65
2024-10-09T01:00:00+02:00,15.644
2024-10-09T02:00:00+02:00,15.649
2024-10-09T13:00:00+02:00,15.652
2024-10-09T14:00:00+02:00,15.663
2024-10-10T01:00:00+02:00,15.679
2024-10-10T02:00:00+02:00,15.666
2024-10-10T13:00:00+02:00,15.721
2024-10-10T14:00:00+02:00,15.711
2024-10-11T01:00:00+02:00,15.717
2024-10-11T02:00:00+02:00,15.708
2024-10-11T13:00:00+02:00,15.7
2024-10-11T14:00:00+02:00,15.7
2024-10-12T01:00:00+02:00,15.694
2024-10-12T02:00:00+02:00,15.701
2024-10-12T13:00:00+02:00,15.74
2024-10-12T14:00:00+02:00,15.75
2024-10-13T01:00:00+02:00,15.782
2024-10-13T02:00:00+02:00,15.769
2024-10-13T13:00:00+02:00,15.741
2024-10-13T14:00:00+02:00,15.733
2024-10-14T01:00:00+02:00,15.722
2024-10-14T02:00:00+02:00,15.726
2024-10-14T13:00:00+02:00,15.719
2024-10-14T14:00:00+02:00,15.723
2024-10-15T01:00:00+02:00,15.726
2024-10-15T02:00:00+02:00,15.724
2024-10-15T13:00:00+02:00,15.747
2024-10-15T14:00:00+02:00,15.753
2024-10-16T01:00:00+02:00,15.751
2024-10-16T02:00:00+02:00,15.754
2024-10-16T13:00:00+02:00,15.771
2024-10-16T14:00:00+02:00,15.774
2024-10-17T01:00:00+02:00,15.776
2024-10-17T02:00:00+02:00,15.777
2024-10-17T13:00:00+02:00,15.767
2024-10-17T14:00:00+02:00,15.765
2024-10-18T01:00:00+02:00,15.753
2024-10-18T02:00:00+02:00,15.753
2024-10-18T13:00:00+02:00,15.758
2024-10-18T14:00:00+02:00,15.756
2024-10-19T01:00:00+02:00,15.752
2024-10-19T02:00:00+02:00,15.752
2024-10-19T13:00:00+02:00,15.757
2024-10-19T14:00:00+02:00,15.756
2024-10-20T01:00:00+02:00,15.742
2024-10-20T02:00:00+02:00,15.742
2024-10-20T13:00:00+02:00,15.747
2024-10-20T14:00:00+02:00,15.753
2024-10-21T01:00:00+02:00,15.735
2024-10-21T02:00:00+02:00,15.729
2024-10-21T13:00:00+02:00,15.746
2024-10-21T14:00:00+02:00,15.749
2024-10-22T01:00:00+02:00,15.76
2024-10-22T02:00:00+02:00,15.749
2024-10-22T13:00:00+02:00,15.719
2024-10-22T14:00:00+02:00,15.719
2024-10-23T01:00:00+02:00,15.716
2024-10-23T02:00:00+02:00,15.716
2024-10-23T13:00:00+02:00,15.728
2024-10-23T14:00:00+02:00,15.735
2024-10-24T01:00:00+02:00,15.752
2024-10-24T02:00:00+02:00,15.759
2024-10-24T13:00:00+02:00,15.783
2024-10-24T14:00:00+02:00,15.792
2024-10-25T01:00:00+02:00,15.805
2024-10-25T02:00:00+02:00,15.809
2024-10-25T13:00:00+02:00,15.81
2024-10-25T14:00:00+02:00,15.814
2024-10-26T01:00:00+02:00,15.803
2024-10-26T02:00:00+02:00,15.808
2024-10-26T13:00:00+02:00,15.806
2024-10-26T14:00:00+02:00,15.812
2024-10-27T01:00:00+02:00,15.809
2024-10-27T02:00:00+02:00,15.802
2024-10-27T13:00:00+01:00,15.785
2024-10-28T01:00:00+01:00,15.774
2024-10-28T13:00:00+01:00,15.774
2024-10-29T01:00:00+01:00,15.769
2024-10-29T13:00:00+01:00,15.769
2024-10-30T01:00:00+01:00,15.757
2024-10-30T13:00:00+01:00,15.763
2024-10-31T01:00:00+01:00,15.755
2024-10-31T13:00:00+01:00,15.768
2024-11-01T01:00:00+01:00,15.772
2024-11-01T13:00:00+01:00,15.782
2024-11-02T01:00:00+01:00,15.76
2024-11-02T13:00:00+01:00,15.756
2024-11-03T01:00:00+01:00,15.746
2024-11-03T13:00:00+01:00,15.749
2024-11-04T01:00:00+01:00,15.745
2024-11-04T13:00:00+01:00,15.75
2024-11-05T01:00:00+01:00,15.747
2024-11-05T13:00:00+01:00,15.749
2024-11-06T01:00:00+01:00,15.72
2024-11-06T13:00:00+01:00,15.711
2024-11-07T01:00:00+01:00,15.69
2024-11-07T13:00:00+01:00,15.69
2024-11-08T01:00:00+01:00,15.692
2024-11-08T13:00:00+01:00,15.697
2024-11-09T01:00:00+01:00,15.688
2024-11-09T13:00:00+01:00,15.687
2024-11-10T01:00:00+01:00,15.674
2024-11-10T13:00:00+01:00,15.667
2024-11-11T01:00:00+01:00,15.657
2024-11-11T13:00:00+01:00,15.65
2024-11-12T01:00:00+01:00,15.642
2024-11-12T13:00:00+01:00,15.641
2024-11-13T01:00:00+01:00,15.635
2024-11-13T13:00:00+01:00,15.633
2024-11-14T01:00:00+01:00,15.638
2024-11-14T13:00:00+01:00,15.645
2024-11-15T01:00:00+01:00,15.641
2024-11-15T13:00:00+01:00,15.646
2024-11-16T01:00:00+01:00,15.645
2024-11-16T13:00:00+01:00,15.658
2024-11-17T01:00:00+01:00,15.671
2024-11-17T13:00:00+01:00,15.668
2024-11-18T01:00:00+01:00,15.69
2024-11-18T13:00:00+01:00,15.661
2024-11-19T01:00:00+01:00,15.697
2024-11-19T13:00:00+01:00,15.72
2024-11-20T01:00:00+01:00,15.754
2024-11-20T13:00:00+01:00,15.796
2024-11-21T01:00:00+01:00,15.927
2024-11-21T13:00:00+01:00,16.017
2024-11-22T01:00:00+01:00,15.993
2024-11-22T13:00:00+01:00,16.049
2024-11-23T01:00:00+01:00,16.043
2024-11-23T13:00:00+01:00,16.077
2024-11-24T01:00:00+01:00,16.162
2024-11-24T13:00:00+01:00,16.189
2024-11-25T01:00:00+01:00,16.202
2024-11-25T13:00:00+01:00,16.23
2024-11-26T01:00:00+01:00,16.197
2024-11-26T13:00:00+01:00,16.2
2024-11-27T01:00:00+01:00,16.204
2024-11-27T13:00:00+01:00,16.272
2024-11-28T01:00:00+01:00,16.241
2024-11-28T13:00:00+01:00,16.249
2024-11-29T01:00:00+01:00,16.236
2024-11-29T13:00:00+01:00,16.251
2024-11-30T01:00:00+01:00,16.256
2024-11-30T13:00:00+01:00,16.265
2024-12-01T01:00:00+01:00,16.272
2024-12-01T13:00:00+01:00,16.284
2024-12-02T01:00:00+01:00,16.286
2024-12-02T13:00:00+01:00,16.276
2024-12-03T01:00:00+01:00,16.276
2024-12-03T13:00:00+01:00,16.243
2024-12-04T01:00:00+01:00,16.225
2024-12-04T13:00:00+01:00,16.201
2024-12-05T01:00:00+01:00,16.211
2024-12-05T13:00:00+01:00,16.263
2024-12-06T01:00:00+01:00,16.532
2024-12-06T13:00:00+01:00,16.561
2024-12-07T01:00:00+01:00,16.582
2024-12-07T13:00:00+01:00,16.575
2024-12-08T01:00:00+01:00,16.553
2024-12-08T13:00:00+01:00,16.553
2024-12-09T01:00:00+01:00,16.583
2024-12-09T13:00:00+01:00,16.54
2024-12-10T01:00:00+01:00,16.511
2024-12-10T13:00:00+01:00,16.456
2024-12-11T01:00:00+01:00,16.415
2024-12-11T13:00:00+01:00,16.397
2024-12-12T01:00:00+01:00,16.381
2024-12-12T13:00:00+01:00,16.386
2024-12-13T01:00:00+01:00,16.377
2024-12-13T13:00:00+01:00,16.384
2024-12-14T01:00:00+01:00,16.387
2024-12-14T13:00:00+01:00,16.385
2024-12-15T01:00:00+01:00,16.343
2024-12-15T13:00:00+01:00,16.329
2024-12-16T01:00:00+01:00,16.312
2024-12-16T13:00:00+01:00,16.314
2024-12-17T01:00:00+01:00,16.311
2024-12-17T13:00:00+01:00,16.326
2024-12-18T01:00:00+01:00,16.34
2024-12-18T13:00:00+01:00,16.358
2024-12-19T01:00:00+01:00,16.391
2024-12-19T13:00:00+01:00,16.394
2024-12-20T01:00:00+01:00,16.403
2024-12-20T13:00:00+01:00,16.34
2024-12-21T01:00:00+01:00,16.314
2024-12-21T13:00:00+01:00,16.345
2024-12-22T01:00:00+01:00,16.466
2024-12-22T13:00:00+01:00,16.541
2024-12-23T01:00:00+01:00,16.544
2024-12-23T13:00:00+01:00,16.581
2024-12-24T01:00:00+01:00,16.575
2024-12-24T13:00:00+01:00,16.608
2024-12-25T01:00:00+01:00,16.599
2024-12-25T13:00:00+01:00,16.611
2024-12-26T01:00:00+01:00,16.595
2024-12-26T13:00:00+01:00,16.588
2024-12-27T01:00:00+01:00,16.542
2024-12-27T13:00:00+01:00,16.486
2024-12-28T01:00:00+01:00,16.461
2024-12-28T13:00:00+01:00,16.462
2024-12-29T01:00:00+01:00,16.449
2024-12-29T13:00:00+01:00,16.434
2024-12-30T01:00:00+01:00,16.421
2024-12-30T13:00:00+01:00,16.418
2024-12-31T01:00:00+01:00,16.418
2024-12-31T13:00:00+01:00,16.417
2025-01-01T01:00:00+01:00,16.433
2025-01-01T13:00:00+01:00,16.457
2025-01-02T01:00:00+01:00,16.493
2025-01-02T13:00:00+01:00,16.631
2025-01-03T01:00:00+01:00,16.603
2025-01-03T13:00:00+01:00,16.586
2025-01-04T01:00:00+01:00,16.581
2025-01-04T13:00:00+01:00,16.575
2025-01-05T01:00:00+01:00,16.583
2025-01-05T13:00:00+01:00,16.69
2025-01-06T01:00:00+01:00,16.766
2025-01-06T13:00:00+01:00,16.782
2025-01-07T01:00:00+01:00,16.764
2025-01-07T13:00:00+01:00,16.782
2025-01-08T01:00:00+01:00,16.779
2025-01-08T13:00:00+01:00,16.811
2025-01-09T01:00:00+01:00,16.795
2025-01-09T13:00:00+01:00,16.789
2025-01-10T01:00:00+01:00,16.825
2025-01-10T13:00:00+01:00,16.853
2025-01-11T01:00:00+01:00,16.854
2025-01-11T13:00:00+01:00,16.836
2025-01-12T01:00:00+01:00,16.822
2025-01-12T13:00:00+01:00,16.755
2025-01-13T01:00:00+01:00,16.67
2025-01-13T13:00:00+01:00,16.621
2025-01-14T01:00:00+01:00,16.613
2025-01-14T13:00:00+01:00,16.624
2025-01-15T01:00:00+01:00,16.597
2025-01-15T13:00:00+01:00,16.623
2025-01-16T01:00:00+01:00,16.592
2025-01-16T13:00:00+01:00,16.534
2025-01-17T01:00:00+01:00,16.486
2025-01-17T13:00:00+01:00,16.481
2025-01-18T01:00:00+01:00,16.477
2025-01-18T13:00:00+01:00,16.482
2025-01-19T01:00:00+01:00,16.485
2025-01-19T13:00:00+01:00,16.485
2025-01-20T01:00:00+01:00,16.475
2025-01-20T13:00:00+01:00,16.463
2025-01-21T01:00:00+01:00,16.448
2025-01-21T13:00:00+01:00,16.444
2025-01-22T01:00:00+01:00,16.446
2025-01-22T13:00:00+01:00,16.47
2025-01-23T01:00:00+01:00,16.507
2025-01-23T13:00:00+01:00,16.562
2025-01-24T01:00:00+01:00,16.554
2025-01-24T13:00:00+01:00,16.58
2025-01-25T01:00:00+01:00,16.591
2025-01-25T13:00:00+01:00,16.692
2025-01-26T01:00:00+01:00,16.723
2025-01-26T13:00:00+01:00,16.757
2025-01-27T01:00:00+01:00,16.78
2025-01-27T13:00:00+01:00,16.797
2025-01-28T01:00:00+01:00,16.8
2025-01-28T13:00:00+01:00,16.799
2025-01-29T01:00:00+01:00,16.773
2025-01-29T13:00:00+01:00,16.788
2025-01-30T01:00:00+01:00,16.799
2025-01-30T13:00:00+01:00,16.793
2025-01-31T01:00:00+01:00,16.84
2025-01-31T13:00:00+01:00,16.872
2025-02-01T01:00:00+01:00,16.881
2025-02-01T13:00:00+01:00,16.865
2025-02-02T01:00:00+01:00,16.843
2025-02-02T13:00:00+01:00,16.835
2025-02-03T01:00:00+01:00,16.769
2025-02-03T13:00:00+01:00,16.708
2025-02-04T01:00:00+01:00,16.693
2025-02-04T13:00:00+01:00,16.613
2025-02-05T01:00:00+01:00,16.564
2025-02-05T13:00:00+01:00,16.507
2025-02-06T01:00:00+01:00,16.479
2025-02-06T13:00:00+01:00,16.497
2025-02-07T01:00:00+01:00,16.515
2025-02-07T13:00:00+01:00,16.548
2025-02-08T01:00:00+01:00,16.543
2025-02-08T13:00:00+01:00,16.526
2025-02-09T01:00:00+01:00,16.492
2025-02-09T13:00:00+01:00,16.465
2025-02-10T01:00:00+01:00,16.453
2025-02-10T13:00:00+01:00,16.471
2025-02-11T01:00:00+01:00,16.556
2025-02-11T13:00:00+01:00,16.585
2025-02-12T01:00:00+01:00,16.58
2025-02-12T13:00:00+01:00,16.573
2025-02-13T01:00:00+01:00,16.572
2025-02-13T13:00:00+01:00,16.586
2025-02-14T01:00:00+01:00,16.516
2025-02-14T13:00:00+01:00,16.481
2025-02-15T01:00:00+01:00,16.486
2025-02-15T13:00:00+01:00,16.493
2025-02-16T01:00:00+01:00,16.49
2025-02-16T13:00:00+01:00,16.481
2025-02-17T01:00:00+01:00,16.455
2025-02-17T13:00:00+01:00,16.45
2025-02-18T01:00:00+01:00,16.423
2025-02-18T13:00:00+01:00,16.42
2025-02-19T01:00:00+01:00,16.411
2025-02-19T13:00:00+01:00,16.415
2025-02-20T01:00:00+01:00,16.393
2025-02-20T13:00:00+01:00,16.389
2025-02-21T01:00:00+01:00,16.384
2025-02-21T13:00:00+01:00,16.403
2025-02-22T01:00:00+01:00,16.408
2025-02-22T13:00:00+01:00,16.393
2025-02-23T01:00:00+01:00,16.437
2025-02-23T13:00:00+01:00,16.359
2025-02-24T01:00:00+01:00,16.372
2025-02-24T13:00:00+01:00,16.404
2025-02-25T01:00:00+01:00,16.393
2025-02-25T13:00:00+01:00,16.403
2025-02-26T01:00:00+01:00,16.388
2025-02-26T13:00:00+01:00,16.587
2025-02-27T01:00:00+01:00,16.503
2025-02-27T13:00:00+01:00,16.456
2025-02-28T01:00:00+01:00,16.423
2025-02-28T13:00:00+01:00,16.457
2025-03-01T01:00:00+01:00,16.385
2025-03-01T13:00:00+01:00,16.374
2025-03-02T01:00:00+01:00,16.369
2025-03-02T13:00:00+01:00,16.381
2025-03-03T01:00:00+01:00,16.39
2025-03-03T13:00:00+01:00,16.398
2025-03-04T01:00:00+01:00,16.389
2025-03-04T13:00:00+01:00,16.386
2025-03-05T01:00:00+01:00,16.379
2025-03-05T13:00:00+01:00,16.382
2025-03-06T01:00:00+01:00,16.38
2025-03-06T13:00:00+01:00,16.386
2025-03-07T01:00:00+01:00,16.374
2025-03-07T13:00:00+01:00,16.369
2025-03-08T01:00:00+01:00,16.359
2025-03-08T13:00:00+01:00,16.37
2025-03-09T01:00:00+01:00,16.37
2025-03-09T13:00:00+01:00,16.376
2025-03-10T01:00:00+01:00,16.369
2025-03-10T13:00:00+01:00,16.357
2025-03-13T00:00:00+01:00,16.304
2025-03-13T12:00:00+01:00,16.291
2025-03-14T00:00:00+01:00,16.264
2025-03-14T12:00:00+01:00,16.232
2025-03-15T00:00:00+01:00,16.204
2025-03-15T12:00:00+01:00,16.191
2025-03-16T00:00:00+01:00,16.196
2025-03-16T12:00:00+01:00,16.186
2025-03-17T00:00:00+01:00,16.176
2025-03-17T12:00:00+01:00,16.169
2025-03-18T00:00:00+01:00,16.166
2025-03-18T12:00:00+01:00,16.173
2025-03-19T00:00:00+01:00,16.177
2025-03-19T12:00:00+01:00,16.174
2025-03-20T00:00:00+01:00,16.168
2025-03-20T12:00:00+01:00,16.171
2025-03-21T00:00:00+01:00,16.178
2025-03-21T12:00:00+01:00,16.197
2025-03-22T00:00:00+01:00,16.203
2025-03-22T12:00:00+01:00,16.207
2025-03-23T00:00:00+01:00,16.199
2025-03-23T12:00:00+01:00,16.173
2025-03-24T00:00:00+01:00,16.14
2025-03-24T12:00:00+01:00,16.118
2025-03-25T00:00:00+01:00,16.094
2025-03-25T12:00:00+01:00,16.096
2025-03-26T00:00:00+01:00,16.087
2025-03-26T12:00:00+01:00,16.078
2025-03-27T00:00:00+01:00,16.076
2025-03-27T12:00:00+01:00,16.081
2025-03-30T00:00:00+01:00,16.049
2025-03-30T12:00:00+02:00,16.06
2025-04-02T00:00:00+02:00,16.017
2025-04-02T12:00:00+02:00,16.013
2025-04-03T00:00:00+02:00,16.014
2025-04-03T12:00:00+02:00,16.004
2025-04-04T00:00:00+02:00,15.998
2025-04-04T12:00:00+02:00,15.987
2025-04-05T00:00:00+02:00,15.997
2025-04-05T12:00:00+02:00,15.971
2025-04-06T00:00:00+02:00,15.96
2025-04-06T12:00:00+02:00,15.928
2025-04-07T00:00:00+02:00,15.93
2025-04-07T12:00:00+02:00,15.915
2025-04-08T00:00:00+02:00,15.919
2025-04-08T12:00:00+02:00,15.912
2025-04-09T00:00:00+02:00,15.922
2025-04-09T12:00:00+02:00,15.906
2025-04-10T00:00:00+02:00,15.888
2025-04-10T12:00:00+02:00,15.883
2025-04-11T00:00:00+02:00,15.888
2025-04-11T12:00:00+02:00,15.881
2025-04-12T00:00:00+02:00,15.902
2025-04-12T12:00:00+02:00,15.923
2025-04-13T00:00:00+02:00,15.946
2025-04-13T12:00:00+02:00,15.911
2025-04-14T00:00:00+02:00,15.888
2025-04-14T12:00:00+02:00,15.875
2025-04-15T00:00:00+02:00,15.895
2025-04-15T12:00:00+02:00,15.911
2025-04-16T00:00:00+02:00,15.884
2025-04-16T12:00:00+02:00,15.844
2025-04-17T00:00:00+02:00,15.829
2025-04-17T12:00:00+02:00,15.829
2025-04-18T00:00:00+02:00,15.82
2025-04-18T12:00:00+02:00,15.818
2025-04-19T00:00:00+02:00,15.829
2025-04-19T12:00:00+02:00,15.84
2025-04-20T00:00:00+02:00,15.845
2025-04-20T12:00:00+02:00,15.839
2025-04-21T00:00:00+02:00,15.83
2025-04-21T12:00:00+02:00,15.823
2025-04-22T00:00:00+02:00,15.813
2025-04-22T12:00:00+02:00,15.799
2025-04-23T00:00:00+02:00,15.8
2025-04-23T12:00:00+02:00,15.815
2025-04-24T00:00:00+02:00,15.808
2025-04-24T12:00:00+02:00,15.804
2025-04-25T00:00:00+02:00,15.908
2025-04-25T12:00:00+02:00,15.819
2025-04-26T00:00:00+02:00,15.831
2025-04-26T12:00:00+02:00,15.842
2025-04-27T00:00:00+02:00,15.85
2025-04-27T12:00:00+02:00,15.841
2025-04-28T00:00:00+02:00,15.837
2025-04-28T12:00:00+02:00,15.837
2025-04-29T00:00:00+02:00,15.829
2025-04-29T12:00:00+02:00,15.833
2025-04-30T00:00:00+02:00,15.839
2025-04-30T12:00:00+02:00,15.835
2025-05-01T00:00:00+02:00,15.831
2025-05-01T12:00:00+02:00,15.834
2025-05-02T00:00:00+02:00,15.835
2025-05-02T12:00:00+02:00,15.822
2025-05-04T00:00:00+02:00,15.791
2025-05-04T12:00:00+02:00,15.778
2025-05-05T00:00:00+02:00,15.77
2025-05-05T12:00:00+02:00,15.757
2025-05-06T00:00:00+02:00,15.749
2025-05-06T12:00:00+02:00,15.735
2025-05-07T00:00:00+02:00,15.731
2025-05-07T12:00:00+02:00,15.727
2025-05-08T00:00:00+02:00,15.728
2025-05-08T12:00:00+02:00,15.722
2025-05-09T00:00:00+02:00,15.71
2025-05-09T12:00:00+02:00,15.69
2025-05-10T00:00:00+02:00,15.684
2025-05-10T12:00:00+02:00,15.679
2025-05-11T00:00:00+02:00,15.686
2025-05-11T12:00:00+02:00,15.684
2025-05-12T00:00:00+02:00,15.683
2025-05-12T12:00:00+02:00,15.664
2025-05-13T00:00:00+02:00,15.641
2025-05-13T12:00:00+02:00,15.61
2025-05-14T00:00:00+02:00,15.601
2025-05-14T12:00:00+02:00,15.585
2025-05-15T00:00:00+02:00,15.577
2025-05-15T12:00:00+02:00,15.557
2025-05-16T00:00:00+02:00,15.602
2025-05-16T12:00:00+02:00,15.543
2025-05-17T00:00:00+02:00,15.54
2025-05-17T12:00:00+02:00,15.588
2025-05-18T00:00:00+02:00,15.545
2025-05-18T12:00:00+02:00,15.521
2025-05-19T00:00:00+02:00,15.517
2025-05-19T12:00:00+02:00,15.504
2025-05-20T00:00:00+02:00,15.5
2025-05-20T12:00:00+02:00,15.486
2025-05-21T00:00:00+02:00,15.482
2025-05-21T12:00:00+02:00,15.47
2025-05-22T00:00:00+02:00,15.472
2025-05-22T12:00:00+02:00,15.455
2025-05-23T00:00:00+02:00,15.444
2025-05-23T12:00:00+02:00,15.433
2025-05-24T00:00:00+02:00,15.427
2025-05-24T12:00:00+02:00,15.422
2025-05-25T00:00:00+02:00,15.432
2025-05-25T12:00:00+02:00,15.433
2025-05-26T00:00:00+02:00,15.427
2025-05-26T12:00:00+02:00,15.413
2025-05-27T00:00:00+02:00,15.413
2025-05-27T12:00:00+02:00,15.42
2025-05-28T00:00:00+02:00,15.432
2025-05-28T12:00:00+02:00,15.443
2025-05-29T00:00:00+02:00,15.421
2025-05-29T12:00:00+02:00,15.41
2025-05-30T00:00:00+02:00,15.427
2025-05-30T12:00:00+02:00,15.43
2025-05-31T00:00:00+02:00,15.434
2025-05-31T12:00:00+02:00,15.43
2025-06-01T00:00:00+02:00,15.438
2025-06-01T12:00:00+02:00,15.43
2025-06-02T00:00:00+02:00,15.421
2025-06-02T12:00:00+02:00,15.408
2025-06-03T00:00:00+02:00,15.419
2025-06-03T12:00:00+02:00,15.423
2025-06-04T00:00:00+02:00,15.43
2025-06-04T12:00:00+02:00,15.426
2025-06-05T00:00:00+02:00,15.415
2025-06-05T12:00:00+02:00,15.41
2025-06-06T00:00:00+02:00,15.421
2025-06-06T12:00:00+02:00,15.41
2025-06-07T00:00:00+02:00,15.399
2025-06-07T12:00:00+02:00,15.399
2025-06-08T00:00:00+02:00,15.44
2025-06-08T12:00:00+02:00,15.419
2025-06-09T00:00:00+02:00,15.385
2025-06-09T12:00:00+02:00,15.383
2025-06-10T00:00:00+02:00,15.402
2025-06-10T12:00:00+02:00,15.425
2025-06-11T00:00:00+02:00,15.417
2025-06-11T12:00:00+02:00,15.402
2025-06-12T00:00:00+02:00,15.405
2025-06-12T12:00:00+02:00,15.412
2025-06-13T00:00:00+02:00,15.408
2025-06-13T12:00:00+02:00,15.39
2025-06-14T00:00:00+02:00,15.383
2025-06-14T12:00:00+02:00,15.378
2025-06-15T00:00:00+02:00,15.363
2025-06-15T12:00:00+02:00,15.349
2025-06-16T00:00:00+02:00,15.338
2025-06-16T12:00:00+02:00,15.322
2025-06-17T00:00:00+02:00,15.312
2025-06-17T12:00:00+02:00,15.303
2025-06-18T00:00:00+02:00,15.307
2025-06-18T12:00:00+02:00,15.302
2025-06-19T00:00:00+02:00,15.287
2025-06-19T12:00:00+02:00,15.241
2025-06-20T00:00:00+02:00,15.249
2025-06-20T12:00:00+02:00,15.241
2025-06-21T00:00:00+02:00,15.242
2025-06-21T12:00:00+02:00,15.233
2025-06-22T00:00:00+02:00,15.235
2025-06-22T12:00:00+02:00,15.23
2025-06-23T00:00:00+02:00,15.223
2025-06-23T12:00:00+02:00,15.217
2025-06-24T00:00:00+02:00,15.196
2025-06-24T12:00:00+02:00,15.185
2025-06-25T00:00:00+02:00,15.188
2025-06-25T12:00:00+02:00,15.187
2025-06-26T00:00:00+02:00,15.177
2025-06-26T12:00:00+02:00,15.162
2025-06-27T00:00:00+02:00,15.142
2025-06-27T12:00:00+02:00,15.139
2025-06-28T00:00:00+02:00,15.136
2025-06-28T12:00:00+02:00,15.128
2025-06-29T00:00:00+02:00,15.125
2025-06-29T12:00:00+02:00,15.125
2025-06-30T00:00:00+02:00,15.117
2025-06-30T12:00:00+02:00,15.13
2025-07-01T00:00:00+02:00,15.122
2025-07-01T12:00:00+02:00,15.112
2025-07-02T00:00:00+02:00,15.096
2025-07-02T12:00:00+02:00,15.081
2025-07-03T00:00:00+02:00,15.059
2025-07-03T12:00:00+02:00,15.025
2025-07-04T00:00:00+02:00,15.015
2025-07-04T12:00:00+02:00,15.007
2025-07-05T00:00:00+02:00,15.007
2025-07-05T12:00:00+02:00,15.017
2025-07-06T00:00:00+02:00,15.014
2025-07-06T12:00:00+02:00,15.02
2025-07-07T00:00:00+02:00,15.036
2025-07-07T12:00:00+02:00,15.034
2025-07-08T00:00:00+02:00,15.01
2025-07-08T12:00:00+02:00,14.997
2025-07-09T00:00:00+02:00,14.992
2025-07-09T12:00:00+02:00,14.995
2025-07-10T00:00:00+02:00,14.982
2025-07-10T12:00:00+02:00,14.981
2025-07-11T00:00:00+02:00,14.972
2025-07-11T12:00:00+02:00,14.977
2025-07-12T00:00:00+02:00,14.954
2025-07-12T12:00:00+02:00,14.968
2025-07-13T00:00:00+02:00,14.959
2025-07-13T12:00:00+02:00,14.965
2025-07-14T00:00:00+02:00,14.952
2025-07-14T12:00:00+02:00,14.945
2025-07-15T00:00:00+02:00,14.926
2025-07-15T12:00:00+02:00,14.917
2025-07-16T00:00:00+02:00,14.913
2025-07-16T12:00:00+02:00,14.922
2025-07-17T00:00:00+02:00,14.91
2025-07-17T12:00:00+02:00,14.907
2025-07-18T00:00:00+02:00,14.891
2025-07-18T12:00:00+02:00,14.898
2025-07-19T00:00:00+02:00,14.878
2025-07-19T12:00:00+02:00,14.881
2025-07-20T00:00:00+02:00,14.871
2025-07-20T12:00:00+02:00,14.884
2025-07-21T00:00:00+02:00,14.869
2025-07-21T12:00:00+02:00,14.865
2025-07-22T00:00:00+02:00,14.863
2025-07-22T12:00:00+02:00,14.853
2025-07-23T00:00:00+02:00,14.848
2025-07-23T12:00:00+02:00,14.855
2025-07-24T00:00:00+02:00,14.855
2025-07-24T12:00:00+02:00,14.86
2025-07-25T00:00:00+02:00,14.847
2025-07-25T12:00:00+02:00,14.848
2025-07-26T00:00:00+02:00,14.85
2025-07-26T12:00:00+02:00,14.863
2025-07-27T00:00:00+02:00,14.849
2025-07-27T12:00:00+02:00,14.856
2025-07-28T00:00:00+02:00,14.843
2025-07-28T12:00:00+02:00,14.845
2025-07-29T00:00:00+02:00,14.829
2025-07-29T12:00:00+02:00,14.84
2025-07-30T00:00:00+02:00,14.832
2025-07-30T12:00:00+02:00,14.835
2025-07-31T00:00:00+02:00,14.811
2025-07-31T12:00:00+02:00,14.824
2025-08-01T00:00:00+02:00,14.825
2025-08-01T12:00:00+02:00,14.83
2025-08-02T00:00:00+02:00,14.827
2025-08-02T12:00:00+02:00,14.828
2025-08-03T00:00:00+02:00,14.818
2025-08-03T12:00:00+02:00,14.823
2025-08-04T00:00:00+02:00,14.802
2025-08-04T12:00:00+02:00,14.816
2025-08-05T00:00:00+02:00,14.808
2025-08-05T12:00:00+02:00,14.814
2025-08-06T00:00:00+02:00,14.788
2025-08-06T12:00:00+02:00,14.79
2025-08-07T00:00:00+02:00,14.782
2025-08-07T12:00:00+02:00,14.788
2025-08-08T00:00:00+02:00,14.77
2025-08-08T12:00:00+02:00,14.757
2025-08-09T00:00:00+02:00,14.743
2025-08-09T12:00:00+02:00,14.738
2025-08-10T00:00:00+02:00,14.722
2025-08-10T12:00:00+02:00,14.716
2025-08-11T00:00:00+02:00,14.702
2025-08-11T12:00:00+02:00,14.705
2025-08-12T00:00:00+02:00,14.693
2025-08-12T12:00:00+02:00,14.695
2025-08-13T00:00:00+02:00,14.68
2025-08-13T12:00:00+02:00,14.668
2025-08-14T00:00:00+02:00,14.647
2025-08-14T12:00:00+02:00,14.64
2025-08-15T00:00:00+02:00,14.618
2025-08-15T12:00:00+02:00,14.608
2025-08-16T00:00:00+02:00,14.598
2025-08-16T12:00:00+02:00,14.602
2025-08-17T00:00:00+02:00,14.604
2025-08-17T12:00:00+02:00,14.6
2025-08-18T00:00:00+02:00,14.599
2025-08-18T12:00:00+02:00,14.606
2025-08-19T00:00:00+02:00,14.595
2025-08-19T12:00:00+02:00,14.598
2025-08-20T00:00:00+02:00,14.58
2025-08-20T12:00:00+02:00,14.57
2025-08-21T00:00:00+02:00,14.556
2025-08-21T12:00:00+02:00,14.548
2025-08-22T00:00:00+02:00,14.529
2025-08-22T12:00:00+02:00,14.52
2025-08-23T00:00:00+02:00,14.522
2025-08-23T12:00:00+02:00,14.532
2025-08-24T00:00:00+02:00,14.517
2025-08-24T12:00:00+02:00,14.518
2025-08-25T00:00:00+02:00,14.509
2025-08-25T12:00:00+02:00,14.511
2025-08-26T00:00:00+02:00,14.51
2025-08-26T12:00:00+02:00,14.519
2025-08-27T00:00:00+02:00,14.504
2025-08-27T12:00:00+02:00,14.489
2025-08-28T00:00:00+02:00,14.48
2025-08-28T12:00:00+02:00,14.478
2025-08-29T00:00:00+02:00,14.467
2025-08-29T12:00:00+02:00,14.468
2025-08-30T00:00:00+02:00,14.456
2025-08-30T12:00:00+02:00,14.463
2025-08-31T00:00:00+02:00,14.458
2025-08-31T12:00:00+02:00,14.455
2025-09-01T00:00:00+02:00,14.46
2025-09-01T12:00:00+02:00,14.463
2021-03-12T12:32:00+01:00,15.72
2022-03-15T09:35:00+01:00,15.85
2022-09-13T11:38:00+02:00,14.16
2023-03-08T15:23:00+01:00,15.45
2023-09-12T10:22:00+02:00,15.22
2024-03-07T14:46:00+01:00,16.7
2024-09-10T12:32:00+02:00,15.64
2025-03-11T10:13:00+01:00,16.31
2021-03-11T06:00:00+01:00,15.714
2021-03-11T18:00:00+01:00,15.719
2021-03-12T06:00:00+01:00,15.651
2021-03-12T18:00:00+01:00,15.868
2021-03-13T06:00:00+01:00,16.473
2021-03-13T18:00:00+01:00,15.977
2021-03-14T06:00:00+01:00,15.673
2021-03-14T18:00:00+01:00,15.675
2021-03-15T06:00:00+01:00,16.248
2021-03-15T18:00:00+01:00,16.116
2021-03-16T06:00:00+01:00,15.734
2021-03-16T18:00:00+01:00,16.159
2021-03-17T06:00:00+01:00,15.985
2021-03-17T18:00:00+01:00,15.925
2021-03-18T06:00:00+01:00,15.797
2021-03-18T18:00:00+01:00,16.1
2021-03-19T06:00:00+01:00,15.833
2021-03-19T18:00:00+01:00,15.82
2021-03-20T06:00:00+01:00,15.818
2021-03-20T18:00:00+01:00,15.83
2021-03-21T06:00:00+01:00,15.848
2021-03-21T18:00:00+01:00,15.839
2021-03-22T06:00:00+01:00,15.836
2021-03-22T18:00:00+01:00,15.823
2021-03-23T06:00:00+01:00,15.821
2021-03-23T18:00:00+01:00,15.818
2021-03-24T06:00:00+01:00,15.812
2021-03-24T18:00:00+01:00,15.819
2021-03-25T06:00:00+01:00,15.809
2021-03-25T18:00:00+01:00,15.806
2021-03-26T06:00:00+01:00,15.807
2021-03-26T18:00:00+01:00,15.817
2021-03-27T06:00:00+01:00,16.187
2021-03-27T18:00:00+01:00,15.765
2021-03-28T07:00:00+02:00,15.745
2021-03-28T19:00:00+02:00,15.748
2021-03-29T07:00:00+02:00,15.741
2021-03-29T19:00:00+02:00,15.74
2021-03-30T07:00:00+02:00,15.729
2021-03-30T19:00:00+02:00,15.745
2021-03-31T07:00:00+02:00,15.764
2021-03-31T19:00:00+02:00,15.767
2022-03-11T06:00:00+01:00,15.872
2022-03-11T18:00:00+01:00,15.877
2022-06-10T01:00:00+02:00,15.037
2022-06-10T13:00:00+02:00,15.046
2022-06-14T01:00:00+02:00,15.029
2022-06-14T13:00:00+02:00,15.035
2022-09-13T01:00:00+02:00,14.096
2022-09-13T13:00:00+02:00,14.102
2023-03-16T06:00:00+01:00,15.824
2023-03-16T18:00:00+01:00,15.932
2023-06-22T07:00:00+02:00,15.125
2023-06-22T19:00:00+02:00,15.16
2023-06-24T07:00:00+02:00,15.129
2023-06-24T19:00:00+02:00,15.152
2023-07-01T07:00:00+02:00,15.202
2023-07-01T19:00:00+02:00,15.148
2024-09-09T07:00:00+02:00,15.684
2024-09-09T19:00:00+02:00,15.655
2024-09-10T07:00:00+02:00,15.644
2025-03-11T01:00:00+01:00,16.327
2025-03-11T12:00:00+01:00,16.327
2025-03-28T00:00:00+01:00,16.1
2025-03-28T12:00:00+01:00,16.1
2025-03-29T00:00:00+01:00,16.088
2025-03-29T12:00:00+01:00,16.051
2025-03-31T00:00:00+02:00,16.033
2025-03-31T12:00:00+02:00,16.006
2025-04-01T00:00:00+02:00,16.008
2025-04-01T12:00:00+02:00,16.005
