date,water_level_nap_m
2021-01-02T06:00:00+01:00,16.318
2021-01-02T18:00:00+01:00,16.322
2021-01-03T06:00:00+01:00,16.325
2021-01-03T18:00:00+01:00,16.331
2021-01-04T06:00:00+01:00,16.331
2021-01-04T18:00:00+01:00,16.336
2021-01-05T06:00:00+01:00,16.335
2021-01-05T18:00:00+01:00,16.34
2021-01-06T06:00:00+01:00,16.345
2021-01-06T18:00:00+01:00,16.347
2021-01-07T06:00:00+01:00,16.354
2021-01-07T18:00:00+01:00,16.353
2021-01-08T06:00:00+01:00,16.354
2021-01-08T18:00:00+01:00,16.354
2021-01-09T06:00:00+01:00,16.356
2021-01-09T18:00:00+01:00,16.363
2021-01-10T06:00:00+01:00,16.371
2021-01-10T18:00:00+01:00,16.378
2021-01-11T06:00:00+01:00,16.385
2021-01-11T18:00:00+01:00,16.402
2021-01-12T06:00:00+01:00,16.412
2021-01-12T18:00:00+01:00,16.377
2021-01-13T06:00:00+01:00,16.4
2021-01-13T18:00:00+01:00,16.408
2021-01-14T06:00:00+01:00,16.407
2021-01-14T18:00:00+01:00,16.409
2021-01-15T06:00:00+01:00,16.396
2021-01-15T18:00:00+01:00,16.407
2021-01-16T06:00:00+01:00,16.425
2021-01-16T18:00:00+01:00,16.446
2021-01-17T06:00:00+01:00,16.44
2021-01-17T18:00:00+01:00,16.42
2021-01-18T06:00:00+01:00,16.44
2021-01-18T18:00:00+01:00,16.45
2021-01-19T06:00:00+01:00,16.487
2021-01-19T18:00:00+01:00,16.478
2021-01-20T06:00:00+01:00,16.501
2021-01-20T18:00:00+01:00,16.51
2021-01-21T06:00:00+01:00,16.493
2021-01-21T18:00:00+01:00,16.524
2021-01-22T06:00:00+01:00,16.503
2021-01-22T18:00:00+01:00,16.502
2021-01-23T06:00:00+01:00,16.528
2021-01-23T18:00:00+01:00,16.539
2021-01-24T06:00:00+01:00,16.521
2021-01-24T18:00:00+01:00,16.546
2021-01-25T06:00:00+01:00,16.54
2021-01-25T18:00:00+01:00,16.54
2021-01-26T06:00:00+01:00,16.53
2021-01-26T18:00:00+01:00,16.558
2021-01-27T06:00:00+01:00,16.602
2021-01-27T18:00:00+01:00,16.585
2021-01-28T06:00:00+01:00,16.645
2021-01-28T18:00:00+01:00,16.639
2021-01-29T06:00:00+01:00,16.696
2021-01-29T18:00:00+01:00,16.734
2021-01-30T06:00:00+01:00,16.764
2021-01-30T18:00:00+01:00,16.782
2021-01-31T06:00:00+01:00,16.79
2021-01-31T18:00:00+01:00,16.841
2021-02-01T06:00:00+01:00,16.845
2021-02-01T18:00:00+01:00,16.788
2021-02-02T06:00:00+01:00,16.803
2021-02-02T18:00:00+01:00,16.81
2021-02-03T06:00:00+01:00,16.842
2021-02-03T18:00:00+01:00,16.855
2021-02-04T06:00:00+01:00,16.886
2021-02-04T18:00:00+01:00,16.961
2021-02-05T06:00:00+01:00,17.031
2021-02-05T18:00:00+01:00,17.053
2021-02-06T06:00:00+01:00,17.078
2021-02-06T18:00:00+01:00,17.097
2021-02-07T06:00:00+01:00,17.123
2021-02-07T18:00:00+01:00,17.122
2021-02-08T06:00:00+01:00,17.133
2021-02-08T18:00:00+01:00,17.132
2021-02-09T06:00:00+01:00,17.128
2021-02-09T18:00:00+01:00,17.126
2021-02-10T06:00:00+01:00,17.106
2021-02-10T18:00:00+01:00,17.068
2021-02-11T06:00:00+01:00,17.052
2021-02-11T18:00:00+01:00,17.068
2021-02-12T06:00:00+01:00,17.081
2021-02-12T18:00:00+01:00,17.085
2021-02-13T06:00:00+01:00,17.079
2021-02-13T18:00:00+01:00,17.09
2021-02-14T06:00:00+01:00,17.109
2021-02-14T18:00:00+01:00,17.121
2021-02-15T06:00:00+01:00,17.131
2021-02-15T18:00:00+01:00,17.106
2021-02-16T06:00:00+01:00,17.116
2021-02-16T18:00:00+01:00,17.146
2021-02-17T06:00:00+01:00,17.103
2021-02-17T18:00:00+01:00,17.099
2021-02-18T06:00:00+01:00,17.128
2021-02-18T18:00:00+01:00,17.15
2021-02-19T06:00:00+01:00,17.104
2021-02-19T18:00:00+01:00,17.133
2021-02-20T06:00:00+01:00,17.148
2021-02-20T18:00:00+01:00,17.158
2021-02-21T06:00:00+01:00,17.152
2021-02-21T18:00:00+01:00,17.155
2021-02-22T06:00:00+01:00,17.153
2021-02-22T18:00:00+01:00,17.117
2021-02-23T06:00:00+01:00,17.105
2021-02-23T18:00:00+01:00,17.094
2021-02-24T06:00:00+01:00,17.107
2021-02-24T18:00:00+01:00,17.114
2021-02-25T06:00:00+01:00,17.102
2021-02-25T18:00:00+01:00,17.069
2021-02-26T06:00:00+01:00,17.052
2021-02-26T18:00:00+01:00,17.051
2021-02-27T06:00:00+01:00,17.074
2021-02-27T18:00:00+01:00,17.086
2021-02-28T06:00:00+01:00,17.104
2021-02-28T18:00:00+01:00,17.109
2021-03-01T06:00:00+01:00,17.101
2021-03-01T18:00:00+01:00,17.107
2021-03-02T06:00:00+01:00,17.116
2021-03-02T18:00:00+01:00,17.116
2021-03-03T06:00:00+01:00,17.116
2021-03-03T18:00:00+01:00,17.114
2021-03-04T06:00:00+01:00,17.123
2021-03-04T18:00:00+01:00,17.111
2021-03-05T06:00:00+01:00,17.085
2021-03-05T18:00:00+01:00,17.073
2021-03-06T06:00:00+01:00,17.085
2021-03-06T18:00:00+01:00,17.095
2021-03-07T06:00:00+01:00,17.101
2021-03-07T18:00:00+01:00,17.092
2021-03-08T06:00:00+01:00,17.075
2021-03-08T18:00:00+01:00,17.086
2021-03-09T06:00:00+01:00,17.111
2021-03-09T18:00:00+01:00,17.098
2021-03-10T06:00:00+01:00,17.094
2021-03-10T18:00:00+01:00,17.116
2021-03-11T06:00:00+01:00,17.161
2021-03-11T18:00:00+01:00,17.12
2021-03-12T06:00:00+01:00,17.084
2021-03-12T18:00:00+01:00,17.113
2021-03-13T06:00:00+01:00,17.168
2021-03-13T18:00:00+01:00,17.104
2021-03-14T06:00:00+01:00,17.063
2021-03-14T18:00:00+01:00,17.06
2021-04-01T07:00:00+02:00,17.132
2021-04-01T19:00:00+02:00,17.115
2021-04-02T07:00:00+02:00,17.113
2021-04-02T19:00:00+02:00,17.113
2021-04-03T07:00:00+02:00,17.12
2021-04-03T19:00:00+02:00,17.127
2021-04-04T07:00:00+02:00,17.13
2021-04-04T19:00:00+02:00,17.166
2021-04-05T07:00:00+02:00,17.221
2021-04-05T19:00:00+02:00,17.164
2021-04-06T07:00:00+02:00,17.161
2021-04-06T19:00:00+02:00,17.164
2021-04-07T07:00:00+02:00,17.157
2021-04-07T19:00:00+02:00,17.13
2021-04-08T07:00:00+02:00,17.116
2021-04-08T19:00:00+02:00,17.161
2021-04-09T07:00:00+02:00,17.173
2021-04-09T19:00:00+02:00,17.19
2021-04-10T07:00:00+02:00,17.174
2021-04-10T19:00:00+02:00,17.205
2021-04-11T07:00:00+02:00,17.201
2021-04-11T19:00:00+02:00,17.198
2021-04-12T07:00:00+02:00,17.175
2021-04-12T19:00:00+02:00,17.151
2021-04-13T07:00:00+02:00,17.137
2021-04-13T19:00:00+02:00,17.158
2021-04-14T07:00:00+02:00,17.15
2021-04-14T19:00:00+02:00,17.177
2021-04-15T07:00:00+02:00,17.192
2021-04-15T19:00:00+02:00,17.21
2021-04-16T07:00:00+02:00,17.196
2021-04-16T19:00:00+02:00,17.215
2021-04-17T07:00:00+02:00,17.207
2021-04-17T19:00:00+02:00,17.221
2021-04-18T07:00:00+02:00,17.207
2021-04-18T19:00:00+02:00,17.208
2021-04-19T07:00:00+02:00,17.205
2021-04-19T19:00:00+02:00,17.201
2021-04-20T07:00:00+02:00,17.204
2021-04-20T19:00:00+02:00,17.205
2021-04-21T07:00:00+02:00,17.18
2021-04-21T19:00:00+02:00,17.129
2021-04-22T07:00:00+02:00,17.071
2021-04-22T19:00:00+02:00,17.051
2021-04-23T07:00:00+02:00,17.038
2021-04-23T19:00:00+02:00,17.08
2021-04-24T07:00:00+02:00,17.08
2021-04-24T19:00:00+02:00,17.093
2021-04-25T07:00:00+02:00,17.075
2021-04-25T19:00:00+02:00,17.098
2021-04-26T07:00:00+02:00,17.102
2021-04-26T19:00:00+02:00,17.121
2021-04-27T07:00:00+02:00,17.126
2021-04-27T19:00:00+02:00,17.136
2021-04-28T07:00:00+02:00,17.121
2021-04-28T19:00:00+02:00,17.107
2021-04-29T07:00:00+02:00,17.08
2021-04-29T19:00:00+02:00,17.039
2021-04-30T07:00:00+02:00,17.033
2021-04-30T19:00:00+02:00,17.031
2021-05-01T07:00:00+02:00,17.013
2021-05-01T19:00:00+02:00,17.003
2021-05-02T07:00:00+02:00,16.986
2021-05-02T19:00:00+02:00,16.985
2021-05-03T07:00:00+02:00,17.009
2021-05-03T19:00:00+02:00,17.067
2021-05-04T07:00:00+02:00,17.114
2021-05-04T19:00:00+02:00,17.088
2021-05-05T07:00:00+02:00,17.072
2021-05-05T19:00:00+02:00,17.056
2021-05-06T07:00:00+02:00,17.069
2021-05-06T19:00:00+02:00,17.055
2021-05-07T07:00:00+02:00,17.013
2021-05-07T19:00:00+02:00,16.991
2021-05-08T07:00:00+02:00,17.016
2021-05-08T19:00:00+02:00,17.058
2021-05-09T07:00:00+02:00,17.083
2021-05-09T19:00:00+02:00,17.094
2021-05-10T07:00:00+02:00,17.066
2021-05-10T19:00:00+02:00,17.039
2021-05-11T07:00:00+02:00,17.028
2021-05-11T19:00:00+02:00,17.019
2021-05-12T07:00:00+02:00,17.015
2021-05-12T19:00:00+02:00,17.021
2021-05-13T07:00:00+02:00,17.048
2021-05-13T19:00:00+02:00,17.028
2021-05-14T07:00:00+02:00,17.016
2021-05-14T19:00:00+02:00,17.029
2021-05-15T07:00:00+02:00,17.038
2021-05-15T19:00:00+02:00,17.071
2021-05-16T07:00:00+02:00,17.06
2021-05-16T19:00:00+02:00,17.057
2021-05-17T07:00:00+02:00,17.044
2021-05-17T19:00:00+02:00,17.0
2021-05-18T07:00:00+02:00,16.981
2021-05-18T19:00:00+02:00,16.972
2021-05-19T07:00:00+02:00,16.965
2021-05-19T19:00:00+02:00,16.951
2021-05-20T07:00:00+02:00,16.941
2021-05-20T19:00:00+02:00,16.995
2021-05-21T07:00:00+02:00,17.032
2021-05-21T19:00:00+02:00,17.048
2021-05-22T07:00:00+02:00,17.054
2021-05-22T19:00:00+02:00,17.019
2021-05-23T07:00:00+02:00,17.009
2021-05-23T19:00:00+02:00,17.014
2021-05-24T07:00:00+02:00,17.041
2021-05-24T19:00:00+02:00,17.045
2021-05-25T07:00:00+02:00,17.01
2021-05-25T19:00:00+02:00,16.974
2021-05-26T07:00:00+02:00,16.978
2021-05-26T19:00:00+02:00,16.945
2021-05-27T07:00:00+02:00,16.929
2021-05-27T19:00:00+02:00,16.905
2021-05-28T07:00:00+02:00,16.895
2021-05-28T19:00:00+02:00,16.919
2021-05-29T07:00:00+02:00,16.906
2021-05-29T19:00:00+02:00,16.896
2021-05-30T07:00:00+02:00,16.893
2021-05-30T19:00:00+02:00,16.907
2021-05-31T07:00:00+02:00,16.891
2021-05-31T19:00:00+02:00,16.896
2021-06-01T07:00:00+02:00,16.886
2021-06-01T19:00:00+02:00,16.9
2021-06-02T07:00:00+02:00,16.876
2021-06-02T19:00:00+02:00,16.859
2021-06-03T07:00:00+02:00,16.83
2021-06-03T19:00:00+02:00,16.816
2021-06-04T07:00:00+02:00,16.818
2021-06-04T19:00:00+02:00,16.886
2021-06-05T07:00:00+02:00,16.921
2021-06-05T19:00:00+02:00,16.917
2021-06-06T07:00:00+02:00,16.932
2021-06-06T19:00:00+02:00,16.942
2021-06-07T07:00:00+02:00,16.941
2021-06-07T19:00:00+02:00,16.947
2021-06-08T07:00:00+02:00,16.934
2021-06-08T19:00:00+02:00,16.939
2021-06-09T07:00:00+02:00,16.921
2021-06-09T19:00:00+02:00,16.905
2021-06-10T07:00:00+02:00,16.894
2021-06-10T19:00:00+02:00,16.888
2021-06-11T07:00:00+02:00,16.863
2021-06-11T19:00:00+02:00,16.858
2021-06-12T07:00:00+02:00,16.843
2021-06-12T19:00:00+02:00,16.817
2021-06-13T07:00:00+02:00,16.801
2021-06-13T19:00:00+02:00,16.819
2021-06-14T07:00:00+02:00,16.824
2021-06-14T19:00:00+02:00,16.824
2021-06-15T07:00:00+02:00,16.79
2021-06-15T19:00:00+02:00,16.784
2021-06-16T07:00:00+02:00,16.793
2021-06-16T19:00:00+02:00,16.798
2021-06-17T07:00:00+02:00,16.78
2021-06-17T19:00:00+02:00,16.74
2021-06-18T07:00:00+02:00,16.728
2021-06-18T19:00:00+02:00,16.74
2021-06-19T07:00:00+02:00,16.717
2021-06-19T19:00:00+02:00,16.742
2021-06-20T07:00:00+02:00,16.753
2021-06-20T19:00:00+02:00,16.755
2021-06-21T07:00:00+02:00,16.77
2021-06-21T19:00:00+02:00,16.776
2021-06-22T07:00:00+02:00,16.788
2021-06-22T19:00:00+02:00,16.797
2021-06-23T07:00:00+02:00,16.803
2021-06-23T19:00:00+02:00,16.826
2021-06-24T07:00:00+02:00,16.846
2021-06-24T19:00:00+02:00,16.853
2021-06-25T07:00:00+02:00,16.876
2021-06-25T19:00:00+02:00,16.866
2021-06-26T07:00:00+02:00,16.876
2021-06-26T19:00:00+02:00,16.88
2021-06-27T07:00:00+02:00,16.882
2021-06-27T19:00:00+02:00,16.886
2021-06-28T07:00:00+02:00,16.891
2021-06-28T19:00:00+02:00,16.902
2021-06-29T07:00:00+02:00,16.909
2021-06-29T19:00:00+02:00,16.912
2021-06-30T07:00:00+02:00,16.918
2021-06-30T19:00:00+02:00,16.911
2021-07-01T07:00:00+02:00,16.93
2021-07-01T19:00:00+02:00,16.953
2021-07-02T07:00:00+02:00,16.966
2021-07-02T19:00:00+02:00,16.973
2021-07-03T07:00:00+02:00,16.976
2021-07-03T19:00:00+02:00,16.987
2021-07-04T07:00:00+02:00,17.014
2021-07-04T19:00:00+02:00,17.033
2021-07-05T07:00:00+02:00,17.051
2021-07-05T19:00:00+02:00,17.076
2021-07-06T07:00:00+02:00,17.112
2021-07-06T19:00:00+02:00,17.072
2021-07-07T07:00:00+02:00,17.055
2021-07-07T19:00:00+02:00,17.046
2021-07-08T07:00:00+02:00,17.042
2021-07-08T19:00:00+02:00,17.046
2021-07-09T07:00:00+02:00,17.051
2021-07-09T19:00:00+02:00,17.077
2021-07-10T07:00:00+02:00,17.085
2021-07-10T19:00:00+02:00,17.094
2021-07-11T07:00:00+02:00,17.102
2021-07-11T19:00:00+02:00,17.104
2021-07-12T07:00:00+02:00,17.127
2021-07-12T19:00:00+02:00,17.114
2021-07-13T07:00:00+02:00,17.098
2021-07-13T19:00:00+02:00,17.095
2021-07-14T07:00:00+02:00,17.101
2021-07-14T19:00:00+02:00,17.104
2021-07-15T07:00:00+02:00,17.177
2021-07-15T19:00:00+02:00,17.389
2021-07-16T07:00:00+02:00,17.426
2021-07-16T19:00:00+02:00,17.436
2021-07-17T07:00:00+02:00,17.436
2021-07-17T19:00:00+02:00,17.418
2021-07-18T07:00:00+02:00,17.413
2021-07-18T19:00:00+02:00,17.4
2021-07-19T07:00:00+02:00,17.384
2021-07-19T19:00:00+02:00,17.379
2021-07-20T07:00:00+02:00,17.359
2021-07-20T19:00:00+02:00,17.343
2021-07-21T07:00:00+02:00,17.324
2021-07-21T19:00:00+02:00,17.305
2021-07-22T07:00:00+02:00,17.301
2021-07-22T19:00:00+02:00,17.291
2021-07-23T07:00:00+02:00,17.284
2021-07-23T19:00:00+02:00,17.302
2021-07-24T07:00:00+02:00,17.298
2021-07-24T19:00:00+02:00,17.287
2021-07-25T07:00:00+02:00,17.289
2021-07-25T19:00:00+02:00,17.267
2021-07-26T07:00:00+02:00,17.26
2021-07-26T19:00:00+02:00,17.244
2021-07-27T07:00:00+02:00,17.243
2021-07-27T19:00:00+02:00,17.248
2021-07-28T07:00:00+02:00,17.244
2021-07-28T19:00:00+02:00,17.227
2021-07-29T07:00:00+02:00,17.222
2021-07-29T19:00:00+02:00,17.209
2021-07-30T07:00:00+02:00,17.215
2021-07-30T19:00:00+02:00,17.216
2021-07-31T07:00:00+02:00,17.2
2021-07-31T19:00:00+02:00,17.177
2021-08-01T07:00:00+02:00,17.181
2021-08-01T19:00:00+02:00,17.171
2021-08-02T07:00:00+02:00,17.154
2021-08-02T19:00:00+02:00,17.155
2021-08-03T07:00:00+02:00,17.163
2021-08-03T19:00:00+02:00,17.163
2021-08-04T07:00:00+02:00,17.154
2021-08-04T19:00:00+02:00,17.156
2021-08-05T07:00:00+02:00,17.154
2021-08-05T19:00:00+02:00,17.158
2021-08-06T07:00:00+02:00,17.154
2021-08-06T19:00:00+02:00,17.122
2021-08-07T07:00:00+02:00,17.124
2021-08-07T19:00:00+02:00,17.127
2021-08-08T07:00:00+02:00,17.092
2021-08-08T19:00:00+02:00,17.063
2021-08-09T07:00:00+02:00,17.053
2021-08-09T19:00:00+02:00,17.052
2021-08-10T07:00:00+02:00,17.054
2021-08-10T19:00:00+02:00,17.052
2021-08-11T07:00:00+02:00,17.034
2021-08-11T19:00:00+02:00,17.041
2021-08-12T07:00:00+02:00,17.04
2021-08-12T19:00:00+02:00,17.036
2021-08-13T07:00:00+02:00,17.017
2021-08-13T19:00:00+02:00,17.017
2021-08-14T07:00:00+02:00,17.026
2021-08-14T19:00:00+02:00,17.028
2021-08-15T07:00:00+02:00,17.041
2021-08-15T19:00:00+02:00,17.056
2021-08-16T07:00:00+02:00,17.045
2021-08-16T19:00:00+02:00,16.999
2021-08-17T07:00:00+02:00,16.998
2021-08-17T19:00:00+02:00,17.013
2021-08-18T07:00:00+02:00,16.994
2021-08-18T19:00:00+02:00,17.008
2021-08-19T07:00:00+02:00,17.022
2021-08-19T19:00:00+02:00,17.007
2021-08-20T07:00:00+02:00,16.977
2021-08-20T19:00:00+02:00,16.968
2021-08-21T07:00:00+02:00,16.987
2021-08-21T19:00:00+02:00,16.987
2021-08-22T07:00:00+02:00,16.966
2021-08-22T19:00:00+02:00,16.959
2021-08-23T07:00:00+02:00,16.945
2021-08-23T19:00:00+02:00,16.928
2021-08-24T07:00:00+02:00,16.919
2021-08-24T19:00:00+02:00,16.949
2021-08-25T07:00:00+02:00,16.966
2021-08-25T19:00:00+02:00,16.974
2021-08-26T07:00:00+02:00,16.983
2021-08-26T19:00:00+02:00,16.98
2021-08-27T07:00:00+02:00,16.949
2021-08-27T19:00:00+02:00,16.949
2021-08-28T07:00:00+02:00,16.957
2021-08-28T19:00:00+02:00,16.939
2021-08-29T07:00:00+02:00,16.935
2021-08-29T19:00:00+02:00,16.949
2021-08-30T07:00:00+02:00,16.936
2021-08-30T19:00:00+02:00,16.922
2021-08-31T07:00:00+02:00,16.913
2021-08-31T19:00:00+02:00,16.903
2021-09-01T07:00:00+02:00,16.895
2021-09-01T19:00:00+02:00,16.913
2021-09-02T07:00:00+02:00,16.925
2021-09-02T19:00:00+02:00,16.927
2021-09-03T07:00:00+02:00,16.939
2021-09-03T19:00:00+02:00,16.932
2021-09-04T07:00:00+02:00,16.901
2021-09-04T19:00:00+02:00,16.902
2021-09-05T07:00:00+02:00,16.877
2021-09-05T19:00:00+02:00,16.855
2021-09-06T07:00:00+02:00,16.84
2021-09-06T19:00:00+02:00,16.844
2021-09-07T07:00:00+02:00,16.829
2021-09-07T19:00:00+02:00,16.841
2021-09-08T07:00:00+02:00,16.837
2021-09-08T19:00:00+02:00,16.859
2021-09-09T07:00:00+02:00,16.859
2021-09-09T19:00:00+02:00,16.822
2021-09-10T07:00:00+02:00,16.813
2021-09-10T19:00:00+02:00,16.801
2021-09-11T07:00:00+02:00,16.787
2021-09-11T19:00:00+02:00,16.781
2021-09-12T07:00:00+02:00,16.784
2021-09-12T19:00:00+02:00,16.787
2021-09-13T07:00:00+02:00,16.775
2021-09-13T19:00:00+02:00,16.781
2021-09-14T07:00:00+02:00,16.785
2021-09-14T19:00:00+02:00,16.787
2021-09-15T07:00:00+02:00,16.78
2021-09-15T19:00:00+02:00,16.751
2021-09-16T07:00:00+02:00,16.735
2021-09-16T19:00:00+02:00,16.736
2021-09-17T07:00:00+02:00,16.744
2021-09-17T19:00:00+02:00,16.737
2021-09-18T07:00:00+02:00,16.728
2021-09-18T19:00:00+02:00,16.735
2021-09-19T07:00:00+02:00,16.73
2021-09-19T19:00:00+02:00,16.721
2021-09-21T01:00:00+02:00,16.674
2021-09-21T13:00:00+02:00,16.666
2021-09-22T01:00:00+02:00,16.672
2021-09-22T13:00:00+02:00,16.74
2021-09-23T01:00:00+02:00,16.715
2021-09-23T13:00:00+02:00,16.723
2021-09-24T01:00:00+02:00,16.708
2021-09-24T13:00:00+02:00,16.731
2021-09-25T01:00:00+02:00,16.703
2021-09-25T13:00:00+02:00,16.715
2021-09-26T01:00:00+02:00,16.696
2021-09-26T13:00:00+02:00,16.676
2021-09-27T01:00:00+02:00,16.676
2021-09-27T13:00:00+02:00,16.608
2021-09-28T01:00:00+02:00,16.63
2021-09-28T13:00:00+02:00,16.694
2021-09-29T01:00:00+02:00,16.669
2021-09-29T13:00:00+02:00,16.557
2021-09-30T01:00:00+02:00,16.611
2021-09-30T13:00:00+02:00,16.693
2021-10-01T01:00:00+02:00,16.655
2021-10-01T13:00:00+02:00,16.682
2021-10-02T01:00:00+02:00,16.641
2021-10-02T13:00:00+02:00,16.791
2021-10-03T01:00:00+02:00,16.702
2021-10-03T13:00:00+02:00,16.659
2021-10-04T01:00:00+02:00,16.601
2021-10-04T13:00:00+02:00,16.63
2021-10-05T01:00:00+02:00,16.631
2021-10-05T13:00:00+02:00,16.623
2021-10-06T01:00:00+02:00,16.621
2021-10-06T13:00:00+02:00,16.5
2021-10-07T01:00:00+02:00,16.57
2021-10-07T13:00:00+02:00,16.544
2021-10-08T01:00:00+02:00,16.575
2021-10-08T13:00:00+02:00,16.616
2021-10-09T01:00:00+02:00,16.605
2021-10-09T13:00:00+02:00,16.624
2021-10-10T01:00:00+02:00,16.614
2021-10-10T13:00:00+02:00,16.624
2021-10-11T01:00:00+02:00,16.627
2021-10-11T13:00:00+02:00,16.648
2021-10-12T01:00:00+02:00,16.633
2021-10-12T13:00:00+02:00,16.617
2021-10-13T01:00:00+02:00,16.627
2021-10-13T13:00:00+02:00,16.607
2021-10-14T01:00:00+02:00,16.616
2021-10-14T13:00:00+02:00,16.698
2021-10-15T01:00:00+02:00,16.67
2021-10-15T13:00:00+02:00,16.609
2021-10-16T01:00:00+02:00,16.623
2021-10-16T13:00:00+02:00,16.64
2021-10-17T01:00:00+02:00,16.637
2021-10-17T13:00:00+02:00,16.629
2021-10-18T01:00:00+02:00,16.627
2021-10-18T13:00:00+02:00,16.657
2021-10-19T01:00:00+02:00,16.647
2021-10-19T13:00:00+02:00,16.71
2021-10-20T01:00:00+02:00,16.683
2021-10-20T13:00:00+02:00,16.714
2021-10-21T01:00:00+02:00,16.77
2021-10-21T13:00:00+02:00,16.525
2021-10-22T01:00:00+02:00,16.617
2021-10-22T13:00:00+02:00,16.546
2021-10-23T01:00:00+02:00,16.589
2021-10-23T13:00:00+02:00,16.623
2021-10-24T01:00:00+02:00,16.656
2021-10-24T13:00:00+02:00,16.719
2021-10-25T01:00:00+02:00,16.688
2021-10-25T13:00:00+02:00,16.7
2021-10-26T01:00:00+02:00,16.689
2021-10-26T13:00:00+02:00,16.654
2021-10-27T01:00:00+02:00,16.672
2021-10-27T13:00:00+02:00,16.698
2021-10-28T01:00:00+02:00,16.676
2021-10-28T13:00:00+02:00,16.758
2021-10-29T01:00:00+02:00,16.723
2021-10-29T13:00:00+02:00,16.725
2021-10-30T01:00:00+02:00,16.721
2021-10-30T13:00:00+02:00,16.68
2021-10-31T01:00:00+02:00,16.691
2021-10-31T12:00:00+01:00,16.761
2021-11-01T00:00:00+01:00,16.735
2021-11-01T12:00:00+01:00,16.723
2021-11-02T00:00:00+01:00,16.725
2021-11-02T12:00:00+01:00,16.718
2021-11-03T00:00:00+01:00,16.709
2021-11-03T12:00:00+01:00,16.725
2021-11-04T00:00:00+01:00,16.714
2021-11-04T12:00:00+01:00,16.691
2021-11-05T00:00:00+01:00,16.658
2021-11-05T12:00:00+01:00,16.634
2021-11-06T00:00:00+01:00,16.621
2021-11-06T12:00:00+01:00,16.661
2021-11-07T00:00:00+01:00,16.709
2021-11-07T12:00:00+01:00,16.705
2021-11-08T00:00:00+01:00,16.687
2021-11-08T12:00:00+01:00,16.679
2021-11-09T00:00:00+01:00,16.667
2021-11-09T12:00:00+01:00,16.668
2021-11-10T00:00:00+01:00,16.689
2021-11-10T12:00:00+01:00,16.689
2021-11-11T00:00:00+01:00,16.676
2021-11-11T12:00:00+01:00,16.677
2021-11-12T00:00:00+01:00,16.689
2021-11-12T12:00:00+01:00,16.727
2021-11-13T00:00:00+01:00,16.747
2021-11-13T12:00:00+01:00,16.743
2021-11-14T00:00:00+01:00,16.719
2021-11-14T12:00:00+01:00,16.675
2021-11-15T00:00:00+01:00,16.677
2021-11-15T12:00:00+01:00,16.694
2021-11-16T00:00:00+01:00,16.699
2021-11-16T12:00:00+01:00,16.727
2021-11-17T00:00:00+01:00,16.734
2021-11-17T12:00:00+01:00,16.715
2021-11-18T00:00:00+01:00,16.699
2021-11-18T12:00:00+01:00,16.7
2021-11-19T00:00:00+01:00,16.696
2021-11-19T12:00:00+01:00,16.71
2021-11-20T00:00:00+01:00,16.727
2021-11-20T12:00:00+01:00,16.754
2021-11-21T00:00:00+01:00,16.784
2021-11-21T12:00:00+01:00,16.772
2021-11-22T00:00:00+01:00,16.73
2021-11-22T12:00:00+01:00,16.703
2021-11-23T00:00:00+01:00,16.692
2021-11-23T12:00:00+01:00,16.688
2021-11-24T00:00:00+01:00,16.706
2021-11-24T12:00:00+01:00,16.756
2021-11-25T00:00:00+01:00,16.769
2021-11-25T12:00:00+01:00,16.776
2021-11-26T00:00:00+01:00,16.787
2021-11-26T12:00:00+01:00,16.841
2021-11-27T00:00:00+01:00,16.837
2021-11-27T12:00:00+01:00,16.801
2021-11-28T00:00:00+01:00,16.78
2021-11-28T12:00:00+01:00,16.757
2021-11-29T00:00:00+01:00,16.73
2021-11-29T12:00:00+01:00,16.72
2021-11-30T00:00:00+01:00,16.713
2021-11-30T12:00:00+01:00,16.747
2021-12-01T00:00:00+01:00,16.793
2021-12-01T12:00:00+01:00,16.807
2021-12-02T00:00:00+01:00,16.766
2021-12-02T12:00:00+01:00,16.758
2021-12-03T00:00:00+01:00,16.736
2021-12-03T12:00:00+01:00,16.786
2021-12-04T00:00:00+01:00,16.817
2021-12-04T12:00:00+01:00,16.836
2021-12-05T00:00:00+01:00,16.815
2021-12-05T12:00:00+01:00,16.809
2021-12-06T00:00:00+01:00,16.761
2021-12-06T12:00:00+01:00,16.783
2021-12-07T00:00:00+01:00,16.828
2021-12-07T12:00:00+01:00,16.83
2021-12-08T00:00:00+01:00,16.903
2021-12-08T12:00:00+01:00,16.871
2021-12-09T00:00:00+01:00,16.86
2021-12-09T12:00:00+01:00,16.857
2021-12-10T00:00:00+01:00,16.895
2021-12-10T12:00:00+01:00,16.916
2021-12-11T00:00:00+01:00,16.826
2021-12-11T12:00:00+01:00,16.786
2021-12-12T00:00:00+01:00,16.802
2021-12-12T12:00:00+01:00,16.806
2021-12-13T00:00:00+01:00,16.799
2021-12-13T12:00:00+01:00,16.814
2021-12-14T00:00:00+01:00,16.824
2021-12-14T12:00:00+01:00,16.832
2021-12-15T00:00:00+01:00,16.84
2021-12-15T12:00:00+01:00,16.832
2021-12-16T00:00:00+01:00,16.814
2021-12-16T12:00:00+01:00,16.82
2021-12-17T00:00:00+01:00,16.805
2021-12-17T12:00:00+01:00,16.816
2021-12-18T00:00:00+01:00,16.83
2021-12-18T12:00:00+01:00,16.837
2021-12-19T00:00:00+01:00,16.853
2021-12-19T12:00:00+01:00,16.889
2021-12-20T00:00:00+01:00,16.885
2021-12-20T12:00:00+01:00,16.879
2021-12-21T00:00:00+01:00,16.893
2021-12-21T12:00:00+01:00,16.891
2021-12-22T00:00:00+01:00,16.884
2021-12-22T12:00:00+01:00,16.901
2021-12-23T00:00:00+01:00,16.93
2021-12-23T12:00:00+01:00,16.952
2021-12-24T00:00:00+01:00,16.959
2021-12-24T12:00:00+01:00,16.936
2021-12-25T00:00:00+01:00,16.915
2021-12-25T12:00:00+01:00,16.903
2021-12-26T00:00:00+01:00,16.91
2021-12-26T12:00:00+01:00,16.922
2021-12-27T00:00:00+01:00,16.947
2021-12-27T12:00:00+01:00,16.968
2021-12-28T00:00:00+01:00,16.977
2021-12-28T12:00:00+01:00,16.989
2021-12-29T00:00:00+01:00,16.925
2021-12-29T12:00:00+01:00,16.916
2021-12-30T00:00:00+01:00,16.893
2021-12-30T12:00:00+01:00,16.907
2021-12-31T00:00:00+01:00,16.919
2021-12-31T12:00:00+01:00,16.932
2022-01-04T00:00:00+01:00,17.055
2022-01-04T12:00:00+01:00,17.064
2022-01-05T00:00:00+01:00,17.022
2022-01-05T12:00:00+01:00,16.997
2022-01-06T00:00:00+01:00,16.965
2022-01-06T12:00:00+01:00,16.953
2022-01-07T00:00:00+01:00,17.0
2022-01-07T12:00:00+01:00,17.033
2022-01-08T00:00:00+01:00,17.025
2022-01-08T12:00:00+01:00,17.053
2022-01-10T00:00:00+01:00,17.03
2022-01-10T12:00:00+01:00,17.003
2022-01-11T00:00:00+01:00,16.991
2022-01-11T12:00:00+01:00,17.008
2022-01-12T00:00:00+01:00,17.021
2022-01-12T12:00:00+01:00,16.994
2022-01-13T00:00:00+01:00,17.006
2022-01-13T12:00:00+01:00,17.034
2022-01-14T00:00:00+01:00,17.046
2022-01-14T12:00:00+01:00,17.063
2022-01-15T00:00:00+01:00,17.072
2022-01-15T12:00:00+01:00,17.081
2022-01-16T00:00:00+01:00,17.103
2022-01-16T12:00:00+01:00,17.072
2022-01-17T00:00:00+01:00,17.037
2022-01-17T12:00:00+01:00,17.03
2022-01-18T00:00:00+01:00,17.013
2022-01-18T12:00:00+01:00,17.02
2022-01-19T00:00:00+01:00,17.072
2022-01-19T12:00:00+01:00,17.102
2022-01-21T00:00:00+01:00,17.02
2022-01-21T12:00:00+01:00,17.027
2022-01-22T00:00:00+01:00,17.036
2022-01-22T12:00:00+01:00,17.022
2022-01-23T00:00:00+01:00,17.02
2022-01-23T12:00:00+01:00,17.035
2022-01-24T00:00:00+01:00,17.027
2022-01-24T12:00:00+01:00,17.027
2022-01-25T00:00:00+01:00,17.018
2022-01-25T12:00:00+01:00,16.999
2022-01-26T00:00:00+01:00,17.011
2022-01-26T12:00:00+01:00,17.028
2022-01-27T00:00:00+01:00,17.032
2022-01-27T12:00:00+01:00,17.051
2022-01-28T00:00:00+01:00,16.988
2022-01-28T12:00:00+01:00,16.966
2022-01-29T00:00:00+01:00,17.011
2022-01-29T12:00:00+01:00,17.044
2022-01-30T00:00:00+01:00,16.998
2022-01-30T12:00:00+01:00,16.999
2022-01-31T00:00:00+01:00,17.079
2022-01-31T12:00:00+01:00,17.045
2022-02-02T00:00:00+01:00,17.009
2022-02-02T12:00:00+01:00,16.996
2022-02-03T00:00:00+01:00,16.993
2022-02-03T12:00:00+01:00,17.018
2022-02-04T00:00:00+01:00,17.03
2022-02-04T12:00:00+01:00,17.067
2022-02-05T00:00:00+01:00,16.988
2022-02-05T12:00:00+01:00,16.986
2022-02-06T00:00:00+01:00,17.031
2022-02-06T12:00:00+01:00,17.094
2022-02-07T00:00:00+01:00,17.049
2022-02-07T12:00:00+01:00,17.008
2022-02-08T00:00:00+01:00,17.035
2022-02-08T12:00:00+01:00,17.069
2022-02-09T00:00:00+01:00,17.091
2022-02-09T12:00:00+01:00,17.1
2022-02-10T00:00:00+01:00,17.135
2022-02-10T12:00:00+01:00,17.13
2022-02-11T00:00:00+01:00,17.116
2022-02-11T12:00:00+01:00,17.092
2022-02-13T00:00:00+01:00,17.181
2022-02-13T12:00:00+01:00,17.216
2022-02-14T00:00:00+01:00,17.226
2022-02-14T12:00:00+01:00,17.189
2022-02-15T00:00:00+01:00,17.156
2022-02-15T12:00:00+01:00,17.145
2022-02-16T00:00:00+01:00,17.185
2022-02-16T12:00:00+01:00,17.224
2022-02-17T00:00:00+01:00,17.219
2022-02-17T12:00:00+01:00,17.16
2022-02-18T00:00:00+01:00,17.177
2022-02-18T12:00:00+01:00,17.277
2022-02-19T00:00:00+01:00,17.19
2022-02-19T12:00:00+01:00,17.194
2022-02-20T00:00:00+01:00,17.215
2022-02-20T12:00:00+01:00,17.255
2022-02-21T00:00:00+01:00,17.301
2022-02-21T12:00:00+01:00,17.36
2022-02-22T00:00:00+01:00,17.307
2022-02-22T12:00:00+01:00,17.376
2022-02-23T00:00:00+01:00,17.333
2022-02-23T12:00:00+01:00,17.367
2022-02-24T00:00:00+01:00,17.416
2022-02-24T12:00:00+01:00,17.459
2022-02-25T00:00:00+01:00,17.368
2022-02-25T12:00:00+01:00,17.358
2022-02-26T00:00:00+01:00,17.332
2022-02-26T12:00:00+01:00,17.339
2022-02-27T00:00:00+01:00,17.369
2022-02-27T12:00:00+01:00,17.388
2022-02-28T00:00:00+01:00,17.357
2022-02-28T12:00:00+01:00,17.363
2022-03-01T00:00:00+01:00,17.361
2022-03-01T12:00:00+01:00,17.352
2022-03-03T00:00:00+01:00,17.352
2022-03-03T12:00:00+01:00,17.35
2022-03-04T00:00:00+01:00,17.325
2022-03-04T12:00:00+01:00,17.312
2022-03-05T00:00:00+01:00,17.32
2022-03-05T12:00:00+01:00,17.305
2022-03-06T00:00:00+01:00,17.287
2022-03-06T12:00:00+01:00,17.282
2022-03-07T00:00:00+01:00,17.267
2022-03-07T12:00:00+01:00,17.269
2022-03-08T00:00:00+01:00,17.275
2022-03-08T12:00:00+01:00,17.286
2022-03-09T00:00:00+01:00,17.261
2022-03-09T12:00:00+01:00,17.256
2022-03-10T00:00:00+01:00,17.241
2022-03-10T12:00:00+01:00,17.248
2022-03-11T00:00:00+01:00,17.254
2022-03-11T12:00:00+01:00,17.281
2022-03-12T00:00:00+01:00,17.251
2022-03-12T12:00:00+01:00,17.225
2022-03-13T00:00:00+01:00,17.24
2022-03-13T12:00:00+01:00,17.244
2022-03-14T00:00:00+01:00,17.199
2022-03-14T12:00:00+01:00,17.166
2022-03-15T00:00:00+01:00,17.165
2022-03-15T12:00:00+01:00,17.184
2022-03-16T00:00:00+01:00,17.178
2022-03-16T12:00:00+01:00,17.17
2022-03-17T00:00:00+01:00,17.175
2022-03-17T12:00:00+01:00,17.122
2022-03-17T18:00:00+01:00,17.122
2022-03-18T06:00:00+01:00,17.105
2022-03-18T18:00:00+01:00,17.108
2022-03-19T06:00:00+01:00,17.112
2022-03-19T18:00:00+01:00,17.138
2022-03-20T06:00:00+01:00,17.174
2022-03-20T18:00:00+01:00,17.155
2022-03-21T06:00:00+01:00,17.129
2022-03-21T18:00:00+01:00,17.136
2022-03-22T06:00:00+01:00,17.11
2022-03-22T18:00:00+01:00,17.115
2022-03-23T06:00:00+01:00,17.095
2022-03-23T18:00:00+01:00,17.088
2022-03-24T06:00:00+01:00,17.08
2022-03-24T18:00:00+01:00,17.075
2022-03-25T06:00:00+01:00,17.058
2022-03-25T18:00:00+01:00,17.056
2022-03-26T06:00:00+01:00,17.038
2022-03-26T18:00:00+01:00,17.044
2022-03-27T07:00:00+02:00,17.044
2022-03-27T19:00:00+02:00,17.059
2022-03-28T07:00:00+02:00,17.074
2022-03-28T19:00:00+02:00,17.092
2022-03-29T07:00:00+02:00,17.096
2022-03-29T19:00:00+02:00,17.104
2022-03-30T07:00:00+02:00,17.107
2022-03-30T19:00:00+02:00,17.114
2022-03-31T07:00:00+02:00,17.102
2022-03-31T19:00:00+02:00,17.097
2022-04-01T07:00:00+02:00,17.048
2022-04-01T19:00:00+02:00,17.016
2022-04-02T07:00:00+02:00,17.011
2022-04-02T19:00:00+02:00,16.997
2022-04-03T07:00:00+02:00,16.986
2022-04-03T19:00:00+02:00,17.015
2022-04-04T07:00:00+02:00,17.057
2022-04-04T19:00:00+02:00,17.071
2022-04-05T07:00:00+02:00,17.061
2022-04-05T19:00:00+02:00,17.056
2022-04-06T07:00:00+02:00,17.065
2022-04-06T19:00:00+02:00,17.087
2022-04-07T07:00:00+02:00,17.145
2022-04-07T19:00:00+02:00,17.089
2022-04-08T07:00:00+02:00,17.041
2022-04-08T19:00:00+02:00,17.046
2022-04-09T07:00:00+02:00,16.991
2022-04-09T19:00:00+02:00,16.973
2022-04-10T07:00:00+02:00,16.971
2022-04-10T19:00:00+02:00,16.986
2022-04-11T07:00:00+02:00,16.999
2022-04-11T19:00:00+02:00,17.033
2022-04-12T07:00:00+02:00,17.041
2022-04-12T19:00:00+02:00,17.035
2022-04-13T07:00:00+02:00,16.987
2022-04-13T19:00:00+02:00,16.966
2022-04-14T07:00:00+02:00,16.957
2022-04-14T19:00:00+02:00,16.956
2022-04-15T07:00:00+02:00,16.936
2022-04-15T19:00:00+02:00,16.956
2022-04-16T07:00:00+02:00,16.977
2022-04-16T19:00:00+02:00,16.989
2022-04-18T07:00:00+02:00,17.022
2022-04-18T19:00:00+02:00,17.031
2022-04-19T07:00:00+02:00,17.025
2022-04-19T19:00:00+02:00,17.007
2022-04-20T07:00:00+02:00,16.972
2022-04-20T19:00:00+02:00,16.972
2022-04-21T07:00:00+02:00,16.937
2022-04-21T19:00:00+02:00,16.933
2022-04-22T07:00:00+02:00,16.942
2022-04-22T19:00:00+02:00,16.947
2022-04-23T07:00:00+02:00,16.93
2022-04-23T19:00:00+02:00,16.928
2022-04-24T07:00:00+02:00,16.919
2022-04-24T19:00:00+02:00,16.893
2022-04-25T07:00:00+02:00,16.863
2022-04-25T19:00:00+02:00,16.86
2022-04-26T07:00:00+02:00,16.851
2022-04-26T19:00:00+02:00,16.838
2022-04-27T07:00:00+02:00,16.829
2022-04-27T19:00:00+02:00,16.838
2022-04-28T07:00:00+02:00,16.81
2022-04-28T19:00:00+02:00,16.827
2022-04-29T07:00:00+02:00,16.831
2022-04-29T19:00:00+02:00,16.833
2022-04-30T07:00:00+02:00,16.829
2022-04-30T19:00:00+02:00,16.844
2022-05-01T07:00:00+02:00,16.85
2022-05-01T19:00:00+02:00,16.861
2022-05-02T07:00:00+02:00,16.843
2022-05-02T19:00:00+02:00,16.845
2022-05-03T07:00:00+02:00,16.809
2022-05-03T19:00:00+02:00,16.798
2022-05-04T07:00:00+02:00,16.802
2022-05-04T19:00:00+02:00,16.793
2022-05-05T07:00:00+02:00,16.758
2022-05-05T19:00:00+02:00,16.753
2022-05-06T07:00:00+02:00,16.742
2022-05-06T19:00:00+02:00,16.757
2022-05-07T07:00:00+02:00,16.75
2022-05-07T19:00:00+02:00,16.737
2022-05-08T07:00:00+02:00,16.711
2022-05-08T19:00:00+02:00,16.742
2022-05-09T07:00:00+02:00,16.72
2022-05-09T19:00:00+02:00,16.733
2022-05-10T07:00:00+02:00,16.736
2022-05-10T19:00:00+02:00,16.733
2022-05-11T07:00:00+02:00,16.734
2022-05-11T19:00:00+02:00,16.73
2022-05-12T07:00:00+02:00,16.662
2022-05-12T19:00:00+02:00,16.679
2022-05-13T07:00:00+02:00,16.672
2022-05-13T19:00:00+02:00,16.661
2022-05-14T07:00:00+02:00,16.653
2022-05-14T19:00:00+02:00,16.648
2022-05-15T07:00:00+02:00,16.637
2022-05-15T19:00:00+02:00,16.671
2022-05-16T07:00:00+02:00,16.635
2022-05-16T19:00:00+02:00,16.599
2022-05-17T07:00:00+02:00,16.614
2022-05-17T19:00:00+02:00,16.627
2022-05-18T07:00:00+02:00,16.597
2022-05-18T19:00:00+02:00,16.612
2022-05-19T07:00:00+02:00,16.613
2022-05-19T19:00:00+02:00,16.577
2022-05-20T07:00:00+02:00,16.608
2022-05-20T19:00:00+02:00,16.6
2022-05-21T07:00:00+02:00,16.598
2022-05-21T19:00:00+02:00,16.618
2022-05-22T07:00:00+02:00,16.629
2022-05-22T19:00:00+02:00,16.646
2022-05-23T07:00:00+02:00,16.677
2022-05-23T19:00:00+02:00,16.665
2022-05-24T07:00:00+02:00,16.63
2022-05-24T19:00:00+02:00,16.584
2022-05-25T07:00:00+02:00,16.577
2022-05-25T19:00:00+02:00,16.561
2022-05-26T07:00:00+02:00,16.561
2022-05-26T19:00:00+02:00,16.59
2022-05-27T07:00:00+02:00,16.579
2022-05-27T19:00:00+02:00,16.555
2022-05-28T07:00:00+02:00,16.586
2022-05-28T19:00:00+02:00,16.598
2022-05-29T07:00:00+02:00,16.595
2022-05-29T19:00:00+02:00,16.604
2022-05-30T07:00:00+02:00,16.6
2022-05-30T19:00:00+02:00,16.577
2022-05-31T07:00:00+02:00,16.577
2022-05-31T19:00:00+02:00,16.558
2022-06-01T07:00:00+02:00,16.553
2022-06-01T19:00:00+02:00,16.525
2022-06-02T07:00:00+02:00,16.513
2022-06-02T19:00:00+02:00,16.52
2022-06-03T07:00:00+02:00,16.516
2022-06-03T19:00:00+02:00,16.506
2022-06-04T07:00:00+02:00,16.491
2022-06-04T19:00:00+02:00,16.502
2022-06-05T07:00:00+02:00,16.518
2022-06-05T19:00:00+02:00,16.698
2022-06-06T07:00:00+02:00,16.644
2022-06-06T19:00:00+02:00,16.629
2022-06-07T07:00:00+02:00,16.628
2022-06-07T19:00:00+02:00,16.623
2022-06-08T07:00:00+02:00,16.651
2022-06-08T19:00:00+02:00,16.642
2022-06-09T07:00:00+02:00,16.62
2022-06-09T19:00:00+02:00,16.609
2022-06-10T07:00:00+02:00,16.615
2022-06-10T19:00:00+02:00,16.633
2022-06-11T07:00:00+02:00,16.631
2022-06-11T19:00:00+02:00,16.634
2022-06-12T07:00:00+02:00,16.631
2022-06-12T19:00:00+02:00,16.642
2022-06-13T07:00:00+02:00,16.634
2022-06-13T19:00:00+02:00,16.615
2022-06-14T07:00:00+02:00,16.609
2022-06-14T19:00:00+02:00,16.632
2022-06-15T07:00:00+02:00,16.618
2022-06-15T19:00:00+02:00,16.608
2022-06-16T07:00:00+02:00,16.565
2022-06-16T19:00:00+02:00,16.551
2022-06-17T07:00:00+02:00,16.553
2022-06-17T19:00:00+02:00,16.563
2022-06-18T07:00:00+02:00,16.546
2022-06-18T19:00:00+02:00,16.555
2022-06-19T07:00:00+02:00,16.546
2022-06-19T19:00:00+02:00,16.519
2022-06-20T07:00:00+02:00,16.521
2022-06-20T19:00:00+02:00,16.515
2022-06-21T07:00:00+02:00,16.51
2022-06-21T19:00:00+02:00,16.515
2022-06-22T07:00:00+02:00,16.497
2022-06-22T19:00:00+02:00,16.497
2022-06-23T07:00:00+02:00,16.488
2022-06-23T19:00:00+02:00,16.493
2022-06-24T07:00:00+02:00,16.505
2022-06-24T19:00:00+02:00,16.496
2022-06-25T07:00:00+02:00,16.473
2022-06-25T19:00:00+02:00,16.483
2022-06-26T07:00:00+02:00,16.462
2022-06-26T19:00:00+02:00,16.478
2022-06-27T07:00:00+02:00,16.475
2022-06-27T19:00:00+02:00,16.456
2022-06-28T07:00:00+02:00,16.451
2022-06-28T19:00:00+02:00,16.48
2022-06-29T07:00:00+02:00,16.499
2022-06-29T19:00:00+02:00,16.489
2022-06-30T07:00:00+02:00,16.465
2022-06-30T19:00:00+02:00,16.456
2022-07-01T07:00:00+02:00,16.444
2022-07-01T19:00:00+02:00,16.432
2022-07-02T07:00:00+02:00,16.456
2022-07-02T19:00:00+02:00,16.478
2022-07-03T07:00:00+02:00,16.463
2022-07-03T19:00:00+02:00,16.45
2022-07-04T07:00:00+02:00,16.449
2022-07-04T19:00:00+02:00,16.439
2022-07-05T07:00:00+02:00,16.428
2022-07-05T19:00:00+02:00,16.422
2022-07-06T07:00:00+02:00,16.408
2022-07-06T19:00:00+02:00,16.421
2022-07-07T07:00:00+02:00,16.422
2022-07-07T19:00:00+02:00,16.383
2022-07-08T07:00:00+02:00,16.39
2022-07-08T19:00:00+02:00,16.416
2022-07-09T07:00:00+02:00,16.411
2022-07-09T19:00:00+02:00,16.389
2022-07-10T07:00:00+02:00,16.403
2022-07-10T19:00:00+02:00,16.395
2022-07-11T07:00:00+02:00,16.38
2022-07-11T19:00:00+02:00,16.384
2022-07-12T07:00:00+02:00,16.372
2022-07-12T19:00:00+02:00,16.378
2022-07-13T07:00:00+02:00,16.379
2022-07-13T19:00:00+02:00,16.362
2022-07-14T07:00:00+02:00,16.36
2022-07-14T19:00:00+02:00,16.347
2022-07-15T07:00:00+02:00,16.344
2022-07-15T19:00:00+02:00,16.353
2022-07-16T07:00:00+02:00,16.343
2022-07-16T19:00:00+02:00,16.331
2022-07-17T07:00:00+02:00,16.342
2022-07-17T19:00:00+02:00,16.337
2022-07-18T07:00:00+02:00,16.331
2022-07-18T19:00:00+02:00,16.336
2022-07-19T07:00:00+02:00,16.319
2022-07-19T19:00:00+02:00,16.331
2022-07-20T07:00:00+02:00,16.298
2022-07-20T19:00:00+02:00,16.305
2022-07-21T07:00:00+02:00,16.305
2022-07-21T19:00:00+02:00,16.295
2022-07-22T07:00:00+02:00,16.302
2022-07-22T19:00:00+02:00,16.317
2022-07-23T07:00:00+02:00,16.302
2022-07-23T19:00:00+02:00,16.301
2022-07-24T07:00:00+02:00,16.303
2022-07-24T19:00:00+02:00,16.32
2022-07-25T07:00:00+02:00,16.318
2022-07-25T19:00:00+02:00,16.297
2022-07-26T07:00:00+02:00,16.291
2022-07-26T19:00:00+02:00,16.285
2022-07-27T07:00:00+02:00,16.291
2022-07-27T19:00:00+02:00,16.297
2022-07-28T07:00:00+02:00,16.29
2022-07-28T19:00:00+02:00,16.297
2022-07-29T07:00:00+02:00,16.302
2022-07-29T19:00:00+02:00,16.297
2022-07-30T07:00:00+02:00,16.285
2022-07-30T19:00:00+02:00,16.297
2022-07-31T07:00:00+02:00,16.304
2022-07-31T19:00:00+02:00,16.293
2022-08-01T07:00:00+02:00,16.297
2022-08-01T19:00:00+02:00,16.294
2022-08-02T07:00:00+02:00,16.288
2022-08-02T19:00:00+02:00,16.29
2022-08-03T07:00:00+02:00,16.278
2022-08-03T19:00:00+02:00,16.279
2022-08-04T07:00:00+02:00,16.275
2022-08-04T19:00:00+02:00,16.262
2022-08-05T07:00:00+02:00,16.258
2022-08-05T19:00:00+02:00,16.253
2022-08-06T07:00:00+02:00,16.249
2022-08-06T19:00:00+02:00,16.266
2022-08-07T07:00:00+02:00,16.266
2022-08-07T19:00:00+02:00,16.272
2022-08-08T07:00:00+02:00,16.259
2022-08-08T19:00:00+02:00,16.252
2022-08-09T07:00:00+02:00,16.251
2022-08-09T19:00:00+02:00,16.252
2022-08-10T07:00:00+02:00,16.245
2022-08-10T19:00:00+02:00,16.245
2022-08-11T07:00:00+02:00,16.243
2022-08-11T19:00:00+02:00,16.245
2022-08-12T07:00:00+02:00,16.236
2022-08-12T19:00:00+02:00,16.237
2022-08-13T07:00:00+02:00,16.232
2022-08-13T19:00:00+02:00,16.228
2022-08-14T07:00:00+02:00,16.238
2022-08-14T19:00:00+02:00,16.242
2022-08-15T07:00:00+02:00,16.221
2022-08-15T19:00:00+02:00,16.221
2022-08-16T07:00:00+02:00,16.215
2022-08-16T19:00:00+02:00,16.213
2022-08-17T07:00:00+02:00,16.213
2022-08-17T19:00:00+02:00,16.209
2022-08-18T07:00:00+02:00,16.211
2022-08-18T19:00:00+02:00,16.214
2022-08-19T07:00:00+02:00,16.204
2022-08-19T19:00:00+02:00,16.202
2022-08-20T07:00:00+02:00,16.204
2022-08-20T19:00:00+02:00,16.206
2022-08-21T07:00:00+02:00,16.211
2022-08-21T19:00:00+02:00,16.207
2022-08-22T07:00:00+02:00,16.21
2022-08-22T19:00:00+02:00,16.207
2022-08-23T07:00:00+02:00,16.195
2022-08-23T19:00:00+02:00,16.19
2022-08-24T07:00:00+02:00,16.185
2022-08-24T19:00:00+02:00,16.18
2022-08-25T07:00:00+02:00,16.178
2022-08-25T19:00:00+02:00,16.176
2022-08-26T07:00:00+02:00,16.166
2022-08-26T19:00:00+02:00,16.166
2022-08-27T07:00:00+02:00,16.163
2022-08-27T19:00:00+02:00,16.171
2022-08-28T07:00:00+02:00,16.158
2022-08-28T19:00:00+02:00,16.158
2022-08-29T07:00:00+02:00,16.152
2022-08-29T19:00:00+02:00,16.159
2022-08-30T07:00:00+02:00,16.146
2022-08-30T19:00:00+02:00,16.144
2022-08-31T07:00:00+02:00,16.142
2022-08-31T19:00:00+02:00,16.138
2022-09-01T07:00:00+02:00,16.136
2022-09-01T19:00:00+02:00,16.143
2022-09-02T07:00:00+02:00,16.141
2022-09-02T19:00:00+02:00,16.141
2022-09-03T07:00:00+02:00,16.138
2022-09-03T19:00:00+02:00,16.13
2022-09-04T07:00:00+02:00,16.118
2022-09-04T19:00:00+02:00,16.121
2022-09-05T07:00:00+02:00,16.114
2022-09-05T19:00:00+02:00,16.116
2022-09-06T07:00:00+02:00,16.115
2022-09-06T19:00:00+02:00,16.111
2022-09-07T07:00:00+02:00,16.107
2022-09-07T19:00:00+02:00,16.108
2022-09-08T07:00:00+02:00,16.107
2022-09-08T19:00:00+02:00,16.105
2022-09-09T07:00:00+02:00,16.107
2022-09-09T19:00:00+02:00,16.101
2022-09-10T07:00:00+02:00,16.101
2022-09-10T19:00:00+02:00,16.086
2022-09-11T07:00:00+02:00,16.089
2022-09-11T19:00:00+02:00,16.101
2022-09-12T07:00:00+02:00,16.099
2022-09-12T19:00:00+02:00,16.103
2022-09-13T07:00:00+02:00,16.1
2022-09-13T19:00:00+02:00,16.103
2022-09-16T07:00:00+02:00,16.095
2022-09-16T19:00:00+02:00,16.088
2022-09-17T07:00:00+02:00,16.093
2022-09-17T19:00:00+02:00,16.086
2022-09-18T07:00:00+02:00,16.092
2022-09-18T19:00:00+02:00,16.081
2022-09-19T07:00:00+02:00,16.079
2022-09-19T19:00:00+02:00,16.079
2022-09-20T07:00:00+02:00,16.08
2022-09-20T19:00:00+02:00,16.079
2022-09-21T07:00:00+02:00,16.077
2022-09-21T19:00:00+02:00,16.079
2022-09-22T07:00:00+02:00,16.08
2022-09-22T19:00:00+02:00,16.08
2022-09-23T07:00:00+02:00,16.074
2022-09-23T19:00:00+02:00,16.074
2022-09-24T07:00:00+02:00,16.074
2022-09-24T19:00:00+02:00,16.067
2022-09-25T07:00:00+02:00,16.067
2022-09-25T19:00:00+02:00,16.071
2022-09-26T07:00:00+02:00,16.087
2022-09-26T19:00:00+02:00,16.083
2022-09-27T07:00:00+02:00,16.064
2022-09-27T19:00:00+02:00,16.074
2022-09-28T07:00:00+02:00,16.067
2022-09-28T19:00:00+02:00,16.06
2022-09-29T07:00:00+02:00,16.061
2022-09-29T19:00:00+02:00,16.062
2022-09-30T07:00:00+02:00,16.06
2022-09-30T19:00:00+02:00,16.067
2022-10-01T07:00:00+02:00,16.074
2022-10-01T19:00:00+02:00,16.064
2022-10-02T07:00:00+02:00,16.058
2022-10-02T19:00:00+02:00,16.05
2022-10-03T07:00:00+02:00,16.063
2022-10-03T19:00:00+02:00,16.067
2022-10-04T07:00:00+02:00,16.076
2022-10-04T19:00:00+02:00,16.08
2022-10-05T07:00:00+02:00,16.091
2022-10-05T19:00:00+02:00,16.083
2022-10-06T07:00:00+02:00,16.06
2022-10-06T19:00:00+02:00,16.069
2022-10-07T07:00:00+02:00,16.083
2022-10-07T19:00:00+02:00,16.093
2022-10-08T07:00:00+02:00,16.089
2022-10-08T19:00:00+02:00,16.08
2022-10-09T07:00:00+02:00,16.1
2022-10-09T19:00:00+02:00,16.111
2022-10-10T07:00:00+02:00,16.115
2022-10-10T19:00:00+02:00,16.095
2022-10-11T07:00:00+02:00,16.097
2022-10-11T19:00:00+02:00,16.099
2022-10-12T07:00:00+02:00,16.11
2022-10-12T19:00:00+02:00,16.118
2022-10-13T07:00:00+02:00,16.123
2022-10-13T19:00:00+02:00,16.124
2022-10-14T07:00:00+02:00,16.142
2022-10-14T19:00:00+02:00,16.144
2022-10-15T07:00:00+02:00,16.151
2022-10-15T19:00:00+02:00,16.139
2022-10-16T07:00:00+02:00,16.142
2022-10-16T19:00:00+02:00,16.142
2022-10-17T07:00:00+02:00,16.146
2022-10-17T19:00:00+02:00,16.131
2022-10-18T07:00:00+02:00,16.138
2022-10-18T19:00:00+02:00,16.134
2022-10-19T07:00:00+02:00,16.147
2022-10-19T19:00:00+02:00,16.153
2022-10-20T07:00:00+02:00,16.164
2022-10-20T19:00:00+02:00,16.165
2022-10-21T07:00:00+02:00,16.17
2022-10-21T19:00:00+02:00,16.158
2022-10-22T07:00:00+02:00,16.152
2022-10-22T19:00:00+02:00,16.146
2022-10-23T07:00:00+02:00,16.162
2022-10-23T19:00:00+02:00,16.167
2022-10-24T07:00:00+02:00,16.16
2022-10-24T19:00:00+02:00,16.15
2022-10-25T07:00:00+02:00,16.138
2022-10-25T19:00:00+02:00,16.147
2022-10-26T07:00:00+02:00,16.146
2022-10-26T19:00:00+02:00,16.129
2022-10-27T07:00:00+02:00,16.136
2022-10-27T19:00:00+02:00,16.136
2022-10-28T07:00:00+02:00,16.131
2022-10-28T19:00:00+02:00,16.114
2022-10-29T07:00:00+02:00,16.134
2022-10-29T19:00:00+02:00,16.123
2022-10-30T06:00:00+01:00,16.122
2022-10-30T18:00:00+01:00,16.109
2022-10-31T06:00:00+01:00,16.118
2022-10-31T18:00:00+01:00,16.133
2022-11-01T06:00:00+01:00,16.128
2022-11-01T18:00:00+01:00,16.134
2022-11-02T06:00:00+01:00,16.116
2022-11-02T18:00:00+01:00,16.129
2022-11-03T06:00:00+01:00,16.152
2022-11-03T18:00:00+01:00,16.161
2022-11-04T06:00:00+01:00,16.135
2022-11-04T18:00:00+01:00,16.124
2022-11-05T06:00:00+01:00,16.128
2022-11-05T18:00:00+01:00,16.131
2022-11-06T06:00:00+01:00,16.143
2022-11-06T18:00:00+01:00,16.146
2022-11-07T06:00:00+01:00,16.14
2022-11-07T18:00:00+01:00,16.138
2022-11-08T06:00:00+01:00,16.151
2022-11-08T18:00:00+01:00,16.152
2022-11-09T06:00:00+01:00,16.148
2022-11-09T18:00:00+01:00,16.125
2022-11-10T06:00:00+01:00,16.126
2022-11-10T18:00:00+01:00,16.123
2022-11-11T06:00:00+01:00,16.113
2022-11-11T18:00:00+01:00,16.118
2022-11-12T06:00:00+01:00,16.123
2022-11-12T18:00:00+01:00,16.124
2022-11-13T06:00:00+01:00,16.133
2022-11-13T18:00:00+01:00,16.138
2022-11-14T06:00:00+01:00,16.144
2022-11-14T18:00:00+01:00,16.147
2022-11-15T06:00:00+01:00,16.153
2022-11-15T18:00:00+01:00,16.158
2022-11-16T06:00:00+01:00,16.16
2022-11-16T18:00:00+01:00,16.17
2022-11-17T06:00:00+01:00,16.166
2022-11-17T18:00:00+01:00,16.163
2022-11-18T06:00:00+01:00,16.153
2022-11-18T18:00:00+01:00,16.155
2022-11-19T06:00:00+01:00,16.14
2022-11-19T18:00:00+01:00,16.138
2022-11-20T06:00:00+01:00,16.15
2022-11-20T18:00:00+01:00,16.163
2022-11-21T06:00:00+01:00,16.156
2022-11-21T18:00:00+01:00,16.179
2022-11-22T06:00:00+01:00,16.179
2022-11-22T18:00:00+01:00,16.178
2022-11-23T06:00:00+01:00,16.184
2022-11-23T18:00:00+01:00,16.174
2022-11-24T06:00:00+01:00,16.174
2022-11-24T18:00:00+01:00,16.178
2022-11-25T06:00:00+01:00,16.176
2022-11-25T18:00:00+01:00,16.16
2022-11-26T06:00:00+01:00,16.166
2022-11-26T18:00:00+01:00,16.185
2022-11-27T06:00:00+01:00,16.193
2022-11-27T18:00:00+01:00,16.204
2022-11-28T06:00:00+01:00,16.201
2022-11-28T18:00:00+01:00,16.19
2022-11-29T06:00:00+01:00,16.194
2022-11-29T18:00:00+01:00,16.198
2022-11-30T06:00:00+01:00,16.193
2022-11-30T18:00:00+01:00,16.203
2022-12-01T06:00:00+01:00,16.199
2022-12-01T18:00:00+01:00,16.206
2022-12-02T06:00:00+01:00,16.212
2022-12-02T18:00:00+01:00,16.21
2022-12-03T06:00:00+01:00,16.222
2022-12-03T18:00:00+01:00,16.223
2022-12-04T06:00:00+01:00,16.231
2022-12-04T18:00:00+01:00,16.231
2022-12-05T06:00:00+01:00,16.23
2022-12-05T18:00:00+01:00,16.234
2022-12-06T06:00:00+01:00,16.236
2022-12-06T18:00:00+01:00,16.241
2022-12-07T06:00:00+01:00,16.244
2022-12-07T18:00:00+01:00,16.253
2022-12-08T06:00:00+01:00,16.254
2022-12-08T18:00:00+01:00,16.25
2022-12-09T06:00:00+01:00,16.256
2022-12-09T18:00:00+01:00,16.252
2022-12-10T06:00:00+01:00,16.252
2022-12-10T18:00:00+01:00,16.258
2022-12-11T06:00:00+01:00,16.262
2022-12-11T18:00:00+01:00,16.259
2022-12-12T06:00:00+01:00,16.256
2022-12-12T18:00:00+01:00,16.26
2022-12-13T06:00:00+01:00,16.26
2022-12-13T18:00:00+01:00,16.264
2022-12-14T06:00:00+01:00,16.268
2022-12-14T18:00:00+01:00,16.264
2022-12-15T06:00:00+01:00,16.263
2022-12-15T18:00:00+01:00,16.253
2022-12-16T06:00:00+01:00,16.248
2022-12-16T18:00:00+01:00,16.248
2022-12-17T06:00:00+01:00,16.248
2022-12-17T18:00:00+01:00,16.238
2022-12-19T06:00:00+01:00,16.266
2022-12-19T18:00:00+01:00,16.266
2022-12-20T06:00:00+01:00,16.274
2022-12-20T18:00:00+01:00,16.272
2022-12-21T06:00:00+01:00,16.272
2022-12-21T18:00:00+01:00,16.281
2022-12-22T06:00:00+01:00,16.274
2022-12-22T18:00:00+01:00,16.288
2022-12-23T06:00:00+01:00,16.28
2022-12-23T18:00:00+01:00,16.277
2022-12-24T06:00:00+01:00,16.278
2022-12-24T18:00:00+01:00,16.292
2022-12-25T06:00:00+01:00,16.308
2022-12-25T18:00:00+01:00,16.312
2022-12-26T06:00:00+01:00,16.323
2022-12-26T18:00:00+01:00,16.319
2022-12-27T06:00:00+01:00,16.326
2022-12-27T18:00:00+01:00,16.35
2022-12-28T06:00:00+01:00,16.357
2022-12-28T18:00:00+01:00,16.385
2022-12-29T06:00:00+01:00,16.387
2022-12-29T18:00:00+01:00,16.394
2022-12-30T06:00:00+01:00,16.405
2022-12-30T18:00:00+01:00,16.414
2022-12-31T06:00:00+01:00,16.432
2022-12-31T18:00:00+01:00,16.463
2023-01-01T06:00:00+01:00,16.452
2023-01-01T18:00:00+01:00,16.485
2023-01-02T06:00:00+01:00,16.509
2023-01-02T18:00:00+01:00,16.509
2023-01-03T06:00:00+01:00,16.524
2023-01-03T18:00:00+01:00,16.55
2023-01-04T06:00:00+01:00,16.591
2023-01-04T18:00:00+01:00,16.592
2023-01-05T06:00:00+01:00,16.586
2023-01-05T18:00:00+01:00,16.609
2023-01-06T06:00:00+01:00,16.639
2023-01-06T18:00:00+01:00,16.644
2023-01-07T06:00:00+01:00,16.671
2023-01-07T18:00:00+01:00,16.702
2023-01-08T06:00:00+01:00,16.701
2023-01-08T18:00:00+01:00,16.715
2023-01-09T06:00:00+01:00,16.722
2023-01-09T18:00:00+01:00,16.683
2023-01-11T06:00:00+01:00,16.728
2023-01-11T18:00:00+01:00,16.732
2023-01-12T06:00:00+01:00,16.774
2023-01-12T18:00:00+01:00,16.834
2023-01-13T06:00:00+01:00,16.934
2023-01-13T18:00:00+01:00,16.951
2023-01-14T06:00:00+01:00,17.011
2023-01-14T18:00:00+01:00,17.082
2023-01-15T06:00:00+01:00,17.107
2023-01-15T18:00:00+01:00,17.134
2023-01-16T06:00:00+01:00,17.221
2023-01-16T18:00:00+01:00,17.208
2023-01-17T06:00:00+01:00,17.176
2023-01-17T18:00:00+01:00,17.182
2023-01-18T06:00:00+01:00,17.175
2023-01-18T18:00:00+01:00,17.148
2023-01-19T06:00:00+01:00,17.115
2023-01-19T18:00:00+01:00,17.103
2023-01-20T06:00:00+01:00,17.107
2023-01-20T18:00:00+01:00,17.088
2023-01-21T06:00:00+01:00,17.071
2023-01-21T18:00:00+01:00,17.074
2023-01-22T06:00:00+01:00,17.097
2023-01-22T18:00:00+01:00,17.104
2023-01-23T06:00:00+01:00,17.109
2023-01-23T18:00:00+01:00,17.115
2023-01-24T06:00:00+01:00,17.114
2023-01-24T18:00:00+01:00,17.124
2023-01-25T06:00:00+01:00,17.145
2023-01-25T18:00:00+01:00,17.183
2023-01-26T06:00:00+01:00,17.195
2023-01-26T18:00:00+01:00,17.178
2023-01-27T06:00:00+01:00,17.148
2023-01-27T18:00:00+01:00,17.137
2023-01-28T06:00:00+01:00,17.148
2023-01-28T18:00:00+01:00,17.136
2023-01-29T06:00:00+01:00,17.144
2023-01-29T18:00:00+01:00,17.163
2023-01-30T06:00:00+01:00,17.17
2023-01-30T18:00:00+01:00,17.112
2023-01-31T06:00:00+01:00,17.112
2023-01-31T18:00:00+01:00,17.099
2023-02-01T06:00:00+01:00,17.108
2023-02-01T18:00:00+01:00,17.103
2023-02-02T06:00:00+01:00,17.085
2023-02-02T18:00:00+01:00,17.066
2023-02-03T06:00:00+01:00,17.07
2023-02-03T18:00:00+01:00,17.045
2023-02-04T06:00:00+01:00,17.042
2023-02-04T18:00:00+01:00,17.034
2023-02-05T06:00:00+01:00,17.027
2023-02-05T18:00:00+01:00,16.987
2023-02-06T06:00:00+01:00,16.998
2023-02-06T18:00:00+01:00,17.018
2023-02-07T06:00:00+01:00,17.016
2023-02-07T18:00:00+01:00,17.015
2023-02-08T06:00:00+01:00,17.041
2023-02-08T18:00:00+01:00,17.056
2023-02-09T06:00:00+01:00,17.024
2023-02-09T18:00:00+01:00,17.0
2023-02-10T06:00:00+01:00,17.008
2023-02-10T18:00:00+01:00,17.031
2023-02-11T06:00:00+01:00,17.053
2023-02-11T18:00:00+01:00,17.038
2023-02-12T06:00:00+01:00,17.038
2023-02-12T18:00:00+01:00,17.05
2023-02-13T06:00:00+01:00,17.056
2023-02-13T18:00:00+01:00,17.048
2023-02-14T06:00:00+01:00,17.033
2023-02-14T18:00:00+01:00,17.035
2023-02-15T06:00:00+01:00,17.047
2023-02-15T18:00:00+01:00,17.04
2023-02-16T06:00:00+01:00,17.039
2023-02-16T18:00:00+01:00,17.04
2023-02-17T06:00:00+01:00,17.014
2023-02-17T18:00:00+01:00,16.978
2023-02-19T06:00:00+01:00,16.996
2023-02-19T18:00:00+01:00,16.962
2023-02-20T06:00:00+01:00,16.982
2023-02-20T18:00:00+01:00,17.001
2023-02-21T06:00:00+01:00,17.012
2023-02-21T18:00:00+01:00,17.016
2023-02-22T06:00:00+01:00,17.024
2023-02-22T18:00:00+01:00,16.994
2023-02-23T06:00:00+01:00,16.988
2023-02-23T18:00:00+01:00,16.972
2023-02-24T06:00:00+01:00,16.994
2023-02-24T18:00:00+01:00,17.01
2023-02-25T06:00:00+01:00,16.979
2023-02-25T18:00:00+01:00,16.932
2023-02-26T06:00:00+01:00,16.918
2023-02-26T18:00:00+01:00,16.904
2023-02-27T06:00:00+01:00,16.873
2023-02-27T18:00:00+01:00,16.852
2023-02-28T06:00:00+01:00,16.877
2023-02-28T18:00:00+01:00,16.889
2023-03-01T06:00:00+01:00,16.869
2023-03-01T18:00:00+01:00,16.869
2023-03-02T06:00:00+01:00,16.877
2023-03-02T18:00:00+01:00,16.876
2023-03-04T06:00:00+01:00,16.877
2023-03-04T18:00:00+01:00,16.887
2023-03-05T06:00:00+01:00,16.907
2023-03-05T18:00:00+01:00,16.935
2023-03-06T06:00:00+01:00,16.966
2023-03-06T18:00:00+01:00,16.973
2023-03-07T06:00:00+01:00,16.992
2023-03-07T18:00:00+01:00,16.955
2023-03-08T06:00:00+01:00,17.002
2023-03-08T18:00:00+01:00,17.014
2023-03-09T06:00:00+01:00,16.988
2023-03-09T18:00:00+01:00,17.034
2023-03-10T06:00:00+01:00,17.107
2023-03-10T18:00:00+01:00,17.062
2023-03-11T06:00:00+01:00,17.154
2023-03-11T18:00:00+01:00,17.205
2023-03-12T06:00:00+01:00,17.254
2023-03-12T18:00:00+01:00,17.249
2023-03-13T06:00:00+01:00,17.302
2023-03-13T18:00:00+01:00,17.333
2023-03-14T06:00:00+01:00,17.325
2023-03-14T18:00:00+01:00,17.218
2023-03-15T06:00:00+01:00,17.226
2023-03-15T18:00:00+01:00,17.235
2023-03-16T06:00:00+01:00,17.262
2023-03-16T18:00:00+01:00,17.289
2023-03-17T06:00:00+01:00,17.298
2023-03-17T18:00:00+01:00,17.29
2023-03-18T06:00:00+01:00,17.271
2023-03-18T18:00:00+01:00,17.288
2023-03-19T06:00:00+01:00,17.279
2023-03-19T18:00:00+01:00,17.239
2023-03-20T06:00:00+01:00,17.238
2023-03-20T18:00:00+01:00,17.245
2023-03-21T06:00:00+01:00,17.264
2023-03-21T18:00:00+01:00,17.263
2023-03-22T06:00:00+01:00,17.277
2023-03-22T18:00:00+01:00,17.273
2023-03-23T06:00:00+01:00,17.263
2023-03-23T18:00:00+01:00,17.251
2023-03-24T06:00:00+01:00,17.255
2023-03-24T18:00:00+01:00,17.263
2023-03-25T06:00:00+01:00,17.256
2023-03-25T18:00:00+01:00,17.241
2023-03-26T07:00:00+02:00,17.292
2023-03-26T19:00:00+02:00,17.282
2023-03-27T07:00:00+02:00,17.279
2023-03-27T19:00:00+02:00,17.295
2023-03-28T07:00:00+02:00,17.323
2023-03-28T19:00:00+02:00,17.36
2023-03-29T07:00:00+02:00,17.365
2023-03-29T19:00:00+02:00,17.386
2023-03-30T07:00:00+02:00,17.373
2023-03-30T19:00:00+02:00,17.352
2023-03-31T07:00:00+02:00,17.412
2023-03-31T19:00:00+02:00,17.413
2023-04-01T07:00:00+02:00,17.389
2023-04-01T19:00:00+02:00,17.37
2023-04-02T07:00:00+02:00,17.373
2023-04-02T19:00:00+02:00,17.391
2023-04-03T07:00:00+02:00,17.395
2023-04-03T19:00:00+02:00,17.412
2023-04-04T07:00:00+02:00,17.42
2023-04-04T19:00:00+02:00,17.436
2023-04-05T07:00:00+02:00,17.417
2023-04-05T19:00:00+02:00,17.423
2023-04-06T07:00:00+02:00,17.432
2023-04-06T19:00:00+02:00,17.423
2023-04-07T07:00:00+02:00,17.39
2023-04-07T19:00:00+02:00,17.369
2023-04-08T07:00:00+02:00,17.341
2023-04-08T19:00:00+02:00,17.338
2023-04-09T07:00:00+02:00,17.334
2023-04-09T19:00:00+02:00,17.337
2023-04-10T07:00:00+02:00,17.343
2023-04-10T19:00:00+02:00,17.364
2023-04-11T07:00:00+02:00,17.335
2023-04-11T19:00:00+02:00,17.354
2023-04-12T07:00:00+02:00,17.432
2023-04-12T19:00:00+02:00,17.426
2023-04-13T07:00:00+02:00,17.381
2023-04-13T19:00:00+02:00,17.351
2023-04-14T07:00:00+02:00,17.367
2023-04-14T19:00:00+02:00,17.383
2023-04-15T07:00:00+02:00,17.336
2023-04-15T19:00:00+02:00,17.292
2023-04-16T07:00:00+02:00,17.292
2023-04-16T19:00:00+02:00,17.282
2023-04-17T07:00:00+02:00,17.295
2023-04-17T19:00:00+02:00,17.296
2023-04-18T07:00:00+02:00,17.288
2023-04-18T19:00:00+02:00,17.288
2023-04-19T07:00:00+02:00,17.293
2023-04-19T19:00:00+02:00,17.301
2023-04-20T07:00:00+02:00,17.304
2023-04-20T19:00:00+02:00,17.318
2023-04-21T07:00:00+02:00,17.334
2023-04-21T19:00:00+02:00,17.356
2023-04-22T07:00:00+02:00,17.336
2023-04-22T19:00:00+02:00,17.314
2023-04-23T07:00:00+02:00,17.334
2023-04-23T19:00:00+02:00,17.381
2023-04-24T07:00:00+02:00,17.331
2023-04-24T19:00:00+02:00,17.301
2023-04-25T07:00:00+02:00,17.319
2023-04-25T19:00:00+02:00,17.33
2023-04-26T07:00:00+02:00,17.334
2023-04-26T19:00:00+02:00,17.331
2023-04-27T07:00:00+02:00,17.318
2023-04-27T19:00:00+02:00,17.364
2023-04-28T07:00:00+02:00,17.375
2023-04-28T19:00:00+02:00,17.36
2023-04-29T07:00:00+02:00,17.337
2023-04-29T19:00:00+02:00,17.343
2023-04-30T07:00:00+02:00,17.327
2023-04-30T19:00:00+02:00,17.343
2023-05-01T07:00:00+02:00,17.352
2023-05-01T19:00:00+02:00,17.333
2023-05-02T07:00:00+02:00,17.286
2023-05-02T19:00:00+02:00,17.268
2023-05-03T07:00:00+02:00,17.265
2023-05-03T19:00:00+02:00,17.282
2023-05-04T07:00:00+02:00,17.273
2023-05-04T19:00:00+02:00,17.297
2023-05-05T07:00:00+02:00,17.28
2023-05-05T19:00:00+02:00,17.263
2023-05-06T07:00:00+02:00,17.239
2023-05-06T19:00:00+02:00,17.263
2023-05-07T07:00:00+02:00,17.275
2023-05-07T19:00:00+02:00,17.249
2023-05-08T07:00:00+02:00,17.223
2023-05-08T19:00:00+02:00,17.239
2023-05-09T07:00:00+02:00,17.277
2023-05-09T19:00:00+02:00,17.303
2023-05-10T07:00:00+02:00,17.32
2023-05-10T19:00:00+02:00,17.312
2023-05-11T07:00:00+02:00,17.313
2023-05-11T19:00:00+02:00,17.346
2023-05-12T07:00:00+02:00,17.366
2023-05-12T19:00:00+02:00,17.35
2023-05-13T07:00:00+02:00,17.356
2023-05-13T19:00:00+02:00,17.374
2023-05-14T07:00:00+02:00,17.366
2023-05-14T19:00:00+02:00,17.375
2023-05-15T07:00:00+02:00,17.383
2023-05-15T19:00:00+02:00,17.356
2023-05-16T07:00:00+02:00,17.315
2023-05-16T19:00:00+02:00,17.314
2023-05-17T07:00:00+02:00,17.308
2023-05-17T19:00:00+02:00,17.293
2023-05-18T07:00:00+02:00,17.272
2023-05-18T19:00:00+02:00,17.283
2023-05-19T07:00:00+02:00,17.28
2023-05-19T19:00:00+02:00,17.276
2023-05-20T07:00:00+02:00,17.267
2023-05-20T19:00:00+02:00,17.264
2023-05-21T07:00:00+02:00,17.246
2023-05-21T19:00:00+02:00,17.244
2023-05-22T07:00:00+02:00,17.24
2023-05-22T19:00:00+02:00,17.209
2023-05-23T07:00:00+02:00,17.177
2023-05-23T19:00:00+02:00,17.176
2023-05-24T07:00:00+02:00,17.157
2023-05-24T19:00:00+02:00,17.149
2023-05-25T07:00:00+02:00,17.142
2023-05-25T19:00:00+02:00,17.15
2023-05-26T07:00:00+02:00,17.108
2023-05-26T19:00:00+02:00,17.104
2023-05-27T07:00:00+02:00,17.116
2023-05-27T19:00:00+02:00,17.12
2023-05-28T07:00:00+02:00,17.104
2023-05-28T19:00:00+02:00,17.102
2023-05-29T07:00:00+02:00,17.074
2023-05-29T19:00:00+02:00,17.068
2023-05-30T07:00:00+02:00,17.041
2023-05-30T19:00:00+02:00,17.033
2023-05-31T07:00:00+02:00,17.03
2023-05-31T19:00:00+02:00,17.028
2023-06-01T07:00:00+02:00,16.994
2023-06-01T19:00:00+02:00,16.992
2023-06-02T07:00:00+02:00,16.981
2023-06-02T19:00:00+02:00,16.979
2023-06-03T07:00:00+02:00,16.96
2023-06-03T19:00:00+02:00,16.941
2023-06-04T07:00:00+02:00,16.933
2023-06-04T19:00:00+02:00,16.926
2023-06-05T07:00:00+02:00,16.903
2023-06-05T19:00:00+02:00,16.897
2023-06-06T07:00:00+02:00,16.874
2023-06-06T19:00:00+02:00,16.873
2023-06-07T07:00:00+02:00,16.851
2023-06-07T19:00:00+02:00,16.85
2023-06-08T07:00:00+02:00,16.845
2023-06-08T19:00:00+02:00,16.845
2023-06-09T07:00:00+02:00,16.82
2023-06-09T19:00:00+02:00,16.81
2023-06-10T07:00:00+02:00,16.77
2023-06-10T19:00:00+02:00,16.748
2023-06-11T07:00:00+02:00,16.724
2023-06-11T19:00:00+02:00,16.722
2023-06-12T07:00:00+02:00,16.694
2023-06-12T19:00:00+02:00,16.691
2023-06-13T07:00:00+02:00,16.675
2023-06-13T19:00:00+02:00,16.668
2023-06-14T07:00:00+02:00,16.635
2023-06-14T19:00:00+02:00,16.619
2023-06-15T07:00:00+02:00,16.602
2023-06-15T19:00:00+02:00,16.597
2023-06-16T07:00:00+02:00,16.582
2023-06-16T19:00:00+02:00,16.587
2023-06-17T07:00:00+02:00,16.575
2023-06-17T19:00:00+02:00,16.567
2023-06-18T07:00:00+02:00,16.558
2023-06-18T19:00:00+02:00,16.585
2023-06-19T07:00:00+02:00,16.57
2023-06-19T19:00:00+02:00,16.547
2023-06-20T07:00:00+02:00,16.544
2023-06-20T19:00:00+02:00,16.53
2023-06-21T07:00:00+02:00,16.52
2023-06-21T19:00:00+02:00,16.507
2023-06-22T07:00:00+02:00,16.517
2023-06-22T19:00:00+02:00,16.541
2023-06-23T07:00:00+02:00,16.534
2023-06-23T19:00:00+02:00,16.541
2023-06-24T07:00:00+02:00,16.552
2023-06-24T19:00:00+02:00,16.559
2023-06-25T07:00:00+02:00,16.566
2023-06-25T19:00:00+02:00,16.578
2023-06-26T07:00:00+02:00,16.535
2023-06-26T19:00:00+02:00,16.509
2023-06-27T07:00:00+02:00,16.525
2023-06-27T19:00:00+02:00,16.534
2023-06-28T07:00:00+02:00,16.537
2023-06-28T19:00:00+02:00,16.534
2023-06-29T07:00:00+02:00,16.562
2023-06-29T19:00:00+02:00,16.546
2023-06-30T07:00:00+02:00,16.553
2023-06-30T19:00:00+02:00,16.569
2023-07-01T07:00:00+02:00,16.596
2023-07-01T19:00:00+02:00,16.584
2023-07-02T07:00:00+02:00,16.558
2023-07-02T19:00:00+02:00,16.549
2023-07-04T07:00:00+02:00,16.545
2023-07-04T19:00:00+02:00,16.56
2023-07-05T07:00:00+02:00,16.576
2023-07-05T19:00:00+02:00,16.513
2023-07-06T07:00:00+02:00,16.535
2023-07-06T19:00:00+02:00,16.533
2023-07-07T07:00:00+02:00,16.519
2023-07-07T19:00:00+02:00,16.524
2023-07-08T07:00:00+02:00,16.513
2023-07-08T19:00:00+02:00,16.497
2023-07-09T07:00:00+02:00,16.484
2023-07-09T19:00:00+02:00,16.468
2023-07-10T07:00:00+02:00,16.47
2023-07-10T19:00:00+02:00,16.484
2023-07-11T07:00:00+02:00,16.508
2023-07-11T19:00:00+02:00,16.506
2023-07-12T07:00:00+02:00,16.469
2023-07-12T19:00:00+02:00,16.46
2023-07-13T07:00:00+02:00,16.45
2023-07-13T19:00:00+02:00,16.447
2023-07-14T07:00:00+02:00,16.467
2023-07-14T19:00:00+02:00,16.511
2023-07-15T07:00:00+02:00,16.497
2023-07-15T19:00:00+02:00,16.482
2023-07-16T07:00:00+02:00,16.465
2023-07-16T19:00:00+02:00,16.465
2023-07-17T07:00:00+02:00,16.45
2023-07-17T19:00:00+02:00,16.447
2023-07-18T07:00:00+02:00,16.46
2023-07-18T19:00:00+02:00,16.475
2023-07-19T07:00:00+02:00,16.469
2023-07-19T19:00:00+02:00,16.449
2023-07-20T07:00:00+02:00,16.435
2023-07-20T19:00:00+02:00,16.443
2023-07-21T07:00:00+02:00,16.451
2023-07-21T19:00:00+02:00,16.423
2023-07-22T07:00:00+02:00,16.437
2023-07-22T19:00:00+02:00,16.455
2023-07-23T07:00:00+02:00,16.473
2023-07-23T19:00:00+02:00,16.471
2023-07-25T07:00:00+02:00,16.469
2023-07-25T19:00:00+02:00,16.464
2023-07-26T07:00:00+02:00,16.493
2023-07-26T19:00:00+02:00,16.484
2023-07-27T07:00:00+02:00,16.517
2023-07-27T19:00:00+02:00,16.517
2023-07-28T07:00:00+02:00,16.51
2023-07-28T19:00:00+02:00,16.52
2023-07-29T07:00:00+02:00,16.527
2023-07-29T19:00:00+02:00,16.53
2023-07-30T07:00:00+02:00,16.513
2023-07-30T19:00:00+02:00,16.502
2023-07-31T07:00:00+02:00,16.558
2023-07-31T19:00:00+02:00,16.585
2023-08-01T07:00:00+02:00,16.621
2023-08-01T19:00:00+02:00,16.63
2023-08-02T07:00:00+02:00,16.687
2023-08-02T19:00:00+02:00,16.679
2023-08-03T07:00:00+02:00,16.667
2023-08-03T19:00:00+02:00,16.675
2023-08-04T07:00:00+02:00,16.703
2023-08-04T19:00:00+02:00,16.711
2023-08-05T07:00:00+02:00,16.736
2023-08-05T19:00:00+02:00,16.786
2023-08-06T07:00:00+02:00,16.789
2023-08-06T19:00:00+02:00,16.777
2023-08-07T07:00:00+02:00,16.809
2023-08-07T19:00:00+02:00,16.824
2023-08-08T07:00:00+02:00,16.862
2023-08-08T19:00:00+02:00,16.874
2023-08-09T07:00:00+02:00,16.879
2023-08-09T19:00:00+02:00,16.866
2023-08-10T07:00:00+02:00,16.884
2023-08-10T19:00:00+02:00,16.911
2023-08-11T07:00:00+02:00,16.927
2023-08-11T19:00:00+02:00,16.922
2023-08-12T07:00:00+02:00,16.936
2023-08-12T19:00:00+02:00,16.958
2023-08-13T07:00:00+02:00,16.974
2023-08-13T19:00:00+02:00,16.99
2023-08-14T07:00:00+02:00,16.999
2023-08-14T19:00:00+02:00,17.01
2023-08-15T07:00:00+02:00,16.986
2023-08-15T19:00:00+02:00,16.961
2023-08-16T07:00:00+02:00,16.945
2023-08-16T19:00:00+02:00,16.952
2023-08-17T07:00:00+02:00,16.952
2023-08-17T19:00:00+02:00,16.949
2023-08-18T07:00:00+02:00,16.957
2023-08-18T19:00:00+02:00,16.984
2023-08-19T07:00:00+02:00,16.977
2023-08-19T19:00:00+02:00,16.912
2023-08-20T07:00:00+02:00,16.911
2023-08-20T19:00:00+02:00,16.924
2023-08-21T07:00:00+02:00,16.893
2023-08-21T19:00:00+02:00,16.884
2023-08-22T07:00:00+02:00,16.89
2023-08-22T19:00:00+02:00,16.874
2023-08-24T07:00:00+02:00,16.89
2023-08-24T19:00:00+02:00,16.893
2023-08-25T07:00:00+02:00,16.909
2023-08-25T19:00:00+02:00,16.902
2023-08-26T07:00:00+02:00,16.892
2023-08-26T19:00:00+02:00,16.897
2023-08-27T07:00:00+02:00,16.898
2023-08-27T19:00:00+02:00,16.883
2023-08-28T07:00:00+02:00,16.882
2023-08-28T19:00:00+02:00,16.874
2023-08-29T07:00:00+02:00,16.893
2023-08-29T19:00:00+02:00,16.902
2023-08-30T07:00:00+02:00,16.926
2023-08-30T19:00:00+02:00,16.907
2023-08-31T07:00:00+02:00,16.904
2023-08-31T19:00:00+02:00,16.883
2023-09-01T07:00:00+02:00,16.88
2023-09-01T19:00:00+02:00,16.881
2023-09-02T07:00:00+02:00,16.866
2023-09-02T19:00:00+02:00,16.842
2023-09-03T07:00:00+02:00,16.842
2023-09-03T19:00:00+02:00,16.851
2023-09-04T07:00:00+02:00,16.858
2023-09-04T19:00:00+02:00,16.894
2023-09-05T07:00:00+02:00,16.89
2023-09-05T19:00:00+02:00,16.875
2023-09-06T07:00:00+02:00,16.859
2023-09-06T19:00:00+02:00,16.855
2023-09-07T07:00:00+02:00,16.832
2023-09-07T19:00:00+02:00,16.851
2023-09-08T07:00:00+02:00,16.825
2023-09-08T19:00:00+02:00,16.812
2023-09-09T07:00:00+02:00,16.802
2023-09-09T19:00:00+02:00,16.788
2023-09-10T07:00:00+02:00,16.805
2023-09-10T19:00:00+02:00,16.81
2023-09-11T07:00:00+02:00,16.797
2023-09-11T19:00:00+02:00,16.781
2023-09-12T07:00:00+02:00,16.775
2023-09-12T19:00:00+02:00,16.77
2023-09-13T07:00:00+02:00,16.772
2023-09-13T19:00:00+02:00,16.741
2023-09-14T07:00:00+02:00,16.738
2023-09-14T19:00:00+02:00,16.761
2023-09-15T07:00:00+02:00,16.762
2023-09-15T19:00:00+02:00,16.766
2023-09-16T07:00:00+02:00,16.788
2023-09-16T19:00:00+02:00,16.775
2023-09-18T07:00:00+02:00,16.814
2023-09-18T13:00:00+02:00,16.796
2023-09-22T01:00:00+02:00,16.764
2023-09-22T13:00:00+02:00,16.743
2023-09-23T01:00:00+02:00,16.724
2023-09-23T13:00:00+02:00,16.706
2023-09-24T01:00:00+02:00,16.682
2023-09-24T13:00:00+02:00,16.704
2023-09-25T01:00:00+02:00,16.729
2023-09-25T13:00:00+02:00,16.714
2023-09-26T01:00:00+02:00,16.716
2023-09-26T13:00:00+02:00,16.736
2023-09-27T01:00:00+02:00,16.725
2023-09-27T13:00:00+02:00,16.752
2023-09-28T01:00:00+02:00,16.767
2023-09-28T13:00:00+02:00,16.728
2023-09-29T01:00:00+02:00,16.739
2023-09-29T13:00:00+02:00,16.739
2023-09-30T01:00:00+02:00,16.687
2023-09-30T13:00:00+02:00,16.7
2023-10-01T01:00:00+02:00,16.723
2023-10-01T13:00:00+02:00,16.718
2023-10-02T01:00:00+02:00,16.727
2023-10-02T13:00:00+02:00,16.739
2023-10-03T01:00:00+02:00,16.763
2023-10-03T13:00:00+02:00,16.699
2023-10-04T01:00:00+02:00,16.662
2023-10-04T13:00:00+02:00,16.674
2023-10-05T01:00:00+02:00,16.694
2023-10-05T13:00:00+02:00,16.682
2023-10-06T01:00:00+02:00,16.675
2023-10-06T13:00:00+02:00,16.683
2023-10-07T01:00:00+02:00,16.685
2023-10-07T13:00:00+02:00,16.69
2023-10-08T01:00:00+02:00,16.673
2023-10-08T13:00:00+02:00,16.674
2023-10-09T01:00:00+02:00,16.702
2023-10-09T13:00:00+02:00,16.693
2023-10-10T01:00:00+02:00,16.677
2023-10-10T13:00:00+02:00,16.681
2023-10-11T01:00:00+02:00,16.691
2023-10-11T13:00:00+02:00,16.696
2023-10-12T01:00:00+02:00,16.679
2023-10-12T13:00:00+02:00,16.674
2023-10-13T01:00:00+02:00,16.683
2023-10-13T13:00:00+02:00,16.727
2023-10-14T01:00:00+02:00,16.713
2023-10-14T13:00:00+02:00,16.654
2023-10-15T01:00:00+02:00,16.645
2023-10-15T13:00:00+02:00,16.635
2023-10-16T01:00:00+02:00,16.661
2023-10-16T13:00:00+02:00,16.691
2023-10-17T01:00:00+02:00,16.691
2023-10-17T13:00:00+02:00,16.71
2023-10-18T01:00:00+02:00,16.738
2023-10-18T13:00:00+02:00,16.777
2023-10-19T01:00:00+02:00,16.81
2023-10-19T13:00:00+02:00,16.819
2023-10-20T01:00:00+02:00,16.839
2023-10-20T13:00:00+02:00,16.906
2023-10-21T01:00:00+02:00,16.937
2023-10-21T13:00:00+02:00,16.954
2023-10-22T01:00:00+02:00,16.973
2023-10-22T13:00:00+02:00,16.923
2023-10-23T01:00:00+02:00,16.916
2023-10-23T13:00:00+02:00,16.946
2023-10-24T01:00:00+02:00,16.986
2023-10-24T13:00:00+02:00,16.986
2023-10-25T01:00:00+02:00,16.99
2023-10-25T13:00:00+02:00,17.083
2023-10-26T01:00:00+02:00,17.083
2023-10-26T13:00:00+02:00,17.128
2023-10-27T01:00:00+02:00,17.163
2023-10-27T13:00:00+02:00,17.19
2023-10-28T01:00:00+02:00,17.221
2023-10-28T13:00:00+02:00,17.252
2023-10-29T01:00:00+02:00,17.296
2023-10-29T12:00:00+01:00,17.279
2023-10-30T00:00:00+01:00,17.246
2023-10-30T12:00:00+01:00,17.267
2023-10-31T00:00:00+01:00,17.258
2023-10-31T12:00:00+01:00,17.254
2023-11-01T00:00:00+01:00,17.262
2023-11-01T12:00:00+01:00,17.299
2023-11-02T00:00:00+01:00,17.345
2023-11-02T12:00:00+01:00,17.382
2023-11-03T00:00:00+01:00,17.319
2023-11-03T12:00:00+01:00,17.297
2023-11-04T00:00:00+01:00,17.305
2023-11-04T12:00:00+01:00,17.367
2023-11-05T00:00:00+01:00,17.362
2023-11-05T12:00:00+01:00,17.308
2023-11-06T00:00:00+01:00,17.247
2023-11-06T12:00:00+01:00,17.236
2023-11-07T00:00:00+01:00,17.22
2023-11-07T12:00:00+01:00,17.22
2023-11-08T00:00:00+01:00,17.216
2023-11-08T12:00:00+01:00,17.245
2023-11-09T00:00:00+01:00,17.284
2023-11-09T12:00:00+01:00,17.281
2023-11-10T00:00:00+01:00,17.318
2023-11-10T12:00:00+01:00,17.321
2023-11-11T00:00:00+01:00,17.303
2023-11-11T12:00:00+01:00,17.321
2023-11-12T00:00:00+01:00,17.35
2023-11-12T12:00:00+01:00,17.343
2023-11-13T00:00:00+01:00,17.356
2023-11-13T12:00:00+01:00,17.406
2023-11-14T00:00:00+01:00,17.379
2023-11-14T12:00:00+01:00,17.408
2023-11-15T00:00:00+01:00,17.443
2023-11-15T12:00:00+01:00,17.518
2023-11-16T00:00:00+01:00,17.533
2023-11-16T12:00:00+01:00,17.553
2023-11-17T00:00:00+01:00,17.496
2023-11-17T12:00:00+01:00,17.487
2023-11-18T00:00:00+01:00,17.47
2023-11-18T12:00:00+01:00,17.518
2023-11-19T00:00:00+01:00,17.536
2023-11-19T12:00:00+01:00,17.535
2023-11-20T00:00:00+01:00,17.527
2023-11-20T12:00:00+01:00,17.537
2023-11-21T00:00:00+01:00,17.515
2023-11-21T12:00:00+01:00,17.495
2023-11-22T00:00:00+01:00,17.461
2023-11-22T12:00:00+01:00,17.471
2023-11-23T00:00:00+01:00,17.494
2023-11-23T12:00:00+01:00,17.515
2023-11-24T00:00:00+01:00,17.524
2023-11-24T12:00:00+01:00,17.528
2023-11-25T00:00:00+01:00,17.496
2023-11-25T12:00:00+01:00,17.497
2023-11-26T00:00:00+01:00,17.481
2023-11-26T12:00:00+01:00,17.493
2023-11-27T00:00:00+01:00,17.497
2023-11-27T12:00:00+01:00,17.561
2023-11-28T00:00:00+01:00,17.578
2023-11-28T12:00:00+01:00,17.575
2023-11-29T00:00:00+01:00,17.607
2023-11-29T12:00:00+01:00,17.597
2023-11-30T00:00:00+01:00,17.606
2023-11-30T12:00:00+01:00,17.599
2023-12-01T00:00:00+01:00,17.577
2023-12-01T12:00:00+01:00,17.558
2023-12-02T00:00:00+01:00,17.544
2023-12-02T12:00:00+01:00,17.524
2023-12-03T00:00:00+01:00,17.501
2023-12-03T12:00:00+01:00,17.517
2023-12-04T00:00:00+01:00,17.542
2023-12-04T12:00:00+01:00,17.542
2023-12-05T00:00:00+01:00,17.546
2023-12-05T12:00:00+01:00,17.527
2023-12-06T00:00:00+01:00,17.511
2023-12-06T12:00:00+01:00,17.512
2023-12-07T00:00:00+01:00,17.499
2023-12-07T12:00:00+01:00,17.53
2023-12-08T00:00:00+01:00,17.541
2023-12-08T12:00:00+01:00,17.52
2023-12-09T00:00:00+01:00,17.505
2023-12-09T12:00:00+01:00,17.588
2023-12-10T00:00:00+01:00,17.532
2023-12-10T12:00:00+01:00,17.53
2023-12-11T00:00:00+01:00,17.554
2023-12-11T12:00:00+01:00,17.52
2023-12-12T00:00:00+01:00,17.517
2023-12-12T12:00:00+01:00,17.566
2023-12-13T00:00:00+01:00,17.562
2023-12-13T12:00:00+01:00,17.544
2023-12-14T00:00:00+01:00,17.503
2023-12-14T12:00:00+01:00,17.489
2023-12-15T00:00:00+01:00,17.475
2023-12-15T12:00:00+01:00,17.458
2023-12-16T00:00:00+01:00,17.467
2023-12-16T12:00:00+01:00,17.483
2023-12-17T00:00:00+01:00,17.472
2023-12-17T12:00:00+01:00,17.479
2023-12-18T00:00:00+01:00,17.489
2023-12-18T12:00:00+01:00,17.502
2023-12-19T00:00:00+01:00,17.5
2023-12-19T12:00:00+01:00,17.521
2023-12-20T00:00:00+01:00,17.513
2023-12-20T12:00:00+01:00,17.531
2023-12-21T00:00:00+01:00,17.568
2023-12-21T12:00:00+01:00,17.602
2023-12-22T00:00:00+01:00,17.624
2023-12-22T12:00:00+01:00,17.665
2023-12-23T00:00:00+01:00,17.636
2023-12-23T12:00:00+01:00,17.662
2023-12-24T00:00:00+01:00,17.667
2023-12-24T12:00:00+01:00,17.682
2023-12-25T00:00:00+01:00,17.688
2023-12-25T12:00:00+01:00,17.673
2023-12-26T00:00:00+01:00,17.734
2023-12-26T12:00:00+01:00,17.731
2023-12-27T00:00:00+01:00,17.719
2023-12-27T12:00:00+01:00,17.73
2023-12-28T00:00:00+01:00,17.718
2023-12-28T12:00:00+01:00,17.711
2023-12-29T00:00:00+01:00,17.697
2023-12-29T12:00:00+01:00,17.672
2023-12-30T00:00:00+01:00,17.656
2023-12-30T12:00:00+01:00,17.66
2023-12-31T00:00:00+01:00,17.676
2023-12-31T12:00:00+01:00,17.653
2024-01-01T00:00:00+01:00,17.635
2024-01-01T12:00:00+01:00,17.612
2024-01-02T00:00:00+01:00,17.66
2024-01-02T12:00:00+01:00,17.691
2024-01-03T00:00:00+01:00,17.717
2024-01-03T12:00:00+01:00,17.73
2024-01-04T00:00:00+01:00,17.739
2024-01-04T12:00:00+01:00,17.759
2024-01-05T00:00:00+01:00,17.801
2024-01-05T12:00:00+01:00,17.774
2024-01-06T00:00:00+01:00,17.721
2024-01-06T12:00:00+01:00,17.692
2024-01-07T00:00:00+01:00,17.687
2024-01-07T12:00:00+01:00,17.671
2024-01-08T00:00:00+01:00,17.635
2024-01-08T12:00:00+01:00,17.638
2024-01-09T00:00:00+01:00,17.619
2024-01-09T12:00:00+01:00,17.622
2024-01-10T00:00:00+01:00,17.618
2024-01-10T12:00:00+01:00,17.611
2024-01-11T00:00:00+01:00,17.581
2024-01-11T12:00:00+01:00,17.568
2024-01-12T00:00:00+01:00,17.565
2024-01-12T12:00:00+01:00,17.559
2024-01-13T00:00:00+01:00,17.571
2024-01-13T12:00:00+01:00,17.572
2024-01-14T00:00:00+01:00,17.575
2024-01-14T12:00:00+01:00,17.583
2024-01-15T00:00:00+01:00,17.574
2024-01-15T12:00:00+01:00,17.563
2024-01-16T00:00:00+01:00,17.53
2024-01-16T12:00:00+01:00,17.55
2024-01-17T00:00:00+01:00,17.58
2024-01-17T12:00:00+01:00,17.595
2024-01-18T00:00:00+01:00,17.542
2024-01-18T12:00:00+01:00,17.516
2024-01-19T00:00:00+01:00,17.496
2024-01-19T12:00:00+01:00,17.495
2024-01-20T00:00:00+01:00,17.482
2024-01-20T12:00:00+01:00,17.497
2024-01-21T00:00:00+01:00,17.506
2024-01-21T12:00:00+01:00,17.508
2024-01-22T00:00:00+01:00,17.55
2024-01-22T12:00:00+01:00,17.497
2024-01-23T00:00:00+01:00,17.472
2024-01-23T12:00:00+01:00,17.488
2024-01-24T00:00:00+01:00,17.526
2024-01-24T12:00:00+01:00,17.479
2024-01-25T00:00:00+01:00,17.489
2024-01-25T12:00:00+01:00,17.494
2024-01-26T00:00:00+01:00,17.507
2024-01-26T12:00:00+01:00,17.479
2024-01-27T00:00:00+01:00,17.468
2024-01-27T12:00:00+01:00,17.478
2024-01-28T00:00:00+01:00,17.511
2024-01-28T12:00:00+01:00,17.524
2024-01-29T00:00:00+01:00,17.497
2024-01-29T12:00:00+01:00,17.492
2024-01-30T00:00:00+01:00,17.488
2024-01-30T12:00:00+01:00,17.475
2024-01-31T00:00:00+01:00,17.459
2024-01-31T12:00:00+01:00,17.483
2024-02-01T00:00:00+01:00,17.496
2024-02-01T12:00:00+01:00,17.449
2024-02-02T00:00:00+01:00,17.461
2024-02-02T12:00:00+01:00,17.461
2024-02-03T00:00:00+01:00,17.45
2024-02-03T12:00:00+01:00,17.451
2024-02-04T00:00:00+01:00,17.455
2024-02-04T12:00:00+01:00,17.451
2024-02-05T00:00:00+01:00,17.459
2024-02-05T12:00:00+01:00,17.474
2024-02-06T00:00:00+01:00,17.49
2024-02-06T12:00:00+01:00,17.503
2024-02-07T00:00:00+01:00,17.516
2024-02-07T12:00:00+01:00,17.519
2024-02-08T00:00:00+01:00,17.547
2024-02-08T12:00:00+01:00,17.582
2024-02-09T00:00:00+01:00,17.634
2024-02-09T12:00:00+01:00,17.662
2024-02-10T00:00:00+01:00,17.669
2024-02-10T12:00:00+01:00,17.662
2024-02-11T00:00:00+01:00,17.648
2024-02-11T12:00:00+01:00,17.622
2024-02-12T00:00:00+01:00,17.592
2024-02-12T12:00:00+01:00,17.574
2024-02-13T00:00:00+01:00,17.547
2024-02-13T12:00:00+01:00,17.553
2024-02-14T00:00:00+01:00,17.567
2024-02-14T12:00:00+01:00,17.546
2024-02-15T00:00:00+01:00,17.559
2024-02-15T12:00:00+01:00,17.569
2024-02-16T00:00:00+01:00,17.57
2024-02-16T12:00:00+01:00,17.537
2024-02-17T00:00:00+01:00,17.523
2024-02-17T12:00:00+01:00,17.522
2024-02-18T00:00:00+01:00,17.542
2024-02-18T12:00:00+01:00,17.574
2024-02-19T00:00:00+01:00,17.522
2024-02-19T12:00:00+01:00,17.544
2024-02-20T00:00:00+01:00,17.517
2024-02-20T12:00:00+01:00,17.53
2024-02-21T00:00:00+01:00,17.554
2024-02-21T12:00:00+01:00,17.584
2024-02-22T00:00:00+01:00,17.592
2024-02-22T12:00:00+01:00,17.636
2024-02-23T00:00:00+01:00,17.55
2024-02-23T12:00:00+01:00,17.578
2024-02-24T00:00:00+01:00,17.577
2024-02-24T12:00:00+01:00,17.56
2024-02-25T00:00:00+01:00,17.566
2024-02-25T12:00:00+01:00,17.553
2024-02-26T00:00:00+01:00,17.559
2024-02-26T12:00:00+01:00,17.528
2024-02-27T00:00:00+01:00,17.548
2024-02-27T12:00:00+01:00,17.576
2024-02-28T00:00:00+01:00,17.575
2024-02-28T12:00:00+01:00,17.575
2024-02-29T00:00:00+01:00,17.591
2024-02-29T12:00:00+01:00,17.591
2024-03-01T00:00:00+01:00,17.614
2024-03-01T12:00:00+01:00,17.62
2024-03-02T00:00:00+01:00,17.598
2024-03-02T12:00:00+01:00,17.584
2024-03-03T00:00:00+01:00,17.576
2024-03-03T12:00:00+01:00,17.562
2024-03-04T00:00:00+01:00,17.524
2024-03-04T12:00:00+01:00,17.528
2024-03-05T00:00:00+01:00,17.529
2024-03-05T12:00:00+01:00,17.517
2024-03-06T00:00:00+01:00,17.501
2024-03-06T12:00:00+01:00,17.483
2024-03-07T00:00:00+01:00,17.493
2024-03-07T12:00:00+01:00,17.514
2024-03-08T00:00:00+01:00,17.509
2024-03-08T12:00:00+01:00,17.533
2024-03-09T00:00:00+01:00,17.528
2024-03-09T12:00:00+01:00,17.522
2024-03-10T00:00:00+01:00,17.521
2024-03-10T12:00:00+01:00,17.516
2024-03-11T00:00:00+01:00,17.486
2024-03-11T12:00:00+01:00,17.469
2024-03-12T00:00:00+01:00,17.482
2024-03-12T12:00:00+01:00,17.513
2024-03-15T06:00:00+01:00,17.563
2024-03-15T18:00:00+01:00,17.546
2024-03-16T06:00:00+01:00,17.503
2024-03-16T18:00:00+01:00,17.492
2024-03-17T06:00:00+01:00,17.519
2024-03-17T18:00:00+01:00,17.529
2024-03-18T06:00:00+01:00,17.527
2024-03-18T18:00:00+01:00,17.524
2024-03-19T06:00:00+01:00,17.522
2024-03-19T18:00:00+01:00,17.501
2024-03-20T06:00:00+01:00,17.503
2024-03-20T18:00:00+01:00,17.507
2024-03-21T06:00:00+01:00,17.486
2024-03-21T18:00:00+01:00,17.491
2024-03-22T06:00:00+01:00,17.504
2024-03-22T18:00:00+01:00,17.512
2024-03-23T06:00:00+01:00,17.522
2024-03-23T18:00:00+01:00,17.531
2024-03-24T06:00:00+01:00,17.548
2024-03-24T18:00:00+01:00,17.543
2024-03-25T06:00:00+01:00,17.557
2024-03-25T18:00:00+01:00,17.58
2024-03-26T06:00:00+01:00,17.597
2024-03-26T18:00:00+01:00,17.604
2024-03-27T06:00:00+01:00,17.569
2024-03-27T18:00:00+01:00,17.56
2024-03-28T06:00:00+01:00,17.573
2024-03-28T18:00:00+01:00,17.533
2024-03-29T06:00:00+01:00,17.539
2024-03-29T18:00:00+01:00,17.52
2024-03-30T06:00:00+01:00,17.532
2024-03-30T18:00:00+01:00,17.507
2024-03-31T07:00:00+02:00,17.535
2024-03-31T19:00:00+02:00,17.549
2024-04-01T07:00:00+02:00,17.531
2024-04-01T19:00:00+02:00,17.523
2024-04-02T07:00:00+02:00,17.509
2024-04-02T19:00:00+02:00,17.497
2024-04-03T07:00:00+02:00,17.525
2024-04-03T19:00:00+02:00,17.498
2024-04-04T07:00:00+02:00,17.537
2024-04-04T19:00:00+02:00,17.496
2024-04-05T07:00:00+02:00,17.523
2024-04-05T19:00:00+02:00,17.501
2024-04-06T07:00:00+02:00,17.521
2024-04-06T19:00:00+02:00,17.51
2024-04-07T07:00:00+02:00,17.486
2024-04-07T19:00:00+02:00,17.505
2024-04-08T07:00:00+02:00,17.511
2024-04-08T19:00:00+02:00,17.532
2024-04-09T07:00:00+02:00,17.49
2024-04-09T19:00:00+02:00,17.452
2024-04-10T07:00:00+02:00,17.434
2024-04-10T19:00:00+02:00,17.444
2024-04-11T07:00:00+02:00,17.467
2024-04-11T19:00:00+02:00,17.459
2024-04-12T07:00:00+02:00,17.465
2024-04-12T19:00:00+02:00,17.467
2024-04-13T07:00:00+02:00,17.485
2024-04-13T19:00:00+02:00,17.501
2024-04-14T07:00:00+02:00,17.452
2024-04-14T19:00:00+02:00,17.49
2024-04-15T07:00:00+02:00,17.512
2024-04-15T19:00:00+02:00,17.496
2024-04-16T07:00:00+02:00,17.51
2024-04-16T19:00:00+02:00,17.463
2024-04-17T07:00:00+02:00,17.461
2024-04-17T19:00:00+02:00,17.459
2024-04-18T07:00:00+02:00,17.441
2024-04-18T19:00:00+02:00,17.468
2024-04-19T07:00:00+02:00,17.505
2024-04-19T19:00:00+02:00,17.468
2024-04-20T07:00:00+02:00,17.466
2024-04-20T19:00:00+02:00,17.481
2024-04-21T07:00:00+02:00,17.49
2024-04-21T19:00:00+02:00,17.473
2024-04-22T07:00:00+02:00,17.496
2024-04-22T19:00:00+02:00,17.498
2024-04-23T07:00:00+02:00,17.482
2024-04-23T19:00:00+02:00,17.501
2024-04-24T07:00:00+02:00,17.521
2024-04-24T19:00:00+02:00,17.502
2024-04-25T07:00:00+02:00,17.492
2024-04-25T19:00:00+02:00,17.52
2024-04-26T07:00:00+02:00,17.509
2024-04-26T19:00:00+02:00,17.468
2024-04-27T07:00:00+02:00,17.464
2024-04-27T19:00:00+02:00,17.488
2024-04-28T07:00:00+02:00,17.487
2024-04-28T19:00:00+02:00,17.433
2024-04-29T07:00:00+02:00,17.43
2024-04-29T19:00:00+02:00,17.453
2024-04-30T07:00:00+02:00,17.448
2024-04-30T19:00:00+02:00,17.453
2024-05-01T07:00:00+02:00,17.463
2024-05-01T19:00:00+02:00,17.489
2024-05-02T07:00:00+02:00,17.47
2024-05-02T19:00:00+02:00,17.42
2024-05-03T07:00:00+02:00,17.506
2024-05-03T19:00:00+02:00,17.523
2024-05-04T07:00:00+02:00,17.548
2024-05-04T19:00:00+02:00,17.585
2024-05-05T07:00:00+02:00,17.59
2024-05-05T19:00:00+02:00,17.609
2024-05-06T07:00:00+02:00,17.599
2024-05-06T19:00:00+02:00,17.58
2024-05-07T07:00:00+02:00,17.59
2024-05-07T19:00:00+02:00,17.604
2024-05-08T07:00:00+02:00,17.6
2024-05-08T19:00:00+02:00,17.607
2024-05-09T07:00:00+02:00,17.607
2024-05-09T19:00:00+02:00,17.606
2024-05-10T07:00:00+02:00,17.597
2024-05-10T19:00:00+02:00,17.596
2024-05-11T07:00:00+02:00,17.578
2024-05-11T19:00:00+02:00,17.586
2024-05-12T07:00:00+02:00,17.591
2024-05-12T19:00:00+02:00,17.587
2024-05-13T07:00:00+02:00,17.566
2024-05-13T19:00:00+02:00,17.574
2024-05-14T07:00:00+02:00,17.567
2024-05-14T19:00:00+02:00,17.536
2024-05-15T07:00:00+02:00,17.538
2024-05-15T19:00:00+02:00,17.527
2024-05-16T07:00:00+02:00,17.544
2024-05-16T19:00:00+02:00,17.532
2024-05-17T07:00:00+02:00,17.578
2024-05-17T19:00:00+02:00,17.61
2024-05-18T07:00:00+02:00,17.625
2024-05-18T19:00:00+02:00,17.624
2024-05-19T07:00:00+02:00,17.616
2024-05-19T19:00:00+02:00,17.628
2024-05-20T07:00:00+02:00,17.631
2024-05-20T19:00:00+02:00,17.625
2024-05-21T07:00:00+02:00,17.617
2024-05-21T19:00:00+02:00,17.605
2024-05-22T07:00:00+02:00,17.627
2024-05-22T19:00:00+02:00,17.623
2024-05-23T07:00:00+02:00,17.609
2024-05-23T19:00:00+02:00,17.595
2024-05-24T07:00:00+02:00,17.589
2024-05-24T19:00:00+02:00,17.612
2024-05-25T07:00:00+02:00,17.642
2024-05-25T19:00:00+02:00,17.645
2024-05-26T07:00:00+02:00,17.653
2024-05-26T19:00:00+02:00,17.641
2024-05-27T07:00:00+02:00,17.645
2024-05-27T19:00:00+02:00,17.639
2024-05-28T07:00:00+02:00,17.649
2024-05-28T19:00:00+02:00,17.682
2024-05-29T07:00:00+02:00,17.705
2024-05-29T19:00:00+02:00,17.711
2024-05-30T07:00:00+02:00,17.698
2024-05-30T19:00:00+02:00,17.666
2024-05-31T07:00:00+02:00,17.667
2024-05-31T19:00:00+02:00,17.639
2024-06-01T07:00:00+02:00,17.629
2024-06-01T19:00:00+02:00,17.611
2024-06-02T07:00:00+02:00,17.612
2024-06-02T19:00:00+02:00,17.603
2024-06-03T07:00:00+02:00,17.597
2024-06-03T19:00:00+02:00,17.598
2024-06-04T07:00:00+02:00,17.603
2024-06-04T19:00:00+02:00,17.605
2024-06-05T07:00:00+02:00,17.564
2024-06-05T19:00:00+02:00,17.549
2024-06-06T07:00:00+02:00,17.539
2024-06-06T19:00:00+02:00,17.532
2024-06-07T07:00:00+02:00,17.532
2024-06-07T19:00:00+02:00,17.518
2024-06-08T07:00:00+02:00,17.525
2024-06-08T19:00:00+02:00,17.517
2024-06-09T07:00:00+02:00,17.518
2024-06-09T19:00:00+02:00,17.498
2024-06-10T07:00:00+02:00,17.511
2024-06-10T19:00:00+02:00,17.464
2024-06-11T07:00:00+02:00,17.465
2024-06-11T19:00:00+02:00,17.463
2024-06-12T07:00:00+02:00,17.454
2024-06-12T19:00:00+02:00,17.453
2024-06-13T07:00:00+02:00,17.47
2024-06-13T19:00:00+02:00,17.476
2024-06-14T07:00:00+02:00,17.473
2024-06-14T19:00:00+02:00,17.486
2024-06-15T07:00:00+02:00,17.46
2024-06-15T19:00:00+02:00,17.443
2024-06-16T07:00:00+02:00,17.447
2024-06-16T19:00:00+02:00,17.437
2024-06-17T07:00:00+02:00,17.414
2024-06-17T19:00:00+02:00,17.403
2024-06-18T07:00:00+02:00,17.421
2024-06-18T19:00:00+02:00,17.499
2024-06-19T07:00:00+02:00,17.536
2024-06-19T19:00:00+02:00,17.557
2024-06-20T07:00:00+02:00,17.564
2024-06-20T19:00:00+02:00,17.575
2024-06-21T07:00:00+02:00,17.577
2024-06-21T19:00:00+02:00,17.572
2024-06-22T07:00:00+02:00,17.576
2024-06-22T19:00:00+02:00,17.567
2024-06-23T07:00:00+02:00,17.55
2024-06-23T19:00:00+02:00,17.54
2024-06-24T07:00:00+02:00,17.541
2024-06-24T19:00:00+02:00,17.534
2024-06-25T07:00:00+02:00,17.523
2024-06-25T19:00:00+02:00,17.521
2024-06-26T07:00:00+02:00,17.507
2024-06-26T19:00:00+02:00,17.496
2024-06-27T07:00:00+02:00,17.472
2024-06-27T19:00:00+02:00,17.458
2024-06-28T07:00:00+02:00,17.427
2024-06-28T19:00:00+02:00,17.421
2024-06-29T07:00:00+02:00,17.434
2024-06-29T19:00:00+02:00,17.445
2024-06-30T07:00:00+02:00,17.451
2024-06-30T19:00:00+02:00,17.423
2024-07-01T07:00:00+02:00,17.429
2024-07-01T19:00:00+02:00,17.422
2024-07-02T07:00:00+02:00,17.425
2024-07-02T19:00:00+02:00,17.422
2024-07-03T07:00:00+02:00,17.43
2024-07-03T19:00:00+02:00,17.432
2024-07-04T07:00:00+02:00,17.437
2024-07-04T19:00:00+02:00,17.398
2024-07-05T07:00:00+02:00,17.41
2024-07-05T19:00:00+02:00,17.433
2024-07-06T07:00:00+02:00,17.448
2024-07-06T19:00:00+02:00,17.385
2024-07-07T07:00:00+02:00,17.382
2024-07-07T19:00:00+02:00,17.377
2024-07-08T07:00:00+02:00,17.361
2024-07-08T19:00:00+02:00,17.375
2024-07-09T07:00:00+02:00,17.373
2024-07-09T19:00:00+02:00,17.371
2024-07-10T07:00:00+02:00,17.382
2024-07-10T19:00:00+02:00,17.368
2024-07-11T07:00:00+02:00,17.356
2024-07-11T19:00:00+02:00,17.372
2024-07-12T07:00:00+02:00,17.407
2024-07-12T19:00:00+02:00,17.443
2024-07-13T07:00:00+02:00,17.482
2024-07-13T19:00:00+02:00,17.501
2024-07-14T07:00:00+02:00,17.522
2024-07-14T19:00:00+02:00,17.491
2024-07-15T07:00:00+02:00,17.482
2024-07-15T19:00:00+02:00,17.5
2024-07-16T07:00:00+02:00,17.455
2024-07-16T19:00:00+02:00,17.461
2024-07-17T07:00:00+02:00,17.44
2024-07-17T19:00:00+02:00,17.429
2024-07-18T07:00:00+02:00,17.45
2024-07-18T19:00:00+02:00,17.437
2024-07-19T07:00:00+02:00,17.419
2024-07-19T19:00:00+02:00,17.431
2024-07-20T07:00:00+02:00,17.454
2024-07-20T19:00:00+02:00,17.444
2024-07-21T07:00:00+02:00,17.42
2024-07-21T19:00:00+02:00,17.399
2024-07-22T07:00:00+02:00,17.387
2024-07-22T19:00:00+02:00,17.38
2024-07-23T07:00:00+02:00,17.392
2024-07-23T19:00:00+02:00,17.379
2024-07-24T07:00:00+02:00,17.388
2024-07-24T19:00:00+02:00,17.384
2024-07-25T07:00:00+02:00,17.386
2024-07-25T19:00:00+02:00,17.407
2024-07-26T07:00:00+02:00,17.41
2024-07-26T19:00:00+02:00,17.382
2024-07-27T07:00:00+02:00,17.366
2024-07-27T19:00:00+02:00,17.363
2024-07-28T07:00:00+02:00,17.338
2024-07-28T19:00:00+02:00,17.351
2024-07-29T07:00:00+02:00,17.328
2024-07-29T19:00:00+02:00,17.354
2024-07-30T07:00:00+02:00,17.347
2024-07-30T19:00:00+02:00,17.328
2024-07-31T07:00:00+02:00,17.335
2024-07-31T19:00:00+02:00,17.325
2024-08-01T07:00:00+02:00,17.316
2024-08-01T19:00:00+02:00,17.314
2024-08-02T07:00:00+02:00,17.302
2024-08-02T19:00:00+02:00,17.317
2024-08-03T07:00:00+02:00,17.303
2024-08-03T19:00:00+02:00,17.298
2024-08-04T07:00:00+02:00,17.276
2024-08-04T19:00:00+02:00,17.27
2024-08-05T07:00:00+02:00,17.273
2024-08-05T19:00:00+02:00,17.267
2024-08-06T07:00:00+02:00,17.268
2024-08-06T19:00:00+02:00,17.261
2024-08-07T07:00:00+02:00,17.233
2024-08-07T19:00:00+02:00,17.256
2024-08-08T07:00:00+02:00,17.264
2024-08-08T19:00:00+02:00,17.276
2024-08-09T07:00:00+02:00,17.276
2024-08-09T19:00:00+02:00,17.259
2024-08-10T07:00:00+02:00,17.259
2024-08-10T19:00:00+02:00,17.262
2024-08-11T07:00:00+02:00,17.231
2024-08-11T19:00:00+02:00,17.261
2024-08-12T07:00:00+02:00,17.272
2024-08-12T19:00:00+02:00,17.26
2024-08-13T07:00:00+02:00,17.24
2024-08-13T19:00:00+02:00,17.219
2024-08-14T07:00:00+02:00,17.216
2024-08-14T19:00:00+02:00,17.219
2024-08-15T07:00:00+02:00,17.195
2024-08-15T19:00:00+02:00,17.208
2024-08-16T07:00:00+02:00,17.201
2024-08-16T19:00:00+02:00,17.195
2024-08-17T07:00:00+02:00,17.191
2024-08-17T19:00:00+02:00,17.202
2024-08-18T07:00:00+02:00,17.201
2024-08-18T19:00:00+02:00,17.167
2024-08-19T07:00:00+02:00,17.15
2024-08-19T19:00:00+02:00,17.169
2024-08-20T07:00:00+02:00,17.176
2024-08-20T19:00:00+02:00,17.177
2024-08-21T07:00:00+02:00,17.127
2024-08-21T19:00:00+02:00,17.134
2024-08-22T07:00:00+02:00,17.147
2024-08-22T19:00:00+02:00,17.142
2024-08-23T07:00:00+02:00,17.151
2024-08-23T19:00:00+02:00,17.102
2024-08-24T07:00:00+02:00,17.126
2024-08-24T19:00:00+02:00,17.12
2024-08-25T07:00:00+02:00,17.047
2024-08-25T19:00:00+02:00,17.06
2024-08-26T07:00:00+02:00,17.052
2024-08-26T19:00:00+02:00,17.047
2024-08-27T07:00:00+02:00,17.037
2024-08-27T19:00:00+02:00,17.05
2024-08-28T07:00:00+02:00,17.046
2024-08-28T19:00:00+02:00,17.055
2024-08-29T07:00:00+02:00,17.031
2024-08-29T19:00:00+02:00,16.996
2024-08-30T07:00:00+02:00,16.983
2024-08-30T19:00:00+02:00,16.979
2024-08-31T07:00:00+02:00,16.971
2024-08-31T19:00:00+02:00,16.976
2024-09-01T07:00:00+02:00,16.992
2024-09-01T19:00:00+02:00,16.992
2024-09-02T07:00:00+02:00,16.973
2024-09-02T19:00:00+02:00,17.228
2024-09-03T07:00:00+02:00,17.042
2024-09-03T19:00:00+02:00,17.029
2024-09-04T07:00:00+02:00,17.015
2024-09-04T19:00:00+02:00,17.019
2024-09-05T07:00:00+02:00,17.04
2024-09-05T19:00:00+02:00,17.038
2024-09-06T07:00:00+02:00,17.016
2024-09-06T19:00:00+02:00,17.006
2024-09-07T07:00:00+02:00,17.035
2024-09-07T19:00:00+02:00,17.058
2024-09-08T07:00:00+02:00,17.055
2024-09-08T19:00:00+02:00,17.082
2024-09-09T07:00:00+02:00,17.073
2024-09-09T19:00:00+02:00,17.025
2024-09-10T07:00:00+02:00,17.043
2024-09-10T19:00:00+02:00,17.081
2024-09-11T07:00:00+02:00,17.085
2024-09-11T19:00:00+02:00,17.094
2024-09-12T07:00:00+02:00,17.083
2024-09-12T19:00:00+02:00,17.057
2024-09-13T07:00:00+02:00,17.036
2024-09-13T19:00:00+02:00,17.021
2024-09-14T07:00:00+02:00,17.029
2024-09-14T19:00:00+02:00,17.046
2024-09-15T07:00:00+02:00,17.058
2024-09-15T19:00:00+02:00,17.067
2024-09-16T07:00:00+02:00,17.076
2024-09-16T19:00:00+02:00,17.073
2024-10-01T01:00:00+02:00,17.085
2024-10-01T13:00:00+02:00,17.077
2024-10-02T01:00:00+02:00,17.065
2024-10-02T13:00:00+02:00,17.033
2024-10-03T01:00:00+02:00,17.013
2024-10-03T13:00:00+02:00,17.012
2024-10-04T01:00:00+02:00,17.013
2024-10-04T13:00:00+02:00,17.02
2024-10-05T01:00:00+02:00,17.029
2024-10-05T13:00:00+02:00,17.05
2024-10-06T01:00:00+02:00,17.079
2024-10-06T13:00:00+02:00,17.116
2024-10-07T01:00:00+02:00,17.117
2024-10-07T13:00:00+02:00,17.079
2024-10-08T01:00:00+02:00,17.106
2024-10-08T13:00:00+02:00,17.074
2024-10-09T01:00:00+02:00,17.089
2024-10-09T13:00:00+02:00,17.113
2024-10-10T01:00:00+02:00,17.131
2024-10-10T13:00:00+02:00,17.074
2024-10-11T01:00:00+02:00,17.069
2024-10-11T13:00:00+02:00,17.08
2024-10-12T01:00:00+02:00,17.121
2024-10-12T13:00:00+02:00,17.175
2024-10-13T01:00:00+02:00,17.17
2024-10-13T13:00:00+02:00,17.137
2024-10-14T01:00:00+02:00,17.155
2024-10-14T13:00:00+02:00,17.17
2024-10-15T01:00:00+02:00,17.153
2024-10-15T13:00:00+02:00,17.159
2024-10-16T01:00:00+02:00,17.182
2024-10-16T13:00:00+02:00,17.195
2024-10-17T01:00:00+02:00,17.192
2024-10-17T13:00:00+02:00,17.149
2024-10-18T01:00:00+02:00,17.155
2024-10-18T13:00:00+02:00,17.157
2024-10-19T01:00:00+02:00,17.151
2024-10-19T13:00:00+02:00,17.152
2024-10-20T01:00:00+02:00,17.136
2024-10-20T13:00:00+02:00,17.165
2024-10-21T01:00:00+02:00,17.156
2024-10-21T13:00:00+02:00,17.139
2024-10-22T01:00:00+02:00,17.144
2024-10-22T13:00:00+02:00,17.123
2024-10-23T01:00:00+02:00,17.111
2024-10-23T13:00:00+02:00,17.136
2024-10-24T01:00:00+02:00,17.164
2024-10-24T13:00:00+02:00,17.199
2024-10-25T01:00:00+02:00,17.219
2024-10-25T13:00:00+02:00,17.206
2024-10-26T01:00:00+02:00,17.179
2024-10-26T13:00:00+02:00,17.203
2024-10-27T01:00:00+02:00,17.198
2024-10-27T13:00:00+01:00,17.156
2024-10-28T01:00:00+01:00,17.162
2024-10-28T13:00:00+01:00,17.188
2024-10-29T01:00:00+01:00,17.168
2024-10-29T13:00:00+01:00,17.159
2024-10-30T01:00:00+01:00,17.156
2024-10-30T13:00:00+01:00,17.153
2024-10-31T01:00:00+01:00,17.143
2024-10-31T13:00:00+01:00,17.157
2024-11-01T01:00:00+01:00,17.154
2024-11-01T13:00:00+01:00,17.155
2024-11-02T01:00:00+01:00,17.121
2024-11-02T13:00:00+01:00,17.116
2024-11-03T01:00:00+01:00,17.124
2024-11-03T13:00:00+01:00,17.13
2024-11-04T01:00:00+01:00,17.127
2024-11-04T13:00:00+01:00,17.163
2024-11-05T01:00:00+01:00,17.17
2024-11-05T13:00:00+01:00,17.161
2024-11-06T01:00:00+01:00,17.127
2024-11-06T13:00:00+01:00,17.112
2024-11-07T01:00:00+01:00,17.102
2024-11-07T13:00:00+01:00,17.107
2024-11-08T01:00:00+01:00,17.119
2024-11-08T13:00:00+01:00,17.129
2024-11-09T01:00:00+01:00,17.125
2024-11-09T13:00:00+01:00,17.118
2024-11-10T01:00:00+01:00,17.107
2024-11-10T13:00:00+01:00,17.11
2024-11-11T01:00:00+01:00,17.108
2024-11-11T13:00:00+01:00,17.098
2024-11-12T01:00:00+01:00,17.102
2024-11-12T13:00:00+01:00,17.097
2024-11-13T01:00:00+01:00,17.103
2024-11-13T13:00:00+01:00,17.109
2024-11-14T01:00:00+01:00,17.126
2024-11-14T13:00:00+01:00,17.12
2024-11-15T01:00:00+01:00,17.107
2024-11-15T13:00:00+01:00,17.11
2024-11-16T01:00:00+01:00,17.109
2024-11-16T13:00:00+01:00,17.103
2024-11-17T01:00:00+01:00,17.113
2024-11-17T13:00:00+01:00,17.091
2024-11-18T01:00:00+01:00,17.096
2024-11-18T13:00:00+01:00,17.09
2024-11-19T01:00:00+01:00,17.155
2024-11-19T13:00:00+01:00,17.172
2024-11-20T01:00:00+01:00,17.153
2024-11-20T13:00:00+01:00,17.184
2024-11-21T01:00:00+01:00,17.287
2024-11-21T13:00:00+01:00,17.418
2024-11-22T01:00:00+01:00,17.396
2024-11-22T13:00:00+01:00,17.386
2024-11-23T01:00:00+01:00,17.336
2024-11-23T13:00:00+01:00,17.425
2024-11-24T01:00:00+01:00,17.444
2024-11-24T13:00:00+01:00,17.471
2024-11-25T01:00:00+01:00,17.482
2024-11-25T13:00:00+01:00,17.451
2024-11-26T01:00:00+01:00,17.424
2024-11-26T13:00:00+01:00,17.445
2024-11-27T01:00:00+01:00,17.435
2024-11-27T13:00:00+01:00,17.497
2024-11-28T01:00:00+01:00,17.41
2024-11-28T13:00:00+01:00,17.399
2024-11-29T01:00:00+01:00,17.392
2024-11-29T13:00:00+01:00,17.415
2024-11-30T01:00:00+01:00,17.427
2024-11-30T13:00:00+01:00,17.437
2024-12-01T01:00:00+01:00,17.443
2024-12-01T13:00:00+01:00,17.474
2024-12-02T01:00:00+01:00,17.453
2024-12-02T13:00:00+01:00,17.453
2024-12-03T01:00:00+01:00,17.414
2024-12-03T13:00:00+01:00,17.384
2024-12-04T01:00:00+01:00,17.367
2024-12-04T13:00:00+01:00,17.345
2024-12-05T01:00:00+01:00,17.355
2024-12-05T13:00:00+01:00,17.413
2024-12-06T01:00:00+01:00,17.449
2024-12-06T13:00:00+01:00,17.353
2024-12-07T01:00:00+01:00,17.463
2024-12-07T13:00:00+01:00,17.532
2024-12-08T01:00:00+01:00,17.486
2024-12-08T13:00:00+01:00,17.402
2024-12-09T01:00:00+01:00,17.401
2024-12-09T13:00:00+01:00,17.441
2024-12-10T01:00:00+01:00,17.439
2024-12-10T13:00:00+01:00,17.452
2024-12-11T01:00:00+01:00,17.437
2024-12-11T13:00:00+01:00,17.422
2024-12-12T01:00:00+01:00,17.419
2024-12-12T13:00:00+01:00,17.431
2024-12-13T01:00:00+01:00,17.44
2024-12-13T13:00:00+01:00,17.455
2024-12-14T01:00:00+01:00,17.467
2024-12-14T13:00:00+01:00,17.453
2024-12-15T01:00:00+01:00,17.401
2024-12-15T13:00:00+01:00,17.394
2024-12-16T01:00:00+01:00,17.38
2024-12-16T13:00:00+01:00,17.388
2024-12-17T01:00:00+01:00,17.386
2024-12-17T13:00:00+01:00,17.403
2024-12-18T01:00:00+01:00,17.434
2024-12-18T13:00:00+01:00,17.446
2024-12-19T01:00:00+01:00,17.501
2024-12-19T13:00:00+01:00,17.416
2024-12-20T01:00:00+01:00,17.34
2024-12-20T13:00:00+01:00,17.345
2024-12-21T01:00:00+01:00,17.389
2024-12-21T13:00:00+01:00,17.429
2024-12-22T01:00:00+01:00,17.469
2024-12-22T13:00:00+01:00,17.43
2024-12-23T01:00:00+01:00,17.402
2024-12-23T13:00:00+01:00,17.367
2024-12-24T01:00:00+01:00,17.372
2024-12-24T13:00:00+01:00,17.409
2024-12-25T01:00:00+01:00,17.403
2024-12-25T13:00:00+01:00,17.418
2024-12-26T01:00:00+01:00,17.433
2024-12-26T13:00:00+01:00,17.455
2024-12-27T01:00:00+01:00,17.475
2024-12-27T13:00:00+01:00,17.494
2024-12-28T01:00:00+01:00,17.496
2024-12-28T13:00:00+01:00,17.505
2024-12-29T01:00:00+01:00,17.501
2024-12-29T13:00:00+01:00,17.489
2024-12-30T01:00:00+01:00,17.486
2024-12-30T13:00:00+01:00,17.5
2024-12-31T01:00:00+01:00,17.488
2024-12-31T13:00:00+01:00,17.496
2025-01-01T01:00:00+01:00,17.505
2025-01-01T13:00:00+01:00,17.522
2025-01-02T01:00:00+01:00,17.469
2025-01-02T13:00:00+01:00,17.451
2025-01-03T01:00:00+01:00,17.441
2025-01-03T13:00:00+01:00,17.468
2025-01-04T01:00:00+01:00,17.469
2025-01-04T13:00:00+01:00,17.505
2025-01-05T01:00:00+01:00,17.57
2025-01-05T13:00:00+01:00,17.603
2025-01-06T01:00:00+01:00,17.607
2025-01-06T13:00:00+01:00,17.656
2025-01-07T01:00:00+01:00,17.59
2025-01-07T13:00:00+01:00,17.59
2025-01-08T01:00:00+01:00,17.584
2025-01-08T13:00:00+01:00,17.585
2025-01-09T01:00:00+01:00,17.582
2025-01-09T13:00:00+01:00,17.543
2025-01-10T01:00:00+01:00,17.537
2025-01-10T13:00:00+01:00,17.547
2025-01-11T01:00:00+01:00,17.533
2025-01-11T13:00:00+01:00,17.519
2025-01-12T01:00:00+01:00,17.509
2025-01-12T13:00:00+01:00,17.501
2025-01-13T01:00:00+01:00,17.493
2025-01-13T13:00:00+01:00,17.506
2025-01-14T01:00:00+01:00,17.519
2025-01-14T13:00:00+01:00,17.521
2025-01-15T01:00:00+01:00,17.515
2025-01-15T13:00:00+01:00,17.513
2025-01-16T01:00:00+01:00,17.489
2025-01-16T13:00:00+01:00,17.487
2025-01-17T01:00:00+01:00,17.484
2025-01-17T13:00:00+01:00,17.495
2025-01-18T01:00:00+01:00,17.493
2025-01-18T13:00:00+01:00,17.506
2025-01-19T01:00:00+01:00,17.508
2025-01-19T13:00:00+01:00,17.507
2025-01-20T01:00:00+01:00,17.487
2025-01-20T13:00:00+01:00,17.485
2025-01-21T01:00:00+01:00,17.486
2025-01-21T13:00:00+01:00,17.486
2025-01-22T01:00:00+01:00,17.506
2025-01-22T13:00:00+01:00,17.504
2025-01-23T01:00:00+01:00,17.491
2025-01-23T13:00:00+01:00,17.447
2025-01-24T01:00:00+01:00,17.452
2025-01-24T13:00:00+01:00,17.496
2025-01-25T01:00:00+01:00,17.49
2025-01-25T13:00:00+01:00,17.484
2025-01-26T01:00:00+01:00,17.535
2025-01-26T13:00:00+01:00,17.579
2025-01-27T01:00:00+01:00,17.638
2025-01-27T13:00:00+01:00,17.601
2025-01-28T01:00:00+01:00,17.601
2025-01-28T13:00:00+01:00,17.614
2025-01-29T01:00:00+01:00,17.58
2025-01-29T13:00:00+01:00,17.552
2025-01-30T01:00:00+01:00,17.555
2025-01-30T13:00:00+01:00,17.529
2025-01-31T01:00:00+01:00,17.535
2025-01-31T13:00:00+01:00,17.556
2025-02-01T01:00:00+01:00,17.549
2025-02-01T13:00:00+01:00,17.57
2025-02-02T01:00:00+01:00,17.585
2025-02-02T13:00:00+01:00,17.561
2025-02-03T01:00:00+01:00,17.531
2025-02-03T13:00:00+01:00,17.53
2025-02-04T01:00:00+01:00,17.518
2025-02-04T13:00:00+01:00,17.516
2025-02-05T01:00:00+01:00,17.473
2025-02-05T13:00:00+01:00,17.449
2025-02-06T01:00:00+01:00,17.446
2025-02-06T13:00:00+01:00,17.458
2025-02-07T01:00:00+01:00,17.488
2025-02-07T13:00:00+01:00,17.522
2025-02-08T01:00:00+01:00,17.513
2025-02-08T13:00:00+01:00,17.486
2025-02-09T01:00:00+01:00,17.464
2025-02-09T13:00:00+01:00,17.448
2025-02-10T01:00:00+01:00,17.46
2025-02-10T13:00:00+01:00,17.496
2025-02-11T01:00:00+01:00,17.509
2025-02-11T13:00:00+01:00,17.48
2025-02-12T01:00:00+01:00,17.482
2025-02-12T13:00:00+01:00,17.483
2025-02-13T01:00:00+01:00,17.477
2025-02-13T13:00:00+01:00,17.457
2025-02-14T01:00:00+01:00,17.448
2025-02-14T13:00:00+01:00,17.438
2025-02-15T01:00:00+01:00,17.457
2025-02-15T13:00:00+01:00,17.485
2025-02-16T01:00:00+01:00,17.481
2025-02-16T13:00:00+01:00,17.474
2025-02-17T01:00:00+01:00,17.462
2025-02-17T13:00:00+01:00,17.466
2025-02-18T01:00:00+01:00,17.453
2025-02-18T13:00:00+01:00,17.448
2025-02-19T01:00:00+01:00,17.438
2025-02-19T13:00:00+01:00,17.442
2025-02-20T01:00:00+01:00,17.407
2025-02-20T13:00:00+01:00,17.394
2025-02-21T01:00:00+01:00,17.378
2025-02-21T13:00:00+01:00,17.418
2025-02-22T01:00:00+01:00,17.398
2025-02-22T13:00:00+01:00,17.369
2025-02-23T01:00:00+01:00,17.319
2025-02-23T13:00:00+01:00,17.346
2025-02-24T01:00:00+01:00,17.367
2025-02-24T13:00:00+01:00,17.386
2025-02-25T01:00:00+01:00,17.375
2025-02-25T13:00:00+01:00,17.397
2025-02-26T01:00:00+01:00,17.367
2025-02-26T13:00:00+01:00,17.392
2025-02-27T01:00:00+01:00,17.409
2025-02-27T13:00:00+01:00,17.407
2025-02-28T01:00:00+01:00,17.389
2025-02-28T13:00:00+01:00,17.402
2025-03-01T01:00:00+01:00,17.405
2025-03-01T13:00:00+01:00,17.389
2025-03-02T01:00:00+01:00,17.377
2025-03-02T13:00:00+01:00,17.396
2025-03-03T01:00:00+01:00,17.414
2025-03-03T13:00:00+01:00,17.43
2025-03-04T01:00:00+01:00,17.437
2025-03-04T13:00:00+01:00,17.444
2025-03-05T01:00:00+01:00,17.448
2025-03-05T13:00:00+01:00,17.467
2025-03-06T01:00:00+01:00,17.451
2025-03-06T13:00:00+01:00,17.444
2025-03-07T01:00:00+01:00,17.413
2025-03-07T13:00:00+01:00,17.405
2025-03-08T01:00:00+01:00,17.382
2025-03-08T13:00:00+01:00,17.399
2025-03-09T01:00:00+01:00,17.387
2025-03-09T13:00:00+01:00,17.396
2025-03-10T01:00:00+01:00,17.388
2025-03-10T13:00:00+01:00,17.363
2025-03-11T01:00:00+01:00,17.342
2025-03-11T13:00:00+01:00,17.345
2025-03-12T01:00:00+01:00,17.354
2025-03-12T13:00:00+01:00,17.37
2025-03-15T06:00:00+01:00,17.307
2025-03-15T18:00:00+01:00,17.318
2025-03-16T06:00:00+01:00,17.321
2025-03-16T18:00:00+01:00,17.318
2025-03-17T06:00:00+01:00,17.307
2025-03-17T18:00:00+01:00,17.306
2025-03-18T06:00:00+01:00,17.308
2025-03-18T18:00:00+01:00,17.334
2025-03-19T06:00:00+01:00,17.319
2025-03-19T18:00:00+01:00,17.315
2025-03-20T06:00:00+01:00,17.291
2025-03-20T18:00:00+01:00,17.294
2025-03-21T06:00:00+01:00,17.304
2025-03-21T18:00:00+01:00,17.322
2025-03-22T06:00:00+01:00,17.317
2025-03-22T18:00:00+01:00,17.315
2025-03-23T06:00:00+01:00,17.295
2025-03-23T18:00:00+01:00,17.273
2025-03-24T06:00:00+01:00,17.25
2025-03-24T18:00:00+01:00,17.235
2025-03-25T06:00:00+01:00,17.24
2025-03-25T18:00:00+01:00,17.251
2025-03-26T06:00:00+01:00,17.247
2025-03-26T18:00:00+01:00,17.263
2025-03-27T06:00:00+01:00,17.27
2025-03-27T18:00:00+01:00,17.278
2025-04-02T06:00:00+02:00,17.155
2025-04-02T18:00:00+02:00,17.172
2025-04-03T06:00:00+02:00,17.155
2025-04-03T18:00:00+02:00,17.174
2025-04-04T06:00:00+02:00,17.169
2025-04-04T18:00:00+02:00,17.186
2025-04-05T06:00:00+02:00,17.168
2025-04-05T18:00:00+02:00,17.169
2025-04-06T06:00:00+02:00,17.14
2025-04-06T18:00:00+02:00,17.152
2025-04-07T06:00:00+02:00,17.138
2025-04-07T18:00:00+02:00,17.148
2025-04-08T06:00:00+02:00,17.152
2025-04-08T18:00:00+02:00,17.177
2025-04-09T06:00:00+02:00,17.173
2025-04-09T18:00:00+02:00,17.138
2025-04-10T06:00:00+02:00,17.097
2025-04-10T18:00:00+02:00,17.101
2025-04-11T06:00:00+02:00,17.103
2025-04-11T18:00:00+02:00,17.113
2025-04-12T06:00:00+02:00,17.118
2025-04-12T18:00:00+02:00,17.154
2025-04-13T06:00:00+02:00,17.137
2025-04-13T18:00:00+02:00,17.102
2025-04-14T06:00:00+02:00,17.095
2025-04-14T18:00:00+02:00,17.12
2025-04-15T06:00:00+02:00,17.134
2025-04-15T18:00:00+02:00,17.096
2025-04-16T06:00:00+02:00,17.054
2025-04-16T18:00:00+02:00,17.035
2025-04-17T06:00:00+02:00,17.036
2025-04-17T18:00:00+02:00,17.033
2025-04-18T06:00:00+02:00,17.029
2025-04-18T18:00:00+02:00,17.051
2025-04-19T06:00:00+02:00,17.052
2025-04-19T18:00:00+02:00,17.055
2025-04-20T06:00:00+02:00,17.044
2025-04-20T18:00:00+02:00,17.046
2025-04-21T06:00:00+02:00,17.047
2025-04-21T18:00:00+02:00,17.032
2025-04-22T06:00:00+02:00,17.017
2025-04-22T18:00:00+02:00,17.026
2025-04-23T06:00:00+02:00,17.05
2025-04-23T18:00:00+02:00,17.051
2025-04-24T06:00:00+02:00,17.039
2025-04-24T18:00:00+02:00,17.028
2025-04-25T06:00:00+02:00,17.017
2025-04-25T18:00:00+02:00,17.031
2025-04-26T06:00:00+02:00,17.031
2025-04-26T18:00:00+02:00,17.055
2025-04-27T06:00:00+02:00,17.051
2025-04-27T18:00:00+02:00,17.061
2025-04-28T06:00:00+02:00,17.047
2025-04-28T18:00:00+02:00,17.067
2025-04-29T06:00:00+02:00,17.051
2025-04-29T18:00:00+02:00,17.065
2025-04-30T06:00:00+02:00,17.059
2025-04-30T18:00:00+02:00,17.061
2025-05-01T06:00:00+02:00,17.049
2025-05-01T18:00:00+02:00,17.061
2025-05-02T06:00:00+02:00,17.049
2025-05-02T18:00:00+02:00,17.042
2025-05-03T06:00:00+02:00,17.034
2025-05-03T18:00:00+02:00,17.051
2025-05-04T06:00:00+02:00,17.014
2025-05-04T18:00:00+02:00,17.015
2025-05-05T06:00:00+02:00,17.007
2025-05-05T18:00:00+02:00,17.011
2025-05-06T06:00:00+02:00,16.979
2025-05-06T18:00:00+02:00,16.966
2025-05-07T06:00:00+02:00,16.946
2025-05-07T18:00:00+02:00,16.963
2025-05-08T06:00:00+02:00,16.95
2025-05-08T18:00:00+02:00,16.96
2025-05-09T06:00:00+02:00,16.926
2025-05-09T18:00:00+02:00,16.919
2025-05-10T06:00:00+02:00,16.9
2025-05-10T18:00:00+02:00,16.919
2025-05-11T06:00:00+02:00,16.908
2025-05-11T18:00:00+02:00,16.913
2025-05-12T06:00:00+02:00,16.883
2025-05-12T18:00:00+02:00,16.871
2025-05-13T06:00:00+02:00,16.834
2025-05-13T18:00:00+02:00,16.846
2025-05-14T06:00:00+02:00,16.827
2025-05-14T18:00:00+02:00,16.826
2025-05-15T06:00:00+02:00,16.816
2025-05-15T18:00:00+02:00,16.807
2025-05-16T06:00:00+02:00,16.795
2025-05-16T18:00:00+02:00,16.81
2025-05-17T06:00:00+02:00,16.797
2025-05-17T18:00:00+02:00,16.8
2025-05-18T06:00:00+02:00,16.791
2025-05-18T18:00:00+02:00,16.777
2025-05-19T06:00:00+02:00,16.748
2025-05-19T18:00:00+02:00,16.743
2025-05-20T06:00:00+02:00,16.73
2025-05-20T18:00:00+02:00,16.724
2025-05-21T06:00:00+02:00,16.728
2025-05-21T18:00:00+02:00,16.744
2025-05-22T06:00:00+02:00,16.725
2025-05-22T18:00:00+02:00,16.731
2025-05-23T06:00:00+02:00,16.738
2025-05-23T18:00:00+02:00,16.737
2025-05-24T06:00:00+02:00,16.77
2025-05-24T18:00:00+02:00,16.798
2025-05-25T06:00:00+02:00,16.821
2025-05-25T18:00:00+02:00,16.828
2025-05-26T06:00:00+02:00,16.796
2025-05-26T18:00:00+02:00,16.782
2025-05-27T06:00:00+02:00,16.793
2025-05-27T18:00:00+02:00,16.803
2025-05-28T06:00:00+02:00,16.794
2025-05-28T18:00:00+02:00,16.75
2025-05-29T06:00:00+02:00,16.73
2025-05-29T18:00:00+02:00,16.745
2025-05-30T06:00:00+02:00,16.732
2025-05-30T18:00:00+02:00,16.733
2025-05-31T06:00:00+02:00,16.718
2025-05-31T18:00:00+02:00,16.731
2025-06-01T06:00:00+02:00,16.724
2025-06-01T18:00:00+02:00,16.72
2025-06-02T06:00:00+02:00,16.729
2025-06-02T18:00:00+02:00,16.729
2025-06-03T06:00:00+02:00,16.77
2025-06-03T18:00:00+02:00,16.799
2025-06-04T06:00:00+02:00,16.807
2025-06-04T18:00:00+02:00,16.804
2025-06-05T06:00:00+02:00,16.783
2025-06-05T18:00:00+02:00,16.777
2025-06-06T06:00:00+02:00,16.764
2025-06-06T18:00:00+02:00,16.725
2025-06-07T06:00:00+02:00,16.744
2025-06-07T18:00:00+02:00,16.752
2025-06-08T06:00:00+02:00,16.727
2025-06-08T18:00:00+02:00,16.676
2025-06-09T06:00:00+02:00,16.672
2025-06-09T18:00:00+02:00,16.688
2025-06-10T06:00:00+02:00,16.706
2025-06-10T18:00:00+02:00,16.715
2025-06-11T06:00:00+02:00,16.714
2025-06-11T18:00:00+02:00,16.726
2025-06-12T06:00:00+02:00,16.706
2025-06-12T18:00:00+02:00,16.708
2025-06-13T06:00:00+02:00,16.668
2025-06-13T18:00:00+02:00,16.664
2025-06-14T06:00:00+02:00,16.675
2025-06-14T18:00:00+02:00,16.655
2025-06-15T06:00:00+02:00,16.642
2025-06-15T18:00:00+02:00,16.639
2025-06-16T06:00:00+02:00,16.629
2025-06-16T18:00:00+02:00,16.63
2025-06-17T06:00:00+02:00,16.628
2025-06-17T18:00:00+02:00,16.634
2025-06-18T06:00:00+02:00,16.636
2025-06-18T18:00:00+02:00,16.622
2025-06-19T06:00:00+02:00,16.601
2025-06-19T18:00:00+02:00,16.607
2025-06-20T06:00:00+02:00,16.587
2025-06-20T18:00:00+02:00,16.59
2025-06-21T06:00:00+02:00,16.59
2025-06-21T18:00:00+02:00,16.598
2025-06-22T06:00:00+02:00,16.588
2025-06-22T18:00:00+02:00,16.582
2025-06-23T06:00:00+02:00,16.582
2025-06-23T18:00:00+02:00,16.559
2025-06-24T06:00:00+02:00,16.581
2025-06-24T18:00:00+02:00,16.578
2025-06-25T06:00:00+02:00,16.557
2025-06-25T18:00:00+02:00,16.557
2025-06-26T06:00:00+02:00,16.565
2025-06-26T18:00:00+02:00,16.543
2025-06-27T06:00:00+02:00,16.535
2025-06-27T18:00:00+02:00,16.562
2025-06-28T06:00:00+02:00,16.57
2025-06-28T18:00:00+02:00,16.575
2025-06-29T06:00:00+02:00,16.563
2025-06-29T18:00:00+02:00,16.553
2025-06-30T06:00:00+02:00,16.546
2025-06-30T18:00:00+02:00,16.535
2025-07-01T06:00:00+02:00,16.518
2025-07-01T18:00:00+02:00,16.504
2025-07-02T06:00:00+02:00,16.481
2025-07-02T18:00:00+02:00,16.479
2025-07-03T06:00:00+02:00,16.465
2025-07-03T18:00:00+02:00,16.471
2025-07-04T06:00:00+02:00,16.462
2025-07-04T18:00:00+02:00,16.481
2025-07-05T06:00:00+02:00,16.476
2025-07-05T18:00:00+02:00,16.476
2025-07-06T06:00:00+02:00,16.492
2025-07-06T18:00:00+02:00,16.503
2025-07-07T06:00:00+02:00,16.514
2025-07-07T18:00:00+02:00,16.493
2025-07-08T06:00:00+02:00,16.499
2025-07-08T18:00:00+02:00,16.486
2025-07-09T06:00:00+02:00,16.497
2025-07-09T18:00:00+02:00,16.498
2025-07-10T06:00:00+02:00,16.5
2025-07-10T18:00:00+02:00,16.505
2025-07-11T06:00:00+02:00,16.512
2025-07-11T18:00:00+02:00,16.521
2025-07-12T06:00:00+02:00,16.516
2025-07-12T18:00:00+02:00,16.528
2025-07-13T06:00:00+02:00,16.525
2025-07-13T18:00:00+02:00,16.512
2025-07-14T06:00:00+02:00,16.471
2025-07-14T18:00:00+02:00,16.444
2025-07-15T06:00:00+02:00,16.427
2025-07-15T18:00:00+02:00,16.439
2025-07-16T06:00:00+02:00,16.456
2025-07-16T18:00:00+02:00,16.436
2025-07-17T06:00:00+02:00,16.415
2025-07-17T18:00:00+02:00,16.421
2025-07-18T06:00:00+02:00,16.416
2025-07-18T18:00:00+02:00,16.428
2025-07-19T06:00:00+02:00,16.434
2025-07-19T18:00:00+02:00,16.443
2025-07-20T06:00:00+02:00,16.447
2025-07-20T18:00:00+02:00,16.451
2025-07-21T06:00:00+02:00,16.46
2025-07-21T18:00:00+02:00,16.467
2025-07-22T06:00:00+02:00,16.453
2025-07-22T18:00:00+02:00,16.44
2025-07-23T06:00:00+02:00,16.439
2025-07-23T18:00:00+02:00,16.44
2025-07-24T06:00:00+02:00,16.437
2025-07-24T18:00:00+02:00,16.442
2025-07-25T06:00:00+02:00,16.426
2025-07-25T18:00:00+02:00,16.429
2025-07-26T06:00:00+02:00,16.438
2025-07-26T18:00:00+02:00,16.445
2025-07-27T06:00:00+02:00,16.449
2025-07-27T18:00:00+02:00,16.444
2025-07-28T06:00:00+02:00,16.424
2025-07-28T18:00:00+02:00,16.415
2025-07-29T06:00:00+02:00,16.418
2025-07-29T18:00:00+02:00,16.428
2025-07-30T06:00:00+02:00,16.444
2025-07-30T18:00:00+02:00,16.437
2025-07-31T06:00:00+02:00,16.446
2025-07-31T18:00:00+02:00,16.457
2025-08-01T06:00:00+02:00,16.481
2025-08-01T18:00:00+02:00,16.485
2025-08-02T06:00:00+02:00,16.501
2025-08-02T18:00:00+02:00,16.489
2025-08-03T06:00:00+02:00,16.5
2025-08-03T18:00:00+02:00,16.513
2025-08-04T06:00:00+02:00,16.508
2025-08-04T18:00:00+02:00,16.513
2025-08-05T06:00:00+02:00,16.495
2025-08-05T18:00:00+02:00,16.474
2025-08-06T06:00:00+02:00,16.472
2025-08-06T18:00:00+02:00,16.459
2025-08-07T06:00:00+02:00,16.442
2025-08-07T18:00:00+02:00,16.418
2025-08-08T06:00:00+02:00,16.389
2025-08-08T18:00:00+02:00,16.374
2025-08-09T06:00:00+02:00,16.375
2025-08-09T18:00:00+02:00,16.364
2025-08-10T06:00:00+02:00,16.356
2025-08-10T18:00:00+02:00,16.356
2025-08-11T06:00:00+02:00,16.36
2025-08-11T18:00:00+02:00,16.366
2025-08-12T06:00:00+02:00,16.366
2025-08-12T18:00:00+02:00,16.37
2025-08-13T06:00:00+02:00,16.354
2025-08-13T18:00:00+02:00,16.351
2025-08-14T06:00:00+02:00,16.337
2025-08-14T18:00:00+02:00,16.33
2025-08-15T06:00:00+02:00,16.321
2025-08-15T18:00:00+02:00,16.329
2025-08-16T06:00:00+02:00,16.322
2025-08-16T18:00:00+02:00,16.321
2025-08-17T06:00:00+02:00,16.322
2025-08-17T18:00:00+02:00,16.314
2025-08-18T06:00:00+02:00,16.308
2025-08-18T18:00:00+02:00,16.323
2025-08-19T06:00:00+02:00,16.327
2025-08-19T18:00:00+02:00,16.332
2025-08-20T06:00:00+02:00,16.323
2025-08-20T18:00:00+02:00,16.327
2025-08-21T06:00:00+02:00,16.314
2025-08-21T18:00:00+02:00,16.305
2025-08-22T06:00:00+02:00,16.299
2025-08-22T18:00:00+02:00,16.303
2025-08-23T06:00:00+02:00,16.317
2025-08-23T18:00:00+02:00,16.303
2025-08-24T06:00:00+02:00,16.303
2025-08-24T18:00:00+02:00,16.312
2025-08-25T06:00:00+02:00,16.296
2025-08-25T18:00:00+02:00,16.294
2025-08-26T06:00:00+02:00,16.298
2025-08-26T18:00:00+02:00,16.292
2025-08-27T06:00:00+02:00,16.286
2025-08-27T18:00:00+02:00,16.287
2025-08-28T06:00:00+02:00,16.283
2025-08-28T18:00:00+02:00,16.282
2025-08-29T06:00:00+02:00,16.285
2025-08-29T18:00:00+02:00,16.281
2025-08-30T06:00:00+02:00,16.269
2025-08-30T18:00:00+02:00,16.268
2025-08-31T06:00:00+02:00,16.273
2025-08-31T18:00:00+02:00,16.273
2025-09-01T06:00:00+02:00,16.275
2025-09-01T18:00:00+02:00,16.271
2021-03-16T13:23:00+01:00,17.03
2021-09-20T10:15:00+02:00,16.67
2022-03-17T13:37:00+01:00,17.1
2022-09-15T15:02:00+02:00,16.06
2023-03-13T14:25:00+01:00,17.27
2023-09-18T11:37:00+02:00,16.76
2024-03-12T15:19:00+01:00,17.49
2024-09-18T11:50:00+02:00,17.04
2025-03-13T13:31:00+01:00,17.34
2021-01-01T06:00:00+01:00,16.311
2021-01-01T18:00:00+01:00,16.314
2021-03-15T06:00:00+01:00,17.09
2021-03-15T18:00:00+01:00,17.064
2021-03-16T06:00:00+01:00,17.056
2021-03-16T18:00:00+01:00,17.075
2021-03-17T06:00:00+01:00,17.087
2021-03-17T18:00:00+01:00,17.112
2021-03-18T06:00:00+01:00,17.153
2021-03-18T18:00:00+01:00,17.191
2021-03-19T06:00:00+01:00,17.184
2021-03-19T18:00:00+01:00,17.193
2021-03-20T06:00:00+01:00,17.173
2021-03-20T18:00:00+01:00,17.198
2021-03-21T06:00:00+01:00,17.21
2021-03-21T18:00:00+01:00,17.207
2021-03-22T06:00:00+01:00,17.205
2021-03-22T18:00:00+01:00,17.185
2021-03-23T06:00:00+01:00,17.17
2021-03-23T18:00:00+01:00,17.178
2021-03-24T06:00:00+01:00,17.179
2021-03-24T18:00:00+01:00,17.177
2021-03-25T06:00:00+01:00,17.149
2021-03-25T18:00:00+01:00,17.156
2021-03-26T06:00:00+01:00,17.203
2021-03-26T18:00:00+01:00,17.235
2021-03-27T06:00:00+01:00,17.185
2021-03-27T18:00:00+01:00,17.151
2021-03-28T07:00:00+02:00,17.167
2021-03-28T19:00:00+02:00,17.158
2021-03-29T07:00:00+02:00,17.157
2021-03-29T19:00:00+02:00,17.144
2021-03-30T07:00:00+02:00,17.127
2021-03-30T19:00:00+02:00,17.147
2021-03-31T07:00:00+02:00,17.158
2021-03-31T19:00:00+02:00,17.152
2021-09-20T07:00:00+02:00,16.697
2022-01-01T00:00:00+01:00,16.904
2022-01-01T12:00:00+01:00,16.933
2022-01-02T00:00:00+01:00,16.978
2022-01-02T12:00:00+01:00,17.013
2022-01-09T00:00:00+01:00,17.126
2022-01-09T12:00:00+01:00,17.052
2022-02-01T00:00:00+01:00,17.004
2022-02-01T12:00:00+01:00,17.048
2022-04-17T07:00:00+02:00,16.98
2022-04-17T19:00:00+02:00,17.025
2022-09-14T07:00:00+02:00,16.099
2022-09-14T19:00:00+02:00,16.098
2023-01-10T06:00:00+01:00,16.654
2023-01-10T18:00:00+01:00,16.726
2023-03-03T06:00:00+01:00,16.851
2023-03-03T18:00:00+01:00,16.854
2023-07-24T07:00:00+02:00,16.49
2023-07-24T19:00:00+02:00,16.472
2023-09-17T07:00:00+02:00,16.772
2023-09-17T19:00:00+02:00,16.796
2023-09-19T01:00:00+02:00,16.76
2023-09-19T13:00:00+02:00,16.757
2023-09-20T01:00:00+02:00,16.748
2023-09-20T13:00:00+02:00,16.769
2023-09-21T01:00:00+02:00,16.795
2023-09-21T13:00:00+02:00,16.777
2024-09-17T07:00:00+02:00,17.073
2024-09-17T19:00:00+02:00,17.088
2024-09-18T07:00:00+02:00,17.09
2025-03-13T01:00:00+01:00,17.383
2025-03-13T13:00:00+01:00,17.382
2025-03-13T18:00:00+01:00,17.354
2025-03-28T06:00:00+01:00,17.274
2025-03-28T18:00:00+01:00,17.267
2025-03-29T06:00:00+01:00,17.21
2025-03-29T18:00:00+01:00,17.213
2025-03-30T06:00:00+02:00,17.237
2025-03-30T18:00:00+02:00,17.194
2025-03-31T06:00:00+02:00,17.177
2025-03-31T18:00:00+02:00,17.164
2025-04-01T06:00:00+02:00,17.16
2025-04-01T18:00:00+02:00,17.17
