date,water_level_nap_m
2021-01-06T06:00:00+01:00,15.271
2021-01-06T18:00:00+01:00,15.27
2021-01-07T06:00:00+01:00,15.279
2021-01-07T18:00:00+01:00,15.277
2021-01-08T06:00:00+01:00,15.29
2021-01-08T18:00:00+01:00,15.29
2021-01-09T06:00:00+01:00,15.288
2021-01-09T18:00:00+01:00,15.28
2021-01-10T06:00:00+01:00,15.29
2021-01-10T18:00:00+01:00,15.288
2021-01-11T06:00:00+01:00,15.296
2021-01-11T18:00:00+01:00,15.315
2021-01-12T06:00:00+01:00,15.358
2021-01-12T18:00:00+01:00,15.408
2021-01-13T06:00:00+01:00,15.426
2021-01-13T18:00:00+01:00,15.428
2021-01-14T06:00:00+01:00,15.404
2021-01-14T18:00:00+01:00,15.402
2021-01-15T06:00:00+01:00,15.361
2021-01-15T18:00:00+01:00,15.353
2021-01-16T06:00:00+01:00,15.371
2021-01-16T18:00:00+01:00,15.399
2021-01-17T06:00:00+01:00,15.385
2021-01-17T18:00:00+01:00,15.366
2021-01-18T06:00:00+01:00,15.386
2021-01-18T18:00:00+01:00,15.394
2021-01-19T06:00:00+01:00,15.434
2021-01-19T18:00:00+01:00,15.489
2021-01-20T06:00:00+01:00,15.509
2021-01-20T18:00:00+01:00,15.502
2021-01-21T06:00:00+01:00,15.466
2021-01-21T18:00:00+01:00,15.484
2021-01-22T06:00:00+01:00,15.55
2021-01-22T18:00:00+01:00,15.532
2021-01-23T06:00:00+01:00,15.525
2021-01-23T18:00:00+01:00,15.516
2021-01-24T06:00:00+01:00,15.524
2021-01-24T18:00:00+01:00,15.553
2021-01-25T06:00:00+01:00,15.524
2021-01-25T18:00:00+01:00,15.498
2021-01-26T06:00:00+01:00,15.492
2021-01-26T18:00:00+01:00,15.501
2021-01-27T06:00:00+01:00,15.529
2021-01-27T18:00:00+01:00,15.513
2021-01-28T06:00:00+01:00,15.553
2021-01-28T18:00:00+01:00,15.66
2021-01-29T06:00:00+01:00,15.997
2021-01-29T18:00:00+01:00,15.732
2021-01-30T06:00:00+01:00,15.694
2021-01-30T18:00:00+01:00,15.657
2021-01-31T06:00:00+01:00,15.627
2021-01-31T18:00:00+01:00,15.647
2021-02-01T06:00:00+01:00,15.629
2021-02-01T18:00:00+01:00,15.573
2021-02-02T06:00:00+01:00,15.587
2021-02-02T18:00:00+01:00,15.658
2021-02-03T06:00:00+01:00,15.686
2021-02-03T18:00:00+01:00,16.061
2021-02-04T06:00:00+01:00,15.779
2021-02-04T18:00:00+01:00,15.748
2021-02-05T06:00:00+01:00,15.732
2021-02-05T18:00:00+01:00,15.706
2021-02-06T06:00:00+01:00,15.7
2021-02-06T18:00:00+01:00,15.704
2021-02-07T06:00:00+01:00,15.74
2021-02-07T18:00:00+01:00,15.722
2021-02-08T06:00:00+01:00,15.707
2021-02-08T18:00:00+01:00,15.681
2021-02-09T06:00:00+01:00,15.658
2021-02-09T18:00:00+01:00,15.652
2021-02-10T06:00:00+01:00,15.636
2021-02-10T18:00:00+01:00,15.595
2021-02-11T06:00:00+01:00,15.576
2021-02-11T18:00:00+01:00,15.574
2021-02-12T06:00:00+01:00,15.567
2021-02-12T18:00:00+01:00,15.556
2021-02-13T06:00:00+01:00,15.541
2021-02-13T18:00:00+01:00,15.535
2021-02-14T06:00:00+01:00,15.545
2021-02-14T18:00:00+01:00,15.552
2021-02-15T06:00:00+01:00,15.574
2021-02-15T18:00:00+01:00,15.626
2021-02-16T06:00:00+01:00,15.757
2021-02-16T18:00:00+01:00,15.955
2021-02-17T06:00:00+01:00,15.768
2021-02-17T18:00:00+01:00,15.736
2021-02-18T06:00:00+01:00,15.735
2021-02-18T18:00:00+01:00,16.021
2021-02-19T06:00:00+01:00,15.742
2021-02-19T18:00:00+01:00,15.73
2021-02-20T06:00:00+01:00,15.704
2021-02-20T18:00:00+01:00,15.698
2021-02-21T06:00:00+01:00,15.674
2021-02-21T18:00:00+01:00,15.663
2021-02-22T06:00:00+01:00,15.646
2021-02-22T18:00:00+01:00,15.611
2021-02-23T06:00:00+01:00,15.601
2021-02-23T18:00:00+01:00,15.592
2021-02-24T06:00:00+01:00,15.607
2021-02-24T18:00:00+01:00,15.613
2021-02-25T06:00:00+01:00,15.607
2021-02-25T18:00:00+01:00,15.581
2021-02-26T06:00:00+01:00,15.634
2021-02-26T18:00:00+01:00,15.615
2021-02-27T06:00:00+01:00,15.6
2021-02-27T18:00:00+01:00,15.598
2021-02-28T06:00:00+01:00,15.599
2021-02-28T18:00:00+01:00,15.599
2021-03-02T06:00:00+01:00,15.584
2021-03-02T18:00:00+01:00,15.574
2021-03-03T06:00:00+01:00,15.567
2021-03-03T18:00:00+01:00,15.562
2021-03-04T06:00:00+01:00,15.574
2021-03-04T18:00:00+01:00,15.605
2021-03-05T06:00:00+01:00,15.574
2021-03-05T18:00:00+01:00,15.551
2021-03-06T06:00:00+01:00,15.547
2021-03-06T18:00:00+01:00,15.554
2021-03-07T06:00:00+01:00,15.558
2021-03-07T18:00:00+01:00,15.55
2021-03-08T06:00:00+01:00,15.545
2021-03-08T18:00:00+01:00,15.548
2021-03-09T06:00:00+01:00,15.556
2021-03-09T18:00:00+01:00,15.55
2021-03-10T06:00:00+01:00,15.554
2021-03-10T18:00:00+01:00,15.578
2021-03-11T06:00:00+01:00,15.612
2021-03-11T18:00:00+01:00,15.577
2021-03-12T06:00:00+01:00,15.561
2021-03-12T18:00:00+01:00,15.604
2021-03-13T06:00:00+01:00,15.682
2021-03-13T18:00:00+01:00,15.692
2021-03-14T06:00:00+01:00,15.646
2021-03-14T18:00:00+01:00,15.64
2021-03-15T06:00:00+01:00,15.706
2021-03-15T18:00:00+01:00,15.691
2021-03-16T06:00:00+01:00,15.669
2021-03-16T18:00:00+01:00,15.695
2021-04-01T01:00:00+02:00,15.541
2021-04-01T13:00:00+02:00,15.522
2021-04-02T01:00:00+02:00,15.508
2021-04-02T13:00:00+02:00,15.502
2021-04-03T01:00:00+02:00,15.495
2021-04-03T13:00:00+02:00,15.486
2021-04-04T01:00:00+02:00,15.486
2021-04-04T13:00:00+02:00,15.495
2021-04-05T01:00:00+02:00,15.532
2021-04-05T13:00:00+02:00,15.495
2021-04-06T01:00:00+02:00,15.496
2021-04-06T13:00:00+02:00,15.504
2021-04-07T01:00:00+02:00,15.54
2021-04-07T13:00:00+02:00,15.577
2021-04-08T01:00:00+02:00,15.665
2021-04-08T13:00:00+02:00,15.665
2021-04-09T01:00:00+02:00,15.67
2021-04-09T13:00:00+02:00,15.656
2021-04-10T01:00:00+02:00,15.642
2021-04-10T13:00:00+02:00,15.639
2021-04-11T01:00:00+02:00,15.744
2021-04-11T13:00:00+02:00,15.711
2021-04-12T01:00:00+02:00,15.676
2021-04-12T13:00:00+02:00,15.659
2021-04-13T01:00:00+02:00,15.648
2021-04-13T13:00:00+02:00,15.646
2021-04-15T01:00:00+02:00,15.619
2021-04-15T13:00:00+02:00,15.613
2021-04-16T01:00:00+02:00,15.61
2021-04-16T13:00:00+02:00,15.609
2021-04-17T01:00:00+02:00,15.595
2021-04-17T13:00:00+02:00,15.598
2021-04-18T01:00:00+02:00,15.586
2021-04-18T13:00:00+02:00,15.588
2021-04-19T01:00:00+02:00,15.579
2021-04-19T13:00:00+02:00,15.576
2021-04-20T01:00:00+02:00,15.579
2021-04-20T13:00:00+02:00,15.578
2021-04-21T01:00:00+02:00,15.566
2021-04-21T13:00:00+02:00,15.548
2021-04-22T01:00:00+02:00,15.519
2021-04-22T13:00:00+02:00,15.513
2021-04-23T01:00:00+02:00,15.498
2021-04-23T13:00:00+02:00,15.496
2021-04-24T01:00:00+02:00,15.489
2021-04-24T13:00:00+02:00,15.496
2021-04-25T01:00:00+02:00,15.471
2021-04-25T13:00:00+02:00,15.466
2021-04-26T01:00:00+02:00,15.467
2021-04-26T13:00:00+02:00,15.475
2021-04-27T01:00:00+02:00,15.472
2021-04-27T13:00:00+02:00,15.474
2021-04-28T01:00:00+02:00,15.463
2021-04-28T13:00:00+02:00,15.473
2021-04-29T01:00:00+02:00,15.462
2021-04-29T13:00:00+02:00,15.423
2021-04-30T01:00:00+02:00,15.419
2021-04-30T13:00:00+02:00,15.414
2021-05-01T01:00:00+02:00,15.403
2021-05-01T13:00:00+02:00,15.413
2021-05-02T01:00:00+02:00,15.398
2021-05-02T13:00:00+02:00,15.394
2021-05-03T01:00:00+02:00,15.393
2021-05-03T13:00:00+02:00,15.418
2021-05-04T01:00:00+02:00,15.48
2021-05-04T13:00:00+02:00,15.463
2021-05-05T01:00:00+02:00,15.452
2021-05-05T13:00:00+02:00,15.443
2021-05-06T01:00:00+02:00,15.458
2021-05-06T13:00:00+02:00,15.48
2021-05-07T01:00:00+02:00,15.453
2021-05-07T13:00:00+02:00,15.423
2021-05-08T01:00:00+02:00,15.423
2021-05-08T13:00:00+02:00,15.452
2021-05-09T01:00:00+02:00,15.449
2021-05-09T13:00:00+02:00,15.443
2021-05-10T01:00:00+02:00,15.438
2021-05-10T13:00:00+02:00,15.406
2021-05-11T01:00:00+02:00,15.405
2021-05-11T13:00:00+02:00,15.403
2021-05-12T01:00:00+02:00,15.387
2021-05-12T13:00:00+02:00,15.393
2021-05-13T01:00:00+02:00,15.42
2021-05-13T13:00:00+02:00,15.43
2021-05-14T01:00:00+02:00,15.406
2021-05-14T13:00:00+02:00,15.399
2021-05-15T01:00:00+02:00,15.406
2021-05-15T13:00:00+02:00,15.454
2021-05-16T01:00:00+02:00,15.439
2021-05-16T13:00:00+02:00,15.434
2021-05-17T01:00:00+02:00,15.428
2021-05-17T13:00:00+02:00,15.424
2021-05-18T01:00:00+02:00,15.432
2021-05-18T13:00:00+02:00,15.442
2021-05-19T01:00:00+02:00,15.425
2021-05-19T13:00:00+02:00,15.426
2021-05-20T01:00:00+02:00,15.441
2021-05-20T13:00:00+02:00,15.472
2021-05-21T01:00:00+02:00,15.496
2021-05-21T13:00:00+02:00,15.481
2021-05-22T01:00:00+02:00,15.464
2021-05-22T13:00:00+02:00,15.433
2021-05-23T01:00:00+02:00,15.475
2021-05-23T13:00:00+02:00,15.484
2021-05-24T01:00:00+02:00,15.496
2021-05-24T13:00:00+02:00,15.494
2021-05-25T01:00:00+02:00,15.486
2021-05-25T13:00:00+02:00,15.475
2021-05-26T01:00:00+02:00,15.493
2021-05-26T13:00:00+02:00,15.49
2021-05-27T01:00:00+02:00,15.454
2021-05-27T13:00:00+02:00,15.433
2021-05-28T01:00:00+02:00,15.424
2021-05-28T13:00:00+02:00,15.44
2021-05-29T01:00:00+02:00,15.412
2021-05-29T13:00:00+02:00,15.406
2021-05-30T01:00:00+02:00,15.391
2021-05-30T13:00:00+02:00,15.403
2021-05-31T01:00:00+02:00,15.384
2021-05-31T13:00:00+02:00,15.396
2021-06-01T01:00:00+02:00,15.369
2021-06-01T13:00:00+02:00,15.366
2021-06-02T01:00:00+02:00,15.343
2021-06-02T13:00:00+02:00,15.338
2021-06-03T01:00:00+02:00,15.311
2021-06-03T13:00:00+02:00,15.309
2021-06-04T01:00:00+02:00,15.302
2021-06-04T13:00:00+02:00,15.303
2021-06-05T01:00:00+02:00,15.511
2021-06-05T13:00:00+02:00,15.525
2021-06-06T01:00:00+02:00,15.522
2021-06-06T13:00:00+02:00,15.53
2021-06-07T01:00:00+02:00,15.506
2021-06-07T13:00:00+02:00,15.501
2021-06-08T01:00:00+02:00,15.474
2021-06-08T13:00:00+02:00,15.468
2021-06-09T01:00:00+02:00,15.438
2021-06-09T13:00:00+02:00,15.426
2021-06-10T01:00:00+02:00,15.39
2021-06-10T13:00:00+02:00,15.387
2021-06-11T01:00:00+02:00,15.337
2021-06-11T13:00:00+02:00,15.348
2021-06-12T01:00:00+02:00,15.321
2021-06-12T13:00:00+02:00,15.3
2021-06-13T01:00:00+02:00,15.266
2021-06-13T13:00:00+02:00,15.273
2021-06-14T01:00:00+02:00,15.274
2021-06-14T13:00:00+02:00,15.273
2021-06-15T01:00:00+02:00,15.252
2021-06-15T13:00:00+02:00,15.261
2021-06-16T01:00:00+02:00,15.25
2021-06-16T13:00:00+02:00,15.258
2021-06-17T01:00:00+02:00,15.21
2021-06-17T13:00:00+02:00,15.225
2021-06-18T01:00:00+02:00,15.21
2021-06-18T13:00:00+02:00,15.26
2021-06-19T01:00:00+02:00,15.272
2021-06-19T13:00:00+02:00,15.268
2021-06-20T01:00:00+02:00,15.301
2021-06-20T13:00:00+02:00,15.281
2021-06-21T01:00:00+02:00,15.273
2021-06-21T13:00:00+02:00,15.356
2021-06-22T01:00:00+02:00,15.379
2021-06-22T13:00:00+02:00,15.39
2021-06-23T01:00:00+02:00,15.384
2021-06-23T13:00:00+02:00,15.391
2021-06-24T01:00:00+02:00,15.385
2021-06-24T13:00:00+02:00,15.385
2021-06-25T01:00:00+02:00,15.366
2021-06-25T13:00:00+02:00,15.358
2021-06-26T01:00:00+02:00,15.339
2021-06-26T13:00:00+02:00,15.332
2021-06-27T01:00:00+02:00,15.316
2021-06-27T13:00:00+02:00,15.317
2021-06-28T01:00:00+02:00,15.33
2021-06-28T13:00:00+02:00,15.336
2021-06-29T01:00:00+02:00,15.342
2021-06-29T13:00:00+02:00,15.354
2021-06-30T01:00:00+02:00,15.339
2021-06-30T13:00:00+02:00,15.371
2021-07-01T01:00:00+02:00,15.397
2021-07-01T13:00:00+02:00,15.43
2021-07-02T01:00:00+02:00,15.439
2021-07-02T13:00:00+02:00,15.435
2021-07-03T01:00:00+02:00,15.43
2021-07-03T13:00:00+02:00,15.431
2021-07-04T01:00:00+02:00,15.448
2021-07-04T13:00:00+02:00,15.474
2021-07-05T01:00:00+02:00,15.523
2021-07-05T13:00:00+02:00,15.544
2021-07-06T01:00:00+02:00,15.544
2021-07-06T13:00:00+02:00,15.515
2021-07-07T01:00:00+02:00,15.483
2021-07-07T13:00:00+02:00,15.465
2021-07-08T01:00:00+02:00,15.439
2021-07-08T13:00:00+02:00,15.436
2021-07-09T01:00:00+02:00,15.41
2021-07-09T13:00:00+02:00,15.402
2021-07-10T01:00:00+02:00,15.382
2021-07-10T13:00:00+02:00,15.398
2021-07-11T01:00:00+02:00,15.418
2021-07-11T13:00:00+02:00,15.439
2021-07-12T01:00:00+02:00,15.438
2021-07-12T13:00:00+02:00,15.441
2021-07-13T01:00:00+02:00,15.419
2021-07-13T13:00:00+02:00,15.413
2021-07-14T01:00:00+02:00,15.404
2021-07-14T13:00:00+02:00,15.406
2021-07-15T01:00:00+02:00,15.422
2021-07-15T13:00:00+02:00,16.116
2021-07-16T01:00:00+02:00,15.762
2021-07-16T13:00:00+02:00,15.725
2021-07-17T01:00:00+02:00,15.693
2021-07-17T13:00:00+02:00,15.667
2021-07-18T01:00:00+02:00,15.637
2021-07-18T13:00:00+02:00,15.623
2021-07-19T01:00:00+02:00,15.596
2021-07-19T13:00:00+02:00,15.589
2021-07-20T01:00:00+02:00,15.56
2021-07-20T13:00:00+02:00,15.552
2021-07-21T01:00:00+02:00,15.533
2021-07-21T13:00:00+02:00,15.517
2021-07-22T01:00:00+02:00,15.496
2021-07-22T13:00:00+02:00,15.49
2021-07-23T01:00:00+02:00,15.469
2021-07-23T13:00:00+02:00,15.469
2021-07-24T01:00:00+02:00,15.452
2021-07-24T13:00:00+02:00,15.443
2021-07-25T01:00:00+02:00,15.466
2021-07-25T13:00:00+02:00,15.45
2021-07-26T01:00:00+02:00,15.426
2021-07-26T13:00:00+02:00,15.416
2021-07-27T01:00:00+02:00,15.387
2021-07-27T13:00:00+02:00,15.39
2021-07-28T01:00:00+02:00,15.388
2021-07-28T13:00:00+02:00,15.388
2021-07-29T01:00:00+02:00,15.38
2021-07-29T13:00:00+02:00,15.363
2021-07-30T01:00:00+02:00,15.354
2021-07-30T13:00:00+02:00,15.37
2021-07-31T01:00:00+02:00,15.358
2021-07-31T13:00:00+02:00,15.34
2021-08-01T01:00:00+02:00,15.347
2021-08-01T13:00:00+02:00,15.351
2021-08-02T01:00:00+02:00,15.386
2021-08-02T13:00:00+02:00,15.39
2021-08-03T01:00:00+02:00,15.383
2021-08-03T13:00:00+02:00,15.39
2021-08-04T01:00:00+02:00,15.362
2021-08-04T13:00:00+02:00,15.362
2021-08-05T01:00:00+02:00,15.334
2021-08-05T13:00:00+02:00,15.341
2021-08-06T01:00:00+02:00,15.335
2021-08-06T13:00:00+02:00,15.329
2021-08-07T01:00:00+02:00,15.328
2021-08-07T13:00:00+02:00,15.335
2021-08-08T01:00:00+02:00,15.331
2021-08-08T13:00:00+02:00,15.312
2021-08-09T01:00:00+02:00,15.291
2021-08-09T13:00:00+02:00,15.296
2021-08-10T01:00:00+02:00,15.286
2021-08-10T13:00:00+02:00,15.288
2021-08-11T01:00:00+02:00,15.274
2021-08-11T13:00:00+02:00,15.28
2021-08-12T01:00:00+02:00,15.262
2021-08-12T13:00:00+02:00,15.262
2021-08-13T01:00:00+02:00,15.251
2021-08-13T13:00:00+02:00,15.238
2021-08-14T01:00:00+02:00,15.243
2021-08-14T13:00:00+02:00,15.256
2021-08-15T01:00:00+02:00,15.25
2021-08-15T13:00:00+02:00,15.257
2021-08-16T01:00:00+02:00,15.238
2021-08-16T13:00:00+02:00,15.232
2021-08-17T01:00:00+02:00,15.234
2021-08-17T13:00:00+02:00,15.244
2021-08-18T01:00:00+02:00,15.27
2021-08-18T13:00:00+02:00,15.285
2021-08-19T01:00:00+02:00,15.299
2021-08-19T13:00:00+02:00,15.289
2021-08-20T01:00:00+02:00,15.271
2021-08-20T13:00:00+02:00,15.26
2021-08-21T01:00:00+02:00,15.247
2021-08-21T13:00:00+02:00,15.265
2021-08-22T01:00:00+02:00,15.257
2021-08-22T13:00:00+02:00,15.275
2021-08-23T01:00:00+02:00,15.295
2021-08-23T13:00:00+02:00,15.316
2021-08-24T01:00:00+02:00,15.318
2021-08-24T13:00:00+02:00,15.33
2021-08-25T01:00:00+02:00,15.303
2021-08-25T13:00:00+02:00,15.302
2021-08-26T01:00:00+02:00,15.292
2021-08-26T13:00:00+02:00,15.287
2021-08-27T01:00:00+02:00,15.269
2021-08-27T13:00:00+02:00,15.274
2021-08-28T01:00:00+02:00,15.245
2021-08-28T13:00:00+02:00,15.249
2021-08-29T01:00:00+02:00,15.228
2021-08-29T13:00:00+02:00,15.241
2021-08-30T01:00:00+02:00,15.237
2021-08-30T13:00:00+02:00,15.235
2021-08-31T01:00:00+02:00,15.219
2021-08-31T13:00:00+02:00,15.225
2021-09-01T01:00:00+02:00,15.209
2021-09-01T13:00:00+02:00,15.215
2021-09-02T01:00:00+02:00,15.21
2021-09-02T13:00:00+02:00,15.205
2021-09-03T01:00:00+02:00,15.197
2021-09-03T13:00:00+02:00,15.209
2021-09-04T01:00:00+02:00,15.196
2021-09-04T13:00:00+02:00,15.205
2021-09-05T01:00:00+02:00,15.179
2021-09-05T13:00:00+02:00,15.173
2021-09-06T01:00:00+02:00,15.16
2021-09-06T13:00:00+02:00,15.17
2021-09-07T01:00:00+02:00,15.14
2021-09-07T13:00:00+02:00,15.15
2021-09-08T01:00:00+02:00,15.158
2021-09-08T13:00:00+02:00,15.167
2021-09-09T01:00:00+02:00,15.16
2021-09-09T13:00:00+02:00,15.161
2021-09-10T01:00:00+02:00,15.144
2021-09-10T13:00:00+02:00,15.146
2021-09-17T01:00:00+02:00,15.131
2021-09-17T13:00:00+02:00,15.135
2021-09-18T01:00:00+02:00,15.118
2021-09-18T13:00:00+02:00,15.144
2021-09-19T01:00:00+02:00,15.122
2021-09-19T13:00:00+02:00,15.096
2021-09-20T01:00:00+02:00,15.1
2021-09-20T13:00:00+02:00,15.031
2021-09-21T01:00:00+02:00,15.067
2021-09-21T13:00:00+02:00,15.077
2021-09-22T01:00:00+02:00,15.072
2021-09-22T13:00:00+02:00,15.142
2021-09-23T01:00:00+02:00,15.086
2021-09-23T13:00:00+02:00,15.1
2021-09-24T01:00:00+02:00,15.075
2021-09-24T13:00:00+02:00,15.092
2021-09-25T01:00:00+02:00,15.071
2021-09-25T13:00:00+02:00,15.097
2021-09-26T01:00:00+02:00,15.074
2021-09-26T13:00:00+02:00,15.07
2021-09-27T01:00:00+02:00,15.071
2021-09-27T13:00:00+02:00,14.994
2021-09-28T01:00:00+02:00,15.048
2021-09-28T13:00:00+02:00,15.127
2021-09-29T01:00:00+02:00,15.085
2021-09-29T13:00:00+02:00,14.994
2021-09-30T01:00:00+02:00,15.062
2021-09-30T13:00:00+02:00,15.14
2021-10-01T01:00:00+02:00,15.101
2021-10-01T13:00:00+02:00,15.124
2021-10-02T01:00:00+02:00,15.093
2021-10-02T13:00:00+02:00,15.254
2021-10-03T01:00:00+02:00,15.152
2021-10-03T13:00:00+02:00,15.141
2021-10-04T01:00:00+02:00,15.144
2021-10-04T13:00:00+02:00,15.181
2021-10-05T01:00:00+02:00,15.158
2021-10-05T13:00:00+02:00,15.131
2021-10-06T01:00:00+02:00,15.147
2021-10-06T13:00:00+02:00,15.05
2021-10-07T01:00:00+02:00,15.166
2021-10-07T13:00:00+02:00,15.149
2021-10-08T01:00:00+02:00,15.175
2021-10-08T13:00:00+02:00,15.201
2021-10-09T01:00:00+02:00,15.178
2021-10-09T13:00:00+02:00,15.188
2021-10-10T01:00:00+02:00,15.17
2021-10-10T13:00:00+02:00,15.182
2021-10-11T01:00:00+02:00,15.17
2021-10-11T13:00:00+02:00,15.197
2021-10-12T01:00:00+02:00,15.179
2021-10-12T13:00:00+02:00,15.154
2021-10-13T01:00:00+02:00,15.192
2021-10-13T13:00:00+02:00,15.181
2021-10-14T01:00:00+02:00,15.179
2021-10-14T13:00:00+02:00,15.255
2021-10-15T01:00:00+02:00,15.211
2021-10-15T13:00:00+02:00,15.153
2021-10-16T01:00:00+02:00,15.184
2021-10-16T13:00:00+02:00,15.204
2021-10-17T01:00:00+02:00,15.185
2021-10-17T13:00:00+02:00,15.172
2021-10-18T01:00:00+02:00,15.166
2021-10-18T13:00:00+02:00,15.205
2021-10-19T01:00:00+02:00,15.178
2021-10-19T13:00:00+02:00,15.249
2021-10-20T01:00:00+02:00,15.22
2021-10-20T13:00:00+02:00,15.232
2021-10-21T01:00:00+02:00,15.284
2021-10-21T13:00:00+02:00,15.086
2021-10-22T01:00:00+02:00,15.218
2021-10-22T13:00:00+02:00,14.198
2021-10-23T01:00:00+02:00,13.749
2021-10-23T13:00:00+02:00,13.675
2021-10-24T01:00:00+02:00,13.623
2021-10-24T13:00:00+02:00,13.637
2021-10-25T01:00:00+02:00,13.582
2021-10-25T13:00:00+02:00,13.559
2021-10-26T01:00:00+02:00,13.549
2021-10-26T13:00:00+02:00,13.528
2021-10-27T01:00:00+02:00,13.525
2021-10-27T13:00:00+02:00,13.543
2021-10-28T01:00:00+02:00,13.502
2021-10-28T13:00:00+02:00,13.552
2021-10-29T01:00:00+02:00,13.492
2021-10-29T13:00:00+02:00,13.485
2021-10-30T01:00:00+02:00,13.477
2021-10-30T13:00:00+02:00,13.413
2021-10-31T01:00:00+02:00,13.46
2021-10-31T12:00:00+01:00,13.514
2021-11-01T00:00:00+01:00,13.52
2021-11-01T12:00:00+01:00,13.885
2021-11-02T00:00:00+01:00,14.911
2021-11-02T12:00:00+01:00,14.985
2021-11-03T00:00:00+01:00,15.021
2021-11-03T12:00:00+01:00,15.075
2021-11-04T00:00:00+01:00,15.107
2021-11-04T12:00:00+01:00,15.134
2021-11-05T00:00:00+01:00,15.136
2021-11-05T12:00:00+01:00,15.146
2021-11-06T00:00:00+01:00,15.161
2021-11-06T12:00:00+01:00,15.191
2021-11-07T00:00:00+01:00,15.228
2021-11-07T12:00:00+01:00,15.225
2021-11-08T00:00:00+01:00,15.208
2021-11-08T12:00:00+01:00,15.208
2021-11-09T00:00:00+01:00,15.206
2021-11-09T12:00:00+01:00,15.203
2021-11-10T00:00:00+01:00,15.218
2021-11-10T12:00:00+01:00,15.222
2021-11-11T00:00:00+01:00,15.221
2021-11-11T12:00:00+01:00,15.217
2021-11-12T00:00:00+01:00,15.232
2021-11-12T12:00:00+01:00,15.256
2021-11-13T00:00:00+01:00,15.259
2021-11-13T12:00:00+01:00,15.259
2021-11-14T00:00:00+01:00,15.26
2021-11-14T12:00:00+01:00,15.25
2021-11-15T00:00:00+01:00,15.254
2021-11-15T12:00:00+01:00,15.264
2021-11-16T00:00:00+01:00,15.268
2021-11-16T12:00:00+01:00,15.272
2021-11-17T00:00:00+01:00,15.259
2021-11-17T12:00:00+01:00,15.254
2021-11-18T00:00:00+01:00,15.234
2021-11-18T12:00:00+01:00,15.239
2021-11-19T00:00:00+01:00,15.237
2021-11-19T12:00:00+01:00,15.24
2021-11-20T00:00:00+01:00,15.242
2021-11-20T12:00:00+01:00,15.266
2021-11-21T00:00:00+01:00,15.288
2021-11-21T12:00:00+01:00,15.276
2021-11-22T00:00:00+01:00,15.242
2021-11-22T12:00:00+01:00,15.222
2021-11-23T00:00:00+01:00,15.215
2021-11-23T12:00:00+01:00,15.228
2021-11-24T00:00:00+01:00,15.237
2021-11-24T12:00:00+01:00,15.265
2021-11-25T00:00:00+01:00,15.27
2021-11-25T12:00:00+01:00,15.261
2021-11-26T00:00:00+01:00,15.274
2021-11-26T12:00:00+01:00,15.328
2021-11-27T00:00:00+01:00,15.32
2021-11-27T12:00:00+01:00,15.306
2021-11-28T00:00:00+01:00,15.309
2021-11-28T12:00:00+01:00,15.3
2021-11-29T00:00:00+01:00,15.289
2021-11-29T12:00:00+01:00,15.281
2021-11-30T00:00:00+01:00,15.291
2021-11-30T12:00:00+01:00,15.318
2021-12-01T00:00:00+01:00,15.4
2021-12-01T12:00:00+01:00,15.419
2021-12-02T00:00:00+01:00,15.392
2021-12-02T12:00:00+01:00,15.404
2021-12-03T00:00:00+01:00,15.397
2021-12-03T12:00:00+01:00,15.426
2021-12-04T00:00:00+01:00,15.435
2021-12-04T12:00:00+01:00,15.442
2021-12-05T00:00:00+01:00,15.451
2021-12-05T12:00:00+01:00,15.433
2021-12-06T00:00:00+01:00,15.401
2021-12-06T12:00:00+01:00,15.416
2021-12-07T00:00:00+01:00,15.455
2021-12-07T12:00:00+01:00,15.477
2021-12-08T00:00:00+01:00,15.522
2021-12-08T12:00:00+01:00,15.481
2021-12-09T00:00:00+01:00,15.453
2021-12-09T12:00:00+01:00,15.445
2021-12-10T00:00:00+01:00,15.475
2021-12-10T12:00:00+01:00,15.46
2021-12-11T00:00:00+01:00,15.398
2021-12-11T12:00:00+01:00,15.376
2021-12-12T00:00:00+01:00,15.39
2021-12-12T12:00:00+01:00,15.394
2021-12-13T00:00:00+01:00,15.4
2021-12-13T12:00:00+01:00,15.404
2021-12-14T00:00:00+01:00,15.408
2021-12-14T12:00:00+01:00,15.402
2021-12-15T00:00:00+01:00,15.389
2021-12-15T12:00:00+01:00,15.385
2021-12-16T00:00:00+01:00,15.378
2021-12-16T12:00:00+01:00,15.372
2021-12-17T00:00:00+01:00,15.371
2021-12-17T12:00:00+01:00,15.377
2021-12-18T00:00:00+01:00,15.374
2021-12-18T12:00:00+01:00,15.38
2021-12-19T00:00:00+01:00,15.388
2021-12-19T12:00:00+01:00,15.404
2021-12-20T00:00:00+01:00,15.4
2021-12-20T12:00:00+01:00,15.387
2021-12-21T00:00:00+01:00,15.382
2021-12-21T12:00:00+01:00,15.381
2021-12-22T00:00:00+01:00,15.372
2021-12-22T12:00:00+01:00,15.379
2021-12-23T00:00:00+01:00,15.399
2021-12-23T12:00:00+01:00,15.411
2021-12-24T00:00:00+01:00,15.41
2021-12-24T12:00:00+01:00,15.409
2021-12-25T00:00:00+01:00,15.403
2021-12-25T12:00:00+01:00,15.418
2021-12-26T00:00:00+01:00,15.436
2021-12-26T12:00:00+01:00,15.439
2021-12-27T00:00:00+01:00,15.444
2021-12-27T12:00:00+01:00,15.46
2021-12-28T00:00:00+01:00,15.466
2021-12-28T12:00:00+01:00,15.477
2021-12-29T00:00:00+01:00,15.457
2021-12-29T12:00:00+01:00,15.502
2021-12-30T00:00:00+01:00,15.5
2021-12-30T12:00:00+01:00,15.519
2021-12-31T00:00:00+01:00,15.512
2021-12-31T12:00:00+01:00,15.514
2022-01-02T00:00:00+01:00,15.496
2022-01-02T12:00:00+01:00,15.509
2022-01-03T00:00:00+01:00,15.492
2022-01-03T12:00:00+01:00,15.509
2022-01-04T00:00:00+01:00,15.526
2022-01-04T12:00:00+01:00,15.513
2022-01-05T00:00:00+01:00,15.491
2022-01-05T12:00:00+01:00,15.47
2022-01-06T00:00:00+01:00,15.461
2022-01-06T12:00:00+01:00,15.471
2022-01-07T00:00:00+01:00,15.499
2022-01-07T12:00:00+01:00,15.501
2022-01-08T00:00:00+01:00,15.51
2022-01-08T12:00:00+01:00,15.539
2022-01-09T00:00:00+01:00,15.596
2022-01-09T12:00:00+01:00,15.586
2022-01-10T00:00:00+01:00,15.562
2022-01-10T12:00:00+01:00,15.52
2022-01-11T00:00:00+01:00,15.513
2022-01-11T12:00:00+01:00,15.515
2022-01-12T00:00:00+01:00,15.512
2022-01-12T12:00:00+01:00,15.501
2022-01-13T00:00:00+01:00,15.502
2022-01-13T12:00:00+01:00,15.506
2022-01-14T00:00:00+01:00,15.512
2022-01-14T12:00:00+01:00,15.511
2022-01-15T00:00:00+01:00,15.519
2022-01-15T12:00:00+01:00,15.528
2022-01-16T00:00:00+01:00,15.527
2022-01-16T12:00:00+01:00,15.504
2022-01-17T00:00:00+01:00,15.478
2022-01-17T12:00:00+01:00,15.47
2022-01-18T00:00:00+01:00,15.469
2022-01-18T12:00:00+01:00,15.473
2022-01-19T00:00:00+01:00,15.49
2022-01-19T12:00:00+01:00,15.509
2022-01-20T00:00:00+01:00,15.472
2022-01-20T12:00:00+01:00,15.467
2022-01-21T00:00:00+01:00,15.459
2022-01-21T12:00:00+01:00,15.461
2022-01-22T00:00:00+01:00,15.464
2022-01-22T12:00:00+01:00,15.458
2022-01-23T00:00:00+01:00,15.451
2022-01-23T12:00:00+01:00,15.453
2022-01-24T00:00:00+01:00,15.456
2022-01-24T12:00:00+01:00,15.452
2022-01-25T00:00:00+01:00,15.445
2022-01-25T12:00:00+01:00,15.441
2022-01-26T00:00:00+01:00,15.435
2022-01-26T12:00:00+01:00,15.435
2022-01-27T00:00:00+01:00,15.443
2022-01-27T12:00:00+01:00,15.451
2022-01-28T00:00:00+01:00,15.417
2022-01-28T12:00:00+01:00,15.415
2022-01-29T00:00:00+01:00,15.439
2022-01-29T12:00:00+01:00,15.455
2022-01-30T00:00:00+01:00,15.416
2022-01-30T12:00:00+01:00,15.41
2022-01-31T00:00:00+01:00,15.479
2022-01-31T12:00:00+01:00,15.478
2022-02-01T00:00:00+01:00,15.516
2022-02-01T12:00:00+01:00,15.567
2022-02-02T00:00:00+01:00,15.551
2022-02-02T12:00:00+01:00,15.536
2022-02-03T00:00:00+01:00,15.541
2022-02-03T12:00:00+01:00,15.565
2022-02-04T00:00:00+01:00,15.543
2022-02-04T12:00:00+01:00,15.566
2022-02-05T00:00:00+01:00,15.518
2022-02-05T12:00:00+01:00,15.514
2022-02-06T00:00:00+01:00,15.547
2022-02-06T12:00:00+01:00,15.767
2022-02-07T00:00:00+01:00,15.754
2022-02-07T12:00:00+01:00,15.671
2022-02-08T00:00:00+01:00,15.657
2022-02-08T12:00:00+01:00,15.649
2022-02-09T00:00:00+01:00,15.634
2022-02-09T12:00:00+01:00,15.626
2022-02-10T00:00:00+01:00,15.635
2022-02-10T12:00:00+01:00,15.613
2022-02-11T00:00:00+01:00,15.611
2022-02-11T12:00:00+01:00,15.568
2022-02-12T00:00:00+01:00,15.575
2022-02-12T12:00:00+01:00,15.598
2022-02-13T00:00:00+01:00,15.603
2022-02-13T12:00:00+01:00,15.619
2022-02-14T00:00:00+01:00,15.629
2022-02-14T12:00:00+01:00,15.585
2022-02-15T00:00:00+01:00,15.565
2022-02-15T12:00:00+01:00,15.566
2022-02-16T00:00:00+01:00,15.623
2022-02-16T12:00:00+01:00,15.825
2022-02-17T00:00:00+01:00,15.895
2022-02-17T12:00:00+01:00,15.668
2022-02-18T00:00:00+01:00,15.661
2022-02-18T12:00:00+01:00,15.727
2022-02-19T00:00:00+01:00,15.652
2022-02-19T12:00:00+01:00,15.629
2022-02-20T00:00:00+01:00,15.712
2022-02-20T12:00:00+01:00,15.794
2022-02-21T00:00:00+01:00,15.943
2022-02-21T12:00:00+01:00,15.935
2022-02-22T00:00:00+01:00,15.81
2022-02-22T12:00:00+01:00,15.792
2022-02-23T00:00:00+01:00,15.834
2022-02-23T12:00:00+01:00,15.787
2022-02-24T00:00:00+01:00,15.803
2022-02-24T12:00:00+01:00,15.817
2022-02-25T00:00:00+01:00,15.861
2022-02-25T12:00:00+01:00,15.777
2022-02-26T00:00:00+01:00,15.741
2022-02-26T12:00:00+01:00,15.728
2022-02-27T00:00:00+01:00,15.736
2022-02-27T12:00:00+01:00,15.733
2022-02-28T00:00:00+01:00,15.715
2022-02-28T12:00:00+01:00,15.709
2022-03-01T00:00:00+01:00,15.707
2022-03-01T12:00:00+01:00,15.696
2022-03-02T00:00:00+01:00,15.694
2022-03-02T12:00:00+01:00,15.696
2022-03-03T00:00:00+01:00,15.687
2022-03-03T12:00:00+01:00,15.683
2022-03-04T00:00:00+01:00,15.662
2022-03-04T12:00:00+01:00,15.656
2022-03-05T00:00:00+01:00,15.651
2022-03-05T12:00:00+01:00,15.639
2022-03-06T00:00:00+01:00,15.623
2022-03-06T12:00:00+01:00,15.614
2022-03-07T00:00:00+01:00,15.609
2022-03-07T12:00:00+01:00,15.615
2022-03-08T00:00:00+01:00,15.628
2022-03-08T12:00:00+01:00,15.632
2022-03-09T00:00:00+01:00,15.601
2022-03-09T12:00:00+01:00,15.594
2022-03-10T00:00:00+01:00,15.581
2022-03-10T12:00:00+01:00,15.591
2022-03-11T00:00:00+01:00,15.602
2022-03-11T12:00:00+01:00,15.609
2022-03-12T00:00:00+01:00,15.584
2022-03-12T12:00:00+01:00,15.566
2022-03-13T00:00:00+01:00,15.572
2022-03-13T12:00:00+01:00,15.583
2022-03-14T00:00:00+01:00,15.548
2022-03-14T12:00:00+01:00,15.521
2022-03-15T00:00:00+01:00,15.529
2022-03-15T12:00:00+01:00,15.55
2022-03-16T00:00:00+01:00,15.536
2022-03-16T12:00:00+01:00,15.542
2022-03-17T00:00:00+01:00,15.547
2022-03-17T12:00:00+01:00,15.486
2022-03-18T00:00:00+01:00,15.485
2022-03-18T12:00:00+01:00,15.479
2022-03-19T00:00:00+01:00,15.488
2022-03-19T12:00:00+01:00,15.514
2022-03-20T00:00:00+01:00,15.522
2022-03-20T12:00:00+01:00,15.522
2022-03-21T00:00:00+01:00,15.499
2022-03-21T12:00:00+01:00,15.506
2022-03-22T00:00:00+01:00,15.5
2022-03-22T12:00:00+01:00,15.502
2022-03-23T00:00:00+01:00,15.492
2022-03-23T12:00:00+01:00,15.489
2022-03-24T00:00:00+01:00,15.483
2022-03-24T12:00:00+01:00,15.481
2022-03-25T00:00:00+01:00,15.472
2022-03-25T12:00:00+01:00,15.472
2022-03-26T00:00:00+01:00,15.454
2022-03-26T12:00:00+01:00,15.456
2022-03-27T00:00:00+01:00,15.451
2022-03-27T13:00:00+02:00,15.463
2022-03-28T01:00:00+02:00,15.462
2022-03-28T13:00:00+02:00,15.482
2022-03-29T01:00:00+02:00,15.48
2022-03-29T13:00:00+02:00,15.49
2022-03-30T01:00:00+02:00,15.485
2022-03-30T13:00:00+02:00,15.488
2022-03-31T01:00:00+02:00,15.48
2022-03-31T13:00:00+02:00,15.473
2022-04-01T01:00:00+02:00,15.461
2022-04-01T13:00:00+02:00,15.453
2022-04-02T01:00:00+02:00,15.446
2022-04-02T13:00:00+02:00,15.438
2022-04-03T01:00:00+02:00,15.424
2022-04-03T13:00:00+02:00,15.432
2022-04-04T01:00:00+02:00,15.446
2022-04-04T13:00:00+02:00,15.474
2022-04-05T01:00:00+02:00,15.491
2022-04-05T13:00:00+02:00,15.554
2022-04-06T01:00:00+02:00,15.587
2022-04-06T13:00:00+02:00,15.596
2022-04-07T01:00:00+02:00,15.637
2022-04-07T13:00:00+02:00,15.894
2022-04-08T01:00:00+02:00,15.602
2022-04-08T13:00:00+02:00,15.63
2022-04-09T01:00:00+02:00,15.57
2022-04-09T13:00:00+02:00,15.551
2022-04-10T01:00:00+02:00,15.535
2022-04-10T13:00:00+02:00,15.535
2022-04-11T01:00:00+02:00,15.543
2022-04-11T13:00:00+02:00,15.561
2022-04-12T01:00:00+02:00,15.552
2022-04-12T13:00:00+02:00,15.548
2022-04-13T01:00:00+02:00,15.512
2022-04-13T13:00:00+02:00,15.482
2022-04-14T01:00:00+02:00,15.482
2022-04-14T13:00:00+02:00,15.48
2022-04-15T01:00:00+02:00,15.451
2022-04-15T13:00:00+02:00,15.44
2022-04-16T01:00:00+02:00,15.427
2022-04-16T13:00:00+02:00,15.424
2022-04-17T01:00:00+02:00,15.424
2022-04-17T13:00:00+02:00,15.441
2022-04-18T01:00:00+02:00,15.434
2022-04-18T13:00:00+02:00,15.429
2022-04-19T01:00:00+02:00,15.421
2022-04-19T13:00:00+02:00,15.413
2022-04-20T01:00:00+02:00,15.401
2022-04-20T13:00:00+02:00,15.4
2022-04-21T01:00:00+02:00,15.393
2022-04-21T13:00:00+02:00,15.393
2022-04-22T01:00:00+02:00,15.391
2022-04-22T13:00:00+02:00,15.392
2022-04-23T01:00:00+02:00,15.384
2022-04-23T13:00:00+02:00,15.385
2022-04-24T01:00:00+02:00,15.37
2022-04-24T13:00:00+02:00,15.36
2022-04-25T01:00:00+02:00,15.335
2022-04-25T13:00:00+02:00,15.328
2022-04-26T01:00:00+02:00,15.339
2022-04-26T13:00:00+02:00,15.337
2022-04-27T01:00:00+02:00,15.329
2022-04-27T13:00:00+02:00,15.339
2022-04-28T01:00:00+02:00,15.326
2022-04-28T13:00:00+02:00,15.336
2022-04-29T01:00:00+02:00,15.33
2022-04-29T13:00:00+02:00,15.341
2022-04-30T01:00:00+02:00,15.33
2022-04-30T13:00:00+02:00,15.344
2022-05-01T01:00:00+02:00,15.334
2022-05-01T13:00:00+02:00,15.346
2022-05-02T01:00:00+02:00,15.339
2022-05-02T13:00:00+02:00,15.342
2022-05-03T01:00:00+02:00,15.308
2022-05-03T13:00:00+02:00,15.308
2022-05-04T01:00:00+02:00,15.285
2022-05-04T13:00:00+02:00,15.288
2022-05-05T01:00:00+02:00,15.265
2022-05-05T13:00:00+02:00,15.263
2022-05-07T01:00:00+02:00,15.253
2022-05-07T13:00:00+02:00,15.252
2022-05-08T01:00:00+02:00,15.235
2022-05-08T13:00:00+02:00,15.243
2022-05-09T01:00:00+02:00,15.236
2022-05-09T13:00:00+02:00,15.262
2022-05-10T01:00:00+02:00,15.241
2022-05-10T13:00:00+02:00,15.251
2022-05-11T01:00:00+02:00,15.238
2022-05-11T13:00:00+02:00,15.245
2022-05-12T01:00:00+02:00,15.192
2022-05-12T13:00:00+02:00,15.202
2022-05-13T01:00:00+02:00,15.196
2022-05-13T13:00:00+02:00,15.192
2022-05-14T01:00:00+02:00,15.181
2022-05-14T13:00:00+02:00,15.17
2022-05-15T01:00:00+02:00,15.161
2022-05-15T13:00:00+02:00,15.173
2022-05-16T01:00:00+02:00,15.174
2022-05-16T13:00:00+02:00,15.147
2022-05-17T01:00:00+02:00,15.135
2022-05-17T13:00:00+02:00,15.161
2022-05-18T01:00:00+02:00,15.132
2022-05-18T13:00:00+02:00,15.126
2022-05-19T01:00:00+02:00,15.136
2022-05-19T13:00:00+02:00,15.121
2022-05-20T01:00:00+02:00,15.149
2022-05-20T13:00:00+02:00,15.203
2022-05-21T01:00:00+02:00,15.175
2022-05-21T13:00:00+02:00,15.179
2022-05-22T01:00:00+02:00,15.183
2022-05-22T13:00:00+02:00,15.198
2022-05-23T01:00:00+02:00,15.191
2022-05-23T13:00:00+02:00,15.21
2022-05-24T01:00:00+02:00,15.193
2022-05-24T13:00:00+02:00,15.176
2022-05-25T01:00:00+02:00,15.167
2022-05-25T13:00:00+02:00,15.18
2022-05-26T01:00:00+02:00,15.167
2022-05-26T13:00:00+02:00,15.16
2022-05-27T01:00:00+02:00,15.166
2022-05-27T13:00:00+02:00,15.164
2022-05-28T01:00:00+02:00,15.16
2022-05-28T13:00:00+02:00,15.163
2022-05-29T01:00:00+02:00,15.161
2022-05-29T13:00:00+02:00,15.183
2022-05-30T01:00:00+02:00,15.201
2022-05-30T13:00:00+02:00,15.196
2022-05-31T01:00:00+02:00,15.181
2022-05-31T13:00:00+02:00,15.185
2022-06-01T01:00:00+02:00,15.169
2022-06-01T13:00:00+02:00,15.158
2022-06-02T01:00:00+02:00,15.136
2022-06-02T13:00:00+02:00,15.139
2022-06-03T01:00:00+02:00,15.127
2022-06-03T13:00:00+02:00,15.129
2022-06-04T01:00:00+02:00,15.101
2022-06-04T13:00:00+02:00,15.106
2022-06-05T01:00:00+02:00,15.095
2022-06-05T13:00:00+02:00,15.123
2022-06-06T01:00:00+02:00,15.248
2022-06-06T13:00:00+02:00,15.281
2022-06-07T01:00:00+02:00,15.284
2022-06-07T13:00:00+02:00,15.275
2022-06-08T01:00:00+02:00,15.28
2022-06-08T13:00:00+02:00,15.286
2022-06-09T01:00:00+02:00,15.324
2022-06-09T13:00:00+02:00,15.301
2022-06-10T01:00:00+02:00,15.302
2022-06-10T13:00:00+02:00,15.306
2022-06-11T01:00:00+02:00,15.289
2022-06-11T13:00:00+02:00,15.281
2022-06-12T01:00:00+02:00,15.243
2022-06-12T13:00:00+02:00,15.243
2022-06-13T01:00:00+02:00,15.231
2022-06-13T13:00:00+02:00,15.204
2022-06-14T01:00:00+02:00,15.197
2022-06-14T13:00:00+02:00,15.209
2022-06-15T01:00:00+02:00,15.193
2022-06-15T13:00:00+02:00,15.175
2022-06-16T01:00:00+02:00,15.15
2022-06-16T13:00:00+02:00,15.14
2022-06-17T01:00:00+02:00,15.124
2022-06-17T13:00:00+02:00,15.138
2022-06-18T01:00:00+02:00,15.117
2022-06-18T13:00:00+02:00,15.116
2022-06-19T01:00:00+02:00,15.125
2022-06-19T13:00:00+02:00,15.104
2022-06-20T01:00:00+02:00,15.104
2022-06-20T13:00:00+02:00,15.088
2022-06-21T01:00:00+02:00,15.069
2022-06-21T13:00:00+02:00,15.077
2022-06-22T01:00:00+02:00,15.065
2022-06-22T13:00:00+02:00,15.065
2022-06-24T01:00:00+02:00,15.068
2022-06-24T13:00:00+02:00,15.117
2022-06-25T01:00:00+02:00,15.107
2022-06-25T13:00:00+02:00,15.103
2022-06-26T01:00:00+02:00,15.089
2022-06-26T13:00:00+02:00,15.09
2022-06-27T01:00:00+02:00,15.081
2022-06-27T13:00:00+02:00,15.08
2022-06-28T01:00:00+02:00,15.103
2022-06-28T13:00:00+02:00,15.116
2022-06-29T01:00:00+02:00,15.097
2022-06-29T13:00:00+02:00,15.09
2022-06-30T01:00:00+02:00,15.08
2022-06-30T13:00:00+02:00,15.084
2022-07-01T01:00:00+02:00,15.068
2022-07-01T13:00:00+02:00,15.067
2022-07-02T01:00:00+02:00,15.039
2022-07-02T13:00:00+02:00,15.051
2022-07-03T01:00:00+02:00,15.051
2022-07-03T13:00:00+02:00,15.05
2022-07-04T01:00:00+02:00,15.03
2022-07-04T13:00:00+02:00,15.043
2022-07-05T01:00:00+02:00,15.018
2022-07-05T13:00:00+02:00,15.023
2022-07-06T01:00:00+02:00,15.001
2022-07-06T13:00:00+02:00,15.009
2022-07-07T01:00:00+02:00,15.005
2022-07-07T13:00:00+02:00,14.975
2022-07-08T01:00:00+02:00,14.957
2022-07-08T13:00:00+02:00,14.957
2022-07-09T01:00:00+02:00,14.956
2022-07-09T13:00:00+02:00,14.961
2022-07-10T01:00:00+02:00,14.954
2022-07-10T13:00:00+02:00,14.974
2022-07-11T01:00:00+02:00,14.965
2022-07-11T13:00:00+02:00,14.977
2022-07-12T01:00:00+02:00,14.965
2022-07-12T13:00:00+02:00,14.966
2022-07-13T01:00:00+02:00,14.963
2022-07-13T13:00:00+02:00,14.951
2022-07-14T01:00:00+02:00,14.934
2022-07-14T13:00:00+02:00,14.942
2022-07-15T01:00:00+02:00,14.916
2022-07-15T13:00:00+02:00,14.925
2022-07-16T01:00:00+02:00,14.902
2022-07-16T13:00:00+02:00,14.887
2022-07-17T01:00:00+02:00,14.884
2022-07-17T13:00:00+02:00,14.895
2022-07-18T01:00:00+02:00,14.891
2022-07-18T13:00:00+02:00,14.901
2022-07-19T01:00:00+02:00,14.88
2022-07-19T13:00:00+02:00,14.887
2022-07-20T01:00:00+02:00,14.869
2022-07-20T13:00:00+02:00,14.845
2022-07-21T01:00:00+02:00,14.853
2022-07-21T13:00:00+02:00,14.864
2022-07-22T01:00:00+02:00,14.894
2022-07-22T13:00:00+02:00,14.919
2022-07-23T01:00:00+02:00,14.898
2022-07-23T13:00:00+02:00,14.894
2022-07-24T01:00:00+02:00,14.889
2022-07-24T13:00:00+02:00,14.903
2022-07-25T01:00:00+02:00,14.902
2022-07-25T13:00:00+02:00,14.891
2022-07-26T01:00:00+02:00,14.865
2022-07-26T13:00:00+02:00,14.864
2022-07-28T01:00:00+02:00,14.858
2022-07-28T13:00:00+02:00,14.865
2022-07-29T01:00:00+02:00,14.853
2022-07-29T13:00:00+02:00,14.865
2022-07-30T01:00:00+02:00,14.85
2022-07-30T13:00:00+02:00,14.862
2022-07-31T01:00:00+02:00,14.851
2022-07-31T13:00:00+02:00,14.859
2022-08-01T01:00:00+02:00,14.841
2022-08-01T13:00:00+02:00,14.836
2022-08-02T01:00:00+02:00,14.839
2022-08-02T13:00:00+02:00,14.853
2022-08-03T01:00:00+02:00,14.834
2022-08-03T13:00:00+02:00,14.832
2022-08-04T01:00:00+02:00,14.825
2022-08-04T13:00:00+02:00,14.815
2022-08-05T01:00:00+02:00,14.811
2022-08-05T13:00:00+02:00,14.803
2022-08-06T01:00:00+02:00,14.784
2022-08-06T13:00:00+02:00,14.801
2022-08-07T01:00:00+02:00,14.796
2022-08-07T13:00:00+02:00,14.814
2022-08-08T01:00:00+02:00,14.794
2022-08-08T13:00:00+02:00,14.796
2022-08-09T01:00:00+02:00,14.777
2022-08-09T13:00:00+02:00,14.785
2022-08-10T01:00:00+02:00,14.774
2022-08-10T13:00:00+02:00,14.79
2022-08-11T01:00:00+02:00,14.77
2022-08-11T13:00:00+02:00,14.767
2022-08-12T01:00:00+02:00,14.761
2022-08-12T13:00:00+02:00,14.768
2022-08-13T01:00:00+02:00,14.752
2022-08-13T13:00:00+02:00,14.752
2022-08-14T01:00:00+02:00,14.755
2022-08-14T13:00:00+02:00,14.771
2022-08-15T01:00:00+02:00,14.749
2022-08-15T13:00:00+02:00,14.741
2022-08-16T01:00:00+02:00,14.734
2022-08-16T13:00:00+02:00,14.728
2022-08-17T01:00:00+02:00,14.715
2022-08-17T13:00:00+02:00,14.706
2022-08-18T01:00:00+02:00,14.716
2022-08-18T13:00:00+02:00,14.735
2022-08-19T01:00:00+02:00,14.722
2022-08-19T13:00:00+02:00,14.735
2022-08-20T01:00:00+02:00,14.742
2022-08-20T13:00:00+02:00,14.748
2022-08-21T01:00:00+02:00,14.743
2022-08-21T13:00:00+02:00,14.752
2022-08-22T01:00:00+02:00,14.737
2022-08-22T13:00:00+02:00,14.75
2022-08-23T01:00:00+02:00,14.728
2022-08-23T13:00:00+02:00,14.729
2022-08-24T01:00:00+02:00,14.705
2022-08-24T13:00:00+02:00,14.714
2022-08-25T01:00:00+02:00,14.703
2022-08-25T13:00:00+02:00,14.71
2022-08-26T01:00:00+02:00,14.682
2022-08-26T13:00:00+02:00,14.686
2022-08-27T01:00:00+02:00,14.691
2022-08-27T13:00:00+02:00,14.698
2022-08-28T01:00:00+02:00,14.669
2022-08-28T13:00:00+02:00,14.675
2022-08-29T01:00:00+02:00,14.66
2022-08-29T13:00:00+02:00,14.673
2022-08-30T01:00:00+02:00,14.659
2022-08-30T13:00:00+02:00,14.663
2022-08-31T01:00:00+02:00,14.65
2022-08-31T13:00:00+02:00,14.657
2022-09-01T01:00:00+02:00,14.648
2022-09-01T13:00:00+02:00,14.658
2022-09-02T01:00:00+02:00,14.647
2022-09-02T13:00:00+02:00,14.662
2022-09-03T01:00:00+02:00,14.637
2022-09-03T13:00:00+02:00,14.635
2022-09-04T01:00:00+02:00,14.618
2022-09-04T13:00:00+02:00,14.622
2022-09-05T01:00:00+02:00,14.606
2022-09-05T13:00:00+02:00,14.612
2022-09-06T01:00:00+02:00,14.59
2022-09-06T13:00:00+02:00,14.6
2022-09-07T01:00:00+02:00,14.597
2022-09-07T13:00:00+02:00,14.605
2022-09-08T01:00:00+02:00,14.607
2022-09-08T13:00:00+02:00,14.635
2022-09-09T01:00:00+02:00,14.635
2022-09-09T13:00:00+02:00,14.646
2022-09-10T01:00:00+02:00,14.644
2022-09-10T13:00:00+02:00,14.658
2022-09-11T01:00:00+02:00,14.67
2022-09-11T13:00:00+02:00,14.684
2022-09-12T01:00:00+02:00,14.693
2022-09-12T13:00:00+02:00,14.709
2022-09-13T01:00:00+02:00,14.706
2022-09-13T13:00:00+02:00,14.709
2022-09-14T01:00:00+02:00,14.718
2022-09-14T13:00:00+02:00,14.734
2022-09-15T01:00:00+02:00,14.743
2022-09-15T13:00:00+02:00,14.743
2022-09-16T01:00:00+02:00,14.745
2022-09-16T13:00:00+02:00,14.75
2022-09-17T01:00:00+02:00,14.762
2022-09-17T13:00:00+02:00,14.763
2022-09-18T01:00:00+02:00,14.762
2022-09-18T13:00:00+02:00,14.772
2022-09-19T01:00:00+02:00,14.81
2022-09-19T13:00:00+02:00,14.809
2022-09-20T01:00:00+02:00,14.806
2022-09-20T13:00:00+02:00,14.806
2022-09-21T01:00:00+02:00,14.798
2022-09-21T13:00:00+02:00,14.807
2022-09-22T01:00:00+02:00,14.806
2022-09-22T13:00:00+02:00,14.817
2022-09-23T01:00:00+02:00,14.816
2022-09-23T13:00:00+02:00,14.817
2022-09-24T01:00:00+02:00,14.817
2022-09-24T13:00:00+02:00,14.818
2022-09-25T01:00:00+02:00,14.816
2022-09-25T13:00:00+02:00,14.823
2022-09-26T01:00:00+02:00,14.837
2022-09-26T13:00:00+02:00,14.855
2022-09-27T01:00:00+02:00,14.851
2022-09-27T13:00:00+02:00,14.872
2022-09-28T01:00:00+02:00,14.899
2022-09-28T13:00:00+02:00,14.901
2022-09-29T01:00:00+02:00,14.895
2022-09-29T13:00:00+02:00,14.881
2022-09-30T01:00:00+02:00,14.867
2022-09-30T13:00:00+02:00,14.872
2022-10-01T01:00:00+02:00,14.9
2022-10-01T13:00:00+02:00,14.886
2022-10-02T01:00:00+02:00,14.874
2022-10-02T13:00:00+02:00,14.895
2022-10-03T01:00:00+02:00,14.888
2022-10-03T13:00:00+02:00,14.898
2022-10-04T01:00:00+02:00,14.904
2022-10-04T13:00:00+02:00,14.913
2022-10-05T01:00:00+02:00,14.908
2022-10-05T13:00:00+02:00,14.924
2022-10-06T01:00:00+02:00,14.87
2022-10-06T13:00:00+02:00,14.874
2022-10-07T01:00:00+02:00,14.885
2022-10-07T13:00:00+02:00,14.911
2022-10-08T01:00:00+02:00,14.907
2022-10-08T13:00:00+02:00,14.881
2022-10-09T01:00:00+02:00,14.877
2022-10-09T13:00:00+02:00,14.903
2022-10-10T01:00:00+02:00,14.908
2022-10-10T13:00:00+02:00,14.894
2022-10-11T01:00:00+02:00,14.869
2022-10-11T13:00:00+02:00,14.877
2022-10-12T01:00:00+02:00,14.886
2022-10-12T13:00:00+02:00,14.907
2022-10-13T01:00:00+02:00,14.906
2022-10-13T13:00:00+02:00,14.916
2022-10-14T01:00:00+02:00,14.918
2022-10-14T13:00:00+02:00,14.931
2022-10-15T01:00:00+02:00,14.927
2022-10-15T13:00:00+02:00,14.934
2022-10-16T01:00:00+02:00,14.908
2022-10-16T13:00:00+02:00,14.895
2022-10-17T01:00:00+02:00,14.898
2022-10-17T13:00:00+02:00,14.886
2022-10-18T01:00:00+02:00,14.897
2022-10-18T13:00:00+02:00,14.895
2022-10-19T01:00:00+02:00,14.891
2022-10-19T13:00:00+02:00,14.917
2022-10-20T01:00:00+02:00,14.927
2022-10-20T13:00:00+02:00,14.935
2022-10-21T01:00:00+02:00,14.931
2022-10-21T13:00:00+02:00,14.931
2022-10-22T01:00:00+02:00,14.917
2022-10-22T13:00:00+02:00,14.909
2022-10-23T01:00:00+02:00,14.912
2022-10-23T13:00:00+02:00,14.937
2022-10-24T01:00:00+02:00,14.936
2022-10-24T13:00:00+02:00,14.911
2022-10-25T01:00:00+02:00,14.903
2022-10-25T13:00:00+02:00,14.908
2022-10-26T01:00:00+02:00,14.925
2022-10-26T13:00:00+02:00,14.913
2022-10-27T01:00:00+02:00,14.898
2022-10-27T13:00:00+02:00,14.916
2022-10-28T01:00:00+02:00,14.912
2022-10-28T13:00:00+02:00,14.912
2022-10-29T01:00:00+02:00,14.898
2022-10-29T13:00:00+02:00,14.918
2022-10-30T01:00:00+02:00,14.907
2022-10-30T12:00:00+01:00,14.914
2022-10-31T00:00:00+01:00,14.893
2022-10-31T12:00:00+01:00,14.926
2022-11-01T00:00:00+01:00,14.934
2022-11-01T12:00:00+01:00,14.901
2022-11-02T00:00:00+01:00,14.904
2022-11-02T12:00:00+01:00,14.882
2022-11-03T00:00:00+01:00,14.909
2022-11-03T12:00:00+01:00,14.948
2022-11-04T00:00:00+01:00,14.916
2022-11-04T12:00:00+01:00,14.912
2022-11-05T00:00:00+01:00,14.895
2022-11-05T12:00:00+01:00,14.901
2022-11-06T00:00:00+01:00,14.92
2022-11-06T12:00:00+01:00,14.936
2022-11-07T00:00:00+01:00,14.926
2022-11-07T12:00:00+01:00,14.924
2022-11-08T00:00:00+01:00,14.932
2022-11-08T12:00:00+01:00,14.944
2022-11-09T00:00:00+01:00,14.925
2022-11-09T12:00:00+01:00,14.911
2022-11-10T00:00:00+01:00,14.878
2022-11-10T12:00:00+01:00,14.873
2022-11-11T00:00:00+01:00,14.868
2022-11-11T12:00:00+01:00,14.877
2022-11-12T00:00:00+01:00,14.872
2022-11-12T12:00:00+01:00,14.887
2022-11-13T00:00:00+01:00,14.896
2022-11-13T12:00:00+01:00,14.907
2022-11-14T00:00:00+01:00,14.917
2022-11-14T12:00:00+01:00,14.921
2022-11-15T00:00:00+01:00,14.92
2022-11-15T12:00:00+01:00,14.932
2022-11-16T00:00:00+01:00,14.94
2022-11-16T12:00:00+01:00,14.95
2022-11-17T00:00:00+01:00,15.001
2022-11-17T12:00:00+01:00,14.99
2022-11-18T00:00:00+01:00,14.986
2022-11-18T12:00:00+01:00,14.973
2022-11-19T00:00:00+01:00,14.965
2022-11-19T12:00:00+01:00,14.969
2022-11-20T00:00:00+01:00,14.974
2022-11-20T12:00:00+01:00,14.992
2022-11-21T00:00:00+01:00,14.992
2022-11-21T12:00:00+01:00,15.041
2022-11-22T00:00:00+01:00,15.045
2022-11-22T12:00:00+01:00,15.052
2022-11-23T00:00:00+01:00,15.034
2022-11-23T12:00:00+01:00,15.053
2022-11-24T00:00:00+01:00,15.029
2022-11-24T12:00:00+01:00,15.021
2022-11-25T00:00:00+01:00,15.042
2022-11-25T12:00:00+01:00,15.011
2022-11-26T00:00:00+01:00,14.995
2022-11-26T12:00:00+01:00,15.005
2022-11-27T00:00:00+01:00,15.025
2022-11-27T12:00:00+01:00,15.048
2022-11-28T00:00:00+01:00,15.07
2022-11-28T12:00:00+01:00,15.075
2022-11-29T00:00:00+01:00,15.079
2022-11-29T12:00:00+01:00,15.061
2022-11-30T00:00:00+01:00,15.055
2022-11-30T12:00:00+01:00,15.056
2022-12-01T00:00:00+01:00,15.047
2022-12-01T12:00:00+01:00,15.05
2022-12-02T00:00:00+01:00,15.055
2022-12-02T12:00:00+01:00,15.06
2022-12-03T00:00:00+01:00,15.052
2022-12-03T12:00:00+01:00,15.06
2022-12-04T00:00:00+01:00,15.056
2022-12-04T12:00:00+01:00,15.051
2022-12-05T00:00:00+01:00,15.044
2022-12-05T12:00:00+01:00,15.04
2022-12-06T00:00:00+01:00,15.041
2022-12-06T12:00:00+01:00,15.048
2022-12-07T00:00:00+01:00,15.05
2022-12-07T12:00:00+01:00,15.058
2022-12-08T00:00:00+01:00,15.07
2022-12-08T12:00:00+01:00,15.074
2022-12-09T00:00:00+01:00,15.077
2022-12-09T12:00:00+01:00,15.077
2022-12-10T00:00:00+01:00,15.065
2022-12-10T12:00:00+01:00,15.054
2022-12-11T00:00:00+01:00,15.057
2022-12-11T12:00:00+01:00,15.062
2022-12-12T00:00:00+01:00,15.056
2022-12-12T12:00:00+01:00,15.052
2022-12-13T00:00:00+01:00,15.048
2022-12-13T12:00:00+01:00,15.058
2022-12-14T00:00:00+01:00,15.082
2022-12-14T12:00:00+01:00,15.073
2022-12-15T00:00:00+01:00,15.053
2022-12-15T12:00:00+01:00,15.051
2022-12-16T00:00:00+01:00,15.05
2022-12-16T12:00:00+01:00,15.033
2022-12-17T00:00:00+01:00,15.024
2022-12-17T12:00:00+01:00,15.024
2022-12-18T00:00:00+01:00,15.03
2022-12-18T12:00:00+01:00,15.052
2022-12-19T00:00:00+01:00,15.077
2022-12-19T12:00:00+01:00,15.093
2022-12-20T00:00:00+01:00,15.105
2022-12-20T12:00:00+01:00,15.118
2022-12-21T00:00:00+01:00,15.158
2022-12-21T12:00:00+01:00,15.194
2022-12-22T00:00:00+01:00,15.223
2022-12-22T12:00:00+01:00,15.23
2022-12-23T00:00:00+01:00,15.268
2022-12-23T12:00:00+01:00,15.291
2022-12-24T00:00:00+01:00,15.353
2022-12-24T12:00:00+01:00,15.336
2022-12-25T00:00:00+01:00,15.329
2022-12-25T12:00:00+01:00,15.338
2022-12-26T00:00:00+01:00,15.384
2022-12-26T12:00:00+01:00,15.372
2022-12-27T00:00:00+01:00,15.343
2022-12-27T12:00:00+01:00,15.337
2022-12-28T00:00:00+01:00,15.361
2022-12-28T12:00:00+01:00,15.365
2022-12-29T00:00:00+01:00,15.395
2022-12-29T12:00:00+01:00,15.374
2022-12-30T00:00:00+01:00,15.367
2022-12-30T12:00:00+01:00,15.415
2022-12-31T00:00:00+01:00,15.379
2022-12-31T12:00:00+01:00,15.523
2023-01-01T00:00:00+01:00,15.51
2023-01-01T12:00:00+01:00,15.478
2023-01-02T00:00:00+01:00,15.508
2023-01-02T12:00:00+01:00,15.495
2023-01-03T00:00:00+01:00,15.46
2023-01-03T12:00:00+01:00,15.459
2023-01-04T00:00:00+01:00,15.483
2023-01-04T12:00:00+01:00,15.501
2023-01-05T00:00:00+01:00,15.51
2023-01-05T12:00:00+01:00,15.486
2023-01-06T00:00:00+01:00,15.5
2023-01-06T12:00:00+01:00,15.486
2023-01-07T00:00:00+01:00,15.485
2023-01-07T12:00:00+01:00,15.508
2023-01-08T00:00:00+01:00,15.496
2023-01-08T12:00:00+01:00,15.525
2023-01-09T00:00:00+01:00,15.519
2023-01-09T12:00:00+01:00,15.479
2023-01-10T00:00:00+01:00,15.441
2023-01-10T12:00:00+01:00,15.463
2023-01-11T00:00:00+01:00,15.529
2023-01-11T12:00:00+01:00,15.592
2023-01-12T00:00:00+01:00,15.591
2023-01-12T12:00:00+01:00,15.841
2023-01-13T00:00:00+01:00,15.961
2023-01-13T12:00:00+01:00,15.715
2023-01-14T00:00:00+01:00,15.659
2023-01-14T12:00:00+01:00,15.799
2023-01-15T00:00:00+01:00,15.938
2023-01-15T12:00:00+01:00,15.753
2023-01-16T00:00:00+01:00,15.734
2023-01-16T12:00:00+01:00,15.898
2023-01-17T00:00:00+01:00,15.865
2023-01-17T12:00:00+01:00,15.762
2023-01-18T00:00:00+01:00,15.707
2023-01-18T12:00:00+01:00,15.667
2023-01-19T00:00:00+01:00,15.645
2023-01-19T12:00:00+01:00,15.734
2023-01-20T00:00:00+01:00,15.733
2023-01-20T12:00:00+01:00,15.714
2023-01-21T00:00:00+01:00,15.691
2023-01-21T12:00:00+01:00,15.659
2023-01-22T00:00:00+01:00,15.658
2023-01-22T12:00:00+01:00,15.649
2023-01-23T00:00:00+01:00,15.642
2023-01-23T12:00:00+01:00,15.649
2023-01-24T00:00:00+01:00,15.656
2023-01-24T12:00:00+01:00,15.645
2023-01-25T00:00:00+01:00,15.648
2023-01-25T12:00:00+01:00,15.657
2023-01-26T00:00:00+01:00,15.661
2023-01-26T12:00:00+01:00,15.664
2023-01-27T00:00:00+01:00,15.652
2023-01-27T12:00:00+01:00,15.632
2023-01-28T00:00:00+01:00,15.622
2023-01-28T12:00:00+01:00,15.612
2023-01-29T00:00:00+01:00,15.606
2023-01-29T12:00:00+01:00,15.616
2023-01-30T00:00:00+01:00,15.629
2023-01-30T12:00:00+01:00,15.604
2023-01-31T00:00:00+01:00,15.589
2023-01-31T12:00:00+01:00,15.598
2023-02-01T00:00:00+01:00,15.588
2023-02-01T12:00:00+01:00,15.584
2023-02-02T00:00:00+01:00,15.565
2023-02-02T12:00:00+01:00,15.555
2023-02-03T00:00:00+01:00,15.57
2023-02-03T12:00:00+01:00,15.552
2023-02-04T00:00:00+01:00,15.529
2023-02-04T12:00:00+01:00,15.526
2023-02-05T00:00:00+01:00,15.547
2023-02-05T12:00:00+01:00,15.543
2023-02-06T00:00:00+01:00,15.525
2023-02-06T12:00:00+01:00,15.527
2023-02-07T00:00:00+01:00,15.526
2023-02-07T12:00:00+01:00,15.523
2023-02-08T00:00:00+01:00,15.514
2023-02-08T12:00:00+01:00,15.512
2023-02-09T00:00:00+01:00,15.518
2023-02-09T12:00:00+01:00,15.503
2023-02-10T00:00:00+01:00,15.489
2023-02-10T12:00:00+01:00,15.491
2023-02-11T00:00:00+01:00,15.498
2023-02-11T12:00:00+01:00,15.484
2023-02-12T00:00:00+01:00,15.474
2023-02-12T12:00:00+01:00,15.478
2023-02-13T00:00:00+01:00,15.483
2023-02-13T12:00:00+01:00,15.483
2023-02-14T00:00:00+01:00,15.483
2023-02-14T12:00:00+01:00,15.486
2023-02-15T00:00:00+01:00,15.491
2023-02-15T12:00:00+01:00,15.496
2023-02-16T00:00:00+01:00,15.486
2023-02-16T12:00:00+01:00,15.484
2023-02-17T00:00:00+01:00,15.489
2023-02-17T12:00:00+01:00,15.493
2023-02-18T00:00:00+01:00,15.481
2023-02-18T12:00:00+01:00,15.487
2023-02-19T00:00:00+01:00,15.49
2023-02-19T12:00:00+01:00,15.466
2023-02-20T00:00:00+01:00,15.475
2023-02-20T12:00:00+01:00,15.472
2023-02-21T00:00:00+01:00,15.47
2023-02-21T12:00:00+01:00,15.474
2023-02-22T00:00:00+01:00,15.48
2023-02-22T12:00:00+01:00,15.482
2023-02-23T00:00:00+01:00,15.47
2023-02-23T12:00:00+01:00,15.475
2023-02-24T00:00:00+01:00,15.478
2023-02-24T12:00:00+01:00,15.5
2023-02-25T00:00:00+01:00,15.481
2023-02-25T12:00:00+01:00,15.463
2023-02-26T00:00:00+01:00,15.44
2023-02-26T12:00:00+01:00,15.423
2023-02-27T00:00:00+01:00,15.419
2023-02-27T12:00:00+01:00,15.421
2023-02-28T00:00:00+01:00,15.41
2023-02-28T12:00:00+01:00,15.417
2023-03-01T00:00:00+01:00,15.409
2023-03-01T12:00:00+01:00,15.423
2023-03-02T00:00:00+01:00,15.426
2023-03-02T12:00:00+01:00,15.421
2023-03-03T00:00:00+01:00,15.41
2023-03-03T12:00:00+01:00,15.401
2023-03-04T00:00:00+01:00,15.405
2023-03-04T12:00:00+01:00,15.414
2023-03-05T00:00:00+01:00,15.419
2023-03-05T12:00:00+01:00,15.439
2023-03-06T00:00:00+01:00,15.459
2023-03-06T12:00:00+01:00,15.453
2023-03-07T00:00:00+01:00,15.474
2023-03-07T12:00:00+01:00,15.583
2023-03-08T00:00:00+01:00,15.638
2023-03-08T12:00:00+01:00,15.659
2023-03-09T00:00:00+01:00,15.72
2023-03-09T12:00:00+01:00,15.718
2023-03-10T00:00:00+01:00,15.901
2023-03-10T12:00:00+01:00,15.946
2023-03-11T00:00:00+01:00,15.956
2023-03-11T12:00:00+01:00,15.797
2023-03-12T00:00:00+01:00,15.782
2023-03-12T12:00:00+01:00,15.769
2023-03-13T00:00:00+01:00,15.789
2023-03-13T12:00:00+01:00,15.812
2023-03-14T00:00:00+01:00,15.784
2023-03-14T12:00:00+01:00,15.722
2023-03-15T00:00:00+01:00,15.713
2023-03-15T12:00:00+01:00,15.717
2023-03-16T00:00:00+01:00,15.722
2023-03-16T12:00:00+01:00,15.733
2023-03-17T00:00:00+01:00,15.727
2023-03-17T12:00:00+01:00,15.714
2023-03-18T00:00:00+01:00,15.697
2023-03-18T12:00:00+01:00,15.684
2023-03-19T00:00:00+01:00,15.684
2023-03-19T12:00:00+01:00,15.664
2023-03-20T00:00:00+01:00,15.642
2023-03-20T12:00:00+01:00,15.657
2023-03-21T00:00:00+01:00,15.66
2023-03-21T12:00:00+01:00,15.683
2023-03-22T00:00:00+01:00,15.676
2023-03-22T12:00:00+01:00,15.666
2023-03-23T00:00:00+01:00,15.688
2023-03-23T12:00:00+01:00,15.69
2023-03-24T00:00:00+01:00,15.764
2023-03-24T12:00:00+01:00,15.724
2023-03-25T00:00:00+01:00,15.746
2023-03-25T12:00:00+01:00,15.722
2023-03-26T00:00:00+01:00,15.716
2023-03-26T13:00:00+02:00,16.056
2023-03-27T01:00:00+02:00,15.838
2023-03-27T13:00:00+02:00,15.783
2023-03-28T01:00:00+02:00,15.768
2023-03-28T13:00:00+02:00,15.777
2023-03-29T01:00:00+02:00,15.785
2023-03-29T13:00:00+02:00,15.772
2023-03-30T01:00:00+02:00,15.782
2023-03-30T13:00:00+02:00,15.756
2023-03-31T01:00:00+02:00,15.776
2023-03-31T13:00:00+02:00,16.116
2023-04-01T01:00:00+02:00,15.859
2023-04-01T13:00:00+02:00,16.094
2023-04-02T01:00:00+02:00,16.104
2023-04-02T13:00:00+02:00,15.845
2023-04-03T01:00:00+02:00,15.812
2023-04-03T13:00:00+02:00,15.804
2023-04-04T01:00:00+02:00,15.786
2023-04-04T13:00:00+02:00,15.778
2023-04-05T01:00:00+02:00,15.771
2023-04-05T13:00:00+02:00,15.766
2023-04-06T01:00:00+02:00,15.761
2023-04-06T13:00:00+02:00,15.756
2023-04-07T01:00:00+02:00,16.11
2023-04-07T13:00:00+02:00,15.808
2023-04-08T01:00:00+02:00,15.776
2023-04-08T13:00:00+02:00,15.762
2023-04-09T01:00:00+02:00,15.751
2023-04-09T13:00:00+02:00,15.755
2023-04-10T01:00:00+02:00,15.747
2023-04-10T13:00:00+02:00,15.765
2023-04-11T01:00:00+02:00,15.783
2023-04-11T13:00:00+02:00,15.744
2023-04-12T01:00:00+02:00,15.77
2023-04-12T13:00:00+02:00,16.103
2023-04-13T01:00:00+02:00,16.104
2023-04-13T13:00:00+02:00,15.83
2023-04-14T01:00:00+02:00,15.791
2023-04-14T13:00:00+02:00,15.786
2023-04-15T01:00:00+02:00,15.765
2023-04-15T13:00:00+02:00,15.722
2023-04-16T01:00:00+02:00,15.697
2023-04-16T13:00:00+02:00,15.692
2023-04-17T01:00:00+02:00,15.693
2023-04-17T13:00:00+02:00,15.691
2023-04-18T01:00:00+02:00,15.684
2023-04-18T13:00:00+02:00,15.677
2023-04-19T01:00:00+02:00,15.675
2023-04-19T13:00:00+02:00,15.678
2023-04-20T01:00:00+02:00,15.673
2023-04-20T13:00:00+02:00,15.681
2023-04-21T01:00:00+02:00,15.675
2023-04-21T13:00:00+02:00,15.709
2023-04-22T01:00:00+02:00,15.72
2023-04-22T13:00:00+02:00,15.718
2023-04-23T01:00:00+02:00,15.735
2023-04-23T13:00:00+02:00,15.742
2023-04-24T01:00:00+02:00,15.771
2023-04-24T13:00:00+02:00,16.103
2023-04-25T01:00:00+02:00,15.814
2023-04-25T13:00:00+02:00,15.763
2023-04-26T01:00:00+02:00,15.74
2023-04-26T13:00:00+02:00,15.737
2023-04-27T01:00:00+02:00,15.708
2023-04-27T13:00:00+02:00,15.705
2023-04-28T01:00:00+02:00,15.714
2023-04-28T13:00:00+02:00,15.703
2023-04-29T01:00:00+02:00,15.684
2023-04-29T13:00:00+02:00,15.669
2023-04-30T01:00:00+02:00,15.655
2023-04-30T13:00:00+02:00,15.664
2023-05-01T01:00:00+02:00,15.665
2023-05-01T13:00:00+02:00,15.653
2023-05-02T01:00:00+02:00,15.623
2023-05-02T13:00:00+02:00,15.609
2023-05-03T01:00:00+02:00,15.604
2023-05-03T13:00:00+02:00,15.612
2023-05-04T01:00:00+02:00,15.618
2023-05-04T13:00:00+02:00,15.629
2023-05-05T01:00:00+02:00,15.599
2023-05-05T13:00:00+02:00,15.587
2023-05-06T01:00:00+02:00,15.618
2023-05-06T13:00:00+02:00,15.615
2023-05-07T01:00:00+02:00,15.609
2023-05-07T13:00:00+02:00,15.608
2023-05-08T01:00:00+02:00,15.775
2023-05-08T13:00:00+02:00,15.758
2023-05-09T01:00:00+02:00,15.738
2023-05-09T13:00:00+02:00,15.744
2023-05-10T01:00:00+02:00,16.16
2023-05-10T13:00:00+02:00,15.843
2023-05-11T01:00:00+02:00,16.105
2023-05-11T13:00:00+02:00,15.823
2023-05-12T01:00:00+02:00,15.787
2023-05-12T13:00:00+02:00,15.808
2023-05-13T01:00:00+02:00,15.763
2023-05-13T13:00:00+02:00,15.749
2023-05-14T01:00:00+02:00,15.722
2023-05-14T13:00:00+02:00,15.721
2023-05-15T01:00:00+02:00,15.7
2023-05-15T13:00:00+02:00,15.68
2023-05-16T01:00:00+02:00,15.661
2023-05-16T13:00:00+02:00,15.651
2023-05-17T01:00:00+02:00,15.626
2023-05-17T13:00:00+02:00,15.616
2023-05-18T01:00:00+02:00,15.603
2023-05-18T13:00:00+02:00,15.603
2023-05-19T01:00:00+02:00,15.589
2023-05-19T13:00:00+02:00,15.591
2023-05-20T01:00:00+02:00,15.567
2023-05-20T13:00:00+02:00,15.577
2023-05-21T01:00:00+02:00,15.56
2023-05-21T13:00:00+02:00,15.568
2023-05-22T01:00:00+02:00,15.54
2023-05-22T13:00:00+02:00,15.546
2023-05-23T01:00:00+02:00,15.504
2023-05-23T13:00:00+02:00,15.502
2023-05-24T01:00:00+02:00,15.484
2023-05-24T13:00:00+02:00,15.488
2023-05-25T01:00:00+02:00,15.471
2023-05-25T13:00:00+02:00,15.466
2023-05-26T01:00:00+02:00,15.453
2023-05-26T13:00:00+02:00,15.463
2023-05-27T01:00:00+02:00,15.449
2023-05-27T13:00:00+02:00,15.468
2023-05-28T01:00:00+02:00,15.458
2023-05-28T13:00:00+02:00,15.458
2023-05-29T01:00:00+02:00,15.423
2023-05-29T13:00:00+02:00,15.431
2023-05-30T01:00:00+02:00,15.4
2023-05-30T13:00:00+02:00,15.41
2023-05-31T01:00:00+02:00,15.391
2023-05-31T13:00:00+02:00,15.388
2023-06-01T01:00:00+02:00,15.364
2023-06-01T13:00:00+02:00,15.383
2023-06-02T01:00:00+02:00,15.358
2023-06-02T13:00:00+02:00,15.359
2023-06-03T01:00:00+02:00,15.344
2023-06-03T13:00:00+02:00,15.335
2023-06-04T01:00:00+02:00,15.319
2023-06-04T13:00:00+02:00,15.333
2023-06-05T01:00:00+02:00,15.314
2023-06-05T13:00:00+02:00,15.332
2023-06-06T01:00:00+02:00,15.309
2023-06-06T13:00:00+02:00,15.319
2023-06-07T01:00:00+02:00,15.292
2023-06-07T13:00:00+02:00,15.295
2023-06-08T01:00:00+02:00,15.278
2023-06-08T13:00:00+02:00,15.288
2023-06-09T01:00:00+02:00,15.27
2023-06-09T13:00:00+02:00,15.284
2023-06-10T01:00:00+02:00,15.248
2023-06-10T13:00:00+02:00,15.261
2023-06-11T01:00:00+02:00,15.24
2023-06-11T13:00:00+02:00,15.236
2023-06-12T01:00:00+02:00,15.209
2023-06-12T13:00:00+02:00,15.22
2023-06-13T01:00:00+02:00,15.195
2023-06-13T13:00:00+02:00,15.207
2023-06-14T01:00:00+02:00,15.166
2023-06-14T13:00:00+02:00,15.181
2023-06-15T01:00:00+02:00,15.146
2023-06-15T13:00:00+02:00,15.154
2023-06-16T01:00:00+02:00,15.138
2023-06-16T13:00:00+02:00,15.144
2023-06-17T01:00:00+02:00,15.131
2023-06-17T13:00:00+02:00,15.153
2023-06-18T01:00:00+02:00,15.125
2023-06-18T13:00:00+02:00,15.147
2023-06-19T01:00:00+02:00,15.14
2023-06-19T13:00:00+02:00,15.125
2023-06-20T01:00:00+02:00,15.114
2023-06-20T13:00:00+02:00,15.135
2023-06-21T01:00:00+02:00,15.114
2023-06-21T13:00:00+02:00,15.117
2023-06-22T01:00:00+02:00,15.105
2023-06-22T13:00:00+02:00,15.123
2023-06-23T01:00:00+02:00,15.179
2023-06-23T13:00:00+02:00,15.192
2023-06-24T01:00:00+02:00,15.189
2023-06-24T13:00:00+02:00,15.199
2023-06-25T01:00:00+02:00,15.186
2023-06-25T13:00:00+02:00,15.19
2023-06-26T01:00:00+02:00,15.166
2023-06-26T13:00:00+02:00,15.152
2023-06-27T01:00:00+02:00,15.146
2023-06-27T13:00:00+02:00,15.149
2023-06-28T01:00:00+02:00,15.139
2023-06-28T13:00:00+02:00,15.157
2023-06-29T01:00:00+02:00,15.148
2023-06-29T13:00:00+02:00,15.148
2023-06-30T01:00:00+02:00,15.12
2023-06-30T13:00:00+02:00,15.125
2023-07-01T01:00:00+02:00,15.135
2023-07-01T13:00:00+02:00,15.149
2023-07-02T01:00:00+02:00,15.129
2023-07-02T13:00:00+02:00,15.112
2023-07-03T01:00:00+02:00,15.102
2023-07-03T13:00:00+02:00,15.097
2023-07-04T01:00:00+02:00,15.083
2023-07-04T13:00:00+02:00,15.082
2023-07-05T01:00:00+02:00,15.114
2023-07-05T13:00:00+02:00,15.067
2023-07-06T01:00:00+02:00,15.043
2023-07-06T13:00:00+02:00,15.044
2023-07-07T01:00:00+02:00,15.038
2023-07-07T13:00:00+02:00,15.049
2023-07-08T01:00:00+02:00,15.038
2023-07-08T13:00:00+02:00,15.044
2023-07-09T01:00:00+02:00,15.013
2023-07-09T13:00:00+02:00,15.004
2023-07-10T01:00:00+02:00,15.013
2023-07-10T13:00:00+02:00,15.028
2023-07-11T01:00:00+02:00,15.025
2023-07-11T13:00:00+02:00,15.044
2023-07-12T01:00:00+02:00,15.013
2023-07-12T13:00:00+02:00,15.03
2023-07-13T01:00:00+02:00,15.009
2023-07-13T13:00:00+02:00,15.009
2023-07-14T01:00:00+02:00,14.996
2023-07-14T13:00:00+02:00,15.014
2023-07-15T01:00:00+02:00,15.022
2023-07-15T13:00:00+02:00,15.012
2023-07-16T01:00:00+02:00,14.99
2023-07-16T13:00:00+02:00,14.986
2023-07-17T01:00:00+02:00,14.976
2023-07-17T13:00:00+02:00,14.978
2023-07-18T01:00:00+02:00,14.978
2023-07-18T13:00:00+02:00,14.988
2023-07-19T01:00:00+02:00,14.983
2023-07-19T13:00:00+02:00,14.995
2023-07-20T01:00:00+02:00,14.978
2023-07-20T13:00:00+02:00,14.983
2023-07-21T01:00:00+02:00,14.971
2023-07-21T13:00:00+02:00,14.971
2023-07-22T01:00:00+02:00,14.951
2023-07-22T13:00:00+02:00,14.968
2023-07-23T01:00:00+02:00,14.975
2023-07-23T13:00:00+02:00,14.989
2023-07-24T01:00:00+02:00,15.015
2023-07-24T13:00:00+02:00,15.109
2023-07-25T01:00:00+02:00,15.132
2023-07-25T13:00:00+02:00,15.136
2023-07-26T01:00:00+02:00,15.099
2023-07-26T13:00:00+02:00,15.105
2023-07-27T01:00:00+02:00,15.107
2023-07-27T13:00:00+02:00,15.166
2023-07-28T01:00:00+02:00,15.179
2023-07-28T13:00:00+02:00,15.176
2023-07-29T01:00:00+02:00,15.166
2023-07-29T13:00:00+02:00,15.156
2023-07-30T01:00:00+02:00,15.169
2023-07-30T13:00:00+02:00,15.155
2023-07-31T01:00:00+02:00,15.201
2023-07-31T13:00:00+02:00,15.26
2023-08-01T01:00:00+02:00,15.727
2023-08-01T13:00:00+02:00,15.392
2023-08-02T01:00:00+02:00,15.388
2023-08-02T13:00:00+02:00,15.441
2023-08-03T01:00:00+02:00,15.445
2023-08-03T13:00:00+02:00,15.443
2023-08-04T01:00:00+02:00,15.443
2023-08-04T13:00:00+02:00,15.426
2023-08-05T01:00:00+02:00,15.416
2023-08-05T13:00:00+02:00,15.439
2023-08-06T01:00:00+02:00,15.443
2023-08-06T13:00:00+02:00,15.427
2023-08-07T01:00:00+02:00,15.529
2023-08-07T13:00:00+02:00,15.499
2023-08-08T01:00:00+02:00,15.496
2023-08-08T13:00:00+02:00,15.478
2023-08-09T01:00:00+02:00,15.482
2023-08-09T13:00:00+02:00,15.5
2023-08-10T01:00:00+02:00,15.464
2023-08-10T13:00:00+02:00,15.461
2023-08-11T01:00:00+02:00,15.436
2023-08-11T13:00:00+02:00,15.43
2023-08-12T01:00:00+02:00,15.411
2023-08-12T13:00:00+02:00,15.503
2023-08-13T01:00:00+02:00,15.496
2023-08-13T13:00:00+02:00,15.5
2023-08-14T01:00:00+02:00,15.471
2023-08-14T13:00:00+02:00,15.471
2023-08-15T01:00:00+02:00,15.435
2023-08-15T13:00:00+02:00,15.417
2023-08-16T01:00:00+02:00,15.387
2023-08-16T13:00:00+02:00,15.392
2023-08-17T01:00:00+02:00,15.382
2023-08-17T13:00:00+02:00,15.382
2023-08-18T01:00:00+02:00,15.375
2023-08-18T13:00:00+02:00,15.379
2023-08-19T01:00:00+02:00,15.371
2023-08-19T13:00:00+02:00,15.332
2023-08-20T01:00:00+02:00,15.33
2023-08-20T13:00:00+02:00,15.328
2023-08-21T01:00:00+02:00,15.305
2023-08-21T13:00:00+02:00,15.304
2023-08-22T01:00:00+02:00,15.296
2023-08-22T13:00:00+02:00,15.291
2023-08-23T01:00:00+02:00,15.276
2023-08-23T13:00:00+02:00,15.279
2023-08-24T01:00:00+02:00,15.269
2023-08-24T13:00:00+02:00,15.299
2023-08-25T01:00:00+02:00,15.285
2023-08-25T13:00:00+02:00,15.306
2023-08-26T01:00:00+02:00,15.322
2023-08-26T13:00:00+02:00,15.332
2023-08-27T01:00:00+02:00,15.317
2023-08-27T13:00:00+02:00,15.38
2023-08-28T01:00:00+02:00,15.397
2023-08-28T13:00:00+02:00,15.404
2023-08-29T01:00:00+02:00,15.408
2023-08-29T13:00:00+02:00,15.41
2023-08-30T01:00:00+02:00,15.403
2023-08-30T13:00:00+02:00,15.406
2023-08-31T01:00:00+02:00,15.375
2023-08-31T13:00:00+02:00,15.368
2023-09-01T01:00:00+02:00,15.353
2023-09-01T13:00:00+02:00,15.367
2023-09-02T01:00:00+02:00,15.409
2023-09-02T13:00:00+02:00,15.421
2023-09-03T01:00:00+02:00,15.416
2023-09-03T13:00:00+02:00,15.415
2023-09-04T01:00:00+02:00,15.395
2023-09-04T13:00:00+02:00,15.403
2023-09-05T01:00:00+02:00,15.385
2023-09-05T13:00:00+02:00,15.377
2023-09-06T01:00:00+02:00,15.341
2023-09-06T13:00:00+02:00,15.337
2023-09-07T01:00:00+02:00,15.314
2023-09-07T13:00:00+02:00,15.317
2023-09-08T01:00:00+02:00,15.284
2023-09-08T13:00:00+02:00,15.275
2023-09-09T01:00:00+02:00,15.262
2023-09-09T13:00:00+02:00,15.265
2023-09-10T01:00:00+02:00,15.252
2023-09-10T13:00:00+02:00,15.255
2023-09-11T01:00:00+02:00,15.252
2023-09-11T13:00:00+02:00,15.246
2023-09-12T01:00:00+02:00,15.244
2023-09-12T13:00:00+02:00,15.263
2023-09-13T01:00:00+02:00,15.259
2023-09-13T13:00:00+02:00,15.242
2023-09-14T01:00:00+02:00,15.245
2023-09-14T13:00:00+02:00,15.254
2023-09-15T01:00:00+02:00,15.255
2023-09-15T13:00:00+02:00,15.263
2023-09-16T01:00:00+02:00,15.25
2023-09-16T13:00:00+02:00,15.249
2023-09-17T01:00:00+02:00,15.237
2023-09-17T13:00:00+02:00,15.271
2023-09-18T01:00:00+02:00,15.305
2023-09-18T13:00:00+02:00,15.287
2023-09-19T01:00:00+02:00,15.285
2023-09-19T19:00:00+02:00,15.27
2023-09-20T07:00:00+02:00,15.278
2023-09-20T19:00:00+02:00,15.276
2023-09-21T07:00:00+02:00,15.287
2023-09-21T19:00:00+02:00,15.291
2023-09-22T07:00:00+02:00,15.291
2023-09-22T19:00:00+02:00,15.265
2023-09-23T07:00:00+02:00,15.304
2023-09-23T19:00:00+02:00,15.304
2023-09-24T07:00:00+02:00,15.312
2023-09-24T19:00:00+02:00,15.317
2023-09-25T07:00:00+02:00,15.318
2023-09-25T19:00:00+02:00,15.29
2023-09-26T07:00:00+02:00,15.299
2023-09-26T19:00:00+02:00,15.286
2023-09-27T07:00:00+02:00,15.285
2023-09-27T19:00:00+02:00,15.294
2023-09-28T07:00:00+02:00,15.266
2023-09-28T19:00:00+02:00,15.256
2023-09-29T07:00:00+02:00,15.279
2023-09-29T19:00:00+02:00,15.229
2023-09-30T07:00:00+02:00,15.245
2023-09-30T19:00:00+02:00,15.25
2023-10-01T07:00:00+02:00,15.257
2023-10-01T19:00:00+02:00,15.245
2023-10-02T07:00:00+02:00,15.248
2023-10-02T19:00:00+02:00,15.252
2023-10-03T07:00:00+02:00,15.264
2023-10-03T19:00:00+02:00,15.201
2023-10-04T07:00:00+02:00,15.203
2023-10-04T19:00:00+02:00,15.208
2023-10-05T07:00:00+02:00,15.215
2023-10-05T19:00:00+02:00,15.206
2023-10-06T07:00:00+02:00,15.212
2023-10-06T19:00:00+02:00,15.201
2023-10-07T07:00:00+02:00,15.205
2023-10-07T19:00:00+02:00,15.187
2023-10-08T07:00:00+02:00,15.179
2023-10-08T19:00:00+02:00,15.196
2023-10-09T07:00:00+02:00,15.198
2023-10-09T19:00:00+02:00,15.18
2023-10-10T07:00:00+02:00,15.197
2023-10-10T19:00:00+02:00,15.193
2023-10-11T07:00:00+02:00,15.193
2023-10-11T19:00:00+02:00,15.187
2023-10-12T07:00:00+02:00,15.176
2023-10-12T19:00:00+02:00,15.187
2023-10-13T07:00:00+02:00,15.235
2023-10-13T19:00:00+02:00,15.249
2023-10-14T07:00:00+02:00,15.224
2023-10-14T19:00:00+02:00,15.232
2023-10-15T07:00:00+02:00,15.26
2023-10-15T19:00:00+02:00,15.26
2023-10-16T07:00:00+02:00,15.28
2023-10-16T19:00:00+02:00,15.277
2023-10-17T07:00:00+02:00,15.281
2023-10-17T19:00:00+02:00,15.273
2023-10-18T07:00:00+02:00,15.296
2023-10-18T19:00:00+02:00,15.317
2023-10-19T07:00:00+02:00,15.368
2023-10-19T19:00:00+02:00,15.394
2023-10-20T07:00:00+02:00,15.434
2023-10-20T19:00:00+02:00,15.639
2023-10-21T07:00:00+02:00,15.644
2023-10-21T19:00:00+02:00,15.565
2023-10-22T07:00:00+02:00,15.526
2023-10-22T19:00:00+02:00,15.515
2023-10-23T07:00:00+02:00,15.516
2023-10-23T19:00:00+02:00,15.539
2023-10-24T07:00:00+02:00,15.576
2023-10-24T19:00:00+02:00,15.572
2023-10-25T07:00:00+02:00,15.574
2023-10-25T19:00:00+02:00,16.096
2023-10-26T07:00:00+02:00,15.732
2023-10-26T19:00:00+02:00,15.702
2023-10-27T07:00:00+02:00,15.697
2023-10-27T19:00:00+02:00,16.007
2023-10-28T07:00:00+02:00,15.739
2023-10-28T19:00:00+02:00,15.705
2023-10-29T06:00:00+01:00,15.718
2023-10-29T18:00:00+01:00,15.689
2023-10-30T06:00:00+01:00,15.681
2023-10-30T18:00:00+01:00,15.691
2023-10-31T06:00:00+01:00,15.691
2023-10-31T18:00:00+01:00,15.665
2023-11-01T06:00:00+01:00,16.073
2023-11-01T18:00:00+01:00,15.718
2023-11-02T06:00:00+01:00,15.772
2023-11-02T18:00:00+01:00,15.718
2023-11-03T06:00:00+01:00,15.693
2023-11-03T18:00:00+01:00,15.665
2023-11-04T06:00:00+01:00,15.681
2023-11-04T18:00:00+01:00,15.734
2023-11-05T06:00:00+01:00,15.717
2023-11-05T18:00:00+01:00,15.656
2023-11-06T06:00:00+01:00,15.632
2023-11-06T18:00:00+01:00,15.623
2023-11-07T06:00:00+01:00,15.62
2023-11-07T18:00:00+01:00,15.614
2023-11-08T06:00:00+01:00,15.605
2023-11-08T18:00:00+01:00,15.633
2023-11-09T06:00:00+01:00,16.098
2023-11-09T18:00:00+01:00,15.776
2023-11-10T06:00:00+01:00,15.77
2023-11-10T18:00:00+01:00,15.735
2023-11-11T06:00:00+01:00,16.06
2023-11-11T18:00:00+01:00,15.789
2023-11-12T06:00:00+01:00,15.767
2023-11-12T18:00:00+01:00,15.741
2023-11-13T06:00:00+01:00,15.755
2023-11-13T18:00:00+01:00,16.103
2023-11-14T06:00:00+01:00,15.905
2023-11-14T18:00:00+01:00,16.115
2023-11-15T06:00:00+01:00,16.119
2023-11-15T18:00:00+01:00,15.901
2023-11-16T06:00:00+01:00,15.867
2023-11-16T18:00:00+01:00,15.841
2023-11-17T06:00:00+01:00,15.809
2023-11-17T18:00:00+01:00,15.786
2023-11-18T06:00:00+01:00,15.794
2023-11-18T18:00:00+01:00,16.133
2023-11-19T06:00:00+01:00,16.113
2023-11-19T18:00:00+01:00,16.108
2023-11-20T06:00:00+01:00,16.076
2023-11-20T18:00:00+01:00,15.879
2023-11-21T06:00:00+01:00,15.831
2023-11-21T18:00:00+01:00,15.795
2023-11-22T06:00:00+01:00,15.78
2023-11-22T18:00:00+01:00,15.794
2023-11-23T06:00:00+01:00,15.796
2023-11-23T18:00:00+01:00,15.811
2023-11-24T06:00:00+01:00,15.818
2023-11-24T18:00:00+01:00,15.825
2023-11-25T06:00:00+01:00,15.801
2023-11-25T18:00:00+01:00,15.803
2023-11-26T06:00:00+01:00,15.78
2023-11-26T18:00:00+01:00,15.797
2023-11-27T06:00:00+01:00,16.14
2023-11-27T18:00:00+01:00,16.143
2023-11-28T06:00:00+01:00,16.109
2023-11-28T18:00:00+01:00,15.994
2023-11-29T06:00:00+01:00,16.123
2023-11-29T18:00:00+01:00,16.107
2023-11-30T06:00:00+01:00,15.94
2023-11-30T18:00:00+01:00,15.907
2023-12-01T06:00:00+01:00,15.874
2023-12-01T18:00:00+01:00,15.858
2023-12-02T06:00:00+01:00,15.838
2023-12-02T18:00:00+01:00,15.812
2023-12-03T06:00:00+01:00,15.803
2023-12-03T18:00:00+01:00,15.825
2023-12-04T06:00:00+01:00,15.86
2023-12-04T18:00:00+01:00,16.132
2023-12-05T06:00:00+01:00,16.13
2023-12-05T18:00:00+01:00,16.079
2023-12-06T06:00:00+01:00,15.883
2023-12-06T18:00:00+01:00,15.854
2023-12-07T06:00:00+01:00,15.846
2023-12-07T18:00:00+01:00,15.873
2023-12-08T06:00:00+01:00,16.108
2023-12-08T18:00:00+01:00,15.867
2023-12-09T06:00:00+01:00,15.868
2023-12-09T18:00:00+01:00,16.141
2023-12-10T06:00:00+01:00,16.086
2023-12-10T18:00:00+01:00,16.099
2023-12-11T06:00:00+01:00,16.072
2023-12-11T18:00:00+01:00,15.941
2023-12-12T06:00:00+01:00,15.894
2023-12-12T18:00:00+01:00,15.918
2023-12-13T06:00:00+01:00,16.134
2023-12-13T18:00:00+01:00,16.112
2023-12-14T06:00:00+01:00,15.864
2023-12-14T18:00:00+01:00,15.834
2023-12-15T06:00:00+01:00,15.806
2023-12-15T18:00:00+01:00,15.795
2023-12-16T06:00:00+01:00,15.802
2023-12-16T18:00:00+01:00,15.806
2023-12-17T06:00:00+01:00,15.812
2023-12-17T18:00:00+01:00,15.819
2023-12-18T06:00:00+01:00,15.806
2023-12-18T18:00:00+01:00,15.817
2023-12-19T06:00:00+01:00,15.83
2023-12-19T18:00:00+01:00,16.135
2023-12-20T06:00:00+01:00,16.117
2023-12-20T18:00:00+01:00,16.082
2023-12-21T06:00:00+01:00,16.143
2023-12-21T18:00:00+01:00,16.139
2023-12-22T06:00:00+01:00,16.141
2023-12-22T18:00:00+01:00,16.122
2023-12-23T06:00:00+01:00,16.148
2023-12-23T18:00:00+01:00,16.133
2023-12-24T06:00:00+01:00,16.151
2023-12-24T18:00:00+01:00,16.148
2023-12-25T06:00:00+01:00,16.146
2023-12-25T18:00:00+01:00,16.151
2023-12-26T06:00:00+01:00,16.136
2023-12-26T18:00:00+01:00,16.133
2023-12-27T06:00:00+01:00,16.124
2023-12-27T18:00:00+01:00,16.155
2023-12-28T06:00:00+01:00,16.121
2023-12-28T18:00:00+01:00,16.068
2023-12-29T06:00:00+01:00,16.126
2023-12-29T18:00:00+01:00,16.136
2023-12-30T06:00:00+01:00,16.133
2023-12-30T18:00:00+01:00,16.124
2023-12-31T06:00:00+01:00,16.113
2023-12-31T18:00:00+01:00,16.096
2024-01-01T06:00:00+01:00,16.087
2024-01-01T18:00:00+01:00,15.958
2024-01-02T06:00:00+01:00,16.146
2024-01-02T18:00:00+01:00,16.161
2024-01-03T06:00:00+01:00,16.147
2024-01-03T18:00:00+01:00,16.15
2024-01-04T06:00:00+01:00,16.143
2024-01-04T18:00:00+01:00,16.153
2024-01-05T06:00:00+01:00,16.152
2024-01-05T18:00:00+01:00,16.139
2024-01-06T06:00:00+01:00,16.115
2024-01-06T18:00:00+01:00,16.068
2024-01-07T06:00:00+01:00,15.988
2024-01-07T18:00:00+01:00,15.954
2024-01-08T06:00:00+01:00,15.944
2024-01-08T18:00:00+01:00,15.929
2024-01-09T06:00:00+01:00,15.911
2024-01-09T18:00:00+01:00,15.908
2024-01-10T06:00:00+01:00,15.888
2024-01-10T18:00:00+01:00,15.881
2024-01-11T06:00:00+01:00,15.848
2024-01-11T18:00:00+01:00,15.849
2024-01-12T06:00:00+01:00,15.862
2024-01-12T18:00:00+01:00,15.877
2024-01-13T06:00:00+01:00,15.892
2024-01-13T18:00:00+01:00,15.902
2024-01-14T06:00:00+01:00,15.921
2024-01-14T18:00:00+01:00,15.929
2024-01-15T06:00:00+01:00,16.091
2024-01-15T18:00:00+01:00,16.135
2024-01-16T06:00:00+01:00,16.095
2024-01-16T18:00:00+01:00,15.966
2024-01-17T06:00:00+01:00,15.954
2024-01-17T18:00:00+01:00,15.937
2024-01-18T06:00:00+01:00,15.885
2024-01-18T18:00:00+01:00,15.843
2024-01-19T06:00:00+01:00,15.81
2024-01-19T18:00:00+01:00,15.816
2024-01-20T06:00:00+01:00,15.802
2024-01-20T18:00:00+01:00,15.822
2024-01-21T06:00:00+01:00,15.84
2024-01-21T18:00:00+01:00,15.858
2024-01-22T06:00:00+01:00,15.907
2024-01-22T18:00:00+01:00,16.13
2024-01-23T06:00:00+01:00,15.927
2024-01-23T18:00:00+01:00,16.101
2024-01-24T06:00:00+01:00,16.112
2024-01-24T18:00:00+01:00,15.879
2024-01-25T06:00:00+01:00,15.868
2024-01-25T18:00:00+01:00,15.895
2024-01-26T06:00:00+01:00,15.923
2024-01-26T18:00:00+01:00,15.902
2024-01-27T06:00:00+01:00,15.864
2024-01-27T18:00:00+01:00,15.856
2024-01-28T06:00:00+01:00,15.864
2024-01-28T18:00:00+01:00,15.87
2024-01-29T06:00:00+01:00,15.846
2024-01-29T18:00:00+01:00,15.835
2024-01-30T06:00:00+01:00,15.837
2024-01-30T18:00:00+01:00,15.8
2024-01-31T06:00:00+01:00,15.81
2024-01-31T18:00:00+01:00,15.833
2024-02-01T06:00:00+01:00,15.899
2024-02-01T18:00:00+01:00,15.832
2024-02-02T06:00:00+01:00,15.828
2024-02-02T18:00:00+01:00,15.81
2024-02-03T06:00:00+01:00,15.812
2024-02-03T18:00:00+01:00,15.853
2024-02-04T06:00:00+01:00,16.131
2024-02-04T18:00:00+01:00,16.134
2024-02-05T06:00:00+01:00,16.098
2024-02-05T18:00:00+01:00,15.925
2024-02-06T06:00:00+01:00,15.924
2024-02-06T18:00:00+01:00,15.909
2024-02-07T06:00:00+01:00,16.152
2024-02-07T18:00:00+01:00,16.142
2024-02-08T06:00:00+01:00,16.103
2024-02-08T18:00:00+01:00,16.166
2024-02-09T06:00:00+01:00,16.16
2024-02-09T18:00:00+01:00,16.15
2024-02-10T06:00:00+01:00,16.139
2024-02-10T18:00:00+01:00,16.111
2024-02-11T06:00:00+01:00,16.135
2024-02-11T18:00:00+01:00,16.072
2024-02-12T06:00:00+01:00,15.964
2024-02-12T18:00:00+01:00,15.923
2024-02-13T06:00:00+01:00,15.911
2024-02-13T18:00:00+01:00,15.906
2024-02-14T06:00:00+01:00,15.911
2024-02-14T18:00:00+01:00,16.136
2024-02-15T06:00:00+01:00,16.111
2024-02-15T18:00:00+01:00,16.122
2024-02-16T06:00:00+01:00,15.968
2024-02-16T18:00:00+01:00,15.925
2024-02-17T06:00:00+01:00,15.884
2024-02-17T18:00:00+01:00,15.879
2024-02-18T06:00:00+01:00,15.908
2024-02-18T18:00:00+01:00,16.123
2024-02-19T06:00:00+01:00,16.096
2024-02-19T18:00:00+01:00,15.931
2024-02-20T06:00:00+01:00,15.917
2024-02-20T18:00:00+01:00,15.911
2024-02-21T06:00:00+01:00,15.924
2024-02-21T18:00:00+01:00,16.094
2024-02-22T06:00:00+01:00,16.153
2024-02-22T18:00:00+01:00,16.146
2024-02-23T06:00:00+01:00,16.146
2024-02-23T18:00:00+01:00,16.095
2024-02-24T06:00:00+01:00,15.96
2024-02-24T18:00:00+01:00,16.008
2024-02-25T06:00:00+01:00,15.95
2024-02-25T18:00:00+01:00,15.952
2024-02-26T06:00:00+01:00,16.138
2024-02-26T18:00:00+01:00,16.139
2024-02-27T06:00:00+01:00,16.109
2024-02-27T18:00:00+01:00,16.068
2024-02-28T06:00:00+01:00,15.956
2024-02-28T18:00:00+01:00,15.952
2024-02-29T06:00:00+01:00,15.965
2024-02-29T18:00:00+01:00,16.15
2024-03-01T06:00:00+01:00,16.127
2024-03-01T18:00:00+01:00,15.984
2024-03-02T06:00:00+01:00,15.947
2024-03-02T18:00:00+01:00,15.935
2024-03-03T06:00:00+01:00,15.918
2024-03-03T18:00:00+01:00,15.881
2024-03-04T06:00:00+01:00,15.857
2024-03-04T18:00:00+01:00,15.857
2024-03-05T06:00:00+01:00,15.855
2024-03-05T18:00:00+01:00,15.839
2024-03-06T06:00:00+01:00,15.822
2024-03-06T18:00:00+01:00,15.81
2024-03-07T06:00:00+01:00,15.821
2024-03-07T18:00:00+01:00,15.832
2024-03-08T06:00:00+01:00,15.844
2024-03-08T18:00:00+01:00,15.853
2024-03-09T06:00:00+01:00,15.856
2024-03-09T18:00:00+01:00,15.847
2024-03-10T06:00:00+01:00,15.849
2024-03-10T18:00:00+01:00,15.819
2024-03-11T06:00:00+01:00,16.099
2024-03-11T18:00:00+01:00,16.143
2024-03-12T06:00:00+01:00,16.136
2024-03-12T18:00:00+01:00,16.144
2024-03-13T06:00:00+01:00,16.145
2024-03-13T18:00:00+01:00,16.112
2024-03-14T06:00:00+01:00,15.979
2024-03-16T00:00:00+01:00,15.942
2024-03-16T12:00:00+01:00,15.907
2024-03-17T00:00:00+01:00,15.901
2024-03-17T12:00:00+01:00,15.905
2024-03-18T00:00:00+01:00,15.917
2024-03-18T12:00:00+01:00,15.895
2024-03-19T00:00:00+01:00,15.88
2024-03-19T12:00:00+01:00,15.871
2024-03-20T00:00:00+01:00,15.853
2024-03-20T12:00:00+01:00,15.848
2024-03-21T00:00:00+01:00,15.831
2024-03-21T12:00:00+01:00,15.808
2024-03-22T00:00:00+01:00,15.832
2024-03-22T12:00:00+01:00,15.832
2024-03-23T00:00:00+01:00,16.164
2024-03-23T12:00:00+01:00,16.138
2024-03-24T00:00:00+01:00,16.05
2024-03-24T12:00:00+01:00,15.951
2024-03-25T00:00:00+01:00,15.905
2024-03-25T12:00:00+01:00,15.912
2024-03-26T00:00:00+01:00,15.914
2024-03-26T12:00:00+01:00,15.911
2024-03-27T00:00:00+01:00,15.906
2024-03-27T12:00:00+01:00,15.875
2024-03-28T00:00:00+01:00,15.878
2024-03-28T12:00:00+01:00,16.086
2024-03-29T00:00:00+01:00,15.85
2024-03-29T12:00:00+01:00,15.855
2024-03-30T00:00:00+01:00,15.825
2024-03-30T12:00:00+01:00,15.836
2024-03-31T00:00:00+01:00,15.817
2024-03-31T13:00:00+02:00,15.831
2024-04-01T01:00:00+02:00,16.107
2024-04-01T13:00:00+02:00,15.862
2024-04-02T01:00:00+02:00,15.829
2024-04-02T13:00:00+02:00,15.823
2024-04-03T01:00:00+02:00,15.862
2024-04-03T13:00:00+02:00,15.876
2024-04-04T01:00:00+02:00,16.102
2024-04-04T13:00:00+02:00,16.136
2024-04-05T01:00:00+02:00,16.09
2024-04-05T13:00:00+02:00,15.925
2024-04-06T01:00:00+02:00,15.873
2024-04-06T13:00:00+02:00,15.883
2024-04-07T01:00:00+02:00,15.834
2024-04-07T13:00:00+02:00,15.808
2024-04-08T01:00:00+02:00,15.813
2024-04-08T13:00:00+02:00,15.868
2024-04-09T01:00:00+02:00,15.845
2024-04-09T13:00:00+02:00,15.828
2024-04-10T01:00:00+02:00,15.77
2024-04-10T13:00:00+02:00,15.752
2024-04-11T01:00:00+02:00,15.754
2024-04-11T13:00:00+02:00,15.749
2024-04-12T01:00:00+02:00,15.752
2024-04-12T13:00:00+02:00,15.76
2024-04-13T01:00:00+02:00,15.755
2024-04-13T13:00:00+02:00,15.768
2024-04-14T01:00:00+02:00,15.74
2024-04-14T13:00:00+02:00,15.731
2024-04-15T01:00:00+02:00,15.754
2024-04-15T13:00:00+02:00,15.806
2024-04-16T01:00:00+02:00,15.851
2024-04-16T13:00:00+02:00,16.126
2024-04-17T01:00:00+02:00,15.807
2024-04-17T13:00:00+02:00,15.876
2024-04-18T01:00:00+02:00,16.127
2024-04-18T13:00:00+02:00,15.824
2024-04-19T01:00:00+02:00,15.828
2024-04-19T13:00:00+02:00,16.114
2024-04-20T01:00:00+02:00,15.842
2024-04-20T13:00:00+02:00,15.822
2024-04-21T01:00:00+02:00,15.816
2024-04-21T13:00:00+02:00,15.784
2024-04-22T01:00:00+02:00,15.78
2024-04-22T13:00:00+02:00,15.788
2024-04-23T01:00:00+02:00,15.786
2024-04-23T13:00:00+02:00,15.791
2024-04-24T01:00:00+02:00,15.799
2024-04-24T13:00:00+02:00,15.808
2024-04-25T01:00:00+02:00,15.787
2024-04-25T13:00:00+02:00,15.793
2024-04-26T01:00:00+02:00,15.784
2024-04-26T13:00:00+02:00,15.775
2024-04-27T01:00:00+02:00,15.761
2024-04-27T13:00:00+02:00,15.76
2024-04-28T01:00:00+02:00,15.763
2024-04-28T13:00:00+02:00,15.747
2024-04-29T01:00:00+02:00,15.701
2024-04-29T13:00:00+02:00,15.706
2024-04-30T01:00:00+02:00,15.703
2024-04-30T13:00:00+02:00,15.728
2024-05-01T01:00:00+02:00,15.709
2024-05-01T13:00:00+02:00,15.727
2024-05-02T01:00:00+02:00,15.717
2024-05-02T13:00:00+02:00,15.7
2024-05-03T01:00:00+02:00,16.159
2024-05-03T13:00:00+02:00,16.153
2024-05-04T01:00:00+02:00,16.113
2024-05-04T13:00:00+02:00,15.926
2024-05-05T01:00:00+02:00,16.162
2024-05-05T13:00:00+02:00,16.138
2024-05-06T01:00:00+02:00,15.99
2024-05-06T13:00:00+02:00,15.929
2024-05-07T01:00:00+02:00,16.155
2024-05-07T13:00:00+02:00,16.147
2024-05-08T01:00:00+02:00,15.925
2024-05-08T13:00:00+02:00,15.889
2024-05-09T01:00:00+02:00,15.864
2024-05-09T13:00:00+02:00,15.856
2024-05-10T01:00:00+02:00,15.845
2024-05-10T13:00:00+02:00,15.834
2024-05-11T01:00:00+02:00,15.811
2024-05-11T13:00:00+02:00,15.807
2024-05-12T01:00:00+02:00,15.783
2024-05-12T13:00:00+02:00,15.794
2024-05-13T01:00:00+02:00,15.759
2024-05-13T13:00:00+02:00,15.759
2024-05-14T01:00:00+02:00,15.841
2024-05-14T13:00:00+02:00,15.822
2024-05-15T01:00:00+02:00,15.783
2024-05-15T13:00:00+02:00,15.777
2024-05-16T01:00:00+02:00,15.865
2024-05-16T13:00:00+02:00,16.113
2024-05-17T01:00:00+02:00,16.155
2024-05-17T13:00:00+02:00,15.873
2024-05-18T01:00:00+02:00,15.868
2024-05-18T13:00:00+02:00,15.829
2024-05-19T01:00:00+02:00,15.8
2024-05-19T13:00:00+02:00,15.802
2024-05-20T01:00:00+02:00,16.142
2024-05-20T13:00:00+02:00,15.87
2024-05-21T01:00:00+02:00,15.835
2024-05-21T13:00:00+02:00,15.822
2024-05-22T01:00:00+02:00,16.162
2024-05-22T13:00:00+02:00,16.107
2024-05-23T01:00:00+02:00,15.878
2024-05-23T13:00:00+02:00,15.853
2024-05-24T01:00:00+02:00,15.812
2024-05-24T13:00:00+02:00,16.147
2024-05-25T01:00:00+02:00,16.152
2024-05-25T13:00:00+02:00,16.154
2024-05-26T01:00:00+02:00,16.141
2024-05-26T13:00:00+02:00,16.063
2024-05-27T01:00:00+02:00,16.101
2024-05-27T13:00:00+02:00,15.909
2024-05-28T01:00:00+02:00,16.16
2024-05-28T13:00:00+02:00,16.114
2024-05-29T01:00:00+02:00,16.147
2024-05-29T13:00:00+02:00,16.16
2024-05-30T01:00:00+02:00,16.098
2024-05-30T13:00:00+02:00,16.1
2024-05-31T01:00:00+02:00,15.9
2024-05-31T13:00:00+02:00,15.883
2024-06-01T01:00:00+02:00,15.846
2024-06-01T13:00:00+02:00,15.838
2024-06-02T01:00:00+02:00,15.819
2024-06-02T13:00:00+02:00,15.812
2024-06-03T01:00:00+02:00,15.796
2024-06-03T13:00:00+02:00,15.792
2024-06-04T01:00:00+02:00,15.785
2024-06-04T13:00:00+02:00,15.796
2024-06-05T01:00:00+02:00,15.765
2024-06-05T13:00:00+02:00,15.738
2024-06-06T01:00:00+02:00,15.705
2024-06-06T13:00:00+02:00,15.704
2024-06-07T01:00:00+02:00,15.686
2024-06-07T13:00:00+02:00,15.686
2024-06-08T01:00:00+02:00,15.676
2024-06-08T13:00:00+02:00,15.688
2024-06-09T01:00:00+02:00,15.654
2024-06-09T13:00:00+02:00,15.666
2024-06-10T01:00:00+02:00,15.648
2024-06-10T13:00:00+02:00,15.689
2024-06-11T01:00:00+02:00,15.696
2024-06-11T13:00:00+02:00,15.69
2024-06-12T01:00:00+02:00,15.662
2024-06-12T13:00:00+02:00,15.658
2024-06-13T01:00:00+02:00,15.651
2024-06-13T13:00:00+02:00,15.659
2024-06-14T01:00:00+02:00,15.656
2024-06-14T13:00:00+02:00,15.657
2024-06-15T01:00:00+02:00,15.656
2024-06-15T13:00:00+02:00,15.67
2024-06-16T01:00:00+02:00,15.651
2024-06-16T13:00:00+02:00,15.666
2024-06-17T01:00:00+02:00,15.671
2024-06-17T13:00:00+02:00,15.66
2024-06-18T01:00:00+02:00,15.633
2024-06-18T13:00:00+02:00,16.131
2024-06-19T01:00:00+02:00,16.154
2024-06-19T13:00:00+02:00,16.13
2024-06-20T01:00:00+02:00,15.858
2024-06-20T13:00:00+02:00,15.847
2024-06-21T01:00:00+02:00,15.847
2024-06-21T13:00:00+02:00,15.845
2024-06-22T01:00:00+02:00,15.89
2024-06-22T13:00:00+02:00,15.842
2024-06-23T01:00:00+02:00,15.798
2024-06-23T13:00:00+02:00,15.784
2024-06-24T01:00:00+02:00,15.747
2024-06-24T13:00:00+02:00,15.74
2024-06-25T01:00:00+02:00,15.715
2024-06-25T13:00:00+02:00,15.716
2024-06-26T01:00:00+02:00,15.682
2024-06-26T13:00:00+02:00,15.684
2024-06-27T01:00:00+02:00,15.653
2024-06-27T13:00:00+02:00,15.642
2024-06-28T01:00:00+02:00,15.598
2024-06-28T13:00:00+02:00,15.594
2024-06-29T01:00:00+02:00,15.581
2024-06-29T13:00:00+02:00,15.611
2024-06-30T01:00:00+02:00,15.619
2024-06-30T13:00:00+02:00,15.649
2024-07-01T01:00:00+02:00,15.634
2024-07-01T13:00:00+02:00,15.649
2024-07-02T01:00:00+02:00,15.632
2024-07-02T13:00:00+02:00,15.647
2024-07-03T01:00:00+02:00,15.653
2024-07-03T13:00:00+02:00,15.669
2024-07-04T01:00:00+02:00,15.725
2024-07-04T13:00:00+02:00,15.706
2024-07-05T01:00:00+02:00,15.678
2024-07-05T13:00:00+02:00,15.678
2024-07-06T01:00:00+02:00,15.697
2024-07-06T13:00:00+02:00,15.678
2024-07-07T01:00:00+02:00,15.615
2024-07-07T13:00:00+02:00,15.61
2024-07-08T01:00:00+02:00,15.591
2024-07-08T13:00:00+02:00,15.59
2024-07-09T01:00:00+02:00,15.581
2024-07-09T13:00:00+02:00,15.581
2024-07-10T01:00:00+02:00,15.592
2024-07-10T13:00:00+02:00,15.634
2024-07-11T01:00:00+02:00,15.604
2024-07-11T13:00:00+02:00,15.606
2024-07-12T01:00:00+02:00,15.593
2024-07-12T13:00:00+02:00,16.131
2024-07-13T01:00:00+02:00,16.0
2024-07-13T13:00:00+02:00,15.816
2024-07-14T01:00:00+02:00,15.795
2024-07-14T13:00:00+02:00,15.779
2024-07-15T01:00:00+02:00,15.749
2024-07-15T13:00:00+02:00,15.748
2024-07-16T01:00:00+02:00,15.728
2024-07-16T13:00:00+02:00,15.698
2024-07-17T01:00:00+02:00,15.673
2024-07-17T13:00:00+02:00,15.659
2024-07-18T01:00:00+02:00,15.639
2024-07-18T13:00:00+02:00,15.648
2024-07-19T01:00:00+02:00,15.626
2024-07-19T13:00:00+02:00,15.634
2024-07-20T01:00:00+02:00,15.61
2024-07-20T13:00:00+02:00,15.613
2024-07-21T01:00:00+02:00,15.595
2024-07-21T13:00:00+02:00,15.583
2024-07-22T01:00:00+02:00,15.562
2024-07-22T13:00:00+02:00,15.559
2024-07-23T01:00:00+02:00,15.543
2024-07-23T13:00:00+02:00,15.568
2024-07-24T01:00:00+02:00,15.554
2024-07-24T13:00:00+02:00,15.567
2024-07-25T01:00:00+02:00,15.547
2024-07-25T13:00:00+02:00,15.561
2024-07-26T01:00:00+02:00,15.548
2024-07-26T13:00:00+02:00,15.549
2024-07-27T01:00:00+02:00,15.527
2024-07-27T13:00:00+02:00,15.535
2024-07-28T01:00:00+02:00,15.495
2024-07-28T13:00:00+02:00,15.487
2024-07-29T01:00:00+02:00,15.482
2024-07-29T13:00:00+02:00,15.507
2024-07-30T01:00:00+02:00,15.495
2024-07-30T13:00:00+02:00,15.501
2024-07-31T01:00:00+02:00,15.473
2024-07-31T13:00:00+02:00,15.468
2024-08-01T01:00:00+02:00,15.481
2024-08-01T13:00:00+02:00,15.492
2024-08-02T01:00:00+02:00,15.503
2024-08-02T13:00:00+02:00,15.515
2024-08-03T01:00:00+02:00,15.489
2024-08-03T13:00:00+02:00,15.49
2024-08-04T01:00:00+02:00,15.473
2024-08-04T13:00:00+02:00,15.484
2024-08-05T01:00:00+02:00,15.478
2024-08-05T13:00:00+02:00,15.48
2024-08-06T01:00:00+02:00,15.457
2024-08-06T13:00:00+02:00,15.465
2024-08-07T01:00:00+02:00,15.431
2024-08-07T13:00:00+02:00,15.457
2024-08-08T01:00:00+02:00,15.518
2024-08-08T13:00:00+02:00,15.515
2024-08-09T01:00:00+02:00,15.529
2024-08-09T13:00:00+02:00,15.515
2024-08-10T01:00:00+02:00,15.495
2024-08-10T13:00:00+02:00,15.495
2024-08-11T01:00:00+02:00,15.472
2024-08-11T13:00:00+02:00,15.474
2024-08-12T01:00:00+02:00,15.464
2024-08-12T13:00:00+02:00,15.478
2024-08-13T01:00:00+02:00,15.446
2024-08-13T13:00:00+02:00,15.43
2024-08-14T01:00:00+02:00,15.396
2024-08-14T13:00:00+02:00,15.405
2024-08-15T01:00:00+02:00,15.393
2024-08-15T13:00:00+02:00,15.403
2024-08-16T01:00:00+02:00,15.386
2024-08-16T13:00:00+02:00,15.389
2024-08-17T01:00:00+02:00,15.408
2024-08-17T13:00:00+02:00,15.422
2024-08-18T01:00:00+02:00,15.426
2024-08-18T13:00:00+02:00,15.412
2024-08-19T01:00:00+02:00,15.368
2024-08-19T13:00:00+02:00,15.373
2024-08-20T01:00:00+02:00,15.38
2024-08-20T13:00:00+02:00,15.396
2024-08-21T01:00:00+02:00,15.371
2024-08-21T13:00:00+02:00,15.38
2024-08-22T01:00:00+02:00,15.39
2024-08-22T13:00:00+02:00,15.415
2024-08-23T01:00:00+02:00,15.395
2024-08-23T13:00:00+02:00,15.38
2024-08-24T01:00:00+02:00,15.357
2024-08-24T13:00:00+02:00,15.389
2024-08-25T01:00:00+02:00,15.348
2024-08-25T13:00:00+02:00,15.36
2024-08-26T01:00:00+02:00,15.359
2024-08-26T13:00:00+02:00,15.362
2024-08-27T01:00:00+02:00,15.342
2024-08-27T13:00:00+02:00,15.349
2024-08-28T01:00:00+02:00,15.331
2024-08-28T13:00:00+02:00,15.348
2024-08-29T01:00:00+02:00,15.315
2024-08-29T13:00:00+02:00,15.301
2024-08-30T01:00:00+02:00,15.281
2024-08-30T13:00:00+02:00,15.3
2024-08-31T01:00:00+02:00,15.28
2024-08-31T13:00:00+02:00,15.325
2024-09-01T01:00:00+02:00,15.322
2024-09-01T13:00:00+02:00,15.335
2024-09-02T01:00:00+02:00,15.309
2024-09-02T13:00:00+02:00,15.314
2024-09-03T01:00:00+02:00,15.417
2024-09-03T13:00:00+02:00,15.432
2024-09-04T01:00:00+02:00,15.439
2024-09-04T13:00:00+02:00,15.46
2024-09-05T01:00:00+02:00,15.462
2024-09-05T13:00:00+02:00,15.481
2024-09-06T01:00:00+02:00,15.444
2024-09-06T13:00:00+02:00,15.428
2024-09-07T01:00:00+02:00,15.413
2024-09-07T13:00:00+02:00,15.42
2024-09-08T01:00:00+02:00,15.386
2024-09-08T13:00:00+02:00,15.385
2024-09-09T01:00:00+02:00,15.386
2024-09-09T13:00:00+02:00,15.36
2024-09-10T01:00:00+02:00,15.341
2024-09-10T13:00:00+02:00,15.366
2025-03-11T02:00:00+01:00,15.41
2025-03-11T14:00:00+01:00,15.406
2025-03-12T02:00:00+01:00,15.367
2025-03-17T18:00:00+01:00,15.581
2025-03-18T06:00:00+01:00,15.581
2025-03-18T18:00:00+01:00,15.593
2025-03-19T06:00:00+01:00,15.581
2025-03-19T18:00:00+01:00,15.585
2025-03-20T06:00:00+01:00,15.579
2025-03-20T18:00:00+01:00,15.587
2025-03-21T06:00:00+01:00,15.603
2025-03-21T18:00:00+01:00,15.61
2025-03-22T06:00:00+01:00,15.603
2025-03-22T18:00:00+01:00,15.604
2025-03-23T06:00:00+01:00,15.594
2025-03-23T18:00:00+01:00,15.57
2025-03-24T06:00:00+01:00,15.558
2025-03-24T18:00:00+01:00,15.536
2025-03-25T06:00:00+01:00,15.541
2025-03-25T18:00:00+01:00,15.535
2025-03-26T06:00:00+01:00,15.542
2025-03-26T18:00:00+01:00,15.545
2025-03-27T06:00:00+01:00,15.55
2025-03-27T18:00:00+01:00,15.561
2025-03-28T06:00:00+01:00,15.561
2025-03-28T18:00:00+01:00,15.554
2025-03-29T06:00:00+01:00,15.522
2025-03-29T18:00:00+01:00,15.524
2025-03-30T06:00:00+02:00,15.551
2025-03-30T18:00:00+02:00,15.519
2025-03-31T06:00:00+02:00,15.503
2025-03-31T18:00:00+02:00,15.502
2025-04-01T06:00:00+02:00,15.506
2025-04-01T18:00:00+02:00,15.512
2025-04-02T06:00:00+02:00,15.509
2025-04-02T18:00:00+02:00,15.513
2025-04-03T06:00:00+02:00,15.496
2025-04-03T18:00:00+02:00,15.49
2025-04-04T06:00:00+02:00,15.495
2025-04-04T18:00:00+02:00,15.493
2025-04-05T06:00:00+02:00,15.49
2025-04-05T18:00:00+02:00,15.477
2025-04-06T06:00:00+02:00,15.46
2025-04-06T18:00:00+02:00,15.462
2025-04-07T06:00:00+02:00,15.453
2025-04-07T18:00:00+02:00,15.451
2025-04-08T06:00:00+02:00,15.445
2025-04-08T18:00:00+02:00,15.453
2025-04-09T06:00:00+02:00,15.451
2025-04-09T18:00:00+02:00,15.438
2025-04-10T06:00:00+02:00,15.44
2025-04-10T18:00:00+02:00,15.447
2025-04-11T06:00:00+02:00,15.453
2025-04-11T18:00:00+02:00,15.452
2025-04-12T06:00:00+02:00,15.466
2025-04-12T18:00:00+02:00,15.485
2025-04-13T06:00:00+02:00,15.48
2025-04-13T18:00:00+02:00,15.45
2025-04-14T06:00:00+02:00,15.445
2025-04-14T18:00:00+02:00,15.455
2025-04-15T06:00:00+02:00,15.472
2025-04-15T18:00:00+02:00,15.448
2025-04-16T06:00:00+02:00,15.424
2025-04-16T18:00:00+02:00,15.429
2025-04-17T06:00:00+02:00,15.439
2025-04-17T18:00:00+02:00,15.461
2025-04-18T06:00:00+02:00,15.492
2025-04-18T18:00:00+02:00,15.503
2025-04-19T06:00:00+02:00,15.501
2025-04-19T18:00:00+02:00,15.498
2025-04-20T06:00:00+02:00,15.488
2025-04-20T18:00:00+02:00,15.474
2025-04-21T06:00:00+02:00,15.577
2025-04-21T18:00:00+02:00,15.557
2025-04-22T06:00:00+02:00,15.537
2025-04-22T18:00:00+02:00,15.501
2025-04-23T06:00:00+02:00,15.501
2025-04-23T18:00:00+02:00,15.486
2025-04-24T06:00:00+02:00,15.489
2025-04-24T18:00:00+02:00,15.686
2025-04-25T06:00:00+02:00,15.553
2025-04-25T18:00:00+02:00,15.542
2025-04-26T06:00:00+02:00,15.522
2025-04-26T18:00:00+02:00,15.507
2025-04-27T06:00:00+02:00,15.49
2025-04-27T18:00:00+02:00,15.463
2025-04-28T06:00:00+02:00,15.461
2025-04-28T18:00:00+02:00,15.444
2025-04-29T06:00:00+02:00,15.434
2025-04-29T18:00:00+02:00,15.431
2025-04-30T06:00:00+02:00,15.428
2025-04-30T18:00:00+02:00,15.418
2025-05-01T06:00:00+02:00,15.411
2025-05-01T18:00:00+02:00,15.397
2025-05-02T06:00:00+02:00,15.387
2025-05-02T18:00:00+02:00,15.353
2025-05-03T06:00:00+02:00,15.371
2025-05-03T18:00:00+02:00,15.359
2025-05-04T06:00:00+02:00,15.339
2025-05-04T18:00:00+02:00,15.332
2025-05-05T06:00:00+02:00,15.323
2025-05-05T18:00:00+02:00,15.31
2025-05-06T06:00:00+02:00,15.301
2025-05-06T18:00:00+02:00,15.3
2025-05-07T06:00:00+02:00,15.304
2025-05-07T18:00:00+02:00,15.308
2025-05-08T06:00:00+02:00,15.306
2025-05-08T18:00:00+02:00,15.293
2025-05-09T06:00:00+02:00,15.283
2025-05-09T18:00:00+02:00,15.267
2025-05-10T06:00:00+02:00,15.261
2025-05-10T18:00:00+02:00,15.266
2025-05-11T06:00:00+02:00,15.273
2025-05-11T18:00:00+02:00,15.26
2025-05-12T06:00:00+02:00,15.258
2025-05-12T18:00:00+02:00,15.241
2025-05-13T06:00:00+02:00,15.231
2025-05-13T18:00:00+02:00,15.22
2025-05-14T06:00:00+02:00,15.217
2025-05-14T18:00:00+02:00,15.213
2025-05-15T06:00:00+02:00,15.215
2025-05-15T18:00:00+02:00,15.189
2025-05-16T06:00:00+02:00,15.189
2025-05-16T18:00:00+02:00,15.193
2025-05-17T06:00:00+02:00,15.192
2025-05-17T18:00:00+02:00,15.183
2025-05-18T06:00:00+02:00,15.188
2025-05-18T18:00:00+02:00,15.184
2025-05-19T06:00:00+02:00,15.177
2025-05-19T18:00:00+02:00,15.182
2025-05-20T06:00:00+02:00,15.171
2025-05-20T18:00:00+02:00,15.158
2025-05-21T06:00:00+02:00,15.165
2025-05-21T18:00:00+02:00,15.162
2025-05-22T06:00:00+02:00,15.157
2025-05-22T18:00:00+02:00,15.157
2025-05-23T06:00:00+02:00,15.166
2025-05-23T18:00:00+02:00,15.157
2025-05-24T06:00:00+02:00,15.19
2025-05-24T18:00:00+02:00,15.21
2025-05-25T06:00:00+02:00,15.236
2025-05-25T18:00:00+02:00,15.228
2025-05-26T06:00:00+02:00,15.218
2025-05-26T18:00:00+02:00,15.214
2025-05-27T06:00:00+02:00,15.228
2025-05-27T18:00:00+02:00,15.242
2025-05-28T06:00:00+02:00,15.274
2025-05-28T18:00:00+02:00,15.268
2025-05-29T06:00:00+02:00,15.274
2025-05-29T18:00:00+02:00,15.283
2025-05-30T06:00:00+02:00,15.272
2025-05-30T18:00:00+02:00,15.263
2025-05-31T06:00:00+02:00,15.261
2025-05-31T18:00:00+02:00,15.249
2025-06-01T06:00:00+02:00,15.288
2025-06-01T18:00:00+02:00,15.298
2025-06-02T06:00:00+02:00,15.283
2025-06-02T18:00:00+02:00,15.288
2025-06-03T06:00:00+02:00,15.304
2025-06-03T18:00:00+02:00,15.297
2025-06-04T06:00:00+02:00,15.29
2025-06-04T18:00:00+02:00,15.286
2025-06-05T06:00:00+02:00,15.278
2025-06-05T18:00:00+02:00,15.281
2025-06-06T06:00:00+02:00,15.285
2025-06-06T18:00:00+02:00,15.263
2025-06-07T06:00:00+02:00,15.285
2025-06-07T18:00:00+02:00,15.321
2025-06-08T06:00:00+02:00,15.343
2025-06-08T18:00:00+02:00,15.307
2025-06-09T06:00:00+02:00,15.318
2025-06-09T18:00:00+02:00,15.313
2025-06-10T06:00:00+02:00,15.332
2025-06-10T18:00:00+02:00,15.308
2025-06-11T06:00:00+02:00,15.281
2025-06-11T18:00:00+02:00,15.272
2025-06-12T06:00:00+02:00,15.281
2025-06-12T18:00:00+02:00,15.27
2025-06-13T06:00:00+02:00,15.25
2025-06-13T18:00:00+02:00,15.218
2025-06-14T06:00:00+02:00,15.226
2025-06-14T18:00:00+02:00,15.188
2025-06-15T06:00:00+02:00,15.189
2025-06-15T18:00:00+02:00,15.167
2025-06-16T06:00:00+02:00,15.169
2025-06-16T18:00:00+02:00,15.147
2025-06-17T06:00:00+02:00,15.166
2025-06-17T18:00:00+02:00,15.156
2025-06-18T06:00:00+02:00,15.149
2025-06-18T18:00:00+02:00,15.127
2025-06-19T06:00:00+02:00,15.126
2025-06-19T18:00:00+02:00,15.114
2025-06-20T06:00:00+02:00,15.111
2025-06-20T18:00:00+02:00,15.094
2025-06-21T06:00:00+02:00,15.105
2025-06-21T18:00:00+02:00,15.102
2025-06-22T06:00:00+02:00,15.112
2025-06-22T18:00:00+02:00,15.087
2025-06-23T06:00:00+02:00,15.103
2025-06-23T18:00:00+02:00,15.067
2025-06-24T06:00:00+02:00,15.076
2025-06-24T18:00:00+02:00,15.069
2025-06-25T06:00:00+02:00,15.063
2025-06-25T18:00:00+02:00,15.04
2025-06-26T06:00:00+02:00,15.06
2025-06-26T18:00:00+02:00,15.057
2025-06-27T06:00:00+02:00,15.049
2025-06-27T18:00:00+02:00,15.045
2025-06-28T06:00:00+02:00,15.044
2025-06-28T18:00:00+02:00,15.032
2025-06-29T06:00:00+02:00,15.043
2025-06-29T18:00:00+02:00,15.025
2025-06-30T06:00:00+02:00,15.024
2025-06-30T18:00:00+02:00,15.023
2025-07-01T06:00:00+02:00,15.02
2025-07-01T18:00:00+02:00,15.002
2025-07-02T06:00:00+02:00,14.994
2025-07-02T18:00:00+02:00,14.978
2025-07-03T06:00:00+02:00,14.981
2025-07-03T18:00:00+02:00,14.971
2025-07-04T06:00:00+02:00,14.982
2025-07-04T18:00:00+02:00,14.989
2025-07-05T06:00:00+02:00,15.006
2025-07-05T18:00:00+02:00,14.995
2025-07-06T06:00:00+02:00,15.014
2025-07-06T18:00:00+02:00,15.033
2025-07-07T06:00:00+02:00,15.051
2025-07-07T18:00:00+02:00,15.017
2025-07-08T06:00:00+02:00,15.024
2025-07-08T18:00:00+02:00,15.0
2025-07-09T06:00:00+02:00,15.004
2025-07-09T18:00:00+02:00,14.99
2025-07-10T06:00:00+02:00,14.986
2025-07-10T18:00:00+02:00,14.973
2025-07-11T06:00:00+02:00,14.971
2025-07-11T18:00:00+02:00,14.971
2025-07-12T06:00:00+02:00,14.965
2025-07-12T18:00:00+02:00,14.965
2025-07-13T06:00:00+02:00,14.967
2025-07-13T18:00:00+02:00,14.967
2025-07-14T06:00:00+02:00,14.956
2025-07-14T18:00:00+02:00,14.933
2025-07-15T06:00:00+02:00,14.937
2025-07-15T18:00:00+02:00,14.928
2025-07-16T06:00:00+02:00,14.951
2025-07-16T18:00:00+02:00,14.945
2025-07-17T06:00:00+02:00,14.939
2025-07-17T18:00:00+02:00,14.924
2025-07-18T06:00:00+02:00,14.919
2025-07-18T18:00:00+02:00,14.916
2025-07-19T06:00:00+02:00,14.939
2025-07-19T18:00:00+02:00,14.931
2025-07-20T06:00:00+02:00,14.935
2025-07-20T18:00:00+02:00,14.934
2025-07-21T06:00:00+02:00,14.952
2025-07-21T18:00:00+02:00,14.952
2025-07-22T06:00:00+02:00,14.96
2025-07-22T18:00:00+02:00,14.955
2025-07-23T06:00:00+02:00,14.958
2025-07-23T18:00:00+02:00,14.956
2025-07-24T06:00:00+02:00,14.953
2025-07-24T18:00:00+02:00,14.945
2025-07-25T06:00:00+02:00,14.934
2025-07-25T18:00:00+02:00,14.931
2025-07-26T06:00:00+02:00,14.95
2025-07-26T18:00:00+02:00,14.944
2025-07-27T06:00:00+02:00,14.95
2025-07-27T18:00:00+02:00,14.94
2025-07-28T06:00:00+02:00,14.94
2025-07-28T18:00:00+02:00,14.93
2025-07-29T06:00:00+02:00,14.941
2025-07-29T18:00:00+02:00,14.944
2025-07-30T06:00:00+02:00,14.947
2025-07-30T18:00:00+02:00,14.928
2025-07-31T06:00:00+02:00,14.938
2025-07-31T18:00:00+02:00,14.93
2025-08-01T06:00:00+02:00,14.932
2025-08-01T18:00:00+02:00,14.932
2025-08-02T06:00:00+02:00,14.941
2025-08-02T18:00:00+02:00,14.927
2025-08-03T06:00:00+02:00,14.933
2025-08-03T18:00:00+02:00,14.923
2025-08-04T06:00:00+02:00,14.938
2025-08-04T18:00:00+02:00,14.943
2025-08-05T06:00:00+02:00,14.935
2025-08-05T18:00:00+02:00,14.909
2025-08-06T06:00:00+02:00,14.91
2025-08-06T18:00:00+02:00,14.915
2025-08-07T06:00:00+02:00,14.931
2025-08-07T18:00:00+02:00,14.91
2025-08-08T06:00:00+02:00,14.908
2025-08-08T18:00:00+02:00,14.88
2025-08-09T06:00:00+02:00,14.89
2025-08-09T18:00:00+02:00,14.867
2025-08-10T06:00:00+02:00,14.859
2025-08-10T18:00:00+02:00,14.844
2025-08-11T06:00:00+02:00,14.868
2025-08-11T18:00:00+02:00,14.86
2025-08-12T06:00:00+02:00,14.861
2025-08-12T18:00:00+02:00,14.853
2025-08-13T06:00:00+02:00,14.834
2025-08-13T18:00:00+02:00,14.823
2025-08-14T06:00:00+02:00,14.813
2025-08-14T18:00:00+02:00,14.803
2025-08-15T06:00:00+02:00,14.792
2025-08-15T18:00:00+02:00,14.795
2025-08-16T06:00:00+02:00,14.799
2025-08-16T18:00:00+02:00,14.807
2025-08-17T06:00:00+02:00,14.813
2025-08-17T18:00:00+02:00,14.811
2025-08-18T06:00:00+02:00,14.819
2025-08-18T18:00:00+02:00,14.811
2025-08-19T06:00:00+02:00,14.814
2025-08-19T18:00:00+02:00,14.801
2025-08-20T06:00:00+02:00,14.804
2025-08-20T18:00:00+02:00,14.798
2025-08-21T06:00:00+02:00,14.798
2025-08-21T18:00:00+02:00,14.772
2025-08-22T06:00:00+02:00,14.771
2025-08-22T18:00:00+02:00,14.77
2025-08-23T06:00:00+02:00,14.777
2025-08-23T18:00:00+02:00,14.763
2025-08-24T06:00:00+02:00,14.762
2025-08-24T18:00:00+02:00,14.757
2025-08-25T06:00:00+02:00,14.76
2025-08-25T18:00:00+02:00,14.756
2025-08-26T06:00:00+02:00,14.763
2025-08-26T18:00:00+02:00,14.758
2025-08-27T06:00:00+02:00,14.748
2025-08-27T18:00:00+02:00,14.748
2025-08-28T06:00:00+02:00,14.744
2025-08-28T18:00:00+02:00,14.724
2025-08-29T06:00:00+02:00,14.729
2025-08-29T18:00:00+02:00,14.731
2025-08-30T06:00:00+02:00,14.726
2025-08-30T18:00:00+02:00,14.721
2025-08-31T06:00:00+02:00,14.732
2025-08-31T18:00:00+02:00,14.728
2025-09-01T06:00:00+02:00,14.734
2025-09-01T18:00:00+02:00,14.732
2021-03-18T10:24:00+01:00,15.67
2021-09-16T10:19:00+02:00,15.12
2022-03-21T11:20:00+01:00,15.49
2022-09-19T10:44:00+02:00,14.8
2023-03-15T11:48:00+01:00,15.69
2023-09-19T12:20:00+02:00,15.27
2024-03-14T10:16:00+01:00,15.96
2024-09-11T13:06:00+02:00,15.62
2025-03-17T15:08:00+01:00,15.59
2021-01-01T06:00:00+01:00,15.303
2021-01-01T18:00:00+01:00,15.295
2021-03-01T06:00:00+01:00,15.589
2021-03-01T18:00:00+01:00,15.589
2021-03-17T06:00:00+01:00,15.713
2021-03-17T18:00:00+01:00,15.707
2021-03-18T06:00:00+01:00,15.699
2021-03-18T12:00:00+01:00,15.706
2021-03-19T00:00:00+01:00,15.709
2021-03-19T12:00:00+01:00,15.673
2021-03-20T00:00:00+01:00,15.656
2021-03-20T12:00:00+01:00,15.654
2021-03-21T00:00:00+01:00,15.661
2021-03-21T12:00:00+01:00,15.645
2021-03-22T00:00:00+01:00,15.636
2021-03-22T12:00:00+01:00,15.621
2021-03-23T00:00:00+01:00,15.619
2021-03-23T12:00:00+01:00,15.619
2021-03-24T00:00:00+01:00,15.609
2021-03-24T12:00:00+01:00,15.606
2021-03-25T00:00:00+01:00,15.601
2021-03-25T12:00:00+01:00,15.585
2021-03-26T00:00:00+01:00,15.585
2021-03-26T12:00:00+01:00,15.595
2021-03-27T00:00:00+01:00,15.578
2021-03-27T12:00:00+01:00,15.58
2021-03-28T00:00:00+01:00,15.586
2021-03-28T13:00:00+02:00,15.579
2021-03-29T01:00:00+02:00,15.568
2021-03-29T13:00:00+02:00,15.555
2021-03-30T01:00:00+02:00,15.546
2021-03-30T13:00:00+02:00,15.548
2021-03-31T01:00:00+02:00,15.557
2021-03-31T13:00:00+02:00,15.552
2021-09-11T01:00:00+02:00,15.138
2021-09-11T13:00:00+02:00,15.145
2021-09-12T01:00:00+02:00,15.152
2021-09-12T13:00:00+02:00,15.161
2021-09-13T01:00:00+02:00,15.142
2021-09-13T13:00:00+02:00,15.159
2021-09-14T01:00:00+02:00,15.151
2021-09-14T13:00:00+02:00,15.167
2021-09-15T01:00:00+02:00,15.158
2021-09-15T13:00:00+02:00,15.161
2021-09-16T01:00:00+02:00,15.146
2022-01-01T00:00:00+01:00,15.479
2022-01-01T12:00:00+01:00,15.49
2022-05-06T01:00:00+02:00,15.251
2022-05-06T13:00:00+02:00,15.264
2022-06-23T01:00:00+02:00,15.052
2022-06-23T13:00:00+02:00,15.065
2022-07-27T01:00:00+02:00,14.872
2022-07-27T13:00:00+02:00,14.875
2024-09-11T01:00:00+02:00,15.396
2024-09-11T13:00:00+02:00,15.703
2024-09-12T14:00:00+02:00,15.494
2024-09-13T02:00:00+02:00,15.472
2024-09-13T14:00:00+02:00,15.447
2024-09-14T02:00:00+02:00,15.431
2024-09-14T14:00:00+02:00,15.432
2024-09-15T02:00:00+02:00,15.427
2024-09-15T14:00:00+02:00,15.429
2024-09-16T02:00:00+02:00,15.418
2024-09-16T14:00:00+02:00,15.408
2024-09-17T02:00:00+02:00,15.391
2024-09-17T14:00:00+02:00,15.389
2024-09-18T02:00:00+02:00,15.374
2024-09-18T14:00:00+02:00,15.382
2024-09-19T02:00:00+02:00,15.362
2024-09-19T14:00:00+02:00,15.366
2024-09-20T02:00:00+02:00,15.356
2024-09-20T14:00:00+02:00,15.36
2024-09-21T02:00:00+02:00,15.336
2024-09-21T14:00:00+02:00,15.343
2024-09-22T02:00:00+02:00,15.327
2024-09-22T14:00:00+02:00,15.339
2024-09-23T02:00:00+02:00,15.341
2024-09-23T14:00:00+02:00,15.34
2024-09-24T02:00:00+02:00,15.33
2024-09-24T14:00:00+02:00,15.336
2024-09-25T02:00:00+02:00,15.365
2024-09-25T14:00:00+02:00,15.398
2024-09-26T02:00:00+02:00,15.46
2024-09-26T14:00:00+02:00,15.482
2024-09-27T02:00:00+02:00,15.484
2024-09-27T14:00:00+02:00,15.471
2024-09-28T02:00:00+02:00,15.43
2024-09-28T14:00:00+02:00,15.428
2024-09-29T02:00:00+02:00,15.426
2024-09-29T14:00:00+02:00,15.453
2024-09-30T02:00:00+02:00,15.483
2024-09-30T14:00:00+02:00,15.492
2024-10-01T02:00:00+02:00,15.505
2024-10-01T14:00:00+02:00,15.495
2024-10-02T02:00:00+02:00,15.485
2024-10-02T14:00:00+02:00,15.462
2024-10-03T02:00:00+02:00,15.445
2024-10-03T14:00:00+02:00,15.443
2024-10-04T02:00:00+02:00,15.434
2024-10-04T14:00:00+02:00,15.433
2024-10-05T02:00:00+02:00,15.423
2024-10-05T14:00:00+02:00,15.441
2024-10-06T02:00:00+02:00,15.436
2024-10-06T14:00:00+02:00,15.461
2024-10-07T02:00:00+02:00,15.447
2024-10-07T14:00:00+02:00,15.418
2024-10-08T02:00:00+02:00,15.447
2024-10-08T14:00:00+02:00,15.449
2024-10-09T02:00:00+02:00,15.459
2024-10-09T14:00:00+02:00,15.482
2024-10-10T02:00:00+02:00,16.067
2024-10-10T14:00:00+02:00,15.601
2024-10-11T02:00:00+02:00,15.575
2024-10-11T14:00:00+02:00,15.871
2024-10-12T02:00:00+02:00,15.846
2024-10-12T14:00:00+02:00,15.887
2024-10-13T02:00:00+02:00,15.854
2024-10-13T14:00:00+02:00,15.755
2024-10-14T02:00:00+02:00,15.699
2024-10-14T14:00:00+02:00,15.649
2024-10-15T02:00:00+02:00,15.659
2024-10-15T14:00:00+02:00,15.967
2024-10-16T02:00:00+02:00,15.776
2024-10-16T14:00:00+02:00,15.881
2024-10-17T02:00:00+02:00,16.182
2024-10-17T14:00:00+02:00,15.888
2024-10-18T02:00:00+02:00,15.825
2024-10-18T14:00:00+02:00,16.042
2024-10-19T02:00:00+02:00,15.858
2024-10-19T14:00:00+02:00,15.878
2024-10-20T02:00:00+02:00,15.845
2024-10-20T14:00:00+02:00,15.856
2024-10-21T02:00:00+02:00,15.838
2024-10-21T14:00:00+02:00,15.772
2024-10-22T02:00:00+02:00,15.763
2024-10-22T14:00:00+02:00,15.67
2024-10-23T02:00:00+02:00,15.584
2024-10-23T14:00:00+02:00,15.533
2024-10-24T02:00:00+02:00,15.557
2024-10-24T14:00:00+02:00,15.593
2024-10-25T02:00:00+02:00,15.602
2024-10-25T14:00:00+02:00,15.628
2024-10-26T02:00:00+02:00,15.608
2024-10-26T14:00:00+02:00,15.64
2024-10-27T02:00:00+02:00,15.628
2024-10-27T14:00:00+01:00,15.573
2024-10-28T02:00:00+01:00,15.611
2024-10-28T14:00:00+01:00,15.642
2024-10-29T02:00:00+01:00,15.622
2024-10-29T14:00:00+01:00,15.608
2024-10-30T02:00:00+01:00,15.534
2024-10-30T14:00:00+01:00,15.473
2024-10-31T02:00:00+01:00,15.397
2024-10-31T14:00:00+01:00,15.389
2024-11-01T02:00:00+01:00,15.918
2024-11-01T14:00:00+01:00,15.997
2024-11-02T02:00:00+01:00,15.95
2024-11-02T14:00:00+01:00,15.725
2024-11-03T02:00:00+01:00,15.912
2024-11-03T14:00:00+01:00,15.922
2024-11-04T02:00:00+01:00,15.756
2024-11-04T14:00:00+01:00,15.722
2024-11-05T02:00:00+01:00,16.026
2024-11-05T14:00:00+01:00,16.086
2024-11-06T02:00:00+01:00,15.881
2024-11-06T14:00:00+01:00,15.83
2024-11-07T02:00:00+01:00,15.801
2024-11-07T14:00:00+01:00,15.78
2024-11-08T02:00:00+01:00,15.77
2024-11-08T14:00:00+01:00,15.789
2024-11-09T02:00:00+01:00,15.762
2024-11-09T14:00:00+01:00,15.749
2024-11-10T02:00:00+01:00,15.687
2024-11-10T14:00:00+01:00,15.64
2024-11-11T02:00:00+01:00,15.556
2024-11-11T14:00:00+01:00,15.544
2024-11-12T02:00:00+01:00,15.6
2024-11-12T14:00:00+01:00,15.507
2024-11-13T02:00:00+01:00,15.482
2024-11-13T14:00:00+01:00,15.499
2024-11-14T02:00:00+01:00,15.616
2024-11-14T14:00:00+01:00,15.848
2024-11-15T02:00:00+01:00,15.912
2024-11-15T14:00:00+01:00,15.661
2024-11-16T02:00:00+01:00,15.711
2024-11-16T14:00:00+01:00,15.749
2024-11-17T02:00:00+01:00,15.769
2024-11-17T14:00:00+01:00,15.781
2024-11-18T02:00:00+01:00,16.144
2024-11-18T14:00:00+01:00,15.853
2024-11-19T02:00:00+01:00,15.924
2024-11-19T14:00:00+01:00,15.949
2024-11-20T02:00:00+01:00,16.204
2024-11-20T14:00:00+01:00,16.149
2024-11-21T02:00:00+01:00,15.94
2024-11-21T14:00:00+01:00,16.027
2024-11-22T02:00:00+01:00,15.988
2024-11-22T14:00:00+01:00,16.293
2024-11-23T02:00:00+01:00,16.125
2024-11-23T14:00:00+01:00,16.187
2024-11-24T02:00:00+01:00,16.23
2024-11-24T14:00:00+01:00,16.128
2024-11-25T02:00:00+01:00,16.214
2024-11-25T14:00:00+01:00,16.023
2024-11-26T02:00:00+01:00,16.182
2024-11-26T14:00:00+01:00,16.086
2024-11-27T02:00:00+01:00,16.049
2024-11-27T14:00:00+01:00,16.153
2024-11-28T02:00:00+01:00,15.954
2024-11-28T14:00:00+01:00,15.864
2024-11-29T02:00:00+01:00,15.647
2024-11-29T14:00:00+01:00,15.666
2024-11-30T02:00:00+01:00,15.685
2024-11-30T14:00:00+01:00,15.723
2024-12-01T02:00:00+01:00,15.767
2024-12-01T14:00:00+01:00,15.846
2024-12-02T02:00:00+01:00,15.847
2024-12-02T14:00:00+01:00,15.868
2024-12-03T02:00:00+01:00,15.801
2024-12-03T14:00:00+01:00,15.694
2024-12-04T02:00:00+01:00,15.592
2024-12-04T14:00:00+01:00,15.584
2024-12-05T02:00:00+01:00,15.612
2024-12-05T14:00:00+01:00,15.744
2024-12-06T02:00:00+01:00,15.848
2024-12-06T14:00:00+01:00,15.704
2024-12-07T02:00:00+01:00,15.756
2024-12-07T14:00:00+01:00,15.874
2024-12-08T02:00:00+01:00,15.834
2024-12-08T14:00:00+01:00,15.636
2024-12-09T02:00:00+01:00,15.492
2024-12-09T14:00:00+01:00,15.451
2024-12-10T02:00:00+01:00,15.51
2024-12-10T14:00:00+01:00,15.536
2024-12-11T02:00:00+01:00,15.521
2024-12-11T14:00:00+01:00,15.523
2024-12-12T02:00:00+01:00,15.5
2024-12-12T14:00:00+01:00,15.487
2024-12-13T02:00:00+01:00,15.431
2024-12-13T14:00:00+01:00,15.435
2024-12-14T02:00:00+01:00,15.426
2024-12-14T14:00:00+01:00,15.508
2024-12-15T02:00:00+01:00,15.452
2024-12-15T14:00:00+01:00,15.436
2024-12-16T02:00:00+01:00,15.443
2024-12-16T14:00:00+01:00,15.457
2024-12-17T02:00:00+01:00,15.454
2024-12-17T14:00:00+01:00,15.969
2024-12-18T02:00:00+01:00,16.108
2024-12-18T14:00:00+01:00,16.196
2024-12-19T02:00:00+01:00,16.065
2024-12-19T14:00:00+01:00,15.994
2024-12-20T02:00:00+01:00,15.816
2024-12-20T14:00:00+01:00,15.741
2024-12-21T02:00:00+01:00,15.836
2024-12-21T14:00:00+01:00,15.853
2024-12-22T02:00:00+01:00,15.946
2024-12-22T14:00:00+01:00,15.961
2024-12-23T02:00:00+01:00,15.881
2024-12-23T14:00:00+01:00,15.739
2024-12-24T02:00:00+01:00,15.628
2024-12-24T14:00:00+01:00,15.581
2024-12-25T02:00:00+01:00,15.473
2024-12-25T14:00:00+01:00,15.422
2024-12-26T02:00:00+01:00,15.349
2024-12-26T14:00:00+01:00,15.342
2024-12-27T02:00:00+01:00,15.339
2024-12-27T14:00:00+01:00,15.416
2024-12-28T02:00:00+01:00,15.418
2024-12-28T14:00:00+01:00,15.427
2024-12-29T02:00:00+01:00,15.378
2024-12-29T14:00:00+01:00,15.432
2024-12-30T02:00:00+01:00,15.449
2024-12-30T14:00:00+01:00,15.509
2024-12-31T02:00:00+01:00,15.489
2024-12-31T14:00:00+01:00,15.534
2025-01-01T02:00:00+01:00,15.596
2025-01-01T14:00:00+01:00,15.666
2025-01-02T02:00:00+01:00,15.659
2025-01-02T14:00:00+01:00,15.632
2025-01-03T02:00:00+01:00,15.574
2025-01-03T14:00:00+01:00,15.577
2025-01-04T02:00:00+01:00,15.491
2025-01-04T14:00:00+01:00,15.5
2025-01-05T02:00:00+01:00,15.641
2025-01-05T14:00:00+01:00,15.815
2025-01-06T02:00:00+01:00,15.854
2025-01-06T14:00:00+01:00,15.936
2025-01-07T02:00:00+01:00,15.78
2025-01-07T14:00:00+01:00,15.695
2025-01-08T02:00:00+01:00,15.682
2025-01-08T14:00:00+01:00,15.727
2025-01-09T02:00:00+01:00,15.775
2025-01-09T14:00:00+01:00,15.721
2025-01-10T02:00:00+01:00,15.583
2025-01-10T14:00:00+01:00,16.035
2025-01-11T02:00:00+01:00,15.873
2025-01-11T14:00:00+01:00,15.638
2025-01-12T02:00:00+01:00,15.555
2025-01-12T14:00:00+01:00,15.484
2025-01-13T02:00:00+01:00,15.436
2025-01-13T14:00:00+01:00,15.416
2025-01-14T02:00:00+01:00,15.393
2025-01-14T14:00:00+01:00,15.449
2025-01-15T02:00:00+01:00,15.478
2025-01-15T14:00:00+01:00,15.509
2025-01-16T02:00:00+01:00,15.485
2025-01-16T14:00:00+01:00,15.479
2025-01-17T02:00:00+01:00,15.436
2025-01-17T14:00:00+01:00,15.419
2025-01-18T02:00:00+01:00,15.381
2025-01-18T14:00:00+01:00,15.371
2025-01-19T02:00:00+01:00,15.369
2025-01-19T14:00:00+01:00,15.428
2025-01-20T02:00:00+01:00,15.477
2025-01-20T14:00:00+01:00,15.52
2025-01-21T02:00:00+01:00,15.511
2025-01-21T14:00:00+01:00,15.544
2025-01-22T02:00:00+01:00,15.644
2025-01-22T14:00:00+01:00,15.738
2025-01-23T02:00:00+01:00,15.713
2025-01-23T14:00:00+01:00,15.606
2025-01-24T02:00:00+01:00,15.56
2025-01-24T14:00:00+01:00,15.642
2025-01-25T02:00:00+01:00,15.626
2025-01-25T14:00:00+01:00,15.59
2025-01-26T02:00:00+01:00,15.603
2025-01-26T14:00:00+01:00,15.672
2025-01-27T02:00:00+01:00,15.849
2025-01-27T14:00:00+01:00,15.819
2025-01-28T02:00:00+01:00,15.746
2025-01-28T14:00:00+01:00,15.742
2025-01-29T02:00:00+01:00,15.66
2025-01-29T14:00:00+01:00,15.554
2025-01-30T02:00:00+01:00,15.495
2025-01-30T14:00:00+01:00,15.419
2025-01-31T02:00:00+01:00,15.36
2025-01-31T14:00:00+01:00,15.335
2025-02-01T02:00:00+01:00,15.255
2025-02-01T14:00:00+01:00,15.28
2025-02-02T02:00:00+01:00,15.311
2025-02-02T14:00:00+01:00,15.379
2025-02-03T02:00:00+01:00,15.348
2025-02-03T14:00:00+01:00,15.336
2025-02-04T02:00:00+01:00,15.29
2025-02-04T14:00:00+01:00,15.274
2025-02-05T02:00:00+01:00,15.19
2025-02-05T14:00:00+01:00,15.172
2025-02-06T02:00:00+01:00,15.219
2025-02-06T14:00:00+01:00,15.258
2025-02-07T02:00:00+01:00,15.307
2025-02-07T14:00:00+01:00,15.396
2025-02-08T02:00:00+01:00,15.456
2025-02-08T14:00:00+01:00,15.469
2025-02-09T02:00:00+01:00,15.413
2025-02-09T14:00:00+01:00,15.38
2025-02-10T02:00:00+01:00,15.329
2025-02-10T14:00:00+01:00,15.341
2025-02-11T02:00:00+01:00,15.353
2025-02-11T14:00:00+01:00,15.316
2025-02-12T02:00:00+01:00,15.301
2025-02-12T14:00:00+01:00,15.332
2025-02-13T02:00:00+01:00,15.35
2025-02-13T14:00:00+01:00,15.325
2025-02-14T02:00:00+01:00,15.261
2025-02-14T14:00:00+01:00,15.241
2025-02-15T02:00:00+01:00,15.253
2025-02-15T14:00:00+01:00,15.314
2025-02-16T02:00:00+01:00,15.297
2025-02-16T14:00:00+01:00,15.298
2025-02-17T02:00:00+01:00,15.287
2025-02-17T14:00:00+01:00,15.306
2025-02-18T02:00:00+01:00,15.251
2025-02-18T14:00:00+01:00,15.234
2025-02-19T02:00:00+01:00,15.245
2025-02-19T14:00:00+01:00,15.335
2025-02-20T02:00:00+01:00,15.322
2025-02-20T14:00:00+01:00,15.295
2025-02-21T02:00:00+01:00,15.234
2025-02-21T14:00:00+01:00,15.27
2025-02-22T02:00:00+01:00,15.315
2025-02-22T14:00:00+01:00,15.277
2025-02-23T02:00:00+01:00,15.191
2025-02-23T14:00:00+01:00,15.299
2025-02-24T02:00:00+01:00,15.35
2025-02-24T14:00:00+01:00,15.42
2025-02-25T02:00:00+01:00,15.397
2025-02-25T14:00:00+01:00,15.422
2025-02-26T02:00:00+01:00,15.335
2025-02-26T14:00:00+01:00,15.314
2025-02-27T02:00:00+01:00,15.306
2025-02-27T14:00:00+01:00,15.29
2025-02-28T02:00:00+01:00,15.257
2025-02-28T14:00:00+01:00,15.242
2025-03-01T02:00:00+01:00,15.193
2025-03-01T14:00:00+01:00,15.176
2025-03-02T02:00:00+01:00,15.121
2025-03-02T14:00:00+01:00,15.118
2025-03-03T02:00:00+01:00,15.106
2025-03-03T14:00:00+01:00,15.122
2025-03-04T02:00:00+01:00,15.242
2025-03-04T14:00:00+01:00,15.291
2025-03-05T02:00:00+01:00,15.325
2025-03-05T14:00:00+01:00,15.373
2025-03-06T02:00:00+01:00,15.387
2025-03-06T14:00:00+01:00,15.374
2025-03-07T02:00:00+01:00,15.338
2025-03-07T14:00:00+01:00,15.352
2025-03-08T02:00:00+01:00,15.366
2025-03-08T14:00:00+01:00,15.402
2025-03-09T02:00:00+01:00,15.376
2025-03-09T14:00:00+01:00,15.417
2025-03-10T02:00:00+01:00,15.392
2025-03-10T14:00:00+01:00,15.377
