date,water_level_nap_m
2021-01-15T00:00:00+01:00,16.876
2021-01-15T12:00:00+01:00,16.876
2021-01-16T00:00:00+01:00,16.881
2021-01-16T12:00:00+01:00,16.896
2021-01-17T00:00:00+01:00,16.884
2021-01-17T12:00:00+01:00,16.878
2021-01-18T00:00:00+01:00,16.882
2021-01-18T12:00:00+01:00,16.889
2021-01-19T00:00:00+01:00,16.896
2021-01-19T12:00:00+01:00,16.885
2021-01-20T00:00:00+01:00,16.918
2021-01-20T12:00:00+01:00,16.93
2021-01-21T00:00:00+01:00,16.954
2021-01-21T12:00:00+01:00,16.933
2021-01-22T00:00:00+01:00,16.943
2021-01-22T12:00:00+01:00,16.967
2021-01-23T00:00:00+01:00,16.988
2021-01-23T12:00:00+01:00,16.994
2021-01-24T00:00:00+01:00,16.979
2021-01-24T12:00:00+01:00,17.01
2021-01-25T00:00:00+01:00,17.034
2021-01-25T12:00:00+01:00,17.019
2021-01-26T00:00:00+01:00,17.016
2021-01-26T12:00:00+01:00,17.007
2021-01-27T00:00:00+01:00,17.039
2021-01-27T12:00:00+01:00,17.039
2021-01-28T00:00:00+01:00,17.039
2021-01-28T12:00:00+01:00,17.07
2021-01-29T00:00:00+01:00,17.16
2021-01-29T12:00:00+01:00,17.213
2021-01-30T00:00:00+01:00,17.218
2021-01-30T12:00:00+01:00,17.213
2021-01-31T00:00:00+01:00,17.177
2021-01-31T12:00:00+01:00,17.168
2021-02-01T00:00:00+01:00,17.155
2021-02-01T12:00:00+01:00,17.12
2021-02-02T00:00:00+01:00,17.092
2021-02-02T12:00:00+01:00,17.114
2021-02-03T00:00:00+01:00,17.157
2021-02-03T12:00:00+01:00,17.191
2021-02-04T00:00:00+01:00,17.297
2021-02-04T12:00:00+01:00,17.306
2021-02-05T00:00:00+01:00,17.284
2021-02-05T12:00:00+01:00,17.258
2021-02-06T00:00:00+01:00,17.24
2021-02-06T12:00:00+01:00,17.229
2021-02-07T00:00:00+01:00,17.229
2021-02-07T12:00:00+01:00,17.259
2021-02-08T00:00:00+01:00,17.255
2021-02-08T12:00:00+01:00,17.243
2021-02-09T00:00:00+01:00,17.208
2021-02-09T12:00:00+01:00,17.194
2021-02-10T00:00:00+01:00,17.174
2021-02-10T12:00:00+01:00,17.15
2021-02-11T00:00:00+01:00,17.115
2021-02-11T12:00:00+01:00,17.11
2021-02-12T00:00:00+01:00,17.094
2021-02-12T12:00:00+01:00,17.083
2021-02-13T00:00:00+01:00,17.06
2021-02-13T12:00:00+01:00,17.054
2021-02-14T00:00:00+01:00,17.041
2021-02-14T12:00:00+01:00,17.033
2021-02-15T00:00:00+01:00,17.033
2021-02-15T12:00:00+01:00,17.045
2021-02-16T00:00:00+01:00,17.078
2021-02-16T12:00:00+01:00,17.173
2021-02-17T00:00:00+01:00,17.21
2021-02-17T12:00:00+01:00,17.22
2021-02-18T00:00:00+01:00,17.217
2021-02-18T12:00:00+01:00,17.224
2021-02-19T00:00:00+01:00,17.217
2021-02-19T12:00:00+01:00,17.219
2021-02-20T00:00:00+01:00,17.207
2021-02-20T12:00:00+01:00,17.196
2021-02-21T00:00:00+01:00,17.168
2021-02-21T12:00:00+01:00,17.156
2021-02-22T00:00:00+01:00,17.137
2021-02-22T12:00:00+01:00,17.117
2021-02-23T00:00:00+01:00,17.095
2021-02-23T12:00:00+01:00,17.086
2021-02-24T00:00:00+01:00,17.069
2021-02-24T12:00:00+01:00,17.072
2021-02-25T00:00:00+01:00,17.067
2021-02-25T12:00:00+01:00,17.055
2021-02-26T00:00:00+01:00,17.04
2021-02-26T12:00:00+01:00,17.072
2021-02-27T00:00:00+01:00,17.06
2021-02-27T12:00:00+01:00,17.05
2021-02-28T00:00:00+01:00,17.044
2021-02-28T12:00:00+01:00,17.05
2021-03-01T00:00:00+01:00,17.038
2021-03-01T12:00:00+01:00,17.034
2021-03-02T00:00:00+01:00,17.027
2021-03-02T12:00:00+01:00,17.024
2021-03-03T00:00:00+01:00,17.013
2021-03-03T12:00:00+01:00,17.011
2021-03-04T00:00:00+01:00,17.013
2021-03-04T12:00:00+01:00,17.015
2021-03-05T00:00:00+01:00,17.017
2021-03-05T12:00:00+01:00,17.002
2021-03-06T00:00:00+01:00,16.992
2021-03-06T12:00:00+01:00,16.997
2021-03-07T00:00:00+01:00,16.998
2021-03-07T12:00:00+01:00,16.996
2021-03-08T00:00:00+01:00,16.995
2021-03-08T12:00:00+01:00,16.99
2021-03-09T00:00:00+01:00,16.987
2021-03-09T12:00:00+01:00,16.989
2021-03-10T00:00:00+01:00,16.989
2021-03-10T12:00:00+01:00,17.003
2021-03-11T00:00:00+01:00,17.03
2021-03-11T12:00:00+01:00,17.018
2021-03-12T00:00:00+01:00,16.998
2021-03-12T12:00:00+01:00,17.014
2021-03-13T00:00:00+01:00,17.042
2021-03-13T12:00:00+01:00,17.075
2021-03-14T00:00:00+01:00,17.102
2021-03-14T12:00:00+01:00,17.102
2021-04-01T01:00:00+02:00,17.041
2021-04-01T13:00:00+02:00,17.025
2021-04-02T01:00:00+02:00,17.02
2021-04-02T13:00:00+02:00,17.018
2021-04-03T01:00:00+02:00,17.015
2021-04-03T13:00:00+02:00,17.007
2021-04-04T01:00:00+02:00,17.003
2021-04-04T13:00:00+02:00,17.01
2021-04-05T01:00:00+02:00,17.039
2021-04-05T13:00:00+02:00,16.999
2021-04-06T01:00:00+02:00,17.0
2021-04-06T13:00:00+02:00,17.008
2021-04-07T01:00:00+02:00,17.022
2021-04-07T13:00:00+02:00,17.033
2021-04-08T01:00:00+02:00,17.091
2021-04-08T13:00:00+02:00,17.121
2021-04-09T01:00:00+02:00,17.138
2021-04-09T13:00:00+02:00,17.135
2021-04-10T01:00:00+02:00,17.122
2021-04-10T13:00:00+02:00,17.12
2021-04-11T01:00:00+02:00,17.17
2021-04-11T13:00:00+02:00,17.181
2021-04-12T01:00:00+02:00,17.164
2021-04-12T13:00:00+02:00,17.152
2021-04-13T01:00:00+02:00,17.138
2021-04-13T13:00:00+02:00,17.135
2021-04-14T01:00:00+02:00,17.125
2021-04-14T13:00:00+02:00,17.116
2021-04-15T01:00:00+02:00,17.103
2021-04-15T13:00:00+02:00,17.101
2021-04-16T01:00:00+02:00,17.091
2021-04-16T13:00:00+02:00,17.092
2021-04-17T01:00:00+02:00,17.077
2021-04-17T13:00:00+02:00,17.08
2021-04-18T01:00:00+02:00,17.073
2021-04-18T13:00:00+02:00,17.069
2021-04-19T01:00:00+02:00,17.069
2021-04-19T13:00:00+02:00,17.062
2021-04-20T01:00:00+02:00,17.064
2021-04-20T13:00:00+02:00,17.063
2021-04-21T01:00:00+02:00,17.056
2021-04-21T13:00:00+02:00,17.047
2021-04-22T01:00:00+02:00,17.027
2021-04-22T13:00:00+02:00,17.025
2021-04-23T01:00:00+02:00,17.015
2021-04-23T13:00:00+02:00,17.014
2021-04-24T01:00:00+02:00,17.009
2021-04-24T13:00:00+02:00,17.012
2021-04-25T01:00:00+02:00,16.998
2021-04-25T13:00:00+02:00,17.0
2021-04-26T01:00:00+02:00,16.998
2021-04-26T13:00:00+02:00,17.007
2021-04-27T01:00:00+02:00,17.007
2021-04-27T13:00:00+02:00,17.002
2021-04-28T01:00:00+02:00,16.998
2021-04-28T13:00:00+02:00,17.001
2021-04-29T01:00:00+02:00,16.992
2021-04-29T13:00:00+02:00,16.965
2021-04-30T01:00:00+02:00,16.964
2021-04-30T13:00:00+02:00,16.961
2021-05-01T01:00:00+02:00,16.954
2021-05-01T13:00:00+02:00,16.958
2021-05-02T01:00:00+02:00,16.946
2021-05-02T13:00:00+02:00,16.944
2021-05-03T01:00:00+02:00,16.943
2021-05-03T13:00:00+02:00,16.954
2021-05-04T01:00:00+02:00,16.994
2021-05-04T13:00:00+02:00,16.962
2021-05-05T01:00:00+02:00,16.963
2021-05-05T13:00:00+02:00,16.948
2021-05-06T01:00:00+02:00,16.971
2021-05-06T13:00:00+02:00,16.992
2021-05-07T01:00:00+02:00,16.982
2021-05-07T13:00:00+02:00,16.969
2021-05-08T01:00:00+02:00,16.981
2021-05-08T13:00:00+02:00,17.0
2021-05-09T01:00:00+02:00,17.002
2021-05-09T13:00:00+02:00,16.997
2021-05-10T01:00:00+02:00,16.996
2021-05-10T13:00:00+02:00,16.97
2021-05-11T01:00:00+02:00,16.967
2021-05-11T13:00:00+02:00,16.963
2021-05-12T01:00:00+02:00,16.956
2021-05-12T13:00:00+02:00,16.956
2021-05-13T01:00:00+02:00,16.955
2021-05-13T13:00:00+02:00,16.959
2021-05-14T01:00:00+02:00,16.948
2021-05-14T13:00:00+02:00,16.945
2021-05-15T01:00:00+02:00,16.944
2021-05-15T13:00:00+02:00,16.961
2021-05-16T01:00:00+02:00,16.951
2021-05-16T13:00:00+02:00,16.951
2021-05-17T01:00:00+02:00,16.945
2021-05-17T13:00:00+02:00,16.932
2021-05-18T01:00:00+02:00,16.943
2021-05-18T13:00:00+02:00,16.943
2021-05-19T01:00:00+02:00,16.948
2021-05-19T13:00:00+02:00,16.948
2021-05-20T01:00:00+02:00,16.953
2021-05-20T13:00:00+02:00,16.983
2021-05-21T01:00:00+02:00,16.998
2021-05-21T13:00:00+02:00,16.984
2021-05-22T01:00:00+02:00,16.978
2021-05-22T13:00:00+02:00,16.95
2021-05-23T01:00:00+02:00,16.962
2021-05-23T13:00:00+02:00,16.984
2021-05-24T01:00:00+02:00,17.006
2021-05-24T13:00:00+02:00,17.006
2021-05-25T01:00:00+02:00,17.0
2021-05-25T13:00:00+02:00,17.005
2021-05-26T01:00:00+02:00,17.033
2021-05-26T13:00:00+02:00,17.035
2021-05-27T01:00:00+02:00,17.029
2021-05-27T13:00:00+02:00,17.012
2021-05-28T01:00:00+02:00,16.995
2021-05-28T13:00:00+02:00,17.0
2021-05-29T01:00:00+02:00,16.986
2021-05-29T13:00:00+02:00,16.971
2021-05-30T01:00:00+02:00,16.954
2021-05-30T13:00:00+02:00,16.957
2021-05-31T01:00:00+02:00,16.948
2021-05-31T13:00:00+02:00,16.949
2021-06-01T01:00:00+02:00,16.945
2021-06-01T13:00:00+02:00,16.947
2021-06-02T01:00:00+02:00,16.939
2021-06-02T13:00:00+02:00,16.945
2021-06-03T01:00:00+02:00,16.945
2021-06-03T13:00:00+02:00,16.944
2021-06-04T01:00:00+02:00,16.946
2021-06-04T13:00:00+02:00,16.95
2021-06-05T01:00:00+02:00,16.951
2021-06-05T13:00:00+02:00,16.969
2021-06-06T01:00:00+02:00,16.981
2021-06-06T13:00:00+02:00,16.982
2021-06-07T01:00:00+02:00,16.963
2021-06-07T13:00:00+02:00,16.957
2021-06-08T01:00:00+02:00,16.944
2021-06-08T13:00:00+02:00,16.944
2021-06-09T01:00:00+02:00,16.945
2021-06-09T13:00:00+02:00,16.944
2021-06-10T01:00:00+02:00,16.943
2021-06-10T13:00:00+02:00,16.943
2021-06-11T01:00:00+02:00,16.942
2021-06-11T13:00:00+02:00,16.945
2021-06-12T01:00:00+02:00,16.95
2021-06-12T13:00:00+02:00,16.941
2021-06-13T01:00:00+02:00,16.941
2021-06-13T13:00:00+02:00,16.948
2021-06-14T01:00:00+02:00,16.948
2021-06-14T13:00:00+02:00,16.948
2021-06-15T01:00:00+02:00,16.942
2021-06-15T13:00:00+02:00,16.945
2021-06-16T01:00:00+02:00,16.951
2021-06-16T13:00:00+02:00,16.953
2021-06-17T01:00:00+02:00,16.952
2021-06-17T13:00:00+02:00,16.942
2021-06-18T01:00:00+02:00,16.949
2021-06-18T13:00:00+02:00,16.95
2021-06-19T01:00:00+02:00,16.941
2021-06-19T13:00:00+02:00,16.946
2021-06-20T01:00:00+02:00,16.953
2021-06-20T13:00:00+02:00,16.951
2021-06-21T01:00:00+02:00,16.949
2021-06-21T13:00:00+02:00,16.934
2021-06-22T01:00:00+02:00,16.939
2021-06-22T13:00:00+02:00,16.945
2021-06-23T01:00:00+02:00,16.942
2021-06-23T13:00:00+02:00,16.945
2021-06-24T01:00:00+02:00,16.946
2021-06-24T13:00:00+02:00,16.943
2021-06-25T01:00:00+02:00,16.945
2021-06-25T13:00:00+02:00,16.946
2021-06-26T01:00:00+02:00,16.943
2021-06-26T13:00:00+02:00,16.947
2021-06-27T01:00:00+02:00,16.946
2021-06-27T13:00:00+02:00,16.948
2021-06-28T01:00:00+02:00,16.949
2021-06-28T13:00:00+02:00,16.947
2021-06-29T01:00:00+02:00,16.943
2021-06-29T13:00:00+02:00,16.948
2021-06-30T01:00:00+02:00,16.946
2021-06-30T13:00:00+02:00,16.939
2021-07-01T01:00:00+02:00,16.941
2021-07-01T13:00:00+02:00,16.965
2021-07-02T01:00:00+02:00,16.992
2021-07-02T13:00:00+02:00,16.992
2021-07-03T01:00:00+02:00,16.988
2021-07-03T13:00:00+02:00,16.985
2021-07-04T01:00:00+02:00,16.98
2021-07-04T13:00:00+02:00,16.989
2021-07-05T01:00:00+02:00,17.02
2021-07-05T13:00:00+02:00,17.047
2021-07-06T01:00:00+02:00,17.069
2021-07-06T13:00:00+02:00,17.054
2021-07-07T01:00:00+02:00,17.033
2021-07-07T13:00:00+02:00,17.011
2021-07-08T01:00:00+02:00,16.993
2021-07-08T13:00:00+02:00,16.979
2021-07-09T01:00:00+02:00,16.964
2021-07-09T13:00:00+02:00,16.953
2021-07-10T01:00:00+02:00,16.942
2021-07-10T13:00:00+02:00,16.949
2021-07-11T01:00:00+02:00,16.941
2021-07-11T13:00:00+02:00,16.966
2021-07-12T01:00:00+02:00,16.979
2021-07-12T13:00:00+02:00,16.977
2021-07-13T01:00:00+02:00,16.963
2021-07-13T13:00:00+02:00,16.953
2021-07-14T01:00:00+02:00,16.944
2021-07-14T13:00:00+02:00,16.941
2021-07-15T01:00:00+02:00,16.944
2021-07-15T13:00:00+02:00,17.327
2021-07-16T01:00:00+02:00,17.349
2021-07-16T13:00:00+02:00,17.311
2021-07-17T01:00:00+02:00,17.268
2021-07-17T13:00:00+02:00,17.237
2021-07-18T01:00:00+02:00,17.201
2021-07-18T13:00:00+02:00,17.179
2021-07-19T01:00:00+02:00,17.15
2021-07-19T13:00:00+02:00,17.126
2021-07-20T01:00:00+02:00,17.099
2021-07-20T13:00:00+02:00,17.083
2021-07-21T01:00:00+02:00,17.06
2021-07-21T13:00:00+02:00,17.043
2021-07-22T01:00:00+02:00,17.026
2021-07-22T13:00:00+02:00,17.015
2021-07-23T01:00:00+02:00,16.997
2021-07-23T13:00:00+02:00,17.003
2021-07-24T01:00:00+02:00,16.991
2021-07-24T13:00:00+02:00,16.977
2021-07-25T01:00:00+02:00,17.044
2021-07-25T13:00:00+02:00,17.059
2021-07-26T01:00:00+02:00,17.06
2021-07-26T13:00:00+02:00,17.048
2021-07-27T01:00:00+02:00,17.024
2021-07-27T13:00:00+02:00,17.023
2021-07-28T01:00:00+02:00,17.009
2021-07-28T13:00:00+02:00,16.994
2021-07-29T01:00:00+02:00,16.984
2021-07-29T13:00:00+02:00,16.965
2021-07-30T01:00:00+02:00,16.958
2021-07-30T13:00:00+02:00,16.958
2021-07-31T01:00:00+02:00,16.946
2021-07-31T13:00:00+02:00,16.946
2021-08-01T01:00:00+02:00,16.944
2021-08-01T13:00:00+02:00,16.94
2021-08-02T01:00:00+02:00,16.944
2021-08-02T13:00:00+02:00,16.942
2021-08-03T01:00:00+02:00,16.947
2021-08-03T13:00:00+02:00,16.948
2021-08-04T01:00:00+02:00,16.944
2021-08-04T13:00:00+02:00,16.947
2021-08-05T01:00:00+02:00,16.95
2021-08-05T13:00:00+02:00,16.952
2021-08-06T01:00:00+02:00,16.952
2021-08-06T13:00:00+02:00,16.943
2021-08-07T01:00:00+02:00,16.948
2021-08-07T13:00:00+02:00,16.951
2021-08-08T01:00:00+02:00,16.945
2021-08-08T13:00:00+02:00,16.945
2021-08-09T01:00:00+02:00,16.945
2021-08-09T13:00:00+02:00,16.947
2021-08-10T01:00:00+02:00,16.951
2021-08-10T13:00:00+02:00,16.945
2021-08-11T01:00:00+02:00,16.947
2021-08-11T13:00:00+02:00,16.946
2021-08-12T01:00:00+02:00,16.943
2021-08-12T13:00:00+02:00,16.946
2021-08-13T01:00:00+02:00,16.944
2021-08-13T13:00:00+02:00,16.943
2021-08-14T01:00:00+02:00,16.947
2021-08-14T13:00:00+02:00,16.948
2021-08-15T01:00:00+02:00,16.953
2021-08-15T13:00:00+02:00,16.954
2021-08-16T01:00:00+02:00,16.95
2021-08-16T13:00:00+02:00,16.939
2021-08-17T01:00:00+02:00,16.946
2021-08-17T13:00:00+02:00,16.946
2021-08-18T01:00:00+02:00,16.946
2021-08-18T13:00:00+02:00,16.948
2021-08-19T01:00:00+02:00,16.948
2021-08-19T13:00:00+02:00,16.945
2021-08-20T01:00:00+02:00,16.945
2021-08-20T13:00:00+02:00,16.944
2021-08-21T01:00:00+02:00,16.944
2021-08-21T13:00:00+02:00,16.95
2021-08-22T01:00:00+02:00,16.949
2021-08-22T13:00:00+02:00,16.948
2021-08-23T01:00:00+02:00,16.943
2021-08-23T13:00:00+02:00,16.944
2021-08-24T01:00:00+02:00,16.943
2021-08-24T13:00:00+02:00,16.949
2021-08-25T01:00:00+02:00,16.948
2021-08-25T13:00:00+02:00,16.952
2021-08-26T01:00:00+02:00,16.953
2021-08-26T13:00:00+02:00,16.945
2021-08-27T01:00:00+02:00,16.943
2021-08-27T13:00:00+02:00,16.945
2021-08-28T01:00:00+02:00,16.94
2021-08-28T13:00:00+02:00,16.944
2021-08-29T01:00:00+02:00,16.948
2021-08-29T13:00:00+02:00,16.944
2021-08-30T01:00:00+02:00,16.94
2021-08-30T13:00:00+02:00,16.942
2021-08-31T01:00:00+02:00,16.941
2021-08-31T13:00:00+02:00,16.942
2021-09-01T01:00:00+02:00,16.944
2021-09-01T13:00:00+02:00,16.943
2021-09-02T01:00:00+02:00,16.948
2021-09-02T13:00:00+02:00,16.949
2021-09-03T01:00:00+02:00,16.948
2021-09-03T13:00:00+02:00,16.946
2021-09-04T01:00:00+02:00,16.946
2021-09-04T13:00:00+02:00,16.947
2021-09-05T01:00:00+02:00,16.942
2021-09-05T13:00:00+02:00,16.944
2021-09-06T01:00:00+02:00,16.943
2021-09-06T13:00:00+02:00,16.949
2021-09-07T01:00:00+02:00,16.939
2021-09-07T13:00:00+02:00,16.947
2021-09-08T01:00:00+02:00,16.949
2021-09-08T13:00:00+02:00,16.95
2021-09-09T01:00:00+02:00,16.951
2021-09-09T13:00:00+02:00,16.948
2021-09-10T01:00:00+02:00,16.946
2021-09-10T13:00:00+02:00,16.947
2021-09-11T01:00:00+02:00,16.944
2021-09-11T13:00:00+02:00,16.949
2021-09-12T01:00:00+02:00,16.948
2021-09-12T13:00:00+02:00,16.948
2021-09-13T01:00:00+02:00,16.946
2021-09-13T13:00:00+02:00,16.951
2021-09-14T01:00:00+02:00,16.945
2021-09-14T13:00:00+02:00,16.952
2021-09-15T01:00:00+02:00,16.948
2021-09-15T13:00:00+02:00,16.945
2021-09-16T01:00:00+02:00,16.945
2021-09-16T13:00:00+02:00,16.943
2021-09-17T01:00:00+02:00,16.947
2021-09-17T13:00:00+02:00,16.946
2021-09-17T19:00:00+02:00,16.936
2021-09-18T07:00:00+02:00,16.935
2021-09-18T19:00:00+02:00,16.939
2021-09-19T07:00:00+02:00,16.939
2021-09-19T19:00:00+02:00,16.933
2021-09-20T07:00:00+02:00,16.935
2021-09-20T19:00:00+02:00,16.925
2021-09-21T07:00:00+02:00,16.929
2021-09-21T19:00:00+02:00,16.934
2021-09-22T07:00:00+02:00,16.932
2021-09-22T19:00:00+02:00,16.936
2021-09-23T07:00:00+02:00,16.945
2021-09-23T19:00:00+02:00,16.939
2021-09-24T07:00:00+02:00,16.938
2021-09-24T19:00:00+02:00,16.933
2021-09-25T07:00:00+02:00,16.937
2021-09-25T19:00:00+02:00,16.937
2021-09-26T07:00:00+02:00,16.936
2021-09-26T19:00:00+02:00,16.935
2021-09-27T07:00:00+02:00,16.942
2021-09-27T19:00:00+02:00,16.927
2021-09-28T07:00:00+02:00,16.935
2021-09-28T19:00:00+02:00,16.942
2021-09-29T07:00:00+02:00,16.941
2021-09-29T19:00:00+02:00,16.931
2021-09-30T07:00:00+02:00,16.938
2021-09-30T19:00:00+02:00,16.942
2021-10-01T07:00:00+02:00,16.942
2021-10-01T19:00:00+02:00,16.935
2021-10-02T07:00:00+02:00,16.936
2021-10-02T19:00:00+02:00,16.954
2021-10-03T07:00:00+02:00,16.943
2021-10-03T19:00:00+02:00,16.924
2021-10-04T07:00:00+02:00,16.933
2021-10-04T19:00:00+02:00,16.937
2021-10-05T07:00:00+02:00,16.946
2021-10-05T19:00:00+02:00,16.932
2021-10-06T07:00:00+02:00,16.939
2021-10-06T19:00:00+02:00,16.929
2021-10-07T07:00:00+02:00,16.929
2021-10-07T19:00:00+02:00,16.93
2021-10-08T07:00:00+02:00,16.935
2021-10-08T19:00:00+02:00,16.931
2021-10-09T07:00:00+02:00,16.936
2021-10-09T19:00:00+02:00,16.934
2021-10-10T07:00:00+02:00,16.935
2021-10-10T19:00:00+02:00,16.936
2021-10-11T07:00:00+02:00,16.936
2021-10-11T19:00:00+02:00,16.936
2021-10-12T07:00:00+02:00,16.943
2021-10-12T19:00:00+02:00,16.924
2021-10-13T07:00:00+02:00,16.931
2021-10-13T19:00:00+02:00,16.935
2021-10-14T07:00:00+02:00,16.937
2021-10-14T19:00:00+02:00,16.938
2021-10-15T07:00:00+02:00,16.936
2021-10-15T19:00:00+02:00,16.929
2021-10-16T07:00:00+02:00,16.938
2021-10-16T19:00:00+02:00,16.935
2021-10-17T07:00:00+02:00,16.936
2021-10-17T19:00:00+02:00,16.935
2021-10-18T07:00:00+02:00,16.937
2021-10-18T19:00:00+02:00,16.942
2021-10-19T07:00:00+02:00,16.942
2021-10-19T19:00:00+02:00,16.944
2021-10-20T07:00:00+02:00,16.951
2021-10-20T19:00:00+02:00,16.941
2021-10-21T07:00:00+02:00,16.866
2021-10-21T19:00:00+02:00,16.931
2021-10-22T07:00:00+02:00,16.939
2021-10-22T19:00:00+02:00,16.931
2021-10-23T07:00:00+02:00,16.934
2021-10-23T19:00:00+02:00,16.937
2021-10-24T07:00:00+02:00,16.944
2021-10-24T19:00:00+02:00,16.941
2021-10-25T07:00:00+02:00,16.94
2021-10-25T19:00:00+02:00,16.934
2021-10-26T07:00:00+02:00,16.938
2021-10-26T19:00:00+02:00,16.94
2021-10-27T07:00:00+02:00,16.941
2021-10-27T19:00:00+02:00,16.941
2021-10-28T07:00:00+02:00,16.948
2021-10-28T19:00:00+02:00,16.944
2021-10-29T07:00:00+02:00,16.947
2021-10-29T19:00:00+02:00,16.933
2021-10-30T07:00:00+02:00,16.949
2021-10-30T19:00:00+02:00,16.932
2021-10-31T06:00:00+01:00,16.948
2021-10-31T18:00:00+01:00,16.934
2021-11-01T06:00:00+01:00,16.94
2021-11-01T18:00:00+01:00,16.936
2021-11-02T06:00:00+01:00,16.951
2021-11-02T18:00:00+01:00,16.944
2021-11-03T06:00:00+01:00,16.952
2021-11-03T18:00:00+01:00,16.937
2021-11-04T06:00:00+01:00,16.929
2021-11-04T18:00:00+01:00,16.929
2021-11-05T06:00:00+01:00,16.93
2021-11-05T18:00:00+01:00,16.932
2021-11-06T06:00:00+01:00,16.936
2021-11-06T18:00:00+01:00,16.948
2021-11-07T06:00:00+01:00,16.938
2021-11-07T18:00:00+01:00,16.937
2021-11-08T06:00:00+01:00,16.934
2021-11-08T18:00:00+01:00,16.935
2021-11-09T06:00:00+01:00,16.935
2021-11-09T18:00:00+01:00,16.939
2021-11-10T06:00:00+01:00,16.939
2021-11-10T18:00:00+01:00,16.934
2021-11-11T06:00:00+01:00,16.937
2021-11-11T18:00:00+01:00,16.94
2021-11-12T06:00:00+01:00,16.947
2021-11-12T18:00:00+01:00,16.941
2021-11-13T06:00:00+01:00,16.937
2021-11-13T18:00:00+01:00,16.932
2021-11-14T06:00:00+01:00,16.933
2021-11-14T18:00:00+01:00,16.936
2021-11-15T06:00:00+01:00,16.938
2021-11-15T18:00:00+01:00,16.934
2021-11-16T06:00:00+01:00,16.938
2021-11-16T18:00:00+01:00,16.939
2021-11-17T06:00:00+01:00,16.947
2021-11-17T18:00:00+01:00,16.931
2021-11-18T06:00:00+01:00,16.94
2021-11-18T18:00:00+01:00,16.937
2021-11-19T06:00:00+01:00,16.941
2021-11-19T18:00:00+01:00,16.938
2021-11-20T06:00:00+01:00,16.943
2021-11-20T18:00:00+01:00,16.947
2021-11-21T06:00:00+01:00,16.944
2021-11-21T18:00:00+01:00,16.932
2021-11-22T06:00:00+01:00,16.93
2021-11-22T18:00:00+01:00,16.935
2021-11-23T06:00:00+01:00,16.939
2021-11-23T18:00:00+01:00,16.94
2021-11-24T06:00:00+01:00,16.944
2021-11-24T18:00:00+01:00,16.946
2021-11-25T06:00:00+01:00,16.941
2021-11-25T18:00:00+01:00,16.943
2021-11-26T06:00:00+01:00,16.952
2021-11-26T18:00:00+01:00,16.949
2021-11-27T06:00:00+01:00,16.936
2021-11-27T18:00:00+01:00,16.938
2021-11-28T06:00:00+01:00,16.936
2021-11-28T18:00:00+01:00,16.937
2021-11-29T06:00:00+01:00,16.936
2021-11-29T18:00:00+01:00,16.935
2021-11-30T06:00:00+01:00,16.944
2021-11-30T18:00:00+01:00,16.946
2021-12-01T06:00:00+01:00,16.954
2021-12-01T18:00:00+01:00,16.933
2021-12-02T06:00:00+01:00,16.936
2021-12-02T18:00:00+01:00,16.935
2021-12-03T06:00:00+01:00,16.945
2021-12-03T18:00:00+01:00,16.953
2021-12-04T06:00:00+01:00,16.947
2021-12-04T18:00:00+01:00,16.938
2021-12-05T06:00:00+01:00,16.941
2021-12-05T18:00:00+01:00,16.927
2021-12-06T06:00:00+01:00,16.936
2021-12-06T18:00:00+01:00,16.949
2021-12-07T06:00:00+01:00,16.932
2021-12-07T18:00:00+01:00,16.962
2021-12-08T06:00:00+01:00,16.939
2021-12-08T18:00:00+01:00,16.941
2021-12-09T06:00:00+01:00,16.939
2021-12-09T18:00:00+01:00,16.94
2021-12-10T06:00:00+01:00,16.95
2021-12-10T18:00:00+01:00,16.928
2021-12-11T06:00:00+01:00,16.934
2021-12-11T18:00:00+01:00,16.932
2021-12-12T06:00:00+01:00,16.939
2021-12-12T18:00:00+01:00,16.937
2021-12-13T06:00:00+01:00,16.942
2021-12-13T18:00:00+01:00,16.943
2021-12-14T06:00:00+01:00,16.941
2021-12-14T18:00:00+01:00,16.937
2021-12-15T06:00:00+01:00,16.939
2021-12-15T18:00:00+01:00,16.935
2021-12-16T06:00:00+01:00,16.937
2021-12-16T18:00:00+01:00,16.937
2021-12-17T06:00:00+01:00,16.94
2021-12-17T18:00:00+01:00,16.936
2021-12-18T06:00:00+01:00,16.937
2021-12-18T18:00:00+01:00,16.939
2021-12-19T06:00:00+01:00,16.941
2021-12-19T18:00:00+01:00,16.942
2021-12-20T06:00:00+01:00,16.941
2021-12-20T18:00:00+01:00,16.94
2021-12-21T06:00:00+01:00,16.939
2021-12-21T18:00:00+01:00,16.937
2021-12-22T06:00:00+01:00,16.945
2021-12-22T18:00:00+01:00,16.945
2021-12-23T06:00:00+01:00,16.947
2021-12-23T18:00:00+01:00,16.947
2021-12-24T06:00:00+01:00,16.942
2021-12-24T18:00:00+01:00,16.945
2021-12-25T06:00:00+01:00,16.934
2021-12-25T18:00:00+01:00,16.941
2021-12-26T06:00:00+01:00,16.944
2021-12-26T18:00:00+01:00,16.946
2021-12-27T06:00:00+01:00,16.944
2021-12-27T18:00:00+01:00,16.943
2021-12-28T06:00:00+01:00,16.948
2021-12-28T18:00:00+01:00,16.935
2021-12-29T06:00:00+01:00,16.94
2021-12-29T18:00:00+01:00,16.939
2021-12-30T06:00:00+01:00,16.957
2021-12-30T18:00:00+01:00,16.974
2021-12-31T06:00:00+01:00,16.995
2021-12-31T18:00:00+01:00,16.976
2022-01-02T06:00:00+01:00,16.993
2022-01-02T18:00:00+01:00,16.981
2022-01-03T06:00:00+01:00,16.974
2022-01-03T18:00:00+01:00,16.98
2022-01-04T06:00:00+01:00,16.983
2022-01-04T18:00:00+01:00,16.96
2022-01-05T06:00:00+01:00,16.954
2022-01-05T18:00:00+01:00,16.936
2022-01-06T06:00:00+01:00,16.937
2022-01-06T18:00:00+01:00,16.943
2022-01-07T06:00:00+01:00,16.948
2022-01-07T18:00:00+01:00,16.947
2022-01-08T06:00:00+01:00,16.948
2022-01-08T18:00:00+01:00,17.009
2022-01-09T06:00:00+01:00,16.99
2022-01-09T18:00:00+01:00,17.029
2022-01-10T06:00:00+01:00,17.032
2022-01-10T18:00:00+01:00,17.019
2022-01-11T06:00:00+01:00,17.021
2022-01-11T18:00:00+01:00,17.003
2022-01-12T06:00:00+01:00,16.991
2022-01-12T18:00:00+01:00,16.98
2022-01-13T06:00:00+01:00,16.978
2022-01-13T18:00:00+01:00,16.967
2022-01-14T06:00:00+01:00,16.969
2022-01-14T18:00:00+01:00,16.963
2022-01-15T06:00:00+01:00,16.973
2022-01-15T18:00:00+01:00,16.969
2022-01-16T06:00:00+01:00,16.961
2022-01-16T18:00:00+01:00,16.938
2022-01-17T06:00:00+01:00,16.933
2022-01-17T18:00:00+01:00,16.933
2022-01-18T06:00:00+01:00,16.938
2022-01-18T18:00:00+01:00,16.943
2022-01-19T06:00:00+01:00,16.945
2022-01-19T18:00:00+01:00,16.937
2022-01-20T06:00:00+01:00,16.931
2022-01-20T18:00:00+01:00,16.933
2022-01-21T06:00:00+01:00,16.937
2022-01-21T18:00:00+01:00,16.935
2022-01-22T06:00:00+01:00,16.941
2022-01-22T18:00:00+01:00,16.941
2022-01-23T06:00:00+01:00,16.943
2022-01-23T18:00:00+01:00,16.939
2022-01-24T06:00:00+01:00,16.943
2022-01-24T18:00:00+01:00,16.935
2022-01-25T06:00:00+01:00,16.941
2022-01-25T18:00:00+01:00,16.942
2022-01-26T06:00:00+01:00,16.946
2022-01-26T18:00:00+01:00,16.943
2022-01-27T06:00:00+01:00,16.95
2022-01-27T18:00:00+01:00,16.934
2022-01-28T06:00:00+01:00,16.938
2022-01-28T18:00:00+01:00,16.948
2022-01-29T06:00:00+01:00,16.949
2022-01-29T18:00:00+01:00,16.933
2022-01-31T06:00:00+01:00,16.954
2022-01-31T18:00:00+01:00,16.93
2022-02-01T06:00:00+01:00,16.957
2022-02-01T18:00:00+01:00,16.938
2022-02-02T06:00:00+01:00,16.937
2022-02-02T18:00:00+01:00,16.942
2022-02-03T06:00:00+01:00,16.949
2022-02-03T18:00:00+01:00,16.945
2022-02-04T06:00:00+01:00,16.948
2022-02-04T18:00:00+01:00,16.93
2022-02-05T06:00:00+01:00,16.936
2022-02-05T18:00:00+01:00,16.949
2022-02-06T06:00:00+01:00,16.96
2022-02-06T18:00:00+01:00,16.995
2022-02-07T06:00:00+01:00,17.061
2022-02-07T18:00:00+01:00,17.101
2022-02-08T06:00:00+01:00,17.111
2022-02-08T18:00:00+01:00,17.095
2022-02-09T06:00:00+01:00,17.096
2022-02-09T18:00:00+01:00,17.084
2022-02-10T06:00:00+01:00,17.083
2022-02-10T18:00:00+01:00,17.064
2022-02-11T06:00:00+01:00,17.046
2022-02-11T18:00:00+01:00,17.034
2022-02-12T06:00:00+01:00,17.039
2022-02-12T18:00:00+01:00,17.039
2022-02-13T06:00:00+01:00,17.04
2022-02-13T18:00:00+01:00,17.045
2022-02-14T06:00:00+01:00,17.042
2022-02-14T18:00:00+01:00,17.012
2022-02-15T06:00:00+01:00,17.002
2022-02-15T18:00:00+01:00,17.007
2022-02-16T06:00:00+01:00,17.048
2022-02-16T18:00:00+01:00,17.084
2022-02-17T06:00:00+01:00,17.093
2022-02-17T18:00:00+01:00,17.102
2022-02-18T06:00:00+01:00,17.13
2022-02-18T18:00:00+01:00,17.096
2022-02-19T06:00:00+01:00,17.075
2022-02-19T18:00:00+01:00,17.093
2022-02-20T06:00:00+01:00,17.124
2022-02-20T18:00:00+01:00,17.169
2022-02-21T06:00:00+01:00,17.227
2022-02-21T18:00:00+01:00,17.251
2022-02-22T06:00:00+01:00,17.273
2022-02-22T18:00:00+01:00,17.256
2022-02-23T06:00:00+01:00,17.25
2022-02-23T18:00:00+01:00,17.249
2022-02-24T06:00:00+01:00,17.245
2022-02-24T18:00:00+01:00,17.207
2022-02-25T06:00:00+01:00,17.213
2022-02-25T18:00:00+01:00,17.182
2022-02-26T06:00:00+01:00,17.181
2022-02-26T18:00:00+01:00,17.177
2022-02-27T06:00:00+01:00,17.167
2022-02-27T18:00:00+01:00,17.157
2022-02-28T06:00:00+01:00,17.14
2022-02-28T18:00:00+01:00,17.127
2022-03-01T06:00:00+01:00,17.122
2022-03-01T18:00:00+01:00,17.108
2022-03-02T06:00:00+01:00,17.108
2022-03-02T18:00:00+01:00,17.095
2022-03-03T06:00:00+01:00,17.092
2022-03-03T18:00:00+01:00,17.074
2022-03-04T06:00:00+01:00,17.066
2022-03-04T18:00:00+01:00,17.06
2022-03-05T06:00:00+01:00,17.052
2022-03-05T18:00:00+01:00,17.04
2022-03-06T06:00:00+01:00,17.027
2022-03-06T18:00:00+01:00,17.02
2022-03-07T06:00:00+01:00,17.017
2022-03-07T18:00:00+01:00,17.019
2022-03-08T06:00:00+01:00,17.02
2022-03-08T18:00:00+01:00,17.013
2022-03-09T06:00:00+01:00,17.005
2022-03-09T18:00:00+01:00,16.994
2022-03-10T06:00:00+01:00,16.997
2022-03-10T18:00:00+01:00,16.996
2022-03-11T06:00:00+01:00,17.007
2022-03-11T18:00:00+01:00,16.998
2022-03-12T06:00:00+01:00,16.987
2022-03-12T18:00:00+01:00,16.989
2022-03-13T06:00:00+01:00,16.993
2022-03-13T18:00:00+01:00,16.98
2022-03-14T06:00:00+01:00,16.962
2022-03-14T18:00:00+01:00,16.952
2022-03-15T06:00:00+01:00,16.967
2022-03-15T18:00:00+01:00,16.958
2022-03-16T06:00:00+01:00,16.963
2022-03-16T18:00:00+01:00,16.983
2022-03-17T06:00:00+01:00,16.947
2022-03-17T18:00:00+01:00,16.939
2022-03-18T06:00:00+01:00,16.937
2022-03-18T18:00:00+01:00,16.935
2022-03-19T06:00:00+01:00,16.94
2022-03-19T18:00:00+01:00,16.94
2022-03-20T06:00:00+01:00,16.954
2022-03-20T18:00:00+01:00,16.932
2022-03-21T06:00:00+01:00,16.938
2022-03-21T18:00:00+01:00,16.941
2022-03-22T06:00:00+01:00,16.938
2022-03-22T18:00:00+01:00,16.939
2022-03-23T06:00:00+01:00,16.937
2022-03-23T18:00:00+01:00,16.936
2022-03-24T06:00:00+01:00,16.937
2022-03-24T18:00:00+01:00,16.935
2022-03-25T06:00:00+01:00,16.938
2022-03-25T18:00:00+01:00,16.938
2022-03-26T06:00:00+01:00,16.935
2022-03-26T18:00:00+01:00,16.936
2022-03-27T07:00:00+02:00,16.941
2022-03-27T19:00:00+02:00,16.941
2022-03-28T07:00:00+02:00,16.945
2022-03-28T19:00:00+02:00,16.946
2022-03-29T07:00:00+02:00,16.948
2022-03-29T19:00:00+02:00,16.946
2022-03-30T07:00:00+02:00,16.946
2022-03-30T19:00:00+02:00,16.943
2022-03-31T07:00:00+02:00,16.946
2022-03-31T19:00:00+02:00,16.943
2022-04-01T07:00:00+02:00,16.934
2022-04-01T19:00:00+02:00,16.941
2022-04-02T07:00:00+02:00,16.935
2022-04-02T19:00:00+02:00,16.938
2022-04-03T07:00:00+02:00,16.936
2022-04-03T19:00:00+02:00,16.943
2022-04-04T07:00:00+02:00,16.956
2022-04-04T19:00:00+02:00,16.948
2022-04-05T07:00:00+02:00,16.942
2022-04-05T19:00:00+02:00,16.945
2022-04-06T07:00:00+02:00,16.965
2022-04-06T19:00:00+02:00,16.989
2022-04-07T07:00:00+02:00,17.027
2022-04-07T19:00:00+02:00,17.012
2022-04-08T07:00:00+02:00,17.028
2022-04-08T19:00:00+02:00,17.026
2022-04-09T07:00:00+02:00,16.999
2022-04-09T19:00:00+02:00,16.991
2022-04-10T07:00:00+02:00,16.981
2022-04-10T19:00:00+02:00,16.979
2022-04-11T07:00:00+02:00,16.984
2022-04-11T19:00:00+02:00,16.983
2022-04-12T07:00:00+02:00,16.98
2022-04-12T19:00:00+02:00,16.967
2022-04-13T07:00:00+02:00,16.958
2022-04-13T19:00:00+02:00,16.948
2022-04-14T07:00:00+02:00,16.942
2022-04-14T19:00:00+02:00,16.933
2022-04-15T07:00:00+02:00,16.93
2022-04-15T19:00:00+02:00,16.938
2022-04-16T07:00:00+02:00,16.937
2022-04-16T19:00:00+02:00,16.939
2022-04-17T07:00:00+02:00,16.942
2022-04-17T19:00:00+02:00,16.946
2022-04-18T07:00:00+02:00,16.941
2022-04-18T19:00:00+02:00,16.943
2022-04-19T07:00:00+02:00,16.943
2022-04-19T19:00:00+02:00,16.938
2022-04-20T07:00:00+02:00,16.941
2022-04-20T19:00:00+02:00,16.946
2022-04-21T07:00:00+02:00,16.949
2022-04-21T19:00:00+02:00,16.944
2022-04-22T07:00:00+02:00,16.943
2022-04-22T19:00:00+02:00,16.947
2022-04-23T07:00:00+02:00,16.947
2022-04-23T19:00:00+02:00,16.945
2022-04-24T07:00:00+02:00,16.944
2022-04-24T19:00:00+02:00,16.939
2022-04-25T07:00:00+02:00,16.941
2022-04-25T19:00:00+02:00,16.941
2022-04-26T07:00:00+02:00,16.938
2022-04-26T19:00:00+02:00,16.937
2022-04-27T07:00:00+02:00,16.938
2022-04-27T19:00:00+02:00,16.937
2022-04-28T07:00:00+02:00,16.938
2022-04-28T19:00:00+02:00,16.943
2022-04-29T07:00:00+02:00,16.942
2022-04-29T19:00:00+02:00,16.943
2022-04-30T07:00:00+02:00,16.942
2022-04-30T19:00:00+02:00,16.944
2022-05-01T07:00:00+02:00,16.94
2022-05-01T19:00:00+02:00,16.941
2022-05-02T07:00:00+02:00,16.944
2022-05-02T19:00:00+02:00,16.944
2022-05-03T07:00:00+02:00,16.943
2022-05-03T19:00:00+02:00,16.944
2022-05-04T07:00:00+02:00,16.946
2022-05-04T19:00:00+02:00,16.945
2022-05-05T07:00:00+02:00,16.941
2022-05-05T19:00:00+02:00,16.944
2022-05-06T07:00:00+02:00,16.941
2022-05-06T19:00:00+02:00,16.947
2022-05-07T07:00:00+02:00,16.94
2022-05-07T19:00:00+02:00,16.945
2022-05-08T07:00:00+02:00,16.939
2022-05-08T19:00:00+02:00,16.946
2022-05-09T07:00:00+02:00,16.946
2022-05-09T19:00:00+02:00,16.948
2022-05-10T07:00:00+02:00,16.95
2022-05-10T19:00:00+02:00,16.943
2022-05-11T07:00:00+02:00,16.946
2022-05-11T19:00:00+02:00,16.943
2022-05-12T07:00:00+02:00,16.939
2022-05-12T19:00:00+02:00,16.945
2022-05-13T07:00:00+02:00,16.943
2022-05-13T19:00:00+02:00,16.948
2022-05-14T07:00:00+02:00,16.945
2022-05-14T19:00:00+02:00,16.949
2022-05-15T07:00:00+02:00,16.949
2022-05-15T19:00:00+02:00,16.953
2022-05-16T07:00:00+02:00,16.946
2022-05-16T19:00:00+02:00,16.941
2022-05-17T07:00:00+02:00,16.944
2022-05-17T19:00:00+02:00,16.951
2022-05-18T07:00:00+02:00,16.947
2022-05-18T19:00:00+02:00,16.95
2022-05-19T07:00:00+02:00,16.963
2022-05-19T19:00:00+02:00,16.941
2022-05-20T07:00:00+02:00,16.953
2022-05-20T19:00:00+02:00,16.938
2022-05-21T07:00:00+02:00,16.946
2022-05-21T19:00:00+02:00,16.948
2022-05-22T07:00:00+02:00,16.95
2022-05-22T19:00:00+02:00,16.956
2022-05-23T07:00:00+02:00,16.961
2022-05-23T19:00:00+02:00,16.935
2022-05-24T07:00:00+02:00,16.947
2022-05-24T19:00:00+02:00,16.947
2022-05-25T07:00:00+02:00,16.95
2022-05-25T19:00:00+02:00,16.948
2022-05-26T07:00:00+02:00,16.945
2022-05-26T19:00:00+02:00,16.947
2022-05-27T07:00:00+02:00,16.945
2022-05-27T19:00:00+02:00,16.948
2022-05-28T07:00:00+02:00,16.946
2022-05-28T19:00:00+02:00,16.95
2022-05-29T07:00:00+02:00,16.953
2022-05-29T19:00:00+02:00,16.949
2022-05-30T07:00:00+02:00,16.949
2022-05-30T19:00:00+02:00,16.948
2022-05-31T07:00:00+02:00,16.951
2022-05-31T19:00:00+02:00,16.941
2022-06-01T07:00:00+02:00,16.952
2022-06-01T19:00:00+02:00,16.946
2022-06-02T07:00:00+02:00,16.948
2022-06-02T19:00:00+02:00,16.949
2022-06-03T07:00:00+02:00,16.952
2022-06-03T19:00:00+02:00,16.947
2022-06-04T07:00:00+02:00,16.944
2022-06-04T19:00:00+02:00,16.951
2022-06-05T07:00:00+02:00,16.951
2022-06-05T19:00:00+02:00,16.945
2022-06-06T07:00:00+02:00,16.95
2022-06-06T19:00:00+02:00,16.943
2022-06-07T07:00:00+02:00,16.947
2022-06-07T19:00:00+02:00,16.946
2022-06-08T07:00:00+02:00,16.955
2022-06-08T19:00:00+02:00,16.952
2022-06-09T07:00:00+02:00,16.939
2022-06-09T19:00:00+02:00,16.945
2022-06-10T07:00:00+02:00,16.952
2022-06-10T19:00:00+02:00,16.95
2022-06-11T07:00:00+02:00,16.948
2022-06-11T19:00:00+02:00,16.949
2022-06-12T07:00:00+02:00,16.949
2022-06-12T19:00:00+02:00,16.95
2022-06-14T07:00:00+02:00,16.949
2022-06-14T19:00:00+02:00,16.951
2022-06-15T07:00:00+02:00,16.946
2022-06-15T19:00:00+02:00,16.949
2022-06-16T07:00:00+02:00,16.944
2022-06-16T19:00:00+02:00,16.947
2022-06-17T07:00:00+02:00,16.953
2022-06-17T19:00:00+02:00,16.955
2022-06-18T07:00:00+02:00,16.947
2022-06-18T19:00:00+02:00,16.952
2022-06-20T07:00:00+02:00,16.947
2022-06-20T19:00:00+02:00,16.952
2022-06-21T07:00:00+02:00,16.946
2022-06-21T19:00:00+02:00,16.948
2022-06-22T07:00:00+02:00,16.942
2022-06-22T19:00:00+02:00,16.949
2022-06-23T07:00:00+02:00,16.949
2022-06-23T19:00:00+02:00,16.951
2022-06-24T07:00:00+02:00,16.947
2022-06-24T19:00:00+02:00,16.947
2022-06-25T07:00:00+02:00,16.946
2022-06-25T19:00:00+02:00,16.943
2022-06-26T07:00:00+02:00,16.944
2022-06-26T19:00:00+02:00,16.951
2022-06-27T07:00:00+02:00,16.936
2022-06-27T19:00:00+02:00,16.948
2022-06-28T07:00:00+02:00,16.952
2022-06-28T19:00:00+02:00,16.952
2022-06-29T07:00:00+02:00,16.954
2022-06-29T19:00:00+02:00,16.955
2022-06-30T07:00:00+02:00,16.952
2022-06-30T19:00:00+02:00,16.949
2022-07-01T07:00:00+02:00,16.949
2022-07-01T19:00:00+02:00,16.944
2022-07-02T07:00:00+02:00,16.948
2022-07-02T19:00:00+02:00,16.951
2022-07-03T07:00:00+02:00,16.95
2022-07-03T19:00:00+02:00,16.946
2022-07-04T07:00:00+02:00,16.953
2022-07-04T19:00:00+02:00,16.95
2022-07-05T07:00:00+02:00,16.947
2022-07-05T19:00:00+02:00,16.94
2022-07-06T07:00:00+02:00,16.944
2022-07-06T19:00:00+02:00,16.952
2022-07-07T07:00:00+02:00,16.941
2022-07-07T19:00:00+02:00,16.946
2022-07-08T07:00:00+02:00,16.944
2022-07-08T19:00:00+02:00,16.952
2022-07-09T07:00:00+02:00,16.95
2022-07-09T19:00:00+02:00,16.942
2022-07-10T07:00:00+02:00,16.948
2022-07-10T19:00:00+02:00,16.954
2022-07-11T07:00:00+02:00,16.948
2022-07-11T19:00:00+02:00,16.95
2022-07-13T07:00:00+02:00,16.948
2022-07-13T19:00:00+02:00,16.948
2022-07-14T07:00:00+02:00,16.947
2022-07-14T19:00:00+02:00,16.944
2022-07-15T07:00:00+02:00,16.948
2022-07-15T19:00:00+02:00,16.949
2022-07-16T07:00:00+02:00,16.945
2022-07-16T19:00:00+02:00,16.944
2022-07-17T07:00:00+02:00,16.949
2022-07-17T19:00:00+02:00,16.947
2022-07-18T07:00:00+02:00,16.95
2022-07-18T19:00:00+02:00,16.952
2022-07-19T07:00:00+02:00,16.95
2022-07-19T19:00:00+02:00,16.951
2022-07-21T07:00:00+02:00,16.952
2022-07-21T19:00:00+02:00,16.944
2022-07-22T07:00:00+02:00,16.948
2022-07-22T19:00:00+02:00,16.95
2022-07-23T07:00:00+02:00,16.946
2022-07-23T19:00:00+02:00,16.948
2022-07-24T07:00:00+02:00,16.95
2022-07-24T19:00:00+02:00,16.956
2022-07-25T07:00:00+02:00,16.947
2022-07-25T19:00:00+02:00,16.948
2022-07-26T07:00:00+02:00,16.945
2022-07-26T19:00:00+02:00,16.946
2022-07-28T07:00:00+02:00,16.946
2022-07-28T19:00:00+02:00,16.947
2022-07-29T07:00:00+02:00,16.946
2022-07-29T19:00:00+02:00,16.944
2022-07-30T07:00:00+02:00,16.948
2022-07-30T19:00:00+02:00,16.946
2022-07-31T07:00:00+02:00,16.952
2022-07-31T19:00:00+02:00,16.943
2022-08-01T07:00:00+02:00,16.947
2022-08-01T19:00:00+02:00,16.947
2022-08-02T07:00:00+02:00,16.951
2022-08-02T19:00:00+02:00,16.949
2022-08-03T07:00:00+02:00,16.947
2022-08-03T19:00:00+02:00,16.95
2022-08-04T07:00:00+02:00,16.951
2022-08-04T19:00:00+02:00,16.95
2022-08-05T07:00:00+02:00,16.944
2022-08-05T19:00:00+02:00,16.941
2022-08-06T07:00:00+02:00,16.944
2022-08-06T19:00:00+02:00,16.95
2022-08-07T07:00:00+02:00,16.945
2022-08-07T19:00:00+02:00,16.948
2022-08-08T07:00:00+02:00,16.947
2022-08-08T19:00:00+02:00,16.945
2022-08-09T07:00:00+02:00,16.946
2022-08-09T19:00:00+02:00,16.945
2022-08-10T07:00:00+02:00,16.946
2022-08-10T19:00:00+02:00,16.95
2022-08-11T07:00:00+02:00,16.947
2022-08-11T19:00:00+02:00,16.951
2022-08-12T07:00:00+02:00,16.948
2022-08-12T19:00:00+02:00,16.951
2022-08-13T07:00:00+02:00,16.951
2022-08-13T19:00:00+02:00,16.951
2022-08-14T07:00:00+02:00,16.951
2022-08-14T19:00:00+02:00,16.952
2022-08-15T07:00:00+02:00,16.95
2022-08-15T19:00:00+02:00,16.953
2022-08-16T07:00:00+02:00,16.948
2022-08-16T19:00:00+02:00,16.949
2022-08-17T07:00:00+02:00,16.948
2022-08-17T19:00:00+02:00,16.947
2022-08-18T07:00:00+02:00,16.947
2022-08-18T19:00:00+02:00,16.953
2022-08-20T07:00:00+02:00,16.949
2022-08-20T19:00:00+02:00,16.947
2022-08-21T07:00:00+02:00,16.95
2022-08-21T19:00:00+02:00,16.95
2022-08-22T07:00:00+02:00,16.951
2022-08-22T19:00:00+02:00,16.95
2022-08-23T07:00:00+02:00,16.949
2022-08-23T19:00:00+02:00,16.948
2022-08-24T07:00:00+02:00,16.95
2022-08-24T19:00:00+02:00,16.946
2022-08-25T07:00:00+02:00,16.945
2022-08-25T19:00:00+02:00,16.95
2022-08-26T07:00:00+02:00,16.947
2022-08-26T19:00:00+02:00,16.947
2022-08-27T07:00:00+02:00,16.947
2022-08-27T19:00:00+02:00,16.95
2022-08-28T07:00:00+02:00,16.947
2022-08-28T19:00:00+02:00,16.95
2022-08-29T07:00:00+02:00,16.945
2022-08-29T19:00:00+02:00,16.948
2022-08-30T07:00:00+02:00,16.949
2022-08-30T19:00:00+02:00,16.945
2022-08-31T07:00:00+02:00,16.946
2022-08-31T19:00:00+02:00,16.947
2022-09-01T07:00:00+02:00,16.95
2022-09-01T19:00:00+02:00,16.947
2022-09-02T07:00:00+02:00,16.949
2022-09-02T19:00:00+02:00,16.947
2022-09-03T07:00:00+02:00,16.951
2022-09-03T19:00:00+02:00,16.945
2022-09-04T07:00:00+02:00,16.943
2022-09-04T19:00:00+02:00,16.95
2022-09-05T07:00:00+02:00,16.949
2022-09-05T19:00:00+02:00,16.948
2022-09-06T07:00:00+02:00,16.949
2022-09-06T19:00:00+02:00,16.952
2022-09-07T07:00:00+02:00,16.948
2022-09-07T19:00:00+02:00,16.951
2022-09-08T07:00:00+02:00,16.95
2022-09-08T19:00:00+02:00,16.95
2022-09-09T07:00:00+02:00,16.95
2022-09-09T19:00:00+02:00,16.948
2022-09-10T07:00:00+02:00,16.95
2022-09-10T19:00:00+02:00,16.941
2022-09-11T07:00:00+02:00,16.942
2022-09-11T19:00:00+02:00,16.948
2022-09-12T07:00:00+02:00,16.946
2022-09-12T19:00:00+02:00,16.951
2022-09-13T07:00:00+02:00,16.948
2022-09-13T19:00:00+02:00,16.95
2022-09-14T07:00:00+02:00,16.948
2022-09-14T19:00:00+02:00,16.947
2022-09-15T07:00:00+02:00,16.945
2022-09-15T19:00:00+02:00,16.938
2022-09-16T07:00:00+02:00,16.937
2022-09-16T19:00:00+02:00,16.937
2022-09-17T07:00:00+02:00,16.938
2022-09-17T19:00:00+02:00,16.935
2022-09-18T07:00:00+02:00,16.937
2022-09-18T19:00:00+02:00,16.926
2022-09-19T07:00:00+02:00,16.934
2022-09-19T19:00:00+02:00,16.934
2022-09-20T07:00:00+02:00,16.934
2022-09-20T19:00:00+02:00,16.932
2022-09-21T07:00:00+02:00,16.934
2022-09-21T19:00:00+02:00,16.938
2022-09-22T07:00:00+02:00,16.937
2022-09-22T19:00:00+02:00,16.938
2022-09-23T07:00:00+02:00,16.936
2022-09-23T19:00:00+02:00,16.941
2022-09-24T07:00:00+02:00,16.938
2022-09-24T19:00:00+02:00,16.936
2022-09-25T07:00:00+02:00,16.94
2022-09-25T19:00:00+02:00,16.944
2022-09-26T07:00:00+02:00,16.949
2022-09-26T19:00:00+02:00,16.942
2022-09-27T07:00:00+02:00,16.936
2022-09-27T19:00:00+02:00,16.943
2022-09-28T07:00:00+02:00,16.937
2022-09-28T19:00:00+02:00,16.935
2022-09-29T07:00:00+02:00,16.934
2022-09-29T19:00:00+02:00,16.932
2022-09-30T07:00:00+02:00,16.929
2022-09-30T19:00:00+02:00,16.939
2022-10-01T07:00:00+02:00,16.931
2022-10-01T19:00:00+02:00,16.93
2022-10-02T07:00:00+02:00,16.936
2022-10-02T19:00:00+02:00,16.927
2022-10-03T07:00:00+02:00,16.933
2022-10-03T19:00:00+02:00,16.939
2022-10-04T07:00:00+02:00,16.938
2022-10-04T19:00:00+02:00,16.935
2022-10-05T07:00:00+02:00,16.941
2022-10-05T19:00:00+02:00,16.938
2022-10-07T07:00:00+02:00,16.939
2022-10-07T19:00:00+02:00,16.936
2022-10-08T07:00:00+02:00,16.932
2022-10-08T19:00:00+02:00,16.928
2022-10-09T07:00:00+02:00,16.942
2022-10-09T19:00:00+02:00,16.939
2022-10-10T07:00:00+02:00,16.941
2022-10-10T19:00:00+02:00,16.928
2022-10-11T07:00:00+02:00,16.931
2022-10-11T19:00:00+02:00,16.933
2022-10-12T07:00:00+02:00,16.941
2022-10-12T19:00:00+02:00,16.937
2022-10-13T07:00:00+02:00,16.938
2022-10-13T19:00:00+02:00,16.934
2022-10-14T07:00:00+02:00,16.944
2022-10-14T19:00:00+02:00,16.938
2022-10-15T07:00:00+02:00,16.939
2022-10-15T19:00:00+02:00,16.929
2022-10-16T07:00:00+02:00,16.932
2022-10-16T19:00:00+02:00,16.936
2022-10-17T07:00:00+02:00,16.935
2022-10-17T19:00:00+02:00,16.933
2022-10-18T07:00:00+02:00,16.936
2022-10-18T19:00:00+02:00,16.936
2022-10-19T07:00:00+02:00,16.94
2022-10-19T19:00:00+02:00,16.94
2022-10-20T07:00:00+02:00,16.94
2022-10-20T19:00:00+02:00,16.945
2022-10-21T07:00:00+02:00,16.948
2022-10-21T19:00:00+02:00,16.937
2022-10-22T07:00:00+02:00,16.937
2022-10-22T19:00:00+02:00,16.937
2022-10-23T07:00:00+02:00,16.946
2022-10-23T19:00:00+02:00,16.942
2022-10-24T07:00:00+02:00,16.94
2022-10-24T19:00:00+02:00,16.938
2022-10-25T07:00:00+02:00,16.934
2022-10-25T19:00:00+02:00,16.942
2022-10-26T07:00:00+02:00,16.935
2022-10-26T19:00:00+02:00,16.931
2022-10-27T07:00:00+02:00,16.938
2022-10-27T19:00:00+02:00,16.943
2022-10-28T07:00:00+02:00,16.939
2022-10-28T19:00:00+02:00,16.93
2022-10-29T07:00:00+02:00,16.943
2022-10-29T19:00:00+02:00,16.935
2022-10-30T06:00:00+01:00,16.94
2022-10-30T18:00:00+01:00,16.931
2022-10-31T06:00:00+01:00,16.943
2022-10-31T18:00:00+01:00,16.944
2022-11-01T06:00:00+01:00,16.933
2022-11-01T18:00:00+01:00,16.943
2022-11-02T06:00:00+01:00,16.93
2022-11-02T18:00:00+01:00,16.943
2022-11-03T06:00:00+01:00,16.949
2022-11-03T18:00:00+01:00,16.946
2022-11-04T06:00:00+01:00,16.937
2022-11-04T18:00:00+01:00,16.934
2022-11-05T06:00:00+01:00,16.936
2022-11-05T18:00:00+01:00,16.937
2022-11-06T06:00:00+01:00,16.944
2022-11-06T18:00:00+01:00,16.938
2022-11-07T06:00:00+01:00,16.94
2022-11-07T18:00:00+01:00,16.939
2022-11-08T06:00:00+01:00,16.942
2022-11-08T18:00:00+01:00,16.941
2022-11-09T06:00:00+01:00,16.941
2022-11-09T18:00:00+01:00,16.927
2022-11-10T06:00:00+01:00,16.933
2022-11-10T18:00:00+01:00,16.933
2022-11-11T06:00:00+01:00,16.938
2022-11-11T18:00:00+01:00,16.938
2022-11-12T06:00:00+01:00,16.938
2022-11-12T18:00:00+01:00,16.94
2022-11-13T06:00:00+01:00,16.943
2022-11-13T18:00:00+01:00,16.942
2022-11-14T06:00:00+01:00,16.943
2022-11-14T18:00:00+01:00,16.94
2022-11-15T06:00:00+01:00,16.94
2022-11-15T18:00:00+01:00,16.944
2022-11-16T06:00:00+01:00,16.942
2022-11-16T18:00:00+01:00,16.944
2022-11-17T06:00:00+01:00,16.937
2022-11-17T18:00:00+01:00,16.935
2022-11-18T06:00:00+01:00,16.935
2022-11-18T18:00:00+01:00,16.936
2022-11-19T06:00:00+01:00,16.93
2022-11-19T18:00:00+01:00,16.936
2022-11-20T06:00:00+01:00,16.94
2022-11-20T18:00:00+01:00,16.944
2022-11-21T06:00:00+01:00,16.943
2022-11-21T18:00:00+01:00,16.946
2022-11-22T06:00:00+01:00,16.942
2022-11-22T18:00:00+01:00,16.939
2022-11-23T06:00:00+01:00,16.94
2022-11-23T18:00:00+01:00,16.929
2022-11-24T06:00:00+01:00,16.932
2022-11-24T18:00:00+01:00,16.939
2022-11-25T06:00:00+01:00,16.934
2022-11-25T18:00:00+01:00,16.927
2022-11-26T06:00:00+01:00,16.937
2022-11-26T18:00:00+01:00,16.944
2022-11-27T06:00:00+01:00,16.947
2022-11-27T18:00:00+01:00,16.945
2022-11-28T06:00:00+01:00,16.94
2022-11-28T18:00:00+01:00,16.934
2022-11-29T06:00:00+01:00,16.93
2022-11-29T18:00:00+01:00,16.935
2022-11-30T06:00:00+01:00,16.936
2022-11-30T18:00:00+01:00,16.934
2022-12-01T06:00:00+01:00,16.936
2022-12-01T18:00:00+01:00,16.937
2022-12-02T06:00:00+01:00,16.94
2022-12-02T18:00:00+01:00,16.937
2022-12-03T06:00:00+01:00,16.94
2022-12-03T18:00:00+01:00,16.942
2022-12-04T06:00:00+01:00,16.938
2022-12-04T18:00:00+01:00,16.933
2022-12-05T06:00:00+01:00,16.936
2022-12-05T18:00:00+01:00,16.934
2022-12-06T06:00:00+01:00,16.938
2022-12-06T18:00:00+01:00,16.938
2022-12-07T06:00:00+01:00,16.943
2022-12-07T18:00:00+01:00,16.942
2022-12-08T06:00:00+01:00,16.94
2022-12-08T18:00:00+01:00,16.937
2022-12-09T06:00:00+01:00,16.941
2022-12-09T18:00:00+01:00,16.935
2022-12-10T06:00:00+01:00,16.937
2022-12-10T18:00:00+01:00,16.937
2022-12-11T06:00:00+01:00,16.938
2022-12-11T18:00:00+01:00,16.939
2022-12-12T06:00:00+01:00,16.938
2022-12-12T18:00:00+01:00,16.938
2022-12-13T06:00:00+01:00,16.938
2022-12-13T18:00:00+01:00,16.941
2022-12-14T06:00:00+01:00,16.943
2022-12-14T18:00:00+01:00,16.935
2022-12-15T06:00:00+01:00,16.935
2022-12-15T18:00:00+01:00,16.932
2022-12-17T06:00:00+01:00,16.938
2022-12-17T18:00:00+01:00,16.937
2022-12-18T06:00:00+01:00,16.942
2022-12-18T18:00:00+01:00,16.94
2022-12-19T06:00:00+01:00,16.94
2022-12-19T18:00:00+01:00,16.94
2022-12-20T06:00:00+01:00,16.948
2022-12-20T18:00:00+01:00,16.942
2022-12-21T06:00:00+01:00,16.94
2022-12-21T18:00:00+01:00,16.949
2022-12-22T06:00:00+01:00,16.939
2022-12-22T18:00:00+01:00,16.951
2022-12-23T06:00:00+01:00,16.939
2022-12-23T18:00:00+01:00,16.936
2022-12-24T06:00:00+01:00,16.938
2022-12-24T18:00:00+01:00,16.943
2022-12-25T06:00:00+01:00,16.949
2022-12-25T18:00:00+01:00,16.946
2022-12-26T06:00:00+01:00,16.95
2022-12-26T18:00:00+01:00,16.956
2022-12-27T06:00:00+01:00,16.953
2022-12-27T18:00:00+01:00,16.962
2022-12-28T06:00:00+01:00,16.963
2022-12-28T18:00:00+01:00,16.981
2022-12-29T06:00:00+01:00,16.969
2022-12-29T18:00:00+01:00,16.969
2022-12-30T06:00:00+01:00,16.982
2022-12-30T18:00:00+01:00,16.976
2022-12-31T06:00:00+01:00,16.999
2022-12-31T18:00:00+01:00,17.078
2023-01-01T06:00:00+01:00,17.073
2023-01-01T18:00:00+01:00,17.083
2023-01-02T06:00:00+01:00,17.081
2023-01-02T18:00:00+01:00,17.08
2023-01-03T06:00:00+01:00,17.083
2023-01-03T18:00:00+01:00,17.075
2023-01-04T06:00:00+01:00,17.079
2023-01-04T18:00:00+01:00,17.08
2023-01-05T06:00:00+01:00,17.077
2023-01-05T18:00:00+01:00,17.068
2023-01-06T06:00:00+01:00,17.097
2023-01-06T18:00:00+01:00,17.091
2023-01-07T06:00:00+01:00,17.092
2023-01-07T18:00:00+01:00,17.093
2023-01-08T06:00:00+01:00,17.077
2023-01-08T18:00:00+01:00,17.093
2023-01-09T06:00:00+01:00,17.078
2023-01-09T18:00:00+01:00,17.035
2023-01-10T06:00:00+01:00,17.02
2023-01-10T18:00:00+01:00,17.047
2023-01-11T06:00:00+01:00,17.056
2023-01-11T18:00:00+01:00,17.108
2023-01-12T06:00:00+01:00,17.134
2023-01-12T18:00:00+01:00,17.226
2023-01-13T06:00:00+01:00,17.312
2023-01-13T18:00:00+01:00,17.287
2023-01-14T06:00:00+01:00,17.289
2023-01-14T18:00:00+01:00,17.322
2023-01-15T06:00:00+01:00,17.35
2023-01-15T18:00:00+01:00,17.32
2023-01-16T06:00:00+01:00,17.331
2023-01-16T18:00:00+01:00,17.321
2023-01-17T06:00:00+01:00,17.317
2023-01-17T18:00:00+01:00,17.288
2023-01-18T06:00:00+01:00,17.256
2023-01-18T18:00:00+01:00,17.227
2023-01-19T06:00:00+01:00,17.207
2023-01-19T18:00:00+01:00,17.247
2023-01-20T06:00:00+01:00,17.261
2023-01-20T18:00:00+01:00,17.246
2023-01-21T06:00:00+01:00,17.263
2023-01-21T18:00:00+01:00,17.245
2023-01-22T06:00:00+01:00,17.237
2023-01-22T18:00:00+01:00,17.218
2023-01-23T06:00:00+01:00,17.209
2023-01-23T18:00:00+01:00,17.219
2023-01-24T06:00:00+01:00,17.22
2023-01-24T18:00:00+01:00,17.212
2023-01-25T06:00:00+01:00,17.202
2023-01-25T18:00:00+01:00,17.206
2023-01-26T06:00:00+01:00,17.182
2023-01-26T18:00:00+01:00,17.175
2023-01-27T06:00:00+01:00,17.159
2023-01-27T18:00:00+01:00,17.147
2023-01-28T06:00:00+01:00,17.137
2023-01-28T18:00:00+01:00,17.126
2023-01-29T06:00:00+01:00,17.124
2023-01-29T18:00:00+01:00,17.123
2023-01-30T06:00:00+01:00,17.116
2023-01-30T18:00:00+01:00,17.09
2023-01-31T06:00:00+01:00,17.1
2023-01-31T18:00:00+01:00,17.089
2023-02-01T06:00:00+01:00,17.085
2023-02-01T18:00:00+01:00,17.07
2023-02-02T06:00:00+01:00,17.066
2023-02-02T18:00:00+01:00,17.056
2023-02-03T06:00:00+01:00,17.063
2023-02-03T18:00:00+01:00,17.042
2023-02-04T06:00:00+01:00,17.042
2023-02-04T18:00:00+01:00,17.035
2023-02-05T06:00:00+01:00,17.038
2023-02-05T18:00:00+01:00,17.023
2023-02-06T06:00:00+01:00,17.02
2023-02-06T18:00:00+01:00,17.02
2023-02-07T06:00:00+01:00,17.016
2023-02-07T18:00:00+01:00,17.011
2023-02-08T06:00:00+01:00,17.01
2023-02-08T18:00:00+01:00,17.014
2023-02-09T06:00:00+01:00,17.0
2023-02-09T18:00:00+01:00,16.986
2023-02-10T06:00:00+01:00,16.984
2023-02-10T18:00:00+01:00,16.988
2023-02-11T06:00:00+01:00,16.988
2023-02-11T18:00:00+01:00,16.971
2023-02-12T06:00:00+01:00,16.971
2023-02-12T18:00:00+01:00,16.974
2023-02-13T06:00:00+01:00,16.975
2023-02-13T18:00:00+01:00,16.967
2023-02-14T06:00:00+01:00,16.971
2023-02-14T18:00:00+01:00,16.969
2023-02-15T06:00:00+01:00,16.975
2023-02-15T18:00:00+01:00,16.972
2023-02-16T06:00:00+01:00,16.968
2023-02-16T18:00:00+01:00,16.968
2023-02-17T06:00:00+01:00,16.972
2023-02-17T18:00:00+01:00,16.953
2023-02-18T06:00:00+01:00,16.972
2023-02-18T18:00:00+01:00,16.96
2023-02-19T06:00:00+01:00,16.944
2023-02-19T18:00:00+01:00,16.943
2023-02-20T06:00:00+01:00,16.955
2023-02-20T18:00:00+01:00,16.957
2023-02-21T06:00:00+01:00,16.953
2023-02-21T18:00:00+01:00,16.954
2023-02-22T06:00:00+01:00,16.967
2023-02-22T18:00:00+01:00,16.954
2023-02-23T06:00:00+01:00,16.948
2023-02-23T18:00:00+01:00,16.946
2023-02-24T06:00:00+01:00,16.969
2023-02-24T18:00:00+01:00,16.964
2023-02-25T06:00:00+01:00,16.958
2023-02-25T18:00:00+01:00,16.933
2023-02-26T06:00:00+01:00,16.926
2023-02-26T18:00:00+01:00,16.936
2023-02-27T06:00:00+01:00,16.937
2023-02-27T18:00:00+01:00,16.934
2023-02-28T06:00:00+01:00,16.937
2023-02-28T18:00:00+01:00,16.93
2023-03-01T06:00:00+01:00,16.942
2023-03-01T18:00:00+01:00,16.937
2023-03-02T06:00:00+01:00,16.939
2023-03-02T18:00:00+01:00,16.932
2023-03-03T06:00:00+01:00,16.938
2023-03-03T18:00:00+01:00,16.935
2023-03-04T06:00:00+01:00,16.939
2023-03-04T18:00:00+01:00,16.938
2023-03-05T06:00:00+01:00,16.945
2023-03-05T18:00:00+01:00,16.943
2023-03-06T06:00:00+01:00,16.944
2023-03-06T18:00:00+01:00,16.944
2023-03-07T06:00:00+01:00,16.949
2023-03-07T18:00:00+01:00,17.001
2023-03-08T06:00:00+01:00,17.088
2023-03-08T18:00:00+01:00,17.129
2023-03-09T06:00:00+01:00,17.197
2023-03-09T18:00:00+01:00,17.259
2023-03-10T06:00:00+01:00,17.383
2023-03-10T18:00:00+01:00,17.387
2023-03-11T06:00:00+01:00,17.391
2023-03-11T18:00:00+01:00,17.362
2023-03-12T06:00:00+01:00,17.346
2023-03-12T18:00:00+01:00,17.317
2023-03-13T06:00:00+01:00,17.334
2023-03-13T12:00:00+01:00,17.335
2023-03-15T00:00:00+01:00,17.262
2023-03-15T12:00:00+01:00,17.248
2023-03-16T00:00:00+01:00,17.245
2023-03-16T12:00:00+01:00,17.241
2023-03-17T00:00:00+01:00,17.23
2023-03-17T12:00:00+01:00,17.215
2023-03-18T00:00:00+01:00,17.196
2023-03-18T12:00:00+01:00,17.185
2023-03-19T00:00:00+01:00,17.179
2023-03-19T12:00:00+01:00,17.164
2023-03-20T00:00:00+01:00,17.142
2023-03-20T12:00:00+01:00,17.147
2023-03-21T00:00:00+01:00,17.141
2023-03-21T12:00:00+01:00,17.143
2023-03-22T00:00:00+01:00,17.142
2023-03-22T12:00:00+01:00,17.135
2023-03-23T00:00:00+01:00,17.146
2023-03-23T12:00:00+01:00,17.136
2023-03-24T00:00:00+01:00,17.203
2023-03-24T12:00:00+01:00,17.197
2023-03-25T00:00:00+01:00,17.225
2023-03-25T12:00:00+01:00,17.223
2023-03-26T00:00:00+01:00,17.27
2023-03-26T13:00:00+02:00,17.312
2023-03-27T01:00:00+02:00,17.378
2023-03-27T13:00:00+02:00,17.348
2023-03-28T01:00:00+02:00,17.328
2023-03-28T13:00:00+02:00,17.321
2023-03-29T01:00:00+02:00,17.309
2023-03-29T13:00:00+02:00,17.288
2023-03-30T01:00:00+02:00,17.284
2023-03-30T13:00:00+02:00,17.263
2023-04-01T01:00:00+02:00,17.346
2023-04-01T13:00:00+02:00,17.377
2023-04-02T01:00:00+02:00,17.407
2023-04-02T13:00:00+02:00,17.391
2023-04-03T01:00:00+02:00,17.363
2023-04-03T13:00:00+02:00,17.34
2023-04-04T01:00:00+02:00,17.318
2023-04-04T13:00:00+02:00,17.297
2023-04-05T01:00:00+02:00,17.279
2023-04-05T13:00:00+02:00,17.269
2023-04-06T01:00:00+02:00,17.26
2023-04-06T13:00:00+02:00,17.249
2023-04-07T01:00:00+02:00,17.257
2023-04-07T13:00:00+02:00,17.275
2023-04-09T01:00:00+02:00,17.237
2023-04-09T13:00:00+02:00,17.23
2023-04-10T01:00:00+02:00,17.226
2023-04-10T13:00:00+02:00,17.227
2023-04-11T01:00:00+02:00,17.223
2023-04-11T13:00:00+02:00,17.211
2023-04-12T01:00:00+02:00,17.23
2023-04-12T13:00:00+02:00,17.251
2023-04-13T01:00:00+02:00,17.321
2023-04-13T13:00:00+02:00,17.305
2023-04-14T01:00:00+02:00,17.286
2023-04-14T13:00:00+02:00,17.274
2023-04-15T01:00:00+02:00,17.251
2023-04-15T13:00:00+02:00,17.22
2023-04-16T01:00:00+02:00,17.198
2023-04-16T13:00:00+02:00,17.187
2023-04-17T01:00:00+02:00,17.175
2023-04-17T13:00:00+02:00,17.17
2023-04-18T01:00:00+02:00,17.161
2023-04-18T13:00:00+02:00,17.152
2023-04-19T01:00:00+02:00,17.142
2023-04-19T13:00:00+02:00,17.139
2023-04-20T01:00:00+02:00,17.136
2023-04-20T13:00:00+02:00,17.136
2023-04-21T01:00:00+02:00,17.131
2023-04-21T13:00:00+02:00,17.137
2023-04-22T01:00:00+02:00,17.134
2023-04-22T13:00:00+02:00,17.131
2023-04-23T01:00:00+02:00,17.155
2023-04-23T13:00:00+02:00,17.174
2023-04-24T01:00:00+02:00,17.196
2023-04-24T13:00:00+02:00,17.242
2023-04-25T01:00:00+02:00,17.292
2023-04-25T13:00:00+02:00,17.271
2023-04-26T01:00:00+02:00,17.256
2023-04-26T13:00:00+02:00,17.242
2023-04-27T01:00:00+02:00,17.214
2023-04-27T13:00:00+02:00,17.207
2023-04-28T01:00:00+02:00,17.211
2023-04-28T13:00:00+02:00,17.194
2023-04-29T01:00:00+02:00,17.178
2023-04-29T13:00:00+02:00,17.17
2023-04-30T01:00:00+02:00,17.16
2023-04-30T13:00:00+02:00,17.164
2023-05-01T01:00:00+02:00,17.162
2023-05-01T13:00:00+02:00,17.148
2023-05-02T01:00:00+02:00,17.126
2023-05-02T13:00:00+02:00,17.109
2023-05-03T01:00:00+02:00,17.1
2023-05-03T13:00:00+02:00,17.104
2023-05-04T01:00:00+02:00,17.105
2023-05-04T13:00:00+02:00,17.107
2023-05-05T01:00:00+02:00,17.087
2023-05-05T13:00:00+02:00,17.076
2023-05-07T01:00:00+02:00,17.069
2023-05-07T13:00:00+02:00,17.064
2023-05-08T01:00:00+02:00,17.12
2023-05-08T13:00:00+02:00,17.137
2023-05-09T01:00:00+02:00,17.133
2023-05-09T13:00:00+02:00,17.134
2023-05-10T01:00:00+02:00,17.227
2023-05-10T13:00:00+02:00,17.253
2023-05-11T01:00:00+02:00,17.298
2023-05-11T13:00:00+02:00,17.318
2023-05-12T01:00:00+02:00,17.299
2023-05-12T13:00:00+02:00,17.312
2023-05-13T01:00:00+02:00,17.283
2023-05-13T13:00:00+02:00,17.262
2023-05-14T01:00:00+02:00,17.234
2023-05-14T13:00:00+02:00,17.216
2023-05-15T01:00:00+02:00,17.195
2023-05-15T13:00:00+02:00,17.173
2023-05-16T01:00:00+02:00,17.148
2023-05-16T13:00:00+02:00,17.13
2023-05-17T01:00:00+02:00,17.11
2023-05-17T13:00:00+02:00,17.097
2023-05-18T01:00:00+02:00,17.085
2023-05-18T13:00:00+02:00,17.078
2023-05-19T01:00:00+02:00,17.066
2023-05-19T13:00:00+02:00,17.062
2023-05-20T01:00:00+02:00,17.05
2023-05-20T13:00:00+02:00,17.051
2023-05-21T01:00:00+02:00,17.044
2023-05-21T13:00:00+02:00,17.04
2023-05-22T01:00:00+02:00,17.026
2023-05-22T13:00:00+02:00,17.023
2023-05-23T01:00:00+02:00,17.008
2023-05-23T13:00:00+02:00,16.999
2023-05-24T01:00:00+02:00,16.992
2023-05-24T13:00:00+02:00,16.99
2023-05-25T01:00:00+02:00,16.979
2023-05-25T13:00:00+02:00,16.971
2023-05-26T01:00:00+02:00,16.958
2023-05-26T13:00:00+02:00,16.959
2023-05-27T01:00:00+02:00,16.954
2023-05-27T13:00:00+02:00,16.963
2023-05-29T01:00:00+02:00,16.94
2023-05-29T13:00:00+02:00,16.946
2023-05-30T01:00:00+02:00,16.939
2023-05-30T13:00:00+02:00,16.949
2023-05-31T01:00:00+02:00,16.946
2023-05-31T13:00:00+02:00,16.946
2023-06-01T01:00:00+02:00,16.94
2023-06-01T13:00:00+02:00,16.948
2023-06-04T01:00:00+02:00,16.947
2023-06-04T13:00:00+02:00,16.948
2023-06-05T01:00:00+02:00,16.945
2023-06-05T13:00:00+02:00,16.952
2023-06-06T01:00:00+02:00,16.947
2023-06-06T13:00:00+02:00,16.949
2023-06-07T01:00:00+02:00,16.946
2023-06-07T13:00:00+02:00,16.95
2023-06-08T01:00:00+02:00,16.949
2023-06-08T13:00:00+02:00,16.951
2023-06-09T01:00:00+02:00,16.948
2023-06-09T13:00:00+02:00,16.952
2023-06-12T01:00:00+02:00,16.946
2023-06-12T13:00:00+02:00,16.955
2023-06-13T01:00:00+02:00,16.948
2023-06-13T13:00:00+02:00,16.949
2023-06-14T01:00:00+02:00,16.945
2023-06-14T13:00:00+02:00,16.951
2023-06-15T01:00:00+02:00,16.949
2023-06-15T13:00:00+02:00,16.953
2023-06-16T01:00:00+02:00,16.951
2023-06-16T13:00:00+02:00,16.951
2023-06-17T01:00:00+02:00,16.95
2023-06-17T13:00:00+02:00,16.953
2023-06-18T01:00:00+02:00,16.953
2023-06-18T13:00:00+02:00,16.956
2023-06-19T01:00:00+02:00,16.951
2023-06-19T13:00:00+02:00,16.954
2023-06-20T01:00:00+02:00,16.952
2023-06-20T13:00:00+02:00,16.955
2023-06-21T01:00:00+02:00,16.945
2023-06-21T13:00:00+02:00,16.946
2023-06-22T01:00:00+02:00,16.95
2023-06-22T13:00:00+02:00,16.95
2023-06-23T01:00:00+02:00,16.944
2023-06-23T13:00:00+02:00,16.947
2023-06-24T01:00:00+02:00,16.95
2023-06-24T13:00:00+02:00,16.95
2023-06-25T01:00:00+02:00,16.955
2023-06-25T13:00:00+02:00,16.953
2023-06-26T01:00:00+02:00,16.951
2023-06-26T13:00:00+02:00,16.942
2023-06-28T01:00:00+02:00,16.952
2023-06-28T13:00:00+02:00,16.953
2023-06-29T01:00:00+02:00,16.95
2023-06-29T13:00:00+02:00,16.954
2023-06-30T01:00:00+02:00,16.947
2023-06-30T13:00:00+02:00,16.949
2023-07-01T01:00:00+02:00,16.955
2023-07-01T13:00:00+02:00,16.953
2023-07-02T01:00:00+02:00,16.951
2023-07-02T13:00:00+02:00,16.951
2023-07-03T01:00:00+02:00,16.954
2023-07-03T13:00:00+02:00,16.949
2023-07-05T01:00:00+02:00,16.964
2023-07-05T13:00:00+02:00,16.944
2023-07-06T01:00:00+02:00,16.951
2023-07-06T13:00:00+02:00,16.949
2023-07-07T01:00:00+02:00,16.95
2023-07-07T13:00:00+02:00,16.952
2023-07-11T01:00:00+02:00,16.955
2023-07-11T13:00:00+02:00,16.956
2023-07-12T01:00:00+02:00,16.953
2023-07-12T13:00:00+02:00,16.952
2023-07-15T01:00:00+02:00,16.957
2023-07-15T13:00:00+02:00,16.957
2023-07-16T01:00:00+02:00,16.947
2023-07-16T13:00:00+02:00,16.946
2023-07-17T01:00:00+02:00,16.947
2023-07-17T13:00:00+02:00,16.949
2023-07-18T01:00:00+02:00,16.953
2023-07-18T13:00:00+02:00,16.952
2023-07-20T01:00:00+02:00,16.951
2023-07-20T13:00:00+02:00,16.95
2023-07-21T01:00:00+02:00,16.948
2023-07-21T13:00:00+02:00,16.946
2023-07-22T01:00:00+02:00,16.951
2023-07-22T13:00:00+02:00,16.955
2023-07-23T01:00:00+02:00,16.96
2023-07-23T13:00:00+02:00,16.951
2023-07-24T01:00:00+02:00,16.956
2023-07-24T13:00:00+02:00,16.948
2023-07-25T01:00:00+02:00,16.948
2023-07-25T13:00:00+02:00,16.946
2023-07-26T01:00:00+02:00,16.947
2023-07-26T13:00:00+02:00,16.948
2023-07-27T01:00:00+02:00,16.954
2023-07-27T13:00:00+02:00,16.953
2023-07-28T01:00:00+02:00,16.95
2023-07-28T13:00:00+02:00,16.948
2023-07-29T01:00:00+02:00,16.953
2023-07-29T13:00:00+02:00,16.953
2023-07-30T01:00:00+02:00,16.948
2023-07-30T13:00:00+02:00,16.944
2023-07-31T01:00:00+02:00,16.955
2023-07-31T13:00:00+02:00,16.957
2023-08-01T01:00:00+02:00,17.029
2023-08-01T13:00:00+02:00,17.138
2023-08-02T01:00:00+02:00,17.136
2023-08-02T13:00:00+02:00,17.142
2023-08-03T01:00:00+02:00,17.145
2023-08-03T13:00:00+02:00,17.211
2023-08-04T01:00:00+02:00,17.239
2023-08-04T13:00:00+02:00,17.201
2023-08-05T01:00:00+02:00,17.172
2023-08-05T13:00:00+02:00,17.157
2023-08-06T01:00:00+02:00,17.137
2023-08-06T13:00:00+02:00,17.14
2023-08-07T01:00:00+02:00,17.304
2023-08-07T13:00:00+02:00,17.282
2023-08-08T01:00:00+02:00,17.255
2023-08-08T13:00:00+02:00,17.215
2023-08-09T01:00:00+02:00,17.194
2023-08-09T13:00:00+02:00,17.244
2023-08-10T01:00:00+02:00,17.203
2023-08-10T13:00:00+02:00,17.179
2023-08-11T01:00:00+02:00,17.152
2023-08-11T13:00:00+02:00,17.13
2023-08-12T01:00:00+02:00,17.107
2023-08-12T13:00:00+02:00,17.161
2023-08-13T01:00:00+02:00,17.189
2023-08-13T13:00:00+02:00,17.175
2023-08-14T01:00:00+02:00,17.145
2023-08-14T13:00:00+02:00,17.133
2023-08-15T01:00:00+02:00,17.104
2023-08-15T13:00:00+02:00,17.081
2023-08-16T01:00:00+02:00,17.065
2023-08-16T13:00:00+02:00,17.047
2023-08-17T01:00:00+02:00,17.035
2023-08-17T13:00:00+02:00,17.023
2023-08-18T01:00:00+02:00,17.018
2023-08-18T13:00:00+02:00,17.02
2023-08-19T01:00:00+02:00,17.011
2023-08-19T13:00:00+02:00,16.974
2023-08-20T01:00:00+02:00,16.975
2023-08-20T13:00:00+02:00,16.972
2023-08-21T01:00:00+02:00,16.959
2023-08-21T13:00:00+02:00,16.954
2023-08-22T01:00:00+02:00,16.956
2023-08-22T13:00:00+02:00,16.95
2023-08-23T01:00:00+02:00,16.949
2023-08-23T13:00:00+02:00,16.954
2023-08-24T01:00:00+02:00,16.955
2023-08-24T13:00:00+02:00,16.974
2023-08-25T01:00:00+02:00,16.957
2023-08-25T13:00:00+02:00,16.954
2023-08-26T01:00:00+02:00,16.952
2023-08-26T13:00:00+02:00,16.955
2023-08-27T01:00:00+02:00,16.95
2023-08-27T13:00:00+02:00,16.984
2023-08-28T01:00:00+02:00,17.036
2023-08-28T13:00:00+02:00,17.051
2023-08-29T01:00:00+02:00,17.056
2023-08-29T13:00:00+02:00,17.059
2023-08-30T01:00:00+02:00,17.054
2023-08-30T13:00:00+02:00,17.045
2023-08-31T01:00:00+02:00,17.027
2023-08-31T13:00:00+02:00,17.013
2023-09-01T01:00:00+02:00,16.994
2023-09-01T13:00:00+02:00,16.989
2023-09-02T01:00:00+02:00,17.027
2023-09-02T13:00:00+02:00,17.031
2023-09-04T01:00:00+02:00,17.003
2023-09-04T13:00:00+02:00,16.998
2023-09-05T01:00:00+02:00,16.984
2023-09-05T13:00:00+02:00,16.978
2023-09-06T01:00:00+02:00,16.96
2023-09-06T13:00:00+02:00,16.951
2023-09-07T01:00:00+02:00,16.956
2023-09-07T13:00:00+02:00,16.952
2023-09-08T01:00:00+02:00,16.951
2023-09-08T13:00:00+02:00,16.954
2023-09-09T01:00:00+02:00,16.952
2023-09-09T13:00:00+02:00,16.952
2023-09-10T01:00:00+02:00,16.953
2023-09-10T13:00:00+02:00,16.954
2023-09-11T01:00:00+02:00,16.956
2023-09-11T13:00:00+02:00,16.953
2023-09-12T01:00:00+02:00,16.955
2023-09-12T13:00:00+02:00,16.956
2023-09-13T01:00:00+02:00,16.951
2023-09-13T13:00:00+02:00,16.947
2023-09-22T07:00:00+02:00,16.935
2023-09-22T19:00:00+02:00,16.928
2023-09-23T07:00:00+02:00,16.929
2023-09-23T19:00:00+02:00,16.93
2023-09-24T07:00:00+02:00,16.93
2023-09-24T19:00:00+02:00,16.935
2023-09-25T07:00:00+02:00,16.937
2023-09-25T19:00:00+02:00,16.934
2023-09-26T07:00:00+02:00,16.932
2023-09-26T19:00:00+02:00,16.931
2023-09-27T07:00:00+02:00,16.941
2023-09-27T19:00:00+02:00,16.944
2023-09-28T07:00:00+02:00,16.928
2023-09-28T19:00:00+02:00,16.931
2023-09-29T07:00:00+02:00,16.941
2023-09-29T19:00:00+02:00,16.927
2023-09-30T07:00:00+02:00,16.935
2023-09-30T19:00:00+02:00,16.936
2023-10-01T07:00:00+02:00,16.934
2023-10-01T19:00:00+02:00,16.936
2023-10-02T07:00:00+02:00,16.935
2023-10-02T19:00:00+02:00,16.938
2023-10-03T07:00:00+02:00,16.937
2023-10-03T19:00:00+02:00,16.932
2023-10-04T07:00:00+02:00,16.931
2023-10-04T19:00:00+02:00,16.936
2023-10-05T07:00:00+02:00,16.936
2023-10-05T19:00:00+02:00,16.939
2023-10-06T07:00:00+02:00,16.941
2023-10-06T19:00:00+02:00,16.936
2023-10-07T07:00:00+02:00,16.94
2023-10-07T19:00:00+02:00,16.931
2023-10-08T07:00:00+02:00,16.934
2023-10-08T19:00:00+02:00,16.938
2023-10-09T07:00:00+02:00,16.934
2023-10-09T19:00:00+02:00,16.934
2023-10-10T07:00:00+02:00,16.94
2023-10-10T19:00:00+02:00,16.941
2023-10-11T07:00:00+02:00,16.94
2023-10-11T19:00:00+02:00,16.936
2023-10-12T07:00:00+02:00,16.932
2023-10-12T19:00:00+02:00,16.937
2023-10-13T07:00:00+02:00,16.952
2023-10-13T19:00:00+02:00,16.948
2023-10-14T07:00:00+02:00,16.928
2023-10-14T19:00:00+02:00,16.934
2023-10-15T07:00:00+02:00,16.933
2023-10-15T19:00:00+02:00,16.932
2023-10-16T07:00:00+02:00,16.94
2023-10-16T19:00:00+02:00,16.937
2023-10-17T07:00:00+02:00,16.939
2023-10-17T19:00:00+02:00,16.94
2023-10-18T07:00:00+02:00,16.943
2023-10-18T19:00:00+02:00,16.95
2023-10-19T07:00:00+02:00,16.938
2023-10-19T19:00:00+02:00,16.949
2023-10-20T07:00:00+02:00,16.979
2023-10-20T19:00:00+02:00,17.238
2023-10-21T07:00:00+02:00,17.287
2023-10-21T19:00:00+02:00,17.25
2023-10-22T07:00:00+02:00,17.199
2023-10-22T19:00:00+02:00,17.165
2023-10-23T07:00:00+02:00,17.147
2023-10-23T19:00:00+02:00,17.144
2023-10-24T07:00:00+02:00,17.161
2023-10-24T19:00:00+02:00,17.162
2023-10-25T07:00:00+02:00,17.168
2023-10-25T19:00:00+02:00,17.263
2023-10-26T07:00:00+02:00,17.333
2023-10-26T19:00:00+02:00,17.311
2023-10-27T07:00:00+02:00,17.295
2023-10-27T19:00:00+02:00,17.396
2023-10-28T07:00:00+02:00,17.373
2023-10-28T19:00:00+02:00,17.342
2023-10-29T06:00:00+01:00,17.33
2023-10-29T18:00:00+01:00,17.306
2023-10-30T06:00:00+01:00,17.299
2023-10-30T18:00:00+01:00,17.283
2023-10-31T06:00:00+01:00,17.283
2023-10-31T18:00:00+01:00,17.268
2023-11-01T06:00:00+01:00,17.286
2023-11-01T18:00:00+01:00,17.298
2023-11-02T06:00:00+01:00,17.325
2023-11-02T18:00:00+01:00,17.29
2023-11-03T06:00:00+01:00,17.276
2023-11-03T18:00:00+01:00,17.255
2023-11-04T06:00:00+01:00,17.255
2023-11-04T18:00:00+01:00,17.268
2023-11-05T06:00:00+01:00,17.26
2023-11-05T18:00:00+01:00,17.226
2023-11-06T06:00:00+01:00,17.223
2023-11-06T18:00:00+01:00,17.204
2023-11-07T06:00:00+01:00,17.198
2023-11-07T18:00:00+01:00,17.181
2023-11-08T06:00:00+01:00,17.17
2023-11-08T18:00:00+01:00,17.174
2023-11-09T06:00:00+01:00,17.229
2023-11-09T18:00:00+01:00,17.276
2023-11-10T06:00:00+01:00,17.295
2023-11-10T18:00:00+01:00,17.277
2023-11-11T06:00:00+01:00,17.326
2023-11-11T18:00:00+01:00,17.312
2023-11-12T06:00:00+01:00,17.294
2023-11-12T18:00:00+01:00,17.267
2023-11-13T06:00:00+01:00,17.272
2023-11-13T18:00:00+01:00,17.336
2023-11-14T06:00:00+01:00,17.353
2023-11-14T18:00:00+01:00,17.357
2023-11-15T06:00:00+01:00,17.492
2023-11-15T18:00:00+01:00,17.467
2023-11-16T06:00:00+01:00,17.445
2023-11-16T18:00:00+01:00,17.416
2023-11-17T06:00:00+01:00,17.395
2023-11-17T18:00:00+01:00,17.367
2023-11-18T06:00:00+01:00,17.36
2023-11-18T18:00:00+01:00,17.426
2023-11-19T06:00:00+01:00,17.467
2023-11-19T18:00:00+01:00,17.463
2023-11-20T06:00:00+01:00,17.462
2023-11-20T18:00:00+01:00,17.434
2023-11-21T06:00:00+01:00,17.404
2023-11-21T18:00:00+01:00,17.366
2023-11-22T06:00:00+01:00,17.355
2023-11-22T18:00:00+01:00,17.354
2023-11-23T06:00:00+01:00,17.338
2023-11-23T18:00:00+01:00,17.342
2023-11-24T06:00:00+01:00,17.335
2023-11-24T18:00:00+01:00,17.341
2023-11-25T06:00:00+01:00,17.333
2023-11-25T18:00:00+01:00,17.344
2023-11-26T06:00:00+01:00,17.335
2023-11-26T18:00:00+01:00,17.328
2023-11-27T06:00:00+01:00,17.354
2023-11-27T18:00:00+01:00,17.53
2023-11-28T06:00:00+01:00,17.539
2023-11-28T18:00:00+01:00,17.512
2023-11-29T06:00:00+01:00,17.509
2023-11-29T18:00:00+01:00,17.546
2023-11-30T06:00:00+01:00,17.517
2023-11-30T18:00:00+01:00,17.486
2023-12-01T06:00:00+01:00,17.453
2023-12-01T18:00:00+01:00,17.433
2023-12-02T06:00:00+01:00,17.41
2023-12-02T18:00:00+01:00,17.393
2023-12-03T06:00:00+01:00,17.378
2023-12-03T18:00:00+01:00,17.38
2023-12-04T06:00:00+01:00,17.393
2023-12-04T18:00:00+01:00,17.406
2023-12-05T06:00:00+01:00,17.483
2023-12-05T18:00:00+01:00,17.458
2023-12-06T06:00:00+01:00,17.437
2023-12-06T18:00:00+01:00,17.411
2023-12-07T06:00:00+01:00,17.405
2023-12-07T18:00:00+01:00,17.401
2023-12-08T06:00:00+01:00,17.401
2023-12-08T18:00:00+01:00,17.399
2023-12-09T06:00:00+01:00,17.396
2023-12-09T18:00:00+01:00,17.448
2023-12-10T06:00:00+01:00,17.443
2023-12-10T18:00:00+01:00,17.463
2023-12-11T06:00:00+01:00,17.449
2023-12-11T18:00:00+01:00,17.429
2023-12-12T06:00:00+01:00,17.421
2023-12-12T18:00:00+01:00,17.425
2023-12-13T06:00:00+01:00,17.473
2023-12-13T18:00:00+01:00,17.478
2023-12-14T06:00:00+01:00,17.437
2023-12-14T18:00:00+01:00,17.413
2023-12-15T06:00:00+01:00,17.379
2023-12-15T18:00:00+01:00,17.368
2023-12-16T06:00:00+01:00,17.358
2023-12-16T18:00:00+01:00,17.353
2023-12-17T06:00:00+01:00,17.345
2023-12-17T18:00:00+01:00,17.34
2023-12-18T06:00:00+01:00,17.329
2023-12-18T18:00:00+01:00,17.333
2023-12-19T06:00:00+01:00,17.333
2023-12-19T18:00:00+01:00,17.385
2023-12-20T06:00:00+01:00,17.465
2023-12-20T18:00:00+01:00,17.467
2023-12-21T06:00:00+01:00,17.503
2023-12-21T18:00:00+01:00,17.534
2023-12-22T06:00:00+01:00,17.615
2023-12-22T18:00:00+01:00,17.566
2023-12-23T06:00:00+01:00,17.613
2023-12-23T18:00:00+01:00,17.564
2023-12-24T06:00:00+01:00,17.56
2023-12-24T18:00:00+01:00,17.637
2023-12-25T06:00:00+01:00,17.614
2023-12-25T18:00:00+01:00,17.678
2023-12-26T06:00:00+01:00,17.699
2023-12-26T18:00:00+01:00,17.641
2023-12-27T06:00:00+01:00,17.615
2023-12-27T18:00:00+01:00,17.651
2023-12-28T06:00:00+01:00,17.595
2023-12-28T18:00:00+01:00,17.567
2023-12-29T06:00:00+01:00,17.554
2023-12-29T18:00:00+01:00,17.539
2023-12-30T06:00:00+01:00,17.529
2023-12-30T18:00:00+01:00,17.521
2023-12-31T06:00:00+01:00,17.525
2023-12-31T18:00:00+01:00,17.503
2024-01-01T06:00:00+01:00,17.491
2024-01-01T18:00:00+01:00,17.484
2024-01-02T06:00:00+01:00,17.592
2024-01-02T18:00:00+01:00,17.702
2024-01-03T06:00:00+01:00,17.66
2024-01-03T18:00:00+01:00,17.718
2024-01-04T06:00:00+01:00,17.726
2024-01-04T18:00:00+01:00,17.77
2024-01-05T06:00:00+01:00,17.748
2024-01-05T18:00:00+01:00,17.707
2024-01-06T06:00:00+01:00,17.663
2024-01-06T18:00:00+01:00,17.624
2024-01-07T06:00:00+01:00,17.585
2024-01-07T18:00:00+01:00,17.555
2024-01-08T06:00:00+01:00,17.538
2024-01-08T18:00:00+01:00,17.516
2024-01-09T06:00:00+01:00,17.496
2024-01-09T18:00:00+01:00,17.479
2024-01-10T06:00:00+01:00,17.463
2024-01-10T18:00:00+01:00,17.443
2024-01-11T06:00:00+01:00,17.428
2024-01-11T18:00:00+01:00,17.422
2024-01-12T06:00:00+01:00,17.426
2024-01-12T18:00:00+01:00,17.432
2024-01-13T06:00:00+01:00,17.438
2024-01-13T18:00:00+01:00,17.447
2024-01-14T06:00:00+01:00,17.45
2024-01-14T18:00:00+01:00,17.453
2024-01-15T06:00:00+01:00,17.478
2024-01-15T18:00:00+01:00,17.519
2024-01-16T06:00:00+01:00,17.51
2024-01-16T18:00:00+01:00,17.498
2024-01-17T06:00:00+01:00,17.491
2024-01-17T18:00:00+01:00,17.462
2024-01-18T06:00:00+01:00,17.438
2024-01-18T18:00:00+01:00,17.405
2024-01-19T06:00:00+01:00,17.394
2024-01-19T18:00:00+01:00,17.384
2024-01-20T06:00:00+01:00,17.379
2024-01-20T18:00:00+01:00,17.38
2024-01-21T06:00:00+01:00,17.386
2024-01-21T18:00:00+01:00,17.392
2024-01-22T06:00:00+01:00,17.411
2024-01-22T18:00:00+01:00,17.466
2024-01-23T06:00:00+01:00,17.442
2024-01-23T18:00:00+01:00,17.461
2024-01-24T06:00:00+01:00,17.464
2024-01-24T18:00:00+01:00,17.434
2024-01-25T06:00:00+01:00,17.423
2024-01-25T18:00:00+01:00,17.421
2024-01-26T06:00:00+01:00,17.441
2024-01-26T18:00:00+01:00,17.434
2024-01-27T06:00:00+01:00,17.42
2024-01-27T18:00:00+01:00,17.408
2024-01-28T06:00:00+01:00,17.405
2024-01-28T18:00:00+01:00,17.396
2024-01-29T06:00:00+01:00,17.385
2024-01-29T18:00:00+01:00,17.376
2024-01-30T06:00:00+01:00,17.377
2024-01-30T18:00:00+01:00,17.357
2024-01-31T06:00:00+01:00,17.366
2024-01-31T18:00:00+01:00,17.371
2024-02-01T06:00:00+01:00,17.368
2024-02-01T18:00:00+01:00,17.363
2024-02-02T06:00:00+01:00,17.368
2024-02-02T18:00:00+01:00,17.354
2024-02-03T06:00:00+01:00,17.353
2024-02-03T18:00:00+01:00,17.36
2024-02-04T06:00:00+01:00,17.428
2024-02-04T18:00:00+01:00,17.472
2024-02-05T06:00:00+01:00,17.468
2024-02-05T18:00:00+01:00,17.451
2024-02-06T06:00:00+01:00,17.449
2024-02-06T18:00:00+01:00,17.439
2024-02-07T06:00:00+01:00,17.533
2024-02-07T18:00:00+01:00,17.563
2024-02-08T06:00:00+01:00,17.544
2024-02-08T18:00:00+01:00,17.68
2024-02-09T06:00:00+01:00,17.74
2024-02-09T18:00:00+01:00,17.693
2024-02-10T06:00:00+01:00,17.648
2024-02-10T18:00:00+01:00,17.613
2024-02-11T06:00:00+01:00,17.602
2024-02-11T18:00:00+01:00,17.578
2024-02-12T06:00:00+01:00,17.551
2024-02-12T18:00:00+01:00,17.515
2024-02-13T06:00:00+01:00,17.504
2024-02-13T18:00:00+01:00,17.49
2024-02-14T06:00:00+01:00,17.486
2024-02-14T18:00:00+01:00,17.498
2024-02-15T06:00:00+01:00,17.516
2024-02-15T18:00:00+01:00,17.541
2024-02-16T06:00:00+01:00,17.515
2024-02-16T18:00:00+01:00,17.487
2024-02-17T06:00:00+01:00,17.467
2024-02-17T18:00:00+01:00,17.46
2024-02-18T06:00:00+01:00,17.469
2024-02-18T18:00:00+01:00,17.48
2024-02-19T06:00:00+01:00,17.485
2024-02-19T18:00:00+01:00,17.459
2024-02-20T06:00:00+01:00,17.457
2024-02-20T18:00:00+01:00,17.453
2024-02-21T06:00:00+01:00,17.456
2024-02-21T18:00:00+01:00,17.471
2024-02-22T06:00:00+01:00,17.536
2024-02-22T18:00:00+01:00,17.539
2024-02-23T06:00:00+01:00,17.583
2024-02-23T18:00:00+01:00,17.544
2024-02-24T06:00:00+01:00,17.514
2024-02-24T18:00:00+01:00,17.506
2024-02-25T06:00:00+01:00,17.494
2024-02-25T18:00:00+01:00,17.508
2024-02-26T06:00:00+01:00,17.512
2024-02-26T18:00:00+01:00,17.654
2024-02-27T06:00:00+01:00,17.592
2024-02-27T18:00:00+01:00,17.559
2024-02-28T06:00:00+01:00,17.529
2024-02-28T18:00:00+01:00,17.519
2024-02-29T06:00:00+01:00,17.512
2024-02-29T18:00:00+01:00,17.53
2024-03-01T06:00:00+01:00,17.535
2024-03-01T18:00:00+01:00,17.524
2024-03-02T06:00:00+01:00,17.499
2024-03-02T18:00:00+01:00,17.488
2024-03-03T06:00:00+01:00,17.473
2024-03-03T18:00:00+01:00,17.448
2024-03-04T06:00:00+01:00,17.44
2024-03-04T18:00:00+01:00,17.432
2024-03-05T06:00:00+01:00,17.425
2024-03-05T18:00:00+01:00,17.411
2024-03-06T06:00:00+01:00,17.4
2024-03-06T18:00:00+01:00,17.395
2024-03-07T06:00:00+01:00,17.393
2024-03-07T18:00:00+01:00,17.392
2024-03-08T06:00:00+01:00,17.391
2024-03-08T18:00:00+01:00,17.385
2024-03-09T06:00:00+01:00,17.387
2024-03-09T18:00:00+01:00,17.376
2024-03-10T06:00:00+01:00,17.375
2024-03-10T18:00:00+01:00,17.358
2024-03-11T06:00:00+01:00,17.361
2024-03-11T18:00:00+01:00,17.53
2024-03-12T06:00:00+01:00,17.562
2024-03-14T06:00:00+01:00,17.543
2024-03-14T18:00:00+01:00,17.533
2024-03-15T06:00:00+01:00,17.512
2024-03-15T18:00:00+01:00,17.497
2024-03-16T06:00:00+01:00,17.465
2024-03-16T18:00:00+01:00,17.456
2024-03-17T06:00:00+01:00,17.457
2024-03-17T18:00:00+01:00,17.453
2024-03-18T06:00:00+01:00,17.461
2024-03-18T18:00:00+01:00,17.44
2024-03-19T06:00:00+01:00,17.435
2024-03-19T18:00:00+01:00,17.421
2024-03-20T06:00:00+01:00,17.421
2024-03-20T18:00:00+01:00,17.412
2024-03-21T06:00:00+01:00,17.391
2024-03-21T18:00:00+01:00,17.39
2024-03-22T06:00:00+01:00,17.395
2024-03-22T18:00:00+01:00,17.401
2024-03-23T06:00:00+01:00,17.517
2024-03-23T18:00:00+01:00,17.52
2024-03-24T06:00:00+01:00,17.548
2024-03-24T18:00:00+01:00,17.554
2024-03-25T06:00:00+01:00,17.535
2024-03-25T18:00:00+01:00,17.528
2024-03-26T06:00:00+01:00,17.515
2024-03-26T18:00:00+01:00,17.503
2024-03-27T06:00:00+01:00,17.481
2024-03-27T18:00:00+01:00,17.473
2024-03-28T06:00:00+01:00,17.467
2024-03-28T18:00:00+01:00,17.475
2024-03-29T06:00:00+01:00,17.46
2024-03-29T18:00:00+01:00,17.45
2024-03-30T06:00:00+01:00,17.453
2024-03-30T18:00:00+01:00,17.43
2024-03-31T07:00:00+02:00,17.431
2024-03-31T19:00:00+02:00,17.479
2024-04-01T07:00:00+02:00,17.483
2024-04-01T19:00:00+02:00,17.462
2024-04-02T07:00:00+02:00,17.438
2024-04-02T19:00:00+02:00,17.455
2024-04-03T07:00:00+02:00,17.472
2024-04-03T19:00:00+02:00,17.452
2024-04-04T07:00:00+02:00,17.475
2024-04-04T19:00:00+02:00,17.479
2024-04-05T07:00:00+02:00,17.483
2024-04-05T19:00:00+02:00,17.449
2024-04-06T07:00:00+02:00,17.446
2024-04-06T19:00:00+02:00,17.43
2024-04-07T07:00:00+02:00,17.412
2024-04-07T19:00:00+02:00,17.408
2024-04-08T07:00:00+02:00,17.423
2024-04-08T19:00:00+02:00,17.427
2024-04-09T07:00:00+02:00,17.432
2024-04-09T19:00:00+02:00,17.392
2024-04-10T07:00:00+02:00,17.369
2024-04-10T19:00:00+02:00,17.365
2024-04-11T07:00:00+02:00,17.358
2024-04-11T19:00:00+02:00,17.353
2024-04-12T07:00:00+02:00,17.356
2024-04-12T19:00:00+02:00,17.349
2024-04-13T07:00:00+02:00,17.35
2024-04-13T19:00:00+02:00,17.353
2024-04-14T07:00:00+02:00,17.332
2024-04-14T19:00:00+02:00,17.338
2024-04-15T07:00:00+02:00,17.347
2024-04-15T19:00:00+02:00,17.349
2024-04-16T07:00:00+02:00,17.375
2024-04-16T19:00:00+02:00,17.425
2024-04-17T07:00:00+02:00,17.426
2024-04-17T19:00:00+02:00,17.465
2024-04-18T07:00:00+02:00,17.454
2024-04-18T19:00:00+02:00,17.444
2024-04-19T07:00:00+02:00,17.466
2024-04-19T19:00:00+02:00,17.476
2024-04-20T07:00:00+02:00,17.446
2024-04-20T19:00:00+02:00,17.425
2024-04-21T07:00:00+02:00,17.414
2024-04-21T19:00:00+02:00,17.392
2024-04-22T07:00:00+02:00,17.397
2024-04-22T19:00:00+02:00,17.382
2024-04-23T07:00:00+02:00,17.374
2024-04-23T19:00:00+02:00,17.367
2024-04-24T07:00:00+02:00,17.373
2024-04-24T19:00:00+02:00,17.363
2024-04-25T07:00:00+02:00,17.373
2024-04-25T19:00:00+02:00,17.378
2024-04-26T07:00:00+02:00,17.356
2024-04-26T19:00:00+02:00,17.35
2024-04-27T07:00:00+02:00,17.347
2024-04-27T19:00:00+02:00,17.349
2024-04-28T07:00:00+02:00,17.346
2024-04-28T19:00:00+02:00,17.321
2024-04-29T07:00:00+02:00,17.312
2024-04-29T19:00:00+02:00,17.312
2024-04-30T07:00:00+02:00,17.315
2024-04-30T19:00:00+02:00,17.318
2024-05-01T07:00:00+02:00,17.32
2024-05-01T19:00:00+02:00,17.314
2024-05-02T07:00:00+02:00,17.313
2024-05-02T19:00:00+02:00,17.293
2024-05-03T07:00:00+02:00,17.531
2024-05-03T19:00:00+02:00,17.531
2024-05-04T07:00:00+02:00,17.503
2024-05-04T19:00:00+02:00,17.515
2024-05-05T07:00:00+02:00,17.549
2024-05-05T19:00:00+02:00,17.525
2024-05-06T07:00:00+02:00,17.502
2024-05-06T19:00:00+02:00,17.468
2024-05-07T07:00:00+02:00,17.641
2024-05-07T19:00:00+02:00,17.576
2024-05-08T07:00:00+02:00,17.542
2024-05-08T19:00:00+02:00,17.517
2024-05-09T07:00:00+02:00,17.492
2024-05-09T19:00:00+02:00,17.48
2024-05-10T07:00:00+02:00,17.461
2024-05-10T19:00:00+02:00,17.441
2024-05-11T07:00:00+02:00,17.428
2024-05-11T19:00:00+02:00,17.416
2024-05-12T07:00:00+02:00,17.409
2024-05-12T19:00:00+02:00,17.394
2024-05-13T07:00:00+02:00,17.385
2024-05-13T19:00:00+02:00,17.373
2024-05-14T07:00:00+02:00,17.368
2024-05-14T19:00:00+02:00,17.353
2024-05-15T07:00:00+02:00,17.382
2024-05-15T19:00:00+02:00,17.379
2024-05-16T07:00:00+02:00,17.456
2024-05-16T19:00:00+02:00,17.462
2024-05-17T07:00:00+02:00,17.517
2024-05-17T19:00:00+02:00,17.517
2024-05-18T07:00:00+02:00,17.498
2024-05-18T19:00:00+02:00,17.476
2024-05-19T07:00:00+02:00,17.459
2024-05-19T19:00:00+02:00,17.501
2024-05-20T07:00:00+02:00,17.588
2024-05-20T19:00:00+02:00,17.556
2024-05-21T07:00:00+02:00,17.538
2024-05-21T19:00:00+02:00,17.498
2024-05-22T07:00:00+02:00,17.631
2024-05-22T19:00:00+02:00,17.571
2024-05-23T07:00:00+02:00,17.529
2024-05-23T19:00:00+02:00,17.485
2024-05-24T07:00:00+02:00,17.465
2024-05-24T19:00:00+02:00,17.652
2024-05-25T07:00:00+02:00,17.705
2024-05-25T19:00:00+02:00,17.675
2024-05-26T07:00:00+02:00,17.639
2024-05-26T19:00:00+02:00,17.613
2024-05-27T07:00:00+02:00,17.583
2024-05-27T19:00:00+02:00,17.56
2024-05-28T07:00:00+02:00,17.605
2024-05-28T19:00:00+02:00,17.584
2024-05-29T07:00:00+02:00,17.666
2024-05-29T19:00:00+02:00,17.631
2024-05-30T07:00:00+02:00,17.59
2024-05-30T19:00:00+02:00,17.542
2024-05-31T07:00:00+02:00,17.533
2024-05-31T19:00:00+02:00,17.495
2024-06-01T07:00:00+02:00,17.486
2024-06-01T19:00:00+02:00,17.476
2024-06-02T07:00:00+02:00,17.464
2024-06-02T19:00:00+02:00,17.443
2024-06-03T07:00:00+02:00,17.437
2024-06-03T19:00:00+02:00,17.427
2024-06-04T07:00:00+02:00,17.423
2024-06-04T19:00:00+02:00,17.419
2024-06-05T07:00:00+02:00,17.388
2024-06-05T19:00:00+02:00,17.373
2024-06-06T07:00:00+02:00,17.37
2024-06-06T19:00:00+02:00,17.346
2024-06-07T07:00:00+02:00,17.339
2024-06-07T19:00:00+02:00,17.326
2024-06-08T07:00:00+02:00,17.326
2024-06-08T19:00:00+02:00,17.305
2024-06-09T07:00:00+02:00,17.303
2024-06-09T19:00:00+02:00,17.287
2024-06-10T07:00:00+02:00,17.293
2024-06-10T19:00:00+02:00,17.326
2024-06-11T07:00:00+02:00,17.335
2024-06-11T19:00:00+02:00,17.319
2024-06-12T07:00:00+02:00,17.304
2024-06-12T19:00:00+02:00,17.293
2024-06-13T07:00:00+02:00,17.291
2024-06-13T19:00:00+02:00,17.281
2024-06-14T07:00:00+02:00,17.284
2024-06-14T19:00:00+02:00,17.276
2024-06-15T07:00:00+02:00,17.268
2024-06-15T19:00:00+02:00,17.295
2024-06-16T07:00:00+02:00,17.304
2024-06-16T19:00:00+02:00,17.355
2024-06-17T07:00:00+02:00,17.358
2024-06-17T19:00:00+02:00,17.335
2024-06-18T07:00:00+02:00,17.33
2024-06-18T19:00:00+02:00,17.58
2024-06-19T07:00:00+02:00,17.57
2024-06-19T19:00:00+02:00,17.525
2024-06-20T07:00:00+02:00,17.491
2024-06-20T19:00:00+02:00,17.479
2024-06-21T07:00:00+02:00,17.472
2024-06-21T19:00:00+02:00,17.541
2024-06-22T07:00:00+02:00,17.513
2024-06-22T19:00:00+02:00,17.471
2024-06-23T07:00:00+02:00,17.448
2024-06-23T19:00:00+02:00,17.421
2024-06-24T07:00:00+02:00,17.409
2024-06-24T19:00:00+02:00,17.391
2024-06-25T07:00:00+02:00,17.38
2024-06-25T19:00:00+02:00,17.363
2024-06-26T07:00:00+02:00,17.352
2024-06-26T19:00:00+02:00,17.331
2024-06-27T07:00:00+02:00,17.32
2024-06-27T19:00:00+02:00,17.295
2024-06-28T07:00:00+02:00,17.28
2024-06-28T19:00:00+02:00,17.254
2024-06-29T07:00:00+02:00,17.253
2024-06-29T19:00:00+02:00,17.231
2024-06-30T07:00:00+02:00,17.295
2024-06-30T19:00:00+02:00,17.322
2024-07-01T07:00:00+02:00,17.332
2024-07-01T19:00:00+02:00,17.317
2024-07-02T07:00:00+02:00,17.307
2024-07-02T19:00:00+02:00,17.314
2024-07-03T07:00:00+02:00,17.311
2024-07-03T19:00:00+02:00,17.348
2024-07-04T07:00:00+02:00,17.35
2024-07-04T19:00:00+02:00,17.324
2024-07-05T07:00:00+02:00,17.321
2024-07-05T19:00:00+02:00,17.309
2024-07-06T07:00:00+02:00,17.311
2024-07-06T19:00:00+02:00,17.273
2024-07-07T07:00:00+02:00,17.259
2024-07-07T19:00:00+02:00,17.241
2024-07-08T07:00:00+02:00,17.23
2024-07-08T19:00:00+02:00,17.219
2024-07-09T07:00:00+02:00,17.228
2024-07-09T19:00:00+02:00,17.189
2024-07-10T07:00:00+02:00,17.29
2024-07-10T19:00:00+02:00,17.284
2024-07-11T07:00:00+02:00,17.276
2024-07-11T19:00:00+02:00,17.249
2024-07-12T07:00:00+02:00,17.253
2024-07-12T19:00:00+02:00,17.548
2024-07-13T07:00:00+02:00,17.506
2024-07-13T19:00:00+02:00,17.473
2024-07-14T07:00:00+02:00,17.458
2024-07-14T19:00:00+02:00,17.433
2024-07-15T07:00:00+02:00,17.419
2024-07-15T19:00:00+02:00,17.408
2024-07-16T07:00:00+02:00,17.384
2024-07-16T19:00:00+02:00,17.37
2024-07-17T07:00:00+02:00,17.356
2024-07-17T19:00:00+02:00,17.329
2024-07-18T07:00:00+02:00,17.327
2024-07-18T19:00:00+02:00,17.311
2024-07-19T07:00:00+02:00,17.308
2024-07-19T19:00:00+02:00,17.292
2024-07-20T07:00:00+02:00,17.29
2024-07-20T19:00:00+02:00,17.282
2024-07-21T07:00:00+02:00,17.484
2024-07-21T19:00:00+02:00,17.475
2024-07-22T07:00:00+02:00,17.438
2024-07-22T19:00:00+02:00,17.411
2024-07-23T07:00:00+02:00,17.399
2024-07-23T19:00:00+02:00,17.395
2024-07-24T07:00:00+02:00,17.386
2024-07-24T19:00:00+02:00,17.365
2024-07-25T07:00:00+02:00,17.353
2024-07-25T19:00:00+02:00,17.337
2024-07-26T07:00:00+02:00,17.317
2024-07-26T19:00:00+02:00,17.301
2024-07-27T07:00:00+02:00,17.292
2024-07-27T19:00:00+02:00,17.268
2024-07-28T07:00:00+02:00,17.244
2024-07-28T19:00:00+02:00,17.231
2024-07-29T07:00:00+02:00,17.224
2024-07-29T19:00:00+02:00,17.213
2024-07-30T07:00:00+02:00,17.205
2024-07-30T19:00:00+02:00,17.186
2024-07-31T07:00:00+02:00,17.18
2024-07-31T19:00:00+02:00,17.167
2024-08-01T07:00:00+02:00,17.164
2024-08-01T19:00:00+02:00,17.184
2024-08-02T07:00:00+02:00,17.188
2024-08-02T19:00:00+02:00,17.175
2024-08-03T07:00:00+02:00,17.163
2024-08-03T19:00:00+02:00,17.154
2024-08-04T07:00:00+02:00,17.16
2024-08-04T19:00:00+02:00,17.163
2024-08-05T07:00:00+02:00,17.156
2024-08-05T19:00:00+02:00,17.144
2024-08-06T07:00:00+02:00,17.149
2024-08-06T19:00:00+02:00,17.13
2024-08-07T07:00:00+02:00,17.126
2024-08-07T19:00:00+02:00,17.304
2024-08-08T07:00:00+02:00,17.309
2024-08-08T19:00:00+02:00,17.285
2024-08-09T07:00:00+02:00,17.271
2024-08-09T19:00:00+02:00,17.235
2024-08-10T07:00:00+02:00,17.216
2024-08-10T19:00:00+02:00,17.194
2024-08-11T07:00:00+02:00,17.173
2024-08-11T19:00:00+02:00,17.163
2024-08-12T07:00:00+02:00,17.159
2024-08-12T19:00:00+02:00,17.143
2024-08-13T07:00:00+02:00,17.136
2024-08-13T19:00:00+02:00,17.105
2024-08-14T07:00:00+02:00,17.109
2024-08-14T19:00:00+02:00,17.098
2024-08-15T07:00:00+02:00,17.088
2024-08-15T19:00:00+02:00,17.086
2024-08-16T07:00:00+02:00,17.079
2024-08-16T19:00:00+02:00,17.078
2024-08-17T07:00:00+02:00,17.079
2024-08-17T19:00:00+02:00,17.09
2024-08-18T07:00:00+02:00,17.089
2024-08-18T19:00:00+02:00,17.056
2024-08-19T07:00:00+02:00,17.059
2024-08-19T19:00:00+02:00,17.059
2024-08-20T07:00:00+02:00,17.063
2024-08-20T19:00:00+02:00,17.052
2024-08-21T07:00:00+02:00,17.07
2024-08-21T19:00:00+02:00,17.07
2024-08-22T07:00:00+02:00,17.08
2024-08-22T19:00:00+02:00,17.059
2024-08-23T07:00:00+02:00,17.071
2024-08-23T19:00:00+02:00,17.041
2024-08-24T07:00:00+02:00,17.052
2024-08-24T19:00:00+02:00,17.036
2024-08-25T07:00:00+02:00,17.029
2024-08-25T19:00:00+02:00,17.031
2024-08-26T07:00:00+02:00,17.03
2024-08-26T19:00:00+02:00,17.02
2024-08-27T07:00:00+02:00,17.021
2024-08-27T19:00:00+02:00,17.017
2024-08-28T07:00:00+02:00,17.024
2024-08-28T19:00:00+02:00,17.016
2024-08-29T07:00:00+02:00,17.01
2024-08-29T19:00:00+02:00,16.989
2024-08-30T07:00:00+02:00,16.993
2024-08-30T19:00:00+02:00,16.996
2024-08-31T07:00:00+02:00,17.004
2024-08-31T19:00:00+02:00,17.005
2024-09-01T07:00:00+02:00,17.02
2024-09-01T19:00:00+02:00,17.003
2024-09-02T07:00:00+02:00,17.006
2024-09-02T19:00:00+02:00,17.008
2024-09-03T07:00:00+02:00,17.047
2024-09-03T19:00:00+02:00,17.056
2024-09-04T07:00:00+02:00,17.074
2024-09-04T19:00:00+02:00,17.081
2024-09-05T07:00:00+02:00,17.096
2024-09-05T19:00:00+02:00,17.076
2024-09-06T07:00:00+02:00,17.074
2024-09-06T19:00:00+02:00,17.059
2024-09-07T07:00:00+02:00,17.065
2024-09-07T19:00:00+02:00,17.059
2024-09-08T07:00:00+02:00,17.057
2024-09-08T19:00:00+02:00,17.051
2024-09-09T07:00:00+02:00,17.048
2024-09-09T19:00:00+02:00,17.014
2024-09-10T07:00:00+02:00,17.022
2024-09-10T19:00:00+02:00,17.028
2024-09-11T07:00:00+02:00,17.079
2024-09-11T19:00:00+02:00,17.132
2024-09-12T07:00:00+02:00,17.168
2024-09-12T19:00:00+02:00,17.159
2024-09-13T07:00:00+02:00,17.14
2024-09-13T19:00:00+02:00,17.115
2024-09-14T07:00:00+02:00,17.105
2024-09-14T19:00:00+02:00,17.088
2024-09-15T07:00:00+02:00,17.085
2024-09-15T19:00:00+02:00,17.074
2024-09-16T07:00:00+02:00,17.072
2024-09-16T19:00:00+02:00,17.053
2024-10-01T10:00:00+02:00,17.185
2024-10-01T22:00:00+02:00,17.178
2024-10-02T10:00:00+02:00,17.153
2024-10-02T22:00:00+02:00,17.137
2024-10-03T10:00:00+02:00,17.124
2024-10-03T22:00:00+02:00,17.108
2024-10-04T10:00:00+02:00,17.094
2024-10-04T22:00:00+02:00,17.086
2024-10-05T10:00:00+02:00,17.085
2024-10-05T22:00:00+02:00,17.083
2024-10-06T10:00:00+02:00,17.091
2024-10-06T22:00:00+02:00,17.084
2024-10-07T10:00:00+02:00,17.065
2024-10-07T22:00:00+02:00,17.076
2024-10-08T10:00:00+02:00,17.076
2024-10-08T22:00:00+02:00,17.077
2024-10-09T10:00:00+02:00,17.093
2024-10-09T22:00:00+02:00,17.163
2024-10-10T10:00:00+02:00,17.315
2024-10-10T22:00:00+02:00,17.321
2024-10-11T10:00:00+02:00,17.293
2024-10-11T22:00:00+02:00,17.271
2024-10-12T10:00:00+02:00,17.267
2024-10-12T22:00:00+02:00,17.265
2024-10-13T10:00:00+02:00,17.21
2024-10-13T22:00:00+02:00,17.197
2024-10-14T10:00:00+02:00,17.197
2024-10-14T22:00:00+02:00,17.197
2024-10-15T10:00:00+02:00,17.204
2024-10-15T22:00:00+02:00,17.204
2024-10-16T10:00:00+02:00,17.205
2024-10-16T22:00:00+02:00,17.194
2024-10-17T10:00:00+02:00,17.175
2024-10-17T22:00:00+02:00,17.174
2024-10-18T10:00:00+02:00,17.164
2024-10-18T22:00:00+02:00,17.16
2024-10-19T10:00:00+02:00,17.158
2024-10-19T22:00:00+02:00,17.163
2024-10-20T10:00:00+02:00,17.165
2024-10-20T22:00:00+02:00,17.152
2024-10-21T10:00:00+02:00,17.133
2024-10-21T22:00:00+02:00,17.191
2024-10-22T10:00:00+02:00,17.225
2024-10-22T22:00:00+02:00,17.231
2024-10-23T10:00:00+02:00,17.22
2024-10-23T22:00:00+02:00,17.223
2024-10-24T10:00:00+02:00,17.218
2024-10-24T22:00:00+02:00,17.215
2024-10-25T10:00:00+02:00,17.209
2024-10-25T22:00:00+02:00,17.196
2024-10-26T10:00:00+02:00,17.194
2024-10-26T22:00:00+02:00,17.186
2024-10-27T10:00:00+01:00,17.151
2024-10-27T22:00:00+01:00,17.15
2024-10-28T10:00:00+01:00,17.148
2024-10-28T22:00:00+01:00,17.141
2024-10-29T10:00:00+01:00,17.145
2024-10-29T22:00:00+01:00,17.171
2024-10-30T10:00:00+01:00,17.169
2024-10-30T22:00:00+01:00,17.172
2024-10-31T10:00:00+01:00,17.17
2024-10-31T22:00:00+01:00,17.167
2024-11-01T10:00:00+01:00,17.155
2024-11-01T22:00:00+01:00,17.133
2024-11-02T10:00:00+01:00,17.122
2024-11-02T22:00:00+01:00,17.129
2024-11-03T10:00:00+01:00,17.126
2024-11-03T22:00:00+01:00,17.124
2024-11-04T10:00:00+01:00,17.128
2024-11-04T22:00:00+01:00,17.126
2024-11-05T10:00:00+01:00,17.113
2024-11-05T22:00:00+01:00,17.1
2024-11-06T10:00:00+01:00,17.081
2024-11-06T22:00:00+01:00,17.093
2024-11-07T10:00:00+01:00,17.092
2024-11-07T22:00:00+01:00,17.091
2024-11-08T10:00:00+01:00,17.097
2024-11-08T22:00:00+01:00,17.094
2024-11-09T10:00:00+01:00,17.091
2024-11-09T22:00:00+01:00,17.082
2024-11-10T10:00:00+01:00,17.078
2024-11-10T22:00:00+01:00,17.081
2024-11-11T10:00:00+01:00,17.073
2024-11-11T22:00:00+01:00,17.091
2024-11-12T10:00:00+01:00,17.09
2024-11-12T22:00:00+01:00,17.104
2024-11-13T10:00:00+01:00,17.108
2024-11-13T22:00:00+01:00,17.117
2024-11-14T10:00:00+01:00,17.11
2024-11-14T22:00:00+01:00,17.11
2024-11-15T10:00:00+01:00,17.113
2024-11-15T22:00:00+01:00,17.126
2024-11-16T10:00:00+01:00,17.122
2024-11-16T22:00:00+01:00,17.126
2024-11-17T10:00:00+01:00,17.107
2024-11-17T22:00:00+01:00,17.119
2024-11-18T10:00:00+01:00,17.177
2024-11-18T22:00:00+01:00,17.243
2024-11-19T10:00:00+01:00,17.314
2024-11-19T22:00:00+01:00,17.407
2024-11-20T10:00:00+01:00,17.415
2024-11-20T22:00:00+01:00,17.557
2024-11-21T10:00:00+01:00,17.573
2024-11-21T22:00:00+01:00,17.511
2024-11-22T10:00:00+01:00,17.479
2024-11-22T22:00:00+01:00,17.488
2024-11-23T10:00:00+01:00,17.51
2024-11-23T22:00:00+01:00,17.52
2024-11-24T10:00:00+01:00,17.542
2024-11-24T22:00:00+01:00,17.52
2024-11-25T10:00:00+01:00,17.491
2024-11-25T22:00:00+01:00,17.515
2024-11-26T10:00:00+01:00,17.482
2024-11-26T22:00:00+01:00,17.462
2024-11-27T10:00:00+01:00,17.483
2024-11-27T22:00:00+01:00,17.484
2024-11-28T10:00:00+01:00,17.455
2024-11-28T22:00:00+01:00,17.437
2024-11-29T10:00:00+01:00,17.424
2024-11-29T22:00:00+01:00,17.423
2024-11-30T10:00:00+01:00,17.405
2024-11-30T22:00:00+01:00,17.4
2024-12-01T10:00:00+01:00,17.401
2024-12-01T22:00:00+01:00,17.389
2024-12-02T10:00:00+01:00,17.394
2024-12-02T22:00:00+01:00,17.388
2024-12-03T10:00:00+01:00,17.392
2024-12-03T22:00:00+01:00,17.383
2024-12-04T10:00:00+01:00,17.366
2024-12-04T22:00:00+01:00,17.37
2024-12-05T10:00:00+01:00,17.398
2024-12-05T22:00:00+01:00,17.465
2024-12-06T10:00:00+01:00,17.492
2024-12-06T22:00:00+01:00,17.521
2024-12-07T10:00:00+01:00,17.544
2024-12-07T22:00:00+01:00,17.539
2024-12-08T10:00:00+01:00,17.526
2024-12-08T22:00:00+01:00,17.499
2024-12-09T10:00:00+01:00,17.484
2024-12-09T22:00:00+01:00,17.462
2024-12-10T10:00:00+01:00,17.449
2024-12-10T22:00:00+01:00,17.436
2024-12-11T10:00:00+01:00,17.415
2024-12-11T22:00:00+01:00,17.411
2024-12-12T10:00:00+01:00,17.398
2024-12-12T22:00:00+01:00,17.392
2024-12-13T10:00:00+01:00,17.384
2024-12-13T22:00:00+01:00,17.388
2024-12-14T10:00:00+01:00,17.376
2024-12-14T22:00:00+01:00,17.354
2024-12-15T10:00:00+01:00,17.359
2024-12-15T22:00:00+01:00,17.358
2024-12-16T10:00:00+01:00,17.353
2024-12-16T22:00:00+01:00,17.359
2024-12-17T10:00:00+01:00,17.351
2024-12-17T22:00:00+01:00,17.378
2024-12-18T10:00:00+01:00,17.369
2024-12-18T22:00:00+01:00,17.393
2024-12-19T10:00:00+01:00,17.358
2024-12-19T22:00:00+01:00,17.394
2024-12-20T10:00:00+01:00,17.414
2024-12-20T22:00:00+01:00,17.424
2024-12-21T10:00:00+01:00,17.418
2024-12-21T22:00:00+01:00,17.447
2024-12-22T10:00:00+01:00,17.457
2024-12-22T22:00:00+01:00,17.48
2024-12-23T10:00:00+01:00,17.497
2024-12-23T22:00:00+01:00,17.491
2024-12-24T10:00:00+01:00,17.479
2024-12-24T22:00:00+01:00,17.488
2024-12-25T10:00:00+01:00,17.479
2024-12-25T22:00:00+01:00,17.468
2024-12-26T10:00:00+01:00,17.461
2024-12-26T22:00:00+01:00,17.453
2024-12-27T10:00:00+01:00,17.446
2024-12-27T22:00:00+01:00,17.434
2024-12-28T10:00:00+01:00,17.422
2024-12-28T22:00:00+01:00,17.413
2024-12-29T10:00:00+01:00,17.397
2024-12-29T22:00:00+01:00,17.393
2024-12-30T10:00:00+01:00,17.393
2024-12-30T22:00:00+01:00,17.393
2024-12-31T10:00:00+01:00,17.393
2024-12-31T22:00:00+01:00,17.404
2025-01-01T10:00:00+01:00,17.407
2025-01-01T22:00:00+01:00,17.379
2025-01-02T10:00:00+01:00,17.457
2025-01-02T22:00:00+01:00,17.455
2025-01-03T10:00:00+01:00,17.449
2025-01-03T22:00:00+01:00,17.449
2025-01-04T10:00:00+01:00,17.465
2025-01-04T22:00:00+01:00,17.482
2025-01-05T10:00:00+01:00,17.505
2025-01-05T22:00:00+01:00,17.627
2025-01-06T10:00:00+01:00,17.652
2025-01-06T22:00:00+01:00,17.592
2025-01-07T10:00:00+01:00,17.559
2025-01-07T22:00:00+01:00,17.544
2025-01-08T10:00:00+01:00,17.523
2025-01-08T22:00:00+01:00,17.531
2025-01-09T10:00:00+01:00,17.573
2025-01-09T22:00:00+01:00,17.583
2025-01-10T10:00:00+01:00,17.577
2025-01-10T22:00:00+01:00,17.564
2025-01-11T10:00:00+01:00,17.518
2025-01-11T22:00:00+01:00,17.499
2025-01-12T10:00:00+01:00,17.48
2025-01-12T22:00:00+01:00,17.474
2025-01-13T10:00:00+01:00,17.465
2025-01-13T22:00:00+01:00,17.465
2025-01-14T10:00:00+01:00,17.454
2025-01-14T22:00:00+01:00,17.449
2025-01-15T10:00:00+01:00,17.437
2025-01-15T22:00:00+01:00,17.44
2025-01-16T10:00:00+01:00,17.435
2025-01-16T22:00:00+01:00,17.432
2025-01-17T10:00:00+01:00,17.418
2025-01-17T22:00:00+01:00,17.427
2025-01-18T10:00:00+01:00,17.424
2025-01-18T22:00:00+01:00,17.424
2025-01-19T10:00:00+01:00,17.415
2025-01-19T22:00:00+01:00,17.416
2025-01-20T10:00:00+01:00,17.404
2025-01-20T22:00:00+01:00,17.409
2025-01-21T10:00:00+01:00,17.398
2025-01-21T22:00:00+01:00,17.411
2025-01-22T10:00:00+01:00,17.412
2025-01-22T22:00:00+01:00,17.426
2025-01-23T10:00:00+01:00,17.495
2025-01-23T22:00:00+01:00,17.497
2025-01-24T10:00:00+01:00,17.506
2025-01-24T22:00:00+01:00,17.553
2025-01-25T10:00:00+01:00,17.612
2025-01-25T22:00:00+01:00,17.62
2025-01-26T10:00:00+01:00,17.621
2025-01-26T22:00:00+01:00,17.645
2025-01-27T10:00:00+01:00,17.627
2025-01-27T22:00:00+01:00,17.596
2025-01-28T10:00:00+01:00,17.579
2025-01-28T22:00:00+01:00,17.556
2025-01-29T10:00:00+01:00,17.545
2025-01-29T22:00:00+01:00,17.536
2025-01-30T10:00:00+01:00,17.557
2025-01-30T22:00:00+01:00,17.595
2025-01-31T10:00:00+01:00,17.561
2025-01-31T22:00:00+01:00,17.526
2025-02-01T10:00:00+01:00,17.515
2025-02-01T22:00:00+01:00,17.514
2025-02-02T10:00:00+01:00,17.494
2025-02-02T22:00:00+01:00,17.469
2025-02-03T10:00:00+01:00,17.465
2025-02-03T22:00:00+01:00,17.46
2025-02-04T10:00:00+01:00,17.451
2025-02-04T22:00:00+01:00,17.442
2025-02-05T10:00:00+01:00,17.424
2025-02-05T22:00:00+01:00,17.422
2025-02-06T10:00:00+01:00,17.419
2025-02-06T22:00:00+01:00,17.44
2025-02-07T10:00:00+01:00,17.435
2025-02-07T22:00:00+01:00,17.421
2025-02-08T10:00:00+01:00,17.397
2025-02-08T22:00:00+01:00,17.379
2025-02-09T10:00:00+01:00,17.373
2025-02-09T22:00:00+01:00,17.379
2025-02-10T10:00:00+01:00,17.379
2025-02-10T22:00:00+01:00,17.398
2025-02-11T10:00:00+01:00,17.457
2025-02-11T22:00:00+01:00,17.506
2025-02-12T10:00:00+01:00,17.487
2025-02-12T22:00:00+01:00,17.478
2025-02-13T10:00:00+01:00,17.464
2025-02-13T22:00:00+01:00,17.458
2025-02-14T10:00:00+01:00,17.443
2025-02-14T22:00:00+01:00,17.439
2025-02-15T10:00:00+01:00,17.433
2025-02-15T22:00:00+01:00,17.427
2025-02-16T10:00:00+01:00,17.414
2025-02-16T22:00:00+01:00,17.401
2025-02-17T10:00:00+01:00,17.395
2025-02-17T22:00:00+01:00,17.382
2025-02-18T10:00:00+01:00,17.372
2025-02-18T22:00:00+01:00,17.377
2025-02-19T10:00:00+01:00,17.371
2025-02-19T22:00:00+01:00,17.371
2025-02-20T10:00:00+01:00,17.367
2025-02-20T22:00:00+01:00,17.364
2025-02-21T10:00:00+01:00,17.379
2025-02-21T22:00:00+01:00,17.386
2025-02-22T10:00:00+01:00,17.377
2025-02-22T22:00:00+01:00,17.375
2025-02-23T10:00:00+01:00,17.396
2025-02-23T22:00:00+01:00,17.412
2025-02-24T10:00:00+01:00,17.417
2025-02-24T22:00:00+01:00,17.403
2025-02-25T10:00:00+01:00,17.407
2025-02-25T22:00:00+01:00,17.389
2025-02-26T10:00:00+01:00,17.457
2025-02-26T22:00:00+01:00,17.472
2025-02-27T10:00:00+01:00,17.467
2025-02-27T22:00:00+01:00,17.454
2025-02-28T10:00:00+01:00,17.459
2025-02-28T22:00:00+01:00,17.455
2025-03-01T10:00:00+01:00,17.427
2025-03-01T22:00:00+01:00,17.415
2025-03-02T10:00:00+01:00,17.411
2025-03-02T22:00:00+01:00,17.408
2025-03-03T10:00:00+01:00,17.393
2025-03-03T22:00:00+01:00,17.394
2025-03-04T10:00:00+01:00,17.384
2025-03-04T22:00:00+01:00,17.376
2025-03-05T10:00:00+01:00,17.366
2025-03-05T22:00:00+01:00,17.367
2025-03-06T10:00:00+01:00,17.369
2025-03-06T22:00:00+01:00,17.361
2025-03-07T10:00:00+01:00,17.359
2025-03-07T22:00:00+01:00,17.352
2025-03-08T10:00:00+01:00,17.357
2025-03-08T22:00:00+01:00,17.354
2025-03-09T10:00:00+01:00,17.355
2025-03-09T22:00:00+01:00,17.346
2025-03-10T10:00:00+01:00,17.343
2025-03-10T22:00:00+01:00,17.335
2025-03-11T10:00:00+01:00,17.333
2025-03-11T22:00:00+01:00,17.334
2025-03-12T10:00:00+01:00,17.332
2025-03-12T22:00:00+01:00,17.325
2025-03-14T00:00:00+01:00,17.387
2025-03-14T12:00:00+01:00,17.373
2025-03-15T00:00:00+01:00,17.368
2025-03-15T12:00:00+01:00,17.364
2025-03-16T00:00:00+01:00,17.36
2025-03-16T12:00:00+01:00,17.355
2025-03-17T00:00:00+01:00,17.345
2025-03-17T12:00:00+01:00,17.342
2025-03-18T00:00:00+01:00,17.339
2025-03-18T12:00:00+01:00,17.345
2025-03-19T00:00:00+01:00,17.337
2025-03-19T12:00:00+01:00,17.339
2025-03-20T00:00:00+01:00,17.34
2025-03-20T12:00:00+01:00,17.34
2025-03-21T00:00:00+01:00,17.342
2025-03-21T12:00:00+01:00,17.352
2025-03-22T00:00:00+01:00,17.35
2025-03-22T12:00:00+01:00,17.35
2025-03-23T00:00:00+01:00,17.355
2025-03-23T12:00:00+01:00,17.352
2025-03-24T00:00:00+01:00,17.337
2025-03-24T12:00:00+01:00,17.327
2025-03-25T00:00:00+01:00,17.318
2025-03-25T12:00:00+01:00,17.316
2025-03-26T00:00:00+01:00,17.314
2025-03-26T12:00:00+01:00,17.308
2025-03-27T00:00:00+01:00,17.31
2025-03-27T12:00:00+01:00,17.311
2025-03-28T00:00:00+01:00,17.321
2025-03-28T12:00:00+01:00,17.313
2025-03-29T00:00:00+01:00,17.308
2025-03-29T12:00:00+01:00,17.307
2025-03-30T00:00:00+01:00,17.312
2025-03-30T12:00:00+02:00,17.308
2025-04-01T00:00:00+02:00,17.281
2025-04-01T12:00:00+02:00,17.28
2025-04-02T00:00:00+02:00,17.279
2025-04-02T12:00:00+02:00,17.281
2025-04-04T00:00:00+02:00,17.276
2025-04-04T12:00:00+02:00,17.272
2025-04-05T00:00:00+02:00,17.269
2025-04-05T12:00:00+02:00,17.268
2025-04-06T00:00:00+02:00,17.26
2025-04-06T12:00:00+02:00,17.25
2025-04-07T00:00:00+02:00,17.244
2025-04-07T12:00:00+02:00,17.238
2025-04-08T00:00:00+02:00,17.237
2025-04-08T12:00:00+02:00,17.233
2025-04-09T00:00:00+02:00,17.232
2025-04-09T12:00:00+02:00,17.225
2025-04-10T00:00:00+02:00,17.221
2025-04-10T12:00:00+02:00,17.219
2025-04-11T00:00:00+02:00,17.224
2025-04-11T12:00:00+02:00,17.228
2025-04-12T00:00:00+02:00,17.234
2025-04-12T12:00:00+02:00,17.245
2025-04-13T00:00:00+02:00,17.251
2025-04-13T12:00:00+02:00,17.238
2025-04-14T00:00:00+02:00,17.229
2025-04-14T12:00:00+02:00,17.225
2025-04-15T00:00:00+02:00,17.227
2025-04-15T12:00:00+02:00,17.224
2025-04-16T00:00:00+02:00,17.211
2025-04-16T12:00:00+02:00,17.193
2025-04-17T00:00:00+02:00,17.201
2025-04-17T12:00:00+02:00,17.198
2025-04-18T00:00:00+02:00,17.234
2025-04-18T12:00:00+02:00,17.244
2025-04-19T00:00:00+02:00,17.246
2025-04-19T12:00:00+02:00,17.241
2025-04-20T00:00:00+02:00,17.235
2025-04-20T12:00:00+02:00,17.227
2025-04-21T00:00:00+02:00,17.261
2025-04-21T12:00:00+02:00,17.309
2025-04-22T00:00:00+02:00,17.305
2025-04-22T12:00:00+02:00,17.294
2025-04-23T00:00:00+02:00,17.281
2025-04-23T12:00:00+02:00,17.281
2025-04-24T00:00:00+02:00,17.283
2025-04-24T12:00:00+02:00,17.349
2025-04-25T00:00:00+02:00,17.424
2025-04-25T12:00:00+02:00,17.414
2025-04-26T00:00:00+02:00,17.395
2025-04-26T12:00:00+02:00,17.379
2025-04-27T00:00:00+02:00,17.358
2025-04-27T12:00:00+02:00,17.337
2025-04-28T00:00:00+02:00,17.32
2025-04-28T12:00:00+02:00,17.303
2025-04-29T00:00:00+02:00,17.288
2025-04-29T12:00:00+02:00,17.274
2025-04-30T00:00:00+02:00,17.266
2025-04-30T12:00:00+02:00,17.255
2025-05-01T00:00:00+02:00,17.245
2025-05-01T12:00:00+02:00,17.242
2025-05-02T00:00:00+02:00,17.234
2025-05-02T12:00:00+02:00,17.225
2025-05-03T00:00:00+02:00,17.212
2025-05-03T12:00:00+02:00,17.214
2025-05-04T00:00:00+02:00,17.194
2025-05-04T12:00:00+02:00,17.187
2025-05-05T00:00:00+02:00,17.176
2025-05-05T12:00:00+02:00,17.168
2025-05-06T00:00:00+02:00,17.156
2025-05-06T12:00:00+02:00,17.155
2025-05-07T00:00:00+02:00,17.151
2025-05-07T12:00:00+02:00,17.149
2025-05-08T00:00:00+02:00,17.145
2025-05-08T12:00:00+02:00,17.14
2025-05-09T00:00:00+02:00,17.134
2025-05-09T12:00:00+02:00,17.133
2025-05-10T00:00:00+02:00,17.127
2025-05-10T12:00:00+02:00,17.126
2025-05-11T00:00:00+02:00,17.122
2025-05-11T12:00:00+02:00,17.124
2025-05-12T00:00:00+02:00,17.117
2025-05-12T12:00:00+02:00,17.108
2025-05-13T00:00:00+02:00,17.098
2025-05-13T12:00:00+02:00,17.091
2025-05-14T00:00:00+02:00,17.084
2025-05-14T12:00:00+02:00,17.082
2025-05-15T00:00:00+02:00,17.08
2025-05-15T12:00:00+02:00,17.073
2025-05-16T00:00:00+02:00,17.062
2025-05-16T12:00:00+02:00,17.06
2025-05-17T00:00:00+02:00,17.06
2025-05-17T12:00:00+02:00,17.057
2025-05-18T00:00:00+02:00,17.052
2025-05-18T12:00:00+02:00,17.05
2025-05-19T00:00:00+02:00,17.044
2025-05-19T12:00:00+02:00,17.041
2025-05-20T00:00:00+02:00,17.038
2025-05-20T12:00:00+02:00,17.036
2025-05-21T00:00:00+02:00,17.034
2025-05-21T12:00:00+02:00,17.034
2025-05-22T00:00:00+02:00,17.034
2025-05-22T12:00:00+02:00,17.035
2025-05-23T00:00:00+02:00,17.037
2025-05-23T12:00:00+02:00,17.035
2025-05-24T00:00:00+02:00,17.039
2025-05-24T12:00:00+02:00,17.037
2025-05-25T00:00:00+02:00,17.038
2025-05-25T12:00:00+02:00,17.059
2025-05-26T00:00:00+02:00,17.069
2025-05-26T12:00:00+02:00,17.07
2025-05-27T00:00:00+02:00,17.07
2025-05-27T12:00:00+02:00,17.068
2025-05-28T00:00:00+02:00,17.095
2025-05-28T12:00:00+02:00,17.133
2025-05-29T00:00:00+02:00,17.156
2025-05-29T12:00:00+02:00,17.172
2025-05-30T00:00:00+02:00,17.166
2025-05-30T12:00:00+02:00,17.157
2025-05-31T00:00:00+02:00,17.144
2025-05-31T12:00:00+02:00,17.148
2025-06-02T00:00:00+02:00,17.153
2025-06-02T12:00:00+02:00,17.134
2025-06-03T00:00:00+02:00,17.138
2025-06-03T12:00:00+02:00,17.134
2025-06-04T00:00:00+02:00,17.12
2025-06-04T12:00:00+02:00,17.111
2025-06-05T00:00:00+02:00,17.103
2025-06-05T12:00:00+02:00,17.095
2025-06-07T00:00:00+02:00,17.104
2025-06-07T12:00:00+02:00,17.116
2025-06-08T00:00:00+02:00,17.162
2025-06-08T12:00:00+02:00,17.173
2025-06-09T00:00:00+02:00,17.168
2025-06-09T12:00:00+02:00,17.156
2025-06-10T00:00:00+02:00,17.143
2025-06-10T12:00:00+02:00,17.136
2025-06-11T00:00:00+02:00,17.113
2025-06-11T12:00:00+02:00,17.101
2025-06-12T00:00:00+02:00,17.089
2025-06-12T12:00:00+02:00,17.087
2025-06-13T00:00:00+02:00,17.066
2025-06-13T12:00:00+02:00,17.054
2025-06-14T00:00:00+02:00,17.046
2025-06-14T12:00:00+02:00,17.044
2021-03-16T11:10:00+01:00,17.26
2022-03-16T14:23:00+01:00,16.98
2023-03-13T11:53:00+01:00,17.34
2024-03-12T13:23:00+01:00,17.58
2024-09-18T09:11:00+02:00,17.01
2025-03-13T11:20:00+01:00,17.33
2021-01-01T00:00:00+01:00,16.878
2021-01-01T12:00:00+01:00,16.881
2021-03-15T00:00:00+01:00,17.135
2021-03-15T12:00:00+01:00,17.158
2021-03-16T00:00:00+01:00,17.168
2021-03-16T12:00:00+01:00,17.161
2021-03-17T00:00:00+01:00,17.177
2021-03-17T12:00:00+01:00,17.186
2021-03-18T00:00:00+01:00,17.184
2021-03-18T12:00:00+01:00,17.172
2021-03-19T00:00:00+01:00,17.17
2021-03-19T12:00:00+01:00,17.144
2021-03-20T00:00:00+01:00,17.124
2021-03-20T12:00:00+01:00,17.114
2021-03-21T00:00:00+01:00,17.112
2021-03-21T12:00:00+01:00,17.098
2021-03-22T00:00:00+01:00,17.082
2021-03-22T12:00:00+01:00,17.07
2021-03-23T00:00:00+01:00,17.06
2021-03-23T12:00:00+01:00,17.058
2021-03-24T00:00:00+01:00,17.049
2021-03-24T12:00:00+01:00,17.048
2021-03-25T00:00:00+01:00,17.042
2021-03-25T12:00:00+01:00,17.028
2021-03-26T00:00:00+01:00,17.028
2021-03-26T12:00:00+01:00,17.037
2021-03-27T00:00:00+01:00,17.026
2021-03-27T12:00:00+01:00,17.001
2021-03-28T00:00:00+01:00,17.005
2021-03-28T13:00:00+02:00,17.005
2021-03-29T01:00:00+02:00,16.996
2021-03-29T13:00:00+02:00,16.991
2021-03-30T01:00:00+02:00,16.987
2021-03-30T13:00:00+02:00,16.991
2021-03-31T01:00:00+02:00,16.997
2021-03-31T13:00:00+02:00,16.997
2022-01-01T06:00:00+01:00,16.977
2022-01-01T18:00:00+01:00,16.986
2022-06-13T07:00:00+02:00,16.943
2022-06-13T19:00:00+02:00,16.95
2022-06-19T07:00:00+02:00,16.932
2022-06-19T19:00:00+02:00,16.95
2022-07-12T07:00:00+02:00,16.941
2022-07-12T19:00:00+02:00,16.949
2022-07-20T07:00:00+02:00,16.943
2022-07-20T19:00:00+02:00,16.95
2022-07-27T07:00:00+02:00,16.943
2022-07-27T19:00:00+02:00,16.95
2022-12-16T06:00:00+01:00,16.931
2022-12-16T18:00:00+01:00,16.936
2023-05-06T01:00:00+02:00,17.081
2023-05-06T13:00:00+02:00,17.076
2023-06-02T01:00:00+02:00,16.945
2023-06-02T13:00:00+02:00,16.948
2023-06-10T01:00:00+02:00,16.947
2023-06-10T13:00:00+02:00,16.953
2023-06-11T01:00:00+02:00,16.948
2023-06-11T13:00:00+02:00,16.952
2023-07-04T01:00:00+02:00,16.945
2023-07-04T13:00:00+02:00,16.95
2023-07-08T01:00:00+02:00,16.955
2023-07-08T13:00:00+02:00,16.951
2023-07-19T01:00:00+02:00,16.949
2023-07-19T13:00:00+02:00,16.952
2023-09-15T07:00:00+02:00,16.939
2023-09-15T19:00:00+02:00,16.938
2023-09-16T07:00:00+02:00,16.936
2023-09-16T19:00:00+02:00,16.935
2023-09-17T07:00:00+02:00,16.937
2023-09-17T19:00:00+02:00,16.946
2023-09-18T07:00:00+02:00,16.939
2023-09-18T19:00:00+02:00,16.938
2023-09-19T07:00:00+02:00,16.938
2023-09-19T19:00:00+02:00,16.937
2023-09-20T07:00:00+02:00,16.942
2023-09-20T19:00:00+02:00,16.942
2023-09-21T07:00:00+02:00,16.943
2023-09-21T19:00:00+02:00,16.94
2024-09-17T07:00:00+02:00,17.05
2024-09-17T19:00:00+02:00,17.043
2024-09-18T07:00:00+02:00,17.037
2025-03-13T10:00:00+01:00,17.317
2025-03-13T12:00:00+01:00,17.397
2025-06-15T00:00:00+02:00,17.043
2025-06-15T12:00:00+02:00,17.044
2025-06-16T00:00:00+02:00,17.042
