date,water_level_nap_m
2021-01-06T06:00:00+01:00,14.97
2021-01-06T18:00:00+01:00,14.987
2021-01-07T06:00:00+01:00,15.003
2021-01-07T18:00:00+01:00,14.973
2021-01-08T06:00:00+01:00,14.973
2021-01-08T18:00:00+01:00,14.997
2021-01-09T06:00:00+01:00,14.999
2021-01-09T18:00:00+01:00,14.987
2021-01-10T06:00:00+01:00,14.994
2021-01-10T18:00:00+01:00,15.016
2021-01-11T06:00:00+01:00,15.019
2021-01-11T18:00:00+01:00,15.019
2021-01-12T06:00:00+01:00,15.058
2021-01-12T18:00:00+01:00,15.163
2021-01-13T06:00:00+01:00,15.161
2021-01-13T18:00:00+01:00,15.147
2021-01-14T06:00:00+01:00,15.111
2021-01-14T18:00:00+01:00,15.098
2021-01-15T06:00:00+01:00,15.059
2021-01-15T18:00:00+01:00,15.049
2021-01-16T06:00:00+01:00,15.084
2021-01-16T18:00:00+01:00,15.109
2021-01-17T06:00:00+01:00,15.079
2021-01-17T18:00:00+01:00,15.053
2021-01-18T06:00:00+01:00,15.071
2021-01-18T18:00:00+01:00,15.073
2021-01-19T06:00:00+01:00,15.14
2021-01-19T18:00:00+01:00,15.234
2021-01-20T06:00:00+01:00,15.232
2021-01-20T18:00:00+01:00,15.218
2021-01-21T06:00:00+01:00,15.176
2021-01-21T18:00:00+01:00,15.188
2021-01-22T06:00:00+01:00,15.295
2021-01-22T18:00:00+01:00,15.284
2021-01-23T06:00:00+01:00,15.273
2021-01-23T18:00:00+01:00,15.252
2021-01-24T06:00:00+01:00,15.274
2021-01-24T18:00:00+01:00,15.293
2021-01-25T06:00:00+01:00,15.256
2021-01-25T18:00:00+01:00,15.225
2021-01-26T06:00:00+01:00,15.208
2021-01-26T18:00:00+01:00,15.213
2021-01-27T06:00:00+01:00,15.234
2021-01-27T18:00:00+01:00,15.213
2021-01-28T06:00:00+01:00,15.253
2021-01-28T18:00:00+01:00,15.409
2021-01-29T06:00:00+01:00,15.487
2021-01-29T18:00:00+01:00,15.484
2021-01-30T06:00:00+01:00,15.457
2021-01-30T18:00:00+01:00,15.421
2021-01-31T06:00:00+01:00,15.392
2021-01-31T18:00:00+01:00,15.407
2021-02-01T06:00:00+01:00,15.381
2021-02-01T18:00:00+01:00,15.325
2021-02-02T06:00:00+01:00,15.336
2021-02-02T18:00:00+01:00,15.414
2021-02-03T06:00:00+01:00,15.441
2021-02-03T18:00:00+01:00,15.555
2021-02-04T06:00:00+01:00,15.528
2021-02-04T18:00:00+01:00,15.503
2021-02-05T06:00:00+01:00,15.487
2021-02-05T18:00:00+01:00,15.462
2021-02-06T06:00:00+01:00,15.455
2021-02-06T18:00:00+01:00,15.455
2021-02-07T06:00:00+01:00,15.507
2021-02-07T18:00:00+01:00,15.497
2021-02-08T06:00:00+01:00,15.485
2021-02-08T18:00:00+01:00,15.458
2021-02-09T06:00:00+01:00,15.43
2021-02-09T18:00:00+01:00,15.426
2021-02-10T06:00:00+01:00,15.4
2021-02-10T18:00:00+01:00,15.358
2021-02-11T06:00:00+01:00,15.334
2021-02-11T18:00:00+01:00,15.33
2021-02-12T06:00:00+01:00,15.315
2021-02-12T18:00:00+01:00,15.293
2021-02-13T06:00:00+01:00,15.274
2021-02-13T18:00:00+01:00,15.265
2021-02-14T06:00:00+01:00,15.264
2021-02-14T18:00:00+01:00,15.265
2021-02-15T06:00:00+01:00,15.281
2021-02-15T18:00:00+01:00,15.337
2021-02-16T06:00:00+01:00,15.451
2021-02-16T18:00:00+01:00,15.509
2021-02-17T06:00:00+01:00,15.489
2021-02-17T18:00:00+01:00,15.474
2021-02-18T06:00:00+01:00,15.475
2021-02-18T18:00:00+01:00,15.492
2021-02-19T06:00:00+01:00,15.481
2021-02-19T18:00:00+01:00,15.47
2021-02-20T06:00:00+01:00,15.445
2021-02-20T18:00:00+01:00,15.436
2021-02-21T06:00:00+01:00,15.412
2021-02-21T18:00:00+01:00,15.401
2021-02-22T06:00:00+01:00,15.382
2021-02-22T18:00:00+01:00,15.352
2021-02-23T06:00:00+01:00,15.339
2021-02-23T18:00:00+01:00,15.322
2021-02-24T06:00:00+01:00,15.33
2021-02-24T18:00:00+01:00,15.331
2021-02-25T06:00:00+01:00,15.314
2021-02-25T18:00:00+01:00,15.289
2021-02-26T06:00:00+01:00,15.362
2021-02-26T18:00:00+01:00,15.34
2021-02-27T06:00:00+01:00,15.322
2021-02-27T18:00:00+01:00,15.315
2021-02-28T06:00:00+01:00,15.31
2021-02-28T18:00:00+01:00,15.303
2021-03-01T06:00:00+01:00,15.291
2021-03-01T18:00:00+01:00,15.289
2021-03-02T06:00:00+01:00,15.283
2021-03-02T18:00:00+01:00,15.272
2021-03-03T06:00:00+01:00,15.264
2021-03-03T18:00:00+01:00,15.258
2021-03-04T06:00:00+01:00,15.263
2021-03-04T18:00:00+01:00,15.297
2021-03-05T06:00:00+01:00,15.267
2021-03-05T18:00:00+01:00,15.247
2021-03-06T06:00:00+01:00,15.235
2021-03-06T18:00:00+01:00,15.24
2021-03-07T06:00:00+01:00,15.236
2021-03-07T18:00:00+01:00,15.228
2021-03-08T06:00:00+01:00,15.218
2021-03-08T18:00:00+01:00,15.222
2021-03-09T06:00:00+01:00,15.227
2021-03-09T18:00:00+01:00,15.219
2021-03-10T06:00:00+01:00,15.219
2021-03-10T18:00:00+01:00,15.243
2021-03-11T06:00:00+01:00,15.27
2021-03-11T18:00:00+01:00,15.233
2021-03-12T06:00:00+01:00,15.23
2021-03-12T18:00:00+01:00,15.274
2021-03-13T06:00:00+01:00,15.361
2021-03-13T18:00:00+01:00,15.386
2021-03-14T06:00:00+01:00,15.35
2021-03-14T18:00:00+01:00,15.349
2021-03-15T06:00:00+01:00,15.411
2021-03-15T18:00:00+01:00,15.403
2021-03-16T06:00:00+01:00,15.389
2021-03-16T18:00:00+01:00,15.414
2021-04-01T01:00:00+02:00,15.211
2021-04-01T13:00:00+02:00,15.194
2021-04-02T01:00:00+02:00,15.177
2021-04-02T13:00:00+02:00,15.169
2021-04-03T01:00:00+02:00,15.165
2021-04-03T13:00:00+02:00,15.151
2021-04-04T01:00:00+02:00,15.146
2021-04-04T13:00:00+02:00,15.152
2021-04-05T01:00:00+02:00,15.184
2021-04-05T13:00:00+02:00,15.137
2021-04-06T01:00:00+02:00,15.14
2021-04-06T13:00:00+02:00,15.142
2021-04-07T01:00:00+02:00,15.18
2021-04-07T13:00:00+02:00,15.251
2021-04-08T01:00:00+02:00,15.349
2021-04-08T13:00:00+02:00,15.349
2021-04-09T01:00:00+02:00,15.356
2021-04-09T13:00:00+02:00,15.347
2021-04-10T01:00:00+02:00,15.334
2021-04-10T13:00:00+02:00,15.331
2021-04-11T01:00:00+02:00,15.453
2021-04-11T13:00:00+02:00,15.425
2021-04-12T01:00:00+02:00,15.395
2021-04-12T13:00:00+02:00,15.381
2021-04-13T01:00:00+02:00,15.37
2021-04-13T13:00:00+02:00,15.365
2021-04-14T01:00:00+02:00,15.354
2021-04-14T13:00:00+02:00,15.344
2021-04-15T01:00:00+02:00,15.328
2021-04-15T13:00:00+02:00,15.321
2021-04-16T01:00:00+02:00,15.311
2021-04-16T13:00:00+02:00,15.312
2021-04-17T01:00:00+02:00,15.295
2021-04-17T13:00:00+02:00,15.297
2021-04-18T01:00:00+02:00,15.283
2021-04-18T13:00:00+02:00,15.281
2021-04-19T01:00:00+02:00,15.272
2021-04-19T13:00:00+02:00,15.264
2021-04-20T01:00:00+02:00,15.264
2021-04-20T13:00:00+02:00,15.263
2021-04-21T01:00:00+02:00,15.254
2021-04-21T13:00:00+02:00,15.234
2021-04-22T01:00:00+02:00,15.208
2021-04-22T13:00:00+02:00,15.203
2021-04-23T01:00:00+02:00,15.189
2021-04-23T13:00:00+02:00,15.183
2021-04-24T01:00:00+02:00,15.175
2021-04-24T13:00:00+02:00,15.178
2021-04-25T01:00:00+02:00,15.156
2021-04-25T13:00:00+02:00,15.152
2021-04-26T01:00:00+02:00,15.148
2021-04-26T13:00:00+02:00,15.155
2021-04-27T01:00:00+02:00,15.152
2021-04-27T13:00:00+02:00,15.148
2021-04-28T01:00:00+02:00,15.138
2021-04-28T13:00:00+02:00,15.141
2021-04-29T01:00:00+02:00,15.13
2021-04-29T13:00:00+02:00,15.087
2021-04-30T01:00:00+02:00,15.084
2021-04-30T13:00:00+02:00,15.08
2021-05-01T01:00:00+02:00,15.064
2021-05-01T13:00:00+02:00,15.071
2021-05-02T01:00:00+02:00,15.054
2021-05-02T13:00:00+02:00,15.048
2021-05-03T01:00:00+02:00,15.049
2021-05-03T13:00:00+02:00,15.087
2021-05-04T01:00:00+02:00,15.162
2021-05-04T13:00:00+02:00,15.111
2021-05-05T01:00:00+02:00,15.107
2021-05-05T13:00:00+02:00,15.087
2021-05-06T01:00:00+02:00,15.109
2021-05-06T13:00:00+02:00,15.127
2021-05-07T01:00:00+02:00,15.096
2021-05-07T13:00:00+02:00,15.069
2021-05-08T01:00:00+02:00,15.078
2021-05-08T13:00:00+02:00,15.104
2021-05-09T01:00:00+02:00,15.113
2021-05-09T13:00:00+02:00,15.125
2021-05-10T01:00:00+02:00,15.123
2021-05-10T13:00:00+02:00,15.079
2021-05-11T01:00:00+02:00,15.075
2021-05-11T13:00:00+02:00,15.076
2021-05-12T01:00:00+02:00,15.061
2021-05-12T13:00:00+02:00,15.068
2021-05-13T01:00:00+02:00,15.111
2021-05-13T13:00:00+02:00,15.121
2021-05-14T01:00:00+02:00,15.094
2021-05-14T13:00:00+02:00,15.08
2021-05-15T01:00:00+02:00,15.087
2021-05-15T13:00:00+02:00,15.12
2021-05-16T01:00:00+02:00,15.103
2021-05-16T13:00:00+02:00,15.103
2021-05-17T01:00:00+02:00,15.109
2021-05-17T13:00:00+02:00,15.124
2021-05-18T01:00:00+02:00,15.133
2021-05-18T13:00:00+02:00,15.134
2021-05-19T01:00:00+02:00,15.114
2021-05-19T13:00:00+02:00,15.106
2021-05-20T01:00:00+02:00,15.119
2021-05-20T13:00:00+02:00,15.15
2021-05-21T01:00:00+02:00,15.172
2021-05-21T13:00:00+02:00,15.152
2021-05-22T01:00:00+02:00,15.143
2021-05-22T13:00:00+02:00,15.102
2021-05-23T01:00:00+02:00,15.181
2021-05-23T13:00:00+02:00,15.187
2021-05-24T01:00:00+02:00,15.192
2021-05-24T13:00:00+02:00,15.178
2021-05-25T01:00:00+02:00,15.167
2021-05-25T13:00:00+02:00,15.153
2021-05-26T01:00:00+02:00,15.172
2021-05-26T13:00:00+02:00,15.164
2021-05-27T01:00:00+02:00,15.141
2021-05-27T13:00:00+02:00,15.133
2021-05-28T01:00:00+02:00,15.149
2021-05-28T13:00:00+02:00,15.147
2021-05-29T01:00:00+02:00,15.121
2021-05-29T13:00:00+02:00,15.108
2021-05-30T01:00:00+02:00,15.098
2021-05-30T13:00:00+02:00,15.118
2021-05-31T01:00:00+02:00,15.128
2021-05-31T13:00:00+02:00,15.124
2021-06-01T01:00:00+02:00,15.101
2021-06-01T13:00:00+02:00,15.092
2021-06-02T01:00:00+02:00,15.079
2021-06-02T13:00:00+02:00,15.084
2021-06-03T01:00:00+02:00,15.08
2021-06-03T13:00:00+02:00,15.073
2021-06-04T01:00:00+02:00,15.065
2021-06-04T13:00:00+02:00,15.046
2021-06-05T01:00:00+02:00,15.354
2021-06-05T13:00:00+02:00,15.344
2021-06-06T01:00:00+02:00,15.318
2021-06-06T13:00:00+02:00,15.303
2021-06-07T01:00:00+02:00,15.272
2021-06-07T13:00:00+02:00,15.249
2021-06-08T01:00:00+02:00,15.221
2021-06-08T13:00:00+02:00,15.195
2021-06-09T01:00:00+02:00,15.167
2021-06-09T13:00:00+02:00,15.141
2021-06-10T01:00:00+02:00,15.118
2021-06-10T13:00:00+02:00,15.096
2021-06-11T01:00:00+02:00,15.063
2021-06-11T13:00:00+02:00,15.054
2021-06-12T01:00:00+02:00,15.034
2021-06-12T13:00:00+02:00,15.006
2021-06-13T01:00:00+02:00,14.982
2021-06-13T13:00:00+02:00,14.977
2021-06-14T01:00:00+02:00,14.977
2021-06-14T13:00:00+02:00,14.97
2021-06-15T01:00:00+02:00,14.979
2021-06-15T13:00:00+02:00,14.982
2021-06-16T01:00:00+02:00,14.965
2021-06-16T13:00:00+02:00,14.956
2021-06-17T01:00:00+02:00,14.936
2021-06-17T13:00:00+02:00,14.932
2021-06-18T01:00:00+02:00,14.947
2021-06-18T13:00:00+02:00,15.019
2021-06-19T01:00:00+02:00,15.02
2021-06-19T13:00:00+02:00,14.984
2021-06-20T01:00:00+02:00,15.009
2021-06-20T13:00:00+02:00,14.978
2021-06-21T01:00:00+02:00,14.967
2021-06-21T13:00:00+02:00,15.129
2021-06-22T01:00:00+02:00,15.131
2021-06-22T13:00:00+02:00,15.112
2021-06-23T01:00:00+02:00,15.098
2021-06-23T13:00:00+02:00,15.094
2021-06-24T01:00:00+02:00,15.077
2021-06-24T13:00:00+02:00,15.063
2021-06-25T01:00:00+02:00,15.044
2021-06-25T13:00:00+02:00,15.032
2021-06-26T01:00:00+02:00,15.014
2021-06-26T13:00:00+02:00,15.007
2021-06-27T01:00:00+02:00,15.007
2021-06-27T13:00:00+02:00,15.029
2021-06-28T01:00:00+02:00,15.04
2021-06-28T13:00:00+02:00,15.032
2021-06-29T01:00:00+02:00,15.025
2021-06-29T13:00:00+02:00,15.021
2021-06-30T01:00:00+02:00,15.011
2021-06-30T13:00:00+02:00,15.071
2021-07-01T01:00:00+02:00,15.098
2021-07-01T13:00:00+02:00,15.13
2021-07-02T01:00:00+02:00,15.129
2021-07-02T13:00:00+02:00,15.108
2021-07-03T01:00:00+02:00,15.099
2021-07-03T13:00:00+02:00,15.089
2021-07-04T01:00:00+02:00,15.101
2021-07-04T13:00:00+02:00,15.142
2021-07-05T01:00:00+02:00,15.234
2021-07-05T13:00:00+02:00,15.248
2021-07-06T01:00:00+02:00,15.242
2021-07-06T13:00:00+02:00,15.198
2021-07-07T01:00:00+02:00,15.169
2021-07-07T13:00:00+02:00,15.141
2021-07-08T01:00:00+02:00,15.112
2021-07-08T13:00:00+02:00,15.1
2021-07-09T01:00:00+02:00,15.08
2021-07-09T13:00:00+02:00,15.067
2021-07-10T01:00:00+02:00,15.049
2021-07-10T13:00:00+02:00,15.054
2021-07-11T01:00:00+02:00,15.095
2021-07-11T13:00:00+02:00,15.106
2021-07-12T01:00:00+02:00,15.101
2021-07-12T13:00:00+02:00,15.092
2021-07-13T01:00:00+02:00,15.077
2021-07-13T13:00:00+02:00,15.07
2021-07-14T01:00:00+02:00,15.062
2021-07-14T13:00:00+02:00,15.075
2021-07-15T01:00:00+02:00,15.108
2021-07-15T13:00:00+02:00,15.58
2021-07-16T01:00:00+02:00,15.519
2021-07-16T13:00:00+02:00,15.482
2021-07-17T01:00:00+02:00,15.453
2021-07-17T13:00:00+02:00,15.432
2021-07-18T01:00:00+02:00,15.405
2021-07-18T13:00:00+02:00,15.392
2021-07-19T01:00:00+02:00,15.367
2021-07-19T13:00:00+02:00,15.354
2021-07-20T01:00:00+02:00,15.327
2021-07-20T13:00:00+02:00,15.31
2021-07-21T01:00:00+02:00,15.285
2021-07-21T13:00:00+02:00,15.263
2021-07-22T01:00:00+02:00,15.243
2021-07-22T13:00:00+02:00,15.228
2021-07-23T01:00:00+02:00,15.205
2021-07-23T13:00:00+02:00,15.198
2021-07-24T01:00:00+02:00,15.18
2021-07-24T13:00:00+02:00,15.152
2021-07-25T01:00:00+02:00,15.17
2021-07-25T13:00:00+02:00,15.146
2021-07-26T01:00:00+02:00,15.129
2021-07-26T13:00:00+02:00,15.111
2021-07-27T01:00:00+02:00,15.08
2021-07-27T13:00:00+02:00,15.074
2021-07-28T01:00:00+02:00,15.067
2021-07-28T13:00:00+02:00,15.053
2021-07-29T01:00:00+02:00,15.051
2021-07-29T13:00:00+02:00,15.033
2021-07-30T01:00:00+02:00,15.057
2021-07-30T13:00:00+02:00,15.059
2021-07-31T01:00:00+02:00,15.041
2021-07-31T13:00:00+02:00,15.013
2021-08-01T01:00:00+02:00,15.015
2021-08-01T13:00:00+02:00,15.022
2021-08-02T01:00:00+02:00,15.084
2021-08-02T13:00:00+02:00,15.065
2021-08-03T01:00:00+02:00,15.047
2021-08-03T13:00:00+02:00,15.049
2021-08-04T01:00:00+02:00,15.035
2021-08-04T13:00:00+02:00,15.062
2021-08-05T01:00:00+02:00,15.034
2021-08-05T13:00:00+02:00,15.02
2021-08-06T01:00:00+02:00,15.019
2021-08-06T13:00:00+02:00,15.025
2021-08-07T01:00:00+02:00,15.025
2021-08-07T13:00:00+02:00,15.018
2021-08-08T01:00:00+02:00,15.004
2021-08-08T13:00:00+02:00,14.991
2021-08-09T01:00:00+02:00,14.999
2021-08-09T13:00:00+02:00,15.016
2021-08-10T01:00:00+02:00,14.987
2021-08-10T13:00:00+02:00,14.981
2021-08-11T01:00:00+02:00,14.98
2021-08-11T13:00:00+02:00,15.0
2021-08-12T01:00:00+02:00,14.988
2021-08-12T13:00:00+02:00,14.965
2021-08-13T01:00:00+02:00,14.954
2021-08-13T13:00:00+02:00,14.945
2021-08-14T01:00:00+02:00,14.968
2021-08-14T13:00:00+02:00,14.987
2021-08-15T01:00:00+02:00,14.972
2021-08-15T13:00:00+02:00,14.96
2021-08-16T01:00:00+02:00,14.947
2021-08-16T13:00:00+02:00,14.951
2021-08-17T01:00:00+02:00,14.97
2021-08-17T13:00:00+02:00,14.966
2021-08-18T01:00:00+02:00,14.96
2021-08-18T13:00:00+02:00,14.97
2021-08-19T01:00:00+02:00,14.999
2021-08-19T13:00:00+02:00,15.008
2021-08-20T01:00:00+02:00,14.971
2021-08-20T13:00:00+02:00,14.956
2021-08-21T01:00:00+02:00,14.956
2021-08-21T13:00:00+02:00,14.984
2021-08-22T01:00:00+02:00,15.003
2021-08-22T13:00:00+02:00,14.975
2021-08-23T01:00:00+02:00,14.989
2021-08-23T13:00:00+02:00,14.998
2021-08-24T01:00:00+02:00,15.001
2021-08-24T13:00:00+02:00,15.005
2021-08-25T01:00:00+02:00,14.99
2021-08-25T13:00:00+02:00,14.995
2021-08-26T01:00:00+02:00,15.002
2021-08-26T13:00:00+02:00,14.994
2021-08-27T01:00:00+02:00,14.983
2021-08-27T13:00:00+02:00,14.988
2021-08-28T01:00:00+02:00,14.977
2021-08-28T13:00:00+02:00,14.97
2021-08-29T01:00:00+02:00,14.956
2021-08-29T13:00:00+02:00,14.963
2021-08-30T01:00:00+02:00,14.957
2021-08-30T13:00:00+02:00,14.956
2021-08-31T01:00:00+02:00,14.945
2021-08-31T13:00:00+02:00,14.945
2021-09-01T01:00:00+02:00,14.945
2021-09-01T13:00:00+02:00,14.957
2021-09-02T01:00:00+02:00,14.936
2021-09-02T13:00:00+02:00,14.934
2021-09-03T01:00:00+02:00,14.935
2021-09-03T13:00:00+02:00,14.955
2021-09-04T01:00:00+02:00,14.958
2021-09-04T13:00:00+02:00,14.972
2021-09-05T01:00:00+02:00,14.939
2021-09-05T13:00:00+02:00,14.916
2021-09-06T01:00:00+02:00,14.908
2021-09-06T13:00:00+02:00,14.916
2021-09-07T01:00:00+02:00,14.913
2021-09-07T13:00:00+02:00,14.928
2021-09-08T01:00:00+02:00,14.941
2021-09-08T13:00:00+02:00,14.948
2021-09-09T01:00:00+02:00,14.953
2021-09-09T13:00:00+02:00,14.912
2021-09-17T01:00:00+02:00,14.908
2021-09-17T13:00:00+02:00,14.876
2021-09-18T01:00:00+02:00,14.861
2021-09-18T13:00:00+02:00,14.882
2021-09-19T01:00:00+02:00,14.867
2021-09-19T13:00:00+02:00,14.84
2021-09-20T01:00:00+02:00,14.862
2021-09-20T13:00:00+02:00,14.798
2021-09-21T01:00:00+02:00,14.848
2021-09-21T13:00:00+02:00,14.856
2021-09-22T01:00:00+02:00,14.86
2021-09-22T13:00:00+02:00,14.916
2021-09-23T01:00:00+02:00,14.841
2021-09-23T13:00:00+02:00,14.848
2021-09-24T01:00:00+02:00,14.832
2021-09-24T13:00:00+02:00,14.85
2021-09-25T01:00:00+02:00,14.843
2021-09-25T13:00:00+02:00,14.875
2021-09-26T01:00:00+02:00,14.858
2021-09-26T13:00:00+02:00,14.854
2021-09-27T01:00:00+02:00,14.862
2021-09-27T13:00:00+02:00,14.784
2021-09-28T01:00:00+02:00,14.849
2021-09-28T13:00:00+02:00,14.926
2021-09-29T01:00:00+02:00,14.886
2021-09-29T13:00:00+02:00,14.794
2021-09-30T01:00:00+02:00,14.866
2021-09-30T13:00:00+02:00,14.944
2021-10-01T01:00:00+02:00,14.905
2021-10-01T13:00:00+02:00,14.89
2021-10-02T01:00:00+02:00,14.839
2021-10-02T13:00:00+02:00,14.99
2021-10-03T01:00:00+02:00,14.892
2021-10-03T13:00:00+02:00,14.901
2021-10-04T01:00:00+02:00,14.885
2021-10-04T13:00:00+02:00,14.916
2021-10-05T01:00:00+02:00,14.901
2021-10-05T13:00:00+02:00,14.876
2021-10-06T01:00:00+02:00,14.918
2021-10-06T13:00:00+02:00,14.829
2021-10-07T01:00:00+02:00,14.938
2021-10-07T13:00:00+02:00,14.893
2021-10-08T01:00:00+02:00,14.915
2021-10-08T13:00:00+02:00,14.955
2021-10-09T01:00:00+02:00,14.952
2021-10-09T13:00:00+02:00,14.975
2021-10-10T01:00:00+02:00,14.974
2021-10-10T13:00:00+02:00,14.993
2021-10-11T01:00:00+02:00,14.991
2021-10-11T13:00:00+02:00,15.019
2021-10-12T01:00:00+02:00,15.008
2021-10-12T13:00:00+02:00,14.979
2021-10-13T01:00:00+02:00,14.977
2021-10-13T13:00:00+02:00,14.933
2021-10-14T01:00:00+02:00,14.921
2021-10-14T13:00:00+02:00,14.997
2021-10-15T01:00:00+02:00,14.967
2021-10-15T13:00:00+02:00,14.896
2021-10-16T01:00:00+02:00,14.914
2021-10-16T13:00:00+02:00,14.937
2021-10-17T01:00:00+02:00,14.933
2021-10-17T13:00:00+02:00,14.932
2021-10-18T01:00:00+02:00,14.904
2021-10-18T13:00:00+02:00,14.935
2021-10-19T01:00:00+02:00,14.922
2021-10-19T13:00:00+02:00,15.002
2021-10-20T01:00:00+02:00,14.948
2021-10-20T13:00:00+02:00,14.95
2021-10-21T01:00:00+02:00,15.003
2021-10-21T13:00:00+02:00,14.832
2021-10-22T01:00:00+02:00,14.979
2021-10-22T13:00:00+02:00,14.875
2021-10-23T01:00:00+02:00,14.92
2021-10-23T13:00:00+02:00,14.928
2021-10-24T01:00:00+02:00,14.92
2021-10-24T13:00:00+02:00,14.958
2021-10-25T01:00:00+02:00,14.916
2021-10-25T13:00:00+02:00,14.908
2021-10-26T01:00:00+02:00,14.898
2021-10-26T13:00:00+02:00,14.87
2021-10-27T01:00:00+02:00,14.874
2021-10-27T13:00:00+02:00,14.894
2021-10-28T01:00:00+02:00,14.868
2021-10-28T13:00:00+02:00,14.925
2021-10-29T01:00:00+02:00,14.873
2021-10-29T13:00:00+02:00,14.865
2021-10-30T01:00:00+02:00,14.86
2021-10-30T13:00:00+02:00,14.816
2021-10-31T01:00:00+02:00,14.863
2021-10-31T12:00:00+01:00,14.928
2021-11-01T00:00:00+01:00,14.961
2021-11-01T12:00:00+01:00,14.992
2021-11-02T00:00:00+01:00,14.99
2021-11-02T12:00:00+01:00,14.975
2021-11-03T00:00:00+01:00,14.961
2021-11-03T12:00:00+01:00,14.961
2021-11-04T00:00:00+01:00,14.972
2021-11-04T12:00:00+01:00,14.956
2021-11-05T00:00:00+01:00,14.922
2021-11-05T12:00:00+01:00,14.92
2021-11-06T00:00:00+01:00,14.947
2021-11-06T12:00:00+01:00,14.964
2021-11-07T00:00:00+01:00,14.968
2021-11-07T12:00:00+01:00,14.956
2021-11-08T00:00:00+01:00,14.959
2021-11-08T12:00:00+01:00,14.957
2021-11-09T00:00:00+01:00,14.937
2021-11-09T12:00:00+01:00,14.935
2021-11-10T00:00:00+01:00,14.963
2021-11-10T12:00:00+01:00,14.964
2021-11-11T00:00:00+01:00,14.941
2021-11-11T12:00:00+01:00,14.932
2021-11-12T00:00:00+01:00,14.969
2021-11-12T12:00:00+01:00,14.985
2021-11-13T00:00:00+01:00,14.967
2021-11-13T12:00:00+01:00,14.976
2021-11-14T00:00:00+01:00,14.996
2021-11-14T12:00:00+01:00,14.963
2021-11-15T00:00:00+01:00,14.967
2021-11-15T12:00:00+01:00,14.992
2021-11-16T00:00:00+01:00,14.998
2021-11-16T12:00:00+01:00,14.983
2021-11-17T00:00:00+01:00,14.97
2021-11-17T12:00:00+01:00,14.98
2021-11-18T00:00:00+01:00,14.972
2021-11-18T12:00:00+01:00,14.954
2021-11-19T00:00:00+01:00,14.949
2021-11-19T12:00:00+01:00,14.973
2021-11-20T00:00:00+01:00,14.976
2021-11-20T12:00:00+01:00,14.976
2021-11-21T00:00:00+01:00,14.988
2021-11-21T12:00:00+01:00,14.995
2021-11-22T00:00:00+01:00,14.957
2021-11-22T12:00:00+01:00,14.934
2021-11-23T00:00:00+01:00,14.932
2021-11-23T12:00:00+01:00,14.959
2021-11-24T00:00:00+01:00,14.972
2021-11-24T12:00:00+01:00,14.971
2021-11-25T00:00:00+01:00,14.967
2021-11-25T12:00:00+01:00,14.975
2021-11-26T00:00:00+01:00,15.003
2021-11-26T12:00:00+01:00,15.024
2021-11-27T00:00:00+01:00,14.996
2021-11-27T12:00:00+01:00,14.992
2021-11-28T00:00:00+01:00,15.0
2021-11-28T12:00:00+01:00,14.998
2021-11-29T00:00:00+01:00,15.011
2021-11-29T12:00:00+01:00,15.0
2021-11-30T00:00:00+01:00,14.995
2021-11-30T12:00:00+01:00,15.012
2021-12-01T00:00:00+01:00,15.111
2021-12-01T12:00:00+01:00,15.116
2021-12-02T00:00:00+01:00,15.086
2021-12-02T12:00:00+01:00,15.102
2021-12-03T00:00:00+01:00,15.089
2021-12-03T12:00:00+01:00,15.109
2021-12-04T00:00:00+01:00,15.111
2021-12-04T12:00:00+01:00,15.125
2021-12-05T00:00:00+01:00,15.179
2021-12-05T12:00:00+01:00,15.146
2021-12-06T00:00:00+01:00,15.108
2021-12-06T12:00:00+01:00,15.114
2021-12-07T00:00:00+01:00,15.138
2021-12-07T12:00:00+01:00,15.185
2021-12-08T00:00:00+01:00,15.212
2021-12-08T12:00:00+01:00,15.182
2021-12-09T00:00:00+01:00,15.151
2021-12-09T12:00:00+01:00,15.139
2021-12-10T00:00:00+01:00,15.158
2021-12-10T12:00:00+01:00,15.137
2021-12-11T00:00:00+01:00,15.073
2021-12-11T12:00:00+01:00,15.054
2021-12-12T00:00:00+01:00,15.065
2021-12-12T12:00:00+01:00,15.066
2021-12-13T00:00:00+01:00,15.072
2021-12-13T12:00:00+01:00,15.099
2021-12-14T00:00:00+01:00,15.094
2021-12-14T12:00:00+01:00,15.084
2021-12-15T00:00:00+01:00,15.068
2021-12-15T12:00:00+01:00,15.061
2021-12-16T00:00:00+01:00,15.05
2021-12-16T12:00:00+01:00,15.048
2021-12-17T00:00:00+01:00,15.061
2021-12-17T12:00:00+01:00,15.082
2021-12-18T00:00:00+01:00,15.068
2021-12-18T12:00:00+01:00,15.068
2021-12-19T00:00:00+01:00,15.068
2021-12-19T12:00:00+01:00,15.079
2021-12-20T00:00:00+01:00,15.076
2021-12-20T12:00:00+01:00,15.062
2021-12-21T00:00:00+01:00,15.058
2021-12-21T12:00:00+01:00,15.068
2021-12-22T00:00:00+01:00,15.085
2021-12-22T12:00:00+01:00,15.083
2021-12-23T00:00:00+01:00,15.091
2021-12-23T12:00:00+01:00,15.097
2021-12-24T00:00:00+01:00,15.083
2021-12-24T12:00:00+01:00,15.078
2021-12-25T00:00:00+01:00,15.072
2021-12-25T12:00:00+01:00,15.092
2021-12-26T00:00:00+01:00,15.121
2021-12-26T12:00:00+01:00,15.118
2021-12-27T00:00:00+01:00,15.124
2021-12-27T12:00:00+01:00,15.134
2021-12-28T00:00:00+01:00,15.135
2021-12-28T12:00:00+01:00,15.15
2021-12-29T00:00:00+01:00,15.186
2021-12-29T12:00:00+01:00,15.238
2021-12-30T00:00:00+01:00,15.248
2021-12-30T12:00:00+01:00,15.26
2021-12-31T00:00:00+01:00,15.253
2021-12-31T12:00:00+01:00,15.25
2022-01-02T00:00:00+01:00,15.226
2022-01-02T12:00:00+01:00,15.233
2022-01-03T00:00:00+01:00,15.22
2022-01-03T12:00:00+01:00,15.233
2022-01-04T00:00:00+01:00,15.25
2022-01-04T12:00:00+01:00,15.24
2022-01-05T00:00:00+01:00,15.226
2022-01-05T12:00:00+01:00,15.208
2022-01-06T00:00:00+01:00,15.203
2022-01-06T12:00:00+01:00,15.204
2022-01-07T00:00:00+01:00,15.229
2022-01-07T12:00:00+01:00,15.229
2022-01-08T00:00:00+01:00,15.257
2022-01-08T12:00:00+01:00,15.281
2022-01-09T00:00:00+01:00,15.327
2022-01-09T12:00:00+01:00,15.376
2022-01-10T00:00:00+01:00,15.35
2022-01-10T12:00:00+01:00,15.314
2022-01-11T00:00:00+01:00,15.3
2022-01-11T12:00:00+01:00,15.291
2022-01-12T00:00:00+01:00,15.28
2022-01-12T12:00:00+01:00,15.263
2022-01-13T00:00:00+01:00,15.261
2022-01-13T12:00:00+01:00,15.26
2022-01-14T00:00:00+01:00,15.264
2022-01-14T12:00:00+01:00,15.261
2022-01-15T00:00:00+01:00,15.268
2022-01-15T12:00:00+01:00,15.271
2022-01-16T00:00:00+01:00,15.268
2022-01-16T12:00:00+01:00,15.243
2022-01-17T00:00:00+01:00,15.222
2022-01-17T12:00:00+01:00,15.212
2022-01-18T00:00:00+01:00,15.208
2022-01-18T12:00:00+01:00,15.209
2022-01-19T00:00:00+01:00,15.225
2022-01-19T12:00:00+01:00,15.244
2022-01-20T00:00:00+01:00,15.203
2022-01-20T12:00:00+01:00,15.2
2022-01-21T00:00:00+01:00,15.19
2022-01-21T12:00:00+01:00,15.196
2022-01-22T00:00:00+01:00,15.194
2022-01-22T12:00:00+01:00,15.188
2022-01-23T00:00:00+01:00,15.181
2022-01-23T12:00:00+01:00,15.185
2022-01-24T00:00:00+01:00,15.184
2022-01-24T12:00:00+01:00,15.181
2022-01-25T00:00:00+01:00,15.172
2022-01-25T12:00:00+01:00,15.167
2022-01-26T00:00:00+01:00,15.165
2022-01-26T12:00:00+01:00,15.165
2022-01-27T00:00:00+01:00,15.173
2022-01-27T12:00:00+01:00,15.179
2022-01-28T00:00:00+01:00,15.146
2022-01-28T12:00:00+01:00,15.148
2022-01-29T00:00:00+01:00,15.169
2022-01-29T12:00:00+01:00,15.182
2022-01-30T00:00:00+01:00,15.144
2022-01-30T12:00:00+01:00,15.144
2022-01-31T00:00:00+01:00,15.207
2022-01-31T12:00:00+01:00,15.22
2022-02-01T00:00:00+01:00,15.297
2022-02-01T12:00:00+01:00,15.332
2022-02-02T00:00:00+01:00,15.318
2022-02-02T12:00:00+01:00,15.303
2022-02-03T00:00:00+01:00,15.305
2022-02-03T12:00:00+01:00,15.323
2022-02-04T00:00:00+01:00,15.305
2022-02-04T12:00:00+01:00,15.329
2022-02-05T00:00:00+01:00,15.288
2022-02-05T12:00:00+01:00,15.284
2022-02-06T00:00:00+01:00,15.312
2022-02-06T12:00:00+01:00,15.431
2022-02-07T00:00:00+01:00,15.479
2022-02-07T12:00:00+01:00,15.447
2022-02-08T00:00:00+01:00,15.444
2022-02-08T12:00:00+01:00,15.435
2022-02-09T00:00:00+01:00,15.42
2022-02-09T12:00:00+01:00,15.408
2022-02-10T00:00:00+01:00,15.414
2022-02-10T12:00:00+01:00,15.397
2022-02-11T00:00:00+01:00,15.394
2022-02-11T12:00:00+01:00,15.36
2022-02-12T00:00:00+01:00,15.363
2022-02-12T12:00:00+01:00,15.378
2022-02-13T00:00:00+01:00,15.38
2022-02-13T12:00:00+01:00,15.391
2022-02-14T00:00:00+01:00,15.396
2022-02-14T12:00:00+01:00,15.362
2022-02-15T00:00:00+01:00,15.342
2022-02-15T12:00:00+01:00,15.348
2022-02-16T00:00:00+01:00,15.405
2022-02-16T12:00:00+01:00,15.478
2022-02-17T00:00:00+01:00,15.496
2022-02-17T12:00:00+01:00,15.442
2022-02-18T00:00:00+01:00,15.433
2022-02-18T12:00:00+01:00,15.485
2022-02-19T00:00:00+01:00,15.416
2022-02-19T12:00:00+01:00,15.406
2022-02-20T00:00:00+01:00,15.453
2022-02-20T12:00:00+01:00,15.534
2022-02-21T00:00:00+01:00,15.597
2022-02-21T12:00:00+01:00,15.603
2022-02-22T00:00:00+01:00,15.549
2022-02-22T12:00:00+01:00,15.55
2022-02-23T00:00:00+01:00,15.551
2022-02-23T12:00:00+01:00,15.538
2022-02-24T00:00:00+01:00,15.542
2022-02-24T12:00:00+01:00,15.546
2022-02-25T00:00:00+01:00,15.567
2022-02-25T12:00:00+01:00,15.523
2022-02-26T00:00:00+01:00,15.493
2022-02-26T12:00:00+01:00,15.483
2022-02-27T00:00:00+01:00,15.486
2022-02-27T12:00:00+01:00,15.48
2022-02-28T00:00:00+01:00,15.463
2022-02-28T12:00:00+01:00,15.462
2022-03-01T00:00:00+01:00,15.458
2022-03-01T12:00:00+01:00,15.449
2022-03-02T00:00:00+01:00,15.448
2022-03-02T12:00:00+01:00,15.45
2022-03-03T00:00:00+01:00,15.44
2022-03-03T12:00:00+01:00,15.435
2022-03-04T00:00:00+01:00,15.418
2022-03-04T12:00:00+01:00,15.418
2022-03-05T00:00:00+01:00,15.412
2022-03-05T12:00:00+01:00,15.405
2022-03-06T00:00:00+01:00,15.39
2022-03-06T12:00:00+01:00,15.384
2022-03-07T00:00:00+01:00,15.381
2022-03-07T12:00:00+01:00,15.388
2022-03-08T00:00:00+01:00,15.392
2022-03-08T12:00:00+01:00,15.393
2022-03-09T00:00:00+01:00,15.373
2022-03-09T12:00:00+01:00,15.379
2022-03-10T00:00:00+01:00,15.357
2022-03-10T12:00:00+01:00,15.359
2022-03-11T00:00:00+01:00,15.37
2022-03-11T12:00:00+01:00,15.376
2022-03-12T00:00:00+01:00,15.354
2022-03-12T12:00:00+01:00,15.342
2022-03-13T00:00:00+01:00,15.347
2022-03-13T12:00:00+01:00,15.353
2022-03-14T00:00:00+01:00,15.325
2022-03-14T12:00:00+01:00,15.302
2022-03-15T00:00:00+01:00,15.308
2022-03-15T12:00:00+01:00,15.324
2022-03-16T00:00:00+01:00,15.306
2022-03-16T12:00:00+01:00,15.311
2022-03-17T00:00:00+01:00,15.314
2022-03-17T12:00:00+01:00,15.262
2022-03-18T00:00:00+01:00,15.261
2022-03-18T12:00:00+01:00,15.257
2022-03-19T00:00:00+01:00,15.263
2022-03-19T12:00:00+01:00,15.283
2022-03-20T00:00:00+01:00,15.292
2022-03-20T12:00:00+01:00,15.289
2022-03-21T00:00:00+01:00,15.267
2022-03-21T12:00:00+01:00,15.267
2022-03-22T00:00:00+01:00,15.263
2022-03-22T12:00:00+01:00,15.266
2022-03-23T00:00:00+01:00,15.261
2022-03-23T12:00:00+01:00,15.253
2022-03-24T00:00:00+01:00,15.249
2022-03-24T12:00:00+01:00,15.247
2022-03-25T00:00:00+01:00,15.237
2022-03-25T12:00:00+01:00,15.236
2022-03-26T00:00:00+01:00,15.225
2022-03-26T12:00:00+01:00,15.224
2022-03-27T00:00:00+01:00,15.219
2022-03-27T13:00:00+02:00,15.226
2022-03-28T01:00:00+02:00,15.227
2022-03-28T13:00:00+02:00,15.242
2022-03-29T01:00:00+02:00,15.243
2022-03-29T13:00:00+02:00,15.249
2022-03-30T01:00:00+02:00,15.248
2022-03-30T13:00:00+02:00,15.249
2022-03-31T01:00:00+02:00,15.243
2022-03-31T13:00:00+02:00,15.236
2022-04-01T01:00:00+02:00,15.228
2022-04-01T13:00:00+02:00,15.23
2022-04-02T01:00:00+02:00,15.222
2022-04-02T13:00:00+02:00,15.212
2022-04-03T01:00:00+02:00,15.201
2022-04-03T13:00:00+02:00,15.206
2022-04-04T01:00:00+02:00,15.217
2022-04-04T13:00:00+02:00,15.238
2022-04-05T01:00:00+02:00,15.271
2022-04-05T13:00:00+02:00,15.37
2022-04-06T01:00:00+02:00,15.387
2022-04-06T13:00:00+02:00,15.385
2022-04-07T01:00:00+02:00,15.429
2022-04-07T13:00:00+02:00,15.46
2022-04-08T01:00:00+02:00,15.401
2022-04-08T13:00:00+02:00,15.422
2022-04-09T01:00:00+02:00,15.368
2022-04-09T13:00:00+02:00,15.351
2022-04-10T01:00:00+02:00,15.335
2022-04-10T13:00:00+02:00,15.335
2022-04-11T01:00:00+02:00,15.336
2022-04-11T13:00:00+02:00,15.348
2022-04-12T01:00:00+02:00,15.346
2022-04-12T13:00:00+02:00,15.335
2022-04-13T01:00:00+02:00,15.312
2022-04-13T13:00:00+02:00,15.288
2022-04-14T01:00:00+02:00,15.286
2022-04-14T13:00:00+02:00,15.28
2022-04-15T01:00:00+02:00,15.259
2022-04-15T13:00:00+02:00,15.25
2022-04-16T01:00:00+02:00,15.236
2022-04-16T13:00:00+02:00,15.233
2022-04-17T01:00:00+02:00,15.23
2022-04-17T13:00:00+02:00,15.238
2022-04-18T01:00:00+02:00,15.235
2022-04-18T13:00:00+02:00,15.228
2022-04-19T01:00:00+02:00,15.228
2022-04-19T13:00:00+02:00,15.213
2022-04-20T01:00:00+02:00,15.204
2022-04-20T13:00:00+02:00,15.201
2022-04-21T01:00:00+02:00,15.194
2022-04-21T13:00:00+02:00,15.195
2022-04-22T01:00:00+02:00,15.191
2022-04-22T13:00:00+02:00,15.194
2022-04-23T01:00:00+02:00,15.183
2022-04-23T13:00:00+02:00,15.185
2022-04-24T01:00:00+02:00,15.175
2022-04-24T13:00:00+02:00,15.161
2022-04-25T01:00:00+02:00,15.14
2022-04-25T13:00:00+02:00,15.127
2022-04-26T01:00:00+02:00,15.131
2022-04-26T13:00:00+02:00,15.121
2022-04-27T01:00:00+02:00,15.111
2022-04-27T13:00:00+02:00,15.114
2022-04-28T01:00:00+02:00,15.104
2022-04-28T13:00:00+02:00,15.11
2022-04-29T01:00:00+02:00,15.106
2022-04-29T13:00:00+02:00,15.114
2022-04-30T01:00:00+02:00,15.106
2022-04-30T13:00:00+02:00,15.115
2022-05-01T01:00:00+02:00,15.106
2022-05-01T13:00:00+02:00,15.116
2022-05-02T01:00:00+02:00,15.113
2022-05-02T13:00:00+02:00,15.117
2022-05-03T01:00:00+02:00,15.097
2022-05-03T13:00:00+02:00,15.096
2022-05-04T01:00:00+02:00,15.081
2022-05-04T13:00:00+02:00,15.077
2022-05-05T01:00:00+02:00,15.058
2022-05-05T13:00:00+02:00,15.052
2022-05-06T01:00:00+02:00,15.038
2022-05-06T13:00:00+02:00,15.047
2022-05-07T01:00:00+02:00,15.042
2022-05-07T13:00:00+02:00,15.037
2022-05-08T01:00:00+02:00,15.02
2022-05-08T13:00:00+02:00,15.025
2022-05-09T01:00:00+02:00,15.015
2022-05-09T13:00:00+02:00,15.03
2022-05-10T01:00:00+02:00,15.019
2022-05-10T13:00:00+02:00,15.027
2022-05-11T01:00:00+02:00,15.016
2022-05-11T13:00:00+02:00,15.013
2022-05-12T01:00:00+02:00,14.969
2022-05-12T13:00:00+02:00,14.977
2022-05-13T01:00:00+02:00,14.97
2022-05-13T13:00:00+02:00,14.959
2022-05-14T01:00:00+02:00,14.955
2022-05-14T13:00:00+02:00,14.945
2022-05-15T01:00:00+02:00,14.939
2022-05-15T13:00:00+02:00,14.942
2022-05-16T01:00:00+02:00,14.944
2022-05-16T13:00:00+02:00,14.912
2022-05-17T01:00:00+02:00,14.904
2022-05-17T13:00:00+02:00,14.919
2022-05-18T01:00:00+02:00,14.895
2022-05-18T13:00:00+02:00,14.879
2022-05-19T01:00:00+02:00,14.885
2022-05-19T13:00:00+02:00,14.856
2022-05-20T01:00:00+02:00,14.904
2022-05-20T13:00:00+02:00,14.946
2022-05-21T01:00:00+02:00,14.926
2022-05-21T13:00:00+02:00,14.926
2022-05-22T01:00:00+02:00,14.922
2022-05-22T13:00:00+02:00,14.931
2022-05-23T01:00:00+02:00,14.934
2022-05-23T13:00:00+02:00,14.944
2022-05-24T01:00:00+02:00,14.951
2022-05-24T13:00:00+02:00,14.931
2022-05-25T01:00:00+02:00,14.917
2022-05-25T13:00:00+02:00,14.911
2022-05-26T01:00:00+02:00,14.895
2022-05-26T13:00:00+02:00,14.883
2022-05-27T01:00:00+02:00,14.885
2022-05-27T13:00:00+02:00,14.877
2022-05-28T01:00:00+02:00,14.883
2022-05-28T13:00:00+02:00,14.878
2022-05-29T01:00:00+02:00,14.888
2022-05-29T13:00:00+02:00,14.913
2022-05-30T01:00:00+02:00,14.927
2022-05-30T13:00:00+02:00,14.909
2022-05-31T01:00:00+02:00,14.899
2022-05-31T13:00:00+02:00,14.897
2022-06-01T01:00:00+02:00,14.887
2022-06-01T13:00:00+02:00,14.884
2022-06-02T01:00:00+02:00,14.884
2022-06-02T13:00:00+02:00,14.884
2022-06-03T01:00:00+02:00,14.862
2022-06-03T13:00:00+02:00,14.86
2022-06-04T01:00:00+02:00,14.842
2022-06-04T13:00:00+02:00,14.851
2022-06-05T01:00:00+02:00,14.859
2022-06-05T13:00:00+02:00,14.885
2022-06-06T01:00:00+02:00,15.135
2022-06-06T13:00:00+02:00,15.144
2022-06-07T01:00:00+02:00,15.115
2022-06-07T13:00:00+02:00,15.073
2022-06-08T01:00:00+02:00,15.059
2022-06-08T13:00:00+02:00,15.046
2022-06-09T01:00:00+02:00,15.145
2022-06-09T13:00:00+02:00,15.113
2022-06-10T01:00:00+02:00,15.101
2022-06-10T13:00:00+02:00,15.081
2022-06-11T01:00:00+02:00,15.054
2022-06-11T13:00:00+02:00,15.036
2022-06-12T01:00:00+02:00,15.006
2022-06-12T13:00:00+02:00,14.996
2022-06-13T01:00:00+02:00,14.979
2022-06-13T13:00:00+02:00,14.949
2022-06-14T01:00:00+02:00,14.936
2022-06-14T13:00:00+02:00,14.939
2022-06-15T01:00:00+02:00,14.922
2022-06-15T13:00:00+02:00,14.907
2022-06-16T01:00:00+02:00,14.888
2022-06-16T13:00:00+02:00,14.877
2022-06-17T01:00:00+02:00,14.87
2022-06-17T13:00:00+02:00,14.894
2022-06-18T01:00:00+02:00,14.89
2022-06-18T13:00:00+02:00,14.871
2022-06-19T01:00:00+02:00,14.873
2022-06-19T13:00:00+02:00,14.844
2022-06-20T01:00:00+02:00,14.849
2022-06-20T13:00:00+02:00,14.846
2022-06-21T01:00:00+02:00,14.854
2022-06-21T13:00:00+02:00,14.861
2022-06-22T01:00:00+02:00,14.833
2022-06-22T13:00:00+02:00,14.821
2022-06-23T01:00:00+02:00,14.817
2022-06-23T13:00:00+02:00,14.824
2022-06-24T01:00:00+02:00,14.833
2022-06-24T13:00:00+02:00,14.895
2022-06-25T01:00:00+02:00,14.87
2022-06-25T13:00:00+02:00,14.847
2022-06-26T01:00:00+02:00,14.832
2022-06-26T13:00:00+02:00,14.836
2022-06-27T01:00:00+02:00,14.838
2022-06-27T13:00:00+02:00,14.852
2022-06-28T01:00:00+02:00,14.88
2022-06-28T13:00:00+02:00,14.869
2022-06-29T01:00:00+02:00,14.847
2022-06-29T13:00:00+02:00,14.84
2022-06-30T01:00:00+02:00,14.836
2022-06-30T13:00:00+02:00,14.842
2022-07-01T01:00:00+02:00,14.85
2022-07-01T13:00:00+02:00,14.834
2022-07-02T01:00:00+02:00,14.809
2022-07-02T13:00:00+02:00,14.819
2022-07-03T01:00:00+02:00,14.815
2022-07-03T13:00:00+02:00,14.822
2022-07-04T01:00:00+02:00,14.818
2022-07-04T13:00:00+02:00,14.831
2022-07-05T01:00:00+02:00,14.823
2022-07-05T13:00:00+02:00,14.828
2022-07-06T01:00:00+02:00,14.815
2022-07-06T13:00:00+02:00,14.822
2022-07-07T01:00:00+02:00,14.799
2022-07-07T13:00:00+02:00,14.77
2022-07-08T01:00:00+02:00,14.763
2022-07-08T13:00:00+02:00,14.762
2022-07-09T01:00:00+02:00,14.761
2022-07-09T13:00:00+02:00,14.769
2022-07-10T01:00:00+02:00,14.766
2022-07-10T13:00:00+02:00,14.778
2022-07-11T01:00:00+02:00,14.776
2022-07-11T13:00:00+02:00,14.783
2022-07-12T01:00:00+02:00,14.78
2022-07-12T13:00:00+02:00,14.781
2022-07-13T01:00:00+02:00,14.782
2022-07-13T13:00:00+02:00,14.775
2022-07-14T01:00:00+02:00,14.76
2022-07-14T13:00:00+02:00,14.764
2022-07-15T01:00:00+02:00,14.743
2022-07-15T13:00:00+02:00,14.751
2022-07-16T01:00:00+02:00,14.737
2022-07-16T13:00:00+02:00,14.723
2022-07-17T01:00:00+02:00,14.716
2022-07-17T13:00:00+02:00,14.718
2022-07-18T01:00:00+02:00,14.715
2022-07-18T13:00:00+02:00,14.728
2022-07-19T01:00:00+02:00,14.715
2022-07-19T13:00:00+02:00,14.71
2022-07-20T01:00:00+02:00,14.699
2022-07-20T13:00:00+02:00,14.677
2022-07-21T01:00:00+02:00,14.676
2022-07-21T13:00:00+02:00,14.673
2022-07-22T01:00:00+02:00,14.693
2022-07-22T13:00:00+02:00,14.719
2022-07-23T01:00:00+02:00,14.705
2022-07-23T13:00:00+02:00,14.703
2022-07-24T01:00:00+02:00,14.697
2022-07-24T13:00:00+02:00,14.708
2022-07-25T01:00:00+02:00,14.711
2022-07-25T13:00:00+02:00,14.699
2022-07-26T01:00:00+02:00,14.682
2022-07-26T13:00:00+02:00,14.672
2022-07-27T01:00:00+02:00,14.676
2022-07-27T13:00:00+02:00,14.681
2022-07-28T01:00:00+02:00,14.672
2022-07-28T13:00:00+02:00,14.677
2022-07-29T01:00:00+02:00,14.667
2022-07-29T13:00:00+02:00,14.673
2022-07-30T01:00:00+02:00,14.657
2022-07-30T13:00:00+02:00,14.665
2022-07-31T01:00:00+02:00,14.663
2022-07-31T13:00:00+02:00,14.67
2022-08-01T01:00:00+02:00,14.653
2022-08-01T13:00:00+02:00,14.645
2022-08-02T01:00:00+02:00,14.647
2022-08-02T13:00:00+02:00,14.659
2022-08-03T01:00:00+02:00,14.648
2022-08-03T13:00:00+02:00,14.646
2022-08-04T01:00:00+02:00,14.643
2022-08-04T13:00:00+02:00,14.638
2022-08-05T01:00:00+02:00,14.626
2022-08-05T13:00:00+02:00,14.626
2022-08-06T01:00:00+02:00,14.614
2022-08-06T13:00:00+02:00,14.619
2022-08-07T01:00:00+02:00,14.616
2022-08-07T13:00:00+02:00,14.625
2022-08-08T01:00:00+02:00,14.612
2022-08-08T13:00:00+02:00,14.611
2022-08-09T01:00:00+02:00,14.602
2022-08-09T13:00:00+02:00,14.603
2022-08-10T01:00:00+02:00,14.596
2022-08-10T13:00:00+02:00,14.606
2022-08-11T01:00:00+02:00,14.595
2022-08-11T13:00:00+02:00,14.594
2022-08-12T01:00:00+02:00,14.583
2022-08-12T13:00:00+02:00,14.589
2022-08-13T01:00:00+02:00,14.578
2022-08-13T13:00:00+02:00,14.574
2022-08-14T01:00:00+02:00,14.577
2022-08-14T13:00:00+02:00,14.589
2022-08-15T01:00:00+02:00,14.572
2022-08-15T13:00:00+02:00,14.568
2022-08-16T01:00:00+02:00,14.561
2022-08-16T13:00:00+02:00,14.554
2022-08-17T01:00:00+02:00,14.548
2022-08-17T13:00:00+02:00,14.535
2022-08-18T01:00:00+02:00,14.547
2022-08-18T13:00:00+02:00,14.559
2022-08-19T01:00:00+02:00,14.551
2022-08-19T13:00:00+02:00,14.555
2022-08-20T01:00:00+02:00,14.581
2022-08-20T13:00:00+02:00,14.584
2022-08-21T01:00:00+02:00,14.573
2022-08-21T13:00:00+02:00,14.575
2022-08-22T01:00:00+02:00,14.562
2022-08-22T13:00:00+02:00,14.565
2022-08-23T01:00:00+02:00,14.55
2022-08-23T13:00:00+02:00,14.544
2022-08-24T01:00:00+02:00,14.53
2022-08-24T13:00:00+02:00,14.532
2022-08-25T01:00:00+02:00,14.525
2022-08-25T13:00:00+02:00,14.527
2022-08-26T01:00:00+02:00,14.51
2022-08-26T13:00:00+02:00,14.508
2022-08-27T01:00:00+02:00,14.509
2022-08-27T13:00:00+02:00,14.516
2022-08-28T01:00:00+02:00,14.5
2022-08-28T13:00:00+02:00,14.499
2022-08-29T01:00:00+02:00,14.491
2022-08-29T13:00:00+02:00,14.498
2022-08-30T01:00:00+02:00,14.49
2022-08-30T13:00:00+02:00,14.493
2022-08-31T01:00:00+02:00,14.481
2022-08-31T13:00:00+02:00,14.486
2022-09-01T01:00:00+02:00,14.477
2022-09-01T13:00:00+02:00,14.484
2022-09-02T01:00:00+02:00,14.478
2022-09-02T13:00:00+02:00,14.487
2022-09-03T01:00:00+02:00,14.474
2022-09-03T13:00:00+02:00,14.472
2022-09-04T01:00:00+02:00,14.453
2022-09-04T13:00:00+02:00,14.454
2022-09-05T01:00:00+02:00,14.447
2022-09-05T13:00:00+02:00,14.45
2022-09-06T01:00:00+02:00,14.442
2022-09-06T13:00:00+02:00,14.437
2022-09-07T01:00:00+02:00,14.439
2022-09-07T13:00:00+02:00,14.44
2022-09-08T01:00:00+02:00,14.437
2022-09-08T13:00:00+02:00,14.514
2022-09-09T01:00:00+02:00,14.483
2022-09-09T13:00:00+02:00,14.481
2022-09-10T01:00:00+02:00,14.516
2022-09-10T13:00:00+02:00,14.548
2022-09-11T01:00:00+02:00,14.58
2022-09-11T13:00:00+02:00,14.555
2022-09-12T01:00:00+02:00,14.536
2022-09-12T13:00:00+02:00,14.539
2022-09-13T01:00:00+02:00,14.539
2022-09-13T13:00:00+02:00,14.538
2022-09-14T01:00:00+02:00,14.545
2022-09-14T13:00:00+02:00,14.558
2022-09-15T01:00:00+02:00,14.566
2022-09-15T13:00:00+02:00,14.567
2022-09-16T01:00:00+02:00,14.576
2022-09-16T13:00:00+02:00,14.579
2022-09-17T01:00:00+02:00,14.609
2022-09-17T13:00:00+02:00,14.607
2022-09-18T01:00:00+02:00,14.605
2022-09-18T13:00:00+02:00,14.608
2022-09-19T01:00:00+02:00,14.706
2022-09-19T13:00:00+02:00,14.675
2022-09-20T01:00:00+02:00,14.663
2022-09-20T13:00:00+02:00,14.66
2022-09-21T01:00:00+02:00,14.66
2022-09-21T13:00:00+02:00,14.662
2022-09-22T01:00:00+02:00,14.661
2022-09-22T13:00:00+02:00,14.668
2022-09-23T01:00:00+02:00,14.667
2022-09-23T13:00:00+02:00,14.668
2022-09-24T01:00:00+02:00,14.666
2022-09-24T13:00:00+02:00,14.664
2022-09-25T01:00:00+02:00,14.66
2022-09-25T13:00:00+02:00,14.667
2022-09-26T01:00:00+02:00,14.681
2022-09-26T13:00:00+02:00,14.689
2022-09-27T01:00:00+02:00,14.698
2022-09-27T13:00:00+02:00,14.726
2022-09-28T01:00:00+02:00,14.759
2022-09-28T13:00:00+02:00,14.739
2022-09-29T01:00:00+02:00,14.731
2022-09-29T13:00:00+02:00,14.723
2022-09-30T01:00:00+02:00,14.715
2022-09-30T13:00:00+02:00,14.717
2022-10-01T01:00:00+02:00,14.749
2022-10-01T13:00:00+02:00,14.744
2022-10-02T01:00:00+02:00,14.743
2022-10-02T13:00:00+02:00,14.767
2022-10-03T01:00:00+02:00,14.735
2022-10-03T13:00:00+02:00,14.741
2022-10-04T01:00:00+02:00,14.745
2022-10-04T13:00:00+02:00,14.752
2022-10-05T01:00:00+02:00,14.755
2022-10-05T13:00:00+02:00,14.767
2022-10-06T01:00:00+02:00,14.735
2022-10-06T13:00:00+02:00,14.739
2022-10-07T01:00:00+02:00,14.751
2022-10-07T13:00:00+02:00,14.768
2022-10-08T01:00:00+02:00,14.766
2022-10-08T13:00:00+02:00,14.745
2022-10-09T01:00:00+02:00,14.745
2022-10-09T13:00:00+02:00,14.759
2022-10-10T01:00:00+02:00,14.761
2022-10-10T13:00:00+02:00,14.75
2022-10-11T01:00:00+02:00,14.735
2022-10-11T13:00:00+02:00,14.739
2022-10-12T01:00:00+02:00,14.74
2022-10-12T13:00:00+02:00,14.755
2022-10-13T01:00:00+02:00,14.753
2022-10-13T13:00:00+02:00,14.761
2022-10-14T01:00:00+02:00,14.76
2022-10-14T13:00:00+02:00,14.769
2022-10-15T01:00:00+02:00,14.769
2022-10-15T13:00:00+02:00,14.773
2022-10-16T01:00:00+02:00,14.755
2022-10-16T13:00:00+02:00,14.748
2022-10-17T01:00:00+02:00,14.752
2022-10-17T13:00:00+02:00,14.746
2022-10-18T01:00:00+02:00,14.729
2022-10-18T13:00:00+02:00,14.724
2022-10-19T01:00:00+02:00,14.723
2022-10-19T13:00:00+02:00,14.742
2022-10-20T01:00:00+02:00,14.743
2022-10-20T13:00:00+02:00,14.753
2022-10-21T01:00:00+02:00,14.754
2022-10-21T13:00:00+02:00,14.76
2022-10-22T01:00:00+02:00,14.752
2022-10-22T13:00:00+02:00,14.751
2022-10-23T01:00:00+02:00,14.755
2022-10-23T13:00:00+02:00,14.772
2022-10-24T01:00:00+02:00,14.775
2022-10-24T13:00:00+02:00,14.734
2022-10-25T01:00:00+02:00,14.718
2022-10-25T13:00:00+02:00,14.726
2022-10-26T01:00:00+02:00,14.742
2022-10-26T13:00:00+02:00,14.736
2022-10-27T01:00:00+02:00,14.734
2022-10-27T13:00:00+02:00,14.748
2022-10-28T01:00:00+02:00,14.75
2022-10-28T13:00:00+02:00,14.746
2022-10-29T01:00:00+02:00,14.745
2022-10-29T13:00:00+02:00,14.756
2022-10-30T01:00:00+02:00,14.749
2022-10-30T12:00:00+01:00,14.754
2022-10-31T00:00:00+01:00,14.739
2022-10-31T12:00:00+01:00,14.765
2022-11-01T00:00:00+01:00,14.768
2022-11-01T12:00:00+01:00,14.747
2022-11-02T00:00:00+01:00,14.745
2022-11-02T12:00:00+01:00,14.735
2022-11-03T00:00:00+01:00,14.751
2022-11-03T12:00:00+01:00,14.778
2022-11-04T00:00:00+01:00,14.754
2022-11-04T12:00:00+01:00,14.75
2022-11-05T00:00:00+01:00,14.743
2022-11-05T12:00:00+01:00,14.749
2022-11-06T00:00:00+01:00,14.758
2022-11-06T12:00:00+01:00,14.77
2022-11-07T00:00:00+01:00,14.763
2022-11-07T12:00:00+01:00,14.763
2022-11-08T00:00:00+01:00,14.771
2022-11-08T12:00:00+01:00,14.78
2022-11-09T00:00:00+01:00,14.765
2022-11-09T12:00:00+01:00,14.758
2022-11-10T00:00:00+01:00,14.735
2022-11-10T12:00:00+01:00,14.733
2022-11-11T00:00:00+01:00,14.724
2022-11-11T12:00:00+01:00,14.731
2022-11-12T00:00:00+01:00,14.726
2022-11-12T12:00:00+01:00,14.736
2022-11-13T00:00:00+01:00,14.74
2022-11-13T12:00:00+01:00,14.748
2022-11-14T00:00:00+01:00,14.754
2022-11-14T12:00:00+01:00,14.757
2022-11-15T00:00:00+01:00,14.757
2022-11-15T12:00:00+01:00,14.77
2022-11-16T00:00:00+01:00,14.769
2022-11-16T12:00:00+01:00,14.783
2022-11-17T00:00:00+01:00,14.797
2022-11-17T12:00:00+01:00,14.778
2022-11-18T00:00:00+01:00,14.77
2022-11-18T12:00:00+01:00,14.77
2022-11-19T00:00:00+01:00,14.77
2022-11-19T12:00:00+01:00,14.787
2022-11-20T00:00:00+01:00,14.802
2022-11-20T12:00:00+01:00,14.819
2022-11-21T00:00:00+01:00,14.804
2022-11-21T12:00:00+01:00,14.829
2022-11-22T00:00:00+01:00,14.826
2022-11-22T12:00:00+01:00,14.846
2022-11-23T00:00:00+01:00,14.846
2022-11-23T12:00:00+01:00,14.853
2022-11-24T00:00:00+01:00,14.824
2022-11-24T12:00:00+01:00,14.824
2022-11-25T00:00:00+01:00,14.847
2022-11-25T12:00:00+01:00,14.839
2022-11-26T00:00:00+01:00,14.825
2022-11-26T12:00:00+01:00,14.813
2022-11-27T00:00:00+01:00,14.825
2022-11-27T12:00:00+01:00,14.85
2022-11-28T00:00:00+01:00,14.867
2022-11-28T12:00:00+01:00,14.844
2022-11-29T00:00:00+01:00,14.847
2022-11-29T12:00:00+01:00,14.843
2022-11-30T00:00:00+01:00,14.857
2022-11-30T12:00:00+01:00,14.868
2022-12-01T00:00:00+01:00,14.85
2022-12-01T12:00:00+01:00,14.845
2022-12-02T00:00:00+01:00,14.851
2022-12-02T12:00:00+01:00,14.869
2022-12-03T00:00:00+01:00,14.863
2022-12-03T12:00:00+01:00,14.848
2022-12-04T00:00:00+01:00,14.842
2022-12-04T12:00:00+01:00,14.851
2022-12-05T00:00:00+01:00,14.854
2022-12-05T12:00:00+01:00,14.845
2022-12-06T00:00:00+01:00,14.828
2022-12-06T12:00:00+01:00,14.832
2022-12-07T00:00:00+01:00,14.844
2022-12-07T12:00:00+01:00,14.862
2022-12-08T00:00:00+01:00,14.851
2022-12-08T12:00:00+01:00,14.844
2022-12-09T00:00:00+01:00,14.854
2022-12-09T12:00:00+01:00,14.867
2022-12-10T00:00:00+01:00,14.852
2022-12-10T12:00:00+01:00,14.833
2022-12-11T00:00:00+01:00,14.836
2022-12-11T12:00:00+01:00,14.849
2022-12-12T00:00:00+01:00,14.858
2022-12-12T12:00:00+01:00,14.84
2022-12-13T00:00:00+01:00,14.833
2022-12-13T12:00:00+01:00,14.835
2022-12-14T00:00:00+01:00,14.858
2022-12-14T12:00:00+01:00,14.863
2022-12-15T00:00:00+01:00,14.832
2022-12-15T12:00:00+01:00,14.823
2022-12-16T00:00:00+01:00,14.826
2022-12-16T12:00:00+01:00,14.825
2022-12-17T00:00:00+01:00,14.83
2022-12-17T12:00:00+01:00,14.832
2022-12-18T00:00:00+01:00,14.812
2022-12-18T12:00:00+01:00,14.825
2022-12-19T00:00:00+01:00,14.855
2022-12-19T12:00:00+01:00,14.853
2022-12-20T00:00:00+01:00,14.852
2022-12-20T12:00:00+01:00,14.869
2022-12-21T00:00:00+01:00,14.905
2022-12-21T12:00:00+01:00,14.939
2022-12-22T00:00:00+01:00,14.953
2022-12-22T12:00:00+01:00,14.979
2022-12-23T00:00:00+01:00,15.005
2022-12-23T12:00:00+01:00,15.029
2022-12-24T00:00:00+01:00,15.127
2022-12-24T12:00:00+01:00,15.121
2022-12-25T00:00:00+01:00,15.097
2022-12-25T12:00:00+01:00,15.094
2022-12-26T00:00:00+01:00,15.162
2022-12-26T12:00:00+01:00,15.144
2022-12-27T00:00:00+01:00,15.113
2022-12-27T12:00:00+01:00,15.092
2022-12-28T00:00:00+01:00,15.101
2022-12-28T12:00:00+01:00,15.088
2022-12-29T00:00:00+01:00,15.11
2022-12-29T12:00:00+01:00,15.087
2022-12-30T00:00:00+01:00,15.079
2022-12-30T12:00:00+01:00,15.122
2022-12-31T00:00:00+01:00,15.082
2022-12-31T12:00:00+01:00,15.295
2023-01-01T00:00:00+01:00,15.306
2023-01-01T12:00:00+01:00,15.273
2023-01-02T00:00:00+01:00,15.294
2023-01-02T12:00:00+01:00,15.28
2023-01-03T00:00:00+01:00,15.247
2023-01-03T12:00:00+01:00,15.237
2023-01-04T00:00:00+01:00,15.247
2023-01-04T12:00:00+01:00,15.256
2023-01-05T00:00:00+01:00,15.271
2023-01-05T12:00:00+01:00,15.245
2023-01-06T00:00:00+01:00,15.252
2023-01-06T12:00:00+01:00,15.234
2023-01-07T00:00:00+01:00,15.226
2023-01-07T12:00:00+01:00,15.24
2023-01-08T00:00:00+01:00,15.224
2023-01-08T12:00:00+01:00,15.25
2023-01-09T00:00:00+01:00,15.233
2023-01-09T12:00:00+01:00,15.2
2023-01-10T00:00:00+01:00,15.164
2023-01-10T12:00:00+01:00,15.185
2023-01-11T00:00:00+01:00,15.244
2023-01-11T12:00:00+01:00,15.335
2023-01-12T00:00:00+01:00,15.352
2023-01-12T12:00:00+01:00,15.467
2023-01-13T00:00:00+01:00,15.525
2023-01-13T12:00:00+01:00,15.465
2023-01-14T00:00:00+01:00,15.42
2023-01-14T12:00:00+01:00,15.498
2023-01-15T00:00:00+01:00,15.529
2023-01-15T12:00:00+01:00,15.488
2023-01-16T00:00:00+01:00,15.473
2023-01-16T12:00:00+01:00,15.555
2023-01-17T00:00:00+01:00,15.503
2023-01-17T12:00:00+01:00,15.495
2023-01-18T00:00:00+01:00,15.451
2023-01-18T12:00:00+01:00,15.413
2023-01-19T00:00:00+01:00,15.397
2023-01-19T12:00:00+01:00,15.461
2023-01-20T00:00:00+01:00,15.474
2023-01-20T12:00:00+01:00,15.46
2023-01-21T00:00:00+01:00,15.448
2023-01-21T12:00:00+01:00,15.42
2023-01-22T00:00:00+01:00,15.418
2023-01-22T12:00:00+01:00,15.406
2023-01-23T00:00:00+01:00,15.397
2023-01-23T12:00:00+01:00,15.401
2023-01-24T00:00:00+01:00,15.409
2023-01-24T12:00:00+01:00,15.4
2023-01-25T00:00:00+01:00,15.4
2023-01-25T12:00:00+01:00,15.404
2023-01-26T00:00:00+01:00,15.398
2023-01-26T12:00:00+01:00,15.394
2023-01-27T00:00:00+01:00,15.39
2023-01-27T12:00:00+01:00,15.376
2023-01-28T00:00:00+01:00,15.36
2023-01-28T12:00:00+01:00,15.351
2023-01-29T00:00:00+01:00,15.343
2023-01-29T12:00:00+01:00,15.347
2023-01-30T00:00:00+01:00,15.353
2023-01-30T12:00:00+01:00,15.323
2023-01-31T00:00:00+01:00,15.313
2023-01-31T12:00:00+01:00,15.317
2023-02-01T00:00:00+01:00,15.31
2023-02-01T12:00:00+01:00,15.301
2023-02-02T00:00:00+01:00,15.277
2023-02-02T12:00:00+01:00,15.265
2023-02-03T00:00:00+01:00,15.276
2023-02-03T12:00:00+01:00,15.255
2023-02-04T00:00:00+01:00,15.237
2023-02-04T12:00:00+01:00,15.231
2023-02-05T00:00:00+01:00,15.249
2023-02-05T12:00:00+01:00,15.247
2023-02-06T00:00:00+01:00,15.227
2023-02-06T12:00:00+01:00,15.231
2023-02-07T00:00:00+01:00,15.225
2023-02-07T12:00:00+01:00,15.219
2023-02-08T00:00:00+01:00,15.208
2023-02-08T12:00:00+01:00,15.204
2023-02-09T00:00:00+01:00,15.205
2023-02-09T12:00:00+01:00,15.184
2023-02-10T00:00:00+01:00,15.171
2023-02-10T12:00:00+01:00,15.173
2023-02-11T00:00:00+01:00,15.167
2023-02-11T12:00:00+01:00,15.157
2023-02-12T00:00:00+01:00,15.15
2023-02-12T12:00:00+01:00,15.152
2023-02-13T00:00:00+01:00,15.155
2023-02-13T12:00:00+01:00,15.15
2023-02-14T00:00:00+01:00,15.145
2023-02-14T12:00:00+01:00,15.15
2023-02-15T00:00:00+01:00,15.146
2023-02-15T12:00:00+01:00,15.15
2023-02-16T00:00:00+01:00,15.14
2023-02-16T12:00:00+01:00,15.137
2023-02-17T00:00:00+01:00,15.137
2023-02-17T12:00:00+01:00,15.138
2023-02-18T00:00:00+01:00,15.129
2023-02-18T12:00:00+01:00,15.127
2023-02-19T00:00:00+01:00,15.129
2023-02-19T12:00:00+01:00,15.103
2023-02-20T00:00:00+01:00,15.112
2023-02-20T12:00:00+01:00,15.109
2023-02-21T00:00:00+01:00,15.104
2023-02-21T12:00:00+01:00,15.106
2023-02-22T00:00:00+01:00,15.112
2023-02-22T12:00:00+01:00,15.127
2023-02-23T00:00:00+01:00,15.115
2023-02-23T12:00:00+01:00,15.109
2023-02-24T00:00:00+01:00,15.112
2023-02-24T12:00:00+01:00,15.13
2023-02-25T00:00:00+01:00,15.108
2023-02-25T12:00:00+01:00,15.1
2023-02-26T00:00:00+01:00,15.086
2023-02-26T12:00:00+01:00,15.087
2023-02-27T00:00:00+01:00,15.078
2023-02-27T12:00:00+01:00,15.079
2023-02-28T00:00:00+01:00,15.067
2023-02-28T12:00:00+01:00,15.072
2023-03-01T00:00:00+01:00,15.069
2023-03-01T12:00:00+01:00,15.095
2023-03-02T00:00:00+01:00,15.092
2023-03-02T12:00:00+01:00,15.078
2023-03-03T00:00:00+01:00,15.067
2023-03-03T12:00:00+01:00,15.059
2023-03-04T00:00:00+01:00,15.079
2023-03-04T12:00:00+01:00,15.08
2023-03-05T00:00:00+01:00,15.077
2023-03-05T12:00:00+01:00,15.092
2023-03-06T00:00:00+01:00,15.106
2023-03-06T12:00:00+01:00,15.098
2023-03-07T00:00:00+01:00,15.129
2023-03-07T12:00:00+01:00,15.264
2023-03-08T00:00:00+01:00,15.353
2023-03-08T12:00:00+01:00,15.388
2023-03-09T00:00:00+01:00,15.435
2023-03-09T12:00:00+01:00,15.456
2023-03-10T00:00:00+01:00,15.554
2023-03-10T12:00:00+01:00,15.584
2023-03-11T00:00:00+01:00,15.565
2023-03-11T12:00:00+01:00,15.524
2023-03-12T00:00:00+01:00,15.51
2023-03-12T12:00:00+01:00,15.496
2023-03-13T00:00:00+01:00,15.511
2023-03-13T12:00:00+01:00,15.528
2023-09-19T19:00:00+02:00,14.869
2023-09-20T07:00:00+02:00,14.875
2023-09-20T19:00:00+02:00,14.872
2023-09-21T07:00:00+02:00,14.874
2023-09-21T19:00:00+02:00,14.902
2023-09-22T07:00:00+02:00,14.911
2023-09-22T19:00:00+02:00,14.876
2023-09-23T07:00:00+02:00,14.971
2023-09-23T19:00:00+02:00,14.967
2023-09-24T07:00:00+02:00,14.955
2023-09-24T19:00:00+02:00,14.933
2023-09-25T07:00:00+02:00,14.923
2023-09-25T19:00:00+02:00,14.889
2023-09-26T07:00:00+02:00,14.891
2023-09-26T19:00:00+02:00,14.867
2023-09-27T07:00:00+02:00,14.878
2023-09-27T19:00:00+02:00,14.88
2023-09-28T07:00:00+02:00,14.858
2023-09-28T19:00:00+02:00,14.858
2023-09-29T07:00:00+02:00,14.87
2023-09-29T19:00:00+02:00,14.838
2023-09-30T07:00:00+02:00,14.876
2023-09-30T19:00:00+02:00,14.864
2023-10-01T07:00:00+02:00,14.855
2023-10-01T19:00:00+02:00,14.834
2023-10-02T07:00:00+02:00,14.847
2023-10-02T19:00:00+02:00,14.869
2023-10-03T07:00:00+02:00,14.878
2023-10-03T19:00:00+02:00,14.806
2023-10-04T07:00:00+02:00,14.811
2023-10-04T19:00:00+02:00,14.813
2023-10-05T07:00:00+02:00,14.842
2023-10-05T19:00:00+02:00,14.838
2023-10-06T07:00:00+02:00,14.823
2023-10-06T19:00:00+02:00,14.804
2023-10-07T07:00:00+02:00,14.817
2023-10-07T19:00:00+02:00,14.816
2023-10-08T07:00:00+02:00,14.824
2023-10-08T19:00:00+02:00,14.833
2023-10-09T07:00:00+02:00,14.813
2023-10-09T19:00:00+02:00,14.788
2023-10-10T07:00:00+02:00,14.811
2023-10-10T19:00:00+02:00,14.823
2023-10-11T07:00:00+02:00,14.841
2023-10-11T19:00:00+02:00,14.815
2023-10-12T07:00:00+02:00,14.787
2023-10-12T19:00:00+02:00,14.796
2023-10-13T07:00:00+02:00,14.839
2023-10-13T19:00:00+02:00,14.87
2023-10-14T07:00:00+02:00,14.902
2023-10-14T19:00:00+02:00,14.895
2023-10-15T07:00:00+02:00,14.88
2023-10-15T19:00:00+02:00,14.902
2023-10-16T07:00:00+02:00,14.909
2023-10-16T19:00:00+02:00,14.889
2023-10-17T07:00:00+02:00,14.878
2023-10-17T19:00:00+02:00,14.877
2023-10-18T07:00:00+02:00,14.911
2023-10-18T19:00:00+02:00,14.926
2023-10-19T07:00:00+02:00,15.042
2023-10-19T19:00:00+02:00,15.066
2023-10-20T07:00:00+02:00,15.099
2023-10-20T19:00:00+02:00,15.374
2023-10-21T07:00:00+02:00,15.315
2023-10-21T19:00:00+02:00,15.278
2023-10-22T07:00:00+02:00,15.239
2023-10-22T19:00:00+02:00,15.218
2023-10-23T07:00:00+02:00,15.228
2023-10-23T19:00:00+02:00,15.233
2023-10-24T07:00:00+02:00,15.27
2023-10-24T19:00:00+02:00,15.252
2023-10-25T07:00:00+02:00,15.254
2023-10-25T19:00:00+02:00,15.426
2023-10-26T07:00:00+02:00,15.404
2023-10-26T19:00:00+02:00,15.366
2023-10-27T07:00:00+02:00,15.362
2023-10-27T19:00:00+02:00,15.428
2023-10-28T07:00:00+02:00,15.387
2023-10-28T19:00:00+02:00,15.349
2023-10-29T06:00:00+01:00,15.352
2023-10-29T18:00:00+01:00,15.322
2023-10-30T06:00:00+01:00,15.317
2023-10-30T18:00:00+01:00,15.323
2023-10-31T06:00:00+01:00,15.331
2023-10-31T18:00:00+01:00,15.306
2023-11-01T06:00:00+01:00,15.354
2023-11-01T18:00:00+01:00,15.343
2023-11-02T06:00:00+01:00,15.395
2023-11-02T18:00:00+01:00,15.335
2023-11-03T06:00:00+01:00,15.318
2023-11-03T18:00:00+01:00,15.298
2023-11-04T06:00:00+01:00,15.316
2023-11-04T18:00:00+01:00,15.357
2023-11-05T06:00:00+01:00,15.337
2023-11-05T18:00:00+01:00,15.29
2023-11-06T06:00:00+01:00,15.277
2023-11-06T18:00:00+01:00,15.262
2023-11-07T06:00:00+01:00,15.259
2023-11-07T18:00:00+01:00,15.246
2023-11-08T06:00:00+01:00,15.24
2023-11-08T18:00:00+01:00,15.259
2023-11-09T06:00:00+01:00,15.382
2023-11-09T18:00:00+01:00,15.372
2023-11-10T06:00:00+01:00,15.38
2023-11-10T18:00:00+01:00,15.348
2023-11-11T06:00:00+01:00,15.452
2023-11-11T18:00:00+01:00,15.411
2023-11-12T06:00:00+01:00,15.39
2023-11-12T18:00:00+01:00,15.362
2023-11-13T06:00:00+01:00,15.373
2023-11-13T18:00:00+01:00,15.481
2023-11-14T06:00:00+01:00,15.439
2023-11-14T18:00:00+01:00,15.556
2023-11-15T06:00:00+01:00,15.545
2023-11-15T18:00:00+01:00,15.496
2023-11-16T06:00:00+01:00,15.469
2023-11-16T18:00:00+01:00,15.44
2023-11-17T06:00:00+01:00,15.415
2023-11-17T18:00:00+01:00,15.395
2023-11-18T06:00:00+01:00,15.402
2023-11-18T18:00:00+01:00,15.573
2023-11-19T06:00:00+01:00,15.513
2023-11-19T18:00:00+01:00,15.495
2023-11-20T06:00:00+01:00,15.478
2023-11-20T18:00:00+01:00,15.457
2023-11-21T06:00:00+01:00,15.418
2023-11-21T18:00:00+01:00,15.394
2023-11-22T06:00:00+01:00,15.387
2023-11-22T18:00:00+01:00,15.395
2023-11-23T06:00:00+01:00,15.387
2023-11-23T18:00:00+01:00,15.399
2023-11-24T06:00:00+01:00,15.401
2023-11-24T18:00:00+01:00,15.412
2023-11-25T06:00:00+01:00,15.392
2023-11-25T18:00:00+01:00,15.391
2023-11-26T06:00:00+01:00,15.371
2023-11-26T18:00:00+01:00,15.392
2023-11-27T06:00:00+01:00,15.479
2023-11-27T18:00:00+01:00,15.628
2023-11-28T06:00:00+01:00,15.566
2023-11-28T18:00:00+01:00,15.529
2023-11-29T06:00:00+01:00,15.537
2023-11-29T18:00:00+01:00,15.529
2023-11-30T06:00:00+01:00,15.5
2023-11-30T18:00:00+01:00,15.473
2023-12-01T06:00:00+01:00,15.445
2023-12-01T18:00:00+01:00,15.435
2023-12-02T06:00:00+01:00,15.417
2023-12-02T18:00:00+01:00,15.4
2023-12-03T06:00:00+01:00,15.394
2023-12-03T18:00:00+01:00,15.415
2023-12-04T06:00:00+01:00,15.448
2023-12-04T18:00:00+01:00,15.507
2023-12-05T06:00:00+01:00,15.563
2023-12-05T18:00:00+01:00,15.492
2023-12-06T06:00:00+01:00,15.459
2023-12-06T18:00:00+01:00,15.437
2023-12-07T06:00:00+01:00,15.43
2023-12-07T18:00:00+01:00,15.449
2023-12-08T06:00:00+01:00,15.481
2023-12-08T18:00:00+01:00,15.446
2023-12-09T06:00:00+01:00,15.446
2023-12-09T18:00:00+01:00,15.574
2023-12-10T06:00:00+01:00,15.479
2023-12-10T18:00:00+01:00,15.509
2023-12-11T06:00:00+01:00,15.49
2023-12-11T18:00:00+01:00,15.454
2023-12-12T06:00:00+01:00,15.461
2023-12-12T18:00:00+01:00,15.481
2023-12-13T06:00:00+01:00,15.529
2023-12-13T18:00:00+01:00,15.494
2023-12-14T06:00:00+01:00,15.436
2023-12-14T18:00:00+01:00,15.42
2023-12-15T06:00:00+01:00,15.398
2023-12-15T18:00:00+01:00,15.394
2023-12-16T06:00:00+01:00,15.392
2023-12-16T18:00:00+01:00,15.397
2023-12-17T06:00:00+01:00,15.405
2023-12-17T18:00:00+01:00,15.404
2023-12-18T06:00:00+01:00,15.397
2023-12-18T18:00:00+01:00,15.405
2023-12-19T06:00:00+01:00,15.415
2023-12-19T18:00:00+01:00,15.558
2023-12-20T06:00:00+01:00,15.532
2023-12-20T18:00:00+01:00,15.515
2023-12-21T06:00:00+01:00,15.582
2023-12-21T18:00:00+01:00,15.612
2023-12-22T06:00:00+01:00,15.649
2023-12-22T18:00:00+01:00,15.56
2023-12-23T06:00:00+01:00,15.648
2023-12-23T18:00:00+01:00,15.582
2023-12-24T06:00:00+01:00,15.643
2023-12-24T18:00:00+01:00,15.715
2023-12-25T06:00:00+01:00,15.653
2023-12-25T18:00:00+01:00,15.719
2023-12-26T06:00:00+01:00,15.708
2023-12-26T18:00:00+01:00,15.625
2023-12-27T06:00:00+01:00,15.608
2023-12-27T18:00:00+01:00,15.642
2023-12-28T06:00:00+01:00,15.578
2023-12-28T18:00:00+01:00,15.555
2023-12-29T06:00:00+01:00,15.562
2023-12-29T18:00:00+01:00,15.627
2023-12-30T06:00:00+01:00,15.606
2023-12-30T18:00:00+01:00,15.58
2023-12-31T06:00:00+01:00,15.59
2023-12-31T18:00:00+01:00,15.553
2024-01-01T06:00:00+01:00,15.529
2024-01-01T18:00:00+01:00,15.516
2024-01-02T06:00:00+01:00,15.695
2024-01-02T18:00:00+01:00,15.73
2024-01-03T06:00:00+01:00,15.653
2024-01-03T18:00:00+01:00,15.707
2024-01-04T06:00:00+01:00,15.698
2024-01-04T18:00:00+01:00,15.682
2024-01-05T06:00:00+01:00,15.69
2024-01-05T18:00:00+01:00,15.621
2024-01-06T06:00:00+01:00,15.572
2024-01-06T18:00:00+01:00,15.538
2024-01-07T06:00:00+01:00,15.514
2024-01-07T18:00:00+01:00,15.494
2024-01-08T06:00:00+01:00,15.493
2024-01-08T18:00:00+01:00,15.471
2024-01-09T06:00:00+01:00,15.454
2024-01-09T18:00:00+01:00,15.453
2024-01-10T06:00:00+01:00,15.436
2024-01-10T18:00:00+01:00,15.43
2024-01-11T06:00:00+01:00,15.406
2024-01-11T18:00:00+01:00,15.41
2024-01-12T06:00:00+01:00,15.422
2024-01-12T18:00:00+01:00,15.444
2024-01-13T06:00:00+01:00,15.453
2024-01-13T18:00:00+01:00,15.458
2024-01-14T06:00:00+01:00,15.476
2024-01-14T18:00:00+01:00,15.483
2024-01-15T06:00:00+01:00,15.511
2024-01-15T18:00:00+01:00,15.53
2024-01-16T06:00:00+01:00,15.504
2024-01-16T18:00:00+01:00,15.49
2024-01-17T06:00:00+01:00,15.488
2024-01-17T18:00:00+01:00,15.47
2024-01-18T06:00:00+01:00,15.431
2024-01-18T18:00:00+01:00,15.397
2024-01-19T06:00:00+01:00,15.376
2024-01-19T18:00:00+01:00,15.384
2024-01-20T06:00:00+01:00,15.38
2024-01-20T18:00:00+01:00,15.393
2024-01-21T06:00:00+01:00,15.41
2024-01-21T18:00:00+01:00,15.425
2024-01-22T06:00:00+01:00,15.454
2024-01-22T18:00:00+01:00,15.532
2024-01-23T06:00:00+01:00,15.468
2024-01-23T18:00:00+01:00,15.501
2024-01-24T06:00:00+01:00,15.496
2024-01-24T18:00:00+01:00,15.442
2024-01-25T06:00:00+01:00,15.436
2024-01-25T18:00:00+01:00,15.46
2024-01-26T06:00:00+01:00,15.479
2024-01-26T18:00:00+01:00,15.447
2024-01-27T06:00:00+01:00,15.437
2024-01-27T18:00:00+01:00,15.423
2024-01-28T06:00:00+01:00,15.426
2024-01-28T18:00:00+01:00,15.428
2024-01-29T06:00:00+01:00,15.411
2024-01-29T18:00:00+01:00,15.408
2024-01-30T06:00:00+01:00,15.406
2024-01-30T18:00:00+01:00,15.381
2024-01-31T06:00:00+01:00,15.387
2024-01-31T18:00:00+01:00,15.406
2024-02-01T06:00:00+01:00,15.432
2024-02-01T18:00:00+01:00,15.404
2024-02-02T06:00:00+01:00,15.406
2024-02-02T18:00:00+01:00,15.397
2024-02-03T06:00:00+01:00,15.397
2024-02-03T18:00:00+01:00,15.437
2024-02-04T06:00:00+01:00,15.517
2024-02-04T18:00:00+01:00,15.55
2024-02-05T06:00:00+01:00,15.511
2024-02-05T18:00:00+01:00,15.481
2024-02-06T06:00:00+01:00,15.481
2024-02-06T18:00:00+01:00,15.47
2024-02-07T06:00:00+01:00,15.634
2024-02-07T18:00:00+01:00,15.59
2024-02-08T06:00:00+01:00,15.555
2024-02-08T18:00:00+01:00,15.695
2024-02-09T06:00:00+01:00,15.703
2024-02-09T18:00:00+01:00,15.639
2024-02-10T06:00:00+01:00,15.598
2024-02-10T18:00:00+01:00,15.568
2024-02-11T06:00:00+01:00,15.548
2024-02-11T18:00:00+01:00,15.524
2024-02-12T06:00:00+01:00,15.498
2024-02-12T18:00:00+01:00,15.468
2024-02-13T06:00:00+01:00,15.466
2024-02-13T18:00:00+01:00,15.463
2024-02-14T06:00:00+01:00,15.464
2024-02-14T18:00:00+01:00,15.507
2024-02-15T06:00:00+01:00,15.516
2024-02-15T18:00:00+01:00,15.535
2024-02-16T06:00:00+01:00,15.505
2024-02-16T18:00:00+01:00,15.471
2024-02-17T06:00:00+01:00,15.44
2024-02-17T18:00:00+01:00,15.447
2024-02-18T06:00:00+01:00,15.464
2024-02-18T18:00:00+01:00,15.511
2024-02-19T06:00:00+01:00,15.496
2024-02-19T18:00:00+01:00,15.477
2024-02-20T06:00:00+01:00,15.462
2024-02-20T18:00:00+01:00,15.459
2024-02-21T06:00:00+01:00,15.464
2024-02-21T18:00:00+01:00,15.502
2024-02-22T06:00:00+01:00,15.561
2024-02-22T18:00:00+01:00,15.576
2024-02-23T06:00:00+01:00,15.569
2024-02-23T18:00:00+01:00,15.518
2024-02-24T06:00:00+01:00,15.486
2024-02-24T18:00:00+01:00,15.475
2024-02-25T06:00:00+01:00,15.476
2024-02-25T18:00:00+01:00,15.484
2024-02-26T06:00:00+01:00,15.517
2024-02-26T18:00:00+01:00,15.708
2024-02-27T06:00:00+01:00,15.547
2024-02-27T18:00:00+01:00,15.518
2024-02-28T06:00:00+01:00,15.493
2024-02-28T18:00:00+01:00,15.486
2024-02-29T06:00:00+01:00,15.497
2024-02-29T18:00:00+01:00,15.532
2024-03-01T06:00:00+01:00,15.515
2024-03-01T18:00:00+01:00,15.502
2024-03-02T06:00:00+01:00,15.473
2024-03-02T18:00:00+01:00,15.471
2024-03-03T06:00:00+01:00,15.455
2024-03-03T18:00:00+01:00,15.425
2024-03-04T06:00:00+01:00,15.412
2024-03-04T18:00:00+01:00,15.412
2024-03-05T06:00:00+01:00,15.41
2024-03-05T18:00:00+01:00,15.398
2024-03-06T06:00:00+01:00,15.383
2024-03-06T18:00:00+01:00,15.381
2024-03-07T06:00:00+01:00,15.385
2024-03-07T18:00:00+01:00,15.394
2024-03-08T06:00:00+01:00,15.402
2024-03-08T18:00:00+01:00,15.405
2024-03-09T06:00:00+01:00,15.406
2024-03-09T18:00:00+01:00,15.397
2024-03-10T06:00:00+01:00,15.401
2024-03-10T18:00:00+01:00,15.374
2024-03-11T06:00:00+01:00,15.396
2024-03-11T18:00:00+01:00,15.647
2024-03-12T06:00:00+01:00,15.554
2024-03-12T18:00:00+01:00,15.53
2024-03-13T06:00:00+01:00,15.57
2024-03-13T18:00:00+01:00,15.524
2024-03-14T06:00:00+01:00,15.512
2024-03-16T00:00:00+01:00,15.537
2024-03-16T12:00:00+01:00,15.511
2024-03-17T00:00:00+01:00,15.509
2024-03-17T12:00:00+01:00,15.51
2024-03-18T00:00:00+01:00,15.525
2024-03-18T12:00:00+01:00,15.502
2024-03-19T00:00:00+01:00,15.491
2024-03-19T12:00:00+01:00,15.486
2024-03-20T00:00:00+01:00,15.472
2024-03-20T12:00:00+01:00,15.472
2024-03-21T00:00:00+01:00,15.455
2024-03-21T12:00:00+01:00,15.433
2024-03-22T00:00:00+01:00,15.458
2024-03-22T12:00:00+01:00,15.452
2024-03-23T00:00:00+01:00,15.631
2024-03-23T12:00:00+01:00,15.574
2024-03-24T00:00:00+01:00,15.558
2024-03-24T12:00:00+01:00,15.545
2024-03-25T00:00:00+01:00,15.518
2024-03-25T12:00:00+01:00,15.524
2024-03-26T00:00:00+01:00,15.516
2024-03-26T12:00:00+01:00,15.516
2024-03-27T00:00:00+01:00,15.511
2024-03-27T12:00:00+01:00,15.49
2024-03-28T00:00:00+01:00,15.489
2024-03-28T12:00:00+01:00,15.501
2024-03-29T00:00:00+01:00,15.472
2024-03-29T12:00:00+01:00,15.477
2024-03-30T00:00:00+01:00,15.457
2024-03-30T12:00:00+01:00,15.456
2024-03-31T00:00:00+01:00,15.445
2024-03-31T13:00:00+02:00,15.459
2024-04-01T01:00:00+02:00,15.529
2024-04-01T13:00:00+02:00,15.477
2024-04-02T01:00:00+02:00,15.452
2024-04-02T13:00:00+02:00,15.441
2024-04-03T01:00:00+02:00,15.488
2024-04-03T13:00:00+02:00,15.499
2024-04-04T01:00:00+02:00,15.538
2024-04-04T13:00:00+02:00,15.573
2024-04-05T01:00:00+02:00,15.525
2024-04-05T13:00:00+02:00,15.514
2024-04-06T01:00:00+02:00,15.493
2024-04-06T13:00:00+02:00,15.504
2024-04-07T01:00:00+02:00,15.466
2024-04-07T13:00:00+02:00,15.445
2024-04-08T01:00:00+02:00,15.457
2024-04-08T13:00:00+02:00,15.505
2024-04-09T01:00:00+02:00,15.471
2024-04-09T13:00:00+02:00,15.461
2024-04-10T01:00:00+02:00,15.415
2024-04-10T13:00:00+02:00,15.405
2024-04-11T01:00:00+02:00,15.407
2024-04-11T13:00:00+02:00,15.393
2024-04-12T01:00:00+02:00,15.402
2024-04-12T13:00:00+02:00,15.405
2024-04-13T01:00:00+02:00,15.409
2024-04-13T13:00:00+02:00,15.419
2024-04-14T01:00:00+02:00,15.391
2024-04-14T13:00:00+02:00,15.389
2024-04-15T01:00:00+02:00,15.408
2024-04-15T13:00:00+02:00,15.446
2024-04-16T01:00:00+02:00,15.475
2024-04-16T13:00:00+02:00,15.493
2024-04-17T01:00:00+02:00,15.453
2024-04-17T13:00:00+02:00,15.46
2024-04-18T01:00:00+02:00,15.508
2024-04-18T13:00:00+02:00,15.469
2024-04-19T01:00:00+02:00,15.47
2024-04-19T13:00:00+02:00,15.511
2024-04-20T01:00:00+02:00,15.466
2024-04-20T13:00:00+02:00,15.459
2024-04-21T01:00:00+02:00,15.451
2024-04-21T13:00:00+02:00,15.423
2024-04-22T01:00:00+02:00,15.417
2024-04-22T13:00:00+02:00,15.424
2024-04-23T01:00:00+02:00,15.421
2024-04-23T13:00:00+02:00,15.422
2024-04-24T01:00:00+02:00,15.426
2024-04-24T13:00:00+02:00,15.438
2024-04-25T01:00:00+02:00,15.422
2024-04-25T13:00:00+02:00,15.426
2024-04-26T01:00:00+02:00,15.421
2024-04-26T13:00:00+02:00,15.414
2024-04-27T01:00:00+02:00,15.401
2024-04-27T13:00:00+02:00,15.408
2024-04-28T01:00:00+02:00,15.413
2024-04-28T13:00:00+02:00,15.396
2024-04-29T01:00:00+02:00,15.364
2024-04-29T13:00:00+02:00,15.372
2024-04-30T01:00:00+02:00,15.367
2024-04-30T13:00:00+02:00,15.382
2024-05-01T01:00:00+02:00,15.366
2024-05-01T13:00:00+02:00,15.381
2024-05-02T01:00:00+02:00,15.382
2024-05-02T13:00:00+02:00,15.363
2024-05-03T01:00:00+02:00,15.675
2024-05-03T13:00:00+02:00,15.626
2024-05-04T01:00:00+02:00,15.593
2024-05-04T13:00:00+02:00,15.567
2024-05-05T01:00:00+02:00,15.688
2024-05-05T13:00:00+02:00,15.61
2024-05-06T01:00:00+02:00,15.577
2024-05-06T13:00:00+02:00,15.547
2024-05-07T01:00:00+02:00,15.582
2024-05-07T13:00:00+02:00,15.609
2024-05-08T01:00:00+02:00,15.539
2024-05-08T13:00:00+02:00,15.516
2024-05-09T01:00:00+02:00,15.5
2024-05-09T13:00:00+02:00,15.493
2024-05-10T01:00:00+02:00,15.481
2024-05-10T13:00:00+02:00,15.466
2024-05-11T01:00:00+02:00,15.457
2024-05-11T13:00:00+02:00,15.445
2024-05-12T01:00:00+02:00,15.441
2024-05-12T13:00:00+02:00,15.434
2024-05-13T01:00:00+02:00,15.417
2024-05-13T13:00:00+02:00,15.41
2024-05-14T01:00:00+02:00,15.487
2024-05-14T13:00:00+02:00,15.452
2024-05-15T01:00:00+02:00,15.447
2024-05-15T13:00:00+02:00,15.427
2024-05-16T01:00:00+02:00,15.495
2024-05-16T13:00:00+02:00,15.527
2024-05-17T01:00:00+02:00,15.514
2024-05-17T13:00:00+02:00,15.49
2024-05-18T01:00:00+02:00,15.499
2024-05-18T13:00:00+02:00,15.471
2024-05-19T01:00:00+02:00,15.451
2024-05-19T13:00:00+02:00,15.453
2024-05-20T01:00:00+02:00,15.548
2024-05-20T13:00:00+02:00,15.511
2024-05-21T01:00:00+02:00,15.479
2024-05-21T13:00:00+02:00,15.48
2024-05-22T01:00:00+02:00,15.634
2024-05-22T13:00:00+02:00,15.564
2024-05-23T01:00:00+02:00,15.518
2024-05-23T13:00:00+02:00,15.495
2024-05-24T01:00:00+02:00,15.465
2024-05-24T13:00:00+02:00,15.502
2024-05-25T01:00:00+02:00,15.615
2024-05-25T13:00:00+02:00,15.613
2024-05-26T01:00:00+02:00,15.606
2024-05-26T13:00:00+02:00,15.569
2024-05-27T01:00:00+02:00,15.559
2024-05-27T13:00:00+02:00,15.525
2024-05-28T01:00:00+02:00,15.577
2024-05-28T13:00:00+02:00,15.573
2024-05-29T01:00:00+02:00,15.593
2024-05-29T13:00:00+02:00,15.642
2024-05-30T01:00:00+02:00,15.59
2024-05-30T13:00:00+02:00,15.56
2024-05-31T01:00:00+02:00,15.525
2024-05-31T13:00:00+02:00,15.516
2024-06-01T01:00:00+02:00,15.492
2024-06-01T13:00:00+02:00,15.485
2024-06-02T01:00:00+02:00,15.47
2024-06-02T13:00:00+02:00,15.459
2024-06-03T01:00:00+02:00,15.454
2024-06-03T13:00:00+02:00,15.442
2024-06-04T01:00:00+02:00,15.448
2024-06-04T13:00:00+02:00,15.446
2024-06-05T01:00:00+02:00,15.427
2024-06-05T13:00:00+02:00,15.407
2024-06-06T01:00:00+02:00,15.386
2024-06-06T13:00:00+02:00,15.382
2024-06-07T01:00:00+02:00,15.379
2024-06-07T13:00:00+02:00,15.37
2024-06-08T01:00:00+02:00,15.376
2024-06-08T13:00:00+02:00,15.375
2024-06-09T01:00:00+02:00,15.355
2024-06-09T13:00:00+02:00,15.359
2024-06-10T01:00:00+02:00,15.357
2024-06-10T13:00:00+02:00,15.428
2024-06-11T01:00:00+02:00,15.422
2024-06-11T13:00:00+02:00,15.408
2024-06-12T01:00:00+02:00,15.383
2024-06-12T13:00:00+02:00,15.373
2024-06-13T01:00:00+02:00,15.372
2024-06-13T13:00:00+02:00,15.373
2024-06-14T01:00:00+02:00,15.379
2024-06-14T13:00:00+02:00,15.372
2024-06-15T01:00:00+02:00,15.396
2024-06-15T13:00:00+02:00,15.413
2024-06-16T01:00:00+02:00,15.383
2024-06-16T13:00:00+02:00,15.41
2024-06-17T01:00:00+02:00,15.402
2024-06-17T13:00:00+02:00,15.383
2024-06-18T01:00:00+02:00,15.358
2024-06-18T13:00:00+02:00,15.536
2024-06-19T01:00:00+02:00,15.686
2024-06-19T13:00:00+02:00,15.6
2024-06-20T01:00:00+02:00,15.543
2024-06-20T13:00:00+02:00,15.519
2024-06-21T01:00:00+02:00,15.523
2024-06-21T13:00:00+02:00,15.524
2024-06-22T01:00:00+02:00,15.554
2024-06-22T13:00:00+02:00,15.504
2024-06-23T01:00:00+02:00,15.476
2024-06-23T13:00:00+02:00,15.46
2024-06-24T01:00:00+02:00,15.443
2024-06-24T13:00:00+02:00,15.43
2024-06-25T01:00:00+02:00,15.417
2024-06-25T13:00:00+02:00,15.401
2024-06-26T01:00:00+02:00,15.383
2024-06-26T13:00:00+02:00,15.377
2024-06-27T01:00:00+02:00,15.366
2024-06-27T13:00:00+02:00,15.344
2024-06-28T01:00:00+02:00,15.321
2024-06-28T13:00:00+02:00,15.302
2024-06-29T01:00:00+02:00,15.308
2024-06-29T13:00:00+02:00,15.32
2024-06-30T01:00:00+02:00,15.349
2024-06-30T13:00:00+02:00,15.397
2024-07-01T01:00:00+02:00,15.376
2024-07-01T13:00:00+02:00,15.374
2024-07-02T01:00:00+02:00,15.354
2024-07-02T13:00:00+02:00,15.375
2024-07-03T01:00:00+02:00,15.369
2024-07-03T13:00:00+02:00,15.394
2024-07-04T01:00:00+02:00,15.449
2024-07-04T13:00:00+02:00,15.426
2024-07-05T01:00:00+02:00,15.389
2024-07-05T13:00:00+02:00,15.381
2024-07-06T01:00:00+02:00,15.404
2024-07-06T13:00:00+02:00,15.364
2024-07-07T01:00:00+02:00,15.328
2024-07-07T13:00:00+02:00,15.325
2024-07-08T01:00:00+02:00,15.308
2024-07-08T13:00:00+02:00,15.304
2024-07-09T01:00:00+02:00,15.309
2024-07-09T13:00:00+02:00,15.296
2024-07-10T01:00:00+02:00,15.388
2024-07-10T13:00:00+02:00,15.381
2024-07-11T01:00:00+02:00,15.338
2024-07-11T13:00:00+02:00,15.318
2024-07-12T01:00:00+02:00,15.31
2024-07-12T13:00:00+02:00,15.627
2024-07-13T01:00:00+02:00,15.573
2024-07-13T13:00:00+02:00,15.509
2024-07-14T01:00:00+02:00,15.483
2024-07-14T13:00:00+02:00,15.456
2024-07-15T01:00:00+02:00,15.44
2024-07-15T13:00:00+02:00,15.431
2024-07-16T01:00:00+02:00,15.419
2024-07-16T13:00:00+02:00,15.392
2024-07-17T01:00:00+02:00,15.371
2024-07-17T13:00:00+02:00,15.36
2024-07-18T01:00:00+02:00,15.359
2024-07-18T13:00:00+02:00,15.348
2024-07-19T01:00:00+02:00,15.336
2024-07-19T13:00:00+02:00,15.335
2024-07-20T01:00:00+02:00,15.328
2024-07-20T13:00:00+02:00,15.323
2024-07-21T01:00:00+02:00,15.315
2024-07-21T13:00:00+02:00,15.3
2024-07-22T01:00:00+02:00,15.284
2024-07-22T13:00:00+02:00,15.282
2024-07-23T01:00:00+02:00,15.275
2024-07-23T13:00:00+02:00,15.3
2024-07-24T01:00:00+02:00,15.303
2024-07-24T13:00:00+02:00,15.299
2024-07-25T01:00:00+02:00,15.28
2024-07-25T13:00:00+02:00,15.286
2024-07-26T01:00:00+02:00,15.278
2024-07-26T13:00:00+02:00,15.272
2024-07-27T01:00:00+02:00,15.254
2024-07-27T13:00:00+02:00,15.252
2024-07-28T01:00:00+02:00,15.216
2024-07-28T13:00:00+02:00,15.213
2024-07-29T01:00:00+02:00,15.217
2024-07-29T13:00:00+02:00,15.233
2024-07-30T01:00:00+02:00,15.227
2024-07-30T13:00:00+02:00,15.215
2024-07-31T01:00:00+02:00,15.209
2024-07-31T13:00:00+02:00,15.204
2024-08-01T01:00:00+02:00,15.217
2024-08-01T13:00:00+02:00,15.233
2024-08-02T01:00:00+02:00,15.246
2024-08-02T13:00:00+02:00,15.25
2024-08-03T01:00:00+02:00,15.227
2024-08-03T13:00:00+02:00,15.222
2024-08-04T01:00:00+02:00,15.211
2024-08-04T13:00:00+02:00,15.227
2024-08-05T01:00:00+02:00,15.22
2024-08-05T13:00:00+02:00,15.212
2024-08-06T01:00:00+02:00,15.203
2024-08-06T13:00:00+02:00,15.197
2024-08-07T01:00:00+02:00,15.176
2024-08-07T13:00:00+02:00,15.29
2024-08-08T01:00:00+02:00,15.305
2024-08-08T13:00:00+02:00,15.277
2024-08-09T01:00:00+02:00,15.263
2024-08-09T13:00:00+02:00,15.248
2024-08-10T01:00:00+02:00,15.23
2024-08-10T13:00:00+02:00,15.227
2024-08-11T01:00:00+02:00,15.214
2024-08-11T13:00:00+02:00,15.213
2024-08-12T01:00:00+02:00,15.21
2024-08-12T13:00:00+02:00,15.213
2024-08-13T01:00:00+02:00,15.199
2024-08-13T13:00:00+02:00,15.182
2024-08-14T01:00:00+02:00,15.154
2024-08-14T13:00:00+02:00,15.156
2024-08-15T01:00:00+02:00,15.154
2024-08-15T13:00:00+02:00,15.164
2024-08-16T01:00:00+02:00,15.152
2024-08-16T13:00:00+02:00,15.152
2024-08-17T01:00:00+02:00,15.171
2024-08-17T13:00:00+02:00,15.194
2024-08-18T01:00:00+02:00,15.187
2024-08-18T13:00:00+02:00,15.176
2024-08-19T01:00:00+02:00,15.138
2024-08-19T13:00:00+02:00,15.141
2024-08-20T01:00:00+02:00,15.15
2024-08-20T13:00:00+02:00,15.163
2024-08-21T01:00:00+02:00,15.142
2024-08-21T13:00:00+02:00,15.161
2024-08-22T01:00:00+02:00,15.17
2024-08-22T13:00:00+02:00,15.18
2024-08-23T01:00:00+02:00,15.176
2024-08-23T13:00:00+02:00,15.146
2024-08-24T01:00:00+02:00,15.134
2024-08-24T13:00:00+02:00,15.163
2024-08-25T01:00:00+02:00,15.148
2024-08-25T13:00:00+02:00,15.15
2024-08-26T01:00:00+02:00,15.15
2024-08-26T13:00:00+02:00,15.145
2024-08-27T01:00:00+02:00,15.128
2024-08-27T13:00:00+02:00,15.13
2024-08-28T01:00:00+02:00,15.117
2024-08-28T13:00:00+02:00,15.122
2024-08-29T01:00:00+02:00,15.098
2024-08-29T13:00:00+02:00,15.073
2024-08-30T01:00:00+02:00,15.061
2024-08-30T13:00:00+02:00,15.081
2024-08-31T01:00:00+02:00,15.068
2024-08-31T13:00:00+02:00,15.099
2024-09-01T01:00:00+02:00,15.101
2024-09-01T13:00:00+02:00,15.105
2024-09-02T01:00:00+02:00,15.088
2024-09-02T13:00:00+02:00,15.084
2024-09-03T01:00:00+02:00,15.285
2024-09-03T13:00:00+02:00,15.262
2024-09-04T01:00:00+02:00,15.272
2024-09-04T13:00:00+02:00,15.274
2024-09-05T01:00:00+02:00,15.258
2024-09-05T13:00:00+02:00,15.263
2024-09-06T01:00:00+02:00,15.238
2024-09-06T13:00:00+02:00,15.214
2024-09-07T01:00:00+02:00,15.156
2024-09-07T13:00:00+02:00,15.13
2024-09-08T01:00:00+02:00,15.094
2024-09-08T13:00:00+02:00,15.076
2024-09-09T01:00:00+02:00,15.063
2024-09-09T13:00:00+02:00,15.023
2024-09-10T01:00:00+02:00,15.004
2024-09-10T13:00:00+02:00,15.01
2024-10-01T02:00:00+02:00,15.29
2024-10-01T14:00:00+02:00,15.278
2024-10-02T02:00:00+02:00,15.265
2024-10-02T14:00:00+02:00,15.247
2024-10-03T02:00:00+02:00,15.233
2024-10-03T14:00:00+02:00,15.229
2024-10-04T02:00:00+02:00,15.224
2024-10-04T14:00:00+02:00,15.219
2024-10-05T02:00:00+02:00,15.21
2024-10-05T14:00:00+02:00,15.226
2024-10-06T02:00:00+02:00,15.225
2024-10-06T14:00:00+02:00,15.243
2024-10-07T02:00:00+02:00,15.234
2024-10-07T14:00:00+02:00,15.203
2024-10-08T02:00:00+02:00,15.247
2024-10-08T14:00:00+02:00,15.248
2024-10-09T02:00:00+02:00,15.248
2024-10-09T14:00:00+02:00,15.262
2024-10-10T02:00:00+02:00,15.48
2024-10-10T14:00:00+02:00,15.423
2024-10-11T02:00:00+02:00,15.369
2024-10-11T14:00:00+02:00,15.344
2024-10-12T02:00:00+02:00,15.35
2024-10-12T14:00:00+02:00,15.359
2024-10-13T02:00:00+02:00,15.315
2024-10-13T14:00:00+02:00,15.278
2024-10-14T02:00:00+02:00,15.295
2024-10-14T14:00:00+02:00,15.3
2024-10-15T02:00:00+02:00,15.324
2024-10-15T14:00:00+02:00,15.33
2024-10-16T02:00:00+02:00,15.326
2024-10-16T14:00:00+02:00,15.316
2024-10-17T02:00:00+02:00,15.313
2024-10-17T14:00:00+02:00,15.288
2024-10-18T02:00:00+02:00,15.285
2024-10-18T14:00:00+02:00,15.297
2024-10-19T02:00:00+02:00,15.288
2024-10-19T14:00:00+02:00,15.321
2024-10-20T02:00:00+02:00,15.3
2024-10-20T14:00:00+02:00,15.306
2024-10-21T02:00:00+02:00,15.267
2024-10-21T14:00:00+02:00,15.313
2024-10-22T02:00:00+02:00,15.334
2024-10-22T14:00:00+02:00,15.356
2024-10-23T02:00:00+02:00,15.322
2024-10-23T14:00:00+02:00,15.319
2024-10-24T02:00:00+02:00,15.321
2024-10-24T14:00:00+02:00,15.329
2024-10-25T02:00:00+02:00,15.318
2024-10-25T14:00:00+02:00,15.309
2024-10-26T02:00:00+02:00,15.294
2024-10-26T14:00:00+02:00,15.299
2024-10-27T02:00:00+02:00,15.269
2024-10-27T14:00:00+01:00,15.238
2024-10-28T02:00:00+01:00,15.247
2024-10-28T14:00:00+01:00,15.242
2024-10-29T02:00:00+01:00,15.239
2024-10-29T14:00:00+01:00,15.284
2024-10-30T02:00:00+01:00,15.298
2024-10-30T14:00:00+01:00,15.295
2024-10-31T02:00:00+01:00,15.285
2024-10-31T14:00:00+01:00,15.286
2024-11-01T02:00:00+01:00,15.276
2024-11-01T14:00:00+01:00,15.273
2024-11-02T02:00:00+01:00,15.239
2024-11-02T14:00:00+01:00,15.244
2024-11-03T02:00:00+01:00,15.243
2024-11-03T14:00:00+01:00,15.236
2024-11-04T02:00:00+01:00,15.224
2024-11-04T14:00:00+01:00,15.231
2024-11-05T02:00:00+01:00,15.222
2024-11-05T14:00:00+01:00,15.213
2024-11-06T02:00:00+01:00,15.189
2024-11-06T14:00:00+01:00,15.186
2024-11-07T02:00:00+01:00,15.185
2024-11-07T14:00:00+01:00,15.19
2024-11-08T02:00:00+01:00,15.193
2024-11-08T14:00:00+01:00,15.2
2024-11-09T02:00:00+01:00,15.185
2024-11-09T14:00:00+01:00,15.177
2024-11-10T02:00:00+01:00,15.164
2024-11-10T14:00:00+01:00,15.167
2024-11-11T02:00:00+01:00,15.161
2024-11-11T14:00:00+01:00,15.161
2024-11-12T02:00:00+01:00,15.213
2024-11-12T14:00:00+01:00,15.245
2024-11-13T02:00:00+01:00,15.254
2024-11-13T14:00:00+01:00,15.261
2024-11-14T02:00:00+01:00,15.262
2024-11-14T14:00:00+01:00,15.251
2024-11-15T02:00:00+01:00,15.225
2024-11-15T14:00:00+01:00,15.226
2024-11-16T02:00:00+01:00,15.238
2024-11-16T14:00:00+01:00,15.237
2024-11-17T02:00:00+01:00,15.229
2024-11-17T14:00:00+01:00,15.214
2024-11-18T02:00:00+01:00,15.296
2024-11-18T14:00:00+01:00,15.34
2024-11-19T02:00:00+01:00,15.403
2024-11-19T14:00:00+01:00,15.511
2024-11-20T02:00:00+01:00,15.453
2024-11-20T14:00:00+01:00,15.607
2024-11-21T02:00:00+01:00,15.622
2024-11-21T14:00:00+01:00,15.592
2024-11-22T02:00:00+01:00,15.504
2024-11-22T14:00:00+01:00,15.469
2024-11-23T02:00:00+01:00,15.48
2024-11-23T14:00:00+01:00,15.512
2024-11-24T02:00:00+01:00,15.535
2024-11-24T14:00:00+01:00,15.528
2024-11-25T02:00:00+01:00,15.504
2024-11-25T14:00:00+01:00,15.464
2024-11-26T02:00:00+01:00,15.493
2024-11-26T14:00:00+01:00,15.471
2024-11-27T02:00:00+01:00,15.458
2024-11-27T14:00:00+01:00,15.543
2024-11-28T02:00:00+01:00,15.474
2024-11-28T14:00:00+01:00,15.446
2024-11-29T02:00:00+01:00,15.434
2024-11-29T14:00:00+01:00,15.44
2024-11-30T02:00:00+01:00,15.434
2024-11-30T14:00:00+01:00,15.428
2024-12-01T02:00:00+01:00,15.426
2024-12-01T14:00:00+01:00,15.446
2024-12-02T02:00:00+01:00,15.431
2024-12-02T14:00:00+01:00,15.442
2024-12-03T02:00:00+01:00,15.469
2024-12-03T14:00:00+01:00,15.468
2024-12-04T02:00:00+01:00,15.444
2024-12-04T14:00:00+01:00,15.425
2024-12-05T02:00:00+01:00,15.445
2024-12-05T14:00:00+01:00,15.509
2024-12-06T02:00:00+01:00,15.651
2024-12-06T14:00:00+01:00,15.543
2024-12-07T02:00:00+01:00,15.604
2024-12-07T14:00:00+01:00,15.59
2024-12-08T02:00:00+01:00,15.578
2024-12-08T14:00:00+01:00,15.509
2024-12-09T02:00:00+01:00,15.483
2024-12-09T14:00:00+01:00,15.474
2024-12-10T02:00:00+01:00,15.463
2024-12-10T14:00:00+01:00,15.458
2024-12-11T02:00:00+01:00,15.443
2024-12-11T14:00:00+01:00,15.438
2024-12-12T02:00:00+01:00,15.424
2024-12-12T14:00:00+01:00,15.429
2024-12-13T02:00:00+01:00,15.422
2024-12-13T14:00:00+01:00,15.434
2024-12-14T02:00:00+01:00,15.425
2024-12-14T14:00:00+01:00,15.419
2024-12-15T02:00:00+01:00,15.397
2024-12-15T14:00:00+01:00,15.401
2024-12-16T02:00:00+01:00,15.397
2024-12-16T14:00:00+01:00,15.409
2024-12-17T02:00:00+01:00,15.4
2024-12-17T14:00:00+01:00,15.421
2024-12-18T02:00:00+01:00,15.434
2024-12-18T14:00:00+01:00,15.423
2024-12-19T02:00:00+01:00,15.475
2024-12-19T14:00:00+01:00,15.42
2024-12-20T02:00:00+01:00,15.467
2024-12-20T14:00:00+01:00,15.455
2024-12-21T02:00:00+01:00,15.458
2024-12-21T14:00:00+01:00,15.488
2024-12-22T02:00:00+01:00,15.556
2024-12-22T14:00:00+01:00,15.549
2024-12-23T02:00:00+01:00,15.584
2024-12-23T14:00:00+01:00,15.527
2024-12-24T02:00:00+01:00,15.49
2024-12-24T14:00:00+01:00,15.492
2024-12-25T02:00:00+01:00,15.488
2024-12-25T14:00:00+01:00,15.485
2024-12-26T02:00:00+01:00,15.477
2024-12-26T14:00:00+01:00,15.482
2024-12-27T02:00:00+01:00,15.47
2024-12-27T14:00:00+01:00,15.475
2024-12-28T02:00:00+01:00,15.455
2024-12-28T14:00:00+01:00,15.459
2024-12-29T02:00:00+01:00,15.439
2024-12-29T14:00:00+01:00,15.437
2024-12-30T02:00:00+01:00,15.442
2024-12-30T14:00:00+01:00,15.457
2024-12-31T02:00:00+01:00,15.443
2024-12-31T14:00:00+01:00,15.457
2025-01-01T02:00:00+01:00,15.467
2025-01-01T14:00:00+01:00,15.49
2025-01-02T02:00:00+01:00,15.517
2025-01-02T14:00:00+01:00,15.52
2025-01-03T02:00:00+01:00,15.49
2025-01-03T14:00:00+01:00,15.505
2025-01-04T02:00:00+01:00,15.503
2025-01-04T14:00:00+01:00,15.511
2025-01-05T02:00:00+01:00,15.531
2025-01-05T14:00:00+01:00,15.685
2025-01-06T02:00:00+01:00,15.691
2025-01-06T14:00:00+01:00,15.645
2025-01-07T02:00:00+01:00,15.582
2025-01-07T14:00:00+01:00,15.555
2025-01-08T02:00:00+01:00,15.535
2025-01-08T14:00:00+01:00,15.532
2025-01-09T02:00:00+01:00,15.619
2025-01-09T14:00:00+01:00,15.606
2025-01-10T02:00:00+01:00,15.538
2025-01-10T14:00:00+01:00,15.531
2025-01-11T02:00:00+01:00,15.507
2025-01-11T14:00:00+01:00,15.485
2025-01-12T02:00:00+01:00,15.462
2025-01-12T14:00:00+01:00,15.466
2025-01-13T02:00:00+01:00,15.475
2025-01-13T14:00:00+01:00,15.476
2025-01-14T02:00:00+01:00,15.467
2025-01-14T14:00:00+01:00,15.464
2025-01-15T02:00:00+01:00,15.462
2025-01-15T14:00:00+01:00,15.46
2025-01-16T02:00:00+01:00,15.448
2025-01-16T14:00:00+01:00,15.451
2025-01-17T02:00:00+01:00,15.444
2025-01-17T14:00:00+01:00,15.438
2025-01-18T02:00:00+01:00,15.441
2025-01-18T14:00:00+01:00,15.439
2025-01-19T02:00:00+01:00,15.444
2025-01-19T14:00:00+01:00,15.438
2025-01-20T02:00:00+01:00,15.433
2025-01-20T14:00:00+01:00,15.435
2025-01-21T02:00:00+01:00,15.424
2025-01-21T14:00:00+01:00,15.437
2025-01-22T02:00:00+01:00,15.443
2025-01-22T14:00:00+01:00,15.452
2025-01-23T02:00:00+01:00,15.525
2025-01-23T14:00:00+01:00,15.534
2025-01-24T02:00:00+01:00,15.51
2025-01-24T14:00:00+01:00,15.518
2025-01-25T02:00:00+01:00,15.584
2025-01-25T14:00:00+01:00,15.68
2025-01-26T02:00:00+01:00,15.596
2025-01-26T14:00:00+01:00,15.602
2025-01-27T02:00:00+01:00,15.644
2025-01-27T14:00:00+01:00,15.586
2025-01-28T02:00:00+01:00,15.554
2025-01-28T14:00:00+01:00,15.543
2025-01-29T02:00:00+01:00,15.501
2025-01-29T14:00:00+01:00,15.503
2025-01-30T02:00:00+01:00,15.494
2025-01-30T14:00:00+01:00,15.543
2025-01-31T02:00:00+01:00,15.543
2025-01-31T14:00:00+01:00,15.517
2025-02-01T02:00:00+01:00,15.497
2025-02-01T14:00:00+01:00,15.502
2025-02-02T02:00:00+01:00,15.505
2025-02-02T14:00:00+01:00,15.487
2025-02-03T02:00:00+01:00,15.474
2025-02-03T14:00:00+01:00,15.477
2025-02-04T02:00:00+01:00,15.462
2025-02-04T14:00:00+01:00,15.473
2025-02-05T02:00:00+01:00,15.433
2025-02-05T14:00:00+01:00,15.427
2025-02-06T02:00:00+01:00,15.43
2025-02-06T14:00:00+01:00,15.453
2025-02-07T02:00:00+01:00,15.468
2025-02-07T14:00:00+01:00,15.487
2025-02-08T02:00:00+01:00,15.461
2025-02-08T14:00:00+01:00,15.437
2025-02-09T02:00:00+01:00,15.418
2025-02-09T14:00:00+01:00,15.417
2025-02-10T02:00:00+01:00,15.426
2025-02-10T14:00:00+01:00,15.448
2025-02-11T02:00:00+01:00,15.519
2025-02-11T14:00:00+01:00,15.571
2025-02-12T02:00:00+01:00,15.543
2025-02-12T14:00:00+01:00,15.518
2025-02-13T02:00:00+01:00,15.497
2025-02-13T14:00:00+01:00,15.465
2025-02-14T02:00:00+01:00,15.445
2025-02-14T14:00:00+01:00,15.439
2025-02-15T02:00:00+01:00,15.454
2025-02-15T14:00:00+01:00,15.457
2025-02-16T02:00:00+01:00,15.442
2025-02-16T14:00:00+01:00,15.425
2025-02-17T02:00:00+01:00,15.412
2025-02-17T14:00:00+01:00,15.413
2025-02-18T02:00:00+01:00,15.396
2025-02-18T14:00:00+01:00,15.409
2025-02-19T02:00:00+01:00,15.405
2025-02-19T14:00:00+01:00,15.404
2025-02-20T02:00:00+01:00,15.398
2025-02-20T14:00:00+01:00,15.399
2025-02-21T02:00:00+01:00,15.403
2025-02-21T14:00:00+01:00,15.432
2025-02-22T02:00:00+01:00,15.416
2025-02-22T14:00:00+01:00,15.432
2025-02-23T02:00:00+01:00,15.421
2025-02-23T14:00:00+01:00,15.439
2025-02-24T02:00:00+01:00,15.443
2025-02-24T14:00:00+01:00,15.434
2025-02-25T02:00:00+01:00,15.427
2025-02-25T14:00:00+01:00,15.429
2025-02-26T02:00:00+01:00,15.435
2025-02-26T14:00:00+01:00,15.507
2025-02-27T02:00:00+01:00,15.503
2025-02-27T14:00:00+01:00,15.461
2025-02-28T02:00:00+01:00,15.445
2025-02-28T14:00:00+01:00,15.433
2025-03-01T02:00:00+01:00,15.418
2025-03-01T14:00:00+01:00,15.399
2025-03-02T02:00:00+01:00,15.4
2025-03-02T14:00:00+01:00,15.417
2025-03-03T02:00:00+01:00,15.41
2025-03-03T14:00:00+01:00,15.408
2025-03-04T02:00:00+01:00,15.398
2025-03-04T14:00:00+01:00,15.397
2025-03-05T02:00:00+01:00,15.393
2025-03-05T14:00:00+01:00,15.399
2025-03-06T02:00:00+01:00,15.399
2025-03-06T14:00:00+01:00,15.401
2025-03-07T02:00:00+01:00,15.387
2025-03-07T14:00:00+01:00,15.39
2025-03-08T02:00:00+01:00,15.38
2025-03-08T14:00:00+01:00,15.403
2025-03-09T02:00:00+01:00,15.387
2025-03-09T14:00:00+01:00,15.395
2025-03-10T02:00:00+01:00,15.388
2025-03-10T14:00:00+01:00,15.38
2025-03-11T02:00:00+01:00,15.367
2025-03-11T14:00:00+01:00,15.366
2025-03-12T02:00:00+01:00,15.364
2025-03-12T14:00:00+01:00,15.365
2025-03-13T02:00:00+01:00,15.361
2025-03-13T14:00:00+01:00,15.349
2025-03-14T02:00:00+01:00,15.332
2025-03-14T14:00:00+01:00,15.315
2025-03-15T02:00:00+01:00,15.315
2025-03-15T14:00:00+01:00,15.325
2025-03-16T02:00:00+01:00,15.32
2025-03-16T14:00:00+01:00,15.325
2025-03-17T02:00:00+01:00,15.309
2025-03-17T14:00:00+01:00,15.315
2025-03-20T00:00:00+01:00,15.317
2025-03-20T12:00:00+01:00,15.321
2025-03-21T00:00:00+01:00,15.328
2025-03-21T12:00:00+01:00,15.347
2025-03-22T00:00:00+01:00,15.336
2025-03-22T12:00:00+01:00,15.343
2025-03-23T00:00:00+01:00,15.329
2025-03-23T12:00:00+01:00,15.318
2025-03-24T00:00:00+01:00,15.299
2025-03-24T12:00:00+01:00,15.289
2025-03-25T00:00:00+01:00,15.263
2025-03-25T12:00:00+01:00,15.265
2025-03-26T00:00:00+01:00,15.257
2025-03-26T12:00:00+01:00,15.25
2025-03-27T00:00:00+01:00,15.249
2025-03-27T12:00:00+01:00,15.26
2025-03-30T00:00:00+01:00,15.245
2025-03-30T12:00:00+02:00,15.233
2025-04-02T00:00:00+02:00,15.198
2025-04-02T12:00:00+02:00,15.204
2025-04-03T00:00:00+02:00,15.191
2025-04-03T12:00:00+02:00,15.195
2025-04-04T00:00:00+02:00,15.189
2025-04-04T12:00:00+02:00,15.188
2025-04-05T00:00:00+02:00,15.183
2025-04-05T12:00:00+02:00,15.176
2025-04-06T00:00:00+02:00,15.163
2025-04-06T12:00:00+02:00,15.154
2025-04-07T00:00:00+02:00,15.143
2025-04-07T12:00:00+02:00,15.142
2025-04-08T00:00:00+02:00,15.139
2025-04-08T12:00:00+02:00,15.14
2025-04-09T00:00:00+02:00,15.137
2025-04-09T12:00:00+02:00,15.123
2025-04-10T00:00:00+02:00,15.121
2025-04-10T12:00:00+02:00,15.122
2025-04-11T00:00:00+02:00,15.126
2025-04-11T12:00:00+02:00,15.133
2025-04-12T00:00:00+02:00,15.137
2025-04-12T12:00:00+02:00,15.154
2025-04-13T00:00:00+02:00,15.157
2025-04-13T12:00:00+02:00,15.141
2025-04-14T00:00:00+02:00,15.131
2025-04-14T12:00:00+02:00,15.122
2025-04-15T00:00:00+02:00,15.137
2025-04-15T12:00:00+02:00,15.141
2025-04-16T00:00:00+02:00,15.112
2025-04-16T12:00:00+02:00,15.096
2025-04-17T00:00:00+02:00,15.108
2025-04-17T12:00:00+02:00,15.102
2025-04-18T00:00:00+02:00,15.178
2025-04-18T12:00:00+02:00,15.178
2025-04-19T00:00:00+02:00,15.181
2025-04-19T12:00:00+02:00,15.181
2025-04-20T00:00:00+02:00,15.179
2025-04-20T12:00:00+02:00,15.17
2025-04-21T00:00:00+02:00,15.317
2025-04-21T12:00:00+02:00,15.318
2025-04-22T00:00:00+02:00,15.289
2025-04-22T12:00:00+02:00,15.273
2025-04-23T00:00:00+02:00,15.217
2025-04-23T12:00:00+02:00,15.211
2025-04-24T00:00:00+02:00,15.187
2025-04-24T12:00:00+02:00,15.31
2025-04-25T00:00:00+02:00,15.326
2025-04-25T12:00:00+02:00,15.295
2025-04-26T00:00:00+02:00,15.271
2025-04-26T12:00:00+02:00,15.256
2025-04-27T00:00:00+02:00,15.229
2025-04-27T12:00:00+02:00,15.201
2025-04-28T00:00:00+02:00,15.178
2025-04-28T12:00:00+02:00,15.171
2025-04-29T00:00:00+02:00,15.154
2025-04-29T12:00:00+02:00,15.142
2025-04-30T00:00:00+02:00,15.131
2025-04-30T12:00:00+02:00,15.124
2025-05-01T00:00:00+02:00,15.112
2025-05-01T12:00:00+02:00,15.106
2025-05-02T00:00:00+02:00,15.091
2025-05-02T12:00:00+02:00,15.075
2025-05-03T00:00:00+02:00,15.063
2025-05-03T12:00:00+02:00,15.068
2025-05-04T00:00:00+02:00,15.032
2025-05-04T12:00:00+02:00,15.023
2025-05-05T00:00:00+02:00,15.013
2025-05-05T12:00:00+02:00,15.005
2025-05-06T00:00:00+02:00,14.99
2025-05-06T12:00:00+02:00,14.99
2025-05-07T00:00:00+02:00,15.0
2025-05-07T12:00:00+02:00,15.021
2025-05-08T00:00:00+02:00,15.018
2025-05-08T12:00:00+02:00,15.022
2025-05-09T00:00:00+02:00,15.013
2025-05-09T12:00:00+02:00,15.016
2025-05-10T00:00:00+02:00,15.0
2025-05-10T12:00:00+02:00,15.006
2025-05-11T00:00:00+02:00,15.012
2025-05-11T12:00:00+02:00,15.018
2025-05-12T00:00:00+02:00,15.002
2025-05-12T12:00:00+02:00,14.991
2025-05-13T00:00:00+02:00,14.98
2025-05-13T12:00:00+02:00,14.973
2025-05-14T00:00:00+02:00,14.96
2025-05-14T12:00:00+02:00,14.962
2025-05-15T00:00:00+02:00,14.953
2025-05-15T12:00:00+02:00,14.955
2025-05-16T00:00:00+02:00,14.938
2025-05-16T12:00:00+02:00,14.948
2025-05-17T00:00:00+02:00,14.945
2025-05-17T12:00:00+02:00,14.944
2025-05-18T00:00:00+02:00,14.947
2025-05-18T12:00:00+02:00,14.947
2025-05-19T00:00:00+02:00,14.936
2025-05-19T12:00:00+02:00,14.939
2025-05-20T00:00:00+02:00,14.937
2025-05-20T12:00:00+02:00,14.929
2025-05-21T00:00:00+02:00,14.906
2025-05-21T12:00:00+02:00,14.92
2025-05-22T00:00:00+02:00,14.911
2025-05-22T12:00:00+02:00,14.923
2025-05-23T00:00:00+02:00,14.935
2025-05-23T12:00:00+02:00,14.946
2025-05-24T00:00:00+02:00,14.951
2025-05-24T12:00:00+02:00,14.965
2025-05-25T00:00:00+02:00,15.002
2025-05-25T12:00:00+02:00,15.03
2025-05-26T00:00:00+02:00,15.019
2025-05-26T12:00:00+02:00,15.001
2025-05-27T00:00:00+02:00,15.008
2025-05-27T12:00:00+02:00,15.014
2025-05-28T00:00:00+02:00,15.065
2025-05-28T12:00:00+02:00,15.092
2025-05-29T00:00:00+02:00,15.077
2025-05-29T12:00:00+02:00,15.092
2025-05-30T00:00:00+02:00,15.089
2025-05-30T12:00:00+02:00,15.084
2025-05-31T00:00:00+02:00,15.074
2025-05-31T12:00:00+02:00,15.075
2025-06-01T00:00:00+02:00,15.117
2025-06-01T12:00:00+02:00,15.13
2025-06-02T00:00:00+02:00,15.123
2025-06-02T12:00:00+02:00,15.108
2025-06-03T00:00:00+02:00,15.135
2025-06-03T12:00:00+02:00,15.139
2025-06-04T00:00:00+02:00,15.129
2025-06-04T12:00:00+02:00,15.126
2025-06-05T00:00:00+02:00,15.116
2025-06-05T12:00:00+02:00,15.12
2025-06-06T00:00:00+02:00,15.142
2025-06-06T12:00:00+02:00,15.11
2025-06-07T00:00:00+02:00,15.114
2025-06-07T12:00:00+02:00,15.143
2025-06-08T00:00:00+02:00,15.195
2025-06-08T12:00:00+02:00,15.176
2025-06-09T00:00:00+02:00,15.171
2025-06-09T12:00:00+02:00,15.168
2025-06-10T00:00:00+02:00,15.169
2025-06-10T12:00:00+02:00,15.164
2025-06-11T00:00:00+02:00,15.138
2025-06-11T12:00:00+02:00,15.131
2025-06-12T00:00:00+02:00,15.128
2025-06-12T12:00:00+02:00,15.137
2025-06-13T00:00:00+02:00,15.105
2025-06-13T12:00:00+02:00,15.088
2025-06-14T00:00:00+02:00,15.086
2025-06-14T12:00:00+02:00,15.055
2025-06-15T00:00:00+02:00,15.043
2025-06-15T12:00:00+02:00,15.038
2025-06-16T00:00:00+02:00,15.01
2025-06-16T12:00:00+02:00,15.007
2025-06-17T00:00:00+02:00,14.999
2025-06-17T12:00:00+02:00,14.999
2025-06-18T00:00:00+02:00,14.989
2025-06-18T12:00:00+02:00,14.975
2025-06-19T00:00:00+02:00,14.957
2025-06-19T12:00:00+02:00,14.954
2025-06-20T00:00:00+02:00,14.95
2025-06-20T12:00:00+02:00,14.938
2025-06-21T00:00:00+02:00,14.93
2025-06-21T12:00:00+02:00,14.933
2025-06-22T00:00:00+02:00,14.933
2025-06-22T12:00:00+02:00,14.925
2025-06-23T00:00:00+02:00,14.92
2025-06-23T12:00:00+02:00,14.921
2025-06-24T00:00:00+02:00,14.902
2025-06-24T12:00:00+02:00,14.902
2025-06-25T00:00:00+02:00,14.905
2025-06-25T12:00:00+02:00,14.88
2025-06-26T00:00:00+02:00,14.886
2025-06-26T12:00:00+02:00,14.895
2025-06-27T00:00:00+02:00,14.888
2025-06-27T12:00:00+02:00,14.883
2025-06-28T00:00:00+02:00,14.876
2025-06-28T12:00:00+02:00,14.872
2025-06-29T00:00:00+02:00,14.87
2025-06-29T12:00:00+02:00,14.867
2025-06-30T00:00:00+02:00,14.856
2025-06-30T12:00:00+02:00,14.855
2025-07-01T00:00:00+02:00,14.85
2025-07-01T12:00:00+02:00,14.84
2025-07-02T00:00:00+02:00,14.827
2025-07-02T12:00:00+02:00,14.829
2025-07-03T00:00:00+02:00,14.81
2025-07-03T12:00:00+02:00,14.805
2025-07-04T00:00:00+02:00,14.805
2025-07-04T12:00:00+02:00,14.808
2025-07-05T00:00:00+02:00,14.818
2025-07-05T12:00:00+02:00,14.826
2025-07-06T00:00:00+02:00,14.823
2025-07-06T12:00:00+02:00,14.847
2025-07-07T00:00:00+02:00,14.867
2025-07-07T12:00:00+02:00,14.861
2025-07-08T00:00:00+02:00,14.845
2025-07-08T12:00:00+02:00,14.849
2025-07-09T00:00:00+02:00,14.832
2025-07-09T12:00:00+02:00,14.836
2025-07-10T00:00:00+02:00,14.827
2025-07-10T12:00:00+02:00,14.814
2025-07-11T00:00:00+02:00,14.811
2025-07-11T12:00:00+02:00,14.814
2025-07-12T00:00:00+02:00,14.812
2025-07-12T12:00:00+02:00,14.814
2025-07-13T00:00:00+02:00,14.801
2025-07-13T12:00:00+02:00,14.81
2025-07-14T00:00:00+02:00,14.796
2025-07-14T12:00:00+02:00,14.789
2025-07-15T00:00:00+02:00,14.776
2025-07-15T12:00:00+02:00,14.775
2025-07-16T00:00:00+02:00,14.772
2025-07-16T12:00:00+02:00,14.788
2025-07-17T00:00:00+02:00,14.767
2025-07-17T12:00:00+02:00,14.765
2025-07-18T00:00:00+02:00,14.759
2025-07-18T12:00:00+02:00,14.757
2025-07-19T00:00:00+02:00,14.757
2025-07-19T12:00:00+02:00,14.771
2025-07-20T00:00:00+02:00,14.755
2025-07-20T12:00:00+02:00,14.753
2025-07-21T00:00:00+02:00,14.763
2025-07-21T12:00:00+02:00,14.77
2025-07-22T00:00:00+02:00,14.783
2025-07-22T12:00:00+02:00,14.786
2025-07-23T00:00:00+02:00,14.774
2025-07-23T12:00:00+02:00,14.77
2025-07-24T00:00:00+02:00,14.767
2025-07-24T12:00:00+02:00,14.763
2025-07-25T00:00:00+02:00,14.742
2025-07-25T12:00:00+02:00,14.746
2025-07-26T00:00:00+02:00,14.75
2025-07-26T12:00:00+02:00,14.754
2025-07-27T00:00:00+02:00,14.739
2025-07-27T12:00:00+02:00,14.758
2025-07-28T00:00:00+02:00,14.743
2025-07-28T12:00:00+02:00,14.733
2025-07-29T00:00:00+02:00,14.724
2025-07-29T12:00:00+02:00,14.735
2025-07-30T00:00:00+02:00,14.731
2025-07-30T12:00:00+02:00,14.738
2025-07-31T00:00:00+02:00,14.733
2025-07-31T12:00:00+02:00,14.747
2025-08-01T00:00:00+02:00,14.754
2025-08-01T12:00:00+02:00,14.753
2025-08-02T00:00:00+02:00,14.755
2025-08-02T12:00:00+02:00,14.764
2025-08-03T00:00:00+02:00,14.76
2025-08-03T12:00:00+02:00,14.739
2025-08-04T00:00:00+02:00,14.73
2025-08-04T12:00:00+02:00,14.738
2025-08-05T00:00:00+02:00,14.728
2025-08-05T12:00:00+02:00,14.726
2025-08-06T00:00:00+02:00,14.712
2025-08-06T12:00:00+02:00,14.724
2025-08-07T00:00:00+02:00,14.731
2025-08-07T12:00:00+02:00,14.734
2025-08-08T00:00:00+02:00,14.735
2025-08-08T12:00:00+02:00,14.728
2025-08-09T00:00:00+02:00,14.715
2025-08-09T12:00:00+02:00,14.718
2025-08-10T00:00:00+02:00,14.694
2025-08-10T12:00:00+02:00,14.689
2025-08-11T00:00:00+02:00,14.682
2025-08-11T12:00:00+02:00,14.694
2025-08-12T00:00:00+02:00,14.683
2025-08-12T12:00:00+02:00,14.693
2025-08-13T00:00:00+02:00,14.678
2025-08-13T12:00:00+02:00,14.666
2025-08-14T00:00:00+02:00,14.656
2025-08-14T12:00:00+02:00,14.654
2025-08-15T00:00:00+02:00,14.638
2025-08-15T12:00:00+02:00,14.637
2025-08-16T00:00:00+02:00,14.63
2025-08-16T12:00:00+02:00,14.636
2025-08-17T00:00:00+02:00,14.641
2025-08-17T12:00:00+02:00,14.645
2025-08-18T00:00:00+02:00,14.64
2025-08-18T12:00:00+02:00,14.648
2025-08-19T00:00:00+02:00,14.64
2025-08-19T12:00:00+02:00,14.648
2025-08-20T00:00:00+02:00,14.636
2025-08-20T12:00:00+02:00,14.631
2025-08-21T00:00:00+02:00,14.627
2025-08-21T12:00:00+02:00,14.622
2025-08-22T00:00:00+02:00,14.601
2025-08-22T12:00:00+02:00,14.607
2025-08-23T00:00:00+02:00,14.598
2025-08-23T12:00:00+02:00,14.598
2025-08-24T00:00:00+02:00,14.596
2025-08-24T12:00:00+02:00,14.594
2025-08-25T00:00:00+02:00,14.592
2025-08-25T12:00:00+02:00,14.593
2025-08-26T00:00:00+02:00,14.593
2025-08-26T12:00:00+02:00,14.601
2025-08-27T00:00:00+02:00,14.586
2025-08-27T12:00:00+02:00,14.586
2025-08-28T00:00:00+02:00,14.585
2025-08-28T12:00:00+02:00,14.58
2025-08-29T00:00:00+02:00,14.57
2025-08-29T12:00:00+02:00,14.569
2025-08-30T00:00:00+02:00,14.569
2025-08-30T12:00:00+02:00,14.566
2025-08-31T00:00:00+02:00,14.567
2025-08-31T12:00:00+02:00,14.565
2025-09-01T00:00:00+02:00,14.561
2025-09-01T12:00:00+02:00,14.571
2021-03-18T10:35:00+01:00,15.39
2021-09-16T10:40:00+02:00,14.89
2022-03-21T11:32:00+01:00,15.25
2022-09-19T10:49:00+02:00,14.66
2023-03-15T11:56:00+01:00,15.42
2023-09-19T12:34:00+02:00,14.96
2024-03-14T10:25:00+01:00,15.58
2024-09-11T13:22:00+02:00,15.25
2025-03-18T11:44:00+01:00,15.32
2021-01-01T06:00:00+01:00,15.015
2021-01-01T18:00:00+01:00,15.003
2021-03-17T06:00:00+01:00,15.435
2021-03-17T18:00:00+01:00,15.427
2021-03-18T06:00:00+01:00,15.423
2021-03-18T12:00:00+01:00,15.414
2021-03-19T00:00:00+01:00,15.418
2021-03-19T12:00:00+01:00,15.385
2021-03-20T00:00:00+01:00,15.364
2021-03-20T12:00:00+01:00,15.364
2021-03-21T00:00:00+01:00,15.366
2021-03-21T12:00:00+01:00,15.345
2021-03-22T00:00:00+01:00,15.337
2021-03-22T12:00:00+01:00,15.32
2021-03-23T00:00:00+01:00,15.315
2021-03-23T12:00:00+01:00,15.313
2021-03-24T00:00:00+01:00,15.302
2021-03-24T12:00:00+01:00,15.305
2021-03-25T00:00:00+01:00,15.294
2021-03-25T12:00:00+01:00,15.279
2021-03-26T00:00:00+01:00,15.27
2021-03-26T12:00:00+01:00,15.277
2021-03-27T00:00:00+01:00,15.257
2021-03-27T12:00:00+01:00,15.277
2021-03-28T00:00:00+01:00,15.285
2021-03-28T13:00:00+02:00,15.27
2021-03-29T01:00:00+02:00,15.256
2021-03-29T13:00:00+02:00,15.239
2021-03-30T01:00:00+02:00,15.228
2021-03-30T13:00:00+02:00,15.228
2021-03-31T01:00:00+02:00,15.231
2021-03-31T13:00:00+02:00,15.223
2021-09-10T01:00:00+02:00,14.898
2021-09-10T13:00:00+02:00,14.892
2021-09-11T01:00:00+02:00,14.898
2021-09-11T13:00:00+02:00,14.908
2021-09-12T01:00:00+02:00,14.92
2021-09-12T13:00:00+02:00,14.931
2021-09-13T01:00:00+02:00,14.918
2021-09-13T13:00:00+02:00,14.931
2021-09-14T01:00:00+02:00,14.902
2021-09-14T13:00:00+02:00,14.901
2021-09-15T01:00:00+02:00,14.892
2021-09-15T13:00:00+02:00,14.904
2021-09-16T01:00:00+02:00,14.91
2022-01-01T00:00:00+01:00,15.217
2022-01-01T12:00:00+01:00,15.223
2023-03-14T00:00:00+01:00,15.499
2023-03-14T12:00:00+01:00,15.45
2023-03-15T00:00:00+01:00,15.445
2024-09-11T01:00:00+02:00,15.027
2024-09-11T13:00:00+02:00,15.236
2025-03-18T02:00:00+01:00,15.309
2025-03-18T12:00:00+01:00,15.323
2025-03-28T00:00:00+01:00,15.264
2025-03-28T12:00:00+01:00,15.258
2025-03-29T00:00:00+01:00,15.248
2025-03-29T12:00:00+01:00,15.231
2025-03-31T00:00:00+02:00,15.215
2025-03-31T12:00:00+02:00,15.205
2025-04-01T00:00:00+02:00,15.204
2025-04-01T12:00:00+02:00,15.205
