date,water_level_nap_m
2021-01-02T06:00:00+01:00,16.506
2021-01-02T18:00:00+01:00,16.505
2021-01-03T06:00:00+01:00,16.509
2021-01-03T18:00:00+01:00,16.507
2021-01-04T06:00:00+01:00,16.508
2021-01-04T18:00:00+01:00,16.513
2021-01-05T06:00:00+01:00,16.51
2021-01-05T18:00:00+01:00,16.513
2021-01-06T06:00:00+01:00,16.514
2021-01-06T18:00:00+01:00,16.517
2021-01-07T06:00:00+01:00,16.525
2021-01-07T18:00:00+01:00,16.525
2021-01-08T06:00:00+01:00,16.524
2021-01-08T18:00:00+01:00,16.52
2021-01-09T06:00:00+01:00,16.511
2021-01-09T18:00:00+01:00,16.51
2021-01-10T06:00:00+01:00,16.519
2021-01-10T18:00:00+01:00,16.528
2021-01-11T06:00:00+01:00,16.535
2021-01-11T18:00:00+01:00,16.555
2021-01-12T06:00:00+01:00,16.591
2021-01-12T18:00:00+01:00,16.589
2021-01-13T06:00:00+01:00,16.6
2021-01-13T18:00:00+01:00,16.605
2021-01-14T06:00:00+01:00,16.599
2021-01-14T18:00:00+01:00,16.597
2021-01-15T06:00:00+01:00,16.58
2021-01-15T18:00:00+01:00,16.572
2021-01-16T06:00:00+01:00,16.583
2021-01-16T18:00:00+01:00,16.609
2021-01-17T06:00:00+01:00,16.616
2021-01-17T18:00:00+01:00,16.598
2021-01-18T06:00:00+01:00,16.597
2021-01-18T18:00:00+01:00,16.604
2021-01-19T06:00:00+01:00,16.636
2021-01-19T18:00:00+01:00,16.66
2021-01-20T06:00:00+01:00,16.689
2021-01-20T18:00:00+01:00,16.707
2021-01-21T06:00:00+01:00,16.707
2021-01-21T18:00:00+01:00,16.706
2021-01-22T06:00:00+01:00,16.717
2021-01-22T18:00:00+01:00,16.733
2021-01-23T06:00:00+01:00,16.752
2021-01-23T18:00:00+01:00,16.76
2021-01-24T06:00:00+01:00,16.746
2021-01-24T18:00:00+01:00,16.772
2021-01-25T06:00:00+01:00,16.78
2021-01-25T18:00:00+01:00,16.77
2021-01-26T06:00:00+01:00,16.761
2021-01-26T18:00:00+01:00,16.764
2021-01-27T06:00:00+01:00,16.808
2021-01-27T18:00:00+01:00,16.814
2021-01-28T06:00:00+01:00,16.868
2021-01-28T18:00:00+01:00,16.886
2021-01-29T06:00:00+01:00,16.992
2021-01-29T18:00:00+01:00,17.021
2021-01-30T06:00:00+01:00,17.028
2021-01-30T18:00:00+01:00,17.015
2021-01-31T06:00:00+01:00,17.0
2021-01-31T18:00:00+01:00,17.019
2021-02-01T06:00:00+01:00,17.024
2021-02-01T18:00:00+01:00,16.991
2021-02-02T06:00:00+01:00,16.972
2021-02-02T18:00:00+01:00,16.987
2021-02-03T06:00:00+01:00,17.012
2021-02-03T18:00:00+01:00,17.035
2021-02-04T06:00:00+01:00,17.112
2021-02-04T18:00:00+01:00,17.132
2021-02-05T06:00:00+01:00,17.152
2021-02-05T18:00:00+01:00,17.143
2021-02-06T06:00:00+01:00,17.145
2021-02-06T18:00:00+01:00,17.151
2021-02-07T06:00:00+01:00,17.164
2021-02-07T18:00:00+01:00,17.175
2021-02-08T06:00:00+01:00,17.179
2021-02-08T18:00:00+01:00,17.17
2021-02-09T06:00:00+01:00,17.154
2021-02-09T18:00:00+01:00,17.145
2021-02-10T06:00:00+01:00,17.142
2021-02-10T18:00:00+01:00,17.115
2021-02-11T06:00:00+01:00,17.085
2021-02-11T18:00:00+01:00,17.07
2021-02-12T06:00:00+01:00,17.065
2021-02-12T18:00:00+01:00,17.064
2021-02-13T06:00:00+01:00,17.053
2021-02-13T18:00:00+01:00,17.051
2021-02-14T06:00:00+01:00,17.057
2021-02-14T18:00:00+01:00,17.067
2021-02-15T06:00:00+01:00,17.093
2021-02-15T18:00:00+01:00,17.091
2021-02-16T06:00:00+01:00,17.119
2021-02-16T18:00:00+01:00,17.178
2021-02-17T06:00:00+01:00,17.193
2021-02-17T18:00:00+01:00,17.197
2021-02-18T06:00:00+01:00,17.211
2021-02-18T18:00:00+01:00,17.226
2021-02-19T06:00:00+01:00,17.213
2021-02-19T18:00:00+01:00,17.225
2021-02-20T06:00:00+01:00,17.229
2021-02-20T18:00:00+01:00,17.236
2021-02-21T06:00:00+01:00,17.229
2021-02-21T18:00:00+01:00,17.219
2021-02-22T06:00:00+01:00,17.211
2021-02-22T18:00:00+01:00,17.186
2021-02-23T06:00:00+01:00,17.162
2021-02-23T18:00:00+01:00,17.147
2021-02-24T06:00:00+01:00,17.15
2021-02-24T18:00:00+01:00,17.156
2021-02-25T06:00:00+01:00,17.156
2021-02-25T18:00:00+01:00,17.139
2021-02-26T06:00:00+01:00,17.132
2021-02-26T18:00:00+01:00,17.125
2021-02-27T06:00:00+01:00,17.121
2021-02-27T18:00:00+01:00,17.119
2021-02-28T06:00:00+01:00,17.132
2021-02-28T18:00:00+01:00,17.144
2021-03-01T06:00:00+01:00,17.15
2021-03-01T18:00:00+01:00,17.151
2021-03-02T06:00:00+01:00,17.153
2021-03-02T18:00:00+01:00,17.149
2021-03-03T06:00:00+01:00,17.147
2021-03-03T18:00:00+01:00,17.142
2021-03-04T06:00:00+01:00,17.147
2021-03-04T18:00:00+01:00,17.149
2021-03-05T06:00:00+01:00,17.132
2021-03-05T18:00:00+01:00,17.108
2021-03-06T06:00:00+01:00,17.097
2021-03-06T18:00:00+01:00,17.098
2021-03-07T06:00:00+01:00,17.114
2021-03-07T18:00:00+01:00,17.119
2021-03-08T06:00:00+01:00,17.123
2021-03-08T18:00:00+01:00,17.117
2021-03-09T06:00:00+01:00,17.124
2021-03-09T18:00:00+01:00,17.121
2021-03-10T06:00:00+01:00,17.118
2021-03-10T18:00:00+01:00,17.138
2021-03-11T06:00:00+01:00,17.167
2021-03-11T18:00:00+01:00,17.164
2021-03-12T06:00:00+01:00,17.129
2021-03-12T18:00:00+01:00,17.126
2021-03-13T06:00:00+01:00,17.153
2021-03-13T18:00:00+01:00,17.161
2021-04-01T07:00:00+02:00,17.096
2021-04-01T19:00:00+02:00,17.076
2021-04-02T07:00:00+02:00,17.06
2021-04-02T19:00:00+02:00,17.057
2021-04-03T07:00:00+02:00,17.05
2021-04-03T19:00:00+02:00,17.046
2021-04-04T07:00:00+02:00,17.051
2021-04-04T19:00:00+02:00,17.066
2021-04-05T07:00:00+02:00,17.109
2021-04-05T19:00:00+02:00,17.096
2021-04-06T07:00:00+02:00,17.075
2021-04-06T19:00:00+02:00,17.076
2021-04-07T07:00:00+02:00,17.074
2021-04-07T19:00:00+02:00,17.053
2021-04-08T07:00:00+02:00,17.047
2021-04-08T19:00:00+02:00,17.061
2021-04-09T07:00:00+02:00,17.081
2021-04-09T19:00:00+02:00,17.089
2021-04-10T07:00:00+02:00,17.087
2021-04-10T19:00:00+02:00,17.097
2021-04-11T07:00:00+02:00,17.11
2021-04-11T19:00:00+02:00,17.101
2021-04-12T07:00:00+02:00,17.082
2021-04-12T19:00:00+02:00,17.073
2021-04-13T07:00:00+02:00,17.067
2021-04-13T19:00:00+02:00,17.077
2021-04-14T07:00:00+02:00,17.082
2021-04-14T19:00:00+02:00,17.092
2021-04-15T07:00:00+02:00,17.091
2021-04-15T19:00:00+02:00,17.099
2021-04-16T07:00:00+02:00,17.099
2021-04-16T19:00:00+02:00,17.103
2021-04-17T07:00:00+02:00,17.102
2021-04-17T19:00:00+02:00,17.105
2021-04-18T07:00:00+02:00,17.106
2021-04-18T19:00:00+02:00,17.11
2021-04-19T07:00:00+02:00,17.106
2021-04-19T19:00:00+02:00,17.109
2021-04-20T07:00:00+02:00,17.108
2021-04-20T19:00:00+02:00,17.109
2021-04-21T07:00:00+02:00,17.102
2021-04-21T19:00:00+02:00,17.082
2021-04-22T07:00:00+02:00,17.058
2021-04-22T19:00:00+02:00,17.048
2021-04-23T07:00:00+02:00,17.034
2021-04-23T19:00:00+02:00,17.036
2021-04-24T07:00:00+02:00,17.032
2021-04-24T19:00:00+02:00,17.038
2021-04-25T07:00:00+02:00,17.029
2021-04-25T19:00:00+02:00,17.036
2021-04-26T07:00:00+02:00,17.04
2021-04-26T19:00:00+02:00,17.05
2021-04-27T07:00:00+02:00,17.061
2021-04-27T19:00:00+02:00,17.065
2021-04-28T07:00:00+02:00,17.065
2021-04-28T19:00:00+02:00,17.064
2021-04-29T07:00:00+02:00,17.056
2021-04-29T19:00:00+02:00,17.021
2021-04-30T07:00:00+02:00,16.989
2021-04-30T19:00:00+02:00,16.991
2021-05-01T07:00:00+02:00,16.979
2021-05-01T19:00:00+02:00,16.977
2021-05-02T07:00:00+02:00,16.954
2021-05-02T19:00:00+02:00,16.963
2021-05-03T07:00:00+02:00,16.955
2021-05-03T19:00:00+02:00,16.98
2021-05-04T07:00:00+02:00,17.024
2021-05-04T19:00:00+02:00,17.024
2021-05-05T07:00:00+02:00,16.991
2021-05-05T19:00:00+02:00,16.989
2021-05-06T07:00:00+02:00,16.984
2021-05-06T19:00:00+02:00,16.984
2021-05-07T07:00:00+02:00,16.951
2021-05-07T19:00:00+02:00,16.946
2021-05-08T07:00:00+02:00,16.95
2021-05-08T19:00:00+02:00,16.97
2021-05-09T07:00:00+02:00,16.99
2021-05-09T19:00:00+02:00,16.983
2021-05-10T07:00:00+02:00,16.968
2021-05-10T19:00:00+02:00,16.958
2021-05-11T07:00:00+02:00,16.945
2021-05-11T19:00:00+02:00,16.935
2021-05-12T07:00:00+02:00,16.929
2021-05-12T19:00:00+02:00,16.919
2021-05-13T07:00:00+02:00,16.93
2021-05-13T19:00:00+02:00,16.933
2021-05-14T07:00:00+02:00,16.927
2021-05-14T19:00:00+02:00,16.917
2021-05-15T07:00:00+02:00,16.924
2021-05-15T19:00:00+02:00,16.937
2021-05-16T07:00:00+02:00,16.934
2021-05-16T19:00:00+02:00,16.932
2021-05-17T07:00:00+02:00,16.927
2021-05-17T19:00:00+02:00,16.909
2021-05-18T07:00:00+02:00,16.893
2021-05-18T19:00:00+02:00,16.886
2021-05-19T07:00:00+02:00,16.881
2021-05-19T19:00:00+02:00,16.877
2021-05-20T07:00:00+02:00,16.869
2021-05-20T19:00:00+02:00,16.894
2021-05-21T07:00:00+02:00,16.927
2021-05-21T19:00:00+02:00,16.941
2021-05-22T07:00:00+02:00,16.934
2021-05-22T19:00:00+02:00,16.915
2021-05-23T07:00:00+02:00,16.897
2021-05-23T19:00:00+02:00,16.893
2021-05-24T07:00:00+02:00,16.901
2021-05-24T19:00:00+02:00,16.907
2021-05-25T07:00:00+02:00,16.906
2021-05-25T19:00:00+02:00,16.894
2021-05-26T07:00:00+02:00,16.903
2021-05-26T19:00:00+02:00,16.903
2021-05-27T07:00:00+02:00,16.892
2021-05-27T19:00:00+02:00,16.877
2021-05-28T07:00:00+02:00,16.861
2021-05-28T19:00:00+02:00,16.865
2021-05-29T07:00:00+02:00,16.864
2021-05-29T19:00:00+02:00,16.859
2021-05-30T07:00:00+02:00,16.857
2021-05-30T19:00:00+02:00,16.861
2021-05-31T07:00:00+02:00,16.866
2021-05-31T19:00:00+02:00,16.873
2021-06-01T07:00:00+02:00,16.874
2021-06-01T19:00:00+02:00,16.874
2021-06-02T07:00:00+02:00,16.874
2021-06-02T19:00:00+02:00,16.865
2021-06-03T07:00:00+02:00,16.851
2021-06-03T19:00:00+02:00,16.843
2021-06-04T07:00:00+02:00,16.842
2021-06-04T19:00:00+02:00,16.88
2021-06-05T07:00:00+02:00,16.97
2021-06-05T19:00:00+02:00,16.985
2021-06-06T07:00:00+02:00,16.978
2021-06-06T19:00:00+02:00,16.967
2021-06-07T07:00:00+02:00,16.958
2021-06-07T19:00:00+02:00,16.948
2021-06-08T07:00:00+02:00,16.938
2021-06-08T19:00:00+02:00,16.933
2021-06-09T07:00:00+02:00,16.927
2021-06-09T19:00:00+02:00,16.918
2021-06-10T07:00:00+02:00,16.915
2021-06-10T19:00:00+02:00,16.912
2021-06-11T07:00:00+02:00,16.897
2021-06-11T19:00:00+02:00,16.894
2021-06-12T07:00:00+02:00,16.882
2021-06-12T19:00:00+02:00,16.863
2021-06-13T07:00:00+02:00,16.843
2021-06-13T19:00:00+02:00,16.841
2021-06-14T07:00:00+02:00,16.842
2021-06-14T19:00:00+02:00,16.845
2021-06-15T07:00:00+02:00,16.829
2021-06-15T19:00:00+02:00,16.822
2021-06-16T07:00:00+02:00,16.826
2021-06-16T19:00:00+02:00,16.827
2021-06-17T07:00:00+02:00,16.824
2021-06-17T19:00:00+02:00,16.802
2021-06-18T07:00:00+02:00,16.789
2021-06-18T19:00:00+02:00,16.797
2021-06-19T07:00:00+02:00,16.788
2021-06-19T19:00:00+02:00,16.79
2021-06-20T07:00:00+02:00,16.803
2021-06-20T19:00:00+02:00,16.807
2021-06-21T07:00:00+02:00,16.808
2021-06-21T19:00:00+02:00,16.816
2021-06-22T07:00:00+02:00,16.806
2021-06-22T19:00:00+02:00,16.797
2021-06-23T07:00:00+02:00,16.794
2021-06-23T19:00:00+02:00,16.795
2021-06-24T07:00:00+02:00,16.805
2021-06-24T19:00:00+02:00,16.812
2021-06-25T07:00:00+02:00,16.82
2021-06-25T19:00:00+02:00,16.804
2021-06-26T07:00:00+02:00,16.812
2021-06-26T19:00:00+02:00,16.811
2021-06-27T07:00:00+02:00,16.811
2021-06-27T19:00:00+02:00,16.812
2021-06-28T07:00:00+02:00,16.837
2021-06-28T19:00:00+02:00,16.847
2021-06-29T07:00:00+02:00,16.85
2021-06-29T19:00:00+02:00,16.852
2021-06-30T07:00:00+02:00,16.859
2021-06-30T19:00:00+02:00,16.869
2021-07-01T07:00:00+02:00,16.892
2021-07-01T19:00:00+02:00,16.913
2021-07-02T07:00:00+02:00,16.92
2021-07-02T19:00:00+02:00,16.925
2021-07-03T07:00:00+02:00,16.929
2021-07-03T19:00:00+02:00,16.938
2021-07-04T07:00:00+02:00,16.95
2021-07-04T19:00:00+02:00,16.966
2021-07-05T07:00:00+02:00,16.988
2021-07-05T19:00:00+02:00,17.001
2021-07-06T07:00:00+02:00,17.025
2021-07-06T19:00:00+02:00,17.005
2021-07-07T07:00:00+02:00,16.986
2021-07-07T19:00:00+02:00,16.97
2021-07-08T07:00:00+02:00,16.962
2021-07-08T19:00:00+02:00,16.951
2021-07-09T07:00:00+02:00,16.949
2021-07-09T19:00:00+02:00,16.955
2021-07-10T07:00:00+02:00,16.955
2021-07-10T19:00:00+02:00,16.95
2021-07-11T07:00:00+02:00,16.98
2021-07-11T19:00:00+02:00,16.968
2021-07-12T07:00:00+02:00,16.973
2021-07-12T19:00:00+02:00,16.971
2021-07-13T07:00:00+02:00,16.959
2021-07-13T19:00:00+02:00,16.952
2021-07-14T07:00:00+02:00,16.938
2021-07-14T19:00:00+02:00,16.94
2021-07-15T07:00:00+02:00,16.981
2021-07-15T19:00:00+02:00,17.08
2021-07-16T07:00:00+02:00,17.135
2021-07-16T19:00:00+02:00,17.148
2021-07-17T07:00:00+02:00,17.151
2021-07-17T19:00:00+02:00,17.153
2021-07-18T07:00:00+02:00,17.157
2021-07-18T19:00:00+02:00,17.161
2021-07-19T07:00:00+02:00,17.161
2021-07-19T19:00:00+02:00,17.158
2021-07-20T07:00:00+02:00,17.149
2021-07-20T19:00:00+02:00,17.137
2021-07-21T07:00:00+02:00,17.123
2021-07-21T19:00:00+02:00,17.109
2021-07-22T07:00:00+02:00,17.098
2021-07-22T19:00:00+02:00,17.094
2021-07-23T07:00:00+02:00,17.086
2021-07-23T19:00:00+02:00,17.089
2021-07-24T07:00:00+02:00,17.096
2021-07-24T19:00:00+02:00,17.088
2021-07-25T07:00:00+02:00,17.108
2021-07-25T19:00:00+02:00,17.101
2021-07-26T07:00:00+02:00,17.097
2021-07-26T19:00:00+02:00,17.08
2021-07-27T07:00:00+02:00,17.068
2021-07-27T19:00:00+02:00,17.064
2021-07-28T07:00:00+02:00,17.058
2021-07-28T19:00:00+02:00,17.048
2021-07-29T07:00:00+02:00,17.034
2021-07-29T19:00:00+02:00,17.016
2021-07-30T07:00:00+02:00,17.016
2021-07-30T19:00:00+02:00,17.008
2021-07-31T07:00:00+02:00,16.999
2021-07-31T19:00:00+02:00,16.978
2021-08-01T07:00:00+02:00,16.967
2021-08-01T19:00:00+02:00,16.953
2021-08-02T07:00:00+02:00,16.944
2021-08-02T19:00:00+02:00,16.932
2021-08-03T07:00:00+02:00,16.926
2021-08-03T19:00:00+02:00,16.919
2021-08-04T07:00:00+02:00,16.911
2021-08-04T19:00:00+02:00,16.906
2021-08-05T07:00:00+02:00,16.905
2021-08-05T19:00:00+02:00,16.912
2021-08-06T07:00:00+02:00,16.911
2021-08-06T19:00:00+02:00,16.903
2021-08-07T07:00:00+02:00,16.897
2021-08-07T19:00:00+02:00,16.895
2021-08-08T07:00:00+02:00,16.879
2021-08-08T19:00:00+02:00,16.85
2021-08-09T07:00:00+02:00,16.839
2021-08-09T19:00:00+02:00,16.833
2021-08-10T07:00:00+02:00,16.824
2021-08-10T19:00:00+02:00,16.823
2021-08-11T07:00:00+02:00,16.816
2021-08-11T19:00:00+02:00,16.812
2021-08-12T07:00:00+02:00,16.807
2021-08-12T19:00:00+02:00,16.807
2021-08-13T07:00:00+02:00,16.794
2021-08-13T19:00:00+02:00,16.791
2021-08-14T07:00:00+02:00,16.787
2021-08-14T19:00:00+02:00,16.793
2021-08-15T07:00:00+02:00,16.794
2021-08-15T19:00:00+02:00,16.804
2021-08-16T07:00:00+02:00,16.805
2021-08-16T19:00:00+02:00,16.78
2021-08-17T07:00:00+02:00,16.767
2021-08-17T19:00:00+02:00,16.77
2021-08-18T07:00:00+02:00,16.772
2021-08-18T19:00:00+02:00,16.777
2021-08-19T07:00:00+02:00,16.777
2021-08-19T19:00:00+02:00,16.77
2021-08-20T07:00:00+02:00,16.759
2021-08-20T19:00:00+02:00,16.747
2021-08-21T07:00:00+02:00,16.746
2021-08-21T19:00:00+02:00,16.751
2021-08-22T07:00:00+02:00,16.758
2021-08-22T19:00:00+02:00,16.76
2021-08-23T07:00:00+02:00,16.756
2021-08-23T19:00:00+02:00,16.761
2021-08-24T07:00:00+02:00,16.763
2021-08-24T19:00:00+02:00,16.767
2021-08-25T07:00:00+02:00,16.781
2021-08-25T19:00:00+02:00,16.79
2021-08-26T07:00:00+02:00,16.801
2021-08-26T19:00:00+02:00,16.796
2021-08-27T07:00:00+02:00,16.782
2021-08-27T19:00:00+02:00,16.776
2021-08-28T07:00:00+02:00,16.765
2021-08-28T19:00:00+02:00,16.758
2021-08-29T07:00:00+02:00,16.754
2021-08-29T19:00:00+02:00,16.759
2021-08-30T07:00:00+02:00,16.753
2021-08-30T19:00:00+02:00,16.745
2021-08-31T07:00:00+02:00,16.736
2021-08-31T19:00:00+02:00,16.726
2021-09-01T07:00:00+02:00,16.718
2021-09-01T19:00:00+02:00,16.712
2021-09-02T07:00:00+02:00,16.715
2021-09-02T19:00:00+02:00,16.72
2021-09-03T07:00:00+02:00,16.72
2021-09-03T19:00:00+02:00,16.725
2021-09-04T07:00:00+02:00,16.716
2021-09-04T19:00:00+02:00,16.711
2021-09-05T07:00:00+02:00,16.698
2021-09-05T19:00:00+02:00,16.688
2021-09-06T07:00:00+02:00,16.678
2021-09-06T19:00:00+02:00,16.672
2021-09-07T07:00:00+02:00,16.665
2021-09-07T19:00:00+02:00,16.671
2021-09-08T07:00:00+02:00,16.673
2021-09-08T19:00:00+02:00,16.679
2021-09-09T07:00:00+02:00,16.688
2021-09-09T19:00:00+02:00,16.67
2021-09-10T07:00:00+02:00,16.659
2021-09-10T19:00:00+02:00,16.669
2021-09-11T07:00:00+02:00,16.662
2021-09-11T19:00:00+02:00,16.656
2021-09-12T07:00:00+02:00,16.651
2021-09-12T19:00:00+02:00,16.652
2021-09-13T07:00:00+02:00,16.646
2021-09-13T19:00:00+02:00,16.65
2021-09-14T07:00:00+02:00,16.657
2021-09-14T19:00:00+02:00,16.657
2021-09-15T07:00:00+02:00,16.655
2021-09-15T19:00:00+02:00,16.648
2021-09-16T07:00:00+02:00,16.637
2021-09-16T19:00:00+02:00,16.625
2021-09-17T07:00:00+02:00,16.624
2021-09-17T19:00:00+02:00,16.626
2021-09-18T07:00:00+02:00,16.616
2021-09-18T19:00:00+02:00,16.616
2021-09-19T07:00:00+02:00,16.613
2021-09-19T19:00:00+02:00,16.606
2021-09-20T07:00:00+02:00,16.651
2021-09-20T19:00:00+02:00,16.629
2021-09-21T07:00:00+02:00,16.611
2021-09-21T19:00:00+02:00,16.602
2021-09-22T07:00:00+02:00,16.604
2021-09-22T19:00:00+02:00,16.614
2021-09-23T07:00:00+02:00,16.633
2021-09-23T19:00:00+02:00,16.635
2021-09-24T07:00:00+02:00,16.629
2021-09-24T19:00:00+02:00,16.62
2021-09-25T07:00:00+02:00,16.614
2021-09-25T19:00:00+02:00,16.61
2021-09-26T07:00:00+02:00,16.609
2021-09-26T19:00:00+02:00,16.601
2021-09-27T07:00:00+02:00,16.601
2021-09-27T19:00:00+02:00,16.588
2021-09-28T07:00:00+02:00,16.576
2021-09-28T19:00:00+02:00,16.579
2021-09-29T07:00:00+02:00,16.593
2021-09-29T19:00:00+02:00,16.58
2021-09-30T07:00:00+02:00,16.577
2021-09-30T19:00:00+02:00,16.583
2021-10-01T07:00:00+02:00,16.601
2021-10-01T19:00:00+02:00,16.604
2021-10-02T07:00:00+02:00,16.608
2021-10-02T19:00:00+02:00,16.634
2021-10-03T07:00:00+02:00,16.652
2021-10-03T19:00:00+02:00,16.642
2021-10-04T07:00:00+02:00,16.638
2021-10-04T19:00:00+02:00,16.641
2021-10-05T07:00:00+02:00,16.661
2021-10-05T19:00:00+02:00,16.67
2021-10-06T07:00:00+02:00,16.659
2021-10-06T19:00:00+02:00,16.638
2021-10-07T07:00:00+02:00,16.649
2021-10-07T19:00:00+02:00,16.655
2021-10-08T07:00:00+02:00,16.656
2021-10-08T19:00:00+02:00,16.664
2021-10-09T07:00:00+02:00,16.672
2021-10-09T19:00:00+02:00,16.672
2021-10-10T07:00:00+02:00,16.673
2021-10-10T19:00:00+02:00,16.675
2021-10-11T07:00:00+02:00,16.678
2021-10-11T19:00:00+02:00,16.671
2021-10-12T07:00:00+02:00,16.681
2021-10-12T19:00:00+02:00,16.677
2021-10-13T07:00:00+02:00,16.679
2021-10-13T19:00:00+02:00,16.672
2021-10-14T07:00:00+02:00,16.676
2021-10-14T19:00:00+02:00,16.683
2021-10-15T07:00:00+02:00,16.697
2021-10-15T19:00:00+02:00,16.677
2021-10-16T07:00:00+02:00,16.671
2021-10-16T19:00:00+02:00,16.671
2021-10-17T07:00:00+02:00,16.671
2021-10-17T19:00:00+02:00,16.674
2021-10-18T07:00:00+02:00,16.666
2021-10-18T19:00:00+02:00,16.671
2021-10-19T07:00:00+02:00,16.674
2021-10-19T19:00:00+02:00,16.678
2021-10-20T07:00:00+02:00,16.697
2021-10-20T19:00:00+02:00,16.706
2021-10-21T07:00:00+02:00,16.658
2021-10-21T19:00:00+02:00,16.679
2021-10-22T07:00:00+02:00,16.679
2021-10-22T19:00:00+02:00,16.673
2021-10-23T07:00:00+02:00,16.669
2021-10-23T19:00:00+02:00,16.675
2021-10-24T07:00:00+02:00,16.695
2021-10-24T19:00:00+02:00,16.711
2021-10-25T07:00:00+02:00,16.717
2021-10-25T19:00:00+02:00,16.716
2021-10-26T07:00:00+02:00,16.707
2021-10-26T19:00:00+02:00,16.7
2021-10-27T07:00:00+02:00,16.692
2021-10-27T19:00:00+02:00,16.69
2021-10-28T07:00:00+02:00,16.698
2021-10-28T19:00:00+02:00,16.707
2021-10-29T07:00:00+02:00,16.719
2021-10-29T19:00:00+02:00,16.712
2021-10-30T07:00:00+02:00,16.723
2021-10-30T19:00:00+02:00,16.721
2021-10-31T06:00:00+01:00,16.72
2021-10-31T18:00:00+01:00,16.732
2021-11-01T06:00:00+01:00,16.757
2021-11-01T18:00:00+01:00,16.764
2021-11-02T06:00:00+01:00,16.775
2021-11-02T18:00:00+01:00,16.764
2021-11-03T06:00:00+01:00,16.767
2021-11-03T18:00:00+01:00,16.758
2021-11-04T06:00:00+01:00,16.75
2021-11-04T18:00:00+01:00,16.734
2021-11-05T06:00:00+01:00,16.71
2021-11-05T18:00:00+01:00,16.692
2021-11-06T06:00:00+01:00,16.687
2021-11-06T18:00:00+01:00,16.71
2021-11-07T06:00:00+01:00,16.726
2021-11-07T18:00:00+01:00,16.726
2021-11-08T06:00:00+01:00,16.71
2021-11-08T18:00:00+01:00,16.701
2021-11-09T06:00:00+01:00,16.694
2021-11-09T18:00:00+01:00,16.695
2021-11-10T06:00:00+01:00,16.701
2021-11-10T18:00:00+01:00,16.698
2021-11-11T06:00:00+01:00,16.696
2021-11-11T18:00:00+01:00,16.696
2021-11-12T06:00:00+01:00,16.709
2021-11-12T18:00:00+01:00,16.721
2021-11-13T06:00:00+01:00,16.724
2021-11-13T18:00:00+01:00,16.723
2021-11-14T06:00:00+01:00,16.714
2021-11-14T18:00:00+01:00,16.702
2021-11-15T06:00:00+01:00,16.701
2021-11-15T18:00:00+01:00,16.702
2021-11-16T06:00:00+01:00,16.713
2021-11-16T18:00:00+01:00,16.722
2021-11-17T06:00:00+01:00,16.738
2021-11-17T18:00:00+01:00,16.716
2021-11-18T06:00:00+01:00,16.708
2021-11-18T18:00:00+01:00,16.702
2021-11-19T06:00:00+01:00,16.702
2021-11-19T18:00:00+01:00,16.698
2021-11-20T06:00:00+01:00,16.707
2021-11-20T18:00:00+01:00,16.726
2021-11-21T06:00:00+01:00,16.745
2021-11-21T18:00:00+01:00,16.737
2021-11-22T06:00:00+01:00,16.711
2021-11-22T18:00:00+01:00,16.691
2021-11-23T06:00:00+01:00,16.686
2021-11-23T18:00:00+01:00,16.694
2021-11-24T06:00:00+01:00,16.703
2021-11-24T18:00:00+01:00,16.725
2021-11-25T06:00:00+01:00,16.738
2021-11-25T18:00:00+01:00,16.738
2021-11-26T06:00:00+01:00,16.756
2021-11-26T18:00:00+01:00,16.787
2021-11-27T06:00:00+01:00,16.792
2021-11-27T18:00:00+01:00,16.778
2021-11-28T06:00:00+01:00,16.764
2021-11-28T18:00:00+01:00,16.756
2021-11-29T06:00:00+01:00,16.744
2021-11-29T18:00:00+01:00,16.733
2021-11-30T06:00:00+01:00,16.747
2021-11-30T18:00:00+01:00,16.767
2021-12-01T06:00:00+01:00,16.819
2021-12-01T18:00:00+01:00,16.83
2021-12-02T06:00:00+01:00,16.825
2021-12-02T18:00:00+01:00,16.809
2021-12-03T06:00:00+01:00,16.813
2021-12-03T18:00:00+01:00,16.841
2021-12-04T06:00:00+01:00,16.857
2021-12-04T18:00:00+01:00,16.864
2021-12-05T06:00:00+01:00,16.864
2021-12-05T18:00:00+01:00,16.85
2021-12-06T06:00:00+01:00,16.835
2021-12-06T18:00:00+01:00,16.855
2021-12-07T06:00:00+01:00,16.861
2021-12-07T18:00:00+01:00,16.904
2021-12-08T06:00:00+01:00,16.918
2021-12-08T18:00:00+01:00,16.914
2021-12-09T06:00:00+01:00,16.898
2021-12-09T18:00:00+01:00,16.9
2021-12-10T06:00:00+01:00,16.928
2021-12-10T18:00:00+01:00,16.911
2021-12-11T06:00:00+01:00,16.872
2021-12-11T18:00:00+01:00,16.843
2021-12-12T06:00:00+01:00,16.841
2021-12-12T18:00:00+01:00,16.844
2021-12-13T06:00:00+01:00,16.845
2021-12-13T18:00:00+01:00,16.847
2021-12-14T06:00:00+01:00,16.852
2021-12-14T18:00:00+01:00,16.852
2021-12-15T06:00:00+01:00,16.85
2021-12-15T18:00:00+01:00,16.845
2021-12-16T06:00:00+01:00,16.837
2021-12-16T18:00:00+01:00,16.833
2021-12-17T06:00:00+01:00,16.83
2021-12-17T18:00:00+01:00,16.834
2021-12-18T06:00:00+01:00,16.837
2021-12-18T18:00:00+01:00,16.845
2021-12-19T06:00:00+01:00,16.856
2021-12-19T18:00:00+01:00,16.873
2021-12-20T06:00:00+01:00,16.876
2021-12-20T18:00:00+01:00,16.871
2021-12-21T06:00:00+01:00,16.869
2021-12-21T18:00:00+01:00,16.868
2021-12-22T06:00:00+01:00,16.868
2021-12-22T18:00:00+01:00,16.875
2021-12-23T06:00:00+01:00,16.893
2021-12-23T18:00:00+01:00,16.908
2021-12-24T06:00:00+01:00,16.902
2021-12-24T18:00:00+01:00,16.897
2021-12-25T06:00:00+01:00,16.879
2021-12-25T18:00:00+01:00,16.877
2021-12-26T06:00:00+01:00,16.883
2021-12-26T18:00:00+01:00,16.891
2021-12-27T06:00:00+01:00,16.897
2021-12-27T18:00:00+01:00,16.906
2021-12-28T06:00:00+01:00,16.911
2021-12-28T18:00:00+01:00,16.911
2021-12-29T06:00:00+01:00,16.888
2021-12-29T18:00:00+01:00,16.892
2021-12-30T06:00:00+01:00,16.896
2021-12-30T18:00:00+01:00,16.907
2021-12-31T06:00:00+01:00,16.922
2021-12-31T18:00:00+01:00,16.918
2022-01-01T06:00:00+01:00,16.916
2022-01-01T18:00:00+01:00,16.937
2022-01-02T06:00:00+01:00,16.962
2022-01-02T18:00:00+01:00,16.974
2022-01-03T06:00:00+01:00,16.968
2022-01-03T18:00:00+01:00,16.984
2022-01-04T06:00:00+01:00,17.001
2022-01-04T18:00:00+01:00,17.0
2022-01-05T06:00:00+01:00,16.981
2022-01-05T18:00:00+01:00,16.957
2022-01-06T06:00:00+01:00,16.939
2022-01-06T18:00:00+01:00,16.942
2022-01-07T06:00:00+01:00,16.968
2022-01-07T18:00:00+01:00,17.002
2022-01-08T06:00:00+01:00,16.985
2022-01-08T18:00:00+01:00,17.041
2022-01-09T06:00:00+01:00,17.053
2022-01-09T18:00:00+01:00,17.06
2022-01-10T06:00:00+01:00,17.045
2022-01-10T18:00:00+01:00,17.014
2022-01-11T06:00:00+01:00,17.011
2022-01-11T18:00:00+01:00,17.007
2022-01-12T06:00:00+01:00,17.006
2022-01-12T18:00:00+01:00,17.001
2022-01-13T06:00:00+01:00,17.004
2022-01-13T18:00:00+01:00,17.01
2022-01-14T06:00:00+01:00,17.025
2022-01-14T18:00:00+01:00,17.032
2022-01-15T06:00:00+01:00,17.047
2022-01-15T18:00:00+01:00,17.06
2022-01-16T06:00:00+01:00,17.058
2022-01-16T18:00:00+01:00,17.038
2022-01-17T06:00:00+01:00,17.02
2022-01-17T18:00:00+01:00,17.0
2022-01-18T06:00:00+01:00,16.991
2022-01-18T18:00:00+01:00,16.998
2022-01-19T06:00:00+01:00,17.018
2022-01-19T18:00:00+01:00,17.035
2022-01-20T06:00:00+01:00,17.015
2022-01-20T18:00:00+01:00,16.996
2022-01-21T06:00:00+01:00,16.982
2022-01-21T18:00:00+01:00,16.979
2022-01-22T06:00:00+01:00,16.979
2022-01-22T18:00:00+01:00,16.973
2022-01-23T06:00:00+01:00,16.974
2022-01-23T18:00:00+01:00,16.969
2022-01-24T06:00:00+01:00,16.969
2022-01-24T18:00:00+01:00,16.967
2022-01-25T06:00:00+01:00,16.965
2022-01-25T18:00:00+01:00,16.964
2022-01-26T06:00:00+01:00,16.969
2022-01-26T18:00:00+01:00,16.965
2022-01-27T06:00:00+01:00,16.98
2022-01-27T18:00:00+01:00,16.973
2022-01-28T06:00:00+01:00,16.949
2022-01-28T18:00:00+01:00,16.947
2022-01-29T06:00:00+01:00,16.958
2022-01-29T18:00:00+01:00,16.96
2022-01-30T06:00:00+01:00,16.945
2022-01-30T18:00:00+01:00,16.947
2022-01-31T06:00:00+01:00,16.993
2022-01-31T18:00:00+01:00,16.975
2022-02-01T06:00:00+01:00,16.975
2022-02-01T18:00:00+01:00,16.972
2022-02-02T06:00:00+01:00,16.965
2022-02-02T18:00:00+01:00,16.951
2022-02-03T06:00:00+01:00,16.961
2022-02-03T18:00:00+01:00,16.973
2022-02-04T06:00:00+01:00,16.985
2022-02-04T18:00:00+01:00,16.976
2022-02-05T06:00:00+01:00,16.954
2022-02-05T18:00:00+01:00,16.958
2022-02-06T06:00:00+01:00,16.99
2022-02-06T18:00:00+01:00,17.037
2022-02-07T06:00:00+01:00,17.035
2022-02-07T18:00:00+01:00,17.074
2022-02-08T06:00:00+01:00,17.08
2022-02-08T18:00:00+01:00,17.077
2022-02-09T06:00:00+01:00,17.093
2022-02-09T18:00:00+01:00,17.1
2022-02-10T06:00:00+01:00,17.116
2022-02-10T18:00:00+01:00,17.107
2022-02-11T06:00:00+01:00,17.095
2022-02-11T18:00:00+01:00,17.077
2022-02-12T06:00:00+01:00,17.082
2022-02-12T18:00:00+01:00,17.109
2022-02-13T06:00:00+01:00,17.134
2022-02-13T18:00:00+01:00,17.156
2022-02-14T06:00:00+01:00,17.171
2022-02-14T18:00:00+01:00,17.14
2022-02-15T06:00:00+01:00,17.111
2022-02-15T18:00:00+01:00,17.098
2022-02-16T06:00:00+01:00,17.136
2022-02-16T18:00:00+01:00,17.157
2022-02-17T06:00:00+01:00,17.148
2022-02-17T18:00:00+01:00,17.134
2022-02-18T06:00:00+01:00,17.158
2022-02-18T18:00:00+01:00,17.179
2022-02-19T06:00:00+01:00,17.15
2022-02-19T18:00:00+01:00,17.154
2022-02-20T06:00:00+01:00,17.175
2022-02-20T18:00:00+01:00,17.251
2022-02-21T06:00:00+01:00,17.27
2022-02-21T18:00:00+01:00,17.273
2022-02-22T06:00:00+01:00,17.313
2022-02-22T18:00:00+01:00,17.329
2022-02-23T06:00:00+01:00,17.32
2022-02-23T18:00:00+01:00,17.339
2022-02-24T06:00:00+01:00,17.373
2022-02-24T18:00:00+01:00,17.37
2022-02-25T06:00:00+01:00,17.352
2022-02-25T18:00:00+01:00,17.325
2022-02-26T06:00:00+01:00,17.311
2022-02-26T18:00:00+01:00,17.318
2022-02-27T06:00:00+01:00,17.331
2022-02-27T18:00:00+01:00,17.341
2022-02-28T06:00:00+01:00,17.335
2022-02-28T18:00:00+01:00,17.332
2022-03-01T06:00:00+01:00,17.338
2022-03-01T18:00:00+01:00,17.332
2022-03-02T06:00:00+01:00,17.334
2022-03-02T18:00:00+01:00,17.336
2022-03-03T06:00:00+01:00,17.335
2022-03-03T18:00:00+01:00,17.329
2022-03-04T06:00:00+01:00,17.313
2022-03-04T18:00:00+01:00,17.302
2022-03-05T06:00:00+01:00,17.291
2022-03-05T18:00:00+01:00,17.285
2022-03-06T06:00:00+01:00,17.265
2022-03-06T18:00:00+01:00,17.253
2022-03-07T06:00:00+01:00,17.25
2022-03-07T18:00:00+01:00,17.255
2022-03-08T06:00:00+01:00,17.257
2022-03-08T18:00:00+01:00,17.256
2022-03-09T06:00:00+01:00,17.243
2022-03-09T18:00:00+01:00,17.23
2022-03-10T06:00:00+01:00,17.223
2022-03-10T18:00:00+01:00,17.227
2022-03-11T06:00:00+01:00,17.233
2022-03-11T18:00:00+01:00,17.237
2022-03-13T06:00:00+01:00,17.207
2022-03-13T18:00:00+01:00,17.203
2022-03-14T06:00:00+01:00,17.175
2022-03-14T18:00:00+01:00,17.148
2022-03-15T06:00:00+01:00,17.149
2022-03-15T18:00:00+01:00,17.153
2022-03-16T06:00:00+01:00,17.152
2022-03-16T18:00:00+01:00,17.179
2022-03-17T06:00:00+01:00,17.155
2022-03-17T18:00:00+01:00,17.12
2022-03-18T06:00:00+01:00,17.102
2022-03-18T18:00:00+01:00,17.093
2022-03-19T06:00:00+01:00,17.094
2022-03-19T18:00:00+01:00,17.11
2022-03-20T06:00:00+01:00,17.142
2022-03-20T18:00:00+01:00,17.135
2022-03-21T06:00:00+01:00,17.124
2022-03-21T18:00:00+01:00,17.118
2022-03-22T06:00:00+01:00,17.108
2022-03-22T18:00:00+01:00,17.101
2022-03-23T06:00:00+01:00,17.094
2022-03-23T18:00:00+01:00,17.091
2022-03-24T06:00:00+01:00,17.083
2022-03-24T18:00:00+01:00,17.082
2022-03-25T06:00:00+01:00,17.075
2022-03-25T18:00:00+01:00,17.066
2022-03-26T06:00:00+01:00,17.056
2022-03-26T18:00:00+01:00,17.055
2022-03-27T07:00:00+02:00,17.05
2022-03-27T19:00:00+02:00,17.057
2022-03-28T07:00:00+02:00,17.071
2022-03-28T19:00:00+02:00,17.082
2022-03-29T07:00:00+02:00,17.093
2022-03-29T19:00:00+02:00,17.1
2022-03-30T07:00:00+02:00,17.104
2022-03-30T19:00:00+02:00,17.105
2022-03-31T07:00:00+02:00,17.101
2022-03-31T19:00:00+02:00,17.094
2022-04-01T07:00:00+02:00,17.075
2022-04-01T19:00:00+02:00,17.047
2022-04-02T07:00:00+02:00,17.026
2022-04-02T19:00:00+02:00,17.016
2022-04-03T07:00:00+02:00,17.003
2022-04-03T19:00:00+02:00,17.012
2022-04-04T07:00:00+02:00,17.037
2022-04-04T19:00:00+02:00,17.061
2022-04-05T07:00:00+02:00,17.065
2022-04-05T19:00:00+02:00,17.066
2022-04-06T07:00:00+02:00,17.074
2022-04-06T19:00:00+02:00,17.089
2022-04-07T07:00:00+02:00,17.123
2022-04-07T19:00:00+02:00,17.114
2022-04-08T07:00:00+02:00,17.089
2022-04-08T19:00:00+02:00,17.072
2022-04-09T07:00:00+02:00,17.036
2022-04-09T19:00:00+02:00,17.018
2022-04-10T07:00:00+02:00,16.995
2022-04-10T19:00:00+02:00,16.999
2022-04-11T07:00:00+02:00,17.01
2022-04-11T19:00:00+02:00,17.025
2022-04-12T07:00:00+02:00,17.041
2022-04-12T19:00:00+02:00,17.036
2022-04-13T07:00:00+02:00,17.021
2022-04-13T19:00:00+02:00,17.0
2022-04-14T07:00:00+02:00,16.99
2022-04-14T19:00:00+02:00,16.986
2022-04-15T07:00:00+02:00,16.962
2022-04-15T19:00:00+02:00,16.973
2022-04-16T07:00:00+02:00,16.956
2022-04-16T19:00:00+02:00,16.97
2022-04-17T07:00:00+02:00,16.977
2022-04-17T19:00:00+02:00,16.994
2022-04-18T07:00:00+02:00,17.006
2022-04-18T19:00:00+02:00,17.012
2022-04-19T07:00:00+02:00,17.011
2022-04-19T19:00:00+02:00,17.01
2022-04-20T07:00:00+02:00,16.992
2022-04-20T19:00:00+02:00,16.994
2022-04-21T07:00:00+02:00,16.991
2022-04-21T19:00:00+02:00,16.985
2022-04-22T07:00:00+02:00,16.987
2022-04-22T19:00:00+02:00,16.995
2022-04-23T07:00:00+02:00,16.991
2022-04-23T19:00:00+02:00,16.986
2022-04-24T07:00:00+02:00,16.98
2022-04-24T19:00:00+02:00,16.96
2022-04-25T07:00:00+02:00,16.943
2022-04-25T19:00:00+02:00,16.928
2022-04-26T07:00:00+02:00,16.916
2022-04-26T19:00:00+02:00,16.902
2022-04-27T07:00:00+02:00,16.88
2022-04-27T19:00:00+02:00,16.887
2022-04-28T07:00:00+02:00,16.873
2022-04-28T19:00:00+02:00,16.879
2022-04-29T07:00:00+02:00,16.877
2022-04-29T19:00:00+02:00,16.879
2022-04-30T07:00:00+02:00,16.876
2022-04-30T19:00:00+02:00,16.88
2022-05-01T07:00:00+02:00,16.881
2022-05-01T19:00:00+02:00,16.884
2022-05-02T07:00:00+02:00,16.885
2022-05-02T19:00:00+02:00,16.884
2022-05-03T07:00:00+02:00,16.871
2022-05-03T19:00:00+02:00,16.87
2022-05-04T07:00:00+02:00,16.864
2022-05-04T19:00:00+02:00,16.858
2022-05-05T07:00:00+02:00,16.846
2022-05-05T19:00:00+02:00,16.837
2022-05-06T07:00:00+02:00,16.822
2022-05-06T19:00:00+02:00,16.823
2022-05-07T07:00:00+02:00,16.821
2022-05-07T19:00:00+02:00,16.82
2022-05-08T07:00:00+02:00,16.804
2022-05-08T19:00:00+02:00,16.803
2022-05-09T07:00:00+02:00,16.8
2022-05-09T19:00:00+02:00,16.809
2022-05-10T07:00:00+02:00,16.812
2022-05-10T19:00:00+02:00,16.815
2022-05-11T07:00:00+02:00,16.815
2022-05-11T19:00:00+02:00,16.81
2022-05-12T07:00:00+02:00,16.783
2022-05-12T19:00:00+02:00,16.767
2022-05-13T07:00:00+02:00,16.759
2022-05-13T19:00:00+02:00,16.759
2022-05-14T07:00:00+02:00,16.751
2022-05-14T19:00:00+02:00,16.748
2022-05-15T07:00:00+02:00,16.751
2022-05-15T19:00:00+02:00,16.761
2022-05-16T07:00:00+02:00,16.759
2022-05-16T19:00:00+02:00,16.745
2022-05-17T07:00:00+02:00,16.725
2022-05-17T19:00:00+02:00,16.731
2022-05-18T07:00:00+02:00,16.723
2022-05-18T19:00:00+02:00,16.719
2022-05-19T07:00:00+02:00,16.733
2022-05-19T19:00:00+02:00,16.714
2022-05-20T07:00:00+02:00,16.73
2022-05-20T19:00:00+02:00,16.739
2022-05-21T07:00:00+02:00,16.741
2022-05-21T19:00:00+02:00,16.739
2022-05-22T07:00:00+02:00,16.745
2022-05-22T19:00:00+02:00,16.76
2022-05-23T07:00:00+02:00,16.781
2022-05-23T19:00:00+02:00,16.772
2022-05-24T07:00:00+02:00,16.776
2022-05-24T19:00:00+02:00,16.756
2022-05-25T07:00:00+02:00,16.741
2022-05-25T19:00:00+02:00,16.725
2022-05-26T07:00:00+02:00,16.718
2022-05-26T19:00:00+02:00,16.715
2022-05-27T07:00:00+02:00,16.717
2022-05-27T19:00:00+02:00,16.712
2022-05-28T07:00:00+02:00,16.709
2022-05-28T19:00:00+02:00,16.716
2022-05-29T07:00:00+02:00,16.725
2022-05-29T19:00:00+02:00,16.724
2022-05-30T07:00:00+02:00,16.73
2022-05-30T19:00:00+02:00,16.724
2022-05-31T07:00:00+02:00,16.721
2022-05-31T19:00:00+02:00,16.706
2022-06-01T07:00:00+02:00,16.71
2022-06-01T19:00:00+02:00,16.692
2022-06-02T07:00:00+02:00,16.689
2022-06-02T19:00:00+02:00,16.685
2022-06-03T07:00:00+02:00,16.688
2022-06-03T19:00:00+02:00,16.683
2022-06-04T07:00:00+02:00,16.669
2022-06-04T19:00:00+02:00,16.675
2022-06-05T07:00:00+02:00,16.685
2022-06-05T19:00:00+02:00,16.699
2022-06-06T07:00:00+02:00,16.769
2022-06-06T19:00:00+02:00,16.75
2022-06-07T07:00:00+02:00,16.739
2022-06-07T19:00:00+02:00,16.726
2022-06-08T07:00:00+02:00,16.738
2022-06-08T19:00:00+02:00,16.737
2022-06-09T07:00:00+02:00,16.726
2022-06-09T19:00:00+02:00,16.712
2022-06-10T07:00:00+02:00,16.709
2022-06-10T19:00:00+02:00,16.706
2022-06-11T07:00:00+02:00,16.711
2022-06-11T19:00:00+02:00,16.708
2022-06-12T07:00:00+02:00,16.713
2022-06-12T19:00:00+02:00,16.716
2022-06-13T07:00:00+02:00,16.714
2022-06-13T19:00:00+02:00,16.707
2022-06-14T07:00:00+02:00,16.7
2022-06-14T19:00:00+02:00,16.703
2022-06-15T07:00:00+02:00,16.703
2022-06-15T19:00:00+02:00,16.7
2022-06-16T07:00:00+02:00,16.686
2022-06-16T19:00:00+02:00,16.676
2022-06-17T07:00:00+02:00,16.673
2022-06-17T19:00:00+02:00,16.673
2022-06-18T07:00:00+02:00,16.672
2022-06-18T19:00:00+02:00,16.679
2022-06-19T07:00:00+02:00,16.662
2022-06-19T19:00:00+02:00,16.673
2022-06-20T07:00:00+02:00,16.66
2022-06-20T19:00:00+02:00,16.65
2022-06-21T07:00:00+02:00,16.639
2022-06-21T19:00:00+02:00,16.641
2022-06-22T07:00:00+02:00,16.631
2022-06-22T19:00:00+02:00,16.63
2022-06-23T07:00:00+02:00,16.623
2022-06-23T19:00:00+02:00,16.624
2022-06-24T07:00:00+02:00,16.643
2022-06-24T19:00:00+02:00,16.69
2022-06-25T07:00:00+02:00,16.696
2022-06-25T19:00:00+02:00,16.688
2022-06-26T07:00:00+02:00,16.689
2022-06-26T19:00:00+02:00,16.684
2022-06-27T07:00:00+02:00,16.671
2022-06-27T19:00:00+02:00,16.671
2022-06-28T07:00:00+02:00,16.665
2022-06-28T19:00:00+02:00,16.661
2022-06-29T07:00:00+02:00,16.675
2022-06-29T19:00:00+02:00,16.678
2022-06-30T07:00:00+02:00,16.666
2022-06-30T19:00:00+02:00,16.635
2022-07-01T07:00:00+02:00,16.674
2022-07-01T19:00:00+02:00,16.664
2022-07-02T07:00:00+02:00,16.654
2022-07-02T19:00:00+02:00,16.657
2022-07-03T07:00:00+02:00,16.657
2022-07-03T19:00:00+02:00,16.656
2022-07-04T07:00:00+02:00,16.651
2022-07-04T19:00:00+02:00,16.642
2022-07-05T07:00:00+02:00,16.628
2022-07-05T19:00:00+02:00,16.619
2022-07-06T07:00:00+02:00,16.607
2022-07-06T19:00:00+02:00,16.611
2022-07-07T07:00:00+02:00,16.607
2022-07-07T19:00:00+02:00,16.593
2022-07-08T07:00:00+02:00,16.578
2022-07-08T19:00:00+02:00,16.579
2022-07-09T07:00:00+02:00,16.584
2022-07-09T19:00:00+02:00,16.577
2022-07-10T07:00:00+02:00,16.579
2022-07-10T19:00:00+02:00,16.583
2022-07-11T07:00:00+02:00,16.575
2022-07-11T19:00:00+02:00,16.572
2022-07-12T07:00:00+02:00,16.556
2022-07-12T19:00:00+02:00,16.56
2022-07-13T07:00:00+02:00,16.562
2022-07-13T19:00:00+02:00,16.555
2022-07-14T07:00:00+02:00,16.551
2022-07-14T19:00:00+02:00,16.544
2022-07-15T07:00:00+02:00,16.538
2022-07-15T19:00:00+02:00,16.529
2022-07-16T07:00:00+02:00,16.52
2022-07-16T19:00:00+02:00,16.508
2022-07-17T07:00:00+02:00,16.498
2022-07-17T19:00:00+02:00,16.501
2022-07-18T07:00:00+02:00,16.504
2022-07-18T19:00:00+02:00,16.502
2022-07-19T07:00:00+02:00,16.497
2022-07-19T19:00:00+02:00,16.493
2022-07-20T07:00:00+02:00,16.469
2022-07-20T19:00:00+02:00,16.466
2022-07-21T07:00:00+02:00,16.46
2022-07-21T19:00:00+02:00,16.478
2022-07-22T07:00:00+02:00,16.497
2022-07-22T19:00:00+02:00,16.512
2022-07-23T07:00:00+02:00,16.504
2022-07-23T19:00:00+02:00,16.505
2022-07-24T07:00:00+02:00,16.496
2022-07-24T19:00:00+02:00,16.505
2022-07-25T07:00:00+02:00,16.501
2022-07-25T19:00:00+02:00,16.489
2022-07-26T07:00:00+02:00,16.468
2022-07-26T19:00:00+02:00,16.455
2022-07-27T07:00:00+02:00,16.451
2022-07-27T19:00:00+02:00,16.456
2022-07-28T07:00:00+02:00,16.452
2022-07-28T19:00:00+02:00,16.445
2022-07-29T07:00:00+02:00,16.441
2022-07-29T19:00:00+02:00,16.44
2022-07-30T07:00:00+02:00,16.442
2022-07-30T19:00:00+02:00,16.441
2022-07-31T07:00:00+02:00,16.442
2022-07-31T19:00:00+02:00,16.435
2022-08-01T07:00:00+02:00,16.431
2022-08-01T19:00:00+02:00,16.421
2022-08-02T07:00:00+02:00,16.419
2022-08-02T19:00:00+02:00,16.411
2022-08-03T07:00:00+02:00,16.405
2022-08-03T19:00:00+02:00,16.396
2022-08-04T07:00:00+02:00,16.392
2022-08-04T19:00:00+02:00,16.378
2022-08-05T07:00:00+02:00,16.371
2022-08-05T19:00:00+02:00,16.37
2022-08-06T07:00:00+02:00,16.366
2022-08-06T19:00:00+02:00,16.372
2022-08-07T07:00:00+02:00,16.37
2022-08-07T19:00:00+02:00,16.372
2022-08-08T07:00:00+02:00,16.36
2022-08-08T19:00:00+02:00,16.35
2022-08-09T07:00:00+02:00,16.343
2022-08-09T19:00:00+02:00,16.33
2022-08-10T07:00:00+02:00,16.326
2022-08-10T19:00:00+02:00,16.328
2022-08-11T07:00:00+02:00,16.321
2022-08-11T19:00:00+02:00,16.317
2022-08-12T07:00:00+02:00,16.312
2022-08-12T19:00:00+02:00,16.305
2022-08-13T07:00:00+02:00,16.298
2022-08-13T19:00:00+02:00,16.297
2022-08-14T07:00:00+02:00,16.301
2022-08-14T19:00:00+02:00,16.302
2022-08-15T07:00:00+02:00,16.296
2022-08-15T19:00:00+02:00,16.289
2022-08-16T07:00:00+02:00,16.279
2022-08-16T19:00:00+02:00,16.27
2022-08-17T07:00:00+02:00,16.263
2022-08-17T19:00:00+02:00,16.267
2022-08-18T07:00:00+02:00,16.302
2022-08-18T19:00:00+02:00,16.316
2022-08-19T07:00:00+02:00,16.312
2022-08-19T19:00:00+02:00,16.308
2022-08-20T07:00:00+02:00,16.297
2022-08-20T19:00:00+02:00,16.29
2022-08-21T07:00:00+02:00,16.286
2022-08-21T19:00:00+02:00,16.279
2022-08-22T07:00:00+02:00,16.274
2022-08-22T19:00:00+02:00,16.273
2022-08-23T07:00:00+02:00,16.26
2022-08-23T19:00:00+02:00,16.252
2022-08-24T07:00:00+02:00,16.246
2022-08-24T19:00:00+02:00,16.237
2022-08-25T07:00:00+02:00,16.233
2022-08-25T19:00:00+02:00,16.232
2022-08-26T07:00:00+02:00,16.221
2022-08-26T19:00:00+02:00,16.213
2022-08-27T07:00:00+02:00,16.209
2022-08-27T19:00:00+02:00,16.207
2022-08-28T07:00:00+02:00,16.199
2022-08-28T19:00:00+02:00,16.194
2022-08-29T07:00:00+02:00,16.187
2022-08-29T19:00:00+02:00,16.187
2022-08-30T07:00:00+02:00,16.177
2022-08-30T19:00:00+02:00,16.172
2022-08-31T07:00:00+02:00,16.166
2022-08-31T19:00:00+02:00,16.159
2022-09-01T07:00:00+02:00,16.161
2022-09-01T19:00:00+02:00,16.157
2022-09-02T07:00:00+02:00,16.159
2022-09-02T19:00:00+02:00,16.156
2022-09-03T07:00:00+02:00,16.153
2022-09-03T19:00:00+02:00,16.142
2022-09-04T07:00:00+02:00,16.131
2022-09-04T19:00:00+02:00,16.127
2022-09-05T07:00:00+02:00,16.128
2022-09-05T19:00:00+02:00,16.123
2022-09-06T07:00:00+02:00,16.126
2022-09-06T19:00:00+02:00,16.131
2022-09-07T07:00:00+02:00,16.136
2022-09-07T19:00:00+02:00,16.167
2022-09-08T07:00:00+02:00,16.182
2022-09-08T19:00:00+02:00,16.194
2022-09-09T07:00:00+02:00,16.21
2022-09-09T19:00:00+02:00,16.237
2022-09-10T07:00:00+02:00,16.227
2022-09-10T19:00:00+02:00,16.236
2022-09-11T07:00:00+02:00,16.249
2022-09-11T19:00:00+02:00,16.265
2022-09-12T07:00:00+02:00,16.269
2022-09-12T19:00:00+02:00,16.274
2022-09-14T07:00:00+02:00,16.269
2022-09-14T19:00:00+02:00,16.277
2022-09-15T07:00:00+02:00,16.282
2022-09-15T19:00:00+02:00,16.277
2022-09-16T07:00:00+02:00,16.277
2022-09-16T19:00:00+02:00,16.271
2022-09-17T07:00:00+02:00,16.27
2022-09-17T19:00:00+02:00,16.263
2022-09-18T07:00:00+02:00,16.269
2022-09-18T19:00:00+02:00,16.276
2022-09-19T07:00:00+02:00,16.3
2022-09-19T19:00:00+02:00,16.292
2022-09-20T07:00:00+02:00,16.288
2022-09-20T19:00:00+02:00,16.281
2022-09-21T07:00:00+02:00,16.277
2022-09-21T19:00:00+02:00,16.272
2022-09-22T07:00:00+02:00,16.271
2022-09-22T19:00:00+02:00,16.275
2022-09-23T07:00:00+02:00,16.276
2022-09-23T19:00:00+02:00,16.278
2022-09-24T07:00:00+02:00,16.278
2022-09-24T19:00:00+02:00,16.278
2022-09-25T07:00:00+02:00,16.277
2022-09-25T19:00:00+02:00,16.28
2022-09-26T07:00:00+02:00,16.298
2022-09-26T19:00:00+02:00,16.303
2022-09-27T07:00:00+02:00,16.309
2022-09-27T19:00:00+02:00,16.344
2022-09-28T07:00:00+02:00,16.336
2022-09-28T19:00:00+02:00,16.336
2022-09-29T07:00:00+02:00,16.325
2022-09-29T19:00:00+02:00,16.325
2022-09-30T07:00:00+02:00,16.303
2022-09-30T19:00:00+02:00,16.32
2022-10-01T07:00:00+02:00,16.326
2022-10-01T19:00:00+02:00,16.325
2022-10-02T07:00:00+02:00,16.333
2022-10-02T19:00:00+02:00,16.323
2022-10-03T07:00:00+02:00,16.327
2022-10-03T19:00:00+02:00,16.336
2022-10-04T07:00:00+02:00,16.345
2022-10-04T19:00:00+02:00,16.345
2022-10-05T07:00:00+02:00,16.357
2022-10-05T19:00:00+02:00,16.346
2022-10-06T07:00:00+02:00,16.322
2022-10-06T19:00:00+02:00,16.317
2022-10-07T07:00:00+02:00,16.324
2022-10-07T19:00:00+02:00,16.33
2022-10-08T07:00:00+02:00,16.332
2022-10-08T19:00:00+02:00,16.316
2022-10-09T07:00:00+02:00,16.318
2022-10-09T19:00:00+02:00,16.328
2022-10-10T07:00:00+02:00,16.337
2022-10-10T19:00:00+02:00,16.311
2022-10-11T07:00:00+02:00,16.296
2022-10-11T19:00:00+02:00,16.289
2022-10-12T07:00:00+02:00,16.297
2022-10-12T19:00:00+02:00,16.295
2022-10-13T07:00:00+02:00,16.292
2022-10-13T19:00:00+02:00,16.285
2022-10-14T07:00:00+02:00,16.3
2022-10-14T19:00:00+02:00,16.296
2022-10-15T07:00:00+02:00,16.298
2022-10-15T19:00:00+02:00,16.29
2022-10-16T07:00:00+02:00,16.276
2022-10-16T19:00:00+02:00,16.27
2022-10-17T07:00:00+02:00,16.267
2022-10-17T19:00:00+02:00,16.256
2022-10-18T07:00:00+02:00,16.254
2022-10-18T19:00:00+02:00,16.249
2022-10-19T07:00:00+02:00,16.26
2022-10-19T19:00:00+02:00,16.267
2022-10-20T07:00:00+02:00,16.283
2022-10-20T19:00:00+02:00,16.296
2022-10-21T07:00:00+02:00,16.305
2022-10-21T19:00:00+02:00,16.287
2022-10-22T07:00:00+02:00,16.283
2022-10-22T19:00:00+02:00,16.274
2022-10-23T07:00:00+02:00,16.283
2022-10-23T19:00:00+02:00,16.293
2022-10-24T07:00:00+02:00,16.297
2022-10-24T19:00:00+02:00,16.286
2022-10-25T07:00:00+02:00,16.279
2022-10-25T19:00:00+02:00,16.281
2022-10-26T07:00:00+02:00,16.286
2022-10-26T19:00:00+02:00,16.274
2022-10-27T07:00:00+02:00,16.274
2022-10-27T19:00:00+02:00,16.281
2022-10-28T07:00:00+02:00,16.282
2022-10-28T19:00:00+02:00,16.27
2022-10-29T07:00:00+02:00,16.275
2022-10-29T19:00:00+02:00,16.275
2022-10-30T06:00:00+01:00,16.275
2022-10-30T18:00:00+01:00,16.268
2022-10-31T06:00:00+01:00,16.27
2022-10-31T18:00:00+01:00,16.277
2022-11-01T06:00:00+01:00,16.275
2022-11-01T18:00:00+01:00,16.264
2022-11-02T06:00:00+01:00,16.253
2022-11-02T18:00:00+01:00,16.249
2022-11-03T06:00:00+01:00,16.268
2022-11-03T18:00:00+01:00,16.282
2022-11-04T06:00:00+01:00,16.269
2022-11-04T18:00:00+01:00,16.251
2022-11-05T06:00:00+01:00,16.24
2022-11-05T18:00:00+01:00,16.242
2022-11-06T06:00:00+01:00,16.253
2022-11-06T18:00:00+01:00,16.261
2022-11-07T06:00:00+01:00,16.265
2022-11-07T18:00:00+01:00,16.258
2022-11-08T06:00:00+01:00,16.264
2022-11-08T18:00:00+01:00,16.266
2022-11-09T06:00:00+01:00,16.263
2022-11-09T18:00:00+01:00,16.236
2022-11-10T06:00:00+01:00,16.221
2022-11-10T18:00:00+01:00,16.213
2022-11-11T06:00:00+01:00,16.21
2022-11-11T18:00:00+01:00,16.211
2022-11-12T06:00:00+01:00,16.213
2022-11-12T18:00:00+01:00,16.221
2022-11-13T06:00:00+01:00,16.225
2022-11-13T18:00:00+01:00,16.236
2022-11-14T06:00:00+01:00,16.247
2022-11-14T18:00:00+01:00,16.246
2022-11-15T06:00:00+01:00,16.241
2022-11-15T18:00:00+01:00,16.248
2022-11-16T06:00:00+01:00,16.253
2022-11-16T18:00:00+01:00,16.263
2022-11-17T06:00:00+01:00,16.287
2022-11-17T18:00:00+01:00,16.299
2022-11-18T06:00:00+01:00,16.287
2022-11-18T18:00:00+01:00,16.278
2022-11-19T06:00:00+01:00,16.268
2022-11-19T18:00:00+01:00,16.269
2022-11-20T06:00:00+01:00,16.28
2022-11-20T18:00:00+01:00,16.302
2022-11-21T06:00:00+01:00,16.32
2022-11-21T18:00:00+01:00,16.336
2022-11-22T06:00:00+01:00,16.347
2022-11-22T18:00:00+01:00,16.343
2022-11-23T06:00:00+01:00,16.341
2022-11-23T18:00:00+01:00,16.334
2022-11-24T06:00:00+01:00,16.328
2022-11-24T18:00:00+01:00,16.324
2022-11-25T06:00:00+01:00,16.325
2022-11-25T18:00:00+01:00,16.308
2022-11-26T06:00:00+01:00,16.302
2022-11-26T18:00:00+01:00,16.317
2022-11-27T06:00:00+01:00,16.333
2022-11-27T18:00:00+01:00,16.352
2022-11-28T06:00:00+01:00,16.364
2022-11-28T18:00:00+01:00,16.365
2022-11-29T06:00:00+01:00,16.359
2022-11-29T18:00:00+01:00,16.358
2022-11-30T06:00:00+01:00,16.358
2022-11-30T18:00:00+01:00,16.359
2022-12-01T06:00:00+01:00,16.36
2022-12-01T18:00:00+01:00,16.363
2022-12-02T06:00:00+01:00,16.373
2022-12-02T18:00:00+01:00,16.372
2022-12-03T06:00:00+01:00,16.376
2022-12-03T18:00:00+01:00,16.382
2022-12-04T06:00:00+01:00,16.383
2022-12-04T18:00:00+01:00,16.377
2022-12-05T06:00:00+01:00,16.374
2022-12-05T18:00:00+01:00,16.368
2022-12-06T06:00:00+01:00,16.367
2022-12-06T18:00:00+01:00,16.369
2022-12-07T06:00:00+01:00,16.373
2022-12-07T18:00:00+01:00,16.375
2022-12-08T06:00:00+01:00,16.383
2022-12-08T18:00:00+01:00,16.383
2022-12-09T06:00:00+01:00,16.381
2022-12-09T18:00:00+01:00,16.374
2022-12-10T06:00:00+01:00,16.372
2022-12-10T18:00:00+01:00,16.367
2022-12-11T06:00:00+01:00,16.369
2022-12-11T18:00:00+01:00,16.374
2022-12-12T06:00:00+01:00,16.369
2022-12-12T18:00:00+01:00,16.363
2022-12-13T06:00:00+01:00,16.363
2022-12-13T18:00:00+01:00,16.367
2022-12-14T06:00:00+01:00,16.378
2022-12-14T18:00:00+01:00,16.368
2022-12-15T06:00:00+01:00,16.354
2022-12-15T18:00:00+01:00,16.345
2022-12-16T06:00:00+01:00,16.338
2022-12-16T18:00:00+01:00,16.33
2022-12-17T06:00:00+01:00,16.318
2022-12-17T18:00:00+01:00,16.314
2022-12-18T06:00:00+01:00,16.319
2022-12-18T18:00:00+01:00,16.329
2022-12-19T06:00:00+01:00,16.343
2022-12-19T18:00:00+01:00,16.355
2022-12-20T06:00:00+01:00,16.361
2022-12-20T18:00:00+01:00,16.364
2022-12-21T06:00:00+01:00,16.378
2022-12-21T18:00:00+01:00,16.399
2022-12-22T06:00:00+01:00,16.406
2022-12-22T18:00:00+01:00,16.43
2022-12-23T06:00:00+01:00,16.439
2022-12-23T18:00:00+01:00,16.456
2022-12-24T06:00:00+01:00,16.523
2022-12-24T18:00:00+01:00,16.526
2022-12-25T06:00:00+01:00,16.528
2022-12-25T18:00:00+01:00,16.537
2022-12-26T06:00:00+01:00,16.563
2022-12-26T18:00:00+01:00,16.566
2022-12-27T06:00:00+01:00,16.565
2022-12-27T18:00:00+01:00,16.578
2022-12-28T06:00:00+01:00,16.596
2022-12-28T18:00:00+01:00,16.617
2022-12-29T06:00:00+01:00,16.622
2022-12-29T18:00:00+01:00,16.614
2022-12-30T06:00:00+01:00,16.621
2022-12-30T18:00:00+01:00,16.638
2022-12-31T06:00:00+01:00,16.649
2022-12-31T18:00:00+01:00,16.759
2023-01-01T06:00:00+01:00,16.751
2023-01-01T18:00:00+01:00,16.75
2023-01-02T06:00:00+01:00,16.752
2023-01-02T18:00:00+01:00,16.738
2023-01-03T06:00:00+01:00,16.743
2023-01-03T18:00:00+01:00,16.76
2023-01-04T06:00:00+01:00,16.784
2023-01-04T18:00:00+01:00,16.782
2023-01-05T06:00:00+01:00,16.786
2023-01-05T18:00:00+01:00,16.79
2023-01-06T06:00:00+01:00,16.803
2023-01-06T18:00:00+01:00,16.81
2023-01-07T06:00:00+01:00,16.816
2023-01-07T18:00:00+01:00,16.841
2023-01-08T06:00:00+01:00,16.84
2023-01-08T18:00:00+01:00,16.854
2023-01-09T06:00:00+01:00,16.857
2023-01-09T18:00:00+01:00,16.819
2023-01-10T06:00:00+01:00,16.787
2023-01-10T18:00:00+01:00,16.811
2023-01-11T06:00:00+01:00,16.835
2023-01-11T18:00:00+01:00,16.88
2023-01-12T06:00:00+01:00,16.985
2023-01-12T18:00:00+01:00,17.046
2023-01-13T06:00:00+01:00,17.103
2023-01-13T18:00:00+01:00,17.102
2023-01-14T06:00:00+01:00,17.103
2023-01-14T18:00:00+01:00,17.13
2023-01-15T06:00:00+01:00,17.17
2023-01-15T18:00:00+01:00,17.176
2023-01-16T06:00:00+01:00,17.211
2023-01-16T18:00:00+01:00,17.222
2023-01-17T06:00:00+01:00,17.204
2023-01-17T18:00:00+01:00,17.192
2023-01-18T06:00:00+01:00,17.173
2023-01-18T18:00:00+01:00,17.153
2023-01-19T06:00:00+01:00,17.135
2023-01-19T18:00:00+01:00,17.12
2023-01-20T06:00:00+01:00,17.116
2023-01-20T18:00:00+01:00,17.116
2023-01-21T06:00:00+01:00,17.102
2023-01-21T18:00:00+01:00,17.106
2023-01-22T06:00:00+01:00,17.124
2023-01-22T18:00:00+01:00,17.136
2023-01-23T06:00:00+01:00,17.136
2023-01-23T18:00:00+01:00,17.136
2023-01-24T06:00:00+01:00,17.153
2023-01-24T18:00:00+01:00,17.169
2023-01-25T06:00:00+01:00,17.182
2023-01-25T18:00:00+01:00,17.21
2023-01-26T06:00:00+01:00,17.21
2023-01-26T18:00:00+01:00,17.206
2023-01-27T06:00:00+01:00,17.184
2023-01-27T18:00:00+01:00,17.172
2023-01-28T06:00:00+01:00,17.159
2023-01-28T18:00:00+01:00,17.15
2023-01-29T06:00:00+01:00,17.153
2023-01-29T18:00:00+01:00,17.168
2023-01-30T06:00:00+01:00,17.179
2023-01-30T18:00:00+01:00,17.151
2023-01-31T06:00:00+01:00,17.141
2023-01-31T18:00:00+01:00,17.14
2023-02-01T06:00:00+01:00,17.132
2023-02-01T18:00:00+01:00,17.124
2023-02-02T06:00:00+01:00,17.112
2023-02-02T18:00:00+01:00,17.096
2023-02-03T06:00:00+01:00,17.089
2023-02-03T18:00:00+01:00,17.074
2023-02-04T06:00:00+01:00,17.062
2023-02-04T18:00:00+01:00,17.051
2023-02-05T06:00:00+01:00,17.054
2023-02-05T18:00:00+01:00,17.043
2023-02-06T06:00:00+01:00,17.035
2023-02-06T18:00:00+01:00,17.044
2023-02-07T06:00:00+01:00,17.049
2023-02-07T18:00:00+01:00,17.053
2023-02-08T06:00:00+01:00,17.054
2023-02-08T18:00:00+01:00,17.062
2023-02-09T06:00:00+01:00,17.062
2023-02-09T18:00:00+01:00,17.055
2023-02-10T06:00:00+01:00,17.039
2023-02-10T18:00:00+01:00,17.037
2023-02-11T06:00:00+01:00,17.037
2023-02-11T18:00:00+01:00,17.023
2023-02-12T06:00:00+01:00,17.016
2023-02-12T18:00:00+01:00,17.013
2023-02-13T06:00:00+01:00,17.017
2023-02-13T18:00:00+01:00,17.017
2023-02-14T06:00:00+01:00,17.021
2023-02-14T18:00:00+01:00,17.016
2023-02-15T06:00:00+01:00,17.027
2023-02-15T18:00:00+01:00,17.031
2023-02-16T06:00:00+01:00,17.028
2023-02-16T18:00:00+01:00,17.025
2023-02-17T06:00:00+01:00,17.025
2023-02-17T18:00:00+01:00,17.007
2023-02-18T06:00:00+01:00,17.004
2023-02-18T18:00:00+01:00,17.003
2023-02-19T06:00:00+01:00,16.99
2023-02-19T18:00:00+01:00,16.976
2023-02-20T06:00:00+01:00,16.976
2023-02-20T18:00:00+01:00,16.98
2023-02-21T06:00:00+01:00,16.982
2023-02-21T18:00:00+01:00,16.986
2023-02-22T06:00:00+01:00,17.003
2023-02-22T18:00:00+01:00,16.997
2023-02-23T06:00:00+01:00,16.986
2023-02-23T18:00:00+01:00,16.973
2023-02-24T06:00:00+01:00,16.977
2023-02-24T18:00:00+01:00,16.988
2023-02-25T06:00:00+01:00,16.987
2023-02-25T18:00:00+01:00,16.959
2023-02-26T06:00:00+01:00,16.937
2023-02-26T18:00:00+01:00,16.922
2023-02-27T06:00:00+01:00,16.915
2023-02-27T18:00:00+01:00,16.909
2023-02-28T06:00:00+01:00,16.908
2023-02-28T18:00:00+01:00,16.905
2023-03-01T06:00:00+01:00,16.918
2023-03-01T18:00:00+01:00,16.924
2023-03-02T06:00:00+01:00,16.933
2023-03-02T18:00:00+01:00,16.918
2023-03-03T06:00:00+01:00,16.916
2023-03-03T18:00:00+01:00,16.898
2023-03-04T06:00:00+01:00,16.901
2023-03-04T18:00:00+01:00,16.902
2023-03-05T06:00:00+01:00,16.918
2023-03-05T18:00:00+01:00,16.934
2023-03-06T06:00:00+01:00,16.954
2023-03-06T18:00:00+01:00,16.958
2023-03-07T06:00:00+01:00,16.977
2023-03-07T18:00:00+01:00,16.973
2023-03-08T06:00:00+01:00,16.986
2023-03-08T18:00:00+01:00,17.0
2023-03-09T06:00:00+01:00,17.013
2023-03-09T18:00:00+01:00,17.039
2023-03-10T06:00:00+01:00,17.131
2023-03-10T18:00:00+01:00,17.142
2023-03-11T06:00:00+01:00,17.202
2023-03-11T18:00:00+01:00,17.209
2023-03-12T06:00:00+01:00,17.234
2023-03-12T18:00:00+01:00,17.237
2023-03-13T06:00:00+01:00,17.27
2023-03-13T12:00:00+01:00,17.305
2023-03-15T00:00:00+01:00,17.244
2023-03-15T12:00:00+01:00,17.229
2023-03-16T00:00:00+01:00,17.24
2023-03-16T12:00:00+01:00,17.269
2023-03-17T00:00:00+01:00,17.28
2023-03-17T12:00:00+01:00,17.293
2023-03-18T00:00:00+01:00,17.285
2023-03-18T12:00:00+01:00,17.268
2023-03-19T00:00:00+01:00,17.267
2023-03-19T12:00:00+01:00,17.256
2023-03-20T00:00:00+01:00,17.232
2023-03-20T12:00:00+01:00,17.239
2023-03-21T00:00:00+01:00,17.241
2023-03-21T12:00:00+01:00,17.254
2023-03-22T00:00:00+01:00,17.261
2023-03-22T12:00:00+01:00,17.271
2023-03-23T00:00:00+01:00,17.277
2023-03-23T12:00:00+01:00,17.272
2023-03-24T00:00:00+01:00,17.283
2023-03-24T12:00:00+01:00,17.272
2023-03-25T00:00:00+01:00,17.277
2023-03-25T12:00:00+01:00,17.284
2023-03-26T00:00:00+01:00,17.282
2023-03-26T13:00:00+02:00,17.309
2023-03-27T01:00:00+02:00,17.337
2023-03-27T13:00:00+02:00,17.325
2023-03-28T01:00:00+02:00,17.318
2023-03-28T13:00:00+02:00,17.342
2023-03-29T01:00:00+02:00,17.36
2023-03-29T13:00:00+02:00,17.376
2023-03-30T01:00:00+02:00,17.386
2023-03-30T13:00:00+02:00,17.386
2023-03-31T01:00:00+02:00,17.386
2023-03-31T13:00:00+02:00,17.417
2023-04-01T01:00:00+02:00,17.428
2023-04-01T13:00:00+02:00,17.429
2023-04-02T01:00:00+02:00,17.434
2023-04-02T13:00:00+02:00,17.444
2023-04-03T01:00:00+02:00,17.438
2023-04-03T13:00:00+02:00,17.445
2023-04-04T01:00:00+02:00,17.456
2023-04-04T13:00:00+02:00,17.475
2023-04-05T01:00:00+02:00,17.472
2023-04-05T13:00:00+02:00,17.491
2023-04-06T01:00:00+02:00,17.484
2023-04-06T13:00:00+02:00,17.486
2023-04-07T01:00:00+02:00,17.479
2023-04-07T13:00:00+02:00,17.471
2023-04-08T01:00:00+02:00,17.451
2023-04-08T13:00:00+02:00,17.444
2023-04-09T01:00:00+02:00,17.44
2023-04-09T13:00:00+02:00,17.446
2023-04-10T01:00:00+02:00,17.455
2023-04-10T13:00:00+02:00,17.476
2023-04-11T01:00:00+02:00,17.482
2023-04-11T13:00:00+02:00,17.467
2023-04-12T01:00:00+02:00,17.478
2023-04-12T13:00:00+02:00,17.504
2023-04-13T01:00:00+02:00,17.517
2023-04-13T13:00:00+02:00,17.502
2023-04-14T01:00:00+02:00,17.477
2023-04-14T13:00:00+02:00,17.479
2023-04-15T01:00:00+02:00,17.475
2023-04-15T13:00:00+02:00,17.464
2023-04-16T01:00:00+02:00,17.43
2023-04-16T13:00:00+02:00,17.416
2023-04-17T01:00:00+02:00,17.407
2023-04-17T13:00:00+02:00,17.412
2023-04-18T01:00:00+02:00,17.409
2023-04-18T13:00:00+02:00,17.407
2023-04-19T01:00:00+02:00,17.402
2023-04-19T13:00:00+02:00,17.405
2023-04-20T01:00:00+02:00,17.405
2023-04-20T13:00:00+02:00,17.418
2023-04-21T01:00:00+02:00,17.415
2023-04-21T13:00:00+02:00,17.422
2023-04-22T01:00:00+02:00,17.425
2023-04-22T13:00:00+02:00,17.423
2023-04-23T01:00:00+02:00,17.419
2023-04-23T13:00:00+02:00,17.428
2023-04-24T01:00:00+02:00,17.438
2023-04-24T13:00:00+02:00,17.424
2023-04-26T01:00:00+02:00,17.413
2023-04-26T13:00:00+02:00,17.425
2023-04-27T01:00:00+02:00,17.417
2023-04-27T13:00:00+02:00,17.428
2023-04-28T01:00:00+02:00,17.445
2023-04-28T13:00:00+02:00,17.455
2023-04-29T01:00:00+02:00,17.437
2023-04-29T13:00:00+02:00,17.412
2023-04-30T01:00:00+02:00,17.397
2023-04-30T13:00:00+02:00,17.401
2023-05-01T01:00:00+02:00,17.414
2023-05-01T13:00:00+02:00,17.403
2023-05-02T01:00:00+02:00,17.381
2023-05-02T13:00:00+02:00,17.371
2023-05-03T01:00:00+02:00,17.346
2023-05-03T13:00:00+02:00,17.359
2023-05-04T01:00:00+02:00,17.366
2023-05-04T13:00:00+02:00,17.367
2023-05-05T01:00:00+02:00,17.375
2023-05-05T13:00:00+02:00,17.364
2023-05-06T01:00:00+02:00,17.356
2023-05-06T13:00:00+02:00,17.349
2023-05-07T01:00:00+02:00,17.34
2023-05-07T13:00:00+02:00,17.338
2023-05-08T01:00:00+02:00,17.346
2023-05-08T13:00:00+02:00,17.343
2023-05-09T01:00:00+02:00,17.34
2023-05-09T13:00:00+02:00,17.352
2023-05-10T01:00:00+02:00,17.375
2023-05-10T13:00:00+02:00,17.389
2023-05-11T01:00:00+02:00,17.421
2023-05-11T13:00:00+02:00,17.465
2023-05-12T01:00:00+02:00,17.486
2023-05-12T13:00:00+02:00,17.495
2023-05-13T01:00:00+02:00,17.501
2023-05-13T13:00:00+02:00,17.511
2023-05-14T01:00:00+02:00,17.512
2023-05-14T13:00:00+02:00,17.52
2023-05-15T01:00:00+02:00,17.516
2023-05-15T13:00:00+02:00,17.512
2023-05-16T01:00:00+02:00,17.491
2023-05-16T13:00:00+02:00,17.472
2023-05-17T01:00:00+02:00,17.453
2023-05-17T13:00:00+02:00,17.44
2023-05-18T01:00:00+02:00,17.425
2023-05-18T13:00:00+02:00,17.419
2023-05-19T01:00:00+02:00,17.413
2023-05-19T13:00:00+02:00,17.41
2023-05-20T01:00:00+02:00,17.4
2023-05-20T13:00:00+02:00,17.398
2023-05-21T01:00:00+02:00,17.396
2023-05-21T13:00:00+02:00,17.393
2023-05-22T01:00:00+02:00,17.382
2023-05-22T13:00:00+02:00,17.374
2023-05-23T01:00:00+02:00,17.351
2023-05-23T13:00:00+02:00,17.326
2023-05-24T01:00:00+02:00,17.305
2023-05-24T13:00:00+02:00,17.297
2023-05-25T01:00:00+02:00,17.286
2023-05-25T13:00:00+02:00,17.277
2023-05-26T01:00:00+02:00,17.259
2023-05-26T13:00:00+02:00,17.253
2023-05-27T01:00:00+02:00,17.244
2023-05-27T13:00:00+02:00,17.254
2023-05-28T01:00:00+02:00,17.259
2023-05-28T13:00:00+02:00,17.255
2023-05-29T01:00:00+02:00,17.234
2023-05-29T13:00:00+02:00,17.224
2023-05-30T01:00:00+02:00,17.203
2023-05-30T13:00:00+02:00,17.201
2023-05-31T01:00:00+02:00,17.192
2023-05-31T13:00:00+02:00,17.19
2023-06-01T01:00:00+02:00,17.181
2023-06-01T13:00:00+02:00,17.182
2023-06-02T01:00:00+02:00,17.168
2023-06-02T13:00:00+02:00,17.163
2023-06-03T01:00:00+02:00,17.153
2023-06-03T13:00:00+02:00,17.143
2023-06-04T01:00:00+02:00,17.137
2023-06-04T13:00:00+02:00,17.129
2023-06-05T01:00:00+02:00,17.117
2023-06-05T13:00:00+02:00,17.116
2023-06-06T01:00:00+02:00,17.104
2023-06-06T13:00:00+02:00,17.101
2023-06-07T01:00:00+02:00,17.088
2023-06-07T13:00:00+02:00,17.084
2023-06-08T01:00:00+02:00,17.077
2023-06-08T13:00:00+02:00,17.08
2023-06-09T01:00:00+02:00,17.071
2023-06-09T13:00:00+02:00,17.068
2023-06-10T01:00:00+02:00,17.051
2023-06-10T13:00:00+02:00,17.045
2023-06-11T01:00:00+02:00,17.032
2023-06-11T13:00:00+02:00,17.027
2023-06-12T01:00:00+02:00,17.011
2023-06-12T13:00:00+02:00,17.008
2023-06-13T01:00:00+02:00,16.992
2023-06-13T13:00:00+02:00,16.988
2023-06-14T01:00:00+02:00,16.97
2023-06-14T13:00:00+02:00,16.96
2023-06-15T01:00:00+02:00,16.938
2023-06-15T13:00:00+02:00,16.935
2023-06-16T01:00:00+02:00,16.923
2023-06-16T13:00:00+02:00,16.92
2023-06-17T01:00:00+02:00,16.909
2023-06-17T13:00:00+02:00,16.912
2023-06-18T01:00:00+02:00,16.904
2023-06-18T13:00:00+02:00,16.905
2023-06-19T01:00:00+02:00,16.899
2023-06-19T13:00:00+02:00,16.894
2023-06-20T01:00:00+02:00,16.873
2023-06-20T13:00:00+02:00,16.877
2023-06-21T01:00:00+02:00,16.859
2023-06-21T13:00:00+02:00,16.846
2023-06-22T01:00:00+02:00,16.83
2023-06-22T13:00:00+02:00,16.838
2023-06-23T01:00:00+02:00,16.852
2023-06-23T13:00:00+02:00,16.844
2023-06-24T01:00:00+02:00,16.839
2023-06-24T13:00:00+02:00,16.845
2023-06-25T01:00:00+02:00,16.852
2023-06-25T13:00:00+02:00,16.862
2023-06-26T01:00:00+02:00,16.859
2023-06-26T13:00:00+02:00,16.839
2023-06-27T01:00:00+02:00,16.819
2023-06-27T13:00:00+02:00,16.814
2023-06-28T01:00:00+02:00,16.812
2023-06-28T13:00:00+02:00,16.812
2023-06-29T01:00:00+02:00,16.806
2023-06-29T13:00:00+02:00,16.816
2023-06-30T01:00:00+02:00,16.805
2023-06-30T13:00:00+02:00,16.806
2023-07-01T01:00:00+02:00,16.811
2023-07-01T13:00:00+02:00,16.82
2023-07-02T01:00:00+02:00,16.812
2023-07-02T13:00:00+02:00,16.794
2023-07-03T01:00:00+02:00,16.784
2023-07-03T13:00:00+02:00,16.776
2023-07-04T01:00:00+02:00,16.761
2023-07-04T13:00:00+02:00,16.757
2023-07-05T01:00:00+02:00,16.771
2023-07-05T13:00:00+02:00,16.764
2023-07-06T01:00:00+02:00,16.739
2023-07-06T13:00:00+02:00,16.73
2023-07-07T01:00:00+02:00,16.721
2023-07-07T13:00:00+02:00,16.721
2023-07-08T01:00:00+02:00,16.719
2023-07-08T13:00:00+02:00,16.719
2023-07-09T01:00:00+02:00,16.708
2023-07-09T13:00:00+02:00,16.691
2023-07-10T01:00:00+02:00,16.688
2023-07-10T13:00:00+02:00,16.682
2023-07-11T01:00:00+02:00,16.681
2023-07-11T13:00:00+02:00,16.694
2023-07-12T01:00:00+02:00,16.688
2023-07-12T13:00:00+02:00,16.689
2023-07-13T01:00:00+02:00,16.677
2023-07-13T13:00:00+02:00,16.668
2023-07-14T01:00:00+02:00,16.66
2023-07-14T13:00:00+02:00,16.673
2023-07-15T01:00:00+02:00,16.686
2023-07-15T13:00:00+02:00,16.689
2023-07-16T01:00:00+02:00,16.664
2023-07-16T13:00:00+02:00,16.649
2023-07-17T01:00:00+02:00,16.639
2023-07-17T13:00:00+02:00,16.636
2023-07-18T01:00:00+02:00,16.627
2023-07-18T13:00:00+02:00,16.636
2023-07-20T01:00:00+02:00,16.628
2023-07-20T13:00:00+02:00,16.621
2023-07-21T01:00:00+02:00,16.619
2023-07-21T13:00:00+02:00,16.616
2023-07-22T01:00:00+02:00,16.605
2023-07-22T13:00:00+02:00,16.602
2023-07-23T01:00:00+02:00,16.605
2023-07-23T13:00:00+02:00,16.607
2023-07-24T01:00:00+02:00,16.616
2023-07-24T13:00:00+02:00,16.661
2023-07-25T01:00:00+02:00,16.707
2023-07-25T13:00:00+02:00,16.717
2023-07-26T01:00:00+02:00,16.701
2023-07-26T13:00:00+02:00,16.69
2023-07-27T01:00:00+02:00,16.684
2023-07-27T13:00:00+02:00,16.711
2023-07-28T01:00:00+02:00,16.719
2023-07-28T13:00:00+02:00,16.714
2023-07-29T01:00:00+02:00,16.713
2023-07-29T13:00:00+02:00,16.71
2023-07-30T01:00:00+02:00,16.714
2023-07-30T13:00:00+02:00,16.697
2023-07-31T01:00:00+02:00,16.701
2023-07-31T13:00:00+02:00,16.754
2023-08-01T01:00:00+02:00,16.825
2023-08-01T13:00:00+02:00,16.903
2023-08-02T01:00:00+02:00,16.901
2023-08-02T13:00:00+02:00,16.917
2023-08-03T01:00:00+02:00,16.933
2023-08-03T13:00:00+02:00,16.956
2023-08-04T01:00:00+02:00,16.961
2023-08-04T13:00:00+02:00,16.951
2023-08-05T01:00:00+02:00,16.95
2023-08-05T13:00:00+02:00,16.966
2023-08-06T01:00:00+02:00,16.985
2023-08-06T13:00:00+02:00,16.986
2023-08-07T01:00:00+02:00,17.059
2023-08-07T13:00:00+02:00,17.083
2023-08-08T01:00:00+02:00,17.083
2023-08-08T13:00:00+02:00,17.08
2023-08-09T01:00:00+02:00,17.068
2023-08-09T13:00:00+02:00,17.093
2023-08-10T01:00:00+02:00,17.09
2023-08-10T13:00:00+02:00,17.092
2023-08-11T01:00:00+02:00,17.088
2023-08-11T13:00:00+02:00,17.093
2023-08-12T01:00:00+02:00,17.09
2023-08-12T13:00:00+02:00,17.101
2023-08-13T01:00:00+02:00,17.11
2023-08-13T13:00:00+02:00,17.119
2023-08-14T01:00:00+02:00,17.118
2023-08-14T13:00:00+02:00,17.122
2023-08-15T01:00:00+02:00,17.116
2023-08-15T13:00:00+02:00,17.103
2023-08-16T01:00:00+02:00,17.085
2023-08-16T13:00:00+02:00,17.074
2023-08-17T01:00:00+02:00,17.066
2023-08-17T13:00:00+02:00,17.06
2023-08-18T01:00:00+02:00,17.061
2023-08-18T13:00:00+02:00,17.067
2023-08-19T01:00:00+02:00,17.066
2023-08-19T13:00:00+02:00,17.04
2023-08-20T01:00:00+02:00,17.024
2023-08-20T13:00:00+02:00,17.018
2023-08-21T01:00:00+02:00,17.007
2023-08-21T13:00:00+02:00,17.007
2023-08-22T01:00:00+02:00,17.005
2023-08-22T13:00:00+02:00,16.997
2023-08-23T01:00:00+02:00,16.987
2023-08-23T13:00:00+02:00,16.989
2023-08-24T01:00:00+02:00,16.985
2023-08-24T13:00:00+02:00,17.012
2023-08-25T01:00:00+02:00,16.997
2023-08-25T13:00:00+02:00,17.003
2023-08-26T01:00:00+02:00,17.0
2023-08-26T13:00:00+02:00,16.999
2023-08-28T01:00:00+02:00,17.004
2023-08-28T13:00:00+02:00,17.003
2023-08-29T01:00:00+02:00,17.0
2023-08-29T13:00:00+02:00,17.002
2023-08-30T01:00:00+02:00,17.01
2023-08-30T13:00:00+02:00,17.011
2023-08-31T01:00:00+02:00,17.003
2023-08-31T13:00:00+02:00,16.992
2023-09-01T01:00:00+02:00,16.977
2023-09-01T13:00:00+02:00,16.978
2023-09-02T01:00:00+02:00,16.982
2023-09-02T13:00:00+02:00,16.974
2023-09-03T01:00:00+02:00,16.971
2023-09-03T13:00:00+02:00,16.967
2023-09-04T01:00:00+02:00,16.968
2023-09-04T13:00:00+02:00,16.982
2023-09-05T01:00:00+02:00,16.995
2023-09-05T13:00:00+02:00,17.003
2023-09-06T01:00:00+02:00,16.995
2023-09-06T13:00:00+02:00,16.989
2023-09-07T01:00:00+02:00,16.979
2023-09-07T13:00:00+02:00,16.976
2023-09-08T01:00:00+02:00,16.973
2023-09-08T13:00:00+02:00,16.966
2023-09-09T01:00:00+02:00,16.957
2023-09-09T13:00:00+02:00,16.95
2023-09-10T01:00:00+02:00,16.941
2023-09-10T13:00:00+02:00,16.937
2023-09-11T01:00:00+02:00,16.937
2023-09-11T13:00:00+02:00,16.938
2023-09-12T01:00:00+02:00,16.927
2023-09-12T13:00:00+02:00,16.925
2023-09-22T07:00:00+02:00,16.884
2023-09-22T19:00:00+02:00,16.86
2023-09-23T07:00:00+02:00,16.866
2023-09-23T19:00:00+02:00,16.847
2023-09-24T07:00:00+02:00,16.828
2023-09-24T19:00:00+02:00,16.844
2023-09-25T07:00:00+02:00,16.854
2023-09-25T19:00:00+02:00,16.852
2023-09-26T07:00:00+02:00,16.857
2023-09-26T19:00:00+02:00,16.853
2023-09-27T07:00:00+02:00,16.856
2023-09-27T19:00:00+02:00,16.869
2023-09-28T07:00:00+02:00,16.857
2023-09-28T19:00:00+02:00,16.846
2023-09-29T07:00:00+02:00,16.858
2023-09-29T19:00:00+02:00,16.831
2023-09-30T07:00:00+02:00,16.812
2023-09-30T19:00:00+02:00,16.819
2023-10-01T07:00:00+02:00,16.819
2023-10-01T19:00:00+02:00,16.823
2023-10-02T07:00:00+02:00,16.829
2023-10-02T19:00:00+02:00,16.829
2023-10-03T07:00:00+02:00,16.849
2023-10-03T19:00:00+02:00,16.818
2023-10-04T07:00:00+02:00,16.785
2023-10-04T19:00:00+02:00,16.787
2023-10-05T07:00:00+02:00,16.791
2023-10-05T19:00:00+02:00,16.788
2023-10-06T07:00:00+02:00,16.786
2023-10-06T19:00:00+02:00,16.784
2023-10-07T07:00:00+02:00,16.786
2023-10-07T19:00:00+02:00,16.773
2023-10-08T07:00:00+02:00,16.766
2023-10-08T19:00:00+02:00,16.766
2023-10-09T07:00:00+02:00,16.771
2023-10-09T19:00:00+02:00,16.764
2023-10-10T07:00:00+02:00,16.765
2023-10-10T19:00:00+02:00,16.766
2023-10-11T07:00:00+02:00,16.765
2023-10-11T19:00:00+02:00,16.757
2023-10-12T07:00:00+02:00,16.753
2023-10-12T19:00:00+02:00,16.752
2023-10-13T07:00:00+02:00,16.772
2023-10-13T19:00:00+02:00,16.794
2023-10-14T07:00:00+02:00,16.78
2023-10-14T19:00:00+02:00,16.759
2023-10-15T07:00:00+02:00,16.75
2023-10-15T19:00:00+02:00,16.75
2023-10-16T07:00:00+02:00,16.758
2023-10-16T19:00:00+02:00,16.763
2023-10-17T07:00:00+02:00,16.776
2023-10-17T19:00:00+02:00,16.779
2023-10-18T07:00:00+02:00,16.799
2023-10-18T19:00:00+02:00,16.83
2023-10-19T07:00:00+02:00,16.87
2023-10-19T19:00:00+02:00,16.893
2023-10-20T07:00:00+02:00,16.909
2023-10-20T19:00:00+02:00,17.039
2023-10-21T07:00:00+02:00,17.105
2023-10-21T19:00:00+02:00,17.072
2023-10-22T07:00:00+02:00,17.037
2023-10-22T19:00:00+02:00,17.009
2023-10-23T07:00:00+02:00,17.001
2023-10-23T19:00:00+02:00,17.022
2023-10-24T07:00:00+02:00,17.047
2023-10-24T19:00:00+02:00,17.054
2023-10-25T07:00:00+02:00,17.072
2023-10-25T19:00:00+02:00,17.116
2023-10-26T07:00:00+02:00,17.18
2023-10-26T19:00:00+02:00,17.2
2023-10-27T07:00:00+02:00,17.21
2023-10-27T19:00:00+02:00,17.246
2023-10-28T07:00:00+02:00,17.268
2023-10-28T19:00:00+02:00,17.27
2023-10-29T06:00:00+01:00,17.275
2023-10-29T18:00:00+01:00,17.272
2023-10-31T06:00:00+01:00,17.28
2023-10-31T18:00:00+01:00,17.272
2023-11-01T06:00:00+01:00,17.292
2023-11-01T18:00:00+01:00,17.323
2023-11-02T06:00:00+01:00,17.376
2023-11-02T18:00:00+01:00,17.399
2023-11-03T06:00:00+01:00,17.373
2023-11-03T18:00:00+01:00,17.344
2023-11-04T06:00:00+01:00,17.352
2023-11-04T18:00:00+01:00,17.388
2023-11-05T06:00:00+01:00,17.391
2023-11-05T18:00:00+01:00,17.346
2023-11-06T06:00:00+01:00,17.312
2023-11-06T18:00:00+01:00,17.295
2023-11-07T06:00:00+01:00,17.288
2023-11-07T18:00:00+01:00,17.282
2023-11-08T06:00:00+01:00,17.279
2023-11-08T18:00:00+01:00,17.295
2023-11-09T06:00:00+01:00,17.329
2023-11-09T18:00:00+01:00,17.377
2023-11-10T06:00:00+01:00,17.399
2023-11-10T18:00:00+01:00,17.399
2023-11-11T06:00:00+01:00,17.466
2023-11-11T18:00:00+01:00,17.458
2023-11-12T06:00:00+01:00,17.462
2023-11-12T18:00:00+01:00,17.442
2023-11-13T06:00:00+01:00,17.47
2023-11-13T18:00:00+01:00,17.473
2023-11-14T06:00:00+01:00,17.505
2023-11-14T18:00:00+01:00,17.528
2023-11-15T06:00:00+01:00,17.596
2023-11-15T18:00:00+01:00,17.605
2023-11-16T06:00:00+01:00,17.606
2023-11-16T18:00:00+01:00,17.6
2023-11-17T06:00:00+01:00,17.576
2023-11-17T18:00:00+01:00,17.565
2023-11-18T06:00:00+01:00,17.565
2023-11-18T18:00:00+01:00,17.594
2023-11-19T06:00:00+01:00,17.656
2023-11-19T18:00:00+01:00,17.667
2023-11-20T06:00:00+01:00,17.664
2023-11-20T18:00:00+01:00,17.662
2023-11-21T06:00:00+01:00,17.641
2023-11-21T18:00:00+01:00,17.604
2023-11-22T06:00:00+01:00,17.562
2023-11-22T18:00:00+01:00,17.586
2023-11-23T06:00:00+01:00,17.598
2023-11-23T18:00:00+01:00,17.612
2023-11-24T06:00:00+01:00,17.613
2023-11-24T18:00:00+01:00,17.612
2023-11-25T06:00:00+01:00,17.599
2023-11-25T18:00:00+01:00,17.591
2023-11-26T06:00:00+01:00,17.589
2023-11-26T18:00:00+01:00,17.6
2023-11-27T06:00:00+01:00,17.648
2023-11-27T18:00:00+01:00,17.768
2023-11-28T06:00:00+01:00,17.778
2023-11-28T18:00:00+01:00,17.778
2023-11-29T06:00:00+01:00,17.775
2023-11-29T18:00:00+01:00,17.779
2023-11-30T06:00:00+01:00,17.786
2023-11-30T18:00:00+01:00,17.759
2023-12-01T06:00:00+01:00,17.741
2023-12-01T18:00:00+01:00,17.737
2023-12-02T06:00:00+01:00,17.694
2023-12-02T18:00:00+01:00,17.696
2023-12-03T06:00:00+01:00,17.663
2023-12-03T18:00:00+01:00,17.674
2023-12-04T06:00:00+01:00,17.696
2023-12-04T18:00:00+01:00,17.723
2023-12-05T06:00:00+01:00,17.743
2023-12-05T18:00:00+01:00,17.724
2023-12-06T06:00:00+01:00,17.707
2023-12-06T18:00:00+01:00,17.688
2023-12-07T06:00:00+01:00,17.675
2023-12-07T18:00:00+01:00,17.694
2023-12-08T06:00:00+01:00,17.718
2023-12-08T18:00:00+01:00,17.696
2023-12-09T06:00:00+01:00,17.701
2023-12-09T18:00:00+01:00,17.751
2023-12-10T06:00:00+01:00,17.738
2023-12-10T18:00:00+01:00,17.75
2023-12-11T06:00:00+01:00,17.755
2023-12-11T18:00:00+01:00,17.731
2023-12-12T06:00:00+01:00,17.734
2023-12-12T18:00:00+01:00,17.765
2023-12-13T06:00:00+01:00,17.776
2023-12-13T18:00:00+01:00,17.77
2023-12-14T06:00:00+01:00,17.726
2023-12-14T18:00:00+01:00,17.69
2023-12-15T06:00:00+01:00,17.643
2023-12-15T18:00:00+01:00,17.634
2023-12-16T06:00:00+01:00,17.628
2023-12-16T18:00:00+01:00,17.637
2023-12-17T06:00:00+01:00,17.633
2023-12-17T18:00:00+01:00,17.643
2023-12-18T06:00:00+01:00,17.646
2023-12-18T18:00:00+01:00,17.655
2023-12-19T06:00:00+01:00,17.67
2023-12-19T18:00:00+01:00,17.673
2023-12-20T06:00:00+01:00,17.728
2023-12-20T18:00:00+01:00,17.742
2023-12-21T06:00:00+01:00,17.769
2023-12-21T18:00:00+01:00,17.813
2023-12-22T06:00:00+01:00,17.882
2023-12-22T18:00:00+01:00,17.868
2023-12-23T06:00:00+01:00,17.859
2023-12-23T18:00:00+01:00,17.862
2023-12-24T06:00:00+01:00,17.859
2023-12-24T18:00:00+01:00,17.922
2023-12-25T06:00:00+01:00,17.94
2023-12-25T18:00:00+01:00,17.985
2023-12-26T06:00:00+01:00,18.044
2023-12-26T18:00:00+01:00,18.016
2023-12-27T06:00:00+01:00,17.973
2023-12-27T18:00:00+01:00,17.998
2023-12-28T06:00:00+01:00,17.978
2023-12-28T18:00:00+01:00,17.94
2023-12-29T06:00:00+01:00,17.927
2023-12-29T18:00:00+01:00,17.914
2023-12-30T06:00:00+01:00,17.939
2023-12-30T18:00:00+01:00,17.946
2023-12-31T06:00:00+01:00,17.969
2023-12-31T18:00:00+01:00,17.952
2024-01-01T06:00:00+01:00,17.911
2024-01-01T18:00:00+01:00,17.882
2024-01-02T06:00:00+01:00,17.923
2024-01-02T18:00:00+01:00,18.049
2024-01-03T06:00:00+01:00,18.067
2024-01-03T18:00:00+01:00,18.106
2024-01-04T06:00:00+01:00,18.133
2024-01-04T18:00:00+01:00,18.122
2024-01-05T06:00:00+01:00,18.135
2024-01-05T18:00:00+01:00,18.085
2024-01-06T06:00:00+01:00,18.002
2024-01-06T18:00:00+01:00,17.968
2024-01-07T06:00:00+01:00,17.935
2024-01-07T18:00:00+01:00,17.897
2024-01-08T06:00:00+01:00,17.886
2024-01-08T18:00:00+01:00,17.862
2024-01-09T06:00:00+01:00,17.862
2024-01-09T18:00:00+01:00,17.848
2024-01-10T06:00:00+01:00,17.852
2024-01-10T18:00:00+01:00,17.827
2024-01-11T06:00:00+01:00,17.804
2024-01-11T18:00:00+01:00,17.823
2024-01-12T06:00:00+01:00,17.793
2024-01-12T18:00:00+01:00,17.789
2024-01-13T06:00:00+01:00,17.797
2024-01-13T18:00:00+01:00,17.813
2024-01-14T06:00:00+01:00,17.824
2024-01-14T18:00:00+01:00,17.836
2024-01-15T06:00:00+01:00,17.841
2024-01-15T18:00:00+01:00,17.818
2024-01-16T06:00:00+01:00,17.809
2024-01-16T18:00:00+01:00,17.818
2024-01-17T06:00:00+01:00,17.845
2024-01-17T18:00:00+01:00,17.857
2024-01-18T06:00:00+01:00,17.822
2024-01-18T18:00:00+01:00,17.768
2024-01-19T06:00:00+01:00,17.719
2024-01-19T18:00:00+01:00,17.704
2024-01-20T06:00:00+01:00,17.691
2024-01-20T18:00:00+01:00,17.695
2024-01-21T06:00:00+01:00,17.724
2024-01-21T18:00:00+01:00,17.732
2024-01-22T06:00:00+01:00,17.76
2024-01-22T18:00:00+01:00,17.758
2024-01-23T06:00:00+01:00,17.736
2024-01-23T18:00:00+01:00,17.755
2024-01-24T06:00:00+01:00,17.765
2024-01-24T18:00:00+01:00,17.738
2024-01-25T06:00:00+01:00,17.728
2024-01-25T18:00:00+01:00,17.742
2024-01-26T06:00:00+01:00,17.769
2024-01-26T18:00:00+01:00,17.741
2024-01-27T06:00:00+01:00,17.727
2024-01-27T18:00:00+01:00,17.73
2024-01-28T06:00:00+01:00,17.75
2024-01-28T18:00:00+01:00,17.765
2024-01-29T06:00:00+01:00,17.756
2024-01-29T18:00:00+01:00,17.738
2024-01-30T06:00:00+01:00,17.731
2024-01-30T18:00:00+01:00,17.707
2024-01-31T06:00:00+01:00,17.69
2024-01-31T18:00:00+01:00,17.707
2024-02-01T06:00:00+01:00,17.708
2024-02-01T18:00:00+01:00,17.694
2024-02-02T06:00:00+01:00,17.704
2024-02-02T18:00:00+01:00,17.704
2024-02-03T06:00:00+01:00,17.704
2024-02-03T18:00:00+01:00,17.698
2024-02-04T06:00:00+01:00,17.71
2024-02-04T18:00:00+01:00,17.74
2024-02-05T06:00:00+01:00,17.768
2024-02-05T18:00:00+01:00,17.773
2024-02-06T06:00:00+01:00,17.791
2024-02-06T18:00:00+01:00,17.799
2024-02-07T06:00:00+01:00,17.819
2024-02-07T18:00:00+01:00,17.922
2024-02-08T06:00:00+01:00,17.914
2024-02-08T18:00:00+01:00,17.956
2024-02-09T06:00:00+01:00,18.075
2024-02-09T18:00:00+01:00,18.079
2024-02-10T06:00:00+01:00,18.026
2024-02-10T18:00:00+01:00,17.984
2024-02-11T06:00:00+01:00,17.961
2024-02-11T18:00:00+01:00,17.932
2024-02-12T06:00:00+01:00,17.904
2024-02-12T18:00:00+01:00,17.86
2024-02-13T06:00:00+01:00,17.836
2024-02-13T18:00:00+01:00,17.83
2024-02-14T06:00:00+01:00,17.836
2024-02-14T18:00:00+01:00,17.82
2024-02-15T06:00:00+01:00,17.833
2024-02-15T18:00:00+01:00,17.855
2024-02-16T06:00:00+01:00,17.87
2024-02-16T18:00:00+01:00,17.826
2024-02-17T06:00:00+01:00,17.79
2024-02-17T18:00:00+01:00,17.774
2024-02-18T06:00:00+01:00,17.795
2024-02-18T18:00:00+01:00,17.814
2024-02-19T06:00:00+01:00,17.815
2024-02-19T18:00:00+01:00,17.811
2024-02-20T06:00:00+01:00,17.806
2024-02-20T18:00:00+01:00,17.809
2024-02-21T06:00:00+01:00,17.83
2024-02-21T18:00:00+01:00,17.868
2024-02-22T06:00:00+01:00,17.904
2024-02-22T18:00:00+01:00,17.934
2024-02-23T06:00:00+01:00,17.936
2024-02-23T18:00:00+01:00,17.917
2024-02-24T06:00:00+01:00,17.889
2024-02-24T18:00:00+01:00,17.856
2024-02-25T06:00:00+01:00,17.847
2024-02-25T18:00:00+01:00,17.847
2024-02-26T06:00:00+01:00,17.84
2024-02-26T18:00:00+01:00,17.85
2024-02-27T06:00:00+01:00,17.885
2024-02-27T18:00:00+01:00,17.877
2024-02-28T06:00:00+01:00,17.86
2024-02-28T18:00:00+01:00,17.859
2024-02-29T06:00:00+01:00,17.879
2024-02-29T18:00:00+01:00,17.898
2024-03-01T06:00:00+01:00,17.904
2024-03-01T18:00:00+01:00,17.901
2024-03-02T06:00:00+01:00,17.89
2024-03-02T18:00:00+01:00,17.876
2024-03-03T06:00:00+01:00,17.861
2024-03-03T18:00:00+01:00,17.828
2024-03-04T06:00:00+01:00,17.8
2024-03-04T18:00:00+01:00,17.782
2024-03-05T06:00:00+01:00,17.78
2024-03-05T18:00:00+01:00,17.762
2024-03-06T06:00:00+01:00,17.744
2024-03-06T18:00:00+01:00,17.727
2024-03-07T06:00:00+01:00,17.729
2024-03-07T18:00:00+01:00,17.742
2024-03-08T06:00:00+01:00,17.759
2024-03-08T18:00:00+01:00,17.779
2024-03-09T06:00:00+01:00,17.792
2024-03-09T18:00:00+01:00,17.786
2024-03-10T06:00:00+01:00,17.783
2024-03-10T18:00:00+01:00,17.769
2024-03-11T06:00:00+01:00,17.747
2024-03-11T18:00:00+01:00,17.74
2024-03-12T06:00:00+01:00,17.766
2024-03-14T00:00:00+01:00,17.804
2024-03-14T12:00:00+01:00,17.826
2024-03-15T00:00:00+01:00,17.831
2024-03-15T12:00:00+01:00,17.83
2024-03-16T00:00:00+01:00,17.811
2024-03-16T12:00:00+01:00,17.774
2024-03-17T00:00:00+01:00,17.758
2024-03-17T12:00:00+01:00,17.769
2024-03-18T00:00:00+01:00,17.781
2024-03-18T12:00:00+01:00,17.782
2024-03-19T00:00:00+01:00,17.768
2024-03-19T12:00:00+01:00,17.762
2024-03-20T00:00:00+01:00,17.751
2024-03-20T12:00:00+01:00,17.745
2024-03-21T00:00:00+01:00,17.734
2024-03-21T12:00:00+01:00,17.717
2024-03-22T00:00:00+01:00,17.719
2024-03-22T12:00:00+01:00,17.732
2024-03-23T00:00:00+01:00,17.756
2024-03-23T12:00:00+01:00,17.772
2024-03-24T00:00:00+01:00,17.798
2024-03-24T12:00:00+01:00,17.816
2024-03-25T00:00:00+01:00,17.81
2024-03-25T12:00:00+01:00,17.821
2024-03-26T00:00:00+01:00,17.833
2024-03-26T12:00:00+01:00,17.849
2024-03-27T00:00:00+01:00,17.85
2024-03-27T12:00:00+01:00,17.829
2024-03-28T00:00:00+01:00,17.808
2024-03-28T12:00:00+01:00,17.802
2024-03-29T00:00:00+01:00,17.773
2024-03-29T12:00:00+01:00,17.757
2024-03-30T00:00:00+01:00,17.741
2024-03-30T12:00:00+01:00,17.731
2024-03-31T00:00:00+01:00,17.72
2024-03-31T13:00:00+02:00,17.723
2024-04-01T01:00:00+02:00,17.743
2024-04-01T13:00:00+02:00,17.737
2024-04-02T01:00:00+02:00,17.707
2024-04-02T13:00:00+02:00,17.691
2024-04-03T01:00:00+02:00,17.691
2024-04-03T13:00:00+02:00,17.712
2024-04-04T01:00:00+02:00,17.726
2024-04-04T13:00:00+02:00,17.758
2024-04-05T01:00:00+02:00,17.756
2024-04-05T13:00:00+02:00,17.76
2024-04-06T01:00:00+02:00,17.754
2024-04-06T13:00:00+02:00,17.761
2024-04-07T01:00:00+02:00,17.743
2024-04-07T13:00:00+02:00,17.726
2024-04-08T01:00:00+02:00,17.715
2024-04-08T13:00:00+02:00,17.74
2024-04-09T01:00:00+02:00,17.749
2024-04-09T13:00:00+02:00,17.731
2024-04-10T01:00:00+02:00,17.687
2024-04-10T13:00:00+02:00,17.662
2024-04-11T01:00:00+02:00,17.651
2024-04-11T13:00:00+02:00,17.651
2024-04-12T01:00:00+02:00,17.645
2024-04-12T13:00:00+02:00,17.653
2024-04-13T01:00:00+02:00,17.66
2024-04-13T13:00:00+02:00,17.672
2024-04-14T01:00:00+02:00,17.67
2024-04-14T13:00:00+02:00,17.66
2024-04-15T01:00:00+02:00,17.672
2024-04-15T13:00:00+02:00,17.715
2024-04-16T01:00:00+02:00,17.713
2024-04-16T13:00:00+02:00,17.707
2024-04-17T01:00:00+02:00,17.689
2024-04-17T13:00:00+02:00,17.693
2024-04-18T01:00:00+02:00,17.707
2024-04-18T13:00:00+02:00,17.712
2024-04-19T01:00:00+02:00,17.727
2024-04-19T13:00:00+02:00,17.758
2024-04-20T01:00:00+02:00,17.747
2024-04-20T13:00:00+02:00,17.729
2024-04-21T01:00:00+02:00,17.725
2024-04-21T13:00:00+02:00,17.719
2024-04-22T01:00:00+02:00,17.706
2024-04-22T13:00:00+02:00,17.706
2024-04-23T01:00:00+02:00,17.704
2024-04-23T13:00:00+02:00,17.709
2024-04-24T01:00:00+02:00,17.715
2024-04-24T13:00:00+02:00,17.729
2024-04-25T01:00:00+02:00,17.715
2024-04-25T13:00:00+02:00,17.718
2024-04-26T01:00:00+02:00,17.722
2024-04-26T13:00:00+02:00,17.704
2024-04-27T01:00:00+02:00,17.686
2024-04-27T13:00:00+02:00,17.676
2024-04-28T01:00:00+02:00,17.671
2024-04-28T13:00:00+02:00,17.656
2024-04-29T01:00:00+02:00,17.618
2024-04-29T13:00:00+02:00,17.606
2024-04-30T01:00:00+02:00,17.608
2024-04-30T13:00:00+02:00,17.622
2024-05-01T01:00:00+02:00,17.623
2024-05-01T13:00:00+02:00,17.643
2024-05-02T01:00:00+02:00,17.657
2024-05-02T13:00:00+02:00,17.651
2024-05-03T01:00:00+02:00,17.673
2024-05-03T13:00:00+02:00,17.771
2024-05-04T01:00:00+02:00,17.773
2024-05-04T13:00:00+02:00,17.785
2024-05-05T01:00:00+02:00,17.8
2024-05-05T13:00:00+02:00,17.823
2024-05-06T01:00:00+02:00,17.829
2024-05-06T13:00:00+02:00,17.824
2024-05-07T01:00:00+02:00,17.795
2024-05-07T13:00:00+02:00,17.842
2024-05-08T01:00:00+02:00,17.841
2024-05-08T13:00:00+02:00,17.827
2024-05-09T01:00:00+02:00,17.816
2024-05-09T13:00:00+02:00,17.817
2024-05-10T01:00:00+02:00,17.815
2024-05-10T13:00:00+02:00,17.809
2024-05-11T01:00:00+02:00,17.8
2024-05-11T13:00:00+02:00,17.793
2024-05-12T01:00:00+02:00,17.792
2024-05-12T13:00:00+02:00,17.796
2024-05-13T01:00:00+02:00,17.79
2024-05-13T13:00:00+02:00,17.783
2024-05-14T01:00:00+02:00,17.779
2024-05-14T13:00:00+02:00,17.776
2024-05-15T01:00:00+02:00,17.755
2024-05-15T13:00:00+02:00,17.74
2024-05-16T01:00:00+02:00,17.733
2024-05-16T13:00:00+02:00,17.749
2024-05-17T01:00:00+02:00,17.74
2024-05-17T13:00:00+02:00,17.782
2024-05-18T01:00:00+02:00,17.788
2024-05-18T13:00:00+02:00,17.782
2024-05-19T01:00:00+02:00,17.783
2024-05-19T13:00:00+02:00,17.779
2024-05-20T01:00:00+02:00,17.809
2024-05-20T13:00:00+02:00,17.867
2024-05-21T01:00:00+02:00,17.866
2024-05-21T13:00:00+02:00,17.865
2024-05-22T01:00:00+02:00,17.886
2024-05-22T13:00:00+02:00,17.91
2024-05-23T01:00:00+02:00,17.89
2024-05-23T13:00:00+02:00,17.872
2024-05-24T01:00:00+02:00,17.844
2024-05-24T13:00:00+02:00,17.842
2024-05-25T01:00:00+02:00,17.915
2024-05-25T13:00:00+02:00,17.972
2024-05-26T01:00:00+02:00,17.991
2024-05-26T13:00:00+02:00,17.986
2024-05-27T01:00:00+02:00,17.957
2024-05-27T13:00:00+02:00,17.932
2024-05-28T01:00:00+02:00,17.925
2024-05-28T13:00:00+02:00,17.939
2024-05-29T01:00:00+02:00,17.956
2024-05-29T13:00:00+02:00,17.992
2024-05-30T01:00:00+02:00,17.997
2024-05-30T13:00:00+02:00,17.981
2024-05-31T01:00:00+02:00,17.944
2024-05-31T13:00:00+02:00,17.916
2024-06-01T01:00:00+02:00,17.886
2024-06-01T13:00:00+02:00,17.862
2024-06-02T01:00:00+02:00,17.844
2024-06-02T13:00:00+02:00,17.831
2024-06-03T01:00:00+02:00,17.834
2024-06-03T13:00:00+02:00,17.83
2024-06-04T01:00:00+02:00,17.831
2024-06-04T13:00:00+02:00,17.838
2024-06-05T01:00:00+02:00,17.839
2024-06-05T13:00:00+02:00,17.81
2024-06-06T01:00:00+02:00,17.78
2024-06-06T13:00:00+02:00,17.765
2024-06-07T01:00:00+02:00,17.752
2024-06-07T13:00:00+02:00,17.745
2024-06-08T01:00:00+02:00,17.739
2024-06-08T13:00:00+02:00,17.746
2024-06-09T01:00:00+02:00,17.73
2024-06-09T13:00:00+02:00,17.726
2024-06-10T01:00:00+02:00,17.717
2024-06-10T13:00:00+02:00,17.726
2024-06-11T01:00:00+02:00,17.709
2024-06-11T13:00:00+02:00,17.688
2024-06-12T01:00:00+02:00,17.668
2024-06-12T13:00:00+02:00,17.656
2024-06-13T01:00:00+02:00,17.657
2024-06-13T13:00:00+02:00,17.661
2024-06-14T01:00:00+02:00,17.674
2024-06-14T13:00:00+02:00,17.674
2024-06-15T01:00:00+02:00,17.674
2024-06-15T13:00:00+02:00,17.665
2024-06-16T01:00:00+02:00,17.647
2024-06-16T13:00:00+02:00,17.641
2024-06-17T01:00:00+02:00,17.64
2024-06-17T13:00:00+02:00,17.627
2024-06-18T01:00:00+02:00,17.615
2024-06-18T13:00:00+02:00,17.627
2024-06-19T01:00:00+02:00,17.747
2024-06-19T13:00:00+02:00,17.793
2024-06-20T01:00:00+02:00,17.768
2024-06-20T13:00:00+02:00,17.757
2024-06-21T01:00:00+02:00,17.769
2024-06-21T13:00:00+02:00,17.775
2024-06-22T01:00:00+02:00,17.789
2024-06-22T13:00:00+02:00,17.793
2024-06-23T01:00:00+02:00,17.773
2024-06-23T13:00:00+02:00,17.756
2024-06-24T01:00:00+02:00,17.745
2024-06-24T13:00:00+02:00,17.741
2024-06-25T01:00:00+02:00,17.739
2024-06-25T13:00:00+02:00,17.742
2024-06-26T01:00:00+02:00,17.734
2024-06-26T13:00:00+02:00,17.731
2024-06-27T01:00:00+02:00,17.724
2024-06-27T13:00:00+02:00,17.712
2024-06-28T01:00:00+02:00,17.687
2024-06-28T13:00:00+02:00,17.663
2024-06-29T01:00:00+02:00,17.645
2024-06-29T13:00:00+02:00,17.649
2024-06-30T01:00:00+02:00,17.674
2024-06-30T13:00:00+02:00,17.66
2024-07-01T01:00:00+02:00,17.638
2024-07-01T13:00:00+02:00,17.626
2024-07-02T01:00:00+02:00,17.621
2024-07-02T13:00:00+02:00,17.618
2024-07-03T01:00:00+02:00,17.616
2024-07-03T13:00:00+02:00,17.623
2024-07-04T01:00:00+02:00,17.637
2024-07-04T13:00:00+02:00,17.628
2024-07-05T01:00:00+02:00,17.61
2024-07-05T13:00:00+02:00,17.61
2024-07-06T01:00:00+02:00,17.619
2024-07-06T13:00:00+02:00,17.623
2024-07-07T01:00:00+02:00,17.582
2024-07-07T13:00:00+02:00,17.561
2024-07-08T01:00:00+02:00,17.546
2024-07-08T13:00:00+02:00,17.539
2024-07-09T01:00:00+02:00,17.535
2024-07-09T13:00:00+02:00,17.549
2024-07-10T01:00:00+02:00,17.555
2024-07-10T13:00:00+02:00,17.562
2024-07-11T01:00:00+02:00,17.552
2024-07-11T13:00:00+02:00,17.549
2024-07-12T01:00:00+02:00,17.554
2024-07-12T13:00:00+02:00,17.598
2024-07-13T01:00:00+02:00,17.701
2024-07-13T13:00:00+02:00,17.702
2024-07-14T01:00:00+02:00,17.698
2024-07-14T13:00:00+02:00,17.692
2024-07-15T01:00:00+02:00,17.688
2024-07-15T13:00:00+02:00,17.691
2024-07-16T01:00:00+02:00,17.691
2024-07-16T13:00:00+02:00,17.673
2024-07-17T01:00:00+02:00,17.645
2024-07-17T13:00:00+02:00,17.629
2024-07-18T01:00:00+02:00,17.615
2024-07-18T13:00:00+02:00,17.615
2024-07-19T01:00:00+02:00,17.611
2024-07-19T13:00:00+02:00,17.618
2024-07-20T01:00:00+02:00,17.622
2024-07-20T13:00:00+02:00,17.626
2024-07-21T01:00:00+02:00,17.626
2024-07-21T13:00:00+02:00,17.723
2024-07-22T01:00:00+02:00,17.743
2024-07-22T13:00:00+02:00,17.719
2024-07-23T01:00:00+02:00,17.707
2024-07-23T13:00:00+02:00,17.709
2024-07-24T01:00:00+02:00,17.699
2024-07-24T13:00:00+02:00,17.707
2024-07-25T01:00:00+02:00,17.713
2024-07-25T13:00:00+02:00,17.72
2024-07-26T01:00:00+02:00,17.72
2024-07-26T13:00:00+02:00,17.706
2024-07-27T01:00:00+02:00,17.685
2024-07-27T13:00:00+02:00,17.669
2024-07-28T01:00:00+02:00,17.641
2024-07-28T13:00:00+02:00,17.613
2024-07-29T01:00:00+02:00,17.598
2024-07-29T13:00:00+02:00,17.607
2024-07-30T01:00:00+02:00,17.613
2024-07-30T13:00:00+02:00,17.612
2024-07-31T01:00:00+02:00,17.599
2024-07-31T13:00:00+02:00,17.586
2024-08-01T01:00:00+02:00,17.588
2024-08-01T13:00:00+02:00,17.585
2024-08-02T01:00:00+02:00,17.575
2024-08-02T13:00:00+02:00,17.574
2024-08-03T01:00:00+02:00,17.569
2024-08-03T13:00:00+02:00,17.563
2024-08-04T01:00:00+02:00,17.546
2024-08-04T13:00:00+02:00,17.538
2024-08-05T01:00:00+02:00,17.532
2024-08-05T13:00:00+02:00,17.531
2024-08-06T01:00:00+02:00,17.528
2024-08-06T13:00:00+02:00,17.528
2024-08-07T01:00:00+02:00,17.518
2024-08-07T13:00:00+02:00,17.505
2024-08-08T01:00:00+02:00,17.513
2024-08-08T13:00:00+02:00,17.507
2024-08-09T01:00:00+02:00,17.512
2024-08-09T13:00:00+02:00,17.509
2024-08-10T01:00:00+02:00,17.493
2024-08-10T13:00:00+02:00,17.483
2024-08-11T01:00:00+02:00,17.477
2024-08-11T13:00:00+02:00,17.476
2024-08-12T01:00:00+02:00,17.487
2024-08-12T13:00:00+02:00,17.5
2024-08-13T01:00:00+02:00,17.499
2024-08-13T13:00:00+02:00,17.486
2024-08-14T01:00:00+02:00,17.453
2024-08-14T13:00:00+02:00,17.452
2024-08-15T01:00:00+02:00,17.44
2024-08-15T13:00:00+02:00,17.43
2024-08-16T01:00:00+02:00,17.427
2024-08-16T13:00:00+02:00,17.421
2024-08-17T01:00:00+02:00,17.428
2024-08-17T13:00:00+02:00,17.426
2024-08-18T01:00:00+02:00,17.432
2024-08-18T13:00:00+02:00,17.419
2024-08-19T01:00:00+02:00,17.397
2024-08-19T13:00:00+02:00,17.385
2024-08-20T01:00:00+02:00,17.391
2024-08-20T13:00:00+02:00,17.402
2024-08-21T01:00:00+02:00,17.387
2024-08-21T13:00:00+02:00,17.37
2024-08-22T01:00:00+02:00,17.372
2024-08-22T13:00:00+02:00,17.387
2024-08-23T01:00:00+02:00,17.385
2024-08-23T13:00:00+02:00,17.381
2024-08-24T01:00:00+02:00,17.355
2024-08-24T13:00:00+02:00,17.364
2024-08-25T01:00:00+02:00,17.341
2024-08-25T13:00:00+02:00,17.316
2024-08-26T01:00:00+02:00,17.306
2024-08-26T13:00:00+02:00,17.309
2024-08-27T01:00:00+02:00,17.303
2024-08-27T13:00:00+02:00,17.305
2024-08-28T01:00:00+02:00,17.309
2024-08-28T13:00:00+02:00,17.315
2024-08-29T01:00:00+02:00,17.31
2024-08-29T13:00:00+02:00,17.29
2024-08-30T01:00:00+02:00,17.267
2024-08-30T13:00:00+02:00,17.263
2024-08-31T01:00:00+02:00,17.252
2024-08-31T13:00:00+02:00,17.27
2024-09-01T01:00:00+02:00,17.28
2024-09-01T13:00:00+02:00,17.289
2024-09-02T01:00:00+02:00,17.288
2024-09-02T13:00:00+02:00,17.284
2024-09-03T01:00:00+02:00,17.282
2024-09-03T13:00:00+02:00,17.277
2024-09-04T01:00:00+02:00,17.261
2024-09-04T13:00:00+02:00,17.267
2024-09-05T01:00:00+02:00,17.266
2024-09-05T13:00:00+02:00,17.282
2024-09-06T01:00:00+02:00,17.28
2024-09-06T13:00:00+02:00,17.264
2024-09-07T01:00:00+02:00,17.253
2024-09-07T13:00:00+02:00,17.251
2024-09-08T01:00:00+02:00,17.252
2024-09-08T13:00:00+02:00,17.253
2024-09-09T01:00:00+02:00,17.258
2024-09-09T13:00:00+02:00,17.252
2024-09-10T01:00:00+02:00,17.229
2024-09-10T13:00:00+02:00,17.224
2024-09-11T01:00:00+02:00,17.243
2024-09-11T13:00:00+02:00,17.25
2024-09-12T01:00:00+02:00,17.245
2024-09-12T13:00:00+02:00,17.23
2024-09-13T01:00:00+02:00,17.212
2024-09-13T13:00:00+02:00,17.193
2024-09-14T01:00:00+02:00,17.18
2024-09-14T13:00:00+02:00,17.177
2024-09-15T01:00:00+02:00,17.182
2024-09-15T13:00:00+02:00,17.195
2024-09-16T01:00:00+02:00,17.204
2024-09-16T13:00:00+02:00,17.202
2024-10-01T02:00:00+02:00,17.189
2024-10-01T14:00:00+02:00,17.19
2024-10-02T02:00:00+02:00,17.182
2024-10-02T14:00:00+02:00,17.168
2024-10-03T02:00:00+02:00,17.143
2024-10-03T14:00:00+02:00,17.135
2024-10-04T02:00:00+02:00,17.13
2024-10-04T14:00:00+02:00,17.127
2024-10-05T02:00:00+02:00,17.124
2024-10-05T14:00:00+02:00,17.141
2024-10-06T02:00:00+02:00,17.141
2024-10-06T14:00:00+02:00,17.171
2024-10-07T02:00:00+02:00,17.177
2024-10-07T14:00:00+02:00,17.171
2024-10-08T02:00:00+02:00,17.171
2024-10-08T14:00:00+02:00,17.162
2024-10-09T02:00:00+02:00,17.16
2024-10-09T14:00:00+02:00,17.185
2024-10-10T02:00:00+02:00,17.202
2024-10-10T14:00:00+02:00,17.216
2024-10-11T02:00:00+02:00,17.195
2024-10-11T14:00:00+02:00,17.185
2024-10-12T02:00:00+02:00,17.188
2024-10-12T14:00:00+02:00,17.216
2024-10-13T02:00:00+02:00,17.219
2024-10-13T14:00:00+02:00,17.194
2024-10-14T02:00:00+02:00,17.186
2024-10-14T14:00:00+02:00,17.197
2024-10-15T02:00:00+02:00,17.186
2024-10-15T14:00:00+02:00,17.201
2024-10-16T02:00:00+02:00,17.216
2024-10-16T14:00:00+02:00,17.234
2024-10-17T02:00:00+02:00,17.232
2024-10-17T14:00:00+02:00,17.219
2024-10-18T02:00:00+02:00,17.2
2024-10-18T14:00:00+02:00,17.196
2024-10-19T02:00:00+02:00,17.198
2024-10-19T14:00:00+02:00,17.195
2024-10-20T02:00:00+02:00,17.186
2024-10-20T14:00:00+02:00,17.195
2024-10-21T02:00:00+02:00,17.183
2024-10-21T14:00:00+02:00,17.176
2024-10-22T02:00:00+02:00,17.171
2024-10-22T14:00:00+02:00,17.175
2024-10-23T02:00:00+02:00,17.165
2024-10-23T14:00:00+02:00,17.174
2024-10-24T02:00:00+02:00,17.186
2024-10-24T14:00:00+02:00,17.22
2024-10-25T02:00:00+02:00,17.232
2024-10-25T14:00:00+02:00,17.236
2024-10-26T02:00:00+02:00,17.227
2024-10-26T14:00:00+02:00,17.229
2024-10-27T02:00:00+02:00,17.22
2024-10-27T14:00:00+01:00,17.201
2024-10-28T02:00:00+01:00,17.195
2024-10-28T14:00:00+01:00,17.194
2024-10-29T02:00:00+01:00,17.19
2024-10-29T14:00:00+01:00,17.19
2024-10-30T02:00:00+01:00,17.184
2024-10-30T14:00:00+01:00,17.187
2024-10-31T02:00:00+01:00,17.182
2024-10-31T14:00:00+01:00,17.192
2024-11-01T02:00:00+01:00,17.193
2024-11-01T14:00:00+01:00,17.2
2024-11-02T02:00:00+01:00,17.177
2024-11-02T14:00:00+01:00,17.169
2024-11-03T02:00:00+01:00,17.17
2024-11-03T14:00:00+01:00,17.177
2024-11-04T02:00:00+01:00,17.175
2024-11-04T14:00:00+01:00,17.189
2024-11-05T02:00:00+01:00,17.187
2024-11-05T14:00:00+01:00,17.185
2024-11-06T02:00:00+01:00,17.165
2024-11-06T14:00:00+01:00,17.153
2024-11-07T02:00:00+01:00,17.141
2024-11-07T14:00:00+01:00,17.141
2024-11-08T02:00:00+01:00,17.145
2024-11-08T14:00:00+01:00,17.157
2024-11-09T02:00:00+01:00,17.147
2024-11-09T14:00:00+01:00,17.149
2024-11-10T02:00:00+01:00,17.136
2024-11-10T14:00:00+01:00,17.131
2024-11-11T02:00:00+01:00,17.124
2024-11-11T14:00:00+01:00,17.119
2024-11-12T02:00:00+01:00,17.11
2024-11-12T14:00:00+01:00,17.108
2024-11-13T02:00:00+01:00,17.109
2024-11-13T14:00:00+01:00,17.117
2024-11-14T02:00:00+01:00,17.124
2024-11-14T14:00:00+01:00,17.128
2024-11-15T02:00:00+01:00,17.115
2024-11-15T14:00:00+01:00,17.126
2024-11-16T02:00:00+01:00,17.131
2024-11-16T14:00:00+01:00,17.145
2024-11-17T02:00:00+01:00,17.15
2024-11-17T14:00:00+01:00,17.15
2024-11-18T02:00:00+01:00,17.144
2024-11-18T14:00:00+01:00,17.162
2024-11-19T02:00:00+01:00,17.226
2024-11-19T14:00:00+01:00,17.245
2024-11-20T02:00:00+01:00,17.286
2024-11-20T14:00:00+01:00,17.305
2024-11-21T02:00:00+01:00,17.402
2024-11-21T14:00:00+01:00,17.479
2024-11-22T02:00:00+01:00,17.458
2024-11-22T14:00:00+01:00,17.429
2024-11-23T02:00:00+01:00,17.404
2024-11-23T14:00:00+01:00,17.456
2024-11-24T02:00:00+01:00,17.491
2024-11-24T14:00:00+01:00,17.509
2024-11-25T02:00:00+01:00,17.518
2024-11-25T14:00:00+01:00,17.499
2024-11-26T02:00:00+01:00,17.48
2024-11-26T14:00:00+01:00,17.481
2024-11-27T02:00:00+01:00,17.48
2024-11-27T14:00:00+01:00,17.532
2024-11-28T02:00:00+01:00,17.498
2024-11-28T14:00:00+01:00,17.481
2024-11-29T02:00:00+01:00,17.473
2024-11-29T14:00:00+01:00,17.486
2024-11-30T02:00:00+01:00,17.489
2024-11-30T14:00:00+01:00,17.512
2024-12-01T02:00:00+01:00,17.504
2024-12-01T14:00:00+01:00,17.541
2024-12-02T02:00:00+01:00,17.525
2024-12-02T14:00:00+01:00,17.527
2024-12-03T02:00:00+01:00,17.508
2024-12-03T14:00:00+01:00,17.492
2024-12-04T02:00:00+01:00,17.479
2024-12-04T14:00:00+01:00,17.477
2024-12-05T02:00:00+01:00,17.491
2024-12-05T14:00:00+01:00,17.52
2024-12-06T02:00:00+01:00,17.559
2024-12-06T14:00:00+01:00,17.589
2024-12-07T02:00:00+01:00,17.657
2024-12-07T14:00:00+01:00,17.678
2024-12-08T02:00:00+01:00,17.663
2024-12-08T14:00:00+01:00,17.634
2024-12-09T02:00:00+01:00,17.598
2024-12-09T14:00:00+01:00,17.595
2024-12-10T02:00:00+01:00,17.585
2024-12-10T14:00:00+01:00,17.593
2024-12-11T02:00:00+01:00,17.583
2024-12-11T14:00:00+01:00,17.584
2024-12-12T02:00:00+01:00,17.574
2024-12-12T14:00:00+01:00,17.584
2024-12-13T02:00:00+01:00,17.579
2024-12-13T14:00:00+01:00,17.588
2024-12-14T02:00:00+01:00,17.6
2024-12-14T14:00:00+01:00,17.597
2024-12-15T02:00:00+01:00,17.56
2024-12-15T14:00:00+01:00,17.547
2024-12-16T02:00:00+01:00,17.531
2024-12-16T14:00:00+01:00,17.533
2024-12-17T02:00:00+01:00,17.517
2024-12-17T14:00:00+01:00,17.533
2024-12-18T02:00:00+01:00,17.555
2024-12-18T14:00:00+01:00,17.566
2024-12-19T02:00:00+01:00,17.605
2024-12-19T14:00:00+01:00,17.567
2024-12-20T02:00:00+01:00,17.526
2024-12-20T14:00:00+01:00,17.523
2024-12-21T02:00:00+01:00,17.534
2024-12-21T14:00:00+01:00,17.572
2024-12-22T02:00:00+01:00,17.604
2024-12-22T14:00:00+01:00,17.606
2024-12-23T02:00:00+01:00,17.604
2024-12-23T14:00:00+01:00,17.603
2024-12-24T02:00:00+01:00,17.59
2024-12-24T14:00:00+01:00,17.582
2024-12-25T02:00:00+01:00,17.576
2024-12-25T14:00:00+01:00,17.577
2024-12-26T02:00:00+01:00,17.571
2024-12-26T14:00:00+01:00,17.587
2024-12-27T02:00:00+01:00,17.587
2024-12-27T14:00:00+01:00,17.604
2024-12-28T02:00:00+01:00,17.599
2024-12-28T14:00:00+01:00,17.61
2024-12-29T02:00:00+01:00,17.599
2024-12-29T14:00:00+01:00,17.594
2024-12-30T02:00:00+01:00,17.589
2024-12-30T14:00:00+01:00,17.593
2024-12-31T02:00:00+01:00,17.581
2024-12-31T14:00:00+01:00,17.595
2025-01-01T02:00:00+01:00,17.604
2025-01-01T14:00:00+01:00,17.638
2025-01-02T02:00:00+01:00,17.6
2025-01-02T14:00:00+01:00,17.604
2025-01-03T02:00:00+01:00,17.59
2025-01-03T14:00:00+01:00,17.597
2025-01-04T02:00:00+01:00,17.582
2025-01-04T14:00:00+01:00,17.609
2025-01-05T02:00:00+01:00,17.645
2025-01-05T14:00:00+01:00,17.709
2025-01-06T02:00:00+01:00,17.796
2025-01-06T14:00:00+01:00,17.791
2025-01-07T02:00:00+01:00,17.749
2025-01-07T14:00:00+01:00,17.724
2025-01-08T02:00:00+01:00,17.702
2025-01-08T14:00:00+01:00,17.702
2025-01-09T02:00:00+01:00,17.695
2025-01-09T14:00:00+01:00,17.702
2025-01-10T02:00:00+01:00,17.684
2025-01-10T14:00:00+01:00,17.684
2025-01-11T02:00:00+01:00,17.662
2025-01-11T14:00:00+01:00,17.647
2025-01-12T02:00:00+01:00,17.638
2025-01-12T14:00:00+01:00,17.623
2025-01-13T02:00:00+01:00,17.621
2025-01-13T14:00:00+01:00,17.638
2025-01-14T02:00:00+01:00,17.624
2025-01-14T14:00:00+01:00,17.668
2025-01-15T02:00:00+01:00,17.646
2025-01-15T14:00:00+01:00,17.642
2025-01-16T02:00:00+01:00,17.617
2025-01-16T14:00:00+01:00,17.616
2025-01-17T02:00:00+01:00,17.61
2025-01-17T14:00:00+01:00,17.604
2025-01-18T02:00:00+01:00,17.61
2025-01-18T14:00:00+01:00,17.616
2025-01-19T02:00:00+01:00,17.625
2025-01-19T14:00:00+01:00,17.628
2025-01-20T02:00:00+01:00,17.618
2025-01-20T14:00:00+01:00,17.625
2025-01-21T02:00:00+01:00,17.611
2025-01-21T14:00:00+01:00,17.619
2025-01-22T02:00:00+01:00,17.621
2025-01-22T14:00:00+01:00,17.654
2025-01-23T02:00:00+01:00,17.626
2025-01-23T14:00:00+01:00,17.625
2025-01-24T02:00:00+01:00,17.612
2025-01-24T14:00:00+01:00,17.637
2025-01-25T02:00:00+01:00,17.653
2025-01-25T14:00:00+01:00,17.681
2025-01-26T02:00:00+01:00,17.707
2025-01-26T14:00:00+01:00,17.718
2025-01-27T02:00:00+01:00,17.801
2025-01-27T14:00:00+01:00,17.777
2025-01-28T02:00:00+01:00,17.76
2025-01-28T14:00:00+01:00,17.748
2025-01-29T02:00:00+01:00,17.711
2025-01-29T14:00:00+01:00,17.692
2025-01-30T02:00:00+01:00,17.667
2025-01-30T14:00:00+01:00,17.668
2025-01-31T02:00:00+01:00,17.666
2025-01-31T14:00:00+01:00,17.681
2025-02-01T02:00:00+01:00,17.66
2025-02-01T14:00:00+01:00,17.685
2025-02-02T02:00:00+01:00,17.703
2025-02-02T14:00:00+01:00,17.704
2025-02-03T02:00:00+01:00,17.686
2025-02-03T14:00:00+01:00,17.688
2025-02-04T02:00:00+01:00,17.665
2025-02-04T14:00:00+01:00,17.671
2025-02-05T02:00:00+01:00,17.635
2025-02-05T14:00:00+01:00,17.613
2025-02-06T02:00:00+01:00,17.592
2025-02-06T14:00:00+01:00,17.611
2025-02-07T02:00:00+01:00,17.628
2025-02-07T14:00:00+01:00,17.659
2025-02-08T02:00:00+01:00,17.66
2025-02-08T14:00:00+01:00,17.646
2025-02-09T02:00:00+01:00,17.611
2025-02-09T14:00:00+01:00,17.599
2025-02-10T02:00:00+01:00,17.592
2025-02-10T14:00:00+01:00,17.612
2025-02-11T02:00:00+01:00,17.613
2025-02-11T14:00:00+01:00,17.626
2025-02-12T02:00:00+01:00,17.624
2025-02-12T14:00:00+01:00,17.636
2025-02-13T02:00:00+01:00,17.63
2025-02-13T14:00:00+01:00,17.619
2025-02-14T02:00:00+01:00,17.596
2025-02-14T14:00:00+01:00,17.596
2025-02-15T02:00:00+01:00,17.606
2025-02-15T14:00:00+01:00,17.617
2025-02-16T02:00:00+01:00,17.616
2025-02-16T14:00:00+01:00,17.61
2025-02-17T02:00:00+01:00,17.599
2025-02-17T14:00:00+01:00,17.598
2025-02-18T02:00:00+01:00,17.572
2025-02-18T14:00:00+01:00,17.581
2025-02-19T02:00:00+01:00,17.574
2025-02-19T14:00:00+01:00,17.584
2025-02-20T02:00:00+01:00,17.564
2025-02-20T14:00:00+01:00,17.558
2025-02-21T02:00:00+01:00,17.558
2025-02-21T14:00:00+01:00,17.566
2025-02-22T02:00:00+01:00,17.566
2025-02-22T14:00:00+01:00,17.553
2025-02-23T02:00:00+01:00,17.518
2025-02-23T14:00:00+01:00,17.526
2025-02-24T02:00:00+01:00,17.54
2025-02-24T14:00:00+01:00,17.558
2025-02-25T02:00:00+01:00,17.552
2025-02-25T14:00:00+01:00,17.567
2025-02-26T02:00:00+01:00,17.54
2025-02-26T14:00:00+01:00,17.553
2025-02-27T02:00:00+01:00,17.556
2025-02-27T14:00:00+01:00,17.552
2025-02-28T02:00:00+01:00,17.534
2025-02-28T14:00:00+01:00,17.528
2025-03-01T02:00:00+01:00,17.519
2025-03-01T14:00:00+01:00,17.516
2025-03-02T02:00:00+01:00,17.512
2025-03-02T14:00:00+01:00,17.543
2025-03-03T02:00:00+01:00,17.535
2025-03-03T14:00:00+01:00,17.56
2025-03-04T02:00:00+01:00,17.541
2025-03-04T14:00:00+01:00,17.552
2025-03-05T02:00:00+01:00,17.539
2025-03-05T14:00:00+01:00,17.558
2025-03-06T02:00:00+01:00,17.544
2025-03-06T14:00:00+01:00,17.561
2025-03-07T02:00:00+01:00,17.532
2025-03-07T14:00:00+01:00,17.544
2025-03-08T02:00:00+01:00,17.526
2025-03-08T14:00:00+01:00,17.554
2025-03-09T02:00:00+01:00,17.537
2025-03-09T14:00:00+01:00,17.559
2025-03-10T02:00:00+01:00,17.545
2025-03-10T14:00:00+01:00,17.541
2025-03-11T02:00:00+01:00,17.52
2025-03-11T14:00:00+01:00,17.51
2025-03-14T06:00:00+01:00,17.475
2025-03-14T18:00:00+01:00,17.455
2025-03-15T06:00:00+01:00,17.432
2025-03-15T18:00:00+01:00,17.427
2025-03-16T06:00:00+01:00,17.425
2025-03-16T18:00:00+01:00,17.415
2025-03-17T06:00:00+01:00,17.41
2025-03-17T18:00:00+01:00,17.401
2025-03-18T06:00:00+01:00,17.405
2025-03-18T18:00:00+01:00,17.408
2025-03-19T06:00:00+01:00,17.412
2025-03-19T18:00:00+01:00,17.416
2025-03-20T06:00:00+01:00,17.411
2025-03-20T18:00:00+01:00,17.411
2025-03-21T06:00:00+01:00,17.427
2025-03-21T18:00:00+01:00,17.434
2025-03-22T06:00:00+01:00,17.442
2025-03-22T18:00:00+01:00,17.445
2025-03-23T06:00:00+01:00,17.438
2025-03-23T18:00:00+01:00,17.417
2025-03-24T06:00:00+01:00,17.39
2025-03-24T18:00:00+01:00,17.366
2025-03-25T06:00:00+01:00,17.356
2025-03-25T18:00:00+01:00,17.353
2025-03-26T06:00:00+01:00,17.35
2025-03-26T18:00:00+01:00,17.346
2025-03-27T06:00:00+01:00,17.352
2025-03-27T18:00:00+01:00,17.356
2025-04-02T06:00:00+02:00,17.312
2025-04-02T18:00:00+02:00,17.319
2025-04-03T06:00:00+02:00,17.314
2025-04-03T18:00:00+02:00,17.307
2025-04-04T06:00:00+02:00,17.305
2025-04-04T18:00:00+02:00,17.304
2025-04-05T06:00:00+02:00,17.304
2025-04-05T18:00:00+02:00,17.295
2025-04-06T06:00:00+02:00,17.279
2025-04-06T18:00:00+02:00,17.27
2025-04-07T06:00:00+02:00,17.257
2025-04-07T18:00:00+02:00,17.263
2025-04-08T06:00:00+02:00,17.251
2025-04-08T18:00:00+02:00,17.259
2025-04-09T06:00:00+02:00,17.255
2025-04-09T18:00:00+02:00,17.251
2025-04-10T06:00:00+02:00,17.24
2025-04-10T18:00:00+02:00,17.238
2025-04-11T06:00:00+02:00,17.246
2025-04-11T18:00:00+02:00,17.253
2025-04-12T06:00:00+02:00,17.267
2025-04-12T18:00:00+02:00,17.285
2025-04-13T06:00:00+02:00,17.292
2025-04-13T18:00:00+02:00,17.276
2025-04-14T06:00:00+02:00,17.246
2025-04-14T18:00:00+02:00,17.25
2025-04-15T06:00:00+02:00,17.267
2025-04-15T18:00:00+02:00,17.263
2025-04-16T06:00:00+02:00,17.243
2025-04-16T18:00:00+02:00,17.218
2025-04-17T06:00:00+02:00,17.206
2025-04-17T18:00:00+02:00,17.21
2025-04-18T06:00:00+02:00,17.204
2025-04-18T18:00:00+02:00,17.204
2025-04-19T06:00:00+02:00,17.211
2025-04-19T18:00:00+02:00,17.213
2025-04-20T06:00:00+02:00,17.217
2025-04-20T18:00:00+02:00,17.213
2025-04-21T06:00:00+02:00,17.218
2025-04-21T18:00:00+02:00,17.208
2025-04-22T06:00:00+02:00,17.194
2025-04-22T18:00:00+02:00,17.181
2025-04-23T06:00:00+02:00,17.181
2025-04-23T18:00:00+02:00,17.192
2025-04-24T06:00:00+02:00,17.191
2025-04-24T18:00:00+02:00,17.201
2025-04-25T06:00:00+02:00,17.195
2025-04-25T18:00:00+02:00,17.19
2025-04-26T06:00:00+02:00,17.194
2025-04-26T18:00:00+02:00,17.199
2025-04-27T06:00:00+02:00,17.197
2025-04-27T18:00:00+02:00,17.192
2025-04-28T06:00:00+02:00,17.187
2025-04-28T18:00:00+02:00,17.184
2025-04-29T06:00:00+02:00,17.182
2025-04-29T18:00:00+02:00,17.183
2025-04-30T06:00:00+02:00,17.188
2025-04-30T18:00:00+02:00,17.192
2025-05-01T06:00:00+02:00,17.197
2025-05-01T18:00:00+02:00,17.201
2025-05-02T06:00:00+02:00,17.209
2025-05-02T18:00:00+02:00,17.202
2025-05-03T06:00:00+02:00,17.201
2025-05-03T18:00:00+02:00,17.205
2025-05-04T06:00:00+02:00,17.183
2025-05-04T18:00:00+02:00,17.181
2025-05-05T06:00:00+02:00,17.167
2025-05-05T18:00:00+02:00,17.158
2025-05-06T06:00:00+02:00,17.146
2025-05-06T18:00:00+02:00,17.139
2025-05-07T06:00:00+02:00,17.135
2025-05-07T18:00:00+02:00,17.138
2025-05-08T06:00:00+02:00,17.135
2025-05-08T18:00:00+02:00,17.13
2025-05-09T06:00:00+02:00,17.117
2025-05-09T18:00:00+02:00,17.109
2025-05-10T06:00:00+02:00,17.101
2025-05-10T18:00:00+02:00,17.105
2025-05-11T06:00:00+02:00,17.107
2025-05-11T18:00:00+02:00,17.114
2025-05-12T06:00:00+02:00,17.111
2025-05-12T18:00:00+02:00,17.1
2025-05-13T06:00:00+02:00,17.084
2025-05-13T18:00:00+02:00,17.071
2025-05-14T06:00:00+02:00,17.066
2025-05-14T18:00:00+02:00,17.061
2025-05-15T06:00:00+02:00,17.058
2025-05-15T18:00:00+02:00,17.048
2025-05-16T06:00:00+02:00,17.03
2025-05-16T18:00:00+02:00,17.036
2025-05-17T06:00:00+02:00,17.036
2025-05-17T18:00:00+02:00,17.028
2025-05-18T06:00:00+02:00,17.028
2025-05-18T18:00:00+02:00,17.027
2025-05-19T06:00:00+02:00,17.02
2025-05-19T18:00:00+02:00,17.011
2025-05-20T06:00:00+02:00,17.007
2025-05-20T18:00:00+02:00,17.002
2025-05-21T06:00:00+02:00,17.002
2025-05-21T18:00:00+02:00,17.003
2025-05-22T06:00:00+02:00,16.997
2025-05-22T18:00:00+02:00,16.982
2025-05-23T06:00:00+02:00,16.974
2025-05-23T18:00:00+02:00,16.968
2025-05-24T06:00:00+02:00,16.966
2025-05-24T18:00:00+02:00,16.975
2025-05-25T06:00:00+02:00,16.994
2025-05-25T18:00:00+02:00,16.999
2025-05-26T06:00:00+02:00,16.989
2025-05-26T18:00:00+02:00,16.97
2025-05-27T06:00:00+02:00,16.973
2025-05-27T18:00:00+02:00,16.975
2025-05-28T06:00:00+02:00,16.99
2025-05-28T18:00:00+02:00,16.986
2025-05-29T06:00:00+02:00,16.969
2025-05-29T18:00:00+02:00,16.974
2025-05-30T06:00:00+02:00,16.975
2025-05-30T18:00:00+02:00,16.973
2025-05-31T06:00:00+02:00,16.974
2025-05-31T18:00:00+02:00,16.98
2025-06-01T06:00:00+02:00,16.994
2025-06-01T18:00:00+02:00,16.98
2025-06-02T06:00:00+02:00,16.965
2025-06-02T18:00:00+02:00,16.954
2025-06-03T06:00:00+02:00,16.953
2025-06-03T18:00:00+02:00,16.957
2025-06-04T06:00:00+02:00,16.959
2025-06-04T18:00:00+02:00,16.953
2025-06-05T06:00:00+02:00,16.942
2025-06-05T18:00:00+02:00,16.937
2025-06-06T06:00:00+02:00,16.947
2025-06-06T18:00:00+02:00,16.926
2025-06-07T06:00:00+02:00,16.927
2025-06-07T18:00:00+02:00,16.938
2025-06-08T06:00:00+02:00,16.944
2025-06-08T18:00:00+02:00,16.919
2025-06-09T06:00:00+02:00,16.904
2025-06-09T18:00:00+02:00,16.902
2025-06-10T06:00:00+02:00,16.923
2025-06-10T18:00:00+02:00,16.925
2025-06-11T06:00:00+02:00,16.91
2025-06-11T18:00:00+02:00,16.903
2025-06-12T06:00:00+02:00,16.908
2025-06-12T18:00:00+02:00,16.917
2025-06-13T06:00:00+02:00,16.908
2025-06-13T18:00:00+02:00,16.898
2025-06-14T06:00:00+02:00,16.905
2025-06-14T18:00:00+02:00,16.897
2025-06-15T06:00:00+02:00,16.89
2025-06-15T18:00:00+02:00,16.882
2025-06-16T06:00:00+02:00,16.874
2025-06-16T18:00:00+02:00,16.862
2025-06-17T06:00:00+02:00,16.863
2025-06-17T18:00:00+02:00,16.865
2025-06-18T06:00:00+02:00,16.864
2025-06-18T18:00:00+02:00,16.859
2025-06-19T06:00:00+02:00,16.846
2025-06-19T18:00:00+02:00,16.835
2025-06-20T06:00:00+02:00,16.832
2025-06-20T18:00:00+02:00,16.826
2025-06-21T06:00:00+02:00,16.829
2025-06-21T18:00:00+02:00,16.832
2025-06-22T06:00:00+02:00,16.841
2025-06-22T18:00:00+02:00,16.832
2025-06-23T06:00:00+02:00,16.834
2025-06-23T18:00:00+02:00,16.821
2025-06-24T06:00:00+02:00,16.806
2025-06-24T18:00:00+02:00,16.803
2025-06-25T06:00:00+02:00,16.803
2025-06-25T18:00:00+02:00,16.793
2025-06-26T06:00:00+02:00,16.794
2025-06-26T18:00:00+02:00,16.79
2025-06-27T06:00:00+02:00,16.778
2025-06-27T18:00:00+02:00,16.773
2025-06-28T06:00:00+02:00,16.771
2025-06-28T18:00:00+02:00,16.766
2025-06-29T06:00:00+02:00,16.764
2025-06-29T18:00:00+02:00,16.761
2025-06-30T06:00:00+02:00,16.761
2025-06-30T18:00:00+02:00,16.761
2025-07-01T06:00:00+02:00,16.757
2025-07-01T18:00:00+02:00,16.749
2025-07-02T06:00:00+02:00,16.741
2025-07-02T18:00:00+02:00,16.734
2025-07-03T06:00:00+02:00,16.717
2025-07-03T18:00:00+02:00,16.704
2025-07-04T06:00:00+02:00,16.702
2025-07-04T18:00:00+02:00,16.713
2025-07-05T06:00:00+02:00,16.724
2025-07-05T18:00:00+02:00,16.735
2025-07-06T06:00:00+02:00,16.739
2025-07-06T18:00:00+02:00,16.751
2025-07-07T06:00:00+02:00,16.759
2025-07-07T18:00:00+02:00,16.743
2025-07-08T06:00:00+02:00,16.722
2025-07-08T18:00:00+02:00,16.708
2025-07-09T06:00:00+02:00,16.698
2025-07-09T18:00:00+02:00,16.69
2025-07-10T06:00:00+02:00,16.689
2025-07-10T18:00:00+02:00,16.687
2025-07-11T06:00:00+02:00,16.686
2025-07-11T18:00:00+02:00,16.685
2025-07-12T06:00:00+02:00,16.686
2025-07-12T18:00:00+02:00,16.689
2025-07-13T06:00:00+02:00,16.689
2025-07-13T18:00:00+02:00,16.682
2025-07-14T06:00:00+02:00,16.678
2025-07-14T18:00:00+02:00,16.662
2025-07-15T06:00:00+02:00,16.653
2025-07-15T18:00:00+02:00,16.64
2025-07-16T06:00:00+02:00,16.642
2025-07-16T18:00:00+02:00,16.642
2025-07-17T06:00:00+02:00,16.631
2025-07-17T18:00:00+02:00,16.623
2025-07-18T06:00:00+02:00,16.624
2025-07-18T18:00:00+02:00,16.62
2025-07-19T06:00:00+02:00,16.623
2025-07-19T18:00:00+02:00,16.624
2025-07-20T06:00:00+02:00,16.621
2025-07-20T18:00:00+02:00,16.62
2025-07-21T06:00:00+02:00,16.628
2025-07-21T18:00:00+02:00,16.638
2025-07-22T06:00:00+02:00,16.636
2025-07-22T18:00:00+02:00,16.624
2025-07-23T06:00:00+02:00,16.623
2025-07-23T18:00:00+02:00,16.621
2025-07-24T06:00:00+02:00,16.62
2025-07-24T18:00:00+02:00,16.618
2025-07-25T06:00:00+02:00,16.614
2025-07-25T18:00:00+02:00,16.603
2025-07-26T06:00:00+02:00,16.608
2025-07-26T18:00:00+02:00,16.612
2025-07-27T06:00:00+02:00,16.613
2025-07-27T18:00:00+02:00,16.608
2025-07-28T06:00:00+02:00,16.601
2025-07-28T18:00:00+02:00,16.59
2025-07-29T06:00:00+02:00,16.585
2025-07-29T18:00:00+02:00,16.584
2025-07-30T06:00:00+02:00,16.58
2025-07-30T18:00:00+02:00,16.576
2025-07-31T06:00:00+02:00,16.569
2025-07-31T18:00:00+02:00,16.569
2025-08-01T06:00:00+02:00,16.573
2025-08-01T18:00:00+02:00,16.576
2025-08-02T06:00:00+02:00,16.584
2025-08-02T18:00:00+02:00,16.584
2025-08-03T06:00:00+02:00,16.578
2025-08-03T18:00:00+02:00,16.578
2025-08-04T06:00:00+02:00,16.58
2025-08-04T18:00:00+02:00,16.582
2025-08-05T06:00:00+02:00,16.578
2025-08-05T18:00:00+02:00,16.564
2025-08-06T06:00:00+02:00,16.553
2025-08-06T18:00:00+02:00,16.55
2025-08-07T06:00:00+02:00,16.561
2025-08-07T18:00:00+02:00,16.564
2025-08-08T06:00:00+02:00,16.56
2025-08-08T18:00:00+02:00,16.544
2025-08-09T06:00:00+02:00,16.538
2025-08-09T18:00:00+02:00,16.53
2025-08-10T06:00:00+02:00,16.518
2025-08-10T18:00:00+02:00,16.508
2025-08-11T06:00:00+02:00,16.507
2025-08-11T18:00:00+02:00,16.505
2025-08-12T06:00:00+02:00,16.506
2025-08-12T18:00:00+02:00,16.506
2025-08-13T06:00:00+02:00,16.495
2025-08-13T18:00:00+02:00,16.482
2025-08-14T06:00:00+02:00,16.465
2025-08-14T18:00:00+02:00,16.463
2025-08-15T06:00:00+02:00,16.447
2025-08-15T18:00:00+02:00,16.437
2025-08-16T06:00:00+02:00,16.433
2025-08-16T18:00:00+02:00,16.432
2025-08-17T06:00:00+02:00,16.433
2025-08-17T18:00:00+02:00,16.434
2025-08-18T06:00:00+02:00,16.435
2025-08-18T18:00:00+02:00,16.434
2025-08-19T06:00:00+02:00,16.432
2025-08-19T18:00:00+02:00,16.43
2025-08-20T06:00:00+02:00,16.424
2025-08-20T18:00:00+02:00,16.42
2025-08-22T06:00:00+02:00,16.392
2025-08-22T18:00:00+02:00,16.385
2025-08-23T06:00:00+02:00,16.382
2025-08-23T18:00:00+02:00,16.377
2025-08-24T06:00:00+02:00,16.371
2025-08-24T18:00:00+02:00,16.366
2025-08-25T06:00:00+02:00,16.367
2025-08-25T18:00:00+02:00,16.365
2025-08-26T06:00:00+02:00,16.369
2025-08-26T18:00:00+02:00,16.373
2025-08-27T06:00:00+02:00,16.364
2025-08-27T18:00:00+02:00,16.362
2025-08-28T06:00:00+02:00,16.363
2025-08-28T18:00:00+02:00,16.356
2025-08-29T06:00:00+02:00,16.352
2025-08-29T18:00:00+02:00,16.372
2025-08-30T06:00:00+02:00,16.363
2025-08-30T18:00:00+02:00,16.376
2025-08-31T06:00:00+02:00,16.383
2025-08-31T18:00:00+02:00,16.383
2025-09-01T06:00:00+02:00,16.38
2025-09-01T18:00:00+02:00,16.371
2021-03-15T13:26:00+01:00,17.14
2021-09-16T14:22:00+02:00,16.65
2022-03-16T12:15:00+01:00,17.12
2022-09-14T15:13:00+02:00,16.23
2023-03-13T10:35:00+01:00,17.24
2023-09-14T12:32:00+02:00,16.83
2024-03-12T11:38:00+01:00,17.73
2024-09-17T13:21:00+02:00,17.17
2025-03-12T13:12:00+01:00,17.5
2021-01-01T06:00:00+01:00,16.509
2021-01-01T18:00:00+01:00,16.507
2021-03-14T06:00:00+01:00,17.142
2021-03-14T18:00:00+01:00,17.134
2021-03-15T06:00:00+01:00,17.147
2021-03-15T18:00:00+01:00,17.165
2021-03-16T06:00:00+01:00,17.169
2021-03-16T18:00:00+01:00,17.183
2021-03-17T06:00:00+01:00,17.202
2021-03-17T18:00:00+01:00,17.219
2021-03-18T06:00:00+01:00,17.233
2021-03-18T18:00:00+01:00,17.256
2021-03-19T06:00:00+01:00,17.25
2021-03-19T18:00:00+01:00,17.233
2021-03-20T06:00:00+01:00,17.219
2021-03-20T18:00:00+01:00,17.222
2021-03-21T06:00:00+01:00,17.229
2021-03-21T18:00:00+01:00,17.224
2021-03-22T06:00:00+01:00,17.222
2021-03-22T18:00:00+01:00,17.212
2021-03-23T06:00:00+01:00,17.208
2021-03-23T18:00:00+01:00,17.204
2021-03-24T06:00:00+01:00,17.203
2021-03-24T18:00:00+01:00,17.201
2021-03-25T06:00:00+01:00,17.2
2021-03-25T18:00:00+01:00,17.194
2021-03-26T06:00:00+01:00,17.194
2021-03-26T18:00:00+01:00,17.207
2021-03-27T06:00:00+01:00,17.183
2021-03-27T18:00:00+01:00,17.162
2021-03-28T07:00:00+02:00,17.155
2021-03-28T19:00:00+02:00,17.155
2021-03-29T07:00:00+02:00,17.148
2021-03-29T19:00:00+02:00,17.14
2021-03-30T07:00:00+02:00,17.13
2021-03-30T19:00:00+02:00,17.139
2021-03-31T07:00:00+02:00,17.153
2021-03-31T19:00:00+02:00,17.155
2022-09-13T07:00:00+02:00,16.272
2022-09-13T19:00:00+02:00,16.271
2023-07-19T01:00:00+02:00,16.63
2023-07-19T13:00:00+02:00,16.637
2023-08-27T01:00:00+02:00,16.989
2023-08-27T13:00:00+02:00,16.999
2023-09-13T01:00:00+02:00,16.921
2023-09-13T13:00:00+02:00,16.905
2023-09-14T01:00:00+02:00,16.9
2023-09-14T19:00:00+02:00,16.887
2023-09-15T07:00:00+02:00,16.893
2023-09-15T19:00:00+02:00,16.89
2023-09-16T07:00:00+02:00,16.898
2023-09-16T19:00:00+02:00,16.888
2023-09-17T07:00:00+02:00,16.886
2023-09-17T19:00:00+02:00,16.898
2023-09-18T07:00:00+02:00,16.909
2023-09-18T19:00:00+02:00,16.903
2023-09-19T07:00:00+02:00,16.877
2023-09-19T19:00:00+02:00,16.886
2023-09-20T07:00:00+02:00,16.879
2023-09-20T19:00:00+02:00,16.883
2023-09-21T07:00:00+02:00,16.897
2023-09-21T19:00:00+02:00,16.897
2024-09-17T01:00:00+02:00,17.193
2024-09-17T13:00:00+02:00,17.186
2025-03-12T02:00:00+01:00,17.507
2025-03-12T14:00:00+01:00,17.511
2025-03-12T18:00:00+01:00,17.512
2025-03-28T06:00:00+01:00,17.376
2025-03-28T18:00:00+01:00,17.376
2025-03-29T06:00:00+01:00,17.353
2025-03-29T18:00:00+01:00,17.34
2025-03-30T06:00:00+02:00,17.351
2025-03-30T18:00:00+02:00,17.33
2025-03-31T06:00:00+02:00,17.323
2025-03-31T18:00:00+02:00,17.309
2025-04-01T06:00:00+02:00,17.304
2025-04-01T18:00:00+02:00,17.306
2025-08-21T06:00:00+02:00,16.413
2025-08-21T18:00:00+02:00,16.405
