date,water_level_nap_m
2021-01-02T06:00:00+01:00,17.607
2021-01-02T18:00:00+01:00,17.611
2021-01-03T06:00:00+01:00,17.617
2021-01-03T18:00:00+01:00,17.619
2021-01-04T06:00:00+01:00,17.622
2021-01-04T18:00:00+01:00,17.628
2021-01-05T06:00:00+01:00,17.629
2021-01-05T18:00:00+01:00,17.631
2021-01-06T06:00:00+01:00,17.636
2021-01-06T18:00:00+01:00,17.642
2021-01-07T06:00:00+01:00,17.653
2021-01-07T18:00:00+01:00,17.65
2021-01-08T06:00:00+01:00,17.648
2021-01-08T18:00:00+01:00,17.638
2021-01-09T06:00:00+01:00,17.642
2021-01-09T18:00:00+01:00,17.646
2021-01-10T06:00:00+01:00,17.662
2021-01-10T18:00:00+01:00,17.667
2021-01-11T06:00:00+01:00,17.675
2021-01-11T18:00:00+01:00,17.696
2021-01-12T06:00:00+01:00,17.71
2021-01-12T18:00:00+01:00,17.687
2021-01-13T06:00:00+01:00,17.717
2021-01-13T18:00:00+01:00,17.736
2021-01-14T06:00:00+01:00,17.74
2021-01-14T18:00:00+01:00,17.754
2021-01-15T06:00:00+01:00,17.735
2021-01-15T18:00:00+01:00,17.743
2021-01-16T06:00:00+01:00,17.768
2021-01-16T18:00:00+01:00,17.79
2021-01-17T06:00:00+01:00,17.785
2021-01-17T18:00:00+01:00,17.764
2021-01-18T06:00:00+01:00,17.783
2021-01-18T18:00:00+01:00,17.796
2021-01-19T06:00:00+01:00,17.832
2021-01-19T18:00:00+01:00,17.83
2021-01-20T06:00:00+01:00,17.862
2021-01-20T18:00:00+01:00,17.881
2021-01-21T06:00:00+01:00,17.868
2021-01-21T18:00:00+01:00,17.905
2021-01-22T06:00:00+01:00,17.897
2021-01-22T18:00:00+01:00,17.911
2021-01-23T06:00:00+01:00,17.941
2021-01-23T18:00:00+01:00,17.955
2021-01-24T06:00:00+01:00,17.941
2021-01-24T18:00:00+01:00,17.977
2021-01-25T06:00:00+01:00,17.977
2021-01-25T18:00:00+01:00,17.978
2021-01-26T06:00:00+01:00,17.976
2021-01-26T18:00:00+01:00,17.992
2021-01-27T06:00:00+01:00,18.03
2021-01-27T18:00:00+01:00,18.025
2021-01-28T06:00:00+01:00,18.071
2021-01-28T18:00:00+01:00,18.07
2021-01-29T06:00:00+01:00,18.134
2021-01-29T18:00:00+01:00,18.168
2021-01-30T06:00:00+01:00,18.195
2021-01-30T18:00:00+01:00,18.199
2021-01-31T06:00:00+01:00,18.2
2021-01-31T18:00:00+01:00,18.236
2021-02-01T06:00:00+01:00,18.227
2021-02-01T18:00:00+01:00,18.173
2021-02-02T06:00:00+01:00,18.193
2021-02-02T18:00:00+01:00,18.207
2021-02-03T06:00:00+01:00,18.248
2021-02-03T18:00:00+01:00,18.263
2021-02-04T06:00:00+01:00,18.3
2021-02-04T18:00:00+01:00,18.337
2021-02-05T06:00:00+01:00,18.355
2021-02-05T18:00:00+01:00,18.349
2021-02-06T06:00:00+01:00,18.354
2021-02-06T18:00:00+01:00,18.365
2021-02-07T06:00:00+01:00,18.388
2021-02-07T18:00:00+01:00,18.389
2021-02-08T06:00:00+01:00,18.394
2021-02-08T18:00:00+01:00,18.375
2021-02-09T06:00:00+01:00,18.352
2021-02-09T18:00:00+01:00,18.349
2021-02-10T06:00:00+01:00,18.333
2021-02-10T18:00:00+01:00,18.285
2021-02-11T06:00:00+01:00,18.257
2021-02-11T18:00:00+01:00,18.258
2021-02-12T06:00:00+01:00,18.256
2021-02-12T18:00:00+01:00,18.242
2021-02-13T06:00:00+01:00,18.228
2021-02-13T18:00:00+01:00,18.224
2021-02-14T06:00:00+01:00,18.231
2021-02-14T18:00:00+01:00,18.24
2021-02-15T06:00:00+01:00,18.26
2021-02-15T18:00:00+01:00,18.255
2021-02-16T06:00:00+01:00,18.323
2021-02-16T18:00:00+01:00,18.387
2021-02-17T06:00:00+01:00,18.389
2021-02-17T18:00:00+01:00,18.405
2021-02-18T06:00:00+01:00,18.434
2021-02-18T18:00:00+01:00,18.44
2021-02-19T06:00:00+01:00,18.424
2021-02-19T18:00:00+01:00,18.441
2021-02-20T06:00:00+01:00,18.428
2021-02-20T18:00:00+01:00,18.43
2021-02-21T06:00:00+01:00,18.407
2021-02-21T18:00:00+01:00,18.399
2021-02-22T06:00:00+01:00,18.382
2021-02-22T18:00:00+01:00,18.346
2021-02-23T06:00:00+01:00,18.33
2021-02-23T18:00:00+01:00,18.317
2021-02-24T06:00:00+01:00,18.332
2021-02-24T18:00:00+01:00,18.336
2021-02-25T06:00:00+01:00,18.32
2021-02-25T18:00:00+01:00,18.294
2021-02-26T06:00:00+01:00,18.313
2021-02-26T18:00:00+01:00,18.302
2021-02-27T06:00:00+01:00,18.294
2021-02-27T18:00:00+01:00,18.294
2021-02-28T06:00:00+01:00,18.3
2021-02-28T18:00:00+01:00,18.303
2021-03-01T06:00:00+01:00,18.291
2021-03-01T18:00:00+01:00,18.292
2021-03-02T06:00:00+01:00,18.286
2021-03-02T18:00:00+01:00,18.277
2021-03-03T06:00:00+01:00,18.271
2021-03-03T18:00:00+01:00,18.27
2021-03-04T06:00:00+01:00,18.279
2021-03-04T18:00:00+01:00,18.292
2021-03-05T06:00:00+01:00,18.266
2021-03-05T18:00:00+01:00,18.246
2021-03-06T06:00:00+01:00,18.244
2021-03-06T18:00:00+01:00,18.255
2021-03-07T06:00:00+01:00,18.259
2021-03-07T18:00:00+01:00,18.255
2021-03-08T06:00:00+01:00,18.24
2021-03-08T18:00:00+01:00,18.242
2021-03-09T06:00:00+01:00,18.251
2021-03-09T18:00:00+01:00,18.236
2021-03-10T06:00:00+01:00,18.241
2021-03-10T18:00:00+01:00,18.275
2021-03-11T06:00:00+01:00,18.316
2021-03-11T18:00:00+01:00,18.27
2021-03-12T06:00:00+01:00,18.239
2021-03-12T18:00:00+01:00,18.269
2021-03-13T06:00:00+01:00,18.346
2021-03-13T18:00:00+01:00,18.349
2021-03-14T06:00:00+01:00,18.34
2021-03-14T18:00:00+01:00,18.339
2021-03-15T06:00:00+01:00,18.374
2021-03-15T18:00:00+01:00,18.372
2021-04-01T07:00:00+02:00,18.241
2021-04-01T19:00:00+02:00,18.223
2021-04-02T07:00:00+02:00,18.212
2021-04-02T19:00:00+02:00,18.209
2021-04-03T07:00:00+02:00,18.193
2021-04-03T19:00:00+02:00,18.195
2021-04-04T07:00:00+02:00,18.194
2021-04-04T19:00:00+02:00,18.219
2021-04-05T07:00:00+02:00,18.259
2021-04-05T19:00:00+02:00,18.191
2021-04-06T07:00:00+02:00,18.181
2021-04-06T19:00:00+02:00,18.188
2021-04-07T07:00:00+02:00,18.198
2021-04-07T19:00:00+02:00,18.224
2021-04-08T07:00:00+02:00,18.266
2021-04-08T19:00:00+02:00,18.305
2021-04-09T07:00:00+02:00,18.319
2021-04-09T19:00:00+02:00,18.321
2021-04-10T07:00:00+02:00,18.304
2021-04-10T19:00:00+02:00,18.336
2021-04-11T07:00:00+02:00,18.371
2021-04-11T19:00:00+02:00,18.362
2021-04-12T07:00:00+02:00,18.345
2021-04-12T19:00:00+02:00,18.336
2021-04-13T07:00:00+02:00,18.321
2021-04-13T19:00:00+02:00,18.331
2021-04-14T07:00:00+02:00,18.32
2021-04-14T19:00:00+02:00,18.32
2021-04-15T07:00:00+02:00,18.306
2021-04-15T19:00:00+02:00,18.312
2021-04-16T07:00:00+02:00,18.298
2021-04-16T19:00:00+02:00,18.303
2021-04-17T07:00:00+02:00,18.287
2021-04-17T19:00:00+02:00,18.295
2021-04-18T07:00:00+02:00,18.281
2021-04-18T19:00:00+02:00,18.28
2021-04-19T07:00:00+02:00,18.269
2021-04-19T19:00:00+02:00,18.266
2021-04-20T07:00:00+02:00,18.259
2021-04-20T19:00:00+02:00,18.262
2021-04-21T07:00:00+02:00,18.243
2021-04-21T19:00:00+02:00,18.221
2021-04-22T07:00:00+02:00,18.199
2021-04-22T19:00:00+02:00,18.192
2021-04-23T07:00:00+02:00,18.175
2021-04-23T19:00:00+02:00,18.19
2021-04-24T07:00:00+02:00,18.175
2021-04-24T19:00:00+02:00,18.184
2021-04-25T07:00:00+02:00,18.163
2021-04-25T19:00:00+02:00,18.173
2021-04-26T07:00:00+02:00,18.172
2021-04-26T19:00:00+02:00,18.189
2021-04-27T07:00:00+02:00,18.185
2021-04-27T19:00:00+02:00,18.185
2021-04-28T07:00:00+02:00,18.172
2021-04-28T19:00:00+02:00,18.172
2021-04-29T07:00:00+02:00,18.149
2021-04-29T19:00:00+02:00,18.115
2021-04-30T07:00:00+02:00,18.107
2021-04-30T19:00:00+02:00,18.101
2021-05-01T07:00:00+02:00,18.093
2021-05-01T19:00:00+02:00,18.091
2021-05-02T07:00:00+02:00,18.072
2021-05-02T19:00:00+02:00,18.068
2021-05-03T07:00:00+02:00,18.071
2021-05-03T19:00:00+02:00,18.112
2021-05-04T07:00:00+02:00,18.15
2021-05-04T19:00:00+02:00,18.101
2021-05-05T07:00:00+02:00,18.079
2021-05-05T19:00:00+02:00,18.065
2021-05-06T07:00:00+02:00,18.081
2021-05-06T19:00:00+02:00,18.089
2021-05-07T07:00:00+02:00,18.054
2021-05-07T19:00:00+02:00,18.05
2021-05-08T07:00:00+02:00,18.071
2021-05-08T19:00:00+02:00,18.101
2021-05-09T07:00:00+02:00,18.105
2021-05-09T19:00:00+02:00,18.105
2021-05-10T07:00:00+02:00,18.073
2021-05-10T19:00:00+02:00,18.056
2021-05-11T07:00:00+02:00,18.053
2021-05-11T19:00:00+02:00,18.043
2021-05-12T07:00:00+02:00,18.035
2021-05-12T19:00:00+02:00,18.033
2021-05-13T07:00:00+02:00,18.051
2021-05-13T19:00:00+02:00,18.037
2021-05-14T07:00:00+02:00,18.03
2021-05-14T19:00:00+02:00,18.025
2021-05-15T07:00:00+02:00,18.041
2021-05-15T19:00:00+02:00,18.068
2021-05-16T07:00:00+02:00,18.056
2021-05-16T19:00:00+02:00,18.057
2021-05-17T07:00:00+02:00,18.048
2021-05-17T19:00:00+02:00,18.009
2021-05-18T07:00:00+02:00,18.014
2021-05-18T19:00:00+02:00,18.004
2021-05-19T07:00:00+02:00,18.013
2021-05-19T19:00:00+02:00,18.007
2021-05-20T07:00:00+02:00,18.016
2021-05-20T19:00:00+02:00,18.068
2021-05-21T07:00:00+02:00,18.096
2021-05-21T19:00:00+02:00,18.099
2021-05-22T07:00:00+02:00,18.094
2021-05-22T19:00:00+02:00,18.058
2021-05-23T07:00:00+02:00,18.07
2021-05-23T19:00:00+02:00,18.101
2021-05-24T07:00:00+02:00,18.127
2021-05-24T19:00:00+02:00,18.122
2021-05-25T07:00:00+02:00,18.12
2021-05-25T19:00:00+02:00,18.119
2021-05-26T07:00:00+02:00,18.147
2021-05-26T19:00:00+02:00,18.133
2021-05-27T07:00:00+02:00,18.123
2021-05-27T19:00:00+02:00,18.106
2021-05-28T07:00:00+02:00,18.093
2021-05-28T19:00:00+02:00,18.096
2021-05-29T07:00:00+02:00,18.08
2021-05-29T19:00:00+02:00,18.065
2021-05-30T07:00:00+02:00,18.06
2021-05-30T19:00:00+02:00,18.058
2021-05-31T07:00:00+02:00,18.056
2021-05-31T19:00:00+02:00,18.051
2021-06-01T07:00:00+02:00,18.044
2021-06-01T19:00:00+02:00,18.037
2021-06-02T07:00:00+02:00,18.024
2021-06-02T19:00:00+02:00,18.001
2021-06-03T07:00:00+02:00,17.98
2021-06-03T19:00:00+02:00,17.966
2021-06-04T07:00:00+02:00,17.965
2021-06-04T19:00:00+02:00,17.968
2021-06-05T07:00:00+02:00,18.065
2021-06-05T19:00:00+02:00,18.096
2021-06-06T07:00:00+02:00,18.114
2021-06-06T19:00:00+02:00,18.118
2021-06-07T07:00:00+02:00,18.111
2021-06-07T19:00:00+02:00,18.097
2021-06-08T07:00:00+02:00,18.092
2021-06-08T19:00:00+02:00,18.076
2021-06-09T07:00:00+02:00,18.073
2021-06-09T19:00:00+02:00,18.041
2021-06-10T07:00:00+02:00,18.042
2021-06-10T19:00:00+02:00,18.014
2021-06-11T07:00:00+02:00,18.007
2021-06-11T19:00:00+02:00,17.981
2021-06-12T07:00:00+02:00,17.974
2021-06-12T19:00:00+02:00,17.936
2021-06-13T07:00:00+02:00,17.929
2021-06-13T19:00:00+02:00,17.928
2021-06-14T07:00:00+02:00,17.939
2021-06-14T19:00:00+02:00,17.917
2021-06-15T07:00:00+02:00,17.9
2021-06-15T19:00:00+02:00,17.891
2021-06-16T07:00:00+02:00,17.906
2021-06-16T19:00:00+02:00,17.88
2021-06-17T07:00:00+02:00,17.88
2021-06-17T19:00:00+02:00,17.837
2021-06-18T07:00:00+02:00,17.842
2021-06-18T19:00:00+02:00,17.836
2021-06-19T07:00:00+02:00,17.821
2021-06-19T19:00:00+02:00,17.832
2021-06-20T07:00:00+02:00,17.842
2021-06-20T19:00:00+02:00,17.827
2021-06-21T07:00:00+02:00,17.833
2021-06-21T19:00:00+02:00,17.866
2021-06-22T07:00:00+02:00,17.898
2021-06-22T19:00:00+02:00,17.909
2021-06-23T07:00:00+02:00,17.927
2021-06-23T19:00:00+02:00,17.943
2021-06-24T07:00:00+02:00,17.955
2021-06-24T19:00:00+02:00,17.958
2021-06-25T07:00:00+02:00,17.971
2021-06-25T19:00:00+02:00,17.951
2021-06-26T07:00:00+02:00,17.953
2021-06-26T19:00:00+02:00,17.939
2021-06-27T07:00:00+02:00,17.943
2021-06-27T19:00:00+02:00,17.921
2021-06-28T07:00:00+02:00,17.949
2021-06-28T19:00:00+02:00,17.958
2021-06-29T07:00:00+02:00,17.966
2021-06-29T19:00:00+02:00,17.958
2021-06-30T07:00:00+02:00,17.986
2021-06-30T19:00:00+02:00,18.011
2021-07-01T07:00:00+02:00,18.047
2021-07-01T19:00:00+02:00,18.082
2021-07-02T07:00:00+02:00,18.104
2021-07-02T19:00:00+02:00,18.112
2021-07-03T07:00:00+02:00,18.122
2021-07-03T19:00:00+02:00,18.117
2021-07-04T07:00:00+02:00,18.14
2021-07-04T19:00:00+02:00,18.158
2021-07-05T07:00:00+02:00,18.197
2021-07-05T19:00:00+02:00,18.22
2021-07-06T07:00:00+02:00,18.251
2021-07-06T19:00:00+02:00,18.204
2021-07-07T07:00:00+02:00,18.199
2021-07-07T19:00:00+02:00,18.169
2021-07-08T07:00:00+02:00,18.161
2021-07-08T19:00:00+02:00,18.147
2021-07-09T07:00:00+02:00,18.148
2021-07-09T19:00:00+02:00,18.139
2021-07-10T07:00:00+02:00,18.149
2021-07-10T19:00:00+02:00,18.132
2021-07-11T07:00:00+02:00,18.141
2021-07-11T19:00:00+02:00,18.138
2021-07-12T07:00:00+02:00,18.165
2021-07-12T19:00:00+02:00,18.147
2021-07-13T07:00:00+02:00,18.146
2021-07-13T19:00:00+02:00,18.138
2021-07-14T07:00:00+02:00,18.138
2021-07-14T19:00:00+02:00,18.147
2021-07-15T07:00:00+02:00,18.163
2021-07-15T19:00:00+02:00,18.375
2021-07-16T07:00:00+02:00,18.449
2021-07-16T19:00:00+02:00,18.463
2021-07-17T07:00:00+02:00,18.463
2021-07-17T19:00:00+02:00,18.45
2021-07-18T07:00:00+02:00,18.451
2021-07-18T19:00:00+02:00,18.433
2021-07-19T07:00:00+02:00,18.431
2021-07-19T19:00:00+02:00,18.421
2021-07-20T07:00:00+02:00,18.41
2021-07-20T19:00:00+02:00,18.389
2021-07-21T07:00:00+02:00,18.383
2021-07-21T19:00:00+02:00,18.364
2021-07-22T07:00:00+02:00,18.303
2021-07-22T19:00:00+02:00,18.291
2021-07-23T07:00:00+02:00,18.289
2021-07-23T19:00:00+02:00,18.295
2021-07-24T07:00:00+02:00,18.312
2021-07-24T19:00:00+02:00,18.27
2021-07-25T07:00:00+02:00,18.279
2021-07-25T19:00:00+02:00,18.258
2021-07-26T07:00:00+02:00,18.254
2021-07-26T19:00:00+02:00,18.228
2021-07-27T07:00:00+02:00,18.239
2021-07-27T19:00:00+02:00,18.199
2021-07-28T07:00:00+02:00,18.212
2021-07-28T19:00:00+02:00,18.199
2021-07-29T07:00:00+02:00,18.199
2021-07-29T19:00:00+02:00,18.177
2021-07-30T07:00:00+02:00,18.196
2021-07-30T19:00:00+02:00,18.167
2021-07-31T07:00:00+02:00,18.164
2021-07-31T19:00:00+02:00,18.146
2021-08-01T07:00:00+02:00,18.151
2021-08-01T19:00:00+02:00,18.114
2021-08-02T07:00:00+02:00,18.117
2021-08-02T19:00:00+02:00,18.11
2021-08-03T07:00:00+02:00,18.128
2021-08-03T19:00:00+02:00,18.109
2021-08-04T07:00:00+02:00,18.095
2021-08-04T19:00:00+02:00,18.095
2021-08-05T07:00:00+02:00,18.088
2021-08-05T19:00:00+02:00,18.096
2021-08-06T07:00:00+02:00,18.105
2021-08-06T19:00:00+02:00,18.073
2021-08-07T07:00:00+02:00,18.071
2021-08-07T19:00:00+02:00,18.063
2021-08-08T07:00:00+02:00,18.05
2021-08-08T19:00:00+02:00,18.028
2021-08-09T07:00:00+02:00,18.035
2021-08-09T19:00:00+02:00,18.017
2021-08-10T07:00:00+02:00,18.021
2021-08-10T19:00:00+02:00,18.009
2021-08-11T07:00:00+02:00,18.017
2021-08-11T19:00:00+02:00,17.993
2021-08-12T07:00:00+02:00,18.013
2021-08-12T19:00:00+02:00,17.975
2021-08-13T07:00:00+02:00,17.983
2021-08-13T19:00:00+02:00,17.974
2021-08-14T07:00:00+02:00,17.98
2021-08-14T19:00:00+02:00,17.965
2021-08-15T07:00:00+02:00,17.988
2021-08-15T19:00:00+02:00,17.969
2021-08-16T07:00:00+02:00,17.981
2021-08-16T19:00:00+02:00,17.943
2021-08-17T07:00:00+02:00,17.953
2021-08-17T19:00:00+02:00,17.956
2021-08-18T07:00:00+02:00,17.964
2021-08-18T19:00:00+02:00,17.96
2021-08-19T07:00:00+02:00,17.966
2021-08-19T19:00:00+02:00,17.953
2021-08-20T07:00:00+02:00,17.944
2021-08-20T19:00:00+02:00,17.91
2021-08-21T07:00:00+02:00,17.934
2021-08-21T19:00:00+02:00,17.913
2021-08-22T07:00:00+02:00,17.92
2021-08-22T19:00:00+02:00,17.907
2021-08-23T07:00:00+02:00,17.897
2021-08-23T19:00:00+02:00,17.893
2021-08-24T07:00:00+02:00,17.905
2021-08-24T19:00:00+02:00,17.904
2021-08-25T07:00:00+02:00,17.917
2021-08-25T19:00:00+02:00,17.906
2021-08-26T07:00:00+02:00,17.928
2021-08-26T19:00:00+02:00,17.907
2021-08-27T07:00:00+02:00,17.894
2021-08-27T19:00:00+02:00,17.881
2021-08-28T07:00:00+02:00,17.874
2021-08-28T19:00:00+02:00,17.877
2021-08-29T07:00:00+02:00,17.879
2021-08-29T19:00:00+02:00,17.885
2021-08-30T07:00:00+02:00,17.875
2021-08-30T19:00:00+02:00,17.855
2021-08-31T07:00:00+02:00,17.849
2021-08-31T19:00:00+02:00,17.85
2021-09-01T07:00:00+02:00,17.845
2021-09-01T19:00:00+02:00,17.826
2021-09-02T07:00:00+02:00,17.843
2021-09-02T19:00:00+02:00,17.845
2021-09-03T07:00:00+02:00,17.841
2021-09-03T19:00:00+02:00,17.838
2021-09-04T07:00:00+02:00,17.823
2021-09-04T19:00:00+02:00,17.828
2021-09-05T07:00:00+02:00,17.807
2021-09-05T19:00:00+02:00,17.784
2021-09-06T07:00:00+02:00,17.787
2021-09-06T19:00:00+02:00,17.787
2021-09-07T07:00:00+02:00,17.785
2021-09-07T19:00:00+02:00,17.778
2021-09-08T07:00:00+02:00,17.779
2021-09-08T19:00:00+02:00,17.779
2021-09-09T07:00:00+02:00,17.771
2021-09-09T19:00:00+02:00,17.752
2021-09-10T07:00:00+02:00,17.75
2021-09-10T19:00:00+02:00,17.743
2021-09-11T07:00:00+02:00,17.733
2021-09-11T19:00:00+02:00,17.734
2021-09-12T07:00:00+02:00,17.734
2021-09-12T19:00:00+02:00,17.734
2021-09-13T07:00:00+02:00,17.726
2021-09-13T19:00:00+02:00,17.725
2021-09-14T07:00:00+02:00,17.735
2021-09-14T19:00:00+02:00,17.709
2021-09-15T07:00:00+02:00,17.722
2021-09-15T19:00:00+02:00,17.703
2021-09-16T07:00:00+02:00,17.696
2021-09-16T19:00:00+02:00,17.692
2021-09-17T07:00:00+02:00,17.702
2021-09-17T19:00:00+02:00,17.698
2021-09-18T07:00:00+02:00,17.692
2021-09-18T19:00:00+02:00,17.692
2021-09-19T07:00:00+02:00,17.697
2021-09-19T19:00:00+02:00,17.672
2021-09-21T01:00:00+02:00,17.567
2021-09-21T13:00:00+02:00,17.572
2021-09-22T01:00:00+02:00,17.567
2021-09-22T13:00:00+02:00,17.636
2021-09-23T01:00:00+02:00,17.577
2021-09-23T13:00:00+02:00,17.594
2021-09-24T01:00:00+02:00,17.566
2021-09-24T13:00:00+02:00,17.583
2021-09-25T01:00:00+02:00,17.562
2021-09-25T13:00:00+02:00,17.587
2021-09-26T01:00:00+02:00,17.559
2021-09-26T13:00:00+02:00,17.551
2021-09-27T01:00:00+02:00,17.548
2021-09-27T13:00:00+02:00,17.466
2021-09-28T01:00:00+02:00,17.526
2021-09-28T13:00:00+02:00,17.593
2021-09-29T01:00:00+02:00,17.547
2021-09-29T13:00:00+02:00,17.45
2021-09-30T01:00:00+02:00,17.521
2021-09-30T13:00:00+02:00,17.593
2021-10-01T01:00:00+02:00,17.544
2021-10-01T13:00:00+02:00,17.569
2021-10-02T01:00:00+02:00,17.535
2021-10-02T13:00:00+02:00,17.686
2021-10-03T01:00:00+02:00,17.58
2021-10-03T13:00:00+02:00,17.546
2021-10-04T01:00:00+02:00,17.541
2021-10-04T13:00:00+02:00,17.586
2021-10-05T01:00:00+02:00,17.57
2021-10-05T13:00:00+02:00,17.549
2021-10-06T01:00:00+02:00,17.577
2021-10-06T13:00:00+02:00,17.476
2021-10-07T01:00:00+02:00,17.566
2021-10-07T13:00:00+02:00,17.56
2021-10-08T01:00:00+02:00,17.592
2021-10-08T13:00:00+02:00,17.635
2021-10-09T01:00:00+02:00,17.623
2021-10-09T13:00:00+02:00,17.64
2021-10-10T01:00:00+02:00,17.631
2021-10-10T13:00:00+02:00,17.646
2021-10-11T01:00:00+02:00,17.641
2021-10-11T13:00:00+02:00,17.665
2021-10-12T01:00:00+02:00,17.652
2021-10-12T13:00:00+02:00,17.618
2021-10-13T01:00:00+02:00,17.646
2021-10-13T13:00:00+02:00,17.641
2021-10-14T01:00:00+02:00,17.644
2021-10-14T13:00:00+02:00,17.721
2021-10-15T01:00:00+02:00,17.674
2021-10-15T13:00:00+02:00,17.618
2021-10-16T01:00:00+02:00,17.647
2021-10-16T13:00:00+02:00,17.67
2021-10-17T01:00:00+02:00,17.653
2021-10-17T13:00:00+02:00,17.64
2021-10-18T01:00:00+02:00,17.64
2021-10-18T13:00:00+02:00,17.674
2021-10-19T01:00:00+02:00,17.648
2021-10-19T13:00:00+02:00,17.709
2021-10-20T01:00:00+02:00,17.671
2021-10-20T13:00:00+02:00,17.691
2021-10-21T01:00:00+02:00,17.733
2021-10-21T13:00:00+02:00,17.532
2021-10-22T01:00:00+02:00,17.636
2021-10-22T13:00:00+02:00,17.567
2021-10-23T01:00:00+02:00,17.637
2021-10-23T13:00:00+02:00,17.664
2021-10-24T01:00:00+02:00,17.673
2021-10-24T13:00:00+02:00,17.732
2021-10-25T01:00:00+02:00,17.701
2021-10-25T13:00:00+02:00,17.707
2021-10-26T01:00:00+02:00,17.707
2021-10-26T13:00:00+02:00,17.687
2021-10-27T01:00:00+02:00,17.699
2021-10-27T13:00:00+02:00,17.728
2021-10-28T01:00:00+02:00,17.705
2021-10-28T13:00:00+02:00,17.776
2021-10-29T01:00:00+02:00,17.726
2021-10-29T13:00:00+02:00,17.728
2021-10-30T01:00:00+02:00,17.72
2021-10-30T13:00:00+02:00,17.671
2021-10-31T01:00:00+02:00,17.712
2021-10-31T12:00:00+01:00,17.769
2021-11-01T00:00:00+01:00,17.741
2021-11-01T12:00:00+01:00,17.756
2021-11-02T00:00:00+01:00,17.765
2021-11-02T12:00:00+01:00,17.772
2021-11-03T00:00:00+01:00,17.77
2021-11-03T12:00:00+01:00,17.774
2021-11-04T00:00:00+01:00,17.769
2021-11-04T12:00:00+01:00,17.762
2021-11-05T00:00:00+01:00,17.738
2021-11-05T12:00:00+01:00,17.727
2021-11-06T00:00:00+01:00,17.722
2021-11-06T12:00:00+01:00,17.741
2021-11-07T00:00:00+01:00,17.769
2021-11-07T12:00:00+01:00,17.767
2021-11-08T00:00:00+01:00,17.749
2021-11-08T12:00:00+01:00,17.749
2021-11-09T00:00:00+01:00,17.743
2021-11-09T12:00:00+01:00,17.744
2021-11-10T00:00:00+01:00,17.75
2021-11-10T12:00:00+01:00,17.75
2021-11-11T00:00:00+01:00,17.748
2021-11-11T12:00:00+01:00,17.744
2021-11-12T00:00:00+01:00,17.754
2021-11-12T12:00:00+01:00,17.775
2021-11-13T00:00:00+01:00,17.781
2021-11-13T12:00:00+01:00,17.769
2021-11-14T00:00:00+01:00,17.758
2021-11-14T12:00:00+01:00,17.749
2021-11-15T00:00:00+01:00,17.751
2021-11-15T12:00:00+01:00,17.763
2021-11-16T00:00:00+01:00,17.77
2021-11-16T12:00:00+01:00,17.784
2021-11-17T00:00:00+01:00,17.783
2021-11-17T12:00:00+01:00,17.78
2021-11-18T00:00:00+01:00,17.768
2021-11-18T12:00:00+01:00,17.772
2021-11-19T00:00:00+01:00,17.769
2021-11-19T12:00:00+01:00,17.766
2021-11-20T00:00:00+01:00,17.773
2021-11-20T12:00:00+01:00,17.793
2021-11-21T00:00:00+01:00,17.811
2021-11-21T12:00:00+01:00,17.8
2021-11-22T00:00:00+01:00,17.771
2021-11-22T12:00:00+01:00,17.757
2021-11-23T00:00:00+01:00,17.749
2021-11-23T12:00:00+01:00,17.756
2021-11-24T00:00:00+01:00,17.764
2021-11-24T12:00:00+01:00,17.788
2021-11-25T00:00:00+01:00,17.796
2021-11-25T12:00:00+01:00,17.795
2021-11-26T00:00:00+01:00,17.807
2021-11-26T12:00:00+01:00,17.848
2021-11-27T00:00:00+01:00,17.833
2021-11-27T12:00:00+01:00,17.811
2021-11-28T00:00:00+01:00,17.798
2021-11-28T12:00:00+01:00,17.793
2021-11-29T00:00:00+01:00,17.776
2021-11-29T12:00:00+01:00,17.767
2021-11-30T00:00:00+01:00,17.779
2021-11-30T12:00:00+01:00,17.794
2021-12-01T00:00:00+01:00,17.838
2021-12-01T12:00:00+01:00,17.854
2021-12-02T00:00:00+01:00,17.844
2021-12-02T12:00:00+01:00,17.853
2021-12-03T00:00:00+01:00,17.856
2021-12-03T12:00:00+01:00,17.892
2021-12-04T00:00:00+01:00,17.908
2021-12-04T12:00:00+01:00,17.922
2021-12-05T00:00:00+01:00,17.914
2021-12-05T12:00:00+01:00,17.908
2021-12-06T00:00:00+01:00,17.892
2021-12-06T12:00:00+01:00,17.918
2021-12-07T00:00:00+01:00,17.935
2021-12-07T12:00:00+01:00,17.952
2021-12-08T00:00:00+01:00,17.994
2021-12-08T12:00:00+01:00,17.975
2021-12-09T00:00:00+01:00,17.974
2021-12-09T12:00:00+01:00,17.981
2021-12-10T00:00:00+01:00,18.011
2021-12-10T12:00:00+01:00,18.004
2021-12-11T00:00:00+01:00,17.943
2021-12-11T12:00:00+01:00,17.92
2021-12-12T00:00:00+01:00,17.931
2021-12-12T12:00:00+01:00,17.94
2021-12-13T00:00:00+01:00,17.933
2021-12-13T12:00:00+01:00,17.941
2021-12-14T00:00:00+01:00,17.953
2021-12-14T12:00:00+01:00,17.956
2021-12-15T00:00:00+01:00,17.953
2021-12-15T12:00:00+01:00,17.951
2021-12-16T00:00:00+01:00,17.944
2021-12-16T12:00:00+01:00,17.939
2021-12-17T00:00:00+01:00,17.934
2021-12-17T12:00:00+01:00,17.937
2021-12-18T00:00:00+01:00,17.939
2021-12-18T12:00:00+01:00,17.948
2021-12-19T00:00:00+01:00,17.955
2021-12-19T12:00:00+01:00,17.974
2021-12-20T00:00:00+01:00,17.974
2021-12-20T12:00:00+01:00,17.96
2021-12-21T00:00:00+01:00,17.959
2021-12-21T12:00:00+01:00,17.961
2021-12-22T00:00:00+01:00,17.949
2021-12-22T12:00:00+01:00,17.955
2021-12-23T00:00:00+01:00,17.973
2021-12-23T12:00:00+01:00,17.991
2021-12-24T00:00:00+01:00,17.986
2021-12-24T12:00:00+01:00,17.972
2021-12-25T00:00:00+01:00,17.96
2021-12-25T12:00:00+01:00,17.945
2021-12-26T00:00:00+01:00,17.958
2021-12-26T12:00:00+01:00,17.97
2021-12-27T00:00:00+01:00,17.987
2021-12-27T12:00:00+01:00,18.003
2021-12-28T00:00:00+01:00,18.009
2021-12-28T12:00:00+01:00,18.021
2021-12-29T00:00:00+01:00,17.969
2021-12-29T12:00:00+01:00,18.002
2021-12-30T00:00:00+01:00,18.011
2021-12-30T12:00:00+01:00,18.041
2021-12-31T00:00:00+01:00,18.059
2021-12-31T12:00:00+01:00,18.082
2022-01-02T00:00:00+01:00,18.099
2022-01-02T12:00:00+01:00,18.111
2022-01-03T00:00:00+01:00,18.101
2022-01-03T12:00:00+01:00,18.115
2022-01-04T00:00:00+01:00,18.139
2022-01-04T12:00:00+01:00,18.129
2022-01-05T00:00:00+01:00,18.103
2022-01-05T12:00:00+01:00,18.086
2022-01-06T00:00:00+01:00,18.06
2022-01-06T12:00:00+01:00,18.066
2022-01-07T00:00:00+01:00,18.102
2022-01-07T12:00:00+01:00,18.109
2022-01-08T00:00:00+01:00,18.11
2022-01-08T12:00:00+01:00,18.15
2022-01-09T00:00:00+01:00,18.186
2022-01-09T12:00:00+01:00,18.156
2022-01-10T00:00:00+01:00,18.154
2022-01-10T12:00:00+01:00,18.138
2022-01-11T00:00:00+01:00,18.137
2022-01-11T12:00:00+01:00,18.146
2022-01-12T00:00:00+01:00,18.147
2022-01-12T12:00:00+01:00,18.132
2022-01-13T00:00:00+01:00,18.136
2022-01-13T12:00:00+01:00,18.143
2022-01-14T00:00:00+01:00,18.154
2022-01-14T12:00:00+01:00,18.155
2022-01-15T00:00:00+01:00,18.166
2022-01-15T12:00:00+01:00,18.173
2022-01-16T00:00:00+01:00,18.175
2022-01-16T12:00:00+01:00,18.15
2022-01-17T00:00:00+01:00,18.121
2022-01-17T12:00:00+01:00,18.109
2022-01-18T00:00:00+01:00,18.102
2022-01-18T12:00:00+01:00,18.105
2022-01-19T00:00:00+01:00,18.13
2022-01-19T12:00:00+01:00,18.157
2022-01-20T00:00:00+01:00,18.119
2022-01-20T12:00:00+01:00,18.099
2022-01-21T00:00:00+01:00,18.082
2022-01-21T12:00:00+01:00,18.087
2022-01-22T00:00:00+01:00,18.088
2022-01-22T12:00:00+01:00,18.084
2022-01-23T00:00:00+01:00,18.076
2022-01-23T12:00:00+01:00,18.074
2022-01-24T00:00:00+01:00,18.078
2022-01-24T12:00:00+01:00,18.079
2022-01-25T00:00:00+01:00,18.07
2022-01-25T12:00:00+01:00,18.065
2022-01-26T00:00:00+01:00,18.064
2022-01-26T12:00:00+01:00,18.066
2022-01-27T00:00:00+01:00,18.08
2022-01-27T12:00:00+01:00,18.088
2022-01-28T00:00:00+01:00,18.041
2022-01-28T12:00:00+01:00,18.036
2022-01-29T00:00:00+01:00,18.062
2022-01-29T12:00:00+01:00,18.08
2022-01-30T00:00:00+01:00,18.037
2022-01-30T12:00:00+01:00,18.03
2022-01-31T00:00:00+01:00,18.104
2022-01-31T12:00:00+01:00,18.076
2022-02-01T00:00:00+01:00,18.05
2022-02-01T12:00:00+01:00,18.105
2022-02-02T00:00:00+01:00,18.09
2022-02-02T12:00:00+01:00,18.086
2022-02-03T00:00:00+01:00,18.099
2022-02-03T12:00:00+01:00,18.133
2022-02-04T00:00:00+01:00,18.134
2022-02-04T12:00:00+01:00,18.164
2022-02-05T00:00:00+01:00,18.102
2022-02-05T12:00:00+01:00,18.104
2022-02-06T00:00:00+01:00,18.149
2022-02-06T12:00:00+01:00,18.197
2022-02-07T00:00:00+01:00,18.189
2022-02-07T12:00:00+01:00,18.209
2022-02-08T00:00:00+01:00,18.251
2022-02-08T12:00:00+01:00,18.266
2022-02-09T00:00:00+01:00,18.27
2022-02-09T12:00:00+01:00,18.273
2022-02-11T00:00:00+01:00,18.27
2022-02-11T12:00:00+01:00,18.237
2022-02-12T00:00:00+01:00,18.253
2022-02-12T12:00:00+01:00,18.286
2022-02-13T00:00:00+01:00,18.295
2022-02-13T12:00:00+01:00,18.314
2022-02-14T00:00:00+01:00,18.321
2022-02-14T12:00:00+01:00,18.28
2022-02-15T00:00:00+01:00,18.256
2022-02-15T12:00:00+01:00,18.25
2022-02-16T00:00:00+01:00,18.286
2022-02-16T12:00:00+01:00,18.326
2022-02-17T00:00:00+01:00,18.349
2022-02-17T12:00:00+01:00,18.335
2022-02-18T00:00:00+01:00,18.353
2022-02-18T12:00:00+01:00,18.424
2022-02-19T00:00:00+01:00,18.339
2022-02-19T12:00:00+01:00,18.331
2022-02-20T00:00:00+01:00,18.35
2022-02-20T12:00:00+01:00,18.424
2022-02-21T00:00:00+01:00,18.473
2022-02-21T12:00:00+01:00,18.528
2022-02-23T00:00:00+01:00,18.497
2022-02-23T12:00:00+01:00,18.509
2022-02-24T00:00:00+01:00,18.543
2022-02-24T12:00:00+01:00,18.567
2022-02-25T00:00:00+01:00,18.509
2022-02-25T12:00:00+01:00,18.49
2022-02-26T00:00:00+01:00,18.469
2022-02-26T12:00:00+01:00,18.467
2022-02-27T00:00:00+01:00,18.479
2022-02-27T12:00:00+01:00,18.48
2022-02-28T00:00:00+01:00,18.458
2022-02-28T12:00:00+01:00,18.455
2022-03-01T00:00:00+01:00,18.452
2022-03-01T12:00:00+01:00,18.44
2022-03-02T00:00:00+01:00,18.444
2022-03-02T12:00:00+01:00,18.445
2022-03-03T00:00:00+01:00,18.438
2022-03-03T12:00:00+01:00,18.427
2022-03-04T00:00:00+01:00,18.402
2022-03-04T12:00:00+01:00,18.391
2022-03-05T00:00:00+01:00,18.386
2022-03-05T12:00:00+01:00,18.373
2022-03-06T00:00:00+01:00,18.352
2022-03-06T12:00:00+01:00,18.34
2022-03-09T00:00:00+01:00,18.315
2022-03-09T12:00:00+01:00,18.312
2022-03-10T00:00:00+01:00,18.298
2022-03-10T12:00:00+01:00,18.305
2022-03-11T00:00:00+01:00,18.316
2022-03-11T12:00:00+01:00,18.325
2022-03-12T00:00:00+01:00,18.301
2022-03-12T12:00:00+01:00,18.276
2022-03-13T00:00:00+01:00,18.281
2022-03-13T12:00:00+01:00,18.292
2022-03-14T00:00:00+01:00,18.26
2022-03-14T12:00:00+01:00,18.226
2022-03-15T00:00:00+01:00,18.232
2022-03-15T12:00:00+01:00,18.252
2022-03-16T00:00:00+01:00,18.234
2022-03-16T12:00:00+01:00,18.235
2022-03-17T00:00:00+01:00,18.237
2022-03-17T12:00:00+01:00,18.09
2022-03-19T06:00:00+01:00,18.094
2022-03-19T18:00:00+01:00,18.117
2022-03-20T06:00:00+01:00,18.136
2022-03-20T18:00:00+01:00,18.106
2022-03-21T06:00:00+01:00,18.087
2022-03-21T18:00:00+01:00,18.085
2022-03-22T06:00:00+01:00,18.073
2022-03-22T18:00:00+01:00,18.08
2022-03-23T06:00:00+01:00,18.069
2022-03-23T18:00:00+01:00,18.069
2022-03-24T06:00:00+01:00,18.063
2022-03-24T18:00:00+01:00,18.06
2022-03-25T06:00:00+01:00,18.048
2022-03-25T18:00:00+01:00,18.047
2022-03-26T06:00:00+01:00,18.037
2022-03-26T18:00:00+01:00,18.04
2022-03-27T07:00:00+02:00,18.031
2022-03-27T19:00:00+02:00,18.045
2022-03-28T07:00:00+02:00,18.052
2022-03-28T19:00:00+02:00,18.063
2022-03-29T07:00:00+02:00,18.07
2022-03-29T19:00:00+02:00,18.072
2022-03-30T07:00:00+02:00,18.068
2022-03-30T19:00:00+02:00,18.065
2022-03-31T07:00:00+02:00,18.055
2022-03-31T19:00:00+02:00,18.042
2022-04-01T07:00:00+02:00,18.004
2022-04-01T19:00:00+02:00,17.987
2022-04-02T07:00:00+02:00,17.979
2022-04-02T19:00:00+02:00,17.973
2022-04-03T07:00:00+02:00,17.97
2022-04-03T19:00:00+02:00,17.986
2022-04-04T07:00:00+02:00,18.025
2022-04-04T19:00:00+02:00,18.031
2022-04-05T07:00:00+02:00,18.021
2022-04-05T19:00:00+02:00,18.046
2022-04-06T07:00:00+02:00,18.074
2022-04-06T19:00:00+02:00,18.107
2022-04-07T07:00:00+02:00,18.16
2022-04-07T19:00:00+02:00,18.132
2022-04-08T07:00:00+02:00,18.134
2022-04-08T19:00:00+02:00,18.143
2022-04-09T07:00:00+02:00,18.099
2022-04-09T19:00:00+02:00,18.089
2022-04-10T07:00:00+02:00,18.078
2022-04-10T19:00:00+02:00,18.087
2022-04-11T07:00:00+02:00,18.097
2022-04-11T19:00:00+02:00,18.111
2022-04-12T07:00:00+02:00,18.112
2022-04-12T19:00:00+02:00,18.099
2022-04-13T07:00:00+02:00,18.07
2022-04-13T19:00:00+02:00,18.057
2022-04-14T07:00:00+02:00,18.047
2022-04-14T19:00:00+02:00,18.037
2022-04-15T07:00:00+02:00,18.018
2022-04-15T19:00:00+02:00,18.02
2022-04-16T07:00:00+02:00,18.01
2022-04-16T19:00:00+02:00,18.018
2022-04-18T07:00:00+02:00,18.03
2022-04-18T19:00:00+02:00,18.03
2022-04-19T07:00:00+02:00,18.019
2022-04-19T19:00:00+02:00,18.009
2022-04-20T07:00:00+02:00,17.988
2022-04-20T19:00:00+02:00,17.995
2022-04-21T07:00:00+02:00,17.987
2022-04-21T19:00:00+02:00,17.983
2022-04-22T07:00:00+02:00,17.984
2022-04-22T19:00:00+02:00,17.982
2022-04-23T07:00:00+02:00,17.972
2022-04-23T19:00:00+02:00,17.965
2022-04-24T07:00:00+02:00,17.952
2022-04-24T19:00:00+02:00,17.931
2022-04-25T07:00:00+02:00,17.918
2022-04-25T19:00:00+02:00,17.913
2022-04-26T07:00:00+02:00,17.9
2022-04-26T19:00:00+02:00,17.884
2022-04-27T07:00:00+02:00,17.877
2022-04-27T19:00:00+02:00,17.876
2022-04-28T07:00:00+02:00,17.867
2022-04-28T19:00:00+02:00,17.871
2022-04-29T07:00:00+02:00,17.873
2022-04-29T19:00:00+02:00,17.873
2022-04-30T07:00:00+02:00,17.861
2022-04-30T19:00:00+02:00,17.866
2022-05-01T07:00:00+02:00,17.861
2022-05-01T19:00:00+02:00,17.863
2022-05-02T07:00:00+02:00,17.858
2022-05-02T19:00:00+02:00,17.855
2022-05-03T07:00:00+02:00,17.84
2022-05-03T19:00:00+02:00,17.833
2022-05-04T07:00:00+02:00,17.83
2022-05-04T19:00:00+02:00,17.821
2022-05-05T07:00:00+02:00,17.805
2022-05-05T19:00:00+02:00,17.795
2022-05-06T07:00:00+02:00,17.786
2022-05-06T19:00:00+02:00,17.796
2022-05-07T07:00:00+02:00,17.787
2022-05-07T19:00:00+02:00,17.777
2022-05-08T07:00:00+02:00,17.762
2022-05-08T19:00:00+02:00,17.768
2022-05-09T07:00:00+02:00,17.766
2022-05-09T19:00:00+02:00,17.765
2022-05-10T07:00:00+02:00,17.772
2022-05-10T19:00:00+02:00,17.756
2022-05-11T07:00:00+02:00,17.759
2022-05-11T19:00:00+02:00,17.738
2022-05-12T07:00:00+02:00,17.703
2022-05-12T19:00:00+02:00,17.709
2022-05-13T07:00:00+02:00,17.699
2022-05-13T19:00:00+02:00,17.691
2022-05-14T07:00:00+02:00,17.683
2022-05-14T19:00:00+02:00,17.675
2022-05-15T07:00:00+02:00,17.676
2022-05-15T19:00:00+02:00,17.681
2022-05-16T07:00:00+02:00,17.668
2022-05-16T19:00:00+02:00,17.638
2022-05-17T07:00:00+02:00,17.635
2022-05-17T19:00:00+02:00,17.643
2022-05-18T07:00:00+02:00,17.621
2022-05-18T19:00:00+02:00,17.614
2022-05-19T07:00:00+02:00,17.627
2022-05-19T19:00:00+02:00,17.595
2022-05-20T07:00:00+02:00,17.617
2022-05-20T19:00:00+02:00,17.602
2022-05-21T07:00:00+02:00,17.611
2022-05-21T19:00:00+02:00,17.608
2022-05-22T07:00:00+02:00,17.618
2022-05-22T19:00:00+02:00,17.621
2022-05-23T07:00:00+02:00,17.643
2022-05-23T19:00:00+02:00,17.619
2022-05-24T07:00:00+02:00,17.622
2022-05-24T19:00:00+02:00,17.608
2022-05-25T07:00:00+02:00,17.61
2022-05-25T19:00:00+02:00,17.598
2022-05-26T07:00:00+02:00,17.591
2022-05-26T19:00:00+02:00,17.593
2022-05-27T07:00:00+02:00,17.597
2022-05-27T19:00:00+02:00,17.583
2022-05-28T07:00:00+02:00,17.593
2022-05-28T19:00:00+02:00,17.586
2022-05-29T07:00:00+02:00,17.599
2022-05-29T19:00:00+02:00,17.602
2022-05-30T07:00:00+02:00,17.603
2022-05-30T19:00:00+02:00,17.59
2022-05-31T07:00:00+02:00,17.592
2022-05-31T19:00:00+02:00,17.569
2022-06-01T07:00:00+02:00,17.574
2022-06-01T19:00:00+02:00,17.558
2022-06-02T07:00:00+02:00,17.552
2022-06-02T19:00:00+02:00,17.55
2022-06-03T07:00:00+02:00,17.556
2022-06-03T19:00:00+02:00,17.537
2022-06-04T07:00:00+02:00,17.527
2022-06-04T19:00:00+02:00,17.527
2022-06-05T07:00:00+02:00,17.538
2022-06-05T19:00:00+02:00,17.548
2022-06-06T07:00:00+02:00,17.657
2022-06-06T19:00:00+02:00,17.701
2022-06-07T07:00:00+02:00,17.738
2022-06-07T19:00:00+02:00,17.749
2022-06-08T07:00:00+02:00,17.779
2022-06-08T19:00:00+02:00,17.779
2022-06-09T07:00:00+02:00,17.779
2022-06-09T19:00:00+02:00,17.787
2022-06-10T07:00:00+02:00,17.804
2022-06-10T19:00:00+02:00,17.805
2022-06-11T07:00:00+02:00,17.807
2022-06-11T19:00:00+02:00,17.795
2022-06-12T07:00:00+02:00,17.797
2022-06-12T19:00:00+02:00,17.784
2022-06-13T07:00:00+02:00,17.779
2022-06-13T19:00:00+02:00,17.758
2022-06-14T07:00:00+02:00,17.76
2022-06-14T19:00:00+02:00,17.753
2022-06-15T07:00:00+02:00,17.748
2022-06-15T19:00:00+02:00,17.722
2022-06-16T07:00:00+02:00,17.698
2022-06-16T19:00:00+02:00,17.681
2022-06-17T07:00:00+02:00,17.683
2022-06-17T19:00:00+02:00,17.673
2022-06-18T07:00:00+02:00,17.659
2022-06-18T19:00:00+02:00,17.649
2022-06-19T07:00:00+02:00,17.634
2022-06-19T19:00:00+02:00,17.621
2022-06-20T07:00:00+02:00,17.612
2022-06-20T19:00:00+02:00,17.593
2022-06-21T07:00:00+02:00,17.592
2022-06-21T19:00:00+02:00,17.581
2022-06-22T07:00:00+02:00,17.569
2022-06-22T19:00:00+02:00,17.557
2022-06-23T07:00:00+02:00,17.55
2022-06-23T19:00:00+02:00,17.539
2022-06-24T07:00:00+02:00,17.542
2022-06-24T19:00:00+02:00,17.535
2022-06-25T07:00:00+02:00,17.527
2022-06-25T19:00:00+02:00,17.511
2022-06-26T07:00:00+02:00,17.51
2022-06-26T19:00:00+02:00,17.517
2022-06-27T07:00:00+02:00,17.508
2022-06-27T19:00:00+02:00,17.502
2022-06-28T07:00:00+02:00,17.509
2022-06-28T19:00:00+02:00,17.511
2022-06-29T07:00:00+02:00,17.52
2022-06-29T19:00:00+02:00,17.509
2022-06-30T07:00:00+02:00,17.498
2022-06-30T19:00:00+02:00,17.482
2022-07-01T07:00:00+02:00,17.485
2022-07-01T19:00:00+02:00,17.473
2022-07-02T07:00:00+02:00,17.474
2022-07-02T19:00:00+02:00,17.476
2022-07-03T07:00:00+02:00,17.471
2022-07-03T19:00:00+02:00,17.454
2022-07-04T07:00:00+02:00,17.458
2022-07-04T19:00:00+02:00,17.449
2022-07-05T07:00:00+02:00,17.44
2022-07-05T19:00:00+02:00,17.427
2022-07-06T07:00:00+02:00,17.428
2022-07-06T19:00:00+02:00,17.432
2022-07-07T07:00:00+02:00,17.423
2022-07-07T19:00:00+02:00,17.408
2022-07-08T07:00:00+02:00,17.401
2022-07-08T19:00:00+02:00,17.406
2022-07-09T07:00:00+02:00,17.407
2022-07-09T19:00:00+02:00,17.392
2022-07-10T07:00:00+02:00,17.393
2022-07-10T19:00:00+02:00,17.395
2022-07-11T07:00:00+02:00,17.383
2022-07-11T19:00:00+02:00,17.385
2022-07-12T07:00:00+02:00,17.373
2022-07-12T19:00:00+02:00,17.375
2022-07-13T07:00:00+02:00,17.374
2022-07-13T19:00:00+02:00,17.358
2022-07-14T07:00:00+02:00,17.354
2022-07-14T19:00:00+02:00,17.343
2022-07-15T07:00:00+02:00,17.342
2022-07-15T19:00:00+02:00,17.339
2022-07-16T07:00:00+02:00,17.329
2022-07-16T19:00:00+02:00,17.322
2022-07-17T07:00:00+02:00,17.321
2022-07-17T19:00:00+02:00,17.32
2022-07-18T07:00:00+02:00,17.317
2022-07-18T19:00:00+02:00,17.311
2022-07-19T07:00:00+02:00,17.305
2022-07-19T19:00:00+02:00,17.302
2022-07-20T07:00:00+02:00,17.279
2022-07-20T19:00:00+02:00,17.279
2022-07-21T07:00:00+02:00,17.282
2022-07-21T19:00:00+02:00,17.273
2022-07-22T07:00:00+02:00,17.279
2022-07-22T19:00:00+02:00,17.28
2022-07-23T07:00:00+02:00,17.271
2022-07-23T19:00:00+02:00,17.27
2022-07-24T07:00:00+02:00,17.27
2022-07-24T19:00:00+02:00,17.274
2022-07-25T07:00:00+02:00,17.266
2022-07-25T19:00:00+02:00,17.253
2022-07-26T07:00:00+02:00,17.246
2022-07-26T19:00:00+02:00,17.245
2022-07-27T07:00:00+02:00,17.241
2022-07-27T19:00:00+02:00,17.246
2022-07-28T07:00:00+02:00,17.24
2022-07-28T19:00:00+02:00,17.234
2022-07-29T07:00:00+02:00,17.232
2022-07-29T19:00:00+02:00,17.224
2022-07-30T07:00:00+02:00,17.22
2022-07-30T19:00:00+02:00,17.219
2022-07-31T07:00:00+02:00,17.222
2022-07-31T19:00:00+02:00,17.209
2022-08-01T07:00:00+02:00,17.209
2022-08-01T19:00:00+02:00,17.206
2022-08-02T07:00:00+02:00,17.208
2022-08-02T19:00:00+02:00,17.2
2022-08-03T07:00:00+02:00,17.194
2022-08-03T19:00:00+02:00,17.194
2022-08-04T07:00:00+02:00,17.191
2022-08-04T19:00:00+02:00,17.181
2022-08-05T07:00:00+02:00,17.177
2022-08-05T19:00:00+02:00,17.166
2022-08-06T07:00:00+02:00,17.165
2022-08-06T19:00:00+02:00,17.17
2022-08-07T07:00:00+02:00,17.165
2022-08-07T19:00:00+02:00,17.164
2022-08-08T07:00:00+02:00,17.157
2022-08-08T19:00:00+02:00,17.153
2022-08-09T07:00:00+02:00,17.15
2022-08-09T19:00:00+02:00,17.146
2022-08-10T07:00:00+02:00,17.145
2022-08-10T19:00:00+02:00,17.144
2022-08-11T07:00:00+02:00,17.14
2022-08-11T19:00:00+02:00,17.14
2022-08-12T07:00:00+02:00,17.129
2022-08-12T19:00:00+02:00,17.128
2022-08-13T07:00:00+02:00,17.123
2022-08-13T19:00:00+02:00,17.123
2022-08-14T07:00:00+02:00,17.122
2022-08-14T19:00:00+02:00,17.118
2022-08-15T07:00:00+02:00,17.109
2022-08-15T19:00:00+02:00,17.11
2022-08-16T07:00:00+02:00,17.101
2022-08-16T19:00:00+02:00,17.096
2022-08-17T07:00:00+02:00,17.093
2022-08-17T19:00:00+02:00,17.087
2022-08-18T07:00:00+02:00,17.088
2022-08-18T19:00:00+02:00,17.09
2022-08-19T07:00:00+02:00,17.081
2022-08-19T19:00:00+02:00,17.078
2022-08-20T07:00:00+02:00,17.077
2022-08-20T19:00:00+02:00,17.075
2022-08-21T07:00:00+02:00,17.075
2022-08-21T19:00:00+02:00,17.072
2022-08-22T07:00:00+02:00,17.071
2022-08-22T19:00:00+02:00,17.072
2022-08-23T07:00:00+02:00,17.06
2022-08-23T19:00:00+02:00,17.058
2022-08-24T07:00:00+02:00,17.054
2022-08-24T19:00:00+02:00,17.049
2022-08-25T07:00:00+02:00,17.048
2022-08-25T19:00:00+02:00,17.048
2022-08-26T07:00:00+02:00,17.035
2022-08-26T19:00:00+02:00,17.032
2022-08-27T07:00:00+02:00,17.035
2022-08-27T19:00:00+02:00,17.031
2022-08-28T07:00:00+02:00,17.025
2022-08-28T19:00:00+02:00,17.023
2022-08-29T07:00:00+02:00,17.02
2022-08-29T19:00:00+02:00,17.025
2022-08-30T07:00:00+02:00,17.017
2022-08-30T19:00:00+02:00,17.013
2022-08-31T07:00:00+02:00,17.008
2022-08-31T19:00:00+02:00,17.008
2022-09-01T07:00:00+02:00,17.006
2022-09-01T19:00:00+02:00,17.007
2022-09-02T07:00:00+02:00,17.005
2022-09-02T19:00:00+02:00,17.007
2022-09-03T07:00:00+02:00,17.001
2022-09-03T19:00:00+02:00,16.993
2022-09-04T07:00:00+02:00,16.985
2022-09-04T19:00:00+02:00,16.986
2022-09-05T07:00:00+02:00,16.983
2022-09-05T19:00:00+02:00,16.982
2022-09-06T07:00:00+02:00,16.984
2022-09-06T19:00:00+02:00,16.982
2022-09-08T07:00:00+02:00,16.975
2022-09-08T19:00:00+02:00,16.974
2022-09-09T07:00:00+02:00,16.973
2022-09-09T19:00:00+02:00,16.971
2022-09-10T07:00:00+02:00,16.97
2022-09-10T19:00:00+02:00,16.958
2022-09-11T07:00:00+02:00,16.961
2022-09-11T19:00:00+02:00,16.972
2022-09-12T07:00:00+02:00,16.971
2022-09-12T19:00:00+02:00,16.976
2022-09-13T07:00:00+02:00,16.969
2022-09-13T19:00:00+02:00,16.973
2022-09-14T07:00:00+02:00,16.972
2022-09-14T19:00:00+02:00,16.974
2022-09-17T01:00:00+02:00,17.064
2022-09-17T13:00:00+02:00,17.065
2022-09-18T01:00:00+02:00,17.067
2022-09-18T13:00:00+02:00,17.066
2022-09-19T01:00:00+02:00,17.071
2022-09-19T13:00:00+02:00,17.079
2022-09-20T01:00:00+02:00,17.082
2022-09-20T13:00:00+02:00,17.088
2022-09-21T01:00:00+02:00,17.093
2022-09-21T13:00:00+02:00,17.097
2022-09-22T01:00:00+02:00,17.097
2022-09-22T13:00:00+02:00,17.106
2022-09-23T01:00:00+02:00,17.107
2022-09-23T13:00:00+02:00,17.108
2022-09-24T01:00:00+02:00,17.113
2022-09-24T13:00:00+02:00,17.107
2022-09-25T01:00:00+02:00,17.106
2022-09-25T13:00:00+02:00,17.11
2022-09-26T01:00:00+02:00,17.122
2022-09-26T13:00:00+02:00,17.132
2022-09-27T01:00:00+02:00,17.12
2022-09-27T13:00:00+02:00,17.131
2022-09-28T01:00:00+02:00,17.137
2022-09-28T13:00:00+02:00,17.142
2022-09-29T01:00:00+02:00,17.151
2022-09-29T13:00:00+02:00,17.153
2022-09-30T01:00:00+02:00,17.157
2022-09-30T13:00:00+02:00,17.165
2022-10-01T01:00:00+02:00,17.194
2022-10-01T13:00:00+02:00,17.165
2022-10-02T01:00:00+02:00,17.165
2022-10-02T13:00:00+02:00,17.172
2022-10-03T01:00:00+02:00,17.168
2022-10-03T13:00:00+02:00,17.182
2022-10-04T01:00:00+02:00,17.188
2022-10-04T13:00:00+02:00,17.197
2022-10-05T01:00:00+02:00,17.2
2022-10-05T13:00:00+02:00,17.207
2022-10-06T01:00:00+02:00,17.18
2022-10-06T13:00:00+02:00,17.19
2022-10-07T01:00:00+02:00,17.2
2022-10-07T13:00:00+02:00,17.208
2022-10-08T01:00:00+02:00,17.208
2022-10-08T13:00:00+02:00,17.196
2022-10-09T01:00:00+02:00,17.195
2022-10-09T13:00:00+02:00,17.21
2022-10-10T01:00:00+02:00,17.209
2022-10-10T13:00:00+02:00,17.199
2022-10-11T01:00:00+02:00,17.195
2022-10-11T13:00:00+02:00,17.203
2022-10-12T01:00:00+02:00,17.198
2022-10-12T13:00:00+02:00,17.206
2022-10-13T01:00:00+02:00,17.206
2022-10-13T13:00:00+02:00,17.21
2022-10-14T01:00:00+02:00,17.207
2022-10-14T13:00:00+02:00,17.215
2022-10-15T01:00:00+02:00,17.213
2022-10-15T13:00:00+02:00,17.214
2022-10-16T01:00:00+02:00,17.21
2022-10-16T13:00:00+02:00,17.202
2022-10-17T01:00:00+02:00,17.208
2022-10-17T13:00:00+02:00,17.194
2022-10-18T01:00:00+02:00,17.202
2022-10-18T13:00:00+02:00,17.201
2022-10-19T01:00:00+02:00,17.204
2022-10-19T13:00:00+02:00,17.22
2022-10-20T01:00:00+02:00,17.217
2022-10-20T13:00:00+02:00,17.222
2022-10-21T01:00:00+02:00,17.214
2022-10-21T13:00:00+02:00,17.218
2022-10-22T01:00:00+02:00,17.215
2022-10-22T13:00:00+02:00,17.213
2022-10-23T01:00:00+02:00,17.219
2022-10-23T13:00:00+02:00,17.226
2022-10-24T01:00:00+02:00,17.223
2022-10-24T13:00:00+02:00,17.215
2022-10-25T01:00:00+02:00,17.214
2022-10-25T13:00:00+02:00,17.221
2022-10-26T01:00:00+02:00,17.23
2022-10-26T13:00:00+02:00,17.216
2022-10-27T01:00:00+02:00,17.218
2022-10-27T13:00:00+02:00,17.227
2022-10-28T01:00:00+02:00,17.228
2022-10-28T13:00:00+02:00,17.225
2022-10-29T01:00:00+02:00,17.225
2022-10-29T13:00:00+02:00,17.234
2022-10-30T01:00:00+02:00,17.225
2022-10-30T12:00:00+01:00,17.231
2022-10-31T00:00:00+01:00,17.225
2022-10-31T12:00:00+01:00,17.24
2022-11-01T00:00:00+01:00,17.241
2022-11-01T12:00:00+01:00,17.231
2022-11-02T00:00:00+01:00,17.232
2022-11-02T12:00:00+01:00,17.226
2022-11-03T00:00:00+01:00,17.233
2022-11-03T12:00:00+01:00,17.255
2022-11-04T00:00:00+01:00,17.227
2022-11-04T12:00:00+01:00,17.229
2022-11-05T00:00:00+01:00,17.229
2022-11-05T12:00:00+01:00,17.231
2022-11-06T00:00:00+01:00,17.239
2022-11-06T12:00:00+01:00,17.247
2022-11-07T00:00:00+01:00,17.237
2022-11-07T12:00:00+01:00,17.238
2022-11-08T00:00:00+01:00,17.241
2022-11-08T12:00:00+01:00,17.248
2022-11-09T00:00:00+01:00,17.24
2022-11-09T12:00:00+01:00,17.234
2022-11-10T00:00:00+01:00,17.221
2022-11-10T12:00:00+01:00,17.222
2022-11-11T00:00:00+01:00,17.22
2022-11-11T12:00:00+01:00,17.223
2022-11-12T00:00:00+01:00,17.221
2022-11-12T12:00:00+01:00,17.228
2022-11-13T00:00:00+01:00,17.229
2022-11-13T12:00:00+01:00,17.232
2022-11-14T00:00:00+01:00,17.233
2022-11-14T12:00:00+01:00,17.235
2022-11-15T00:00:00+01:00,17.236
2022-11-15T12:00:00+01:00,17.245
2022-11-16T00:00:00+01:00,17.243
2022-11-16T12:00:00+01:00,17.246
2022-11-17T00:00:00+01:00,17.276
2022-11-17T12:00:00+01:00,17.248
2022-11-18T00:00:00+01:00,17.242
2022-11-18T12:00:00+01:00,17.241
2022-11-19T00:00:00+01:00,17.24
2022-11-19T12:00:00+01:00,17.246
2022-11-20T00:00:00+01:00,17.255
2022-11-20T12:00:00+01:00,17.265
2022-11-21T00:00:00+01:00,17.256
2022-11-21T12:00:00+01:00,17.284
2022-11-22T00:00:00+01:00,17.279
2022-11-22T12:00:00+01:00,17.286
2022-11-23T00:00:00+01:00,17.282
2022-11-23T12:00:00+01:00,17.303
2022-11-24T00:00:00+01:00,17.291
2022-11-24T12:00:00+01:00,17.295
2022-11-25T00:00:00+01:00,17.303
2022-11-25T12:00:00+01:00,17.295
2022-11-26T00:00:00+01:00,17.295
2022-11-26T12:00:00+01:00,17.308
2022-11-27T00:00:00+01:00,17.314
2022-11-27T12:00:00+01:00,17.325
2022-11-28T00:00:00+01:00,17.326
2022-11-28T12:00:00+01:00,17.322
2022-11-29T00:00:00+01:00,17.322
2022-11-29T12:00:00+01:00,17.321
2022-11-30T00:00:00+01:00,17.329
2022-11-30T12:00:00+01:00,17.333
2022-12-01T00:00:00+01:00,17.338
2022-12-01T12:00:00+01:00,17.344
2022-12-02T00:00:00+01:00,17.348
2022-12-02T12:00:00+01:00,17.352
2022-12-03T00:00:00+01:00,17.352
2022-12-03T12:00:00+01:00,17.358
2022-12-04T00:00:00+01:00,17.359
2022-12-04T12:00:00+01:00,17.361
2022-12-05T00:00:00+01:00,17.361
2022-12-05T12:00:00+01:00,17.36
2022-12-06T00:00:00+01:00,17.362
2022-12-06T12:00:00+01:00,17.366
2022-12-07T00:00:00+01:00,17.366
2022-12-07T12:00:00+01:00,17.369
2022-12-08T00:00:00+01:00,17.375
2022-12-08T12:00:00+01:00,17.375
2022-12-09T00:00:00+01:00,17.375
2022-12-09T12:00:00+01:00,17.378
2022-12-10T00:00:00+01:00,17.372
2022-12-10T12:00:00+01:00,17.377
2022-12-11T00:00:00+01:00,17.377
2022-12-11T12:00:00+01:00,17.38
2022-12-12T00:00:00+01:00,17.378
2022-12-12T12:00:00+01:00,17.383
2022-12-13T00:00:00+01:00,17.385
2022-12-13T12:00:00+01:00,17.387
2022-12-14T00:00:00+01:00,17.387
2022-12-14T12:00:00+01:00,17.384
2022-12-15T00:00:00+01:00,17.38
2022-12-15T12:00:00+01:00,17.383
2022-12-16T00:00:00+01:00,17.381
2022-12-16T12:00:00+01:00,17.377
2022-12-17T00:00:00+01:00,17.372
2022-12-17T12:00:00+01:00,17.372
2022-12-18T00:00:00+01:00,17.373
2022-12-18T12:00:00+01:00,17.383
2022-12-19T00:00:00+01:00,17.396
2022-12-19T12:00:00+01:00,17.394
2022-12-20T00:00:00+01:00,17.395
2022-12-20T12:00:00+01:00,17.399
2022-12-21T00:00:00+01:00,17.393
2022-12-21T12:00:00+01:00,17.404
2022-12-22T00:00:00+01:00,17.413
2022-12-22T12:00:00+01:00,17.411
2022-12-23T00:00:00+01:00,17.428
2022-12-23T12:00:00+01:00,17.459
2022-12-24T00:00:00+01:00,17.446
2022-12-24T12:00:00+01:00,17.468
2022-12-25T00:00:00+01:00,17.484
2022-12-25T12:00:00+01:00,17.507
2022-12-26T00:00:00+01:00,17.506
2022-12-26T12:00:00+01:00,17.511
2022-12-27T00:00:00+01:00,17.532
2022-12-27T12:00:00+01:00,17.55
2022-12-28T00:00:00+01:00,17.579
2022-12-28T12:00:00+01:00,17.587
2022-12-29T00:00:00+01:00,17.604
2022-12-29T12:00:00+01:00,17.597
2022-12-30T00:00:00+01:00,17.608
2022-12-30T12:00:00+01:00,17.662
2022-12-31T00:00:00+01:00,17.649
2022-12-31T12:00:00+01:00,17.663
2023-01-01T00:00:00+01:00,17.692
2023-01-01T12:00:00+01:00,17.709
2023-01-02T00:00:00+01:00,17.749
2023-01-02T12:00:00+01:00,17.752
2023-01-03T00:00:00+01:00,17.766
2023-01-03T12:00:00+01:00,17.797
2023-01-04T00:00:00+01:00,17.835
2023-01-04T12:00:00+01:00,17.847
2023-01-05T00:00:00+01:00,17.858
2023-01-05T12:00:00+01:00,17.876
2023-01-06T00:00:00+01:00,17.902
2023-01-06T12:00:00+01:00,17.918
2023-01-07T00:00:00+01:00,17.936
2023-01-07T12:00:00+01:00,17.972
2023-01-08T00:00:00+01:00,17.981
2023-01-08T12:00:00+01:00,17.998
2023-01-09T00:00:00+01:00,18.003
2023-01-09T12:00:00+01:00,17.99
2023-01-10T00:00:00+01:00,17.954
2023-01-10T12:00:00+01:00,17.983
2023-01-11T00:00:00+01:00,18.027
2023-01-11T12:00:00+01:00,18.018
2023-01-12T00:00:00+01:00,18.045
2023-01-12T12:00:00+01:00,18.083
2023-01-13T00:00:00+01:00,18.161
2023-01-13T12:00:00+01:00,18.218
2023-01-14T00:00:00+01:00,18.233
2023-01-14T12:00:00+01:00,18.306
2023-01-15T00:00:00+01:00,18.318
2023-01-15T12:00:00+01:00,18.351
2023-01-16T00:00:00+01:00,18.38
2023-01-16T12:00:00+01:00,18.43
2023-01-17T00:00:00+01:00,18.376
2023-01-17T12:00:00+01:00,18.399
2023-01-18T00:00:00+01:00,18.386
2023-01-18T12:00:00+01:00,18.364
2023-01-19T00:00:00+01:00,18.345
2023-01-19T12:00:00+01:00,18.332
2023-01-20T00:00:00+01:00,18.374
2023-01-20T12:00:00+01:00,18.393
2023-01-21T00:00:00+01:00,18.367
2023-01-21T12:00:00+01:00,18.368
2023-01-22T00:00:00+01:00,18.383
2023-01-22T12:00:00+01:00,18.383
2023-01-23T00:00:00+01:00,18.374
2023-01-23T12:00:00+01:00,18.374
2023-01-24T00:00:00+01:00,18.379
2023-01-24T12:00:00+01:00,18.384
2023-01-25T00:00:00+01:00,18.394
2023-01-25T12:00:00+01:00,18.41
2023-01-26T00:00:00+01:00,18.418
2023-01-26T12:00:00+01:00,18.401
2023-01-27T00:00:00+01:00,18.397
2023-01-27T12:00:00+01:00,18.379
2023-01-28T00:00:00+01:00,18.369
2023-01-28T12:00:00+01:00,18.361
2023-01-29T00:00:00+01:00,18.357
2023-01-29T12:00:00+01:00,18.368
2023-01-30T00:00:00+01:00,18.387
2023-01-30T12:00:00+01:00,18.354
2023-01-31T00:00:00+01:00,18.332
2023-01-31T12:00:00+01:00,18.345
2023-02-01T00:00:00+01:00,18.332
2023-02-01T12:00:00+01:00,18.331
2023-02-02T00:00:00+01:00,18.31
2023-02-02T12:00:00+01:00,18.297
2023-02-03T00:00:00+01:00,18.302
2023-02-03T12:00:00+01:00,18.29
2023-02-04T00:00:00+01:00,18.265
2023-02-04T12:00:00+01:00,18.262
2023-02-05T00:00:00+01:00,18.268
2023-02-05T12:00:00+01:00,18.259
2023-02-06T00:00:00+01:00,18.248
2023-02-06T12:00:00+01:00,18.257
2023-02-07T00:00:00+01:00,18.257
2023-02-07T12:00:00+01:00,18.251
2023-02-08T00:00:00+01:00,18.248
2023-02-08T12:00:00+01:00,18.25
2023-02-09T00:00:00+01:00,18.255
2023-02-09T12:00:00+01:00,18.235
2023-02-10T00:00:00+01:00,18.217
2023-02-10T12:00:00+01:00,18.218
2023-02-11T00:00:00+01:00,18.222
2023-02-11T12:00:00+01:00,18.208
2023-02-12T00:00:00+01:00,18.202
2023-02-12T12:00:00+01:00,18.201
2023-02-13T00:00:00+01:00,18.21
2023-02-13T12:00:00+01:00,18.207
2023-02-14T00:00:00+01:00,18.202
2023-02-14T12:00:00+01:00,18.205
2023-02-15T00:00:00+01:00,18.211
2023-02-15T12:00:00+01:00,18.214
2023-02-16T00:00:00+01:00,18.2
2023-02-16T12:00:00+01:00,18.198
2023-02-17T00:00:00+01:00,18.198
2023-02-17T12:00:00+01:00,18.193
2023-02-18T00:00:00+01:00,18.18
2023-02-18T12:00:00+01:00,18.186
2023-02-19T00:00:00+01:00,18.189
2023-02-19T12:00:00+01:00,18.159
2023-02-20T00:00:00+01:00,18.169
2023-02-20T12:00:00+01:00,18.174
2023-02-21T00:00:00+01:00,18.177
2023-02-21T12:00:00+01:00,18.181
2023-02-22T00:00:00+01:00,18.191
2023-02-22T12:00:00+01:00,18.196
2023-02-23T00:00:00+01:00,18.173
2023-02-23T12:00:00+01:00,18.157
2023-02-24T00:00:00+01:00,18.161
2023-02-24T12:00:00+01:00,18.198
2023-02-25T00:00:00+01:00,18.171
2023-02-25T12:00:00+01:00,18.149
2023-02-26T00:00:00+01:00,18.126
2023-02-26T12:00:00+01:00,18.11
2023-02-27T00:00:00+01:00,18.1
2023-02-27T12:00:00+01:00,18.104
2023-02-28T00:00:00+01:00,18.094
2023-02-28T12:00:00+01:00,18.1
2023-03-01T00:00:00+01:00,18.093
2023-03-01T12:00:00+01:00,18.104
2023-03-02T00:00:00+01:00,18.104
2023-03-02T12:00:00+01:00,18.103
2023-03-03T00:00:00+01:00,18.086
2023-03-03T12:00:00+01:00,18.075
2023-03-04T00:00:00+01:00,18.075
2023-03-04T12:00:00+01:00,18.082
2023-03-05T00:00:00+01:00,18.086
2023-03-05T12:00:00+01:00,18.106
2023-03-06T00:00:00+01:00,18.123
2023-03-06T12:00:00+01:00,18.118
2023-03-07T00:00:00+01:00,18.134
2023-03-07T12:00:00+01:00,18.141
2023-03-08T00:00:00+01:00,18.175
2023-03-08T12:00:00+01:00,18.241
2023-03-09T00:00:00+01:00,18.28
2023-03-09T12:00:00+01:00,18.305
2023-03-10T00:00:00+01:00,18.393
2023-03-10T12:00:00+01:00,18.456
2023-03-11T00:00:00+01:00,18.456
2023-03-11T12:00:00+01:00,18.489
2023-03-12T00:00:00+01:00,18.505
2023-03-12T12:00:00+01:00,18.506
2023-03-13T00:00:00+01:00,18.541
2023-03-13T12:00:00+01:00,18.556
2023-03-14T00:00:00+01:00,18.549
2023-03-14T12:00:00+01:00,18.485
2023-03-15T00:00:00+01:00,18.485
2023-03-15T12:00:00+01:00,18.479
2023-03-16T00:00:00+01:00,18.5
2023-03-16T12:00:00+01:00,18.516
2023-03-17T00:00:00+01:00,18.517
2023-03-17T12:00:00+01:00,18.504
2023-03-18T00:00:00+01:00,18.483
2023-03-18T12:00:00+01:00,18.463
2023-03-19T00:00:00+01:00,18.464
2023-03-19T12:00:00+01:00,18.442
2023-03-20T00:00:00+01:00,18.419
2023-03-20T12:00:00+01:00,18.429
2023-03-21T00:00:00+01:00,18.438
2023-03-21T12:00:00+01:00,18.45
2023-03-22T00:00:00+01:00,18.453
2023-03-22T12:00:00+01:00,18.451
2023-03-23T00:00:00+01:00,18.463
2023-03-23T12:00:00+01:00,18.442
2023-03-24T00:00:00+01:00,18.502
2023-03-24T12:00:00+01:00,18.471
2023-03-25T00:00:00+01:00,18.499
2023-03-25T12:00:00+01:00,18.496
2023-03-26T00:00:00+01:00,18.525
2023-03-26T13:00:00+02:00,18.581
2023-03-27T01:00:00+02:00,18.592
2023-03-27T13:00:00+02:00,18.574
2023-03-28T01:00:00+02:00,18.582
2023-03-28T13:00:00+02:00,18.602
2023-03-29T01:00:00+02:00,18.615
2023-03-29T13:00:00+02:00,18.6
2023-03-30T01:00:00+02:00,18.617
2023-03-30T13:00:00+02:00,18.589
2023-03-31T01:00:00+02:00,18.627
2023-03-31T13:00:00+02:00,18.673
2023-04-01T01:00:00+02:00,18.668
2023-04-01T13:00:00+02:00,18.675
2023-04-02T01:00:00+02:00,18.682
2023-04-02T13:00:00+02:00,18.645
2023-04-03T01:00:00+02:00,18.633
2023-04-03T13:00:00+02:00,18.637
2023-04-04T01:00:00+02:00,18.631
2023-04-04T13:00:00+02:00,18.627
2023-04-05T01:00:00+02:00,18.626
2023-04-05T13:00:00+02:00,18.618
2023-04-06T01:00:00+02:00,18.616
2023-04-06T13:00:00+02:00,18.607
2023-04-07T01:00:00+02:00,18.661
2023-04-07T13:00:00+02:00,18.634
2023-04-08T01:00:00+02:00,18.606
2023-04-08T13:00:00+02:00,18.592
2023-04-09T01:00:00+02:00,18.589
2023-04-09T13:00:00+02:00,18.592
2023-04-10T01:00:00+02:00,18.585
2023-04-10T13:00:00+02:00,18.607
2023-04-11T01:00:00+02:00,18.616
2023-04-11T13:00:00+02:00,18.574
2023-04-12T01:00:00+02:00,18.616
2023-04-12T13:00:00+02:00,18.678
2023-04-13T01:00:00+02:00,18.719
2023-04-13T13:00:00+02:00,18.645
2023-04-14T01:00:00+02:00,18.621
2023-04-14T13:00:00+02:00,18.626
2023-04-15T01:00:00+02:00,18.602
2023-04-15T13:00:00+02:00,18.558
2023-04-16T01:00:00+02:00,18.538
2023-04-16T13:00:00+02:00,18.527
2023-04-17T01:00:00+02:00,18.526
2023-04-17T13:00:00+02:00,18.524
2023-04-18T01:00:00+02:00,18.523
2023-04-18T13:00:00+02:00,18.512
2023-04-19T01:00:00+02:00,18.506
2023-04-19T13:00:00+02:00,18.514
2023-04-20T01:00:00+02:00,18.508
2023-04-20T13:00:00+02:00,18.514
2023-04-21T01:00:00+02:00,18.505
2023-04-21T13:00:00+02:00,18.527
2023-04-22T01:00:00+02:00,18.537
2023-04-22T13:00:00+02:00,18.53
2023-04-23T01:00:00+02:00,18.544
2023-04-23T13:00:00+02:00,18.558
2023-04-24T01:00:00+02:00,18.574
2023-04-24T13:00:00+02:00,18.605
2023-04-25T01:00:00+02:00,18.619
2023-04-25T13:00:00+02:00,18.584
2023-04-26T01:00:00+02:00,18.571
2023-04-26T13:00:00+02:00,18.567
2023-04-27T01:00:00+02:00,18.545
2023-04-27T13:00:00+02:00,18.549
2023-04-28T01:00:00+02:00,18.57
2023-04-28T13:00:00+02:00,18.555
2023-04-29T01:00:00+02:00,18.527
2023-04-29T13:00:00+02:00,18.509
2023-04-30T01:00:00+02:00,18.497
2023-04-30T13:00:00+02:00,18.508
2023-05-01T01:00:00+02:00,18.516
2023-05-01T13:00:00+02:00,18.499
2023-05-02T01:00:00+02:00,18.462
2023-05-02T13:00:00+02:00,18.439
2023-05-03T01:00:00+02:00,18.434
2023-05-03T13:00:00+02:00,18.439
2023-05-04T01:00:00+02:00,18.449
2023-05-04T13:00:00+02:00,18.454
2023-05-05T01:00:00+02:00,18.429
2023-05-05T13:00:00+02:00,18.411
2023-05-06T01:00:00+02:00,18.449
2023-05-06T13:00:00+02:00,18.442
2023-05-07T01:00:00+02:00,18.43
2023-05-07T13:00:00+02:00,18.419
2023-05-08T01:00:00+02:00,18.481
2023-05-08T13:00:00+02:00,18.497
2023-05-09T01:00:00+02:00,18.506
2023-05-09T13:00:00+02:00,18.52
2023-05-10T01:00:00+02:00,18.61
2023-05-10T13:00:00+02:00,18.614
2023-05-11T01:00:00+02:00,18.616
2023-05-11T13:00:00+02:00,18.63
2023-05-12T01:00:00+02:00,18.615
2023-05-12T13:00:00+02:00,18.632
2023-05-13T01:00:00+02:00,18.601
2023-05-13T13:00:00+02:00,18.592
2023-05-14T01:00:00+02:00,18.573
2023-05-14T13:00:00+02:00,18.568
2023-05-15T01:00:00+02:00,18.555
2023-05-15T13:00:00+02:00,18.544
2023-05-16T01:00:00+02:00,18.508
2023-05-16T13:00:00+02:00,18.492
2023-05-17T01:00:00+02:00,18.473
2023-05-17T13:00:00+02:00,18.464
2023-05-18T01:00:00+02:00,18.451
2023-05-18T13:00:00+02:00,18.443
2023-05-19T01:00:00+02:00,18.432
2023-05-19T13:00:00+02:00,18.423
2023-05-20T01:00:00+02:00,18.403
2023-05-20T13:00:00+02:00,18.404
2023-05-21T01:00:00+02:00,18.394
2023-05-21T13:00:00+02:00,18.389
2023-05-22T01:00:00+02:00,18.368
2023-05-22T13:00:00+02:00,18.362
2023-05-23T01:00:00+02:00,18.33
2023-05-23T13:00:00+02:00,18.313
2023-05-24T01:00:00+02:00,18.299
2023-05-24T13:00:00+02:00,18.294
2023-05-25T01:00:00+02:00,18.278
2023-05-25T13:00:00+02:00,18.269
2023-05-26T01:00:00+02:00,18.253
2023-05-26T13:00:00+02:00,18.245
2023-05-27T01:00:00+02:00,18.239
2023-05-27T13:00:00+02:00,18.252
2023-05-28T01:00:00+02:00,18.24
2023-05-28T13:00:00+02:00,18.223
2023-05-29T01:00:00+02:00,18.193
2023-05-29T13:00:00+02:00,18.191
2023-05-30T01:00:00+02:00,18.169
2023-05-30T13:00:00+02:00,18.174
2023-05-31T01:00:00+02:00,18.157
2023-05-31T13:00:00+02:00,18.159
2023-06-01T01:00:00+02:00,18.134
2023-06-01T13:00:00+02:00,18.137
2023-06-02T01:00:00+02:00,18.122
2023-06-02T13:00:00+02:00,18.115
2023-06-03T01:00:00+02:00,18.101
2023-06-03T13:00:00+02:00,18.09
2023-06-04T01:00:00+02:00,18.07
2023-06-04T13:00:00+02:00,18.065
2023-06-05T01:00:00+02:00,18.042
2023-06-05T13:00:00+02:00,18.049
2023-06-06T01:00:00+02:00,18.024
2023-06-06T13:00:00+02:00,18.028
2023-06-07T01:00:00+02:00,18.004
2023-06-07T13:00:00+02:00,18.003
2023-06-08T01:00:00+02:00,17.993
2023-06-08T13:00:00+02:00,17.997
2023-06-09T01:00:00+02:00,17.973
2023-06-09T13:00:00+02:00,17.973
2023-06-10T01:00:00+02:00,17.938
2023-06-10T13:00:00+02:00,17.937
2023-06-11T01:00:00+02:00,17.914
2023-06-11T13:00:00+02:00,17.91
2023-06-12T01:00:00+02:00,17.882
2023-06-12T13:00:00+02:00,17.885
2023-06-13T01:00:00+02:00,17.86
2023-06-13T13:00:00+02:00,17.857
2023-06-14T01:00:00+02:00,17.826
2023-06-14T13:00:00+02:00,17.822
2023-06-15T01:00:00+02:00,17.798
2023-06-15T13:00:00+02:00,17.797
2023-06-16T01:00:00+02:00,17.778
2023-06-16T13:00:00+02:00,17.779
2023-06-17T01:00:00+02:00,17.759
2023-06-17T13:00:00+02:00,17.764
2023-06-18T01:00:00+02:00,17.744
2023-06-18T13:00:00+02:00,17.746
2023-06-19T01:00:00+02:00,17.738
2023-06-19T13:00:00+02:00,17.725
2023-06-20T01:00:00+02:00,17.713
2023-06-20T13:00:00+02:00,17.715
2023-06-21T01:00:00+02:00,17.689
2023-06-21T13:00:00+02:00,17.684
2023-06-22T01:00:00+02:00,17.674
2023-06-22T13:00:00+02:00,17.687
2023-06-23T01:00:00+02:00,17.685
2023-06-23T13:00:00+02:00,17.697
2023-06-24T01:00:00+02:00,17.697
2023-06-24T13:00:00+02:00,17.712
2023-06-25T01:00:00+02:00,17.707
2023-06-25T13:00:00+02:00,17.722
2023-06-26T01:00:00+02:00,17.705
2023-06-26T13:00:00+02:00,17.678
2023-06-27T01:00:00+02:00,17.673
2023-06-27T13:00:00+02:00,17.674
2023-06-28T01:00:00+02:00,17.668
2023-06-28T13:00:00+02:00,17.68
2023-06-29T01:00:00+02:00,17.671
2023-06-29T13:00:00+02:00,17.677
2023-06-30T01:00:00+02:00,17.661
2023-06-30T13:00:00+02:00,17.666
2023-07-01T01:00:00+02:00,17.671
2023-07-01T13:00:00+02:00,17.677
2023-07-02T01:00:00+02:00,17.662
2023-07-02T13:00:00+02:00,17.648
2023-07-03T01:00:00+02:00,17.64
2023-07-03T13:00:00+02:00,17.631
2023-07-04T01:00:00+02:00,17.618
2023-07-04T13:00:00+02:00,17.617
2023-07-05T01:00:00+02:00,17.645
2023-07-05T13:00:00+02:00,17.604
2023-07-06T01:00:00+02:00,17.595
2023-07-06T13:00:00+02:00,17.595
2023-07-07T01:00:00+02:00,17.586
2023-07-07T13:00:00+02:00,17.588
2023-07-08T01:00:00+02:00,17.58
2023-07-08T13:00:00+02:00,17.575
2023-07-09T01:00:00+02:00,17.562
2023-07-09T13:00:00+02:00,17.551
2023-07-10T01:00:00+02:00,17.548
2023-07-10T13:00:00+02:00,17.55
2023-07-11T01:00:00+02:00,17.553
2023-07-11T13:00:00+02:00,17.559
2023-07-12T01:00:00+02:00,17.539
2023-07-12T13:00:00+02:00,17.535
2023-07-13T01:00:00+02:00,17.525
2023-07-13T13:00:00+02:00,17.524
2023-07-14T01:00:00+02:00,17.518
2023-07-14T13:00:00+02:00,17.535
2023-07-15T01:00:00+02:00,17.535
2023-07-15T13:00:00+02:00,17.52
2023-07-16T01:00:00+02:00,17.498
2023-07-16T13:00:00+02:00,17.494
2023-07-17T01:00:00+02:00,17.491
2023-07-17T13:00:00+02:00,17.488
2023-07-18T01:00:00+02:00,17.485
2023-07-18T13:00:00+02:00,17.494
2023-07-19T01:00:00+02:00,17.482
2023-07-19T13:00:00+02:00,17.485
2023-07-20T01:00:00+02:00,17.477
2023-07-20T13:00:00+02:00,17.477
2023-07-21T01:00:00+02:00,17.471
2023-07-21T13:00:00+02:00,17.468
2023-07-22T01:00:00+02:00,17.463
2023-07-22T13:00:00+02:00,17.466
2023-07-23T01:00:00+02:00,17.472
2023-07-23T13:00:00+02:00,17.469
2023-07-24T01:00:00+02:00,17.472
2023-07-24T13:00:00+02:00,17.482
2023-07-25T01:00:00+02:00,17.489
2023-07-25T13:00:00+02:00,17.506
2023-07-26T01:00:00+02:00,17.511
2023-07-26T13:00:00+02:00,17.521
2023-07-27T01:00:00+02:00,17.534
2023-07-27T13:00:00+02:00,17.548
2023-07-28T01:00:00+02:00,17.56
2023-07-28T13:00:00+02:00,17.571
2023-07-29T01:00:00+02:00,17.587
2023-07-29T13:00:00+02:00,17.594
2023-07-30T01:00:00+02:00,17.589
2023-07-30T13:00:00+02:00,17.594
2023-07-31T01:00:00+02:00,17.607
2023-07-31T13:00:00+02:00,17.628
2023-08-01T01:00:00+02:00,17.664
2023-08-01T13:00:00+02:00,17.711
2023-08-02T01:00:00+02:00,17.758
2023-08-02T13:00:00+02:00,17.794
2023-08-03T01:00:00+02:00,17.816
2023-08-03T13:00:00+02:00,17.831
2023-08-04T01:00:00+02:00,17.88
2023-08-04T13:00:00+02:00,17.913
2023-08-05T01:00:00+02:00,17.936
2023-08-05T13:00:00+02:00,17.968
2023-08-06T01:00:00+02:00,17.987
2023-08-06T13:00:00+02:00,17.975
2023-08-07T01:00:00+02:00,18.006
2023-08-07T13:00:00+02:00,18.031
2023-08-08T01:00:00+02:00,18.06
2023-08-08T13:00:00+02:00,18.069
2023-08-09T01:00:00+02:00,18.068
2023-08-09T13:00:00+02:00,18.091
2023-08-10T01:00:00+02:00,18.092
2023-08-10T13:00:00+02:00,18.105
2023-08-11T01:00:00+02:00,18.102
2023-08-11T13:00:00+02:00,18.105
2023-08-12T01:00:00+02:00,18.094
2023-08-12T13:00:00+02:00,18.114
2023-08-13T01:00:00+02:00,18.133
2023-08-13T13:00:00+02:00,18.155
2023-08-14T01:00:00+02:00,18.147
2023-08-14T13:00:00+02:00,18.156
2023-08-15T01:00:00+02:00,18.136
2023-08-15T13:00:00+02:00,18.121
2023-08-16T01:00:00+02:00,18.1
2023-08-16T13:00:00+02:00,18.095
2023-08-17T01:00:00+02:00,18.085
2023-08-17T13:00:00+02:00,18.084
2023-08-18T01:00:00+02:00,18.086
2023-08-18T13:00:00+02:00,18.094
2023-08-19T01:00:00+02:00,18.084
2023-08-19T13:00:00+02:00,18.039
2023-08-20T01:00:00+02:00,18.032
2023-08-20T13:00:00+02:00,18.027
2023-08-21T01:00:00+02:00,18.006
2023-08-21T13:00:00+02:00,18.0
2023-08-22T01:00:00+02:00,17.989
2023-08-22T13:00:00+02:00,17.98
2023-08-23T01:00:00+02:00,17.964
2023-08-23T13:00:00+02:00,17.964
2023-08-24T01:00:00+02:00,17.95
2023-08-24T13:00:00+02:00,17.974
2023-08-25T01:00:00+02:00,17.961
2023-08-25T13:00:00+02:00,17.966
2023-08-26T01:00:00+02:00,17.967
2023-08-26T13:00:00+02:00,17.977
2023-08-27T01:00:00+02:00,17.964
2023-08-27T13:00:00+02:00,17.98
2023-08-28T01:00:00+02:00,17.985
2023-08-28T13:00:00+02:00,18.0
2023-08-29T01:00:00+02:00,18.007
2023-08-29T13:00:00+02:00,18.028
2023-08-30T01:00:00+02:00,18.033
2023-08-30T13:00:00+02:00,18.048
2023-08-31T01:00:00+02:00,18.02
2023-08-31T13:00:00+02:00,18.022
2023-09-01T01:00:00+02:00,18.008
2023-09-01T13:00:00+02:00,18.013
2023-09-02T01:00:00+02:00,18.014
2023-09-02T13:00:00+02:00,18.018
2023-09-03T01:00:00+02:00,18.015
2023-09-03T13:00:00+02:00,18.022
2023-09-04T01:00:00+02:00,18.014
2023-09-04T13:00:00+02:00,18.029
2023-09-05T01:00:00+02:00,18.023
2023-09-05T13:00:00+02:00,18.02
2023-09-06T01:00:00+02:00,17.988
2023-09-06T13:00:00+02:00,17.984
2023-09-07T01:00:00+02:00,17.957
2023-09-07T13:00:00+02:00,17.96
2023-09-08T01:00:00+02:00,17.936
2023-09-08T13:00:00+02:00,17.934
2023-09-09T01:00:00+02:00,17.913
2023-09-09T13:00:00+02:00,17.909
2023-09-10T01:00:00+02:00,17.891
2023-09-10T13:00:00+02:00,17.891
2023-09-11T01:00:00+02:00,17.881
2023-09-11T13:00:00+02:00,17.879
2023-09-12T01:00:00+02:00,17.863
2023-09-12T13:00:00+02:00,17.869
2023-09-13T01:00:00+02:00,17.86
2023-09-13T13:00:00+02:00,17.841
2023-09-14T01:00:00+02:00,17.843
2023-09-14T13:00:00+02:00,17.853
2023-09-15T01:00:00+02:00,17.852
2023-09-15T13:00:00+02:00,17.864
2023-09-16T01:00:00+02:00,17.853
2023-09-16T13:00:00+02:00,17.851
2023-09-17T01:00:00+02:00,17.837
2023-09-17T13:00:00+02:00,17.849
2023-09-22T07:00:00+02:00,17.836
2023-09-22T19:00:00+02:00,17.813
2023-09-23T07:00:00+02:00,17.808
2023-09-23T19:00:00+02:00,17.805
2023-09-24T07:00:00+02:00,17.821
2023-09-24T19:00:00+02:00,17.84
2023-09-25T07:00:00+02:00,17.855
2023-09-25T19:00:00+02:00,17.845
2023-09-26T07:00:00+02:00,17.86
2023-09-26T19:00:00+02:00,17.853
2023-09-27T07:00:00+02:00,17.859
2023-09-27T19:00:00+02:00,17.874
2023-09-28T07:00:00+02:00,17.849
2023-09-28T19:00:00+02:00,17.842
2023-09-29T07:00:00+02:00,17.862
2023-09-29T19:00:00+02:00,17.807
2023-09-30T07:00:00+02:00,17.814
2023-09-30T19:00:00+02:00,17.817
2023-10-01T07:00:00+02:00,17.824
2023-10-01T19:00:00+02:00,17.815
2023-10-02T07:00:00+02:00,17.815
2023-10-02T19:00:00+02:00,17.822
2023-10-03T07:00:00+02:00,17.832
2023-10-03T19:00:00+02:00,17.777
2023-10-04T07:00:00+02:00,17.778
2023-10-04T19:00:00+02:00,17.78
2023-10-05T07:00:00+02:00,17.787
2023-10-05T19:00:00+02:00,17.774
2023-10-06T07:00:00+02:00,17.779
2023-10-06T19:00:00+02:00,17.774
2023-10-07T07:00:00+02:00,17.774
2023-10-07T19:00:00+02:00,17.759
2023-10-08T07:00:00+02:00,17.746
2023-10-08T19:00:00+02:00,17.757
2023-10-10T07:00:00+02:00,17.757
2023-10-10T19:00:00+02:00,17.756
2023-10-11T07:00:00+02:00,17.753
2023-10-11T19:00:00+02:00,17.747
2023-10-12T07:00:00+02:00,17.732
2023-10-12T19:00:00+02:00,17.741
2023-10-13T07:00:00+02:00,17.775
2023-10-13T19:00:00+02:00,17.782
2023-10-14T07:00:00+02:00,17.73
2023-10-14T19:00:00+02:00,17.722
2023-10-15T07:00:00+02:00,17.733
2023-10-15T19:00:00+02:00,17.732
2023-10-16T07:00:00+02:00,17.761
2023-10-16T19:00:00+02:00,17.77
2023-10-17T07:00:00+02:00,17.785
2023-10-17T19:00:00+02:00,17.794
2023-10-18T07:00:00+02:00,17.823
2023-10-18T19:00:00+02:00,17.851
2023-10-19T07:00:00+02:00,17.852
2023-10-19T19:00:00+02:00,17.873
2023-10-20T07:00:00+02:00,17.91
2023-10-20T19:00:00+02:00,17.95
2023-10-21T07:00:00+02:00,18.032
2023-10-21T19:00:00+02:00,18.069
2023-10-22T07:00:00+02:00,18.062
2023-10-22T19:00:00+02:00,18.06
2023-10-23T07:00:00+02:00,18.078
2023-10-23T19:00:00+02:00,18.114
2023-10-24T07:00:00+02:00,18.121
2023-10-24T19:00:00+02:00,18.127
2023-10-25T07:00:00+02:00,18.158
2023-10-25T19:00:00+02:00,18.178
2023-10-26T07:00:00+02:00,18.243
2023-10-26T19:00:00+02:00,18.278
2023-10-27T07:00:00+02:00,18.303
2023-10-27T19:00:00+02:00,18.344
2023-10-28T07:00:00+02:00,18.385
2023-10-28T19:00:00+02:00,18.394
2023-10-29T06:00:00+01:00,18.405
2023-10-29T18:00:00+01:00,18.398
2023-10-30T06:00:00+01:00,18.411
2023-10-30T18:00:00+01:00,18.427
2023-10-31T06:00:00+01:00,18.412
2023-10-31T18:00:00+01:00,18.409
2023-11-01T06:00:00+01:00,18.445
2023-11-01T18:00:00+01:00,18.466
2023-11-02T06:00:00+01:00,18.541
2023-11-02T18:00:00+01:00,18.483
2023-11-03T06:00:00+01:00,18.461
2023-11-03T18:00:00+01:00,18.442
2023-11-04T06:00:00+01:00,18.464
2023-11-04T18:00:00+01:00,18.506
2023-11-05T06:00:00+01:00,18.492
2023-11-05T18:00:00+01:00,18.408
2023-11-06T06:00:00+01:00,18.403
2023-11-06T18:00:00+01:00,18.393
2023-11-07T06:00:00+01:00,18.393
2023-11-07T18:00:00+01:00,18.385
2023-11-08T06:00:00+01:00,18.378
2023-11-08T18:00:00+01:00,18.41
2023-11-09T06:00:00+01:00,18.457
2023-11-09T18:00:00+01:00,18.499
2023-11-10T06:00:00+01:00,18.512
2023-11-10T18:00:00+01:00,18.502
2023-11-11T06:00:00+01:00,18.514
2023-11-11T18:00:00+01:00,18.516
2023-11-13T06:00:00+01:00,18.52
2023-11-13T18:00:00+01:00,18.561
2023-11-14T06:00:00+01:00,18.573
2023-11-14T18:00:00+01:00,18.605
2023-11-15T06:00:00+01:00,18.672
2023-11-15T18:00:00+01:00,18.666
2023-11-16T06:00:00+01:00,18.667
2023-11-16T18:00:00+01:00,18.654
2023-11-17T06:00:00+01:00,18.626
2023-11-17T18:00:00+01:00,18.606
2023-11-18T06:00:00+01:00,18.623
2023-11-18T18:00:00+01:00,18.738
2023-11-19T06:00:00+01:00,18.752
2023-11-19T18:00:00+01:00,18.759
2023-11-20T06:00:00+01:00,18.749
2023-11-20T18:00:00+01:00,18.732
2023-11-21T06:00:00+01:00,18.68
2023-11-21T18:00:00+01:00,18.643
2023-11-22T06:00:00+01:00,18.633
2023-11-22T18:00:00+01:00,18.658
2023-11-23T06:00:00+01:00,18.655
2023-11-23T18:00:00+01:00,18.674
2023-11-24T06:00:00+01:00,18.69
2023-11-24T18:00:00+01:00,18.691
2023-11-25T06:00:00+01:00,18.664
2023-11-25T18:00:00+01:00,18.669
2023-11-26T06:00:00+01:00,18.647
2023-11-26T18:00:00+01:00,18.663
2023-11-27T06:00:00+01:00,18.756
2023-11-27T18:00:00+01:00,18.884
2023-11-28T06:00:00+01:00,18.835
2023-11-28T18:00:00+01:00,18.808
2023-11-29T06:00:00+01:00,18.855
2023-11-29T18:00:00+01:00,18.852
2023-11-30T06:00:00+01:00,18.824
2023-11-30T18:00:00+01:00,18.792
2023-12-01T06:00:00+01:00,18.759
2023-12-01T18:00:00+01:00,18.751
2023-12-02T06:00:00+01:00,18.737
2023-12-02T18:00:00+01:00,18.717
2023-12-03T06:00:00+01:00,18.715
2023-12-03T18:00:00+01:00,18.753
2023-12-04T06:00:00+01:00,18.818
2023-12-04T18:00:00+01:00,18.864
2023-12-05T06:00:00+01:00,18.905
2023-12-05T18:00:00+01:00,18.836
2023-12-06T06:00:00+01:00,18.807
2023-12-06T18:00:00+01:00,18.804
2023-12-07T06:00:00+01:00,18.802
2023-12-07T18:00:00+01:00,18.835
2023-12-08T06:00:00+01:00,18.871
2023-12-08T18:00:00+01:00,18.827
2023-12-09T06:00:00+01:00,18.839
2023-12-09T18:00:00+01:00,18.944
2023-12-10T06:00:00+01:00,18.861
2023-12-10T18:00:00+01:00,18.915
2023-12-11T06:00:00+01:00,18.901
2023-12-11T18:00:00+01:00,18.876
2023-12-12T06:00:00+01:00,18.873
2023-12-12T18:00:00+01:00,18.918
2023-12-13T06:00:00+01:00,18.931
2023-12-13T18:00:00+01:00,18.891
2023-12-14T06:00:00+01:00,18.821
2023-12-14T18:00:00+01:00,18.81
2023-12-15T06:00:00+01:00,18.79
2023-12-15T18:00:00+01:00,18.783
2023-12-16T06:00:00+01:00,18.796
2023-12-16T18:00:00+01:00,18.805
2023-12-17T06:00:00+01:00,18.821
2023-12-17T18:00:00+01:00,18.823
2023-12-18T06:00:00+01:00,18.809
2023-12-18T18:00:00+01:00,18.82
2023-12-19T06:00:00+01:00,18.841
2023-12-19T18:00:00+01:00,18.945
2023-12-20T06:00:00+01:00,18.931
2023-12-20T18:00:00+01:00,18.933
2023-12-21T06:00:00+01:00,19.007
2023-12-21T18:00:00+01:00,18.986
2023-12-22T06:00:00+01:00,18.995
2023-12-22T18:00:00+01:00,18.96
2023-12-23T06:00:00+01:00,19.017
2023-12-23T18:00:00+01:00,18.965
2023-12-24T06:00:00+01:00,19.007
2023-12-24T18:00:00+01:00,19.046
2023-12-25T06:00:00+01:00,19.023
2023-12-25T18:00:00+01:00,19.069
2023-12-26T06:00:00+01:00,19.057
2023-12-26T18:00:00+01:00,19.009
2023-12-27T06:00:00+01:00,19.027
2023-12-27T18:00:00+01:00,19.072
2023-12-28T06:00:00+01:00,19.015
2023-12-28T18:00:00+01:00,19.008
2023-12-29T06:00:00+01:00,19.02
2023-12-29T18:00:00+01:00,19.014
2023-12-30T06:00:00+01:00,18.99
2023-12-30T18:00:00+01:00,19.006
2023-12-31T06:00:00+01:00,19.044
2023-12-31T18:00:00+01:00,19.02
2024-01-01T06:00:00+01:00,19.004
2024-01-01T18:00:00+01:00,18.974
2024-01-02T06:00:00+01:00,19.089
2024-01-02T18:00:00+01:00,19.125
2024-01-03T06:00:00+01:00,19.063
2024-01-03T18:00:00+01:00,19.087
2024-01-04T06:00:00+01:00,19.067
2024-01-04T18:00:00+01:00,19.102
2024-01-05T06:00:00+01:00,19.109
2024-01-05T18:00:00+01:00,19.066
2024-01-06T06:00:00+01:00,19.032
2024-01-06T18:00:00+01:00,19.014
2024-01-07T06:00:00+01:00,19.001
2024-01-07T18:00:00+01:00,18.978
2024-01-08T06:00:00+01:00,18.983
2024-01-08T18:00:00+01:00,18.973
2024-01-09T06:00:00+01:00,18.951
2024-01-09T18:00:00+01:00,18.956
2024-01-10T06:00:00+01:00,18.941
2024-01-10T18:00:00+01:00,18.938
2024-01-11T06:00:00+01:00,18.901
2024-01-11T18:00:00+01:00,18.919
2024-01-12T06:00:00+01:00,18.93
2024-01-12T18:00:00+01:00,18.961
2024-01-13T06:00:00+01:00,18.98
2024-01-13T18:00:00+01:00,18.995
2024-01-14T06:00:00+01:00,19.004
2024-01-14T18:00:00+01:00,19.009
2024-01-15T06:00:00+01:00,19.024
2024-01-15T18:00:00+01:00,19.02
2024-01-16T06:00:00+01:00,18.998
2024-01-16T18:00:00+01:00,18.995
2024-01-17T06:00:00+01:00,19.006
2024-01-17T18:00:00+01:00,18.988
2024-01-18T06:00:00+01:00,18.932
2024-01-18T18:00:00+01:00,18.878
2024-01-19T06:00:00+01:00,18.862
2024-01-19T18:00:00+01:00,18.866
2024-01-20T06:00:00+01:00,18.864
2024-01-20T18:00:00+01:00,18.891
2024-01-21T06:00:00+01:00,18.915
2024-01-21T18:00:00+01:00,18.941
2024-01-22T06:00:00+01:00,19.003
2024-01-22T18:00:00+01:00,18.988
2024-01-23T06:00:00+01:00,18.914
2024-01-23T18:00:00+01:00,19.006
2024-01-24T06:00:00+01:00,18.995
2024-01-24T18:00:00+01:00,18.917
2024-01-25T06:00:00+01:00,18.912
2024-01-25T18:00:00+01:00,18.976
2024-01-26T06:00:00+01:00,18.987
2024-01-26T18:00:00+01:00,18.943
2024-01-27T06:00:00+01:00,18.923
2024-01-27T18:00:00+01:00,18.924
2024-01-28T06:00:00+01:00,18.933
2024-01-28T18:00:00+01:00,18.936
2024-01-29T06:00:00+01:00,18.905
2024-01-29T18:00:00+01:00,18.903
2024-01-30T06:00:00+01:00,18.905
2024-01-30T18:00:00+01:00,18.863
2024-01-31T06:00:00+01:00,18.876
2024-01-31T18:00:00+01:00,18.903
2024-02-01T06:00:00+01:00,18.944
2024-02-01T18:00:00+01:00,18.891
2024-02-02T06:00:00+01:00,18.903
2024-02-02T18:00:00+01:00,18.895
2024-02-03T06:00:00+01:00,18.898
2024-02-03T18:00:00+01:00,18.941
2024-02-04T06:00:00+01:00,18.993
2024-02-04T18:00:00+01:00,19.007
2024-02-05T06:00:00+01:00,18.973
2024-02-05T18:00:00+01:00,18.952
2024-02-06T06:00:00+01:00,18.961
2024-02-06T18:00:00+01:00,18.958
2024-02-07T06:00:00+01:00,19.041
2024-02-07T18:00:00+01:00,19.029
2024-02-08T06:00:00+01:00,19.012
2024-02-08T18:00:00+01:00,19.108
2024-02-09T06:00:00+01:00,19.115
2024-02-09T18:00:00+01:00,19.07
2024-02-10T06:00:00+01:00,19.049
2024-02-10T18:00:00+01:00,19.033
2024-02-11T06:00:00+01:00,19.033
2024-02-11T18:00:00+01:00,19.0
2024-02-12T06:00:00+01:00,18.975
2024-02-12T18:00:00+01:00,18.936
2024-02-13T06:00:00+01:00,18.939
2024-02-13T18:00:00+01:00,18.955
2024-02-14T06:00:00+01:00,18.968
2024-02-14T18:00:00+01:00,19.013
2024-02-15T06:00:00+01:00,19.019
2024-02-15T18:00:00+01:00,19.024
2024-02-16T06:00:00+01:00,18.997
2024-02-16T18:00:00+01:00,18.965
2024-02-17T06:00:00+01:00,18.925
2024-02-17T18:00:00+01:00,18.933
2024-02-18T06:00:00+01:00,18.967
2024-02-18T18:00:00+01:00,19.011
2024-02-19T06:00:00+01:00,18.987
2024-02-19T18:00:00+01:00,18.988
2024-02-20T06:00:00+01:00,18.953
2024-02-20T18:00:00+01:00,18.959
2024-02-21T06:00:00+01:00,18.973
2024-02-21T18:00:00+01:00,19.051
2024-02-22T06:00:00+01:00,19.058
2024-02-22T18:00:00+01:00,19.08
2024-02-23T06:00:00+01:00,19.031
2024-02-23T18:00:00+01:00,18.998
2024-02-24T06:00:00+01:00,18.972
2024-02-24T18:00:00+01:00,18.971
2024-02-25T06:00:00+01:00,18.975
2024-02-25T18:00:00+01:00,18.998
2024-02-26T06:00:00+01:00,19.017
2024-02-26T18:00:00+01:00,19.043
2024-02-27T06:00:00+01:00,19.005
2024-02-27T18:00:00+01:00,19.001
2024-02-28T06:00:00+01:00,18.979
2024-02-28T18:00:00+01:00,18.997
2024-02-29T06:00:00+01:00,19.012
2024-02-29T18:00:00+01:00,19.06
2024-03-01T06:00:00+01:00,19.027
2024-03-01T18:00:00+01:00,19.009
2024-03-02T06:00:00+01:00,18.981
2024-03-02T18:00:00+01:00,18.983
2024-03-03T06:00:00+01:00,18.957
2024-03-03T18:00:00+01:00,18.93
2024-03-04T06:00:00+01:00,18.903
2024-03-04T18:00:00+01:00,18.918
2024-03-05T06:00:00+01:00,18.911
2024-03-05T18:00:00+01:00,18.902
2024-03-06T06:00:00+01:00,18.878
2024-03-06T18:00:00+01:00,18.877
2024-03-07T06:00:00+01:00,18.888
2024-03-07T18:00:00+01:00,18.907
2024-03-08T06:00:00+01:00,18.908
2024-03-08T18:00:00+01:00,18.923
2024-03-09T06:00:00+01:00,18.917
2024-03-09T18:00:00+01:00,18.911
2024-03-10T06:00:00+01:00,18.906
2024-03-10T18:00:00+01:00,18.88
2024-03-11T06:00:00+01:00,18.924
2024-03-11T18:00:00+01:00,19.03
2024-03-12T06:00:00+01:00,19.027
2024-03-12T18:00:00+01:00,19.035
2024-03-13T06:00:00+01:00,19.047
2024-03-15T00:00:00+01:00,18.863
2024-03-15T12:00:00+01:00,18.868
2024-03-16T00:00:00+01:00,18.836
2024-03-16T12:00:00+01:00,18.785
2024-03-17T00:00:00+01:00,18.781
2024-03-17T12:00:00+01:00,18.789
2024-03-18T00:00:00+01:00,18.84
2024-03-18T12:00:00+01:00,18.782
2024-03-19T00:00:00+01:00,18.764
2024-03-19T12:00:00+01:00,18.757
2024-03-20T00:00:00+01:00,18.739
2024-03-20T12:00:00+01:00,18.732
2024-03-21T00:00:00+01:00,18.713
2024-03-21T12:00:00+01:00,18.687
2024-03-22T00:00:00+01:00,18.717
2024-03-22T12:00:00+01:00,18.713
2024-03-23T00:00:00+01:00,18.906
2024-03-23T12:00:00+01:00,18.845
2024-03-24T00:00:00+01:00,18.863
2024-03-24T12:00:00+01:00,18.863
2024-03-25T00:00:00+01:00,18.801
2024-03-25T12:00:00+01:00,18.806
2024-03-26T00:00:00+01:00,18.805
2024-03-26T12:00:00+01:00,18.801
2024-03-27T00:00:00+01:00,18.799
2024-03-27T12:00:00+01:00,18.773
2024-03-28T00:00:00+01:00,18.758
2024-03-28T12:00:00+01:00,18.798
2024-03-29T00:00:00+01:00,18.734
2024-03-29T12:00:00+01:00,18.747
2024-03-30T00:00:00+01:00,18.709
2024-03-30T12:00:00+01:00,18.716
2024-03-31T00:00:00+01:00,18.693
2024-03-31T13:00:00+02:00,18.715
2024-04-01T01:00:00+02:00,18.789
2024-04-01T13:00:00+02:00,18.723
2024-04-02T01:00:00+02:00,18.692
2024-04-02T13:00:00+02:00,18.682
2024-04-03T01:00:00+02:00,18.737
2024-04-03T13:00:00+02:00,18.749
2024-04-04T01:00:00+02:00,18.695
2024-04-04T13:00:00+02:00,18.798
2024-04-05T01:00:00+02:00,18.727
2024-04-05T13:00:00+02:00,18.726
2024-04-06T01:00:00+02:00,18.694
2024-04-06T13:00:00+02:00,18.713
2024-04-07T01:00:00+02:00,18.672
2024-04-07T13:00:00+02:00,18.651
2024-04-08T01:00:00+02:00,18.691
2024-04-08T13:00:00+02:00,18.733
2024-04-09T01:00:00+02:00,18.707
2024-04-09T13:00:00+02:00,18.666
2024-04-10T01:00:00+02:00,18.607
2024-04-10T13:00:00+02:00,18.601
2024-04-11T01:00:00+02:00,18.607
2024-04-11T13:00:00+02:00,18.598
2024-04-12T01:00:00+02:00,18.604
2024-04-12T13:00:00+02:00,18.613
2024-04-13T01:00:00+02:00,18.609
2024-04-13T13:00:00+02:00,18.627
2024-04-14T01:00:00+02:00,18.589
2024-04-14T13:00:00+02:00,18.58
2024-04-15T01:00:00+02:00,18.612
2024-04-15T13:00:00+02:00,18.659
2024-04-16T01:00:00+02:00,18.668
2024-04-16T13:00:00+02:00,18.696
2024-04-17T01:00:00+02:00,18.642
2024-04-17T13:00:00+02:00,18.71
2024-04-18T01:00:00+02:00,18.735
2024-04-18T13:00:00+02:00,18.682
2024-04-19T01:00:00+02:00,18.692
2024-04-19T13:00:00+02:00,18.788
2024-04-20T01:00:00+02:00,18.672
2024-04-20T13:00:00+02:00,18.666
2024-04-21T01:00:00+02:00,18.66
2024-04-21T13:00:00+02:00,18.627
2024-04-22T01:00:00+02:00,18.615
2024-04-22T13:00:00+02:00,18.624
2024-04-23T01:00:00+02:00,18.627
2024-04-23T13:00:00+02:00,18.626
2024-04-24T01:00:00+02:00,18.624
2024-04-24T13:00:00+02:00,18.64
2024-04-25T01:00:00+02:00,18.621
2024-04-25T13:00:00+02:00,18.631
2024-04-26T01:00:00+02:00,18.618
2024-04-26T13:00:00+02:00,18.584
2024-04-27T01:00:00+02:00,18.582
2024-04-27T13:00:00+02:00,18.584
2024-04-28T01:00:00+02:00,18.597
2024-04-28T13:00:00+02:00,18.564
2024-04-29T01:00:00+02:00,18.53
2024-04-29T13:00:00+02:00,18.541
2024-04-30T01:00:00+02:00,18.539
2024-04-30T13:00:00+02:00,18.565
2024-05-01T01:00:00+02:00,18.544
2024-05-01T13:00:00+02:00,18.566
2024-05-02T01:00:00+02:00,18.558
2024-05-02T13:00:00+02:00,18.531
2024-05-03T01:00:00+02:00,18.885
2024-05-03T13:00:00+02:00,18.866
2024-05-04T01:00:00+02:00,18.815
2024-05-04T13:00:00+02:00,18.807
2024-05-05T01:00:00+02:00,18.915
2024-05-05T13:00:00+02:00,18.859
2024-05-06T01:00:00+02:00,18.817
2024-05-06T13:00:00+02:00,18.788
2024-05-07T01:00:00+02:00,18.874
2024-05-07T13:00:00+02:00,18.87
2024-05-08T01:00:00+02:00,18.789
2024-05-08T13:00:00+02:00,18.776
2024-05-09T01:00:00+02:00,18.759
2024-05-09T13:00:00+02:00,18.763
2024-05-10T01:00:00+02:00,18.737
2024-05-10T13:00:00+02:00,18.729
2024-05-11T01:00:00+02:00,18.7
2024-05-11T13:00:00+02:00,18.697
2024-05-12T01:00:00+02:00,18.679
2024-05-12T13:00:00+02:00,18.682
2024-05-13T01:00:00+02:00,18.647
2024-05-13T13:00:00+02:00,18.641
2024-05-14T01:00:00+02:00,18.78
2024-05-14T13:00:00+02:00,18.741
2024-05-15T01:00:00+02:00,18.704
2024-05-15T13:00:00+02:00,18.679
2024-05-16T01:00:00+02:00,18.756
2024-05-16T13:00:00+02:00,18.794
2024-05-18T01:00:00+02:00,18.76
2024-05-18T13:00:00+02:00,18.723
2024-05-19T01:00:00+02:00,18.695
2024-05-19T13:00:00+02:00,18.693
2024-05-20T01:00:00+02:00,18.742
2024-05-20T13:00:00+02:00,18.717
2024-05-21T01:00:00+02:00,18.68
2024-05-21T13:00:00+02:00,18.674
2024-05-22T01:00:00+02:00,18.87
2024-05-22T13:00:00+02:00,18.804
2024-05-23T01:00:00+02:00,18.743
2024-05-23T13:00:00+02:00,18.721
2024-05-24T01:00:00+02:00,18.68
2024-05-24T13:00:00+02:00,18.735
2024-05-25T01:00:00+02:00,18.851
2024-05-25T13:00:00+02:00,18.845
2024-05-26T01:00:00+02:00,18.82
2024-05-26T13:00:00+02:00,18.792
2024-05-27T01:00:00+02:00,18.792
2024-05-27T13:00:00+02:00,18.758
2024-05-28T01:00:00+02:00,18.81
2024-05-28T13:00:00+02:00,18.814
2024-05-29T01:00:00+02:00,18.832
2024-05-29T13:00:00+02:00,18.915
2024-05-30T01:00:00+02:00,18.846
2024-05-30T13:00:00+02:00,18.813
2024-05-31T01:00:00+02:00,18.762
2024-05-31T13:00:00+02:00,18.794
2024-06-01T01:00:00+02:00,18.736
2024-06-01T13:00:00+02:00,18.732
2024-06-02T01:00:00+02:00,18.706
2024-06-02T13:00:00+02:00,18.697
2024-06-03T01:00:00+02:00,18.682
2024-06-03T13:00:00+02:00,18.674
2024-06-04T01:00:00+02:00,18.674
2024-06-04T13:00:00+02:00,18.68
2024-06-05T01:00:00+02:00,18.644
2024-06-05T13:00:00+02:00,18.618
2024-06-06T01:00:00+02:00,18.588
2024-06-06T13:00:00+02:00,18.576
2024-06-07T01:00:00+02:00,18.563
2024-06-07T13:00:00+02:00,18.56
2024-06-08T01:00:00+02:00,18.548
2024-06-08T13:00:00+02:00,18.556
2024-06-09T01:00:00+02:00,18.522
2024-06-09T13:00:00+02:00,18.531
2024-06-10T01:00:00+02:00,18.514
2024-06-10T13:00:00+02:00,18.614
2024-06-11T01:00:00+02:00,18.562
2024-06-11T13:00:00+02:00,18.545
2024-06-12T01:00:00+02:00,18.516
2024-06-12T13:00:00+02:00,18.507
2024-06-13T01:00:00+02:00,18.5
2024-06-13T13:00:00+02:00,18.505
2024-06-14T01:00:00+02:00,18.511
2024-06-14T13:00:00+02:00,18.5
2024-06-15T01:00:00+02:00,18.518
2024-06-15T13:00:00+02:00,18.5
2024-06-16T01:00:00+02:00,18.475
2024-06-16T13:00:00+02:00,18.493
2024-06-17T01:00:00+02:00,18.484
2024-06-17T13:00:00+02:00,18.47
2024-06-18T01:00:00+02:00,18.452
2024-06-18T13:00:00+02:00,18.613
2024-06-19T01:00:00+02:00,18.842
2024-06-19T13:00:00+02:00,18.772
2024-06-20T01:00:00+02:00,18.707
2024-06-20T13:00:00+02:00,18.702
2024-06-21T01:00:00+02:00,18.706
2024-06-21T13:00:00+02:00,18.719
2024-06-22T01:00:00+02:00,18.742
2024-06-22T13:00:00+02:00,18.689
2024-06-23T01:00:00+02:00,18.644
2024-06-23T13:00:00+02:00,18.634
2024-06-24T01:00:00+02:00,18.603
2024-06-24T13:00:00+02:00,18.605
2024-06-25T01:00:00+02:00,18.582
2024-06-25T13:00:00+02:00,18.575
2024-06-26T01:00:00+02:00,18.55
2024-06-26T13:00:00+02:00,18.544
2024-06-27T01:00:00+02:00,18.518
2024-06-27T13:00:00+02:00,18.502
2024-06-28T01:00:00+02:00,18.455
2024-06-28T13:00:00+02:00,18.434
2024-06-29T01:00:00+02:00,18.435
2024-06-29T13:00:00+02:00,18.45
2024-06-30T01:00:00+02:00,18.483
2024-06-30T13:00:00+02:00,18.547
2024-07-01T01:00:00+02:00,18.527
2024-07-01T13:00:00+02:00,18.51
2024-07-02T01:00:00+02:00,18.489
2024-07-02T13:00:00+02:00,18.5
2024-07-03T01:00:00+02:00,18.487
2024-07-03T13:00:00+02:00,18.516
2024-07-04T01:00:00+02:00,18.551
2024-07-04T13:00:00+02:00,18.512
2024-07-05T01:00:00+02:00,18.48
2024-07-05T13:00:00+02:00,18.467
2024-07-06T01:00:00+02:00,18.501
2024-07-06T13:00:00+02:00,18.46
2024-07-07T01:00:00+02:00,18.409
2024-07-07T13:00:00+02:00,18.407
2024-07-08T01:00:00+02:00,18.389
2024-07-08T13:00:00+02:00,18.386
2024-07-09T01:00:00+02:00,18.397
2024-07-09T13:00:00+02:00,18.398
2024-07-10T01:00:00+02:00,18.441
2024-07-10T13:00:00+02:00,18.452
2024-07-11T01:00:00+02:00,18.41
2024-07-11T13:00:00+02:00,18.399
2024-07-12T01:00:00+02:00,18.39
2024-07-12T13:00:00+02:00,18.547
2024-07-13T01:00:00+02:00,18.647
2024-07-13T13:00:00+02:00,18.61
2024-07-14T01:00:00+02:00,18.59
2024-07-14T13:00:00+02:00,18.575
2024-07-15T01:00:00+02:00,18.54
2024-07-15T13:00:00+02:00,18.541
2024-07-16T01:00:00+02:00,18.52
2024-07-16T13:00:00+02:00,18.483
2024-07-17T01:00:00+02:00,18.458
2024-07-17T13:00:00+02:00,18.446
2024-07-18T01:00:00+02:00,18.433
2024-07-18T13:00:00+02:00,18.434
2024-07-19T01:00:00+02:00,18.415
2024-07-19T13:00:00+02:00,18.414
2024-07-20T01:00:00+02:00,18.403
2024-07-20T13:00:00+02:00,18.409
2024-07-21T01:00:00+02:00,18.385
2024-07-21T13:00:00+02:00,18.361
2024-07-22T01:00:00+02:00,18.333
2024-07-22T13:00:00+02:00,18.334
2024-07-23T01:00:00+02:00,18.331
2024-07-23T13:00:00+02:00,18.353
2024-07-24T01:00:00+02:00,18.339
2024-07-24T13:00:00+02:00,18.344
2024-07-25T01:00:00+02:00,18.336
2024-07-25T13:00:00+02:00,18.264
2024-07-26T01:00:00+02:00,18.247
2024-07-26T13:00:00+02:00,18.232
2024-07-27T01:00:00+02:00,18.218
2024-07-27T13:00:00+02:00,18.212
2024-07-28T01:00:00+02:00,18.174
2024-07-28T13:00:00+02:00,18.17
2024-07-29T01:00:00+02:00,18.174
2024-07-29T13:00:00+02:00,18.185
2024-07-30T01:00:00+02:00,18.178
2024-07-30T13:00:00+02:00,18.171
2024-07-31T01:00:00+02:00,18.151
2024-07-31T13:00:00+02:00,18.144
2024-08-01T01:00:00+02:00,18.145
2024-08-01T13:00:00+02:00,18.143
2024-08-02T01:00:00+02:00,18.146
2024-08-02T13:00:00+02:00,18.153
2024-08-03T01:00:00+02:00,18.132
2024-08-03T13:00:00+02:00,18.126
2024-08-04T01:00:00+02:00,18.109
2024-08-04T13:00:00+02:00,18.1
2024-08-05T01:00:00+02:00,18.096
2024-08-05T13:00:00+02:00,18.091
2024-08-06T01:00:00+02:00,18.083
2024-08-06T13:00:00+02:00,18.079
2024-08-07T01:00:00+02:00,18.054
2024-08-07T13:00:00+02:00,18.064
2024-08-08T01:00:00+02:00,18.139
2024-08-08T13:00:00+02:00,18.147
2024-08-09T01:00:00+02:00,18.156
2024-08-09T13:00:00+02:00,18.134
2024-08-10T01:00:00+02:00,18.111
2024-08-10T13:00:00+02:00,18.103
2024-08-11T01:00:00+02:00,18.081
2024-08-11T13:00:00+02:00,18.078
2024-08-12T01:00:00+02:00,18.077
2024-08-12T13:00:00+02:00,18.087
2024-08-13T01:00:00+02:00,18.062
2024-08-13T13:00:00+02:00,18.043
2024-08-14T01:00:00+02:00,18.011
2024-08-14T13:00:00+02:00,18.007
2024-08-15T01:00:00+02:00,17.99
2024-08-15T13:00:00+02:00,17.994
2024-08-16T01:00:00+02:00,17.982
2024-08-16T13:00:00+02:00,17.974
2024-08-17T01:00:00+02:00,17.984
2024-08-17T13:00:00+02:00,17.977
2024-08-18T01:00:00+02:00,17.98
2024-08-18T13:00:00+02:00,17.962
2024-08-19T01:00:00+02:00,17.934
2024-08-19T13:00:00+02:00,17.937
2024-08-20T01:00:00+02:00,17.945
2024-08-20T13:00:00+02:00,17.955
2024-08-21T01:00:00+02:00,17.92
2024-08-21T13:00:00+02:00,17.912
2024-08-22T01:00:00+02:00,17.93
2024-08-22T13:00:00+02:00,17.951
2024-08-23T01:00:00+02:00,17.937
2024-08-23T13:00:00+02:00,17.918
2024-08-24T01:00:00+02:00,17.9
2024-08-24T13:00:00+02:00,17.927
2024-08-25T01:00:00+02:00,17.868
2024-08-25T13:00:00+02:00,17.944
2024-08-26T01:00:00+02:00,17.959
2024-08-26T13:00:00+02:00,17.963
2024-08-27T01:00:00+02:00,17.95
2024-08-27T13:00:00+02:00,17.963
2024-08-28T01:00:00+02:00,17.958
2024-08-28T13:00:00+02:00,17.964
2024-08-29T01:00:00+02:00,17.943
2024-08-29T13:00:00+02:00,17.922
2024-08-30T01:00:00+02:00,17.897
2024-08-30T13:00:00+02:00,17.904
2024-08-31T01:00:00+02:00,17.899
2024-08-31T13:00:00+02:00,17.915
2024-09-01T01:00:00+02:00,17.919
2024-09-01T13:00:00+02:00,17.931
2024-09-02T01:00:00+02:00,17.91
2024-09-02T13:00:00+02:00,17.911
2024-09-03T01:00:00+02:00,17.979
2024-09-03T13:00:00+02:00,18.03
2024-09-04T01:00:00+02:00,18.05
2024-09-04T13:00:00+02:00,18.075
2024-09-05T01:00:00+02:00,18.088
2024-09-05T13:00:00+02:00,18.116
2024-09-06T01:00:00+02:00,18.101
2024-09-06T13:00:00+02:00,18.088
2024-09-07T01:00:00+02:00,18.083
2024-09-07T13:00:00+02:00,18.093
2024-09-08T01:00:00+02:00,18.081
2024-09-08T13:00:00+02:00,18.08
2024-09-09T01:00:00+02:00,18.088
2024-09-09T13:00:00+02:00,18.059
2024-09-10T01:00:00+02:00,18.025
2024-09-10T13:00:00+02:00,18.043
2024-09-11T01:00:00+02:00,18.078
2024-09-11T13:00:00+02:00,18.057
2024-09-12T01:00:00+02:00,18.081
2024-09-12T13:00:00+02:00,18.084
2024-09-13T01:00:00+02:00,18.079
2024-09-13T13:00:00+02:00,18.067
2024-09-14T01:00:00+02:00,18.06
2024-09-14T13:00:00+02:00,18.068
2024-09-15T01:00:00+02:00,18.073
2024-09-15T13:00:00+02:00,18.08
2024-09-16T01:00:00+02:00,18.078
2024-09-16T13:00:00+02:00,18.066
2024-09-17T01:00:00+02:00,18.053
2024-09-17T13:00:00+02:00,18.05
2024-09-18T01:00:00+02:00,18.046
2024-09-18T13:00:00+02:00,18.048
2024-10-01T10:00:00+02:00,18.092
2024-10-01T22:00:00+02:00,18.104
2024-10-02T10:00:00+02:00,18.085
2024-10-02T22:00:00+02:00,18.066
2024-10-03T10:00:00+02:00,18.06
2024-10-03T22:00:00+02:00,18.058
2024-10-04T10:00:00+02:00,18.048
2024-10-04T22:00:00+02:00,18.049
2024-10-05T10:00:00+02:00,18.053
2024-10-05T22:00:00+02:00,18.066
2024-10-06T10:00:00+02:00,18.083
2024-10-06T22:00:00+02:00,18.086
2024-10-07T10:00:00+02:00,18.056
2024-10-07T22:00:00+02:00,18.065
2024-10-08T10:00:00+02:00,18.054
2024-10-08T22:00:00+02:00,18.059
2024-10-09T10:00:00+02:00,18.089
2024-10-09T22:00:00+02:00,18.115
2024-10-10T10:00:00+02:00,18.153
2024-10-10T22:00:00+02:00,18.199
2024-10-11T10:00:00+02:00,18.204
2024-10-11T22:00:00+02:00,18.218
2024-10-12T10:00:00+02:00,18.247
2024-10-12T22:00:00+02:00,18.265
2024-10-13T10:00:00+02:00,18.191
2024-10-13T22:00:00+02:00,18.187
2024-10-14T10:00:00+02:00,18.204
2024-10-14T22:00:00+02:00,18.187
2024-10-15T10:00:00+02:00,18.199
2024-10-15T22:00:00+02:00,18.221
2024-10-16T10:00:00+02:00,18.226
2024-10-16T22:00:00+02:00,18.219
2024-10-17T10:00:00+02:00,18.188
2024-10-17T22:00:00+02:00,18.176
2024-10-18T10:00:00+02:00,18.168
2024-10-18T22:00:00+02:00,18.176
2024-10-19T10:00:00+02:00,18.171
2024-10-19T22:00:00+02:00,18.162
2024-10-20T10:00:00+02:00,18.172
2024-10-20T22:00:00+02:00,18.169
2024-10-21T10:00:00+02:00,18.133
2024-10-21T22:00:00+02:00,18.175
2024-10-22T10:00:00+02:00,18.153
2024-10-22T22:00:00+02:00,18.157
2024-10-23T10:00:00+02:00,18.157
2024-10-23T22:00:00+02:00,18.18
2024-10-24T10:00:00+02:00,18.195
2024-10-24T22:00:00+02:00,18.209
2024-10-25T10:00:00+02:00,18.197
2024-10-25T22:00:00+02:00,18.179
2024-10-26T10:00:00+02:00,18.179
2024-10-26T22:00:00+02:00,18.179
2024-10-27T10:00:00+01:00,18.131
2024-10-27T22:00:00+01:00,18.13
2024-10-28T10:00:00+01:00,18.132
2024-10-28T22:00:00+01:00,18.127
2024-10-29T10:00:00+01:00,18.125
2024-10-29T22:00:00+01:00,18.133
2024-10-30T10:00:00+01:00,18.134
2024-10-30T22:00:00+01:00,18.148
2024-10-31T10:00:00+01:00,18.157
2024-10-31T22:00:00+01:00,18.165
2024-11-01T10:00:00+01:00,18.16
2024-11-01T22:00:00+01:00,18.134
2024-11-02T10:00:00+01:00,18.112
2024-11-02T22:00:00+01:00,18.123
2024-11-03T10:00:00+01:00,18.125
2024-11-03T22:00:00+01:00,18.122
2024-11-04T10:00:00+01:00,18.129
2024-11-04T22:00:00+01:00,18.137
2024-11-05T10:00:00+01:00,18.123
2024-11-05T22:00:00+01:00,18.098
2024-11-06T10:00:00+01:00,18.07
2024-11-06T22:00:00+01:00,18.074
2024-11-07T10:00:00+01:00,18.076
2024-11-07T22:00:00+01:00,18.083
2024-11-08T10:00:00+01:00,18.091
2024-11-08T22:00:00+01:00,18.091
2024-11-09T10:00:00+01:00,18.078
2024-11-09T22:00:00+01:00,18.07
2024-11-10T10:00:00+01:00,18.057
2024-11-10T22:00:00+01:00,18.052
2024-11-11T10:00:00+01:00,18.049
2024-11-11T22:00:00+01:00,18.069
2024-11-12T10:00:00+01:00,18.044
2024-11-12T22:00:00+01:00,18.059
2024-11-13T10:00:00+01:00,18.066
2024-11-13T22:00:00+01:00,18.087
2024-11-14T10:00:00+01:00,18.083
2024-11-14T22:00:00+01:00,18.081
2024-11-15T10:00:00+01:00,18.086
2024-11-15T22:00:00+01:00,18.106
2024-11-16T10:00:00+01:00,18.111
2024-11-16T22:00:00+01:00,18.129
2024-11-17T10:00:00+01:00,18.106
2024-11-17T22:00:00+01:00,18.111
2024-11-18T10:00:00+01:00,18.119
2024-11-18T22:00:00+01:00,18.178
2024-11-19T10:00:00+01:00,18.245
2024-11-19T22:00:00+01:00,18.311
2024-11-20T10:00:00+01:00,18.331
2024-11-20T22:00:00+01:00,18.506
2024-11-21T10:00:00+01:00,18.566
2024-11-21T22:00:00+01:00,18.529
2024-11-22T10:00:00+01:00,18.485
2024-11-22T22:00:00+01:00,18.459
2024-11-23T10:00:00+01:00,18.504
2024-11-23T22:00:00+01:00,18.559
2024-11-24T10:00:00+01:00,18.577
2024-11-24T22:00:00+01:00,18.572
2024-11-25T10:00:00+01:00,18.555
2024-11-25T22:00:00+01:00,18.561
2024-11-26T10:00:00+01:00,18.526
2024-11-26T22:00:00+01:00,18.512
2024-11-27T10:00:00+01:00,18.582
2024-11-27T22:00:00+01:00,18.554
2024-11-28T10:00:00+01:00,18.501
2024-11-28T22:00:00+01:00,18.487
2024-11-29T10:00:00+01:00,18.485
2024-11-29T22:00:00+01:00,18.503
2024-11-30T10:00:00+01:00,18.49
2024-11-30T22:00:00+01:00,18.495
2024-12-01T10:00:00+01:00,18.506
2024-12-01T22:00:00+01:00,18.501
2024-12-02T10:00:00+01:00,18.508
2024-12-02T22:00:00+01:00,18.522
2024-12-03T10:00:00+01:00,18.503
2024-12-03T22:00:00+01:00,18.489
2024-12-04T10:00:00+01:00,18.47
2024-12-04T22:00:00+01:00,18.479
2024-12-05T10:00:00+01:00,18.535
2024-12-05T22:00:00+01:00,18.66
2024-12-06T10:00:00+01:00,18.63
2024-12-06T22:00:00+01:00,18.643
2024-12-07T10:00:00+01:00,18.734
2024-12-07T22:00:00+01:00,18.709
2024-12-08T10:00:00+01:00,18.611
2024-12-08T22:00:00+01:00,18.556
2024-12-09T10:00:00+01:00,18.562
2024-12-09T22:00:00+01:00,18.553
2024-12-10T10:00:00+01:00,18.55
2024-12-10T22:00:00+01:00,18.549
2024-12-11T10:00:00+01:00,18.528
2024-12-11T22:00:00+01:00,18.527
2024-12-12T10:00:00+01:00,18.524
2024-12-12T22:00:00+01:00,18.529
2024-12-13T10:00:00+01:00,18.521
2024-12-13T22:00:00+01:00,18.538
2024-12-14T10:00:00+01:00,18.525
2024-12-14T22:00:00+01:00,18.498
2024-12-15T10:00:00+01:00,18.488
2024-12-15T22:00:00+01:00,18.489
2024-12-16T10:00:00+01:00,18.484
2024-12-16T22:00:00+01:00,18.498
2024-12-17T10:00:00+01:00,18.486
2024-12-17T22:00:00+01:00,18.542
2024-12-18T10:00:00+01:00,18.539
2024-12-18T22:00:00+01:00,18.561
2024-12-19T10:00:00+01:00,18.547
2024-12-19T22:00:00+01:00,18.531
2024-12-20T10:00:00+01:00,18.516
2024-12-20T22:00:00+01:00,18.546
2024-12-21T10:00:00+01:00,18.551
2024-12-21T22:00:00+01:00,18.64
2024-12-22T10:00:00+01:00,18.63
2024-12-22T22:00:00+01:00,18.608
2024-12-23T10:00:00+01:00,18.594
2024-12-23T22:00:00+01:00,18.574
2024-12-24T10:00:00+01:00,18.561
2024-12-24T22:00:00+01:00,18.589
2024-12-25T10:00:00+01:00,18.571
2024-12-25T22:00:00+01:00,18.574
2024-12-26T10:00:00+01:00,18.563
2024-12-26T22:00:00+01:00,18.57
2024-12-27T10:00:00+01:00,18.566
2024-12-27T22:00:00+01:00,18.561
2024-12-28T10:00:00+01:00,18.551
2024-12-28T22:00:00+01:00,18.546
2024-12-29T10:00:00+01:00,18.526
2024-12-29T22:00:00+01:00,18.531
2024-12-30T10:00:00+01:00,18.538
2024-12-30T22:00:00+01:00,18.543
2024-12-31T10:00:00+01:00,18.537
2024-12-31T22:00:00+01:00,18.558
2025-01-01T10:00:00+01:00,18.569
2025-01-01T22:00:00+01:00,18.561
2025-01-02T10:00:00+01:00,18.621
2025-01-02T22:00:00+01:00,18.601
2025-01-03T10:00:00+01:00,18.58
2025-01-03T22:00:00+01:00,18.593
2025-01-04T10:00:00+01:00,18.595
2025-01-04T22:00:00+01:00,18.635
2025-01-05T10:00:00+01:00,18.718
2025-01-05T22:00:00+01:00,18.804
2025-01-06T10:00:00+01:00,18.829
2025-01-06T22:00:00+01:00,18.705
2025-01-07T10:00:00+01:00,18.669
2025-01-07T22:00:00+01:00,18.67
2025-01-08T10:00:00+01:00,18.638
2025-01-08T22:00:00+01:00,18.691
2025-01-09T10:00:00+01:00,18.718
2025-01-09T22:00:00+01:00,18.679
2025-01-10T10:00:00+01:00,18.661
2025-01-10T22:00:00+01:00,18.644
2025-01-11T10:00:00+01:00,18.601
2025-01-11T22:00:00+01:00,18.591
2025-01-12T10:00:00+01:00,18.568
2025-01-12T22:00:00+01:00,18.577
2025-01-13T10:00:00+01:00,18.573
2025-01-13T22:00:00+01:00,18.596
2025-01-14T10:00:00+01:00,18.576
2025-01-14T22:00:00+01:00,18.596
2025-01-15T10:00:00+01:00,18.577
2025-01-15T22:00:00+01:00,18.579
2025-01-16T10:00:00+01:00,18.568
2025-01-16T22:00:00+01:00,18.563
2025-01-17T10:00:00+01:00,18.546
2025-01-17T22:00:00+01:00,18.562
2025-01-18T10:00:00+01:00,18.571
2025-01-18T22:00:00+01:00,18.581
2025-01-19T10:00:00+01:00,18.571
2025-01-19T22:00:00+01:00,18.56
2025-01-20T10:00:00+01:00,18.547
2025-01-20T22:00:00+01:00,18.55
2025-01-21T10:00:00+01:00,18.54
2025-01-21T22:00:00+01:00,18.563
2025-01-22T10:00:00+01:00,18.569
2025-01-22T22:00:00+01:00,18.624
2025-01-23T10:00:00+01:00,18.653
2025-01-23T22:00:00+01:00,18.656
2025-01-24T10:00:00+01:00,18.665
2025-01-24T22:00:00+01:00,18.736
2025-01-25T10:00:00+01:00,18.772
2025-01-25T22:00:00+01:00,18.748
2025-01-26T10:00:00+01:00,18.744
2025-01-26T22:00:00+01:00,18.812
2025-01-27T10:00:00+01:00,18.775
2025-01-27T22:00:00+01:00,18.725
2025-01-28T10:00:00+01:00,18.709
2025-01-28T22:00:00+01:00,18.699
2025-01-29T10:00:00+01:00,18.674
2025-01-29T22:00:00+01:00,18.654
2025-01-30T10:00:00+01:00,18.684
2025-01-30T22:00:00+01:00,18.699
2025-01-31T10:00:00+01:00,18.662
2025-01-31T22:00:00+01:00,18.639
2025-02-01T10:00:00+01:00,18.636
2025-02-01T22:00:00+01:00,18.663
2025-02-02T10:00:00+01:00,18.636
2025-02-02T22:00:00+01:00,18.619
2025-02-03T10:00:00+01:00,18.596
2025-02-03T22:00:00+01:00,18.609
2025-02-04T10:00:00+01:00,18.596
2025-02-04T22:00:00+01:00,18.584
2025-02-05T10:00:00+01:00,18.547
2025-02-05T22:00:00+01:00,18.552
2025-02-06T10:00:00+01:00,18.556
2025-02-06T22:00:00+01:00,18.595
2025-02-07T10:00:00+01:00,18.613
2025-02-07T22:00:00+01:00,18.612
2025-02-08T10:00:00+01:00,18.575
2025-02-08T22:00:00+01:00,18.549
2025-02-09T10:00:00+01:00,18.529
2025-02-09T22:00:00+01:00,18.543
2025-02-10T10:00:00+01:00,18.551
2025-02-10T22:00:00+01:00,18.612
2025-02-11T10:00:00+01:00,18.7
2025-02-11T22:00:00+01:00,18.703
2025-02-12T10:00:00+01:00,18.66
2025-02-12T22:00:00+01:00,18.64
2025-02-13T10:00:00+01:00,18.616
2025-02-13T22:00:00+01:00,18.589
2025-02-14T10:00:00+01:00,18.572
2025-02-14T22:00:00+01:00,18.575
2025-02-15T10:00:00+01:00,18.585
2025-02-15T22:00:00+01:00,18.586
2025-02-16T10:00:00+01:00,18.559
2025-02-16T22:00:00+01:00,18.548
2025-02-17T10:00:00+01:00,18.533
2025-02-17T22:00:00+01:00,18.532
2025-02-18T10:00:00+01:00,18.505
2025-02-18T22:00:00+01:00,18.528
2025-02-19T10:00:00+01:00,18.515
2025-02-19T22:00:00+01:00,18.517
2025-02-20T10:00:00+01:00,18.513
2025-02-20T22:00:00+01:00,18.508
2025-02-21T10:00:00+01:00,18.522
2025-02-21T22:00:00+01:00,18.535
2025-02-22T10:00:00+01:00,18.527
2025-02-22T22:00:00+01:00,18.537
2025-02-23T10:00:00+01:00,18.517
2025-02-23T22:00:00+01:00,18.549
2025-02-24T10:00:00+01:00,18.567
2025-02-24T22:00:00+01:00,18.565
2025-02-25T10:00:00+01:00,18.558
2025-02-25T22:00:00+01:00,18.531
2025-02-26T10:00:00+01:00,18.617
2025-02-26T22:00:00+01:00,18.63
2025-02-27T10:00:00+01:00,18.606
2025-02-27T22:00:00+01:00,18.605
2025-02-28T10:00:00+01:00,18.552
2025-02-28T22:00:00+01:00,18.546
2025-03-01T10:00:00+01:00,18.514
2025-03-01T22:00:00+01:00,18.516
2025-03-02T10:00:00+01:00,18.514
2025-03-02T22:00:00+01:00,18.53
2025-03-03T10:00:00+01:00,18.513
2025-03-03T22:00:00+01:00,18.522
2025-03-04T10:00:00+01:00,18.512
2025-03-04T22:00:00+01:00,18.513
2025-03-05T10:00:00+01:00,18.499
2025-03-05T22:00:00+01:00,18.511
2025-03-06T10:00:00+01:00,18.502
2025-03-06T22:00:00+01:00,18.495
2025-03-07T10:00:00+01:00,18.48
2025-03-07T22:00:00+01:00,18.482
2025-03-08T10:00:00+01:00,18.479
2025-03-08T22:00:00+01:00,18.486
2025-03-09T10:00:00+01:00,18.482
2025-03-09T22:00:00+01:00,18.483
2025-03-10T10:00:00+01:00,18.459
2025-03-10T22:00:00+01:00,18.447
2025-03-11T10:00:00+01:00,18.437
2025-03-11T22:00:00+01:00,18.443
2025-03-12T10:00:00+01:00,18.447
2025-03-12T22:00:00+01:00,18.44
2025-03-13T10:00:00+01:00,18.425
2025-03-13T22:00:00+01:00,18.408
2025-03-14T10:00:00+01:00,18.389
2025-03-14T22:00:00+01:00,18.375
2025-03-15T10:00:00+01:00,18.369
2025-03-15T22:00:00+01:00,18.379
2025-03-16T10:00:00+01:00,18.369
2025-03-16T22:00:00+01:00,18.367
2025-03-17T10:00:00+01:00,18.355
2025-03-17T12:00:00+01:00,18.38
2025-03-18T00:00:00+01:00,18.384
2025-03-18T12:00:00+01:00,18.395
2025-03-19T00:00:00+01:00,18.388
2025-03-19T12:00:00+01:00,18.382
2025-03-20T00:00:00+01:00,18.383
2025-03-20T12:00:00+01:00,18.38
2025-03-21T00:00:00+01:00,18.388
2025-03-21T12:00:00+01:00,18.407
2025-03-22T00:00:00+01:00,18.406
2025-03-22T12:00:00+01:00,18.403
2025-03-23T00:00:00+01:00,18.39
2025-03-23T12:00:00+01:00,18.366
2025-03-24T00:00:00+01:00,18.342
2025-03-24T12:00:00+01:00,18.331
2025-03-25T00:00:00+01:00,18.323
2025-03-25T12:00:00+01:00,18.332
2025-03-26T00:00:00+01:00,18.329
2025-03-26T12:00:00+01:00,18.325
2025-03-27T00:00:00+01:00,18.328
2025-03-27T12:00:00+01:00,18.337
2025-03-28T00:00:00+01:00,18.351
2025-03-28T12:00:00+01:00,18.334
2025-03-29T00:00:00+01:00,18.313
2025-03-29T12:00:00+01:00,18.293
2025-03-30T00:00:00+01:00,18.312
2025-03-30T12:00:00+02:00,18.301
2025-03-31T00:00:00+02:00,18.276
2025-03-31T12:00:00+02:00,18.263
2025-04-01T00:00:00+02:00,18.264
2025-04-01T12:00:00+02:00,18.26
2025-04-02T00:00:00+02:00,18.258
2025-04-02T12:00:00+02:00,18.258
2025-04-03T00:00:00+02:00,18.247
2025-04-03T12:00:00+02:00,18.243
2025-04-04T00:00:00+02:00,18.24
2025-04-04T12:00:00+02:00,18.236
2025-04-05T00:00:00+02:00,18.236
2025-04-05T12:00:00+02:00,18.22
2025-04-06T00:00:00+02:00,18.208
2025-04-06T12:00:00+02:00,18.194
2025-04-07T00:00:00+02:00,18.192
2025-04-07T12:00:00+02:00,18.182
2025-04-08T00:00:00+02:00,18.18
2025-04-08T12:00:00+02:00,18.175
2025-04-09T00:00:00+02:00,18.176
2025-04-09T12:00:00+02:00,18.16
2025-04-10T00:00:00+02:00,18.151
2025-04-10T12:00:00+02:00,18.148
2025-04-11T00:00:00+02:00,18.154
2025-04-11T12:00:00+02:00,18.159
2025-04-12T00:00:00+02:00,18.167
2025-04-12T12:00:00+02:00,18.182
2025-04-13T00:00:00+02:00,18.197
2025-04-13T12:00:00+02:00,18.159
2025-04-14T00:00:00+02:00,18.14
2025-04-14T12:00:00+02:00,18.135
2025-04-15T00:00:00+02:00,18.157
2025-04-15T12:00:00+02:00,18.163
2025-04-16T00:00:00+02:00,18.123
2025-04-16T12:00:00+02:00,18.096
2025-04-17T00:00:00+02:00,18.098
2025-04-17T12:00:00+02:00,18.098
2025-04-18T00:00:00+02:00,18.105
2025-04-18T12:00:00+02:00,18.124
2025-04-19T00:00:00+02:00,18.142
2025-04-19T12:00:00+02:00,18.148
2025-04-20T00:00:00+02:00,18.152
2025-04-20T12:00:00+02:00,18.144
2025-04-21T00:00:00+02:00,18.143
2025-04-21T12:00:00+02:00,18.184
2025-04-22T00:00:00+02:00,18.181
2025-04-22T12:00:00+02:00,18.177
2025-04-23T00:00:00+02:00,18.179
2025-04-23T12:00:00+02:00,18.192
2025-04-24T00:00:00+02:00,18.173
2025-04-24T12:00:00+02:00,18.184
2025-04-25T00:00:00+02:00,18.226
2025-04-25T12:00:00+02:00,18.244
2025-04-26T00:00:00+02:00,18.251
2025-04-26T12:00:00+02:00,18.251
2025-04-27T00:00:00+02:00,18.244
2025-04-27T12:00:00+02:00,18.229
2025-04-28T00:00:00+02:00,18.214
2025-04-28T12:00:00+02:00,18.208
2025-04-29T00:00:00+02:00,18.195
2025-04-29T12:00:00+02:00,18.188
2025-04-30T00:00:00+02:00,18.179
2025-04-30T12:00:00+02:00,18.173
2025-05-01T00:00:00+02:00,18.162
2025-05-01T12:00:00+02:00,18.16
2025-05-02T00:00:00+02:00,18.149
2025-05-02T12:00:00+02:00,18.141
2025-05-03T00:00:00+02:00,18.117
2025-05-03T12:00:00+02:00,18.125
2025-05-04T00:00:00+02:00,18.088
2025-05-04T12:00:00+02:00,18.082
2025-05-05T00:00:00+02:00,18.062
2025-05-05T12:00:00+02:00,18.051
2025-05-06T00:00:00+02:00,18.034
2025-05-06T12:00:00+02:00,18.031
2025-05-07T00:00:00+02:00,18.02
2025-05-07T12:00:00+02:00,18.02
2025-05-08T00:00:00+02:00,18.016
2025-05-08T12:00:00+02:00,18.011
2025-05-09T00:00:00+02:00,17.992
2025-05-09T12:00:00+02:00,17.987
2025-05-10T00:00:00+02:00,17.972
2025-05-10T12:00:00+02:00,17.975
2025-05-11T00:00:00+02:00,17.97
2025-05-11T12:00:00+02:00,17.971
2025-05-12T00:00:00+02:00,17.957
2025-05-12T12:00:00+02:00,17.945
2025-05-13T00:00:00+02:00,17.922
2025-05-13T12:00:00+02:00,17.911
2025-05-14T00:00:00+02:00,17.901
2025-05-14T12:00:00+02:00,17.897
2025-05-15T00:00:00+02:00,17.88
2025-05-15T12:00:00+02:00,17.877
2025-05-16T00:00:00+02:00,17.852
2025-05-16T12:00:00+02:00,17.858
2025-05-17T00:00:00+02:00,17.852
2025-05-17T12:00:00+02:00,17.852
2025-05-18T00:00:00+02:00,17.837
2025-05-18T12:00:00+02:00,17.836
2025-05-19T00:00:00+02:00,17.819
2025-05-19T12:00:00+02:00,17.813
2025-05-20T00:00:00+02:00,17.801
2025-05-20T12:00:00+02:00,17.8
2025-05-21T00:00:00+02:00,17.789
2025-05-21T12:00:00+02:00,17.795
2025-05-22T00:00:00+02:00,17.776
2025-05-22T12:00:00+02:00,17.772
2025-05-23T00:00:00+02:00,17.758
2025-05-23T12:00:00+02:00,17.757
2025-05-24T00:00:00+02:00,17.751
2025-05-24T12:00:00+02:00,17.76
2025-05-25T00:00:00+02:00,17.77
2025-05-25T12:00:00+02:00,17.782
2025-05-26T00:00:00+02:00,17.754
2025-05-26T12:00:00+02:00,17.748
2025-05-27T00:00:00+02:00,17.748
2025-05-27T12:00:00+02:00,17.758
2025-05-28T00:00:00+02:00,17.772
2025-05-28T12:00:00+02:00,17.778
2025-05-29T00:00:00+02:00,17.765
2025-05-29T12:00:00+02:00,17.797
2025-05-30T00:00:00+02:00,17.808
2025-05-30T12:00:00+02:00,17.809
2025-05-31T00:00:00+02:00,17.809
2025-05-31T12:00:00+02:00,17.813
2025-06-01T00:00:00+02:00,17.816
2025-06-01T12:00:00+02:00,17.821
2025-06-02T00:00:00+02:00,17.814
2025-06-02T12:00:00+02:00,17.803
2025-06-03T00:00:00+02:00,17.814
2025-06-03T12:00:00+02:00,17.828
2025-06-04T00:00:00+02:00,17.814
2025-06-04T12:00:00+02:00,17.806
2025-06-05T00:00:00+02:00,17.792
2025-06-05T12:00:00+02:00,17.794
2025-06-06T00:00:00+02:00,17.807
2025-06-06T12:00:00+02:00,17.774
2025-06-07T00:00:00+02:00,17.765
2025-06-07T12:00:00+02:00,17.783
2025-06-08T00:00:00+02:00,17.795
2025-06-08T12:00:00+02:00,17.76
2025-06-09T00:00:00+02:00,17.757
2025-06-09T12:00:00+02:00,17.77
2025-06-10T00:00:00+02:00,17.783
2025-06-10T12:00:00+02:00,17.796
2025-06-11T00:00:00+02:00,17.77
2025-06-11T12:00:00+02:00,17.769
2025-06-12T00:00:00+02:00,17.764
2025-06-12T12:00:00+02:00,17.778
2025-06-13T00:00:00+02:00,17.749
2025-06-13T12:00:00+02:00,17.739
2025-06-14T00:00:00+02:00,17.742
2025-06-14T12:00:00+02:00,17.725
2025-06-15T00:00:00+02:00,17.71
2025-06-15T12:00:00+02:00,17.71
2025-06-16T00:00:00+02:00,17.686
2025-06-16T12:00:00+02:00,17.686
2025-06-17T00:00:00+02:00,17.676
2025-06-17T12:00:00+02:00,17.679
2025-06-18T00:00:00+02:00,17.67
2025-06-18T12:00:00+02:00,17.668
2025-06-19T00:00:00+02:00,17.644
2025-06-19T12:00:00+02:00,17.644
2025-06-20T00:00:00+02:00,17.632
2025-06-20T12:00:00+02:00,17.631
2025-06-21T00:00:00+02:00,17.622
2025-06-21T12:00:00+02:00,17.621
2025-06-22T00:00:00+02:00,17.617
2025-06-22T12:00:00+02:00,17.614
2025-06-23T00:00:00+02:00,17.597
2025-06-23T12:00:00+02:00,17.59
2025-06-24T00:00:00+02:00,17.574
2025-06-24T12:00:00+02:00,17.573
2025-06-25T00:00:00+02:00,17.57
2025-06-25T12:00:00+02:00,17.557
2025-06-26T00:00:00+02:00,17.554
2025-06-26T12:00:00+02:00,17.548
2025-06-27T00:00:00+02:00,17.532
2025-06-27T12:00:00+02:00,17.525
2025-06-28T00:00:00+02:00,17.523
2025-06-28T12:00:00+02:00,17.515
2025-06-29T00:00:00+02:00,17.507
2025-06-29T12:00:00+02:00,17.507
2025-06-30T00:00:00+02:00,17.497
2025-06-30T12:00:00+02:00,17.503
2025-07-01T00:00:00+02:00,17.491
2025-07-01T12:00:00+02:00,17.489
2025-07-02T00:00:00+02:00,17.473
2025-07-02T12:00:00+02:00,17.476
2025-07-03T00:00:00+02:00,17.45
2025-07-03T12:00:00+02:00,17.441
2025-07-04T00:00:00+02:00,17.436
2025-07-04T12:00:00+02:00,17.443
2025-07-05T00:00:00+02:00,17.44
2025-07-05T12:00:00+02:00,17.447
2025-07-06T00:00:00+02:00,17.443
2025-07-06T12:00:00+02:00,17.45
2025-07-07T00:00:00+02:00,17.451
2025-07-07T12:00:00+02:00,17.445
2025-07-08T00:00:00+02:00,17.427
2025-07-08T12:00:00+02:00,17.419
2025-07-09T00:00:00+02:00,17.409
2025-07-09T12:00:00+02:00,17.411
2025-07-10T00:00:00+02:00,17.403
2025-07-10T12:00:00+02:00,17.404
2025-07-11T00:00:00+02:00,17.398
2025-07-11T12:00:00+02:00,17.401
2025-07-12T00:00:00+02:00,17.397
2025-07-12T12:00:00+02:00,17.401
2025-07-13T00:00:00+02:00,17.39
2025-07-13T12:00:00+02:00,17.39
2025-07-14T00:00:00+02:00,17.385
2025-07-14T12:00:00+02:00,17.377
2025-07-15T00:00:00+02:00,17.369
2025-07-15T12:00:00+02:00,17.364
2025-07-16T00:00:00+02:00,17.361
2025-07-16T12:00:00+02:00,17.363
2025-07-17T00:00:00+02:00,17.35
2025-07-17T12:00:00+02:00,17.349
2025-07-18T00:00:00+02:00,17.345
2025-07-18T12:00:00+02:00,17.345
2025-07-19T00:00:00+02:00,17.344
2025-07-19T12:00:00+02:00,17.347
2025-07-20T00:00:00+02:00,17.335
2025-07-20T12:00:00+02:00,17.342
2025-07-21T00:00:00+02:00,17.337
2025-07-21T12:00:00+02:00,17.34
2025-07-22T00:00:00+02:00,17.33
2025-07-22T12:00:00+02:00,17.329
2025-07-23T00:00:00+02:00,17.323
2025-07-23T12:00:00+02:00,17.32
2025-07-24T00:00:00+02:00,17.316
2025-07-24T12:00:00+02:00,17.32
2025-07-25T00:00:00+02:00,17.312
2025-07-25T12:00:00+02:00,17.312
2025-07-26T00:00:00+02:00,17.311
2025-07-26T12:00:00+02:00,17.317
2025-07-27T00:00:00+02:00,17.311
2025-07-27T12:00:00+02:00,17.309
2025-07-28T00:00:00+02:00,17.304
2025-07-28T12:00:00+02:00,17.301
2025-07-29T00:00:00+02:00,17.297
2025-07-29T12:00:00+02:00,17.302
2025-07-30T00:00:00+02:00,17.298
2025-07-30T12:00:00+02:00,17.297
2025-07-31T00:00:00+02:00,17.294
2025-07-31T12:00:00+02:00,17.297
2025-08-01T00:00:00+02:00,17.294
2025-08-01T12:00:00+02:00,17.297
2025-08-02T00:00:00+02:00,17.296
2025-08-02T12:00:00+02:00,17.296
2025-08-03T00:00:00+02:00,17.293
2025-08-03T12:00:00+02:00,17.298
2025-08-04T00:00:00+02:00,17.292
2025-08-04T12:00:00+02:00,17.298
2025-08-05T00:00:00+02:00,17.292
2025-08-05T12:00:00+02:00,17.285
2025-08-06T00:00:00+02:00,17.279
2025-08-06T12:00:00+02:00,17.28
2025-08-07T00:00:00+02:00,17.279
2025-08-07T12:00:00+02:00,17.282
2025-08-08T00:00:00+02:00,17.277
2025-08-08T12:00:00+02:00,17.268
2025-08-09T00:00:00+02:00,17.26
2025-08-09T12:00:00+02:00,17.262
2025-08-10T00:00:00+02:00,17.252
2025-08-10T12:00:00+02:00,17.249
2025-08-11T00:00:00+02:00,17.244
2025-08-11T12:00:00+02:00,17.251
2025-08-12T00:00:00+02:00,17.243
2025-08-12T12:00:00+02:00,17.243
2025-08-13T00:00:00+02:00,17.238
2025-08-13T12:00:00+02:00,17.233
2025-08-14T00:00:00+02:00,17.224
2025-08-14T12:00:00+02:00,17.224
2025-08-15T00:00:00+02:00,17.214
2025-08-15T12:00:00+02:00,17.211
2025-08-16T00:00:00+02:00,17.207
2025-08-16T12:00:00+02:00,17.205
2025-08-17T00:00:00+02:00,17.2
2025-08-17T12:00:00+02:00,17.202
2025-08-18T00:00:00+02:00,17.197
2025-08-18T12:00:00+02:00,17.196
2025-08-19T00:00:00+02:00,17.195
2025-08-19T12:00:00+02:00,17.193
2025-08-20T00:00:00+02:00,17.184
2025-08-20T12:00:00+02:00,17.186
2025-08-21T00:00:00+02:00,17.178
2025-08-21T12:00:00+02:00,17.173
2025-08-22T00:00:00+02:00,17.164
2025-08-22T12:00:00+02:00,17.163
2025-08-23T00:00:00+02:00,17.162
2025-08-23T12:00:00+02:00,17.158
2025-08-24T00:00:00+02:00,17.157
2025-08-24T12:00:00+02:00,17.152
2025-08-25T00:00:00+02:00,17.149
2025-08-25T12:00:00+02:00,17.146
2025-08-26T00:00:00+02:00,17.142
2025-08-26T12:00:00+02:00,17.143
2025-08-27T00:00:00+02:00,17.138
2025-08-27T12:00:00+02:00,17.136
2025-08-28T00:00:00+02:00,17.13
2025-08-28T12:00:00+02:00,17.132
2025-08-29T00:00:00+02:00,17.127
2025-08-29T12:00:00+02:00,17.125
2025-08-30T00:00:00+02:00,17.12
2025-08-30T12:00:00+02:00,17.117
2025-08-31T00:00:00+02:00,17.116
2025-08-31T12:00:00+02:00,17.108
2025-09-01T00:00:00+02:00,17.106
2025-09-01T12:00:00+02:00,17.11
2021-03-17T12:02:00+01:00,18.4
2021-09-20T11:51:00+02:00,17.54
2022-03-18T12:25:00+01:00,18.09
2022-09-16T11:32:00+02:00,16.97
2023-03-14T11:39:00+01:00,18.38
2023-09-18T13:19:00+02:00,17.74
2024-03-13T11:58:00+01:00,18.9
2024-09-20T08:55:00+02:00,18.03
2025-03-17T11:21:00+01:00,18.38
2021-01-01T06:00:00+01:00,17.602
2021-01-01T18:00:00+01:00,17.603
2021-03-16T06:00:00+01:00,18.375
2021-03-16T18:00:00+01:00,18.397
2021-03-17T06:00:00+01:00,18.419
2021-03-17T18:00:00+01:00,18.436
2021-03-18T06:00:00+01:00,18.443
2021-03-18T18:00:00+01:00,18.458
2021-03-19T06:00:00+01:00,18.418
2021-03-19T18:00:00+01:00,18.408
2021-03-20T06:00:00+01:00,18.388
2021-03-20T18:00:00+01:00,18.399
2021-03-21T06:00:00+01:00,18.396
2021-03-21T18:00:00+01:00,18.374
2021-03-22T06:00:00+01:00,18.363
2021-03-22T18:00:00+01:00,18.347
2021-03-23T06:00:00+01:00,18.342
2021-03-23T18:00:00+01:00,18.341
2021-03-24T06:00:00+01:00,18.333
2021-03-24T18:00:00+01:00,18.334
2021-03-25T06:00:00+01:00,18.319
2021-03-25T18:00:00+01:00,18.309
2021-03-26T06:00:00+01:00,18.318
2021-03-26T18:00:00+01:00,18.331
2021-03-27T06:00:00+01:00,18.279
2021-03-27T18:00:00+01:00,18.266
2021-03-28T07:00:00+02:00,18.282
2021-03-28T19:00:00+02:00,18.275
2021-03-29T07:00:00+02:00,18.265
2021-03-29T19:00:00+02:00,18.259
2021-03-30T07:00:00+02:00,18.248
2021-03-30T19:00:00+02:00,18.268
2021-03-31T07:00:00+02:00,18.272
2021-03-31T19:00:00+02:00,18.264
2021-09-20T07:00:00+02:00,17.662
2022-01-01T00:00:00+01:00,18.063
2022-01-01T12:00:00+01:00,18.086
2022-02-10T00:00:00+01:00,18.29
2022-02-10T12:00:00+01:00,18.274
2022-02-22T00:00:00+01:00,18.484
2022-02-22T12:00:00+01:00,18.525
2022-03-07T00:00:00+01:00,18.332
2022-03-07T12:00:00+01:00,18.339
2022-03-08T00:00:00+01:00,18.337
2022-03-08T12:00:00+01:00,18.339
2022-04-17T07:00:00+02:00,18.019
2022-04-17T19:00:00+02:00,18.039
2022-09-15T07:00:00+02:00,16.975
2022-09-15T19:00:00+02:00,16.976
2023-09-18T01:00:00+02:00,17.887
2023-09-18T13:00:00+02:00,17.879
2023-09-18T19:00:00+02:00,17.838
2023-09-19T07:00:00+02:00,17.82
2023-09-19T19:00:00+02:00,17.817
2023-09-20T07:00:00+02:00,17.832
2023-09-20T19:00:00+02:00,17.841
2023-09-21T07:00:00+02:00,17.853
2023-09-21T19:00:00+02:00,17.852
2024-05-17T01:00:00+02:00,18.758
2024-05-17T13:00:00+02:00,18.732
2024-09-19T01:00:00+02:00,18.036
2024-09-19T13:00:00+02:00,18.039
2024-09-20T01:00:00+02:00,18.026
