date,water_level_nap_m
1969-08-15T00:00:00+01:00,-5.23
1969-08-29T00:00:00+01:00,-4.92
1969-09-15T00:00:00+01:00,-5.03
1969-09-30T00:00:00+01:00,-5.05
1969-10-14T00:00:00+01:00,-5.16
1969-10-27T00:00:00+01:00,-5.12
1969-11-17T00:00:00+01:00,-4.96
1969-12-01T00:00:00+01:00,-4.92
1969-12-12T00:00:00+01:00,-4.97
1969-12-31T00:00:00+01:00,-4.93
1970-01-14T00:00:00+01:00,-5.04
1970-01-29T00:00:00+01:00,-5.06
1970-02-13T00:00:00+01:00,-5.07
1970-02-27T00:00:00+01:00,-5.02
1970-03-13T00:00:00+01:00,-5.2
1970-03-26T00:00:00+01:00,-5.12
1970-04-15T00:00:00+01:00,-5.12
1970-04-29T00:00:00+01:00,-5.12
1970-05-14T00:00:00+01:00,-5.16
1970-05-28T00:00:00+01:00,-5.14
1970-06-15T00:00:00+01:00,-5.24
1970-06-29T00:00:00+01:00,-5.22
1970-07-29T00:00:00+01:00,-5.09
1970-08-14T00:00:00+01:00,-5.07
1970-08-27T00:00:00+01:00,-5.12
1970-09-16T00:00:00+01:00,-5.17
1970-09-29T00:00:00+01:00,-5.12
1970-10-14T00:00:00+01:00,-5.05
1970-10-28T00:00:00+01:00,-4.9
1970-11-13T00:00:00+01:00,-4.82
1970-11-27T00:00:00+01:00,-4.92
1970-12-16T00:00:00+01:00,-4.92
1971-01-14T00:00:00+01:00,-4.93
1971-01-28T00:00:00+01:00,-4.87
1971-02-12T00:00:00+01:00,-4.92
1971-03-03T00:00:00+01:00,-4.92
1971-03-17T00:00:00+01:00,-4.94
1971-03-29T00:00:00+01:00,-5.02
1971-04-15T00:00:00+01:00,-5.02
1971-04-29T00:00:00+01:00,-5.01
1971-05-14T00:00:00+01:00,-5.07
1971-05-27T00:00:00+01:00,-5.05
1971-06-16T00:00:00+01:00,-5.04
1971-06-30T00:00:00+01:00,-5.07
1971-07-14T00:00:00+01:00,-5.22
1971-08-16T00:00:00+01:00,-5.42
1971-08-31T00:00:00+01:00,-5.6
1971-09-15T00:00:00+01:00,-5.67
1971-09-29T00:00:00+01:00,-5.44
1971-10-15T00:00:00+01:00,-5.22
1971-10-28T00:00:00+01:00,-5.16
1971-11-17T00:00:00+01:00,-5.22
1971-12-01T00:00:00+01:00,-4.94
1971-12-16T00:00:00+01:00,-5.02
1972-01-13T00:00:00+01:00,-4.47
1972-01-28T00:00:00+01:00,-4.22
1972-02-15T00:00:00+01:00,-3.95
1972-02-29T00:00:00+01:00,-4.1
1972-03-13T00:00:00+01:00,-4.12
1972-03-28T00:00:00+01:00,-3.57
1972-04-12T00:00:00+01:00,-3.52
1972-04-26T00:00:00+01:00,-3.47
1972-05-15T00:00:00+01:00,-3.7
1972-05-29T00:00:00+01:00,-3.69
1972-06-13T00:00:00+01:00,-3.7
1972-06-27T00:00:00+01:00,-3.82
1972-07-26T00:00:00+01:00,-3.9
1972-08-15T00:00:00+01:00,-4.02
1972-08-28T00:00:00+01:00,-4.04
1972-09-13T00:00:00+01:00,-4.04
1972-09-27T00:00:00+01:00,-4.09
1972-10-26T00:00:00+01:00,-4.12
1972-11-13T00:00:00+01:00,-3.87
1972-11-28T00:00:00+01:00,-4.14
1972-12-13T00:00:00+01:00,-4.02
1973-01-15T00:00:00+01:00,-3.82
1973-01-30T00:00:00+01:00,-3.78
1973-02-13T00:00:00+01:00,-3.55
1973-02-28T00:00:00+01:00,-3.84
1973-03-15T00:00:00+01:00,-4.19
1973-03-29T00:00:00+01:00,-4.27
1973-04-17T00:00:00+01:00,-3.99
1973-04-26T00:00:00+01:00,-3.95
1973-05-16T00:00:00+01:00,-4.14
1973-05-30T00:00:00+01:00,-4.12
1973-06-14T00:00:00+01:00,-4.12
1973-07-12T00:00:00+01:00,-4.33
1973-07-26T00:00:00+01:00,-4.35
1973-08-15T00:00:00+01:00,-4.62
1973-08-29T00:00:00+01:00,-5.12
1973-09-14T00:00:00+01:00,-5.21
1973-09-28T00:00:00+01:00,-5.12
1973-10-15T00:00:00+01:00,-5.02
1973-10-27T00:00:00+01:00,-4.87
1973-11-15T00:00:00+01:00,-4.9
1973-11-28T00:00:00+01:00,-5.09
1973-12-18T00:00:00+01:00,-4.95
1974-01-16T00:00:00+01:00,-4.98
1974-01-29T00:00:00+01:00,-5.02
1974-02-15T00:00:00+01:00,-5.02
1974-02-28T00:00:00+01:00,-5.05
1974-03-15T00:00:00+01:00,-5.02
1974-03-28T00:00:00+01:00,-5.02
1974-04-18T00:00:00+01:00,-5.16
1974-04-29T00:00:00+01:00,-5.12
1974-05-14T00:00:00+01:00,-5.13
1974-05-29T00:00:00+01:00,-5.12
1974-06-17T00:00:00+01:00,-5.14
1974-06-28T00:00:00+01:00,-5.17
1974-07-30T00:00:00+01:00,-5.23
1974-08-15T00:00:00+01:00,-5.2
1974-08-28T00:00:00+01:00,-5.27
1974-09-17T00:00:00+01:00,-5.0
1974-09-27T00:00:00+01:00,-5.07
1974-10-16T00:00:00+01:00,-5.01
1974-10-29T00:00:00+01:00,-4.76
1974-11-15T00:00:00+01:00,-4.85
1974-11-28T00:00:00+01:00,-4.87
1974-12-17T00:00:00+01:00,-4.72
1975-01-16T00:00:00+01:00,-4.84
1975-01-28T00:00:00+01:00,-4.82
1975-02-14T00:00:00+01:00,-4.85
1975-02-28T00:00:00+01:00,-4.88
1975-03-12T00:00:00+01:00,-4.85
1975-03-26T00:00:00+01:00,-4.8
1975-04-16T00:00:00+01:00,-4.82
1975-05-01T00:00:00+01:00,-4.92
1975-05-13T00:00:00+01:00,-4.92
1975-05-28T00:00:00+01:00,-5.01
1975-06-24T00:00:00+01:00,-5.05
1975-07-10T00:00:00+01:00,-5.14
1975-07-29T00:00:00+01:00,-5.22
1975-08-15T00:00:00+01:00,-5.32
1975-08-28T00:00:00+01:00,-5.33
1975-09-16T00:00:00+01:00,-5.32
1975-09-29T00:00:00+01:00,-5.22
1975-10-15T00:00:00+01:00,-5.22
1975-10-28T00:00:00+01:00,-5.21
1975-11-13T00:00:00+01:00,-5.22
1975-11-25T00:00:00+01:00,-5.08
1975-12-17T00:00:00+01:00,-5.05
1976-01-13T00:00:00+01:00,-4.92
1976-01-28T00:00:00+01:00,-4.94
1976-02-13T00:00:00+01:00,-4.92
1976-02-26T00:00:00+01:00,-5.04
1976-03-16T00:00:00+01:00,-5.07
1976-03-29T00:00:00+01:00,-5.06
1976-04-13T00:00:00+01:00,-5.1
1976-04-27T00:00:00+01:00,-5.15
1976-05-14T00:00:00+01:00,-5.14
1976-05-26T00:00:00+01:00,-5.17
1976-06-15T00:00:00+01:00,-5.22
1976-06-29T00:00:00+01:00,-5.27
1976-07-28T00:00:00+01:00,-5.29
1976-08-12T00:00:00+01:00,-5.25
1976-08-26T00:00:00+01:00,-5.32
1976-09-15T00:00:00+01:00,-5.22
1976-09-29T00:00:00+01:00,-5.2
1976-10-15T00:00:00+01:00,-5.11
1976-10-28T00:00:00+01:00,-5.16
1976-11-16T00:00:00+01:00,-5.22
1976-12-01T00:00:00+01:00,-5.12
1976-12-15T00:00:00+01:00,-5.08
1977-01-13T02:00:00+01:00,-5.14
1977-01-28T02:00:00+01:00,-5.02
1977-02-15T02:00:00+01:00,-5.12
1977-03-01T02:00:00+01:00,-5.1
1977-03-16T02:00:00+01:00,-5.18
1977-03-30T02:00:00+01:00,-5.2
1977-04-13T03:00:00+02:00,-5.09
1977-04-29T03:00:00+02:00,-5.16
1977-05-11T03:00:00+02:00,-5.16
1977-05-25T03:00:00+02:00,-5.22
1977-06-13T03:00:00+02:00,-5.22
1977-07-12T03:00:00+02:00,-5.24
1977-07-27T03:00:00+02:00,-5.22
1977-08-15T03:00:00+02:00,-5.19
1977-08-26T03:00:00+02:00,-5.14
1977-09-14T03:00:00+02:00,-5.21
1977-09-28T02:00:00+01:00,-5.22
1977-10-14T02:00:00+01:00,-5.14
1977-10-27T02:00:00+01:00,-5.12
1977-11-14T02:00:00+01:00,-4.92
1977-11-28T02:00:00+01:00,-4.82
1977-12-15T02:00:00+01:00,-4.95
1978-01-16T02:00:00+01:00,-4.87
1978-01-30T02:00:00+01:00,-4.92
1978-02-15T02:00:00+01:00,-4.94
1978-02-27T02:00:00+01:00,-4.98
1978-03-16T02:00:00+01:00,-4.92
1978-03-29T02:00:00+01:00,-4.92
1978-04-13T03:00:00+02:00,-4.98
1978-04-28T03:00:00+02:00,-5.12
1978-05-17T03:00:00+02:00,-5.07
1978-05-30T03:00:00+02:00,-5.19
1978-06-14T03:00:00+02:00,-5.36
1978-06-28T03:00:00+02:00,-5.31
1978-07-13T03:00:00+02:00,-5.24
1978-08-16T03:00:00+02:00,-5.43
1978-08-29T03:00:00+02:00,-5.42
1978-09-15T03:00:00+02:00,-5.26
1978-09-28T03:00:00+02:00,-5.2
1978-10-12T02:00:00+01:00,-5.11
1978-10-26T02:00:00+01:00,-5.1
1978-11-15T02:00:00+01:00,-5.06
1978-11-28T02:00:00+01:00,-4.9
1978-12-15T02:00:00+01:00,-4.87
1979-01-15T02:00:00+01:00,-4.9
1979-02-01T02:00:00+01:00,-4.9
1979-02-13T02:00:00+01:00,-4.94
1979-02-28T02:00:00+01:00,-4.92
1979-03-15T02:00:00+01:00,-4.87
1979-03-29T02:00:00+01:00,-4.89
1979-04-18T03:00:00+02:00,-5.09
1979-04-27T03:00:00+02:00,-5.1
1979-05-16T03:00:00+02:00,-5.04
1979-05-29T03:00:00+02:00,-5.02
1979-06-13T03:00:00+02:00,-5.06
1979-06-29T03:00:00+02:00,-5.11
1979-07-17T03:00:00+02:00,-5.12
1979-07-25T03:00:00+02:00,-5.15
1979-08-15T03:00:00+02:00,-5.2
1979-08-29T03:00:00+02:00,-5.22
1979-09-13T03:00:00+02:00,-5.22
1979-09-27T03:00:00+02:00,-5.22
1979-10-16T02:00:00+01:00,-5.1
1979-10-30T02:00:00+01:00,-5.06
1979-11-15T02:00:00+01:00,-4.95
1979-11-29T02:00:00+01:00,-5.02
1979-12-13T02:00:00+01:00,-4.81
1980-01-14T02:00:00+01:00,-5.02
1980-01-28T02:00:00+01:00,-5.15
1980-02-13T02:00:00+01:00,-5.05
1980-02-27T02:00:00+01:00,-4.97
1980-03-13T02:00:00+01:00,-4.84
1980-03-27T02:00:00+01:00,-4.85
1980-04-15T03:00:00+02:00,-4.93
1980-04-28T03:00:00+02:00,-4.99
1980-05-13T03:00:00+02:00,-4.99
1980-05-29T03:00:00+02:00,-4.95
1980-06-12T03:00:00+02:00,-4.99
1980-06-25T03:00:00+02:00,-4.96
1980-07-28T03:00:00+02:00,-4.91
1980-08-15T03:00:00+02:00,-4.97
1980-08-28T03:00:00+02:00,-5.01
1980-09-17T03:00:00+02:00,-4.95
1980-09-30T02:00:00+01:00,-4.96
1980-10-15T02:00:00+01:00,-4.92
1980-10-28T02:00:00+01:00,-4.89
1980-11-13T02:00:00+01:00,-4.89
1980-11-27T02:00:00+01:00,-4.82
1980-12-17T02:00:00+01:00,-4.79
1981-01-13T02:00:00+01:00,-4.79
1981-02-04T02:00:00+01:00,-4.67
1981-03-01T02:00:00+01:00,-4.86
1981-03-12T02:00:00+01:00,-4.56
1981-03-30T03:00:00+02:00,-4.79
1981-04-15T03:00:00+02:00,-5.13
1981-04-29T03:00:00+02:00,-4.96
1981-05-15T03:00:00+02:00,-5.04
1981-05-27T03:00:00+02:00,-4.89
1981-06-16T03:00:00+02:00,-4.96
1981-06-30T03:00:00+02:00,-4.95
1981-07-22T03:00:00+02:00,-5.03
1981-07-31T03:00:00+02:00,-4.93
1981-08-19T03:00:00+02:00,-5.49
1981-08-28T03:00:00+02:00,-4.99
1981-09-15T03:00:00+02:00,-4.99
1981-09-29T02:00:00+01:00,-4.97
1981-11-12T02:00:00+01:00,-4.8
1981-12-09T02:00:00+01:00,-4.59
1981-12-29T02:00:00+01:00,-4.69
1982-01-13T02:00:00+01:00,-4.81
1982-01-29T02:00:00+01:00,-4.74
1982-02-11T02:00:00+01:00,-4.77
1982-02-26T02:00:00+01:00,-4.83
1982-03-16T02:00:00+01:00,-4.72
1982-03-30T03:00:00+02:00,-4.83
1982-04-28T03:00:00+02:00,-4.94
1982-05-14T03:00:00+02:00,-4.9
1982-05-28T03:00:00+02:00,-4.89
1982-06-28T03:00:00+02:00,-4.89
1982-07-14T03:00:00+02:00,-4.97
1982-07-28T03:00:00+02:00,-5.01
1982-08-12T03:00:00+02:00,-4.99
1982-08-26T03:00:00+02:00,-4.99
1982-09-14T03:00:00+02:00,-4.99
1982-09-29T02:00:00+01:00,-4.97
1982-10-27T02:00:00+01:00,-4.84
1982-11-12T02:00:00+01:00,-4.82
1982-11-26T02:00:00+01:00,-4.74
1982-12-13T02:00:00+01:00,-4.73
1983-01-13T02:00:00+01:00,-4.76
1983-02-10T02:00:00+01:00,-4.71
1983-03-15T02:00:00+01:00,-4.82
1983-04-11T03:00:00+02:00,-4.71
1983-05-17T03:00:00+02:00,-4.72
1983-06-15T03:00:00+02:00,-4.87
1983-07-12T03:00:00+02:00,-4.96
1983-08-15T03:00:00+02:00,-5.0
1983-09-12T03:00:00+02:00,-4.94
1983-10-17T02:00:00+01:00,-4.76
1983-11-14T02:00:00+01:00,-4.89
1983-12-12T02:00:00+01:00,-4.7
1984-01-16T02:00:00+01:00,-4.73
1984-02-13T02:00:00+01:00,-4.79
1984-03-19T02:00:00+01:00,-4.86
1984-04-16T03:00:00+02:00,-4.89
1984-05-15T03:00:00+02:00,-4.84
1984-06-15T03:00:00+02:00,-4.83
1984-07-10T03:00:00+02:00,-4.89
1984-08-15T03:00:00+02:00,-4.94
1984-09-12T03:00:00+02:00,-4.91
1984-10-15T02:00:00+01:00,-4.79
1984-11-19T02:00:00+01:00,-4.83
1985-03-13T02:00:00+01:00,-4.89
1985-04-17T03:00:00+02:00,-4.92
1985-05-13T03:00:00+02:00,-4.93
1985-06-12T03:00:00+02:00,-4.88
1985-07-08T03:00:00+02:00,-4.86
1985-08-14T03:00:00+02:00,-4.82
1985-09-17T03:00:00+02:00,-4.91
1985-10-10T02:00:00+01:00,-4.91
1985-11-11T02:00:00+01:00,-4.84
1985-12-13T02:00:00+01:00,-4.79
1986-01-16T02:00:00+01:00,-4.73
1986-02-18T02:00:00+01:00,-4.8
1986-03-18T02:00:00+01:00,-4.84
1986-04-14T03:00:00+02:00,-4.83
1986-05-15T03:00:00+02:00,-4.88
1986-06-16T03:00:00+02:00,-4.94
1986-07-21T03:00:00+02:00,-4.9
1986-08-13T03:00:00+02:00,-5.1
1986-09-10T03:00:00+02:00,-5.03
1986-10-14T02:00:00+01:00,-5.39
1986-11-11T02:00:00+01:00,-4.83
1986-12-12T02:00:00+01:00,-4.91
1987-02-09T02:00:00+01:00,-4.9
1987-03-09T02:00:00+01:00,-4.89
1987-04-13T03:00:00+02:00,-4.92
1987-05-19T03:00:00+02:00,-4.9
1987-06-16T03:00:00+02:00,-4.91
1987-07-20T03:00:00+02:00,-4.9
1987-08-18T03:00:00+02:00,-4.83
1987-09-15T03:00:00+02:00,-4.85
1987-10-12T02:00:00+01:00,-4.75
1987-11-11T02:00:00+01:00,-4.75
1987-12-14T02:00:00+01:00,-4.75
1988-01-12T02:00:00+01:00,-4.64
1988-02-08T02:00:00+01:00,-4.57
1988-03-16T02:00:00+01:00,-4.64
1988-04-12T03:00:00+02:00,-4.76
1988-05-10T03:00:00+02:00,-4.83
1988-06-13T03:00:00+02:00,-5.09
1988-07-11T03:00:00+02:00,-4.85
1988-08-11T03:00:00+02:00,-4.84
1988-09-12T03:00:00+02:00,-4.8
1988-10-10T02:00:00+01:00,-4.68
1988-11-14T02:00:00+01:00,-4.81
1988-12-13T02:00:00+01:00,-4.72
1989-01-09T02:00:00+01:00,-4.7
1989-02-20T02:00:00+01:00,-4.75
1989-03-13T02:00:00+01:00,-4.67
1989-04-10T03:00:00+02:00,-4.74
1989-05-16T03:00:00+02:00,-4.85
1989-06-14T03:00:00+02:00,-4.86
1989-07-11T03:00:00+02:00,-4.91
1989-08-14T03:00:00+02:00,-4.89
1989-09-13T03:00:00+02:00,-4.93
1989-10-10T02:00:00+01:00,-4.93
1989-10-26T02:00:00+01:00,-4.85
1989-11-02T02:00:00+01:00,-4.87
1989-11-06T02:00:00+01:00,-4.86
1989-11-10T02:00:00+01:00,-4.87
1989-11-11T02:00:00+01:00,-4.9
1989-11-13T02:00:00+01:00,-4.91
1989-11-14T02:00:00+01:00,-4.91
1989-11-15T02:00:00+01:00,-4.91
1989-11-16T02:00:00+01:00,-4.91
1989-11-17T02:00:00+01:00,-4.91
1989-11-22T02:00:00+01:00,-4.9
1989-11-23T02:00:00+01:00,-4.95
1989-11-24T02:00:00+01:00,-4.9
1989-11-30T02:00:00+01:00,-4.99
1989-12-07T02:00:00+01:00,-5.0
1989-12-14T02:00:00+01:00,-4.9
1989-12-20T02:00:00+01:00,-4.89
1989-12-29T02:00:00+01:00,-4.9
1990-01-03T02:00:00+01:00,-4.92
1990-01-04T02:00:00+01:00,-4.95
1990-01-11T02:00:00+01:00,-5.0
1990-01-18T02:00:00+01:00,-4.98
1990-01-26T02:00:00+01:00,-4.9
1990-02-01T02:00:00+01:00,-4.95
1990-02-08T02:00:00+01:00,-4.87
1990-02-15T02:00:00+01:00,-4.8
1990-02-22T02:00:00+01:00,-4.9
1990-03-02T02:00:00+01:00,-4.93
1990-03-03T02:00:00+01:00,-4.94
1990-03-05T02:00:00+01:00,-4.94
1990-03-08T02:00:00+01:00,-4.96
1990-03-15T02:00:00+01:00,-5.02
1990-03-22T02:00:00+01:00,-5.03
1990-03-29T03:00:00+02:00,-5.13
1990-04-05T03:00:00+02:00,-5.08
1990-04-12T03:00:00+02:00,-5.1
1990-04-19T03:00:00+02:00,-5.08
1990-04-26T03:00:00+02:00,-5.08
1990-05-03T03:00:00+02:00,-5.12
1990-05-11T03:00:00+02:00,-5.07
1990-05-17T03:00:00+02:00,-5.11
1990-05-23T03:00:00+02:00,-5.15
1990-05-30T03:00:00+02:00,-5.12
1990-06-07T03:00:00+02:00,-5.08
1990-06-14T03:00:00+02:00,-5.08
1990-06-22T03:00:00+02:00,-5.04
1990-06-28T03:00:00+02:00,-5.1
1990-07-05T03:00:00+02:00,-5.01
1990-07-12T03:00:00+02:00,-5.1
1990-08-22T03:00:00+02:00,-5.1
1990-08-31T03:00:00+02:00,-5.08
1990-09-06T03:00:00+02:00,-5.1
1990-09-13T03:00:00+02:00,-5.08
1990-09-20T03:00:00+02:00,-5.09
1990-09-27T03:00:00+02:00,-5.0
1990-10-05T02:00:00+01:00,-4.9
1990-10-08T02:00:00+01:00,-5.02
1990-10-10T02:00:00+01:00,-4.97
1990-10-12T02:00:00+01:00,-4.95
1990-10-18T02:00:00+01:00,-4.91
1990-10-24T02:00:00+01:00,-4.9
1990-11-02T02:00:00+01:00,-4.8
1990-11-09T02:00:00+01:00,-4.9
1990-11-15T02:00:00+01:00,-4.9
1990-11-20T02:00:00+01:00,-4.7
1990-11-29T02:00:00+01:00,-4.86
1990-12-06T02:00:00+01:00,-4.94
1990-12-12T02:00:00+01:00,-4.9
1990-12-13T02:00:00+01:00,-4.95
1990-12-14T02:00:00+01:00,-4.94
1991-01-02T02:00:00+01:00,-4.77
1991-01-04T02:00:00+01:00,-4.77
1991-01-07T02:00:00+01:00,-4.88
1991-01-09T02:00:00+01:00,-4.95
1991-01-10T02:00:00+01:00,-4.9
1991-01-18T02:00:00+01:00,-5.06
1991-01-25T02:00:00+01:00,-5.04
1991-01-31T02:00:00+01:00,-5.05
1991-02-20T02:00:00+01:00,-5.09
1991-03-14T02:00:00+01:00,-5.05
1991-03-19T02:00:00+01:00,-5.03
1991-03-28T02:00:00+01:00,-5.15
1991-04-04T03:00:00+02:00,-5.11
1991-04-12T03:00:00+02:00,-5.14
1991-04-18T03:00:00+02:00,-5.14
1991-04-25T03:00:00+02:00,-5.17
1991-05-02T03:00:00+02:00,-5.04
1991-05-07T03:00:00+02:00,-4.97
1991-05-17T03:00:00+02:00,-4.97
1991-05-24T03:00:00+02:00,-5.01
1991-05-29T03:00:00+02:00,-5.01
1991-06-05T03:00:00+02:00,-5.0
1991-06-13T03:00:00+02:00,-5.03
1991-06-18T03:00:00+02:00,-4.98
1991-06-26T03:00:00+02:00,-4.74
1991-07-01T03:00:00+02:00,-4.78
1991-07-09T03:00:00+02:00,-4.82
1991-07-19T03:00:00+02:00,-4.84
1991-07-24T03:00:00+02:00,-4.82
1991-07-29T03:00:00+02:00,-4.89
1991-08-08T03:00:00+02:00,-4.95
1991-08-13T03:00:00+02:00,-4.95
1991-08-20T03:00:00+02:00,-4.96
1991-08-27T03:00:00+02:00,-5.0
1991-09-10T03:00:00+02:00,-4.99
1991-09-18T03:00:00+02:00,-4.97
1991-09-23T03:00:00+02:00,-4.93
1991-09-30T02:00:00+01:00,-4.84
1991-10-07T02:00:00+01:00,-4.81
1991-10-15T02:00:00+01:00,-4.84
1991-10-23T02:00:00+01:00,-4.82
1991-10-30T02:00:00+01:00,-4.82
1991-11-08T02:00:00+01:00,-4.71
1991-11-15T02:00:00+01:00,-4.65
1993-02-16T02:00:00+01:00,-4.79
1993-03-19T02:00:00+01:00,-4.86
1993-04-21T03:00:00+02:00,-4.81
1993-05-17T03:00:00+02:00,-4.86
1993-06-16T03:00:00+02:00,-4.88
1993-07-23T03:00:00+02:00,-4.84
1993-08-17T03:00:00+02:00,-4.77
1993-09-20T03:00:00+02:00,-4.64
1993-10-19T02:00:00+01:00,-4.8
1993-11-17T02:00:00+01:00,-4.68
1993-12-24T02:00:00+01:00,-4.64
1994-01-14T02:00:00+01:00,-4.83
1994-06-23T03:00:00+02:00,-4.91
1994-07-04T03:00:00+02:00,-4.65
1994-07-05T03:00:00+02:00,-4.67
1994-07-06T03:00:00+02:00,-4.66
1994-07-07T03:00:00+02:00,-4.65
1994-07-08T03:00:00+02:00,-4.66
1994-07-14T03:00:00+02:00,-4.66
1994-07-19T03:00:00+02:00,-4.62
1994-07-21T03:00:00+02:00,-4.6
1994-07-28T03:00:00+02:00,-4.65
1994-08-04T03:00:00+02:00,-4.68
1994-08-11T03:00:00+02:00,-4.63
1994-08-16T03:00:00+02:00,-4.6
1994-08-18T03:00:00+02:00,-4.6
1994-08-25T03:00:00+02:00,-4.63
1994-09-01T03:00:00+02:00,-4.56
1994-09-07T03:00:00+02:00,-4.53
1994-09-15T03:00:00+02:00,-4.57
1994-09-20T03:00:00+02:00,-4.32
1994-09-22T03:00:00+02:00,-4.43
1994-09-29T02:00:00+01:00,-4.54
1994-10-06T02:00:00+01:00,-4.46
1994-10-13T02:00:00+01:00,-4.52
1994-10-20T02:00:00+01:00,-4.58
1994-10-27T02:00:00+01:00,-4.55
1994-11-03T02:00:00+01:00,-4.48
1994-11-10T02:00:00+01:00,-4.72
1994-12-01T02:00:00+01:00,-4.87
1994-12-21T02:00:00+01:00,-5.04
1995-01-05T02:00:00+01:00,-5.2
1995-01-16T02:00:00+01:00,-5.01
1995-02-14T02:00:00+01:00,-4.86
1995-03-16T02:00:00+01:00,-4.74
1995-05-08T03:00:00+02:00,-4.75
1995-05-18T03:00:00+02:00,-4.85
1995-06-19T03:00:00+02:00,-4.8
1995-07-20T03:00:00+02:00,-4.9
1995-09-04T03:00:00+02:00,-4.86
1995-09-21T03:00:00+02:00,-4.9
1995-10-13T02:00:00+01:00,-4.8
1995-11-17T02:00:00+01:00,-4.8
1996-01-18T02:00:00+01:00,-4.88
1996-02-16T02:00:00+01:00,-4.97
1996-03-21T02:00:00+01:00,-4.97
1996-04-23T03:00:00+02:00,-4.84
1996-05-15T03:00:00+02:00,-4.86
1996-06-12T03:00:00+02:00,-4.92
1996-06-13T03:00:00+02:00,-4.94
1996-07-18T03:00:00+02:00,-4.89
1996-08-19T03:00:00+02:00,-4.86
1996-09-27T03:00:00+02:00,-4.82
1996-10-18T03:00:00+02:00,-4.78
1996-11-08T02:00:00+01:00,-4.79
1996-11-18T02:00:00+01:00,-4.81
1996-12-20T02:00:00+01:00,-4.66
1997-01-20T02:00:00+01:00,-4.84
1997-02-11T02:00:00+01:00,-4.74
1997-03-14T02:00:00+01:00,-4.78
1997-04-21T03:00:00+02:00,-4.85
1997-05-16T03:00:00+02:00,-4.82
1997-06-11T03:00:00+02:00,-4.84
1997-07-16T03:00:00+02:00,-4.81
1997-07-24T03:00:00+02:00,-4.8
1997-08-07T03:00:00+02:00,-4.81
1997-09-22T03:00:00+02:00,-4.84
1997-10-21T03:00:00+02:00,-4.73
1997-11-24T02:00:00+01:00,-4.75
1997-12-04T02:00:00+01:00,-4.75
1998-01-27T02:00:00+01:00,-4.67
1998-02-12T02:00:00+01:00,-4.78
1998-03-13T02:00:00+01:00,-4.62
1998-04-21T03:00:00+02:00,-4.65
1998-05-19T03:00:00+02:00,-4.79
1998-06-08T03:00:00+02:00,-4.74
1998-07-16T03:00:00+02:00,-4.73
1998-08-20T03:00:00+02:00,-4.8
1998-09-17T03:00:00+02:00,-4.46
1998-10-01T03:00:00+02:00,-4.7
1998-11-02T02:00:00+01:00,-4.55
1998-11-20T02:00:00+01:00,-4.72
1998-12-18T02:00:00+01:00,-4.46
1999-01-21T02:00:00+01:00,-4.52
1999-02-19T02:00:00+01:00,-4.5
1999-03-17T02:00:00+01:00,-4.61
1999-04-14T03:00:00+02:00,-4.53
1999-05-06T03:00:00+02:00,-4.57
1999-05-25T03:00:00+02:00,-4.79
1999-06-17T03:00:00+02:00,-4.77
1999-07-19T03:00:00+02:00,-4.78
1999-08-26T03:00:00+02:00,-4.71
1999-09-27T03:00:00+02:00,-4.73
1999-10-21T03:00:00+02:00,-4.67
1999-11-19T02:00:00+01:00,-4.62
1999-11-24T02:00:00+01:00,-4.68
1999-12-23T02:00:00+01:00,-4.59
2000-01-19T02:00:00+01:00,-4.66
2000-02-22T02:00:00+01:00,-4.65
2000-03-16T02:00:00+01:00,-4.65
2000-04-18T03:00:00+02:00,-4.72
2000-04-27T03:00:00+02:00,-4.74
2000-06-15T03:00:00+02:00,-4.83
2000-07-19T03:00:00+02:00,-4.75
2000-08-17T03:00:00+02:00,-4.76
2000-09-21T03:00:00+02:00,-4.76
2000-10-19T03:00:00+02:00,-4.65
2000-11-16T02:00:00+01:00,-4.58
2001-01-09T02:00:00+01:00,-4.69
2001-02-15T02:00:00+01:00,-4.74
2001-03-14T02:00:00+01:00,-4.83
2001-04-18T03:00:00+02:00,-4.75
2001-05-17T03:00:00+02:00,-4.8
2001-06-14T03:00:00+02:00,-4.89
2001-07-25T03:00:00+02:00,-4.96
2001-08-15T03:00:00+02:00,-4.86
2001-09-19T03:00:00+02:00,-4.65
2001-10-01T03:00:00+02:00,-4.73
2001-10-17T03:00:00+02:00,-4.87
2001-11-15T02:00:00+01:00,-4.9
2001-12-19T02:00:00+01:00,-4.94
2002-01-17T02:00:00+01:00,-4.86
2002-02-14T02:00:00+01:00,-4.78
2002-03-06T02:00:00+01:00,-4.69
2002-04-17T03:00:00+02:00,-4.76
2002-05-15T03:00:00+02:00,-4.8
2002-06-19T03:00:00+02:00,-4.79
2002-08-09T03:00:00+02:00,-4.73
2002-08-21T03:00:00+02:00,-4.75
2002-09-25T03:00:00+02:00,-4.8
2002-10-29T02:00:00+01:00,-4.61
2002-11-20T02:00:00+01:00,-4.66
2002-12-18T02:00:00+01:00,-4.78
2003-02-11T02:00:00+01:00,-4.53
2003-02-13T02:00:00+01:00,-4.57
2003-03-12T02:00:00+01:00,-4.47
2003-04-16T03:00:00+02:00,-4.23
2003-05-15T03:00:00+02:00,-4.2
2003-06-18T03:00:00+02:00,-4.24
2003-07-16T03:00:00+02:00,-4.32
2003-08-14T03:00:00+02:00,-4.53
2003-09-17T03:00:00+02:00,-4.73
2003-10-23T03:00:00+02:00,-4.33
2003-12-18T02:00:00+01:00,-4.19
2004-01-22T02:00:00+01:00,-4.03
2004-02-17T02:00:00+01:00,-4.13
2004-03-17T02:00:00+01:00,-4.24
2004-04-26T03:00:00+02:00,-4.35
2004-05-19T03:00:00+02:00,-4.56
2004-06-15T03:00:00+02:00,-4.64
2004-07-21T03:00:00+02:00,-4.71
2004-08-25T03:00:00+02:00,-4.63
2004-09-29T03:00:00+02:00,-4.69
2004-10-26T03:00:00+02:00,-4.68
2004-11-24T02:00:00+01:00,-4.73
2005-01-10T02:00:00+01:00,-4.69
2005-01-19T02:00:00+01:00,-4.74
2005-02-23T02:00:00+01:00,-4.63
2005-04-05T03:00:00+02:00,-4.65
2005-04-26T03:00:00+02:00,-4.62
2005-05-18T03:00:00+02:00,-4.72
2005-06-15T03:00:00+02:00,-4.78
2005-07-15T03:00:00+02:00,-4.76
2005-09-13T03:00:00+02:00,-4.77
2005-09-22T03:00:00+02:00,-4.74
2005-10-19T03:00:00+02:00,-4.73
2005-12-01T02:00:00+01:00,-4.6
2005-12-28T02:00:00+01:00,-4.64
2006-01-18T02:00:00+01:00,-4.74
2006-05-15T03:00:00+02:00,-4.78
2006-07-19T03:00:00+02:00,-4.87
2006-08-28T03:00:00+02:00,-4.58
2006-10-16T03:00:00+02:00,-4.77
2007-01-01T02:00:00+01:00,-4.68
2007-01-29T02:00:00+01:00,-4.67
2007-05-07T03:00:00+02:00,-4.77
2007-07-02T03:00:00+02:00,-4.69
2007-08-09T03:00:00+02:00,-4.7
2008-02-13T02:00:00+01:00,-4.74
2008-03-28T02:00:00+01:00,-4.78
2008-07-25T03:00:00+02:00,-4.77
2008-08-27T03:00:00+02:00,-4.75
2008-10-01T03:00:00+02:00,-4.78
2009-05-08T07:52:00+02:00,-4.76
2009-06-19T10:36:00+02:00,-4.77
2009-09-24T09:03:00+02:00,-4.87
2009-11-02T08:50:00+01:00,-4.76
2010-02-04T11:37:00+01:00,-4.62
2010-05-10T08:29:00+02:00,-4.81
2010-06-30T12:20:00+02:00,-4.86
2010-08-11T11:07:00+02:00,-4.82
2010-09-30T10:00:00+02:00,-4.68
2012-05-08T19:00:00+02:00,-4.694
2012-05-09T01:00:00+02:00,-4.692
2012-05-09T07:00:00+02:00,-4.688
2012-05-09T13:00:00+02:00,-4.702
2012-05-09T19:00:00+02:00,-4.708
2012-05-10T01:00:00+02:00,-4.709
2012-05-10T07:00:00+02:00,-4.699
2012-05-10T13:00:00+02:00,-4.701
2012-05-10T19:00:00+02:00,-4.701
2012-05-11T01:00:00+02:00,-4.708
2012-05-11T07:00:00+02:00,-4.711
2012-05-11T13:00:00+02:00,-4.718
2012-05-11T19:00:00+02:00,-4.733
2012-05-12T01:00:00+02:00,-4.742
2012-05-12T07:00:00+02:00,-4.749
2012-05-12T13:00:00+02:00,-4.756
2012-05-12T19:00:00+02:00,-4.758
2012-05-13T01:00:00+02:00,-4.752
2012-05-13T07:00:00+02:00,-4.745
2012-05-13T13:00:00+02:00,-4.734
2012-05-13T19:00:00+02:00,-4.722
2012-05-14T01:00:00+02:00,-4.71
2012-05-14T07:00:00+02:00,-4.697
2012-05-14T13:00:00+02:00,-4.697
2012-05-14T19:00:00+02:00,-4.689
2012-05-15T01:00:00+02:00,-4.683
2012-05-15T07:00:00+02:00,-4.67
2012-05-15T13:00:00+02:00,-4.673
2012-05-15T19:00:00+02:00,-4.683
2012-05-16T01:00:00+02:00,-4.697
2012-05-16T07:00:00+02:00,-4.704
2012-05-16T13:00:00+02:00,-4.716
2012-05-16T19:00:00+02:00,-4.72
2012-05-17T01:00:00+02:00,-4.716
2012-05-17T07:00:00+02:00,-4.708
2012-05-17T13:00:00+02:00,-4.705
2012-05-17T19:00:00+02:00,-4.69
2012-05-18T01:00:00+02:00,-4.678
2012-05-18T07:00:00+02:00,-4.667
2012-05-18T13:00:00+02:00,-4.665
2012-05-18T19:00:00+02:00,-4.673
2012-05-19T01:00:00+02:00,-4.679
2012-05-19T07:00:00+02:00,-4.686
2012-05-19T13:00:00+02:00,-4.691
2012-05-19T19:00:00+02:00,-4.689
2012-05-20T01:00:00+02:00,-4.693
2012-05-20T07:00:00+02:00,-4.683
2012-05-20T13:00:00+02:00,-4.68
2012-05-20T19:00:00+02:00,-4.672
2012-05-21T01:00:00+02:00,-4.672
2012-05-21T07:00:00+02:00,-4.666
2012-05-21T13:00:00+02:00,-4.664
2012-05-21T19:00:00+02:00,-4.669
2012-05-22T01:00:00+02:00,-4.675
2012-05-22T07:00:00+02:00,-4.678
2012-05-22T13:00:00+02:00,-4.687
2012-05-22T19:00:00+02:00,-4.699
2012-05-23T01:00:00+02:00,-4.714
2012-05-23T07:00:00+02:00,-4.72
2012-05-23T13:00:00+02:00,-4.726
2012-05-23T19:00:00+02:00,-4.731
2012-05-24T01:00:00+02:00,-4.738
2012-05-24T07:00:00+02:00,-4.74
2012-05-24T13:00:00+02:00,-4.743
2012-05-24T19:00:00+02:00,-4.735
2012-05-25T01:00:00+02:00,-4.743
2012-05-25T07:00:00+02:00,-4.743
2012-05-25T13:00:00+02:00,-4.743
2012-05-25T19:00:00+02:00,-4.732
2012-05-26T01:00:00+02:00,-4.734
2012-05-26T07:00:00+02:00,-4.731
2012-05-26T13:00:00+02:00,-4.73
2012-05-26T19:00:00+02:00,-4.724
2012-05-27T01:00:00+02:00,-4.728
2012-05-27T07:00:00+02:00,-4.729
2012-05-27T13:00:00+02:00,-4.728
2012-05-27T19:00:00+02:00,-4.721
2012-05-28T01:00:00+02:00,-4.722
2012-05-28T07:00:00+02:00,-4.72
2012-05-28T13:00:00+02:00,-4.718
2012-05-28T19:00:00+02:00,-4.721
2012-05-29T01:00:00+02:00,-4.722
2012-05-29T07:00:00+02:00,-4.723
2012-05-29T13:00:00+02:00,-4.724
2012-05-29T19:00:00+02:00,-4.726
2012-05-30T01:00:00+02:00,-4.727
2012-05-30T07:00:00+02:00,-4.729
2012-05-30T13:00:00+02:00,-4.732
2012-05-30T19:00:00+02:00,-4.731
2012-05-31T01:00:00+02:00,-4.735
2012-05-31T07:00:00+02:00,-4.733
2012-05-31T13:00:00+02:00,-4.731
2012-05-31T19:00:00+02:00,-4.722
2012-06-01T01:00:00+02:00,-4.728
2012-06-01T07:00:00+02:00,-4.733
2012-06-01T13:00:00+02:00,-4.739
2012-06-01T19:00:00+02:00,-4.736
2012-06-02T01:00:00+02:00,-4.738
2012-06-02T07:00:00+02:00,-4.733
2012-06-02T13:00:00+02:00,-4.732
2012-06-02T19:00:00+02:00,-4.727
2012-06-03T01:00:00+02:00,-4.721
2012-06-03T07:00:00+02:00,-4.708
2012-06-03T13:00:00+02:00,-4.705
2012-06-03T19:00:00+02:00,-4.711
2012-06-04T01:00:00+02:00,-4.716
2012-06-04T07:00:00+02:00,-4.709
2012-06-04T13:00:00+02:00,-4.709
2012-06-04T19:00:00+02:00,-4.715
2012-06-05T01:00:00+02:00,-4.728
2012-06-05T07:00:00+02:00,-4.727
2012-06-05T13:00:00+02:00,-4.729
2012-06-05T19:00:00+02:00,-4.719
2012-06-06T01:00:00+02:00,-4.707
2012-06-06T07:00:00+02:00,-4.688
2012-06-06T13:00:00+02:00,-4.684
2012-06-06T19:00:00+02:00,-4.691
2012-06-07T01:00:00+02:00,-4.687
2012-06-07T07:00:00+02:00,-4.688
2012-06-07T13:00:00+02:00,-4.683
2012-06-07T19:00:00+02:00,-4.673
2012-06-08T01:00:00+02:00,-4.678
2012-06-08T07:00:00+02:00,-4.682
2012-06-08T13:00:00+02:00,-4.683
2012-06-08T19:00:00+02:00,-4.692
2012-06-09T01:00:00+02:00,-4.698
2012-06-09T07:00:00+02:00,-4.697
2012-06-09T13:00:00+02:00,-4.708
2012-06-09T19:00:00+02:00,-4.71
2012-06-10T01:00:00+02:00,-4.711
2012-06-10T07:00:00+02:00,-4.711
2012-06-10T13:00:00+02:00,-4.705
2012-06-10T19:00:00+02:00,-4.699
2012-06-11T01:00:00+02:00,-4.697
2012-06-11T07:00:00+02:00,-4.69
2012-06-11T13:00:00+02:00,-4.683
2012-06-11T19:00:00+02:00,-4.682
2012-06-12T01:00:00+02:00,-4.683
2012-06-12T07:00:00+02:00,-4.686
2012-06-12T13:00:00+02:00,-4.695
2012-06-12T19:00:00+02:00,-4.702
2012-06-13T01:00:00+02:00,-4.712
2012-06-13T07:00:00+02:00,-4.715
2012-06-13T13:00:00+02:00,-4.723
2012-06-13T19:00:00+02:00,-4.727
2012-06-14T01:00:00+02:00,-4.732
2012-06-14T07:00:00+02:00,-4.731
2012-06-14T13:00:00+02:00,-4.73
2012-06-14T19:00:00+02:00,-4.729
2012-06-15T01:00:00+02:00,-4.724
2012-06-15T07:00:00+02:00,-4.709
2012-06-15T13:00:00+02:00,-4.705
2012-06-15T19:00:00+02:00,-4.701
2012-06-16T01:00:00+02:00,-4.707
2012-06-16T07:00:00+02:00,-4.701
2012-06-16T13:00:00+02:00,-4.703
2012-06-16T19:00:00+02:00,-4.706
2012-06-17T01:00:00+02:00,-4.71
2012-06-17T07:00:00+02:00,-4.718
2012-06-17T13:00:00+02:00,-4.729
2012-06-17T19:00:00+02:00,-4.728
2012-06-18T01:00:00+02:00,-4.725
2012-06-18T07:00:00+02:00,-4.706
2012-06-18T13:00:00+02:00,-4.708
2012-06-18T19:00:00+02:00,-4.722
2012-06-19T01:00:00+02:00,-4.73
2012-06-19T07:00:00+02:00,-4.725
2012-06-19T13:00:00+02:00,-4.725
2012-06-19T19:00:00+02:00,-4.718
2012-06-20T01:00:00+02:00,-4.717
2012-06-20T07:00:00+02:00,-4.713
2012-06-20T13:00:00+02:00,-4.709
2012-06-20T19:00:00+02:00,-4.707
2012-06-21T01:00:00+02:00,-4.705
2012-06-21T07:00:00+02:00,-4.695
2012-06-21T13:00:00+02:00,-4.695
2012-06-21T19:00:00+02:00,-4.683
2012-06-22T01:00:00+02:00,-4.691
2012-06-22T07:00:00+02:00,-4.695
2012-06-22T13:00:00+02:00,-4.703
2012-06-22T19:00:00+02:00,-4.709
2012-06-23T01:00:00+02:00,-4.715
2012-06-23T07:00:00+02:00,-4.714
2012-06-23T13:00:00+02:00,-4.724
2012-06-23T19:00:00+02:00,-4.722
2012-06-24T01:00:00+02:00,-4.719
2012-06-24T07:00:00+02:00,-4.701
2012-06-24T13:00:00+02:00,-4.677
2012-06-24T19:00:00+02:00,-4.683
2012-06-25T01:00:00+02:00,-4.692
2012-06-25T07:00:00+02:00,-4.693
2012-06-25T13:00:00+02:00,-4.7
2012-06-25T19:00:00+02:00,-4.71
2012-06-26T01:00:00+02:00,-4.713
2012-06-26T07:00:00+02:00,-4.71
2012-06-26T13:00:00+02:00,-4.716
2012-06-26T19:00:00+02:00,-4.714
2012-06-27T01:00:00+02:00,-4.71
2012-06-27T07:00:00+02:00,-4.706
2012-06-27T13:00:00+02:00,-4.702
2012-06-27T19:00:00+02:00,-4.705
2012-06-28T01:00:00+02:00,-4.698
2012-06-28T07:00:00+02:00,-4.692
2012-06-28T13:00:00+02:00,-4.681
2012-06-28T19:00:00+02:00,-4.673
2012-06-29T01:00:00+02:00,-4.683
2012-06-29T07:00:00+02:00,-4.693
2012-06-29T13:00:00+02:00,-4.691
2012-06-29T19:00:00+02:00,-4.697
2012-06-30T01:00:00+02:00,-4.702
2012-06-30T07:00:00+02:00,-4.706
2012-06-30T13:00:00+02:00,-4.71
2012-06-30T19:00:00+02:00,-4.711
2012-07-01T01:00:00+02:00,-4.712
2012-07-01T07:00:00+02:00,-4.719
2012-07-01T13:00:00+02:00,-4.727
2012-07-01T19:00:00+02:00,-4.73
2012-07-02T01:00:00+02:00,-4.737
2012-07-02T07:00:00+02:00,-4.735
2012-07-02T13:00:00+02:00,-4.737
2012-07-02T19:00:00+02:00,-4.732
2012-07-03T01:00:00+02:00,-4.733
2012-07-03T07:00:00+02:00,-4.732
2012-07-03T13:00:00+02:00,-4.735
2012-07-03T19:00:00+02:00,-4.732
2012-07-04T01:00:00+02:00,-4.731
2012-07-04T07:00:00+02:00,-4.728
2012-07-04T13:00:00+02:00,-4.728
2012-07-04T19:00:00+02:00,-4.723
2012-07-05T01:00:00+02:00,-4.73
2012-07-05T07:00:00+02:00,-4.723
2012-07-05T13:00:00+02:00,-4.73
2012-07-05T19:00:00+02:00,-4.728
2012-07-06T01:00:00+02:00,-4.728
2012-07-06T07:00:00+02:00,-4.721
2012-07-06T13:00:00+02:00,-4.733
2012-07-06T19:00:00+02:00,-4.74
2012-07-07T01:00:00+02:00,-4.743
2012-07-07T07:00:00+02:00,-4.744
2012-07-07T13:00:00+02:00,-4.741
2012-07-07T19:00:00+02:00,-4.739
2012-07-08T01:00:00+02:00,-4.736
2012-07-08T07:00:00+02:00,-4.726
2012-07-08T13:00:00+02:00,-4.721
2012-07-08T19:00:00+02:00,-4.719
2012-07-09T01:00:00+02:00,-4.729
2012-07-09T07:00:00+02:00,-4.728
2012-07-09T13:00:00+02:00,-4.736
2012-07-09T19:00:00+02:00,-4.736
2012-07-10T01:00:00+02:00,-4.734
2012-07-10T07:00:00+02:00,-4.733
2012-07-10T13:00:00+02:00,-4.729
2012-07-10T19:00:00+02:00,-4.732
2012-07-11T01:00:00+02:00,-4.729
2012-07-11T07:00:00+02:00,-4.717
2012-07-11T13:00:00+02:00,-4.715
2012-07-11T19:00:00+02:00,-4.711
2012-07-12T01:00:00+02:00,-4.711
2012-07-12T07:00:00+02:00,-4.698
2012-07-12T13:00:00+02:00,-4.699
2012-07-12T19:00:00+02:00,-4.696
2012-07-13T01:00:00+02:00,-4.676
2012-07-13T07:00:00+02:00,-4.647
2012-07-13T13:00:00+02:00,-4.633
2012-07-13T19:00:00+02:00,-4.62
2012-07-14T01:00:00+02:00,-4.617
2012-07-14T07:00:00+02:00,-4.609
2012-07-14T13:00:00+02:00,-4.608
2012-07-14T19:00:00+02:00,-4.613
2012-07-15T01:00:00+02:00,-4.615
2012-07-15T07:00:00+02:00,-4.614
2012-07-15T13:00:00+02:00,-4.615
2012-07-15T19:00:00+02:00,-4.616
2012-07-16T01:00:00+02:00,-4.62
2012-07-16T07:00:00+02:00,-4.623
2012-07-16T13:00:00+02:00,-4.624
2012-07-16T19:00:00+02:00,-4.609
2012-07-17T01:00:00+02:00,-4.589
2012-07-17T07:00:00+02:00,-4.594
2012-07-17T13:00:00+02:00,-4.598
2012-07-17T19:00:00+02:00,-4.589
2012-07-18T01:00:00+02:00,-4.576
2012-07-18T07:00:00+02:00,-4.564
2012-07-18T13:00:00+02:00,-4.553
2012-07-18T19:00:00+02:00,-4.546
2012-07-19T01:00:00+02:00,-4.53
2012-07-19T07:00:00+02:00,-4.521
2012-07-19T13:00:00+02:00,-4.533
2012-07-19T19:00:00+02:00,-4.545
2012-07-20T01:00:00+02:00,-4.547
2012-07-20T07:00:00+02:00,-4.547
2012-07-20T13:00:00+02:00,-4.556
2012-07-20T19:00:00+02:00,-4.557
2012-07-21T01:00:00+02:00,-4.567
2012-07-21T07:00:00+02:00,-4.576
2012-07-21T13:00:00+02:00,-4.582
2012-07-21T19:00:00+02:00,-4.589
2012-07-22T01:00:00+02:00,-4.601
2012-07-22T07:00:00+02:00,-4.605
2012-07-22T13:00:00+02:00,-4.609
2012-07-22T19:00:00+02:00,-4.608
2012-07-23T01:00:00+02:00,-4.612
2012-07-23T07:00:00+02:00,-4.62
2012-07-23T13:00:00+02:00,-4.615
2012-07-23T19:00:00+02:00,-4.615
2012-07-24T01:00:00+02:00,-4.618
2012-07-24T07:00:00+02:00,-4.625
2012-07-24T13:00:00+02:00,-4.617
2012-07-24T19:00:00+02:00,-4.616
2012-07-25T01:00:00+02:00,-4.621
2012-07-25T07:00:00+02:00,-4.622
2012-07-25T13:00:00+02:00,-4.624
2012-07-25T19:00:00+02:00,-4.631
2012-07-26T01:00:00+02:00,-4.643
2012-07-26T07:00:00+02:00,-4.648
2012-07-26T13:00:00+02:00,-4.651
2012-07-26T19:00:00+02:00,-4.647
2012-07-27T01:00:00+02:00,-4.651
2012-07-27T07:00:00+02:00,-4.643
2012-07-27T13:00:00+02:00,-4.637
2012-07-27T19:00:00+02:00,-4.638
2012-07-28T01:00:00+02:00,-4.635
2012-07-28T07:00:00+02:00,-4.636
2012-07-28T13:00:00+02:00,-4.644
2012-07-28T19:00:00+02:00,-4.647
2012-07-29T01:00:00+02:00,-4.651
2012-07-29T07:00:00+02:00,-4.651
2012-07-29T13:00:00+02:00,-4.663
2012-07-29T19:00:00+02:00,-4.665
2012-07-30T01:00:00+02:00,-4.661
2012-07-30T07:00:00+02:00,-4.665
2012-07-30T13:00:00+02:00,-4.67
2012-07-30T19:00:00+02:00,-4.675
2012-07-31T01:00:00+02:00,-4.678
2012-07-31T07:00:00+02:00,-4.673
2012-07-31T13:00:00+02:00,-4.675
2012-07-31T19:00:00+02:00,-4.673
2012-08-01T01:00:00+02:00,-4.672
2012-08-01T07:00:00+02:00,-4.674
2012-08-01T13:00:00+02:00,-4.665
2012-08-01T19:00:00+02:00,-4.654
2012-08-02T01:00:00+02:00,-4.657
2012-08-02T07:00:00+02:00,-4.659
2012-08-02T13:00:00+02:00,-4.668
2012-08-02T19:00:00+02:00,-4.676
2012-08-03T01:00:00+02:00,-4.678
2012-08-03T07:00:00+02:00,-4.674
2012-08-03T13:00:00+02:00,-4.676
2012-08-03T19:00:00+02:00,-4.672
2012-08-04T01:00:00+02:00,-4.673
2012-08-04T07:00:00+02:00,-4.669
2012-08-04T13:00:00+02:00,-4.665
2012-08-04T19:00:00+02:00,-4.658
2012-08-05T01:00:00+02:00,-4.662
2012-08-05T07:00:00+02:00,-4.654
2012-08-05T13:00:00+02:00,-4.655
2012-08-05T19:00:00+02:00,-4.647
2012-08-06T01:00:00+02:00,-4.644
2012-08-06T07:00:00+02:00,-4.644
2012-08-06T13:00:00+02:00,-4.643
2012-08-06T19:00:00+02:00,-4.642
2012-08-07T01:00:00+02:00,-4.645
2012-08-07T07:00:00+02:00,-4.641
2012-08-07T13:00:00+02:00,-4.651
2012-08-07T19:00:00+02:00,-4.656
2012-08-08T01:00:00+02:00,-4.656
2012-08-08T07:00:00+02:00,-4.65
2012-08-08T13:00:00+02:00,-4.649
2012-08-08T19:00:00+02:00,-4.648
2012-08-09T01:00:00+02:00,-4.653
2012-08-09T07:00:00+02:00,-4.652
2012-08-09T13:00:00+02:00,-4.655
2012-08-09T19:00:00+02:00,-4.66
2012-08-10T01:00:00+02:00,-4.664
2012-08-10T07:00:00+02:00,-4.664
2012-08-10T13:00:00+02:00,-4.661
2012-08-10T19:00:00+02:00,-4.659
2012-08-11T01:00:00+02:00,-4.663
2012-08-11T07:00:00+02:00,-4.66
2012-08-11T13:00:00+02:00,-4.658
2012-08-11T19:00:00+02:00,-4.649
2012-08-12T01:00:00+02:00,-4.648
2012-08-12T07:00:00+02:00,-4.645
2012-08-12T13:00:00+02:00,-4.641
2012-08-12T19:00:00+02:00,-4.643
2012-08-13T01:00:00+02:00,-4.647
2012-08-13T07:00:00+02:00,-4.647
2012-08-13T13:00:00+02:00,-4.653
2012-08-13T19:00:00+02:00,-4.654
2012-08-14T01:00:00+02:00,-4.659
2012-08-14T07:00:00+02:00,-4.661
2012-08-14T13:00:00+02:00,-4.666
2012-08-14T19:00:00+02:00,-4.668
2012-08-15T01:00:00+02:00,-4.671
2012-08-15T07:00:00+02:00,-4.667
2012-08-15T13:00:00+02:00,-4.66
2012-08-15T19:00:00+02:00,-4.659
2012-08-16T01:00:00+02:00,-4.676
2012-08-16T07:00:00+02:00,-4.685
2012-08-16T13:00:00+02:00,-4.693
2012-08-16T19:00:00+02:00,-4.696
2012-08-17T01:00:00+02:00,-4.699
2012-08-17T07:00:00+02:00,-4.697
2012-08-17T13:00:00+02:00,-4.7
2012-08-17T19:00:00+02:00,-4.695
2012-08-18T01:00:00+02:00,-4.699
2012-08-18T07:00:00+02:00,-4.697
2012-08-18T13:00:00+02:00,-4.698
2012-08-18T19:00:00+02:00,-4.698
2012-08-19T01:00:00+02:00,-4.704
2012-08-19T07:00:00+02:00,-4.697
2012-08-19T13:00:00+02:00,-4.698
2012-08-19T19:00:00+02:00,-4.698
2012-08-20T01:00:00+02:00,-4.71
2012-08-20T07:00:00+02:00,-4.713
2012-08-20T13:00:00+02:00,-4.72
2012-08-20T19:00:00+02:00,-4.721
2012-08-21T01:00:00+02:00,-4.725
2012-08-21T07:00:00+02:00,-4.721
2012-08-21T13:00:00+02:00,-4.714
2012-08-21T19:00:00+02:00,-4.709
2012-08-22T01:00:00+02:00,-4.713
2012-08-22T07:00:00+02:00,-4.712
2012-08-22T13:00:00+02:00,-4.722
2012-08-22T19:00:00+02:00,-4.726
2012-08-23T01:00:00+02:00,-4.726
2012-08-23T07:00:00+02:00,-4.723
2012-08-23T13:00:00+02:00,-4.724
2012-08-23T19:00:00+02:00,-4.719
2012-08-24T01:00:00+02:00,-4.712
2012-08-24T07:00:00+02:00,-4.706
2012-08-24T13:00:00+02:00,-4.703
2012-08-24T19:00:00+02:00,-4.701
2012-08-25T01:00:00+02:00,-4.7
2012-08-25T07:00:00+02:00,-4.699
2012-08-25T13:00:00+02:00,-4.7
2012-08-25T19:00:00+02:00,-4.695
2012-08-26T01:00:00+02:00,-4.694
2012-08-26T07:00:00+02:00,-4.694
2012-08-26T13:00:00+02:00,-4.707
2012-08-26T19:00:00+02:00,-4.719
2012-08-27T01:00:00+02:00,-4.724
2012-08-27T07:00:00+02:00,-4.715
2012-08-27T13:00:00+02:00,-4.688
2012-08-27T19:00:00+02:00,-4.676
2012-08-28T01:00:00+02:00,-4.666
2012-08-28T07:00:00+02:00,-4.661
2012-08-28T13:00:00+02:00,-4.671
2012-08-28T19:00:00+02:00,-4.68
2012-08-29T01:00:00+02:00,-4.684
2012-08-29T07:00:00+02:00,-4.68
2012-08-29T13:00:00+02:00,-4.677
2012-08-29T19:00:00+02:00,-4.674
2012-08-30T01:00:00+02:00,-4.679
2012-08-30T07:00:00+02:00,-4.682
2012-08-30T13:00:00+02:00,-4.68
2012-08-30T19:00:00+02:00,-4.683
2012-08-31T01:00:00+02:00,-4.677
2012-08-31T07:00:00+02:00,-4.677
2012-08-31T13:00:00+02:00,-4.689
2012-08-31T19:00:00+02:00,-4.691
2012-09-01T01:00:00+02:00,-4.688
2012-09-01T07:00:00+02:00,-4.68
2012-09-01T13:00:00+02:00,-4.678
2012-09-01T19:00:00+02:00,-4.672
2012-09-02T01:00:00+02:00,-4.67
2012-09-02T07:00:00+02:00,-4.665
2012-09-02T13:00:00+02:00,-4.666
2012-09-02T19:00:00+02:00,-4.665
2012-09-03T01:00:00+02:00,-4.673
2012-09-03T07:00:00+02:00,-4.674
2012-09-03T13:00:00+02:00,-4.671
2012-09-03T19:00:00+02:00,-4.673
2012-09-04T01:00:00+02:00,-4.679
2012-09-04T07:00:00+02:00,-4.673
2012-09-04T13:00:00+02:00,-4.673
2012-09-04T19:00:00+02:00,-4.666
2012-09-05T01:00:00+02:00,-4.675
2012-09-05T07:00:00+02:00,-4.677
2012-09-05T13:00:00+02:00,-4.679
2012-09-05T19:00:00+02:00,-4.686
2012-09-06T01:00:00+02:00,-4.694
2012-09-06T07:00:00+02:00,-4.695
2012-09-06T13:00:00+02:00,-4.692
2012-09-06T19:00:00+02:00,-4.687
2012-09-07T01:00:00+02:00,-4.685
2012-09-07T07:00:00+02:00,-4.677
2012-09-07T13:00:00+02:00,-4.684
2012-09-07T19:00:00+02:00,-4.685
2012-09-08T01:00:00+02:00,-4.688
2012-09-08T07:00:00+02:00,-4.686
2012-09-08T13:00:00+02:00,-4.686
2012-09-08T19:00:00+02:00,-4.681
2012-09-09T01:00:00+02:00,-4.683
2012-09-09T07:00:00+02:00,-4.674
2012-09-09T13:00:00+02:00,-4.668
2012-09-09T19:00:00+02:00,-4.665
2012-09-10T01:00:00+02:00,-4.673
2012-09-10T07:00:00+02:00,-4.672
2012-09-10T13:00:00+02:00,-4.678
2012-09-10T19:00:00+02:00,-4.677
2012-09-11T01:00:00+02:00,-4.677
2012-09-11T07:00:00+02:00,-4.673
2012-09-11T13:00:00+02:00,-4.677
2012-09-11T19:00:00+02:00,-4.68
2012-09-12T01:00:00+02:00,-4.687
2012-09-12T07:00:00+02:00,-4.681
2012-09-12T13:00:00+02:00,-4.68
2012-09-12T19:00:00+02:00,-4.679
2012-09-13T01:00:00+02:00,-4.667
2012-09-13T07:00:00+02:00,-4.677
2012-09-13T13:00:00+02:00,-4.686
2012-09-13T19:00:00+02:00,-4.68
2012-09-14T01:00:00+02:00,-4.669
2012-09-14T07:00:00+02:00,-4.651
2012-09-14T13:00:00+02:00,-4.646
2012-09-14T19:00:00+02:00,-4.65
2012-09-15T01:00:00+02:00,-4.663
2012-09-15T07:00:00+02:00,-4.669
2012-09-15T13:00:00+02:00,-4.673
2012-09-15T19:00:00+02:00,-4.673
2012-09-16T01:00:00+02:00,-4.673
2012-09-16T07:00:00+02:00,-4.666
2012-09-16T13:00:00+02:00,-4.665
2012-09-16T19:00:00+02:00,-4.661
2012-09-17T01:00:00+02:00,-4.663
2012-09-17T07:00:00+02:00,-4.664
2012-09-17T13:00:00+02:00,-4.672
2012-09-17T19:00:00+02:00,-4.671
2012-09-18T01:00:00+02:00,-4.672
2012-09-18T07:00:00+02:00,-4.664
2012-09-18T13:00:00+02:00,-4.669
2012-09-18T19:00:00+02:00,-4.678
2012-09-19T01:00:00+02:00,-4.682
2012-09-19T07:00:00+02:00,-4.685
2012-09-19T13:00:00+02:00,-4.694
2012-09-19T19:00:00+02:00,-4.695
2012-09-20T01:00:00+02:00,-4.699
2012-09-20T07:00:00+02:00,-4.696
2012-09-20T13:00:00+02:00,-4.696
2012-09-20T19:00:00+02:00,-4.693
2012-09-21T01:00:00+02:00,-4.687
2012-09-21T07:00:00+02:00,-4.68
2012-09-21T13:00:00+02:00,-4.677
2012-09-21T19:00:00+02:00,-4.668
2012-09-22T01:00:00+02:00,-4.668
2012-09-22T07:00:00+02:00,-4.676
2012-09-22T13:00:00+02:00,-4.687
2012-09-22T19:00:00+02:00,-4.692
2012-09-23T01:00:00+02:00,-4.694
2012-09-23T07:00:00+02:00,-4.691
2012-09-23T13:00:00+02:00,-4.678
2012-09-23T19:00:00+02:00,-4.665
2012-09-24T01:00:00+02:00,-4.634
2012-09-24T07:00:00+02:00,-4.607
2012-09-24T13:00:00+02:00,-4.603
2012-09-24T19:00:00+02:00,-4.612
2012-09-25T01:00:00+02:00,-4.619
2012-09-25T07:00:00+02:00,-4.622
2012-09-25T13:00:00+02:00,-4.621
2012-09-25T19:00:00+02:00,-4.627
2012-09-26T01:00:00+02:00,-4.629
2012-09-26T07:00:00+02:00,-4.621
2012-09-26T13:00:00+02:00,-4.628
2012-09-26T19:00:00+02:00,-4.638
2012-09-27T01:00:00+02:00,-4.644
2012-09-27T07:00:00+02:00,-4.644
2012-09-27T13:00:00+02:00,-4.649
2012-09-27T19:00:00+02:00,-4.66
2012-09-28T01:00:00+02:00,-4.674
2012-09-28T07:00:00+02:00,-4.672
2012-09-28T13:00:00+02:00,-4.674
2012-09-28T19:00:00+02:00,-4.669
2012-09-29T01:00:00+02:00,-4.668
2012-09-29T07:00:00+02:00,-4.662
2012-09-29T13:00:00+02:00,-4.673
2012-09-29T19:00:00+02:00,-4.678
2012-09-30T01:00:00+02:00,-4.682
2012-09-30T07:00:00+02:00,-4.68
2012-09-30T13:00:00+02:00,-4.683
2012-09-30T19:00:00+02:00,-4.675
2012-10-01T01:00:00+02:00,-4.671
2012-10-01T07:00:00+02:00,-4.665
2012-10-01T13:00:00+02:00,-4.662
2012-10-01T19:00:00+02:00,-4.657
2012-10-02T01:00:00+02:00,-4.661
2012-10-02T07:00:00+02:00,-4.66
2012-10-02T13:00:00+02:00,-4.659
2012-10-02T19:00:00+02:00,-4.659
2012-10-03T01:00:00+02:00,-4.654
2012-10-03T07:00:00+02:00,-4.65
2012-10-03T13:00:00+02:00,-4.648
2012-10-03T19:00:00+02:00,-4.649
2012-10-04T01:00:00+02:00,-4.65
2012-10-04T07:00:00+02:00,-4.644
2012-10-04T13:00:00+02:00,-4.651
2012-10-04T19:00:00+02:00,-4.667
2012-10-05T01:00:00+02:00,-4.663
2012-10-05T07:00:00+02:00,-4.638
2012-10-05T13:00:00+02:00,-4.635
2012-10-05T19:00:00+02:00,-4.646
2012-10-06T01:00:00+02:00,-4.638
2012-10-06T07:00:00+02:00,-4.619
2012-10-06T13:00:00+02:00,-4.618
2012-10-06T19:00:00+02:00,-4.62
2012-10-07T01:00:00+02:00,-4.615
2012-10-07T07:00:00+02:00,-4.611
2012-10-07T13:00:00+02:00,-4.613
2012-10-07T19:00:00+02:00,-4.61
2012-10-08T01:00:00+02:00,-4.608
2012-10-08T07:00:00+02:00,-4.6
2012-10-08T13:00:00+02:00,-4.586
2012-10-08T19:00:00+02:00,-4.573
2012-10-09T01:00:00+02:00,-4.571
2012-10-09T07:00:00+02:00,-4.576
2012-10-09T13:00:00+02:00,-4.589
2012-10-09T19:00:00+02:00,-4.592
2012-10-10T01:00:00+02:00,-4.594
2012-10-10T07:00:00+02:00,-4.594
2012-10-10T13:00:00+02:00,-4.597
2012-10-10T19:00:00+02:00,-4.599
2012-10-11T01:00:00+02:00,-4.603
2012-10-11T07:00:00+02:00,-4.594
2012-10-11T13:00:00+02:00,-4.593
2012-10-11T19:00:00+02:00,-4.586
2012-10-12T01:00:00+02:00,-4.584
2012-10-12T07:00:00+02:00,-4.571
2012-10-12T13:00:00+02:00,-4.581
2012-10-12T19:00:00+02:00,-4.594
2012-10-13T01:00:00+02:00,-4.602
2012-10-13T07:00:00+02:00,-4.591
2012-10-13T13:00:00+02:00,-4.582
2012-10-13T19:00:00+02:00,-4.565
2012-10-14T01:00:00+02:00,-4.559
2012-10-14T07:00:00+02:00,-4.548
2012-10-14T13:00:00+02:00,-4.54
2012-10-14T19:00:00+02:00,-4.527
2012-10-15T01:00:00+02:00,-4.52
2012-10-15T07:00:00+02:00,-4.523
2012-10-15T13:00:00+02:00,-4.528
2012-10-15T19:00:00+02:00,-4.522
2012-10-16T01:00:00+02:00,-4.523
2012-10-16T07:00:00+02:00,-4.506
2012-10-16T13:00:00+02:00,-4.507
2012-10-16T19:00:00+02:00,-4.514
2012-10-17T01:00:00+02:00,-4.528
2012-10-17T07:00:00+02:00,-4.52
2012-10-17T13:00:00+02:00,-4.512
2012-10-17T19:00:00+02:00,-4.522
2012-10-18T01:00:00+02:00,-4.527
2012-10-18T07:00:00+02:00,-4.525
2012-10-18T13:00:00+02:00,-4.53
2012-10-18T19:00:00+02:00,-4.538
2012-10-19T01:00:00+02:00,-4.546
2012-10-19T07:00:00+02:00,-4.536
2012-10-19T13:00:00+02:00,-4.537
2012-10-19T19:00:00+02:00,-4.546
2012-10-20T01:00:00+02:00,-4.545
2012-10-20T07:00:00+02:00,-4.548
2012-10-20T13:00:00+02:00,-4.562
2012-10-20T19:00:00+02:00,-4.562
2012-10-21T01:00:00+02:00,-4.558
2012-10-21T07:00:00+02:00,-4.558
2012-10-21T13:00:00+02:00,-4.555
2012-10-21T19:00:00+02:00,-4.555
2012-10-22T01:00:00+02:00,-4.558
2012-10-22T07:00:00+02:00,-4.563
2012-10-22T13:00:00+02:00,-4.571
2012-10-22T19:00:00+02:00,-4.578
2012-10-23T01:00:00+02:00,-4.583
2012-10-23T07:00:00+02:00,-4.587
2012-10-23T13:00:00+02:00,-4.59
2012-10-23T19:00:00+02:00,-4.589
2012-10-24T01:00:00+02:00,-4.593
2012-10-24T07:00:00+02:00,-4.589
2012-10-24T13:00:00+02:00,-4.595
2012-10-24T19:00:00+02:00,-4.589
2012-10-25T01:00:00+02:00,-4.591
2012-10-25T07:00:00+02:00,-4.59
2012-10-25T13:00:00+02:00,-4.595
2012-10-25T19:00:00+02:00,-4.593
2012-10-26T01:00:00+02:00,-4.6
2012-10-26T07:00:00+02:00,-4.598
2012-10-26T13:00:00+02:00,-4.593
2012-10-26T19:00:00+02:00,-4.583
2012-10-27T01:00:00+02:00,-4.584
2012-10-27T07:00:00+02:00,-4.586
2012-10-27T13:00:00+02:00,-4.6
2012-10-27T19:00:00+02:00,-4.613
2012-10-28T01:00:00+02:00,-4.628
2012-10-28T06:00:00+01:00,-4.624
2012-10-28T12:00:00+01:00,-4.626
2012-10-28T18:00:00+01:00,-4.625
2012-10-29T00:00:00+01:00,-4.621
2012-10-29T06:00:00+01:00,-4.619
2012-10-29T12:00:00+01:00,-4.617
2012-10-29T18:00:00+01:00,-4.604
2012-10-30T00:00:00+01:00,-4.6
2012-10-30T06:00:00+01:00,-4.593
2012-10-30T12:00:00+01:00,-4.594
2012-10-30T18:00:00+01:00,-4.589
2012-10-31T00:00:00+01:00,-4.582
2012-10-31T06:00:00+01:00,-4.572
2012-10-31T12:00:00+01:00,-4.562
2012-10-31T18:00:00+01:00,-4.551
2012-11-01T00:00:00+01:00,-4.541
2012-11-01T06:00:00+01:00,-4.526
2012-11-01T12:00:00+01:00,-4.518
2012-11-01T18:00:00+01:00,-4.529
2012-11-02T00:00:00+01:00,-4.55
2012-11-02T06:00:00+01:00,-4.565
2012-11-02T12:00:00+01:00,-4.57
2012-11-02T18:00:00+01:00,-4.575
2012-11-03T00:00:00+01:00,-4.589
2012-11-03T06:00:00+01:00,-4.593
2012-11-03T12:00:00+01:00,-4.593
2012-11-03T18:00:00+01:00,-4.596
2012-11-04T00:00:00+01:00,-4.612
2012-11-04T06:00:00+01:00,-4.609
2012-11-04T12:00:00+01:00,-4.598
2012-11-04T18:00:00+01:00,-4.578
2012-11-05T00:00:00+01:00,-4.582
2012-11-05T06:00:00+01:00,-4.577
2012-11-05T12:00:00+01:00,-4.588
2012-11-05T18:00:00+01:00,-4.59
2012-11-06T00:00:00+01:00,-4.596
2012-11-06T06:00:00+01:00,-4.595
2012-11-06T12:00:00+01:00,-4.595
2012-11-06T18:00:00+01:00,-4.583
2012-11-07T00:00:00+01:00,-4.572
2012-11-07T06:00:00+01:00,-4.578
2012-11-07T12:00:00+01:00,-4.581
2012-11-07T18:00:00+01:00,-4.576
2012-11-08T00:00:00+01:00,-4.566
2012-11-08T06:00:00+01:00,-4.556
2012-11-08T12:00:00+01:00,-4.551
2012-11-08T18:00:00+01:00,-4.549
2012-11-09T00:00:00+01:00,-4.55
2012-11-09T06:00:00+01:00,-4.548
2012-11-09T12:00:00+01:00,-4.545
2012-11-09T18:00:00+01:00,-4.533
2012-11-10T00:00:00+01:00,-4.527
2012-11-10T06:00:00+01:00,-4.524
2012-11-10T12:00:00+01:00,-4.519
2012-11-10T18:00:00+01:00,-4.52
2012-11-11T00:00:00+01:00,-4.531
2012-11-11T06:00:00+01:00,-4.553
2012-11-11T12:00:00+01:00,-4.569
2012-11-11T18:00:00+01:00,-4.584
2012-11-12T00:00:00+01:00,-4.596
2012-11-12T06:00:00+01:00,-4.6
2012-11-12T12:00:00+01:00,-4.607
2012-11-12T18:00:00+01:00,-4.612
2012-11-13T00:00:00+01:00,-4.614
2012-11-13T06:00:00+01:00,-4.613
2012-11-13T12:00:00+01:00,-4.622
2012-11-13T18:00:00+01:00,-4.624
2012-11-14T00:00:00+01:00,-4.629
2012-11-14T06:00:00+01:00,-4.628
2012-11-14T12:00:00+01:00,-4.624
2012-11-14T18:00:00+01:00,-4.62
2012-11-15T00:00:00+01:00,-4.62
2012-11-15T06:00:00+01:00,-4.62
2012-11-15T12:00:00+01:00,-4.62
2012-11-15T18:00:00+01:00,-4.618
2012-11-16T00:00:00+01:00,-4.616
2012-11-16T06:00:00+01:00,-4.613
2012-11-16T12:00:00+01:00,-4.613
2012-11-16T18:00:00+01:00,-4.609
2012-11-17T00:00:00+01:00,-4.602
2012-11-17T06:00:00+01:00,-4.595
2012-11-17T12:00:00+01:00,-4.6
2012-11-17T18:00:00+01:00,-4.601
2012-11-18T00:00:00+01:00,-4.61
2012-11-18T06:00:00+01:00,-4.616
2012-11-18T12:00:00+01:00,-4.627
2012-11-18T18:00:00+01:00,-4.639
2012-11-19T00:00:00+01:00,-4.644
2012-11-19T06:00:00+01:00,-4.642
2012-11-19T12:00:00+01:00,-4.639
2012-11-19T18:00:00+01:00,-4.634
2012-11-20T00:00:00+01:00,-4.639
2012-11-20T06:00:00+01:00,-4.64
2012-11-20T12:00:00+01:00,-4.645
2012-11-20T18:00:00+01:00,-4.642
2012-11-21T00:00:00+01:00,-4.647
2012-11-21T06:00:00+01:00,-4.644
2012-11-21T12:00:00+01:00,-4.633
2012-11-21T18:00:00+01:00,-4.632
2012-11-22T00:00:00+01:00,-4.655
2012-11-22T06:00:00+01:00,-4.667
2012-11-22T12:00:00+01:00,-4.665
2012-11-22T18:00:00+01:00,-4.661
2012-11-23T00:00:00+01:00,-4.658
2012-11-23T06:00:00+01:00,-4.647
2012-11-23T12:00:00+01:00,-4.654
2012-11-23T18:00:00+01:00,-4.662
2012-11-24T00:00:00+01:00,-4.667
2012-11-24T06:00:00+01:00,-4.668
2012-11-24T12:00:00+01:00,-4.665
2012-11-24T18:00:00+01:00,-4.651
2012-11-25T00:00:00+01:00,-4.623
2012-11-25T06:00:00+01:00,-4.604
2012-11-25T12:00:00+01:00,-4.621
2012-11-25T18:00:00+01:00,-4.637
2012-11-26T00:00:00+01:00,-4.64
2012-11-26T06:00:00+01:00,-4.629
2012-11-26T12:00:00+01:00,-4.621
2012-11-26T18:00:00+01:00,-4.617
2012-11-27T00:00:00+01:00,-4.622
2012-11-27T06:00:00+01:00,-4.619
2012-11-27T12:00:00+01:00,-4.631
2012-11-27T18:00:00+01:00,-4.636
2012-11-28T00:00:00+01:00,-4.642
2012-11-28T06:00:00+01:00,-4.642
2012-11-28T12:00:00+01:00,-4.647
2012-11-28T18:00:00+01:00,-4.643
2012-11-29T00:00:00+01:00,-4.65
2012-11-29T06:00:00+01:00,-4.641
2012-11-29T12:00:00+01:00,-4.646
2012-11-29T18:00:00+01:00,-4.646
2012-11-30T00:00:00+01:00,-4.65
2012-11-30T06:00:00+01:00,-4.65
2012-11-30T12:00:00+01:00,-4.654
2012-11-30T18:00:00+01:00,-4.653
2012-12-01T00:00:00+01:00,-4.66
2012-12-01T06:00:00+01:00,-4.658
2012-12-01T12:00:00+01:00,-4.649
2012-12-01T18:00:00+01:00,-4.633
2012-12-02T00:00:00+01:00,-4.624
2012-12-02T06:00:00+01:00,-4.621
2012-12-02T12:00:00+01:00,-4.621
2012-12-02T18:00:00+01:00,-4.616
2012-12-03T00:00:00+01:00,-4.613
2012-12-03T06:00:00+01:00,-4.597
2012-12-03T12:00:00+01:00,-4.568
2012-12-03T18:00:00+01:00,-4.55
2012-12-04T00:00:00+01:00,-4.548
2012-12-04T06:00:00+01:00,-4.537
2012-12-04T12:00:00+01:00,-4.529
2012-12-04T18:00:00+01:00,-4.535
2012-12-05T00:00:00+01:00,-4.544
2012-12-05T06:00:00+01:00,-4.548
2012-12-05T12:00:00+01:00,-4.549
2012-12-05T18:00:00+01:00,-4.543
2012-12-06T00:00:00+01:00,-4.553
2012-12-06T06:00:00+01:00,-4.566
2012-12-06T12:00:00+01:00,-4.569
2012-12-06T18:00:00+01:00,-4.564
2012-12-07T00:00:00+01:00,-4.546
2012-12-07T06:00:00+01:00,-4.517
2012-12-07T12:00:00+01:00,-4.511
2012-12-07T18:00:00+01:00,-4.533
2012-12-08T00:00:00+01:00,-4.562
2012-12-08T06:00:00+01:00,-4.577
2012-12-08T12:00:00+01:00,-4.586
2012-12-08T18:00:00+01:00,-4.589
2012-12-09T00:00:00+01:00,-4.579
2012-12-09T06:00:00+01:00,-4.552
2012-12-09T12:00:00+01:00,-4.534
2012-12-09T18:00:00+01:00,-4.526
2012-12-10T00:00:00+01:00,-4.519
2012-12-10T06:00:00+01:00,-4.525
2012-12-10T12:00:00+01:00,-4.541
2012-12-10T18:00:00+01:00,-4.552
2012-12-11T00:00:00+01:00,-4.56
2012-12-11T06:00:00+01:00,-4.569
2012-12-11T12:00:00+01:00,-4.569
2012-12-11T18:00:00+01:00,-4.565
2012-12-12T00:00:00+01:00,-4.559
2012-12-12T06:00:00+01:00,-4.539
2012-12-12T12:00:00+01:00,-4.534
2012-12-12T18:00:00+01:00,-4.53
2012-12-13T00:00:00+01:00,-4.525
2012-12-13T06:00:00+01:00,-4.513
2012-12-13T12:00:00+01:00,-4.506
2012-12-13T18:00:00+01:00,-4.499
2012-12-14T00:00:00+01:00,-4.496
2012-12-14T06:00:00+01:00,-4.49
2012-12-14T12:00:00+01:00,-4.48
2012-12-14T18:00:00+01:00,-4.445
2012-12-15T00:00:00+01:00,-4.461
2012-12-15T06:00:00+01:00,-4.479
2012-12-15T12:00:00+01:00,-4.499
2012-12-15T18:00:00+01:00,-4.506
2012-12-16T00:00:00+01:00,-4.509
2012-12-16T06:00:00+01:00,-4.512
2012-12-16T12:00:00+01:00,-4.52
2012-12-16T18:00:00+01:00,-4.523
2012-12-17T00:00:00+01:00,-4.523
2012-12-17T06:00:00+01:00,-4.52
2012-12-17T12:00:00+01:00,-4.523
2012-12-17T18:00:00+01:00,-4.526
2012-12-18T00:00:00+01:00,-4.537
2012-12-18T06:00:00+01:00,-4.545
2012-12-18T12:00:00+01:00,-4.553
2012-12-18T18:00:00+01:00,-4.568
2012-12-19T00:00:00+01:00,-4.572
2012-12-19T06:00:00+01:00,-4.58
2012-12-19T12:00:00+01:00,-4.581
2012-12-19T18:00:00+01:00,-4.578
2012-12-20T00:00:00+01:00,-4.576
2012-12-20T06:00:00+01:00,-4.561
2012-12-20T12:00:00+01:00,-4.549
2012-12-20T18:00:00+01:00,-4.541
2012-12-21T00:00:00+01:00,-4.536
2012-12-21T06:00:00+01:00,-4.533
2012-12-21T12:00:00+01:00,-4.547
2012-12-21T18:00:00+01:00,-4.555
2012-12-22T00:00:00+01:00,-4.559
2012-12-22T06:00:00+01:00,-4.56
2012-12-22T12:00:00+01:00,-4.556
2012-12-22T18:00:00+01:00,-4.526
2012-12-23T00:00:00+01:00,-4.514
2012-12-23T06:00:00+01:00,-4.505
2012-12-23T12:00:00+01:00,-4.508
2012-12-23T18:00:00+01:00,-4.512
2012-12-24T00:00:00+01:00,-4.514
2012-12-24T06:00:00+01:00,-4.507
2012-12-24T12:00:00+01:00,-4.49
2012-12-24T18:00:00+01:00,-4.472
2012-12-25T00:00:00+01:00,-4.484
2012-12-25T06:00:00+01:00,-4.464
2012-12-25T12:00:00+01:00,-4.473
2012-12-25T18:00:00+01:00,-4.462
2012-12-26T00:00:00+01:00,-4.485
2012-12-26T06:00:00+01:00,-4.491
2012-12-26T12:00:00+01:00,-4.498
2012-12-26T18:00:00+01:00,-4.492
2012-12-27T00:00:00+01:00,-4.472
2012-12-27T06:00:00+01:00,-4.483
2012-12-27T12:00:00+01:00,-4.481
2012-12-27T18:00:00+01:00,-4.491
2012-12-28T00:00:00+01:00,-4.532
2012-12-28T06:00:00+01:00,-4.546
2012-12-28T12:00:00+01:00,-4.543
2012-12-28T18:00:00+01:00,-4.527
2012-12-29T00:00:00+01:00,-4.529
2012-12-29T06:00:00+01:00,-4.516
2012-12-29T12:00:00+01:00,-4.508
2012-12-29T18:00:00+01:00,-4.495
2012-12-30T00:00:00+01:00,-4.507
2012-12-30T06:00:00+01:00,-4.511
2012-12-30T12:00:00+01:00,-4.526
2012-12-30T18:00:00+01:00,-4.533
2012-12-31T00:00:00+01:00,-4.541
2012-12-31T06:00:00+01:00,-4.538
2012-12-31T12:00:00+01:00,-4.531
2012-12-31T18:00:00+01:00,-4.518
2013-01-01T00:00:00+01:00,-4.512
2013-01-01T06:00:00+01:00,-4.507
2013-01-01T12:00:00+01:00,-4.523
2013-01-01T18:00:00+01:00,-4.535
2013-01-02T00:00:00+01:00,-4.543
2013-01-02T06:00:00+01:00,-4.555
2013-01-02T12:00:00+01:00,-4.566
2013-01-02T18:00:00+01:00,-4.566
2013-01-03T00:00:00+01:00,-4.564
2013-01-03T06:00:00+01:00,-4.566
2013-01-03T12:00:00+01:00,-4.577
2013-01-03T18:00:00+01:00,-4.585
2013-01-04T00:00:00+01:00,-4.592
2013-01-04T06:00:00+01:00,-4.588
2013-01-04T12:00:00+01:00,-4.595
2013-01-04T18:00:00+01:00,-4.593
2013-01-05T00:00:00+01:00,-4.592
2013-01-05T06:00:00+01:00,-4.592
2013-01-05T12:00:00+01:00,-4.598
2013-01-05T18:00:00+01:00,-4.599
2013-01-06T00:00:00+01:00,-4.594
2013-01-06T06:00:00+01:00,-4.593
2013-01-06T12:00:00+01:00,-4.596
2013-01-06T18:00:00+01:00,-4.595
2013-01-07T00:00:00+01:00,-4.601
2013-01-07T06:00:00+01:00,-4.595
2013-01-07T12:00:00+01:00,-4.596
2013-01-07T18:00:00+01:00,-4.596
2013-01-08T00:00:00+01:00,-4.598
2013-01-08T06:00:00+01:00,-4.593
2013-01-08T12:00:00+01:00,-4.597
2013-01-08T18:00:00+01:00,-4.6
2013-01-09T00:00:00+01:00,-4.6
2013-01-09T06:00:00+01:00,-4.592
2013-01-09T12:00:00+01:00,-4.586
2013-01-09T18:00:00+01:00,-4.586
2013-01-10T00:00:00+01:00,-4.587
2013-01-10T06:00:00+01:00,-4.577
2013-01-10T12:00:00+01:00,-4.577
2013-01-10T18:00:00+01:00,-4.573
2013-01-11T00:00:00+01:00,-4.585
2013-01-11T06:00:00+01:00,-4.589
2013-01-11T12:00:00+01:00,-4.597
2013-01-11T18:00:00+01:00,-4.595
2013-01-12T00:00:00+01:00,-4.596
2013-01-12T06:00:00+01:00,-4.59
2013-01-12T12:00:00+01:00,-4.594
2013-01-12T18:00:00+01:00,-4.594
2013-01-13T00:00:00+01:00,-4.598
2013-01-13T06:00:00+01:00,-4.597
2013-01-13T12:00:00+01:00,-4.604
2013-01-13T18:00:00+01:00,-4.603
2013-01-14T00:00:00+01:00,-4.598
2013-01-14T06:00:00+01:00,-4.594
2013-01-14T12:00:00+01:00,-4.59
2013-01-14T18:00:00+01:00,-4.579
2013-01-15T00:00:00+01:00,-4.571
2013-01-15T06:00:00+01:00,-4.568
2013-01-15T12:00:00+01:00,-4.576
2013-01-15T18:00:00+01:00,-4.584
2013-01-16T00:00:00+01:00,-4.591
2013-01-16T06:00:00+01:00,-4.592
2013-01-16T12:00:00+01:00,-4.599
2013-01-16T18:00:00+01:00,-4.609
2013-01-17T00:00:00+01:00,-4.62
2013-01-17T06:00:00+01:00,-4.623
2013-01-17T12:00:00+01:00,-4.629
2013-01-17T18:00:00+01:00,-4.63
2013-01-18T00:00:00+01:00,-4.627
2013-01-18T06:00:00+01:00,-4.614
2013-01-18T12:00:00+01:00,-4.608
2013-01-18T18:00:00+01:00,-4.598
2013-01-19T00:00:00+01:00,-4.594
2013-01-19T06:00:00+01:00,-4.592
2013-01-19T12:00:00+01:00,-4.595
2013-01-19T18:00:00+01:00,-4.596
2013-01-20T00:00:00+01:00,-4.598
2013-01-20T06:00:00+01:00,-4.594
2013-01-20T12:00:00+01:00,-4.592
2013-01-20T18:00:00+01:00,-4.588
2013-01-21T00:00:00+01:00,-4.594
2013-01-21T06:00:00+01:00,-4.599
2013-01-21T12:00:00+01:00,-4.606
2013-01-21T18:00:00+01:00,-4.613
2013-01-22T00:00:00+01:00,-4.625
2013-01-22T06:00:00+01:00,-4.627
2013-01-22T12:00:00+01:00,-4.635
2013-01-22T18:00:00+01:00,-4.643
2013-01-23T00:00:00+01:00,-4.647
2013-01-23T06:00:00+01:00,-4.644
2013-01-23T12:00:00+01:00,-4.651
2013-01-23T18:00:00+01:00,-4.654
2013-01-24T00:00:00+01:00,-4.658
2013-01-24T06:00:00+01:00,-4.664
2013-01-24T12:00:00+01:00,-4.672
2013-01-24T18:00:00+01:00,-4.676
2013-01-25T00:00:00+01:00,-4.686
2013-01-25T06:00:00+01:00,-4.683
2013-01-25T12:00:00+01:00,-4.682
2013-01-25T18:00:00+01:00,-4.666
2013-01-26T00:00:00+01:00,-4.655
2013-01-26T06:00:00+01:00,-4.648
2013-01-26T12:00:00+01:00,-4.653
2013-01-26T18:00:00+01:00,-4.657
2013-01-27T00:00:00+01:00,-4.655
2013-01-27T06:00:00+01:00,-4.633
2013-01-27T12:00:00+01:00,-4.616
2013-01-27T18:00:00+01:00,-4.629
2013-01-28T00:00:00+01:00,-4.639
2013-01-28T06:00:00+01:00,-4.644
2013-01-28T12:00:00+01:00,-4.651
2013-01-28T18:00:00+01:00,-4.637
2013-01-29T00:00:00+01:00,-4.61
2013-01-29T06:00:00+01:00,-4.608
2013-01-29T12:00:00+01:00,-4.615
2013-01-29T18:00:00+01:00,-4.602
2013-01-30T00:00:00+01:00,-4.591
2013-01-30T06:00:00+01:00,-4.574
2013-01-30T12:00:00+01:00,-4.58
2013-01-30T18:00:00+01:00,-4.582
2013-01-31T00:00:00+01:00,-4.594
2013-01-31T06:00:00+01:00,-4.59
2013-01-31T12:00:00+01:00,-4.595
2013-01-31T18:00:00+01:00,-4.608
2013-02-01T00:00:00+01:00,-4.607
2013-02-01T06:00:00+01:00,-4.59
2013-02-01T12:00:00+01:00,-4.568
2013-02-01T18:00:00+01:00,-4.556
2013-02-02T00:00:00+01:00,-4.563
2013-02-02T06:00:00+01:00,-4.579
2013-02-02T12:00:00+01:00,-4.609
2013-02-02T18:00:00+01:00,-4.618
2013-02-03T00:00:00+01:00,-4.628
2013-02-03T06:00:00+01:00,-4.624
2013-02-03T12:00:00+01:00,-4.6
2013-02-03T18:00:00+01:00,-4.597
2013-02-04T00:00:00+01:00,-4.592
2013-02-04T06:00:00+01:00,-4.583
2013-02-04T12:00:00+01:00,-4.598
2013-02-04T18:00:00+01:00,-4.599
2013-02-05T00:00:00+01:00,-4.585
2013-02-05T06:00:00+01:00,-4.563
2013-02-05T12:00:00+01:00,-4.567
2013-02-05T18:00:00+01:00,-4.564
2013-02-06T00:00:00+01:00,-4.559
2013-02-06T06:00:00+01:00,-4.573
2013-02-06T12:00:00+01:00,-4.585
2013-02-06T18:00:00+01:00,-4.597
2013-02-07T00:00:00+01:00,-4.607
2013-02-07T06:00:00+01:00,-4.61
2013-02-07T12:00:00+01:00,-4.604
2013-02-07T18:00:00+01:00,-4.602
2013-02-08T00:00:00+01:00,-4.6
2013-02-08T06:00:00+01:00,-4.606
2013-02-08T12:00:00+01:00,-4.605
2013-02-08T18:00:00+01:00,-4.608
2013-02-09T00:00:00+01:00,-4.611
2013-02-09T06:00:00+01:00,-4.61
2013-02-09T12:00:00+01:00,-4.61
2013-02-09T18:00:00+01:00,-4.602
2013-02-10T00:00:00+01:00,-4.588
2013-02-10T06:00:00+01:00,-4.578
2013-02-10T12:00:00+01:00,-4.57
2013-02-10T18:00:00+01:00,-4.559
2013-02-11T00:00:00+01:00,-4.559
2013-02-11T06:00:00+01:00,-4.561
2013-02-11T12:00:00+01:00,-4.574
2013-02-11T18:00:00+01:00,-4.585
2013-02-12T00:00:00+01:00,-4.602
2013-02-12T06:00:00+01:00,-4.612
2013-02-12T12:00:00+01:00,-4.625
2013-02-12T18:00:00+01:00,-4.636
2013-02-13T00:00:00+01:00,-4.641
2013-02-13T06:00:00+01:00,-4.652
2013-02-13T12:00:00+01:00,-4.659
2013-02-13T18:00:00+01:00,-4.655
2013-02-14T00:00:00+01:00,-4.647
2013-02-14T06:00:00+01:00,-4.63
2013-02-14T12:00:00+01:00,-4.622
2013-02-14T18:00:00+01:00,-4.615
2013-02-15T00:00:00+01:00,-4.625
2013-02-15T06:00:00+01:00,-4.637
2013-02-15T12:00:00+01:00,-4.652
2013-02-15T18:00:00+01:00,-4.659
2013-02-16T00:00:00+01:00,-4.664
2013-02-16T06:00:00+01:00,-4.667
2013-02-16T12:00:00+01:00,-4.669
2013-02-16T18:00:00+01:00,-4.669
2013-02-17T00:00:00+01:00,-4.673
2013-02-17T06:00:00+01:00,-4.67
2013-02-17T12:00:00+01:00,-4.664
2013-02-17T18:00:00+01:00,-4.661
2013-02-18T00:00:00+01:00,-4.66
2013-02-18T06:00:00+01:00,-4.659
2013-02-18T12:00:00+01:00,-4.661
2013-02-18T18:00:00+01:00,-4.654
2013-02-19T00:00:00+01:00,-4.655
2013-02-19T06:00:00+01:00,-4.645
2013-02-19T12:00:00+01:00,-4.648
2013-02-19T18:00:00+01:00,-4.653
2013-02-20T00:00:00+01:00,-4.668
2013-02-20T06:00:00+01:00,-4.679
2013-02-20T12:00:00+01:00,-4.68
2013-02-20T18:00:00+01:00,-4.682
2013-02-21T00:00:00+01:00,-4.681
2013-02-21T06:00:00+01:00,-4.681
2013-02-21T12:00:00+01:00,-4.679
2013-02-21T18:00:00+01:00,-4.675
2013-02-22T00:00:00+01:00,-4.676
2013-02-22T06:00:00+01:00,-4.673
2013-02-22T12:00:00+01:00,-4.673
2013-02-22T18:00:00+01:00,-4.671
2013-02-23T00:00:00+01:00,-4.674
2013-02-23T06:00:00+01:00,-4.674
2013-02-23T12:00:00+01:00,-4.675
2013-02-23T18:00:00+01:00,-4.677
2013-02-24T00:00:00+01:00,-4.685
2013-02-24T06:00:00+01:00,-4.679
2013-02-24T12:00:00+01:00,-4.689
2013-02-24T18:00:00+01:00,-4.685
2013-02-25T00:00:00+01:00,-4.693
2013-02-25T06:00:00+01:00,-4.694
2013-02-25T12:00:00+01:00,-4.703
2013-02-25T18:00:00+01:00,-4.707
2013-02-26T00:00:00+01:00,-4.715
2013-02-26T06:00:00+01:00,-4.727
2013-02-26T12:00:00+01:00,-4.737
2013-02-26T18:00:00+01:00,-4.735
2013-02-27T00:00:00+01:00,-4.74
2013-02-27T06:00:00+01:00,-4.736
2013-02-27T12:00:00+01:00,-4.738
2013-02-27T18:00:00+01:00,-4.734
2013-02-28T00:00:00+01:00,-4.729
2013-02-28T06:00:00+01:00,-4.722
2013-02-28T12:00:00+01:00,-4.723
2013-02-28T18:00:00+01:00,-4.718
2013-03-01T00:00:00+01:00,-4.722
2013-03-01T06:00:00+01:00,-4.723
2013-03-01T12:00:00+01:00,-4.727
2013-03-01T18:00:00+01:00,-4.73
2013-03-02T00:00:00+01:00,-4.734
2013-03-02T06:00:00+01:00,-4.748
2013-03-02T12:00:00+01:00,-4.764
2013-03-02T18:00:00+01:00,-4.772
2013-03-03T00:00:00+01:00,-4.78
2013-03-03T06:00:00+01:00,-4.787
2013-03-03T12:00:00+01:00,-4.799
2013-03-03T18:00:00+01:00,-4.801
2013-03-04T00:00:00+01:00,-4.806
2013-03-04T06:00:00+01:00,-4.797
2013-03-04T12:00:00+01:00,-4.793
2013-03-04T18:00:00+01:00,-4.785
2013-03-05T00:00:00+01:00,-4.785
2013-03-05T06:00:00+01:00,-4.785
2013-03-05T12:00:00+01:00,-4.782
2013-03-05T18:00:00+01:00,-4.776
2013-03-06T00:00:00+01:00,-4.783
2013-03-06T06:00:00+01:00,-4.784
2013-03-06T12:00:00+01:00,-4.778
2013-03-06T18:00:00+01:00,-4.784
2013-03-07T00:00:00+01:00,-4.792
2013-03-07T06:00:00+01:00,-4.8
2013-03-07T12:00:00+01:00,-4.812
2013-03-07T18:00:00+01:00,-4.82
2013-03-08T00:00:00+01:00,-4.826
2013-03-08T06:00:00+01:00,-4.83
2013-03-08T12:00:00+01:00,-4.84
2013-03-08T18:00:00+01:00,-4.845
2013-03-09T00:00:00+01:00,-4.852
2013-03-09T06:00:00+01:00,-4.847
2013-03-09T12:00:00+01:00,-4.855
2013-03-09T18:00:00+01:00,-4.858
2013-03-10T00:00:00+01:00,-4.864
2013-03-10T06:00:00+01:00,-4.861
2013-03-10T12:00:00+01:00,-4.873
2013-03-10T18:00:00+01:00,-4.869
2013-03-11T00:00:00+01:00,-4.872
2013-03-11T06:00:00+01:00,-4.865
2013-03-11T12:00:00+01:00,-4.86
2013-03-11T18:00:00+01:00,-4.858
2013-03-12T00:00:00+01:00,-4.853
2013-03-12T06:00:00+01:00,-4.851
2013-03-12T12:00:00+01:00,-4.856
2013-03-12T18:00:00+01:00,-4.849
2013-03-13T00:00:00+01:00,-4.85
2013-03-13T06:00:00+01:00,-4.849
2013-03-13T12:00:00+01:00,-4.857
2013-03-13T18:00:00+01:00,-4.867
2013-03-14T00:00:00+01:00,-4.87
2013-03-14T06:00:00+01:00,-4.88
2013-03-14T12:00:00+01:00,-4.892
2013-03-14T18:00:00+01:00,-4.89
2013-03-15T00:00:00+01:00,-4.876
2013-03-15T06:00:00+01:00,-4.859
2013-03-15T12:00:00+01:00,-4.852
2013-03-15T18:00:00+01:00,-4.834
2013-03-16T00:00:00+01:00,-4.817
2013-03-16T06:00:00+01:00,-4.796
2013-03-16T12:00:00+01:00,-4.783
2013-03-16T18:00:00+01:00,-4.762
2013-03-17T00:00:00+01:00,-4.747
2013-03-17T06:00:00+01:00,-4.739
2013-03-17T12:00:00+01:00,-4.727
2013-03-17T18:00:00+01:00,-4.712
2013-03-18T00:00:00+01:00,-4.701
2013-03-18T06:00:00+01:00,-4.698
2013-03-18T12:00:00+01:00,-4.699
2013-03-18T18:00:00+01:00,-4.703
2013-03-19T00:00:00+01:00,-4.7
2013-03-19T06:00:00+01:00,-4.708
2013-03-19T12:00:00+01:00,-4.713
2013-03-19T18:00:00+01:00,-4.711
2013-03-20T00:00:00+01:00,-4.715
2013-03-20T06:00:00+01:00,-4.714
2013-03-20T12:00:00+01:00,-4.719
2013-03-20T18:00:00+01:00,-4.738
2013-03-21T00:00:00+01:00,-4.749
2013-03-21T06:00:00+01:00,-4.75
2013-03-21T12:00:00+01:00,-4.751
2013-03-21T18:00:00+01:00,-4.749
2013-03-22T00:00:00+01:00,-4.747
2013-03-22T06:00:00+01:00,-4.739
2013-03-22T12:00:00+01:00,-4.733
2013-03-22T18:00:00+01:00,-4.729
2013-03-23T00:00:00+01:00,-4.73
2013-03-23T06:00:00+01:00,-4.726
2013-03-23T12:00:00+01:00,-4.731
2013-03-23T18:00:00+01:00,-4.728
2013-03-24T00:00:00+01:00,-4.735
2013-03-24T06:00:00+01:00,-4.733
2013-03-24T12:00:00+01:00,-4.731
2013-03-24T18:00:00+01:00,-4.729
2013-03-25T00:00:00+01:00,-4.737
2013-03-25T06:00:00+01:00,-4.736
2013-03-25T12:00:00+01:00,-4.732
2013-03-25T18:00:00+01:00,-4.731
2013-03-26T00:00:00+01:00,-4.733
2013-03-26T06:00:00+01:00,-4.732
2013-03-26T12:00:00+01:00,-4.73
2013-03-26T18:00:00+01:00,-4.725
2013-03-27T00:00:00+01:00,-4.733
2013-03-27T06:00:00+01:00,-4.731
2013-03-27T12:00:00+01:00,-4.727
2013-03-27T18:00:00+01:00,-4.723
2013-03-28T00:00:00+01:00,-4.732
2013-03-28T06:00:00+01:00,-4.732
2013-03-28T12:00:00+01:00,-4.724
2013-03-28T18:00:00+01:00,-4.729
2013-03-29T00:00:00+01:00,-4.726
2013-03-29T06:00:00+01:00,-4.73
2013-03-29T12:00:00+01:00,-4.725
2013-03-29T18:00:00+01:00,-4.733
2013-03-30T00:00:00+01:00,-4.746
2013-03-30T06:00:00+01:00,-4.752
2013-03-30T12:00:00+01:00,-4.762
2013-03-30T18:00:00+01:00,-4.776
2013-03-31T00:00:00+01:00,-4.789
2013-03-31T07:00:00+02:00,-4.793
2013-03-31T13:00:00+02:00,-4.796
2013-03-31T19:00:00+02:00,-4.801
2013-04-01T01:00:00+02:00,-4.805
2013-04-01T07:00:00+02:00,-4.803
2013-04-01T13:00:00+02:00,-4.805
2013-04-01T19:00:00+02:00,-4.807
2013-04-02T01:00:00+02:00,-4.812
2013-04-02T07:00:00+02:00,-4.818
2013-04-02T13:00:00+02:00,-4.816
2013-04-02T19:00:00+02:00,-4.817
2013-04-03T01:00:00+02:00,-4.841
2013-04-03T07:00:00+02:00,-4.849
2013-04-03T13:00:00+02:00,-4.847
2013-04-03T19:00:00+02:00,-4.852
2013-04-04T01:00:00+02:00,-4.874
2013-04-04T07:00:00+02:00,-4.889
2013-04-04T13:00:00+02:00,-4.904
2013-04-04T19:00:00+02:00,-4.917
2013-04-05T01:00:00+02:00,-4.933
2013-04-05T07:00:00+02:00,-4.942
2013-04-05T13:00:00+02:00,-4.955
2013-04-05T19:00:00+02:00,-4.962
2013-04-06T01:00:00+02:00,-4.969
2013-04-06T07:00:00+02:00,-4.979
2013-04-06T13:00:00+02:00,-4.987
2013-04-06T19:00:00+02:00,-4.984
2013-04-07T01:00:00+02:00,-4.995
2013-04-07T07:00:00+02:00,-4.99
2013-04-07T13:00:00+02:00,-4.979
2013-04-07T19:00:00+02:00,-4.967
2013-04-08T01:00:00+02:00,-4.956
2013-04-08T07:00:00+02:00,-4.947
2013-04-08T13:00:00+02:00,-4.936
2013-04-08T19:00:00+02:00,-4.931
2013-04-09T01:00:00+02:00,-4.932
2013-04-09T07:00:00+02:00,-4.927
2013-04-09T13:00:00+02:00,-4.925
2013-04-09T19:00:00+02:00,-4.926
2013-04-10T01:00:00+02:00,-4.935
2013-04-10T07:00:00+02:00,-4.942
2013-04-10T13:00:00+02:00,-4.957
2013-04-10T19:00:00+02:00,-4.963
2013-04-11T01:00:00+02:00,-4.948
2013-04-11T07:00:00+02:00,-4.919
2013-04-11T13:00:00+02:00,-4.93
2013-04-11T19:00:00+02:00,-4.938
2013-04-12T01:00:00+02:00,-4.943
2013-04-12T07:00:00+02:00,-4.941
2013-04-12T13:00:00+02:00,-4.942
2013-04-12T19:00:00+02:00,-4.942
2013-04-13T01:00:00+02:00,-4.964
2013-04-13T07:00:00+02:00,-4.984
2013-04-13T13:00:00+02:00,-4.991
2013-04-13T19:00:00+02:00,-4.986
2013-04-14T01:00:00+02:00,-4.988
2013-04-14T07:00:00+02:00,-4.988
2013-04-14T13:00:00+02:00,-4.986
2013-04-14T19:00:00+02:00,-4.975
2013-04-15T01:00:00+02:00,-4.972
2013-04-15T07:00:00+02:00,-4.986
2013-04-15T13:00:00+02:00,-4.988
2013-04-15T19:00:00+02:00,-4.987
2013-04-16T01:00:00+02:00,-4.981
2013-04-16T07:00:00+02:00,-4.967
2013-04-16T13:00:00+02:00,-4.97
2013-04-16T19:00:00+02:00,-4.977
2013-04-17T01:00:00+02:00,-4.987
2013-04-17T07:00:00+02:00,-4.984
2013-04-17T13:00:00+02:00,-4.973
2013-04-17T19:00:00+02:00,-4.957
2013-04-18T01:00:00+02:00,-4.945
2013-04-18T07:00:00+02:00,-4.963
2013-04-18T13:00:00+02:00,-4.971
2013-04-18T19:00:00+02:00,-4.977
2013-04-19T01:00:00+02:00,-4.989
2013-04-19T07:00:00+02:00,-4.995
2013-04-19T13:00:00+02:00,-5.008
2013-04-19T19:00:00+02:00,-5.023
2013-04-20T01:00:00+02:00,-5.037
2013-04-20T07:00:00+02:00,-5.039
2013-04-20T13:00:00+02:00,-5.031
2013-04-20T19:00:00+02:00,-5.018
2013-04-21T01:00:00+02:00,-5.017
2013-04-21T07:00:00+02:00,-5.003
2013-04-21T13:00:00+02:00,-4.992
2013-04-21T19:00:00+02:00,-4.994
2013-04-22T01:00:00+02:00,-4.999
2013-04-22T07:00:00+02:00,-4.992
2013-04-22T13:00:00+02:00,-4.995
2013-04-22T19:00:00+02:00,-4.99
2013-04-23T01:00:00+02:00,-4.992
2013-04-23T07:00:00+02:00,-4.998
2013-04-23T13:00:00+02:00,-5.015
2013-04-23T19:00:00+02:00,-5.018
2013-04-24T01:00:00+02:00,-5.026
2013-04-24T07:00:00+02:00,-5.022
2013-04-24T13:00:00+02:00,-5.023
2013-04-24T19:00:00+02:00,-5.022
2013-04-25T01:00:00+02:00,-5.026
2013-04-25T07:00:00+02:00,-5.024
2013-04-25T13:00:00+02:00,-5.012
2013-04-25T19:00:00+02:00,-5.001
2013-04-26T01:00:00+02:00,-5.005
2013-04-26T07:00:00+02:00,-4.995
2013-04-26T13:00:00+02:00,-4.993
2013-04-26T19:00:00+02:00,-4.987
2013-04-27T01:00:00+02:00,-4.99
2013-04-27T07:00:00+02:00,-4.996
2013-04-27T13:00:00+02:00,-5.003
2013-04-27T19:00:00+02:00,-5.008
2013-04-28T01:00:00+02:00,-5.012
2013-04-28T07:00:00+02:00,-5.015
2013-04-28T13:00:00+02:00,-5.01
2013-04-28T19:00:00+02:00,-5.005
2013-04-29T01:00:00+02:00,-4.997
2013-04-29T07:00:00+02:00,-4.996
2013-04-29T13:00:00+02:00,-5.013
2013-04-29T19:00:00+02:00,-5.021
2013-04-30T01:00:00+02:00,-5.027
2013-04-30T07:00:00+02:00,-5.038
2013-04-30T13:00:00+02:00,-5.038
2013-04-30T19:00:00+02:00,-5.039
2013-05-01T01:00:00+02:00,-5.043
2013-05-01T07:00:00+02:00,-5.037
2013-05-01T13:00:00+02:00,-5.028
2013-05-01T19:00:00+02:00,-5.022
2013-05-02T01:00:00+02:00,-5.028
2013-05-02T07:00:00+02:00,-5.029
2013-05-02T13:00:00+02:00,-5.032
2013-05-02T19:00:00+02:00,-5.029
2013-05-03T01:00:00+02:00,-5.028
2013-05-03T07:00:00+02:00,-5.019
2013-05-03T13:00:00+02:00,-5.007
2013-05-03T19:00:00+02:00,-5.008
2013-05-04T01:00:00+02:00,-5.016
2013-05-04T07:00:00+02:00,-5.019
2013-05-04T13:00:00+02:00,-5.026
2013-05-04T19:00:00+02:00,-5.04
2013-05-05T01:00:00+02:00,-5.048
2013-05-05T07:00:00+02:00,-5.054
2013-05-05T13:00:00+02:00,-5.054
2013-05-05T19:00:00+02:00,-5.054
2013-05-06T01:00:00+02:00,-5.051
2013-05-06T07:00:00+02:00,-5.047
2013-05-06T13:00:00+02:00,-5.038
2013-05-06T19:00:00+02:00,-5.042
2013-05-07T01:00:00+02:00,-5.053
2013-05-07T07:00:00+02:00,-5.058
2013-05-07T13:00:00+02:00,-5.053
2013-05-07T19:00:00+02:00,-5.056
2013-05-08T01:00:00+02:00,-5.05
2013-05-08T07:00:00+02:00,-5.041
2013-05-08T13:00:00+02:00,-5.041
2013-05-08T19:00:00+02:00,-5.05
2013-05-09T01:00:00+02:00,-5.061
2013-05-09T07:00:00+02:00,-5.069
2013-05-09T13:00:00+02:00,-5.07
2013-05-09T19:00:00+02:00,-5.063
2013-05-10T01:00:00+02:00,-5.056
2013-05-10T07:00:00+02:00,-5.063
2013-05-10T13:00:00+02:00,-5.075
2013-05-10T19:00:00+02:00,-5.081
2013-05-11T01:00:00+02:00,-5.083
2013-05-11T07:00:00+02:00,-5.074
2013-05-11T13:00:00+02:00,-5.071
2013-05-11T19:00:00+02:00,-5.066
2013-05-12T01:00:00+02:00,-5.067
2013-05-12T07:00:00+02:00,-5.076
2013-05-12T13:00:00+02:00,-5.082
2013-05-12T19:00:00+02:00,-5.083
2013-05-13T01:00:00+02:00,-5.071
2013-05-13T07:00:00+02:00,-5.065
2013-05-13T13:00:00+02:00,-5.068
2013-05-13T19:00:00+02:00,-5.062
2013-05-14T01:00:00+02:00,-5.06
2013-05-14T07:00:00+02:00,-5.059
2013-05-14T13:00:00+02:00,-5.055
2013-05-14T19:00:00+02:00,-5.05
2013-05-15T01:00:00+02:00,-5.028
2013-05-15T07:00:00+02:00,-5.027
2013-05-15T13:00:00+02:00,-5.036
2013-05-15T19:00:00+02:00,-5.051
2013-05-16T01:00:00+02:00,-5.055
2013-05-16T07:00:00+02:00,-5.053
2013-05-16T13:00:00+02:00,-5.044
2013-05-16T19:00:00+02:00,-5.04
2013-05-17T01:00:00+02:00,-5.044
2013-05-17T07:00:00+02:00,-5.053
2013-05-17T13:00:00+02:00,-5.055
2013-05-17T19:00:00+02:00,-5.051
2013-05-18T01:00:00+02:00,-5.055
2013-05-18T07:00:00+02:00,-5.059
2013-05-18T13:00:00+02:00,-5.068
2013-05-18T19:00:00+02:00,-5.063
2013-05-19T01:00:00+02:00,-5.061
2013-05-19T07:00:00+02:00,-5.063
2013-05-19T13:00:00+02:00,-5.06
2013-05-19T19:00:00+02:00,-5.056
2013-05-20T01:00:00+02:00,-5.052
2013-05-20T07:00:00+02:00,-5.049
2013-05-20T13:00:00+02:00,-5.049
2013-05-20T19:00:00+02:00,-5.047
2013-05-21T01:00:00+02:00,-5.043
2013-05-21T07:00:00+02:00,-5.033
2013-05-21T13:00:00+02:00,-5.028
2013-05-21T19:00:00+02:00,-5.022
2013-05-22T01:00:00+02:00,-5.012
2013-05-22T07:00:00+02:00,-5.006
2013-05-22T13:00:00+02:00,-5.007
2013-05-22T19:00:00+02:00,-4.998
2013-05-23T01:00:00+02:00,-4.981
2013-05-23T07:00:00+02:00,-4.969
2013-05-23T13:00:00+02:00,-4.971
2013-05-23T19:00:00+02:00,-4.972
2013-05-24T01:00:00+02:00,-4.975
2013-05-24T07:00:00+02:00,-4.973
2013-05-24T13:00:00+02:00,-4.981
2013-05-24T19:00:00+02:00,-4.988
2013-05-25T01:00:00+02:00,-4.997
2013-05-25T07:00:00+02:00,-4.998
2013-05-25T13:00:00+02:00,-5.002
2013-05-25T19:00:00+02:00,-4.999
2013-05-26T01:00:00+02:00,-4.992
2013-05-26T07:00:00+02:00,-4.99
2013-05-26T13:00:00+02:00,-4.992
2013-05-26T19:00:00+02:00,-4.989
2013-05-27T01:00:00+02:00,-4.985
2013-05-27T07:00:00+02:00,-4.98
2013-05-27T13:00:00+02:00,-4.985
2013-05-27T19:00:00+02:00,-4.985
2013-05-28T01:00:00+02:00,-4.984
2013-05-28T07:00:00+02:00,-4.973
2013-05-28T13:00:00+02:00,-4.969
2013-05-28T19:00:00+02:00,-4.97
2013-05-29T01:00:00+02:00,-4.979
2013-05-29T07:00:00+02:00,-4.977
2013-05-29T13:00:00+02:00,-4.973
2013-05-29T19:00:00+02:00,-4.982
2013-05-30T01:00:00+02:00,-4.988
2013-05-30T07:00:00+02:00,-4.993
2013-05-30T13:00:00+02:00,-5.007
2013-05-30T19:00:00+02:00,-5.013
2013-05-31T01:00:00+02:00,-5.017
2013-05-31T07:00:00+02:00,-5.015
2013-05-31T13:00:00+02:00,-5.017
2013-05-31T19:00:00+02:00,-5.025
2013-06-01T01:00:00+02:00,-5.028
2013-06-01T07:00:00+02:00,-5.035
2013-06-01T13:00:00+02:00,-5.04
2013-06-01T19:00:00+02:00,-5.05
2013-06-02T01:00:00+02:00,-5.055
2013-06-02T07:00:00+02:00,-5.059
2013-06-02T13:00:00+02:00,-5.062
2013-06-02T19:00:00+02:00,-5.065
2013-06-03T01:00:00+02:00,-5.074
2013-06-03T07:00:00+02:00,-5.072
2013-06-03T13:00:00+02:00,-5.071
2013-06-03T19:00:00+02:00,-5.064
2013-06-04T01:00:00+02:00,-5.064
2013-06-04T07:00:00+02:00,-5.055
2013-06-04T13:00:00+02:00,-5.05
2013-06-04T19:00:00+02:00,-5.047
2013-06-05T01:00:00+02:00,-5.053
2013-06-05T07:00:00+02:00,-5.048
2013-06-05T13:00:00+02:00,-5.045
2013-06-05T19:00:00+02:00,-5.05
2013-06-06T01:00:00+02:00,-5.06
2013-06-06T07:00:00+02:00,-5.057
2013-06-06T13:00:00+02:00,-5.057
2013-06-06T19:00:00+02:00,-5.061
2013-06-07T01:00:00+02:00,-5.072
2013-06-07T07:00:00+02:00,-5.071
2013-06-07T13:00:00+02:00,-5.07
2013-06-07T19:00:00+02:00,-5.067
2013-06-08T01:00:00+02:00,-5.074
2013-06-08T07:00:00+02:00,-5.069
2013-06-08T13:00:00+02:00,-5.064
2013-06-08T19:00:00+02:00,-5.057
2013-06-09T01:00:00+02:00,-5.059
2013-06-09T07:00:00+02:00,-5.055
2013-06-09T13:00:00+02:00,-5.054
2013-06-09T19:00:00+02:00,-5.054
2013-06-10T01:00:00+02:00,-5.056
2013-06-10T07:00:00+02:00,-5.059
2013-06-10T13:00:00+02:00,-5.064
2013-06-10T19:00:00+02:00,-5.066
2013-06-11T01:00:00+02:00,-5.074
2013-06-11T07:00:00+02:00,-5.073
2013-06-11T13:00:00+02:00,-5.068
2013-06-11T19:00:00+02:00,-5.073
2013-06-12T01:00:00+02:00,-5.075
2013-06-12T07:00:00+02:00,-5.076
2013-06-12T13:00:00+02:00,-5.081
2013-06-12T19:00:00+02:00,-5.078
2013-06-13T01:00:00+02:00,-5.072
2013-06-13T07:00:00+02:00,-5.075
2013-06-13T13:00:00+02:00,-5.067
2013-06-13T19:00:00+02:00,-5.072
2013-06-14T01:00:00+02:00,-5.084
2013-06-14T07:00:00+02:00,-5.092
2013-06-14T13:00:00+02:00,-5.085
2013-06-14T19:00:00+02:00,-5.078
2013-06-15T01:00:00+02:00,-5.077
2013-06-15T07:00:00+02:00,-5.058
2013-06-15T13:00:00+02:00,-5.07
2013-06-15T19:00:00+02:00,-5.071
2013-06-16T01:00:00+02:00,-5.08
2013-06-16T07:00:00+02:00,-5.081
2013-06-16T13:00:00+02:00,-5.089
2013-06-16T19:00:00+02:00,-5.09
2013-06-17T01:00:00+02:00,-5.095
2013-06-17T07:00:00+02:00,-5.093
2013-06-17T13:00:00+02:00,-5.088
2013-06-17T19:00:00+02:00,-5.086
2013-06-18T01:00:00+02:00,-5.092
2013-06-18T07:00:00+02:00,-5.098
2013-06-18T13:00:00+02:00,-5.096
2013-06-18T19:00:00+02:00,-5.095
2013-06-19T01:00:00+02:00,-5.098
2013-06-19T07:00:00+02:00,-5.094
2013-06-19T13:00:00+02:00,-5.102
2013-06-19T19:00:00+02:00,-5.069
2013-06-20T01:00:00+02:00,-5.097
2013-06-20T07:00:00+02:00,-5.091
2013-06-20T13:00:00+02:00,-5.089
2013-06-20T19:00:00+02:00,-5.076
2013-06-21T01:00:00+02:00,-5.068
2013-06-21T07:00:00+02:00,-5.071
2013-06-21T13:00:00+02:00,-5.083
2013-06-21T19:00:00+02:00,-5.085
2013-06-22T01:00:00+02:00,-5.08
2013-06-22T07:00:00+02:00,-5.072
2013-06-22T13:00:00+02:00,-5.067
2013-06-22T19:00:00+02:00,-5.054
2013-06-23T01:00:00+02:00,-5.06
2013-06-23T07:00:00+02:00,-5.053
2013-06-23T13:00:00+02:00,-5.062
2013-06-23T19:00:00+02:00,-5.067
2013-06-24T01:00:00+02:00,-5.075
2013-06-24T07:00:00+02:00,-5.082
2013-06-24T13:00:00+02:00,-5.092
2013-06-24T19:00:00+02:00,-5.101
2013-06-25T01:00:00+02:00,-5.108
2013-06-25T07:00:00+02:00,-5.114
2013-06-25T13:00:00+02:00,-5.116
2013-06-25T19:00:00+02:00,-5.12
2013-06-26T01:00:00+02:00,-5.124
2013-06-26T07:00:00+02:00,-5.119
2013-06-26T13:00:00+02:00,-5.12
2013-06-26T19:00:00+02:00,-5.111
2013-06-27T01:00:00+02:00,-5.104
2013-06-27T07:00:00+02:00,-5.103
2013-06-27T13:00:00+02:00,-5.102
2013-06-27T19:00:00+02:00,-5.098
2013-06-28T01:00:00+02:00,-5.087
2013-06-28T07:00:00+02:00,-5.076
2013-06-28T13:00:00+02:00,-5.085
2013-06-28T19:00:00+02:00,-5.079
2013-06-29T01:00:00+02:00,-5.067
2013-06-29T07:00:00+02:00,-5.076
2013-06-29T13:00:00+02:00,-5.097
2013-06-29T19:00:00+02:00,-5.101
2013-06-30T01:00:00+02:00,-5.099
2013-06-30T07:00:00+02:00,-5.09
2013-06-30T13:00:00+02:00,-5.087
2013-06-30T19:00:00+02:00,-5.077
2013-07-01T01:00:00+02:00,-5.076
2013-07-01T07:00:00+02:00,-5.078
2013-07-01T13:00:00+02:00,-5.079
2013-07-01T19:00:00+02:00,-5.076
2013-07-02T01:00:00+02:00,-5.077
2013-07-02T07:00:00+02:00,-5.081
2013-07-02T13:00:00+02:00,-5.068
2013-07-02T19:00:00+02:00,-5.058
2013-07-03T01:00:00+02:00,-5.053
2013-07-03T07:00:00+02:00,-5.051
2013-07-03T13:00:00+02:00,-5.066
2013-07-03T19:00:00+02:00,-5.079
2013-07-04T01:00:00+02:00,-5.091
2013-07-04T07:00:00+02:00,-5.091
2013-07-04T13:00:00+02:00,-5.096
2013-07-04T19:00:00+02:00,-5.103
2013-07-05T01:00:00+02:00,-5.109
2013-07-05T07:00:00+02:00,-5.117
2013-07-05T13:00:00+02:00,-5.119
2013-07-05T19:00:00+02:00,-5.117
2013-07-06T01:00:00+02:00,-5.126
2013-07-06T07:00:00+02:00,-5.118
2013-07-06T13:00:00+02:00,-5.115
2013-07-06T19:00:00+02:00,-5.113
2013-07-07T01:00:00+02:00,-5.122
2013-07-07T07:00:00+02:00,-5.121
2013-07-07T13:00:00+02:00,-5.122
2013-07-07T19:00:00+02:00,-5.119
2013-07-08T01:00:00+02:00,-5.127
2013-07-08T07:00:00+02:00,-5.124
2013-07-08T13:00:00+02:00,-5.124
2013-07-08T19:00:00+02:00,-5.115
2013-07-09T01:00:00+02:00,-5.121
2013-07-09T07:00:00+02:00,-5.117
2013-07-09T13:00:00+02:00,-5.113
2013-07-09T19:00:00+02:00,-5.102
2013-07-10T01:00:00+02:00,-5.109
2013-07-10T07:00:00+02:00,-5.112
2013-07-10T13:00:00+02:00,-5.11
2013-07-10T19:00:00+02:00,-5.108
2013-07-11T01:00:00+02:00,-5.102
2013-07-11T07:00:00+02:00,-5.098
2013-07-11T13:00:00+02:00,-5.098
2013-07-11T19:00:00+02:00,-5.097
2013-07-12T01:00:00+02:00,-5.101
2013-07-12T07:00:00+02:00,-5.099
2013-07-12T13:00:00+02:00,-5.103
2013-07-12T19:00:00+02:00,-5.101
2013-07-13T01:00:00+02:00,-5.099
2013-07-13T07:00:00+02:00,-5.091
2013-07-13T13:00:00+02:00,-5.085
2013-07-13T19:00:00+02:00,-5.079
2013-07-14T01:00:00+02:00,-5.083
2013-07-14T07:00:00+02:00,-5.083
2013-07-14T13:00:00+02:00,-5.079
2013-07-14T19:00:00+02:00,-5.07
2013-07-15T01:00:00+02:00,-5.075
2013-07-15T07:00:00+02:00,-5.077
2013-07-15T13:00:00+02:00,-5.076
2013-07-15T19:00:00+02:00,-5.076
2013-07-16T01:00:00+02:00,-5.083
2013-07-16T07:00:00+02:00,-5.083
2013-07-16T13:00:00+02:00,-5.078
2013-07-16T19:00:00+02:00,-5.078
2013-07-17T01:00:00+02:00,-5.085
2013-07-17T07:00:00+02:00,-5.09
2013-07-17T13:00:00+02:00,-5.085
2013-07-17T19:00:00+02:00,-5.081
2013-07-18T01:00:00+02:00,-5.088
2013-07-18T07:00:00+02:00,-5.096
2013-07-18T13:00:00+02:00,-5.091
2013-07-18T19:00:00+02:00,-5.091
2013-07-19T01:00:00+02:00,-5.097
2013-07-19T07:00:00+02:00,-5.095
2013-07-19T13:00:00+02:00,-5.097
2013-07-19T19:00:00+02:00,-5.089
2013-07-20T01:00:00+02:00,-5.094
2013-07-20T07:00:00+02:00,-5.093
2013-07-20T13:00:00+02:00,-5.089
2013-07-20T19:00:00+02:00,-5.084
2013-07-21T01:00:00+02:00,-5.092
2013-07-21T07:00:00+02:00,-5.086
2013-07-21T13:00:00+02:00,-5.086
2013-07-21T19:00:00+02:00,-5.079
2013-07-22T01:00:00+02:00,-5.086
2013-07-22T07:00:00+02:00,-5.085
2013-07-22T13:00:00+02:00,-5.082
2013-07-22T19:00:00+02:00,-5.079
2013-07-23T01:00:00+02:00,-5.086
2013-07-23T07:00:00+02:00,-5.08
2013-07-23T13:00:00+02:00,-5.083
2013-07-23T19:00:00+02:00,-5.085
2013-07-24T01:00:00+02:00,-5.086
2013-07-24T07:00:00+02:00,-5.093
2013-07-24T13:00:00+02:00,-5.093
2013-07-24T19:00:00+02:00,-5.098
2013-07-25T01:00:00+02:00,-5.104
2013-07-25T07:00:00+02:00,-5.099
2013-07-25T13:00:00+02:00,-5.098
2013-07-25T19:00:00+02:00,-5.101
2013-07-26T01:00:00+02:00,-5.11
2013-07-26T07:00:00+02:00,-5.104
2013-07-26T13:00:00+02:00,-5.104
2013-07-26T19:00:00+02:00,-5.096
2013-07-27T01:00:00+02:00,-5.098
2013-07-27T07:00:00+02:00,-5.09
2013-07-27T13:00:00+02:00,-5.088
2013-07-27T19:00:00+02:00,-5.081
2013-07-28T01:00:00+02:00,-5.087
2013-07-28T07:00:00+02:00,-5.099
2013-07-28T13:00:00+02:00,-5.115
2013-07-28T19:00:00+02:00,-5.122
2013-07-29T01:00:00+02:00,-5.13
2013-07-29T07:00:00+02:00,-5.129
2013-07-29T13:00:00+02:00,-5.142
2013-07-29T19:00:00+02:00,-5.162
2013-07-30T01:00:00+02:00,-5.164
2013-07-30T07:00:00+02:00,-5.167
2013-07-30T13:00:00+02:00,-5.172
2013-07-30T19:00:00+02:00,-5.152
2013-07-31T01:00:00+02:00,-5.155
2013-07-31T07:00:00+02:00,-5.164
2013-07-31T13:00:00+02:00,-5.176
2013-07-31T19:00:00+02:00,-5.168
2013-08-01T01:00:00+02:00,-5.164
2013-08-01T07:00:00+02:00,-5.165
2013-08-01T13:00:00+02:00,-5.159
2013-08-01T19:00:00+02:00,-5.15
2013-08-02T01:00:00+02:00,-5.156
2013-08-02T07:00:00+02:00,-5.156
2013-08-02T13:00:00+02:00,-5.151
2013-08-02T19:00:00+02:00,-5.147
2013-08-03T01:00:00+02:00,-5.169
2013-08-03T07:00:00+02:00,-5.176
2013-08-03T13:00:00+02:00,-5.193
2013-08-03T19:00:00+02:00,-5.195
2013-08-04T01:00:00+02:00,-5.194
2013-08-04T07:00:00+02:00,-5.194
2013-08-04T13:00:00+02:00,-5.19
2013-08-04T19:00:00+02:00,-5.188
2013-08-05T01:00:00+02:00,-5.189
2013-08-05T07:00:00+02:00,-5.178
2013-08-05T13:00:00+02:00,-5.171
2013-08-05T19:00:00+02:00,-5.167
2013-08-06T01:00:00+02:00,-5.171
2013-08-06T07:00:00+02:00,-5.184
2013-08-06T13:00:00+02:00,-5.193
2013-08-06T19:00:00+02:00,-5.187
2013-08-07T01:00:00+02:00,-5.187
2013-08-07T07:00:00+02:00,-5.182
2013-08-07T13:00:00+02:00,-5.176
2013-08-07T19:00:00+02:00,-5.171
2013-08-08T01:00:00+02:00,-5.185
2013-08-08T07:00:00+02:00,-5.188
2013-08-08T13:00:00+02:00,-5.192
2013-08-08T19:00:00+02:00,-5.197
2013-08-09T01:00:00+02:00,-5.2
2013-08-09T07:00:00+02:00,-5.196
2013-08-09T13:00:00+02:00,-5.188
2013-08-09T19:00:00+02:00,-5.181
2013-08-10T01:00:00+02:00,-5.179
2013-08-10T07:00:00+02:00,-5.184
2013-08-10T13:00:00+02:00,-5.184
2013-08-10T19:00:00+02:00,-5.183
2013-08-11T01:00:00+02:00,-5.181
2013-08-11T07:00:00+02:00,-5.176
2013-08-11T13:00:00+02:00,-5.171
2013-08-11T19:00:00+02:00,-5.166
2013-08-12T01:00:00+02:00,-5.173
2013-08-12T07:00:00+02:00,-5.17
2013-08-12T13:00:00+02:00,-5.166
2013-08-12T19:00:00+02:00,-5.164
2013-08-13T01:00:00+02:00,-5.165
2013-08-13T07:00:00+02:00,-5.173
2013-08-13T13:00:00+02:00,-5.18
2013-08-13T19:00:00+02:00,-5.181
2013-08-14T01:00:00+02:00,-5.184
2013-08-14T07:00:00+02:00,-5.186
2013-08-14T13:00:00+02:00,-5.183
2013-08-14T19:00:00+02:00,-5.189
2013-08-15T01:00:00+02:00,-5.189
2013-08-15T07:00:00+02:00,-5.178
2013-08-15T13:00:00+02:00,-5.174
2013-08-15T19:00:00+02:00,-5.168
2013-08-16T01:00:00+02:00,-5.172
2013-08-16T07:00:00+02:00,-5.164
2013-08-16T13:00:00+02:00,-5.16
2013-08-16T19:00:00+02:00,-5.161
2013-08-17T01:00:00+02:00,-5.165
2013-08-17T07:00:00+02:00,-5.162
2013-08-17T13:00:00+02:00,-5.159
2013-08-17T19:00:00+02:00,-5.154
2013-08-18T01:00:00+02:00,-5.15
2013-08-18T07:00:00+02:00,-5.141
2013-08-18T13:00:00+02:00,-5.151
2013-08-18T19:00:00+02:00,-5.157
2013-08-19T01:00:00+02:00,-5.159
2013-08-19T07:00:00+02:00,-5.159
2013-08-19T13:00:00+02:00,-5.167
2013-08-19T19:00:00+02:00,-5.167
2013-08-20T01:00:00+02:00,-5.173
2013-08-20T07:00:00+02:00,-5.177
2013-08-20T13:00:00+02:00,-5.178
2013-08-20T19:00:00+02:00,-5.172
2013-08-21T01:00:00+02:00,-5.175
2013-08-21T07:00:00+02:00,-5.171
2013-08-21T13:00:00+02:00,-5.164
2013-08-21T19:00:00+02:00,-5.16
2013-08-22T01:00:00+02:00,-5.158
2013-08-22T07:00:00+02:00,-5.156
2013-08-22T13:00:00+02:00,-5.158
2013-08-22T19:00:00+02:00,-5.155
2013-08-23T01:00:00+02:00,-5.156
2013-08-23T07:00:00+02:00,-5.155
2013-08-23T13:00:00+02:00,-5.148
2013-08-23T19:00:00+02:00,-5.144
2013-08-24T01:00:00+02:00,-5.143
2013-08-24T07:00:00+02:00,-5.139
2013-08-24T13:00:00+02:00,-5.138
2013-08-24T19:00:00+02:00,-5.143
2013-08-25T01:00:00+02:00,-5.145
2013-08-25T07:00:00+02:00,-5.149
2013-08-25T13:00:00+02:00,-5.155
2013-08-25T19:00:00+02:00,-5.155
2013-08-26T01:00:00+02:00,-5.168
2013-08-26T07:00:00+02:00,-5.177
2013-08-26T13:00:00+02:00,-5.166
2013-08-26T19:00:00+02:00,-5.163
2013-08-27T01:00:00+02:00,-5.169
2013-08-27T07:00:00+02:00,-5.169
2013-08-27T13:00:00+02:00,-5.163
2013-08-27T19:00:00+02:00,-5.165
2013-08-28T01:00:00+02:00,-5.174
2013-08-28T07:00:00+02:00,-5.183
2013-08-28T13:00:00+02:00,-5.182
2013-08-28T19:00:00+02:00,-5.186
2013-08-29T01:00:00+02:00,-5.189
2013-08-29T07:00:00+02:00,-5.186
2013-08-29T13:00:00+02:00,-5.182
2013-08-29T19:00:00+02:00,-5.182
2013-08-30T01:00:00+02:00,-5.184
2013-08-30T07:00:00+02:00,-5.182
2013-08-30T13:00:00+02:00,-5.18
2013-08-30T19:00:00+02:00,-5.179
2013-08-31T01:00:00+02:00,-5.181
2013-08-31T07:00:00+02:00,-5.188
2013-08-31T13:00:00+02:00,-5.195
2013-08-31T19:00:00+02:00,-5.204
2013-09-01T01:00:00+02:00,-5.208
2013-09-01T07:00:00+02:00,-5.204
2013-09-01T13:00:00+02:00,-5.202
2013-09-01T19:00:00+02:00,-5.198
2013-09-02T01:00:00+02:00,-5.192
2013-09-02T07:00:00+02:00,-5.189
2013-09-02T13:00:00+02:00,-5.194
2013-09-02T19:00:00+02:00,-5.195
2013-09-03T01:00:00+02:00,-5.201
2013-09-03T07:00:00+02:00,-5.204
2013-09-03T13:00:00+02:00,-5.209
2013-09-03T19:00:00+02:00,-5.203
2013-09-04T01:00:00+02:00,-5.207
2013-09-04T07:00:00+02:00,-5.205
2013-09-04T13:00:00+02:00,-5.196
2013-09-04T19:00:00+02:00,-5.189
2013-09-05T01:00:00+02:00,-5.189
2013-09-05T07:00:00+02:00,-5.177
2013-09-05T13:00:00+02:00,-5.171
2013-09-05T19:00:00+02:00,-5.159
2013-09-06T01:00:00+02:00,-5.151
2013-09-06T07:00:00+02:00,-5.151
2013-09-06T13:00:00+02:00,-5.149
2013-09-06T19:00:00+02:00,-5.154
2013-09-07T01:00:00+02:00,-5.167
2013-09-07T07:00:00+02:00,-5.173
2013-09-07T13:00:00+02:00,-5.185
2013-09-07T19:00:00+02:00,-5.192
2013-09-08T01:00:00+02:00,-5.193
2013-09-08T07:00:00+02:00,-5.191
2013-09-08T13:00:00+02:00,-5.187
2013-09-08T19:00:00+02:00,-5.184
2013-09-09T01:00:00+02:00,-5.185
2013-09-09T07:00:00+02:00,-5.176
2013-09-09T13:00:00+02:00,-5.17
2013-09-09T19:00:00+02:00,-5.165
2013-09-10T01:00:00+02:00,-5.151
2013-09-10T07:00:00+02:00,-5.155
2013-09-10T13:00:00+02:00,-5.145
2013-09-10T19:00:00+02:00,-5.124
2013-09-11T01:00:00+02:00,-5.126
2013-09-11T07:00:00+02:00,-5.125
2013-09-11T13:00:00+02:00,-5.118
2013-09-11T19:00:00+02:00,-5.11
2013-09-12T01:00:00+02:00,-5.107
2013-09-12T07:00:00+02:00,-5.102
2013-09-12T13:00:00+02:00,-5.101
2013-09-12T19:00:00+02:00,-5.097
2013-09-13T01:00:00+02:00,-5.098
2013-09-13T07:00:00+02:00,-5.095
2013-09-13T13:00:00+02:00,-5.091
2013-09-13T19:00:00+02:00,-5.079
2013-09-14T01:00:00+02:00,-5.068
2013-09-14T07:00:00+02:00,-5.049
2013-09-14T13:00:00+02:00,-5.059
2013-09-14T19:00:00+02:00,-5.071
2013-09-15T01:00:00+02:00,-5.071
2013-09-15T07:00:00+02:00,-5.06
2013-09-15T13:00:00+02:00,-5.049
2013-09-15T19:00:00+02:00,-5.025
2013-09-16T01:00:00+02:00,-5.007
2013-09-16T07:00:00+02:00,-5.021
2013-09-16T13:00:00+02:00,-5.027
2013-09-16T19:00:00+02:00,-5.025
2013-09-17T01:00:00+02:00,-5.024
2013-09-17T07:00:00+02:00,-5.022
2013-09-17T13:00:00+02:00,-5.027
2013-09-17T19:00:00+02:00,-5.016
2013-09-18T01:00:00+02:00,-5.004
2013-09-18T07:00:00+02:00,-5.016
2013-09-18T13:00:00+02:00,-5.031
2013-09-18T19:00:00+02:00,-5.04
2013-09-19T01:00:00+02:00,-5.047
2013-09-19T07:00:00+02:00,-5.044
2013-09-19T13:00:00+02:00,-5.039
2013-09-19T19:00:00+02:00,-5.032
2013-09-20T01:00:00+02:00,-5.032
2013-09-20T07:00:00+02:00,-5.039
2013-09-20T13:00:00+02:00,-5.051
2013-09-20T19:00:00+02:00,-5.056
2013-09-21T01:00:00+02:00,-5.057
2013-09-21T07:00:00+02:00,-5.049
2013-09-21T13:00:00+02:00,-5.049
2013-09-21T19:00:00+02:00,-5.045
2013-09-22T01:00:00+02:00,-5.045
2013-09-22T07:00:00+02:00,-5.043
2013-09-22T13:00:00+02:00,-5.047
2013-09-22T19:00:00+02:00,-5.046
2013-09-23T01:00:00+02:00,-5.05
2013-09-23T07:00:00+02:00,-5.041
2013-09-23T13:00:00+02:00,-5.04
2013-09-23T19:00:00+02:00,-5.033
2013-09-24T01:00:00+02:00,-5.03
2013-09-24T07:00:00+02:00,-5.025
2013-09-24T13:00:00+02:00,-5.022
2013-09-24T19:00:00+02:00,-5.02
2013-09-25T01:00:00+02:00,-5.023
2013-09-25T07:00:00+02:00,-5.014
2013-09-25T13:00:00+02:00,-5.011
2013-09-25T19:00:00+02:00,-5.018
2013-09-26T01:00:00+02:00,-5.023
2013-09-26T07:00:00+02:00,-5.033
2013-09-26T13:00:00+02:00,-5.046
2013-09-26T19:00:00+02:00,-5.049
2013-09-27T01:00:00+02:00,-5.05
2013-09-27T07:00:00+02:00,-5.051
2013-09-27T13:00:00+02:00,-5.043
2013-09-27T19:00:00+02:00,-5.039
2013-09-28T01:00:00+02:00,-5.041
2013-09-28T07:00:00+02:00,-5.035
2013-09-28T13:00:00+02:00,-5.036
2013-09-28T19:00:00+02:00,-5.035
2013-09-29T01:00:00+02:00,-5.037
2013-09-29T07:00:00+02:00,-5.035
2013-09-29T13:00:00+02:00,-5.032
2013-09-29T19:00:00+02:00,-5.039
2013-09-30T01:00:00+02:00,-5.045
2013-09-30T07:00:00+02:00,-5.043
2013-09-30T13:00:00+02:00,-5.044
2013-09-30T19:00:00+02:00,-5.049
2013-10-01T01:00:00+02:00,-5.061
2013-10-01T07:00:00+02:00,-5.062
2013-10-01T13:00:00+02:00,-5.021
2013-10-01T19:00:00+02:00,-5.03
2013-10-02T01:00:00+02:00,-5.036
2013-10-02T07:00:00+02:00,-5.03
2013-10-02T13:00:00+02:00,-5.023
2013-10-02T19:00:00+02:00,-4.996
2013-10-03T01:00:00+02:00,-5.03
2013-10-03T07:00:00+02:00,-4.997
2013-10-03T13:00:00+02:00,-4.971
2013-10-03T19:00:00+02:00,-4.946
2013-10-04T01:00:00+02:00,-4.935
2013-10-04T07:00:00+02:00,-4.915
2013-10-04T13:00:00+02:00,-4.907
2013-10-04T19:00:00+02:00,-4.906
2013-10-05T01:00:00+02:00,-4.898
2013-10-05T07:00:00+02:00,-4.901
2013-10-05T13:00:00+02:00,-4.907
2013-10-05T19:00:00+02:00,-4.911
2013-10-06T01:00:00+02:00,-4.91
2013-10-06T07:00:00+02:00,-4.91
2013-10-06T13:00:00+02:00,-4.906
2013-10-06T19:00:00+02:00,-4.906
2013-10-07T01:00:00+02:00,-4.903
2013-10-07T07:00:00+02:00,-4.899
2013-10-07T13:00:00+02:00,-4.895
2013-10-07T19:00:00+02:00,-4.893
2013-10-08T01:00:00+02:00,-4.892
2013-10-08T07:00:00+02:00,-4.886
2013-10-08T13:00:00+02:00,-4.881
2013-10-08T19:00:00+02:00,-4.883
2013-10-09T01:00:00+02:00,-4.874
2013-10-09T07:00:00+02:00,-4.866
2013-10-09T13:00:00+02:00,-4.852
2013-10-09T19:00:00+02:00,-4.84
2013-10-10T01:00:00+02:00,-4.835
2013-10-10T07:00:00+02:00,-4.831
2013-10-10T13:00:00+02:00,-4.842
2013-10-10T19:00:00+02:00,-4.84
2013-10-11T01:00:00+02:00,-4.851
2013-10-11T07:00:00+02:00,-4.865
2013-10-11T13:00:00+02:00,-4.854
2013-10-11T19:00:00+02:00,-4.843
2013-10-12T01:00:00+02:00,-4.849
2013-10-12T07:00:00+02:00,-4.852
2013-10-12T13:00:00+02:00,-4.834
2013-10-12T19:00:00+02:00,-4.815
2013-10-13T01:00:00+02:00,-4.787
2013-10-13T07:00:00+02:00,-4.77
2013-10-13T13:00:00+02:00,-4.776
2013-10-13T19:00:00+02:00,-4.763
2013-10-14T01:00:00+02:00,-4.749
2013-10-14T07:00:00+02:00,-4.736
2013-10-14T13:00:00+02:00,-4.722
2013-10-14T19:00:00+02:00,-4.705
2013-10-15T01:00:00+02:00,-4.687
2013-10-15T07:00:00+02:00,-4.672
2013-10-15T13:00:00+02:00,-4.672
2013-10-15T19:00:00+02:00,-4.668
2013-10-16T01:00:00+02:00,-4.682
2013-10-16T07:00:00+02:00,-4.682
2013-10-16T13:00:00+02:00,-4.674
2013-10-16T19:00:00+02:00,-4.665
2013-10-17T01:00:00+02:00,-4.664
2013-10-17T07:00:00+02:00,-4.662
2013-10-17T13:00:00+02:00,-4.672
2013-10-17T19:00:00+02:00,-4.686
2013-10-18T01:00:00+02:00,-4.693
2013-10-18T07:00:00+02:00,-4.697
2013-10-18T13:00:00+02:00,-4.701
2013-10-18T19:00:00+02:00,-4.697
2013-10-19T01:00:00+02:00,-4.686
2013-10-19T07:00:00+02:00,-4.675
2013-10-19T13:00:00+02:00,-4.673
2013-10-19T19:00:00+02:00,-4.685
2013-10-20T01:00:00+02:00,-4.687
2013-10-20T07:00:00+02:00,-4.685
2013-10-20T13:00:00+02:00,-4.686
2013-10-20T19:00:00+02:00,-4.686
2013-10-21T01:00:00+02:00,-4.692
2013-10-21T07:00:00+02:00,-4.696
2013-10-21T13:00:00+02:00,-4.696
2013-10-21T19:00:00+02:00,-4.69
2013-10-22T01:00:00+02:00,-4.69
2013-10-22T07:00:00+02:00,-4.681
2013-10-22T13:00:00+02:00,-4.675
2013-10-22T19:00:00+02:00,-4.68
2013-10-23T01:00:00+02:00,-4.674
2013-10-23T07:00:00+02:00,-4.68
2013-10-23T13:00:00+02:00,-4.683
2013-10-23T19:00:00+02:00,-4.71
2013-10-24T01:00:00+02:00,-4.727
2013-10-24T07:00:00+02:00,-4.74
2013-10-24T13:00:00+02:00,-4.742
2013-10-24T19:00:00+02:00,-4.744
2013-10-25T01:00:00+02:00,-4.733
2013-10-25T07:00:00+02:00,-4.71
2013-10-25T13:00:00+02:00,-4.715
2013-10-25T19:00:00+02:00,-4.723
2013-10-26T01:00:00+02:00,-4.726
2013-10-26T07:00:00+02:00,-4.724
2013-10-26T13:00:00+02:00,-4.724
2013-10-26T19:00:00+02:00,-4.727
2013-10-27T01:00:00+02:00,-4.711
2013-10-27T06:00:00+01:00,-4.697
2013-10-27T12:00:00+01:00,-4.709
2013-10-27T18:00:00+01:00,-4.712
2013-10-28T00:00:00+01:00,-4.708
2013-10-28T06:00:00+01:00,-4.666
2013-10-28T12:00:00+01:00,-4.704
2013-10-28T18:00:00+01:00,-4.714
2013-10-29T00:00:00+01:00,-4.72
2013-10-29T06:00:00+01:00,-4.711
2013-10-29T12:00:00+01:00,-4.723
2013-10-29T18:00:00+01:00,-4.723
2013-10-30T00:00:00+01:00,-4.729
2013-10-30T06:00:00+01:00,-4.734
2013-10-30T12:00:00+01:00,-4.738
2013-10-30T18:00:00+01:00,-4.739
2013-10-31T00:00:00+01:00,-4.731
2013-10-31T06:00:00+01:00,-4.722
2013-10-31T12:00:00+01:00,-4.717
2013-10-31T18:00:00+01:00,-4.707
2013-11-01T00:00:00+01:00,-4.706
2013-11-01T06:00:00+01:00,-4.7
2013-11-01T12:00:00+01:00,-4.7
2013-11-01T18:00:00+01:00,-4.69
2013-11-02T00:00:00+01:00,-4.673
2013-11-02T06:00:00+01:00,-4.667
2013-11-02T12:00:00+01:00,-4.681
2013-11-02T18:00:00+01:00,-4.669
2013-11-03T00:00:00+01:00,-4.665
2013-11-03T06:00:00+01:00,-4.673
2013-11-03T12:00:00+01:00,-4.682
2013-11-03T18:00:00+01:00,-4.679
2013-11-04T00:00:00+01:00,-4.658
2013-11-04T06:00:00+01:00,-4.595
2013-11-04T12:00:00+01:00,-4.618
2013-11-04T18:00:00+01:00,-4.639
2013-11-05T00:00:00+01:00,-4.637
2013-11-05T06:00:00+01:00,-4.625
2013-11-05T12:00:00+01:00,-4.602
2013-11-05T18:00:00+01:00,-4.585
2013-11-06T00:00:00+01:00,-4.594
2013-11-06T06:00:00+01:00,-4.598
2013-11-06T12:00:00+01:00,-4.595
2013-11-06T18:00:00+01:00,-4.594
2013-11-07T00:00:00+01:00,-4.577
2013-11-07T06:00:00+01:00,-4.594
2013-11-07T12:00:00+01:00,-4.601
2013-11-07T18:00:00+01:00,-4.6
2013-11-08T00:00:00+01:00,-4.598
2013-11-08T06:00:00+01:00,-4.599
2013-11-08T12:00:00+01:00,-4.595
2013-11-08T18:00:00+01:00,-4.577
2013-11-09T00:00:00+01:00,-4.573
2013-11-09T06:00:00+01:00,-4.603
2013-11-09T12:00:00+01:00,-4.601
2013-11-09T18:00:00+01:00,-4.585
2013-11-10T00:00:00+01:00,-4.582
2013-11-10T06:00:00+01:00,-4.591
2013-11-10T12:00:00+01:00,-4.61
2013-11-10T18:00:00+01:00,-4.639
2013-11-11T00:00:00+01:00,-4.643
2013-11-11T06:00:00+01:00,-4.643
2013-11-11T12:00:00+01:00,-4.638
2013-11-11T18:00:00+01:00,-4.63
2013-11-12T00:00:00+01:00,-4.629
2013-11-12T06:00:00+01:00,-4.616
2013-11-12T12:00:00+01:00,-4.622
2013-11-12T18:00:00+01:00,-4.629
2013-11-13T00:00:00+01:00,-4.639
2013-11-13T06:00:00+01:00,-4.641
2013-11-13T12:00:00+01:00,-4.644
2013-11-13T18:00:00+01:00,-4.634
2013-11-14T00:00:00+01:00,-4.617
2013-11-14T06:00:00+01:00,-4.598
2013-11-14T12:00:00+01:00,-4.598
2013-11-14T18:00:00+01:00,-4.619
2013-11-15T00:00:00+01:00,-4.632
2013-11-15T06:00:00+01:00,-4.641
2013-11-15T12:00:00+01:00,-4.653
2013-11-15T18:00:00+01:00,-4.659
2013-11-16T00:00:00+01:00,-4.664
2013-11-16T06:00:00+01:00,-4.663
2013-11-16T12:00:00+01:00,-4.661
2013-11-16T18:00:00+01:00,-4.663
2013-11-17T00:00:00+01:00,-4.668
2013-11-17T06:00:00+01:00,-4.663
2013-11-17T12:00:00+01:00,-4.659
2013-11-17T18:00:00+01:00,-4.653
2013-11-18T00:00:00+01:00,-4.649
2013-11-18T06:00:00+01:00,-4.633
2013-11-18T12:00:00+01:00,-4.627
2013-11-18T18:00:00+01:00,-4.628
2013-11-19T00:00:00+01:00,-4.625
2013-11-19T06:00:00+01:00,-4.62
2013-11-19T12:00:00+01:00,-4.632
2013-11-19T18:00:00+01:00,-4.649
2013-11-20T00:00:00+01:00,-4.655
2013-11-20T06:00:00+01:00,-4.647
2013-11-20T12:00:00+01:00,-4.625
2013-11-20T18:00:00+01:00,-4.613
2013-11-21T00:00:00+01:00,-4.619
2013-11-21T06:00:00+01:00,-4.638
2013-11-21T12:00:00+01:00,-4.651
2013-11-21T18:00:00+01:00,-4.664
2013-11-22T00:00:00+01:00,-4.673
2013-11-22T06:00:00+01:00,-4.673
2013-11-22T12:00:00+01:00,-4.677
2013-11-22T18:00:00+01:00,-4.69
2013-11-23T00:00:00+01:00,-4.7
2013-11-23T06:00:00+01:00,-4.703
2013-11-23T12:00:00+01:00,-4.709
2013-11-23T18:00:00+01:00,-4.715
2013-11-24T00:00:00+01:00,-4.718
2013-11-24T06:00:00+01:00,-4.722
2013-11-24T12:00:00+01:00,-4.727
2013-11-24T18:00:00+01:00,-4.735
2013-11-25T00:00:00+01:00,-4.744
2013-11-25T06:00:00+01:00,-4.746
2013-11-25T12:00:00+01:00,-4.749
2013-11-25T18:00:00+01:00,-4.746
2013-11-26T00:00:00+01:00,-4.748
2013-11-26T06:00:00+01:00,-4.748
2013-11-26T12:00:00+01:00,-4.752
2013-11-26T18:00:00+01:00,-4.754
2013-11-27T00:00:00+01:00,-4.748
2013-11-27T06:00:00+01:00,-4.746
2013-11-27T12:00:00+01:00,-4.748
2013-11-27T18:00:00+01:00,-4.749
2013-11-28T00:00:00+01:00,-4.75
2013-11-28T06:00:00+01:00,-4.754
2013-11-28T12:00:00+01:00,-4.753
2013-11-28T18:00:00+01:00,-4.758
2013-11-29T00:00:00+01:00,-4.756
2013-11-29T06:00:00+01:00,-4.739
2013-11-29T12:00:00+01:00,-4.708
2013-11-29T18:00:00+01:00,-4.71
2013-11-30T00:00:00+01:00,-4.708
2013-11-30T06:00:00+01:00,-4.728
2013-11-30T12:00:00+01:00,-4.743
2013-11-30T18:00:00+01:00,-4.752
2013-12-01T00:00:00+01:00,-4.76
2013-12-01T06:00:00+01:00,-4.756
2013-12-01T12:00:00+01:00,-4.762
2013-12-01T18:00:00+01:00,-4.764
2013-12-02T00:00:00+01:00,-4.776
2013-12-02T06:00:00+01:00,-4.773
2013-12-02T12:00:00+01:00,-4.766
2013-12-02T18:00:00+01:00,-4.766
2013-12-03T00:00:00+01:00,-4.763
2013-12-03T06:00:00+01:00,-4.759
2013-12-03T12:00:00+01:00,-4.754
2013-12-03T18:00:00+01:00,-4.754
2013-12-04T00:00:00+01:00,-4.75
2013-12-04T06:00:00+01:00,-4.744
2013-12-04T12:00:00+01:00,-4.748
2013-12-04T18:00:00+01:00,-4.761
2013-12-05T00:00:00+01:00,-4.763
2013-12-05T06:00:00+01:00,-4.743
2013-12-05T12:00:00+01:00,-4.707
2013-12-05T18:00:00+01:00,-4.716
2013-12-06T00:00:00+01:00,-4.733
2013-12-06T06:00:00+01:00,-4.738
2013-12-06T12:00:00+01:00,-4.74
2013-12-06T18:00:00+01:00,-4.748
2013-12-07T00:00:00+01:00,-4.745
2013-12-07T06:00:00+01:00,-4.745
2013-12-07T12:00:00+01:00,-4.735
2013-12-07T18:00:00+01:00,-4.733
2013-12-08T00:00:00+01:00,-4.733
2013-12-08T06:00:00+01:00,-4.73
2013-12-08T12:00:00+01:00,-4.726
2013-12-08T18:00:00+01:00,-4.727
2013-12-09T00:00:00+01:00,-4.73
2013-12-09T06:00:00+01:00,-4.736
2013-12-09T12:00:00+01:00,-4.748
2013-12-09T18:00:00+01:00,-4.753
2013-12-10T00:00:00+01:00,-4.76
2013-12-10T06:00:00+01:00,-4.763
2013-12-10T12:00:00+01:00,-4.76
2013-12-10T18:00:00+01:00,-4.765
2013-12-11T00:00:00+01:00,-4.762
2013-12-11T06:00:00+01:00,-4.76
2013-12-11T12:00:00+01:00,-4.756
2013-12-11T18:00:00+01:00,-4.758
2013-12-12T00:00:00+01:00,-4.755
2013-12-12T06:00:00+01:00,-4.751
2013-12-12T12:00:00+01:00,-4.746
2013-12-12T18:00:00+01:00,-4.749
2013-12-13T00:00:00+01:00,-4.746
2013-12-13T06:00:00+01:00,-4.744
2013-12-13T12:00:00+01:00,-4.743
2013-12-13T18:00:00+01:00,-4.742
2013-12-14T00:00:00+01:00,-4.743
2013-12-14T06:00:00+01:00,-4.742
2013-12-14T12:00:00+01:00,-4.758
2013-12-14T18:00:00+01:00,-4.755
2013-12-15T00:00:00+01:00,-4.748
2013-12-15T06:00:00+01:00,-4.749
2013-12-15T12:00:00+01:00,-4.759
2013-12-15T18:00:00+01:00,-4.752
2013-12-16T00:00:00+01:00,-4.746
2013-12-16T06:00:00+01:00,-4.745
2013-12-16T12:00:00+01:00,-4.748
2013-12-16T18:00:00+01:00,-4.751
2013-12-17T00:00:00+01:00,-4.755
2013-12-17T06:00:00+01:00,-4.759
2013-12-17T12:00:00+01:00,-4.761
2013-12-17T18:00:00+01:00,-4.755
2013-12-18T00:00:00+01:00,-4.733
2013-12-18T06:00:00+01:00,-4.733
2013-12-18T12:00:00+01:00,-4.732
2013-12-18T18:00:00+01:00,-4.712
2013-12-19T00:00:00+01:00,-4.681
2013-12-19T06:00:00+01:00,-4.685
2013-12-19T12:00:00+01:00,-4.709
2013-12-19T18:00:00+01:00,-4.722
2013-12-20T00:00:00+01:00,-4.725
2013-12-20T06:00:00+01:00,-4.741
2013-12-20T12:00:00+01:00,-4.751
2013-12-20T18:00:00+01:00,-4.757
2013-12-21T00:00:00+01:00,-4.744
2013-12-21T06:00:00+01:00,-4.736
2013-12-21T12:00:00+01:00,-4.727
2013-12-21T18:00:00+01:00,-4.71
2013-12-22T00:00:00+01:00,-4.701
2013-12-22T06:00:00+01:00,-4.706
2013-12-22T12:00:00+01:00,-4.694
2013-12-22T18:00:00+01:00,-4.696
2013-12-23T00:00:00+01:00,-4.704
2013-12-23T06:00:00+01:00,-4.702
2013-12-23T12:00:00+01:00,-4.678
2013-12-23T18:00:00+01:00,-4.641
2013-12-24T00:00:00+01:00,-4.624
2013-12-24T06:00:00+01:00,-4.609
2013-12-24T12:00:00+01:00,-4.612
2013-12-24T18:00:00+01:00,-4.616
2013-12-25T00:00:00+01:00,-4.615
2013-12-25T06:00:00+01:00,-4.618
2013-12-25T12:00:00+01:00,-4.627
2013-12-25T18:00:00+01:00,-4.635
2013-12-26T00:00:00+01:00,-4.633
2013-12-26T06:00:00+01:00,-4.639
2013-12-26T12:00:00+01:00,-4.644
2013-12-26T18:00:00+01:00,-4.652
2013-12-27T00:00:00+01:00,-4.655
2013-12-27T06:00:00+01:00,-4.616
2013-12-27T12:00:00+01:00,-4.624
2013-12-27T18:00:00+01:00,-4.632
2013-12-28T00:00:00+01:00,-4.635
2013-12-28T06:00:00+01:00,-4.638
2013-12-28T12:00:00+01:00,-4.651
2013-12-28T18:00:00+01:00,-4.659
2013-12-29T00:00:00+01:00,-4.672
2013-12-29T06:00:00+01:00,-4.681
2013-12-29T12:00:00+01:00,-4.697
2013-12-29T18:00:00+01:00,-4.711
2013-12-30T00:00:00+01:00,-4.715
2013-12-30T06:00:00+01:00,-4.697
2013-12-30T12:00:00+01:00,-4.687
2013-12-30T18:00:00+01:00,-4.684
2013-12-31T00:00:00+01:00,-4.697
2013-12-31T06:00:00+01:00,-4.682
2013-12-31T12:00:00+01:00,-4.674
2013-12-31T18:00:00+01:00,-4.662
2014-01-01T00:00:00+01:00,-4.669
2014-01-01T06:00:00+01:00,-4.67
2014-01-01T12:00:00+01:00,-4.663
2014-01-01T18:00:00+01:00,-4.642
2014-01-02T00:00:00+01:00,-4.634
2014-01-02T06:00:00+01:00,-4.635
2014-01-02T12:00:00+01:00,-4.651
2014-01-02T18:00:00+01:00,-4.672
2014-01-03T00:00:00+01:00,-4.667
2014-01-03T06:00:00+01:00,-4.653
2014-01-03T12:00:00+01:00,-4.656
2014-01-03T18:00:00+01:00,-4.661
2014-01-04T00:00:00+01:00,-4.68
2014-01-04T06:00:00+01:00,-4.672
2014-01-04T12:00:00+01:00,-4.648
2014-01-04T18:00:00+01:00,-4.643
2014-01-05T00:00:00+01:00,-4.651
2014-01-05T06:00:00+01:00,-4.672
2014-01-05T12:00:00+01:00,-4.685
2014-01-05T18:00:00+01:00,-4.682
2014-01-06T00:00:00+01:00,-4.663
2014-01-06T06:00:00+01:00,-4.66
2014-01-06T12:00:00+01:00,-4.662
2014-01-06T18:00:00+01:00,-4.669
2014-01-07T00:00:00+01:00,-4.68
2014-01-07T06:00:00+01:00,-4.685
2014-01-07T12:00:00+01:00,-4.686
2014-01-07T18:00:00+01:00,-4.686
2014-01-08T00:00:00+01:00,-4.686
2014-01-08T06:00:00+01:00,-4.684
2014-01-08T12:00:00+01:00,-4.687
2014-01-08T18:00:00+01:00,-4.68
2014-01-09T00:00:00+01:00,-4.662
2014-01-09T06:00:00+01:00,-4.63
2014-01-09T12:00:00+01:00,-4.625
2014-01-09T18:00:00+01:00,-4.649
2014-01-10T00:00:00+01:00,-4.659
2014-01-10T06:00:00+01:00,-4.662
2014-01-10T12:00:00+01:00,-4.668
2014-01-10T18:00:00+01:00,-4.666
2014-01-11T00:00:00+01:00,-4.664
2014-01-11T06:00:00+01:00,-4.659
2014-01-11T12:00:00+01:00,-4.666
2014-01-11T18:00:00+01:00,-4.689
2014-01-12T00:00:00+01:00,-4.697
2014-01-12T06:00:00+01:00,-4.699
2014-01-12T12:00:00+01:00,-4.688
2014-01-12T18:00:00+01:00,-4.672
2014-01-13T00:00:00+01:00,-4.658
2014-01-13T06:00:00+01:00,-4.642
2014-01-13T12:00:00+01:00,-4.66
2014-01-13T18:00:00+01:00,-4.658
2014-01-14T00:00:00+01:00,-4.657
2014-01-14T06:00:00+01:00,-4.65
2014-01-14T12:00:00+01:00,-4.657
2014-01-14T18:00:00+01:00,-4.669
2014-01-15T00:00:00+01:00,-4.672
2014-01-15T06:00:00+01:00,-4.662
2014-01-15T12:00:00+01:00,-4.661
2014-01-15T18:00:00+01:00,-4.656
2014-01-16T00:00:00+01:00,-4.65
2014-01-16T06:00:00+01:00,-4.647
2014-01-16T12:00:00+01:00,-4.642
2014-01-16T18:00:00+01:00,-4.644
2014-01-17T00:00:00+01:00,-4.647
2014-01-17T06:00:00+01:00,-4.648
2014-01-17T12:00:00+01:00,-4.651
2014-01-17T18:00:00+01:00,-4.656
2014-01-18T00:00:00+01:00,-4.66
2014-01-18T06:00:00+01:00,-4.654
2014-01-18T12:00:00+01:00,-4.655
2014-01-18T18:00:00+01:00,-4.655
2014-01-19T00:00:00+01:00,-4.654
2014-01-19T06:00:00+01:00,-4.654
2014-01-19T12:00:00+01:00,-4.657
2014-01-19T18:00:00+01:00,-4.671
2014-01-20T00:00:00+01:00,-4.677
2014-01-20T06:00:00+01:00,-4.683
2014-01-20T12:00:00+01:00,-4.695
2014-01-20T18:00:00+01:00,-4.7
2014-01-21T00:00:00+01:00,-4.701
2014-01-21T06:00:00+01:00,-4.706
2014-01-21T12:00:00+01:00,-4.704
2014-01-21T18:00:00+01:00,-4.703
2014-01-22T00:00:00+01:00,-4.708
2014-01-22T06:00:00+01:00,-4.703
2014-01-22T12:00:00+01:00,-4.713
2014-01-22T18:00:00+01:00,-4.718
2014-01-23T00:00:00+01:00,-4.724
2014-01-23T06:00:00+01:00,-4.72
2014-01-23T12:00:00+01:00,-4.707
2014-01-23T18:00:00+01:00,-4.71
2014-01-24T00:00:00+01:00,-4.714
2014-01-24T06:00:00+01:00,-4.72
2014-01-24T12:00:00+01:00,-4.718
2014-01-24T18:00:00+01:00,-4.715
2014-01-25T00:00:00+01:00,-4.715
2014-01-25T06:00:00+01:00,-4.706
2014-01-25T12:00:00+01:00,-4.697
2014-01-25T18:00:00+01:00,-4.666
2014-01-26T00:00:00+01:00,-4.666
2014-01-26T06:00:00+01:00,-4.678
2014-01-26T12:00:00+01:00,-4.659
2014-01-26T18:00:00+01:00,-4.609
2014-01-27T00:00:00+01:00,-4.609
2014-01-27T06:00:00+01:00,-4.618
2014-01-27T12:00:00+01:00,-4.62
2014-01-27T18:00:00+01:00,-4.62
2014-01-28T00:00:00+01:00,-4.626
2014-01-28T06:00:00+01:00,-4.625
2014-01-28T12:00:00+01:00,-4.626
2014-01-28T18:00:00+01:00,-4.628
2014-01-29T00:00:00+01:00,-4.636
2014-01-29T06:00:00+01:00,-4.638
2014-01-29T12:00:00+01:00,-4.644
2014-01-29T18:00:00+01:00,-4.654
2014-01-30T00:00:00+01:00,-4.657
2014-01-30T06:00:00+01:00,-4.656
2014-01-30T12:00:00+01:00,-4.659
2014-01-30T18:00:00+01:00,-4.67
2014-01-31T00:00:00+01:00,-4.666
2014-01-31T06:00:00+01:00,-4.673
2014-01-31T12:00:00+01:00,-4.668
2014-01-31T18:00:00+01:00,-4.654
2014-02-01T00:00:00+01:00,-4.63
2014-02-01T06:00:00+01:00,-4.623
2014-02-01T12:00:00+01:00,-4.648
2014-02-01T18:00:00+01:00,-4.668
2014-02-02T00:00:00+01:00,-4.677
2014-02-02T06:00:00+01:00,-4.688
2014-02-02T12:00:00+01:00,-4.701
2014-02-02T18:00:00+01:00,-4.709
2014-02-03T00:00:00+01:00,-4.71
2014-02-03T06:00:00+01:00,-4.706
2014-02-03T12:00:00+01:00,-4.694
2014-02-03T18:00:00+01:00,-4.678
2014-02-04T00:00:00+01:00,-4.673
2014-02-04T06:00:00+01:00,-4.679
2014-02-04T12:00:00+01:00,-4.697
2014-02-04T18:00:00+01:00,-4.689
2014-02-05T00:00:00+01:00,-4.673
2014-02-05T06:00:00+01:00,-4.656
2014-02-05T12:00:00+01:00,-4.656
2014-02-05T18:00:00+01:00,-4.665
2014-02-06T00:00:00+01:00,-4.682
2014-02-06T06:00:00+01:00,-4.696
2014-02-06T12:00:00+01:00,-4.708
2014-02-06T18:00:00+01:00,-4.681
2014-02-07T00:00:00+01:00,-4.652
2014-02-07T06:00:00+01:00,-4.645
2014-02-07T12:00:00+01:00,-4.658
2014-02-07T18:00:00+01:00,-4.698
2014-02-08T00:00:00+01:00,-4.679
2014-02-08T06:00:00+01:00,-4.648
2014-02-08T12:00:00+01:00,-4.635
2014-02-08T18:00:00+01:00,-4.628
2014-02-09T00:00:00+01:00,-4.624
2014-02-09T06:00:00+01:00,-4.626
2014-02-09T12:00:00+01:00,-4.634
2014-02-09T18:00:00+01:00,-4.642
2014-02-10T00:00:00+01:00,-4.649
2014-02-10T06:00:00+01:00,-4.643
2014-02-10T12:00:00+01:00,-4.648
2014-02-10T18:00:00+01:00,-4.652
2014-02-11T00:00:00+01:00,-4.655
2014-02-11T06:00:00+01:00,-4.669
2014-02-11T12:00:00+01:00,-4.662
2014-02-11T18:00:00+01:00,-4.656
2014-02-12T00:00:00+01:00,-4.674
2014-02-12T06:00:00+01:00,-4.685
2014-02-12T12:00:00+01:00,-4.678
2014-02-12T18:00:00+01:00,-4.641
2014-02-13T00:00:00+01:00,-4.645
2014-02-13T06:00:00+01:00,-4.654
2014-02-13T12:00:00+01:00,-4.644
2014-02-13T18:00:00+01:00,-4.665
2014-02-14T00:00:00+01:00,-4.686
2014-02-14T06:00:00+01:00,-4.692
2014-02-14T12:00:00+01:00,-4.682
2014-02-14T18:00:00+01:00,-4.655
2014-02-15T00:00:00+01:00,-4.63
2014-02-15T06:00:00+01:00,-4.649
2014-02-15T12:00:00+01:00,-4.668
2014-02-15T18:00:00+01:00,-4.672
2014-02-16T00:00:00+01:00,-4.687
2014-02-16T06:00:00+01:00,-4.693
2014-02-16T12:00:00+01:00,-4.708
2014-02-16T18:00:00+01:00,-4.703
2014-02-17T00:00:00+01:00,-4.707
2014-02-17T06:00:00+01:00,-4.704
2014-02-17T12:00:00+01:00,-4.717
2014-02-17T18:00:00+01:00,-4.719
2014-02-18T00:00:00+01:00,-4.721
2014-02-18T06:00:00+01:00,-4.714
2014-02-18T12:00:00+01:00,-4.714
2014-02-18T18:00:00+01:00,-4.707
2014-02-19T00:00:00+01:00,-4.712
2014-02-19T06:00:00+01:00,-4.716
2014-02-19T12:00:00+01:00,-4.724
2014-02-19T18:00:00+01:00,-4.732
2014-02-20T00:00:00+01:00,-4.731
2014-02-20T06:00:00+01:00,-4.718
2014-02-20T12:00:00+01:00,-4.709
2014-02-20T18:00:00+01:00,-4.705
2014-02-21T00:00:00+01:00,-4.709
2014-02-21T06:00:00+01:00,-4.717
2014-02-21T12:00:00+01:00,-4.727
2014-02-21T18:00:00+01:00,-4.735
2014-02-22T00:00:00+01:00,-4.738
2014-02-22T06:00:00+01:00,-4.738
2014-02-22T12:00:00+01:00,-4.754
2014-02-22T18:00:00+01:00,-4.765
2014-02-23T00:00:00+01:00,-4.765
2014-02-23T06:00:00+01:00,-4.764
2014-02-23T12:00:00+01:00,-4.765
2014-02-23T18:00:00+01:00,-4.762
2014-02-24T00:00:00+01:00,-4.76
2014-02-24T06:00:00+01:00,-4.751
2014-02-24T12:00:00+01:00,-4.745
2014-02-24T18:00:00+01:00,-4.753
2014-02-25T00:00:00+01:00,-4.748
2014-02-25T06:00:00+01:00,-4.741
2014-02-25T12:00:00+01:00,-4.741
2014-02-25T18:00:00+01:00,-4.754
2014-02-26T00:00:00+01:00,-4.765
2014-02-26T06:00:00+01:00,-4.774
2014-02-26T12:00:00+01:00,-4.783
2014-02-26T18:00:00+01:00,-4.795
2014-02-27T00:00:00+01:00,-4.796
2014-02-27T06:00:00+01:00,-4.784
2014-02-27T12:00:00+01:00,-4.765
2014-02-27T18:00:00+01:00,-4.761
2014-02-28T00:00:00+01:00,-4.764
2014-02-28T06:00:00+01:00,-4.759
2014-02-28T12:00:00+01:00,-4.76
2014-02-28T18:00:00+01:00,-4.761
2014-03-01T00:00:00+01:00,-4.769
2014-03-01T06:00:00+01:00,-4.766
2014-03-01T12:00:00+01:00,-4.767
2014-03-01T18:00:00+01:00,-4.769
2014-03-02T00:00:00+01:00,-4.771
2014-03-02T06:00:00+01:00,-4.78
2014-03-02T12:00:00+01:00,-4.778
2014-03-02T18:00:00+01:00,-4.761
2014-03-03T00:00:00+01:00,-4.741
2014-03-03T06:00:00+01:00,-4.734
2014-03-03T12:00:00+01:00,-4.748
2014-03-03T18:00:00+01:00,-4.759
2014-03-04T00:00:00+01:00,-4.777
2014-03-04T06:00:00+01:00,-4.789
2014-03-04T12:00:00+01:00,-4.795
2014-03-04T18:00:00+01:00,-4.814
2014-03-05T00:00:00+01:00,-4.827
2014-03-05T06:00:00+01:00,-4.84
2014-03-05T12:00:00+01:00,-4.85
2014-03-05T18:00:00+01:00,-4.863
2014-03-06T00:00:00+01:00,-4.869
2014-03-06T06:00:00+01:00,-4.867
2014-03-06T12:00:00+01:00,-4.867
2014-03-06T18:00:00+01:00,-4.86
2014-03-07T00:00:00+01:00,-4.854
2014-03-07T06:00:00+01:00,-4.853
2014-03-07T12:00:00+01:00,-4.856
2014-03-07T18:00:00+01:00,-4.869
2014-03-08T00:00:00+01:00,-4.873
2014-03-08T06:00:00+01:00,-4.871
2014-03-08T12:00:00+01:00,-4.864
2014-03-08T18:00:00+01:00,-4.852
2014-03-09T00:00:00+01:00,-4.853
2014-03-09T06:00:00+01:00,-4.855
2014-03-09T12:00:00+01:00,-4.858
2014-03-09T18:00:00+01:00,-4.856
2014-03-10T00:00:00+01:00,-4.855
2014-03-10T06:00:00+01:00,-4.855
2014-03-10T12:00:00+01:00,-4.861
2014-03-10T18:00:00+01:00,-4.867
2014-03-11T00:00:00+01:00,-4.877
2014-03-11T06:00:00+01:00,-4.882
2014-03-11T12:00:00+01:00,-4.888
2014-03-11T18:00:00+01:00,-4.883
2014-03-12T00:00:00+01:00,-4.889
2014-03-12T06:00:00+01:00,-4.888
2014-03-12T12:00:00+01:00,-4.883
2014-03-12T18:00:00+01:00,-4.876
2014-03-13T00:00:00+01:00,-4.877
2014-03-13T06:00:00+01:00,-4.878
2014-03-13T12:00:00+01:00,-4.88
2014-03-13T18:00:00+01:00,-4.879
2014-03-14T00:00:00+01:00,-4.885
2014-03-14T06:00:00+01:00,-4.88
2014-03-14T12:00:00+01:00,-4.876
2014-03-14T18:00:00+01:00,-4.864
2014-03-15T00:00:00+01:00,-4.857
2014-03-15T06:00:00+01:00,-4.859
2014-03-15T12:00:00+01:00,-4.875
2014-03-15T18:00:00+01:00,-4.86
2014-03-16T00:00:00+01:00,-4.86
2014-03-16T06:00:00+01:00,-4.858
2014-03-16T12:00:00+01:00,-4.87
2014-03-16T18:00:00+01:00,-4.867
2014-03-17T00:00:00+01:00,-4.869
2014-03-17T06:00:00+01:00,-4.868
2014-03-17T12:00:00+01:00,-4.87
2014-03-17T18:00:00+01:00,-4.87
2014-03-18T00:00:00+01:00,-4.862
2014-03-18T06:00:00+01:00,-4.853
2014-03-18T12:00:00+01:00,-4.852
2014-03-18T18:00:00+01:00,-4.841
2014-03-19T00:00:00+01:00,-4.867
2014-03-19T06:00:00+01:00,-4.88
2014-03-19T12:00:00+01:00,-4.881
2014-03-19T18:00:00+01:00,-4.877
2014-03-20T00:00:00+01:00,-4.877
2014-03-20T06:00:00+01:00,-4.865
2014-03-20T12:00:00+01:00,-4.847
2014-03-20T18:00:00+01:00,-4.832
2014-03-21T00:00:00+01:00,-4.834
2014-03-21T06:00:00+01:00,-4.838
2014-03-21T12:00:00+01:00,-4.837
2014-03-21T18:00:00+01:00,-4.837
2014-03-22T00:00:00+01:00,-4.825
2014-03-22T06:00:00+01:00,-4.801
2014-03-22T12:00:00+01:00,-4.808
2014-03-22T18:00:00+01:00,-4.81
2014-03-23T00:00:00+01:00,-4.811
2014-03-23T06:00:00+01:00,-4.809
2014-03-23T12:00:00+01:00,-4.816
2014-03-23T18:00:00+01:00,-4.821
2014-03-24T00:00:00+01:00,-4.83
2014-03-24T06:00:00+01:00,-4.834
2014-03-24T12:00:00+01:00,-4.832
2014-03-24T18:00:00+01:00,-4.827
2014-03-25T00:00:00+01:00,-4.827
2014-03-25T06:00:00+01:00,-4.819
2014-03-25T12:00:00+01:00,-4.815
2014-03-25T18:00:00+01:00,-4.822
2014-03-26T00:00:00+01:00,-4.831
2014-03-26T06:00:00+01:00,-4.828
2014-03-26T12:00:00+01:00,-4.829
2014-03-26T18:00:00+01:00,-4.83
2014-03-27T00:00:00+01:00,-4.83
2014-03-27T06:00:00+01:00,-4.825
2014-03-27T12:00:00+01:00,-4.821
2014-03-27T18:00:00+01:00,-4.823
2014-03-28T00:00:00+01:00,-4.832
2014-03-28T06:00:00+01:00,-4.834
2014-03-28T12:00:00+01:00,-4.839
2014-03-28T18:00:00+01:00,-4.839
2014-03-29T00:00:00+01:00,-4.846
2014-03-29T06:00:00+01:00,-4.845
2014-03-29T12:00:00+01:00,-4.846
2014-03-29T18:00:00+01:00,-4.84
2014-03-30T00:00:00+01:00,-4.842
2014-03-30T07:00:00+02:00,-4.838
2014-03-30T13:00:00+02:00,-4.836
2014-03-30T19:00:00+02:00,-4.838
2014-03-31T01:00:00+02:00,-4.843
2014-03-31T07:00:00+02:00,-4.838
2014-03-31T13:00:00+02:00,-4.836
2014-03-31T19:00:00+02:00,-4.835
2014-04-01T01:00:00+02:00,-4.835
2014-04-01T07:00:00+02:00,-4.83
2014-04-01T13:00:00+02:00,-4.835
2014-04-01T19:00:00+02:00,-4.834
2014-04-02T01:00:00+02:00,-4.834
2014-04-02T07:00:00+02:00,-4.831
2014-04-02T13:00:00+02:00,-4.823
2014-04-02T19:00:00+02:00,-4.823
2014-04-03T01:00:00+02:00,-4.819
2014-04-03T07:00:00+02:00,-4.817
2014-04-03T13:00:00+02:00,-4.818
2014-04-03T19:00:00+02:00,-4.824
2014-04-04T01:00:00+02:00,-4.831
2014-04-04T07:00:00+02:00,-4.837
2014-04-04T13:00:00+02:00,-4.846
2014-04-04T19:00:00+02:00,-4.85
2014-04-05T01:00:00+02:00,-4.853
2014-04-05T07:00:00+02:00,-4.855
2014-04-05T13:00:00+02:00,-4.86
2014-04-05T19:00:00+02:00,-4.862
2014-04-06T01:00:00+02:00,-4.86
2014-04-06T07:00:00+02:00,-4.851
2014-04-06T13:00:00+02:00,-4.852
2014-04-06T19:00:00+02:00,-4.853
2014-04-07T01:00:00+02:00,-4.856
2014-04-07T07:00:00+02:00,-4.851
2014-04-07T13:00:00+02:00,-4.839
2014-04-07T19:00:00+02:00,-4.835
2014-04-08T01:00:00+02:00,-4.814
2014-04-08T07:00:00+02:00,-4.829
2014-04-08T13:00:00+02:00,-4.843
2014-04-08T19:00:00+02:00,-4.855
2014-04-09T01:00:00+02:00,-4.858
2014-04-09T07:00:00+02:00,-4.858
2014-04-09T13:00:00+02:00,-4.856
2014-04-09T19:00:00+02:00,-4.846
2014-04-10T01:00:00+02:00,-4.845
2014-04-10T07:00:00+02:00,-4.84
2014-04-10T13:00:00+02:00,-4.838
2014-04-10T19:00:00+02:00,-4.833
2014-04-11T01:00:00+02:00,-4.831
2014-04-11T07:00:00+02:00,-4.831
2014-04-11T13:00:00+02:00,-4.826
2014-04-11T19:00:00+02:00,-4.831
2014-04-12T01:00:00+02:00,-4.833
2014-04-12T07:00:00+02:00,-4.831
2014-04-12T13:00:00+02:00,-4.821
2014-04-12T19:00:00+02:00,-4.822
2014-04-13T01:00:00+02:00,-4.827
2014-04-13T07:00:00+02:00,-4.83
2014-04-13T13:00:00+02:00,-4.837
2014-04-13T19:00:00+02:00,-4.831
2014-04-14T01:00:00+02:00,-4.82
2014-04-14T07:00:00+02:00,-4.829
2014-04-14T13:00:00+02:00,-4.839
2014-04-14T19:00:00+02:00,-4.844
2014-04-15T01:00:00+02:00,-4.856
2014-04-15T07:00:00+02:00,-4.86
2014-04-15T13:00:00+02:00,-4.864
2014-04-15T19:00:00+02:00,-4.859
2014-04-16T01:00:00+02:00,-4.864
2014-04-16T07:00:00+02:00,-4.867
2014-04-16T13:00:00+02:00,-4.863
2014-04-16T19:00:00+02:00,-4.849
2014-04-17T01:00:00+02:00,-4.846
2014-04-17T07:00:00+02:00,-4.841
2014-04-17T13:00:00+02:00,-4.829
2014-04-17T19:00:00+02:00,-4.824
2014-04-18T01:00:00+02:00,-4.825
2014-04-18T07:00:00+02:00,-4.83
2014-04-18T13:00:00+02:00,-4.838
2014-04-18T19:00:00+02:00,-4.839
2014-04-19T01:00:00+02:00,-4.843
2014-04-19T07:00:00+02:00,-4.85
2014-04-19T13:00:00+02:00,-4.843
2014-04-19T19:00:00+02:00,-4.833
2014-04-20T01:00:00+02:00,-4.83
2014-04-20T07:00:00+02:00,-4.821
2014-04-20T13:00:00+02:00,-4.81
2014-04-20T19:00:00+02:00,-4.813
2014-04-21T01:00:00+02:00,-4.824
2014-04-21T07:00:00+02:00,-4.82
2014-04-21T13:00:00+02:00,-4.81
2014-04-21T19:00:00+02:00,-4.814
2014-04-22T01:00:00+02:00,-4.822
2014-04-22T07:00:00+02:00,-4.834
2014-04-22T13:00:00+02:00,-4.841
2014-04-22T19:00:00+02:00,-4.848
2014-04-23T01:00:00+02:00,-4.858
2014-04-23T07:00:00+02:00,-4.862
2014-04-23T13:00:00+02:00,-4.861
2014-04-23T19:00:00+02:00,-4.861
2014-04-24T01:00:00+02:00,-4.861
2014-04-24T07:00:00+02:00,-4.866
2014-04-24T13:00:00+02:00,-4.855
2014-04-24T19:00:00+02:00,-4.85
2014-04-25T01:00:00+02:00,-4.835
2014-04-25T07:00:00+02:00,-4.829
2014-04-25T13:00:00+02:00,-4.82
2014-04-25T19:00:00+02:00,-4.821
2014-04-26T01:00:00+02:00,-4.837
2014-04-26T07:00:00+02:00,-4.835
2014-04-26T13:00:00+02:00,-4.825
2014-04-26T19:00:00+02:00,-4.82
2014-04-27T01:00:00+02:00,-4.821
2014-04-27T07:00:00+02:00,-4.817
2014-04-27T13:00:00+02:00,-4.824
2014-04-27T19:00:00+02:00,-4.822
2014-04-28T01:00:00+02:00,-4.83
2014-04-28T07:00:00+02:00,-4.83
2014-04-28T13:00:00+02:00,-4.834
2014-04-28T19:00:00+02:00,-4.834
2014-04-29T01:00:00+02:00,-4.843
2014-04-29T07:00:00+02:00,-4.835
2014-04-29T13:00:00+02:00,-4.839
2014-04-29T19:00:00+02:00,-4.83
2014-04-30T01:00:00+02:00,-4.835
2014-04-30T07:00:00+02:00,-4.834
2014-04-30T13:00:00+02:00,-4.837
2014-04-30T19:00:00+02:00,-4.835
2014-05-01T01:00:00+02:00,-4.838
2014-05-01T07:00:00+02:00,-4.835
2014-05-01T13:00:00+02:00,-4.836
2014-05-01T19:00:00+02:00,-4.833
2014-05-02T01:00:00+02:00,-4.849
2014-05-02T07:00:00+02:00,-4.858
2014-05-02T13:00:00+02:00,-4.868
2014-05-02T19:00:00+02:00,-4.874
2014-05-03T01:00:00+02:00,-4.887
2014-05-03T07:00:00+02:00,-4.886
2014-05-03T13:00:00+02:00,-4.884
2014-05-03T19:00:00+02:00,-4.879
2014-05-04T01:00:00+02:00,-4.878
2014-05-04T07:00:00+02:00,-4.876
2014-05-04T13:00:00+02:00,-4.871
2014-05-04T19:00:00+02:00,-4.865
2014-05-05T01:00:00+02:00,-4.862
2014-05-05T07:00:00+02:00,-4.862
2014-05-05T13:00:00+02:00,-4.851
2014-05-05T19:00:00+02:00,-4.838
2014-05-06T01:00:00+02:00,-4.836
2014-05-06T07:00:00+02:00,-4.829
2014-05-06T13:00:00+02:00,-4.839
2014-05-06T19:00:00+02:00,-4.836
2014-05-07T01:00:00+02:00,-4.841
2014-05-07T07:00:00+02:00,-4.852
2014-05-07T13:00:00+02:00,-4.852
2014-05-07T19:00:00+02:00,-4.868
2014-05-08T01:00:00+02:00,-4.869
2014-05-08T07:00:00+02:00,-4.871
2014-05-08T13:00:00+02:00,-4.857
2014-05-08T19:00:00+02:00,-4.83
2014-05-09T01:00:00+02:00,-4.838
2014-05-09T07:00:00+02:00,-4.85
2014-05-09T13:00:00+02:00,-4.849
2014-05-09T19:00:00+02:00,-4.848
2014-05-10T01:00:00+02:00,-4.856
2014-05-10T07:00:00+02:00,-4.847
2014-05-10T13:00:00+02:00,-4.821
2014-05-10T19:00:00+02:00,-4.809
2014-05-11T01:00:00+02:00,-4.812
2014-05-11T07:00:00+02:00,-4.808
2014-05-11T13:00:00+02:00,-4.814
2014-05-11T19:00:00+02:00,-4.813
2014-05-12T01:00:00+02:00,-4.815
2014-05-12T07:00:00+02:00,-4.817
2014-05-12T13:00:00+02:00,-4.822
2014-05-12T19:00:00+02:00,-4.822
2014-05-13T01:00:00+02:00,-4.825
2014-05-13T07:00:00+02:00,-4.824
2014-05-13T13:00:00+02:00,-4.835
2014-05-13T19:00:00+02:00,-4.842
2014-05-14T01:00:00+02:00,-4.849
2014-05-14T07:00:00+02:00,-4.849
2014-05-14T13:00:00+02:00,-4.857
2014-05-14T19:00:00+02:00,-4.862
2014-05-15T01:00:00+02:00,-4.87
2014-05-15T07:00:00+02:00,-4.871
2014-05-15T13:00:00+02:00,-4.869
2014-05-15T19:00:00+02:00,-4.865
2014-05-16T01:00:00+02:00,-4.866
2014-05-16T07:00:00+02:00,-4.86
2014-05-16T13:00:00+02:00,-4.852
2014-05-16T19:00:00+02:00,-4.84
2014-05-17T01:00:00+02:00,-4.843
2014-05-17T07:00:00+02:00,-4.836
2014-05-17T13:00:00+02:00,-4.831
2014-05-17T19:00:00+02:00,-4.827
2014-05-18T01:00:00+02:00,-4.822
2014-05-18T07:00:00+02:00,-4.819
2014-05-18T13:00:00+02:00,-4.809
2014-05-18T19:00:00+02:00,-4.802
2014-05-19T01:00:00+02:00,-4.803
2014-05-19T07:00:00+02:00,-4.801
2014-05-19T13:00:00+02:00,-4.8
2014-05-19T19:00:00+02:00,-4.801
2014-05-20T01:00:00+02:00,-4.81
2014-05-20T07:00:00+02:00,-4.818
2014-05-20T13:00:00+02:00,-4.816
2014-05-20T19:00:00+02:00,-4.832
2014-05-21T01:00:00+02:00,-4.85
2014-05-21T07:00:00+02:00,-4.831
2014-05-21T13:00:00+02:00,-4.823
2014-05-21T19:00:00+02:00,-4.812
2014-05-22T01:00:00+02:00,-4.807
2014-05-22T07:00:00+02:00,-4.82
2014-05-22T13:00:00+02:00,-4.822
2014-05-22T19:00:00+02:00,-4.82
2014-05-23T01:00:00+02:00,-4.825
2014-05-23T07:00:00+02:00,-4.826
2014-05-23T13:00:00+02:00,-4.83
2014-05-23T19:00:00+02:00,-4.832
2014-05-24T01:00:00+02:00,-4.835
2014-05-24T07:00:00+02:00,-4.832
2014-05-24T13:00:00+02:00,-4.847
2014-05-24T19:00:00+02:00,-4.848
2014-05-25T01:00:00+02:00,-4.854
2014-05-25T07:00:00+02:00,-4.858
2014-05-25T13:00:00+02:00,-4.858
2014-05-25T19:00:00+02:00,-4.858
2014-05-26T01:00:00+02:00,-4.858
2014-05-26T07:00:00+02:00,-4.851
2014-05-26T13:00:00+02:00,-4.839
2014-05-26T19:00:00+02:00,-4.822
2014-05-27T01:00:00+02:00,-4.827
2014-05-27T07:00:00+02:00,-4.822
2014-05-27T13:00:00+02:00,-4.823
2014-05-27T19:00:00+02:00,-4.814
2014-05-28T01:00:00+02:00,-4.813
2014-05-28T07:00:00+02:00,-4.821
2014-05-28T13:00:00+02:00,-4.822
2014-05-28T19:00:00+02:00,-4.822
2014-05-29T01:00:00+02:00,-4.82
2014-05-29T07:00:00+02:00,-4.824
2014-05-29T13:00:00+02:00,-4.829
2014-05-29T19:00:00+02:00,-4.831
2014-05-30T01:00:00+02:00,-4.833
2014-05-30T07:00:00+02:00,-4.831
2014-05-30T13:00:00+02:00,-4.832
2014-05-30T19:00:00+02:00,-4.829
2014-05-31T01:00:00+02:00,-4.829
2014-05-31T07:00:00+02:00,-4.823
2014-05-31T13:00:00+02:00,-4.82
2014-05-31T19:00:00+02:00,-4.82
2014-06-01T01:00:00+02:00,-4.818
2014-06-01T07:00:00+02:00,-4.82
2014-06-01T13:00:00+02:00,-4.818
2014-06-01T19:00:00+02:00,-4.813
2014-06-02T01:00:00+02:00,-4.814
2014-06-02T07:00:00+02:00,-4.813
2014-06-02T13:00:00+02:00,-4.806
2014-06-02T19:00:00+02:00,-4.807
2014-06-03T01:00:00+02:00,-4.806
2014-06-03T07:00:00+02:00,-4.801
2014-06-03T13:00:00+02:00,-4.798
2014-06-03T19:00:00+02:00,-4.792
2014-06-04T01:00:00+02:00,-4.79
2014-06-04T07:00:00+02:00,-4.782
2014-06-04T13:00:00+02:00,-4.776
2014-06-04T19:00:00+02:00,-4.772
2014-06-05T01:00:00+02:00,-4.791
2014-06-05T07:00:00+02:00,-4.79
2014-06-05T13:00:00+02:00,-4.797
2014-06-05T19:00:00+02:00,-4.807
2014-06-06T01:00:00+02:00,-4.815
2014-06-06T07:00:00+02:00,-4.819
2014-06-06T13:00:00+02:00,-4.818
2014-06-06T19:00:00+02:00,-4.81
2014-06-07T01:00:00+02:00,-4.813
2014-06-07T07:00:00+02:00,-4.812
2014-06-07T13:00:00+02:00,-4.809
2014-06-07T19:00:00+02:00,-4.813
2014-06-08T01:00:00+02:00,-4.819
2014-06-08T07:00:00+02:00,-4.831
2014-06-08T13:00:00+02:00,-4.837
2014-06-08T19:00:00+02:00,-4.834
2014-06-09T01:00:00+02:00,-4.83
2014-06-09T07:00:00+02:00,-4.83
2014-06-09T13:00:00+02:00,-4.83
2014-06-09T19:00:00+02:00,-4.836
2014-06-10T01:00:00+02:00,-4.84
2014-06-10T07:00:00+02:00,-4.814
2014-06-10T13:00:00+02:00,-4.838
2014-06-10T19:00:00+02:00,-4.837
2014-06-11T01:00:00+02:00,-4.852
2014-06-11T07:00:00+02:00,-4.858
2014-06-11T13:00:00+02:00,-4.855
2014-06-11T19:00:00+02:00,-4.859
2014-06-12T01:00:00+02:00,-4.862
2014-06-12T07:00:00+02:00,-4.86
2014-06-12T13:00:00+02:00,-4.857
2014-06-12T19:00:00+02:00,-4.853
2014-06-13T01:00:00+02:00,-4.855
2014-06-13T07:00:00+02:00,-4.848
2014-06-13T13:00:00+02:00,-4.846
2014-06-13T19:00:00+02:00,-4.842
2014-06-14T01:00:00+02:00,-4.848
2014-06-14T07:00:00+02:00,-4.845
2014-06-14T13:00:00+02:00,-4.852
2014-06-14T19:00:00+02:00,-4.852
2014-06-15T01:00:00+02:00,-4.855
2014-06-15T07:00:00+02:00,-4.853
2014-06-15T13:00:00+02:00,-4.857
2014-06-15T19:00:00+02:00,-4.86
2014-06-16T01:00:00+02:00,-4.86
2014-06-16T07:00:00+02:00,-4.854
2014-06-16T13:00:00+02:00,-4.854
2014-06-16T19:00:00+02:00,-4.847
2014-06-17T01:00:00+02:00,-4.849
2014-06-17T07:00:00+02:00,-4.853
2014-06-17T13:00:00+02:00,-4.854
2014-06-17T19:00:00+02:00,-4.851
2014-06-18T01:00:00+02:00,-4.853
2014-06-18T07:00:00+02:00,-4.851
2014-06-18T13:00:00+02:00,-4.854
2014-06-18T19:00:00+02:00,-4.849
2014-06-19T01:00:00+02:00,-4.848
2014-06-19T07:00:00+02:00,-4.845
2014-06-19T13:00:00+02:00,-4.846
2014-06-19T19:00:00+02:00,-4.846
2014-06-20T01:00:00+02:00,-4.844
2014-06-20T07:00:00+02:00,-4.846
2014-06-20T13:00:00+02:00,-4.852
2014-06-20T19:00:00+02:00,-4.849
2014-06-21T01:00:00+02:00,-4.846
2014-06-21T07:00:00+02:00,-4.847
2014-06-21T13:00:00+02:00,-4.845
2014-06-21T19:00:00+02:00,-4.843
2014-06-22T01:00:00+02:00,-4.847
2014-06-22T07:00:00+02:00,-4.852
2014-06-22T13:00:00+02:00,-4.858
2014-06-22T19:00:00+02:00,-4.86
2014-06-23T01:00:00+02:00,-4.865
2014-06-23T07:00:00+02:00,-4.861
2014-06-23T13:00:00+02:00,-4.861
2014-06-23T19:00:00+02:00,-4.855
2014-06-24T01:00:00+02:00,-4.858
2014-06-24T07:00:00+02:00,-4.853
2014-06-24T13:00:00+02:00,-4.851
2014-06-24T19:00:00+02:00,-4.857
2014-06-25T01:00:00+02:00,-4.857
2014-06-25T07:00:00+02:00,-4.853
2014-06-25T13:00:00+02:00,-4.858
2014-06-25T19:00:00+02:00,-4.853
2014-06-26T01:00:00+02:00,-4.858
2014-06-26T07:00:00+02:00,-4.857
2014-06-26T13:00:00+02:00,-4.853
2014-06-26T19:00:00+02:00,-4.852
2014-06-27T01:00:00+02:00,-4.852
2014-06-27T07:00:00+02:00,-4.856
2014-06-27T13:00:00+02:00,-4.852
2014-06-27T19:00:00+02:00,-4.854
2014-06-28T01:00:00+02:00,-4.852
2014-06-28T07:00:00+02:00,-4.853
2014-06-28T13:00:00+02:00,-4.847
2014-06-28T19:00:00+02:00,-4.845
2014-06-29T01:00:00+02:00,-4.849
2014-06-29T07:00:00+02:00,-4.847
2014-06-29T13:00:00+02:00,-4.857
2014-06-29T19:00:00+02:00,-4.856
2014-06-30T01:00:00+02:00,-4.871
2014-06-30T07:00:00+02:00,-4.875
2014-06-30T13:00:00+02:00,-4.88
2014-06-30T19:00:00+02:00,-4.88
2014-07-01T01:00:00+02:00,-4.881
2014-07-01T07:00:00+02:00,-4.881
2014-07-01T13:00:00+02:00,-4.882
2014-07-01T19:00:00+02:00,-4.88
2014-07-02T01:00:00+02:00,-4.881
2014-07-02T07:00:00+02:00,-4.883
2014-07-02T13:00:00+02:00,-4.886
2014-07-02T19:00:00+02:00,-4.882
2014-07-03T01:00:00+02:00,-4.883
2014-07-03T07:00:00+02:00,-4.879
2014-07-03T13:00:00+02:00,-4.876
2014-07-03T19:00:00+02:00,-4.866
2014-07-04T01:00:00+02:00,-4.866
2014-07-04T07:00:00+02:00,-4.862
2014-07-04T13:00:00+02:00,-4.848
2014-07-04T19:00:00+02:00,-4.845
2014-07-05T01:00:00+02:00,-4.851
2014-07-05T07:00:00+02:00,-4.844
2014-07-05T13:00:00+02:00,-4.852
2014-07-05T19:00:00+02:00,-4.855
2014-07-06T01:00:00+02:00,-4.857
2014-07-06T07:00:00+02:00,-4.852
2014-07-06T13:00:00+02:00,-4.854
2014-07-06T19:00:00+02:00,-4.859
2014-07-07T01:00:00+02:00,-4.871
2014-07-07T07:00:00+02:00,-4.888
2014-07-07T13:00:00+02:00,-4.888
2014-07-07T19:00:00+02:00,-4.876
2014-07-08T01:00:00+02:00,-4.87
2014-07-08T07:00:00+02:00,-4.867
2014-07-08T13:00:00+02:00,-4.852
2014-07-08T19:00:00+02:00,-4.851
2014-07-09T01:00:00+02:00,-4.847
2014-07-09T07:00:00+02:00,-4.839
2014-07-09T13:00:00+02:00,-4.829
2014-07-09T19:00:00+02:00,-4.83
2014-07-10T01:00:00+02:00,-4.833
2014-07-10T07:00:00+02:00,-4.835
2014-07-10T13:00:00+02:00,-4.84
2014-07-10T19:00:00+02:00,-4.842
2014-07-11T01:00:00+02:00,-4.85
2014-07-11T07:00:00+02:00,-4.845
2014-07-11T13:00:00+02:00,-4.842
2014-07-11T19:00:00+02:00,-4.845
2014-07-12T01:00:00+02:00,-4.841
2014-07-12T07:00:00+02:00,-4.839
2014-07-12T13:00:00+02:00,-4.833
2014-07-12T19:00:00+02:00,-4.833
2014-07-13T01:00:00+02:00,-4.827
2014-07-13T07:00:00+02:00,-4.821
2014-07-13T13:00:00+02:00,-4.822
2014-07-13T19:00:00+02:00,-4.818
2014-07-14T01:00:00+02:00,-4.829
2014-07-14T07:00:00+02:00,-4.835
2014-07-14T13:00:00+02:00,-4.845
2014-07-14T19:00:00+02:00,-4.849
2014-07-15T01:00:00+02:00,-4.855
2014-07-15T07:00:00+02:00,-4.852
2014-07-15T13:00:00+02:00,-4.858
2014-07-15T19:00:00+02:00,-4.864
2014-07-16T01:00:00+02:00,-4.868
2014-07-16T07:00:00+02:00,-4.863
2014-07-16T13:00:00+02:00,-4.861
2014-07-16T19:00:00+02:00,-4.862
2014-07-17T01:00:00+02:00,-4.864
2014-07-17T07:00:00+02:00,-4.866
2014-07-17T13:00:00+02:00,-4.868
2014-07-17T19:00:00+02:00,-4.865
2014-07-18T01:00:00+02:00,-4.864
2014-07-18T07:00:00+02:00,-4.864
2014-07-18T13:00:00+02:00,-4.853
2014-07-18T19:00:00+02:00,-4.848
2014-07-19T01:00:00+02:00,-4.851
2014-07-19T07:00:00+02:00,-4.849
2014-07-19T13:00:00+02:00,-4.847
2014-07-19T19:00:00+02:00,-4.847
2014-07-20T01:00:00+02:00,-4.853
2014-07-20T07:00:00+02:00,-4.857
2014-07-20T13:00:00+02:00,-4.857
2014-07-20T19:00:00+02:00,-4.857
2014-07-21T01:00:00+02:00,-4.867
2014-07-21T07:00:00+02:00,-4.866
2014-07-21T13:00:00+02:00,-4.879
2014-07-21T19:00:00+02:00,-4.875
2014-07-22T01:00:00+02:00,-4.875
2014-07-22T07:00:00+02:00,-4.875
2014-07-22T13:00:00+02:00,-4.879
2014-07-22T19:00:00+02:00,-4.883
2014-07-23T01:00:00+02:00,-4.887
2014-07-23T07:00:00+02:00,-4.887
2014-07-23T13:00:00+02:00,-4.881
2014-07-23T19:00:00+02:00,-4.874
2014-07-24T01:00:00+02:00,-4.874
2014-07-24T07:00:00+02:00,-4.877
2014-07-24T13:00:00+02:00,-4.872
2014-07-24T19:00:00+02:00,-4.872
2014-07-25T01:00:00+02:00,-4.878
2014-07-25T07:00:00+02:00,-4.877
2014-07-25T13:00:00+02:00,-4.875
2014-07-25T19:00:00+02:00,-4.87
2014-07-26T01:00:00+02:00,-4.87
2014-07-26T07:00:00+02:00,-4.869
2014-07-26T13:00:00+02:00,-4.869
2014-07-26T19:00:00+02:00,-4.871
2014-07-27T01:00:00+02:00,-4.876
2014-07-27T07:00:00+02:00,-4.875
2014-07-27T13:00:00+02:00,-4.879
2014-07-27T19:00:00+02:00,-4.878
2014-07-28T01:00:00+02:00,-4.876
2014-07-28T07:00:00+02:00,-4.864
2014-07-28T13:00:00+02:00,-4.84
2014-07-28T19:00:00+02:00,-4.832
2014-07-29T01:00:00+02:00,-4.83
2014-07-29T07:00:00+02:00,-4.819
2014-07-29T13:00:00+02:00,-4.807
2014-07-29T19:00:00+02:00,-4.796
2014-07-30T01:00:00+02:00,-4.797
2014-07-30T07:00:00+02:00,-4.795
2014-07-30T13:00:00+02:00,-4.793
2014-07-30T19:00:00+02:00,-4.784
2014-07-31T01:00:00+02:00,-4.787
2014-07-31T07:00:00+02:00,-4.79
2014-07-31T13:00:00+02:00,-4.781
2014-07-31T19:00:00+02:00,-4.777
2014-08-01T01:00:00+02:00,-4.782
2014-08-01T07:00:00+02:00,-4.779
2014-08-01T13:00:00+02:00,-4.775
2014-08-01T19:00:00+02:00,-4.774
2014-08-02T01:00:00+02:00,-4.775
2014-08-02T07:00:00+02:00,-4.77
2014-08-02T13:00:00+02:00,-4.769
2014-08-02T19:00:00+02:00,-4.774
2014-08-03T01:00:00+02:00,-4.783
2014-08-03T07:00:00+02:00,-4.796
2014-08-03T13:00:00+02:00,-4.798
2014-08-03T19:00:00+02:00,-4.797
2014-08-04T01:00:00+02:00,-4.808
2014-08-04T07:00:00+02:00,-4.806
2014-08-04T13:00:00+02:00,-4.808
2014-08-04T19:00:00+02:00,-4.813
2014-08-05T01:00:00+02:00,-4.822
2014-08-05T07:00:00+02:00,-4.823
2014-08-05T13:00:00+02:00,-4.819
2014-08-05T19:00:00+02:00,-4.818
2014-08-06T01:00:00+02:00,-4.816
2014-08-06T07:00:00+02:00,-4.811
2014-08-06T13:00:00+02:00,-4.808
2014-08-06T19:00:00+02:00,-4.802
2014-08-07T01:00:00+02:00,-4.802
2014-08-07T07:00:00+02:00,-4.808
2014-08-07T13:00:00+02:00,-4.815
2014-08-07T19:00:00+02:00,-4.814
2014-08-08T01:00:00+02:00,-4.819
2014-08-08T07:00:00+02:00,-4.813
2014-08-08T13:00:00+02:00,-4.805
2014-08-08T19:00:00+02:00,-4.788
2014-08-09T01:00:00+02:00,-4.779
2014-08-09T07:00:00+02:00,-4.783
2014-08-09T13:00:00+02:00,-4.808
2014-08-09T19:00:00+02:00,-4.811
2014-08-10T01:00:00+02:00,-4.806
2014-08-10T07:00:00+02:00,-4.791
2014-08-10T13:00:00+02:00,-4.779
2014-08-10T19:00:00+02:00,-4.765
2014-08-11T01:00:00+02:00,-4.798
2014-08-11T07:00:00+02:00,-4.806
2014-08-11T13:00:00+02:00,-4.809
2014-08-11T19:00:00+02:00,-4.808
2014-08-12T01:00:00+02:00,-4.799
2014-08-12T07:00:00+02:00,-4.788
2014-08-12T13:00:00+02:00,-4.789
2014-08-12T19:00:00+02:00,-4.782
2014-08-13T01:00:00+02:00,-4.78
2014-08-13T07:00:00+02:00,-4.774
2014-08-13T13:00:00+02:00,-4.766
2014-08-13T19:00:00+02:00,-4.773
2014-08-14T01:00:00+02:00,-4.779
2014-08-14T07:00:00+02:00,-4.78
2014-08-14T13:00:00+02:00,-4.782
2014-08-14T19:00:00+02:00,-4.78
2014-08-15T01:00:00+02:00,-4.781
2014-08-15T07:00:00+02:00,-4.779
2014-08-15T13:00:00+02:00,-4.781
2014-08-15T19:00:00+02:00,-4.793
2014-08-16T01:00:00+02:00,-4.798
2014-08-16T07:00:00+02:00,-4.801
2014-08-16T13:00:00+02:00,-4.793
2014-08-16T19:00:00+02:00,-4.787
2014-08-17T01:00:00+02:00,-4.775
2014-08-17T07:00:00+02:00,-4.762
2014-08-17T13:00:00+02:00,-4.759
2014-08-17T19:00:00+02:00,-4.747
2014-08-18T01:00:00+02:00,-4.744
2014-08-18T07:00:00+02:00,-4.743
2014-08-18T13:00:00+02:00,-4.75
2014-08-18T19:00:00+02:00,-4.751
2014-08-19T01:00:00+02:00,-4.748
2014-08-19T07:00:00+02:00,-4.736
2014-08-19T13:00:00+02:00,-4.74
2014-08-19T19:00:00+02:00,-4.743
2014-08-20T01:00:00+02:00,-4.745
2014-08-20T07:00:00+02:00,-4.746
2014-08-20T13:00:00+02:00,-4.747
2014-08-20T19:00:00+02:00,-4.74
2014-08-21T01:00:00+02:00,-4.738
2014-08-21T07:00:00+02:00,-4.739
2014-08-21T13:00:00+02:00,-4.736
2014-08-21T19:00:00+02:00,-4.726
2014-08-22T01:00:00+02:00,-4.725
2014-08-22T07:00:00+02:00,-4.715
2014-08-22T13:00:00+02:00,-4.713
2014-08-22T19:00:00+02:00,-4.714
2014-08-23T01:00:00+02:00,-4.714
2014-08-23T07:00:00+02:00,-4.707
2014-08-23T13:00:00+02:00,-4.692
2014-08-23T19:00:00+02:00,-4.688
2014-08-24T01:00:00+02:00,-4.688
2014-08-24T07:00:00+02:00,-4.682
2014-08-24T13:00:00+02:00,-4.678
2014-08-24T19:00:00+02:00,-4.668
2014-08-25T01:00:00+02:00,-4.669
2014-08-25T07:00:00+02:00,-4.659
2014-08-25T13:00:00+02:00,-4.657
2014-08-25T19:00:00+02:00,-4.646
2014-08-26T01:00:00+02:00,-4.633
2014-08-26T07:00:00+02:00,-4.634
2014-08-26T13:00:00+02:00,-4.644
2014-08-26T19:00:00+02:00,-4.651
2014-08-27T01:00:00+02:00,-4.663
2014-08-27T07:00:00+02:00,-4.666
2014-08-27T13:00:00+02:00,-4.667
2014-08-27T19:00:00+02:00,-4.663
2014-08-28T01:00:00+02:00,-4.666
2014-08-28T07:00:00+02:00,-4.661
2014-08-28T13:00:00+02:00,-4.664
2014-08-28T19:00:00+02:00,-4.668
2014-08-29T01:00:00+02:00,-4.672
2014-08-29T07:00:00+02:00,-4.683
2014-08-29T13:00:00+02:00,-4.637
2014-08-29T19:00:00+02:00,-4.636
2014-08-30T01:00:00+02:00,-4.643
2014-08-30T07:00:00+02:00,-4.646
2014-08-30T13:00:00+02:00,-4.65
2014-08-30T19:00:00+02:00,-4.655
2014-08-31T01:00:00+02:00,-4.656
2014-08-31T07:00:00+02:00,-4.661
2014-08-31T13:00:00+02:00,-4.66
2014-08-31T19:00:00+02:00,-4.665
2014-09-01T01:00:00+02:00,-4.676
2014-09-01T07:00:00+02:00,-4.682
2014-09-01T13:00:00+02:00,-4.683
2014-09-01T19:00:00+02:00,-4.683
2014-09-02T01:00:00+02:00,-4.688
2014-09-02T07:00:00+02:00,-4.692
2014-09-02T13:00:00+02:00,-4.697
2014-09-02T19:00:00+02:00,-4.699
2014-09-03T01:00:00+02:00,-4.702
2014-09-03T07:00:00+02:00,-4.705
2014-09-03T13:00:00+02:00,-4.701
2014-09-03T19:00:00+02:00,-4.698
2014-09-04T01:00:00+02:00,-4.7
2014-09-04T07:00:00+02:00,-4.697
2014-09-04T13:00:00+02:00,-4.691
2014-09-04T19:00:00+02:00,-4.688
2014-09-05T01:00:00+02:00,-4.69
2014-09-05T07:00:00+02:00,-4.694
2014-09-05T13:00:00+02:00,-4.694
2014-09-05T19:00:00+02:00,-4.696
2014-09-06T01:00:00+02:00,-4.701
2014-09-06T07:00:00+02:00,-4.698
2014-09-06T13:00:00+02:00,-4.704
2014-09-06T19:00:00+02:00,-4.704
2014-09-07T01:00:00+02:00,-4.708
2014-09-07T07:00:00+02:00,-4.709
2014-09-07T13:00:00+02:00,-4.708
2014-09-07T19:00:00+02:00,-4.714
2014-09-08T01:00:00+02:00,-4.722
2014-09-08T07:00:00+02:00,-4.726
2014-09-08T13:00:00+02:00,-4.729
2014-09-08T19:00:00+02:00,-4.728
2014-09-09T01:00:00+02:00,-4.733
2014-09-09T07:00:00+02:00,-4.734
2014-09-09T13:00:00+02:00,-4.738
2014-09-09T19:00:00+02:00,-4.739
2014-09-10T01:00:00+02:00,-4.741
2014-09-10T07:00:00+02:00,-4.74
2014-09-10T13:00:00+02:00,-4.741
2014-09-10T19:00:00+02:00,-4.74
2014-09-11T01:00:00+02:00,-4.741
2014-09-11T07:00:00+02:00,-4.74
2014-09-11T13:00:00+02:00,-4.742
2014-09-11T19:00:00+02:00,-4.746
2014-09-12T01:00:00+02:00,-4.757
2014-09-12T07:00:00+02:00,-4.757
2014-09-12T13:00:00+02:00,-4.756
2014-09-12T19:00:00+02:00,-4.756
2014-09-13T01:00:00+02:00,-4.768
2014-09-13T07:00:00+02:00,-4.771
2014-09-13T13:00:00+02:00,-4.768
2014-09-13T19:00:00+02:00,-4.767
2014-09-14T01:00:00+02:00,-4.766
2014-09-14T07:00:00+02:00,-4.761
2014-09-14T13:00:00+02:00,-4.756
2014-09-14T19:00:00+02:00,-4.749
2014-09-15T01:00:00+02:00,-4.749
2014-09-15T07:00:00+02:00,-4.749
2014-09-15T13:00:00+02:00,-4.744
2014-09-15T19:00:00+02:00,-4.746
2014-09-16T01:00:00+02:00,-4.75
2014-09-16T07:00:00+02:00,-4.752
2014-09-16T13:00:00+02:00,-4.75
2014-09-16T19:00:00+02:00,-4.749
2014-09-17T01:00:00+02:00,-4.752
2014-09-17T07:00:00+02:00,-4.755
2014-09-17T13:00:00+02:00,-4.751
2014-09-17T19:00:00+02:00,-4.754
2014-09-18T01:00:00+02:00,-4.754
2014-09-18T07:00:00+02:00,-4.753
2014-09-18T13:00:00+02:00,-4.753
2014-09-18T19:00:00+02:00,-4.756
2014-09-19T01:00:00+02:00,-4.762
2014-09-19T07:00:00+02:00,-4.767
2014-09-19T13:00:00+02:00,-4.769
2014-09-19T19:00:00+02:00,-4.772
2014-09-20T01:00:00+02:00,-4.776
2014-09-20T07:00:00+02:00,-4.778
2014-09-20T13:00:00+02:00,-4.78
2014-09-20T19:00:00+02:00,-4.784
2014-09-21T01:00:00+02:00,-4.788
2014-09-21T07:00:00+02:00,-4.792
2014-09-21T13:00:00+02:00,-4.793
2014-09-21T19:00:00+02:00,-4.794
2014-09-22T01:00:00+02:00,-4.799
2014-09-22T07:00:00+02:00,-4.796
2014-09-22T13:00:00+02:00,-4.796
2014-09-22T19:00:00+02:00,-4.8
2014-09-23T01:00:00+02:00,-4.802
2014-09-23T07:00:00+02:00,-4.797
2014-09-23T13:00:00+02:00,-4.792
2014-09-23T19:00:00+02:00,-4.781
2014-09-24T01:00:00+02:00,-4.777
2014-09-24T07:00:00+02:00,-4.768
2014-09-24T13:00:00+02:00,-4.764
2014-09-24T19:00:00+02:00,-4.762
2014-09-25T01:00:00+02:00,-4.777
2014-09-25T07:00:00+02:00,-4.781
2014-09-25T13:00:00+02:00,-4.786
2014-09-25T19:00:00+02:00,-4.788
2014-09-26T01:00:00+02:00,-4.791
2014-09-26T07:00:00+02:00,-4.793
2014-09-26T13:00:00+02:00,-4.8
2014-09-26T19:00:00+02:00,-4.809
2014-09-27T01:00:00+02:00,-4.814
2014-09-27T07:00:00+02:00,-4.816
2014-09-27T13:00:00+02:00,-4.821
2014-09-27T19:00:00+02:00,-4.812
2014-09-28T01:00:00+02:00,-4.808
2014-09-28T07:00:00+02:00,-4.798
2014-09-28T13:00:00+02:00,-4.792
2014-09-28T19:00:00+02:00,-4.79
2014-09-29T01:00:00+02:00,-4.79
2014-09-29T07:00:00+02:00,-4.79
2014-09-29T13:00:00+02:00,-4.795
2014-09-29T19:00:00+02:00,-4.797
2014-09-30T01:00:00+02:00,-4.796
2014-09-30T07:00:00+02:00,-4.8
2014-09-30T13:00:00+02:00,-4.806
2014-09-30T19:00:00+02:00,-4.807
2014-10-01T01:00:00+02:00,-4.805
2014-10-01T07:00:00+02:00,-4.806
2014-10-01T13:00:00+02:00,-4.808
2014-10-01T19:00:00+02:00,-4.807
2014-10-02T01:00:00+02:00,-4.815
2014-10-02T07:00:00+02:00,-4.819
2014-10-02T13:00:00+02:00,-4.813
2014-10-02T19:00:00+02:00,-4.814
2014-10-03T01:00:00+02:00,-4.806
2014-10-03T07:00:00+02:00,-4.802
2014-10-03T13:00:00+02:00,-4.8
2014-10-03T19:00:00+02:00,-4.792
2014-10-04T01:00:00+02:00,-4.783
2014-10-04T07:00:00+02:00,-4.777
2014-10-04T13:00:00+02:00,-4.774
2014-10-04T19:00:00+02:00,-4.771
2014-10-05T01:00:00+02:00,-4.782
2014-10-05T07:00:00+02:00,-4.788
2014-10-05T13:00:00+02:00,-4.786
2014-10-05T19:00:00+02:00,-4.78
2014-10-06T01:00:00+02:00,-4.773
2014-10-06T07:00:00+02:00,-4.759
2014-10-06T13:00:00+02:00,-4.761
2014-10-06T19:00:00+02:00,-4.754
2014-10-07T01:00:00+02:00,-4.74
2014-10-07T07:00:00+02:00,-4.732
2014-10-07T13:00:00+02:00,-4.736
2014-10-07T19:00:00+02:00,-4.744
2014-10-08T01:00:00+02:00,-4.758
2014-10-08T07:00:00+02:00,-4.753
2014-10-08T13:00:00+02:00,-4.744
2014-10-08T19:00:00+02:00,-4.735
2014-10-09T01:00:00+02:00,-4.737
2014-10-09T07:00:00+02:00,-4.745
2014-10-09T13:00:00+02:00,-4.754
2014-10-09T19:00:00+02:00,-4.756
2014-10-10T01:00:00+02:00,-4.764
2014-10-10T07:00:00+02:00,-4.773
2014-10-10T13:00:00+02:00,-4.784
2014-10-10T19:00:00+02:00,-4.782
2014-10-11T01:00:00+02:00,-4.782
2014-10-11T07:00:00+02:00,-4.778
2014-10-11T13:00:00+02:00,-4.775
2014-10-11T19:00:00+02:00,-4.774
2014-10-12T01:00:00+02:00,-4.777
2014-10-12T07:00:00+02:00,-4.774
2014-10-12T13:00:00+02:00,-4.774
2014-10-12T19:00:00+02:00,-4.762
2014-10-13T01:00:00+02:00,-4.747
2014-10-13T07:00:00+02:00,-4.742
2014-10-13T13:00:00+02:00,-4.746
2014-10-13T19:00:00+02:00,-4.747
2014-10-14T01:00:00+02:00,-4.748
2014-10-14T07:00:00+02:00,-4.748
2014-10-14T13:00:00+02:00,-4.748
2014-10-14T19:00:00+02:00,-4.745
2014-10-15T01:00:00+02:00,-4.744
2014-10-15T07:00:00+02:00,-4.75
2014-10-15T13:00:00+02:00,-4.747
2014-10-15T19:00:00+02:00,-4.748
2014-10-16T01:00:00+02:00,-4.747
2014-10-16T07:00:00+02:00,-4.73
2014-10-16T13:00:00+02:00,-4.744
2014-10-16T19:00:00+02:00,-4.752
2014-10-17T01:00:00+02:00,-4.753
2014-10-17T07:00:00+02:00,-4.765
2014-10-17T13:00:00+02:00,-4.78
2014-10-17T19:00:00+02:00,-4.78
2014-10-18T01:00:00+02:00,-4.784
2014-10-18T07:00:00+02:00,-4.778
2014-10-18T13:00:00+02:00,-4.779
2014-10-18T19:00:00+02:00,-4.781
2014-10-19T01:00:00+02:00,-4.781
2014-10-19T07:00:00+02:00,-4.771
2014-10-19T13:00:00+02:00,-4.775
2014-10-19T19:00:00+02:00,-4.775
2014-10-20T01:00:00+02:00,-4.777
2014-10-20T07:00:00+02:00,-4.78
2014-10-20T13:00:00+02:00,-4.785
2014-10-20T19:00:00+02:00,-4.773
2014-10-21T01:00:00+02:00,-4.759
2014-10-21T07:00:00+02:00,-4.742
2014-10-21T13:00:00+02:00,-4.711
2014-10-21T19:00:00+02:00,-4.738
2014-10-22T01:00:00+02:00,-4.761
2014-10-22T07:00:00+02:00,-4.762
2014-10-22T13:00:00+02:00,-4.768
2014-10-22T19:00:00+02:00,-4.764
2014-10-23T01:00:00+02:00,-4.754
2014-10-23T07:00:00+02:00,-4.744
2014-10-23T13:00:00+02:00,-4.738
2014-10-23T19:00:00+02:00,-4.729
2014-10-24T01:00:00+02:00,-4.725
2014-10-24T07:00:00+02:00,-4.719
2014-10-24T13:00:00+02:00,-4.716
2014-10-24T19:00:00+02:00,-4.707
2014-10-25T01:00:00+02:00,-4.708
2014-10-25T07:00:00+02:00,-4.712
2014-10-25T13:00:00+02:00,-4.717
2014-10-25T19:00:00+02:00,-4.722
2014-10-26T01:00:00+02:00,-4.727
2014-10-26T06:00:00+01:00,-4.725
2014-10-26T12:00:00+01:00,-4.722
2014-10-26T18:00:00+01:00,-4.72
2014-10-27T00:00:00+01:00,-4.725
2014-10-27T06:00:00+01:00,-4.726
2014-10-27T12:00:00+01:00,-4.72
2014-10-27T18:00:00+01:00,-4.717
2014-10-28T00:00:00+01:00,-4.714
2014-10-28T06:00:00+01:00,-4.711
2014-10-28T12:00:00+01:00,-4.704
2014-10-28T18:00:00+01:00,-4.698
2014-10-29T00:00:00+01:00,-4.704
2014-10-29T06:00:00+01:00,-4.708
2014-10-29T12:00:00+01:00,-4.717
2014-10-29T18:00:00+01:00,-4.728
2014-10-30T00:00:00+01:00,-4.731
2014-10-30T06:00:00+01:00,-4.737
2014-10-30T12:00:00+01:00,-4.734
2014-10-30T18:00:00+01:00,-4.733
2014-10-31T00:00:00+01:00,-4.741
2014-10-31T06:00:00+01:00,-4.739
2014-10-31T12:00:00+01:00,-4.74
2014-10-31T18:00:00+01:00,-4.736
2014-11-01T00:00:00+01:00,-4.733
2014-11-01T06:00:00+01:00,-4.736
2014-11-01T12:00:00+01:00,-4.736
2014-11-01T18:00:00+01:00,-4.735
2014-11-02T00:00:00+01:00,-4.729
2014-11-02T06:00:00+01:00,-4.722
2014-11-02T12:00:00+01:00,-4.716
2014-11-02T18:00:00+01:00,-4.705
2014-11-03T00:00:00+01:00,-4.699
2014-11-03T06:00:00+01:00,-4.693
2014-11-03T12:00:00+01:00,-4.681
2014-11-03T18:00:00+01:00,-4.665
2014-11-04T00:00:00+01:00,-4.672
2014-11-04T06:00:00+01:00,-4.684
2014-11-04T12:00:00+01:00,-4.693
2014-11-04T18:00:00+01:00,-4.696
2014-11-05T00:00:00+01:00,-4.705
2014-11-05T06:00:00+01:00,-4.706
2014-11-05T12:00:00+01:00,-4.718
2014-11-05T18:00:00+01:00,-4.726
2014-11-06T00:00:00+01:00,-4.737
2014-11-06T06:00:00+01:00,-4.737
2014-11-06T12:00:00+01:00,-4.734
2014-11-06T18:00:00+01:00,-4.734
2014-11-07T00:00:00+01:00,-4.729
2014-11-07T06:00:00+01:00,-4.709
2014-11-07T12:00:00+01:00,-4.706
2014-11-07T18:00:00+01:00,-4.717
2014-11-08T00:00:00+01:00,-4.727
2014-11-08T06:00:00+01:00,-4.737
2014-11-08T12:00:00+01:00,-4.741
2014-11-08T18:00:00+01:00,-4.737
2014-11-09T00:00:00+01:00,-4.737
2014-11-09T06:00:00+01:00,-4.734
2014-11-09T12:00:00+01:00,-4.734
2014-11-09T18:00:00+01:00,-4.743
2014-11-10T00:00:00+01:00,-4.746
2014-11-10T06:00:00+01:00,-4.746
2014-11-10T12:00:00+01:00,-4.745
2014-11-10T18:00:00+01:00,-4.751
2014-11-11T00:00:00+01:00,-4.751
2014-11-11T06:00:00+01:00,-4.75
2014-11-11T12:00:00+01:00,-4.734
2014-11-11T18:00:00+01:00,-4.733
2014-11-12T00:00:00+01:00,-4.727
2014-11-12T06:00:00+01:00,-4.733
2014-11-12T12:00:00+01:00,-4.737
2014-11-12T18:00:00+01:00,-4.753
2014-11-13T00:00:00+01:00,-4.761
2014-11-13T06:00:00+01:00,-4.767
2014-11-13T12:00:00+01:00,-4.763
2014-11-13T18:00:00+01:00,-4.753
2014-11-14T00:00:00+01:00,-4.762
2014-11-14T06:00:00+01:00,-4.752
2014-11-14T12:00:00+01:00,-4.737
2014-11-14T18:00:00+01:00,-4.75
2014-11-15T00:00:00+01:00,-4.743
2014-11-15T06:00:00+01:00,-4.739
2014-11-15T12:00:00+01:00,-4.72
2014-11-15T18:00:00+01:00,-4.734
2014-11-16T00:00:00+01:00,-4.733
2014-11-16T06:00:00+01:00,-4.727
2014-11-16T12:00:00+01:00,-4.711
2014-11-16T18:00:00+01:00,-4.706
2014-11-17T00:00:00+01:00,-4.705
2014-11-17T06:00:00+01:00,-4.706
2014-11-17T12:00:00+01:00,-4.711
2014-11-17T18:00:00+01:00,-4.715
2014-11-18T00:00:00+01:00,-4.714
2014-11-18T06:00:00+01:00,-4.713
2014-11-18T12:00:00+01:00,-4.713
2014-11-18T18:00:00+01:00,-4.713
2014-11-19T00:00:00+01:00,-4.717
2014-11-19T06:00:00+01:00,-4.725
2014-11-19T12:00:00+01:00,-4.731
2014-11-19T18:00:00+01:00,-4.74
2014-11-20T00:00:00+01:00,-4.743
2014-11-20T06:00:00+01:00,-4.74
2014-11-20T12:00:00+01:00,-4.744
2014-11-20T18:00:00+01:00,-4.74
2014-11-21T00:00:00+01:00,-4.745
2014-11-21T06:00:00+01:00,-4.731
2014-11-21T12:00:00+01:00,-4.722
2014-11-21T18:00:00+01:00,-4.725
2014-11-22T00:00:00+01:00,-4.717
2014-11-22T06:00:00+01:00,-4.719
2014-11-22T12:00:00+01:00,-4.715
2014-11-22T18:00:00+01:00,-4.72
2014-11-23T00:00:00+01:00,-4.724
2014-11-23T06:00:00+01:00,-4.718
2014-11-23T12:00:00+01:00,-4.715
2014-11-23T18:00:00+01:00,-4.71
2014-11-24T00:00:00+01:00,-4.735
2014-11-24T06:00:00+01:00,-4.745
2014-11-24T12:00:00+01:00,-4.75
2014-11-24T18:00:00+01:00,-4.756
2014-11-25T00:00:00+01:00,-4.76
2014-11-25T06:00:00+01:00,-4.754
2014-11-25T12:00:00+01:00,-4.742
2014-11-25T18:00:00+01:00,-4.737
2014-11-26T00:00:00+01:00,-4.73
2014-11-26T06:00:00+01:00,-4.727
2014-11-26T12:00:00+01:00,-4.715
2014-11-26T18:00:00+01:00,-4.715
2014-11-27T00:00:00+01:00,-4.71
2014-11-27T06:00:00+01:00,-4.702
2014-11-27T12:00:00+01:00,-4.703
2014-11-27T18:00:00+01:00,-4.705
2014-11-28T00:00:00+01:00,-4.706
2014-11-28T06:00:00+01:00,-4.711
2014-11-28T12:00:00+01:00,-4.712
2014-11-28T18:00:00+01:00,-4.727
2014-11-29T00:00:00+01:00,-4.735
2014-11-29T06:00:00+01:00,-4.74
2014-11-29T12:00:00+01:00,-4.739
2014-11-29T18:00:00+01:00,-4.746
2014-11-30T00:00:00+01:00,-4.735
2014-11-30T06:00:00+01:00,-4.732
2014-11-30T12:00:00+01:00,-4.73
2014-11-30T18:00:00+01:00,-4.73
2014-12-01T00:00:00+01:00,-4.732
2014-12-01T06:00:00+01:00,-4.731
2014-12-01T12:00:00+01:00,-4.728
2014-12-01T18:00:00+01:00,-4.73
2014-12-02T00:00:00+01:00,-4.732
2014-12-02T06:00:00+01:00,-4.733
2014-12-02T12:00:00+01:00,-4.735
2014-12-02T18:00:00+01:00,-4.742
2014-12-03T00:00:00+01:00,-4.754
2014-12-03T06:00:00+01:00,-4.747
2014-12-03T12:00:00+01:00,-4.753
2014-12-03T18:00:00+01:00,-4.75
2014-12-04T00:00:00+01:00,-4.749
2014-12-04T06:00:00+01:00,-4.736
2014-12-04T12:00:00+01:00,-4.73
2014-12-04T18:00:00+01:00,-4.731
2014-12-05T00:00:00+01:00,-4.734
2014-12-05T06:00:00+01:00,-4.732
2014-12-05T12:00:00+01:00,-4.732
2014-12-05T18:00:00+01:00,-4.735
2014-12-06T00:00:00+01:00,-4.747
2014-12-06T06:00:00+01:00,-4.753
2014-12-06T12:00:00+01:00,-4.762
2014-12-06T18:00:00+01:00,-4.766
2014-12-07T00:00:00+01:00,-4.755
2014-12-07T06:00:00+01:00,-4.744
2014-12-07T12:00:00+01:00,-4.728
2014-12-07T18:00:00+01:00,-4.728
2014-12-08T00:00:00+01:00,-4.742
2014-12-08T06:00:00+01:00,-4.734
2014-12-08T12:00:00+01:00,-4.735
2014-12-08T18:00:00+01:00,-4.738
2014-12-09T00:00:00+01:00,-4.739
2014-12-09T06:00:00+01:00,-4.764
2014-12-09T12:00:00+01:00,-4.764
2014-12-09T18:00:00+01:00,-4.75
2014-12-10T00:00:00+01:00,-4.719
2014-12-10T06:00:00+01:00,-4.702
2014-12-10T12:00:00+01:00,-4.713
2014-12-10T18:00:00+01:00,-4.709
2014-12-11T00:00:00+01:00,-4.7
2014-12-11T06:00:00+01:00,-4.682
2014-12-11T12:00:00+01:00,-4.686
2014-12-11T18:00:00+01:00,-4.686
2014-12-12T00:00:00+01:00,-4.668
2014-12-12T06:00:00+01:00,-4.633
2014-12-12T12:00:00+01:00,-4.63
2014-12-12T18:00:00+01:00,-4.644
2014-12-13T00:00:00+01:00,-4.668
2014-12-13T06:00:00+01:00,-4.667
2014-12-13T12:00:00+01:00,-4.674
2014-12-13T18:00:00+01:00,-4.673
2014-12-14T00:00:00+01:00,-4.67
2014-12-14T06:00:00+01:00,-4.667
2014-12-14T12:00:00+01:00,-4.659
2014-12-14T18:00:00+01:00,-4.653
2014-12-15T00:00:00+01:00,-4.644
2014-12-15T06:00:00+01:00,-4.643
2014-12-15T12:00:00+01:00,-4.643
2014-12-15T18:00:00+01:00,-4.648
2014-12-16T00:00:00+01:00,-4.646
2014-12-16T06:00:00+01:00,-4.641
2014-12-16T12:00:00+01:00,-4.645
2014-12-16T18:00:00+01:00,-4.657
2014-12-17T00:00:00+01:00,-4.653
2014-12-17T06:00:00+01:00,-4.618
2014-12-17T12:00:00+01:00,-4.617
2014-12-17T18:00:00+01:00,-4.641
2014-12-18T00:00:00+01:00,-4.648
2014-12-18T06:00:00+01:00,-4.646
2014-12-18T12:00:00+01:00,-4.645
2014-12-18T18:00:00+01:00,-4.649
2014-12-19T00:00:00+01:00,-4.652
2014-12-19T06:00:00+01:00,-4.635
2014-12-19T12:00:00+01:00,-4.646
2014-12-19T18:00:00+01:00,-4.659
2014-12-20T00:00:00+01:00,-4.665
2014-12-20T06:00:00+01:00,-4.657
2014-12-20T12:00:00+01:00,-4.652
2014-12-20T18:00:00+01:00,-4.663
2014-12-21T00:00:00+01:00,-4.679
2014-12-21T06:00:00+01:00,-4.667
2014-12-21T12:00:00+01:00,-4.657
2014-12-21T18:00:00+01:00,-4.651
2014-12-22T00:00:00+01:00,-4.639
2014-12-22T06:00:00+01:00,-4.629
2014-12-22T12:00:00+01:00,-4.642
2014-12-22T18:00:00+01:00,-4.638
2014-12-23T00:00:00+01:00,-4.64
2014-12-23T06:00:00+01:00,-4.644
2014-12-23T12:00:00+01:00,-4.645
2014-12-23T18:00:00+01:00,-4.646
2014-12-24T00:00:00+01:00,-4.649
2014-12-24T06:00:00+01:00,-4.638
2014-12-24T12:00:00+01:00,-4.65
2014-12-24T18:00:00+01:00,-4.663
2014-12-25T00:00:00+01:00,-4.669
2014-12-25T06:00:00+01:00,-4.674
2014-12-25T12:00:00+01:00,-4.681
2014-12-25T18:00:00+01:00,-4.694
2014-12-26T00:00:00+01:00,-4.701
2014-12-26T06:00:00+01:00,-4.7
2014-12-26T12:00:00+01:00,-4.691
2014-12-26T18:00:00+01:00,-4.675
2014-12-27T00:00:00+01:00,-4.64
2014-12-27T06:00:00+01:00,-4.593
2014-12-27T12:00:00+01:00,-4.608
2014-12-27T18:00:00+01:00,-4.626
2014-12-28T00:00:00+01:00,-4.652
2014-12-28T06:00:00+01:00,-4.675
2014-12-28T12:00:00+01:00,-4.692
2014-12-28T18:00:00+01:00,-4.693
2014-12-29T00:00:00+01:00,-4.671
2014-12-29T06:00:00+01:00,-4.67
2014-12-29T12:00:00+01:00,-4.676
2014-12-29T18:00:00+01:00,-4.683
2014-12-30T00:00:00+01:00,-4.679
2014-12-30T06:00:00+01:00,-4.675
2014-12-30T12:00:00+01:00,-4.677
2014-12-30T18:00:00+01:00,-4.666
2014-12-31T00:00:00+01:00,-4.671
2014-12-31T06:00:00+01:00,-4.672
2014-12-31T12:00:00+01:00,-4.676
2014-12-31T18:00:00+01:00,-4.676
2015-01-01T00:00:00+01:00,-4.678
2015-01-01T06:00:00+01:00,-4.673
2015-01-01T12:00:00+01:00,-4.671
2015-01-01T18:00:00+01:00,-4.66
2015-01-02T00:00:00+01:00,-4.653
2015-01-02T06:00:00+01:00,-4.639
2015-01-02T12:00:00+01:00,-4.669
2015-01-02T18:00:00+01:00,-4.677
2015-01-03T00:00:00+01:00,-4.686
2015-01-03T06:00:00+01:00,-4.663
2015-01-03T12:00:00+01:00,-4.652
2015-01-03T18:00:00+01:00,-4.66
2015-01-04T00:00:00+01:00,-4.692
2015-01-04T06:00:00+01:00,-4.699
2015-01-04T12:00:00+01:00,-4.71
2015-01-04T18:00:00+01:00,-4.709
2015-01-05T00:00:00+01:00,-4.709
2015-01-05T06:00:00+01:00,-4.7
2015-01-05T12:00:00+01:00,-4.695
2015-01-05T18:00:00+01:00,-4.689
2015-01-06T00:00:00+01:00,-4.684
2015-01-06T06:00:00+01:00,-4.675
2015-01-06T12:00:00+01:00,-4.667
2015-01-06T18:00:00+01:00,-4.675
2015-01-07T00:00:00+01:00,-4.688
2015-01-07T06:00:00+01:00,-4.694
2015-01-07T12:00:00+01:00,-4.691
2015-01-07T18:00:00+01:00,-4.687
2015-01-08T00:00:00+01:00,-4.677
2015-01-08T06:00:00+01:00,-4.669
2015-01-08T12:00:00+01:00,-4.664
2015-01-08T18:00:00+01:00,-4.682
2015-01-09T00:00:00+01:00,-4.678
2015-01-09T06:00:00+01:00,-4.641
2015-01-09T12:00:00+01:00,-4.651
2015-01-09T18:00:00+01:00,-4.648
2015-01-10T00:00:00+01:00,-4.628
2015-01-10T06:00:00+01:00,-4.616
2015-01-10T12:00:00+01:00,-4.599
2015-01-10T18:00:00+01:00,-4.63
2015-01-11T00:00:00+01:00,-4.625
2015-01-11T06:00:00+01:00,-4.612
2015-01-11T12:00:00+01:00,-4.631
2015-01-11T18:00:00+01:00,-4.631
2015-01-12T00:00:00+01:00,-4.623
2015-01-12T06:00:00+01:00,-4.605
2015-01-12T12:00:00+01:00,-4.599
2015-01-12T18:00:00+01:00,-4.603
2015-01-13T00:00:00+01:00,-4.595
2015-01-13T06:00:00+01:00,-4.572
2015-01-13T12:00:00+01:00,-4.571
2015-01-13T18:00:00+01:00,-4.575
2015-01-14T00:00:00+01:00,-4.575
2015-01-14T06:00:00+01:00,-4.577
2015-01-14T12:00:00+01:00,-4.572
2015-01-14T18:00:00+01:00,-4.59
2015-01-15T00:00:00+01:00,-4.554
2015-01-15T06:00:00+01:00,-4.518
2015-01-15T12:00:00+01:00,-4.52
2015-01-15T18:00:00+01:00,-4.523
2015-01-16T00:00:00+01:00,-4.54
2015-01-16T06:00:00+01:00,-4.551
2015-01-16T12:00:00+01:00,-4.56
2015-01-16T18:00:00+01:00,-4.562
2015-01-17T00:00:00+01:00,-4.573
2015-01-17T06:00:00+01:00,-4.582
2015-01-17T12:00:00+01:00,-4.585
2015-01-17T18:00:00+01:00,-4.576
2015-01-18T00:00:00+01:00,-4.582
2015-01-18T06:00:00+01:00,-4.576
2015-01-18T12:00:00+01:00,-4.578
2015-01-18T18:00:00+01:00,-4.578
2015-01-19T00:00:00+01:00,-4.587
2015-01-19T06:00:00+01:00,-4.584
2015-01-19T12:00:00+01:00,-4.583
2015-01-19T18:00:00+01:00,-4.579
2015-01-20T00:00:00+01:00,-4.585
2015-01-20T06:00:00+01:00,-4.582
2015-01-20T12:00:00+01:00,-4.587
2015-01-20T18:00:00+01:00,-4.586
2015-01-21T00:00:00+01:00,-4.591
2015-01-21T06:00:00+01:00,-4.588
2015-01-21T12:00:00+01:00,-4.593
2015-01-21T18:00:00+01:00,-4.6
2015-01-22T00:00:00+01:00,-4.612
2015-01-22T06:00:00+01:00,-4.617
2015-01-22T12:00:00+01:00,-4.627
2015-01-22T18:00:00+01:00,-4.633
2015-01-23T00:00:00+01:00,-4.642
2015-01-23T06:00:00+01:00,-4.647
2015-01-23T12:00:00+01:00,-4.652
2015-01-23T18:00:00+01:00,-4.645
2015-01-24T00:00:00+01:00,-4.635
2015-01-24T06:00:00+01:00,-4.616
2015-01-24T12:00:00+01:00,-4.634
2015-01-24T18:00:00+01:00,-4.655
2015-01-25T00:00:00+01:00,-4.664
2015-01-25T06:00:00+01:00,-4.666
2015-01-25T12:00:00+01:00,-4.654
2015-01-25T18:00:00+01:00,-4.655
2015-01-26T00:00:00+01:00,-4.645
2015-01-26T06:00:00+01:00,-4.631
2015-01-26T12:00:00+01:00,-4.62
2015-01-26T18:00:00+01:00,-4.633
2015-01-27T00:00:00+01:00,-4.645
2015-01-27T06:00:00+01:00,-4.648
2015-01-27T12:00:00+01:00,-4.651
2015-01-27T18:00:00+01:00,-4.652
2015-01-28T00:00:00+01:00,-4.638
2015-01-28T06:00:00+01:00,-4.617
2015-01-28T12:00:00+01:00,-4.573
2015-01-28T18:00:00+01:00,-4.574
2015-01-29T00:00:00+01:00,-4.575
2015-01-29T06:00:00+01:00,-4.557
2015-01-29T12:00:00+01:00,-4.546
2015-01-29T18:00:00+01:00,-4.519
2015-01-30T00:00:00+01:00,-4.525
2015-01-30T06:00:00+01:00,-4.537
2015-01-30T12:00:00+01:00,-4.538
2015-01-30T18:00:00+01:00,-4.538
2015-01-31T00:00:00+01:00,-4.537
2015-01-31T06:00:00+01:00,-4.542
2015-01-31T12:00:00+01:00,-4.549
2015-01-31T18:00:00+01:00,-4.557
2015-02-01T00:00:00+01:00,-4.559
2015-02-01T06:00:00+01:00,-4.555
2015-02-01T12:00:00+01:00,-4.569
2015-02-01T18:00:00+01:00,-4.58
2015-02-02T00:00:00+01:00,-4.583
2015-02-02T06:00:00+01:00,-4.581
2015-02-02T12:00:00+01:00,-4.582
2015-02-02T18:00:00+01:00,-4.582
2015-02-03T00:00:00+01:00,-4.584
2015-02-03T06:00:00+01:00,-4.58
2015-02-03T12:00:00+01:00,-4.591
2015-02-03T18:00:00+01:00,-4.6
2015-02-04T00:00:00+01:00,-4.611
2015-02-04T06:00:00+01:00,-4.612
2015-02-04T12:00:00+01:00,-4.62
2015-02-04T18:00:00+01:00,-4.633
2015-02-05T00:00:00+01:00,-4.633
2015-02-05T06:00:00+01:00,-4.636
2015-02-05T12:00:00+01:00,-4.649
2015-02-05T18:00:00+01:00,-4.654
2015-02-06T00:00:00+01:00,-4.664
2015-02-06T06:00:00+01:00,-4.662
2015-02-06T12:00:00+01:00,-4.665
2015-02-06T18:00:00+01:00,-4.669
2015-02-07T00:00:00+01:00,-4.678
2015-02-07T06:00:00+01:00,-4.676
2015-02-07T12:00:00+01:00,-4.675
2015-02-07T18:00:00+01:00,-4.672
2015-02-08T00:00:00+01:00,-4.672
2015-02-08T06:00:00+01:00,-4.674
2015-02-08T12:00:00+01:00,-4.691
2015-02-08T18:00:00+01:00,-4.692
2015-02-09T00:00:00+01:00,-4.688
2015-02-09T06:00:00+01:00,-4.69
2015-02-09T12:00:00+01:00,-4.688
2015-02-09T18:00:00+01:00,-4.693
2015-02-10T00:00:00+01:00,-4.697
2015-02-10T06:00:00+01:00,-4.7
2015-02-10T12:00:00+01:00,-4.704
2015-02-10T18:00:00+01:00,-4.704
2015-02-11T00:00:00+01:00,-4.699
2015-02-11T06:00:00+01:00,-4.692
2015-02-11T12:00:00+01:00,-4.689
2015-02-11T18:00:00+01:00,-4.689
2015-02-12T00:00:00+01:00,-4.686
2015-02-12T06:00:00+01:00,-4.683
2015-02-12T12:00:00+01:00,-4.685
2015-02-12T18:00:00+01:00,-4.684
2015-02-13T00:00:00+01:00,-4.679
2015-02-13T06:00:00+01:00,-4.672
2015-02-13T12:00:00+01:00,-4.664
2015-02-13T18:00:00+01:00,-4.656
2015-02-14T00:00:00+01:00,-4.659
2015-02-14T06:00:00+01:00,-4.662
2015-02-14T12:00:00+01:00,-4.674
2015-02-14T18:00:00+01:00,-4.681
2015-02-15T00:00:00+01:00,-4.692
2015-02-15T06:00:00+01:00,-4.698
2015-02-15T12:00:00+01:00,-4.711
2015-02-15T18:00:00+01:00,-4.713
2015-02-16T00:00:00+01:00,-4.716
2015-02-16T06:00:00+01:00,-4.713
2015-02-16T12:00:00+01:00,-4.715
2015-02-16T18:00:00+01:00,-4.721
2015-02-17T00:00:00+01:00,-4.738
2015-02-17T06:00:00+01:00,-4.748
2015-02-17T12:00:00+01:00,-4.77
2015-02-17T18:00:00+01:00,-4.784
2015-02-18T00:00:00+01:00,-4.789
2015-02-18T06:00:00+01:00,-4.78
2015-02-18T12:00:00+01:00,-4.772
2015-02-18T18:00:00+01:00,-4.76
2015-02-19T00:00:00+01:00,-4.752
2015-02-19T06:00:00+01:00,-4.74
2015-02-19T12:00:00+01:00,-4.721
2015-02-19T18:00:00+01:00,-4.71
2015-02-20T00:00:00+01:00,-4.697
2015-02-20T06:00:00+01:00,-4.674
2015-02-20T12:00:00+01:00,-4.668
2015-02-20T18:00:00+01:00,-4.644
2015-02-21T00:00:00+01:00,-4.621
2015-02-21T06:00:00+01:00,-4.626
2015-02-21T12:00:00+01:00,-4.631
2015-02-21T18:00:00+01:00,-4.636
2015-02-22T00:00:00+01:00,-4.643
2015-02-22T06:00:00+01:00,-4.645
2015-02-22T12:00:00+01:00,-4.641
2015-02-22T18:00:00+01:00,-4.611
2015-02-23T00:00:00+01:00,-4.576
2015-02-23T06:00:00+01:00,-4.569
2015-02-23T12:00:00+01:00,-4.572
2015-02-23T18:00:00+01:00,-4.575
2015-02-24T00:00:00+01:00,-4.584
2015-02-24T06:00:00+01:00,-4.586
2015-02-24T12:00:00+01:00,-4.616
2015-02-24T18:00:00+01:00,-4.64
2015-02-25T00:00:00+01:00,-4.642
2015-02-25T06:00:00+01:00,-4.648
2015-02-25T12:00:00+01:00,-4.657
2015-02-25T18:00:00+01:00,-4.658
2015-02-26T00:00:00+01:00,-4.665
2015-02-26T06:00:00+01:00,-4.652
2015-02-26T12:00:00+01:00,-4.643
2015-02-26T18:00:00+01:00,-4.624
2015-02-27T00:00:00+01:00,-4.629
2015-02-27T06:00:00+01:00,-4.648
2015-02-27T12:00:00+01:00,-4.658
2015-02-27T18:00:00+01:00,-4.668
2015-02-28T00:00:00+01:00,-4.671
2015-02-28T06:00:00+01:00,-4.651
2015-02-28T12:00:00+01:00,-4.642
2015-02-28T18:00:00+01:00,-4.619
2015-03-01T00:00:00+01:00,-4.587
2015-03-01T06:00:00+01:00,-4.568
2015-03-01T12:00:00+01:00,-4.601
2015-03-01T18:00:00+01:00,-4.598
2015-03-02T00:00:00+01:00,-4.578
2015-03-02T06:00:00+01:00,-4.612
2015-03-02T12:00:00+01:00,-4.628
2015-03-02T18:00:00+01:00,-4.637
2015-03-03T00:00:00+01:00,-4.665
2015-03-03T06:00:00+01:00,-4.669
2015-03-03T12:00:00+01:00,-4.656
2015-03-03T18:00:00+01:00,-4.662
2015-03-04T00:00:00+01:00,-4.68
2015-03-04T06:00:00+01:00,-4.684
2015-03-04T12:00:00+01:00,-4.712
2015-03-04T18:00:00+01:00,-4.722
2015-03-05T00:00:00+01:00,-4.754
2015-03-05T06:00:00+01:00,-4.753
2015-03-05T12:00:00+01:00,-4.754
2015-03-05T18:00:00+01:00,-4.747
2015-03-06T00:00:00+01:00,-4.745
2015-03-06T06:00:00+01:00,-4.74
2015-03-06T12:00:00+01:00,-4.733
2015-03-06T18:00:00+01:00,-4.735
2015-03-07T00:00:00+01:00,-4.725
2015-03-07T06:00:00+01:00,-4.72
2015-03-07T12:00:00+01:00,-4.714
2015-03-07T18:00:00+01:00,-4.702
2015-03-08T00:00:00+01:00,-4.696
2015-03-08T06:00:00+01:00,-4.695
2015-03-08T12:00:00+01:00,-4.695
2015-03-08T18:00:00+01:00,-4.7
2015-03-09T00:00:00+01:00,-4.713
2015-03-09T06:00:00+01:00,-4.735
2015-03-09T12:00:00+01:00,-4.729
2015-03-09T18:00:00+01:00,-4.714
2015-03-10T00:00:00+01:00,-4.721
2015-03-10T06:00:00+01:00,-4.738
2015-03-10T12:00:00+01:00,-4.744
2015-03-10T18:00:00+01:00,-4.747
2015-03-11T00:00:00+01:00,-4.763
2015-03-11T06:00:00+01:00,-4.763
2015-03-11T12:00:00+01:00,-4.764
2015-03-11T18:00:00+01:00,-4.762
2015-03-12T00:00:00+01:00,-4.772
2015-03-12T06:00:00+01:00,-4.777
2015-03-12T12:00:00+01:00,-4.777
2015-03-12T18:00:00+01:00,-4.775
2015-03-13T00:00:00+01:00,-4.758
2015-03-13T06:00:00+01:00,-4.761
2015-03-13T12:00:00+01:00,-4.769
2015-03-13T18:00:00+01:00,-4.779
2015-03-14T00:00:00+01:00,-4.786
2015-03-14T06:00:00+01:00,-4.794
2015-03-14T12:00:00+01:00,-4.798
2015-03-14T18:00:00+01:00,-4.807
2015-03-15T00:00:00+01:00,-4.804
2015-03-15T06:00:00+01:00,-4.797
2015-03-15T12:00:00+01:00,-4.797
2015-03-15T18:00:00+01:00,-4.789
2015-03-16T00:00:00+01:00,-4.793
2015-03-16T06:00:00+01:00,-4.785
2015-03-16T12:00:00+01:00,-4.795
2015-03-16T18:00:00+01:00,-4.787
2015-03-17T00:00:00+01:00,-4.795
2015-03-17T06:00:00+01:00,-4.804
2015-03-17T12:00:00+01:00,-4.802
2015-03-17T18:00:00+01:00,-4.796
2015-03-18T00:00:00+01:00,-4.809
2015-03-18T06:00:00+01:00,-4.815
2015-03-18T12:00:00+01:00,-4.825
2015-03-18T18:00:00+01:00,-4.832
2015-03-19T00:00:00+01:00,-4.832
2015-03-19T06:00:00+01:00,-4.815
2015-03-19T12:00:00+01:00,-4.826
2015-03-19T18:00:00+01:00,-4.824
2015-03-20T00:00:00+01:00,-4.836
2015-03-20T06:00:00+01:00,-4.823
2015-03-20T12:00:00+01:00,-4.821
2015-03-20T18:00:00+01:00,-4.807
2015-03-21T00:00:00+01:00,-4.795
2015-03-21T06:00:00+01:00,-4.791
2015-03-21T12:00:00+01:00,-4.79
2015-03-21T18:00:00+01:00,-4.809
2015-03-22T00:00:00+01:00,-4.837
2015-03-22T06:00:00+01:00,-4.843
2015-03-22T12:00:00+01:00,-4.837
2015-03-22T18:00:00+01:00,-4.825
2015-03-23T00:00:00+01:00,-4.815
2015-03-23T06:00:00+01:00,-4.804
2015-03-23T12:00:00+01:00,-4.792
2015-03-23T18:00:00+01:00,-4.786
2015-03-24T00:00:00+01:00,-4.788
2015-03-24T06:00:00+01:00,-4.783
2015-03-24T12:00:00+01:00,-4.771
2015-03-24T18:00:00+01:00,-4.778
2015-03-25T00:00:00+01:00,-4.773
2015-03-25T06:00:00+01:00,-4.766
2015-03-25T12:00:00+01:00,-4.773
2015-03-25T18:00:00+01:00,-4.781
2015-03-26T00:00:00+01:00,-4.791
2015-03-26T06:00:00+01:00,-4.794
2015-03-26T12:00:00+01:00,-4.768
2015-03-26T18:00:00+01:00,-4.771
2015-03-27T00:00:00+01:00,-4.783
2015-03-27T06:00:00+01:00,-4.806
2015-03-27T12:00:00+01:00,-4.831
2015-03-27T18:00:00+01:00,-4.855
2015-03-28T00:00:00+01:00,-4.86
2015-03-28T06:00:00+01:00,-4.847
2015-03-28T12:00:00+01:00,-4.816
2015-03-28T18:00:00+01:00,-4.783
2015-03-29T00:00:00+01:00,-4.774
2015-03-29T07:00:00+02:00,-4.766
2015-03-29T13:00:00+02:00,-4.73
2015-03-29T19:00:00+02:00,-4.701
2015-03-30T01:00:00+02:00,-4.73
2015-03-30T07:00:00+02:00,-4.756
2015-03-30T13:00:00+02:00,-4.792
2015-03-30T19:00:00+02:00,-4.793
2015-03-31T01:00:00+02:00,-4.722
2015-03-31T07:00:00+02:00,-4.693
2015-03-31T13:00:00+02:00,-4.748
2015-03-31T19:00:00+02:00,-4.771
2015-04-01T01:00:00+02:00,-4.782
2015-04-01T07:00:00+02:00,-4.791
2015-04-01T13:00:00+02:00,-4.812
2015-04-01T19:00:00+02:00,-4.797
2015-04-02T01:00:00+02:00,-4.791
2015-04-02T07:00:00+02:00,-4.769
2015-04-02T13:00:00+02:00,-4.806
2015-04-02T19:00:00+02:00,-4.82
2015-04-03T01:00:00+02:00,-4.834
2015-04-03T07:00:00+02:00,-4.821
2015-04-03T13:00:00+02:00,-4.807
2015-04-03T19:00:00+02:00,-4.799
2015-04-04T01:00:00+02:00,-4.806
2015-04-04T07:00:00+02:00,-4.812
2015-04-04T13:00:00+02:00,-4.819
2015-04-04T19:00:00+02:00,-4.832
2015-04-05T01:00:00+02:00,-4.843
2015-04-05T07:00:00+02:00,-4.852
2015-04-05T13:00:00+02:00,-4.864
2015-04-05T19:00:00+02:00,-4.87
2015-04-06T01:00:00+02:00,-4.869
2015-04-06T07:00:00+02:00,-4.864
2015-04-06T13:00:00+02:00,-4.887
2015-04-06T19:00:00+02:00,-4.891
2015-04-07T01:00:00+02:00,-4.91
2015-04-07T07:00:00+02:00,-4.903
2015-04-07T13:00:00+02:00,-4.903
2015-04-07T19:00:00+02:00,-4.899
2015-04-08T01:00:00+02:00,-4.9
2015-04-08T07:00:00+02:00,-4.895
2015-04-08T13:00:00+02:00,-4.897
2015-04-08T19:00:00+02:00,-4.89
2015-04-09T01:00:00+02:00,-4.888
2015-04-09T07:00:00+02:00,-4.866
2015-04-09T13:00:00+02:00,-4.863
2015-04-09T19:00:00+02:00,-4.861
2015-04-10T01:00:00+02:00,-4.859
2015-04-10T07:00:00+02:00,-4.848
2015-04-10T13:00:00+02:00,-4.853
2015-04-10T19:00:00+02:00,-4.825
2015-04-11T01:00:00+02:00,-4.819
2015-04-11T07:00:00+02:00,-4.828
2015-04-11T13:00:00+02:00,-4.836
2015-04-11T19:00:00+02:00,-4.869
2015-04-12T01:00:00+02:00,-4.891
2015-04-12T07:00:00+02:00,-4.894
2015-04-12T13:00:00+02:00,-4.896
2015-04-12T19:00:00+02:00,-4.871
2015-04-13T01:00:00+02:00,-4.89
2015-04-13T07:00:00+02:00,-4.914
2015-04-13T13:00:00+02:00,-4.916
2015-04-13T19:00:00+02:00,-4.927
2015-04-14T01:00:00+02:00,-4.906
2015-04-14T07:00:00+02:00,-4.893
2015-04-14T13:00:00+02:00,-4.881
2015-04-14T19:00:00+02:00,-4.875
2015-04-15T01:00:00+02:00,-4.87
2015-04-15T07:00:00+02:00,-4.858
2015-04-15T13:00:00+02:00,-4.852
2015-04-15T19:00:00+02:00,-4.847
2015-04-16T01:00:00+02:00,-4.856
2015-04-16T07:00:00+02:00,-4.863
2015-04-16T13:00:00+02:00,-4.869
2015-04-16T19:00:00+02:00,-4.856
2015-04-17T01:00:00+02:00,-4.866
2015-04-17T07:00:00+02:00,-4.873
2015-04-17T13:00:00+02:00,-4.887
2015-04-17T19:00:00+02:00,-4.893
2015-04-18T01:00:00+02:00,-4.912
2015-04-18T07:00:00+02:00,-4.917
2015-04-18T13:00:00+02:00,-4.921
2015-04-18T19:00:00+02:00,-4.912
2015-04-19T01:00:00+02:00,-4.906
2015-04-19T07:00:00+02:00,-4.889
2015-04-19T13:00:00+02:00,-4.885
2015-04-19T19:00:00+02:00,-4.893
2015-04-20T01:00:00+02:00,-4.912
2015-04-20T07:00:00+02:00,-4.92
2015-04-20T13:00:00+02:00,-4.925
2015-04-20T19:00:00+02:00,-4.922
2015-04-21T01:00:00+02:00,-4.932
2015-04-21T07:00:00+02:00,-4.937
2015-04-21T13:00:00+02:00,-4.942
2015-04-21T19:00:00+02:00,-4.936
2015-04-22T01:00:00+02:00,-4.945
2015-04-22T07:00:00+02:00,-4.934
2015-04-22T13:00:00+02:00,-4.922
2015-04-22T19:00:00+02:00,-4.914
2015-04-23T01:00:00+02:00,-4.909
2015-04-23T07:00:00+02:00,-4.876
2015-04-23T13:00:00+02:00,-4.879
2015-04-23T19:00:00+02:00,-4.868
2015-04-24T01:00:00+02:00,-4.862
2015-04-24T07:00:00+02:00,-4.864
2015-04-24T13:00:00+02:00,-4.846
2015-04-24T19:00:00+02:00,-4.841
2015-04-25T01:00:00+02:00,-4.839
2015-04-25T07:00:00+02:00,-4.842
2015-04-25T13:00:00+02:00,-4.833
2015-04-25T19:00:00+02:00,-4.839
2015-04-26T01:00:00+02:00,-4.841
2015-04-26T07:00:00+02:00,-4.838
2015-04-26T13:00:00+02:00,-4.842
2015-04-26T19:00:00+02:00,-4.84
2015-04-27T01:00:00+02:00,-4.848
2015-04-27T07:00:00+02:00,-4.855
2015-04-27T13:00:00+02:00,-4.86
2015-04-27T19:00:00+02:00,-4.868
2015-04-28T01:00:00+02:00,-4.871
2015-04-28T07:00:00+02:00,-4.871
2015-04-28T13:00:00+02:00,-4.89
2015-04-28T19:00:00+02:00,-4.907
2015-04-29T01:00:00+02:00,-4.909
2015-04-29T07:00:00+02:00,-4.901
2015-04-29T13:00:00+02:00,-4.876
2015-04-29T19:00:00+02:00,-4.869
2015-04-30T01:00:00+02:00,-4.875
2015-04-30T07:00:00+02:00,-4.865
2015-04-30T13:00:00+02:00,-4.864
2015-04-30T19:00:00+02:00,-4.864
2015-05-01T01:00:00+02:00,-4.867
2015-05-01T07:00:00+02:00,-4.858
2015-05-01T13:00:00+02:00,-4.861
2015-05-01T19:00:00+02:00,-4.858
2015-05-02T01:00:00+02:00,-4.877
2015-05-02T07:00:00+02:00,-4.881
2015-05-02T13:00:00+02:00,-4.878
2015-05-02T19:00:00+02:00,-4.868
2015-05-03T01:00:00+02:00,-4.857
2015-05-03T07:00:00+02:00,-4.825
2015-05-03T13:00:00+02:00,-4.818
2015-05-03T19:00:00+02:00,-4.815
2015-05-04T01:00:00+02:00,-4.836
2015-05-04T07:00:00+02:00,-4.847
2015-05-04T13:00:00+02:00,-4.863
2015-05-04T19:00:00+02:00,-4.844
2015-05-05T01:00:00+02:00,-4.813
2015-05-05T07:00:00+02:00,-4.791
2015-05-05T13:00:00+02:00,-4.803
2015-05-05T19:00:00+02:00,-4.855
2015-05-06T01:00:00+02:00,-4.854
2015-05-06T07:00:00+02:00,-4.862
2015-05-06T13:00:00+02:00,-4.855
2015-05-06T19:00:00+02:00,-4.858
2015-05-07T01:00:00+02:00,-4.871
2015-05-07T07:00:00+02:00,-4.887
2015-05-07T13:00:00+02:00,-4.908
2015-05-07T19:00:00+02:00,-4.91
2015-05-08T01:00:00+02:00,-4.9
2015-05-08T07:00:00+02:00,-4.893
2015-05-08T13:00:00+02:00,-4.89
2015-05-08T19:00:00+02:00,-4.888
2015-05-09T01:00:00+02:00,-4.872
2015-05-09T07:00:00+02:00,-4.876
2015-05-09T13:00:00+02:00,-4.897
2015-05-09T19:00:00+02:00,-4.901
2015-05-10T01:00:00+02:00,-4.921
2015-05-10T07:00:00+02:00,-4.937
2015-05-10T13:00:00+02:00,-4.943
2015-05-10T19:00:00+02:00,-4.929
2015-05-11T01:00:00+02:00,-4.927
2015-05-11T07:00:00+02:00,-4.906
2015-05-11T13:00:00+02:00,-4.9
2015-05-11T19:00:00+02:00,-4.903
2015-05-12T01:00:00+02:00,-4.899
2015-05-12T07:00:00+02:00,-4.886
2015-05-12T13:00:00+02:00,-4.9
2015-05-12T19:00:00+02:00,-4.91
2015-05-13T01:00:00+02:00,-4.923
2015-05-13T07:00:00+02:00,-4.918
2015-05-13T13:00:00+02:00,-4.906
2015-05-13T19:00:00+02:00,-4.899
2015-05-14T01:00:00+02:00,-4.899
2015-05-14T07:00:00+02:00,-4.892
2015-05-14T13:00:00+02:00,-4.892
2015-05-14T19:00:00+02:00,-4.879
2015-05-15T01:00:00+02:00,-4.894
2015-05-15T07:00:00+02:00,-4.908
2015-05-15T13:00:00+02:00,-4.92
2015-05-15T19:00:00+02:00,-4.931
2015-05-16T01:00:00+02:00,-4.933
2015-05-16T07:00:00+02:00,-4.914
2015-05-16T13:00:00+02:00,-4.924
2015-05-16T19:00:00+02:00,-4.942
2015-05-17T01:00:00+02:00,-4.947
2015-05-17T07:00:00+02:00,-4.941
2015-05-17T13:00:00+02:00,-4.936
2015-05-17T19:00:00+02:00,-4.923
2015-05-18T01:00:00+02:00,-4.904
2015-05-18T07:00:00+02:00,-4.878
2015-05-18T13:00:00+02:00,-4.849
2015-05-18T19:00:00+02:00,-4.831
2015-05-19T01:00:00+02:00,-4.834
2015-05-19T07:00:00+02:00,-4.837
2015-05-19T13:00:00+02:00,-4.85
2015-05-19T19:00:00+02:00,-4.858
2015-05-20T01:00:00+02:00,-4.869
2015-05-20T07:00:00+02:00,-4.881
2015-05-20T13:00:00+02:00,-4.899
2015-05-20T19:00:00+02:00,-4.921
2015-05-21T01:00:00+02:00,-4.937
2015-05-21T07:00:00+02:00,-4.944
2015-05-21T13:00:00+02:00,-4.953
2015-05-21T19:00:00+02:00,-4.959
2015-05-22T01:00:00+02:00,-4.959
2015-05-22T07:00:00+02:00,-4.957
2015-05-22T13:00:00+02:00,-4.946
2015-05-22T19:00:00+02:00,-4.945
2015-05-23T01:00:00+02:00,-4.939
2015-05-23T07:00:00+02:00,-4.939
2015-05-23T13:00:00+02:00,-4.948
2015-05-23T19:00:00+02:00,-4.945
2015-05-24T01:00:00+02:00,-4.943
2015-05-24T07:00:00+02:00,-4.936
2015-05-24T13:00:00+02:00,-4.927
2015-05-24T19:00:00+02:00,-4.919
2015-05-25T01:00:00+02:00,-4.92
2015-05-25T07:00:00+02:00,-4.915
2015-05-25T13:00:00+02:00,-4.92
2015-05-25T19:00:00+02:00,-4.922
2015-05-26T01:00:00+02:00,-4.931
2015-05-26T07:00:00+02:00,-4.936
2015-05-26T13:00:00+02:00,-4.944
2015-05-26T19:00:00+02:00,-4.955
2015-05-27T01:00:00+02:00,-4.957
2015-05-27T07:00:00+02:00,-4.959
2015-05-27T13:00:00+02:00,-4.944
2015-05-27T19:00:00+02:00,-4.927
2015-05-28T01:00:00+02:00,-4.905
2015-05-28T07:00:00+02:00,-4.901
2015-05-28T13:00:00+02:00,-4.906
2015-05-28T19:00:00+02:00,-4.914
2015-05-29T01:00:00+02:00,-4.908
2015-05-29T07:00:00+02:00,-4.895
2015-05-29T13:00:00+02:00,-4.886
2015-05-29T19:00:00+02:00,-4.871
2015-05-30T01:00:00+02:00,-4.889
2015-05-30T07:00:00+02:00,-4.9
2015-05-30T13:00:00+02:00,-4.922
2015-05-30T19:00:00+02:00,-4.928
2015-05-31T01:00:00+02:00,-4.923
2015-05-31T07:00:00+02:00,-4.902
2015-05-31T13:00:00+02:00,-4.887
2015-05-31T19:00:00+02:00,-4.881
2015-06-01T01:00:00+02:00,-4.908
2015-06-01T07:00:00+02:00,-4.929
2015-06-01T13:00:00+02:00,-4.93
2015-06-01T19:00:00+02:00,-4.916
2015-06-02T01:00:00+02:00,-4.895
2015-06-02T07:00:00+02:00,-4.879
2015-06-02T13:00:00+02:00,-4.887
2015-06-02T19:00:00+02:00,-4.9
2015-06-03T01:00:00+02:00,-4.919
2015-06-03T07:00:00+02:00,-4.933
2015-06-03T13:00:00+02:00,-4.965
2015-06-03T19:00:00+02:00,-4.977
2015-06-04T01:00:00+02:00,-4.988
2015-06-04T07:00:00+02:00,-4.991
2015-06-04T13:00:00+02:00,-4.985
2015-06-04T19:00:00+02:00,-4.963
2015-06-05T01:00:00+02:00,-4.958
2015-06-05T07:00:00+02:00,-4.941
2015-06-05T13:00:00+02:00,-4.93
2015-06-05T19:00:00+02:00,-4.928
2015-06-06T01:00:00+02:00,-4.934
2015-06-06T07:00:00+02:00,-4.961
2015-06-06T13:00:00+02:00,-4.984
2015-06-06T19:00:00+02:00,-4.982
2015-06-07T01:00:00+02:00,-4.993
2015-06-07T07:00:00+02:00,-5.0
2015-06-07T13:00:00+02:00,-5.006
2015-06-07T19:00:00+02:00,-5.006
2015-06-08T01:00:00+02:00,-5.009
2015-06-08T07:00:00+02:00,-5.01
2015-06-08T13:00:00+02:00,-5.009
2015-06-08T19:00:00+02:00,-5.004
2015-06-09T01:00:00+02:00,-5.006
2015-06-09T07:00:00+02:00,-5.006
2015-06-09T13:00:00+02:00,-5.005
2015-06-09T19:00:00+02:00,-4.995
2015-06-10T01:00:00+02:00,-5.001
2015-06-10T07:00:00+02:00,-4.994
2015-06-10T13:00:00+02:00,-4.988
2015-06-10T19:00:00+02:00,-4.973
2015-06-11T01:00:00+02:00,-4.978
2015-06-11T07:00:00+02:00,-4.966
2015-06-11T13:00:00+02:00,-4.954
2015-06-11T19:00:00+02:00,-4.933
2015-06-12T01:00:00+02:00,-4.936
2015-06-12T07:00:00+02:00,-4.926
2015-06-12T13:00:00+02:00,-4.919
2015-06-12T19:00:00+02:00,-4.905
2015-06-13T01:00:00+02:00,-4.906
2015-06-13T07:00:00+02:00,-4.912
2015-06-13T13:00:00+02:00,-4.926
2015-06-13T19:00:00+02:00,-4.928
2015-06-14T01:00:00+02:00,-4.938
2015-06-14T07:00:00+02:00,-4.938
2015-06-14T13:00:00+02:00,-4.944
2015-06-14T19:00:00+02:00,-4.949
2015-06-15T01:00:00+02:00,-4.966
2015-06-15T07:00:00+02:00,-4.981
2015-06-15T13:00:00+02:00,-4.992
2015-06-15T19:00:00+02:00,-4.994
2015-06-16T01:00:00+02:00,-5.007
2015-06-16T07:00:00+02:00,-5.006
2015-06-16T13:00:00+02:00,-5.009
2015-06-16T19:00:00+02:00,-5.005
2015-06-17T01:00:00+02:00,-5.009
2015-06-17T07:00:00+02:00,-5.0
2015-06-17T13:00:00+02:00,-4.983
2015-06-17T19:00:00+02:00,-4.971
2015-06-18T01:00:00+02:00,-4.963
2015-06-18T07:00:00+02:00,-4.961
2015-06-18T13:00:00+02:00,-4.976
2015-06-18T19:00:00+02:00,-4.976
2015-06-19T01:00:00+02:00,-4.975
2015-06-19T07:00:00+02:00,-4.976
2015-06-19T13:00:00+02:00,-4.981
2015-06-19T19:00:00+02:00,-4.984
2015-06-20T01:00:00+02:00,-4.986
2015-06-20T07:00:00+02:00,-4.988
2015-06-20T13:00:00+02:00,-4.99
2015-06-20T19:00:00+02:00,-4.989
2015-06-21T01:00:00+02:00,-4.975
2015-06-21T07:00:00+02:00,-4.96
2015-06-21T13:00:00+02:00,-4.949
2015-06-21T19:00:00+02:00,-4.955
2015-06-22T01:00:00+02:00,-4.946
2015-06-22T07:00:00+02:00,-4.934
2015-06-22T13:00:00+02:00,-4.924
2015-06-22T19:00:00+02:00,-4.919
2015-06-23T01:00:00+02:00,-4.934
2015-06-23T07:00:00+02:00,-4.946
2015-06-23T13:00:00+02:00,-4.966
2015-06-23T19:00:00+02:00,-4.98
2015-06-24T01:00:00+02:00,-4.993
2015-06-24T07:00:00+02:00,-4.999
2015-06-24T13:00:00+02:00,-4.996
2015-06-24T19:00:00+02:00,-4.997
2015-06-25T01:00:00+02:00,-4.998
2015-06-25T07:00:00+02:00,-4.997
2015-06-25T13:00:00+02:00,-5.001
2015-06-25T19:00:00+02:00,-5.001
2015-06-26T01:00:00+02:00,-5.002
2015-06-26T07:00:00+02:00,-4.993
2015-06-26T13:00:00+02:00,-4.991
2015-06-26T19:00:00+02:00,-4.977
2015-06-27T01:00:00+02:00,-4.971
2015-06-27T07:00:00+02:00,-4.98
2015-06-27T13:00:00+02:00,-5.002
2015-06-27T19:00:00+02:00,-5.007
2015-06-28T01:00:00+02:00,-5.016
2015-06-28T07:00:00+02:00,-5.013
2015-06-28T13:00:00+02:00,-5.009
2015-06-28T19:00:00+02:00,-5.002
2015-06-29T01:00:00+02:00,-5.005
2015-06-29T07:00:00+02:00,-5.008
2015-06-29T13:00:00+02:00,-5.017
2015-06-29T19:00:00+02:00,-5.026
2015-06-30T01:00:00+02:00,-5.026
2015-06-30T07:00:00+02:00,-5.025
2015-06-30T13:00:00+02:00,-5.02
2015-06-30T19:00:00+02:00,-5.009
2015-07-01T01:00:00+02:00,-5.012
2015-07-01T07:00:00+02:00,-5.008
2015-07-01T13:00:00+02:00,-5.0
2015-07-01T19:00:00+02:00,-4.994
2015-07-02T01:00:00+02:00,-4.999
2015-07-02T07:00:00+02:00,-5.006
2015-07-02T13:00:00+02:00,-5.017
2015-07-02T19:00:00+02:00,-5.018
2015-07-03T01:00:00+02:00,-5.047
2015-07-03T07:00:00+02:00,-5.055
2015-07-03T13:00:00+02:00,-5.058
2015-07-03T19:00:00+02:00,-5.045
2015-07-04T01:00:00+02:00,-5.035
2015-07-04T07:00:00+02:00,-5.015
2015-07-04T13:00:00+02:00,-5.034
2015-07-04T19:00:00+02:00,-5.038
2015-07-05T01:00:00+02:00,-5.04
2015-07-05T07:00:00+02:00,-5.028
2015-07-05T13:00:00+02:00,-5.009
2015-07-05T19:00:00+02:00,-5.017
2015-07-06T01:00:00+02:00,-5.035
2015-07-06T07:00:00+02:00,-5.044
2015-07-06T13:00:00+02:00,-5.045
2015-07-06T19:00:00+02:00,-5.035
2015-07-07T01:00:00+02:00,-5.023
2015-07-07T07:00:00+02:00,-5.006
2015-07-07T13:00:00+02:00,-4.988
2015-07-07T19:00:00+02:00,-4.979
2015-07-08T01:00:00+02:00,-4.981
2015-07-08T07:00:00+02:00,-4.988
2015-07-08T13:00:00+02:00,-4.994
2015-07-08T19:00:00+02:00,-5.011
2015-07-09T01:00:00+02:00,-5.032
2015-07-09T07:00:00+02:00,-5.047
2015-07-09T13:00:00+02:00,-5.061
2015-07-09T19:00:00+02:00,-5.074
2015-07-10T01:00:00+02:00,-5.078
2015-07-10T07:00:00+02:00,-5.071
2015-07-10T13:00:00+02:00,-5.063
2015-07-10T19:00:00+02:00,-5.047
2015-07-11T01:00:00+02:00,-5.043
2015-07-11T07:00:00+02:00,-5.026
2015-07-11T13:00:00+02:00,-5.027
2015-07-11T19:00:00+02:00,-5.04
2015-07-12T01:00:00+02:00,-5.046
2015-07-12T07:00:00+02:00,-5.042
2015-07-12T13:00:00+02:00,-5.046
2015-07-12T19:00:00+02:00,-5.04
2015-07-13T01:00:00+02:00,-5.043
2015-07-13T07:00:00+02:00,-5.036
2015-07-13T13:00:00+02:00,-5.038
2015-07-13T19:00:00+02:00,-5.034
2015-07-14T01:00:00+02:00,-5.03
2015-07-14T07:00:00+02:00,-5.029
2015-07-14T13:00:00+02:00,-5.044
2015-07-14T19:00:00+02:00,-5.054
2015-07-15T01:00:00+02:00,-5.061
2015-07-15T07:00:00+02:00,-5.055
2015-07-15T13:00:00+02:00,-5.052
2015-07-15T19:00:00+02:00,-5.049
2015-07-16T01:00:00+02:00,-5.057
2015-07-16T07:00:00+02:00,-5.065
2015-07-16T13:00:00+02:00,-5.056
2015-07-16T19:00:00+02:00,-5.043
2015-07-17T01:00:00+02:00,-5.031
2015-07-17T07:00:00+02:00,-5.006
2015-07-17T13:00:00+02:00,-5.037
2015-07-17T19:00:00+02:00,-5.033
2015-07-18T01:00:00+02:00,-5.041
2015-07-18T07:00:00+02:00,-5.054
2015-07-18T13:00:00+02:00,-5.061
2015-07-18T19:00:00+02:00,-5.049
2015-07-19T01:00:00+02:00,-5.046
2015-07-19T07:00:00+02:00,-5.022
2015-07-19T13:00:00+02:00,-5.018
2015-07-19T19:00:00+02:00,-5.021
2015-07-20T01:00:00+02:00,-5.038
2015-07-20T07:00:00+02:00,-5.035
2015-07-20T13:00:00+02:00,-5.037
2015-07-20T19:00:00+02:00,-5.028
2015-07-21T01:00:00+02:00,-5.026
2015-07-21T07:00:00+02:00,-5.032
2015-07-21T13:00:00+02:00,-5.042
2015-07-21T19:00:00+02:00,-5.038
2015-07-22T01:00:00+02:00,-5.045
2015-07-22T07:00:00+02:00,-5.048
2015-07-22T13:00:00+02:00,-5.052
2015-07-22T19:00:00+02:00,-5.051
2015-07-23T01:00:00+02:00,-5.057
2015-07-23T07:00:00+02:00,-5.067
2015-07-23T13:00:00+02:00,-5.073
2015-07-23T19:00:00+02:00,-5.064
2015-07-24T01:00:00+02:00,-5.066
2015-07-24T07:00:00+02:00,-5.057
2015-07-24T13:00:00+02:00,-5.043
2015-07-24T19:00:00+02:00,-5.02
2015-07-25T01:00:00+02:00,-4.993
2015-07-25T07:00:00+02:00,-4.974
2015-07-25T13:00:00+02:00,-4.977
2015-07-25T19:00:00+02:00,-5.053
2015-07-26T01:00:00+02:00,-5.069
2015-07-26T07:00:00+02:00,-5.061
2015-07-26T13:00:00+02:00,-5.036
2015-07-26T19:00:00+02:00,-5.011
2015-07-27T01:00:00+02:00,-4.98
2015-07-27T07:00:00+02:00,-4.97
2015-07-27T13:00:00+02:00,-4.977
2015-07-27T19:00:00+02:00,-4.988
2015-07-28T01:00:00+02:00,-4.988
2015-07-28T07:00:00+02:00,-4.992
2015-07-28T13:00:00+02:00,-5.001
2015-07-28T19:00:00+02:00,-5.0
2015-07-29T01:00:00+02:00,-5.005
2015-07-29T07:00:00+02:00,-4.997
2015-07-29T13:00:00+02:00,-4.999
2015-07-29T19:00:00+02:00,-5.017
2015-07-30T01:00:00+02:00,-5.025
2015-07-30T07:00:00+02:00,-5.026
2015-07-30T13:00:00+02:00,-5.037
2015-07-30T19:00:00+02:00,-5.048
2015-07-31T01:00:00+02:00,-5.053
2015-07-31T07:00:00+02:00,-5.051
2015-07-31T13:00:00+02:00,-5.051
2015-07-31T19:00:00+02:00,-5.038
2015-08-01T01:00:00+02:00,-5.035
2015-08-01T07:00:00+02:00,-5.031
2015-08-01T13:00:00+02:00,-5.031
2015-08-01T19:00:00+02:00,-5.037
2015-08-02T01:00:00+02:00,-5.046
2015-08-02T07:00:00+02:00,-5.049
2015-08-02T13:00:00+02:00,-5.049
2015-08-02T19:00:00+02:00,-5.041
2015-08-03T01:00:00+02:00,-5.034
2015-08-03T07:00:00+02:00,-5.018
2015-08-03T13:00:00+02:00,-5.022
2015-08-03T19:00:00+02:00,-5.022
2015-08-04T01:00:00+02:00,-5.017
2015-08-04T07:00:00+02:00,-4.996
2015-08-04T13:00:00+02:00,-5.024
2015-08-04T19:00:00+02:00,-5.036
2015-08-05T01:00:00+02:00,-5.041
2015-08-05T07:00:00+02:00,-5.05
2015-08-05T13:00:00+02:00,-5.041
2015-08-05T19:00:00+02:00,-5.021
2015-08-06T01:00:00+02:00,-5.022
2015-08-06T07:00:00+02:00,-5.023
2015-08-06T13:00:00+02:00,-5.022
2015-08-06T19:00:00+02:00,-5.035
2015-08-07T01:00:00+02:00,-5.041
2015-08-07T07:00:00+02:00,-5.046
2015-08-07T13:00:00+02:00,-5.047
2015-08-07T19:00:00+02:00,-5.053
2015-08-08T01:00:00+02:00,-5.062
2015-08-08T07:00:00+02:00,-5.069
2015-08-08T13:00:00+02:00,-5.082
2015-08-08T19:00:00+02:00,-5.073
2015-08-09T01:00:00+02:00,-5.076
2015-08-09T07:00:00+02:00,-5.067
2015-08-09T13:00:00+02:00,-5.061
2015-08-09T19:00:00+02:00,-5.053
2015-08-10T01:00:00+02:00,-5.051
2015-08-10T07:00:00+02:00,-5.053
2015-08-10T13:00:00+02:00,-5.047
2015-08-10T19:00:00+02:00,-5.04
2015-08-11T01:00:00+02:00,-5.052
2015-08-11T07:00:00+02:00,-5.05
2015-08-11T13:00:00+02:00,-5.059
2015-08-11T19:00:00+02:00,-5.068
2015-08-12T01:00:00+02:00,-5.078
2015-08-12T07:00:00+02:00,-5.075
2015-08-12T13:00:00+02:00,-5.078
2015-08-12T19:00:00+02:00,-5.073
2015-08-13T01:00:00+02:00,-5.071
2015-08-13T07:00:00+02:00,-5.059
2015-08-13T13:00:00+02:00,-5.039
2015-08-13T19:00:00+02:00,-5.016
2015-08-14T01:00:00+02:00,-5.009
2015-08-14T07:00:00+02:00,-5.0
2015-08-14T13:00:00+02:00,-5.003
2015-08-14T19:00:00+02:00,-4.998
2015-08-15T01:00:00+02:00,-5.004
2015-08-15T07:00:00+02:00,-5.003
2015-08-15T13:00:00+02:00,-5.02
2015-08-15T19:00:00+02:00,-5.031
2015-08-16T01:00:00+02:00,-5.041
2015-08-16T07:00:00+02:00,-5.042
2015-08-16T13:00:00+02:00,-5.044
2015-08-16T19:00:00+02:00,-5.043
2015-08-17T01:00:00+02:00,-5.042
2015-08-17T07:00:00+02:00,-5.03
2015-08-17T13:00:00+02:00,-5.019
2015-08-17T19:00:00+02:00,-5.013
2015-08-18T01:00:00+02:00,-4.998
2015-08-18T07:00:00+02:00,-4.996
2015-08-18T13:00:00+02:00,-5.006
2015-08-18T19:00:00+02:00,-5.009
2015-08-19T01:00:00+02:00,-5.02
2015-08-19T07:00:00+02:00,-5.018
2015-08-19T13:00:00+02:00,-5.019
2015-08-19T19:00:00+02:00,-5.02
2015-08-20T01:00:00+02:00,-5.028
2015-08-20T07:00:00+02:00,-5.03
2015-08-20T13:00:00+02:00,-5.03
2015-08-20T19:00:00+02:00,-5.033
2015-08-21T01:00:00+02:00,-5.034
2015-08-21T07:00:00+02:00,-5.035
2015-08-21T13:00:00+02:00,-5.038
2015-08-21T19:00:00+02:00,-5.029
2015-08-22T01:00:00+02:00,-5.03
2015-08-22T07:00:00+02:00,-5.029
2015-08-22T13:00:00+02:00,-5.02
2015-08-22T19:00:00+02:00,-5.008
2015-08-23T01:00:00+02:00,-4.998
2015-08-23T07:00:00+02:00,-4.983
2015-08-23T13:00:00+02:00,-4.963
2015-08-23T19:00:00+02:00,-4.952
2015-08-24T01:00:00+02:00,-4.953
2015-08-24T07:00:00+02:00,-4.953
2015-08-24T13:00:00+02:00,-4.938
2015-08-24T19:00:00+02:00,-4.928
2015-08-25T01:00:00+02:00,-4.937
2015-08-25T07:00:00+02:00,-4.972
2015-08-25T13:00:00+02:00,-4.997
2015-08-25T19:00:00+02:00,-4.997
2015-08-26T01:00:00+02:00,-4.984
2015-08-26T07:00:00+02:00,-4.982
2015-08-26T13:00:00+02:00,-4.975
2015-08-26T19:00:00+02:00,-4.95
2015-08-27T01:00:00+02:00,-4.947
2015-08-27T07:00:00+02:00,-4.955
2015-08-27T13:00:00+02:00,-4.956
2015-08-27T19:00:00+02:00,-4.947
2015-08-28T01:00:00+02:00,-4.956
2015-08-28T07:00:00+02:00,-4.964
2015-08-28T13:00:00+02:00,-4.974
2015-08-28T19:00:00+02:00,-4.978
2015-08-29T01:00:00+02:00,-4.983
2015-08-29T07:00:00+02:00,-4.98
2015-08-29T13:00:00+02:00,-4.981
2015-08-29T19:00:00+02:00,-4.97
2015-08-30T01:00:00+02:00,-4.964
2015-08-30T07:00:00+02:00,-4.96
2015-08-30T13:00:00+02:00,-4.952
2015-08-30T19:00:00+02:00,-4.951
2015-08-31T01:00:00+02:00,-4.954
2015-08-31T07:00:00+02:00,-4.936
2015-08-31T13:00:00+02:00,-4.92
2015-08-31T19:00:00+02:00,-4.916
2015-09-01T01:00:00+02:00,-4.931
2015-09-01T07:00:00+02:00,-4.934
2015-09-01T13:00:00+02:00,-4.943
2015-09-01T19:00:00+02:00,-4.952
2015-09-02T01:00:00+02:00,-4.959
2015-09-02T07:00:00+02:00,-4.948
2015-09-02T13:00:00+02:00,-4.941
2015-09-02T19:00:00+02:00,-4.941
2015-09-03T01:00:00+02:00,-4.939
2015-09-03T07:00:00+02:00,-4.931
2015-09-03T13:00:00+02:00,-4.929
2015-09-03T19:00:00+02:00,-4.933
2015-09-04T01:00:00+02:00,-4.932
2015-09-04T07:00:00+02:00,-4.917
2015-09-04T13:00:00+02:00,-4.915
2015-09-04T19:00:00+02:00,-4.907
2015-09-05T01:00:00+02:00,-4.913
2015-09-05T07:00:00+02:00,-4.91
2015-09-05T13:00:00+02:00,-4.909
2015-09-05T19:00:00+02:00,-4.914
2015-09-06T01:00:00+02:00,-4.911
2015-09-06T07:00:00+02:00,-4.912
2015-09-06T13:00:00+02:00,-4.923
2015-09-06T19:00:00+02:00,-4.924
2015-09-07T01:00:00+02:00,-4.924
2015-09-07T07:00:00+02:00,-4.922
2015-09-07T13:00:00+02:00,-4.928
2015-09-07T19:00:00+02:00,-4.932
2015-09-08T01:00:00+02:00,-4.935
2015-09-08T07:00:00+02:00,-4.935
2015-09-08T13:00:00+02:00,-4.932
2015-09-08T19:00:00+02:00,-4.925
2015-09-09T01:00:00+02:00,-4.93
2015-09-09T07:00:00+02:00,-4.929
2015-09-09T13:00:00+02:00,-4.932
2015-09-09T19:00:00+02:00,-4.926
2015-09-10T01:00:00+02:00,-4.939
2015-09-10T07:00:00+02:00,-4.939
2015-09-10T13:00:00+02:00,-4.935
2015-09-10T19:00:00+02:00,-4.931
2015-09-11T01:00:00+02:00,-4.934
2015-09-11T07:00:00+02:00,-4.927
2015-09-11T13:00:00+02:00,-4.921
2015-09-11T19:00:00+02:00,-4.917
2015-09-12T01:00:00+02:00,-4.914
2015-09-12T07:00:00+02:00,-4.904
2015-09-12T13:00:00+02:00,-4.896
2015-09-12T19:00:00+02:00,-4.9
2015-09-13T01:00:00+02:00,-4.912
2015-09-13T07:00:00+02:00,-4.909
2015-09-13T13:00:00+02:00,-4.902
2015-09-13T19:00:00+02:00,-4.867
2015-09-14T01:00:00+02:00,-4.872
2015-09-14T07:00:00+02:00,-4.868
2015-09-14T13:00:00+02:00,-4.861
2015-09-14T19:00:00+02:00,-4.866
2015-09-15T01:00:00+02:00,-4.884
2015-09-15T07:00:00+02:00,-4.884
2015-09-15T13:00:00+02:00,-4.881
2015-09-15T19:00:00+02:00,-4.889
2015-09-16T01:00:00+02:00,-4.885
2015-09-16T07:00:00+02:00,-4.856
2015-09-16T13:00:00+02:00,-4.834
2015-09-16T19:00:00+02:00,-4.813
2015-09-17T01:00:00+02:00,-4.832
2015-09-17T07:00:00+02:00,-4.835
2015-09-17T13:00:00+02:00,-4.86
2015-09-17T19:00:00+02:00,-4.902
2015-09-18T01:00:00+02:00,-4.916
2015-09-18T07:00:00+02:00,-4.919
2015-09-18T13:00:00+02:00,-4.923
2015-09-18T19:00:00+02:00,-4.924
2015-09-19T01:00:00+02:00,-4.93
2015-09-19T07:00:00+02:00,-4.939
2015-09-19T13:00:00+02:00,-4.956
2015-09-19T19:00:00+02:00,-4.956
2015-09-20T01:00:00+02:00,-4.958
2015-09-20T07:00:00+02:00,-4.95
2015-09-20T13:00:00+02:00,-4.942
2015-09-20T19:00:00+02:00,-4.934
2015-09-21T01:00:00+02:00,-4.921
2015-09-21T07:00:00+02:00,-4.908
2015-09-21T13:00:00+02:00,-4.892
2015-09-21T19:00:00+02:00,-4.872
2015-09-22T01:00:00+02:00,-4.851
2015-09-22T07:00:00+02:00,-4.84
2015-09-22T13:00:00+02:00,-4.836
2015-09-22T19:00:00+02:00,-4.84
2015-09-23T01:00:00+02:00,-4.851
2015-09-23T07:00:00+02:00,-4.859
2015-09-23T13:00:00+02:00,-4.881
2015-09-23T19:00:00+02:00,-4.896
2015-09-24T01:00:00+02:00,-4.895
2015-09-24T07:00:00+02:00,-4.894
2015-09-24T13:00:00+02:00,-4.887
2015-09-24T19:00:00+02:00,-4.898
2015-09-25T01:00:00+02:00,-4.906
2015-09-25T07:00:00+02:00,-4.91
2015-09-25T13:00:00+02:00,-4.92
2015-09-25T19:00:00+02:00,-4.933
2015-09-26T01:00:00+02:00,-4.941
2015-09-26T07:00:00+02:00,-4.945
2015-09-26T13:00:00+02:00,-4.952
2015-09-26T19:00:00+02:00,-4.955
2015-09-27T01:00:00+02:00,-4.965
2015-09-27T07:00:00+02:00,-4.972
2015-09-27T13:00:00+02:00,-4.985
2015-09-27T19:00:00+02:00,-4.985
2015-09-28T01:00:00+02:00,-4.997
2015-09-28T07:00:00+02:00,-4.998
2015-09-28T13:00:00+02:00,-5.003
2015-09-28T19:00:00+02:00,-4.999
2015-09-29T01:00:00+02:00,-5.002
2015-09-29T07:00:00+02:00,-4.997
2015-09-29T13:00:00+02:00,-5.0
2015-09-29T19:00:00+02:00,-4.989
2015-09-30T01:00:00+02:00,-4.999
2015-09-30T07:00:00+02:00,-4.995
2015-09-30T13:00:00+02:00,-4.996
2015-09-30T19:00:00+02:00,-4.988
2015-10-01T01:00:00+02:00,-4.993
2015-10-01T07:00:00+02:00,-4.985
2015-10-01T13:00:00+02:00,-4.986
2015-10-01T19:00:00+02:00,-4.976
2015-10-02T01:00:00+02:00,-4.978
2015-10-02T07:00:00+02:00,-4.972
2015-10-02T13:00:00+02:00,-4.96
2015-10-02T19:00:00+02:00,-4.94
2015-10-03T01:00:00+02:00,-4.937
2015-10-03T07:00:00+02:00,-4.919
2015-10-03T13:00:00+02:00,-4.917
2015-10-03T19:00:00+02:00,-4.917
2015-10-04T01:00:00+02:00,-4.923
2015-10-04T07:00:00+02:00,-4.931
2015-10-04T13:00:00+02:00,-4.931
2015-10-04T19:00:00+02:00,-4.933
2015-10-05T01:00:00+02:00,-4.933
2015-10-05T07:00:00+02:00,-4.921
2015-10-05T13:00:00+02:00,-4.919
2015-10-05T19:00:00+02:00,-4.908
2015-10-06T01:00:00+02:00,-4.895
2015-10-06T07:00:00+02:00,-4.883
2015-10-06T13:00:00+02:00,-4.882
2015-10-06T19:00:00+02:00,-4.883
2015-10-07T01:00:00+02:00,-4.897
2015-10-07T07:00:00+02:00,-4.907
2015-10-07T13:00:00+02:00,-4.93
2015-10-07T19:00:00+02:00,-4.939
2015-10-08T01:00:00+02:00,-4.956
2015-10-08T07:00:00+02:00,-4.966
2015-11-11T18:00:00+01:00,-4.765
2015-11-12T00:00:00+01:00,-4.766
2015-11-12T06:00:00+01:00,-4.764
2015-11-12T12:00:00+01:00,-4.739
2015-11-12T18:00:00+01:00,-4.729
2015-11-13T00:00:00+01:00,-4.722
2015-11-13T06:00:00+01:00,-4.713
2015-11-13T12:00:00+01:00,-4.723
2015-11-13T18:00:00+01:00,-4.716
2015-11-14T00:00:00+01:00,-4.729
2015-11-14T06:00:00+01:00,-4.727
2015-11-14T12:00:00+01:00,-4.73
2015-11-14T18:00:00+01:00,-4.717
2015-11-15T00:00:00+01:00,-4.685
2015-11-15T06:00:00+01:00,-4.671
2015-11-15T12:00:00+01:00,-4.67
2015-11-15T18:00:00+01:00,-4.675
2015-11-16T00:00:00+01:00,-4.675
2015-11-16T06:00:00+01:00,-4.66
2015-11-16T12:00:00+01:00,-4.655
2015-11-16T18:00:00+01:00,-4.651
2015-11-17T00:00:00+01:00,-4.647
2015-11-17T06:00:00+01:00,-4.625
2015-11-17T12:00:00+01:00,-4.628
2015-11-17T18:00:00+01:00,-4.61
2015-11-18T00:00:00+01:00,-4.602
2015-11-18T06:00:00+01:00,-4.629
2015-11-18T12:00:00+01:00,-4.629
2015-11-18T18:00:00+01:00,-4.612
2015-11-19T00:00:00+01:00,-4.597
2015-11-19T06:00:00+01:00,-4.599
2015-11-19T12:00:00+01:00,-4.605
2015-11-19T18:00:00+01:00,-4.595
2015-11-20T00:00:00+01:00,-4.592
2015-11-20T06:00:00+01:00,-4.587
2015-11-20T12:00:00+01:00,-4.576
2015-11-20T18:00:00+01:00,-4.561
2015-11-21T00:00:00+01:00,-4.551
2015-11-21T06:00:00+01:00,-4.547
2015-11-21T12:00:00+01:00,-4.545
2015-11-21T18:00:00+01:00,-4.563
2015-11-22T00:00:00+01:00,-4.57
2015-11-22T06:00:00+01:00,-4.57
2015-11-22T12:00:00+01:00,-4.573
2015-11-22T18:00:00+01:00,-4.581
2015-11-23T00:00:00+01:00,-4.589
2015-11-23T06:00:00+01:00,-4.595
2015-11-23T12:00:00+01:00,-4.598
2015-11-23T18:00:00+01:00,-4.593
2015-11-24T00:00:00+01:00,-4.589
2015-11-24T06:00:00+01:00,-4.571
2015-11-24T12:00:00+01:00,-4.551
2015-11-24T18:00:00+01:00,-4.541
2015-11-25T00:00:00+01:00,-4.537
2015-11-25T06:00:00+01:00,-4.535
2015-11-25T12:00:00+01:00,-4.54
2015-11-25T18:00:00+01:00,-4.541
2015-11-26T00:00:00+01:00,-4.551
2015-11-26T06:00:00+01:00,-4.557
2015-11-26T12:00:00+01:00,-4.565
2015-11-26T18:00:00+01:00,-4.565
2015-11-27T00:00:00+01:00,-4.563
2015-11-27T06:00:00+01:00,-4.55
2015-11-27T12:00:00+01:00,-4.54
2015-11-27T18:00:00+01:00,-4.528
2015-11-28T00:00:00+01:00,-4.517
2015-11-28T06:00:00+01:00,-4.526
2015-11-28T12:00:00+01:00,-4.538
2015-11-28T18:00:00+01:00,-4.536
2015-11-29T00:00:00+01:00,-4.513
2015-11-29T06:00:00+01:00,-4.515
2015-11-29T12:00:00+01:00,-4.514
2015-11-29T18:00:00+01:00,-4.505
2015-11-30T00:00:00+01:00,-4.515
2015-11-30T06:00:00+01:00,-4.534
2015-11-30T12:00:00+01:00,-4.524
2015-11-30T18:00:00+01:00,-4.486
2015-12-01T00:00:00+01:00,-4.506
2015-12-01T06:00:00+01:00,-4.522
2015-12-01T12:00:00+01:00,-4.523
2015-12-01T18:00:00+01:00,-4.514
2015-12-02T00:00:00+01:00,-4.516
2015-12-02T06:00:00+01:00,-4.519
2015-12-02T12:00:00+01:00,-4.52
2015-12-02T18:00:00+01:00,-4.522
2015-12-03T00:00:00+01:00,-4.526
2015-12-03T06:00:00+01:00,-4.528
2015-12-03T12:00:00+01:00,-4.529
2015-12-03T18:00:00+01:00,-4.524
2015-12-04T00:00:00+01:00,-4.514
2015-12-04T06:00:00+01:00,-4.517
2015-12-04T12:00:00+01:00,-4.548
2015-12-04T18:00:00+01:00,-4.559
2015-12-05T00:00:00+01:00,-4.56
2015-12-05T06:00:00+01:00,-4.55
2015-12-05T12:00:00+01:00,-4.551
2015-12-05T18:00:00+01:00,-4.546
2015-12-06T00:00:00+01:00,-4.545
2015-12-06T06:00:00+01:00,-4.545
2015-12-06T12:00:00+01:00,-4.555
2015-12-06T18:00:00+01:00,-4.566
2015-12-07T00:00:00+01:00,-4.583
2015-12-07T06:00:00+01:00,-4.587
2015-12-07T12:00:00+01:00,-4.598
2015-12-07T18:00:00+01:00,-4.597
2015-12-08T00:00:00+01:00,-4.6
2015-12-08T06:00:00+01:00,-4.595
2015-12-08T12:00:00+01:00,-4.595
2015-12-08T18:00:00+01:00,-4.591
2015-12-09T00:00:00+01:00,-4.602
2015-12-09T06:00:00+01:00,-4.618
2015-12-09T12:00:00+01:00,-4.627
2015-12-09T18:00:00+01:00,-4.626
2015-12-10T00:00:00+01:00,-4.623
2015-12-10T06:00:00+01:00,-4.615
2015-12-10T12:00:00+01:00,-4.609
2015-12-10T18:00:00+01:00,-4.602
2015-12-11T00:00:00+01:00,-4.597
2015-12-11T06:00:00+01:00,-4.59
2015-12-11T12:00:00+01:00,-4.588
2015-12-11T18:00:00+01:00,-4.59
2015-12-12T00:00:00+01:00,-4.599
2015-12-12T06:00:00+01:00,-4.603
2015-12-12T12:00:00+01:00,-4.603
2015-12-12T18:00:00+01:00,-4.582
2015-12-13T00:00:00+01:00,-4.567
2015-12-13T06:00:00+01:00,-4.59
2015-12-13T12:00:00+01:00,-4.603
2015-12-13T18:00:00+01:00,-4.601
2015-12-14T00:00:00+01:00,-4.598
2015-12-14T06:00:00+01:00,-4.594
2015-12-14T12:00:00+01:00,-4.587
2015-12-14T18:00:00+01:00,-4.587
2015-12-15T00:00:00+01:00,-4.591
2015-12-15T06:00:00+01:00,-4.597
2015-12-15T12:00:00+01:00,-4.603
2015-12-15T18:00:00+01:00,-4.603
2015-12-16T00:00:00+01:00,-4.601
2015-12-16T06:00:00+01:00,-4.595
2015-12-16T12:00:00+01:00,-4.596
2015-12-16T18:00:00+01:00,-4.603
2015-12-17T00:00:00+01:00,-4.608
2015-12-17T06:00:00+01:00,-4.608
2015-12-17T12:00:00+01:00,-4.606
2015-12-17T18:00:00+01:00,-4.602
2015-12-18T00:00:00+01:00,-4.599
2015-12-18T06:00:00+01:00,-4.606
2015-12-18T12:00:00+01:00,-4.614
2015-12-18T18:00:00+01:00,-4.618
2015-12-19T00:00:00+01:00,-4.617
2015-12-19T06:00:00+01:00,-4.614
2015-12-19T12:00:00+01:00,-4.617
2015-12-19T18:00:00+01:00,-4.613
2015-12-20T00:00:00+01:00,-4.61
2015-12-20T06:00:00+01:00,-4.603
2015-12-20T12:00:00+01:00,-4.614
2015-12-20T18:00:00+01:00,-4.618
2015-12-21T00:00:00+01:00,-4.624
2015-12-21T06:00:00+01:00,-4.626
2015-12-21T12:00:00+01:00,-4.624
2015-12-21T18:00:00+01:00,-4.617
2015-12-22T00:00:00+01:00,-4.638
2015-12-22T06:00:00+01:00,-4.628
2015-12-22T12:00:00+01:00,-4.626
2015-12-22T18:00:00+01:00,-4.624
2015-12-23T00:00:00+01:00,-4.622
2015-12-23T06:00:00+01:00,-4.622
2015-12-23T12:00:00+01:00,-4.641
2015-12-23T18:00:00+01:00,-4.651
2015-12-24T00:00:00+01:00,-4.644
2015-12-24T06:00:00+01:00,-4.629
2015-12-24T12:00:00+01:00,-4.617
2015-12-24T18:00:00+01:00,-4.617
2015-12-25T00:00:00+01:00,-4.637
2015-12-25T06:00:00+01:00,-4.645
2015-12-25T12:00:00+01:00,-4.649
2015-12-25T18:00:00+01:00,-4.635
2015-12-26T00:00:00+01:00,-4.637
2015-12-26T06:00:00+01:00,-4.638
2015-12-26T12:00:00+01:00,-4.643
2015-12-26T18:00:00+01:00,-4.641
2015-12-27T00:00:00+01:00,-4.644
2015-12-27T06:00:00+01:00,-4.643
2015-12-27T12:00:00+01:00,-4.651
2015-12-27T18:00:00+01:00,-4.661
2015-12-28T00:00:00+01:00,-4.671
2015-12-28T06:00:00+01:00,-4.668
2015-12-28T12:00:00+01:00,-4.663
2015-12-28T18:00:00+01:00,-4.654
2015-12-29T00:00:00+01:00,-4.653
2015-12-29T06:00:00+01:00,-4.652
2015-12-29T12:00:00+01:00,-4.662
2015-12-29T18:00:00+01:00,-4.67
2015-12-30T00:00:00+01:00,-4.678
2015-12-30T06:00:00+01:00,-4.669
2015-12-30T12:00:00+01:00,-4.661
2015-12-30T18:00:00+01:00,-4.647
2015-12-31T00:00:00+01:00,-4.637
2015-12-31T06:00:00+01:00,-4.637
2015-12-31T12:00:00+01:00,-4.654
2015-12-31T18:00:00+01:00,-4.668
2016-01-01T00:00:00+01:00,-4.665
2016-01-01T06:00:00+01:00,-4.677
2016-01-01T12:00:00+01:00,-4.681
2016-01-01T18:00:00+01:00,-4.671
2016-01-02T00:00:00+01:00,-4.655
2016-01-02T06:00:00+01:00,-4.641
2016-01-02T12:00:00+01:00,-4.637
2016-01-02T18:00:00+01:00,-4.639
2016-01-03T00:00:00+01:00,-4.635
2016-01-03T06:00:00+01:00,-4.627
2016-01-03T12:00:00+01:00,-4.624
2016-01-03T18:00:00+01:00,-4.607
2016-01-04T00:00:00+01:00,-4.589
2016-01-04T06:00:00+01:00,-4.581
2016-01-04T12:00:00+01:00,-4.589
2016-01-04T18:00:00+01:00,-4.589
2016-01-05T00:00:00+01:00,-4.582
2016-01-05T06:00:00+01:00,-4.58
2016-01-05T12:00:00+01:00,-4.582
2016-01-05T18:00:00+01:00,-4.584
2016-01-06T00:00:00+01:00,-4.586
2016-01-06T06:00:00+01:00,-4.588
2016-01-06T12:00:00+01:00,-4.593
2016-01-06T18:00:00+01:00,-4.594
2016-01-07T00:00:00+01:00,-4.589
2016-01-07T06:00:00+01:00,-4.576
2016-01-07T12:00:00+01:00,-4.56
2016-01-07T18:00:00+01:00,-4.538
2016-01-08T00:00:00+01:00,-4.566
2016-01-08T06:00:00+01:00,-4.581
2016-01-08T12:00:00+01:00,-4.586
2016-01-08T18:00:00+01:00,-4.58
2016-01-09T00:00:00+01:00,-4.577
2016-01-09T06:00:00+01:00,-4.567
2016-01-09T12:00:00+01:00,-4.564
2016-01-09T18:00:00+01:00,-4.553
2016-01-10T00:00:00+01:00,-4.54
2016-01-10T06:00:00+01:00,-4.533
2016-01-10T12:00:00+01:00,-4.542
2016-01-10T18:00:00+01:00,-4.546
2016-01-11T00:00:00+01:00,-4.552
2016-01-11T06:00:00+01:00,-4.547
2016-01-11T12:00:00+01:00,-4.54
2016-01-11T18:00:00+01:00,-4.536
2016-01-12T00:00:00+01:00,-4.55
2016-01-12T06:00:00+01:00,-4.567
2016-01-12T12:00:00+01:00,-4.575
2016-01-12T18:00:00+01:00,-4.579
2016-01-13T00:00:00+01:00,-4.581
2016-01-13T06:00:00+01:00,-4.612
2016-01-13T12:00:00+01:00,-4.623
2016-01-13T18:00:00+01:00,-4.62
2016-01-14T00:00:00+01:00,-4.614
2016-01-14T06:00:00+01:00,-4.588
2016-01-14T12:00:00+01:00,-4.56
2016-01-14T18:00:00+01:00,-4.547
2016-01-15T00:00:00+01:00,-4.538
2016-01-15T06:00:00+01:00,-4.553
2016-01-15T12:00:00+01:00,-4.564
2016-01-15T18:00:00+01:00,-4.575
2016-01-16T00:00:00+01:00,-4.582
2016-01-16T06:00:00+01:00,-4.568
2016-01-16T12:00:00+01:00,-4.572
2016-01-16T18:00:00+01:00,-4.574
2016-01-17T00:00:00+01:00,-4.565
2016-01-17T06:00:00+01:00,-4.572
2016-01-17T12:00:00+01:00,-4.578
2016-01-17T18:00:00+01:00,-4.576
2016-01-18T00:00:00+01:00,-4.571
2016-01-18T06:00:00+01:00,-4.562
2016-01-18T12:00:00+01:00,-4.553
2016-01-18T18:00:00+01:00,-4.55
2016-01-19T00:00:00+01:00,-4.551
2016-01-19T06:00:00+01:00,-4.552
2016-01-19T12:00:00+01:00,-4.555
2016-01-19T18:00:00+01:00,-4.559
2016-01-20T00:00:00+01:00,-4.568
2016-01-20T06:00:00+01:00,-4.569
2016-01-20T12:00:00+01:00,-4.58
2016-01-20T18:00:00+01:00,-4.583
2016-01-21T00:00:00+01:00,-4.595
2016-01-21T06:00:00+01:00,-4.605
2016-01-21T12:00:00+01:00,-4.615
2016-01-21T18:00:00+01:00,-4.615
2016-01-22T00:00:00+01:00,-4.617
2016-01-22T06:00:00+01:00,-4.617
2016-01-22T12:00:00+01:00,-4.609
2016-01-22T18:00:00+01:00,-4.598
2016-01-23T00:00:00+01:00,-4.6
2016-01-23T06:00:00+01:00,-4.62
2016-01-23T12:00:00+01:00,-4.637
2016-01-23T18:00:00+01:00,-4.642
2016-01-24T00:00:00+01:00,-4.641
2016-01-24T06:00:00+01:00,-4.631
2016-01-24T12:00:00+01:00,-4.625
2016-01-24T18:00:00+01:00,-4.619
2016-01-25T00:00:00+01:00,-4.622
2016-01-25T06:00:00+01:00,-4.619
2016-01-25T12:00:00+01:00,-4.614
2016-01-25T18:00:00+01:00,-4.604
2016-01-26T00:00:00+01:00,-4.61
2016-01-26T06:00:00+01:00,-4.613
2016-01-26T12:00:00+01:00,-4.606
2016-01-26T18:00:00+01:00,-4.596
2016-01-27T00:00:00+01:00,-4.589
2016-01-27T06:00:00+01:00,-4.588
2016-01-27T12:00:00+01:00,-4.582
2016-01-27T18:00:00+01:00,-4.578
2016-01-28T00:00:00+01:00,-4.579
2016-01-28T06:00:00+01:00,-4.601
2016-01-28T12:00:00+01:00,-4.613
2016-01-28T18:00:00+01:00,-4.61
2016-01-29T00:00:00+01:00,-4.597
2016-01-29T06:00:00+01:00,-4.587
2016-01-29T12:00:00+01:00,-4.581
2016-01-29T18:00:00+01:00,-4.581
2016-01-30T00:00:00+01:00,-4.574
2016-01-30T06:00:00+01:00,-4.547
2016-01-30T12:00:00+01:00,-4.541
2016-01-30T18:00:00+01:00,-4.546
2016-01-31T00:00:00+01:00,-4.552
2016-01-31T06:00:00+01:00,-4.551
2016-01-31T12:00:00+01:00,-4.549
2016-01-31T18:00:00+01:00,-4.533
2016-02-01T00:00:00+01:00,-4.546
2016-02-01T06:00:00+01:00,-4.554
2016-02-01T12:00:00+01:00,-4.557
2016-02-01T18:00:00+01:00,-4.559
2016-02-02T00:00:00+01:00,-4.557
2016-02-02T06:00:00+01:00,-4.558
2016-02-02T12:00:00+01:00,-4.553
2016-02-02T18:00:00+01:00,-4.551
2016-02-03T00:00:00+01:00,-4.567
2016-02-03T06:00:00+01:00,-4.568
2016-02-03T12:00:00+01:00,-4.575
2016-02-03T18:00:00+01:00,-4.59
2016-02-04T00:00:00+01:00,-4.602
2016-02-04T06:00:00+01:00,-4.596
2016-02-04T12:00:00+01:00,-4.582
2016-02-04T18:00:00+01:00,-4.6
2016-02-05T00:00:00+01:00,-4.612
2016-02-05T06:00:00+01:00,-4.603
2016-02-05T12:00:00+01:00,-4.598
2016-02-05T18:00:00+01:00,-4.595
2016-02-06T00:00:00+01:00,-4.586
2016-02-06T06:00:00+01:00,-4.576
2016-02-06T12:00:00+01:00,-4.571
2016-02-06T18:00:00+01:00,-4.559
2016-02-07T00:00:00+01:00,-4.546
2016-02-07T06:00:00+01:00,-4.538
2016-02-07T12:00:00+01:00,-4.556
2016-02-07T18:00:00+01:00,-4.569
2016-02-08T00:00:00+01:00,-4.559
2016-02-08T06:00:00+01:00,-4.535
2016-02-08T12:00:00+01:00,-4.54
2016-02-08T18:00:00+01:00,-4.542
2016-02-09T00:00:00+01:00,-4.558
2016-02-09T06:00:00+01:00,-4.564
2016-02-09T12:00:00+01:00,-4.542
2016-02-09T18:00:00+01:00,-4.53
2016-02-10T00:00:00+01:00,-4.55
2016-02-10T06:00:00+01:00,-4.552
2016-02-10T12:00:00+01:00,-4.56
2016-02-10T18:00:00+01:00,-4.565
2016-02-11T00:00:00+01:00,-4.577
2016-02-11T06:00:00+01:00,-4.577
2016-02-11T12:00:00+01:00,-4.58
2016-02-11T18:00:00+01:00,-4.578
2016-02-12T00:00:00+01:00,-4.574
2016-02-12T06:00:00+01:00,-4.565
2016-02-12T12:00:00+01:00,-4.559
2016-02-12T18:00:00+01:00,-4.555
2016-02-13T00:00:00+01:00,-4.559
2016-02-13T06:00:00+01:00,-4.549
2016-02-13T12:00:00+01:00,-4.535
2016-02-13T18:00:00+01:00,-4.532
2016-02-14T00:00:00+01:00,-4.531
2016-02-14T06:00:00+01:00,-4.534
2016-02-14T12:00:00+01:00,-4.546
2016-02-14T18:00:00+01:00,-4.56
2016-02-15T00:00:00+01:00,-4.579
2016-02-15T06:00:00+01:00,-4.603
2016-02-15T12:00:00+01:00,-4.619
2016-02-15T18:00:00+01:00,-4.633
2016-02-16T00:00:00+01:00,-4.643
2016-02-16T06:00:00+01:00,-4.645
2016-02-16T12:00:00+01:00,-4.643
2016-02-16T18:00:00+01:00,-4.635
2016-02-17T00:00:00+01:00,-4.626
2016-02-17T06:00:00+01:00,-4.609
2016-02-17T12:00:00+01:00,-4.588
2016-02-17T18:00:00+01:00,-4.575
2016-02-18T00:00:00+01:00,-4.574
2016-02-18T06:00:00+01:00,-4.573
2016-02-18T12:00:00+01:00,-4.578
2016-02-18T18:00:00+01:00,-4.586
2016-02-19T00:00:00+01:00,-4.591
2016-02-19T06:00:00+01:00,-4.601
2016-02-19T12:00:00+01:00,-4.608
2016-02-19T18:00:00+01:00,-4.605
2016-02-20T00:00:00+01:00,-4.597
2016-02-20T06:00:00+01:00,-4.582
2016-02-20T12:00:00+01:00,-4.587
2016-02-20T18:00:00+01:00,-4.58
2016-02-21T00:00:00+01:00,-4.588
2016-02-21T06:00:00+01:00,-4.594
2016-02-21T12:00:00+01:00,-4.588
2016-02-21T18:00:00+01:00,-4.58
2016-02-22T00:00:00+01:00,-4.576
2016-02-22T06:00:00+01:00,-4.573
2016-02-22T12:00:00+01:00,-4.573
2016-02-22T18:00:00+01:00,-4.578
2016-02-23T00:00:00+01:00,-4.583
2016-02-23T06:00:00+01:00,-4.584
2016-02-23T12:00:00+01:00,-4.588
2016-02-23T18:00:00+01:00,-4.598
2016-02-24T00:00:00+01:00,-4.608
2016-02-24T06:00:00+01:00,-4.607
2016-02-24T12:00:00+01:00,-4.601
2016-02-24T18:00:00+01:00,-4.594
2016-02-25T00:00:00+01:00,-4.593
2016-02-25T06:00:00+01:00,-4.589
2016-02-25T12:00:00+01:00,-4.592
2016-02-25T18:00:00+01:00,-4.594
2016-02-26T00:00:00+01:00,-4.601
2016-02-26T06:00:00+01:00,-4.594
2016-02-26T12:00:00+01:00,-4.596
2016-02-26T18:00:00+01:00,-4.59
2016-02-27T00:00:00+01:00,-4.594
2016-02-27T06:00:00+01:00,-4.594
2016-02-27T12:00:00+01:00,-4.6
2016-02-27T18:00:00+01:00,-4.606
2016-02-28T00:00:00+01:00,-4.616
2016-02-28T06:00:00+01:00,-4.624
2016-02-28T12:00:00+01:00,-4.633
2016-02-28T18:00:00+01:00,-4.636
2016-02-29T00:00:00+01:00,-4.645
2016-02-29T06:00:00+01:00,-4.648
2016-02-29T12:00:00+01:00,-4.648
2016-02-29T18:00:00+01:00,-4.652
2016-03-01T00:00:00+01:00,-4.652
2016-03-01T06:00:00+01:00,-4.639
2016-03-01T12:00:00+01:00,-4.619
2016-03-01T18:00:00+01:00,-4.591
2016-03-02T00:00:00+01:00,-4.587
2016-03-02T06:00:00+01:00,-4.572
2016-03-02T12:00:00+01:00,-4.573
2016-03-02T18:00:00+01:00,-4.56
2016-03-03T00:00:00+01:00,-4.562
2016-03-03T06:00:00+01:00,-4.568
2016-03-03T12:00:00+01:00,-4.578
2016-03-03T18:00:00+01:00,-4.582
2016-03-04T00:00:00+01:00,-4.574
2016-03-04T06:00:00+01:00,-4.547
2016-03-04T12:00:00+01:00,-4.527
2016-03-04T18:00:00+01:00,-4.527
2016-03-05T00:00:00+01:00,-4.534
2016-03-05T06:00:00+01:00,-4.537
2016-03-05T12:00:00+01:00,-4.535
2016-03-05T18:00:00+01:00,-4.537
2016-03-06T00:00:00+01:00,-4.543
2016-03-06T06:00:00+01:00,-4.54
2016-03-06T12:00:00+01:00,-4.546
2016-03-06T18:00:00+01:00,-4.546
2016-03-07T00:00:00+01:00,-4.553
2016-03-07T06:00:00+01:00,-4.555
2016-03-07T12:00:00+01:00,-4.561
2016-03-07T18:00:00+01:00,-4.571
2016-03-08T00:00:00+01:00,-4.585
2016-03-08T06:00:00+01:00,-4.591
2016-03-08T12:00:00+01:00,-4.594
2016-03-08T18:00:00+01:00,-4.595
2016-03-09T00:00:00+01:00,-4.588
2016-03-09T06:00:00+01:00,-4.574
2016-03-09T12:00:00+01:00,-4.573
2016-03-09T18:00:00+01:00,-4.583
2016-03-10T00:00:00+01:00,-4.601
2016-03-10T06:00:00+01:00,-4.616
2016-03-10T12:00:00+01:00,-4.63
2016-03-10T18:00:00+01:00,-4.637
2016-03-11T00:00:00+01:00,-4.651
2016-03-11T06:00:00+01:00,-4.654
2016-03-11T12:00:00+01:00,-4.662
2016-03-11T18:00:00+01:00,-4.663
2016-03-12T00:00:00+01:00,-4.668
2016-03-12T06:00:00+01:00,-4.669
2016-03-12T12:00:00+01:00,-4.673
2016-03-12T18:00:00+01:00,-4.675
2016-03-13T00:00:00+01:00,-4.682
2016-03-13T06:00:00+01:00,-4.69
2016-03-13T12:00:00+01:00,-4.694
2016-03-13T18:00:00+01:00,-4.69
2016-03-14T00:00:00+01:00,-4.693
2016-03-14T06:00:00+01:00,-4.692
2016-03-14T12:00:00+01:00,-4.69
2016-03-14T18:00:00+01:00,-4.686
2016-03-15T00:00:00+01:00,-4.688
2016-03-15T06:00:00+01:00,-4.687
2016-03-15T12:00:00+01:00,-4.689
2016-03-15T18:00:00+01:00,-4.693
2016-03-16T00:00:00+01:00,-4.7
2016-03-16T06:00:00+01:00,-4.707
2016-03-16T12:00:00+01:00,-4.712
2016-03-16T18:00:00+01:00,-4.714
2016-03-17T00:00:00+01:00,-4.722
2016-03-17T06:00:00+01:00,-4.717
2016-03-17T12:00:00+01:00,-4.717
2016-03-17T18:00:00+01:00,-4.71
2016-03-18T00:00:00+01:00,-4.711
2016-03-18T06:00:00+01:00,-4.703
2016-03-18T12:00:00+01:00,-4.704
2016-03-18T18:00:00+01:00,-4.705
2016-03-19T00:00:00+01:00,-4.71
2016-03-19T06:00:00+01:00,-4.711
2016-03-19T12:00:00+01:00,-4.714
2016-03-19T18:00:00+01:00,-4.713
2016-03-20T00:00:00+01:00,-4.715
2016-03-20T06:00:00+01:00,-4.708
2016-03-20T12:00:00+01:00,-4.713
2016-03-20T18:00:00+01:00,-4.707
2016-03-21T00:00:00+01:00,-4.712
2016-03-21T06:00:00+01:00,-4.711
2016-03-21T12:00:00+01:00,-4.713
2016-03-21T18:00:00+01:00,-4.707
2016-03-22T00:00:00+01:00,-4.709
2016-03-22T06:00:00+01:00,-4.702
2016-03-22T12:00:00+01:00,-4.705
2016-03-22T18:00:00+01:00,-4.705
2016-03-23T00:00:00+01:00,-4.705
2016-03-23T06:00:00+01:00,-4.704
2016-03-23T12:00:00+01:00,-4.708
2016-03-23T18:00:00+01:00,-4.71
2016-03-24T00:00:00+01:00,-4.715
2016-03-24T06:00:00+01:00,-4.711
2016-03-24T12:00:00+01:00,-4.714
2016-03-24T18:00:00+01:00,-4.715
2016-03-25T00:00:00+01:00,-4.708
2016-03-25T06:00:00+01:00,-4.7
2016-03-25T12:00:00+01:00,-4.706
2016-03-25T18:00:00+01:00,-4.724
2016-03-26T00:00:00+01:00,-4.736
2016-03-26T06:00:00+01:00,-4.729
2016-03-26T12:00:00+01:00,-4.718
2016-03-26T18:00:00+01:00,-4.702
2016-03-27T00:00:00+01:00,-4.692
2016-03-27T07:00:00+02:00,-4.694
2016-03-27T13:00:00+02:00,-4.701
2016-03-27T19:00:00+02:00,-4.699
2016-03-28T01:00:00+02:00,-4.691
2016-03-28T07:00:00+02:00,-4.665
2016-03-28T13:00:00+02:00,-4.657
2016-03-28T19:00:00+02:00,-4.675
2016-03-29T01:00:00+02:00,-4.682
2016-03-29T07:00:00+02:00,-4.689
2016-03-29T13:00:00+02:00,-4.698
2016-03-29T19:00:00+02:00,-4.705
2016-03-30T01:00:00+02:00,-4.696
2016-03-30T07:00:00+02:00,-4.697
2016-03-30T13:00:00+02:00,-4.702
2016-03-30T19:00:00+02:00,-4.711
2016-03-31T01:00:00+02:00,-4.711
2016-03-31T07:00:00+02:00,-4.71
2016-03-31T13:00:00+02:00,-4.71
2016-03-31T19:00:00+02:00,-4.716
2016-04-01T01:00:00+02:00,-4.725
2016-04-01T07:00:00+02:00,-4.731
2016-04-01T13:00:00+02:00,-4.734
2016-04-01T19:00:00+02:00,-4.727
2016-04-02T01:00:00+02:00,-4.724
2016-04-02T07:00:00+02:00,-4.718
2016-04-02T13:00:00+02:00,-4.717
2016-04-02T19:00:00+02:00,-4.711
2016-04-03T01:00:00+02:00,-4.702
2016-04-03T07:00:00+02:00,-4.698
2016-04-03T13:00:00+02:00,-4.705
2016-04-03T19:00:00+02:00,-4.699
2016-04-04T01:00:00+02:00,-4.696
2016-04-04T07:00:00+02:00,-4.685
2016-04-04T13:00:00+02:00,-4.69
2016-04-04T19:00:00+02:00,-4.692
2016-04-05T01:00:00+02:00,-4.695
2016-04-05T07:00:00+02:00,-4.694
2016-04-05T13:00:00+02:00,-4.692
2016-04-05T19:00:00+02:00,-4.695
2016-04-06T01:00:00+02:00,-4.699
2016-04-06T07:00:00+02:00,-4.692
2016-04-06T13:00:00+02:00,-4.686
2016-04-06T19:00:00+02:00,-4.669
2016-04-07T01:00:00+02:00,-4.676
2016-04-07T07:00:00+02:00,-4.672
2016-04-07T13:00:00+02:00,-4.679
2016-04-07T19:00:00+02:00,-4.683
2016-04-08T01:00:00+02:00,-4.688
2016-04-08T07:00:00+02:00,-4.687
2016-04-08T13:00:00+02:00,-4.688
2016-04-08T19:00:00+02:00,-4.682
2016-04-09T01:00:00+02:00,-4.68
2016-04-09T07:00:00+02:00,-4.674
2016-04-09T13:00:00+02:00,-4.672
2016-04-09T19:00:00+02:00,-4.668
2016-04-10T01:00:00+02:00,-4.673
2016-04-10T07:00:00+02:00,-4.68
2016-04-10T13:00:00+02:00,-4.689
2016-04-10T19:00:00+02:00,-4.683
2016-04-11T01:00:00+02:00,-4.685
2016-04-11T07:00:00+02:00,-4.684
2016-04-11T13:00:00+02:00,-4.681
2016-04-11T19:00:00+02:00,-4.68
2016-04-12T01:00:00+02:00,-4.684
2016-04-12T07:00:00+02:00,-4.682
2016-04-12T13:00:00+02:00,-4.686
2016-04-12T19:00:00+02:00,-4.684
2016-04-13T01:00:00+02:00,-4.689
2016-04-13T07:00:00+02:00,-4.688
2016-04-13T13:00:00+02:00,-4.69
2016-04-13T19:00:00+02:00,-4.694
2016-04-14T01:00:00+02:00,-4.7
2016-04-14T07:00:00+02:00,-4.7
2016-04-14T13:00:00+02:00,-4.705
2016-04-14T19:00:00+02:00,-4.701
2016-04-15T01:00:00+02:00,-4.69
2016-04-15T07:00:00+02:00,-4.678
2016-04-15T13:00:00+02:00,-4.676
2016-04-15T19:00:00+02:00,-4.677
2016-04-16T01:00:00+02:00,-4.67
2016-04-16T07:00:00+02:00,-4.668
2016-04-16T13:00:00+02:00,-4.682
2016-04-16T19:00:00+02:00,-4.695
2016-04-17T01:00:00+02:00,-4.699
2016-04-17T07:00:00+02:00,-4.704
2016-04-17T13:00:00+02:00,-4.719
2016-04-17T19:00:00+02:00,-4.726
2016-04-18T01:00:00+02:00,-4.737
2016-04-18T07:00:00+02:00,-4.734
2016-04-18T13:00:00+02:00,-4.734
2016-04-18T19:00:00+02:00,-4.738
2016-04-19T01:00:00+02:00,-4.743
2016-04-19T07:00:00+02:00,-4.747
2016-04-19T13:00:00+02:00,-4.754
2016-04-19T19:00:00+02:00,-4.761
2016-04-20T01:00:00+02:00,-4.769
2016-04-20T07:00:00+02:00,-4.767
2016-04-20T13:00:00+02:00,-4.768
2016-04-20T19:00:00+02:00,-4.762
2016-04-21T01:00:00+02:00,-4.76
2016-04-21T07:00:00+02:00,-4.752
2016-04-21T13:00:00+02:00,-4.747
2016-04-21T19:00:00+02:00,-4.744
2016-04-22T01:00:00+02:00,-4.749
2016-04-22T07:00:00+02:00,-4.745
2016-04-22T13:00:00+02:00,-4.744
2016-04-22T19:00:00+02:00,-4.737
2016-04-23T01:00:00+02:00,-4.737
2016-04-23T07:00:00+02:00,-4.73
2016-04-23T13:00:00+02:00,-4.732
2016-04-23T19:00:00+02:00,-4.733
2016-04-24T01:00:00+02:00,-4.735
2016-04-24T07:00:00+02:00,-4.729
2016-04-24T13:00:00+02:00,-4.733
2016-04-24T19:00:00+02:00,-4.732
2016-04-25T01:00:00+02:00,-4.731
2016-04-25T07:00:00+02:00,-4.72
2016-04-25T13:00:00+02:00,-4.706
2016-04-25T19:00:00+02:00,-4.697
2016-04-26T01:00:00+02:00,-4.699
2016-04-26T07:00:00+02:00,-4.683
2016-04-26T13:00:00+02:00,-4.69
2016-04-26T19:00:00+02:00,-4.694
2016-04-27T01:00:00+02:00,-4.694
2016-04-27T07:00:00+02:00,-4.701
2016-04-27T13:00:00+02:00,-4.711
2016-04-27T19:00:00+02:00,-4.723
2016-04-28T01:00:00+02:00,-4.729
2016-04-28T07:00:00+02:00,-4.73
2016-04-28T13:00:00+02:00,-4.728
2016-04-28T19:00:00+02:00,-4.729
2016-04-29T01:00:00+02:00,-4.72
2016-04-29T07:00:00+02:00,-4.712
2016-04-29T13:00:00+02:00,-4.711
2016-04-29T19:00:00+02:00,-4.717
2016-04-30T01:00:00+02:00,-4.721
2016-04-30T07:00:00+02:00,-4.725
2016-04-30T13:00:00+02:00,-4.73
2016-04-30T19:00:00+02:00,-4.738
2016-05-01T01:00:00+02:00,-4.744
2016-05-01T07:00:00+02:00,-4.747
2016-05-01T13:00:00+02:00,-4.747
2016-05-01T19:00:00+02:00,-4.744
2016-05-02T01:00:00+02:00,-4.743
2016-05-02T07:00:00+02:00,-4.735
2016-05-02T13:00:00+02:00,-4.725
2016-05-02T19:00:00+02:00,-4.719
2016-05-03T01:00:00+02:00,-4.713
2016-05-03T07:00:00+02:00,-4.72
2016-05-03T13:00:00+02:00,-4.732
2016-05-03T19:00:00+02:00,-4.739
2016-05-04T01:00:00+02:00,-4.746
2016-05-04T07:00:00+02:00,-4.745
2016-05-04T13:00:00+02:00,-4.746
2016-05-04T19:00:00+02:00,-4.74
2016-05-05T01:00:00+02:00,-4.741
2016-05-05T07:00:00+02:00,-4.736
2016-05-05T13:00:00+02:00,-4.734
2016-05-05T19:00:00+02:00,-4.722
2016-05-06T01:00:00+02:00,-4.72
2016-05-06T07:00:00+02:00,-4.712
2016-05-06T13:00:00+02:00,-4.708
2016-05-06T19:00:00+02:00,-4.701
2016-05-07T01:00:00+02:00,-4.708
2016-05-07T07:00:00+02:00,-4.706
2016-05-07T13:00:00+02:00,-4.713
2016-05-07T19:00:00+02:00,-4.71
2016-05-08T01:00:00+02:00,-4.717
2016-05-08T07:00:00+02:00,-4.723
2016-05-08T13:00:00+02:00,-4.727
2016-05-08T19:00:00+02:00,-4.726
2016-05-09T01:00:00+02:00,-4.735
2016-05-09T07:00:00+02:00,-4.737
2016-05-09T13:00:00+02:00,-4.737
2016-05-09T19:00:00+02:00,-4.736
2016-05-10T01:00:00+02:00,-4.738
2016-05-10T07:00:00+02:00,-4.736
2016-05-10T13:00:00+02:00,-4.734
2016-05-10T19:00:00+02:00,-4.733
2016-05-11T01:00:00+02:00,-4.732
2016-05-11T07:00:00+02:00,-4.733
2016-05-11T13:00:00+02:00,-4.73
2016-05-11T19:00:00+02:00,-4.728
2016-05-12T01:00:00+02:00,-4.731
2016-05-12T07:00:00+02:00,-4.729
2016-05-12T13:00:00+02:00,-4.724
2016-05-12T19:00:00+02:00,-4.73
2016-05-13T01:00:00+02:00,-4.742
2016-05-13T07:00:00+02:00,-4.743
2016-05-13T13:00:00+02:00,-4.75
2016-05-13T19:00:00+02:00,-4.757
2016-05-14T01:00:00+02:00,-4.771
2016-05-14T07:00:00+02:00,-4.772
2016-05-14T13:00:00+02:00,-4.772
2016-05-14T19:00:00+02:00,-4.78
2016-05-15T01:00:00+02:00,-4.782
2016-05-15T07:00:00+02:00,-4.78
2016-05-15T13:00:00+02:00,-4.785
2016-05-15T19:00:00+02:00,-4.782
2016-05-16T01:00:00+02:00,-4.782
2016-05-16T07:00:00+02:00,-4.778
2016-05-16T13:00:00+02:00,-4.778
2016-05-16T19:00:00+02:00,-4.776
2016-05-17T01:00:00+02:00,-4.775
2016-05-17T07:00:00+02:00,-4.765
2016-05-17T13:00:00+02:00,-4.766
2016-05-17T19:00:00+02:00,-4.762
2016-05-18T01:00:00+02:00,-4.759
2016-05-18T07:00:00+02:00,-4.75
2016-05-18T13:00:00+02:00,-4.748
2016-05-18T19:00:00+02:00,-4.737
2016-05-19T01:00:00+02:00,-4.741
2016-05-19T07:00:00+02:00,-4.745
2016-05-19T13:00:00+02:00,-4.76
2016-05-19T19:00:00+02:00,-4.768
2016-05-20T01:00:00+02:00,-4.769
2016-05-20T07:00:00+02:00,-4.767
2016-05-20T13:00:00+02:00,-4.799
2016-05-20T19:00:00+02:00,-4.787
2016-05-21T01:00:00+02:00,-4.788
2016-05-21T07:00:00+02:00,-4.781
2016-05-21T13:00:00+02:00,-4.778
2016-05-21T19:00:00+02:00,-4.773
2016-05-22T01:00:00+02:00,-4.767
2016-05-22T07:00:00+02:00,-4.757
2016-05-22T13:00:00+02:00,-4.753
2016-05-22T19:00:00+02:00,-4.756
2016-05-23T01:00:00+02:00,-4.756
2016-05-23T07:00:00+02:00,-4.754
2016-05-23T13:00:00+02:00,-4.754
2016-05-23T19:00:00+02:00,-4.755
2016-05-24T01:00:00+02:00,-4.759
2016-05-24T07:00:00+02:00,-4.761
2016-05-24T13:00:00+02:00,-4.759
2016-05-24T19:00:00+02:00,-4.759
2016-05-25T01:00:00+02:00,-4.76
2016-05-25T07:00:00+02:00,-4.758
2016-05-25T13:00:00+02:00,-4.758
2016-05-25T19:00:00+02:00,-4.757
2016-05-26T01:00:00+02:00,-4.755
2016-05-26T07:00:00+02:00,-4.753
2016-05-26T13:00:00+02:00,-4.754
2016-05-26T19:00:00+02:00,-4.753
2016-05-27T01:00:00+02:00,-4.754
2016-05-27T07:00:00+02:00,-4.753
2016-05-27T13:00:00+02:00,-4.754
2016-05-27T19:00:00+02:00,-4.754
2016-05-28T01:00:00+02:00,-4.753
2016-05-28T07:00:00+02:00,-4.753
2016-05-28T13:00:00+02:00,-4.754
2016-05-28T19:00:00+02:00,-4.753
2016-05-29T01:00:00+02:00,-4.752
2016-05-29T07:00:00+02:00,-4.752
2016-05-29T13:00:00+02:00,-4.75
2016-05-29T19:00:00+02:00,-4.748
2016-05-30T01:00:00+02:00,-4.747
2016-05-30T07:00:00+02:00,-4.747
2016-05-30T13:00:00+02:00,-4.745
2016-05-30T19:00:00+02:00,-4.746
2016-05-31T01:00:00+02:00,-4.742
2016-05-31T07:00:00+02:00,-4.742
2016-05-31T13:00:00+02:00,-4.742
2016-05-31T19:00:00+02:00,-4.743
2016-06-01T01:00:00+02:00,-4.744
2016-06-01T07:00:00+02:00,-4.748
2016-06-01T13:00:00+02:00,-4.748
2016-06-01T19:00:00+02:00,-4.748
2016-06-02T01:00:00+02:00,-4.75
2016-06-02T07:00:00+02:00,-4.751
2016-06-02T13:00:00+02:00,-4.752
2016-06-02T19:00:00+02:00,-4.752
2016-06-03T01:00:00+02:00,-4.752
2016-06-03T07:00:00+02:00,-4.752
2016-06-03T13:00:00+02:00,-4.753
2016-06-03T19:00:00+02:00,-4.754
2016-06-04T01:00:00+02:00,-4.755
2016-06-04T07:00:00+02:00,-4.754
2016-06-04T13:00:00+02:00,-4.755
2016-06-04T19:00:00+02:00,-4.755
2016-06-05T01:00:00+02:00,-4.754
2016-06-05T07:00:00+02:00,-4.756
2016-06-05T13:00:00+02:00,-4.76
2016-06-05T19:00:00+02:00,-4.762
2016-06-06T01:00:00+02:00,-4.763
2016-06-06T07:00:00+02:00,-4.764
2016-06-06T13:00:00+02:00,-4.767
2016-06-06T19:00:00+02:00,-4.77
2016-06-07T01:00:00+02:00,-4.769
2016-06-07T07:00:00+02:00,-4.77
2016-06-07T13:00:00+02:00,-4.775
2016-06-07T19:00:00+02:00,-4.78
2016-06-08T01:00:00+02:00,-4.779
2016-06-08T07:00:00+02:00,-4.78
2016-06-08T13:00:00+02:00,-4.78
2016-06-08T19:00:00+02:00,-4.781
2016-06-09T01:00:00+02:00,-4.779
2016-06-09T07:00:00+02:00,-4.779
2016-06-09T13:00:00+02:00,-4.78
2016-06-09T19:00:00+02:00,-4.781
2016-06-10T01:00:00+02:00,-4.782
2016-06-10T07:00:00+02:00,-4.781
2016-06-10T13:00:00+02:00,-4.779
2016-06-10T19:00:00+02:00,-4.778
2016-06-11T01:00:00+02:00,-4.774
2016-06-11T07:00:00+02:00,-4.774
2016-06-11T13:00:00+02:00,-4.774
2016-06-11T19:00:00+02:00,-4.774
2016-06-12T01:00:00+02:00,-4.772
2016-06-12T07:00:00+02:00,-4.772
2016-06-12T13:00:00+02:00,-4.77
2016-06-12T19:00:00+02:00,-4.767
2016-06-13T01:00:00+02:00,-4.765
2016-06-13T07:00:00+02:00,-4.753
2016-06-13T13:00:00+02:00,-4.747
2016-06-13T19:00:00+02:00,-4.745
2016-06-14T01:00:00+02:00,-4.745
2016-06-14T07:00:00+02:00,-4.743
2016-06-14T13:00:00+02:00,-4.743
2016-06-14T19:00:00+02:00,-4.742
2016-06-15T01:00:00+02:00,-4.743
2016-06-15T07:00:00+02:00,-4.744
2016-06-15T13:00:00+02:00,-4.744
2016-06-15T19:00:00+02:00,-4.744
2016-06-16T01:00:00+02:00,-4.742
2016-06-16T07:00:00+02:00,-4.744
2016-06-16T13:00:00+02:00,-4.745
2016-06-16T19:00:00+02:00,-4.745
2016-06-17T01:00:00+02:00,-4.747
2016-06-17T07:00:00+02:00,-4.746
2016-06-17T13:00:00+02:00,-4.747
2016-06-17T19:00:00+02:00,-4.753
2016-06-18T01:00:00+02:00,-4.763
2016-06-18T07:00:00+02:00,-4.772
2016-06-18T13:00:00+02:00,-4.774
2016-06-18T19:00:00+02:00,-4.78
2016-06-19T01:00:00+02:00,-4.787
2016-06-19T07:00:00+02:00,-4.791
2016-06-19T13:00:00+02:00,-4.797
2016-06-19T19:00:00+02:00,-4.8
2016-06-20T01:00:00+02:00,-4.798
2016-06-20T07:00:00+02:00,-4.799
2016-06-20T13:00:00+02:00,-4.78
2016-06-20T19:00:00+02:00,-4.76
2016-06-21T01:00:00+02:00,-4.756
2016-06-21T07:00:00+02:00,-4.755
2016-06-21T13:00:00+02:00,-4.758
2016-06-21T19:00:00+02:00,-4.757
2016-06-22T01:00:00+02:00,-4.757
2016-06-22T07:00:00+02:00,-4.757
2016-06-22T13:00:00+02:00,-4.758
2016-06-22T19:00:00+02:00,-4.756
2016-06-23T01:00:00+02:00,-4.757
2016-06-23T07:00:00+02:00,-4.75
2016-06-23T13:00:00+02:00,-4.726
2016-06-23T19:00:00+02:00,-4.724
2016-06-24T01:00:00+02:00,-4.714
2016-06-24T07:00:00+02:00,-4.706
2016-06-24T13:00:00+02:00,-4.705
2016-06-24T19:00:00+02:00,-4.705
2016-06-25T01:00:00+02:00,-4.698
2016-06-25T07:00:00+02:00,-4.689
2016-06-25T13:00:00+02:00,-4.684
2016-06-25T19:00:00+02:00,-4.684
2016-06-26T01:00:00+02:00,-4.683
2016-06-26T07:00:00+02:00,-4.683
2016-06-26T13:00:00+02:00,-4.681
2016-06-26T19:00:00+02:00,-4.681
2016-06-27T01:00:00+02:00,-4.683
2016-06-27T07:00:00+02:00,-4.683
2016-06-27T13:00:00+02:00,-4.68
2016-06-27T19:00:00+02:00,-4.682
2016-06-28T01:00:00+02:00,-4.683
2016-06-28T07:00:00+02:00,-4.685
2016-06-28T13:00:00+02:00,-4.686
2016-06-28T19:00:00+02:00,-4.685
2016-06-29T01:00:00+02:00,-4.684
2016-06-29T07:00:00+02:00,-4.683
2016-06-29T13:00:00+02:00,-4.681
2016-06-29T19:00:00+02:00,-4.681
2016-06-30T01:00:00+02:00,-4.683
2016-06-30T07:00:00+02:00,-4.684
2016-06-30T13:00:00+02:00,-4.684
2016-06-30T19:00:00+02:00,-4.683
2016-07-01T01:00:00+02:00,-4.684
2016-07-01T07:00:00+02:00,-4.684
2016-07-01T13:00:00+02:00,-4.684
2016-07-01T19:00:00+02:00,-4.682
2016-07-02T01:00:00+02:00,-4.683
2016-07-02T07:00:00+02:00,-4.681
2016-07-02T13:00:00+02:00,-4.681
2016-07-02T19:00:00+02:00,-4.68
2016-07-03T01:00:00+02:00,-4.681
2016-07-03T07:00:00+02:00,-4.681
2016-07-03T13:00:00+02:00,-4.68
2016-07-03T19:00:00+02:00,-4.68
2016-07-04T01:00:00+02:00,-4.681
2016-07-04T07:00:00+02:00,-4.682
2016-07-04T13:00:00+02:00,-4.68
2016-07-04T19:00:00+02:00,-4.68
2016-07-05T01:00:00+02:00,-4.679
2016-07-05T07:00:00+02:00,-4.668
2016-07-05T13:00:00+02:00,-4.665
2016-07-05T19:00:00+02:00,-4.664
2016-07-06T01:00:00+02:00,-4.668
2016-07-06T07:00:00+02:00,-4.667
2016-07-06T13:00:00+02:00,-4.666
2016-07-06T19:00:00+02:00,-4.669
2016-07-07T01:00:00+02:00,-4.676
2016-07-07T07:00:00+02:00,-4.678
2016-07-07T13:00:00+02:00,-4.681
2016-07-07T19:00:00+02:00,-4.68
2016-07-08T01:00:00+02:00,-4.68
2016-07-08T07:00:00+02:00,-4.682
2016-07-08T13:00:00+02:00,-4.681
2016-07-08T19:00:00+02:00,-4.678
2016-07-09T01:00:00+02:00,-4.68
2016-07-09T07:00:00+02:00,-4.684
2016-07-09T13:00:00+02:00,-4.688
2016-07-09T19:00:00+02:00,-4.691
2016-07-10T01:00:00+02:00,-4.691
2016-07-10T07:00:00+02:00,-4.692
2016-07-10T13:00:00+02:00,-4.69
2016-07-10T19:00:00+02:00,-4.689
2016-07-11T01:00:00+02:00,-4.686
2016-07-11T07:00:00+02:00,-4.689
2016-07-11T13:00:00+02:00,-4.689
2016-07-11T19:00:00+02:00,-4.689
2016-07-12T01:00:00+02:00,-4.691
2016-07-12T07:00:00+02:00,-4.692
2016-07-12T13:00:00+02:00,-4.696
2016-07-12T19:00:00+02:00,-4.7
2016-07-13T01:00:00+02:00,-4.705
2016-07-13T07:00:00+02:00,-4.705
2016-07-13T13:00:00+02:00,-4.708
2016-07-13T19:00:00+02:00,-4.713
2016-07-14T01:00:00+02:00,-4.723
2016-07-14T07:00:00+02:00,-4.727
2016-07-14T13:00:00+02:00,-4.729
2016-07-14T19:00:00+02:00,-4.735
2016-07-15T01:00:00+02:00,-4.741
2016-07-15T07:00:00+02:00,-4.743
2016-07-15T13:00:00+02:00,-4.746
2016-07-15T19:00:00+02:00,-4.747
2016-07-16T01:00:00+02:00,-4.75
2016-07-16T07:00:00+02:00,-4.75
2016-07-16T13:00:00+02:00,-4.75
2016-07-16T19:00:00+02:00,-4.752
2016-07-17T01:00:00+02:00,-4.751
2016-07-17T07:00:00+02:00,-4.752
2016-07-17T13:00:00+02:00,-4.751
2016-07-17T19:00:00+02:00,-4.751
2016-07-18T01:00:00+02:00,-4.751
2016-07-18T07:00:00+02:00,-4.751
2016-07-18T13:00:00+02:00,-4.75
2016-07-18T19:00:00+02:00,-4.752
2016-07-19T01:00:00+02:00,-4.753
2016-07-19T07:00:00+02:00,-4.752
2016-07-19T13:00:00+02:00,-4.754
2016-07-19T19:00:00+02:00,-4.754
2016-07-20T01:00:00+02:00,-4.754
2016-07-20T07:00:00+02:00,-4.755
2016-07-20T13:00:00+02:00,-4.753
2016-07-20T19:00:00+02:00,-4.744
2016-07-21T01:00:00+02:00,-4.744
2016-07-21T07:00:00+02:00,-4.745
2016-07-21T13:00:00+02:00,-4.746
2016-07-21T19:00:00+02:00,-4.748
2016-07-22T01:00:00+02:00,-4.75
2016-07-22T07:00:00+02:00,-4.756
2016-07-22T13:00:00+02:00,-4.76
2016-07-22T19:00:00+02:00,-4.76
2016-07-23T01:00:00+02:00,-4.763
2016-07-23T07:00:00+02:00,-4.77
2016-07-23T13:00:00+02:00,-4.773
2016-07-23T19:00:00+02:00,-4.773
2016-07-24T01:00:00+02:00,-4.776
2016-07-24T07:00:00+02:00,-4.781
2016-07-24T13:00:00+02:00,-4.781
2016-07-24T19:00:00+02:00,-4.781
2016-07-25T01:00:00+02:00,-4.783
2016-07-25T07:00:00+02:00,-4.782
2016-07-25T13:00:00+02:00,-4.78
2016-07-25T19:00:00+02:00,-4.782
2016-07-26T01:00:00+02:00,-4.782
2016-07-26T07:00:00+02:00,-4.783
2016-07-26T13:00:00+02:00,-4.783
2016-07-26T19:00:00+02:00,-4.784
2016-07-27T01:00:00+02:00,-4.785
2016-07-27T07:00:00+02:00,-4.784
2016-07-27T13:00:00+02:00,-4.785
2016-07-27T19:00:00+02:00,-4.783
2016-07-28T01:00:00+02:00,-4.782
2016-07-28T07:00:00+02:00,-4.783
2016-07-28T13:00:00+02:00,-4.781
2016-07-28T19:00:00+02:00,-4.782
2016-07-29T01:00:00+02:00,-4.782
2016-07-29T07:00:00+02:00,-4.781
2016-07-29T13:00:00+02:00,-4.775
2016-07-29T19:00:00+02:00,-4.775
2016-07-30T01:00:00+02:00,-4.774
2016-07-30T07:00:00+02:00,-4.774
2016-07-30T13:00:00+02:00,-4.773
2016-07-30T19:00:00+02:00,-4.775
2016-07-31T01:00:00+02:00,-4.774
2016-07-31T07:00:00+02:00,-4.775
2016-07-31T13:00:00+02:00,-4.774
2016-07-31T19:00:00+02:00,-4.776
2016-08-01T01:00:00+02:00,-4.777
2016-08-01T07:00:00+02:00,-4.78
2016-08-01T13:00:00+02:00,-4.78
2016-08-01T19:00:00+02:00,-4.784
2016-08-02T01:00:00+02:00,-4.786
2016-08-02T07:00:00+02:00,-4.787
2016-08-02T13:00:00+02:00,-4.785
2016-08-02T19:00:00+02:00,-4.784
2016-08-03T01:00:00+02:00,-4.779
2016-08-03T07:00:00+02:00,-4.77
2016-08-03T13:00:00+02:00,-4.766
2016-08-03T19:00:00+02:00,-4.764
2016-08-04T01:00:00+02:00,-4.764
2016-08-04T07:00:00+02:00,-4.765
2016-08-04T13:00:00+02:00,-4.765
2016-08-04T19:00:00+02:00,-4.766
2016-08-05T01:00:00+02:00,-4.766
2016-08-05T07:00:00+02:00,-4.766
2016-08-05T13:00:00+02:00,-4.774
2016-08-05T19:00:00+02:00,-4.786
2016-08-06T01:00:00+02:00,-4.798
2016-08-06T07:00:00+02:00,-4.801
2016-08-06T13:00:00+02:00,-4.799
2016-08-06T19:00:00+02:00,-4.798
2016-08-07T01:00:00+02:00,-4.801
2016-08-07T07:00:00+02:00,-4.801
2016-08-07T13:00:00+02:00,-4.801
2016-08-07T19:00:00+02:00,-4.798
2016-08-08T01:00:00+02:00,-4.792
2016-08-08T07:00:00+02:00,-4.788
2016-08-08T13:00:00+02:00,-4.787
2016-08-08T19:00:00+02:00,-4.787
2016-08-09T01:00:00+02:00,-4.786
2016-08-09T07:00:00+02:00,-4.786
2016-08-09T13:00:00+02:00,-4.786
2016-08-09T19:00:00+02:00,-4.787
2016-08-10T01:00:00+02:00,-4.786
2016-08-10T07:00:00+02:00,-4.785
2016-08-10T13:00:00+02:00,-4.784
2016-08-10T19:00:00+02:00,-4.786
2016-08-11T01:00:00+02:00,-4.783
2016-08-11T07:00:00+02:00,-4.783
2016-08-11T13:00:00+02:00,-4.768
2016-08-11T19:00:00+02:00,-4.764
2016-08-12T01:00:00+02:00,-4.762
2016-08-12T07:00:00+02:00,-4.762
2016-08-12T13:00:00+02:00,-4.762
2016-08-12T19:00:00+02:00,-4.761
2016-08-13T01:00:00+02:00,-4.763
2016-08-13T07:00:00+02:00,-4.762
2016-08-13T13:00:00+02:00,-4.76
2016-08-13T19:00:00+02:00,-4.761
2016-08-14T01:00:00+02:00,-4.76
2016-08-14T07:00:00+02:00,-4.76
2016-08-14T13:00:00+02:00,-4.76
2016-08-14T19:00:00+02:00,-4.76
2016-08-15T01:00:00+02:00,-4.759
2016-08-15T07:00:00+02:00,-4.759
2016-08-15T13:00:00+02:00,-4.759
2016-08-15T19:00:00+02:00,-4.76
2016-08-16T01:00:00+02:00,-4.76
2016-08-16T07:00:00+02:00,-4.76
2016-08-16T13:00:00+02:00,-4.76
2016-08-16T19:00:00+02:00,-4.76
2016-08-17T01:00:00+02:00,-4.76
2016-08-17T07:00:00+02:00,-4.758
2016-08-17T13:00:00+02:00,-4.754
2016-08-17T19:00:00+02:00,-4.752
2016-08-18T01:00:00+02:00,-4.75
2016-08-18T07:00:00+02:00,-4.747
2016-08-18T13:00:00+02:00,-4.747
2016-08-18T19:00:00+02:00,-4.748
2016-08-19T01:00:00+02:00,-4.746
2016-08-19T07:00:00+02:00,-4.746
2016-08-19T13:00:00+02:00,-4.747
2016-08-19T19:00:00+02:00,-4.747
2016-08-20T01:00:00+02:00,-4.747
2016-08-20T07:00:00+02:00,-4.746
2016-08-20T13:00:00+02:00,-4.745
2016-08-20T19:00:00+02:00,-4.744
2016-08-21T01:00:00+02:00,-4.746
2016-08-21T07:00:00+02:00,-4.745
2016-08-21T13:00:00+02:00,-4.742
2016-08-21T19:00:00+02:00,-4.741
2016-08-22T01:00:00+02:00,-4.742
2016-08-22T07:00:00+02:00,-4.741
2016-08-22T13:00:00+02:00,-4.741
2016-08-22T19:00:00+02:00,-4.738
2016-08-23T01:00:00+02:00,-4.738
2016-08-23T07:00:00+02:00,-4.732
2016-08-23T13:00:00+02:00,-4.727
2016-08-23T19:00:00+02:00,-4.719
2016-08-24T01:00:00+02:00,-4.716
2016-08-24T07:00:00+02:00,-4.716
2016-08-24T13:00:00+02:00,-4.71
2016-08-24T19:00:00+02:00,-4.706
2016-08-25T01:00:00+02:00,-4.705
2016-08-25T07:00:00+02:00,-4.702
2016-08-25T13:00:00+02:00,-4.704
2016-08-25T19:00:00+02:00,-4.704
2016-08-26T01:00:00+02:00,-4.704
2016-08-26T07:00:00+02:00,-4.704
2016-08-26T13:00:00+02:00,-4.705
2016-08-26T19:00:00+02:00,-4.706
2016-08-27T01:00:00+02:00,-4.717
2016-08-27T07:00:00+02:00,-4.724
2016-08-27T13:00:00+02:00,-4.725
2016-08-27T19:00:00+02:00,-4.722
2016-08-28T01:00:00+02:00,-4.722
2016-08-28T07:00:00+02:00,-4.722
2016-08-28T13:00:00+02:00,-4.722
2016-08-28T19:00:00+02:00,-4.722
2016-08-29T01:00:00+02:00,-4.724
2016-08-29T07:00:00+02:00,-4.724
2016-08-29T13:00:00+02:00,-4.727
2016-08-29T19:00:00+02:00,-4.74
2016-08-30T01:00:00+02:00,-4.754
2016-08-30T07:00:00+02:00,-4.757
2016-08-30T13:00:00+02:00,-4.759
2016-08-30T19:00:00+02:00,-4.759
2016-08-31T01:00:00+02:00,-4.759
2016-08-31T07:00:00+02:00,-4.759
2016-08-31T13:00:00+02:00,-4.76
2016-08-31T19:00:00+02:00,-4.758
2016-09-01T01:00:00+02:00,-4.758
2016-09-01T07:00:00+02:00,-4.758
2016-09-01T13:00:00+02:00,-4.756
2016-09-01T19:00:00+02:00,-4.758
2016-09-02T01:00:00+02:00,-4.759
2016-09-02T07:00:00+02:00,-4.759
2016-09-02T13:00:00+02:00,-4.758
2016-09-02T19:00:00+02:00,-4.76
2016-09-03T01:00:00+02:00,-4.76
2016-09-03T07:00:00+02:00,-4.759
2016-09-03T13:00:00+02:00,-4.759
2016-09-03T19:00:00+02:00,-4.758
2016-09-04T01:00:00+02:00,-4.758
2016-09-04T07:00:00+02:00,-4.755
2016-09-04T13:00:00+02:00,-4.745
2016-09-04T19:00:00+02:00,-4.745
2016-09-05T01:00:00+02:00,-4.745
2016-09-05T07:00:00+02:00,-4.746
2016-09-05T13:00:00+02:00,-4.755
2016-09-05T19:00:00+02:00,-4.766
2016-09-06T01:00:00+02:00,-4.777
2016-09-06T07:00:00+02:00,-4.783
2016-09-06T13:00:00+02:00,-4.783
2016-09-06T19:00:00+02:00,-4.781
2016-09-07T01:00:00+02:00,-4.783
2016-09-07T07:00:00+02:00,-4.782
2016-09-07T13:00:00+02:00,-4.783
2016-09-07T19:00:00+02:00,-4.782
2016-09-08T01:00:00+02:00,-4.777
2016-09-08T07:00:00+02:00,-4.766
2016-09-08T13:00:00+02:00,-4.76
2016-09-08T19:00:00+02:00,-4.76
2016-09-09T01:00:00+02:00,-4.76
2016-09-09T07:00:00+02:00,-4.762
2016-09-09T13:00:00+02:00,-4.767
2016-09-09T19:00:00+02:00,-4.771
2016-09-10T01:00:00+02:00,-4.771
2016-09-10T07:00:00+02:00,-4.772
2016-09-10T13:00:00+02:00,-4.773
2016-09-10T19:00:00+02:00,-4.772
2016-09-11T01:00:00+02:00,-4.772
2016-09-11T07:00:00+02:00,-4.772
2016-09-11T13:00:00+02:00,-4.775
2016-09-11T19:00:00+02:00,-4.78
2016-09-12T01:00:00+02:00,-4.781
2016-09-12T07:00:00+02:00,-4.782
2016-09-12T13:00:00+02:00,-4.782
2016-09-12T19:00:00+02:00,-4.781
2016-09-13T01:00:00+02:00,-4.782
2016-09-13T07:00:00+02:00,-4.782
2016-09-13T13:00:00+02:00,-4.783
2016-09-13T19:00:00+02:00,-4.781
2016-09-14T01:00:00+02:00,-4.78
2016-09-14T07:00:00+02:00,-4.78
2016-09-14T13:00:00+02:00,-4.782
2016-09-14T19:00:00+02:00,-4.779
2016-09-15T01:00:00+02:00,-4.78
2016-09-15T07:00:00+02:00,-4.781
2016-09-15T13:00:00+02:00,-4.782
2016-09-15T19:00:00+02:00,-4.782
2016-09-16T01:00:00+02:00,-4.78
2016-09-16T07:00:00+02:00,-4.782
2016-09-16T13:00:00+02:00,-4.782
2016-09-16T19:00:00+02:00,-4.784
2016-09-17T01:00:00+02:00,-4.782
2016-09-17T07:00:00+02:00,-4.783
2016-09-17T13:00:00+02:00,-4.784
2016-09-17T19:00:00+02:00,-4.793
2016-09-18T01:00:00+02:00,-4.798
2016-09-18T07:00:00+02:00,-4.799
2016-09-18T13:00:00+02:00,-4.798
2016-09-18T19:00:00+02:00,-4.8
2016-09-19T01:00:00+02:00,-4.799
2016-09-19T07:00:00+02:00,-4.799
2016-09-19T13:00:00+02:00,-4.8
2016-09-19T19:00:00+02:00,-4.799
2016-09-20T01:00:00+02:00,-4.801
2016-09-20T07:00:00+02:00,-4.801
2016-09-20T13:00:00+02:00,-4.8
2016-09-20T19:00:00+02:00,-4.802
2016-09-21T01:00:00+02:00,-4.802
2016-09-21T07:00:00+02:00,-4.802
2016-09-21T13:00:00+02:00,-4.803
2016-09-21T19:00:00+02:00,-4.803
2016-09-22T01:00:00+02:00,-4.802
2016-09-22T07:00:00+02:00,-4.803
2016-09-22T13:00:00+02:00,-4.803
2016-09-22T19:00:00+02:00,-4.803
2016-09-23T01:00:00+02:00,-4.804
2016-09-23T07:00:00+02:00,-4.804
2016-09-23T13:00:00+02:00,-4.807
2016-09-23T19:00:00+02:00,-4.814
2016-09-24T01:00:00+02:00,-4.818
2016-09-24T07:00:00+02:00,-4.82
2016-09-24T13:00:00+02:00,-4.818
2016-09-24T19:00:00+02:00,-4.82
2016-09-25T01:00:00+02:00,-4.816
2016-09-25T07:00:00+02:00,-4.816
2016-09-25T13:00:00+02:00,-4.81
2016-09-25T19:00:00+02:00,-4.809
2016-09-26T01:00:00+02:00,-4.81
2016-09-26T07:00:00+02:00,-4.809
2016-09-26T13:00:00+02:00,-4.811
2016-09-26T19:00:00+02:00,-4.81
2016-09-27T01:00:00+02:00,-4.812
2016-09-27T07:00:00+02:00,-4.816
2016-09-27T13:00:00+02:00,-4.82
2016-09-27T19:00:00+02:00,-4.819
2016-09-28T01:00:00+02:00,-4.819
2016-09-28T07:00:00+02:00,-4.82
2016-09-28T13:00:00+02:00,-4.82
2016-09-28T19:00:00+02:00,-4.82
2016-09-29T01:00:00+02:00,-4.819
2016-09-29T07:00:00+02:00,-4.819
2016-09-29T13:00:00+02:00,-4.815
2016-09-29T19:00:00+02:00,-4.805
2016-09-30T01:00:00+02:00,-4.803
2016-09-30T07:00:00+02:00,-4.804
2016-09-30T13:00:00+02:00,-4.802
2016-09-30T19:00:00+02:00,-4.803
2016-10-01T01:00:00+02:00,-4.802
2016-10-01T07:00:00+02:00,-4.801
2016-10-01T13:00:00+02:00,-4.794
2016-10-01T19:00:00+02:00,-4.788
2016-10-02T01:00:00+02:00,-4.785
2016-10-02T07:00:00+02:00,-4.785
2016-10-02T13:00:00+02:00,-4.785
2016-10-02T19:00:00+02:00,-4.784
2016-10-03T01:00:00+02:00,-4.785
2016-10-03T07:00:00+02:00,-4.785
2016-10-03T13:00:00+02:00,-4.787
2016-10-03T19:00:00+02:00,-4.794
2016-10-04T01:00:00+02:00,-4.799
2016-10-04T07:00:00+02:00,-4.801
2016-10-04T13:00:00+02:00,-4.801
2016-10-04T19:00:00+02:00,-4.801
2016-10-05T01:00:00+02:00,-4.801
2016-10-05T07:00:00+02:00,-4.802
2016-10-05T13:00:00+02:00,-4.801
2016-10-05T19:00:00+02:00,-4.8
2016-10-06T01:00:00+02:00,-4.8
2016-10-06T07:00:00+02:00,-4.795
2016-10-06T13:00:00+02:00,-4.783
2016-10-06T19:00:00+02:00,-4.776
2016-10-07T01:00:00+02:00,-4.777
2016-10-07T07:00:00+02:00,-4.777
2016-10-07T13:00:00+02:00,-4.777
2016-10-07T19:00:00+02:00,-4.774
2016-10-08T01:00:00+02:00,-4.776
2016-10-08T07:00:00+02:00,-4.775
2016-10-08T13:00:00+02:00,-4.775
2016-10-08T19:00:00+02:00,-4.775
2016-10-09T01:00:00+02:00,-4.775
2016-10-09T07:00:00+02:00,-4.775
2016-10-09T13:00:00+02:00,-4.775
2016-10-09T19:00:00+02:00,-4.776
2016-10-10T01:00:00+02:00,-4.775
2016-10-10T07:00:00+02:00,-4.775
2016-10-10T13:00:00+02:00,-4.776
2016-10-10T19:00:00+02:00,-4.775
2016-10-11T01:00:00+02:00,-4.775
2016-10-11T07:00:00+02:00,-4.776
2016-10-11T13:00:00+02:00,-4.775
2016-10-11T19:00:00+02:00,-4.775
2016-10-12T01:00:00+02:00,-4.774
2016-10-12T07:00:00+02:00,-4.774
2016-10-12T13:00:00+02:00,-4.774
2016-10-12T19:00:00+02:00,-4.774
2016-10-13T01:00:00+02:00,-4.773
2016-10-13T07:00:00+02:00,-4.773
2016-10-13T13:00:00+02:00,-4.771
2016-10-13T19:00:00+02:00,-4.763
2016-10-14T01:00:00+02:00,-4.759
2016-10-14T07:00:00+02:00,-4.751
2016-10-14T13:00:00+02:00,-4.748
2016-10-14T19:00:00+02:00,-4.741
2016-10-15T01:00:00+02:00,-4.74
2016-10-15T07:00:00+02:00,-4.737
2016-10-15T13:00:00+02:00,-4.734
2016-10-15T19:00:00+02:00,-4.736
2016-10-16T01:00:00+02:00,-4.737
2016-10-16T07:00:00+02:00,-4.744
2016-10-16T13:00:00+02:00,-4.747
2016-10-16T19:00:00+02:00,-4.748
2016-10-17T01:00:00+02:00,-4.747
2016-10-17T07:00:00+02:00,-4.747
2016-10-17T13:00:00+02:00,-4.749
2016-10-17T19:00:00+02:00,-4.753
2016-10-18T01:00:00+02:00,-4.755
2016-10-18T07:00:00+02:00,-4.756
2016-10-18T13:00:00+02:00,-4.757
2016-10-18T19:00:00+02:00,-4.756
2016-10-19T01:00:00+02:00,-4.755
2016-10-19T07:00:00+02:00,-4.747
2016-10-19T13:00:00+02:00,-4.73
2016-10-19T19:00:00+02:00,-4.729
2016-10-20T01:00:00+02:00,-4.729
2016-10-20T07:00:00+02:00,-4.732
2016-10-20T13:00:00+02:00,-4.726
2016-10-20T19:00:00+02:00,-4.72
2016-10-21T01:00:00+02:00,-4.718
2016-10-21T07:00:00+02:00,-4.719
2016-10-21T13:00:00+02:00,-4.718
2016-10-21T19:00:00+02:00,-4.719
2016-10-22T01:00:00+02:00,-4.717
2016-10-22T07:00:00+02:00,-4.711
2016-10-22T13:00:00+02:00,-4.711
2016-10-22T19:00:00+02:00,-4.711
2016-10-23T01:00:00+02:00,-4.711
2016-10-23T07:00:00+02:00,-4.711
2016-10-23T13:00:00+02:00,-4.714
2016-10-23T19:00:00+02:00,-4.711
2016-10-24T01:00:00+02:00,-4.71
2016-10-24T07:00:00+02:00,-4.711
2016-10-24T13:00:00+02:00,-4.709
2016-10-24T19:00:00+02:00,-4.709
2016-10-25T01:00:00+02:00,-4.71
2016-10-25T07:00:00+02:00,-4.711
2016-10-25T13:00:00+02:00,-4.718
2016-10-25T19:00:00+02:00,-4.728
2016-10-26T01:00:00+02:00,-4.736
2016-10-26T07:00:00+02:00,-4.74
2016-10-26T13:00:00+02:00,-4.745
2016-10-26T19:00:00+02:00,-4.745
2016-10-27T01:00:00+02:00,-4.745
2016-10-27T07:00:00+02:00,-4.746
2016-10-27T13:00:00+02:00,-4.748
2016-10-27T19:00:00+02:00,-4.751
2016-10-28T01:00:00+02:00,-4.75
2016-10-28T07:00:00+02:00,-4.752
2016-10-28T13:00:00+02:00,-4.753
2016-10-28T19:00:00+02:00,-4.752
2016-10-29T01:00:00+02:00,-4.757
2016-10-29T07:00:00+02:00,-4.759
2016-10-29T13:00:00+02:00,-4.761
2016-10-29T19:00:00+02:00,-4.761
2016-10-30T01:00:00+02:00,-4.761
2016-10-30T06:00:00+01:00,-4.761
2016-10-30T12:00:00+01:00,-4.762
2016-10-30T18:00:00+01:00,-4.761
2016-10-31T00:00:00+01:00,-4.762
2016-10-31T06:00:00+01:00,-4.761
2016-10-31T12:00:00+01:00,-4.76
2016-10-31T18:00:00+01:00,-4.76
2016-11-01T00:00:00+01:00,-4.76
2016-11-01T06:00:00+01:00,-4.76
2016-11-01T12:00:00+01:00,-4.756
2016-11-01T18:00:00+01:00,-4.752
2016-11-02T00:00:00+01:00,-4.753
2016-11-02T06:00:00+01:00,-4.751
2016-11-02T12:00:00+01:00,-4.753
2016-11-02T18:00:00+01:00,-4.752
2016-11-03T00:00:00+01:00,-4.751
2016-11-03T06:00:00+01:00,-4.753
2016-11-03T12:00:00+01:00,-4.752
2016-11-03T18:00:00+01:00,-4.752
2016-11-04T00:00:00+01:00,-4.751
2016-11-04T06:00:00+01:00,-4.75
2016-11-04T12:00:00+01:00,-4.747
2016-11-04T18:00:00+01:00,-4.736
2016-11-05T00:00:00+01:00,-4.729
2016-11-05T06:00:00+01:00,-4.717
2016-11-05T12:00:00+01:00,-4.716
2016-11-05T18:00:00+01:00,-4.717
2016-11-06T00:00:00+01:00,-4.715
2016-11-06T06:00:00+01:00,-4.715
2016-11-06T12:00:00+01:00,-4.709
2016-11-06T18:00:00+01:00,-4.707
2016-11-07T00:00:00+01:00,-4.706
2016-11-07T06:00:00+01:00,-4.706
2016-11-07T12:00:00+01:00,-4.706
2016-11-07T18:00:00+01:00,-4.71
2016-11-08T00:00:00+01:00,-4.714
2016-11-08T06:00:00+01:00,-4.716
2016-11-08T12:00:00+01:00,-4.717
2016-11-08T18:00:00+01:00,-4.718
2016-11-09T00:00:00+01:00,-4.716
2016-11-09T06:00:00+01:00,-4.71
2016-11-09T12:00:00+01:00,-4.701
2016-11-09T18:00:00+01:00,-4.693
2016-11-10T00:00:00+01:00,-4.693
2016-11-10T06:00:00+01:00,-4.695
2016-11-10T12:00:00+01:00,-4.693
2016-11-10T18:00:00+01:00,-4.693
2016-11-11T00:00:00+01:00,-4.693
2016-11-11T06:00:00+01:00,-4.694
2016-11-11T12:00:00+01:00,-4.692
2016-11-11T18:00:00+01:00,-4.695
2016-11-12T00:00:00+01:00,-4.693
2016-11-12T06:00:00+01:00,-4.695
2016-11-12T12:00:00+01:00,-4.696
2016-11-12T18:00:00+01:00,-4.685
2016-11-13T00:00:00+01:00,-4.679
2016-11-13T06:00:00+01:00,-4.676
2016-11-13T12:00:00+01:00,-4.676
2016-11-13T18:00:00+01:00,-4.677
2016-11-14T00:00:00+01:00,-4.677
2016-11-14T06:00:00+01:00,-4.678
2016-11-14T12:00:00+01:00,-4.678
2016-11-14T18:00:00+01:00,-4.68
2016-11-15T00:00:00+01:00,-4.68
2016-11-15T06:00:00+01:00,-4.678
2016-11-15T12:00:00+01:00,-4.672
2016-11-15T18:00:00+01:00,-4.671
2016-11-16T00:00:00+01:00,-4.669
2016-11-16T06:00:00+01:00,-4.657
2016-11-16T12:00:00+01:00,-4.642
2016-11-16T18:00:00+01:00,-4.633
2016-11-17T00:00:00+01:00,-4.628
2016-11-17T06:00:00+01:00,-4.62
2016-11-17T12:00:00+01:00,-4.611
2016-11-17T18:00:00+01:00,-4.601
2016-11-18T00:00:00+01:00,-4.586
2016-11-18T06:00:00+01:00,-4.578
2016-11-18T12:00:00+01:00,-4.578
2016-11-18T18:00:00+01:00,-4.579
2016-11-19T00:00:00+01:00,-4.58
2016-11-19T06:00:00+01:00,-4.586
2016-11-19T12:00:00+01:00,-4.59
2016-11-19T18:00:00+01:00,-4.59
2016-11-20T00:00:00+01:00,-4.591
2016-11-20T06:00:00+01:00,-4.586
2016-11-20T12:00:00+01:00,-4.564
2016-11-20T18:00:00+01:00,-4.554
2016-11-21T00:00:00+01:00,-4.556
2016-11-21T06:00:00+01:00,-4.56
2016-11-21T12:00:00+01:00,-4.561
2016-11-21T18:00:00+01:00,-4.562
2016-11-22T00:00:00+01:00,-4.561
2016-11-22T06:00:00+01:00,-4.563
2016-11-22T12:00:00+01:00,-4.567
2016-11-22T18:00:00+01:00,-4.58
2016-11-23T00:00:00+01:00,-4.593
2016-11-23T06:00:00+01:00,-4.602
2016-11-23T12:00:00+01:00,-4.608
2016-11-23T18:00:00+01:00,-4.612
2016-11-24T00:00:00+01:00,-4.617
2016-11-24T06:00:00+01:00,-4.622
2016-11-24T12:00:00+01:00,-4.623
2016-11-24T18:00:00+01:00,-4.632
2016-11-25T00:00:00+01:00,-4.633
2016-11-25T06:00:00+01:00,-4.635
2016-11-25T12:00:00+01:00,-4.638
2016-11-25T18:00:00+01:00,-4.636
2016-11-26T00:00:00+01:00,-4.64
2016-11-26T06:00:00+01:00,-4.639
2016-11-26T12:00:00+01:00,-4.639
2016-11-26T18:00:00+01:00,-4.639
2016-11-27T00:00:00+01:00,-4.64
2016-11-27T06:00:00+01:00,-4.64
2016-11-27T12:00:00+01:00,-4.642
2016-11-27T18:00:00+01:00,-4.648
2016-11-28T00:00:00+01:00,-4.655
2016-11-28T06:00:00+01:00,-4.666
2016-11-28T12:00:00+01:00,-4.675
2016-11-28T18:00:00+01:00,-4.683
2016-11-29T00:00:00+01:00,-4.69
2016-11-29T06:00:00+01:00,-4.694
2016-11-29T12:00:00+01:00,-4.698
2016-11-29T18:00:00+01:00,-4.698
2016-11-30T00:00:00+01:00,-4.697
2016-11-30T06:00:00+01:00,-4.697
2016-11-30T12:00:00+01:00,-4.698
2016-11-30T18:00:00+01:00,-4.698
2016-12-01T00:00:00+01:00,-4.697
2016-12-01T06:00:00+01:00,-4.697
2016-12-01T12:00:00+01:00,-4.697
2016-12-01T18:00:00+01:00,-4.697
2016-12-02T00:00:00+01:00,-4.696
2016-12-02T06:00:00+01:00,-4.696
2016-12-02T12:00:00+01:00,-4.696
2016-12-02T18:00:00+01:00,-4.697
2016-12-03T00:00:00+01:00,-4.696
2016-12-03T06:00:00+01:00,-4.695
2016-12-03T12:00:00+01:00,-4.696
2016-12-03T18:00:00+01:00,-4.698
2016-12-04T00:00:00+01:00,-4.699
2016-12-04T06:00:00+01:00,-4.702
2016-12-04T12:00:00+01:00,-4.708
2016-12-04T18:00:00+01:00,-4.708
2016-12-05T00:00:00+01:00,-4.707
2016-12-05T06:00:00+01:00,-4.708
2016-12-05T12:00:00+01:00,-4.71
2016-12-05T18:00:00+01:00,-4.712
2016-12-06T00:00:00+01:00,-4.711
2016-12-06T06:00:00+01:00,-4.711
2016-12-06T12:00:00+01:00,-4.737
2016-12-06T18:00:00+01:00,-4.719
2016-12-07T00:00:00+01:00,-4.717
2016-12-07T06:00:00+01:00,-4.716
2016-12-07T12:00:00+01:00,-4.714
2016-12-07T18:00:00+01:00,-4.714
2016-12-08T00:00:00+01:00,-4.716
2016-12-08T06:00:00+01:00,-4.714
2016-12-08T12:00:00+01:00,-4.716
2016-12-08T18:00:00+01:00,-4.714
2016-12-09T00:00:00+01:00,-4.714
2016-12-09T06:00:00+01:00,-4.716
2016-12-09T12:00:00+01:00,-4.719
2016-12-09T18:00:00+01:00,-4.721
2016-12-10T00:00:00+01:00,-4.72
2016-12-10T06:00:00+01:00,-4.717
2016-12-10T12:00:00+01:00,-4.714
2016-12-10T18:00:00+01:00,-4.713
2016-12-11T00:00:00+01:00,-4.708
2016-12-11T06:00:00+01:00,-4.694
2016-12-11T12:00:00+01:00,-4.696
2016-12-11T18:00:00+01:00,-4.701
2016-12-12T00:00:00+01:00,-4.704
2016-12-12T06:00:00+01:00,-4.708
2016-12-12T12:00:00+01:00,-4.708
2016-12-12T18:00:00+01:00,-4.709
2016-12-13T00:00:00+01:00,-4.709
2016-12-13T06:00:00+01:00,-4.705
2016-12-13T12:00:00+01:00,-4.704
2016-12-13T18:00:00+01:00,-4.701
2016-12-14T00:00:00+01:00,-4.701
2016-12-14T06:00:00+01:00,-4.701
2016-12-14T12:00:00+01:00,-4.703
2016-12-14T18:00:00+01:00,-4.702
2016-12-15T00:00:00+01:00,-4.703
2016-12-15T06:00:00+01:00,-4.706
2016-12-15T12:00:00+01:00,-4.709
2016-12-15T18:00:00+01:00,-4.708
2016-12-16T00:00:00+01:00,-4.709
2016-12-16T06:00:00+01:00,-4.712
2016-12-16T12:00:00+01:00,-4.714
2016-12-16T18:00:00+01:00,-4.718
2016-12-17T00:00:00+01:00,-4.724
2016-12-17T06:00:00+01:00,-4.729
2016-12-17T12:00:00+01:00,-4.737
2016-12-17T18:00:00+01:00,-4.742
2016-12-18T00:00:00+01:00,-4.743
2016-12-18T06:00:00+01:00,-4.746
2016-12-18T12:00:00+01:00,-4.746
2016-12-18T18:00:00+01:00,-4.742
2016-12-19T00:00:00+01:00,-4.74
2016-12-19T06:00:00+01:00,-4.734
2016-12-19T12:00:00+01:00,-4.733
2016-12-19T18:00:00+01:00,-4.727
2016-12-20T00:00:00+01:00,-4.726
2016-12-20T06:00:00+01:00,-4.723
2016-12-20T12:00:00+01:00,-4.72
2016-12-20T18:00:00+01:00,-4.715
2016-12-21T00:00:00+01:00,-4.713
2016-12-21T06:00:00+01:00,-4.712
2016-12-21T12:00:00+01:00,-4.71
2016-12-21T18:00:00+01:00,-4.71
2016-12-22T00:00:00+01:00,-4.71
2016-12-22T06:00:00+01:00,-4.713
2016-12-22T12:00:00+01:00,-4.714
2016-12-22T18:00:00+01:00,-4.718
2016-12-23T00:00:00+01:00,-4.723
2016-12-23T06:00:00+01:00,-4.727
2016-12-23T12:00:00+01:00,-4.73
2016-12-23T18:00:00+01:00,-4.73
2016-12-24T00:00:00+01:00,-4.722
2016-12-24T06:00:00+01:00,-4.719
2016-12-24T12:00:00+01:00,-4.717
2016-12-24T18:00:00+01:00,-4.718
2016-12-25T00:00:00+01:00,-4.721
2016-12-25T06:00:00+01:00,-4.718
2016-12-25T12:00:00+01:00,-4.718
2016-12-25T18:00:00+01:00,-4.719
2016-12-26T00:00:00+01:00,-4.717
2016-12-26T06:00:00+01:00,-4.717
2016-12-26T12:00:00+01:00,-4.72
2016-12-26T18:00:00+01:00,-4.726
2016-12-27T00:00:00+01:00,-4.746
2016-12-27T06:00:00+01:00,-4.749
2016-12-27T12:00:00+01:00,-4.76
2016-12-27T18:00:00+01:00,-4.769
2016-12-28T00:00:00+01:00,-4.77
2016-12-28T06:00:00+01:00,-4.774
2016-12-28T12:00:00+01:00,-4.774
2016-12-28T18:00:00+01:00,-4.774
2016-12-29T00:00:00+01:00,-4.772
2016-12-29T06:00:00+01:00,-4.771
2016-12-29T12:00:00+01:00,-4.767
2016-12-29T18:00:00+01:00,-4.761
2016-12-30T00:00:00+01:00,-4.76
2016-12-30T06:00:00+01:00,-4.755
2016-12-30T12:00:00+01:00,-4.751
2016-12-30T18:00:00+01:00,-4.75
2016-12-31T00:00:00+01:00,-4.745
2016-12-31T06:00:00+01:00,-4.743
2016-12-31T12:00:00+01:00,-4.74
2016-12-31T18:00:00+01:00,-4.737
2017-01-01T00:00:00+01:00,-4.73
2017-01-01T06:00:00+01:00,-4.717
2017-01-01T12:00:00+01:00,-4.708
2017-01-01T18:00:00+01:00,-4.706
2017-01-02T00:00:00+01:00,-4.703
2017-01-02T06:00:00+01:00,-4.706
2017-01-02T12:00:00+01:00,-4.709
2017-01-02T18:00:00+01:00,-4.714
2017-01-03T00:00:00+01:00,-4.718
2017-01-03T06:00:00+01:00,-4.72
2017-01-03T12:00:00+01:00,-4.721
2017-01-03T18:00:00+01:00,-4.719
2017-01-04T00:00:00+01:00,-4.718
2017-01-04T06:00:00+01:00,-4.713
2017-01-04T12:00:00+01:00,-4.712
2017-01-04T18:00:00+01:00,-4.715
2017-01-05T00:00:00+01:00,-4.717
2017-01-05T06:00:00+01:00,-4.728
2017-01-05T12:00:00+01:00,-4.746
2017-01-05T18:00:00+01:00,-4.76
2017-01-06T00:00:00+01:00,-4.768
2017-01-06T06:00:00+01:00,-4.771
2017-01-06T12:00:00+01:00,-4.772
2017-01-06T18:00:00+01:00,-4.771
2017-01-07T00:00:00+01:00,-4.766
2017-01-07T06:00:00+01:00,-4.755
2017-01-07T12:00:00+01:00,-4.748
2017-01-07T18:00:00+01:00,-4.743
2017-01-08T00:00:00+01:00,-4.741
2017-01-08T06:00:00+01:00,-4.74
2017-01-08T12:00:00+01:00,-4.741
2017-01-08T18:00:00+01:00,-4.742
2017-01-09T00:00:00+01:00,-4.742
2017-01-09T06:00:00+01:00,-4.739
2017-01-09T12:00:00+01:00,-4.733
2017-01-09T18:00:00+01:00,-4.712
2017-01-10T00:00:00+01:00,-4.693
2017-01-10T06:00:00+01:00,-4.683
2017-01-10T12:00:00+01:00,-4.683
2017-01-10T18:00:00+01:00,-4.681
2017-01-11T00:00:00+01:00,-4.685
2017-01-11T06:00:00+01:00,-4.683
2017-01-11T12:00:00+01:00,-4.671
2017-01-11T18:00:00+01:00,-4.668
2017-01-12T00:00:00+01:00,-4.671
2017-01-12T06:00:00+01:00,-4.673
2017-01-12T12:00:00+01:00,-4.673
2017-01-12T18:00:00+01:00,-4.663
2017-01-13T00:00:00+01:00,-4.618
2017-01-13T06:00:00+01:00,-4.615
2017-01-13T12:00:00+01:00,-4.624
2017-01-13T18:00:00+01:00,-4.632
2017-01-14T00:00:00+01:00,-4.63
2017-01-14T06:00:00+01:00,-4.633
2017-01-14T12:00:00+01:00,-4.635
2017-01-14T18:00:00+01:00,-4.636
2017-01-15T00:00:00+01:00,-4.635
2017-01-15T06:00:00+01:00,-4.638
2017-01-15T12:00:00+01:00,-4.637
2017-01-15T18:00:00+01:00,-4.637
2017-01-16T00:00:00+01:00,-4.636
2017-01-16T06:00:00+01:00,-4.638
2017-01-16T12:00:00+01:00,-4.639
2017-01-16T18:00:00+01:00,-4.64
2017-01-17T00:00:00+01:00,-4.644
2017-01-17T06:00:00+01:00,-4.648
2017-01-17T12:00:00+01:00,-4.652
2017-01-17T18:00:00+01:00,-4.653
2017-01-18T00:00:00+01:00,-4.657
2017-01-18T06:00:00+01:00,-4.659
2017-01-18T12:00:00+01:00,-4.66
2017-01-18T18:00:00+01:00,-4.664
2017-01-19T00:00:00+01:00,-4.665
2017-01-19T06:00:00+01:00,-4.665
2017-01-19T12:00:00+01:00,-4.666
2017-01-19T18:00:00+01:00,-4.665
2017-01-20T00:00:00+01:00,-4.667
2017-01-20T06:00:00+01:00,-4.665
2017-01-20T12:00:00+01:00,-4.669
2017-01-20T18:00:00+01:00,-4.668
2017-01-21T00:00:00+01:00,-4.669
2017-01-21T06:00:00+01:00,-4.668
2017-01-21T12:00:00+01:00,-4.67
2017-01-21T18:00:00+01:00,-4.668
2017-01-22T00:00:00+01:00,-4.669
2017-01-22T06:00:00+01:00,-4.667
2017-01-22T12:00:00+01:00,-4.667
2017-01-22T18:00:00+01:00,-4.666
2017-01-23T00:00:00+01:00,-4.665
2017-01-23T06:00:00+01:00,-4.668
2017-01-23T12:00:00+01:00,-4.67
2017-01-23T18:00:00+01:00,-4.67
2017-01-24T00:00:00+01:00,-4.671
2017-01-24T06:00:00+01:00,-4.673
2017-01-24T12:00:00+01:00,-4.678
2017-01-24T18:00:00+01:00,-4.681
2017-01-25T00:00:00+01:00,-4.693
2017-01-25T06:00:00+01:00,-4.698
2017-01-25T12:00:00+01:00,-4.699
2017-01-25T18:00:00+01:00,-4.7
2017-01-26T00:00:00+01:00,-4.702
2017-01-26T06:00:00+01:00,-4.701
2017-01-26T12:00:00+01:00,-4.702
2017-01-26T18:00:00+01:00,-4.701
2017-01-27T00:00:00+01:00,-4.699
2017-01-27T06:00:00+01:00,-4.696
2017-01-27T12:00:00+01:00,-4.695
2017-01-27T18:00:00+01:00,-4.694
2017-01-28T00:00:00+01:00,-4.693
2017-01-28T06:00:00+01:00,-4.695
2017-01-28T12:00:00+01:00,-4.694
2017-01-28T18:00:00+01:00,-4.694
2017-01-29T00:00:00+01:00,-4.695
2017-01-29T06:00:00+01:00,-4.698
2017-01-29T12:00:00+01:00,-4.699
2017-01-29T18:00:00+01:00,-4.7
2017-01-30T00:00:00+01:00,-4.7
2017-01-30T06:00:00+01:00,-4.694
2017-01-30T12:00:00+01:00,-4.683
2017-01-30T18:00:00+01:00,-4.685
2017-01-31T00:00:00+01:00,-4.688
2017-01-31T06:00:00+01:00,-4.691
2017-01-31T12:00:00+01:00,-4.694
2017-01-31T18:00:00+01:00,-4.696
2017-02-01T00:00:00+01:00,-4.699
2017-02-01T06:00:00+01:00,-4.7
2017-02-01T12:00:00+01:00,-4.7
2017-02-01T18:00:00+01:00,-4.698
2017-02-02T00:00:00+01:00,-4.699
2017-02-02T06:00:00+01:00,-4.697
2017-02-02T12:00:00+01:00,-4.695
2017-02-02T18:00:00+01:00,-4.683
2017-02-03T00:00:00+01:00,-4.679
2017-02-03T06:00:00+01:00,-4.677
2017-02-03T12:00:00+01:00,-4.673
2017-02-03T18:00:00+01:00,-4.674
2017-02-04T00:00:00+01:00,-4.672
2017-02-04T06:00:00+01:00,-4.67
2017-02-04T12:00:00+01:00,-4.67
2017-02-04T18:00:00+01:00,-4.669
2017-02-05T00:00:00+01:00,-4.667
2017-02-05T06:00:00+01:00,-4.668
2017-02-05T12:00:00+01:00,-4.668
2017-02-05T18:00:00+01:00,-4.669
2017-02-06T00:00:00+01:00,-4.673
2017-02-06T06:00:00+01:00,-4.682
2017-02-06T12:00:00+01:00,-4.692
2017-02-06T18:00:00+01:00,-4.694
2017-02-07T00:00:00+01:00,-4.695
2017-02-07T06:00:00+01:00,-4.695
2017-02-07T12:00:00+01:00,-4.694
2017-02-07T18:00:00+01:00,-4.692
2017-02-08T00:00:00+01:00,-4.691
2017-02-08T06:00:00+01:00,-4.692
2017-02-08T12:00:00+01:00,-4.693
2017-02-08T18:00:00+01:00,-4.697
2017-02-09T00:00:00+01:00,-4.708
2017-02-09T06:00:00+01:00,-4.712
2017-02-09T12:00:00+01:00,-4.711
2017-02-09T18:00:00+01:00,-4.711
2017-02-10T00:00:00+01:00,-4.712
2017-02-10T06:00:00+01:00,-4.709
2017-02-10T12:00:00+01:00,-4.709
2017-02-10T18:00:00+01:00,-4.708
2017-02-11T00:00:00+01:00,-4.706
2017-02-11T06:00:00+01:00,-4.707
2017-02-11T12:00:00+01:00,-4.704
2017-02-11T18:00:00+01:00,-4.702
2017-02-12T00:00:00+01:00,-4.701
2017-02-12T06:00:00+01:00,-4.703
2017-02-12T12:00:00+01:00,-4.706
2017-02-12T18:00:00+01:00,-4.705
2017-02-13T00:00:00+01:00,-4.709
2017-02-13T06:00:00+01:00,-4.71
2017-02-13T12:00:00+01:00,-4.713
2017-02-13T18:00:00+01:00,-4.714
2017-02-14T00:00:00+01:00,-4.714
2017-02-14T06:00:00+01:00,-4.714
2017-02-14T12:00:00+01:00,-4.717
2017-02-14T18:00:00+01:00,-4.718
2017-02-15T00:00:00+01:00,-4.719
2017-02-15T06:00:00+01:00,-4.721
2017-02-15T12:00:00+01:00,-4.724
2017-02-15T18:00:00+01:00,-4.723
2017-02-16T00:00:00+01:00,-4.722
2017-02-16T06:00:00+01:00,-4.723
2017-02-16T12:00:00+01:00,-4.721
2017-02-16T18:00:00+01:00,-4.72
2017-02-17T00:00:00+01:00,-4.717
2017-02-17T06:00:00+01:00,-4.715
2017-02-17T12:00:00+01:00,-4.714
2017-02-17T18:00:00+01:00,-4.714
2017-02-18T00:00:00+01:00,-4.714
2017-02-18T06:00:00+01:00,-4.714
2017-02-18T12:00:00+01:00,-4.718
2017-02-18T18:00:00+01:00,-4.714
2017-02-19T00:00:00+01:00,-4.713
2017-02-19T06:00:00+01:00,-4.711
2017-02-19T12:00:00+01:00,-4.709
2017-02-19T18:00:00+01:00,-4.706
2017-02-20T00:00:00+01:00,-4.707
2017-02-20T06:00:00+01:00,-4.703
2017-02-20T12:00:00+01:00,-4.7
2017-02-20T18:00:00+01:00,-4.695
2017-02-21T00:00:00+01:00,-4.692
2017-02-21T06:00:00+01:00,-4.691
2017-02-21T12:00:00+01:00,-4.69
2017-02-21T18:00:00+01:00,-4.694
2017-02-22T00:00:00+01:00,-4.689
2017-02-22T06:00:00+01:00,-4.678
2017-02-22T12:00:00+01:00,-4.669
2017-02-22T18:00:00+01:00,-4.669
2017-02-23T00:00:00+01:00,-4.669
2017-02-23T06:00:00+01:00,-4.655
2017-02-23T12:00:00+01:00,-4.621
2017-02-23T18:00:00+01:00,-4.59
2017-02-24T00:00:00+01:00,-4.594
2017-02-24T06:00:00+01:00,-4.614
2017-02-24T12:00:00+01:00,-4.632
2017-02-24T18:00:00+01:00,-4.634
2017-02-25T00:00:00+01:00,-4.639
2017-02-25T06:00:00+01:00,-4.641
2017-02-25T12:00:00+01:00,-4.64
2017-02-25T18:00:00+01:00,-4.629
2017-02-26T00:00:00+01:00,-4.624
2017-02-26T06:00:00+01:00,-4.617
2017-02-26T12:00:00+01:00,-4.613
2017-02-26T18:00:00+01:00,-4.612
2017-02-27T00:00:00+01:00,-4.61
2017-02-27T06:00:00+01:00,-4.608
2017-02-27T12:00:00+01:00,-4.595
2017-02-27T18:00:00+01:00,-4.568
2017-02-28T00:00:00+01:00,-4.561
2017-02-28T06:00:00+01:00,-4.563
2017-02-28T12:00:00+01:00,-4.561
2017-02-28T18:00:00+01:00,-4.56
2017-03-01T00:00:00+01:00,-4.564
2017-03-01T06:00:00+01:00,-4.564
2017-03-01T12:00:00+01:00,-4.574
2017-03-01T18:00:00+01:00,-4.584
2017-03-02T00:00:00+01:00,-4.583
2017-03-02T06:00:00+01:00,-4.583
2017-03-02T12:00:00+01:00,-4.585
2017-03-02T18:00:00+01:00,-4.604
2017-03-03T00:00:00+01:00,-4.618
2017-03-03T06:00:00+01:00,-4.618
2017-03-03T12:00:00+01:00,-4.612
2017-03-03T18:00:00+01:00,-4.589
2017-03-04T00:00:00+01:00,-4.577
2017-03-04T06:00:00+01:00,-4.576
2017-03-04T12:00:00+01:00,-4.572
2017-03-04T18:00:00+01:00,-4.571
2017-03-05T00:00:00+01:00,-4.573
2017-03-05T06:00:00+01:00,-4.574
2017-03-05T12:00:00+01:00,-4.576
2017-03-05T18:00:00+01:00,-4.577
2017-03-06T00:00:00+01:00,-4.577
2017-03-06T06:00:00+01:00,-4.58
2017-03-06T12:00:00+01:00,-4.584
2017-03-06T18:00:00+01:00,-4.596
2017-03-07T00:00:00+01:00,-4.615
2017-03-07T06:00:00+01:00,-4.627
2017-03-07T12:00:00+01:00,-4.633
2017-03-07T18:00:00+01:00,-4.641
2017-03-08T00:00:00+01:00,-4.654
2017-03-08T06:00:00+01:00,-4.654
2017-03-08T12:00:00+01:00,-4.642
2017-03-08T18:00:00+01:00,-4.628
2017-03-09T00:00:00+01:00,-4.629
2017-03-09T06:00:00+01:00,-4.633
2017-03-09T12:00:00+01:00,-4.631
2017-03-09T18:00:00+01:00,-4.633
2017-03-10T00:00:00+01:00,-4.633
2017-03-10T06:00:00+01:00,-4.637
2017-03-10T12:00:00+01:00,-4.64
2017-03-10T18:00:00+01:00,-4.64
2017-03-11T00:00:00+01:00,-4.638
2017-03-11T06:00:00+01:00,-4.637
2017-03-11T12:00:00+01:00,-4.633
2017-03-11T18:00:00+01:00,-4.633
2017-03-12T00:00:00+01:00,-4.631
2017-03-12T06:00:00+01:00,-4.628
2017-03-12T12:00:00+01:00,-4.621
2017-03-12T18:00:00+01:00,-4.622
2017-03-13T00:00:00+01:00,-4.621
2017-03-13T06:00:00+01:00,-4.621
2017-03-13T12:00:00+01:00,-4.639
2017-03-13T18:00:00+01:00,-4.656
2017-03-14T00:00:00+01:00,-4.665
2017-03-14T06:00:00+01:00,-4.668
2017-03-14T12:00:00+01:00,-4.669
2017-03-14T18:00:00+01:00,-4.671
2017-03-15T00:00:00+01:00,-4.675
2017-03-15T06:00:00+01:00,-4.675
2017-03-15T12:00:00+01:00,-4.677
2017-03-15T18:00:00+01:00,-4.677
2017-03-16T00:00:00+01:00,-4.678
2017-03-16T06:00:00+01:00,-4.677
2017-03-16T12:00:00+01:00,-4.668
2017-03-16T18:00:00+01:00,-4.657
2017-03-17T00:00:00+01:00,-4.647
2017-03-17T06:00:00+01:00,-4.648
2017-03-17T12:00:00+01:00,-4.647
2017-03-17T18:00:00+01:00,-4.647
2017-03-18T00:00:00+01:00,-4.637
2017-03-18T06:00:00+01:00,-4.617
2017-03-18T12:00:00+01:00,-4.619
2017-03-18T18:00:00+01:00,-4.623
2017-03-19T00:00:00+01:00,-4.625
2017-03-19T06:00:00+01:00,-4.626
2017-03-19T12:00:00+01:00,-4.625
2017-03-19T18:00:00+01:00,-4.629
2017-03-20T00:00:00+01:00,-4.63
2017-03-20T06:00:00+01:00,-4.632
2017-03-20T12:00:00+01:00,-4.635
2017-03-20T18:00:00+01:00,-4.634
2017-03-21T00:00:00+01:00,-4.632
2017-03-21T06:00:00+01:00,-4.634
2017-03-21T12:00:00+01:00,-4.637
2017-03-21T18:00:00+01:00,-4.649
2017-03-22T00:00:00+01:00,-4.66
2017-03-22T06:00:00+01:00,-4.662
2017-03-22T12:00:00+01:00,-4.665
2017-03-22T18:00:00+01:00,-4.666
2017-03-23T00:00:00+01:00,-4.665
2017-03-23T06:00:00+01:00,-4.667
2017-03-23T12:00:00+01:00,-4.673
2017-03-23T18:00:00+01:00,-4.675
2017-03-24T00:00:00+01:00,-4.687
2017-03-24T06:00:00+01:00,-4.7
2017-03-24T12:00:00+01:00,-4.712
2017-03-24T18:00:00+01:00,-4.715
2017-03-25T00:00:00+01:00,-4.717
2017-03-25T06:00:00+01:00,-4.721
2017-03-25T12:00:00+01:00,-4.721
2017-03-25T18:00:00+01:00,-4.719
2017-03-26T00:00:00+01:00,-4.719
2017-03-26T07:00:00+02:00,-4.718
2017-03-26T13:00:00+02:00,-4.716
2017-03-26T19:00:00+02:00,-4.717
2017-03-27T01:00:00+02:00,-4.713
2017-03-27T07:00:00+02:00,-4.713
2017-03-27T13:00:00+02:00,-4.714
2017-03-27T19:00:00+02:00,-4.711
2017-03-28T01:00:00+02:00,-4.709
2017-03-28T07:00:00+02:00,-4.708
2017-03-28T13:00:00+02:00,-4.706
2017-03-28T19:00:00+02:00,-4.708
2017-03-29T01:00:00+02:00,-4.707
2017-03-29T07:00:00+02:00,-4.711
2017-03-29T13:00:00+02:00,-4.71
2017-03-29T19:00:00+02:00,-4.712
2017-03-30T01:00:00+02:00,-4.715
2017-03-30T07:00:00+02:00,-4.715
2017-03-30T13:00:00+02:00,-4.717
2017-03-30T19:00:00+02:00,-4.715
2017-03-31T01:00:00+02:00,-4.715
2017-03-31T07:00:00+02:00,-4.715
2017-03-31T13:00:00+02:00,-4.703
2017-03-31T19:00:00+02:00,-4.699
2017-04-01T01:00:00+02:00,-4.7
2017-04-01T07:00:00+02:00,-4.7
2017-04-01T13:00:00+02:00,-4.7
2017-04-01T19:00:00+02:00,-4.701
2017-04-02T01:00:00+02:00,-4.703
2017-04-02T07:00:00+02:00,-4.705
2017-04-02T13:00:00+02:00,-4.707
2017-04-02T19:00:00+02:00,-4.722
2017-04-03T01:00:00+02:00,-4.732
2017-04-03T07:00:00+02:00,-4.736
2017-04-03T13:00:00+02:00,-4.737
2017-04-03T19:00:00+02:00,-4.736
2017-04-04T01:00:00+02:00,-4.738
2017-04-04T07:00:00+02:00,-4.738
2017-04-04T13:00:00+02:00,-4.735
2017-04-04T19:00:00+02:00,-4.736
2017-04-05T01:00:00+02:00,-4.735
2017-04-05T07:00:00+02:00,-4.738
2017-04-05T13:00:00+02:00,-4.738
2017-04-05T19:00:00+02:00,-4.738
2017-04-06T01:00:00+02:00,-4.74
2017-04-06T07:00:00+02:00,-4.741
2017-04-06T13:00:00+02:00,-4.74
2017-04-06T19:00:00+02:00,-4.743
2017-04-07T01:00:00+02:00,-4.741
2017-04-07T07:00:00+02:00,-4.743
2017-04-07T13:00:00+02:00,-4.743
2017-04-07T19:00:00+02:00,-4.741
2017-04-08T01:00:00+02:00,-4.741
2017-04-08T07:00:00+02:00,-4.741
2017-04-08T13:00:00+02:00,-4.74
2017-04-08T19:00:00+02:00,-4.74
2017-04-09T01:00:00+02:00,-4.741
2017-04-09T07:00:00+02:00,-4.741
2017-04-09T13:00:00+02:00,-4.739
2017-04-09T19:00:00+02:00,-4.738
2017-04-10T01:00:00+02:00,-4.735
2017-04-10T07:00:00+02:00,-4.731
2017-04-10T13:00:00+02:00,-4.733
2017-04-10T19:00:00+02:00,-4.732
2017-04-11T01:00:00+02:00,-4.735
2017-04-11T07:00:00+02:00,-4.736
2017-04-11T13:00:00+02:00,-4.738
2017-04-11T19:00:00+02:00,-4.738
2017-04-12T01:00:00+02:00,-4.738
2017-04-12T07:00:00+02:00,-4.737
2017-04-12T13:00:00+02:00,-4.73
2017-04-12T19:00:00+02:00,-4.729
2017-04-13T01:00:00+02:00,-4.728
2017-04-13T07:00:00+02:00,-4.726
2017-04-13T13:00:00+02:00,-4.725
2017-04-13T19:00:00+02:00,-4.725
2017-04-14T01:00:00+02:00,-4.726
2017-04-14T07:00:00+02:00,-4.726
2017-04-14T13:00:00+02:00,-4.726
2017-04-14T19:00:00+02:00,-4.729
2017-04-15T01:00:00+02:00,-4.727
2017-04-15T07:00:00+02:00,-4.724
2017-04-15T13:00:00+02:00,-4.724
2017-04-15T19:00:00+02:00,-4.725
2017-04-16T01:00:00+02:00,-4.728
2017-04-16T07:00:00+02:00,-4.73
2017-04-16T13:00:00+02:00,-4.731
2017-04-16T19:00:00+02:00,-4.732
2017-04-17T01:00:00+02:00,-4.733
2017-04-17T07:00:00+02:00,-4.733
2017-04-17T13:00:00+02:00,-4.734
2017-04-17T19:00:00+02:00,-4.733
2017-04-18T01:00:00+02:00,-4.738
2017-04-18T07:00:00+02:00,-4.739
2017-04-18T13:00:00+02:00,-4.743
2017-04-18T19:00:00+02:00,-4.744
2017-04-19T01:00:00+02:00,-4.759
2017-04-19T07:00:00+02:00,-4.765
2017-04-19T13:00:00+02:00,-4.765
2017-04-19T19:00:00+02:00,-4.768
2017-04-20T01:00:00+02:00,-4.769
2017-04-20T07:00:00+02:00,-4.769
2017-04-20T13:00:00+02:00,-4.769
2017-04-20T19:00:00+02:00,-4.769
2017-04-21T01:00:00+02:00,-4.766
2017-04-21T07:00:00+02:00,-4.762
2017-04-21T13:00:00+02:00,-4.757
2017-04-21T19:00:00+02:00,-4.754
2017-04-22T01:00:00+02:00,-4.752
2017-04-22T07:00:00+02:00,-4.751
2017-04-22T13:00:00+02:00,-4.749
2017-04-22T19:00:00+02:00,-4.747
2017-04-23T01:00:00+02:00,-4.746
2017-04-23T07:00:00+02:00,-4.746
2017-04-23T13:00:00+02:00,-4.743
2017-04-23T19:00:00+02:00,-4.743
2017-04-24T01:00:00+02:00,-4.739
2017-04-24T07:00:00+02:00,-4.724
2017-04-24T13:00:00+02:00,-4.716
2017-04-24T19:00:00+02:00,-4.706
2017-04-25T01:00:00+02:00,-4.698
2017-04-25T07:00:00+02:00,-4.696
2017-04-25T13:00:00+02:00,-4.695
2017-04-25T19:00:00+02:00,-4.697
2017-04-26T01:00:00+02:00,-4.697
2017-04-26T07:00:00+02:00,-4.695
2017-04-26T13:00:00+02:00,-4.697
2017-04-26T19:00:00+02:00,-4.7
2017-04-27T01:00:00+02:00,-4.702
2017-04-27T07:00:00+02:00,-4.706
2017-04-27T13:00:00+02:00,-4.706
2017-04-27T19:00:00+02:00,-4.706
2017-04-28T01:00:00+02:00,-4.709
2017-04-28T07:00:00+02:00,-4.709
2017-04-28T13:00:00+02:00,-4.708
2017-04-28T19:00:00+02:00,-4.71
2017-04-29T01:00:00+02:00,-4.708
2017-04-29T07:00:00+02:00,-4.713
2017-04-29T13:00:00+02:00,-4.714
2017-04-29T19:00:00+02:00,-4.715
2017-04-30T01:00:00+02:00,-4.715
2017-04-30T07:00:00+02:00,-4.714
2017-04-30T13:00:00+02:00,-4.712
2017-04-30T19:00:00+02:00,-4.7
2017-05-01T01:00:00+02:00,-4.696
2017-05-01T07:00:00+02:00,-4.697
2017-05-01T13:00:00+02:00,-4.697
2017-05-01T19:00:00+02:00,-4.701
2017-05-02T01:00:00+02:00,-4.713
2017-05-02T07:00:00+02:00,-4.718
2017-05-02T13:00:00+02:00,-4.72
2017-05-02T19:00:00+02:00,-4.722
2017-05-03T01:00:00+02:00,-4.722
2017-05-03T07:00:00+02:00,-4.722
2017-05-03T13:00:00+02:00,-4.724
2017-05-03T19:00:00+02:00,-4.726
2017-05-04T01:00:00+02:00,-4.728
2017-05-04T07:00:00+02:00,-4.727
2017-05-04T13:00:00+02:00,-4.727
2017-05-04T19:00:00+02:00,-4.728
2017-05-05T01:00:00+02:00,-4.73
2017-05-05T07:00:00+02:00,-4.729
2017-05-05T13:00:00+02:00,-4.73
2017-05-05T19:00:00+02:00,-4.732
2017-05-06T01:00:00+02:00,-4.731
2017-05-06T07:00:00+02:00,-4.727
2017-05-06T13:00:00+02:00,-4.725
2017-05-06T19:00:00+02:00,-4.716
2017-05-07T01:00:00+02:00,-4.717
2017-05-07T07:00:00+02:00,-4.715
2017-05-07T13:00:00+02:00,-4.717
2017-05-07T19:00:00+02:00,-4.719
2017-05-08T01:00:00+02:00,-4.718
2017-05-08T07:00:00+02:00,-4.72
2017-05-08T13:00:00+02:00,-4.722
2017-05-08T19:00:00+02:00,-4.725
2017-05-09T01:00:00+02:00,-4.733
2017-05-09T07:00:00+02:00,-4.738
2017-05-09T13:00:00+02:00,-4.737
2017-05-09T19:00:00+02:00,-4.738
2017-05-10T01:00:00+02:00,-4.735
2017-05-10T07:00:00+02:00,-4.728
2017-05-10T13:00:00+02:00,-4.72
2017-05-10T19:00:00+02:00,-4.716
2017-05-11T01:00:00+02:00,-4.708
2017-05-11T07:00:00+02:00,-4.703
2017-05-11T13:00:00+02:00,-4.696
2017-05-11T19:00:00+02:00,-4.693
2017-05-12T01:00:00+02:00,-4.692
2017-05-12T07:00:00+02:00,-4.693
2017-05-12T13:00:00+02:00,-4.693
2017-05-12T19:00:00+02:00,-4.694
2017-05-13T01:00:00+02:00,-4.697
2017-05-13T07:00:00+02:00,-4.7
2017-05-13T13:00:00+02:00,-4.709
2017-05-13T19:00:00+02:00,-4.72
2017-05-14T01:00:00+02:00,-4.728
2017-05-14T07:00:00+02:00,-4.732
2017-05-14T13:00:00+02:00,-4.735
2017-05-14T19:00:00+02:00,-4.741
2017-05-15T01:00:00+02:00,-4.752
2017-05-15T07:00:00+02:00,-4.756
2017-05-15T13:00:00+02:00,-4.759
2017-05-15T19:00:00+02:00,-4.76
2017-05-16T01:00:00+02:00,-4.761
2017-05-16T07:00:00+02:00,-4.759
2017-05-16T13:00:00+02:00,-4.76
2017-05-16T19:00:00+02:00,-4.758
2017-05-17T01:00:00+02:00,-4.759
2017-05-17T07:00:00+02:00,-4.755
2017-05-17T13:00:00+02:00,-4.751
2017-05-17T19:00:00+02:00,-4.734
2017-05-18T01:00:00+02:00,-4.731
2017-05-18T07:00:00+02:00,-4.73
2017-05-18T13:00:00+02:00,-4.728
2017-05-18T19:00:00+02:00,-4.728
2017-05-19T01:00:00+02:00,-4.727
2017-05-19T07:00:00+02:00,-4.721
2017-05-19T13:00:00+02:00,-4.721
2017-05-19T19:00:00+02:00,-4.721
2017-05-20T01:00:00+02:00,-4.724
2017-05-20T07:00:00+02:00,-4.725
2017-05-20T13:00:00+02:00,-4.734
2017-05-20T19:00:00+02:00,-4.746
2017-05-21T01:00:00+02:00,-4.756
2017-05-21T07:00:00+02:00,-4.759
2017-05-21T13:00:00+02:00,-4.759
2017-05-21T19:00:00+02:00,-4.76
2017-05-22T01:00:00+02:00,-4.759
2017-05-22T07:00:00+02:00,-4.759
2017-05-22T13:00:00+02:00,-4.759
2017-05-22T19:00:00+02:00,-4.751
2017-05-23T01:00:00+02:00,-4.747
2017-05-23T07:00:00+02:00,-4.745
2017-05-23T13:00:00+02:00,-4.747
2017-05-23T19:00:00+02:00,-4.745
2017-05-24T01:00:00+02:00,-4.749
2017-05-24T07:00:00+02:00,-4.752
2017-05-24T13:00:00+02:00,-4.754
2017-05-24T19:00:00+02:00,-4.756
2017-05-25T01:00:00+02:00,-4.762
2017-05-25T07:00:00+02:00,-4.764
2017-05-25T13:00:00+02:00,-4.765
2017-05-25T19:00:00+02:00,-4.765
2017-05-26T01:00:00+02:00,-4.767
2017-05-26T07:00:00+02:00,-4.767
2017-05-26T13:00:00+02:00,-4.765
2017-05-26T19:00:00+02:00,-4.766
2017-05-27T01:00:00+02:00,-4.765
2017-05-27T07:00:00+02:00,-4.766
2017-05-27T13:00:00+02:00,-4.764
2017-05-27T19:00:00+02:00,-4.762
2017-05-28T01:00:00+02:00,-4.763
2017-05-28T07:00:00+02:00,-4.765
2017-05-28T13:00:00+02:00,-4.762
2017-05-28T19:00:00+02:00,-4.765
2017-05-29T01:00:00+02:00,-4.763
2017-05-29T07:00:00+02:00,-4.75
2017-05-29T13:00:00+02:00,-4.763
2017-05-29T19:00:00+02:00,-4.76
2017-05-30T01:00:00+02:00,-4.759
2017-05-30T07:00:00+02:00,-4.76
2017-05-30T13:00:00+02:00,-4.761
2017-05-30T19:00:00+02:00,-4.762
2017-05-31T01:00:00+02:00,-4.765
2017-05-31T07:00:00+02:00,-4.768
2017-05-31T13:00:00+02:00,-4.778
2017-05-31T19:00:00+02:00,-4.782
2017-06-01T01:00:00+02:00,-4.784
2017-06-01T07:00:00+02:00,-4.784
2017-06-01T13:00:00+02:00,-4.786
2017-06-01T19:00:00+02:00,-4.785
2017-06-02T01:00:00+02:00,-4.785
2017-06-02T07:00:00+02:00,-4.785
2017-06-02T13:00:00+02:00,-4.783
2017-06-02T19:00:00+02:00,-4.783
2017-06-03T01:00:00+02:00,-4.783
2017-06-03T07:00:00+02:00,-4.783
2017-06-03T13:00:00+02:00,-4.782
2017-06-03T19:00:00+02:00,-4.782
2017-06-04T01:00:00+02:00,-4.779
2017-06-04T07:00:00+02:00,-4.781
2017-06-04T13:00:00+02:00,-4.781
2017-06-04T19:00:00+02:00,-4.781
2017-06-05T01:00:00+02:00,-4.783
2017-06-05T07:00:00+02:00,-4.784
2017-06-05T13:00:00+02:00,-4.782
2017-06-05T19:00:00+02:00,-4.78
2017-06-06T01:00:00+02:00,-4.768
2017-06-06T07:00:00+02:00,-4.749
2017-06-06T13:00:00+02:00,-4.744
2017-06-06T19:00:00+02:00,-4.74
2017-06-07T01:00:00+02:00,-4.74
2017-06-07T07:00:00+02:00,-4.742
2017-06-07T13:00:00+02:00,-4.75
2017-06-07T19:00:00+02:00,-4.77
2017-06-08T01:00:00+02:00,-4.781
2017-06-08T07:00:00+02:00,-4.78
2017-06-08T13:00:00+02:00,-4.782
2017-06-08T19:00:00+02:00,-4.778
2017-06-09T01:00:00+02:00,-4.78
2017-06-09T07:00:00+02:00,-4.779
2017-06-09T13:00:00+02:00,-4.773
2017-06-09T19:00:00+02:00,-4.774
2017-06-10T01:00:00+02:00,-4.775
2017-06-10T07:00:00+02:00,-4.776
2017-06-10T13:00:00+02:00,-4.778
2017-06-10T19:00:00+02:00,-4.781
2017-06-11T01:00:00+02:00,-4.781
2017-06-11T07:00:00+02:00,-4.781
2017-06-11T13:00:00+02:00,-4.78
2017-06-11T19:00:00+02:00,-4.775
2017-06-12T01:00:00+02:00,-4.776
2017-06-12T07:00:00+02:00,-4.775
2017-06-12T13:00:00+02:00,-4.774
2017-06-12T19:00:00+02:00,-4.774
2017-06-13T01:00:00+02:00,-4.777
2017-06-13T07:00:00+02:00,-4.777
2017-06-13T13:00:00+02:00,-4.778
2017-06-13T19:00:00+02:00,-4.779
2017-06-14T01:00:00+02:00,-4.781
2017-06-14T07:00:00+02:00,-4.783
2017-06-14T13:00:00+02:00,-4.784
2017-06-14T19:00:00+02:00,-4.781
2017-06-15T01:00:00+02:00,-4.781
2017-06-15T07:00:00+02:00,-4.781
2017-06-15T13:00:00+02:00,-4.78
2017-06-15T19:00:00+02:00,-4.78
2017-06-16T01:00:00+02:00,-4.779
2017-06-16T07:00:00+02:00,-4.78
2017-06-16T13:00:00+02:00,-4.782
2017-06-16T19:00:00+02:00,-4.787
2017-06-17T01:00:00+02:00,-4.798
2017-06-17T07:00:00+02:00,-4.801
2017-06-17T13:00:00+02:00,-4.801
2017-06-17T19:00:00+02:00,-4.801
2017-06-18T01:00:00+02:00,-4.803
2017-06-18T07:00:00+02:00,-4.805
2017-06-18T13:00:00+02:00,-4.804
2017-06-18T19:00:00+02:00,-4.804
2017-06-19T01:00:00+02:00,-4.803
2017-06-19T07:00:00+02:00,-4.803
2017-06-19T13:00:00+02:00,-4.803
2017-06-19T19:00:00+02:00,-4.801
2017-06-20T01:00:00+02:00,-4.802
2017-06-20T07:00:00+02:00,-4.799
2017-06-20T13:00:00+02:00,-4.799
2017-06-20T19:00:00+02:00,-4.799
2017-06-21T01:00:00+02:00,-4.8
2017-06-21T07:00:00+02:00,-4.801
2017-06-21T13:00:00+02:00,-4.802
2017-06-21T19:00:00+02:00,-4.801
2017-06-22T01:00:00+02:00,-4.801
2017-06-22T07:00:00+02:00,-4.799
2017-06-22T13:00:00+02:00,-4.796
2017-06-22T19:00:00+02:00,-4.794
2017-06-23T01:00:00+02:00,-4.795
2017-06-23T07:00:00+02:00,-4.796
2017-06-23T13:00:00+02:00,-4.796
2017-06-23T19:00:00+02:00,-4.798
2017-06-24T01:00:00+02:00,-4.799
2017-06-24T07:00:00+02:00,-4.798
2017-06-24T13:00:00+02:00,-4.798
2017-06-24T19:00:00+02:00,-4.798
2017-06-25T01:00:00+02:00,-4.797
2017-06-25T07:00:00+02:00,-4.796
2017-06-25T13:00:00+02:00,-4.795
2017-06-25T19:00:00+02:00,-4.794
2017-06-26T01:00:00+02:00,-4.795
2017-06-26T07:00:00+02:00,-4.793
2017-06-26T13:00:00+02:00,-4.793
2017-06-26T19:00:00+02:00,-4.794
2017-06-27T01:00:00+02:00,-4.794
2017-06-27T07:00:00+02:00,-4.795
2017-06-27T13:00:00+02:00,-4.794
2017-06-27T19:00:00+02:00,-4.794
2017-06-28T01:00:00+02:00,-4.781
2017-06-28T07:00:00+02:00,-4.771
2017-06-28T13:00:00+02:00,-4.765
2017-06-28T19:00:00+02:00,-4.764
2017-06-29T01:00:00+02:00,-4.762
2017-06-29T07:00:00+02:00,-4.762
2017-06-29T13:00:00+02:00,-4.761
2017-06-29T19:00:00+02:00,-4.761
2017-06-30T01:00:00+02:00,-4.763
2017-06-30T07:00:00+02:00,-4.763
2017-06-30T13:00:00+02:00,-4.766
2017-06-30T19:00:00+02:00,-4.769
2017-07-01T01:00:00+02:00,-4.77
2017-07-01T07:00:00+02:00,-4.77
2017-07-01T13:00:00+02:00,-4.773
2017-07-01T19:00:00+02:00,-4.79
2017-07-02T01:00:00+02:00,-4.8
2017-07-02T07:00:00+02:00,-4.801
2017-07-02T13:00:00+02:00,-4.803
2017-07-02T19:00:00+02:00,-4.805
2017-07-03T01:00:00+02:00,-4.809
2017-07-03T07:00:00+02:00,-4.811
2017-07-03T13:00:00+02:00,-4.811
2017-07-03T19:00:00+02:00,-4.81
2017-07-04T01:00:00+02:00,-4.81
2017-07-04T07:00:00+02:00,-4.81
2017-07-04T13:00:00+02:00,-4.811
2017-07-04T19:00:00+02:00,-4.81
2017-07-05T01:00:00+02:00,-4.809
2017-07-05T07:00:00+02:00,-4.808
2017-07-05T13:00:00+02:00,-4.807
2017-07-05T19:00:00+02:00,-4.807
2017-07-06T01:00:00+02:00,-4.807
2017-07-06T07:00:00+02:00,-4.807
2017-07-06T13:00:00+02:00,-4.808
2017-07-06T19:00:00+02:00,-4.807
2017-07-07T01:00:00+02:00,-4.804
2017-07-07T07:00:00+02:00,-4.794
2017-07-07T13:00:00+02:00,-4.793
2017-07-07T19:00:00+02:00,-4.791
2017-07-08T01:00:00+02:00,-4.794
2017-07-08T07:00:00+02:00,-4.795
2017-07-08T13:00:00+02:00,-4.792
2017-07-08T19:00:00+02:00,-4.792
2017-07-09T01:00:00+02:00,-4.793
2017-07-09T07:00:00+02:00,-4.791
2017-07-09T13:00:00+02:00,-4.792
2017-07-09T19:00:00+02:00,-4.792
2017-07-10T01:00:00+02:00,-4.79
2017-07-10T07:00:00+02:00,-4.783
2017-07-10T13:00:00+02:00,-4.778
2017-07-10T19:00:00+02:00,-4.774
2017-07-11T01:00:00+02:00,-4.775
2017-07-11T07:00:00+02:00,-4.776
2017-07-11T13:00:00+02:00,-4.775
2017-07-11T19:00:00+02:00,-4.775
2017-07-12T01:00:00+02:00,-4.777
2017-07-12T07:00:00+02:00,-4.777
2017-07-12T13:00:00+02:00,-4.769
2017-07-12T19:00:00+02:00,-4.772
2017-07-13T01:00:00+02:00,-4.78
2017-07-13T07:00:00+02:00,-4.789
2017-07-13T13:00:00+02:00,-4.789
2017-07-13T19:00:00+02:00,-4.787
2017-07-14T01:00:00+02:00,-4.788
2017-07-14T07:00:00+02:00,-4.779
2017-07-14T13:00:00+02:00,-4.772
2017-07-14T19:00:00+02:00,-4.77
2017-07-15T01:00:00+02:00,-4.77
2017-07-15T07:00:00+02:00,-4.769
2017-07-15T13:00:00+02:00,-4.77
2017-07-15T19:00:00+02:00,-4.77
2017-07-16T01:00:00+02:00,-4.772
2017-07-16T07:00:00+02:00,-4.773
2017-07-16T13:00:00+02:00,-4.772
2017-07-16T19:00:00+02:00,-4.773
2017-07-17T01:00:00+02:00,-4.772
2017-07-17T07:00:00+02:00,-4.773
2017-07-17T13:00:00+02:00,-4.774
2017-07-17T19:00:00+02:00,-4.774
2017-07-18T01:00:00+02:00,-4.773
2017-07-18T07:00:00+02:00,-4.774
2017-07-18T13:00:00+02:00,-4.773
2017-07-18T19:00:00+02:00,-4.772
2017-07-19T01:00:00+02:00,-4.765
2017-07-19T07:00:00+02:00,-4.754
2017-07-19T13:00:00+02:00,-4.75
2017-07-19T19:00:00+02:00,-4.744
2017-07-20T01:00:00+02:00,-4.744
2017-07-20T07:00:00+02:00,-4.745
2017-07-20T13:00:00+02:00,-4.743
2017-07-20T19:00:00+02:00,-4.746
2017-07-21T01:00:00+02:00,-4.745
2017-07-21T07:00:00+02:00,-4.747
2017-07-21T13:00:00+02:00,-4.75
2017-07-21T19:00:00+02:00,-4.751
2017-07-22T01:00:00+02:00,-4.747
2017-07-22T07:00:00+02:00,-4.75
2017-07-22T13:00:00+02:00,-4.751
2017-07-22T19:00:00+02:00,-4.751
2017-07-23T01:00:00+02:00,-4.753
2017-07-23T07:00:00+02:00,-4.752
2017-07-23T13:00:00+02:00,-4.754
2017-07-23T19:00:00+02:00,-4.752
2017-07-24T01:00:00+02:00,-4.754
2017-07-24T07:00:00+02:00,-4.752
2017-07-24T13:00:00+02:00,-4.75
2017-07-24T19:00:00+02:00,-4.75
2017-07-25T01:00:00+02:00,-4.749
2017-07-25T07:00:00+02:00,-4.748
2017-07-25T13:00:00+02:00,-4.749
2017-07-25T19:00:00+02:00,-4.737
2017-07-26T01:00:00+02:00,-4.733
2017-07-26T07:00:00+02:00,-4.731
2017-07-26T13:00:00+02:00,-4.733
2017-07-26T19:00:00+02:00,-4.726
2017-07-27T01:00:00+02:00,-4.717
2017-07-27T07:00:00+02:00,-4.716
2017-07-27T13:00:00+02:00,-4.715
2017-07-27T19:00:00+02:00,-4.716
2017-07-28T01:00:00+02:00,-4.717
2017-07-28T07:00:00+02:00,-4.719
2017-07-28T13:00:00+02:00,-4.721
2017-07-28T19:00:00+02:00,-4.732
2017-07-29T01:00:00+02:00,-4.738
2017-07-29T07:00:00+02:00,-4.74
2017-07-29T13:00:00+02:00,-4.739
2017-07-29T19:00:00+02:00,-4.74
2017-07-30T01:00:00+02:00,-4.737
2017-07-30T07:00:00+02:00,-4.726
2017-07-30T13:00:00+02:00,-4.721
2017-07-30T19:00:00+02:00,-4.719
2017-07-31T01:00:00+02:00,-4.722
2017-07-31T07:00:00+02:00,-4.721
2017-07-31T13:00:00+02:00,-4.72
2017-07-31T19:00:00+02:00,-4.718
2017-08-01T01:00:00+02:00,-4.712
2017-08-01T07:00:00+02:00,-4.71
2017-08-01T13:00:00+02:00,-4.708
2017-08-01T19:00:00+02:00,-4.704
2017-08-02T01:00:00+02:00,-4.702
2017-08-02T07:00:00+02:00,-4.704
2017-08-02T13:00:00+02:00,-4.703
2017-08-02T19:00:00+02:00,-4.703
2017-08-03T01:00:00+02:00,-4.704
2017-08-03T07:00:00+02:00,-4.705
2017-08-03T13:00:00+02:00,-4.7
2017-08-03T19:00:00+02:00,-4.703
2017-08-04T01:00:00+02:00,-4.703
2017-08-04T07:00:00+02:00,-4.704
2017-08-04T13:00:00+02:00,-4.704
2017-08-04T19:00:00+02:00,-4.708
2017-08-05T01:00:00+02:00,-4.719
2017-08-05T07:00:00+02:00,-4.72
2017-08-05T13:00:00+02:00,-4.722
2017-08-05T19:00:00+02:00,-4.729
2017-08-06T01:00:00+02:00,-4.739
2017-08-06T07:00:00+02:00,-4.744
2017-08-06T13:00:00+02:00,-4.746
2017-08-06T19:00:00+02:00,-4.748
2017-08-07T01:00:00+02:00,-4.75
2017-08-07T07:00:00+02:00,-4.75
2017-08-07T13:00:00+02:00,-4.75
2017-08-07T19:00:00+02:00,-4.749
2017-08-08T01:00:00+02:00,-4.747
2017-08-08T07:00:00+02:00,-4.742
2017-08-08T13:00:00+02:00,-4.732
2017-08-08T19:00:00+02:00,-4.727
2017-08-09T01:00:00+02:00,-4.725
2017-08-09T07:00:00+02:00,-4.727
2017-08-09T13:00:00+02:00,-4.728
2017-08-09T19:00:00+02:00,-4.728
2017-08-10T01:00:00+02:00,-4.732
2017-08-10T07:00:00+02:00,-4.741
2017-08-10T13:00:00+02:00,-4.741
2017-08-10T19:00:00+02:00,-4.744
2017-08-11T01:00:00+02:00,-4.745
2017-08-11T07:00:00+02:00,-4.746
2017-08-11T13:00:00+02:00,-4.746
2017-08-11T19:00:00+02:00,-4.744
2017-08-12T01:00:00+02:00,-4.743
2017-08-12T07:00:00+02:00,-4.742
2017-08-12T13:00:00+02:00,-4.742
2017-08-12T19:00:00+02:00,-4.741
2017-08-13T01:00:00+02:00,-4.741
2017-08-13T07:00:00+02:00,-4.741
2017-08-13T13:00:00+02:00,-4.743
2017-08-13T19:00:00+02:00,-4.742
2017-08-14T01:00:00+02:00,-4.744
2017-08-14T07:00:00+02:00,-4.743
2017-08-14T13:00:00+02:00,-4.744
2017-08-14T19:00:00+02:00,-4.744
2017-08-15T01:00:00+02:00,-4.743
2017-08-15T07:00:00+02:00,-4.742
2017-08-15T13:00:00+02:00,-4.743
2017-08-15T19:00:00+02:00,-4.741
2017-08-16T01:00:00+02:00,-4.741
2017-08-16T07:00:00+02:00,-4.744
2017-08-16T13:00:00+02:00,-4.744
2017-08-16T19:00:00+02:00,-4.743
2017-08-17T01:00:00+02:00,-4.744
2017-08-17T07:00:00+02:00,-4.744
2017-08-17T13:00:00+02:00,-4.744
2017-08-17T19:00:00+02:00,-4.741
2017-08-18T01:00:00+02:00,-4.741
2017-08-18T07:00:00+02:00,-4.739
2017-08-18T13:00:00+02:00,-4.738
2017-08-18T19:00:00+02:00,-4.735
2017-08-19T01:00:00+02:00,-4.734
2017-08-19T07:00:00+02:00,-4.733
2017-08-19T13:00:00+02:00,-4.733
2017-08-19T19:00:00+02:00,-4.732
2017-08-20T01:00:00+02:00,-4.734
2017-08-20T07:00:00+02:00,-4.735
2017-08-20T13:00:00+02:00,-4.733
2017-08-20T19:00:00+02:00,-4.735
2017-08-21T01:00:00+02:00,-4.737
2017-08-21T07:00:00+02:00,-4.738
2017-08-21T13:00:00+02:00,-4.736
2017-08-21T19:00:00+02:00,-4.734
2017-08-22T01:00:00+02:00,-4.733
2017-08-22T07:00:00+02:00,-4.733
2017-08-22T13:00:00+02:00,-4.734
2017-08-22T19:00:00+02:00,-4.734
2017-08-23T01:00:00+02:00,-4.734
2017-08-23T07:00:00+02:00,-4.732
2017-08-23T13:00:00+02:00,-4.728
2017-08-23T19:00:00+02:00,-4.72
2017-08-24T01:00:00+02:00,-4.715
2017-08-24T07:00:00+02:00,-4.717
2017-08-24T13:00:00+02:00,-4.715
2017-08-24T19:00:00+02:00,-4.717
2017-08-25T01:00:00+02:00,-4.72
2017-08-25T07:00:00+02:00,-4.72
2017-08-25T13:00:00+02:00,-4.721
2017-08-25T19:00:00+02:00,-4.72
2017-08-26T01:00:00+02:00,-4.721
2017-08-26T07:00:00+02:00,-4.723
2017-08-26T13:00:00+02:00,-4.723
2017-08-26T19:00:00+02:00,-4.724
2017-08-27T01:00:00+02:00,-4.726
2017-08-27T07:00:00+02:00,-4.728
2017-08-27T13:00:00+02:00,-4.729
2017-08-27T19:00:00+02:00,-4.731
2017-08-28T01:00:00+02:00,-4.734
2017-08-28T07:00:00+02:00,-4.737
2017-08-28T13:00:00+02:00,-4.739
2017-08-28T19:00:00+02:00,-4.737
2017-08-29T01:00:00+02:00,-4.738
2017-08-29T07:00:00+02:00,-4.74
2017-08-29T13:00:00+02:00,-4.74
2017-08-29T19:00:00+02:00,-4.738
2017-08-30T01:00:00+02:00,-4.736
2017-08-30T07:00:00+02:00,-4.739
2017-08-30T13:00:00+02:00,-4.72
2017-08-30T19:00:00+02:00,-4.701
2017-08-31T01:00:00+02:00,-4.698
2017-08-31T07:00:00+02:00,-4.698
2017-08-31T13:00:00+02:00,-4.698
2017-08-31T19:00:00+02:00,-4.696
2017-09-01T01:00:00+02:00,-4.697
2017-09-01T07:00:00+02:00,-4.689
2017-09-01T13:00:00+02:00,-4.687
2017-09-01T19:00:00+02:00,-4.685
2017-09-02T01:00:00+02:00,-4.683
2017-09-02T07:00:00+02:00,-4.683
2017-09-02T13:00:00+02:00,-4.683
2017-09-02T19:00:00+02:00,-4.682
2017-09-03T01:00:00+02:00,-4.682
2017-09-03T07:00:00+02:00,-4.681
2017-09-03T13:00:00+02:00,-4.679
2017-09-03T19:00:00+02:00,-4.672
2017-09-04T01:00:00+02:00,-4.667
2017-09-04T07:00:00+02:00,-4.669
2017-09-04T13:00:00+02:00,-4.668
2017-09-04T19:00:00+02:00,-4.666
2017-09-05T01:00:00+02:00,-4.669
2017-09-05T07:00:00+02:00,-4.67
2017-09-05T13:00:00+02:00,-4.669
2017-09-05T19:00:00+02:00,-4.669
2017-09-06T01:00:00+02:00,-4.671
2017-09-06T07:00:00+02:00,-4.669
2017-09-06T13:00:00+02:00,-4.671
2017-09-06T19:00:00+02:00,-4.673
2017-09-07T01:00:00+02:00,-4.678
2017-09-07T07:00:00+02:00,-4.681
2017-09-07T13:00:00+02:00,-4.68
2017-09-07T19:00:00+02:00,-4.683
2017-09-08T01:00:00+02:00,-4.683
2017-09-08T07:00:00+02:00,-4.676
2017-09-08T13:00:00+02:00,-4.651
2017-09-08T19:00:00+02:00,-4.636
2017-09-09T01:00:00+02:00,-4.614
2017-09-09T07:00:00+02:00,-4.594
2017-09-09T13:00:00+02:00,-4.577
2017-09-09T19:00:00+02:00,-4.57
2017-09-10T01:00:00+02:00,-4.564
2017-09-10T07:00:00+02:00,-4.561
2017-09-10T13:00:00+02:00,-4.546
2017-09-10T19:00:00+02:00,-4.543
2017-09-11T01:00:00+02:00,-4.526
2017-09-11T07:00:00+02:00,-4.519
2017-09-11T13:00:00+02:00,-4.521
2017-09-11T19:00:00+02:00,-4.518
2017-09-12T01:00:00+02:00,-4.519
2017-09-12T07:00:00+02:00,-4.52
2017-09-12T13:00:00+02:00,-4.534
2017-09-12T19:00:00+02:00,-4.545
2017-09-13T01:00:00+02:00,-4.55
2017-09-13T07:00:00+02:00,-4.533
2017-09-13T13:00:00+02:00,-4.526
2017-09-13T19:00:00+02:00,-4.525
2017-09-14T01:00:00+02:00,-4.527
2017-09-14T07:00:00+02:00,-4.527
2017-09-14T13:00:00+02:00,-4.534
2017-09-14T19:00:00+02:00,-4.544
2017-09-15T01:00:00+02:00,-4.56
2017-09-15T07:00:00+02:00,-4.568
2017-09-15T13:00:00+02:00,-4.567
2017-09-15T19:00:00+02:00,-4.566
2017-09-16T01:00:00+02:00,-4.566
2017-09-16T07:00:00+02:00,-4.562
2017-09-16T13:00:00+02:00,-4.556
2017-09-16T19:00:00+02:00,-4.551
2017-09-17T01:00:00+02:00,-4.548
2017-09-17T07:00:00+02:00,-4.546
2017-09-17T13:00:00+02:00,-4.545
2017-09-17T19:00:00+02:00,-4.545
2017-09-18T01:00:00+02:00,-4.544
2017-09-18T07:00:00+02:00,-4.544
2017-09-18T13:00:00+02:00,-4.544
2017-09-18T19:00:00+02:00,-4.545
2017-09-19T01:00:00+02:00,-4.543
2017-09-19T07:00:00+02:00,-4.544
2017-09-19T13:00:00+02:00,-4.549
2017-09-19T19:00:00+02:00,-4.558
2017-09-20T01:00:00+02:00,-4.568
2017-09-20T07:00:00+02:00,-4.574
2017-09-20T13:00:00+02:00,-4.575
2017-09-20T19:00:00+02:00,-4.575
2017-09-21T01:00:00+02:00,-4.58
2017-09-21T07:00:00+02:00,-4.586
2017-09-21T13:00:00+02:00,-4.589
2017-09-21T19:00:00+02:00,-4.59
2017-09-22T01:00:00+02:00,-4.597
2017-09-22T07:00:00+02:00,-4.601
2017-09-22T13:00:00+02:00,-4.608
2017-09-22T19:00:00+02:00,-4.611
2017-09-23T01:00:00+02:00,-4.621
2017-09-23T07:00:00+02:00,-4.625
2017-09-23T13:00:00+02:00,-4.631
2017-09-23T19:00:00+02:00,-4.634
2017-09-24T01:00:00+02:00,-4.634
2017-09-24T07:00:00+02:00,-4.633
2017-09-24T13:00:00+02:00,-4.634
2017-09-24T19:00:00+02:00,-4.634
2017-09-25T01:00:00+02:00,-4.636
2017-09-25T07:00:00+02:00,-4.635
2017-09-25T13:00:00+02:00,-4.636
2017-09-25T19:00:00+02:00,-4.636
2017-09-26T01:00:00+02:00,-4.639
2017-09-26T07:00:00+02:00,-4.648
2017-09-26T13:00:00+02:00,-4.654
2017-09-26T19:00:00+02:00,-4.658
2017-09-27T01:00:00+02:00,-4.658
2017-09-27T07:00:00+02:00,-4.659
2017-09-27T13:00:00+02:00,-4.661
2017-09-27T19:00:00+02:00,-4.66
2017-09-28T01:00:00+02:00,-4.66
2017-09-28T07:00:00+02:00,-4.661
2017-09-28T13:00:00+02:00,-4.663
2017-09-28T19:00:00+02:00,-4.662
2017-09-29T01:00:00+02:00,-4.661
2017-09-29T07:00:00+02:00,-4.663
2017-09-29T13:00:00+02:00,-4.662
2017-09-29T19:00:00+02:00,-4.662
2017-09-30T01:00:00+02:00,-4.661
2017-09-30T07:00:00+02:00,-4.662
2017-09-30T13:00:00+02:00,-4.659
2017-09-30T19:00:00+02:00,-4.658
2017-10-01T01:00:00+02:00,-4.658
2017-10-01T07:00:00+02:00,-4.659
2017-10-01T13:00:00+02:00,-4.658
2017-10-01T19:00:00+02:00,-4.657
2017-10-02T01:00:00+02:00,-4.646
2017-10-02T07:00:00+02:00,-4.637
2017-10-02T13:00:00+02:00,-4.633
2017-10-02T19:00:00+02:00,-4.635
2017-10-03T01:00:00+02:00,-4.637
2017-10-03T07:00:00+02:00,-4.637
2017-10-03T13:00:00+02:00,-4.642
2017-10-03T19:00:00+02:00,-4.659
2017-10-04T01:00:00+02:00,-4.669
2017-10-04T07:00:00+02:00,-4.671
2017-10-04T13:00:00+02:00,-4.673
2017-10-04T19:00:00+02:00,-4.669
2017-10-05T01:00:00+02:00,-4.668
2017-10-05T07:00:00+02:00,-4.646
2017-10-05T13:00:00+02:00,-4.638
2017-10-05T19:00:00+02:00,-4.635
2017-10-06T01:00:00+02:00,-4.643
2017-10-06T07:00:00+02:00,-4.646
2017-10-06T13:00:00+02:00,-4.647
2017-10-06T19:00:00+02:00,-4.647
2017-10-07T01:00:00+02:00,-4.647
2017-10-07T07:00:00+02:00,-4.647
2017-10-07T13:00:00+02:00,-4.636
2017-10-07T19:00:00+02:00,-4.62
2017-10-08T01:00:00+02:00,-4.612
2017-10-08T07:00:00+02:00,-4.609
2017-10-08T13:00:00+02:00,-4.611
2017-10-08T19:00:00+02:00,-4.61
2017-10-09T01:00:00+02:00,-4.612
2017-10-09T07:00:00+02:00,-4.612
2017-10-09T13:00:00+02:00,-4.61
2017-10-09T19:00:00+02:00,-4.608
2017-10-10T01:00:00+02:00,-4.602
2017-10-10T07:00:00+02:00,-4.593
2017-10-10T13:00:00+02:00,-4.59
2017-10-10T19:00:00+02:00,-4.588
2017-10-11T01:00:00+02:00,-4.589
2017-10-11T07:00:00+02:00,-4.587
2017-10-11T13:00:00+02:00,-4.588
2017-10-11T19:00:00+02:00,-4.588
2017-10-12T01:00:00+02:00,-4.586
2017-10-12T07:00:00+02:00,-4.587
2017-10-12T13:00:00+02:00,-4.589
2017-10-12T19:00:00+02:00,-4.6
2017-10-13T01:00:00+02:00,-4.607
2017-10-13T07:00:00+02:00,-4.609
2017-10-13T13:00:00+02:00,-4.61
2017-10-13T19:00:00+02:00,-4.613
2017-10-14T01:00:00+02:00,-4.619
2017-10-14T07:00:00+02:00,-4.624
2017-10-14T13:00:00+02:00,-4.628
2017-10-14T19:00:00+02:00,-4.629
2017-10-15T01:00:00+02:00,-4.63
2017-10-15T07:00:00+02:00,-4.632
2017-10-15T13:00:00+02:00,-4.632
2017-10-15T19:00:00+02:00,-4.631
2017-10-16T01:00:00+02:00,-4.63
2017-10-16T07:00:00+02:00,-4.632
2017-10-16T13:00:00+02:00,-4.63
2017-10-16T19:00:00+02:00,-4.632
2017-10-17T01:00:00+02:00,-4.633
2017-10-17T07:00:00+02:00,-4.633
2017-10-17T13:00:00+02:00,-4.635
2017-10-17T19:00:00+02:00,-4.641
2017-10-18T01:00:00+02:00,-4.639
2017-10-18T07:00:00+02:00,-4.64
2017-10-18T13:00:00+02:00,-4.64
2017-10-18T19:00:00+02:00,-4.64
2017-10-19T01:00:00+02:00,-4.639
2017-10-19T07:00:00+02:00,-4.64
2017-10-19T13:00:00+02:00,-4.641
2017-10-19T19:00:00+02:00,-4.641
2017-10-20T01:00:00+02:00,-4.639
2017-10-20T07:00:00+02:00,-4.641
2017-10-20T13:00:00+02:00,-4.64
2017-10-20T19:00:00+02:00,-4.639
2017-10-21T01:00:00+02:00,-4.639
2017-10-21T07:00:00+02:00,-4.641
2017-10-21T13:00:00+02:00,-4.639
2017-10-21T19:00:00+02:00,-4.64
2017-10-22T01:00:00+02:00,-4.639
2017-10-22T07:00:00+02:00,-4.639
2017-10-22T13:00:00+02:00,-4.636
2017-10-22T19:00:00+02:00,-4.636
2017-10-23T01:00:00+02:00,-4.638
2017-10-23T07:00:00+02:00,-4.637
2017-10-23T13:00:00+02:00,-4.637
2017-10-23T19:00:00+02:00,-4.64
2017-10-24T01:00:00+02:00,-4.64
2017-10-24T07:00:00+02:00,-4.639
2017-10-24T13:00:00+02:00,-4.639
2017-10-24T19:00:00+02:00,-4.641
2017-10-25T01:00:00+02:00,-4.637
2017-10-25T07:00:00+02:00,-4.637
2017-10-25T13:00:00+02:00,-4.636
2017-10-25T19:00:00+02:00,-4.639
2017-10-26T01:00:00+02:00,-4.642
2017-10-26T07:00:00+02:00,-4.64
2017-10-26T13:00:00+02:00,-4.644
2017-10-26T19:00:00+02:00,-4.64
2017-10-27T01:00:00+02:00,-4.643
2017-10-27T07:00:00+02:00,-4.646
2017-10-27T13:00:00+02:00,-4.654
2017-10-27T19:00:00+02:00,-4.666
2017-10-28T01:00:00+02:00,-4.668
2017-10-28T07:00:00+02:00,-4.666
2017-10-28T13:00:00+02:00,-4.663
2017-10-28T19:00:00+02:00,-4.648
2017-10-29T01:00:00+02:00,-4.633
2017-10-29T06:00:00+01:00,-4.63
2017-10-29T12:00:00+01:00,-4.627
2017-10-29T18:00:00+01:00,-4.64
2017-10-30T00:00:00+01:00,-4.658
2017-10-30T06:00:00+01:00,-4.664
2017-10-30T12:00:00+01:00,-4.672
2017-10-30T18:00:00+01:00,-4.678
2017-10-31T00:00:00+01:00,-4.68
2017-10-31T06:00:00+01:00,-4.679
2017-10-31T12:00:00+01:00,-4.678
2017-10-31T18:00:00+01:00,-4.679
2017-11-01T00:00:00+01:00,-4.677
2017-11-01T06:00:00+01:00,-4.679
2017-11-01T12:00:00+01:00,-4.677
2017-11-01T18:00:00+01:00,-4.676
2017-11-02T00:00:00+01:00,-4.671
2017-11-02T06:00:00+01:00,-4.658
2017-11-02T12:00:00+01:00,-4.656
2017-11-02T18:00:00+01:00,-4.658
2017-11-03T00:00:00+01:00,-4.659
2017-11-03T06:00:00+01:00,-4.659
2017-11-03T12:00:00+01:00,-4.658
2017-11-03T18:00:00+01:00,-4.66
2017-11-04T00:00:00+01:00,-4.661
2017-11-04T06:00:00+01:00,-4.66
2017-11-04T12:00:00+01:00,-4.66
2017-11-04T18:00:00+01:00,-4.655
2017-11-05T00:00:00+01:00,-4.65
2017-11-05T06:00:00+01:00,-4.65
2017-11-05T12:00:00+01:00,-4.652
2017-11-05T18:00:00+01:00,-4.66
2017-11-06T00:00:00+01:00,-4.674
2017-11-06T06:00:00+01:00,-4.687
2017-11-06T12:00:00+01:00,-4.698
2017-11-06T18:00:00+01:00,-4.705
2017-11-07T00:00:00+01:00,-4.707
2017-11-07T06:00:00+01:00,-4.708
2017-11-07T12:00:00+01:00,-4.709
2017-11-07T18:00:00+01:00,-4.703
2017-11-08T00:00:00+01:00,-4.694
2017-11-08T06:00:00+01:00,-4.692
2017-11-08T12:00:00+01:00,-4.691
2017-11-08T18:00:00+01:00,-4.691
2017-11-09T00:00:00+01:00,-4.69
2017-11-09T06:00:00+01:00,-4.691
2017-11-09T12:00:00+01:00,-4.69
2017-11-09T18:00:00+01:00,-4.695
2017-11-10T00:00:00+01:00,-4.689
2017-11-10T06:00:00+01:00,-4.691
2017-11-10T12:00:00+01:00,-4.674
2017-11-10T18:00:00+01:00,-4.672
2017-11-11T00:00:00+01:00,-4.671
2017-11-11T06:00:00+01:00,-4.672
2017-11-11T12:00:00+01:00,-4.67
2017-11-11T18:00:00+01:00,-4.666
2017-11-12T00:00:00+01:00,-4.663
2017-11-12T06:00:00+01:00,-4.662
2017-11-12T12:00:00+01:00,-4.652
2017-11-12T18:00:00+01:00,-4.644
2017-11-13T00:00:00+01:00,-4.646
2017-11-13T06:00:00+01:00,-4.654
2017-11-13T12:00:00+01:00,-4.667
2017-11-13T18:00:00+01:00,-4.675
2017-11-14T00:00:00+01:00,-4.681
2017-11-14T06:00:00+01:00,-4.682
2017-11-14T12:00:00+01:00,-4.68
2017-11-14T18:00:00+01:00,-4.679
2017-11-15T00:00:00+01:00,-4.681
2017-11-15T06:00:00+01:00,-4.68
2017-11-15T12:00:00+01:00,-4.68
2017-11-15T18:00:00+01:00,-4.678
2017-11-16T00:00:00+01:00,-4.677
2017-11-16T06:00:00+01:00,-4.676
2017-11-16T12:00:00+01:00,-4.671
2017-11-16T18:00:00+01:00,-4.665
2017-11-17T00:00:00+01:00,-4.664
2017-11-17T06:00:00+01:00,-4.663
2017-11-17T12:00:00+01:00,-4.667
2017-11-17T18:00:00+01:00,-4.666
2017-11-18T00:00:00+01:00,-4.667
2017-11-18T06:00:00+01:00,-4.664
2017-11-18T12:00:00+01:00,-4.663
2017-11-18T18:00:00+01:00,-4.654
2017-11-19T00:00:00+01:00,-4.648
2017-11-19T06:00:00+01:00,-4.646
2017-11-19T12:00:00+01:00,-4.646
2017-11-19T18:00:00+01:00,-4.647
2017-11-20T00:00:00+01:00,-4.648
2017-11-20T06:00:00+01:00,-4.649
2017-11-20T12:00:00+01:00,-4.649
2017-11-20T18:00:00+01:00,-4.632
2017-11-21T00:00:00+01:00,-4.624
2017-11-21T06:00:00+01:00,-4.626
2017-11-21T12:00:00+01:00,-4.625
2017-11-21T18:00:00+01:00,-4.614
2017-11-22T00:00:00+01:00,-4.606
2017-11-22T06:00:00+01:00,-4.596
2017-11-22T12:00:00+01:00,-4.593
2017-11-22T18:00:00+01:00,-4.591
2017-11-23T00:00:00+01:00,-4.578
2017-11-23T06:00:00+01:00,-4.569
2017-11-23T12:00:00+01:00,-4.562
2017-11-23T18:00:00+01:00,-4.564
2017-11-24T00:00:00+01:00,-4.575
2017-11-24T06:00:00+01:00,-4.583
2017-11-24T12:00:00+01:00,-4.586
2017-11-24T18:00:00+01:00,-4.591
2017-11-25T00:00:00+01:00,-4.598
2017-11-25T06:00:00+01:00,-4.601
2017-11-25T12:00:00+01:00,-4.601
2017-11-25T18:00:00+01:00,-4.606
2017-11-26T00:00:00+01:00,-4.613
2017-11-26T06:00:00+01:00,-4.618
2017-11-26T12:00:00+01:00,-4.629
2017-11-26T18:00:00+01:00,-4.633
2017-11-27T00:00:00+01:00,-4.634
2017-11-27T06:00:00+01:00,-4.634
2017-11-27T12:00:00+01:00,-4.623
2017-11-27T18:00:00+01:00,-4.606
2017-11-28T00:00:00+01:00,-4.599
2017-11-28T06:00:00+01:00,-4.596
2017-11-28T12:00:00+01:00,-4.592
2017-11-28T18:00:00+01:00,-4.585
2017-11-29T00:00:00+01:00,-4.581
2017-11-29T06:00:00+01:00,-4.573
2017-11-29T12:00:00+01:00,-4.572
2017-11-29T18:00:00+01:00,-4.572
2017-11-30T00:00:00+01:00,-4.569
2017-11-30T06:00:00+01:00,-4.569
2017-11-30T12:00:00+01:00,-4.566
2017-11-30T18:00:00+01:00,-4.563
2017-12-01T00:00:00+01:00,-4.564
2017-12-01T06:00:00+01:00,-4.565
2017-12-01T12:00:00+01:00,-4.57
2017-12-01T18:00:00+01:00,-4.579
2017-12-02T00:00:00+01:00,-4.59
2017-12-02T06:00:00+01:00,-4.597
2017-12-02T12:00:00+01:00,-4.603
2017-12-02T18:00:00+01:00,-4.606
2017-12-03T00:00:00+01:00,-4.605
2017-12-03T06:00:00+01:00,-4.605
2017-12-03T12:00:00+01:00,-4.606
2017-12-03T18:00:00+01:00,-4.606
2017-12-04T00:00:00+01:00,-4.607
2017-12-04T06:00:00+01:00,-4.608
2017-12-04T12:00:00+01:00,-4.61
2017-12-04T18:00:00+01:00,-4.62
2017-12-05T00:00:00+01:00,-4.63
2017-12-05T06:00:00+01:00,-4.634
2017-12-05T12:00:00+01:00,-4.633
2017-12-05T18:00:00+01:00,-4.636
2017-12-06T00:00:00+01:00,-4.634
2017-12-06T06:00:00+01:00,-4.637
2017-12-06T12:00:00+01:00,-4.637
2017-12-06T18:00:00+01:00,-4.636
2017-12-07T00:00:00+01:00,-4.636
2017-12-07T06:00:00+01:00,-4.637
2017-12-07T12:00:00+01:00,-4.62
2017-12-07T18:00:00+01:00,-4.601
2017-12-08T00:00:00+01:00,-4.596
2017-12-08T06:00:00+01:00,-4.598
2017-12-08T12:00:00+01:00,-4.599
2017-12-08T18:00:00+01:00,-4.596
2017-12-09T00:00:00+01:00,-4.597
2017-12-09T06:00:00+01:00,-4.598
2017-12-09T12:00:00+01:00,-4.6
2017-12-09T18:00:00+01:00,-4.599
2017-12-10T00:00:00+01:00,-4.594
2017-12-10T06:00:00+01:00,-4.566
2017-12-10T12:00:00+01:00,-4.52
2017-12-10T18:00:00+01:00,-4.469
2017-12-11T00:00:00+01:00,-4.468
2017-12-11T06:00:00+01:00,-4.475
2017-12-11T12:00:00+01:00,-4.479
2017-12-11T18:00:00+01:00,-4.481
2017-12-12T00:00:00+01:00,-4.486
2017-12-12T06:00:00+01:00,-4.508
2017-12-12T12:00:00+01:00,-4.536
2017-12-12T18:00:00+01:00,-4.556
2017-12-13T00:00:00+01:00,-4.565
2017-12-13T06:00:00+01:00,-4.565
2017-12-13T12:00:00+01:00,-4.55
2017-12-13T18:00:00+01:00,-4.528
2017-12-14T00:00:00+01:00,-4.506
2017-12-14T06:00:00+01:00,-4.504
2017-12-14T12:00:00+01:00,-4.5
2017-12-14T18:00:00+01:00,-4.495
2017-12-15T00:00:00+01:00,-4.492
2017-12-15T06:00:00+01:00,-4.491
2017-12-15T12:00:00+01:00,-4.491
2017-12-15T18:00:00+01:00,-4.492
2017-12-16T00:00:00+01:00,-4.51
2017-12-16T06:00:00+01:00,-4.524
2017-12-16T12:00:00+01:00,-4.535
2017-12-16T18:00:00+01:00,-4.547
2017-12-17T00:00:00+01:00,-4.555
2017-12-17T06:00:00+01:00,-4.563
2017-12-17T12:00:00+01:00,-4.57
2017-12-17T18:00:00+01:00,-4.572
2017-12-18T00:00:00+01:00,-4.571
2017-12-18T06:00:00+01:00,-4.573
2017-12-18T12:00:00+01:00,-4.57
2017-12-18T18:00:00+01:00,-4.576
2017-12-19T00:00:00+01:00,-4.587
2017-12-19T06:00:00+01:00,-4.597
2017-12-19T12:00:00+01:00,-4.598
2017-12-19T18:00:00+01:00,-4.601
2017-12-20T00:00:00+01:00,-4.599
2017-12-20T06:00:00+01:00,-4.6
2017-12-20T12:00:00+01:00,-4.6
2017-12-20T18:00:00+01:00,-4.602
2017-12-21T00:00:00+01:00,-4.601
2017-12-21T06:00:00+01:00,-4.607
2017-12-21T12:00:00+01:00,-4.609
2017-12-21T18:00:00+01:00,-4.611
2017-12-22T00:00:00+01:00,-4.611
2017-12-22T06:00:00+01:00,-4.613
2017-12-22T12:00:00+01:00,-4.615
2017-12-22T18:00:00+01:00,-4.614
2017-12-23T00:00:00+01:00,-4.623
2017-12-23T06:00:00+01:00,-4.624
2017-12-23T12:00:00+01:00,-4.626
2017-12-23T18:00:00+01:00,-4.625
2017-12-24T00:00:00+01:00,-4.624
2017-12-24T06:00:00+01:00,-4.625
2017-12-24T12:00:00+01:00,-4.624
2017-12-24T18:00:00+01:00,-4.62
2017-12-25T00:00:00+01:00,-4.612
2017-12-25T06:00:00+01:00,-4.609
2017-12-25T12:00:00+01:00,-4.604
2017-12-25T18:00:00+01:00,-4.598
2017-12-26T00:00:00+01:00,-4.585
2017-12-26T06:00:00+01:00,-4.569
2017-12-26T12:00:00+01:00,-4.566
2017-12-26T18:00:00+01:00,-4.564
2017-12-27T00:00:00+01:00,-4.562
2017-12-27T06:00:00+01:00,-4.551
2017-12-27T12:00:00+01:00,-4.538
2017-12-27T18:00:00+01:00,-4.539
2017-12-28T00:00:00+01:00,-4.539
2017-12-28T06:00:00+01:00,-4.555
2017-12-28T12:00:00+01:00,-4.565
2017-12-28T18:00:00+01:00,-4.579
2017-12-29T00:00:00+01:00,-4.591
2017-12-29T06:00:00+01:00,-4.596
2017-12-29T12:00:00+01:00,-4.598
2017-12-29T18:00:00+01:00,-4.59
2017-12-30T00:00:00+01:00,-4.581
2017-12-30T06:00:00+01:00,-4.583
2017-12-30T12:00:00+01:00,-4.579
2017-12-30T18:00:00+01:00,-4.579
2017-12-31T00:00:00+01:00,-4.582
2017-12-31T06:00:00+01:00,-4.587
2017-12-31T12:00:00+01:00,-4.587
2017-12-31T18:00:00+01:00,-4.585
2018-01-01T00:00:00+01:00,-4.582
2018-01-01T06:00:00+01:00,-4.581
2018-01-01T12:00:00+01:00,-4.581
2018-01-01T18:00:00+01:00,-4.577
2018-01-02T00:00:00+01:00,-4.578
2018-01-02T06:00:00+01:00,-4.578
2018-01-02T12:00:00+01:00,-4.578
2018-01-02T18:00:00+01:00,-4.579
2018-01-03T00:00:00+01:00,-4.569
2018-01-03T06:00:00+01:00,-4.525
2018-01-03T12:00:00+01:00,-4.516
2018-01-03T18:00:00+01:00,-4.519
2018-01-04T00:00:00+01:00,-4.531
2018-01-04T06:00:00+01:00,-4.532
2018-01-04T12:00:00+01:00,-4.535
2018-01-04T18:00:00+01:00,-4.537
2018-01-05T00:00:00+01:00,-4.533
2018-01-05T06:00:00+01:00,-4.535
2018-01-05T12:00:00+01:00,-4.537
2018-01-05T18:00:00+01:00,-4.536
2018-01-06T00:00:00+01:00,-4.544
2018-01-06T06:00:00+01:00,-4.562
2018-01-06T12:00:00+01:00,-4.575
2018-01-06T18:00:00+01:00,-4.59
2018-01-07T00:00:00+01:00,-4.608
2018-01-07T06:00:00+01:00,-4.627
2018-01-07T12:00:00+01:00,-4.636
2018-01-07T18:00:00+01:00,-4.644
2018-01-08T00:00:00+01:00,-4.645
2018-01-08T06:00:00+01:00,-4.644
2018-01-08T12:00:00+01:00,-4.643
2018-01-08T18:00:00+01:00,-4.643
2018-01-09T00:00:00+01:00,-4.642
2018-01-09T06:00:00+01:00,-4.631
2018-01-09T12:00:00+01:00,-4.616
2018-01-09T18:00:00+01:00,-4.611
2018-01-10T00:00:00+01:00,-4.611
2018-01-10T06:00:00+01:00,-4.611
2018-01-10T12:00:00+01:00,-4.61
2018-01-10T18:00:00+01:00,-4.613
2018-01-11T00:00:00+01:00,-4.612
2018-01-11T06:00:00+01:00,-4.62
2018-01-11T12:00:00+01:00,-4.633
2018-01-11T18:00:00+01:00,-4.65
2018-01-12T00:00:00+01:00,-4.661
2018-01-12T06:00:00+01:00,-4.669
2018-01-12T12:00:00+01:00,-4.674
2018-01-12T18:00:00+01:00,-4.676
2018-01-13T00:00:00+01:00,-4.676
2018-01-13T06:00:00+01:00,-4.677
2018-01-13T12:00:00+01:00,-4.679
2018-01-13T18:00:00+01:00,-4.68
2018-01-14T00:00:00+01:00,-4.678
2018-01-14T06:00:00+01:00,-4.674
2018-01-14T12:00:00+01:00,-4.678
2018-01-14T18:00:00+01:00,-4.68
2018-01-15T00:00:00+01:00,-4.676
2018-01-15T06:00:00+01:00,-4.674
2018-01-15T12:00:00+01:00,-4.654
2018-01-15T18:00:00+01:00,-4.618
2018-01-16T00:00:00+01:00,-4.603
2018-01-16T06:00:00+01:00,-4.602
2018-01-16T12:00:00+01:00,-4.6
2018-01-16T18:00:00+01:00,-4.601
2018-01-17T00:00:00+01:00,-4.603
2018-01-17T06:00:00+01:00,-4.601
2018-01-17T12:00:00+01:00,-4.603
2018-01-17T18:00:00+01:00,-4.611
2018-01-18T00:00:00+01:00,-4.623
2018-01-18T06:00:00+01:00,-4.609
2018-01-18T12:00:00+01:00,-4.578
2018-01-18T18:00:00+01:00,-4.596
2018-01-19T00:00:00+01:00,-4.609
2018-01-19T06:00:00+01:00,-4.609
2018-01-19T12:00:00+01:00,-4.614
2018-01-19T18:00:00+01:00,-4.617
2018-01-20T00:00:00+01:00,-4.618
2018-01-20T06:00:00+01:00,-4.617
2018-01-20T12:00:00+01:00,-4.616
2018-01-20T18:00:00+01:00,-4.606
2018-01-21T00:00:00+01:00,-4.602
2018-01-21T06:00:00+01:00,-4.605
2018-01-21T12:00:00+01:00,-4.614
2018-01-21T18:00:00+01:00,-4.623
2018-01-22T00:00:00+01:00,-4.622
2018-01-22T06:00:00+01:00,-4.61
2018-01-22T12:00:00+01:00,-4.605
2018-01-22T18:00:00+01:00,-4.608
2018-01-23T00:00:00+01:00,-4.618
2018-01-23T06:00:00+01:00,-4.632
2018-01-23T12:00:00+01:00,-4.634
2018-01-23T18:00:00+01:00,-4.634
2018-01-24T00:00:00+01:00,-4.632
2018-01-24T06:00:00+01:00,-4.635
2018-01-24T12:00:00+01:00,-4.636
2018-01-24T18:00:00+01:00,-4.637
2018-01-25T00:00:00+01:00,-4.653
2018-01-25T06:00:00+01:00,-4.677
2018-01-25T12:00:00+01:00,-4.696
2018-01-25T18:00:00+01:00,-4.716
2018-01-26T00:00:00+01:00,-4.75
2018-01-26T06:00:00+01:00,-4.788
2018-01-26T12:00:00+01:00,-4.823
2018-01-26T18:00:00+01:00,-4.857
2018-01-27T00:00:00+01:00,-4.891
2018-01-27T06:00:00+01:00,-4.914
2018-01-27T12:00:00+01:00,-4.931
2018-01-27T18:00:00+01:00,-4.937
2018-01-28T00:00:00+01:00,-4.939
2018-01-28T06:00:00+01:00,-4.943
2018-01-28T12:00:00+01:00,-4.958
2018-01-28T18:00:00+01:00,-4.966
2018-01-29T00:00:00+01:00,-4.974
2018-01-29T06:00:00+01:00,-4.977
2018-01-29T12:00:00+01:00,-4.971
2018-01-29T18:00:00+01:00,-4.975
2018-01-30T00:00:00+01:00,-4.983
2018-01-30T06:00:00+01:00,-4.993
2018-01-30T12:00:00+01:00,-4.999
2018-01-30T18:00:00+01:00,-4.997
2018-01-31T00:00:00+01:00,-4.996
2018-01-31T06:00:00+01:00,-4.969
2018-01-31T12:00:00+01:00,-4.955
2018-01-31T18:00:00+01:00,-4.943
2018-02-01T00:00:00+01:00,-4.942
2018-02-01T06:00:00+01:00,-4.939
2018-02-01T12:00:00+01:00,-4.94
2018-02-01T18:00:00+01:00,-4.939
2018-02-02T00:00:00+01:00,-4.939
2018-02-02T06:00:00+01:00,-4.94
2018-02-02T12:00:00+01:00,-4.942
2018-02-02T18:00:00+01:00,-4.948
2018-02-03T00:00:00+01:00,-4.963
2018-02-03T06:00:00+01:00,-4.965
2018-02-03T12:00:00+01:00,-4.965
2018-02-03T18:00:00+01:00,-4.968
2018-02-04T00:00:00+01:00,-4.966
2018-02-04T06:00:00+01:00,-4.973
2018-02-04T12:00:00+01:00,-4.987
2018-02-04T18:00:00+01:00,-4.998
2018-02-05T00:00:00+01:00,-5.009
2018-02-05T06:00:00+01:00,-5.009
2018-02-05T12:00:00+01:00,-5.01
2018-02-05T18:00:00+01:00,-5.01
2018-02-06T00:00:00+01:00,-5.013
2018-02-06T06:00:00+01:00,-5.011
2018-02-06T12:00:00+01:00,-5.004
2018-02-06T18:00:00+01:00,-4.999
2018-02-07T00:00:00+01:00,-5.001
2018-02-07T06:00:00+01:00,-5.001
2018-02-07T12:00:00+01:00,-5.017
2018-02-07T18:00:00+01:00,-5.029
2018-02-08T00:00:00+01:00,-5.049
2018-02-08T06:00:00+01:00,-5.065
2018-02-08T12:00:00+01:00,-5.075
2018-02-08T18:00:00+01:00,-5.081
2018-02-09T00:00:00+01:00,-5.087
2018-02-09T06:00:00+01:00,-5.086
2018-02-09T12:00:00+01:00,-5.087
2018-02-09T18:00:00+01:00,-5.086
2018-02-10T00:00:00+01:00,-5.087
2018-02-10T06:00:00+01:00,-5.1
2018-02-10T12:00:00+01:00,-5.105
2018-02-10T18:00:00+01:00,-5.109
2018-02-11T00:00:00+01:00,-5.111
2018-02-11T06:00:00+01:00,-5.088
2018-02-11T12:00:00+01:00,-5.082
2018-02-11T18:00:00+01:00,-5.083
2018-02-12T00:00:00+01:00,-5.089
2018-02-12T06:00:00+01:00,-5.104
2018-02-12T12:00:00+01:00,-5.121
2018-02-12T18:00:00+01:00,-5.129
2018-02-13T00:00:00+01:00,-5.134
2018-02-13T06:00:00+01:00,-5.134
2018-02-13T12:00:00+01:00,-5.134
2018-02-13T18:00:00+01:00,-5.135
2018-02-14T00:00:00+01:00,-5.132
2018-02-14T06:00:00+01:00,-5.135
2018-02-14T12:00:00+01:00,-5.138
2018-02-14T18:00:00+01:00,-5.138
2018-02-15T00:00:00+01:00,-5.137
2018-02-15T06:00:00+01:00,-5.136
2018-02-15T12:00:00+01:00,-5.135
2018-02-15T18:00:00+01:00,-5.138
2018-02-16T00:00:00+01:00,-5.144
2018-02-16T06:00:00+01:00,-5.157
2018-02-16T12:00:00+01:00,-5.17
2018-02-16T18:00:00+01:00,-5.176
2018-02-17T00:00:00+01:00,-5.179
2018-02-17T06:00:00+01:00,-5.181
2018-02-17T12:00:00+01:00,-5.18
2018-02-17T18:00:00+01:00,-5.181
2018-02-18T00:00:00+01:00,-5.181
2018-02-18T06:00:00+01:00,-5.184
2018-02-18T12:00:00+01:00,-5.181
2018-02-18T18:00:00+01:00,-5.182
2018-02-19T00:00:00+01:00,-5.181
2018-02-19T06:00:00+01:00,-5.18
2018-02-19T12:00:00+01:00,-5.181
2018-02-19T18:00:00+01:00,-5.181
2018-02-20T00:00:00+01:00,-5.18
2018-02-20T06:00:00+01:00,-5.18
2018-02-20T12:00:00+01:00,-5.18
2018-02-20T18:00:00+01:00,-5.181
2018-02-21T00:00:00+01:00,-5.18
2018-02-21T06:00:00+01:00,-5.186
2018-02-21T12:00:00+01:00,-5.194
2018-02-21T18:00:00+01:00,-5.192
2018-02-22T00:00:00+01:00,-5.193
2018-02-22T06:00:00+01:00,-5.193
2018-02-22T12:00:00+01:00,-5.192
2018-02-22T18:00:00+01:00,-5.196
2018-02-23T00:00:00+01:00,-5.196
2018-02-23T06:00:00+01:00,-5.197
2018-02-23T12:00:00+01:00,-5.196
2018-02-23T18:00:00+01:00,-5.197
2018-02-24T00:00:00+01:00,-5.197
2018-02-24T06:00:00+01:00,-5.2
2018-02-24T12:00:00+01:00,-5.198
2018-02-24T18:00:00+01:00,-5.207
2018-02-25T00:00:00+01:00,-5.215
2018-02-25T06:00:00+01:00,-5.219
2018-02-25T12:00:00+01:00,-5.219
2018-02-25T18:00:00+01:00,-5.223
2018-02-26T00:00:00+01:00,-5.225
2018-02-26T06:00:00+01:00,-5.221
2018-02-26T12:00:00+01:00,-5.223
2018-02-26T18:00:00+01:00,-5.223
2018-02-27T00:00:00+01:00,-5.223
2018-02-27T06:00:00+01:00,-5.222
2018-02-27T12:00:00+01:00,-5.222
2018-02-27T18:00:00+01:00,-5.221
2018-02-28T00:00:00+01:00,-5.22
2018-02-28T06:00:00+01:00,-5.222
2018-02-28T12:00:00+01:00,-5.22
2018-02-28T18:00:00+01:00,-5.221
2018-03-01T00:00:00+01:00,-5.216
2018-03-01T06:00:00+01:00,-5.209
2018-03-01T12:00:00+01:00,-5.201
2018-03-01T18:00:00+01:00,-5.189
2018-03-02T00:00:00+01:00,-5.185
2018-03-02T06:00:00+01:00,-5.178
2018-03-02T12:00:00+01:00,-5.175
2018-03-02T18:00:00+01:00,-5.176
2018-03-03T00:00:00+01:00,-5.175
2018-03-03T06:00:00+01:00,-5.173
2018-03-03T12:00:00+01:00,-5.176
2018-03-03T18:00:00+01:00,-5.176
2018-03-04T00:00:00+01:00,-5.177
2018-03-04T06:00:00+01:00,-5.177
2018-03-04T12:00:00+01:00,-5.178
2018-03-04T18:00:00+01:00,-5.177
2018-03-05T00:00:00+01:00,-5.177
2018-03-05T06:00:00+01:00,-5.178
2018-03-05T12:00:00+01:00,-5.176
2018-03-05T18:00:00+01:00,-5.179
2018-03-06T00:00:00+01:00,-5.175
2018-03-06T06:00:00+01:00,-5.18
2018-03-06T12:00:00+01:00,-5.18
2018-03-06T18:00:00+01:00,-5.18
2018-03-07T00:00:00+01:00,-5.18
2018-03-07T06:00:00+01:00,-5.179
2018-03-07T12:00:00+01:00,-5.184
2018-03-07T18:00:00+01:00,-5.191
2018-03-08T00:00:00+01:00,-5.197
2018-03-08T06:00:00+01:00,-5.201
2018-03-08T12:00:00+01:00,-5.203
2018-03-08T18:00:00+01:00,-5.2
2018-03-09T00:00:00+01:00,-5.201
2018-03-09T06:00:00+01:00,-5.212
2018-03-09T12:00:00+01:00,-5.22
2018-03-09T18:00:00+01:00,-5.222
2018-03-10T00:00:00+01:00,-5.221
2018-03-10T06:00:00+01:00,-5.218
2018-03-10T12:00:00+01:00,-5.212
2018-03-10T18:00:00+01:00,-5.21
2018-03-11T00:00:00+01:00,-5.207
2018-03-11T06:00:00+01:00,-5.204
2018-03-11T12:00:00+01:00,-5.187
2018-03-11T18:00:00+01:00,-5.179
2018-03-12T00:00:00+01:00,-5.175
2018-03-12T06:00:00+01:00,-5.173
2018-03-12T12:00:00+01:00,-5.167
2018-03-12T18:00:00+01:00,-5.165
2018-03-13T00:00:00+01:00,-5.165
2018-03-13T06:00:00+01:00,-5.161
2018-03-13T12:00:00+01:00,-5.165
2018-03-13T18:00:00+01:00,-5.18
2018-03-14T00:00:00+01:00,-5.194
2018-03-14T06:00:00+01:00,-5.197
2018-03-14T12:00:00+01:00,-5.198
2018-03-14T18:00:00+01:00,-5.196
2018-03-15T00:00:00+01:00,-5.189
2018-03-15T06:00:00+01:00,-5.172
2018-03-15T12:00:00+01:00,-5.161
2018-03-15T18:00:00+01:00,-5.145
2018-03-16T00:00:00+01:00,-5.144
2018-03-16T06:00:00+01:00,-5.144
2018-03-16T12:00:00+01:00,-5.145
2018-03-16T18:00:00+01:00,-5.157
2018-03-17T00:00:00+01:00,-5.17
2018-03-17T06:00:00+01:00,-5.179
2018-03-17T12:00:00+01:00,-5.179
2018-03-17T18:00:00+01:00,-5.18
2018-03-18T00:00:00+01:00,-5.18
2018-03-18T06:00:00+01:00,-5.183
2018-03-18T12:00:00+01:00,-5.182
2018-03-18T18:00:00+01:00,-5.185
2018-03-19T00:00:00+01:00,-5.193
2018-03-19T06:00:00+01:00,-5.199
2018-03-19T12:00:00+01:00,-5.198
2018-03-19T18:00:00+01:00,-5.202
2018-03-20T00:00:00+01:00,-5.213
2018-03-20T06:00:00+01:00,-5.217
2018-03-20T12:00:00+01:00,-5.221
2018-03-20T18:00:00+01:00,-5.235
2018-03-21T00:00:00+01:00,-5.248
2018-03-21T06:00:00+01:00,-5.252
2018-03-21T12:00:00+01:00,-5.252
2018-03-21T18:00:00+01:00,-5.253
2018-03-22T00:00:00+01:00,-5.25
2018-03-22T06:00:00+01:00,-5.232
2018-03-22T12:00:00+01:00,-5.222
2018-03-22T18:00:00+01:00,-5.221
2018-03-23T00:00:00+01:00,-5.218
2018-03-23T06:00:00+01:00,-5.212
2018-03-23T12:00:00+01:00,-5.202
2018-03-23T18:00:00+01:00,-5.194
2018-03-24T00:00:00+01:00,-5.193
2018-03-24T06:00:00+01:00,-5.192
2018-03-24T12:00:00+01:00,-5.194
2018-03-24T18:00:00+01:00,-5.192
2018-03-25T00:00:00+01:00,-5.193
2018-03-25T07:00:00+02:00,-5.194
2018-03-25T13:00:00+02:00,-5.21
2018-03-25T19:00:00+02:00,-5.22
2018-03-26T01:00:00+02:00,-5.229
2018-03-26T07:00:00+02:00,-5.23
2018-03-26T13:00:00+02:00,-5.239
2018-03-26T19:00:00+02:00,-5.237
2018-03-27T01:00:00+02:00,-5.24
2018-03-27T07:00:00+02:00,-5.238
2018-03-27T13:00:00+02:00,-5.237
2018-03-27T19:00:00+02:00,-5.233
2018-03-28T01:00:00+02:00,-5.224
2018-03-28T07:00:00+02:00,-5.221
2018-03-28T13:00:00+02:00,-5.217
2018-03-28T19:00:00+02:00,-5.203
2018-03-29T01:00:00+02:00,-5.2
2018-03-29T07:00:00+02:00,-5.2
2018-03-29T13:00:00+02:00,-5.201
2018-03-29T19:00:00+02:00,-5.204
2018-03-30T01:00:00+02:00,-5.202
2018-03-30T07:00:00+02:00,-5.203
2018-03-30T13:00:00+02:00,-5.202
2018-03-30T19:00:00+02:00,-5.2
2018-03-31T01:00:00+02:00,-5.194
2018-03-31T07:00:00+02:00,-5.192
2018-03-31T13:00:00+02:00,-5.192
2018-03-31T19:00:00+02:00,-5.192
2018-04-01T01:00:00+02:00,-5.194
2018-04-01T07:00:00+02:00,-5.195
2018-04-01T13:00:00+02:00,-5.201
2018-04-01T19:00:00+02:00,-5.219
2018-04-02T01:00:00+02:00,-5.219
2018-04-02T07:00:00+02:00,-5.22
2018-04-02T13:00:00+02:00,-5.219
2018-04-02T19:00:00+02:00,-5.201
2018-04-03T01:00:00+02:00,-5.195
2018-04-03T07:00:00+02:00,-5.195
2018-04-03T13:00:00+02:00,-5.193
2018-04-03T19:00:00+02:00,-5.196
2018-04-04T01:00:00+02:00,-5.19
2018-04-04T07:00:00+02:00,-5.191
2018-04-04T13:00:00+02:00,-5.183
2018-04-04T19:00:00+02:00,-5.173
2018-04-05T01:00:00+02:00,-5.171
2018-04-05T07:00:00+02:00,-5.163
2018-04-05T13:00:00+02:00,-5.165
2018-04-05T19:00:00+02:00,-5.185
2018-04-06T01:00:00+02:00,-5.194
2018-04-06T07:00:00+02:00,-5.197
2018-04-06T13:00:00+02:00,-5.198
2018-04-06T19:00:00+02:00,-5.186
2018-04-07T01:00:00+02:00,-5.173
2018-04-07T07:00:00+02:00,-5.165
2018-04-07T13:00:00+02:00,-5.163
2018-04-07T19:00:00+02:00,-5.161
2018-04-08T01:00:00+02:00,-5.16
2018-04-08T07:00:00+02:00,-5.161
2018-04-08T13:00:00+02:00,-5.16
2018-04-08T19:00:00+02:00,-5.162
2018-04-09T01:00:00+02:00,-5.161
2018-04-09T07:00:00+02:00,-5.159
2018-04-09T13:00:00+02:00,-5.16
2018-04-09T19:00:00+02:00,-5.161
2018-04-10T01:00:00+02:00,-5.158
2018-04-10T07:00:00+02:00,-5.159
2018-04-10T13:00:00+02:00,-5.162
2018-04-10T19:00:00+02:00,-5.158
2018-04-11T01:00:00+02:00,-5.159
2018-04-11T07:00:00+02:00,-5.159
2018-04-11T13:00:00+02:00,-5.16
2018-04-11T19:00:00+02:00,-5.161
2018-04-12T01:00:00+02:00,-5.161
2018-04-12T07:00:00+02:00,-5.161
2018-04-12T13:00:00+02:00,-5.161
2018-04-12T19:00:00+02:00,-5.164
2018-04-13T01:00:00+02:00,-5.163
2018-04-13T07:00:00+02:00,-5.167
2018-04-13T13:00:00+02:00,-5.177
2018-04-13T19:00:00+02:00,-5.193
2018-04-14T01:00:00+02:00,-5.205
2018-04-14T07:00:00+02:00,-5.215
2018-04-14T13:00:00+02:00,-5.218
2018-04-14T19:00:00+02:00,-5.221
2018-04-15T01:00:00+02:00,-5.222
2018-04-15T07:00:00+02:00,-5.221
2018-04-15T13:00:00+02:00,-5.22
2018-04-15T19:00:00+02:00,-5.221
2018-04-16T01:00:00+02:00,-5.215
2018-04-16T07:00:00+02:00,-5.215
2018-04-16T13:00:00+02:00,-5.213
2018-04-16T19:00:00+02:00,-5.215
2018-04-17T01:00:00+02:00,-5.217
2018-04-17T07:00:00+02:00,-5.221
2018-04-17T13:00:00+02:00,-5.224
2018-04-17T19:00:00+02:00,-5.224
2018-04-18T01:00:00+02:00,-5.224
2018-04-18T07:00:00+02:00,-5.232
2018-04-18T13:00:00+02:00,-5.232
2018-04-18T19:00:00+02:00,-5.234
2018-04-19T01:00:00+02:00,-5.232
2018-04-19T07:00:00+02:00,-5.233
2018-04-19T13:00:00+02:00,-5.235
2018-04-19T19:00:00+02:00,-5.234
2018-04-20T01:00:00+02:00,-5.232
2018-04-20T07:00:00+02:00,-5.228
2018-04-20T13:00:00+02:00,-5.222
2018-04-20T19:00:00+02:00,-5.222
2018-04-21T01:00:00+02:00,-5.222
2018-04-21T07:00:00+02:00,-5.222
2018-04-21T13:00:00+02:00,-5.221
2018-04-21T19:00:00+02:00,-5.221
2018-04-22T01:00:00+02:00,-5.22
2018-04-22T07:00:00+02:00,-5.213
2018-04-22T13:00:00+02:00,-5.199
2018-04-22T19:00:00+02:00,-5.193
2018-04-23T01:00:00+02:00,-5.194
2018-04-23T07:00:00+02:00,-5.194
2018-04-23T13:00:00+02:00,-5.194
2018-04-23T19:00:00+02:00,-5.193
2018-04-24T01:00:00+02:00,-5.194
2018-04-24T07:00:00+02:00,-5.194
2018-04-24T13:00:00+02:00,-5.197
2018-04-24T19:00:00+02:00,-5.196
2018-04-25T01:00:00+02:00,-5.199
2018-04-25T07:00:00+02:00,-5.191
2018-04-25T13:00:00+02:00,-5.196
2018-04-25T19:00:00+02:00,-5.196
2018-04-26T01:00:00+02:00,-5.197
2018-04-26T07:00:00+02:00,-5.197
2018-04-26T13:00:00+02:00,-5.196
2018-04-26T19:00:00+02:00,-5.197
2018-04-27T01:00:00+02:00,-5.198
2018-04-27T07:00:00+02:00,-5.201
2018-04-27T13:00:00+02:00,-5.198
2018-04-27T19:00:00+02:00,-5.2
2018-04-28T01:00:00+02:00,-5.201
2018-04-28T07:00:00+02:00,-5.199
2018-04-28T13:00:00+02:00,-5.2
2018-04-28T19:00:00+02:00,-5.199
2018-04-29T01:00:00+02:00,-5.201
2018-04-29T07:00:00+02:00,-5.199
2018-04-29T13:00:00+02:00,-5.2
2018-04-29T19:00:00+02:00,-5.198
2018-04-30T01:00:00+02:00,-5.196
2018-04-30T07:00:00+02:00,-5.166
2018-04-30T13:00:00+02:00,-5.162
2018-04-30T19:00:00+02:00,-5.155
2018-05-01T01:00:00+02:00,-5.147
2018-05-01T07:00:00+02:00,-5.145
2018-05-01T13:00:00+02:00,-5.146
2018-05-01T19:00:00+02:00,-5.145
2018-05-02T01:00:00+02:00,-5.145
2018-05-02T07:00:00+02:00,-5.146
2018-05-02T13:00:00+02:00,-5.142
2018-05-02T19:00:00+02:00,-5.127
2018-05-03T01:00:00+02:00,-5.126
2018-05-03T07:00:00+02:00,-5.126
2018-05-03T13:00:00+02:00,-5.128
2018-05-03T19:00:00+02:00,-5.134
2018-05-04T01:00:00+02:00,-5.145
2018-05-04T07:00:00+02:00,-5.15
2018-05-04T13:00:00+02:00,-5.15
2018-05-04T19:00:00+02:00,-5.155
2018-05-05T01:00:00+02:00,-5.159
2018-05-05T07:00:00+02:00,-5.164
2018-05-05T13:00:00+02:00,-5.166
2018-05-05T19:00:00+02:00,-5.169
2018-05-06T01:00:00+02:00,-5.167
2018-05-06T07:00:00+02:00,-5.169
2018-05-06T13:00:00+02:00,-5.169
2018-05-06T19:00:00+02:00,-5.169
2018-05-07T01:00:00+02:00,-5.168
2018-05-07T07:00:00+02:00,-5.169
2018-05-07T13:00:00+02:00,-5.169
2018-05-07T19:00:00+02:00,-5.17
2018-05-08T01:00:00+02:00,-5.168
2018-05-08T07:00:00+02:00,-5.169
2018-05-08T13:00:00+02:00,-5.168
2018-05-08T19:00:00+02:00,-5.159
2018-05-09T01:00:00+02:00,-5.154
2018-05-09T07:00:00+02:00,-5.154
2018-05-09T13:00:00+02:00,-5.154
2018-05-09T19:00:00+02:00,-5.155
2018-05-10T01:00:00+02:00,-5.153
2018-05-10T07:00:00+02:00,-5.154
2018-05-10T13:00:00+02:00,-5.152
2018-05-10T19:00:00+02:00,-5.166
2018-05-11T01:00:00+02:00,-5.183
2018-05-11T07:00:00+02:00,-5.191
2018-05-11T13:00:00+02:00,-5.192
2018-05-11T19:00:00+02:00,-5.191
2018-05-12T01:00:00+02:00,-5.191
2018-05-12T07:00:00+02:00,-5.18
2018-05-12T13:00:00+02:00,-5.174
2018-05-12T19:00:00+02:00,-5.167
2018-05-13T01:00:00+02:00,-5.16
2018-05-13T07:00:00+02:00,-5.155
2018-05-13T13:00:00+02:00,-5.153
2018-05-13T19:00:00+02:00,-5.155
2018-05-14T01:00:00+02:00,-5.152
2018-05-14T07:00:00+02:00,-5.153
2018-05-14T13:00:00+02:00,-5.155
2018-05-14T19:00:00+02:00,-5.157
2018-05-15T01:00:00+02:00,-5.154
2018-05-15T07:00:00+02:00,-5.154
2018-05-15T13:00:00+02:00,-5.155
2018-05-15T19:00:00+02:00,-5.156
2018-05-16T01:00:00+02:00,-5.163
2018-05-16T07:00:00+02:00,-5.167
2018-05-16T13:00:00+02:00,-5.178
2018-05-16T19:00:00+02:00,-5.184
2018-05-17T01:00:00+02:00,-5.195
2018-05-17T07:00:00+02:00,-5.196
2018-05-17T13:00:00+02:00,-5.196
2018-05-17T19:00:00+02:00,-5.201
2018-05-18T01:00:00+02:00,-5.201
2018-05-18T07:00:00+02:00,-5.203
2018-05-18T13:00:00+02:00,-5.203
2018-05-18T19:00:00+02:00,-5.205
2018-05-19T01:00:00+02:00,-5.202
2018-05-19T07:00:00+02:00,-5.205
2018-05-19T13:00:00+02:00,-5.205
2018-05-19T19:00:00+02:00,-5.205
2018-05-20T01:00:00+02:00,-5.207
2018-05-20T07:00:00+02:00,-5.208
2018-05-20T13:00:00+02:00,-5.206
2018-05-20T19:00:00+02:00,-5.208
2018-05-21T01:00:00+02:00,-5.207
2018-05-21T07:00:00+02:00,-5.207
2018-05-21T13:00:00+02:00,-5.206
2018-05-21T19:00:00+02:00,-5.207
2018-05-22T01:00:00+02:00,-5.197
2018-05-22T07:00:00+02:00,-5.196
2018-05-22T13:00:00+02:00,-5.196
2018-05-22T19:00:00+02:00,-5.196
2018-05-23T01:00:00+02:00,-5.195
2018-05-23T07:00:00+02:00,-5.195
2018-05-23T13:00:00+02:00,-5.194
2018-05-23T19:00:00+02:00,-5.194
2018-05-24T01:00:00+02:00,-5.194
2018-05-24T07:00:00+02:00,-5.195
2018-05-24T13:00:00+02:00,-5.195
2018-05-24T19:00:00+02:00,-5.193
2018-05-25T01:00:00+02:00,-5.192
2018-05-25T07:00:00+02:00,-5.19
2018-05-25T13:00:00+02:00,-5.192
2018-05-25T19:00:00+02:00,-5.191
2018-05-26T01:00:00+02:00,-5.192
2018-05-26T07:00:00+02:00,-5.193
2018-05-26T13:00:00+02:00,-5.192
2018-05-26T19:00:00+02:00,-5.192
2018-05-27T01:00:00+02:00,-5.191
2018-05-27T07:00:00+02:00,-5.192
2018-05-27T13:00:00+02:00,-5.193
2018-05-27T19:00:00+02:00,-5.193
2018-05-28T01:00:00+02:00,-5.192
2018-05-28T07:00:00+02:00,-5.192
2018-05-28T13:00:00+02:00,-5.192
2018-05-28T19:00:00+02:00,-5.191
2018-05-29T01:00:00+02:00,-5.191
2018-05-29T07:00:00+02:00,-5.19
2018-05-29T13:00:00+02:00,-5.191
2018-05-29T19:00:00+02:00,-5.187
2018-05-30T01:00:00+02:00,-5.187
2018-05-30T07:00:00+02:00,-5.189
2018-05-30T13:00:00+02:00,-5.191
2018-05-30T19:00:00+02:00,-5.19
2018-05-31T01:00:00+02:00,-5.189
2018-05-31T07:00:00+02:00,-5.19
2018-05-31T13:00:00+02:00,-5.189
2018-05-31T19:00:00+02:00,-5.192
2018-06-01T01:00:00+02:00,-5.193
2018-06-01T07:00:00+02:00,-5.194
2018-06-01T13:00:00+02:00,-5.203
2018-06-01T19:00:00+02:00,-5.207
2018-06-02T01:00:00+02:00,-5.208
2018-06-02T07:00:00+02:00,-5.211
2018-06-02T13:00:00+02:00,-5.218
2018-06-02T19:00:00+02:00,-5.218
2018-06-03T01:00:00+02:00,-5.22
2018-06-03T07:00:00+02:00,-5.22
2018-06-03T13:00:00+02:00,-5.22
2018-06-03T19:00:00+02:00,-5.22
2018-06-04T01:00:00+02:00,-5.219
2018-06-04T07:00:00+02:00,-5.219
2018-06-04T13:00:00+02:00,-5.222
2018-06-04T19:00:00+02:00,-5.223
2018-06-05T01:00:00+02:00,-5.223
2018-06-05T07:00:00+02:00,-5.222
2018-06-05T13:00:00+02:00,-5.222
2018-06-05T19:00:00+02:00,-5.222
2018-06-06T01:00:00+02:00,-5.223
2018-06-06T07:00:00+02:00,-5.224
2018-06-06T13:00:00+02:00,-5.224
2018-06-06T19:00:00+02:00,-5.226
2018-06-07T01:00:00+02:00,-5.225
2018-06-07T07:00:00+02:00,-5.227
2018-06-07T13:00:00+02:00,-5.227
2018-06-07T19:00:00+02:00,-5.224
2018-06-08T01:00:00+02:00,-5.226
2018-06-08T07:00:00+02:00,-5.226
2018-06-08T13:00:00+02:00,-5.228
2018-06-08T19:00:00+02:00,-5.23
2018-06-09T01:00:00+02:00,-5.228
2018-06-09T07:00:00+02:00,-5.228
2018-06-09T13:00:00+02:00,-5.228
2018-06-09T19:00:00+02:00,-5.23
2018-06-10T01:00:00+02:00,-5.226
2018-06-10T07:00:00+02:00,-5.228
2018-06-10T13:00:00+02:00,-5.228
2018-06-10T19:00:00+02:00,-5.228
2018-06-11T01:00:00+02:00,-5.227
2018-06-11T07:00:00+02:00,-5.227
2018-06-11T13:00:00+02:00,-5.221
2018-06-11T19:00:00+02:00,-5.222
2018-06-12T01:00:00+02:00,-5.22
2018-06-12T07:00:00+02:00,-5.219
2018-06-12T13:00:00+02:00,-5.219
2018-06-12T19:00:00+02:00,-5.217
2018-06-13T01:00:00+02:00,-5.217
2018-06-13T07:00:00+02:00,-5.219
2018-06-13T13:00:00+02:00,-5.218
2018-06-13T19:00:00+02:00,-5.219
2018-06-14T01:00:00+02:00,-5.218
2018-06-14T07:00:00+02:00,-5.219
2018-06-14T13:00:00+02:00,-5.218
2018-06-14T19:00:00+02:00,-5.219
2018-06-15T01:00:00+02:00,-5.217
2018-06-15T07:00:00+02:00,-5.216
2018-06-15T13:00:00+02:00,-5.217
2018-06-15T19:00:00+02:00,-5.217
2018-06-16T01:00:00+02:00,-5.217
2018-06-16T07:00:00+02:00,-5.219
2018-06-16T13:00:00+02:00,-5.215
2018-06-16T19:00:00+02:00,-5.215
2018-06-17T01:00:00+02:00,-5.215
2018-06-17T07:00:00+02:00,-5.215
2018-06-17T13:00:00+02:00,-5.216
2018-06-17T19:00:00+02:00,-5.215
2018-06-18T01:00:00+02:00,-5.215
2018-06-18T07:00:00+02:00,-5.216
2018-06-18T13:00:00+02:00,-5.216
2018-06-18T19:00:00+02:00,-5.216
2018-06-19T01:00:00+02:00,-5.216
2018-06-19T07:00:00+02:00,-5.216
2018-06-19T13:00:00+02:00,-5.219
2018-06-19T19:00:00+02:00,-5.22
2018-06-20T01:00:00+02:00,-5.221
2018-06-20T07:00:00+02:00,-5.219
2018-06-20T13:00:00+02:00,-5.219
2018-06-20T19:00:00+02:00,-5.218
2018-06-21T01:00:00+02:00,-5.219
2018-06-21T07:00:00+02:00,-5.219
2018-06-21T13:00:00+02:00,-5.217
2018-06-21T19:00:00+02:00,-5.219
2018-06-22T01:00:00+02:00,-5.216
2018-06-22T07:00:00+02:00,-5.217
2018-06-22T13:00:00+02:00,-5.221
2018-06-22T19:00:00+02:00,-5.227
2018-06-23T01:00:00+02:00,-5.23
2018-06-23T07:00:00+02:00,-5.232
2018-06-23T13:00:00+02:00,-5.23
2018-06-23T19:00:00+02:00,-5.231
2018-06-24T01:00:00+02:00,-5.231
2018-06-24T07:00:00+02:00,-5.232
2018-06-24T13:00:00+02:00,-5.231
2018-06-24T19:00:00+02:00,-5.232
2018-06-25T01:00:00+02:00,-5.234
2018-06-25T07:00:00+02:00,-5.231
2018-06-25T13:00:00+02:00,-5.231
2018-06-25T19:00:00+02:00,-5.232
2018-06-26T01:00:00+02:00,-5.231
2018-06-26T07:00:00+02:00,-5.23
2018-06-26T13:00:00+02:00,-5.234
2018-06-26T19:00:00+02:00,-5.233
2018-06-27T01:00:00+02:00,-5.233
2018-06-27T07:00:00+02:00,-5.232
2018-06-27T13:00:00+02:00,-5.233
2018-06-27T19:00:00+02:00,-5.234
2018-06-28T01:00:00+02:00,-5.235
2018-06-28T07:00:00+02:00,-5.235
2018-06-28T13:00:00+02:00,-5.235
2018-06-28T19:00:00+02:00,-5.235
2018-06-29T01:00:00+02:00,-5.235
2018-06-29T07:00:00+02:00,-5.232
2018-06-29T13:00:00+02:00,-5.234
2018-06-29T19:00:00+02:00,-5.234
2018-06-30T01:00:00+02:00,-5.234
2018-06-30T07:00:00+02:00,-5.232
2018-06-30T13:00:00+02:00,-5.233
2018-06-30T19:00:00+02:00,-5.234
2018-07-01T01:00:00+02:00,-5.234
2018-07-01T07:00:00+02:00,-5.233
2018-07-01T13:00:00+02:00,-5.236
2018-07-01T19:00:00+02:00,-5.233
2018-07-02T01:00:00+02:00,-5.231
2018-07-02T07:00:00+02:00,-5.232
2018-07-02T13:00:00+02:00,-5.232
2018-07-02T19:00:00+02:00,-5.234
2018-07-03T01:00:00+02:00,-5.235
2018-07-03T07:00:00+02:00,-5.235
2018-07-03T13:00:00+02:00,-5.237
2018-07-03T19:00:00+02:00,-5.236
2018-07-04T01:00:00+02:00,-5.237
2018-07-04T07:00:00+02:00,-5.236
2018-07-04T13:00:00+02:00,-5.237
2018-07-04T19:00:00+02:00,-5.238
2018-07-05T01:00:00+02:00,-5.237
2018-07-05T07:00:00+02:00,-5.238
2018-07-05T13:00:00+02:00,-5.239
2018-07-05T19:00:00+02:00,-5.24
2018-07-06T01:00:00+02:00,-5.241
2018-07-06T07:00:00+02:00,-5.242
2018-07-06T13:00:00+02:00,-5.247
2018-07-06T19:00:00+02:00,-5.251
2018-07-07T01:00:00+02:00,-5.258
2018-07-07T07:00:00+02:00,-5.256
2018-07-07T13:00:00+02:00,-5.264
2018-07-07T19:00:00+02:00,-5.265
2018-07-08T01:00:00+02:00,-5.265
2018-07-08T07:00:00+02:00,-5.266
2018-07-08T13:00:00+02:00,-5.264
2018-07-08T19:00:00+02:00,-5.266
2018-07-09T01:00:00+02:00,-5.266
2018-07-09T07:00:00+02:00,-5.267
2018-07-09T13:00:00+02:00,-5.267
2018-07-09T19:00:00+02:00,-5.268
2018-07-10T01:00:00+02:00,-5.267
2018-07-10T07:00:00+02:00,-5.264
2018-07-10T13:00:00+02:00,-5.264
2018-07-10T19:00:00+02:00,-5.265
2018-07-11T01:00:00+02:00,-5.265
2018-07-11T07:00:00+02:00,-5.265
2018-07-11T13:00:00+02:00,-5.265
2018-07-11T19:00:00+02:00,-5.264
2018-07-12T01:00:00+02:00,-5.262
2018-07-12T07:00:00+02:00,-5.263
2018-07-12T13:00:00+02:00,-5.261
2018-07-12T19:00:00+02:00,-5.263
2018-07-13T01:00:00+02:00,-5.262
2018-07-13T07:00:00+02:00,-5.262
2018-07-13T13:00:00+02:00,-5.261
2018-07-13T19:00:00+02:00,-5.263
2018-07-14T01:00:00+02:00,-5.264
2018-07-14T07:00:00+02:00,-5.263
2018-07-14T13:00:00+02:00,-5.264
2018-07-14T19:00:00+02:00,-5.266
2018-07-15T01:00:00+02:00,-5.263
2018-07-15T07:00:00+02:00,-5.262
2018-07-15T13:00:00+02:00,-5.264
2018-07-15T19:00:00+02:00,-5.263
2018-07-16T01:00:00+02:00,-5.26
2018-07-16T07:00:00+02:00,-5.261
2018-07-16T13:00:00+02:00,-5.262
2018-07-16T19:00:00+02:00,-5.259
2018-07-17T01:00:00+02:00,-5.258
2018-07-17T07:00:00+02:00,-5.26
2018-07-17T13:00:00+02:00,-5.258
2018-07-17T19:00:00+02:00,-5.259
2018-07-18T01:00:00+02:00,-5.26
2018-07-18T07:00:00+02:00,-5.26
2018-07-18T13:00:00+02:00,-5.261
2018-07-18T19:00:00+02:00,-5.26
2018-07-19T01:00:00+02:00,-5.26
2018-07-19T07:00:00+02:00,-5.262
2018-07-19T13:00:00+02:00,-5.263
2018-07-19T19:00:00+02:00,-5.264
2018-07-20T01:00:00+02:00,-5.261
2018-07-20T07:00:00+02:00,-5.263
2018-07-20T13:00:00+02:00,-5.263
2018-07-20T19:00:00+02:00,-5.263
2018-07-21T01:00:00+02:00,-5.264
2018-07-21T07:00:00+02:00,-5.262
2018-07-21T13:00:00+02:00,-5.263
2018-07-21T19:00:00+02:00,-5.263
2018-07-22T01:00:00+02:00,-5.263
2018-07-22T07:00:00+02:00,-5.263
2018-07-22T13:00:00+02:00,-5.264
2018-07-22T19:00:00+02:00,-5.264
2018-07-23T01:00:00+02:00,-5.266
2018-07-23T07:00:00+02:00,-5.266
2018-07-23T13:00:00+02:00,-5.266
2018-07-23T19:00:00+02:00,-5.268
2018-07-24T01:00:00+02:00,-5.267
2018-07-24T07:00:00+02:00,-5.268
2018-07-24T13:00:00+02:00,-5.268
2018-07-24T19:00:00+02:00,-5.269
2018-07-25T01:00:00+02:00,-5.268
2018-07-25T07:00:00+02:00,-5.269
2018-07-25T13:00:00+02:00,-5.268
2018-07-25T19:00:00+02:00,-5.27
2018-07-26T01:00:00+02:00,-5.269
2018-07-26T07:00:00+02:00,-5.269
2018-07-26T13:00:00+02:00,-5.272
2018-07-26T19:00:00+02:00,-5.27
2018-07-27T01:00:00+02:00,-5.271
2018-07-27T07:00:00+02:00,-5.271
2018-07-27T13:00:00+02:00,-5.271
2018-07-27T19:00:00+02:00,-5.271
2018-07-28T01:00:00+02:00,-5.273
2018-07-28T07:00:00+02:00,-5.269
2018-07-28T13:00:00+02:00,-5.267
2018-07-28T19:00:00+02:00,-5.268
2018-07-29T01:00:00+02:00,-5.27
2018-07-29T07:00:00+02:00,-5.271
2018-07-29T13:00:00+02:00,-5.274
2018-07-29T19:00:00+02:00,-5.271
2018-07-30T01:00:00+02:00,-5.271
2018-07-30T07:00:00+02:00,-5.273
2018-07-30T13:00:00+02:00,-5.274
2018-07-30T19:00:00+02:00,-5.271
2018-07-31T01:00:00+02:00,-5.271
2018-07-31T07:00:00+02:00,-5.272
2018-07-31T13:00:00+02:00,-5.273
2018-07-31T19:00:00+02:00,-5.279
2018-08-01T01:00:00+02:00,-5.287
2018-08-01T07:00:00+02:00,-5.285
2018-08-01T13:00:00+02:00,-5.289
2018-08-01T19:00:00+02:00,-5.289
2018-08-02T01:00:00+02:00,-5.29
2018-08-02T07:00:00+02:00,-5.292
2018-08-02T13:00:00+02:00,-5.293
2018-08-02T19:00:00+02:00,-5.296
2018-08-03T01:00:00+02:00,-5.296
2018-08-03T07:00:00+02:00,-5.294
2018-08-03T13:00:00+02:00,-5.298
2018-08-03T19:00:00+02:00,-5.295
2018-08-04T01:00:00+02:00,-5.294
2018-08-04T07:00:00+02:00,-5.297
2018-08-04T13:00:00+02:00,-5.295
2018-08-04T19:00:00+02:00,-5.296
2018-08-05T01:00:00+02:00,-5.297
2018-08-05T07:00:00+02:00,-5.298
2018-08-05T13:00:00+02:00,-5.295
2018-08-05T19:00:00+02:00,-5.296
2018-08-06T01:00:00+02:00,-5.296
2018-08-06T07:00:00+02:00,-5.295
2018-08-06T13:00:00+02:00,-5.287
2018-08-06T19:00:00+02:00,-5.273
2018-08-07T01:00:00+02:00,-5.271
2018-08-07T07:00:00+02:00,-5.268
2018-08-07T13:00:00+02:00,-5.268
2018-08-07T19:00:00+02:00,-5.268
2018-08-08T01:00:00+02:00,-5.26
2018-08-08T07:00:00+02:00,-5.257
2018-08-08T13:00:00+02:00,-5.256
2018-08-08T19:00:00+02:00,-5.256
2018-08-09T01:00:00+02:00,-5.258
2018-08-09T07:00:00+02:00,-5.259
2018-08-09T13:00:00+02:00,-5.257
2018-08-09T19:00:00+02:00,-5.258
2018-08-10T01:00:00+02:00,-5.263
2018-08-10T07:00:00+02:00,-5.264
2018-08-10T13:00:00+02:00,-5.267
2018-08-10T19:00:00+02:00,-5.27
2018-08-11T01:00:00+02:00,-5.273
2018-08-11T07:00:00+02:00,-5.272
2018-08-11T13:00:00+02:00,-5.273
2018-08-11T19:00:00+02:00,-5.272
2018-08-12T01:00:00+02:00,-5.272
2018-08-12T07:00:00+02:00,-5.271
2018-08-12T13:00:00+02:00,-5.268
2018-08-12T19:00:00+02:00,-5.251
2018-08-13T01:00:00+02:00,-5.242
2018-08-13T07:00:00+02:00,-5.237
2018-08-13T13:00:00+02:00,-5.236
2018-08-13T19:00:00+02:00,-5.235
2018-08-14T01:00:00+02:00,-5.237
2018-08-14T07:00:00+02:00,-5.235
2018-08-14T13:00:00+02:00,-5.235
2018-08-14T19:00:00+02:00,-5.236
2018-08-15T01:00:00+02:00,-5.237
2018-08-15T07:00:00+02:00,-5.239
2018-08-15T13:00:00+02:00,-5.24
2018-08-15T19:00:00+02:00,-5.241
2018-08-16T01:00:00+02:00,-5.24
2018-08-16T07:00:00+02:00,-5.241
2018-08-16T13:00:00+02:00,-5.241
2018-08-16T19:00:00+02:00,-5.239
2018-08-17T01:00:00+02:00,-5.239
2018-08-17T07:00:00+02:00,-5.239
2018-08-17T13:00:00+02:00,-5.24
2018-08-17T19:00:00+02:00,-5.242
2018-08-18T01:00:00+02:00,-5.242
2018-08-18T07:00:00+02:00,-5.243
2018-08-18T13:00:00+02:00,-5.244
2018-08-18T19:00:00+02:00,-5.243
2018-08-19T01:00:00+02:00,-5.244
2018-08-19T07:00:00+02:00,-5.243
2018-08-19T13:00:00+02:00,-5.243
2018-08-19T19:00:00+02:00,-5.242
2018-08-20T01:00:00+02:00,-5.243
2018-08-20T07:00:00+02:00,-5.242
2018-08-20T13:00:00+02:00,-5.242
2018-08-20T19:00:00+02:00,-5.241
2018-08-21T01:00:00+02:00,-5.241
2018-08-21T07:00:00+02:00,-5.241
2018-08-21T13:00:00+02:00,-5.241
2018-08-21T19:00:00+02:00,-5.241
2018-08-22T01:00:00+02:00,-5.24
2018-08-22T07:00:00+02:00,-5.24
2018-08-22T13:00:00+02:00,-5.237
2018-08-22T19:00:00+02:00,-5.23
2018-08-23T01:00:00+02:00,-5.224
2018-08-23T07:00:00+02:00,-5.221
2018-08-23T13:00:00+02:00,-5.214
2018-08-23T19:00:00+02:00,-5.213
2018-08-24T01:00:00+02:00,-5.211
2018-08-24T07:00:00+02:00,-5.212
2018-08-24T13:00:00+02:00,-5.211
2018-08-24T19:00:00+02:00,-5.21
2018-08-25T01:00:00+02:00,-5.212
2018-08-25T07:00:00+02:00,-5.192
2018-08-25T13:00:00+02:00,-5.188
2018-08-25T19:00:00+02:00,-5.19
2018-08-26T01:00:00+02:00,-5.187
2018-08-26T07:00:00+02:00,-5.189
2018-08-26T13:00:00+02:00,-5.19
2018-08-26T19:00:00+02:00,-5.187
2018-08-27T01:00:00+02:00,-5.171
2018-08-27T07:00:00+02:00,-5.161
2018-08-27T13:00:00+02:00,-5.159
2018-08-27T19:00:00+02:00,-5.161
2018-08-28T01:00:00+02:00,-5.171
2018-08-28T07:00:00+02:00,-5.178
2018-08-28T13:00:00+02:00,-5.178
2018-08-28T19:00:00+02:00,-5.182
2018-08-29T01:00:00+02:00,-5.178
2018-08-29T07:00:00+02:00,-5.182
2018-08-29T13:00:00+02:00,-5.183
2018-08-29T19:00:00+02:00,-5.177
2018-08-30T01:00:00+02:00,-5.179
2018-08-30T07:00:00+02:00,-5.18
2018-08-30T13:00:00+02:00,-5.181
2018-08-30T19:00:00+02:00,-5.179
2018-08-31T01:00:00+02:00,-5.183
2018-08-31T07:00:00+02:00,-5.183
2018-08-31T13:00:00+02:00,-5.183
2018-08-31T19:00:00+02:00,-5.186
2018-09-01T01:00:00+02:00,-5.184
2018-09-01T07:00:00+02:00,-5.189
2018-09-01T13:00:00+02:00,-5.193
2018-09-01T19:00:00+02:00,-5.193
2018-09-02T01:00:00+02:00,-5.192
2018-09-02T07:00:00+02:00,-5.191
2018-09-02T13:00:00+02:00,-5.193
2018-09-02T19:00:00+02:00,-5.193
2018-09-03T01:00:00+02:00,-5.192
2018-09-03T07:00:00+02:00,-5.189
2018-09-03T13:00:00+02:00,-5.192
2018-09-03T19:00:00+02:00,-5.193
2018-09-04T01:00:00+02:00,-5.191
2018-09-04T07:00:00+02:00,-5.191
2018-09-04T13:00:00+02:00,-5.191
2018-09-04T19:00:00+02:00,-5.191
2018-09-05T01:00:00+02:00,-5.192
2018-09-05T07:00:00+02:00,-5.188
2018-09-05T13:00:00+02:00,-5.191
2018-09-05T19:00:00+02:00,-5.177
2018-09-06T01:00:00+02:00,-5.169
2018-09-06T07:00:00+02:00,-5.162
2018-09-06T13:00:00+02:00,-5.155
2018-09-06T19:00:00+02:00,-5.147
2018-09-07T01:00:00+02:00,-5.138
2018-09-07T07:00:00+02:00,-5.13
2018-09-07T13:00:00+02:00,-5.126
2018-09-07T19:00:00+02:00,-5.127
2018-09-08T01:00:00+02:00,-5.126
2018-09-08T07:00:00+02:00,-5.127
2018-09-08T13:00:00+02:00,-5.127
2018-09-08T19:00:00+02:00,-5.127
2018-09-09T01:00:00+02:00,-5.127
2018-09-09T07:00:00+02:00,-5.127
2018-09-09T13:00:00+02:00,-5.128
2018-09-09T19:00:00+02:00,-5.127
2018-09-10T01:00:00+02:00,-5.127
2018-09-10T07:00:00+02:00,-5.128
2018-09-10T13:00:00+02:00,-5.127
2018-09-10T19:00:00+02:00,-5.126
2018-09-11T01:00:00+02:00,-5.128
2018-09-11T07:00:00+02:00,-5.127
2018-09-11T13:00:00+02:00,-5.128
2018-09-11T19:00:00+02:00,-5.127
2018-09-12T01:00:00+02:00,-5.128
2018-09-12T07:00:00+02:00,-5.131
2018-09-12T13:00:00+02:00,-5.128
2018-09-12T19:00:00+02:00,-5.132
2018-09-13T01:00:00+02:00,-5.131
2018-09-13T07:00:00+02:00,-5.132
2018-09-13T13:00:00+02:00,-5.132
2018-09-13T19:00:00+02:00,-5.134
2018-09-14T01:00:00+02:00,-5.135
2018-09-14T07:00:00+02:00,-5.137
2018-09-14T13:00:00+02:00,-5.136
2018-09-14T19:00:00+02:00,-5.137
2018-09-15T01:00:00+02:00,-5.138
2018-09-15T07:00:00+02:00,-5.139
2018-09-15T13:00:00+02:00,-5.143
2018-09-15T19:00:00+02:00,-5.149
2018-09-16T01:00:00+02:00,-5.155
2018-09-16T07:00:00+02:00,-5.156
2018-09-16T13:00:00+02:00,-5.157
2018-09-16T19:00:00+02:00,-5.156
2018-09-17T01:00:00+02:00,-5.156
2018-09-17T07:00:00+02:00,-5.156
2018-09-17T13:00:00+02:00,-5.156
2018-09-17T19:00:00+02:00,-5.158
2018-09-18T01:00:00+02:00,-5.155
2018-09-18T07:00:00+02:00,-5.148
2018-09-18T13:00:00+02:00,-5.14
2018-09-18T19:00:00+02:00,-5.142
2018-09-19T01:00:00+02:00,-5.144
2018-09-19T07:00:00+02:00,-5.143
2018-09-19T13:00:00+02:00,-5.143
2018-09-19T19:00:00+02:00,-5.145
2018-09-20T01:00:00+02:00,-5.145
2018-09-20T07:00:00+02:00,-5.145
2018-09-20T13:00:00+02:00,-5.146
2018-09-20T19:00:00+02:00,-5.146
2018-09-21T01:00:00+02:00,-5.145
2018-09-21T07:00:00+02:00,-5.137
2018-09-21T13:00:00+02:00,-5.128
2018-09-21T19:00:00+02:00,-5.126
2018-09-22T01:00:00+02:00,-5.141
2018-09-22T07:00:00+02:00,-5.155
2018-09-22T13:00:00+02:00,-5.16
2018-09-22T19:00:00+02:00,-5.158
2018-09-23T01:00:00+02:00,-5.16
2018-09-23T07:00:00+02:00,-5.163
2018-09-23T13:00:00+02:00,-5.161
2018-09-23T19:00:00+02:00,-5.164
2018-09-24T01:00:00+02:00,-5.162
2018-09-24T07:00:00+02:00,-5.179
2018-09-24T13:00:00+02:00,-5.188
2018-09-24T19:00:00+02:00,-5.19
2018-09-25T01:00:00+02:00,-5.191
2018-09-25T07:00:00+02:00,-5.19
2018-09-25T13:00:00+02:00,-5.193
2018-09-25T19:00:00+02:00,-5.192
2018-09-26T01:00:00+02:00,-5.191
2018-09-26T07:00:00+02:00,-5.193
2018-09-26T13:00:00+02:00,-5.191
2018-09-26T19:00:00+02:00,-5.183
2018-09-27T01:00:00+02:00,-5.175
2018-09-27T07:00:00+02:00,-5.175
2018-09-27T13:00:00+02:00,-5.175
2018-09-27T19:00:00+02:00,-5.159
2018-09-28T01:00:00+02:00,-5.151
2018-09-28T07:00:00+02:00,-5.152
2018-09-28T13:00:00+02:00,-5.151
2018-09-28T19:00:00+02:00,-5.152
2018-09-29T01:00:00+02:00,-5.157
2018-09-29T07:00:00+02:00,-5.159
2018-09-29T13:00:00+02:00,-5.16
2018-09-29T19:00:00+02:00,-5.159
2018-09-30T01:00:00+02:00,-5.159
2018-09-30T07:00:00+02:00,-5.157
2018-09-30T13:00:00+02:00,-5.147
2018-09-30T19:00:00+02:00,-5.141
2018-10-01T01:00:00+02:00,-5.138
2018-10-01T07:00:00+02:00,-5.137
2018-10-01T13:00:00+02:00,-5.14
2018-10-01T19:00:00+02:00,-5.142
2018-10-02T01:00:00+02:00,-5.141
2018-10-02T07:00:00+02:00,-5.142
2018-10-02T13:00:00+02:00,-5.139
2018-10-02T19:00:00+02:00,-5.14
2018-10-03T01:00:00+02:00,-5.142
2018-10-03T07:00:00+02:00,-5.142
2018-10-03T13:00:00+02:00,-5.145
2018-10-03T19:00:00+02:00,-5.152
2018-10-04T01:00:00+02:00,-5.153
2018-10-04T07:00:00+02:00,-5.154
2018-10-04T13:00:00+02:00,-5.154
2018-10-04T19:00:00+02:00,-5.156
2018-10-05T01:00:00+02:00,-5.155
2018-10-05T07:00:00+02:00,-5.155
2018-10-05T13:00:00+02:00,-5.154
2018-10-05T19:00:00+02:00,-5.152
2018-10-06T01:00:00+02:00,-5.139
2018-10-06T07:00:00+02:00,-5.132
2018-10-06T13:00:00+02:00,-5.132
2018-10-06T19:00:00+02:00,-5.129
2018-10-07T01:00:00+02:00,-5.132
2018-10-07T07:00:00+02:00,-5.133
2018-10-07T13:00:00+02:00,-5.144
2018-10-07T19:00:00+02:00,-5.152
2018-10-08T01:00:00+02:00,-5.156
2018-10-08T07:00:00+02:00,-5.156
2018-10-08T13:00:00+02:00,-5.155
2018-10-08T19:00:00+02:00,-5.157
2018-10-09T01:00:00+02:00,-5.155
2018-10-09T07:00:00+02:00,-5.158
2018-10-09T13:00:00+02:00,-5.158
2018-10-09T19:00:00+02:00,-5.158
2018-10-10T01:00:00+02:00,-5.157
2018-10-10T07:00:00+02:00,-5.157
2018-10-10T13:00:00+02:00,-5.157
2018-10-10T19:00:00+02:00,-5.156
2018-10-11T01:00:00+02:00,-5.147
2018-10-11T07:00:00+02:00,-5.14
2018-10-11T13:00:00+02:00,-5.139
2018-10-11T19:00:00+02:00,-5.141
2018-10-12T01:00:00+02:00,-5.139
2018-10-12T07:00:00+02:00,-5.141
2018-10-12T13:00:00+02:00,-5.141
2018-10-12T19:00:00+02:00,-5.142
2018-10-13T01:00:00+02:00,-5.142
2018-10-13T07:00:00+02:00,-5.143
2018-10-13T13:00:00+02:00,-5.138
2018-10-13T19:00:00+02:00,-5.117
2018-10-14T01:00:00+02:00,-5.098
2018-10-14T07:00:00+02:00,-5.088
2018-10-14T13:00:00+02:00,-5.073
2018-10-14T19:00:00+02:00,-5.063
2018-10-15T01:00:00+02:00,-5.062
2018-10-15T07:00:00+02:00,-5.061
2018-10-15T13:00:00+02:00,-5.063
2018-10-15T19:00:00+02:00,-5.062
2018-10-16T01:00:00+02:00,-5.059
2018-10-16T07:00:00+02:00,-5.033
2018-10-16T13:00:00+02:00,-5.001
2018-10-16T19:00:00+02:00,-4.963
2018-10-17T01:00:00+02:00,-4.936
2018-10-17T07:00:00+02:00,-4.915
2018-10-17T13:00:00+02:00,-4.899
2018-10-17T19:00:00+02:00,-4.886
2018-10-18T01:00:00+02:00,-4.884
2018-10-18T07:00:00+02:00,-4.873
2018-10-18T13:00:00+02:00,-4.865
2018-10-18T19:00:00+02:00,-4.857
2018-10-19T01:00:00+02:00,-4.852
2018-10-19T07:00:00+02:00,-4.846
2018-10-19T13:00:00+02:00,-4.839
2018-10-19T19:00:00+02:00,-4.836
2018-10-20T01:00:00+02:00,-4.832
2018-10-20T07:00:00+02:00,-4.831
2018-10-20T13:00:00+02:00,-4.83
2018-10-20T19:00:00+02:00,-4.832
2018-10-21T01:00:00+02:00,-4.83
2018-10-21T07:00:00+02:00,-4.827
2018-10-21T13:00:00+02:00,-4.815
2018-10-21T19:00:00+02:00,-4.807
2018-10-22T01:00:00+02:00,-4.801
2018-10-22T07:00:00+02:00,-4.801
2018-10-22T13:00:00+02:00,-4.8
2018-10-22T19:00:00+02:00,-4.804
2018-10-23T01:00:00+02:00,-4.801
2018-10-23T07:00:00+02:00,-4.801
2018-10-23T13:00:00+02:00,-4.79
2018-10-23T19:00:00+02:00,-4.784
2018-10-24T01:00:00+02:00,-4.782
2018-10-24T07:00:00+02:00,-4.784
2018-10-24T13:00:00+02:00,-4.781
2018-10-24T19:00:00+02:00,-4.784
2018-10-25T01:00:00+02:00,-4.782
2018-10-25T07:00:00+02:00,-4.784
2018-10-25T13:00:00+02:00,-4.782
2018-10-25T19:00:00+02:00,-4.778
2018-10-26T01:00:00+02:00,-4.765
2018-10-26T07:00:00+02:00,-4.754
2018-10-26T13:00:00+02:00,-4.739
2018-10-26T19:00:00+02:00,-4.731
2018-10-27T01:00:00+02:00,-4.731
2018-10-27T07:00:00+02:00,-4.733
2018-10-27T13:00:00+02:00,-4.733
2018-10-27T19:00:00+02:00,-4.733
2018-10-28T01:00:00+02:00,-4.734
2018-10-28T06:00:00+01:00,-4.736
2018-10-28T12:00:00+01:00,-4.745
2018-10-28T18:00:00+01:00,-4.748
2018-10-29T00:00:00+01:00,-4.74
2018-10-29T06:00:00+01:00,-4.742
2018-10-29T12:00:00+01:00,-4.739
2018-10-29T18:00:00+01:00,-4.72
2018-10-30T00:00:00+01:00,-4.709
2018-10-30T06:00:00+01:00,-4.692
2018-10-30T12:00:00+01:00,-4.669
2018-10-30T18:00:00+01:00,-4.671
2018-10-31T00:00:00+01:00,-4.675
2018-10-31T06:00:00+01:00,-4.697
2018-10-31T12:00:00+01:00,-4.716
2018-10-31T18:00:00+01:00,-4.721
2018-11-01T00:00:00+01:00,-4.72
2018-11-01T06:00:00+01:00,-4.719
2018-11-01T12:00:00+01:00,-4.716
2018-11-01T18:00:00+01:00,-4.713
2018-11-02T00:00:00+01:00,-4.711
2018-11-02T06:00:00+01:00,-4.714
2018-11-02T12:00:00+01:00,-4.718
2018-11-02T18:00:00+01:00,-4.733
2018-11-03T00:00:00+01:00,-4.742
2018-11-03T06:00:00+01:00,-4.75
2018-11-03T12:00:00+01:00,-4.749
2018-11-03T18:00:00+01:00,-4.75
2018-11-04T00:00:00+01:00,-4.742
2018-11-04T06:00:00+01:00,-4.733
2018-11-04T12:00:00+01:00,-4.724
2018-11-04T18:00:00+01:00,-4.717
2018-11-05T00:00:00+01:00,-4.708
2018-11-05T06:00:00+01:00,-4.702
2018-11-05T12:00:00+01:00,-4.7
2018-11-05T18:00:00+01:00,-4.7
2018-11-06T00:00:00+01:00,-4.698
2018-11-06T06:00:00+01:00,-4.696
2018-11-06T12:00:00+01:00,-4.695
2018-11-06T18:00:00+01:00,-4.7
2018-11-07T00:00:00+01:00,-4.698
2018-11-07T06:00:00+01:00,-4.696
2018-11-07T12:00:00+01:00,-4.695
2018-11-07T18:00:00+01:00,-4.697
2018-11-08T00:00:00+01:00,-4.696
2018-11-08T06:00:00+01:00,-4.698
2018-11-08T12:00:00+01:00,-4.707
2018-11-08T18:00:00+01:00,-4.715
2018-11-09T00:00:00+01:00,-4.717
2018-11-09T06:00:00+01:00,-4.718
2018-11-09T12:00:00+01:00,-4.715
2018-11-09T18:00:00+01:00,-4.714
2018-11-10T00:00:00+01:00,-4.71
2018-11-10T06:00:00+01:00,-4.694
2018-11-10T12:00:00+01:00,-4.687
2018-11-10T18:00:00+01:00,-4.687
2018-11-11T00:00:00+01:00,-4.685
2018-11-11T06:00:00+01:00,-4.686
2018-11-11T12:00:00+01:00,-4.689
2018-11-11T18:00:00+01:00,-4.687
2018-11-12T00:00:00+01:00,-4.687
2018-11-12T06:00:00+01:00,-4.695
2018-11-12T12:00:00+01:00,-4.692
2018-11-12T18:00:00+01:00,-4.697
2018-11-13T00:00:00+01:00,-4.697
2018-11-13T06:00:00+01:00,-4.699
2018-11-13T12:00:00+01:00,-4.701
2018-11-13T18:00:00+01:00,-4.71
2018-11-14T00:00:00+01:00,-4.714
2018-11-14T06:00:00+01:00,-4.715
2018-11-14T12:00:00+01:00,-4.717
2018-11-14T18:00:00+01:00,-4.717
2018-11-15T00:00:00+01:00,-4.716
2018-11-15T06:00:00+01:00,-4.717
2018-11-15T12:00:00+01:00,-4.716
2018-11-15T18:00:00+01:00,-4.717
2018-11-16T00:00:00+01:00,-4.717
2018-11-16T06:00:00+01:00,-4.716
2018-11-16T12:00:00+01:00,-4.718
2018-11-16T18:00:00+01:00,-4.718
2018-11-17T00:00:00+01:00,-4.719
2018-11-17T06:00:00+01:00,-4.72
2018-11-17T12:00:00+01:00,-4.719
2018-11-17T18:00:00+01:00,-4.72
2018-11-18T00:00:00+01:00,-4.724
2018-11-18T06:00:00+01:00,-4.725
2018-11-18T12:00:00+01:00,-4.722
2018-11-18T18:00:00+01:00,-4.724
2018-11-19T00:00:00+01:00,-4.727
2018-11-19T06:00:00+01:00,-4.725
2018-11-19T12:00:00+01:00,-4.72
2018-11-19T18:00:00+01:00,-4.726
2018-11-20T00:00:00+01:00,-4.722
2018-11-20T06:00:00+01:00,-4.723
2018-11-20T12:00:00+01:00,-4.717
2018-11-20T18:00:00+01:00,-4.711
2018-11-21T00:00:00+01:00,-4.711
2018-11-21T06:00:00+01:00,-4.715
2018-11-21T12:00:00+01:00,-4.713
2018-11-21T18:00:00+01:00,-4.726
2018-11-22T00:00:00+01:00,-4.735
2018-11-22T06:00:00+01:00,-4.738
2018-11-22T12:00:00+01:00,-4.738
2018-11-22T18:00:00+01:00,-4.742
2018-11-23T00:00:00+01:00,-4.742
2018-11-23T06:00:00+01:00,-4.741
2018-11-23T12:00:00+01:00,-4.742
2018-11-23T18:00:00+01:00,-4.742
2018-11-24T00:00:00+01:00,-4.742
2018-11-24T06:00:00+01:00,-4.741
2018-11-24T12:00:00+01:00,-4.741
2018-11-24T18:00:00+01:00,-4.743
2018-11-25T00:00:00+01:00,-4.74
2018-11-25T06:00:00+01:00,-4.743
2018-11-25T12:00:00+01:00,-4.74
2018-11-25T18:00:00+01:00,-4.741
2018-11-26T00:00:00+01:00,-4.742
2018-11-26T06:00:00+01:00,-4.741
2018-11-26T12:00:00+01:00,-4.742
2018-11-26T18:00:00+01:00,-4.745
2018-11-27T00:00:00+01:00,-4.744
2018-11-27T06:00:00+01:00,-4.746
2018-11-27T12:00:00+01:00,-4.746
2018-11-27T18:00:00+01:00,-4.747
2018-11-28T00:00:00+01:00,-4.747
2018-11-28T06:00:00+01:00,-4.747
2018-11-28T12:00:00+01:00,-4.749
2018-11-28T18:00:00+01:00,-4.748
2018-11-29T00:00:00+01:00,-4.747
2018-11-29T06:00:00+01:00,-4.746
2018-11-29T12:00:00+01:00,-4.742
2018-11-29T18:00:00+01:00,-4.729
2018-11-30T00:00:00+01:00,-4.726
2018-11-30T06:00:00+01:00,-4.721
2018-11-30T12:00:00+01:00,-4.725
2018-11-30T18:00:00+01:00,-4.725
2018-12-01T00:00:00+01:00,-4.724
2018-12-01T06:00:00+01:00,-4.722
2018-12-01T12:00:00+01:00,-4.725
2018-12-01T18:00:00+01:00,-4.724
2018-12-02T00:00:00+01:00,-4.726
2018-12-02T06:00:00+01:00,-4.708
2018-12-02T12:00:00+01:00,-4.697
2018-12-02T18:00:00+01:00,-4.699
2018-12-03T00:00:00+01:00,-4.701
2018-12-03T06:00:00+01:00,-4.698
2018-12-03T12:00:00+01:00,-4.7
2018-12-03T18:00:00+01:00,-4.7
2018-12-04T00:00:00+01:00,-4.7
2018-12-04T06:00:00+01:00,-4.72
2018-12-04T12:00:00+01:00,-4.739
2018-12-04T18:00:00+01:00,-4.756
2018-12-05T00:00:00+01:00,-4.76
2018-12-05T06:00:00+01:00,-4.764
2018-12-05T12:00:00+01:00,-4.76
2018-12-05T18:00:00+01:00,-4.756
2018-12-06T00:00:00+01:00,-4.746
2018-12-06T06:00:00+01:00,-4.737
2018-12-06T12:00:00+01:00,-4.737
2018-12-06T18:00:00+01:00,-4.738
2018-12-07T00:00:00+01:00,-4.737
2018-12-07T06:00:00+01:00,-4.736
2018-12-07T12:00:00+01:00,-4.714
2018-12-07T18:00:00+01:00,-4.699
2018-12-08T00:00:00+01:00,-4.692
2018-12-08T06:00:00+01:00,-4.692
2018-12-08T12:00:00+01:00,-4.692
2018-12-08T18:00:00+01:00,-4.683
2018-12-09T00:00:00+01:00,-4.664
2018-12-09T06:00:00+01:00,-4.652
2018-12-09T12:00:00+01:00,-4.656
2018-12-09T18:00:00+01:00,-4.657
2018-12-10T00:00:00+01:00,-4.671
2018-12-10T06:00:00+01:00,-4.688
2018-12-10T12:00:00+01:00,-4.688
2018-12-10T18:00:00+01:00,-4.689
2018-12-11T00:00:00+01:00,-4.693
2018-12-11T06:00:00+01:00,-4.694
2018-12-11T12:00:00+01:00,-4.693
2018-12-11T18:00:00+01:00,-4.69
2018-12-12T00:00:00+01:00,-4.69
2018-12-12T06:00:00+01:00,-4.691
2018-12-12T12:00:00+01:00,-4.688
2018-12-12T18:00:00+01:00,-4.688
2018-12-13T00:00:00+01:00,-4.685
2018-12-13T06:00:00+01:00,-4.682
2018-12-13T12:00:00+01:00,-4.68
2018-12-13T18:00:00+01:00,-4.678
2018-12-14T00:00:00+01:00,-4.68
2018-12-14T06:00:00+01:00,-4.679
2018-12-14T12:00:00+01:00,-4.678
2018-12-14T18:00:00+01:00,-4.68
2018-12-15T00:00:00+01:00,-4.684
2018-12-15T06:00:00+01:00,-4.683
2018-12-15T12:00:00+01:00,-4.686
2018-12-15T18:00:00+01:00,-4.682
2018-12-16T00:00:00+01:00,-4.679
2018-12-16T06:00:00+01:00,-4.668
2018-12-16T12:00:00+01:00,-4.664
2018-12-16T18:00:00+01:00,-4.664
2018-12-17T00:00:00+01:00,-4.663
2018-12-17T06:00:00+01:00,-4.665
2018-12-17T12:00:00+01:00,-4.664
2018-12-17T18:00:00+01:00,-4.666
2018-12-18T00:00:00+01:00,-4.682
2018-12-18T06:00:00+01:00,-4.683
2018-12-18T12:00:00+01:00,-4.684
2018-12-18T18:00:00+01:00,-4.684
2018-12-19T00:00:00+01:00,-4.68
2018-12-19T06:00:00+01:00,-4.671
2018-12-19T12:00:00+01:00,-4.668
2018-12-19T18:00:00+01:00,-4.668
2018-12-20T00:00:00+01:00,-4.668
2018-12-20T06:00:00+01:00,-4.67
2018-12-20T12:00:00+01:00,-4.668
2018-12-20T18:00:00+01:00,-4.669
2018-12-21T00:00:00+01:00,-4.67
2018-12-21T06:00:00+01:00,-4.666
2018-12-21T12:00:00+01:00,-4.643
2018-12-21T18:00:00+01:00,-4.638
2018-12-22T00:00:00+01:00,-4.639
2018-12-22T06:00:00+01:00,-4.642
2018-12-22T12:00:00+01:00,-4.639
2018-12-22T18:00:00+01:00,-4.64
2018-12-23T00:00:00+01:00,-4.641
2018-12-23T06:00:00+01:00,-4.641
2018-12-23T12:00:00+01:00,-4.638
2018-12-23T18:00:00+01:00,-4.642
2018-12-24T00:00:00+01:00,-4.635
2018-12-24T06:00:00+01:00,-4.636
2018-12-24T12:00:00+01:00,-4.637
2018-12-24T18:00:00+01:00,-4.644
2018-12-25T00:00:00+01:00,-4.649
2018-12-25T06:00:00+01:00,-4.653
2018-12-25T12:00:00+01:00,-4.652
2018-12-25T18:00:00+01:00,-4.654
2018-12-26T00:00:00+01:00,-4.652
2018-12-26T06:00:00+01:00,-4.649
2018-12-26T12:00:00+01:00,-4.651
2018-12-26T18:00:00+01:00,-4.652
2018-12-27T00:00:00+01:00,-4.652
2018-12-27T06:00:00+01:00,-4.65
2018-12-27T12:00:00+01:00,-4.651
2018-12-27T18:00:00+01:00,-4.65
2018-12-28T00:00:00+01:00,-4.648
2018-12-28T06:00:00+01:00,-4.651
2018-12-28T12:00:00+01:00,-4.651
2018-12-28T18:00:00+01:00,-4.651
2018-12-29T00:00:00+01:00,-4.652
2018-12-29T06:00:00+01:00,-4.651
2018-12-29T12:00:00+01:00,-4.648
2018-12-29T18:00:00+01:00,-4.65
2018-12-30T00:00:00+01:00,-4.654
2018-12-30T06:00:00+01:00,-4.659
2018-12-30T12:00:00+01:00,-4.665
2018-12-30T18:00:00+01:00,-4.668
2018-12-31T00:00:00+01:00,-4.671
2018-12-31T06:00:00+01:00,-4.673
2018-12-31T12:00:00+01:00,-4.675
2018-12-31T18:00:00+01:00,-4.678
2019-01-01T00:00:00+01:00,-4.676
2019-01-01T06:00:00+01:00,-4.675
2019-01-01T12:00:00+01:00,-4.677
2019-01-01T18:00:00+01:00,-4.68
2019-01-02T00:00:00+01:00,-4.681
2019-01-02T06:00:00+01:00,-4.692
2019-01-02T12:00:00+01:00,-4.7
2019-01-02T18:00:00+01:00,-4.705
2019-01-03T00:00:00+01:00,-4.708
2019-01-03T06:00:00+01:00,-4.71
2019-01-03T12:00:00+01:00,-4.708
2019-01-03T18:00:00+01:00,-4.71
2019-01-04T00:00:00+01:00,-4.711
2019-01-04T06:00:00+01:00,-4.712
2019-01-04T12:00:00+01:00,-4.709
2019-01-04T18:00:00+01:00,-4.712
2019-01-05T00:00:00+01:00,-4.71
2019-01-05T06:00:00+01:00,-4.711
2019-01-05T12:00:00+01:00,-4.711
2019-01-05T18:00:00+01:00,-4.71
2019-01-06T00:00:00+01:00,-4.713
2019-01-06T06:00:00+01:00,-4.711
2019-01-06T12:00:00+01:00,-4.714
2019-01-06T18:00:00+01:00,-4.713
2019-01-07T00:00:00+01:00,-4.714
2019-01-07T06:00:00+01:00,-4.714
2019-01-07T12:00:00+01:00,-4.71
2019-01-07T18:00:00+01:00,-4.707
2019-01-08T00:00:00+01:00,-4.703
2019-01-08T06:00:00+01:00,-4.691
2019-01-08T12:00:00+01:00,-4.688
2019-01-08T18:00:00+01:00,-4.689
2019-01-09T00:00:00+01:00,-4.691
2019-01-09T06:00:00+01:00,-4.69
2019-01-09T12:00:00+01:00,-4.692
2019-01-09T18:00:00+01:00,-4.694
2019-01-10T00:00:00+01:00,-4.691
2019-01-10T06:00:00+01:00,-4.696
2019-01-10T12:00:00+01:00,-4.698
2019-01-10T18:00:00+01:00,-4.703
2019-01-11T00:00:00+01:00,-4.702
2019-01-11T06:00:00+01:00,-4.704
2019-01-11T12:00:00+01:00,-4.702
2019-01-11T18:00:00+01:00,-4.704
2019-01-12T00:00:00+01:00,-4.704
2019-01-12T06:00:00+01:00,-4.703
2019-01-12T12:00:00+01:00,-4.701
2019-01-12T18:00:00+01:00,-4.698
2019-01-13T00:00:00+01:00,-4.688
2019-01-13T06:00:00+01:00,-4.687
2019-01-13T12:00:00+01:00,-4.673
2019-01-13T18:00:00+01:00,-4.666
2019-01-14T00:00:00+01:00,-4.662
2019-01-14T06:00:00+01:00,-4.661
2019-01-14T12:00:00+01:00,-4.666
2019-01-14T18:00:00+01:00,-4.663
2019-01-15T00:00:00+01:00,-4.672
2019-01-15T06:00:00+01:00,-4.677
2019-01-15T12:00:00+01:00,-4.674
2019-01-15T18:00:00+01:00,-4.674
2019-01-16T00:00:00+01:00,-4.676
2019-01-16T06:00:00+01:00,-4.675
2019-01-16T12:00:00+01:00,-4.667
2019-01-16T18:00:00+01:00,-4.654
2019-01-17T00:00:00+01:00,-4.644
2019-01-17T06:00:00+01:00,-4.64
2019-01-17T12:00:00+01:00,-4.636
2019-01-17T18:00:00+01:00,-4.64
2019-01-18T00:00:00+01:00,-4.646
2019-01-18T06:00:00+01:00,-4.659
2019-01-18T12:00:00+01:00,-4.665
2019-01-18T18:00:00+01:00,-4.671
2019-01-19T00:00:00+01:00,-4.673
2019-01-19T06:00:00+01:00,-4.673
2019-01-19T12:00:00+01:00,-4.673
2019-01-19T18:00:00+01:00,-4.673
2019-01-20T00:00:00+01:00,-4.674
2019-01-20T06:00:00+01:00,-4.674
2019-01-20T12:00:00+01:00,-4.673
2019-01-20T18:00:00+01:00,-4.674
2019-01-21T00:00:00+01:00,-4.675
2019-01-21T06:00:00+01:00,-4.675
2019-01-21T12:00:00+01:00,-4.675
2019-01-21T18:00:00+01:00,-4.674
2019-01-22T00:00:00+01:00,-4.674
2019-01-22T06:00:00+01:00,-4.674
2019-01-22T12:00:00+01:00,-4.661
2019-01-22T18:00:00+01:00,-4.65
2019-01-23T00:00:00+01:00,-4.642
2019-01-23T06:00:00+01:00,-4.64
2019-01-23T12:00:00+01:00,-4.639
2019-01-23T18:00:00+01:00,-4.64
2019-01-24T00:00:00+01:00,-4.643
2019-01-24T06:00:00+01:00,-4.644
2019-01-24T12:00:00+01:00,-4.656
2019-01-24T18:00:00+01:00,-4.665
2019-01-25T00:00:00+01:00,-4.669
2019-01-25T06:00:00+01:00,-4.675
2019-01-25T12:00:00+01:00,-4.68
2019-01-25T18:00:00+01:00,-4.677
2019-01-26T00:00:00+01:00,-4.676
2019-01-26T06:00:00+01:00,-4.676
2019-01-26T12:00:00+01:00,-4.676
2019-01-26T18:00:00+01:00,-4.671
2019-01-27T00:00:00+01:00,-4.651
2019-01-27T06:00:00+01:00,-4.628
2019-01-27T12:00:00+01:00,-4.615
2019-01-27T18:00:00+01:00,-4.61
2019-01-28T00:00:00+01:00,-4.611
2019-01-28T06:00:00+01:00,-4.607
2019-01-28T12:00:00+01:00,-4.609
2019-01-28T18:00:00+01:00,-4.612
2019-01-29T00:00:00+01:00,-4.611
2019-01-29T06:00:00+01:00,-4.613
2019-01-29T12:00:00+01:00,-4.616
2019-01-29T18:00:00+01:00,-4.614
2019-01-30T00:00:00+01:00,-4.613
2019-01-30T06:00:00+01:00,-4.61
2019-01-30T12:00:00+01:00,-4.607
2019-01-30T18:00:00+01:00,-4.607
2019-01-31T00:00:00+01:00,-4.605
2019-01-31T06:00:00+01:00,-4.603
2019-01-31T12:00:00+01:00,-4.605
2019-01-31T18:00:00+01:00,-4.602
2019-02-01T00:00:00+01:00,-4.601
2019-02-01T06:00:00+01:00,-4.603
2019-02-01T12:00:00+01:00,-4.578
2019-02-01T18:00:00+01:00,-4.577
2019-02-02T00:00:00+01:00,-4.58
2019-02-02T06:00:00+01:00,-4.579
2019-02-02T12:00:00+01:00,-4.584
2019-02-02T18:00:00+01:00,-4.594
2019-02-03T00:00:00+01:00,-4.61
2019-02-03T06:00:00+01:00,-4.629
2019-02-03T12:00:00+01:00,-4.642
2019-02-03T18:00:00+01:00,-4.654
2019-02-04T00:00:00+01:00,-4.661
2019-02-04T06:00:00+01:00,-4.661
2019-02-04T12:00:00+01:00,-4.662
2019-02-04T18:00:00+01:00,-4.661
2019-02-05T00:00:00+01:00,-4.662
2019-02-05T06:00:00+01:00,-4.662
2019-02-05T12:00:00+01:00,-4.66
2019-02-05T18:00:00+01:00,-4.66
2019-02-06T00:00:00+01:00,-4.662
2019-02-06T06:00:00+01:00,-4.66
2019-02-06T12:00:00+01:00,-4.659
2019-02-06T18:00:00+01:00,-4.658
2019-02-07T00:00:00+01:00,-4.651
2019-02-07T06:00:00+01:00,-4.631
2019-02-07T12:00:00+01:00,-4.612
2019-02-07T18:00:00+01:00,-4.606
2019-02-08T00:00:00+01:00,-4.611
2019-02-08T06:00:00+01:00,-4.608
2019-02-08T12:00:00+01:00,-4.603
2019-02-08T18:00:00+01:00,-4.597
2019-02-09T00:00:00+01:00,-4.583
2019-02-09T06:00:00+01:00,-4.574
2019-02-09T12:00:00+01:00,-4.574
2019-02-09T18:00:00+01:00,-4.577
2019-02-10T00:00:00+01:00,-4.573
2019-02-10T06:00:00+01:00,-4.571
2019-02-10T12:00:00+01:00,-4.565
2019-02-10T18:00:00+01:00,-4.562
2019-02-11T00:00:00+01:00,-4.564
2019-02-11T06:00:00+01:00,-4.566
2019-02-11T12:00:00+01:00,-4.578
2019-02-11T18:00:00+01:00,-4.59
2019-02-12T00:00:00+01:00,-4.602
2019-02-12T06:00:00+01:00,-4.608
2019-02-12T12:00:00+01:00,-4.612
2019-02-12T18:00:00+01:00,-4.61
2019-02-13T00:00:00+01:00,-4.611
2019-02-13T06:00:00+01:00,-4.614
2019-02-13T12:00:00+01:00,-4.615
2019-02-13T18:00:00+01:00,-4.616
2019-02-14T00:00:00+01:00,-4.617
2019-02-14T06:00:00+01:00,-4.617
2019-02-14T12:00:00+01:00,-4.617
2019-02-14T18:00:00+01:00,-4.618
2019-02-15T00:00:00+01:00,-4.618
2019-02-15T06:00:00+01:00,-4.619
2019-02-15T12:00:00+01:00,-4.619
2019-02-15T18:00:00+01:00,-4.618
2019-02-16T00:00:00+01:00,-4.619
2019-02-16T06:00:00+01:00,-4.619
2019-02-16T12:00:00+01:00,-4.62
2019-02-16T18:00:00+01:00,-4.619
2019-02-17T00:00:00+01:00,-4.619
2019-02-17T06:00:00+01:00,-4.618
2019-02-17T12:00:00+01:00,-4.621
2019-02-17T18:00:00+01:00,-4.621
2019-02-18T00:00:00+01:00,-4.619
2019-02-18T06:00:00+01:00,-4.621
2019-02-18T12:00:00+01:00,-4.62
2019-02-18T18:00:00+01:00,-4.622
2019-02-19T00:00:00+01:00,-4.62
2019-02-19T06:00:00+01:00,-4.623
2019-02-19T12:00:00+01:00,-4.623
2019-02-19T18:00:00+01:00,-4.626
2019-02-20T00:00:00+01:00,-4.666
2019-02-20T06:00:00+01:00,-4.695
2019-02-20T12:00:00+01:00,-4.7
2019-02-20T18:00:00+01:00,-4.705
2019-02-21T00:00:00+01:00,-4.718
2019-02-21T06:00:00+01:00,-4.735
2019-02-21T12:00:00+01:00,-4.747
2019-02-21T18:00:00+01:00,-4.785
2019-02-22T00:00:00+01:00,-4.838
2019-02-22T06:00:00+01:00,-4.876
2019-02-22T12:00:00+01:00,-4.91
2019-02-22T18:00:00+01:00,-4.938
2019-02-23T00:00:00+01:00,-4.954
2019-02-23T06:00:00+01:00,-4.964
2019-02-23T12:00:00+01:00,-4.944
2019-02-23T18:00:00+01:00,-4.892
2019-02-24T00:00:00+01:00,-4.866
2019-02-24T06:00:00+01:00,-4.852
2019-02-24T12:00:00+01:00,-4.845
2019-02-24T18:00:00+01:00,-4.836
2019-02-25T00:00:00+01:00,-4.831
2019-02-25T06:00:00+01:00,-4.826
2019-02-25T12:00:00+01:00,-4.823
2019-02-25T18:00:00+01:00,-4.821
2019-02-26T00:00:00+01:00,-4.821
2019-02-26T06:00:00+01:00,-4.818
2019-02-26T12:00:00+01:00,-4.817
2019-02-26T18:00:00+01:00,-4.812
2019-02-27T00:00:00+01:00,-4.809
2019-02-27T06:00:00+01:00,-4.806
2019-02-27T12:00:00+01:00,-4.804
2019-02-27T18:00:00+01:00,-4.804
2019-02-28T00:00:00+01:00,-4.81
2019-02-28T06:00:00+01:00,-4.806
2019-02-28T12:00:00+01:00,-4.806
2019-02-28T18:00:00+01:00,-4.801
2019-03-01T00:00:00+01:00,-4.791
2019-03-01T06:00:00+01:00,-4.785
2019-03-01T12:00:00+01:00,-4.784
2019-03-01T18:00:00+01:00,-4.783
2019-03-02T00:00:00+01:00,-4.778
2019-03-02T06:00:00+01:00,-4.757
2019-03-02T12:00:00+01:00,-4.741
2019-03-02T18:00:00+01:00,-4.725
2019-03-03T00:00:00+01:00,-4.72
2019-03-03T06:00:00+01:00,-4.709
2019-03-03T12:00:00+01:00,-4.696
2019-03-03T18:00:00+01:00,-4.681
2019-03-04T00:00:00+01:00,-4.666
2019-03-04T06:00:00+01:00,-4.64
2019-03-04T12:00:00+01:00,-4.637
2019-03-04T18:00:00+01:00,-4.64
2019-03-05T00:00:00+01:00,-4.642
2019-03-05T06:00:00+01:00,-4.646
2019-03-05T12:00:00+01:00,-4.649
2019-03-05T18:00:00+01:00,-4.654
2019-03-06T00:00:00+01:00,-4.658
2019-03-06T06:00:00+01:00,-4.658
2019-03-06T12:00:00+01:00,-4.659
2019-03-06T18:00:00+01:00,-4.657
2019-03-07T00:00:00+01:00,-4.655
2019-03-07T06:00:00+01:00,-4.646
2019-03-07T12:00:00+01:00,-4.637
2019-03-07T18:00:00+01:00,-4.637
2019-03-08T00:00:00+01:00,-4.637
2019-03-08T06:00:00+01:00,-4.641
2019-03-08T12:00:00+01:00,-4.644
2019-03-08T18:00:00+01:00,-4.642
2019-03-09T00:00:00+01:00,-4.642
2019-03-09T06:00:00+01:00,-4.644
2019-03-09T12:00:00+01:00,-4.639
2019-03-09T18:00:00+01:00,-4.644
2019-03-10T00:00:00+01:00,-4.642
2019-03-10T06:00:00+01:00,-4.64
2019-03-10T12:00:00+01:00,-4.617
2019-03-10T18:00:00+01:00,-4.606
2019-03-11T00:00:00+01:00,-4.613
2019-03-11T06:00:00+01:00,-4.612
2019-03-11T12:00:00+01:00,-4.612
2019-03-11T18:00:00+01:00,-4.617
2019-03-12T00:00:00+01:00,-4.619
2019-03-12T06:00:00+01:00,-4.619
2019-03-12T12:00:00+01:00,-4.607
2019-03-12T18:00:00+01:00,-4.583
2019-03-13T00:00:00+01:00,-4.578
2019-03-13T06:00:00+01:00,-4.579
2019-03-13T12:00:00+01:00,-4.582
2019-03-13T18:00:00+01:00,-4.585
2019-03-14T00:00:00+01:00,-4.634
2019-03-14T06:00:00+01:00,-4.685
2019-03-14T12:00:00+01:00,-4.71
2019-03-14T18:00:00+01:00,-4.739
2019-03-15T00:00:00+01:00,-4.764
2019-03-15T06:00:00+01:00,-4.78
2019-03-15T12:00:00+01:00,-4.789
2019-03-15T18:00:00+01:00,-4.804
2019-03-16T00:00:00+01:00,-4.818
2019-03-16T06:00:00+01:00,-4.824
2019-03-16T12:00:00+01:00,-4.829
2019-03-16T18:00:00+01:00,-4.83
2019-03-17T00:00:00+01:00,-4.83
2019-03-17T06:00:00+01:00,-4.833
2019-03-17T12:00:00+01:00,-4.833
2019-03-17T18:00:00+01:00,-4.836
2019-03-18T00:00:00+01:00,-4.84
2019-03-18T06:00:00+01:00,-4.846
2019-03-18T12:00:00+01:00,-4.853
2019-03-18T18:00:00+01:00,-4.873
2019-03-19T00:00:00+01:00,-4.908
2019-03-19T06:00:00+01:00,-4.944
2019-03-19T12:00:00+01:00,-4.978
2019-03-19T18:00:00+01:00,-5.006
2019-03-20T00:00:00+01:00,-5.013
2019-03-20T06:00:00+01:00,-5.001
2019-03-20T12:00:00+01:00,-4.997
2019-03-20T18:00:00+01:00,-4.995
2019-03-21T00:00:00+01:00,-4.996
2019-03-21T06:00:00+01:00,-4.995
2019-03-21T12:00:00+01:00,-4.994
2019-03-21T18:00:00+01:00,-4.996
2019-03-22T00:00:00+01:00,-4.998
2019-03-22T06:00:00+01:00,-4.998
2019-03-22T12:00:00+01:00,-4.996
2019-03-22T18:00:00+01:00,-4.993
2019-03-23T00:00:00+01:00,-4.99
2019-03-23T06:00:00+01:00,-4.987
2019-03-23T12:00:00+01:00,-4.984
2019-03-23T18:00:00+01:00,-4.983
2019-03-24T00:00:00+01:00,-4.982
2019-03-24T06:00:00+01:00,-4.973
2019-03-24T12:00:00+01:00,-4.963
2019-03-24T18:00:00+01:00,-4.956
2019-03-25T00:00:00+01:00,-4.945
2019-03-25T06:00:00+01:00,-4.939
2019-03-25T12:00:00+01:00,-4.936
2019-03-25T18:00:00+01:00,-4.934
2019-03-26T00:00:00+01:00,-4.909
2019-03-26T06:00:00+01:00,-4.868
2019-03-26T12:00:00+01:00,-4.84
2019-03-26T18:00:00+01:00,-4.815
2019-03-27T00:00:00+01:00,-4.799
2019-03-27T06:00:00+01:00,-4.789
2019-03-27T12:00:00+01:00,-4.781
2019-03-27T18:00:00+01:00,-4.781
2019-03-28T00:00:00+01:00,-4.784
2019-03-28T06:00:00+01:00,-4.785
2019-03-28T12:00:00+01:00,-4.783
2019-03-28T18:00:00+01:00,-4.784
2019-03-29T00:00:00+01:00,-4.785
2019-03-29T06:00:00+01:00,-4.789
2019-03-29T12:00:00+01:00,-4.788
2019-03-29T18:00:00+01:00,-4.788
2019-03-30T00:00:00+01:00,-4.785
2019-03-30T06:00:00+01:00,-4.774
2019-03-30T12:00:00+01:00,-4.761
2019-03-30T18:00:00+01:00,-4.753
2019-03-31T00:00:00+01:00,-4.746
2019-03-31T07:00:00+02:00,-4.748
2019-03-31T13:00:00+02:00,-4.744
2019-03-31T19:00:00+02:00,-4.745
2019-04-01T01:00:00+02:00,-4.74
2019-04-01T07:00:00+02:00,-4.739
2019-04-01T13:00:00+02:00,-4.748
2019-04-01T19:00:00+02:00,-4.78
2019-04-02T01:00:00+02:00,-4.809
2019-04-02T07:00:00+02:00,-4.836
2019-04-02T13:00:00+02:00,-4.848
2019-04-02T19:00:00+02:00,-4.854
2019-04-03T01:00:00+02:00,-4.864
2019-04-03T07:00:00+02:00,-4.867
2019-04-03T13:00:00+02:00,-4.87
2019-04-03T19:00:00+02:00,-4.873
2019-04-04T01:00:00+02:00,-4.876
2019-04-04T07:00:00+02:00,-4.877
2019-04-04T13:00:00+02:00,-4.878
2019-04-04T19:00:00+02:00,-4.88
2019-04-05T01:00:00+02:00,-4.881
2019-04-05T07:00:00+02:00,-4.85
2019-04-05T13:00:00+02:00,-4.821
2019-04-05T19:00:00+02:00,-4.796
2019-04-06T01:00:00+02:00,-4.782
2019-04-06T07:00:00+02:00,-4.773
2019-04-06T13:00:00+02:00,-4.765
2019-04-06T19:00:00+02:00,-4.758
2019-04-07T01:00:00+02:00,-4.752
2019-04-07T07:00:00+02:00,-4.747
2019-04-07T13:00:00+02:00,-4.743
2019-04-07T19:00:00+02:00,-4.742
2019-04-08T01:00:00+02:00,-4.738
2019-04-08T07:00:00+02:00,-4.739
2019-04-08T13:00:00+02:00,-4.738
2019-04-08T19:00:00+02:00,-4.74
2019-04-09T01:00:00+02:00,-4.738
2019-04-09T07:00:00+02:00,-4.739
2019-04-09T13:00:00+02:00,-4.742
2019-04-09T19:00:00+02:00,-4.746
2019-04-10T01:00:00+02:00,-4.747
2019-04-10T07:00:00+02:00,-4.751
2019-04-10T13:00:00+02:00,-4.756
2019-04-10T19:00:00+02:00,-4.76
2019-04-11T01:00:00+02:00,-4.766
2019-04-11T07:00:00+02:00,-4.773
2019-04-11T13:00:00+02:00,-4.776
2019-04-11T19:00:00+02:00,-4.784
2019-04-12T01:00:00+02:00,-4.786
2019-04-12T07:00:00+02:00,-4.79
2019-04-12T13:00:00+02:00,-4.792
2019-04-12T19:00:00+02:00,-4.796
2019-04-13T01:00:00+02:00,-4.797
2019-04-13T07:00:00+02:00,-4.8
2019-04-13T13:00:00+02:00,-4.799
2019-04-13T19:00:00+02:00,-4.8
2019-04-14T01:00:00+02:00,-4.804
2019-04-14T07:00:00+02:00,-4.803
2019-04-14T13:00:00+02:00,-4.8
2019-04-14T19:00:00+02:00,-4.804
2019-04-15T01:00:00+02:00,-4.806
2019-04-15T07:00:00+02:00,-4.803
2019-04-15T13:00:00+02:00,-4.8
2019-04-15T19:00:00+02:00,-4.805
2019-04-16T01:00:00+02:00,-4.803
2019-04-16T07:00:00+02:00,-4.8
2019-04-16T13:00:00+02:00,-4.8
2019-04-16T19:00:00+02:00,-4.799
2019-04-17T01:00:00+02:00,-4.8
2019-04-17T07:00:00+02:00,-4.798
2019-04-17T13:00:00+02:00,-4.798
2019-04-17T19:00:00+02:00,-4.799
2019-04-18T01:00:00+02:00,-4.797
2019-04-18T07:00:00+02:00,-4.796
2019-04-18T13:00:00+02:00,-4.795
2019-04-18T19:00:00+02:00,-4.796
2019-04-19T01:00:00+02:00,-4.795
2019-04-19T07:00:00+02:00,-4.796
2019-04-19T13:00:00+02:00,-4.795
2019-04-19T19:00:00+02:00,-4.796
2019-04-20T01:00:00+02:00,-4.794
2019-04-20T07:00:00+02:00,-4.794
2019-04-20T13:00:00+02:00,-4.791
2019-04-20T19:00:00+02:00,-4.79
2019-04-21T01:00:00+02:00,-4.788
2019-04-21T07:00:00+02:00,-4.786
2019-04-21T13:00:00+02:00,-4.78
2019-04-21T19:00:00+02:00,-4.772
2019-04-22T01:00:00+02:00,-4.761
2019-04-22T07:00:00+02:00,-4.755
2019-04-22T13:00:00+02:00,-4.748
2019-04-22T19:00:00+02:00,-4.741
2019-04-23T01:00:00+02:00,-4.737
2019-04-23T07:00:00+02:00,-4.729
2019-04-23T13:00:00+02:00,-4.721
2019-04-23T19:00:00+02:00,-4.72
2019-04-24T01:00:00+02:00,-4.716
2019-04-24T07:00:00+02:00,-4.716
2019-04-24T13:00:00+02:00,-4.717
2019-04-24T19:00:00+02:00,-4.714
2019-04-25T01:00:00+02:00,-4.716
2019-04-25T07:00:00+02:00,-4.715
2019-04-25T13:00:00+02:00,-4.72
2019-04-25T19:00:00+02:00,-4.715
2019-04-26T01:00:00+02:00,-4.716
2019-04-26T07:00:00+02:00,-4.72
2019-04-26T13:00:00+02:00,-4.722
2019-04-26T19:00:00+02:00,-4.725
2019-04-27T01:00:00+02:00,-4.723
2019-04-27T07:00:00+02:00,-4.726
2019-04-27T13:00:00+02:00,-4.729
2019-04-27T19:00:00+02:00,-4.728
2019-04-28T01:00:00+02:00,-4.729
2019-04-28T07:00:00+02:00,-4.737
2019-04-28T13:00:00+02:00,-4.735
2019-04-28T19:00:00+02:00,-4.74
2019-04-29T01:00:00+02:00,-4.743
2019-04-29T07:00:00+02:00,-4.748
2019-04-29T13:00:00+02:00,-4.753
2019-04-29T19:00:00+02:00,-4.755
2019-04-30T01:00:00+02:00,-4.757
2019-04-30T07:00:00+02:00,-4.76
2019-04-30T13:00:00+02:00,-4.761
2019-04-30T19:00:00+02:00,-4.762
2019-05-01T01:00:00+02:00,-4.763
2019-05-01T07:00:00+02:00,-4.766
2019-05-01T13:00:00+02:00,-4.764
2019-05-01T19:00:00+02:00,-4.764
2019-05-02T01:00:00+02:00,-4.765
2019-05-02T07:00:00+02:00,-4.765
2019-05-02T13:00:00+02:00,-4.757
2019-05-02T19:00:00+02:00,-4.755
2019-05-03T01:00:00+02:00,-4.755
2019-05-03T07:00:00+02:00,-4.758
2019-05-03T13:00:00+02:00,-4.756
2019-05-03T19:00:00+02:00,-4.761
2019-05-04T01:00:00+02:00,-4.761
2019-05-04T07:00:00+02:00,-4.763
2019-05-04T13:00:00+02:00,-4.763
2019-05-04T19:00:00+02:00,-4.767
2019-05-05T01:00:00+02:00,-4.771
2019-05-05T07:00:00+02:00,-4.78
2019-05-05T13:00:00+02:00,-4.783
2019-05-05T19:00:00+02:00,-4.785
2019-05-06T01:00:00+02:00,-4.791
2019-05-06T07:00:00+02:00,-4.789
2019-05-06T13:00:00+02:00,-4.79
2019-05-06T19:00:00+02:00,-4.791
2019-05-07T01:00:00+02:00,-4.789
2019-05-07T07:00:00+02:00,-4.79
2019-05-07T13:00:00+02:00,-4.787
2019-05-07T19:00:00+02:00,-4.789
2019-05-08T01:00:00+02:00,-4.785
2019-05-08T07:00:00+02:00,-4.777
2019-05-08T13:00:00+02:00,-4.767
2019-05-08T19:00:00+02:00,-4.751
2019-05-09T01:00:00+02:00,-4.745
2019-05-09T07:00:00+02:00,-4.743
2019-05-09T13:00:00+02:00,-4.74
2019-05-09T19:00:00+02:00,-4.74
2019-05-10T01:00:00+02:00,-4.74
2019-05-10T07:00:00+02:00,-4.742
2019-05-10T13:00:00+02:00,-4.747
2019-05-10T19:00:00+02:00,-4.751
2019-05-11T01:00:00+02:00,-4.757
2019-05-11T07:00:00+02:00,-4.76
2019-05-11T13:00:00+02:00,-4.766
2019-05-11T19:00:00+02:00,-4.774
2019-05-12T01:00:00+02:00,-4.786
2019-05-12T07:00:00+02:00,-4.798
2019-05-12T13:00:00+02:00,-4.806
2019-05-12T19:00:00+02:00,-4.814
2019-05-13T01:00:00+02:00,-4.823
2019-05-13T07:00:00+02:00,-4.828
2019-05-13T13:00:00+02:00,-4.831
2019-05-13T19:00:00+02:00,-4.832
2019-05-14T01:00:00+02:00,-4.835
2019-05-14T07:00:00+02:00,-4.833
2019-05-14T13:00:00+02:00,-4.833
2019-05-14T19:00:00+02:00,-4.832
2019-05-15T01:00:00+02:00,-4.83
2019-05-15T07:00:00+02:00,-4.828
2019-05-15T13:00:00+02:00,-4.824
2019-05-15T19:00:00+02:00,-4.819
2019-05-16T01:00:00+02:00,-4.815
2019-05-16T07:00:00+02:00,-4.812
2019-05-16T13:00:00+02:00,-4.803
2019-05-16T19:00:00+02:00,-4.795
2019-05-17T01:00:00+02:00,-4.787
2019-05-17T07:00:00+02:00,-4.779
2019-05-17T13:00:00+02:00,-4.772
2019-05-17T19:00:00+02:00,-4.767
2019-05-18T01:00:00+02:00,-4.76
2019-05-18T07:00:00+02:00,-4.759
2019-05-18T13:00:00+02:00,-4.756
2019-05-18T19:00:00+02:00,-4.754
2019-05-19T01:00:00+02:00,-4.755
2019-05-19T07:00:00+02:00,-4.752
2019-05-19T13:00:00+02:00,-4.751
2019-05-19T19:00:00+02:00,-4.751
2019-05-20T01:00:00+02:00,-4.752
2019-05-20T07:00:00+02:00,-4.751
2019-05-20T13:00:00+02:00,-4.751
2019-05-20T19:00:00+02:00,-4.749
2019-05-21T01:00:00+02:00,-4.75
2019-05-21T07:00:00+02:00,-4.751
2019-05-21T13:00:00+02:00,-4.754
2019-05-21T19:00:00+02:00,-4.756
2019-05-22T01:00:00+02:00,-4.759
2019-05-22T07:00:00+02:00,-4.761
2019-05-22T13:00:00+02:00,-4.764
2019-05-22T19:00:00+02:00,-4.766
2019-05-23T01:00:00+02:00,-4.769
2019-05-23T07:00:00+02:00,-4.768
2019-05-23T13:00:00+02:00,-4.768
2019-05-23T19:00:00+02:00,-4.768
2019-05-24T01:00:00+02:00,-4.769
2019-05-24T07:00:00+02:00,-4.772
2019-05-24T13:00:00+02:00,-4.771
2019-05-24T19:00:00+02:00,-4.772
2019-05-25T01:00:00+02:00,-4.77
2019-05-25T07:00:00+02:00,-4.773
2019-05-25T13:00:00+02:00,-4.772
2019-05-25T19:00:00+02:00,-4.775
2019-05-26T01:00:00+02:00,-4.773
2019-05-26T07:00:00+02:00,-4.774
2019-05-26T13:00:00+02:00,-4.773
2019-05-26T19:00:00+02:00,-4.773
2019-05-27T01:00:00+02:00,-4.773
2019-05-27T07:00:00+02:00,-4.773
2019-05-27T13:00:00+02:00,-4.769
2019-05-27T19:00:00+02:00,-4.769
2019-05-28T01:00:00+02:00,-4.767
2019-05-28T07:00:00+02:00,-4.767
2019-05-28T13:00:00+02:00,-4.769
2019-05-28T19:00:00+02:00,-4.77
2019-05-29T01:00:00+02:00,-4.77
2019-05-29T07:00:00+02:00,-4.776
2019-05-29T13:00:00+02:00,-4.778
2019-05-29T19:00:00+02:00,-4.781
2019-05-30T01:00:00+02:00,-4.782
2019-05-30T07:00:00+02:00,-4.786
2019-05-30T13:00:00+02:00,-4.787
2019-05-30T19:00:00+02:00,-4.789
2019-05-31T01:00:00+02:00,-4.79
2019-05-31T07:00:00+02:00,-4.792
2019-05-31T13:00:00+02:00,-4.792
2019-05-31T19:00:00+02:00,-4.79
2019-06-01T01:00:00+02:00,-4.791
2019-06-01T07:00:00+02:00,-4.792
2019-06-01T13:00:00+02:00,-4.791
2019-06-01T19:00:00+02:00,-4.79
2019-06-02T01:00:00+02:00,-4.788
2019-06-02T07:00:00+02:00,-4.788
2019-06-02T13:00:00+02:00,-4.785
2019-06-02T19:00:00+02:00,-4.78
2019-06-03T01:00:00+02:00,-4.777
2019-06-03T07:00:00+02:00,-4.774
2019-06-03T13:00:00+02:00,-4.775
2019-06-03T19:00:00+02:00,-4.776
2019-06-04T01:00:00+02:00,-4.775
2019-06-04T07:00:00+02:00,-4.775
2019-06-04T13:00:00+02:00,-4.771
2019-06-04T19:00:00+02:00,-4.77
2019-06-05T01:00:00+02:00,-4.769
2019-06-05T07:00:00+02:00,-4.766
2019-06-05T13:00:00+02:00,-4.765
2019-06-05T19:00:00+02:00,-4.766
2019-06-06T01:00:00+02:00,-4.743
2019-06-06T07:00:00+02:00,-4.76
2019-06-06T13:00:00+02:00,-4.76
2019-06-06T19:00:00+02:00,-4.76
2019-06-07T01:00:00+02:00,-4.759
2019-06-07T07:00:00+02:00,-4.755
2019-06-07T13:00:00+02:00,-4.753
2019-06-07T19:00:00+02:00,-4.75
2019-06-08T01:00:00+02:00,-4.746
2019-06-08T07:00:00+02:00,-4.744
2019-06-08T13:00:00+02:00,-4.742
2019-06-08T19:00:00+02:00,-4.74
2019-06-09T01:00:00+02:00,-4.741
2019-06-09T07:00:00+02:00,-4.745
2019-06-09T13:00:00+02:00,-4.745
2019-06-09T19:00:00+02:00,-4.746
2019-06-10T01:00:00+02:00,-4.745
2019-06-10T07:00:00+02:00,-4.745
2019-06-10T13:00:00+02:00,-4.743
2019-06-10T19:00:00+02:00,-4.74
2019-06-11T01:00:00+02:00,-4.739
2019-06-11T07:00:00+02:00,-4.735
2019-06-11T13:00:00+02:00,-4.732
2019-06-11T19:00:00+02:00,-4.728
2019-06-12T01:00:00+02:00,-4.729
2019-06-12T07:00:00+02:00,-4.725
2019-06-12T13:00:00+02:00,-4.722
2019-06-12T19:00:00+02:00,-4.724
2019-06-13T01:00:00+02:00,-4.72
2019-06-13T07:00:00+02:00,-4.718
2019-06-13T13:00:00+02:00,-4.718
2019-06-13T19:00:00+02:00,-4.717
2019-06-14T01:00:00+02:00,-4.716
2019-06-14T07:00:00+02:00,-4.717
2019-06-14T13:00:00+02:00,-4.717
2019-06-14T19:00:00+02:00,-4.717
2019-06-15T01:00:00+02:00,-4.712
2019-06-15T07:00:00+02:00,-4.711
2019-06-15T13:00:00+02:00,-4.711
2019-06-15T19:00:00+02:00,-4.709
2019-06-16T01:00:00+02:00,-4.706
2019-06-16T07:00:00+02:00,-4.705
2019-06-16T13:00:00+02:00,-4.702
2019-06-16T19:00:00+02:00,-4.701
2019-06-17T01:00:00+02:00,-4.696
2019-06-17T07:00:00+02:00,-4.692
2019-06-17T13:00:00+02:00,-4.689
2019-06-17T19:00:00+02:00,-4.686
2019-06-18T01:00:00+02:00,-4.683
2019-06-18T07:00:00+02:00,-4.68
2019-06-18T13:00:00+02:00,-4.68
2019-06-18T19:00:00+02:00,-4.675
2019-06-19T01:00:00+02:00,-4.672
2019-06-19T07:00:00+02:00,-4.666
2019-06-19T13:00:00+02:00,-4.666
2019-06-19T19:00:00+02:00,-4.667
2019-06-20T01:00:00+02:00,-4.665
2019-06-20T07:00:00+02:00,-4.665
2019-06-20T13:00:00+02:00,-4.666
2019-06-20T19:00:00+02:00,-4.666
2019-06-21T01:00:00+02:00,-4.666
2019-06-21T07:00:00+02:00,-4.668
2019-06-21T13:00:00+02:00,-4.67
2019-06-21T19:00:00+02:00,-4.674
2019-06-22T01:00:00+02:00,-4.678
2019-06-22T07:00:00+02:00,-4.682
2019-06-22T13:00:00+02:00,-4.684
2019-06-22T19:00:00+02:00,-4.685
2019-06-23T01:00:00+02:00,-4.687
2019-06-23T07:00:00+02:00,-4.69
2019-06-23T13:00:00+02:00,-4.691
2019-06-23T19:00:00+02:00,-4.691
2019-06-24T01:00:00+02:00,-4.694
2019-06-24T07:00:00+02:00,-4.695
2019-06-24T13:00:00+02:00,-4.694
2019-06-24T19:00:00+02:00,-4.693
2019-06-25T01:00:00+02:00,-4.694
2019-06-25T07:00:00+02:00,-4.695
2019-06-25T13:00:00+02:00,-4.697
2019-06-25T19:00:00+02:00,-4.697
2019-06-26T01:00:00+02:00,-4.698
2019-06-26T07:00:00+02:00,-4.7
2019-06-26T13:00:00+02:00,-4.704
2019-06-26T19:00:00+02:00,-4.711
2019-06-27T01:00:00+02:00,-4.715
2019-06-27T07:00:00+02:00,-4.723
2019-06-27T13:00:00+02:00,-4.726
2019-06-27T19:00:00+02:00,-4.729
2019-06-28T01:00:00+02:00,-4.731
2019-06-28T07:00:00+02:00,-4.732
2019-06-28T13:00:00+02:00,-4.734
2019-06-28T19:00:00+02:00,-4.735
2019-06-29T01:00:00+02:00,-4.737
2019-06-29T07:00:00+02:00,-4.735
2019-06-29T13:00:00+02:00,-4.736
2019-06-29T19:00:00+02:00,-4.734
2019-06-30T01:00:00+02:00,-4.734
2019-06-30T07:00:00+02:00,-4.734
2019-06-30T13:00:00+02:00,-4.727
2019-06-30T19:00:00+02:00,-4.729
2019-07-01T01:00:00+02:00,-4.73
2019-07-01T07:00:00+02:00,-4.731
2019-07-01T13:00:00+02:00,-4.732
2019-07-01T19:00:00+02:00,-4.732
2019-07-02T01:00:00+02:00,-4.734
2019-07-02T07:00:00+02:00,-4.736
2019-07-02T13:00:00+02:00,-4.737
2019-07-02T19:00:00+02:00,-4.739
2019-07-03T01:00:00+02:00,-4.742
2019-07-03T07:00:00+02:00,-4.745
2019-07-03T13:00:00+02:00,-4.747
2019-07-03T19:00:00+02:00,-4.75
2019-07-04T01:00:00+02:00,-4.751
2019-07-04T07:00:00+02:00,-4.755
2019-07-04T13:00:00+02:00,-4.756
2019-07-04T19:00:00+02:00,-4.757
2019-07-05T01:00:00+02:00,-4.759
2019-07-05T07:00:00+02:00,-4.761
2019-07-05T13:00:00+02:00,-4.761
2019-07-05T19:00:00+02:00,-4.757
2019-07-06T01:00:00+02:00,-4.757
2019-07-06T07:00:00+02:00,-4.757
2019-07-06T13:00:00+02:00,-4.759
2019-07-06T19:00:00+02:00,-4.758
2019-07-07T01:00:00+02:00,-4.757
2019-07-07T07:00:00+02:00,-4.758
2019-07-07T13:00:00+02:00,-4.758
2019-07-07T19:00:00+02:00,-4.756
2019-07-08T01:00:00+02:00,-4.757
2019-07-08T07:00:00+02:00,-4.757
2019-07-08T13:00:00+02:00,-4.76
2019-07-08T19:00:00+02:00,-4.759
2019-07-09T01:00:00+02:00,-4.761
2019-07-09T07:00:00+02:00,-4.756
2019-07-09T13:00:00+02:00,-4.761
2019-07-09T19:00:00+02:00,-4.761
2019-07-10T01:00:00+02:00,-4.762
2019-07-10T07:00:00+02:00,-4.766
2019-07-10T13:00:00+02:00,-4.766
2019-07-10T19:00:00+02:00,-4.765
2019-07-11T01:00:00+02:00,-4.764
2019-07-11T07:00:00+02:00,-4.762
2019-07-11T13:00:00+02:00,-4.761
2019-07-11T19:00:00+02:00,-4.763
2019-07-12T01:00:00+02:00,-4.762
2019-07-12T07:00:00+02:00,-4.767
2019-07-12T13:00:00+02:00,-4.764
2019-07-12T19:00:00+02:00,-4.762
2019-07-13T01:00:00+02:00,-4.761
2019-07-13T07:00:00+02:00,-4.763
2019-07-13T13:00:00+02:00,-4.764
2019-07-13T19:00:00+02:00,-4.764
2019-07-14T01:00:00+02:00,-4.764
2019-07-14T07:00:00+02:00,-4.765
2019-07-14T13:00:00+02:00,-4.766
2019-07-14T19:00:00+02:00,-4.766
2019-07-15T01:00:00+02:00,-4.766
2019-07-15T07:00:00+02:00,-4.768
2019-07-15T13:00:00+02:00,-4.77
2019-07-15T19:00:00+02:00,-4.771
2019-07-16T01:00:00+02:00,-4.769
2019-07-16T07:00:00+02:00,-4.773
2019-07-16T13:00:00+02:00,-4.771
2019-07-16T19:00:00+02:00,-4.772
2019-07-17T01:00:00+02:00,-4.77
2019-07-17T07:00:00+02:00,-4.77
2019-07-17T13:00:00+02:00,-4.771
2019-07-17T19:00:00+02:00,-4.771
2019-07-18T01:00:00+02:00,-4.769
2019-07-18T07:00:00+02:00,-4.769
2019-07-18T13:00:00+02:00,-4.77
2019-07-18T19:00:00+02:00,-4.77
2019-07-19T01:00:00+02:00,-4.77
2019-07-19T07:00:00+02:00,-4.77
2019-07-19T13:00:00+02:00,-4.77
2019-07-19T19:00:00+02:00,-4.767
2019-07-20T01:00:00+02:00,-4.767
2019-07-20T07:00:00+02:00,-4.769
2019-07-20T13:00:00+02:00,-4.768
2019-07-20T19:00:00+02:00,-4.767
2019-07-21T01:00:00+02:00,-4.768
2019-07-21T07:00:00+02:00,-4.769
2019-07-21T13:00:00+02:00,-4.77
2019-07-21T19:00:00+02:00,-4.77
2019-07-22T01:00:00+02:00,-4.774
2019-07-22T07:00:00+02:00,-4.774
2019-07-22T13:00:00+02:00,-4.775
2019-07-22T19:00:00+02:00,-4.777
2019-07-23T01:00:00+02:00,-4.779
2019-07-23T07:00:00+02:00,-4.778
2019-07-23T13:00:00+02:00,-4.781
2019-07-23T19:00:00+02:00,-4.784
2019-07-24T01:00:00+02:00,-4.778
2019-07-24T07:00:00+02:00,-4.784
2019-07-24T13:00:00+02:00,-4.785
2019-07-24T19:00:00+02:00,-4.784
2019-07-25T01:00:00+02:00,-4.785
2019-07-25T07:00:00+02:00,-4.786
2019-07-25T13:00:00+02:00,-4.788
2019-07-25T19:00:00+02:00,-4.787
2019-07-26T01:00:00+02:00,-4.789
2019-07-26T07:00:00+02:00,-4.788
2019-07-26T13:00:00+02:00,-4.789
2019-07-26T19:00:00+02:00,-4.786
2019-07-27T01:00:00+02:00,-4.788
2019-07-27T07:00:00+02:00,-4.788
2019-07-27T13:00:00+02:00,-4.788
2019-07-27T19:00:00+02:00,-4.789
2019-07-28T01:00:00+02:00,-4.789
2019-07-28T07:00:00+02:00,-4.792
2019-07-28T13:00:00+02:00,-4.794
2019-07-28T19:00:00+02:00,-4.793
2019-07-29T01:00:00+02:00,-4.794
2019-07-29T07:00:00+02:00,-4.797
2019-07-29T13:00:00+02:00,-4.8
2019-07-29T19:00:00+02:00,-4.804
2019-07-30T01:00:00+02:00,-4.808
2019-07-30T07:00:00+02:00,-4.813
2019-07-30T13:00:00+02:00,-4.817
2019-07-30T19:00:00+02:00,-4.818
2019-07-31T01:00:00+02:00,-4.821
2019-07-31T07:00:00+02:00,-4.824
2019-07-31T13:00:00+02:00,-4.825
2019-07-31T19:00:00+02:00,-4.825
2019-08-01T01:00:00+02:00,-4.83
2019-08-01T07:00:00+02:00,-4.833
2019-08-01T13:00:00+02:00,-4.832
2019-08-01T19:00:00+02:00,-4.833
2019-08-02T01:00:00+02:00,-4.833
2019-08-02T07:00:00+02:00,-4.833
2019-08-02T13:00:00+02:00,-4.834
2019-08-02T19:00:00+02:00,-4.834
2019-08-03T01:00:00+02:00,-4.837
2019-08-03T07:00:00+02:00,-4.836
2019-08-03T13:00:00+02:00,-4.837
2019-08-03T19:00:00+02:00,-4.836
2019-08-04T01:00:00+02:00,-4.838
2019-08-04T07:00:00+02:00,-4.838
2019-08-04T13:00:00+02:00,-4.837
2019-08-04T19:00:00+02:00,-4.837
2019-08-05T01:00:00+02:00,-4.837
2019-08-05T07:00:00+02:00,-4.838
2019-08-05T13:00:00+02:00,-4.836
2019-08-05T19:00:00+02:00,-4.834
2019-08-06T01:00:00+02:00,-4.834
2019-08-06T07:00:00+02:00,-4.834
2019-08-06T13:00:00+02:00,-4.836
2019-08-06T19:00:00+02:00,-4.833
2019-08-07T01:00:00+02:00,-4.833
2019-08-07T07:00:00+02:00,-4.832
2019-08-07T13:00:00+02:00,-4.831
2019-08-07T19:00:00+02:00,-4.83
2019-08-08T01:00:00+02:00,-4.833
2019-08-08T07:00:00+02:00,-4.832
2019-08-08T13:00:00+02:00,-4.83
2019-08-08T19:00:00+02:00,-4.831
2019-08-09T01:00:00+02:00,-4.83
2019-08-09T07:00:00+02:00,-4.833
2019-08-09T13:00:00+02:00,-4.833
2019-08-09T19:00:00+02:00,-4.831
2019-08-10T01:00:00+02:00,-4.831
2019-08-10T07:00:00+02:00,-4.829
2019-08-10T13:00:00+02:00,-4.828
2019-08-10T19:00:00+02:00,-4.832
2019-08-11T01:00:00+02:00,-4.831
2019-08-11T07:00:00+02:00,-4.832
2019-08-11T13:00:00+02:00,-4.836
2019-08-11T19:00:00+02:00,-4.833
2019-08-12T01:00:00+02:00,-4.834
2019-08-12T07:00:00+02:00,-4.836
2019-08-12T13:00:00+02:00,-4.834
2019-08-12T19:00:00+02:00,-4.835
2019-08-13T01:00:00+02:00,-4.837
2019-08-13T07:00:00+02:00,-4.838
2019-08-13T13:00:00+02:00,-4.837
2019-08-13T19:00:00+02:00,-4.838
2019-08-14T01:00:00+02:00,-4.837
2019-08-14T07:00:00+02:00,-4.839
2019-08-14T13:00:00+02:00,-4.84
2019-08-14T19:00:00+02:00,-4.839
2019-08-15T01:00:00+02:00,-4.838
2019-08-15T07:00:00+02:00,-4.837
2019-08-15T13:00:00+02:00,-4.832
2019-08-15T19:00:00+02:00,-4.832
2019-08-16T01:00:00+02:00,-4.831
2019-08-16T07:00:00+02:00,-4.831
2019-08-16T13:00:00+02:00,-4.83
2019-08-16T19:00:00+02:00,-4.828
2019-08-17T01:00:00+02:00,-4.827
2019-08-17T07:00:00+02:00,-4.827
2019-08-17T13:00:00+02:00,-4.824
2019-08-17T19:00:00+02:00,-4.819
2019-08-18T01:00:00+02:00,-4.816
2019-08-18T07:00:00+02:00,-4.817
2019-08-18T13:00:00+02:00,-4.817
2019-08-18T19:00:00+02:00,-4.815
2019-08-19T01:00:00+02:00,-4.816
2019-08-19T07:00:00+02:00,-4.817
2019-08-19T13:00:00+02:00,-4.817
2019-08-19T19:00:00+02:00,-4.817
2019-08-20T01:00:00+02:00,-4.819
2019-08-20T07:00:00+02:00,-4.819
2019-08-20T13:00:00+02:00,-4.819
2019-08-20T19:00:00+02:00,-4.822
2019-08-21T01:00:00+02:00,-4.822
2019-08-21T07:00:00+02:00,-4.824
2019-08-21T13:00:00+02:00,-4.826
2019-08-21T19:00:00+02:00,-4.826
2019-08-22T01:00:00+02:00,-4.829
2019-08-22T07:00:00+02:00,-4.832
2019-08-22T13:00:00+02:00,-4.831
2019-08-22T19:00:00+02:00,-4.833
2019-08-23T01:00:00+02:00,-4.834
2019-08-23T07:00:00+02:00,-4.837
2019-08-23T13:00:00+02:00,-4.835
2019-08-23T19:00:00+02:00,-4.835
2019-08-24T01:00:00+02:00,-4.836
2019-08-24T07:00:00+02:00,-4.837
2019-08-24T13:00:00+02:00,-4.836
2019-08-24T19:00:00+02:00,-4.837
2019-08-25T01:00:00+02:00,-4.838
2019-08-25T07:00:00+02:00,-4.837
2019-08-25T13:00:00+02:00,-4.838
2019-08-25T19:00:00+02:00,-4.84
2019-08-26T01:00:00+02:00,-4.837
2019-08-26T07:00:00+02:00,-4.835
2019-08-26T13:00:00+02:00,-4.836
2019-08-26T19:00:00+02:00,-4.837
2019-08-27T01:00:00+02:00,-4.836
2019-08-27T07:00:00+02:00,-4.837
2019-08-27T13:00:00+02:00,-4.836
2019-08-27T19:00:00+02:00,-4.839
2019-08-28T01:00:00+02:00,-4.837
2019-08-28T07:00:00+02:00,-4.836
2019-08-28T13:00:00+02:00,-4.837
2019-08-28T19:00:00+02:00,-4.836
2019-08-29T01:00:00+02:00,-4.836
2019-08-29T07:00:00+02:00,-4.839
2019-08-29T13:00:00+02:00,-4.839
2019-08-29T19:00:00+02:00,-4.839
2019-08-30T01:00:00+02:00,-4.839
2019-08-30T07:00:00+02:00,-4.84
2019-08-30T13:00:00+02:00,-4.84
2019-08-30T19:00:00+02:00,-4.842
2019-08-31T01:00:00+02:00,-4.842
2019-08-31T07:00:00+02:00,-4.841
2019-08-31T13:00:00+02:00,-4.841
2019-08-31T19:00:00+02:00,-4.84
2019-09-01T01:00:00+02:00,-4.843
2019-09-01T07:00:00+02:00,-4.84
2019-09-01T13:00:00+02:00,-4.84
2019-09-01T19:00:00+02:00,-4.841
2019-09-02T01:00:00+02:00,-4.84
2019-09-02T07:00:00+02:00,-4.841
2019-09-02T13:00:00+02:00,-4.841
2019-09-02T19:00:00+02:00,-4.843
2019-09-03T01:00:00+02:00,-4.844
2019-09-03T07:00:00+02:00,-4.845
2019-09-03T13:00:00+02:00,-4.845
2019-09-03T19:00:00+02:00,-4.846
2019-09-04T01:00:00+02:00,-4.845
2019-09-04T07:00:00+02:00,-4.847
2019-09-04T13:00:00+02:00,-4.845
2019-09-04T19:00:00+02:00,-4.847
2019-09-05T01:00:00+02:00,-4.843
2019-09-05T07:00:00+02:00,-4.845
2019-09-05T13:00:00+02:00,-4.846
2019-09-05T19:00:00+02:00,-4.845
2019-09-06T01:00:00+02:00,-4.843
2019-09-06T07:00:00+02:00,-4.847
2019-09-06T13:00:00+02:00,-4.845
2019-09-06T19:00:00+02:00,-4.846
2019-09-07T01:00:00+02:00,-4.845
2019-09-07T07:00:00+02:00,-4.846
2019-09-07T13:00:00+02:00,-4.845
2019-09-07T19:00:00+02:00,-4.846
2019-09-08T01:00:00+02:00,-4.845
2019-09-08T07:00:00+02:00,-4.845
2019-09-08T13:00:00+02:00,-4.843
2019-09-08T19:00:00+02:00,-4.846
2019-09-09T01:00:00+02:00,-4.844
2019-09-09T07:00:00+02:00,-4.843
2019-09-09T13:00:00+02:00,-4.841
2019-09-09T19:00:00+02:00,-4.842
2019-09-10T01:00:00+02:00,-4.841
2019-09-10T07:00:00+02:00,-4.84
2019-09-10T13:00:00+02:00,-4.839
2019-09-10T19:00:00+02:00,-4.839
2019-09-11T01:00:00+02:00,-4.84
2019-09-11T07:00:00+02:00,-4.84
2019-09-11T13:00:00+02:00,-4.838
2019-09-11T19:00:00+02:00,-4.839
2019-09-12T01:00:00+02:00,-4.841
2019-09-12T07:00:00+02:00,-4.841
2019-09-12T13:00:00+02:00,-4.84
2019-09-12T19:00:00+02:00,-4.838
2019-09-13T01:00:00+02:00,-4.838
2019-09-13T07:00:00+02:00,-4.842
2019-09-13T13:00:00+02:00,-4.841
2019-09-13T19:00:00+02:00,-4.841
2019-09-14T01:00:00+02:00,-4.842
2019-09-14T07:00:00+02:00,-4.842
2019-09-14T13:00:00+02:00,-4.843
2019-09-14T19:00:00+02:00,-4.842
2019-09-15T01:00:00+02:00,-4.84
2019-09-15T07:00:00+02:00,-4.841
2019-09-15T13:00:00+02:00,-4.84
2019-09-15T19:00:00+02:00,-4.841
2019-09-16T01:00:00+02:00,-4.836
2019-09-16T07:00:00+02:00,-4.838
2019-09-16T13:00:00+02:00,-4.834
2019-09-16T19:00:00+02:00,-4.835
2019-09-17T01:00:00+02:00,-4.832
2019-09-17T07:00:00+02:00,-4.831
2019-09-17T13:00:00+02:00,-4.83
2019-09-17T19:00:00+02:00,-4.83
2019-09-18T01:00:00+02:00,-4.829
2019-09-18T07:00:00+02:00,-4.83
2019-09-18T13:00:00+02:00,-4.83
2019-09-18T19:00:00+02:00,-4.83
2019-09-19T01:00:00+02:00,-4.831
2019-09-19T07:00:00+02:00,-4.833
2019-09-19T13:00:00+02:00,-4.832
2019-09-19T19:00:00+02:00,-4.834
2019-09-20T01:00:00+02:00,-4.832
2019-09-20T07:00:00+02:00,-4.833
2019-09-20T13:00:00+02:00,-4.834
2019-09-20T19:00:00+02:00,-4.832
2019-09-21T01:00:00+02:00,-4.833
2019-09-21T07:00:00+02:00,-4.832
2019-09-21T13:00:00+02:00,-4.833
2019-09-21T19:00:00+02:00,-4.832
2019-09-22T01:00:00+02:00,-4.824
2019-09-22T07:00:00+02:00,-4.825
2019-09-22T13:00:00+02:00,-4.822
2019-09-22T19:00:00+02:00,-4.819
2019-09-23T01:00:00+02:00,-4.816
2019-09-23T07:00:00+02:00,-4.816
2019-09-23T13:00:00+02:00,-4.816
2019-09-23T19:00:00+02:00,-4.814
2019-09-24T01:00:00+02:00,-4.813
2019-09-24T07:00:00+02:00,-4.812
2019-09-24T13:00:00+02:00,-4.811
2019-09-24T19:00:00+02:00,-4.811
2019-09-25T01:00:00+02:00,-4.808
2019-09-25T07:00:00+02:00,-4.805
2019-09-25T13:00:00+02:00,-4.805
2019-09-25T19:00:00+02:00,-4.803
2019-09-26T01:00:00+02:00,-4.802
2019-09-26T07:00:00+02:00,-4.8
2019-09-26T13:00:00+02:00,-4.796
2019-09-26T19:00:00+02:00,-4.793
2019-09-27T01:00:00+02:00,-4.793
2019-09-27T07:00:00+02:00,-4.792
2019-09-27T13:00:00+02:00,-4.79
2019-09-27T19:00:00+02:00,-4.789
2019-09-28T01:00:00+02:00,-4.789
2019-09-28T07:00:00+02:00,-4.786
2019-09-28T13:00:00+02:00,-4.784
2019-09-28T19:00:00+02:00,-4.786
2019-09-29T01:00:00+02:00,-4.783
2019-09-29T07:00:00+02:00,-4.777
2019-09-29T13:00:00+02:00,-4.759
2019-09-29T19:00:00+02:00,-4.742
2019-09-30T01:00:00+02:00,-4.737
2019-09-30T07:00:00+02:00,-4.737
2019-09-30T13:00:00+02:00,-4.738
2019-09-30T19:00:00+02:00,-4.736
2019-10-01T01:00:00+02:00,-4.73
2019-10-01T07:00:00+02:00,-4.726
2019-10-01T13:00:00+02:00,-4.716
2019-10-01T19:00:00+02:00,-4.706
2019-10-02T01:00:00+02:00,-4.701
2019-10-02T07:00:00+02:00,-4.698
2019-10-02T13:00:00+02:00,-4.704
2019-10-02T19:00:00+02:00,-4.698
2019-10-03T01:00:00+02:00,-4.697
2019-10-03T07:00:00+02:00,-4.698
2019-10-03T13:00:00+02:00,-4.697
2019-10-03T19:00:00+02:00,-4.695
2019-10-04T01:00:00+02:00,-4.698
2019-10-04T07:00:00+02:00,-4.689
2019-10-04T19:00:00+02:00,-4.639
2019-10-05T01:00:00+02:00,-4.643
2019-10-05T07:00:00+02:00,-4.651
2019-10-05T13:00:00+02:00,-4.659
2019-10-05T19:00:00+02:00,-4.665
2019-10-06T01:00:00+02:00,-4.669
2019-10-06T07:00:00+02:00,-4.67
2019-10-06T13:00:00+02:00,-4.67
2019-10-06T19:00:00+02:00,-4.664
2019-10-07T01:00:00+02:00,-4.66
2019-10-07T07:00:00+02:00,-4.664
2019-10-07T13:00:00+02:00,-4.669
2019-10-07T19:00:00+02:00,-4.667
2019-10-08T01:00:00+02:00,-4.665
2019-10-08T07:00:00+02:00,-4.653
2019-10-08T13:00:00+02:00,-4.645
2019-10-08T19:00:00+02:00,-4.639
2019-10-09T01:00:00+02:00,-4.635
2019-10-09T07:00:00+02:00,-4.634
2019-10-09T13:00:00+02:00,-4.632
2019-10-09T19:00:00+02:00,-4.629
2019-10-10T01:00:00+02:00,-4.627
2019-10-10T07:00:00+02:00,-4.623
2019-10-10T13:00:00+02:00,-4.622
2019-10-10T19:00:00+02:00,-4.625
2019-10-11T01:00:00+02:00,-4.625
2019-10-11T07:00:00+02:00,-4.621
2019-10-11T13:00:00+02:00,-4.617
2019-10-11T19:00:00+02:00,-4.614
2019-10-12T01:00:00+02:00,-4.611
2019-10-12T07:00:00+02:00,-4.609
2019-10-12T13:00:00+02:00,-4.609
2019-10-12T19:00:00+02:00,-4.61
2019-10-13T01:00:00+02:00,-4.61
2019-10-13T07:00:00+02:00,-4.609
2019-10-13T13:00:00+02:00,-4.608
2019-10-13T19:00:00+02:00,-4.603
2019-10-14T01:00:00+02:00,-4.602
2019-10-14T07:00:00+02:00,-4.604
2019-10-14T13:00:00+02:00,-4.603
2019-10-14T19:00:00+02:00,-4.604
2019-10-15T01:00:00+02:00,-4.604
2019-10-15T07:00:00+02:00,-4.601
2019-10-15T13:00:00+02:00,-4.601
2019-10-15T19:00:00+02:00,-4.601
2019-10-16T01:00:00+02:00,-4.603
2019-10-16T07:00:00+02:00,-4.605
2019-10-16T13:00:00+02:00,-4.608
2019-10-16T19:00:00+02:00,-4.608
2019-10-17T01:00:00+02:00,-4.608
2019-10-17T07:00:00+02:00,-4.608
2019-10-17T13:00:00+02:00,-4.612
2019-10-17T19:00:00+02:00,-4.614
2019-10-18T01:00:00+02:00,-4.615
2019-10-18T07:00:00+02:00,-4.617
2019-10-18T13:00:00+02:00,-4.613
2019-10-18T19:00:00+02:00,-4.611
2019-10-19T01:00:00+02:00,-4.61
2019-10-19T07:00:00+02:00,-4.611
2019-10-19T13:00:00+02:00,-4.609
2019-10-19T19:00:00+02:00,-4.611
2019-10-20T01:00:00+02:00,-4.611
2019-10-20T07:00:00+02:00,-4.613
2019-10-20T13:00:00+02:00,-4.615
2019-10-20T19:00:00+02:00,-4.619
2019-10-21T01:00:00+02:00,-4.623
2019-10-21T07:00:00+02:00,-4.63
2019-10-21T13:00:00+02:00,-4.635
2019-10-21T19:00:00+02:00,-4.64
2019-10-22T01:00:00+02:00,-4.645
2019-10-22T07:00:00+02:00,-4.651
2019-10-22T13:00:00+02:00,-4.654
2019-10-22T19:00:00+02:00,-4.655
2019-10-23T01:00:00+02:00,-4.656
2019-10-23T07:00:00+02:00,-4.655
2019-10-23T13:00:00+02:00,-4.655
2019-10-23T19:00:00+02:00,-4.648
2019-10-24T01:00:00+02:00,-4.645
2019-10-24T07:00:00+02:00,-4.635
2019-10-24T13:00:00+02:00,-4.635
2019-10-24T19:00:00+02:00,-4.631
2019-10-25T01:00:00+02:00,-4.63
2019-10-25T07:00:00+02:00,-4.634
2019-10-25T13:00:00+02:00,-4.639
2019-10-25T19:00:00+02:00,-4.645
2019-10-26T01:00:00+02:00,-4.648
2019-10-26T07:00:00+02:00,-4.647
2019-10-26T13:00:00+02:00,-4.646
2019-10-26T19:00:00+02:00,-4.65
2019-10-27T01:00:00+02:00,-4.648
2019-10-27T06:00:00+01:00,-4.652
2019-10-27T12:00:00+01:00,-4.66
2019-10-27T18:00:00+01:00,-4.668
2019-10-28T00:00:00+01:00,-4.677
2019-10-28T06:00:00+01:00,-4.683
2019-10-28T12:00:00+01:00,-4.688
2019-10-28T18:00:00+01:00,-4.691
2019-10-29T00:00:00+01:00,-4.694
2019-10-29T06:00:00+01:00,-4.696
2019-10-29T12:00:00+01:00,-4.701
2019-10-29T18:00:00+01:00,-4.703
2019-10-30T00:00:00+01:00,-4.709
2019-10-30T06:00:00+01:00,-4.712
2019-10-30T12:00:00+01:00,-4.715
2019-10-30T18:00:00+01:00,-4.715
2019-10-31T00:00:00+01:00,-4.716
2019-10-31T06:00:00+01:00,-4.717
2019-10-31T12:00:00+01:00,-4.718
2019-10-31T18:00:00+01:00,-4.716
2019-11-01T00:00:00+01:00,-4.717
2019-11-01T06:00:00+01:00,-4.713
2019-11-01T12:00:00+01:00,-4.703
2019-11-01T18:00:00+01:00,-4.679
2019-11-02T00:00:00+01:00,-4.66
2019-11-02T06:00:00+01:00,-4.645
2019-11-02T12:00:00+01:00,-4.64
2019-11-02T18:00:00+01:00,-4.634
2019-11-03T00:00:00+01:00,-4.631
2019-11-03T06:00:00+01:00,-4.628
2019-11-03T12:00:00+01:00,-4.629
2019-11-03T18:00:00+01:00,-4.628
2019-11-04T00:00:00+01:00,-4.628
2019-11-04T06:00:00+01:00,-4.63
2019-11-04T12:00:00+01:00,-4.631
2019-11-04T18:00:00+01:00,-4.633
2019-11-05T00:00:00+01:00,-4.637
2019-11-05T06:00:00+01:00,-4.641
2019-11-05T12:00:00+01:00,-4.645
2019-11-05T18:00:00+01:00,-4.653
2019-11-06T00:00:00+01:00,-4.656
2019-11-06T06:00:00+01:00,-4.659
2019-11-06T12:00:00+01:00,-4.664
2019-11-06T18:00:00+01:00,-4.667
2019-11-07T00:00:00+01:00,-4.668
2019-11-07T06:00:00+01:00,-4.667
2019-11-07T12:00:00+01:00,-4.664
2019-11-07T18:00:00+01:00,-4.659
2019-11-08T00:00:00+01:00,-4.659
2019-11-08T06:00:00+01:00,-4.66
2019-11-08T12:00:00+01:00,-4.662
2019-11-08T18:00:00+01:00,-4.663
2019-11-09T00:00:00+01:00,-4.663
2019-11-09T06:00:00+01:00,-4.666
2019-11-09T12:00:00+01:00,-4.664
2019-11-09T18:00:00+01:00,-4.666
2019-11-10T00:00:00+01:00,-4.665
2019-11-10T06:00:00+01:00,-4.664
2019-11-10T12:00:00+01:00,-4.665
2019-11-10T18:00:00+01:00,-4.667
2019-11-11T00:00:00+01:00,-4.665
2019-11-11T06:00:00+01:00,-4.661
2019-11-11T12:00:00+01:00,-4.648
2019-11-11T18:00:00+01:00,-4.629
2019-11-12T00:00:00+01:00,-4.624
2019-11-12T06:00:00+01:00,-4.62
2019-11-12T12:00:00+01:00,-4.613
2019-11-12T18:00:00+01:00,-4.605
2019-11-13T00:00:00+01:00,-4.596
2019-11-13T06:00:00+01:00,-4.587
2019-11-13T12:00:00+01:00,-4.58
2019-11-13T18:00:00+01:00,-4.578
2019-11-14T00:00:00+01:00,-4.575
2019-11-14T06:00:00+01:00,-4.57
2019-11-14T12:00:00+01:00,-4.568
2019-11-14T18:00:00+01:00,-4.566
2019-11-15T00:00:00+01:00,-4.567
2019-11-15T06:00:00+01:00,-4.564
2019-11-15T12:00:00+01:00,-4.567
2019-11-15T18:00:00+01:00,-4.568
2019-11-16T00:00:00+01:00,-4.57
2019-11-16T06:00:00+01:00,-4.571
2019-11-16T12:00:00+01:00,-4.575
2019-11-16T18:00:00+01:00,-4.579
2019-11-17T00:00:00+01:00,-4.582
2019-11-17T06:00:00+01:00,-4.588
2019-11-17T12:00:00+01:00,-4.592
2019-11-17T18:00:00+01:00,-4.597
2019-11-18T00:00:00+01:00,-4.601
2019-11-18T06:00:00+01:00,-4.604
2019-11-18T12:00:00+01:00,-4.604
2019-11-18T18:00:00+01:00,-4.606
2019-11-19T00:00:00+01:00,-4.606
2019-11-19T06:00:00+01:00,-4.612
2019-11-19T12:00:00+01:00,-4.617
2019-11-19T18:00:00+01:00,-4.623
2019-11-20T00:00:00+01:00,-4.628
2019-11-20T06:00:00+01:00,-4.634
2019-11-20T12:00:00+01:00,-4.637
2019-11-20T18:00:00+01:00,-4.641
2019-11-21T00:00:00+01:00,-4.64
2019-11-21T06:00:00+01:00,-4.642
2019-11-21T12:00:00+01:00,-4.642
2019-11-21T18:00:00+01:00,-4.642
2019-11-22T00:00:00+01:00,-4.642
2019-11-22T06:00:00+01:00,-4.642
2019-11-22T12:00:00+01:00,-4.643
2019-11-22T18:00:00+01:00,-4.642
2019-11-23T00:00:00+01:00,-4.641
2019-11-23T06:00:00+01:00,-4.64
2019-11-23T12:00:00+01:00,-4.64
2019-11-23T18:00:00+01:00,-4.639
2019-11-24T00:00:00+01:00,-4.639
2019-11-24T06:00:00+01:00,-4.643
2019-11-24T12:00:00+01:00,-4.645
2019-11-24T18:00:00+01:00,-4.648
2019-11-25T00:00:00+01:00,-4.654
2019-11-25T06:00:00+01:00,-4.657
2019-11-25T12:00:00+01:00,-4.659
2019-11-25T18:00:00+01:00,-4.66
2019-11-26T00:00:00+01:00,-4.66
2019-11-26T06:00:00+01:00,-4.661
2019-11-26T12:00:00+01:00,-4.661
2019-11-26T18:00:00+01:00,-4.66
2019-11-27T00:00:00+01:00,-4.657
2019-11-27T06:00:00+01:00,-4.649
2019-11-27T12:00:00+01:00,-4.636
2019-11-27T18:00:00+01:00,-4.629
2019-11-28T00:00:00+01:00,-4.618
2019-11-28T06:00:00+01:00,-4.615
2019-11-28T12:00:00+01:00,-4.612
2019-11-28T18:00:00+01:00,-4.614
2019-11-29T00:00:00+01:00,-4.615
2019-11-29T06:00:00+01:00,-4.616
2019-11-29T12:00:00+01:00,-4.622
2019-11-29T18:00:00+01:00,-4.628
2019-11-30T00:00:00+01:00,-4.636
2019-11-30T06:00:00+01:00,-4.641
2019-11-30T12:00:00+01:00,-4.645
2019-11-30T18:00:00+01:00,-4.647
2019-12-01T00:00:00+01:00,-4.651
2019-12-01T06:00:00+01:00,-4.65
2019-12-01T12:00:00+01:00,-4.652
2019-12-01T18:00:00+01:00,-4.652
2019-12-02T00:00:00+01:00,-4.653
2019-12-02T06:00:00+01:00,-4.652
2019-12-02T12:00:00+01:00,-4.653
2019-12-02T18:00:00+01:00,-4.654
2019-12-03T00:00:00+01:00,-4.655
2019-12-03T06:00:00+01:00,-4.659
2019-12-03T12:00:00+01:00,-4.659
2019-12-03T18:00:00+01:00,-4.661
2019-12-04T00:00:00+01:00,-4.661
2019-12-04T06:00:00+01:00,-4.662
2019-12-04T12:00:00+01:00,-4.662
2019-12-04T18:00:00+01:00,-4.662
2019-12-05T00:00:00+01:00,-4.662
2019-12-05T06:00:00+01:00,-4.664
2019-12-05T12:00:00+01:00,-4.665
2019-12-05T18:00:00+01:00,-4.664
2019-12-06T00:00:00+01:00,-4.666
2019-12-06T06:00:00+01:00,-4.663
2019-12-06T12:00:00+01:00,-4.657
2019-12-06T18:00:00+01:00,-4.647
2019-12-07T00:00:00+01:00,-4.635
2019-12-07T06:00:00+01:00,-4.633
2019-12-07T12:00:00+01:00,-4.634
2019-12-07T18:00:00+01:00,-4.638
2019-12-08T00:00:00+01:00,-4.637
2019-12-08T06:00:00+01:00,-4.627
2019-12-08T12:00:00+01:00,-4.605
2019-12-08T18:00:00+01:00,-4.598
2019-12-09T00:00:00+01:00,-4.592
2019-12-09T06:00:00+01:00,-4.584
2019-12-09T12:00:00+01:00,-4.58
2019-12-09T18:00:00+01:00,-4.581
2019-12-10T00:00:00+01:00,-4.596
2019-12-10T06:00:00+01:00,-4.608
2019-12-10T12:00:00+01:00,-4.613
2019-12-10T18:00:00+01:00,-4.615
2019-12-11T00:00:00+01:00,-4.612
2019-12-11T06:00:00+01:00,-4.602
2019-12-11T12:00:00+01:00,-4.598
2019-12-11T18:00:00+01:00,-4.593
2019-12-12T00:00:00+01:00,-4.586
2019-12-12T06:00:00+01:00,-4.582
2019-12-12T12:00:00+01:00,-4.58
2019-12-12T18:00:00+01:00,-4.576
2019-12-13T00:00:00+01:00,-4.558
2019-12-13T06:00:00+01:00,-4.529
2019-12-13T12:00:00+01:00,-4.518
2019-12-13T18:00:00+01:00,-4.519
2019-12-14T00:00:00+01:00,-4.522
2019-12-14T06:00:00+01:00,-4.524
2019-12-14T12:00:00+01:00,-4.529
2019-12-14T18:00:00+01:00,-4.538
2019-12-15T00:00:00+01:00,-4.55
2019-12-15T06:00:00+01:00,-4.55
2019-12-15T12:00:00+01:00,-4.552
2019-12-15T18:00:00+01:00,-4.56
2019-12-16T00:00:00+01:00,-4.568
2019-12-16T06:00:00+01:00,-4.572
2019-12-16T12:00:00+01:00,-4.573
2019-12-16T18:00:00+01:00,-4.575
2019-12-17T00:00:00+01:00,-4.577
2019-12-17T06:00:00+01:00,-4.576
2019-12-17T12:00:00+01:00,-4.579
2019-12-17T18:00:00+01:00,-4.575
2019-12-18T00:00:00+01:00,-4.575
2019-12-18T06:00:00+01:00,-4.58
2019-12-18T12:00:00+01:00,-4.587
2019-12-18T18:00:00+01:00,-4.594
2019-12-19T00:00:00+01:00,-4.597
2019-12-19T06:00:00+01:00,-4.599
2019-12-19T12:00:00+01:00,-4.599
2019-12-19T18:00:00+01:00,-4.598
2019-12-20T00:00:00+01:00,-4.596
2019-12-20T06:00:00+01:00,-4.583
2019-12-20T12:00:00+01:00,-4.566
2019-12-20T18:00:00+01:00,-4.554
2019-12-21T00:00:00+01:00,-4.552
2019-12-21T06:00:00+01:00,-4.555
2019-12-21T12:00:00+01:00,-4.557
2019-12-21T18:00:00+01:00,-4.558
2019-12-22T00:00:00+01:00,-4.557
2019-12-22T06:00:00+01:00,-4.556
2019-12-22T12:00:00+01:00,-4.557
2019-12-22T18:00:00+01:00,-4.556
2019-12-23T00:00:00+01:00,-4.562
2019-12-23T06:00:00+01:00,-4.571
2019-12-23T12:00:00+01:00,-4.587
2019-12-23T18:00:00+01:00,-4.604
2019-12-24T00:00:00+01:00,-4.618
2019-12-24T06:00:00+01:00,-4.625
2019-12-24T12:00:00+01:00,-4.626
2019-12-24T18:00:00+01:00,-4.624
2019-12-25T00:00:00+01:00,-4.626
2019-12-25T06:00:00+01:00,-4.627
2019-12-25T12:00:00+01:00,-4.63
2019-12-25T18:00:00+01:00,-4.636
2019-12-26T00:00:00+01:00,-4.641
2019-12-26T06:00:00+01:00,-4.644
2019-12-26T12:00:00+01:00,-4.645
2019-12-26T18:00:00+01:00,-4.643
2019-12-27T00:00:00+01:00,-4.643
2019-12-27T06:00:00+01:00,-4.641
2019-12-27T12:00:00+01:00,-4.642
2019-12-27T18:00:00+01:00,-4.644
2019-12-28T00:00:00+01:00,-4.65
2019-12-28T06:00:00+01:00,-4.656
2019-12-28T12:00:00+01:00,-4.661
2019-12-28T18:00:00+01:00,-4.667
2019-12-29T00:00:00+01:00,-4.67
2019-12-29T06:00:00+01:00,-4.672
2019-12-29T12:00:00+01:00,-4.673
2019-12-29T18:00:00+01:00,-4.676
2019-12-30T00:00:00+01:00,-4.672
2019-12-30T06:00:00+01:00,-4.673
2019-12-30T12:00:00+01:00,-4.672
2019-12-30T18:00:00+01:00,-4.672
2019-12-31T00:00:00+01:00,-4.67
2019-12-31T06:00:00+01:00,-4.67
2019-12-31T12:00:00+01:00,-4.673
2019-12-31T18:00:00+01:00,-4.673
2020-01-01T00:00:00+01:00,-4.677
2020-01-01T06:00:00+01:00,-4.677
2020-01-01T12:00:00+01:00,-4.676
2020-01-01T18:00:00+01:00,-4.677
2020-01-02T00:00:00+01:00,-4.677
2020-01-02T06:00:00+01:00,-4.677
2020-01-02T12:00:00+01:00,-4.677
2020-01-02T18:00:00+01:00,-4.677
2020-01-03T00:00:00+01:00,-4.674
2020-01-03T06:00:00+01:00,-4.667
2020-01-03T12:00:00+01:00,-4.663
2020-01-03T18:00:00+01:00,-4.658
2020-01-04T00:00:00+01:00,-4.66
2020-01-04T06:00:00+01:00,-4.663
2020-01-04T12:00:00+01:00,-4.665
2020-01-04T18:00:00+01:00,-4.668
2020-01-05T00:00:00+01:00,-4.672
2020-01-05T06:00:00+01:00,-4.677
2020-01-05T12:00:00+01:00,-4.679
2020-01-05T18:00:00+01:00,-4.68
2020-01-06T00:00:00+01:00,-4.681
2020-01-06T06:00:00+01:00,-4.683
2020-01-06T12:00:00+01:00,-4.682
2020-01-06T18:00:00+01:00,-4.682
2020-01-07T00:00:00+01:00,-4.679
2020-01-07T06:00:00+01:00,-4.678
2020-01-07T12:00:00+01:00,-4.677
2020-01-07T18:00:00+01:00,-4.682
2020-01-08T00:00:00+01:00,-4.679
2020-01-08T06:00:00+01:00,-4.677
2020-01-08T12:00:00+01:00,-4.676
2020-01-08T18:00:00+01:00,-4.676
2020-01-09T00:00:00+01:00,-4.678
2020-01-09T06:00:00+01:00,-4.676
2020-01-09T12:00:00+01:00,-4.669
2020-01-09T18:00:00+01:00,-4.658
2020-01-10T00:00:00+01:00,-4.651
2020-01-10T06:00:00+01:00,-4.65
2020-01-10T12:00:00+01:00,-4.649
2020-01-10T18:00:00+01:00,-4.653
2020-01-11T00:00:00+01:00,-4.665
2020-01-11T06:00:00+01:00,-4.672
2020-01-11T12:00:00+01:00,-4.676
2020-01-11T18:00:00+01:00,-4.679
2020-01-12T00:00:00+01:00,-4.678
2020-01-12T06:00:00+01:00,-4.678
2020-01-12T12:00:00+01:00,-4.675
2020-01-12T18:00:00+01:00,-4.674
2020-01-13T00:00:00+01:00,-4.673
2020-01-13T06:00:00+01:00,-4.673
2020-01-13T12:00:00+01:00,-4.673
2020-01-13T18:00:00+01:00,-4.671
2020-01-14T00:00:00+01:00,-4.657
2020-01-14T06:00:00+01:00,-4.643
2020-01-14T12:00:00+01:00,-4.639
2020-01-14T18:00:00+01:00,-4.639
2020-01-15T00:00:00+01:00,-4.636
2020-01-15T06:00:00+01:00,-4.635
2020-01-15T12:00:00+01:00,-4.637
2020-01-15T18:00:00+01:00,-4.635
2020-01-16T00:00:00+01:00,-4.639
2020-01-16T06:00:00+01:00,-4.647
2020-01-16T12:00:00+01:00,-4.652
2020-01-16T18:00:00+01:00,-4.655
2020-01-17T00:00:00+01:00,-4.655
2020-01-17T06:00:00+01:00,-4.656
2020-01-17T12:00:00+01:00,-4.653
2020-01-17T18:00:00+01:00,-4.654
2020-01-18T00:00:00+01:00,-4.651
2020-01-18T06:00:00+01:00,-4.654
2020-01-18T12:00:00+01:00,-4.654
2020-01-18T18:00:00+01:00,-4.657
2020-01-19T00:00:00+01:00,-4.662
2020-01-19T06:00:00+01:00,-4.668
2020-01-19T12:00:00+01:00,-4.674
2020-01-19T18:00:00+01:00,-4.684
2020-01-20T00:00:00+01:00,-4.697
2020-01-20T06:00:00+01:00,-4.703
2020-01-20T12:00:00+01:00,-4.708
2020-01-20T18:00:00+01:00,-4.711
2020-01-21T00:00:00+01:00,-4.712
2020-01-21T06:00:00+01:00,-4.713
2020-01-21T12:00:00+01:00,-4.713
2020-01-21T18:00:00+01:00,-4.715
2020-01-22T00:00:00+01:00,-4.711
2020-01-22T06:00:00+01:00,-4.712
2020-01-22T12:00:00+01:00,-4.71
2020-01-22T18:00:00+01:00,-4.707
2020-01-23T00:00:00+01:00,-4.706
2020-01-23T06:00:00+01:00,-4.707
2020-01-23T12:00:00+01:00,-4.704
2020-01-23T18:00:00+01:00,-4.699
2020-01-24T00:00:00+01:00,-4.694
2020-01-24T06:00:00+01:00,-4.691
2020-01-24T12:00:00+01:00,-4.688
2020-01-24T18:00:00+01:00,-4.682
2020-01-25T00:00:00+01:00,-4.68
2020-01-25T06:00:00+01:00,-4.68
2020-01-25T12:00:00+01:00,-4.677
2020-01-25T18:00:00+01:00,-4.676
2020-01-26T00:00:00+01:00,-4.677
2020-01-26T06:00:00+01:00,-4.675
2020-01-26T12:00:00+01:00,-4.673
2020-01-26T18:00:00+01:00,-4.668
2020-01-27T00:00:00+01:00,-4.668
2020-01-27T06:00:00+01:00,-4.66
2020-01-27T12:00:00+01:00,-4.656
2020-01-27T18:00:00+01:00,-4.646
2020-01-28T00:00:00+01:00,-4.626
2020-01-28T06:00:00+01:00,-4.609
2020-01-28T12:00:00+01:00,-4.595
2020-01-28T18:00:00+01:00,-4.598
2020-01-29T00:00:00+01:00,-4.6
2020-01-29T06:00:00+01:00,-4.599
2020-01-29T12:00:00+01:00,-4.601
2020-01-29T18:00:00+01:00,-4.604
2020-01-30T00:00:00+01:00,-4.607
2020-01-30T06:00:00+01:00,-4.608
2020-01-30T12:00:00+01:00,-4.611
2020-01-30T18:00:00+01:00,-4.61
2020-01-31T00:00:00+01:00,-4.603
2020-01-31T06:00:00+01:00,-4.605
2020-01-31T12:00:00+01:00,-4.606
2020-01-31T18:00:00+01:00,-4.606
2020-02-01T00:00:00+01:00,-4.606
2020-02-01T06:00:00+01:00,-4.604
2020-02-01T12:00:00+01:00,-4.602
2020-02-01T18:00:00+01:00,-4.604
2020-02-02T00:00:00+01:00,-4.602
2020-02-02T06:00:00+01:00,-4.608
2020-02-02T12:00:00+01:00,-4.607
2020-02-02T18:00:00+01:00,-4.605
2020-02-03T00:00:00+01:00,-4.608
2020-02-03T06:00:00+01:00,-4.609
2020-02-03T12:00:00+01:00,-4.611
2020-02-03T18:00:00+01:00,-4.613
2020-02-04T00:00:00+01:00,-4.614
2020-02-04T06:00:00+01:00,-4.614
2020-02-04T12:00:00+01:00,-4.611
2020-02-04T18:00:00+01:00,-4.618
2020-02-05T00:00:00+01:00,-4.627
2020-02-05T06:00:00+01:00,-4.641
2020-02-05T12:00:00+01:00,-4.655
2020-02-05T18:00:00+01:00,-4.666
2020-02-06T00:00:00+01:00,-4.673
2020-02-06T06:00:00+01:00,-4.676
2020-02-06T12:00:00+01:00,-4.676
2020-02-06T18:00:00+01:00,-4.677
2020-02-07T00:00:00+01:00,-4.677
2020-02-07T06:00:00+01:00,-4.678
2020-02-07T12:00:00+01:00,-4.678
2020-02-07T18:00:00+01:00,-4.676
2020-02-08T00:00:00+01:00,-4.673
2020-02-08T06:00:00+01:00,-4.667
2020-02-08T12:00:00+01:00,-4.665
2020-02-08T18:00:00+01:00,-4.663
2020-02-09T00:00:00+01:00,-4.663
2020-02-09T06:00:00+01:00,-4.659
2020-02-09T12:00:00+01:00,-4.643
2020-02-09T18:00:00+01:00,-4.617
2020-02-10T00:00:00+01:00,-4.584
2020-02-10T06:00:00+01:00,-4.582
2020-02-10T12:00:00+01:00,-4.581
2020-02-10T18:00:00+01:00,-4.588
2020-02-11T00:00:00+01:00,-4.587
2020-02-11T06:00:00+01:00,-4.585
2020-02-11T12:00:00+01:00,-4.58
2020-02-11T18:00:00+01:00,-4.587
2020-02-12T00:00:00+01:00,-4.596
2020-02-12T06:00:00+01:00,-4.603
2020-02-12T12:00:00+01:00,-4.61
2020-02-12T18:00:00+01:00,-4.618
2020-02-13T00:00:00+01:00,-4.625
2020-02-13T06:00:00+01:00,-4.626
2020-02-13T12:00:00+01:00,-4.614
2020-02-13T18:00:00+01:00,-4.598
2020-02-14T00:00:00+01:00,-4.596
2020-02-14T06:00:00+01:00,-4.604
2020-02-14T12:00:00+01:00,-4.619
2020-02-14T18:00:00+01:00,-4.631
2020-02-15T00:00:00+01:00,-4.638
2020-02-15T06:00:00+01:00,-4.637
2020-02-15T12:00:00+01:00,-4.637
2020-02-15T18:00:00+01:00,-4.636
2020-02-16T00:00:00+01:00,-4.63
2020-02-16T06:00:00+01:00,-4.615
2020-02-16T12:00:00+01:00,-4.601
2020-02-16T18:00:00+01:00,-4.589
2020-02-17T00:00:00+01:00,-4.586
2020-02-17T06:00:00+01:00,-4.588
2020-02-17T12:00:00+01:00,-4.59
2020-02-17T18:00:00+01:00,-4.588
2020-02-18T00:00:00+01:00,-4.589
2020-02-18T06:00:00+01:00,-4.593
2020-02-18T12:00:00+01:00,-4.594
2020-02-18T18:00:00+01:00,-4.596
2020-02-19T00:00:00+01:00,-4.597
2020-02-19T06:00:00+01:00,-4.592
2020-02-19T12:00:00+01:00,-4.593
2020-02-19T18:00:00+01:00,-4.597
2020-02-20T00:00:00+01:00,-4.598
2020-02-20T06:00:00+01:00,-4.599
2020-02-20T12:00:00+01:00,-4.596
2020-02-20T18:00:00+01:00,-4.596
2020-02-21T00:00:00+01:00,-4.589
2020-02-21T06:00:00+01:00,-4.594
2020-02-21T12:00:00+01:00,-4.596
2020-02-21T18:00:00+01:00,-4.597
2020-02-22T00:00:00+01:00,-4.599
2020-02-22T06:00:00+01:00,-4.599
2020-02-22T12:00:00+01:00,-4.597
2020-02-22T18:00:00+01:00,-4.597
2020-02-23T00:00:00+01:00,-4.597
2020-02-23T06:00:00+01:00,-4.596
2020-02-23T12:00:00+01:00,-4.563
2020-02-23T18:00:00+01:00,-4.562
2020-02-24T00:00:00+01:00,-4.563
2020-02-24T06:00:00+01:00,-4.566
2020-02-24T12:00:00+01:00,-4.565
2020-02-24T18:00:00+01:00,-4.526
2020-02-25T00:00:00+01:00,-4.514
2020-02-25T06:00:00+01:00,-4.506
2020-02-25T12:00:00+01:00,-4.499
2020-02-25T18:00:00+01:00,-4.493
2020-02-26T00:00:00+01:00,-4.49
2020-02-26T06:00:00+01:00,-4.482
2020-02-26T12:00:00+01:00,-4.481
2020-02-26T18:00:00+01:00,-4.484
2020-02-27T00:00:00+01:00,-4.488
2020-02-27T06:00:00+01:00,-4.491
2020-02-27T12:00:00+01:00,-4.491
2020-02-27T18:00:00+01:00,-4.487
2020-02-28T00:00:00+01:00,-4.492
2020-02-28T06:00:00+01:00,-4.504
2020-02-28T12:00:00+01:00,-4.515
2020-02-28T18:00:00+01:00,-4.52
2020-02-29T00:00:00+01:00,-4.51
2020-02-29T06:00:00+01:00,-4.5
2020-02-29T12:00:00+01:00,-4.483
2020-02-29T18:00:00+01:00,-4.465
2020-03-01T00:00:00+01:00,-4.464
2020-03-01T06:00:00+01:00,-4.465
2020-03-01T12:00:00+01:00,-4.465
2020-03-01T18:00:00+01:00,-4.467
2020-03-02T00:00:00+01:00,-4.469
2020-03-02T06:00:00+01:00,-4.471
2020-03-02T12:00:00+01:00,-4.471
2020-03-02T18:00:00+01:00,-4.47
2020-03-03T00:00:00+01:00,-4.475
2020-03-03T06:00:00+01:00,-4.485
2020-03-03T12:00:00+01:00,-4.496
2020-03-03T18:00:00+01:00,-4.504
2020-03-04T00:00:00+01:00,-4.515
2020-03-04T06:00:00+01:00,-4.524
2020-03-04T12:00:00+01:00,-4.533
2020-03-04T18:00:00+01:00,-4.537
2020-03-05T00:00:00+01:00,-4.541
2020-03-05T06:00:00+01:00,-4.54
2020-03-05T12:00:00+01:00,-4.537
2020-03-05T18:00:00+01:00,-4.529
2020-03-06T00:00:00+01:00,-4.524
2020-03-06T06:00:00+01:00,-4.519
2020-03-06T12:00:00+01:00,-4.52
2020-03-06T18:00:00+01:00,-4.524
2020-03-07T00:00:00+01:00,-4.537
2020-03-07T06:00:00+01:00,-4.549
2020-03-07T12:00:00+01:00,-4.555
2020-03-07T18:00:00+01:00,-4.566
2020-03-08T00:00:00+01:00,-4.57
2020-03-08T06:00:00+01:00,-4.57
2020-03-08T12:00:00+01:00,-4.57
2020-03-08T18:00:00+01:00,-4.569
2020-03-09T00:00:00+01:00,-4.567
2020-03-09T06:00:00+01:00,-4.568
2020-03-09T12:00:00+01:00,-4.569
2020-03-09T18:00:00+01:00,-4.57
2020-03-10T00:00:00+01:00,-4.572
2020-03-10T06:00:00+01:00,-4.568
2020-03-10T12:00:00+01:00,-4.567
2020-03-10T18:00:00+01:00,-4.565
2020-03-11T00:00:00+01:00,-4.563
2020-03-11T06:00:00+01:00,-4.566
2020-03-11T12:00:00+01:00,-4.566
2020-03-11T18:00:00+01:00,-4.565
2020-03-12T00:00:00+01:00,-4.56
2020-03-12T06:00:00+01:00,-4.558
2020-03-12T12:00:00+01:00,-4.558
2020-03-12T18:00:00+01:00,-4.558
2020-03-13T00:00:00+01:00,-4.558
2020-03-13T06:00:00+01:00,-4.555
2020-03-13T12:00:00+01:00,-4.557
2020-03-13T18:00:00+01:00,-4.562
2020-03-14T00:00:00+01:00,-4.569
2020-03-14T06:00:00+01:00,-4.572
2020-03-14T12:00:00+01:00,-4.578
2020-03-14T18:00:00+01:00,-4.58
2020-03-15T00:00:00+01:00,-4.579
2020-03-15T06:00:00+01:00,-4.581
2020-03-15T12:00:00+01:00,-4.58
2020-03-15T18:00:00+01:00,-4.579
2020-03-16T00:00:00+01:00,-4.581
2020-03-16T06:00:00+01:00,-4.582
2020-03-16T12:00:00+01:00,-4.588
2020-03-16T18:00:00+01:00,-4.594
2020-03-17T00:00:00+01:00,-4.603
2020-03-17T06:00:00+01:00,-4.611
2020-03-17T12:00:00+01:00,-4.619
2020-03-17T18:00:00+01:00,-4.624
2020-03-18T00:00:00+01:00,-4.632
2020-03-18T06:00:00+01:00,-4.635
2020-03-18T12:00:00+01:00,-4.633
2020-03-18T18:00:00+01:00,-4.635
2020-03-19T00:00:00+01:00,-4.636
2020-03-19T06:00:00+01:00,-4.635
2020-03-19T12:00:00+01:00,-4.64
2020-03-19T18:00:00+01:00,-4.642
2020-03-20T00:00:00+01:00,-4.643
2020-03-20T06:00:00+01:00,-4.645
2020-03-20T12:00:00+01:00,-4.648
2020-03-20T18:00:00+01:00,-4.652
2020-03-21T00:00:00+01:00,-4.655
2020-03-21T06:00:00+01:00,-4.659
2020-03-21T12:00:00+01:00,-4.661
2020-03-21T18:00:00+01:00,-4.663
2020-03-22T00:00:00+01:00,-4.662
2020-03-22T06:00:00+01:00,-4.665
2020-03-22T12:00:00+01:00,-4.668
2020-03-22T18:00:00+01:00,-4.668
2020-03-23T00:00:00+01:00,-4.672
2020-03-23T06:00:00+01:00,-4.674
2020-03-23T12:00:00+01:00,-4.677
2020-03-23T18:00:00+01:00,-4.679
2020-03-24T00:00:00+01:00,-4.679
2020-03-24T06:00:00+01:00,-4.68
2020-03-24T12:00:00+01:00,-4.682
2020-03-24T18:00:00+01:00,-4.683
2020-03-25T00:00:00+01:00,-4.683
2020-03-25T06:00:00+01:00,-4.681
2020-03-25T12:00:00+01:00,-4.682
2020-03-25T18:00:00+01:00,-4.68
2020-03-26T00:00:00+01:00,-4.682
2020-03-26T06:00:00+01:00,-4.681
2020-03-26T12:00:00+01:00,-4.68
2020-03-26T18:00:00+01:00,-4.68
2020-03-27T00:00:00+01:00,-4.681
2020-03-27T06:00:00+01:00,-4.679
2020-03-27T12:00:00+01:00,-4.676
2020-03-27T18:00:00+01:00,-4.676
2020-03-28T00:00:00+01:00,-4.678
2020-03-28T06:00:00+01:00,-4.676
2020-03-28T12:00:00+01:00,-4.676
2020-03-28T18:00:00+01:00,-4.678
2020-03-29T00:00:00+01:00,-4.68
2020-03-29T07:00:00+02:00,-4.679
2020-03-29T13:00:00+02:00,-4.686
2020-03-29T19:00:00+02:00,-4.69
2020-03-30T01:00:00+02:00,-4.693
2020-03-30T07:00:00+02:00,-4.7
2020-03-30T13:00:00+02:00,-4.697
2020-03-30T19:00:00+02:00,-4.698
2020-03-31T01:00:00+02:00,-4.7
2020-03-31T07:00:00+02:00,-4.698
2020-03-31T13:00:00+02:00,-4.701
2020-03-31T19:00:00+02:00,-4.7
2020-04-01T01:00:00+02:00,-4.701
2020-04-01T07:00:00+02:00,-4.698
2020-04-01T13:00:00+02:00,-4.697
2020-04-01T19:00:00+02:00,-4.696
2020-04-02T01:00:00+02:00,-4.693
2020-04-02T07:00:00+02:00,-4.69
2020-04-02T13:00:00+02:00,-4.687
2020-04-02T19:00:00+02:00,-4.681
2020-04-03T01:00:00+02:00,-4.682
2020-04-03T07:00:00+02:00,-4.68
2020-04-03T13:00:00+02:00,-4.677
2020-04-03T19:00:00+02:00,-4.68
2020-04-04T01:00:00+02:00,-4.681
2020-04-04T07:00:00+02:00,-4.683
2020-04-04T13:00:00+02:00,-4.684
2020-04-04T19:00:00+02:00,-4.688
2020-04-05T01:00:00+02:00,-4.69
2020-04-05T07:00:00+02:00,-4.688
2020-04-05T13:00:00+02:00,-4.691
2020-04-05T19:00:00+02:00,-4.691
2020-04-06T01:00:00+02:00,-4.692
2020-04-06T07:00:00+02:00,-4.688
2020-04-06T13:00:00+02:00,-4.687
2020-04-06T19:00:00+02:00,-4.688
2020-04-07T01:00:00+02:00,-4.688
2020-04-07T07:00:00+02:00,-4.692
2020-04-07T13:00:00+02:00,-4.697
2020-04-07T19:00:00+02:00,-4.701
2020-04-08T01:00:00+02:00,-4.699
2020-04-08T07:00:00+02:00,-4.7
2020-04-08T13:00:00+02:00,-4.701
2020-04-08T19:00:00+02:00,-4.701
2020-04-09T01:00:00+02:00,-4.699
2020-04-09T07:00:00+02:00,-4.7
2020-04-09T13:00:00+02:00,-4.7
2020-04-09T19:00:00+02:00,-4.701
2020-04-10T01:00:00+02:00,-4.702
2020-04-10T07:00:00+02:00,-4.702
2020-04-10T13:00:00+02:00,-4.705
2020-04-10T19:00:00+02:00,-4.703
2020-04-11T01:00:00+02:00,-4.703
2020-04-11T07:00:00+02:00,-4.704
2020-04-11T13:00:00+02:00,-4.704
2020-04-11T19:00:00+02:00,-4.705
2020-04-12T01:00:00+02:00,-4.704
2020-04-12T07:00:00+02:00,-4.703
2020-04-12T13:00:00+02:00,-4.7
2020-04-12T19:00:00+02:00,-4.696
2020-04-13T01:00:00+02:00,-4.692
2020-04-13T07:00:00+02:00,-4.694
2020-04-13T13:00:00+02:00,-4.696
2020-04-13T19:00:00+02:00,-4.697
2020-04-14T01:00:00+02:00,-4.697
2020-04-14T07:00:00+02:00,-4.7
2020-04-14T13:00:00+02:00,-4.704
2020-04-14T19:00:00+02:00,-4.706
2020-04-15T01:00:00+02:00,-4.707
2020-04-15T07:00:00+02:00,-4.708
2020-04-15T13:00:00+02:00,-4.71
2020-04-15T19:00:00+02:00,-4.708
2020-04-16T01:00:00+02:00,-4.708
2020-04-16T07:00:00+02:00,-4.707
2020-04-16T13:00:00+02:00,-4.706
2020-04-16T19:00:00+02:00,-4.704
2020-04-17T01:00:00+02:00,-4.702
2020-04-17T07:00:00+02:00,-4.7
2020-04-17T13:00:00+02:00,-4.701
2020-04-17T19:00:00+02:00,-4.701
2020-04-18T01:00:00+02:00,-4.7
2020-04-18T07:00:00+02:00,-4.701
2020-04-18T13:00:00+02:00,-4.7
2020-04-18T19:00:00+02:00,-4.699
2020-04-19T01:00:00+02:00,-4.699
2020-04-19T07:00:00+02:00,-4.698
2020-04-19T13:00:00+02:00,-4.699
2020-04-19T19:00:00+02:00,-4.7
2020-04-20T01:00:00+02:00,-4.701
2020-04-20T07:00:00+02:00,-4.703
2020-04-20T13:00:00+02:00,-4.702
2020-04-20T19:00:00+02:00,-4.703
2020-04-21T01:00:00+02:00,-4.704
2020-04-21T07:00:00+02:00,-4.705
2020-04-21T13:00:00+02:00,-4.703
2020-04-21T19:00:00+02:00,-4.703
2020-04-22T01:00:00+02:00,-4.704
2020-04-22T07:00:00+02:00,-4.704
2020-04-22T13:00:00+02:00,-4.705
2020-04-22T19:00:00+02:00,-4.706
2020-04-23T01:00:00+02:00,-4.707
2020-04-23T07:00:00+02:00,-4.707
2020-04-23T13:00:00+02:00,-4.708
2020-04-23T19:00:00+02:00,-4.708
2020-04-24T01:00:00+02:00,-4.705
2020-04-24T07:00:00+02:00,-4.704
2020-04-24T13:00:00+02:00,-4.704
2020-04-24T19:00:00+02:00,-4.702
2020-04-25T01:00:00+02:00,-4.701
2020-04-25T07:00:00+02:00,-4.701
2020-04-25T13:00:00+02:00,-4.702
2020-04-25T19:00:00+02:00,-4.703
2020-04-26T01:00:00+02:00,-4.703
2020-04-26T07:00:00+02:00,-4.703
2020-04-26T13:00:00+02:00,-4.705
2020-04-26T19:00:00+02:00,-4.703
2020-04-27T01:00:00+02:00,-4.702
2020-04-27T07:00:00+02:00,-4.702
2020-04-27T13:00:00+02:00,-4.699
2020-04-27T19:00:00+02:00,-4.698
2020-04-28T01:00:00+02:00,-4.698
2020-04-28T07:00:00+02:00,-4.696
2020-04-28T13:00:00+02:00,-4.696
2020-04-28T19:00:00+02:00,-4.695
2020-04-29T01:00:00+02:00,-4.693
2020-04-29T07:00:00+02:00,-4.693
2020-04-29T13:00:00+02:00,-4.691
2020-04-29T19:00:00+02:00,-4.693
2020-04-30T01:00:00+02:00,-4.689
2020-04-30T07:00:00+02:00,-4.689
2020-04-30T13:00:00+02:00,-4.684
2020-04-30T19:00:00+02:00,-4.685
2020-05-01T01:00:00+02:00,-4.68
2020-05-01T07:00:00+02:00,-4.681
2020-05-01T13:00:00+02:00,-4.67
2020-05-01T19:00:00+02:00,-4.667
2020-05-02T01:00:00+02:00,-4.668
2020-05-02T07:00:00+02:00,-4.669
2020-05-02T13:00:00+02:00,-4.675
2020-05-02T19:00:00+02:00,-4.682
2020-05-03T01:00:00+02:00,-4.691
2020-05-03T07:00:00+02:00,-4.695
2020-05-03T13:00:00+02:00,-4.7
2020-05-03T19:00:00+02:00,-4.702
2020-05-04T01:00:00+02:00,-4.704
2020-05-04T07:00:00+02:00,-4.705
2020-05-04T13:00:00+02:00,-4.707
2020-05-04T19:00:00+02:00,-4.707
2020-05-05T01:00:00+02:00,-4.711
2020-05-05T07:00:00+02:00,-4.713
2020-05-05T13:00:00+02:00,-4.717
2020-05-05T19:00:00+02:00,-4.717
2020-05-06T01:00:00+02:00,-4.72
2020-05-06T07:00:00+02:00,-4.724
2020-05-06T13:00:00+02:00,-4.724
2020-05-06T19:00:00+02:00,-4.727
2020-05-07T01:00:00+02:00,-4.729
2020-05-07T07:00:00+02:00,-4.728
2020-05-07T13:00:00+02:00,-4.727
2020-05-07T19:00:00+02:00,-4.726
2020-05-08T01:00:00+02:00,-4.723
2020-05-08T07:00:00+02:00,-4.72
2020-05-08T13:00:00+02:00,-4.717
2020-05-08T19:00:00+02:00,-4.713
2020-05-09T01:00:00+02:00,-4.709
2020-05-09T07:00:00+02:00,-4.706
2020-05-09T13:00:00+02:00,-4.701
2020-05-09T19:00:00+02:00,-4.699
2020-05-10T01:00:00+02:00,-4.694
2020-05-10T07:00:00+02:00,-4.688
2020-05-10T13:00:00+02:00,-4.683
2020-05-10T19:00:00+02:00,-4.68
2020-05-11T01:00:00+02:00,-4.685
2020-05-11T07:00:00+02:00,-4.69
2020-05-11T13:00:00+02:00,-4.693
2020-05-11T19:00:00+02:00,-4.699
2020-05-12T01:00:00+02:00,-4.709
2020-05-12T07:00:00+02:00,-4.715
2020-05-12T13:00:00+02:00,-4.717
2020-05-12T19:00:00+02:00,-4.717
2020-05-13T01:00:00+02:00,-4.719
2020-05-13T07:00:00+02:00,-4.719
2020-05-13T13:00:00+02:00,-4.72
2020-05-13T19:00:00+02:00,-4.717
2020-05-14T01:00:00+02:00,-4.721
2020-05-14T07:00:00+02:00,-4.725
2020-05-14T13:00:00+02:00,-4.729
2020-05-14T19:00:00+02:00,-4.731
2020-05-15T01:00:00+02:00,-4.734
2020-05-15T07:00:00+02:00,-4.736
2020-05-15T13:00:00+02:00,-4.738
2020-05-15T19:00:00+02:00,-4.741
2020-05-16T01:00:00+02:00,-4.742
2020-05-16T07:00:00+02:00,-4.743
2020-05-16T13:00:00+02:00,-4.743
2020-05-16T19:00:00+02:00,-4.74
2020-05-17T01:00:00+02:00,-4.743
2020-05-17T07:00:00+02:00,-4.742
2020-05-17T13:00:00+02:00,-4.74
2020-05-17T19:00:00+02:00,-4.739
2020-05-18T01:00:00+02:00,-4.74
2020-05-18T07:00:00+02:00,-4.739
2020-05-18T13:00:00+02:00,-4.737
2020-05-18T19:00:00+02:00,-4.739
2020-05-19T01:00:00+02:00,-4.738
2020-05-19T07:00:00+02:00,-4.737
2020-05-19T13:00:00+02:00,-4.736
2020-05-19T19:00:00+02:00,-4.737
2020-05-20T01:00:00+02:00,-4.738
2020-05-20T07:00:00+02:00,-4.74
2020-05-20T13:00:00+02:00,-4.739
2020-05-20T19:00:00+02:00,-4.739
2020-05-21T01:00:00+02:00,-4.738
2020-05-21T07:00:00+02:00,-4.738
2020-05-21T13:00:00+02:00,-4.738
2020-05-21T19:00:00+02:00,-4.737
2020-05-22T01:00:00+02:00,-4.738
2020-05-22T07:00:00+02:00,-4.735
2020-05-22T13:00:00+02:00,-4.73
2020-05-22T19:00:00+02:00,-4.73
2020-05-23T01:00:00+02:00,-4.73
2020-05-23T07:00:00+02:00,-4.732
2020-05-23T13:00:00+02:00,-4.731
2020-05-23T19:00:00+02:00,-4.732
2020-05-24T01:00:00+02:00,-4.738
2020-05-24T07:00:00+02:00,-4.74
2020-05-24T13:00:00+02:00,-4.746
2020-05-24T19:00:00+02:00,-4.751
2020-05-25T01:00:00+02:00,-4.757
2020-05-25T07:00:00+02:00,-4.762
2020-05-25T13:00:00+02:00,-4.764
2020-05-25T19:00:00+02:00,-4.769
2020-05-26T01:00:00+02:00,-4.771
2020-05-26T07:00:00+02:00,-4.772
2020-05-26T13:00:00+02:00,-4.774
2020-05-26T19:00:00+02:00,-4.774
2020-05-27T01:00:00+02:00,-4.775
2020-05-27T07:00:00+02:00,-4.774
2020-05-27T13:00:00+02:00,-4.775
2020-05-27T19:00:00+02:00,-4.776
2020-05-28T01:00:00+02:00,-4.775
2020-05-28T07:00:00+02:00,-4.774
2020-05-28T13:00:00+02:00,-4.776
2020-05-28T19:00:00+02:00,-4.776
2020-05-29T01:00:00+02:00,-4.774
2020-05-29T07:00:00+02:00,-4.775
2020-05-29T13:00:00+02:00,-4.774
2020-05-29T19:00:00+02:00,-4.772
2020-05-30T01:00:00+02:00,-4.77
2020-05-30T07:00:00+02:00,-4.768
2020-05-30T13:00:00+02:00,-4.767
2020-05-30T19:00:00+02:00,-4.765
2020-05-31T01:00:00+02:00,-4.763
2020-05-31T07:00:00+02:00,-4.763
2020-05-31T13:00:00+02:00,-4.76
2020-05-31T19:00:00+02:00,-4.759
2020-06-01T01:00:00+02:00,-4.76
2020-06-01T07:00:00+02:00,-4.759
2020-06-01T13:00:00+02:00,-4.76
2020-06-01T19:00:00+02:00,-4.759
2020-06-02T01:00:00+02:00,-4.758
2020-06-02T07:00:00+02:00,-4.756
2020-06-02T13:00:00+02:00,-4.756
2020-06-02T19:00:00+02:00,-4.753
2020-06-03T01:00:00+02:00,-4.751
2020-06-03T07:00:00+02:00,-4.746
2020-06-03T13:00:00+02:00,-4.739
2020-06-03T19:00:00+02:00,-4.736
2020-06-04T01:00:00+02:00,-4.733
2020-06-04T07:00:00+02:00,-4.731
2020-06-04T13:00:00+02:00,-4.728
2020-06-04T19:00:00+02:00,-4.724
2020-06-05T01:00:00+02:00,-4.724
2020-06-05T07:00:00+02:00,-4.722
2020-06-05T13:00:00+02:00,-4.715
2020-06-05T19:00:00+02:00,-4.711
2020-06-06T01:00:00+02:00,-4.713
2020-06-06T07:00:00+02:00,-4.712
2020-06-06T13:00:00+02:00,-4.712
2020-06-06T19:00:00+02:00,-4.714
2020-06-07T01:00:00+02:00,-4.715
2020-06-07T07:00:00+02:00,-4.714
2020-06-07T13:00:00+02:00,-4.716
2020-06-07T19:00:00+02:00,-4.721
2020-06-08T01:00:00+02:00,-4.728
2020-06-08T07:00:00+02:00,-4.732
2020-06-08T13:00:00+02:00,-4.734
2020-06-08T19:00:00+02:00,-4.738
2020-06-09T01:00:00+02:00,-4.743
2020-06-09T07:00:00+02:00,-4.746
2020-06-09T13:00:00+02:00,-4.749
2020-06-09T19:00:00+02:00,-4.75
2020-06-10T01:00:00+02:00,-4.752
2020-06-10T07:00:00+02:00,-4.752
2020-06-10T13:00:00+02:00,-4.751
2020-06-10T19:00:00+02:00,-4.75
2020-06-11T01:00:00+02:00,-4.749
2020-06-11T07:00:00+02:00,-4.749
2020-06-11T13:00:00+02:00,-4.748
2020-06-11T19:00:00+02:00,-4.746
2020-06-12T01:00:00+02:00,-4.744
2020-06-12T07:00:00+02:00,-4.742
2020-06-12T13:00:00+02:00,-4.737
2020-06-12T19:00:00+02:00,-4.731
2020-06-13T01:00:00+02:00,-4.732
2020-06-13T07:00:00+02:00,-4.73
2020-06-13T13:00:00+02:00,-4.729
2020-06-13T19:00:00+02:00,-4.728
2020-06-14T01:00:00+02:00,-4.729
2020-06-14T07:00:00+02:00,-4.73
2020-06-14T13:00:00+02:00,-4.728
2020-06-14T19:00:00+02:00,-4.726
2020-06-15T01:00:00+02:00,-4.729
2020-06-15T07:00:00+02:00,-4.73
2020-06-15T13:00:00+02:00,-4.73
2020-06-15T19:00:00+02:00,-4.731
2020-06-16T01:00:00+02:00,-4.731
2020-06-16T07:00:00+02:00,-4.731
2020-06-16T13:00:00+02:00,-4.732
2020-06-16T19:00:00+02:00,-4.734
2020-06-17T01:00:00+02:00,-4.731
2020-06-17T07:00:00+02:00,-4.731
2020-06-17T13:00:00+02:00,-4.731
2020-06-17T19:00:00+02:00,-4.729
2020-06-18T01:00:00+02:00,-4.727
2020-06-18T07:00:00+02:00,-4.727
2020-06-18T13:00:00+02:00,-4.727
2020-06-18T19:00:00+02:00,-4.727
2020-06-19T01:00:00+02:00,-4.727
2020-06-19T07:00:00+02:00,-4.728
2020-06-19T13:00:00+02:00,-4.726
2020-06-19T19:00:00+02:00,-4.727
2020-06-20T01:00:00+02:00,-4.73
2020-06-20T07:00:00+02:00,-4.731
2020-06-20T13:00:00+02:00,-4.734
2020-06-20T19:00:00+02:00,-4.738
2020-06-21T01:00:00+02:00,-4.741
2020-06-21T07:00:00+02:00,-4.742
2020-06-21T13:00:00+02:00,-4.742
2020-06-21T19:00:00+02:00,-4.742
2020-06-22T01:00:00+02:00,-4.742
2020-06-22T07:00:00+02:00,-4.744
2020-06-22T13:00:00+02:00,-4.745
2020-06-22T19:00:00+02:00,-4.751
2020-06-23T01:00:00+02:00,-4.753
2020-06-23T07:00:00+02:00,-4.755
2020-06-23T13:00:00+02:00,-4.754
2020-06-23T19:00:00+02:00,-4.757
2020-06-24T01:00:00+02:00,-4.758
2020-06-24T07:00:00+02:00,-4.758
2020-06-24T13:00:00+02:00,-4.759
2020-06-24T19:00:00+02:00,-4.755
2020-06-25T01:00:00+02:00,-4.755
2020-06-25T07:00:00+02:00,-4.755
2020-06-25T13:00:00+02:00,-4.755
2020-06-25T19:00:00+02:00,-4.755
2020-06-26T01:00:00+02:00,-4.753
2020-06-26T07:00:00+02:00,-4.75
2020-06-26T13:00:00+02:00,-4.748
2020-06-26T19:00:00+02:00,-4.748
2020-06-27T01:00:00+02:00,-4.743
2020-06-27T07:00:00+02:00,-4.743
2020-06-27T13:00:00+02:00,-4.739
2020-06-27T19:00:00+02:00,-4.738
2020-06-28T01:00:00+02:00,-4.738
2020-06-28T07:00:00+02:00,-4.737
2020-06-28T13:00:00+02:00,-4.736
2020-06-28T19:00:00+02:00,-4.735
2020-06-29T01:00:00+02:00,-4.737
2020-06-29T07:00:00+02:00,-4.739
2020-06-29T13:00:00+02:00,-4.737
2020-06-29T19:00:00+02:00,-4.741
2020-06-30T01:00:00+02:00,-4.74
2020-06-30T07:00:00+02:00,-4.739
2020-06-30T13:00:00+02:00,-4.74
2020-06-30T19:00:00+02:00,-4.739
2020-07-01T01:00:00+02:00,-4.739
2020-07-01T07:00:00+02:00,-4.739
2020-07-01T13:00:00+02:00,-4.736
2020-07-01T19:00:00+02:00,-4.735
2020-07-02T01:00:00+02:00,-4.737
2020-07-02T07:00:00+02:00,-4.736
2020-07-02T13:00:00+02:00,-4.736
2020-07-02T19:00:00+02:00,-4.735
2020-07-03T01:00:00+02:00,-4.738
2020-07-03T07:00:00+02:00,-4.739
2020-07-03T13:00:00+02:00,-4.738
2020-07-03T19:00:00+02:00,-4.74
2020-07-04T01:00:00+02:00,-4.742
2020-07-04T07:00:00+02:00,-4.743
2020-07-04T13:00:00+02:00,-4.742
2020-07-04T19:00:00+02:00,-4.743
2020-07-05T01:00:00+02:00,-4.743
2020-07-05T07:00:00+02:00,-4.743
2020-07-05T13:00:00+02:00,-4.739
2020-07-05T19:00:00+02:00,-4.738
2020-07-06T01:00:00+02:00,-4.736
2020-07-06T07:00:00+02:00,-4.738
2020-07-06T13:00:00+02:00,-4.738
2020-07-06T19:00:00+02:00,-4.741
2020-07-07T01:00:00+02:00,-4.744
2020-07-07T07:00:00+02:00,-4.748
2020-07-07T13:00:00+02:00,-4.747
2020-07-07T19:00:00+02:00,-4.75
2020-07-08T01:00:00+02:00,-4.749
2020-07-08T07:00:00+02:00,-4.75
2020-07-08T13:00:00+02:00,-4.749
2020-07-08T19:00:00+02:00,-4.749
2020-07-09T01:00:00+02:00,-4.749
2020-07-09T07:00:00+02:00,-4.746
2020-07-09T13:00:00+02:00,-4.742
2020-07-09T19:00:00+02:00,-4.74
2020-07-10T01:00:00+02:00,-4.736
2020-07-10T07:00:00+02:00,-4.728
2020-07-10T13:00:00+02:00,-4.726
2020-07-10T19:00:00+02:00,-4.726
2020-07-11T01:00:00+02:00,-4.727
2020-07-11T07:00:00+02:00,-4.728
2020-07-11T13:00:00+02:00,-4.729
2020-07-11T19:00:00+02:00,-4.73
2020-07-12T01:00:00+02:00,-4.732
2020-07-12T07:00:00+02:00,-4.735
2020-07-12T13:00:00+02:00,-4.738
2020-07-12T19:00:00+02:00,-4.739
2020-07-13T01:00:00+02:00,-4.737
2020-07-13T07:00:00+02:00,-4.737
2020-07-13T13:00:00+02:00,-4.738
2020-07-13T19:00:00+02:00,-4.736
2020-07-14T01:00:00+02:00,-4.736
2020-07-14T07:00:00+02:00,-4.732
2020-07-14T13:00:00+02:00,-4.727
2020-07-14T19:00:00+02:00,-4.725
2020-07-15T01:00:00+02:00,-4.723
2020-07-15T07:00:00+02:00,-4.721
2020-07-15T13:00:00+02:00,-4.72
2020-07-15T19:00:00+02:00,-4.718
2020-07-16T01:00:00+02:00,-4.718
2020-07-16T07:00:00+02:00,-4.718
2020-07-16T13:00:00+02:00,-4.717
2020-07-16T19:00:00+02:00,-4.718
2020-07-17T01:00:00+02:00,-4.719
2020-07-17T07:00:00+02:00,-4.72
2020-07-17T13:00:00+02:00,-4.719
2020-07-17T19:00:00+02:00,-4.72
2020-07-18T01:00:00+02:00,-4.721
2020-07-18T07:00:00+02:00,-4.722
2020-07-18T13:00:00+02:00,-4.723
2020-07-18T19:00:00+02:00,-4.72
2020-07-19T01:00:00+02:00,-4.719
2020-07-19T07:00:00+02:00,-4.719
2020-07-19T13:00:00+02:00,-4.719
2020-07-19T19:00:00+02:00,-4.718
2020-07-20T01:00:00+02:00,-4.721
2020-07-20T07:00:00+02:00,-4.719
2020-07-20T13:00:00+02:00,-4.719
2020-07-20T19:00:00+02:00,-4.723
2020-07-21T01:00:00+02:00,-4.725
2020-07-21T07:00:00+02:00,-4.726
2020-07-21T13:00:00+02:00,-4.728
2020-07-21T19:00:00+02:00,-4.73
2020-07-22T01:00:00+02:00,-4.73
2020-07-22T07:00:00+02:00,-4.731
2020-07-22T13:00:00+02:00,-4.733
2020-07-22T19:00:00+02:00,-4.735
2020-07-23T01:00:00+02:00,-4.734
2020-07-23T07:00:00+02:00,-4.735
2020-07-23T13:00:00+02:00,-4.734
2020-07-23T19:00:00+02:00,-4.732
2020-07-24T01:00:00+02:00,-4.731
2020-07-24T07:00:00+02:00,-4.728
2020-07-24T13:00:00+02:00,-4.726
2020-07-24T19:00:00+02:00,-4.724
2020-07-25T01:00:00+02:00,-4.724
2020-07-25T07:00:00+02:00,-4.725
2020-07-25T13:00:00+02:00,-4.723
2020-07-25T19:00:00+02:00,-4.721
2020-07-26T01:00:00+02:00,-4.72
2020-07-26T07:00:00+02:00,-4.716
2020-07-26T13:00:00+02:00,-4.714
2020-07-26T19:00:00+02:00,-4.716
2020-07-27T01:00:00+02:00,-4.718
2020-07-27T07:00:00+02:00,-4.718
2020-07-27T13:00:00+02:00,-4.717
2020-07-27T19:00:00+02:00,-4.715
2020-07-28T01:00:00+02:00,-4.713
2020-07-28T07:00:00+02:00,-4.712
2020-07-28T13:00:00+02:00,-4.712
2020-07-28T19:00:00+02:00,-4.712
2020-07-29T01:00:00+02:00,-4.714
2020-07-29T07:00:00+02:00,-4.715
2020-07-29T13:00:00+02:00,-4.718
2020-07-29T19:00:00+02:00,-4.721
2020-07-30T01:00:00+02:00,-4.724
2020-07-30T07:00:00+02:00,-4.726
2020-07-30T13:00:00+02:00,-4.728
2020-07-30T19:00:00+02:00,-4.728
2020-07-31T01:00:00+02:00,-4.73
2020-07-31T07:00:00+02:00,-4.728
2020-07-31T13:00:00+02:00,-4.727
2020-07-31T19:00:00+02:00,-4.73
2020-08-01T01:00:00+02:00,-4.727
2020-08-01T07:00:00+02:00,-4.727
2020-08-01T13:00:00+02:00,-4.727
2020-08-01T19:00:00+02:00,-4.727
2020-08-02T01:00:00+02:00,-4.729
2020-08-02T07:00:00+02:00,-4.73
2020-08-02T13:00:00+02:00,-4.73
2020-08-02T19:00:00+02:00,-4.731
2020-08-03T01:00:00+02:00,-4.733
2020-08-03T07:00:00+02:00,-4.733
2020-08-03T13:00:00+02:00,-4.735
2020-08-03T19:00:00+02:00,-4.733
2020-08-04T01:00:00+02:00,-4.734
2020-08-04T07:00:00+02:00,-4.735
2020-08-04T13:00:00+02:00,-4.737
2020-08-04T19:00:00+02:00,-4.736
2020-08-05T01:00:00+02:00,-4.738
2020-08-05T07:00:00+02:00,-4.737
2020-08-05T13:00:00+02:00,-4.737
2020-08-05T19:00:00+02:00,-4.739
2020-08-06T01:00:00+02:00,-4.737
2020-08-06T07:00:00+02:00,-4.738
2020-08-06T13:00:00+02:00,-4.741
2020-08-06T19:00:00+02:00,-4.741
2020-08-07T01:00:00+02:00,-4.742
2020-08-07T07:00:00+02:00,-4.743
2020-08-07T13:00:00+02:00,-4.745
2020-08-07T19:00:00+02:00,-4.746
2020-08-08T01:00:00+02:00,-4.746
2020-08-08T07:00:00+02:00,-4.748
2020-08-08T13:00:00+02:00,-4.751
2020-08-08T19:00:00+02:00,-4.751
2020-08-09T01:00:00+02:00,-4.752
2020-08-09T07:00:00+02:00,-4.756
2020-08-09T13:00:00+02:00,-4.758
2020-08-09T19:00:00+02:00,-4.757
2020-08-10T01:00:00+02:00,-4.757
2020-08-10T07:00:00+02:00,-4.758
2020-08-10T13:00:00+02:00,-4.758
2020-08-10T19:00:00+02:00,-4.759
2020-08-11T01:00:00+02:00,-4.76
2020-08-11T07:00:00+02:00,-4.76
2020-08-11T13:00:00+02:00,-4.762
2020-08-11T19:00:00+02:00,-4.763
2020-08-12T01:00:00+02:00,-4.765
2020-08-12T07:00:00+02:00,-4.764
2020-08-12T13:00:00+02:00,-4.781
2020-08-12T19:00:00+02:00,-4.774
2020-08-13T01:00:00+02:00,-4.775
2020-08-13T07:00:00+02:00,-4.776
2020-08-13T13:00:00+02:00,-4.776
2020-08-13T19:00:00+02:00,-4.773
2020-08-14T01:00:00+02:00,-4.776
2020-08-14T07:00:00+02:00,-4.778
2020-08-14T13:00:00+02:00,-4.779
2020-08-14T19:00:00+02:00,-4.781
2020-08-15T01:00:00+02:00,-4.785
2020-08-15T07:00:00+02:00,-4.785
2020-08-15T13:00:00+02:00,-4.788
2020-08-15T19:00:00+02:00,-4.785
2020-08-16T01:00:00+02:00,-4.789
2020-08-16T07:00:00+02:00,-4.783
2020-08-16T13:00:00+02:00,-4.777
2020-08-16T19:00:00+02:00,-4.77
2020-08-17T01:00:00+02:00,-4.771
2020-08-17T07:00:00+02:00,-4.769
2020-08-17T13:00:00+02:00,-4.767
2020-08-17T19:00:00+02:00,-4.762
2020-08-18T01:00:00+02:00,-4.76
2020-08-18T07:00:00+02:00,-4.757
2020-08-18T13:00:00+02:00,-4.756
2020-08-18T19:00:00+02:00,-4.755
2020-08-19T01:00:00+02:00,-4.757
2020-08-19T07:00:00+02:00,-4.753
2020-08-19T13:00:00+02:00,-4.75
2020-08-19T19:00:00+02:00,-4.74
2020-08-20T01:00:00+02:00,-4.739
2020-08-20T07:00:00+02:00,-4.74
2020-08-20T13:00:00+02:00,-4.749
2020-08-20T19:00:00+02:00,-4.745
2020-08-21T01:00:00+02:00,-4.739
2020-08-21T07:00:00+02:00,-4.742
2020-08-21T13:00:00+02:00,-4.75
2020-08-21T19:00:00+02:00,-4.76
2020-08-22T01:00:00+02:00,-4.765
2020-08-22T07:00:00+02:00,-4.768
2020-08-22T13:00:00+02:00,-4.768
2020-08-22T19:00:00+02:00,-4.768
2020-08-23T01:00:00+02:00,-4.766
2020-08-23T07:00:00+02:00,-4.764
2020-08-23T13:00:00+02:00,-4.765
2020-08-23T19:00:00+02:00,-4.77
2020-08-24T01:00:00+02:00,-4.761
2020-08-24T07:00:00+02:00,-4.755
2020-08-24T13:00:00+02:00,-4.754
2020-08-24T19:00:00+02:00,-4.756
2020-08-25T01:00:00+02:00,-4.749
2020-08-25T07:00:00+02:00,-4.741
2020-08-25T13:00:00+02:00,-4.73
2020-08-25T19:00:00+02:00,-4.704
2020-08-26T01:00:00+02:00,-4.699
2020-08-26T07:00:00+02:00,-4.701
2020-08-26T13:00:00+02:00,-4.724
2020-08-26T19:00:00+02:00,-4.747
2020-08-27T01:00:00+02:00,-4.755
2020-08-27T07:00:00+02:00,-4.753
2020-08-27T13:00:00+02:00,-4.747
2020-08-27T19:00:00+02:00,-4.728
2020-08-28T01:00:00+02:00,-4.706
2020-08-28T07:00:00+02:00,-4.696
2020-08-28T13:00:00+02:00,-4.702
2020-08-28T19:00:00+02:00,-4.684
2020-08-29T01:00:00+02:00,-4.685
2020-08-29T07:00:00+02:00,-4.683
2020-08-29T13:00:00+02:00,-4.687
2020-08-29T19:00:00+02:00,-4.688
2020-08-30T01:00:00+02:00,-4.685
2020-08-30T07:00:00+02:00,-4.683
2020-08-30T13:00:00+02:00,-4.688
2020-08-30T19:00:00+02:00,-4.694
2020-08-31T01:00:00+02:00,-4.701
2020-08-31T07:00:00+02:00,-4.705
2020-08-31T13:00:00+02:00,-4.708
2020-08-31T19:00:00+02:00,-4.705
2020-09-01T01:00:00+02:00,-4.707
2020-09-01T07:00:00+02:00,-4.705
2020-09-01T13:00:00+02:00,-4.707
2020-09-01T19:00:00+02:00,-4.702
2020-09-02T01:00:00+02:00,-4.704
2020-09-02T07:00:00+02:00,-4.701
2020-09-02T13:00:00+02:00,-4.704
2020-09-02T19:00:00+02:00,-4.705
2020-09-03T01:00:00+02:00,-4.702
2020-09-03T07:00:00+02:00,-4.695
2020-09-03T13:00:00+02:00,-4.69
2020-09-03T19:00:00+02:00,-4.688
2020-09-04T01:00:00+02:00,-4.687
2020-09-04T07:00:00+02:00,-4.685
2020-09-04T13:00:00+02:00,-4.688
2020-09-04T19:00:00+02:00,-4.68
2020-09-05T01:00:00+02:00,-4.672
2020-09-05T07:00:00+02:00,-4.661
2020-09-05T13:00:00+02:00,-4.666
2020-09-05T19:00:00+02:00,-4.666
2020-09-06T01:00:00+02:00,-4.665
2020-09-06T07:00:00+02:00,-4.659
2020-09-06T13:00:00+02:00,-4.663
2020-09-06T19:00:00+02:00,-4.662
2020-09-07T01:00:00+02:00,-4.664
2020-09-07T07:00:00+02:00,-4.664
2020-09-07T13:00:00+02:00,-4.667
2020-09-07T19:00:00+02:00,-4.666
2020-09-08T01:00:00+02:00,-4.662
2020-09-08T07:00:00+02:00,-4.66
2020-09-08T13:00:00+02:00,-4.669
2020-09-08T19:00:00+02:00,-4.667
2020-09-09T01:00:00+02:00,-4.664
2020-09-09T07:00:00+02:00,-4.653
2020-09-09T13:00:00+02:00,-4.653
2020-09-09T19:00:00+02:00,-4.656
2020-09-10T01:00:00+02:00,-4.666
2020-09-10T07:00:00+02:00,-4.668
2020-09-10T13:00:00+02:00,-4.672
2020-09-10T19:00:00+02:00,-4.662
2020-09-11T01:00:00+02:00,-4.662
2020-09-11T07:00:00+02:00,-4.659
2020-09-11T13:00:00+02:00,-4.663
2020-09-11T19:00:00+02:00,-4.66
2020-09-12T01:00:00+02:00,-4.659
2020-09-12T07:00:00+02:00,-4.659
2020-09-12T13:00:00+02:00,-4.673
2020-09-12T19:00:00+02:00,-4.678
2020-09-13T01:00:00+02:00,-4.684
2020-09-13T07:00:00+02:00,-4.684
2020-09-13T13:00:00+02:00,-4.692
2020-09-13T19:00:00+02:00,-4.688
2020-09-14T01:00:00+02:00,-4.69
2020-09-14T07:00:00+02:00,-4.686
2020-09-14T13:00:00+02:00,-4.688
2020-09-14T19:00:00+02:00,-4.68
2020-09-15T01:00:00+02:00,-4.68
2020-09-15T07:00:00+02:00,-4.677
2020-09-15T13:00:00+02:00,-4.679
2020-09-15T19:00:00+02:00,-4.675
2020-09-16T01:00:00+02:00,-4.684
2020-09-16T07:00:00+02:00,-4.687
2020-09-16T13:00:00+02:00,-4.698
2020-09-16T19:00:00+02:00,-4.704
2020-09-17T01:00:00+02:00,-4.719
2020-09-17T07:00:00+02:00,-4.717
2020-09-17T13:00:00+02:00,-4.724
2020-09-17T19:00:00+02:00,-4.719
2020-09-18T01:00:00+02:00,-4.719
2020-09-18T07:00:00+02:00,-4.71
2020-09-18T13:00:00+02:00,-4.712
2020-09-18T19:00:00+02:00,-4.706
2020-09-19T01:00:00+02:00,-4.702
2020-09-19T07:00:00+02:00,-4.695
2020-09-19T13:00:00+02:00,-4.698
2020-09-19T19:00:00+02:00,-4.693
2020-09-20T01:00:00+02:00,-4.697
2020-09-20T07:00:00+02:00,-4.695
2020-09-20T13:00:00+02:00,-4.701
2020-09-20T19:00:00+02:00,-4.703
2020-09-21T01:00:00+02:00,-4.702
2020-09-21T07:00:00+02:00,-4.699
2020-09-21T13:00:00+02:00,-4.698
2020-09-21T19:00:00+02:00,-4.696
2020-09-22T01:00:00+02:00,-4.694
2020-09-22T07:00:00+02:00,-4.687
2020-09-22T13:00:00+02:00,-4.687
2020-09-22T19:00:00+02:00,-4.68
2020-09-23T01:00:00+02:00,-4.675
2020-09-23T07:00:00+02:00,-4.672
2020-09-23T13:00:00+02:00,-4.671
2020-09-23T19:00:00+02:00,-4.665
2020-09-24T01:00:00+02:00,-4.646
2020-09-24T07:00:00+02:00,-4.66
2020-09-24T13:00:00+02:00,-4.661
2020-09-24T19:00:00+02:00,-4.658
2020-09-25T01:00:00+02:00,-4.646
2020-09-25T07:00:00+02:00,-4.648
2020-09-25T13:00:00+02:00,-4.65
2020-09-25T19:00:00+02:00,-4.64
2020-09-26T01:00:00+02:00,-4.652
2020-09-26T07:00:00+02:00,-4.668
2020-09-26T13:00:00+02:00,-4.674
2020-09-26T19:00:00+02:00,-4.677
2020-09-27T01:00:00+02:00,-4.665
2020-09-27T07:00:00+02:00,-4.659
2020-09-27T13:00:00+02:00,-4.679
2020-09-27T19:00:00+02:00,-4.683
2020-09-28T01:00:00+02:00,-4.685
2020-09-28T07:00:00+02:00,-4.675
2020-09-28T13:00:00+02:00,-4.679
2020-09-28T19:00:00+02:00,-4.682
2020-09-29T01:00:00+02:00,-4.684
2020-09-29T07:00:00+02:00,-4.684
2020-09-29T13:00:00+02:00,-4.69
2020-09-29T19:00:00+02:00,-4.685
2020-09-30T01:00:00+02:00,-4.681
2020-09-30T07:00:00+02:00,-4.673
2020-09-30T13:00:00+02:00,-4.67
2020-09-30T19:00:00+02:00,-4.664
2020-10-01T01:00:00+02:00,-4.655
2020-10-01T07:00:00+02:00,-4.639
2020-10-01T13:00:00+02:00,-4.631
2020-10-01T19:00:00+02:00,-4.631
2020-10-02T01:00:00+02:00,-4.634
2020-10-02T07:00:00+02:00,-4.627
2020-10-02T13:00:00+02:00,-4.625
2020-10-02T19:00:00+02:00,-4.623
2020-10-03T01:00:00+02:00,-4.619
2020-10-03T07:00:00+02:00,-4.613
2020-10-03T13:00:00+02:00,-4.615
2020-10-03T19:00:00+02:00,-4.612
2020-10-04T01:00:00+02:00,-4.606
2020-10-04T07:00:00+02:00,-4.602
2020-10-04T13:00:00+02:00,-4.615
2020-10-04T19:00:00+02:00,-4.624
2020-10-05T01:00:00+02:00,-4.63
2020-10-05T07:00:00+02:00,-4.626
2020-10-05T13:00:00+02:00,-4.634
2020-10-05T19:00:00+02:00,-4.634
2020-10-06T01:00:00+02:00,-4.629
2020-10-06T07:00:00+02:00,-4.621
2020-10-06T13:00:00+02:00,-4.607
2020-10-06T19:00:00+02:00,-4.606
2020-10-07T01:00:00+02:00,-4.603
2020-10-07T07:00:00+02:00,-4.611
2020-10-07T13:00:00+02:00,-4.616
2020-10-07T19:00:00+02:00,-4.623
2020-10-08T01:00:00+02:00,-4.622
2020-10-08T07:00:00+02:00,-4.601
2020-10-08T13:00:00+02:00,-4.587
2020-10-08T19:00:00+02:00,-4.593
2020-10-09T01:00:00+02:00,-4.611
2020-10-09T07:00:00+02:00,-4.612
2020-10-09T13:00:00+02:00,-4.602
2020-10-09T19:00:00+02:00,-4.596
2020-10-10T01:00:00+02:00,-4.594
2020-10-10T07:00:00+02:00,-4.595
2020-10-10T13:00:00+02:00,-4.598
2020-10-10T19:00:00+02:00,-4.584
2020-10-11T01:00:00+02:00,-4.587
2020-10-11T07:00:00+02:00,-4.584
2020-10-11T13:00:00+02:00,-4.582
2020-10-11T19:00:00+02:00,-4.584
2020-10-12T01:00:00+02:00,-4.582
2020-10-12T07:00:00+02:00,-4.579
2020-10-12T13:00:00+02:00,-4.573
2020-10-12T19:00:00+02:00,-4.564
2020-10-13T01:00:00+02:00,-4.56
2020-10-13T07:00:00+02:00,-4.554
2020-10-13T13:00:00+02:00,-4.559
2020-10-13T19:00:00+02:00,-4.569
2020-10-14T01:00:00+02:00,-4.582
2020-10-14T07:00:00+02:00,-4.587
2020-10-14T13:00:00+02:00,-4.595
2020-10-14T19:00:00+02:00,-4.6
2020-10-15T01:00:00+02:00,-4.607
2020-10-15T07:00:00+02:00,-4.608
2020-10-15T13:00:00+02:00,-4.617
2020-10-15T19:00:00+02:00,-4.623
2020-10-16T01:00:00+02:00,-4.629
2020-10-16T07:00:00+02:00,-4.632
2020-10-16T13:00:00+02:00,-4.639
2020-10-16T19:00:00+02:00,-4.638
2020-10-17T01:00:00+02:00,-4.639
2020-10-17T07:00:00+02:00,-4.636
2020-10-17T13:00:00+02:00,-4.638
2020-10-17T19:00:00+02:00,-4.637
2020-10-18T01:00:00+02:00,-4.64
2020-10-18T07:00:00+02:00,-4.638
2020-10-18T13:00:00+02:00,-4.643
2020-10-18T19:00:00+02:00,-4.643
2020-10-19T01:00:00+02:00,-4.647
2020-10-19T07:00:00+02:00,-4.643
2020-10-19T13:00:00+02:00,-4.642
2020-10-19T19:00:00+02:00,-4.636
2020-10-20T01:00:00+02:00,-4.629
2020-10-20T07:00:00+02:00,-4.618
2020-10-20T13:00:00+02:00,-4.617
2020-10-20T19:00:00+02:00,-4.622
2020-10-21T01:00:00+02:00,-4.622
2020-10-21T07:00:00+02:00,-4.612
2020-10-21T13:00:00+02:00,-4.596
2020-10-21T19:00:00+02:00,-4.602
2020-10-22T01:00:00+02:00,-4.626
2020-10-22T07:00:00+02:00,-4.63
2020-10-22T13:00:00+02:00,-4.636
2020-10-22T19:00:00+02:00,-4.636
2020-10-23T01:00:00+02:00,-4.638
2020-10-23T07:00:00+02:00,-4.636
2020-10-23T13:00:00+02:00,-4.634
2020-10-23T19:00:00+02:00,-4.634
2020-10-24T01:00:00+02:00,-4.639
2020-10-24T07:00:00+02:00,-4.641
2020-10-24T13:00:00+02:00,-4.638
2020-10-24T19:00:00+02:00,-4.627
2020-10-25T01:00:00+02:00,-4.618
2020-10-25T06:00:00+01:00,-4.615
2020-10-25T12:00:00+01:00,-4.617
2020-10-25T18:00:00+01:00,-4.62
2020-10-26T00:00:00+01:00,-4.618
2020-10-26T06:00:00+01:00,-4.617
2020-10-26T12:00:00+01:00,-4.622
2020-10-26T18:00:00+01:00,-4.623
2020-10-27T00:00:00+01:00,-4.627
2020-10-27T06:00:00+01:00,-4.627
2020-10-27T12:00:00+01:00,-4.632
2020-10-27T18:00:00+01:00,-4.623
2020-10-28T00:00:00+01:00,-4.619
2020-10-28T06:00:00+01:00,-4.628
2020-10-28T12:00:00+01:00,-4.631
2020-10-28T18:00:00+01:00,-4.626
2020-10-29T00:00:00+01:00,-4.625
2020-10-29T06:00:00+01:00,-4.64
2020-10-29T12:00:00+01:00,-4.652
2020-10-29T18:00:00+01:00,-4.641
2020-10-30T00:00:00+01:00,-4.636
2020-10-30T06:00:00+01:00,-4.632
2020-10-30T12:00:00+01:00,-4.639
2020-10-30T18:00:00+01:00,-4.642
2020-10-31T00:00:00+01:00,-4.644
2020-10-31T06:00:00+01:00,-4.634
2020-10-31T12:00:00+01:00,-4.621
2020-10-31T18:00:00+01:00,-4.603
2020-11-01T00:00:00+01:00,-4.612
2020-11-01T06:00:00+01:00,-4.604
2020-11-01T12:00:00+01:00,-4.591
2020-11-01T18:00:00+01:00,-4.59
2020-11-02T00:00:00+01:00,-4.589
2020-11-02T06:00:00+01:00,-4.583
2020-11-02T12:00:00+01:00,-4.591
2020-11-02T18:00:00+01:00,-4.609
2020-11-03T00:00:00+01:00,-4.627
2020-11-03T06:00:00+01:00,-4.641
2020-11-03T12:00:00+01:00,-4.639
2020-11-03T18:00:00+01:00,-4.645
2020-11-04T00:00:00+01:00,-4.66
2020-11-04T06:00:00+01:00,-4.672
2020-11-04T12:00:00+01:00,-4.686
2020-11-04T18:00:00+01:00,-4.694
2020-11-05T00:00:00+01:00,-4.701
2020-11-05T06:00:00+01:00,-4.702
2020-11-05T12:00:00+01:00,-4.703
2020-11-05T18:00:00+01:00,-4.699
2020-11-06T00:00:00+01:00,-4.697
2020-11-06T06:00:00+01:00,-4.692
2020-11-06T12:00:00+01:00,-4.687
2020-11-06T18:00:00+01:00,-4.676
2020-11-07T00:00:00+01:00,-4.665
2020-11-07T06:00:00+01:00,-4.662
2020-11-07T12:00:00+01:00,-4.664
2020-11-07T18:00:00+01:00,-4.665
2020-11-08T00:00:00+01:00,-4.664
2020-11-08T06:00:00+01:00,-4.664
2020-11-08T12:00:00+01:00,-4.669
2020-11-08T18:00:00+01:00,-4.668
2020-11-09T00:00:00+01:00,-4.672
2020-11-09T06:00:00+01:00,-4.671
2020-11-09T12:00:00+01:00,-4.673
2020-11-09T18:00:00+01:00,-4.679
2020-11-10T00:00:00+01:00,-4.679
2020-11-10T06:00:00+01:00,-4.681
2020-11-10T12:00:00+01:00,-4.685
2020-11-10T18:00:00+01:00,-4.688
2020-11-11T00:00:00+01:00,-4.689
2020-11-11T06:00:00+01:00,-4.689
2020-11-11T12:00:00+01:00,-4.683
2020-11-11T18:00:00+01:00,-4.676
2020-11-12T00:00:00+01:00,-4.666
2020-11-12T06:00:00+01:00,-4.653
2020-11-12T12:00:00+01:00,-4.664
2020-11-12T18:00:00+01:00,-4.673
2020-11-13T00:00:00+01:00,-4.677
2020-11-13T06:00:00+01:00,-4.668
2020-11-13T12:00:00+01:00,-4.668
2020-11-13T18:00:00+01:00,-4.67
2020-11-14T00:00:00+01:00,-4.679
2020-11-14T06:00:00+01:00,-4.675
2020-11-14T12:00:00+01:00,-4.671
2020-11-14T18:00:00+01:00,-4.661
2020-11-15T00:00:00+01:00,-4.658
2020-11-15T06:00:00+01:00,-4.649
2020-11-15T12:00:00+01:00,-4.638
2020-11-15T18:00:00+01:00,-4.626
2020-11-16T00:00:00+01:00,-4.639
2020-11-16T06:00:00+01:00,-4.654
2020-11-16T12:00:00+01:00,-4.666
2020-11-16T18:00:00+01:00,-4.678
2020-11-17T00:00:00+01:00,-4.681
2020-11-17T06:00:00+01:00,-4.676
2020-11-17T12:00:00+01:00,-4.674
2020-11-17T18:00:00+01:00,-4.678
2020-11-18T00:00:00+01:00,-4.68
2020-11-18T06:00:00+01:00,-4.675
2020-11-18T12:00:00+01:00,-4.664
2020-11-18T18:00:00+01:00,-4.646
2020-11-19T00:00:00+01:00,-4.647
2020-11-19T06:00:00+01:00,-4.65
2020-11-19T12:00:00+01:00,-4.667
2020-11-19T18:00:00+01:00,-4.69
2020-11-20T00:00:00+01:00,-4.703
2020-11-20T06:00:00+01:00,-4.708
2020-11-20T12:00:00+01:00,-4.712
2020-11-20T18:00:00+01:00,-4.71
2020-11-21T00:00:00+01:00,-4.703
2020-11-21T06:00:00+01:00,-4.694
2020-11-21T12:00:00+01:00,-4.689
2020-11-21T18:00:00+01:00,-4.686
2020-11-22T00:00:00+01:00,-4.68
2020-11-22T06:00:00+01:00,-4.675
2020-11-22T12:00:00+01:00,-4.678
2020-11-22T18:00:00+01:00,-4.677
2020-11-23T00:00:00+01:00,-4.68
2020-11-23T06:00:00+01:00,-4.685
2020-11-23T12:00:00+01:00,-4.695
2020-11-23T18:00:00+01:00,-4.69
2020-11-24T00:00:00+01:00,-4.686
2020-11-24T06:00:00+01:00,-4.681
2020-11-24T12:00:00+01:00,-4.675
2020-11-24T18:00:00+01:00,-4.669
2020-11-25T00:00:00+01:00,-4.661
2020-11-25T06:00:00+01:00,-4.661
2020-11-25T12:00:00+01:00,-4.665
2020-11-25T18:00:00+01:00,-4.671
2020-11-26T00:00:00+01:00,-4.678
2020-11-26T06:00:00+01:00,-4.681
2020-11-26T12:00:00+01:00,-4.684
2020-11-26T18:00:00+01:00,-4.682
2020-11-27T00:00:00+01:00,-4.681
2020-11-27T06:00:00+01:00,-4.678
2020-11-27T12:00:00+01:00,-4.68
2020-11-27T18:00:00+01:00,-4.679
2020-11-28T00:00:00+01:00,-4.683
2020-11-28T06:00:00+01:00,-4.681
2020-11-28T12:00:00+01:00,-4.69
2020-11-28T18:00:00+01:00,-4.694
2020-11-29T00:00:00+01:00,-4.702
2020-11-29T06:00:00+01:00,-4.702
2020-11-29T12:00:00+01:00,-4.705
2020-11-29T18:00:00+01:00,-4.707
2020-11-30T00:00:00+01:00,-4.709
2020-11-30T06:00:00+01:00,-4.702
2020-11-30T12:00:00+01:00,-4.692
2020-11-30T18:00:00+01:00,-4.667
2020-12-01T00:00:00+01:00,-4.649
2020-12-01T06:00:00+01:00,-4.647
2020-12-01T12:00:00+01:00,-4.654
2020-12-01T18:00:00+01:00,-4.656
2020-12-02T00:00:00+01:00,-4.659
2020-12-02T06:00:00+01:00,-4.648
2020-12-02T12:00:00+01:00,-4.632
2020-12-02T18:00:00+01:00,-4.62
2020-12-03T00:00:00+01:00,-4.607
2020-12-03T06:00:00+01:00,-4.59
2020-12-03T12:00:00+01:00,-4.571
2020-12-03T18:00:00+01:00,-4.553
2020-12-04T00:00:00+01:00,-4.536
2020-12-04T06:00:00+01:00,-4.522
2020-12-04T12:00:00+01:00,-4.542
2020-12-04T18:00:00+01:00,-4.562
2020-12-05T00:00:00+01:00,-4.578
2020-12-05T06:00:00+01:00,-4.586
2020-12-05T12:00:00+01:00,-4.597
2020-12-05T18:00:00+01:00,-4.607
2020-12-06T00:00:00+01:00,-4.613
2020-12-06T06:00:00+01:00,-4.615
2020-12-06T12:00:00+01:00,-4.611
2020-12-06T18:00:00+01:00,-4.613
2020-12-07T00:00:00+01:00,-4.61
2020-12-07T06:00:00+01:00,-4.595
2020-12-07T12:00:00+01:00,-4.595
2020-12-07T18:00:00+01:00,-4.608
2020-12-08T00:00:00+01:00,-4.614
2020-12-08T06:00:00+01:00,-4.617
2020-12-08T12:00:00+01:00,-4.617
2020-12-08T18:00:00+01:00,-4.623
2020-12-09T00:00:00+01:00,-4.624
2020-12-09T06:00:00+01:00,-4.624
2020-12-09T12:00:00+01:00,-4.623
2020-12-09T18:00:00+01:00,-4.623
2020-12-10T00:00:00+01:00,-4.622
2020-12-10T06:00:00+01:00,-4.616
2020-12-10T12:00:00+01:00,-4.617
2020-12-10T18:00:00+01:00,-4.616
2020-12-11T00:00:00+01:00,-4.605
2020-12-11T06:00:00+01:00,-4.587
2020-12-11T12:00:00+01:00,-4.576
2020-12-11T18:00:00+01:00,-4.574
2020-12-12T00:00:00+01:00,-4.578
2020-12-12T06:00:00+01:00,-4.583
2020-12-12T12:00:00+01:00,-4.594
2020-12-12T18:00:00+01:00,-4.605
2020-12-13T00:00:00+01:00,-4.617
2020-12-13T06:00:00+01:00,-4.625
2020-12-13T12:00:00+01:00,-4.631
2020-12-13T18:00:00+01:00,-4.623
2020-12-14T00:00:00+01:00,-4.62
2020-12-14T06:00:00+01:00,-4.613
2020-12-14T12:00:00+01:00,-4.617
2020-12-14T18:00:00+01:00,-4.622
2020-12-15T00:00:00+01:00,-4.622
2020-12-15T06:00:00+01:00,-4.619
2020-12-15T12:00:00+01:00,-4.626
2020-12-15T18:00:00+01:00,-4.634
2020-12-16T00:00:00+01:00,-4.641
2020-12-16T06:00:00+01:00,-4.643
2020-12-16T12:00:00+01:00,-4.64
2020-12-16T18:00:00+01:00,-4.635
2020-12-17T00:00:00+01:00,-4.634
2020-12-17T06:00:00+01:00,-4.629
2020-12-17T12:00:00+01:00,-4.641
2020-12-17T18:00:00+01:00,-4.648
2020-12-18T00:00:00+01:00,-4.652
2020-12-18T06:00:00+01:00,-4.648
2020-12-18T12:00:00+01:00,-4.644
2020-12-18T18:00:00+01:00,-4.641
2020-12-19T00:00:00+01:00,-4.636
2020-12-19T06:00:00+01:00,-4.629
2020-12-19T12:00:00+01:00,-4.627
2020-12-19T18:00:00+01:00,-4.637
2020-12-20T00:00:00+01:00,-4.645
2020-12-20T06:00:00+01:00,-4.646
2020-12-20T12:00:00+01:00,-4.65
2020-12-20T18:00:00+01:00,-4.655
2020-12-21T00:00:00+01:00,-4.659
2020-12-21T06:00:00+01:00,-4.661
2020-12-21T12:00:00+01:00,-4.651
2020-12-21T18:00:00+01:00,-4.629
2020-12-22T00:00:00+01:00,-4.616
2020-12-22T06:00:00+01:00,-4.612
2020-12-22T12:00:00+01:00,-4.627
2020-12-22T18:00:00+01:00,-4.623
2020-12-23T00:00:00+01:00,-4.612
2020-12-23T06:00:00+01:00,-4.594
2020-12-23T12:00:00+01:00,-4.579
2020-12-23T18:00:00+01:00,-4.56
2020-12-24T00:00:00+01:00,-4.556
2020-12-24T06:00:00+01:00,-4.555
2020-12-24T12:00:00+01:00,-4.569
2020-12-24T18:00:00+01:00,-4.575
2020-12-25T00:00:00+01:00,-4.585
2020-12-25T06:00:00+01:00,-4.588
2020-12-25T12:00:00+01:00,-4.591
2020-12-25T18:00:00+01:00,-4.59
2020-12-26T00:00:00+01:00,-4.586
2020-12-26T06:00:00+01:00,-4.571
2020-12-26T12:00:00+01:00,-4.563
2020-12-26T18:00:00+01:00,-4.54
2020-12-27T00:00:00+01:00,-4.516
2020-12-27T06:00:00+01:00,-4.475
2020-12-27T12:00:00+01:00,-4.451
2020-12-27T18:00:00+01:00,-4.444
2020-12-28T00:00:00+01:00,-4.453
2020-12-28T06:00:00+01:00,-4.459
2020-12-28T12:00:00+01:00,-4.466
2020-12-28T18:00:00+01:00,-4.472
2020-12-29T00:00:00+01:00,-4.478
2020-12-29T06:00:00+01:00,-4.482
2020-12-29T12:00:00+01:00,-4.496
2020-12-29T18:00:00+01:00,-4.511
2020-12-30T00:00:00+01:00,-4.52
2020-12-30T06:00:00+01:00,-4.519
2020-12-30T12:00:00+01:00,-4.525
2020-12-30T18:00:00+01:00,-4.53
2020-12-31T00:00:00+01:00,-4.533
2020-12-31T06:00:00+01:00,-4.528
2020-12-31T12:00:00+01:00,-4.53
2020-12-31T18:00:00+01:00,-4.533
2013-01-31T10:00:00+01:00,-4.59
2013-10-01T09:28:00+02:00,-5.08
2014-03-07T12:06:00+01:00,-4.85
2014-08-29T08:51:00+02:00,-4.68
2015-01-29T10:37:00+01:00,-4.56
2016-06-07T14:06:00+02:00,-4.79
2016-08-23T14:54:00+02:00,-4.78
2017-03-16T07:59:00+01:00,-4.68
2017-06-08T01:00:00+02:00,-4.78
2017-09-28T14:06:30+02:00,-4.66
2017-12-14T13:31:00+01:00,-4.5
2018-03-15T12:58:04+01:00,-5.16
2018-06-11T12:33:00+02:00,-5.23
2018-09-12T11:07:00+02:00,-5.14
2018-12-06T11:49:00+01:00,-4.74
2019-02-01T09:31:15+01:00,-4.59
2019-05-02T07:50:00+02:00,-4.77
2019-10-04T11:45:00+02:00,-4.68
2020-02-11T11:09:00+01:00,-4.59
2020-05-01T11:19:00+02:00,-4.68
2020-08-12T11:00:00+02:00,-4.79
