date,water_level_nap_m
1958-08-25T13:00:00+01:00,-4.76
1958-08-28T13:00:00+01:00,-4.76
1958-09-11T13:00:00+01:00,-4.79
1958-09-29T13:00:00+01:00,-4.7
1958-10-21T13:00:00+01:00,-4.71
1958-10-31T13:00:00+01:00,-4.69
1958-11-20T13:00:00+01:00,-4.77
1958-11-28T13:00:00+01:00,-4.77
1958-12-15T13:00:00+01:00,-4.67
1958-12-22T13:00:00+01:00,-4.72
1959-01-23T13:00:00+01:00,-4.7
1959-02-05T13:00:00+01:00,-4.77
1959-02-26T13:00:00+01:00,-4.78
1959-03-12T13:00:00+01:00,-4.8
1959-03-25T13:00:00+01:00,-4.75
1959-04-09T13:00:00+01:00,-4.74
1959-04-27T13:00:00+01:00,-4.77
1959-05-15T13:00:00+01:00,-4.88
1959-05-26T13:00:00+01:00,-4.88
1959-06-04T13:00:00+01:00,-4.88
1959-06-22T13:00:00+01:00,-4.96
1959-07-08T13:00:00+01:00,-4.96
1959-07-21T13:00:00+01:00,-4.96
1959-08-14T13:00:00+01:00,-4.83
1959-08-31T13:00:00+01:00,-4.88
1959-09-16T13:00:00+01:00,-4.9
1959-09-28T13:00:00+01:00,-4.93
1959-10-14T13:00:00+01:00,-4.92
1959-10-29T13:00:00+01:00,-4.84
1959-11-17T13:00:00+01:00,-4.8
1959-11-30T13:00:00+01:00,-4.77
1959-12-15T13:00:00+01:00,-4.82
1959-12-24T13:00:00+01:00,-4.79
1960-02-18T13:00:00+01:00,-4.76
1960-02-29T13:00:00+01:00,-4.77
1960-03-17T13:00:00+01:00,-4.79
1960-03-31T13:00:00+01:00,-4.82
1960-04-20T13:00:00+01:00,-4.86
1960-04-29T13:00:00+01:00,-4.86
1960-05-18T13:00:00+01:00,-4.85
1960-05-31T13:00:00+01:00,-4.88
1960-06-20T13:00:00+01:00,-4.93
1960-06-30T13:00:00+01:00,-4.94
1960-07-18T13:00:00+01:00,-4.89
1960-07-28T13:00:00+01:00,-4.89
1960-08-23T13:00:00+01:00,-4.81
1960-08-31T13:00:00+01:00,-4.76
1960-09-13T13:00:00+01:00,-4.82
1960-10-20T13:00:00+01:00,-4.7
1960-11-02T13:00:00+01:00,-4.69
1960-11-17T13:00:00+01:00,-4.74
1960-11-29T13:00:00+01:00,-4.69
1960-12-12T13:00:00+01:00,-4.69
1960-12-21T13:00:00+01:00,-4.73
1961-01-16T13:00:00+01:00,-4.66
1961-01-30T13:00:00+01:00,-4.67
1961-02-14T13:00:00+01:00,-4.76
1961-03-14T13:00:00+01:00,-4.79
1961-04-13T13:00:00+01:00,-4.79
1961-05-15T13:00:00+01:00,-4.84
1961-06-12T13:00:00+01:00,-4.83
1961-06-26T13:00:00+01:00,-4.83
1961-07-12T13:00:00+01:00,-4.88
1961-07-24T13:00:00+01:00,-4.85
1961-08-11T13:00:00+01:00,-4.81
1961-08-17T13:00:00+01:00,-4.8
1961-09-12T13:00:00+01:00,-4.74
1961-10-12T13:00:00+01:00,-4.79
1961-11-14T13:00:00+01:00,-4.71
1961-11-20T13:00:00+01:00,-4.75
1961-12-18T13:00:00+01:00,-4.73
1962-02-06T13:00:00+01:00,-4.68
1962-03-28T13:00:00+01:00,-4.76
1962-04-16T13:00:00+01:00,-4.77
1962-05-07T13:00:00+01:00,-4.81
1962-05-29T13:00:00+01:00,-4.76
1962-06-18T13:00:00+01:00,-4.84
1962-07-02T13:00:00+01:00,-4.87
1962-07-24T13:00:00+01:00,-4.88
1962-08-13T13:00:00+01:00,-4.81
1962-08-27T13:00:00+01:00,-4.79
1962-09-11T13:00:00+01:00,-4.75
1962-09-25T13:00:00+01:00,-4.73
1962-10-16T13:00:00+01:00,-4.79
1962-10-29T13:00:00+01:00,-4.74
1962-11-09T13:00:00+01:00,-4.71
1962-11-22T13:00:00+01:00,-4.74
1962-12-06T13:00:00+01:00,-4.76
1962-12-18T13:00:00+01:00,-4.64
1963-02-19T13:00:00+01:00,-4.74
1963-02-26T13:00:00+01:00,-4.83
1963-03-13T13:00:00+01:00,-4.76
1963-03-29T13:00:00+01:00,-4.74
1963-04-17T13:00:00+01:00,-4.79
1963-04-29T13:00:00+01:00,-5.12
1963-05-16T13:00:00+01:00,-5.18
1963-05-30T13:00:00+01:00,-5.23
1963-06-13T13:00:00+01:00,-5.34
1963-06-28T13:00:00+01:00,-5.31
1963-07-15T13:00:00+01:00,-5.32
1963-07-30T13:00:00+01:00,-5.38
1963-08-21T13:00:00+01:00,-5.26
1963-09-09T13:00:00+01:00,-5.17
1963-09-27T13:00:00+01:00,-5.28
1963-10-15T13:00:00+01:00,-5.21
1963-12-10T13:00:00+01:00,-5.25
1964-01-09T13:00:00+01:00,-5.24
1964-01-28T13:00:00+01:00,-5.26
1964-02-12T13:00:00+01:00,-5.22
1964-03-04T13:00:00+01:00,-5.27
1964-03-18T13:00:00+01:00,-5.32
1964-04-16T13:00:00+01:00,-5.34
1964-05-20T13:00:00+01:00,-5.43
1964-06-23T13:00:00+01:00,-5.61
1964-07-09T13:00:00+01:00,-5.62
1964-07-27T13:00:00+01:00,-5.65
1964-08-14T13:00:00+01:00,-5.53
1964-09-04T13:00:00+01:00,-5.43
1964-09-25T13:00:00+01:00,-5.48
1964-10-16T13:00:00+01:00,-5.31
1964-11-06T13:00:00+01:00,-5.34
1964-11-18T13:00:00+01:00,-5.31
1964-12-09T13:00:00+01:00,-5.33
1964-12-21T13:00:00+01:00,-5.35
1965-01-12T13:00:00+01:00,-5.26
1965-01-25T13:00:00+01:00,-5.33
1965-02-04T13:00:00+01:00,-5.43
1965-02-22T13:00:00+01:00,-5.41
1965-03-08T13:00:00+01:00,-5.45
1965-03-22T13:00:00+01:00,-5.33
1965-04-08T13:00:00+01:00,-5.32
1965-04-28T13:00:00+01:00,-5.19
1965-05-14T13:00:00+01:00,-5.07
1965-05-26T13:00:00+01:00,-5.2
1965-06-11T13:00:00+01:00,-5.24
1965-06-23T13:00:00+01:00,-5.13
1965-07-05T13:00:00+01:00,-5.22
1965-07-19T13:00:00+01:00,-5.23
1965-08-06T13:00:00+01:00,-5.15
1965-08-25T13:00:00+01:00,-5.24
1965-09-07T13:00:00+01:00,-5.06
1965-09-22T13:00:00+01:00,-5.24
1965-10-06T13:00:00+01:00,-5.24
1965-10-19T13:00:00+01:00,-5.26
1965-11-08T13:00:00+01:00,-5.23
1965-11-18T13:00:00+01:00,-5.17
1965-12-02T13:00:00+01:00,-4.96
1965-12-20T13:00:00+01:00,-4.97
1966-01-07T13:00:00+01:00,-5.04
1966-01-24T13:00:00+01:00,-5.06
1966-02-03T13:00:00+01:00,-5.03
1966-02-17T13:00:00+01:00,-4.98
1966-03-03T13:00:00+01:00,-4.92
1966-03-16T13:00:00+01:00,-4.97
1966-03-29T13:00:00+01:00,-4.9
1966-04-15T13:00:00+01:00,-4.8
1966-04-27T13:00:00+01:00,-4.85
1966-05-17T13:00:00+01:00,-4.94
1966-06-01T13:00:00+01:00,-4.93
1966-06-14T13:00:00+01:00,-5.0
1966-06-29T13:00:00+01:00,-4.91
1966-07-14T13:00:00+01:00,-4.9
1966-08-04T13:00:00+01:00,-4.76
1966-08-16T13:00:00+01:00,-4.87
1966-08-30T13:00:00+01:00,-4.82
1966-09-13T13:00:00+01:00,-4.82
1966-09-27T13:00:00+01:00,-4.8
1966-10-12T13:00:00+01:00,-4.78
1966-11-02T13:00:00+01:00,-4.83
1966-11-22T13:00:00+01:00,-4.76
1966-12-05T13:00:00+01:00,-4.73
1966-12-19T13:00:00+01:00,-4.74
1967-01-11T13:00:00+01:00,-4.73
1967-01-24T13:00:00+01:00,-4.77
1967-02-08T13:00:00+01:00,-4.81
1967-02-21T13:00:00+01:00,-4.72
1967-03-06T13:00:00+01:00,-4.76
1967-03-21T13:00:00+01:00,-4.82
1967-04-04T13:00:00+01:00,-4.76
1967-04-18T13:00:00+01:00,-4.8
1967-05-08T13:00:00+01:00,-4.91
1967-05-25T13:00:00+01:00,-4.83
1967-06-13T13:00:00+01:00,-4.96
1967-07-03T13:00:00+01:00,-4.99
1967-07-20T13:00:00+01:00,-5.08
1967-08-17T13:00:00+01:00,-4.99
1967-09-05T13:00:00+01:00,-4.91
1967-10-06T13:00:00+01:00,-4.86
1967-11-10T13:00:00+01:00,-4.75
1967-12-12T13:00:00+01:00,-4.71
1968-01-08T13:00:00+01:00,-4.71
1968-02-06T13:00:00+01:00,-4.71
1968-02-26T13:00:00+01:00,-4.89
1968-03-14T13:00:00+01:00,-4.87
1968-03-29T13:00:00+01:00,-4.93
1968-04-16T13:00:00+01:00,-4.9
1968-05-06T13:00:00+01:00,-4.93
1968-05-27T13:00:00+01:00,-5.0
1968-06-11T13:00:00+01:00,-4.97
1968-06-25T13:00:00+01:00,-4.97
1968-07-11T13:00:00+01:00,-4.94
1968-07-25T13:00:00+01:00,-4.96
1968-08-16T13:00:00+01:00,-4.92
1968-09-03T13:00:00+01:00,-4.91
1968-09-17T13:00:00+01:00,-4.9
1968-09-30T13:00:00+01:00,-4.79
1968-10-14T13:00:00+01:00,-4.74
1968-11-08T13:00:00+01:00,-4.76
1968-11-25T13:00:00+01:00,-4.8
1968-12-10T13:00:00+01:00,-4.78
1968-12-23T13:00:00+01:00,-4.76
1969-01-14T13:00:00+01:00,-4.73
1969-01-28T13:00:00+01:00,-4.73
1969-02-13T13:00:00+01:00,-4.72
1969-02-27T13:00:00+01:00,-4.76
1969-03-13T13:00:00+01:00,-4.7
1969-03-31T13:00:00+01:00,-4.75
1969-04-11T13:00:00+01:00,-4.84
1969-04-29T13:00:00+01:00,-4.9
1969-05-08T13:00:00+01:00,-4.89
1969-05-27T13:00:00+01:00,-4.94
1969-06-10T13:00:00+01:00,-5.01
1969-06-25T13:00:00+01:00,-4.97
1969-07-15T13:00:00+01:00,-5.06
1969-07-30T13:00:00+01:00,-5.12
1969-08-13T13:00:00+01:00,-5.08
1969-08-28T13:00:00+01:00,-4.85
1969-09-10T13:00:00+01:00,-4.85
1969-09-30T13:00:00+01:00,-4.91
1969-10-13T13:00:00+01:00,-4.85
1969-10-27T13:00:00+01:00,-4.9
1969-11-20T13:00:00+01:00,-4.8
1969-12-05T13:00:00+01:00,-4.76
1969-12-19T13:00:00+01:00,-4.8
1970-01-15T12:00:00+01:00,-4.76
1970-01-29T12:00:00+01:00,-4.82
1970-02-27T12:00:00+01:00,-4.8
1970-03-17T12:00:00+01:00,-4.87
1970-04-01T11:00:00+01:00,-4.84
1970-04-21T11:00:00+01:00,-4.87
1970-05-19T11:00:00+01:00,-5.06
1970-06-01T11:00:00+01:00,-5.08
1970-06-15T11:00:00+01:00,-5.23
1970-06-30T11:00:00+01:00,-5.38
1970-07-20T11:00:00+01:00,-5.17
1970-08-04T11:00:00+01:00,-5.24
1970-08-14T11:00:00+01:00,-5.16
1970-08-28T11:00:00+01:00,-5.12
1970-09-15T11:00:00+01:00,-5.16
1970-09-29T11:00:00+01:00,-5.03
1970-10-13T11:00:00+01:00,-4.88
1970-11-03T12:00:00+01:00,-4.71
1970-11-18T12:00:00+01:00,-4.67
1970-12-03T12:00:00+01:00,-4.7
1970-12-21T12:00:00+01:00,-4.75
1971-01-12T12:00:00+01:00,-4.78
1971-01-26T12:00:00+01:00,-4.72
1971-02-10T12:00:00+01:00,-4.79
1971-02-26T12:00:00+01:00,-4.84
1971-03-11T12:00:00+01:00,-4.95
1971-03-25T12:00:00+01:00,-4.83
1971-04-14T11:00:00+01:00,-4.95
1971-04-28T11:00:00+01:00,-5.03
1971-05-14T11:00:00+01:00,-5.02
1971-05-27T11:00:00+01:00,-4.96
1971-06-15T11:00:00+01:00,-4.92
1971-06-29T11:00:00+01:00,-5.05
1971-07-21T11:00:00+01:00,-5.13
1971-08-04T11:00:00+01:00,-5.04
1971-08-19T11:00:00+01:00,-5.09
1971-09-03T11:00:00+01:00,-5.15
1971-10-06T11:00:00+01:00,-5.05
1971-10-25T11:00:00+01:00,-4.92
1971-11-10T12:00:00+01:00,-4.91
1971-11-25T12:00:00+01:00,-4.86
1971-12-13T12:00:00+01:00,-4.86
1972-01-03T12:00:00+01:00,-4.78
1972-01-18T12:00:00+01:00,-4.82
1972-02-02T12:00:00+01:00,-4.84
1972-02-15T12:00:00+01:00,-4.81
1972-03-02T12:00:00+01:00,-4.9
1972-03-16T12:00:00+01:00,-4.96
1972-04-05T11:00:00+01:00,-4.9
1972-04-18T11:00:00+01:00,-5.04
1972-05-04T11:00:00+01:00,-5.03
1972-05-18T11:00:00+01:00,-4.98
1972-06-01T11:00:00+01:00,-5.05
1972-06-20T11:00:00+01:00,-5.23
1972-07-05T11:00:00+01:00,-5.09
1972-07-18T11:00:00+01:00,-5.04
1972-08-04T11:00:00+01:00,-4.92
1972-08-21T11:00:00+01:00,-5.07
1972-08-30T11:00:00+01:00,-5.2
1972-09-13T11:00:00+01:00,-5.07
1972-09-27T11:00:00+01:00,-5.07
1972-10-11T11:00:00+01:00,-5.0
1972-10-26T11:00:00+01:00,-4.96
1972-11-14T12:00:00+01:00,-4.86
1972-11-28T12:00:00+01:00,-4.78
1972-12-19T12:00:00+01:00,-4.86
1973-01-04T12:00:00+01:00,-4.88
1973-01-18T12:00:00+01:00,-4.86
1973-02-05T12:00:00+01:00,-4.89
1973-02-21T12:00:00+01:00,-4.78
1973-03-05T12:00:00+01:00,-4.8
1973-03-16T12:00:00+01:00,-4.92
1973-04-05T11:00:00+01:00,-4.99
1973-04-18T11:00:00+01:00,-4.95
1973-05-07T11:00:00+01:00,-5.09
1973-05-18T11:00:00+01:00,-5.04
1973-05-30T11:00:00+01:00,-4.97
1973-06-13T11:00:00+01:00,-5.07
1973-07-02T11:00:00+01:00,-5.25
1973-07-13T11:00:00+01:00,-5.09
1973-07-31T11:00:00+01:00,-5.1
1973-08-17T11:00:00+01:00,-5.19
1973-08-31T11:00:00+01:00,-5.07
1973-09-14T11:00:00+01:00,-5.16
1973-09-28T11:00:00+01:00,-5.04
1973-10-16T11:00:00+01:00,-4.88
1973-10-29T12:00:00+01:00,-4.9
1973-11-12T12:00:00+01:00,-4.77
1973-11-30T12:00:00+01:00,-4.73
1973-12-13T12:00:00+01:00,-4.67
1973-12-28T12:00:00+01:00,-4.81
1974-01-15T12:00:00+01:00,-4.74
1974-01-30T12:00:00+01:00,-4.84
1974-02-13T12:00:00+01:00,-4.85
1974-02-27T12:00:00+01:00,-4.83
1974-03-19T12:00:00+01:00,-4.79
1974-03-29T12:00:00+01:00,-4.84
1974-04-11T11:00:00+01:00,-5.01
1974-04-24T11:00:00+01:00,-4.97
1974-05-15T11:00:00+01:00,-5.12
1974-05-31T11:00:00+01:00,-4.99
1974-06-17T11:00:00+01:00,-5.08
1974-06-26T11:00:00+01:00,-5.03
1974-07-17T11:00:00+01:00,-5.02
1974-07-29T11:00:00+01:00,-5.11
1974-08-14T11:00:00+01:00,-5.08
1974-08-27T11:00:00+01:00,-5.07
1974-09-13T11:00:00+01:00,-4.9
1974-10-07T11:00:00+01:00,-4.64
1974-10-21T11:00:00+01:00,-4.68
1974-10-30T12:00:00+01:00,-4.65
1974-11-15T12:00:00+01:00,-4.68
1974-11-27T12:00:00+01:00,-4.64
1974-12-10T12:00:00+01:00,-4.68
1974-12-20T12:00:00+01:00,-4.62
1975-01-14T12:00:00+01:00,-4.63
1975-01-31T12:00:00+01:00,-4.65
1975-02-17T12:00:00+01:00,-4.7
1975-02-27T12:00:00+01:00,-4.8
1975-03-26T12:00:00+01:00,-4.67
1975-04-18T11:00:00+01:00,-4.74
1975-05-26T11:00:00+01:00,-5.12
1975-06-10T11:00:00+01:00,-4.95
1975-07-25T11:00:00+01:00,-5.05
1975-08-28T11:00:00+01:00,-5.24
1975-09-12T11:00:00+01:00,-4.96
1975-10-01T11:00:00+01:00,-4.95
1975-10-13T11:00:00+01:00,-4.84
1975-10-28T12:00:00+01:00,-4.88
1975-11-12T12:00:00+01:00,-4.99
1975-11-26T12:00:00+01:00,-4.72
1975-12-11T12:00:00+01:00,-4.76
1975-12-24T12:00:00+01:00,-4.73
1976-01-16T12:00:00+01:00,-4.76
1976-01-28T12:00:00+01:00,-4.76
1976-02-11T12:00:00+01:00,-4.85
1976-02-25T12:00:00+01:00,-4.84
1976-03-15T12:00:00+01:00,-4.85
1976-03-29T11:00:00+01:00,-4.84
1976-04-14T11:00:00+01:00,-4.86
1976-04-28T11:00:00+01:00,-5.12
1976-05-14T11:00:00+01:00,-5.05
1976-05-28T11:00:00+01:00,-4.98
1976-06-11T11:00:00+01:00,-5.22
1976-07-01T11:00:00+01:00,-5.3
1976-07-13T11:00:00+01:00,-5.27
1976-07-28T11:00:00+01:00,-5.26
1976-08-16T11:00:00+01:00,-5.24
1976-08-27T11:00:00+01:00,-5.3
1976-09-14T11:00:00+01:00,-5.02
1976-09-29T11:00:00+01:00,-5.02
1976-10-13T11:00:00+01:00,-5.04
1976-10-27T11:00:00+01:00,-4.82
1976-11-12T12:00:00+01:00,-4.86
1976-11-26T12:00:00+01:00,-4.81
1976-12-15T12:00:00+01:00,-4.78
1976-12-30T12:00:00+01:00,-4.76
1977-01-13T12:00:00+01:00,-4.76
1977-01-28T12:00:00+01:00,-4.73
1977-02-14T12:00:00+01:00,-4.77
1977-02-25T12:00:00+01:00,-4.77
1977-03-14T12:00:00+01:00,-4.84
1977-03-29T11:00:00+01:00,-5.0
1977-04-18T12:00:00+02:00,-4.92
1977-04-29T12:00:00+02:00,-4.88
1977-05-12T12:00:00+02:00,-4.83
1977-05-26T12:00:00+02:00,-5.21
1977-06-10T12:00:00+02:00,-4.98
1977-06-28T12:00:00+02:00,-5.0
1977-07-15T12:00:00+02:00,-5.14
1977-07-27T12:00:00+02:00,-5.07
1977-08-12T12:00:00+02:00,-5.06
1977-08-24T12:00:00+02:00,-5.08
1977-09-09T12:00:00+02:00,-5.16
1977-09-28T11:00:00+01:00,-4.91
1977-10-12T11:00:00+01:00,-5.06
1977-10-26T11:00:00+01:00,-4.84
1977-11-14T12:00:00+01:00,-4.64
1977-11-24T12:00:00+01:00,-4.56
1977-12-09T12:00:00+01:00,-4.76
1977-12-23T12:00:00+01:00,-4.78
1978-01-11T12:00:00+01:00,-4.62
1978-01-27T12:00:00+01:00,-4.76
1978-02-10T12:00:00+01:00,-4.78
1978-02-24T12:00:00+01:00,-4.8
1978-03-15T12:00:00+01:00,-4.72
1978-03-28T11:00:00+01:00,-4.73
1978-04-14T12:00:00+02:00,-4.87
1978-04-28T12:00:00+02:00,-4.95
1978-05-16T12:00:00+02:00,-4.98
1978-05-29T12:00:00+02:00,-5.13
1978-06-16T12:00:00+02:00,-5.51
1978-06-28T12:00:00+02:00,-5.64
1978-07-14T12:00:00+02:00,-5.77
1978-07-28T12:00:00+02:00,-5.78
1978-08-14T12:00:00+02:00,-5.29
1978-08-28T12:00:00+02:00,-5.3
1978-09-14T12:00:00+02:00,-5.39
1978-09-28T12:00:00+02:00,-5.29
1978-10-13T11:00:00+01:00,-5.11
1978-10-27T11:00:00+01:00,-4.92
1978-11-14T12:00:00+01:00,-4.96
1978-11-29T12:00:00+01:00,-4.74
1978-12-14T12:00:00+01:00,-4.66
1979-03-28T11:00:00+01:00,-4.76
1979-04-15T12:00:00+02:00,-4.86
1979-04-27T12:00:00+02:00,-4.86
1979-05-14T12:00:00+02:00,-4.94
1979-05-28T12:00:00+02:00,-5.02
1979-06-16T12:00:00+02:00,-4.8
1979-06-28T12:00:00+02:00,-4.8
1979-07-16T12:00:00+02:00,-5.04
1979-07-28T12:00:00+02:00,-4.94
1979-08-14T12:00:00+02:00,-5.08
1979-08-28T12:00:00+02:00,-5.08
1979-09-14T12:00:00+02:00,-5.04
1979-09-28T12:00:00+02:00,-5.04
1979-10-15T11:00:00+01:00,-4.86
1979-10-29T12:00:00+01:00,-4.84
1979-11-14T12:00:00+01:00,-4.64
1979-11-28T12:00:00+01:00,-4.79
1979-12-14T12:00:00+01:00,-4.62
1979-12-28T12:00:00+01:00,-4.66
1980-01-14T12:00:00+01:00,-4.72
1980-01-28T12:00:00+01:00,-4.76
1980-02-14T12:00:00+01:00,-4.78
1980-02-28T12:00:00+01:00,-4.8
1980-03-14T12:00:00+01:00,-4.7
1980-03-28T12:00:00+01:00,-4.78
1980-04-14T12:00:00+02:00,-4.94
1980-04-28T12:00:00+02:00,-4.62
1980-05-14T12:00:00+02:00,-5.08
1980-05-28T12:00:00+02:00,-5.06
1980-06-13T12:00:00+02:00,-5.0
1980-06-27T12:00:00+02:00,-4.98
1980-07-14T12:00:00+02:00,-4.94
1980-07-28T12:00:00+02:00,-4.96
1980-08-14T12:00:00+02:00,-5.0
1980-08-28T12:00:00+02:00,-4.93
1980-09-15T12:00:00+02:00,-4.86
1980-09-29T11:00:00+01:00,-4.94
1980-10-14T11:00:00+01:00,-4.88
1980-10-28T12:00:00+01:00,-4.78
1980-11-14T12:00:00+01:00,-4.76
1980-11-28T12:00:00+01:00,-4.74
1980-12-14T12:00:00+01:00,-4.66
1980-12-28T12:00:00+01:00,-4.7
1981-01-14T12:00:00+01:00,-4.56
1981-01-28T12:00:00+01:00,-4.73
1981-02-16T12:00:00+01:00,-4.74
1981-02-27T12:00:00+01:00,-4.8
1981-03-13T12:00:00+01:00,-4.59
1981-03-27T12:00:00+01:00,-4.74
1981-04-14T12:00:00+02:00,-4.94
1981-04-28T12:00:00+02:00,-5.0
1981-05-14T12:00:00+02:00,-4.98
1981-05-27T12:00:00+02:00,-4.82
1981-06-15T12:00:00+02:00,-4.86
1981-06-29T12:00:00+02:00,-4.83
1981-07-14T12:00:00+02:00,-5.01
1981-07-28T12:00:00+02:00,-4.94
1981-08-14T12:00:00+02:00,-4.92
1981-08-28T12:00:00+02:00,-4.98
1981-09-14T12:00:00+02:00,-4.96
1981-09-28T11:00:00+01:00,-4.92
1981-10-14T11:00:00+01:00,-4.74
1981-10-28T12:00:00+01:00,-4.66
1981-11-16T12:00:00+01:00,-4.7
1981-11-27T12:00:00+01:00,-4.64
1981-12-15T12:00:00+01:00,-4.61
1981-12-28T12:00:00+01:00,-4.66
1982-01-14T12:00:00+01:00,-4.7
1982-01-28T12:00:00+01:00,-4.68
1982-02-15T12:00:00+01:00,-4.72
1982-03-01T12:00:00+01:00,-4.78
1982-03-15T12:00:00+01:00,-4.62
1982-03-29T12:00:00+02:00,-4.76
1982-04-14T12:00:00+02:00,-4.78
1982-04-28T12:00:00+02:00,-4.88
1982-05-14T12:00:00+02:00,-5.02
1982-05-28T12:00:00+02:00,-5.04
1982-06-14T12:00:00+02:00,-4.93
1982-06-28T12:00:00+02:00,-4.84
1982-07-14T12:00:00+02:00,-5.06
1982-07-28T12:00:00+02:00,-4.95
1982-08-13T12:00:00+02:00,-5.08
1982-08-30T12:00:00+02:00,-4.94
1982-09-14T12:00:00+02:00,-4.92
1982-09-28T11:00:00+01:00,-4.9
1982-10-14T11:00:00+01:00,-4.64
1982-10-28T11:00:00+01:00,-4.88
1982-11-16T12:00:00+01:00,-4.7
1982-11-29T12:00:00+01:00,-4.76
1982-12-14T12:00:00+01:00,-4.73
1982-12-28T12:00:00+01:00,-4.75
1983-01-14T12:00:00+01:00,-4.76
1983-01-28T12:00:00+01:00,-4.82
1983-02-14T12:00:00+01:00,-4.8
1983-02-28T12:00:00+01:00,-4.76
1983-03-14T12:00:00+01:00,-5.0
1983-03-28T12:00:00+02:00,-4.76
1983-04-14T12:00:00+02:00,-4.81
1983-04-28T12:00:00+02:00,-4.82
1983-05-13T12:00:00+02:00,-4.78
1983-05-27T12:00:00+02:00,-4.81
1983-06-14T12:00:00+02:00,-4.94
1983-06-28T12:00:00+02:00,-4.99
1983-07-14T12:00:00+02:00,-5.1
1983-07-28T12:00:00+02:00,-5.0
1983-08-15T12:00:00+02:00,-5.24
1983-08-29T12:00:00+02:00,-5.07
1983-09-14T12:00:00+02:00,-4.95
1983-09-28T11:00:00+01:00,-4.92
1983-10-14T11:00:00+01:00,-4.92
1983-10-28T11:00:00+01:00,-4.85
1983-11-14T12:00:00+01:00,-4.88
1983-11-28T12:00:00+01:00,-4.68
1983-12-14T12:00:00+01:00,-4.73
1983-12-28T12:00:00+01:00,-4.75
1984-01-16T12:00:00+01:00,-4.72
1984-01-30T12:00:00+01:00,-4.74
1984-02-14T12:00:00+01:00,-4.8
1984-02-28T12:00:00+01:00,-4.84
1984-03-14T12:00:00+01:00,-4.88
1984-03-28T12:00:00+02:00,-4.88
1984-04-13T12:00:00+02:00,-4.9
1984-04-27T12:00:00+02:00,-4.96
1984-05-14T12:00:00+02:00,-4.96
1984-05-28T12:00:00+02:00,-4.86
1984-06-14T12:00:00+02:00,-4.78
1984-06-28T12:00:00+02:00,-4.86
1984-07-13T12:00:00+02:00,-4.88
1984-07-27T12:00:00+02:00,-4.86
1984-08-14T12:00:00+02:00,-4.99
1984-08-29T12:00:00+02:00,-5.14
1984-09-14T12:00:00+02:00,-4.86
1984-09-28T12:00:00+02:00,-4.68
1984-10-15T11:00:00+01:00,-4.76
1984-10-29T12:00:00+01:00,-4.68
1984-11-14T12:00:00+01:00,-4.76
1984-11-28T12:00:00+01:00,-4.64
1984-12-14T12:00:00+01:00,-4.76
1984-12-28T12:00:00+01:00,-4.73
1985-01-28T12:00:00+01:00,-4.7
1985-02-28T12:00:00+01:00,-4.76
1985-03-14T12:00:00+01:00,-4.78
1985-03-28T12:00:00+01:00,-4.8
1985-04-15T12:00:00+02:00,-4.93
1985-04-26T12:00:00+02:00,-4.88
1985-05-14T12:00:00+02:00,-4.8
1985-05-28T12:00:00+02:00,-5.0
1985-06-14T12:00:00+02:00,-4.8
1985-06-28T12:00:00+02:00,-4.8
1985-07-15T12:00:00+02:00,-4.88
1985-07-28T12:00:00+02:00,-4.83
1985-08-14T12:00:00+02:00,-4.86
1985-08-28T12:00:00+02:00,-4.9
1985-09-13T12:00:00+02:00,-4.9
1985-09-27T12:00:00+02:00,-4.96
1985-10-14T11:00:00+01:00,-4.86
1985-10-28T12:00:00+01:00,-4.9
1985-11-14T12:00:00+01:00,-4.72
1985-11-28T12:00:00+01:00,-4.8
1985-12-13T12:00:00+01:00,-4.79
1986-01-14T12:00:00+01:00,-4.7
1986-01-28T12:00:00+01:00,-4.72
1986-03-14T12:00:00+01:00,-4.78
1986-03-27T12:00:00+01:00,-4.7
1986-04-14T12:00:00+02:00,-4.78
1986-04-28T12:00:00+02:00,-4.98
1986-05-14T12:00:00+02:00,-4.8
1986-05-28T12:00:00+02:00,-4.86
1986-06-16T12:00:00+02:00,-4.88
1986-06-27T12:00:00+02:00,-5.02
1986-07-14T12:00:00+02:00,-5.08
1986-07-28T12:00:00+02:00,-4.93
1986-08-14T12:00:00+02:00,-5.03
1986-08-28T12:00:00+02:00,-4.98
1986-09-15T12:00:00+02:00,-4.88
1986-09-29T11:00:00+01:00,-4.9
1986-10-14T11:00:00+01:00,-4.88
1986-10-28T12:00:00+01:00,-4.76
1986-11-14T12:00:00+01:00,-4.76
1986-11-28T12:00:00+01:00,-4.76
1986-12-29T12:00:00+01:00,-4.48
1987-01-28T12:00:00+01:00,-4.66
1987-02-27T12:00:00+01:00,-4.86
1987-03-13T12:00:00+01:00,-4.77
1987-04-14T12:00:00+02:00,-4.9
1987-04-28T12:00:00+02:00,-4.96
1987-05-14T12:00:00+02:00,-4.78
1987-05-27T12:00:00+02:00,-4.92
1987-06-15T12:00:00+02:00,-4.78
1987-06-29T12:00:00+02:00,-4.84
1987-07-14T12:00:00+02:00,-5.0
1987-07-28T12:00:00+02:00,-4.73
1987-08-14T12:00:00+02:00,-4.8
1987-08-28T12:00:00+02:00,-4.73
1987-09-28T11:00:00+01:00,-4.78
1987-10-14T11:00:00+01:00,-4.66
1987-10-28T12:00:00+01:00,-4.7
1987-11-13T12:00:00+01:00,-4.62
1987-11-27T12:00:00+01:00,-4.52
1987-12-14T12:00:00+01:00,-4.64
1987-12-28T12:00:00+01:00,-4.63
1988-01-14T12:00:00+01:00,-4.62
1988-01-28T12:00:00+01:00,-4.58
1988-02-15T12:00:00+01:00,-4.65
1988-02-29T12:00:00+01:00,-4.64
1988-03-28T12:00:00+02:00,-4.63
1988-04-15T12:00:00+02:00,-4.78
1988-04-28T12:00:00+02:00,-4.82
1988-05-19T12:00:00+02:00,-4.88
1988-05-27T12:00:00+02:00,-4.92
1988-06-14T12:00:00+02:00,-5.1
1988-06-28T12:00:00+02:00,-4.94
1988-07-14T12:00:00+02:00,-4.82
1988-07-28T12:00:00+02:00,-4.8
1988-08-15T12:00:00+02:00,-4.84
1988-08-29T12:00:00+02:00,-4.76
1988-09-14T12:00:00+02:00,-4.76
1988-09-28T11:00:00+01:00,-4.67
1988-10-14T11:00:00+01:00,-4.64
1988-10-28T11:00:00+01:00,-4.78
1988-11-14T12:00:00+01:00,-4.74
1988-11-28T12:00:00+01:00,-4.68
1988-12-14T12:00:00+01:00,-4.68
1988-12-28T12:00:00+01:00,-4.63
1990-11-14T12:00:00+01:00,-4.72
1990-11-28T12:00:00+01:00,-4.63
1990-12-14T12:00:00+01:00,-4.61
1990-12-28T12:00:00+01:00,-4.53
1991-01-14T12:00:00+01:00,-4.66
1991-01-28T12:00:00+01:00,-4.76
1991-02-28T12:00:00+01:00,-4.63
1991-03-14T12:00:00+01:00,-4.68
1991-03-28T12:00:00+01:00,-4.8
1991-04-15T12:00:00+02:00,-4.88
1991-04-26T12:00:00+02:00,-4.78
1991-05-14T12:00:00+02:00,-4.86
1991-05-28T12:00:00+02:00,-4.72
1991-06-14T12:00:00+02:00,-4.82
1991-06-28T12:00:00+02:00,-4.61
1991-07-15T12:00:00+02:00,-4.78
1991-07-29T12:00:00+02:00,-4.9
1991-08-14T12:00:00+02:00,-4.94
1991-08-28T12:00:00+02:00,-4.98
1991-09-13T12:00:00+02:00,-4.96
1991-09-27T12:00:00+02:00,-4.8
1991-10-14T11:00:00+01:00,-4.8
1991-10-28T12:00:00+01:00,-4.7
1991-11-14T12:00:00+01:00,-4.48
1991-11-28T12:00:00+01:00,-4.64
1991-12-13T12:00:00+01:00,-4.72
1991-12-30T12:00:00+01:00,-4.6
1992-01-14T12:00:00+01:00,-4.66
1992-01-28T12:00:00+01:00,-4.8
1992-02-14T12:00:00+01:00,-4.67
1992-02-28T12:00:00+01:00,-4.66
1992-03-13T12:00:00+01:00,-4.51
1992-03-27T12:00:00+01:00,-4.63
1992-04-14T12:00:00+02:00,-4.77
1992-04-28T12:00:00+02:00,-4.67
1992-05-14T12:00:00+02:00,-4.82
1992-05-29T12:00:00+02:00,-4.85
1992-06-15T12:00:00+02:00,-4.9
1992-06-29T12:00:00+02:00,-5.0
1992-07-14T12:00:00+02:00,-4.74
1992-07-28T12:00:00+02:00,-4.96
1992-08-13T12:00:00+02:00,-4.82
1992-08-28T12:00:00+02:00,-4.72
1992-09-14T12:00:00+02:00,-4.78
1992-09-28T11:00:00+01:00,-4.82
1992-10-14T11:00:00+01:00,-4.86
1992-10-28T12:00:00+01:00,-4.48
1992-11-13T12:00:00+01:00,-4.52
1992-11-30T12:00:00+01:00,-4.42
1992-12-28T12:00:00+01:00,-4.77
1993-01-14T12:00:00+01:00,-4.56
1993-01-28T12:00:00+01:00,-4.49
1993-02-15T12:00:00+01:00,-4.7
1993-03-01T12:00:00+01:00,-4.58
1993-03-15T12:00:00+01:00,-4.76
1993-03-29T12:00:00+02:00,-4.82
1993-04-14T12:00:00+02:00,-4.73
1993-04-28T12:00:00+02:00,-4.84
1993-05-14T12:00:00+02:00,-4.84
1993-05-28T12:00:00+02:00,-4.76
1993-06-14T12:00:00+02:00,-4.92
1993-06-28T12:00:00+02:00,-4.88
1993-07-14T12:00:00+02:00,-4.78
1993-07-28T12:00:00+02:00,-4.76
1993-08-13T12:00:00+02:00,-4.66
1993-08-27T12:00:00+02:00,-4.67
1993-09-14T12:00:00+02:00,-4.49
1993-09-28T11:00:00+01:00,-4.48
1993-10-14T11:00:00+01:00,-4.48
1993-10-28T11:00:00+01:00,-4.66
1993-11-15T12:00:00+01:00,-4.56
1993-11-29T12:00:00+01:00,-4.68
1993-12-14T12:00:00+01:00,-4.48
1994-01-14T12:00:00+01:00,-4.52
1994-01-28T12:00:00+01:00,-4.54
1994-03-14T12:00:00+01:00,-4.68
1994-03-28T12:00:00+02:00,-4.52
1994-04-14T12:00:00+02:00,-4.54
1994-04-28T12:00:00+02:00,-4.74
1994-05-16T12:00:00+02:00,-4.84
1994-05-31T12:00:00+02:00,-4.9
1994-06-15T12:00:00+02:00,-4.82
1994-06-28T12:00:00+02:00,-4.86
1994-07-28T12:00:00+02:00,-5.06
1994-08-15T12:00:00+02:00,-4.9
1994-08-29T12:00:00+02:00,-4.88
1994-09-14T12:00:00+02:00,-4.78
1994-09-28T11:00:00+01:00,-4.7
1994-10-14T11:00:00+01:00,-4.72
1994-10-27T11:00:00+01:00,-4.66
1994-11-14T12:00:00+01:00,-4.58
1994-11-29T12:00:00+01:00,-4.68
1994-12-14T12:00:00+01:00,-4.68
1994-12-28T12:00:00+01:00,-4.42
1994-12-29T12:00:00+01:00,-4.42
1995-01-27T12:00:00+01:00,-4.38
1995-02-14T12:00:00+01:00,-4.48
1995-02-28T12:00:00+01:00,-4.5
1995-03-14T12:00:00+01:00,-4.62
1995-03-28T12:00:00+02:00,-4.5
1995-04-13T12:00:00+02:00,-4.72
1995-04-28T12:00:00+02:00,-4.86
1995-05-15T12:00:00+02:00,-4.82
1995-05-29T12:00:00+02:00,-4.86
1995-06-14T12:00:00+02:00,-4.74
1995-06-28T12:00:00+02:00,-4.82
1995-07-14T12:00:00+02:00,-4.86
1995-08-14T12:00:00+02:00,-4.98
1995-08-28T12:00:00+02:00,-4.92
1995-09-14T12:00:00+02:00,-4.84
1995-09-27T11:00:00+01:00,-4.76
1995-10-16T11:00:00+01:00,-4.68
1995-10-27T11:00:00+01:00,-4.84
1995-11-14T12:00:00+01:00,-4.7
1995-11-28T12:00:00+01:00,-4.66
1995-12-14T12:00:00+01:00,-4.74
1996-01-15T12:00:00+01:00,-4.7
1996-02-14T12:00:00+01:00,-4.78
1996-02-28T12:00:00+01:00,-4.7
1996-03-13T12:00:00+01:00,-4.76
1996-03-28T12:00:00+01:00,-4.78
1996-04-15T12:00:00+02:00,-4.88
1996-04-26T12:00:00+02:00,-4.88
1996-05-14T12:00:00+02:00,-4.94
1996-05-28T12:00:00+02:00,-4.82
1996-06-14T12:00:00+02:00,-4.9
1996-06-27T12:00:00+02:00,-4.88
1996-07-15T12:00:00+02:00,-4.84
1996-07-29T12:00:00+02:00,-4.9
1996-08-14T12:00:00+02:00,-4.76
1996-08-28T12:00:00+02:00,-4.78
1996-09-13T12:00:00+02:00,-4.76
1996-09-27T12:00:00+02:00,-4.76
1996-10-14T12:00:00+02:00,-4.68
1996-10-28T12:00:00+01:00,-4.56
1996-11-14T12:00:00+01:00,-4.54
1996-11-28T12:00:00+01:00,-4.48
1996-12-13T12:00:00+01:00,-4.6
1997-01-14T12:00:00+01:00,-4.68
1997-01-28T12:00:00+01:00,-4.72
1997-02-13T12:00:00+01:00,-4.5
1997-02-27T12:00:00+01:00,-4.58
1997-03-13T12:00:00+01:00,-4.68
1997-04-01T12:00:00+02:00,-4.7
1997-05-14T12:00:00+02:00,-4.76
1997-05-28T12:00:00+02:00,-4.78
1997-06-13T12:00:00+02:00,-4.8
1997-06-22T12:00:00+02:00,-4.65
1997-07-29T12:00:00+02:00,-4.78
1997-09-16T12:00:00+02:00,-4.78
1997-09-29T12:00:00+02:00,-4.93
1997-10-14T12:00:00+02:00,-4.66
1997-10-28T12:00:00+01:00,-4.64
1997-11-15T12:00:00+01:00,-4.65
1997-11-28T12:00:00+01:00,-4.63
1997-12-16T12:00:00+01:00,-4.55
1997-12-29T12:00:00+01:00,-4.55
1998-01-15T12:00:00+01:00,-4.53
1998-01-29T12:00:00+01:00,-4.56
1998-02-16T12:00:00+01:00,-4.7
1998-03-02T12:00:00+01:00,-4.66
1998-03-16T12:00:00+01:00,-4.58
1998-03-30T12:00:00+02:00,-4.65
1998-04-15T12:00:00+02:00,-4.53
1998-04-28T12:00:00+02:00,-4.6
1998-05-14T12:00:00+02:00,-4.85
1998-05-28T12:00:00+02:00,-4.82
1998-06-12T12:00:00+02:00,-4.58
1998-06-29T12:00:00+02:00,-4.68
1998-07-14T12:00:00+02:00,-4.63
1998-07-28T12:00:00+02:00,-4.78
1998-08-14T12:00:00+02:00,-4.83
1998-08-28T12:00:00+02:00,-4.61
1998-09-15T12:00:00+02:00,-4.43
1998-09-29T12:00:00+02:00,-4.58
1998-10-14T12:00:00+02:00,-4.51
1998-10-28T12:00:00+01:00,-4.39
1998-11-16T12:00:00+01:00,-4.53
1998-11-30T12:00:00+01:00,-4.58
1998-12-15T12:00:00+01:00,-4.53
1998-12-29T12:00:00+01:00,-4.5
1999-01-14T12:00:00+01:00,-4.58
1999-01-28T12:00:00+01:00,-4.48
1999-02-16T12:00:00+01:00,-4.52
1999-03-02T12:00:00+01:00,-4.48
1999-03-16T12:00:00+01:00,-4.64
1999-03-30T12:00:00+02:00,-4.63
1999-04-14T12:00:00+02:00,-4.58
1999-04-28T12:00:00+02:00,-4.68
1999-05-18T12:00:00+02:00,-4.78
1999-06-01T12:00:00+02:00,-4.86
1999-09-14T12:00:00+02:00,-4.78
1999-09-30T12:00:00+02:00,-4.56
1999-10-18T12:00:00+02:00,-4.78
1999-11-01T12:00:00+01:00,-4.59
1999-11-17T12:00:00+01:00,-4.56
1999-12-02T12:00:00+01:00,-4.54
1999-12-17T12:00:00+01:00,-4.51
1999-12-30T12:00:00+01:00,-4.46
2000-01-18T12:00:00+01:00,-4.56
2000-02-01T12:00:00+01:00,-4.53
2000-02-14T12:00:00+01:00,-4.56
2000-02-17T12:00:00+01:00,-4.46
2000-03-02T12:00:00+01:00,-4.51
2000-03-14T12:00:00+01:00,-4.54
2000-03-29T12:00:00+02:00,-4.53
2000-04-14T12:00:00+02:00,-4.6
2000-05-02T12:00:00+02:00,-4.73
2000-05-16T12:00:00+02:00,-4.88
2000-05-30T12:00:00+02:00,-4.66
2000-06-14T12:00:00+02:00,-4.74
2000-10-18T12:00:00+02:00,-4.55
2000-11-01T12:00:00+01:00,-4.49
2000-11-16T12:00:00+01:00,-4.42
2000-12-01T12:00:00+01:00,-4.46
2000-12-18T12:00:00+01:00,-4.47
2001-01-02T12:00:00+01:00,-4.43
2001-01-16T12:00:00+01:00,-4.53
2001-01-30T12:00:00+01:00,-4.52
2001-02-14T12:00:00+01:00,-4.56
2001-02-28T12:00:00+01:00,-4.49
2001-03-14T12:00:00+01:00,-4.56
2001-03-28T12:00:00+02:00,-4.53
2001-04-18T12:00:00+02:00,-4.54
2001-05-01T12:00:00+02:00,-4.66
2001-05-15T12:00:00+02:00,-4.68
2001-05-29T12:00:00+02:00,-4.77
2001-06-14T12:00:00+02:00,-4.82
2001-06-28T12:00:00+02:00,-4.83
2001-07-17T12:00:00+02:00,-4.78
2001-07-31T12:00:00+02:00,-4.92
2001-08-14T12:00:00+02:00,-4.66
2001-08-28T12:00:00+02:00,-4.65
2001-09-14T12:00:00+02:00,-4.55
2001-10-16T12:00:00+02:00,-4.63
2001-10-30T12:00:00+01:00,-4.63
2001-11-14T12:00:00+01:00,-4.61
2001-11-29T12:00:00+01:00,-4.56
2001-12-19T12:00:00+01:00,-4.61
2001-12-28T12:00:00+01:00,-4.56
2002-01-15T12:00:00+01:00,-4.58
2002-01-29T12:00:00+01:00,-4.54
2002-02-14T12:00:00+01:00,-4.56
2002-03-01T12:00:00+01:00,-4.49
2002-03-15T12:00:00+01:00,-4.58
2002-04-03T12:00:00+02:00,-4.66
2002-04-17T12:00:00+02:00,-4.67
2002-05-02T12:00:00+02:00,-4.55
2002-05-14T12:00:00+02:00,-4.63
2002-05-28T12:00:00+02:00,-4.62
2002-06-14T12:00:00+02:00,-4.68
2002-06-28T12:00:00+02:00,-4.76
2002-07-02T12:00:00+02:00,-4.68
2002-07-14T12:00:00+02:00,-4.61
2002-07-16T12:00:00+02:00,-4.62
2002-07-28T12:00:00+02:00,-4.7
2002-07-30T12:00:00+02:00,-4.71
2002-08-14T12:00:00+02:00,-4.7
2002-08-28T12:00:00+02:00,-4.56
2002-09-14T12:00:00+02:00,-4.71
2002-09-28T12:00:00+02:00,-4.66
2002-10-14T12:00:00+02:00,-4.63
2002-10-17T12:00:00+02:00,-4.56
2002-10-28T12:00:00+01:00,-4.53
2002-11-14T12:00:00+01:00,-4.37
2002-11-28T12:00:00+01:00,-4.48
2002-12-14T12:00:00+01:00,-4.56
2002-12-28T12:00:00+01:00,-4.44
2003-01-14T12:00:00+01:00,-4.52
2003-01-28T12:00:00+01:00,-4.47
2003-02-14T12:00:00+01:00,-4.57
2003-02-28T12:00:00+01:00,-4.66
2003-03-14T12:00:00+01:00,-4.69
2003-03-28T12:00:00+01:00,-4.77
2003-04-14T12:00:00+02:00,-4.72
2003-04-28T12:00:00+02:00,-4.65
2003-05-07T12:00:00+02:00,-4.66
2003-05-14T12:00:00+02:00,-4.54
2003-05-28T12:00:00+02:00,-4.53
2003-06-14T12:00:00+02:00,-4.72
2003-06-28T12:00:00+02:00,-4.74
2003-07-14T12:00:00+02:00,-4.73
2003-07-28T12:00:00+02:00,-4.74
2003-08-14T12:00:00+02:00,-4.82
2003-08-28T12:00:00+02:00,-4.72
2003-09-14T12:00:00+02:00,-4.61
2003-09-28T12:00:00+02:00,-4.56
2003-10-14T12:00:00+02:00,-4.5
2003-10-24T12:00:00+02:00,-4.56
2003-10-28T12:00:00+01:00,-4.54
2003-11-14T12:00:00+01:00,-4.56
2003-11-28T12:00:00+01:00,-4.47
2003-12-14T12:00:00+01:00,-4.44
2003-12-28T12:00:00+01:00,-4.32
2004-01-14T12:00:00+01:00,-4.36
2004-01-28T12:00:00+01:00,-4.4
2004-02-14T12:00:00+01:00,-4.42
2004-02-28T12:00:00+01:00,-4.41
2004-03-14T12:00:00+01:00,-4.51
2004-03-28T12:00:00+02:00,-4.5
2004-04-14T12:00:00+02:00,-4.58
2004-04-28T12:00:00+02:00,-4.66
2004-05-06T12:00:00+02:00,-4.59
2004-05-14T12:00:00+02:00,-4.66
2004-05-28T12:00:00+02:00,-4.75
2004-06-14T12:00:00+02:00,-4.77
2004-06-28T12:00:00+02:00,-4.64
2004-07-14T12:00:00+02:00,-4.63
2004-07-28T12:00:00+02:00,-4.69
2004-08-14T12:00:00+02:00,-4.68
2004-08-28T12:00:00+02:00,-4.5
2004-09-14T12:00:00+02:00,-4.63
2004-09-28T12:00:00+02:00,-4.53
2004-10-14T12:00:00+02:00,-4.53
2004-10-27T12:00:00+02:00,-4.5
2004-10-28T12:00:00+02:00,-4.48
2004-11-14T12:00:00+01:00,-4.57
2004-11-28T12:00:00+01:00,-4.45
2004-12-14T12:00:00+01:00,-4.57
2004-12-28T12:00:00+01:00,-4.43
2005-01-14T12:00:00+01:00,-4.55
2005-01-28T12:00:00+01:00,-4.46
2005-02-14T12:00:00+01:00,-4.44
2005-02-28T12:00:00+01:00,-4.53
2005-03-14T12:00:00+01:00,-4.47
2005-03-28T12:00:00+02:00,-4.56
2005-04-14T12:00:00+02:00,-4.56
2005-04-21T12:00:00+02:00,-4.55
2005-04-28T12:00:00+02:00,-4.61
2005-05-14T12:00:00+02:00,-4.63
2005-05-28T12:00:00+02:00,-4.71
2005-06-14T12:00:00+02:00,-4.66
2005-06-28T12:00:00+02:00,-4.84
2005-07-14T12:00:00+02:00,-4.73
2005-07-28T12:00:00+02:00,-4.63
2005-08-14T12:00:00+02:00,-4.5
2005-08-28T12:00:00+02:00,-4.57
2005-09-14T12:00:00+02:00,-4.67
2005-09-28T12:00:00+02:00,-4.63
2005-09-29T12:00:00+02:00,-4.57
2005-10-14T12:00:00+02:00,-4.63
2005-10-28T12:00:00+02:00,-4.5
2005-11-14T12:00:00+01:00,-4.62
2005-11-28T12:00:00+01:00,-4.41
2005-12-14T12:00:00+01:00,-4.51
2005-12-28T12:00:00+01:00,-4.52
2006-01-14T12:00:00+01:00,-4.57
2006-01-28T12:00:00+01:00,-4.56
2006-02-14T12:00:00+01:00,-4.56
2006-02-28T12:00:00+01:00,-4.52
2006-03-14T12:00:00+01:00,-4.59
2006-03-28T12:00:00+02:00,-4.51
2006-04-14T12:00:00+02:00,-4.56
2006-04-28T12:00:00+02:00,-4.68
2006-05-14T12:00:00+02:00,-4.78
2006-05-28T12:00:00+02:00,-4.57
2006-05-31T12:00:00+02:00,-4.57
2006-06-14T12:00:00+02:00,-4.72
2006-06-28T12:00:00+02:00,-4.73
2006-07-14T12:00:00+02:00,-4.92
2006-07-28T12:00:00+02:00,-4.9
2006-08-14T12:00:00+02:00,-4.6
2006-08-28T12:00:00+02:00,-4.49
2006-09-14T12:00:00+02:00,-4.61
2006-09-28T12:00:00+02:00,-4.68
2006-10-14T12:00:00+02:00,-4.62
2006-10-28T12:00:00+02:00,-4.59
2006-11-07T12:00:00+01:00,-4.57
2006-11-14T12:00:00+01:00,-4.49
2006-11-28T12:00:00+01:00,-4.49
2006-12-14T12:00:00+01:00,-4.47
2006-12-28T12:00:00+01:00,-4.54
2007-01-14T12:00:00+01:00,-4.49
2007-01-28T12:00:00+01:00,-4.5
2007-02-14T12:00:00+01:00,-4.47
2007-02-28T12:00:00+01:00,-4.43
2007-03-14T12:00:00+01:00,-4.57
2007-03-28T12:00:00+02:00,-4.58
2007-04-14T12:00:00+02:00,-4.7
2007-04-28T12:00:00+02:00,-4.79
2007-05-14T12:00:00+02:00,-4.56
2007-05-28T12:00:00+02:00,-4.58
2007-06-14T12:00:00+02:00,-4.68
2007-06-22T12:00:00+02:00,-4.59
2007-06-28T12:00:00+02:00,-4.51
2007-07-14T12:00:00+02:00,-4.54
2007-07-28T12:00:00+02:00,-4.5
2007-08-14T12:00:00+02:00,-4.62
2007-08-28T12:00:00+02:00,-4.71
2007-09-14T12:00:00+02:00,-4.62
2007-09-28T12:00:00+02:00,-4.5
2007-10-14T12:00:00+02:00,-4.62
2007-10-28T12:00:00+01:00,-4.61
2007-11-14T12:00:00+01:00,-4.5
2007-11-15T12:00:00+01:00,-4.57
2007-11-28T12:00:00+01:00,-4.57
2007-12-14T12:00:00+01:00,-4.58
2007-12-28T12:00:00+01:00,-4.55
2008-01-14T12:00:00+01:00,-4.48
2008-01-28T12:00:00+01:00,-4.54
2008-02-14T12:00:00+01:00,-4.62
2008-02-28T12:00:00+01:00,-4.46
2008-03-14T12:00:00+01:00,-4.38
2008-03-28T12:00:00+01:00,-4.33
2008-04-14T12:00:00+02:00,-4.45
2008-04-28T12:00:00+02:00,-4.47
2008-05-01T12:00:00+02:00,-4.48
2008-05-02T12:00:00+02:00,-4.51
2008-05-03T12:00:00+02:00,-4.55
2008-05-04T12:00:00+02:00,-4.58
2008-05-05T12:00:00+02:00,-4.6
2008-05-06T12:00:00+02:00,-4.6
2008-05-07T12:00:00+02:00,-4.58
2008-05-08T12:00:00+02:00,-4.57
2008-05-09T12:00:00+02:00,-4.58
2008-05-10T12:00:00+02:00,-4.61
2008-05-11T12:00:00+02:00,-4.63
2008-05-12T12:00:00+02:00,-4.64
2008-05-13T12:00:00+02:00,-4.64
2008-05-14T12:00:00+02:00,-4.62
2008-05-15T12:00:00+02:00,-4.62
2008-05-16T12:00:00+02:00,-4.61
2008-05-17T12:00:00+02:00,-4.59
2008-05-18T12:00:00+02:00,-4.6
2008-05-19T12:00:00+02:00,-4.62
2008-05-20T12:00:00+02:00,-4.62
2008-05-21T12:00:00+02:00,-4.61
2008-05-22T12:00:00+02:00,-4.63
2008-05-23T12:00:00+02:00,-4.62
2008-05-24T12:00:00+02:00,-4.64
2008-05-25T12:00:00+02:00,-4.64
2008-05-26T12:00:00+02:00,-4.64
2008-05-27T12:00:00+02:00,-4.63
2008-05-28T12:00:00+02:00,-4.6
2008-05-29T12:00:00+02:00,-4.61
2008-05-30T12:00:00+02:00,-4.59
2008-05-31T12:00:00+02:00,-4.62
2008-06-01T12:00:00+02:00,-4.57
2008-06-02T12:00:00+02:00,-4.57
2008-06-03T12:00:00+02:00,-4.56
2008-06-04T12:00:00+02:00,-4.56
2008-06-05T12:00:00+02:00,-4.57
2008-06-06T12:00:00+02:00,-4.59
2008-06-07T12:00:00+02:00,-4.59
2008-06-08T12:00:00+02:00,-4.62
2008-06-09T12:00:00+02:00,-4.64
2008-06-10T12:00:00+02:00,-4.64
2008-06-11T12:00:00+02:00,-4.63
2008-06-12T12:00:00+02:00,-4.62
2008-06-13T12:00:00+02:00,-4.63
2008-06-14T12:00:00+02:00,-4.61
2008-06-15T12:00:00+02:00,-4.62
2008-06-16T12:00:00+02:00,-4.62
2008-06-17T12:00:00+02:00,-4.62
2008-06-18T12:00:00+02:00,-4.65
2008-06-19T12:00:00+02:00,-4.61
2008-06-20T12:00:00+02:00,-4.64
2008-06-21T12:00:00+02:00,-4.66
2008-06-22T12:00:00+02:00,-4.64
2008-06-23T12:00:00+02:00,-4.67
2008-06-24T12:00:00+02:00,-4.71
2008-06-25T12:00:00+02:00,-4.73
2008-06-26T12:00:00+02:00,-4.77
2008-06-27T12:00:00+02:00,-4.77
2008-06-28T12:00:00+02:00,-4.77
2008-06-29T12:00:00+02:00,-4.79
2008-06-30T12:00:00+02:00,-4.81
2008-07-01T12:00:00+02:00,-4.8
2008-07-02T12:00:00+02:00,-4.79
2008-07-03T12:00:00+02:00,-4.77
2008-07-04T12:00:00+02:00,-4.8
2008-07-05T12:00:00+02:00,-4.8
2008-07-06T12:00:00+02:00,-4.78
2008-07-07T12:00:00+02:00,-4.75
2008-07-08T12:00:00+02:00,-4.72
2008-07-09T12:00:00+02:00,-4.71
2008-07-10T12:00:00+02:00,-4.68
2008-07-11T12:00:00+02:00,-4.65
2008-07-12T12:00:00+02:00,-4.64
2008-07-13T12:00:00+02:00,-4.64
2008-07-14T12:00:00+02:00,-4.66
2008-07-15T12:00:00+02:00,-4.7
2008-07-16T12:00:00+02:00,-4.69
2008-07-17T12:00:00+02:00,-4.67
2008-07-18T12:00:00+02:00,-4.63
2008-07-19T12:00:00+02:00,-4.61
2008-07-20T12:00:00+02:00,-4.61
2008-07-21T12:00:00+02:00,-4.62
2008-07-22T12:00:00+02:00,-4.62
2008-07-23T12:00:00+02:00,-4.61
2008-07-24T12:00:00+02:00,-4.64
2008-07-25T12:00:00+02:00,-4.63
2008-07-26T12:00:00+02:00,-4.64
2008-07-27T12:00:00+02:00,-4.63
2008-07-28T12:00:00+02:00,-4.6
2008-07-29T12:00:00+02:00,-4.6
2008-07-30T12:00:00+02:00,-4.61
2008-07-31T12:00:00+02:00,-4.62
2008-08-01T12:00:00+02:00,-4.59
2008-08-02T12:00:00+02:00,-4.61
2008-08-03T12:00:00+02:00,-4.57
2008-08-04T12:00:00+02:00,-4.55
2008-08-05T12:00:00+02:00,-4.58
2008-08-06T12:00:00+02:00,-4.59
2008-08-07T12:00:00+02:00,-4.56
2008-08-08T12:00:00+02:00,-4.51
2008-08-09T12:00:00+02:00,-4.54
2008-08-10T12:00:00+02:00,-4.5
2008-08-11T12:00:00+02:00,-4.5
2008-08-12T12:00:00+02:00,-4.49
2008-08-13T12:00:00+02:00,-4.51
2008-08-14T12:00:00+02:00,-4.55
2008-08-15T12:00:00+02:00,-4.57
2008-08-16T12:00:00+02:00,-4.58
2008-08-17T12:00:00+02:00,-4.57
2008-08-18T12:00:00+02:00,-4.57
2008-08-19T12:00:00+02:00,-4.53
2008-08-20T12:00:00+02:00,-4.54
2008-08-21T12:00:00+02:00,-4.55
2008-08-22T12:00:00+02:00,-4.55
2008-08-23T12:00:00+02:00,-4.56
2008-08-24T12:00:00+02:00,-4.56
2008-08-25T12:00:00+02:00,-4.55
2008-08-26T12:00:00+02:00,-4.61
2008-08-27T12:00:00+02:00,-4.62
2008-08-28T12:00:00+02:00,-4.62
2008-08-29T12:00:00+02:00,-4.62
2008-08-30T12:00:00+02:00,-4.62
2008-08-31T12:00:00+02:00,-4.63
2008-09-01T12:00:00+02:00,-4.64
2008-09-02T12:00:00+02:00,-4.62
2008-09-03T12:00:00+02:00,-4.57
2008-09-04T12:00:00+02:00,-4.56
2008-09-05T12:00:00+02:00,-4.56
2008-09-06T12:00:00+02:00,-4.55
2008-09-07T12:00:00+02:00,-4.57
2008-09-08T12:00:00+02:00,-4.59
2008-09-09T12:00:00+02:00,-4.6
2008-09-10T12:00:00+02:00,-4.61
2008-09-11T12:00:00+02:00,-4.6
2008-09-12T12:00:00+02:00,-4.6
2008-09-13T12:00:00+02:00,-4.6
2008-09-14T12:00:00+02:00,-4.61
2008-09-15T12:00:00+02:00,-4.6
2008-09-16T12:00:00+02:00,-4.62
2008-09-17T12:00:00+02:00,-4.6
2008-09-18T12:00:00+02:00,-4.61
2008-09-19T12:00:00+02:00,-4.64
2008-09-20T12:00:00+02:00,-4.68
2008-09-21T12:00:00+02:00,-4.67
2008-09-22T12:00:00+02:00,-4.66
2008-09-23T12:00:00+02:00,-4.65
2008-09-24T12:00:00+02:00,-4.62
2008-09-25T12:00:00+02:00,-4.66
2008-09-26T12:00:00+02:00,-4.7
2008-09-27T12:00:00+02:00,-4.7
2008-09-28T12:00:00+02:00,-4.69
2008-09-29T12:00:00+02:00,-4.62
2008-09-30T12:00:00+02:00,-4.58
2008-10-01T12:00:00+02:00,-4.54
2008-10-02T12:00:00+02:00,-4.55
2008-10-03T12:00:00+02:00,-4.55
2008-10-04T12:00:00+02:00,-4.56
2008-10-05T12:00:00+02:00,-4.51
2008-10-06T12:00:00+02:00,-4.53
2008-10-07T12:00:00+02:00,-4.52
2008-10-08T12:00:00+02:00,-4.53
2008-10-09T12:00:00+02:00,-4.58
2008-10-10T12:00:00+02:00,-4.58
2008-10-11T12:00:00+02:00,-4.57
2008-10-12T12:00:00+02:00,-4.57
2008-10-13T12:00:00+02:00,-4.56
2008-10-14T12:00:00+02:00,-4.57
2008-10-15T12:00:00+02:00,-4.54
2008-10-16T12:00:00+02:00,-4.53
2008-10-17T12:00:00+02:00,-4.55
2008-10-18T12:00:00+02:00,-4.55
2008-10-19T12:00:00+02:00,-4.55
2008-10-20T12:00:00+02:00,-4.54
2008-10-21T12:00:00+02:00,-4.53
2008-10-22T12:00:00+02:00,-4.54
2008-10-23T12:00:00+02:00,-4.54
2008-10-24T12:00:00+02:00,-4.54
2008-10-25T12:00:00+02:00,-4.58
2008-10-26T12:00:00+01:00,-4.52
2008-10-27T12:00:00+01:00,-4.49
2008-10-28T12:00:00+01:00,-4.51
2008-10-29T12:00:00+01:00,-4.5
2008-10-30T12:00:00+01:00,-4.48
2008-10-31T12:00:00+01:00,-4.48
2008-11-01T12:00:00+01:00,-4.5
2008-11-02T12:00:00+01:00,-4.52
2008-11-03T12:00:00+01:00,-4.51
2008-11-04T12:00:00+01:00,-4.54
2008-11-05T12:00:00+01:00,-4.54
2008-11-06T12:00:00+01:00,-4.53
2008-11-07T12:00:00+01:00,-4.53
2008-11-08T12:00:00+01:00,-4.54
2008-11-09T12:00:00+01:00,-4.52
2008-11-10T12:00:00+01:00,-4.52
2008-11-11T12:00:00+01:00,-4.49
2008-11-12T12:00:00+01:00,-4.5
2008-11-13T12:00:00+01:00,-4.52
2008-11-14T12:00:00+01:00,-4.5
2008-11-15T12:00:00+01:00,-4.51
2008-11-16T12:00:00+01:00,-4.51
2008-11-17T12:00:00+01:00,-4.53
2008-11-18T12:00:00+01:00,-4.48
2008-11-19T12:00:00+01:00,-4.45
2008-11-20T12:00:00+01:00,-4.51
2008-11-21T12:00:00+01:00,-4.49
2008-11-22T12:00:00+01:00,-4.5
2008-11-23T12:00:00+01:00,-4.48
2008-11-24T12:00:00+01:00,-4.46
2008-11-25T12:00:00+01:00,-4.5
2008-11-26T12:00:00+01:00,-4.53
2008-11-27T12:00:00+01:00,-4.49
2008-11-28T12:00:00+01:00,-4.46
2008-11-29T12:00:00+01:00,-4.45
2008-11-30T12:00:00+01:00,-4.45
2008-12-01T12:00:00+01:00,-4.46
2008-12-02T12:00:00+01:00,-4.48
2008-12-03T12:00:00+01:00,-4.46
2008-12-04T12:00:00+01:00,-4.44
2008-12-05T12:00:00+01:00,-4.42
2008-12-06T12:00:00+01:00,-4.49
2008-12-07T12:00:00+01:00,-4.54
2008-12-08T12:00:00+01:00,-4.53
2008-12-09T12:00:00+01:00,-4.5
2008-12-10T12:00:00+01:00,-4.51
2008-12-11T12:00:00+01:00,-4.47
2008-12-12T12:00:00+01:00,-4.5
2008-12-13T12:00:00+01:00,-4.46
2008-12-14T12:00:00+01:00,-4.47
2008-12-15T12:00:00+01:00,-4.49
2008-12-16T12:00:00+01:00,-4.5
2008-12-17T12:00:00+01:00,-4.49
2008-12-18T12:00:00+01:00,-4.52
2008-12-19T12:00:00+01:00,-4.53
2008-12-20T12:00:00+01:00,-4.52
2008-12-21T12:00:00+01:00,-4.53
2008-12-22T12:00:00+01:00,-4.54
2008-12-23T12:00:00+01:00,-4.57
2008-12-24T12:00:00+01:00,-4.54
2008-12-25T12:00:00+01:00,-4.56
2008-12-26T12:00:00+01:00,-4.57
2008-12-27T12:00:00+01:00,-4.56
2008-12-28T12:00:00+01:00,-4.56
2008-12-29T12:00:00+01:00,-4.54
2008-12-30T12:00:00+01:00,-4.58
2008-12-31T12:00:00+01:00,-4.58
2009-01-01T12:00:00+01:00,-4.57
2009-01-02T12:00:00+01:00,-4.57
2009-01-03T12:00:00+01:00,-4.57
2009-01-04T12:00:00+01:00,-4.55
2009-01-05T12:00:00+01:00,-4.55
2009-01-06T12:00:00+01:00,-4.58
2009-01-07T12:00:00+01:00,-4.56
2009-01-08T12:00:00+01:00,-4.58
2009-01-09T12:00:00+01:00,-4.58
2009-01-10T12:00:00+01:00,-4.57
2009-01-11T12:00:00+01:00,-4.57
2009-01-12T12:00:00+01:00,-4.54
2009-01-13T12:00:00+01:00,-4.54
2009-01-14T12:00:00+01:00,-4.54
2009-01-15T12:00:00+01:00,-4.56
2009-01-16T12:00:00+01:00,-4.56
2009-01-17T12:00:00+01:00,-4.53
2009-01-18T12:00:00+01:00,-4.48
2009-01-19T12:00:00+01:00,-4.46
2009-01-20T12:00:00+01:00,-4.48
2009-01-21T12:00:00+01:00,-4.52
2009-01-22T12:00:00+01:00,-4.48
2009-01-23T12:00:00+01:00,-4.4
2009-01-24T12:00:00+01:00,-4.45
2009-01-25T12:00:00+01:00,-4.47
2009-01-26T12:00:00+01:00,-4.48
2009-01-27T12:00:00+01:00,-4.51
2009-01-28T12:00:00+01:00,-4.53
2009-01-29T12:00:00+01:00,-4.54
2009-01-30T12:00:00+01:00,-4.55
2009-01-31T12:00:00+01:00,-4.56
2009-02-01T12:00:00+01:00,-4.56
2009-02-02T12:00:00+01:00,-4.54
2009-02-03T12:00:00+01:00,-4.53
2009-02-04T12:00:00+01:00,-4.51
2009-02-05T12:00:00+01:00,-4.49
2009-02-06T12:00:00+01:00,-4.5
2009-02-07T12:00:00+01:00,-4.51
2009-02-08T12:00:00+01:00,-4.54
2009-02-09T12:00:00+01:00,-4.53
2009-02-10T12:00:00+01:00,-4.47
2009-02-11T12:00:00+01:00,-4.54
2009-02-12T12:00:00+01:00,-4.56
2009-02-13T12:00:00+01:00,-4.55
2009-02-14T12:00:00+01:00,-4.56
2009-02-15T12:00:00+01:00,-4.56
2009-02-16T12:00:00+01:00,-4.54
2009-02-17T12:00:00+01:00,-4.53
2009-02-18T12:00:00+01:00,-4.55
2009-02-19T12:00:00+01:00,-4.55
2009-02-20T12:00:00+01:00,-4.55
2009-02-21T12:00:00+01:00,-4.56
2009-02-22T12:00:00+01:00,-4.52
2009-02-23T12:00:00+01:00,-4.53
2009-02-24T12:00:00+01:00,-4.55
2009-02-25T12:00:00+01:00,-4.56
2009-02-26T12:00:00+01:00,-4.54
2009-02-27T12:00:00+01:00,-4.54
2009-02-28T12:00:00+01:00,-4.55
2009-03-01T12:00:00+01:00,-4.53
2009-03-02T12:00:00+01:00,-4.54
2009-03-03T12:00:00+01:00,-4.54
2009-03-04T12:00:00+01:00,-4.47
2009-03-05T12:00:00+01:00,-4.5
2009-03-06T12:00:00+01:00,-4.54
2009-03-07T12:00:00+01:00,-4.57
2009-03-08T12:00:00+01:00,-4.55
2009-03-09T12:00:00+01:00,-4.55
2009-03-10T12:00:00+01:00,-4.54
2009-03-11T12:00:00+01:00,-4.6
2009-03-12T12:00:00+01:00,-4.58
2009-03-13T12:00:00+01:00,-4.59
2009-03-14T12:00:00+01:00,-4.57
2009-03-15T12:00:00+01:00,-4.64
2009-03-16T12:00:00+01:00,-4.66
2009-03-17T12:00:00+01:00,-4.67
2009-03-18T12:00:00+01:00,-4.67
2009-03-19T12:00:00+01:00,-4.66
2009-03-20T12:00:00+01:00,-4.67
2009-03-21T12:00:00+01:00,-4.67
2009-03-22T12:00:00+01:00,-4.67
2009-03-23T12:00:00+01:00,-4.62
2009-03-24T12:00:00+01:00,-4.61
2009-03-25T12:00:00+01:00,-4.55
2009-03-26T12:00:00+01:00,-4.54
2009-03-27T12:00:00+01:00,-4.53
2009-03-28T12:00:00+01:00,-4.52
2009-03-29T12:00:00+02:00,-4.57
2009-03-30T12:00:00+02:00,-4.59
2009-03-31T12:00:00+02:00,-4.6
2009-04-01T12:00:00+02:00,-4.6
2009-04-02T12:00:00+02:00,-4.6
2009-04-03T12:00:00+02:00,-4.59
2009-04-04T12:00:00+02:00,-4.61
2009-04-05T12:00:00+02:00,-4.63
2009-04-06T12:00:00+02:00,-4.61
2009-04-07T12:00:00+02:00,-4.58
2009-04-08T12:00:00+02:00,-4.59
2009-04-09T12:00:00+02:00,-4.6
2009-04-10T12:00:00+02:00,-4.58
2009-04-11T12:00:00+02:00,-4.59
2009-04-12T12:00:00+02:00,-4.6
2009-04-13T12:00:00+02:00,-4.63
2009-04-14T12:00:00+02:00,-4.63
2009-04-15T12:00:00+02:00,-4.63
2009-04-16T12:00:00+02:00,-4.62
2009-04-17T12:00:00+02:00,-4.62
2009-04-18T12:00:00+02:00,-4.64
2009-04-19T12:00:00+02:00,-4.66
2009-04-20T12:00:00+02:00,-4.68
2009-04-21T12:00:00+02:00,-4.67
2009-04-22T12:00:00+02:00,-4.68
2009-04-23T12:00:00+02:00,-4.68
2009-04-24T12:00:00+02:00,-4.67
2009-04-25T12:00:00+02:00,-4.64
2009-04-26T12:00:00+02:00,-4.67
2009-04-27T12:00:00+02:00,-4.63
2009-04-28T12:00:00+02:00,-4.62
2009-04-29T12:00:00+02:00,-4.65
2009-04-30T12:00:00+02:00,-4.66
2009-05-01T12:00:00+02:00,-4.68
2009-05-02T12:00:00+02:00,-4.71
2009-05-03T12:00:00+02:00,-4.7
2009-05-04T12:00:00+02:00,-4.69
2009-05-05T12:00:00+02:00,-4.68
2009-05-06T12:00:00+02:00,-4.65
2009-05-07T12:00:00+02:00,-4.65
2009-05-08T12:00:00+02:00,-4.63
2009-05-09T12:00:00+02:00,-4.66
2009-05-10T12:00:00+02:00,-4.67
2009-05-11T12:00:00+02:00,-4.67
2009-05-12T12:00:00+02:00,-4.68
2009-05-13T12:00:00+02:00,-4.65
2009-05-14T12:00:00+02:00,-4.66
2009-05-15T12:00:00+02:00,-4.63
2009-05-16T12:00:00+02:00,-4.63
2009-05-17T12:00:00+02:00,-4.61
2009-05-18T12:00:00+02:00,-4.62
2009-05-19T12:00:00+02:00,-4.62
2009-05-20T12:00:00+02:00,-4.62
2009-05-21T12:00:00+02:00,-4.6
2009-05-22T12:00:00+02:00,-4.62
2009-05-23T12:00:00+02:00,-4.63
2009-05-24T12:00:00+02:00,-4.66
2009-05-25T12:00:00+02:00,-4.64
2009-05-26T12:00:00+02:00,-4.58
2009-05-27T12:00:00+02:00,-4.6
2009-05-28T12:00:00+02:00,-4.59
2009-05-29T12:00:00+02:00,-4.62
2009-05-30T12:00:00+02:00,-4.61
2009-05-31T12:00:00+02:00,-4.62
2009-06-01T12:00:00+02:00,-4.62
2009-06-02T12:00:00+02:00,-4.63
2009-06-03T12:00:00+02:00,-4.63
2009-06-04T12:00:00+02:00,-4.63
2009-06-05T12:00:00+02:00,-4.61
2009-06-06T12:00:00+02:00,-4.6
2009-06-07T12:00:00+02:00,-4.6
2009-06-08T12:00:00+02:00,-4.6
2009-06-09T12:00:00+02:00,-4.59
2009-06-10T12:00:00+02:00,-4.61
2009-06-11T12:00:00+02:00,-4.61
2009-06-12T12:00:00+02:00,-4.61
2009-06-13T12:00:00+02:00,-4.62
2009-06-14T12:00:00+02:00,-4.62
2009-06-15T12:00:00+02:00,-4.61
2009-06-16T12:00:00+02:00,-4.6
2009-06-17T12:00:00+02:00,-4.6
2009-06-18T12:00:00+02:00,-4.61
2009-06-19T12:00:00+02:00,-4.62
2009-06-20T12:00:00+02:00,-4.64
2009-06-21T12:00:00+02:00,-4.65
2009-06-22T12:00:00+02:00,-4.67
2009-06-23T12:00:00+02:00,-4.68
2009-06-24T12:00:00+02:00,-4.66
2009-06-25T12:00:00+02:00,-4.66
2009-06-26T12:00:00+02:00,-4.65
2009-06-27T12:00:00+02:00,-4.67
2009-06-28T12:00:00+02:00,-4.67
2009-06-29T12:00:00+02:00,-4.68
2009-06-30T12:00:00+02:00,-4.71
2009-07-01T12:00:00+02:00,-4.71
2009-07-02T12:00:00+02:00,-4.75
2009-07-03T12:00:00+02:00,-4.74
2009-07-04T12:00:00+02:00,-4.74
2009-07-05T12:00:00+02:00,-4.73
2009-07-06T12:00:00+02:00,-4.73
2009-07-07T12:00:00+02:00,-4.7
2009-07-08T12:00:00+02:00,-4.68
2009-07-09T12:00:00+02:00,-4.69
2009-07-10T12:00:00+02:00,-4.67
2009-07-11T12:00:00+02:00,-4.67
2009-07-12T12:00:00+02:00,-4.65
2009-07-13T12:00:00+02:00,-4.66
2009-07-14T12:00:00+02:00,-4.65
2009-07-15T12:00:00+02:00,-4.66
2009-07-16T12:00:00+02:00,-4.69
2009-07-17T12:00:00+02:00,-4.64
2009-07-18T12:00:00+02:00,-4.64
2009-07-19T12:00:00+02:00,-4.65
2009-07-20T12:00:00+02:00,-4.67
2009-07-21T12:00:00+02:00,-4.64
2009-07-22T12:00:00+02:00,-4.63
2009-07-23T12:00:00+02:00,-4.6
2009-07-24T12:00:00+02:00,-4.62
2009-07-25T12:00:00+02:00,-4.64
2009-07-26T12:00:00+02:00,-4.65
2009-07-27T12:00:00+02:00,-4.62
2009-07-28T12:00:00+02:00,-4.66
2009-07-29T12:00:00+02:00,-4.64
2009-07-30T12:00:00+02:00,-4.66
2009-07-31T12:00:00+02:00,-4.67
2009-08-01T12:00:00+02:00,-4.65
2009-08-02T12:00:00+02:00,-4.65
2009-08-03T12:00:00+02:00,-4.66
2009-08-04T12:00:00+02:00,-4.67
2009-08-05T12:00:00+02:00,-4.68
2009-08-06T12:00:00+02:00,-4.67
2009-08-07T12:00:00+02:00,-4.68
2009-08-08T12:00:00+02:00,-4.72
2009-08-09T12:00:00+02:00,-4.71
2009-08-10T12:00:00+02:00,-4.68
2009-08-11T12:00:00+02:00,-4.69
2009-08-12T12:00:00+02:00,-4.69
2009-08-13T12:00:00+02:00,-4.69
2009-08-14T12:00:00+02:00,-4.7
2009-08-15T12:00:00+02:00,-4.71
2009-08-16T12:00:00+02:00,-4.72
2009-08-17T12:00:00+02:00,-4.71
2009-08-18T12:00:00+02:00,-4.73
2009-08-19T12:00:00+02:00,-4.75
2009-08-20T12:00:00+02:00,-4.74
2009-08-21T12:00:00+02:00,-4.76
2009-08-22T12:00:00+02:00,-4.77
2009-08-23T12:00:00+02:00,-4.77
2009-08-24T12:00:00+02:00,-4.74
2009-08-25T12:00:00+02:00,-4.75
2009-08-26T12:00:00+02:00,-4.76
2009-08-27T12:00:00+02:00,-4.76
2009-08-28T12:00:00+02:00,-4.72
2009-08-29T12:00:00+02:00,-4.72
2009-08-30T12:00:00+02:00,-4.71
2009-08-31T12:00:00+02:00,-4.69
2009-09-01T12:00:00+02:00,-4.67
2009-09-02T12:00:00+02:00,-4.68
2009-09-03T12:00:00+02:00,-4.63
2009-09-04T12:00:00+02:00,-4.63
2009-09-05T12:00:00+02:00,-4.65
2009-09-06T12:00:00+02:00,-4.67
2009-09-07T12:00:00+02:00,-4.65
2009-09-08T12:00:00+02:00,-4.64
2009-09-09T12:00:00+02:00,-4.65
2009-09-10T12:00:00+02:00,-4.67
2009-09-11T12:00:00+02:00,-4.67
2009-09-12T12:00:00+02:00,-4.65
2009-09-13T12:00:00+02:00,-4.66
2009-09-14T12:00:00+02:00,-4.65
2009-09-15T12:00:00+02:00,-4.63
2009-09-16T12:00:00+02:00,-4.63
2009-09-17T12:00:00+02:00,-4.65
2009-09-18T12:00:00+02:00,-4.65
2009-09-19T12:00:00+02:00,-4.64
2009-09-20T12:00:00+02:00,-4.65
2009-09-21T12:00:00+02:00,-4.67
2009-09-22T12:00:00+02:00,-4.66
2009-09-23T12:00:00+02:00,-4.67
2009-09-24T12:00:00+02:00,-4.66
2009-09-25T12:00:00+02:00,-4.68
2009-09-26T12:00:00+02:00,-4.67
2009-09-27T12:00:00+02:00,-4.68
2009-09-28T12:00:00+02:00,-4.68
2009-09-29T12:00:00+02:00,-4.66
2009-09-30T12:00:00+02:00,-4.65
2009-10-01T12:00:00+02:00,-4.63
2009-10-02T12:00:00+02:00,-4.63
2009-10-03T12:00:00+02:00,-4.61
2009-10-04T12:00:00+02:00,-4.63
2009-10-05T12:00:00+02:00,-4.65
2009-10-06T12:00:00+02:00,-4.63
2009-10-07T12:00:00+02:00,-4.6
2009-10-08T12:00:00+02:00,-4.62
2009-10-09T12:00:00+02:00,-4.62
2009-10-10T12:00:00+02:00,-4.59
2009-10-11T12:00:00+02:00,-4.58
2009-10-12T12:00:00+02:00,-4.61
2009-10-13T12:00:00+02:00,-4.62
2009-10-14T12:00:00+02:00,-4.62
2009-10-15T12:00:00+02:00,-4.63
2009-10-16T12:00:00+02:00,-4.59
2009-10-17T12:00:00+02:00,-4.6
2009-10-18T12:00:00+02:00,-4.61
2009-10-19T12:00:00+02:00,-4.6
2009-10-20T12:00:00+02:00,-4.57
2009-10-21T12:00:00+02:00,-4.56
2009-10-22T12:00:00+02:00,-4.57
2009-10-23T12:00:00+02:00,-4.59
2009-10-24T12:00:00+02:00,-4.6
2009-10-25T12:00:00+01:00,-4.59
2009-10-26T12:00:00+01:00,-4.59
2009-10-27T12:00:00+01:00,-4.61
2009-10-28T12:00:00+01:00,-4.61
2009-10-29T12:00:00+01:00,-4.62
2009-10-30T12:00:00+01:00,-4.64
2009-10-31T12:00:00+01:00,-4.63
2009-11-01T12:00:00+01:00,-4.59
2009-11-02T12:00:00+01:00,-4.56
2009-11-03T12:00:00+01:00,-4.53
2009-11-04T12:00:00+01:00,-4.52
2009-11-05T12:00:00+01:00,-4.5
2009-11-06T12:00:00+01:00,-4.52
2009-11-07T12:00:00+01:00,-4.5
2009-11-08T12:00:00+01:00,-4.53
2009-11-09T12:00:00+01:00,-4.55
2009-11-10T12:00:00+01:00,-4.53
2009-11-11T12:00:00+01:00,-4.52
2009-11-12T12:00:00+01:00,-4.53
2009-11-13T12:00:00+01:00,-4.52
2009-11-14T12:00:00+01:00,-4.51
2009-11-15T12:00:00+01:00,-4.55
2009-11-16T12:00:00+01:00,-4.54
2009-11-17T12:00:00+01:00,-4.55
2009-11-18T12:00:00+01:00,-4.55
2009-11-19T12:00:00+01:00,-4.57
2009-11-20T12:00:00+01:00,-4.56
2009-11-21T12:00:00+01:00,-4.59
2009-11-22T12:00:00+01:00,-4.55
2009-11-23T12:00:00+01:00,-4.51
2009-11-24T12:00:00+01:00,-4.53
2009-11-25T12:00:00+01:00,-4.5
2009-11-26T12:00:00+01:00,-4.51
2009-11-27T12:00:00+01:00,-4.5
2009-11-28T12:00:00+01:00,-4.48
2009-11-29T12:00:00+01:00,-4.45
2009-11-30T12:00:00+01:00,-4.48
2009-12-01T12:00:00+01:00,-4.52
2009-12-02T12:00:00+01:00,-4.5
2009-12-03T12:00:00+01:00,-4.47
2009-12-04T12:00:00+01:00,-4.5
2009-12-05T12:00:00+01:00,-4.49
2009-12-06T12:00:00+01:00,-4.47
2009-12-07T12:00:00+01:00,-4.49
2009-12-08T12:00:00+01:00,-4.5
2009-12-09T12:00:00+01:00,-4.52
2009-12-10T12:00:00+01:00,-4.52
2009-12-11T12:00:00+01:00,-4.54
2009-12-12T12:00:00+01:00,-4.54
2009-12-13T12:00:00+01:00,-4.53
2009-12-14T12:00:00+01:00,-4.53
2009-12-15T12:00:00+01:00,-4.53
2009-12-16T12:00:00+01:00,-4.5
2009-12-17T12:00:00+01:00,-4.49
2009-12-18T12:00:00+01:00,-4.52
2009-12-19T12:00:00+01:00,-4.52
2009-12-20T12:00:00+01:00,-4.48
2009-12-21T12:00:00+01:00,-4.49
2009-12-22T12:00:00+01:00,-4.45
2009-12-23T12:00:00+01:00,-4.5
2009-12-24T12:00:00+01:00,-4.49
2009-12-25T12:00:00+01:00,-4.48
2009-12-26T12:00:00+01:00,-4.51
2009-12-27T12:00:00+01:00,-4.47
2009-12-28T12:00:00+01:00,-4.5
2009-12-29T12:00:00+01:00,-4.48
2009-12-30T12:00:00+01:00,-4.46
2009-12-31T12:00:00+01:00,-4.46
2010-01-01T12:00:00+01:00,-4.49
2010-01-02T12:00:00+01:00,-4.52
2010-01-03T12:00:00+01:00,-4.54
2010-01-04T12:00:00+01:00,-4.52
2010-01-05T12:00:00+01:00,-4.5
2010-01-06T12:00:00+01:00,-4.51
2010-01-07T12:00:00+01:00,-4.52
2010-01-08T12:00:00+01:00,-4.57
2010-01-09T12:00:00+01:00,-4.57
2010-01-10T12:00:00+01:00,-4.56
2010-01-11T12:00:00+01:00,-4.56
2010-01-12T12:00:00+01:00,-4.55
2010-01-13T12:00:00+01:00,-4.53
2010-01-14T12:00:00+01:00,-4.55
2010-01-15T12:00:00+01:00,-4.59
2010-01-16T12:00:00+01:00,-4.58
2010-01-17T12:00:00+01:00,-4.58
2010-01-18T12:00:00+01:00,-4.6
2010-01-19T12:00:00+01:00,-4.59
2010-01-20T12:00:00+01:00,-4.56
2010-01-21T12:00:00+01:00,-4.59
2010-01-22T12:00:00+01:00,-4.58
2010-01-23T12:00:00+01:00,-4.58
2010-01-24T12:00:00+01:00,-4.58
2010-01-25T12:00:00+01:00,-4.6
2010-01-26T12:00:00+01:00,-4.62
2010-01-27T12:00:00+01:00,-4.59
2010-01-28T12:00:00+01:00,-4.55
2010-01-29T12:00:00+01:00,-4.47
2010-01-30T12:00:00+01:00,-4.49
2010-01-31T12:00:00+01:00,-4.5
2010-02-01T12:00:00+01:00,-4.51
2010-02-02T12:00:00+01:00,-4.49
2010-02-03T12:00:00+01:00,-4.51
2010-02-04T12:00:00+01:00,-4.49
2010-02-05T12:00:00+01:00,-4.49
2010-02-06T12:00:00+01:00,-4.52
2010-02-07T12:00:00+01:00,-4.53
2010-02-08T12:00:00+01:00,-4.5
2010-02-09T12:00:00+01:00,-4.5
2010-02-10T12:00:00+01:00,-4.52
2010-02-11T12:00:00+01:00,-4.54
2010-02-12T12:00:00+01:00,-4.54
2010-02-13T12:00:00+01:00,-4.55
2010-02-14T12:00:00+01:00,-4.54
2010-02-15T12:00:00+01:00,-4.52
2010-02-16T12:00:00+01:00,-4.5
2010-02-17T12:00:00+01:00,-4.5
2010-02-18T12:00:00+01:00,-4.51
2010-02-19T12:00:00+01:00,-4.49
2010-02-20T12:00:00+01:00,-4.52
2010-02-21T12:00:00+01:00,-4.54
2010-02-22T12:00:00+01:00,-4.5
2010-02-23T12:00:00+01:00,-4.51
2010-02-24T12:00:00+01:00,-4.5
2010-02-25T12:00:00+01:00,-4.48
2010-02-26T12:00:00+01:00,-4.45
2010-02-27T12:00:00+01:00,-4.5
2010-02-28T12:00:00+01:00,-4.43
2010-03-01T12:00:00+01:00,-4.5
2010-03-02T12:00:00+01:00,-4.52
2010-03-03T12:00:00+01:00,-4.53
2010-03-04T12:00:00+01:00,-4.53
2010-03-05T12:00:00+01:00,-4.54
2010-03-06T12:00:00+01:00,-4.55
2010-03-07T12:00:00+01:00,-4.58
2010-03-08T12:00:00+01:00,-4.56
2010-03-09T12:00:00+01:00,-4.56
2010-03-10T12:00:00+01:00,-4.56
2010-03-11T12:00:00+01:00,-4.55
2010-03-12T12:00:00+01:00,-4.55
2010-03-13T12:00:00+01:00,-4.57
2010-03-14T12:00:00+01:00,-4.56
2010-03-15T12:00:00+01:00,-4.56
2010-03-16T12:00:00+01:00,-4.56
2010-03-17T12:00:00+01:00,-4.54
2010-03-18T12:00:00+01:00,-4.54
2010-03-19T12:00:00+01:00,-4.52
2010-03-20T12:00:00+01:00,-4.5
2010-03-21T12:00:00+01:00,-4.52
2010-03-22T12:00:00+01:00,-4.52
2010-03-23T12:00:00+01:00,-4.5
2010-03-24T12:00:00+01:00,-4.48
2010-03-25T12:00:00+01:00,-4.47
2010-03-26T12:00:00+01:00,-4.49
2010-03-27T12:00:00+01:00,-4.5
2010-03-28T12:00:00+02:00,-4.53
2010-03-29T12:00:00+02:00,-4.51
2010-03-30T12:00:00+02:00,-4.46
2010-03-31T12:00:00+02:00,-4.48
2010-04-01T12:00:00+02:00,-4.52
2010-04-02T12:00:00+02:00,-4.54
2010-04-03T12:00:00+02:00,-4.52
2010-04-04T12:00:00+02:00,-4.51
2010-04-05T12:00:00+02:00,-4.55
2010-04-06T12:00:00+02:00,-4.54
2010-04-07T12:00:00+02:00,-4.51
2010-04-08T12:00:00+02:00,-4.55
2010-04-09T12:00:00+02:00,-4.56
2010-04-10T12:00:00+02:00,-4.58
2010-04-11T12:00:00+02:00,-4.57
2010-04-12T12:00:00+02:00,-4.55
2010-04-13T12:00:00+02:00,-4.56
2010-04-14T12:00:00+02:00,-4.55
2010-04-15T12:00:00+02:00,-4.57
2010-04-16T12:00:00+02:00,-4.57
2010-04-17T12:00:00+02:00,-4.59
2010-04-18T12:00:00+02:00,-4.57
2010-04-19T12:00:00+02:00,-4.58
2010-04-20T12:00:00+02:00,-4.58
2010-04-21T12:00:00+02:00,-4.6
2010-04-22T12:00:00+02:00,-4.59
2010-04-23T12:00:00+02:00,-4.6
2010-04-24T12:00:00+02:00,-4.6
2010-04-25T12:00:00+02:00,-4.6
2010-04-26T12:00:00+02:00,-4.61
2010-04-27T12:00:00+02:00,-4.61
2010-04-28T12:00:00+02:00,-4.61
2010-04-29T12:00:00+02:00,-4.58
2010-04-30T12:00:00+02:00,-4.58
2010-05-01T12:00:00+02:00,-4.57
2010-05-02T12:00:00+02:00,-4.59
2010-05-03T12:00:00+02:00,-4.6
2010-05-04T12:00:00+02:00,-4.61
2010-05-05T12:00:00+02:00,-4.59
2010-05-06T12:00:00+02:00,-4.56
2010-05-07T12:00:00+02:00,-4.57
2010-05-08T12:00:00+02:00,-4.56
2010-05-09T12:00:00+02:00,-4.57
2010-05-10T12:00:00+02:00,-4.57
2010-05-11T12:00:00+02:00,-4.57
2010-05-12T12:00:00+02:00,-4.57
2010-05-13T12:00:00+02:00,-4.58
2010-05-14T12:00:00+02:00,-4.58
2010-05-15T12:00:00+02:00,-4.58
2010-05-16T12:00:00+02:00,-4.58
2010-05-17T12:00:00+02:00,-4.59
2010-05-18T12:00:00+02:00,-4.62
2010-05-19T12:00:00+02:00,-4.62
2010-05-20T12:00:00+02:00,-4.62
2010-05-21T12:00:00+02:00,-4.62
2010-05-22T12:00:00+02:00,-4.64
2010-05-23T12:00:00+02:00,-4.61
2010-05-24T12:00:00+02:00,-4.59
2010-05-25T12:00:00+02:00,-4.6
2010-05-26T12:00:00+02:00,-4.59
2010-05-27T12:00:00+02:00,-4.59
2010-05-28T12:00:00+02:00,-4.61
2010-05-29T12:00:00+02:00,-4.64
2010-05-30T12:00:00+02:00,-4.6
2010-05-31T12:00:00+02:00,-4.61
2010-06-01T12:00:00+02:00,-4.6
2010-06-02T12:00:00+02:00,-4.6
2010-06-03T12:00:00+02:00,-4.63
2010-06-04T12:00:00+02:00,-4.62
2010-06-05T12:00:00+02:00,-4.62
2010-06-06T12:00:00+02:00,-4.6
2010-06-07T12:00:00+02:00,-4.62
2010-06-08T12:00:00+02:00,-4.59
2010-06-09T12:00:00+02:00,-4.58
2010-06-10T12:00:00+02:00,-4.58
2010-06-11T12:00:00+02:00,-4.57
2010-06-12T12:00:00+02:00,-4.56
2010-06-13T12:00:00+02:00,-4.59
2010-06-14T12:00:00+02:00,-4.59
2010-06-15T12:00:00+02:00,-4.61
2010-06-16T12:00:00+02:00,-4.62
2010-06-17T12:00:00+02:00,-4.62
2010-06-18T12:00:00+02:00,-4.64
2010-06-19T12:00:00+02:00,-4.61
2010-06-20T12:00:00+02:00,-4.64
2010-06-21T12:00:00+02:00,-4.66
2010-06-22T12:00:00+02:00,-4.66
2010-06-23T12:00:00+02:00,-4.69
2010-06-24T12:00:00+02:00,-4.68
2010-06-25T12:00:00+02:00,-4.69
2010-06-26T12:00:00+02:00,-4.71
2010-06-27T12:00:00+02:00,-4.73
2010-06-28T12:00:00+02:00,-4.73
2010-06-29T12:00:00+02:00,-4.74
2010-06-30T12:00:00+02:00,-4.74
2010-07-01T12:00:00+02:00,-4.73
2010-07-02T12:00:00+02:00,-4.73
2010-07-03T12:00:00+02:00,-4.75
2010-07-04T12:00:00+02:00,-4.76
2010-07-05T12:00:00+02:00,-4.77
2010-07-06T12:00:00+02:00,-4.78
2010-07-07T12:00:00+02:00,-4.77
2010-07-08T12:00:00+02:00,-4.78
2010-07-09T12:00:00+02:00,-4.74
2010-07-10T12:00:00+02:00,-4.74
2010-07-11T12:00:00+02:00,-4.72
2010-07-12T12:00:00+02:00,-4.73
2010-07-13T12:00:00+02:00,-4.69
2010-07-14T12:00:00+02:00,-4.68
2010-07-15T12:00:00+02:00,-4.68
2010-07-16T12:00:00+02:00,-4.67
2010-07-17T12:00:00+02:00,-4.68
2010-07-18T12:00:00+02:00,-4.7
2010-07-19T12:00:00+02:00,-4.69
2010-07-20T12:00:00+02:00,-4.66
2010-07-21T12:00:00+02:00,-4.66
2010-07-22T12:00:00+02:00,-4.67
2010-07-23T12:00:00+02:00,-4.71
2010-07-24T12:00:00+02:00,-4.69
2010-07-25T12:00:00+02:00,-4.68
2010-07-26T12:00:00+02:00,-4.66
2010-07-27T12:00:00+02:00,-4.68
2010-07-28T12:00:00+02:00,-4.65
2010-07-29T12:00:00+02:00,-4.65
2010-07-30T12:00:00+02:00,-4.65
2010-07-31T12:00:00+02:00,-4.65
2010-08-01T12:00:00+02:00,-4.65
2010-08-02T12:00:00+02:00,-4.66
2010-08-03T12:00:00+02:00,-4.65
2010-08-04T12:00:00+02:00,-4.63
2010-08-05T12:00:00+02:00,-4.64
2010-08-06T12:00:00+02:00,-4.65
2010-08-07T12:00:00+02:00,-4.64
2010-08-08T12:00:00+02:00,-4.63
2010-08-09T12:00:00+02:00,-4.63
2010-08-10T12:00:00+02:00,-4.62
2010-08-11T12:00:00+02:00,-4.61
2010-08-12T12:00:00+02:00,-4.6
2010-08-13T12:00:00+02:00,-4.6
2010-08-14T12:00:00+02:00,-4.61
2010-08-15T12:00:00+02:00,-4.6
2010-08-16T12:00:00+02:00,-4.57
2010-08-17T12:00:00+02:00,-4.57
2010-08-18T12:00:00+02:00,-4.56
2010-08-19T12:00:00+02:00,-4.59
2010-08-20T12:00:00+02:00,-4.6
2010-08-21T12:00:00+02:00,-4.6
2010-08-22T12:00:00+02:00,-4.59
2010-08-23T12:00:00+02:00,-4.51
2010-08-24T12:00:00+02:00,-4.54
2010-08-25T12:00:00+02:00,-4.55
2010-08-26T12:00:00+02:00,-4.48
2010-08-27T12:00:00+02:00,-4.46
2010-08-28T12:00:00+02:00,-4.49
2010-08-29T12:00:00+02:00,-4.44
2010-08-30T12:00:00+02:00,-4.45
2010-08-31T12:00:00+02:00,-4.46
2010-09-01T12:00:00+02:00,-4.46
2010-09-02T12:00:00+02:00,-4.46
2010-09-03T12:00:00+02:00,-4.47
2010-09-04T12:00:00+02:00,-4.48
2010-09-05T12:00:00+02:00,-4.49
2010-09-06T12:00:00+02:00,-4.49
2010-09-07T12:00:00+02:00,-4.46
2010-09-08T12:00:00+02:00,-4.45
2010-09-09T12:00:00+02:00,-4.47
2010-09-10T12:00:00+02:00,-4.47
2010-09-11T12:00:00+02:00,-4.46
2010-09-12T12:00:00+02:00,-4.47
2010-09-13T12:00:00+02:00,-4.49
2010-09-14T12:00:00+02:00,-4.45
2010-09-15T12:00:00+02:00,-4.42
2010-09-16T12:00:00+02:00,-4.43
2010-09-17T12:00:00+02:00,-4.43
2010-09-18T12:00:00+02:00,-4.43
2010-09-19T12:00:00+02:00,-4.42
2010-09-20T12:00:00+02:00,-4.42
2010-09-21T12:00:00+02:00,-4.44
2010-09-22T12:00:00+02:00,-4.44
2010-09-23T12:00:00+02:00,-4.43
2010-09-24T12:00:00+02:00,-4.42
2010-09-25T12:00:00+02:00,-4.43
2010-09-26T12:00:00+02:00,-4.45
2010-09-27T12:00:00+02:00,-4.45
2010-09-28T12:00:00+02:00,-4.46
2010-09-29T12:00:00+02:00,-4.45
2010-09-30T12:00:00+02:00,-4.44
2010-10-01T12:00:00+02:00,-4.44
2010-10-02T12:00:00+02:00,-4.43
2010-10-03T12:00:00+02:00,-4.41
2010-10-04T12:00:00+02:00,-4.41
2010-10-05T12:00:00+02:00,-4.42
2010-10-06T12:00:00+02:00,-4.43
2010-10-07T12:00:00+02:00,-4.47
2010-10-08T12:00:00+02:00,-4.47
2010-10-09T12:00:00+02:00,-4.47
2010-10-10T12:00:00+02:00,-4.48
2010-10-11T12:00:00+02:00,-4.49
2010-10-12T12:00:00+02:00,-4.5
2010-10-13T12:00:00+02:00,-4.49
2010-10-14T12:00:00+02:00,-4.5
2010-10-15T12:00:00+02:00,-4.48
2010-10-16T12:00:00+02:00,-4.49
2010-10-17T12:00:00+02:00,-4.51
2010-10-18T12:00:00+02:00,-4.49
2010-10-19T12:00:00+02:00,-4.45
2010-10-20T12:00:00+02:00,-4.46
2010-10-21T12:00:00+02:00,-4.47
2010-10-22T12:00:00+02:00,-4.45
2010-10-23T12:00:00+02:00,-4.4
2010-10-24T12:00:00+02:00,-4.42
2010-10-25T12:00:00+02:00,-4.47
2010-10-26T12:00:00+02:00,-4.46
2010-10-27T12:00:00+02:00,-4.43
2010-10-28T12:00:00+02:00,-4.43
2010-10-29T12:00:00+02:00,-4.41
2010-10-30T12:00:00+02:00,-4.4
2010-10-31T12:00:00+01:00,-4.41
2010-11-01T12:00:00+01:00,-4.44
2010-11-02T12:00:00+01:00,-4.44
2010-11-03T12:00:00+01:00,-4.45
2010-11-04T12:00:00+01:00,-4.46
2010-11-05T12:00:00+01:00,-4.47
2010-11-06T12:00:00+01:00,-4.44
2010-11-07T12:00:00+01:00,-4.43
2010-11-08T12:00:00+01:00,-4.37
2010-11-09T12:00:00+01:00,-4.38
2010-11-10T12:00:00+01:00,-4.41
2010-11-11T12:00:00+01:00,-4.4
2010-11-12T12:00:00+01:00,-4.4
2010-11-13T12:00:00+01:00,-4.4
2010-11-14T12:00:00+01:00,-4.4
2010-11-15T12:00:00+01:00,-4.44
2010-11-16T12:00:00+01:00,-4.46
2010-11-17T12:00:00+01:00,-4.43
2010-11-18T12:00:00+01:00,-4.43
2010-11-19T12:00:00+01:00,-4.44
2010-11-20T12:00:00+01:00,-4.44
2010-11-21T12:00:00+01:00,-4.45
2010-11-22T12:00:00+01:00,-4.44
2010-11-23T12:00:00+01:00,-4.44
2010-11-24T12:00:00+01:00,-4.44
2010-11-25T12:00:00+01:00,-4.45
2010-11-26T12:00:00+01:00,-4.45
2010-11-27T12:00:00+01:00,-4.45
2010-11-28T12:00:00+01:00,-4.46
2010-11-29T12:00:00+01:00,-4.47
2010-11-30T12:00:00+01:00,-4.5
2010-12-01T12:00:00+01:00,-4.48
2010-12-02T12:00:00+01:00,-4.48
2010-12-03T12:00:00+01:00,-4.5
2010-12-04T12:00:00+01:00,-4.49
2010-12-05T12:00:00+01:00,-4.48
2010-12-06T12:00:00+01:00,-4.48
2010-12-07T12:00:00+01:00,-4.48
2010-12-08T12:00:00+01:00,-4.49
2010-12-09T12:00:00+01:00,-4.52
2010-12-10T12:00:00+01:00,-4.53
2010-12-11T12:00:00+01:00,-4.49
2010-12-12T12:00:00+01:00,-4.5
2010-12-13T12:00:00+01:00,-4.51
2010-12-14T12:00:00+01:00,-4.53
2010-12-15T12:00:00+01:00,-4.52
2010-12-16T12:00:00+01:00,-4.43
2010-12-17T12:00:00+01:00,-4.41
2010-12-18T12:00:00+01:00,-4.42
2010-12-19T12:00:00+01:00,-4.42
2010-12-20T12:00:00+01:00,-4.44
2010-12-21T12:00:00+01:00,-4.45
2010-12-22T12:00:00+01:00,-4.45
2010-12-23T12:00:00+01:00,-4.46
2010-12-24T12:00:00+01:00,-4.48
2010-12-25T12:00:00+01:00,-4.51
2010-12-26T12:00:00+01:00,-4.5
2010-12-27T12:00:00+01:00,-4.49
2010-12-28T12:00:00+01:00,-4.49
2010-12-29T12:00:00+01:00,-4.5
2010-12-30T12:00:00+01:00,-4.5
2010-12-31T12:00:00+01:00,-4.51
2011-01-01T12:00:00+01:00,-4.48
2011-01-02T12:00:00+01:00,-4.5
2011-01-03T12:00:00+01:00,-4.49
2011-01-04T12:00:00+01:00,-4.47
2011-01-05T12:00:00+01:00,-4.45
2011-01-06T12:00:00+01:00,-4.44
2011-01-07T12:00:00+01:00,-4.43
2011-01-08T12:00:00+01:00,-4.4
2011-01-09T12:00:00+01:00,-4.44
2011-01-10T12:00:00+01:00,-4.46
2011-01-11T12:00:00+01:00,-4.41
2011-01-12T12:00:00+01:00,-4.43
2011-01-13T12:00:00+01:00,-4.4
2011-01-14T12:00:00+01:00,-4.4
2011-01-15T12:00:00+01:00,-4.42
2011-01-16T12:00:00+01:00,-4.42
2011-01-17T12:00:00+01:00,-4.42
2011-01-18T12:00:00+01:00,-4.43
2011-01-19T12:00:00+01:00,-4.45
2011-01-20T12:00:00+01:00,-4.46
2011-01-21T12:00:00+01:00,-4.46
2011-01-22T12:00:00+01:00,-4.45
2011-01-23T12:00:00+01:00,-4.45
2011-01-24T12:00:00+01:00,-4.44
2011-01-25T12:00:00+01:00,-4.41
2011-01-26T12:00:00+01:00,-4.43
2011-01-27T12:00:00+01:00,-4.46
2011-01-28T12:00:00+01:00,-4.45
2011-01-29T12:00:00+01:00,-4.46
2011-01-30T12:00:00+01:00,-4.47
2011-01-31T12:00:00+01:00,-4.48
2011-02-01T12:00:00+01:00,-4.47
2011-02-02T12:00:00+01:00,-4.47
2011-02-03T12:00:00+01:00,-4.48
2011-02-04T12:00:00+01:00,-4.45
2011-02-05T12:00:00+01:00,-4.46
2011-02-06T12:00:00+01:00,-4.48
2011-02-07T12:00:00+01:00,-4.47
2011-02-08T12:00:00+01:00,-4.5
2011-02-09T12:00:00+01:00,-4.5
2011-02-10T12:00:00+01:00,-4.49
2011-02-11T12:00:00+01:00,-4.47
2011-02-12T12:00:00+01:00,-4.46
2011-02-13T12:00:00+01:00,-4.45
2011-02-14T12:00:00+01:00,-4.44
2011-02-15T12:00:00+01:00,-4.42
2011-02-16T12:00:00+01:00,-4.42
2011-02-17T12:00:00+01:00,-4.44
2011-02-18T12:00:00+01:00,-4.47
2011-02-19T12:00:00+01:00,-4.47
2011-02-20T12:00:00+01:00,-4.48
2011-02-21T12:00:00+01:00,-4.47
2011-02-22T12:00:00+01:00,-4.49
2011-02-23T12:00:00+01:00,-4.5
2011-02-24T12:00:00+01:00,-4.5
2011-02-25T12:00:00+01:00,-4.51
2011-02-26T12:00:00+01:00,-4.46
2011-02-27T12:00:00+01:00,-4.47
2011-02-28T12:00:00+01:00,-4.49
2011-03-01T12:00:00+01:00,-4.51
2011-03-02T12:00:00+01:00,-4.49
2011-03-03T12:00:00+01:00,-4.48
2011-03-04T12:00:00+01:00,-4.48
2011-03-05T12:00:00+01:00,-4.48
2011-03-06T12:00:00+01:00,-4.5
2011-03-07T12:00:00+01:00,-4.5
2011-03-08T12:00:00+01:00,-4.48
2011-03-09T12:00:00+01:00,-4.46
2011-03-10T12:00:00+01:00,-4.45
2011-03-11T12:00:00+01:00,-4.49
2011-03-12T12:00:00+01:00,-4.47
2011-03-13T12:00:00+01:00,-4.47
2011-03-14T12:00:00+01:00,-4.51
2011-03-15T12:00:00+01:00,-4.51
2011-03-16T12:00:00+01:00,-4.51
2011-03-17T12:00:00+01:00,-4.51
2011-03-18T12:00:00+01:00,-4.54
2011-03-19T12:00:00+01:00,-4.57
2011-03-20T12:00:00+01:00,-4.57
2011-03-21T12:00:00+01:00,-4.58
2011-03-22T12:00:00+01:00,-4.58
2011-03-23T12:00:00+01:00,-4.61
2011-03-24T12:00:00+01:00,-4.59
2011-03-25T12:00:00+01:00,-4.56
2011-03-26T12:00:00+01:00,-4.58
2011-03-27T12:00:00+02:00,-4.57
2011-03-28T12:00:00+02:00,-4.58
2011-03-29T12:00:00+02:00,-4.57
2011-03-30T12:00:00+02:00,-4.56
2011-03-31T12:00:00+02:00,-4.55
2011-04-01T12:00:00+02:00,-4.56
2011-04-02T12:00:00+02:00,-4.55
2011-04-03T12:00:00+02:00,-4.55
2011-04-04T12:00:00+02:00,-4.58
2011-04-05T12:00:00+02:00,-4.57
2011-04-06T12:00:00+02:00,-4.6
2011-04-07T12:00:00+02:00,-4.6
2011-04-08T12:00:00+02:00,-4.6
2011-04-09T12:00:00+02:00,-4.62
2011-04-10T12:00:00+02:00,-4.63
2011-04-11T12:00:00+02:00,-4.61
2011-04-12T12:00:00+02:00,-4.63
2011-04-13T12:00:00+02:00,-4.62
2011-04-14T12:00:00+02:00,-4.62
2011-04-15T12:00:00+02:00,-4.63
2011-04-16T12:00:00+02:00,-4.63
2011-04-17T12:00:00+02:00,-4.64
2011-04-18T12:00:00+02:00,-4.62
2011-04-19T12:00:00+02:00,-4.63
2011-04-20T12:00:00+02:00,-4.63
2011-04-21T12:00:00+02:00,-4.63
2011-04-22T12:00:00+02:00,-4.64
2011-04-23T12:00:00+02:00,-4.65
2011-04-24T12:00:00+02:00,-4.68
2011-04-25T12:00:00+02:00,-4.69
2011-04-26T12:00:00+02:00,-4.7
2011-04-27T12:00:00+02:00,-4.69
2011-04-28T12:00:00+02:00,-4.65
2011-04-29T12:00:00+02:00,-4.64
2011-04-30T12:00:00+02:00,-4.65
2011-05-01T12:00:00+02:00,-4.65
2011-05-02T12:00:00+02:00,-4.65
2011-05-03T12:00:00+02:00,-4.68
2011-05-04T12:00:00+02:00,-4.68
2011-05-05T12:00:00+02:00,-4.69
2011-05-06T12:00:00+02:00,-4.67
2011-05-07T12:00:00+02:00,-4.7
2011-05-08T12:00:00+02:00,-4.71
2011-05-09T12:00:00+02:00,-4.73
2011-05-10T12:00:00+02:00,-4.71
2011-05-11T12:00:00+02:00,-4.71
2011-05-12T12:00:00+02:00,-4.7
2011-05-13T12:00:00+02:00,-4.7
2011-05-14T12:00:00+02:00,-4.72
2011-05-15T12:00:00+02:00,-4.73
2011-05-16T12:00:00+02:00,-4.71
2011-05-17T12:00:00+02:00,-4.7
2011-05-18T12:00:00+02:00,-4.69
2011-05-19T12:00:00+02:00,-4.7
2011-05-20T12:00:00+02:00,-4.7
2011-05-21T12:00:00+02:00,-4.73
2011-05-22T12:00:00+02:00,-4.72
2011-05-23T12:00:00+02:00,-4.72
2011-05-24T12:00:00+02:00,-4.73
2011-05-25T12:00:00+02:00,-4.72
2011-05-26T12:00:00+02:00,-4.67
2011-05-27T12:00:00+02:00,-4.7
2011-05-28T12:00:00+02:00,-4.69
2011-05-29T12:00:00+02:00,-4.68
2011-05-30T12:00:00+02:00,-4.67
2011-05-31T12:00:00+02:00,-4.72
2011-06-01T12:00:00+02:00,-4.75
2011-06-02T12:00:00+02:00,-4.77
2011-06-03T12:00:00+02:00,-4.77
2011-06-04T12:00:00+02:00,-4.75
2011-06-05T12:00:00+02:00,-4.73
2011-06-06T12:00:00+02:00,-4.71
2011-06-07T12:00:00+02:00,-4.68
2011-06-08T12:00:00+02:00,-4.68
2011-06-09T12:00:00+02:00,-4.69
2011-06-10T12:00:00+02:00,-4.69
2011-06-11T12:00:00+02:00,-4.69
2011-06-12T12:00:00+02:00,-4.69
2011-06-13T12:00:00+02:00,-4.68
2011-06-14T12:00:00+02:00,-4.7
2011-06-15T12:00:00+02:00,-4.68
2011-06-16T12:00:00+02:00,-4.64
2011-06-17T12:00:00+02:00,-4.62
2011-06-18T12:00:00+02:00,-4.58
2011-06-19T12:00:00+02:00,-4.58
2011-06-20T12:00:00+02:00,-4.58
2011-06-21T12:00:00+02:00,-4.57
2011-06-22T12:00:00+02:00,-4.57
2011-06-23T12:00:00+02:00,-4.58
2011-06-24T12:00:00+02:00,-4.6
2011-06-25T12:00:00+02:00,-4.59
2011-06-26T12:00:00+02:00,-4.59
2011-06-27T12:00:00+02:00,-4.57
2011-06-28T12:00:00+02:00,-4.57
2011-06-29T12:00:00+02:00,-4.58
2011-06-30T12:00:00+02:00,-4.58
2011-07-01T12:00:00+02:00,-4.58
2011-07-02T12:00:00+02:00,-4.57
2011-07-03T12:00:00+02:00,-4.57
2011-07-04T12:00:00+02:00,-4.58
2011-07-05T12:00:00+02:00,-4.59
2011-07-06T12:00:00+02:00,-4.58
2011-07-07T12:00:00+02:00,-4.59
2011-07-08T12:00:00+02:00,-4.6
2011-07-09T12:00:00+02:00,-4.64
2011-07-10T12:00:00+02:00,-4.65
2011-07-11T12:00:00+02:00,-4.67
2011-07-12T12:00:00+02:00,-4.64
2011-07-13T12:00:00+02:00,-4.62
2011-07-14T12:00:00+02:00,-4.58
2011-07-15T12:00:00+02:00,-4.54
2011-07-16T12:00:00+02:00,-4.49
2011-07-17T12:00:00+02:00,-4.47
2011-07-18T12:00:00+02:00,-4.45
2011-07-19T12:00:00+02:00,-4.46
2011-07-20T12:00:00+02:00,-4.46
2011-07-21T12:00:00+02:00,-4.46
2011-07-22T12:00:00+02:00,-4.45
2011-07-23T12:00:00+02:00,-4.44
2011-07-24T12:00:00+02:00,-4.42
2011-07-25T12:00:00+02:00,-4.42
2011-07-26T12:00:00+02:00,-4.43
2011-07-27T12:00:00+02:00,-4.45
2011-07-28T12:00:00+02:00,-4.45
2011-07-29T12:00:00+02:00,-4.45
2011-07-30T12:00:00+02:00,-4.45
2011-07-31T12:00:00+02:00,-4.45
2011-08-01T12:00:00+02:00,-4.46
2011-08-02T12:00:00+02:00,-4.47
2011-08-03T12:00:00+02:00,-4.47
2011-08-04T12:00:00+02:00,-4.47
2011-08-05T12:00:00+02:00,-4.47
2011-08-06T12:00:00+02:00,-4.45
2011-08-07T12:00:00+02:00,-4.46
2011-08-08T12:00:00+02:00,-4.46
2011-08-09T12:00:00+02:00,-4.49
2011-08-10T12:00:00+02:00,-4.49
2011-08-11T12:00:00+02:00,-4.46
2011-08-12T12:00:00+02:00,-4.46
2011-08-13T12:00:00+02:00,-4.46
2011-08-14T12:00:00+02:00,-4.44
2011-08-15T12:00:00+02:00,-4.48
2011-08-16T12:00:00+02:00,-4.48
2011-08-17T12:00:00+02:00,-4.5
2011-08-18T12:00:00+02:00,-4.49
2011-08-19T12:00:00+02:00,-4.5
2011-08-20T12:00:00+02:00,-4.51
2011-08-21T12:00:00+02:00,-4.5
2011-08-22T12:00:00+02:00,-4.52
2011-08-23T12:00:00+02:00,-4.48
2011-08-24T12:00:00+02:00,-4.49
2011-08-25T12:00:00+02:00,-4.46
2011-08-26T12:00:00+02:00,-4.44
2011-08-27T12:00:00+02:00,-4.46
2011-08-28T12:00:00+02:00,-4.43
2011-08-29T12:00:00+02:00,-4.42
2011-08-30T12:00:00+02:00,-4.4
2011-08-31T12:00:00+02:00,-4.4
2011-09-01T12:00:00+02:00,-4.4
2011-09-02T12:00:00+02:00,-4.41
2011-09-03T12:00:00+02:00,-4.42
2011-09-04T12:00:00+02:00,-4.42
2011-09-05T12:00:00+02:00,-4.43
2011-09-06T12:00:00+02:00,-4.42
2011-09-07T12:00:00+02:00,-4.41
2011-09-08T12:00:00+02:00,-4.4
2011-09-09T12:00:00+02:00,-4.42
2011-09-10T12:00:00+02:00,-4.4
2011-09-11T12:00:00+02:00,-4.41
2011-09-12T12:00:00+02:00,-4.4
2011-09-13T12:00:00+02:00,-4.42
2011-09-14T12:00:00+02:00,-4.44
2011-09-15T12:00:00+02:00,-4.46
2011-09-16T12:00:00+02:00,-4.46
2011-09-17T12:00:00+02:00,-4.45
2011-09-18T12:00:00+02:00,-4.43
2011-09-19T12:00:00+02:00,-4.45
2011-09-20T12:00:00+02:00,-4.47
2011-09-21T12:00:00+02:00,-4.46
2011-09-22T12:00:00+02:00,-4.47
2011-09-23T12:00:00+02:00,-4.47
2011-09-24T12:00:00+02:00,-4.48
2011-09-25T12:00:00+02:00,-4.49
2011-09-26T12:00:00+02:00,-4.51
2011-09-27T12:00:00+02:00,-4.54
2011-09-28T12:00:00+02:00,-4.54
2011-09-29T12:00:00+02:00,-4.55
2011-09-30T12:00:00+02:00,-4.55
2011-10-01T12:00:00+02:00,-4.56
2011-10-02T12:00:00+02:00,-4.57
2011-10-03T12:00:00+02:00,-4.56
2011-10-04T12:00:00+02:00,-4.57
2011-10-05T12:00:00+02:00,-4.58
2011-10-06T12:00:00+02:00,-4.53
2011-10-07T12:00:00+02:00,-4.53
2011-10-08T12:00:00+02:00,-4.52
2011-10-09T12:00:00+02:00,-4.52
2011-10-10T12:00:00+02:00,-4.5
2011-10-11T12:00:00+02:00,-4.51
2011-10-12T12:00:00+02:00,-4.51
2011-10-13T12:00:00+02:00,-4.54
2011-10-14T12:00:00+02:00,-4.53
2011-10-15T12:00:00+02:00,-4.52
2011-10-16T12:00:00+02:00,-4.5
2011-10-17T12:00:00+02:00,-4.49
2011-10-18T12:00:00+02:00,-4.47
2011-10-19T12:00:00+02:00,-4.47
2011-10-20T12:00:00+02:00,-4.49
2011-10-21T12:00:00+02:00,-4.49
2011-10-22T12:00:00+02:00,-4.47
2011-10-23T12:00:00+02:00,-4.46
2011-10-24T12:00:00+02:00,-4.44
2011-10-25T12:00:00+02:00,-4.44
2011-10-26T12:00:00+02:00,-4.45
2011-10-27T12:00:00+02:00,-4.46
2011-10-28T12:00:00+02:00,-4.49
2011-10-29T12:00:00+02:00,-4.49
2011-10-30T12:00:00+01:00,-4.49
2011-10-31T12:00:00+01:00,-4.49
2011-11-01T12:00:00+01:00,-4.48
2011-11-02T12:00:00+01:00,-4.48
2011-11-03T12:00:00+01:00,-4.45
2011-11-04T12:00:00+01:00,-4.47
2011-11-05T12:00:00+01:00,-4.49
2011-11-06T12:00:00+01:00,-4.51
2011-11-07T12:00:00+01:00,-4.52
2011-11-08T12:00:00+01:00,-4.52
2011-11-09T12:00:00+01:00,-4.53
2011-11-10T12:00:00+01:00,-4.53
2011-11-11T12:00:00+01:00,-4.53
2011-11-12T12:00:00+01:00,-4.55
2011-11-13T12:00:00+01:00,-4.56
2011-11-14T12:00:00+01:00,-4.54
2011-11-15T12:00:00+01:00,-4.54
2011-11-16T12:00:00+01:00,-4.54
2011-11-17T12:00:00+01:00,-4.53
2011-11-18T12:00:00+01:00,-4.53
2011-11-19T12:00:00+01:00,-4.53
2011-11-20T12:00:00+01:00,-4.55
2011-11-21T12:00:00+01:00,-4.54
2011-11-22T12:00:00+01:00,-4.54
2011-11-23T12:00:00+01:00,-4.55
2011-11-24T12:00:00+01:00,-4.56
2011-11-25T12:00:00+01:00,-4.54
2011-11-26T12:00:00+01:00,-4.55
2011-11-27T12:00:00+01:00,-4.52
2011-11-28T12:00:00+01:00,-4.56
2011-11-29T12:00:00+01:00,-4.52
2011-11-30T12:00:00+01:00,-4.55
2011-12-01T12:00:00+01:00,-4.52
2011-12-02T12:00:00+01:00,-4.51
2011-12-03T12:00:00+01:00,-4.48
2011-12-04T12:00:00+01:00,-4.46
2011-12-05T12:00:00+01:00,-4.47
2011-12-06T12:00:00+01:00,-4.47
2011-12-07T12:00:00+01:00,-4.47
2011-12-08T12:00:00+01:00,-4.48
2011-12-09T12:00:00+01:00,-4.46
2011-12-10T12:00:00+01:00,-4.48
2011-12-11T12:00:00+01:00,-4.46
2011-12-12T12:00:00+01:00,-4.46
2011-12-13T12:00:00+01:00,-4.41
2011-12-14T12:00:00+01:00,-4.42
2011-12-15T12:00:00+01:00,-4.41
2011-12-16T12:00:00+01:00,-4.37
2011-12-17T12:00:00+01:00,-4.43
2011-12-18T12:00:00+01:00,-4.42
2011-12-19T12:00:00+01:00,-4.42
2011-12-20T12:00:00+01:00,-4.4
2011-12-21T12:00:00+01:00,-4.42
2011-12-22T12:00:00+01:00,-4.43
2011-12-23T12:00:00+01:00,-4.42
2011-12-24T12:00:00+01:00,-4.46
2011-12-25T12:00:00+01:00,-4.45
2011-12-26T12:00:00+01:00,-4.46
2011-12-27T12:00:00+01:00,-4.46
2011-12-28T12:00:00+01:00,-4.43
2011-12-29T12:00:00+01:00,-4.43
2011-12-30T12:00:00+01:00,-4.43
2011-12-31T12:00:00+01:00,-4.42
2012-01-01T12:00:00+01:00,-4.41
2012-01-02T12:00:00+01:00,-4.4
2012-01-03T12:00:00+01:00,-4.37
2012-01-04T12:00:00+01:00,-4.41
2012-01-05T12:00:00+01:00,-4.34
2012-01-06T12:00:00+01:00,-4.41
2012-01-07T12:00:00+01:00,-4.4
2012-01-08T12:00:00+01:00,-4.42
2012-01-09T12:00:00+01:00,-4.43
2012-01-10T12:00:00+01:00,-4.45
2012-01-11T12:00:00+01:00,-4.45
2012-01-12T12:00:00+01:00,-4.42
2012-01-13T12:00:00+01:00,-4.46
2012-01-14T12:00:00+01:00,-4.47
2012-01-15T12:00:00+01:00,-4.46
2012-01-16T12:00:00+01:00,-4.46
2012-01-17T12:00:00+01:00,-4.48
2012-01-18T12:00:00+01:00,-4.47
2012-01-19T12:00:00+01:00,-4.44
2012-01-20T12:00:00+01:00,-4.44
2012-01-21T12:00:00+01:00,-4.4
2012-01-22T12:00:00+01:00,-4.4
2012-01-23T12:00:00+01:00,-4.43
2012-01-24T12:00:00+01:00,-4.44
2012-01-25T12:00:00+01:00,-4.45
2012-01-26T12:00:00+01:00,-4.43
2012-01-27T12:00:00+01:00,-4.46
2012-01-28T12:00:00+01:00,-4.49
2012-01-29T12:00:00+01:00,-4.49
2012-01-30T12:00:00+01:00,-4.48
2012-01-31T12:00:00+01:00,-4.52
2012-02-01T12:00:00+01:00,-4.54
2012-02-02T12:00:00+01:00,-4.54
2012-02-03T12:00:00+01:00,-4.55
2012-02-04T12:00:00+01:00,-4.57
2012-02-05T12:00:00+01:00,-4.56
2012-02-06T12:00:00+01:00,-4.55
2012-02-07T12:00:00+01:00,-4.58
2012-02-08T12:00:00+01:00,-4.56
2012-02-09T12:00:00+01:00,-4.54
2012-02-10T12:00:00+01:00,-4.55
2012-02-11T12:00:00+01:00,-4.54
2012-02-12T12:00:00+01:00,-4.52
2012-02-13T12:00:00+01:00,-4.49
2012-02-14T12:00:00+01:00,-4.51
2012-02-15T12:00:00+01:00,-4.5
2012-02-16T12:00:00+01:00,-4.52
2012-02-17T12:00:00+01:00,-4.51
2012-02-18T12:00:00+01:00,-4.48
2012-02-19T12:00:00+01:00,-4.49
2012-02-20T12:00:00+01:00,-4.51
2012-02-21T12:00:00+01:00,-4.52
2012-02-22T12:00:00+01:00,-4.51
2012-02-23T12:00:00+01:00,-4.51
2012-02-24T12:00:00+01:00,-4.51
2012-02-25T12:00:00+01:00,-4.52
2012-02-26T12:00:00+01:00,-4.53
2012-02-27T12:00:00+01:00,-4.52
2012-02-28T12:00:00+01:00,-4.54
2012-02-29T12:00:00+01:00,-4.54
2012-03-01T12:00:00+01:00,-4.55
2012-03-02T12:00:00+01:00,-4.56
2012-03-03T12:00:00+01:00,-4.55
2012-03-04T12:00:00+01:00,-4.56
2012-03-05T12:00:00+01:00,-4.54
2012-03-06T12:00:00+01:00,-4.58
2012-03-07T12:00:00+01:00,-4.53
2012-03-08T12:00:00+01:00,-4.56
2012-03-09T12:00:00+01:00,-4.55
2012-03-10T12:00:00+01:00,-4.55
2012-03-11T12:00:00+01:00,-4.56
2012-03-12T12:00:00+01:00,-4.54
2012-03-13T12:00:00+01:00,-4.56
2012-03-14T12:00:00+01:00,-4.56
2012-03-15T12:00:00+01:00,-4.53
2012-03-16T12:00:00+01:00,-4.52
2012-03-17T12:00:00+01:00,-4.52
2012-03-18T12:00:00+01:00,-4.52
2012-03-19T12:00:00+01:00,-4.56
2012-03-20T12:00:00+01:00,-4.55
2012-03-21T12:00:00+01:00,-4.57
2012-03-22T12:00:00+01:00,-4.56
2012-03-23T12:00:00+01:00,-4.56
2012-03-24T12:00:00+01:00,-4.58
2012-03-25T12:00:00+02:00,-4.59
2012-03-26T12:00:00+02:00,-4.6
2012-03-27T12:00:00+02:00,-4.6
2012-03-28T12:00:00+02:00,-4.6
2012-03-29T12:00:00+02:00,-4.58
2012-03-30T12:00:00+02:00,-4.57
2012-03-31T12:00:00+02:00,-4.56
2012-04-01T12:00:00+02:00,-4.58
2012-04-02T12:00:00+02:00,-4.55
2012-04-03T12:00:00+02:00,-4.55
2012-04-04T12:00:00+02:00,-4.58
2012-04-05T12:00:00+02:00,-4.59
2012-04-06T12:00:00+02:00,-4.58
2012-04-07T12:00:00+02:00,-4.58
2012-04-08T12:00:00+02:00,-4.58
2012-04-09T12:00:00+02:00,-4.54
2012-04-10T12:00:00+02:00,-4.52
2012-04-11T12:00:00+02:00,-4.53
2012-04-12T12:00:00+02:00,-4.55
2012-04-13T12:00:00+02:00,-4.54
2012-04-14T12:00:00+02:00,-4.56
2012-04-15T12:00:00+02:00,-4.59
2012-04-16T12:00:00+02:00,-4.59
2012-04-17T12:00:00+02:00,-4.54
2012-04-18T12:00:00+02:00,-4.51
2012-04-19T12:00:00+02:00,-4.5
2012-04-20T12:00:00+02:00,-4.52
2012-04-21T12:00:00+02:00,-4.53
2012-04-22T12:00:00+02:00,-4.54
2012-04-23T12:00:00+02:00,-4.54
2012-04-24T12:00:00+02:00,-4.52
2012-04-25T12:00:00+02:00,-4.51
2012-04-26T12:00:00+02:00,-4.52
2012-04-27T12:00:00+02:00,-4.56
2012-04-28T12:00:00+02:00,-4.55
2012-04-29T12:00:00+02:00,-4.52
2012-04-30T12:00:00+02:00,-4.55
2012-05-01T12:00:00+02:00,-4.54
2012-05-02T12:00:00+02:00,-4.53
2012-05-03T12:00:00+02:00,-4.53
2012-05-04T12:00:00+02:00,-4.51
2012-05-05T12:00:00+02:00,-4.53
2012-05-06T12:00:00+02:00,-4.54
2012-05-07T12:00:00+02:00,-4.55
2012-05-08T12:00:00+02:00,-4.51
2012-05-09T12:00:00+02:00,-4.53
2012-05-10T12:00:00+02:00,-4.52
2012-05-11T12:00:00+02:00,-4.53
2012-05-12T12:00:00+02:00,-4.58
2012-05-13T12:00:00+02:00,-4.56
2012-05-14T12:00:00+02:00,-4.53
2012-05-15T12:00:00+02:00,-4.51
2012-05-16T12:00:00+02:00,-4.55
2012-05-17T12:00:00+02:00,-4.54
2012-05-18T12:00:00+02:00,-4.52
2012-05-19T12:00:00+02:00,-4.54
2012-05-20T12:00:00+02:00,-4.52
2012-05-21T12:00:00+02:00,-4.49
2012-05-22T12:00:00+02:00,-4.52
2012-05-23T12:00:00+02:00,-4.54
2012-05-24T12:00:00+02:00,-4.57
2012-05-25T12:00:00+02:00,-4.58
2012-05-26T12:00:00+02:00,-4.58
2012-05-27T12:00:00+02:00,-4.58
2012-05-28T12:00:00+02:00,-4.58
2012-05-29T12:00:00+02:00,-4.59
2012-05-30T12:00:00+02:00,-4.6
2012-05-31T12:00:00+02:00,-4.6
2012-06-01T12:00:00+02:00,-4.61
2012-06-02T12:00:00+02:00,-4.6
2012-06-03T12:00:00+02:00,-4.57
2012-06-04T12:00:00+02:00,-4.56
2012-06-05T12:00:00+02:00,-4.58
2012-06-06T12:00:00+02:00,-4.53
2012-06-07T12:00:00+02:00,-4.51
2012-06-08T12:00:00+02:00,-4.51
2012-06-09T12:00:00+02:00,-4.52
2012-06-10T12:00:00+02:00,-4.53
2012-06-11T12:00:00+02:00,-4.51
2012-06-12T12:00:00+02:00,-4.51
2012-06-13T12:00:00+02:00,-4.53
2012-06-14T12:00:00+02:00,-4.54
2012-06-15T12:00:00+02:00,-4.52
2012-06-16T12:00:00+02:00,-4.51
2012-06-17T12:00:00+02:00,-4.53
2012-06-18T12:00:00+02:00,-4.53
2012-06-19T12:00:00+02:00,-4.52
2012-06-20T12:00:00+02:00,-4.5
2013-06-19T12:00:00+02:00,-4.54
2013-06-20T12:00:00+02:00,-4.57
2013-06-21T12:00:00+02:00,-4.56
2013-06-22T12:00:00+02:00,-4.55
2013-06-23T12:00:00+02:00,-4.54
2013-06-24T12:00:00+02:00,-4.56
2013-06-25T12:00:00+02:00,-4.57
2013-06-26T12:00:00+02:00,-4.57
2013-06-27T12:00:00+02:00,-4.55
2013-06-28T12:00:00+02:00,-4.54
2013-06-29T12:00:00+02:00,-4.54
2013-06-30T12:00:00+02:00,-4.53
2013-07-01T12:00:00+02:00,-4.52
2013-07-02T12:00:00+02:00,-4.52
2013-07-03T12:00:00+02:00,-4.5
2013-07-04T12:00:00+02:00,-4.52
2013-07-05T12:00:00+02:00,-4.56
2013-07-06T12:00:00+02:00,-4.57
2013-07-07T12:00:00+02:00,-4.58
2013-07-08T12:00:00+02:00,-4.58
2013-07-09T12:00:00+02:00,-4.58
2013-07-10T12:00:00+02:00,-4.57
2013-07-11T12:00:00+02:00,-4.58
2013-07-12T12:00:00+02:00,-4.59
2013-07-13T12:00:00+02:00,-4.6
2013-07-14T12:00:00+02:00,-4.61
2013-07-15T12:00:00+02:00,-4.61
2013-07-16T12:00:00+02:00,-4.61
2013-07-17T12:00:00+02:00,-4.62
2013-07-18T12:00:00+02:00,-4.63
2013-07-19T12:00:00+02:00,-4.63
2013-07-20T12:00:00+02:00,-4.63
2013-07-21T12:00:00+02:00,-4.63
2013-07-22T12:00:00+02:00,-4.63
2013-07-23T12:00:00+02:00,-4.63
2013-07-24T12:00:00+02:00,-4.63
2013-07-25T12:00:00+02:00,-4.64
2013-07-26T12:00:00+02:00,-4.65
2013-07-27T12:00:00+02:00,-4.64
2013-07-28T12:00:00+02:00,-4.64
2013-07-29T12:00:00+02:00,-4.65
2013-07-30T12:00:00+02:00,-4.66
2013-07-31T12:00:00+02:00,-4.64
2013-08-01T12:00:00+02:00,-4.61
2013-08-02T12:00:00+02:00,-4.6
2013-08-03T12:00:00+02:00,-4.64
2013-08-04T12:00:00+02:00,-4.65
2013-08-05T12:00:00+02:00,-4.63
2013-08-06T12:00:00+02:00,-4.65
2013-08-07T12:00:00+02:00,-4.64
2013-08-08T12:00:00+02:00,-4.65
2013-08-09T12:00:00+02:00,-4.65
2013-08-10T12:00:00+02:00,-4.66
2013-08-11T12:00:00+02:00,-4.65
2013-08-12T12:00:00+02:00,-4.65
2013-08-13T12:00:00+02:00,-4.66
2013-08-14T12:00:00+02:00,-4.66
2013-08-15T12:00:00+02:00,-4.66
2013-08-16T12:00:00+02:00,-4.64
2013-08-17T12:00:00+02:00,-4.64
2013-08-18T12:00:00+02:00,-4.62
2013-08-19T12:00:00+02:00,-4.65
2013-08-20T12:00:00+02:00,-4.67
2013-08-21T12:00:00+02:00,-4.65
2013-08-22T12:00:00+02:00,-4.65
2013-08-23T12:00:00+02:00,-4.63
2013-08-24T12:00:00+02:00,-4.62
2013-08-25T12:00:00+02:00,-4.63
2013-08-26T12:00:00+02:00,-4.65
2013-08-27T12:00:00+02:00,-4.65
2013-08-28T12:00:00+02:00,-4.68
2013-08-29T12:00:00+02:00,-4.68
2013-08-30T12:00:00+02:00,-4.69
2013-08-31T12:00:00+02:00,-4.7
2013-09-01T12:00:00+02:00,-4.72
2013-09-02T12:00:00+02:00,-4.72
2013-09-03T12:00:00+02:00,-4.73
2013-09-04T12:00:00+02:00,-4.72
2013-09-05T12:00:00+02:00,-4.69
2013-09-06T12:00:00+02:00,-4.7
2013-09-07T12:00:00+02:00,-4.71
2013-09-08T12:00:00+02:00,-4.69
2013-09-09T12:00:00+02:00,-4.67
2013-09-10T12:00:00+02:00,-4.64
2013-09-11T12:00:00+02:00,-4.61
2013-09-12T12:00:00+02:00,-4.58
2013-09-13T12:00:00+02:00,-4.57
2013-09-14T12:00:00+02:00,-4.53
2013-09-15T12:00:00+02:00,-4.51
2013-09-16T12:00:00+02:00,-4.48
2013-09-17T12:00:00+02:00,-4.48
2013-09-18T12:00:00+02:00,-4.47
2013-09-19T12:00:00+02:00,-4.48
2013-09-20T12:00:00+02:00,-4.49
2013-09-21T12:00:00+02:00,-4.5
2013-09-22T12:00:00+02:00,-4.51
2013-09-23T12:00:00+02:00,-4.51
2013-09-24T12:00:00+02:00,-4.49
2013-09-25T12:00:00+02:00,-4.47
2013-09-26T12:00:00+02:00,-4.5
2013-09-27T12:00:00+02:00,-4.5
2013-09-28T12:00:00+02:00,-4.5
2013-09-29T12:00:00+02:00,-4.5
2013-09-30T12:00:00+02:00,-4.51
2013-10-01T12:00:00+02:00,-4.52
2013-10-02T12:00:00+02:00,-4.53
2013-10-03T12:00:00+02:00,-4.55
2013-10-04T12:00:00+02:00,-4.55
2013-10-05T12:00:00+02:00,-4.58
2013-10-06T12:00:00+02:00,-4.61
2013-10-07T12:00:00+02:00,-4.61
2013-10-08T12:00:00+02:00,-4.61
2013-10-09T12:00:00+02:00,-4.59
2013-10-10T12:00:00+02:00,-4.58
2013-10-11T12:00:00+02:00,-4.59
2013-10-12T12:00:00+02:00,-4.56
2013-10-13T12:00:00+02:00,-4.52
2013-10-14T12:00:00+02:00,-4.49
2013-10-15T12:00:00+02:00,-4.46
2013-10-16T12:00:00+02:00,-4.46
2013-10-17T12:00:00+02:00,-4.45
2013-10-18T12:00:00+02:00,-4.47
2013-10-19T12:00:00+02:00,-4.45
2013-10-20T12:00:00+02:00,-4.44
2013-10-21T12:00:00+02:00,-4.45
2013-10-22T12:00:00+02:00,-4.42
2013-10-23T12:00:00+02:00,-4.43
2013-10-24T12:00:00+02:00,-4.47
2013-10-25T12:00:00+02:00,-4.46
2013-10-26T12:00:00+02:00,-4.46
2013-10-27T12:00:00+01:00,-4.45
2013-10-28T12:00:00+01:00,-4.44
2013-10-29T12:00:00+01:00,-4.46
2013-10-30T12:00:00+01:00,-4.48
2013-10-31T12:00:00+01:00,-4.47
2013-11-01T12:00:00+01:00,-4.44
2013-11-02T12:00:00+01:00,-4.41
2013-11-03T12:00:00+01:00,-4.41
2013-11-04T12:00:00+01:00,-4.37
2013-11-05T12:00:00+01:00,-4.35
2013-11-06T12:00:00+01:00,-4.38
2013-11-07T12:00:00+01:00,-4.39
2013-11-08T12:00:00+01:00,-4.38
2013-11-09T12:00:00+01:00,-4.38
2013-11-10T12:00:00+01:00,-4.4
2013-11-11T12:00:00+01:00,-4.42
2013-11-12T12:00:00+01:00,-4.41
2013-11-13T12:00:00+01:00,-4.43
2013-11-14T12:00:00+01:00,-4.4
2013-11-15T12:00:00+01:00,-4.43
2013-11-16T12:00:00+01:00,-4.43
2013-11-17T12:00:00+01:00,-4.42
2013-11-18T12:00:00+01:00,-4.38
2013-11-19T12:00:00+01:00,-4.4
2013-11-20T12:00:00+01:00,-4.36
2013-11-21T12:00:00+01:00,-4.4
2013-11-22T12:00:00+01:00,-4.43
2013-11-23T12:00:00+01:00,-4.45
2013-11-24T12:00:00+01:00,-4.46
2013-11-25T12:00:00+01:00,-4.48
2013-11-26T12:00:00+01:00,-4.48
2013-11-27T12:00:00+01:00,-4.49
2013-11-28T12:00:00+01:00,-4.48
2013-11-29T12:00:00+01:00,-4.43
2013-11-30T12:00:00+01:00,-4.48
2013-12-01T12:00:00+01:00,-4.49
2013-12-02T12:00:00+01:00,-4.49
2013-12-03T12:00:00+01:00,-4.49
2013-12-04T12:00:00+01:00,-4.48
2013-12-05T12:00:00+01:00,-4.41
2013-12-06T12:00:00+01:00,-4.47
2013-12-07T12:00:00+01:00,-4.46
2013-12-08T12:00:00+01:00,-4.46
2013-12-09T12:00:00+01:00,-4.47
2013-12-10T12:00:00+01:00,-4.49
2013-12-11T12:00:00+01:00,-4.49
2013-12-12T12:00:00+01:00,-4.48
2013-12-13T12:00:00+01:00,-4.48
2013-12-14T12:00:00+01:00,-4.49
2013-12-15T12:00:00+01:00,-4.48
2013-12-16T12:00:00+01:00,-4.46
2013-12-17T12:00:00+01:00,-4.48
2013-12-18T12:00:00+01:00,-4.45
2013-12-19T12:00:00+01:00,-4.44
2013-12-20T12:00:00+01:00,-4.48
2013-12-21T12:00:00+01:00,-4.45
2013-12-22T12:00:00+01:00,-4.41
2013-12-23T12:00:00+01:00,-4.4
2013-12-24T12:00:00+01:00,-4.34
2013-12-25T12:00:00+01:00,-4.36
2013-12-26T12:00:00+01:00,-4.4
2013-12-27T12:00:00+01:00,-4.37
2013-12-28T12:00:00+01:00,-4.4
2013-12-29T12:00:00+01:00,-4.45
2013-12-30T12:00:00+01:00,-4.44
2013-12-31T12:00:00+01:00,-4.42
2014-01-01T12:00:00+01:00,-4.4
2014-01-02T12:00:00+01:00,-4.41
2014-01-03T12:00:00+01:00,-4.39
2014-01-04T12:00:00+01:00,-4.38
2014-01-05T12:00:00+01:00,-4.43
2014-01-06T12:00:00+01:00,-4.4
2014-01-07T12:00:00+01:00,-4.42
2014-01-08T12:00:00+01:00,-4.44
2014-01-09T12:00:00+01:00,-4.38
2014-01-10T12:00:00+01:00,-4.42
2014-01-11T12:00:00+01:00,-4.43
2014-01-12T12:00:00+01:00,-4.44
2014-01-13T12:00:00+01:00,-4.42
2014-01-14T12:00:00+01:00,-4.41
2014-01-15T12:00:00+01:00,-4.42
2014-01-16T12:00:00+01:00,-4.39
2014-01-17T12:00:00+01:00,-4.41
2014-01-18T12:00:00+01:00,-4.41
2014-01-19T12:00:00+01:00,-4.43
2014-01-20T12:00:00+01:00,-4.46
2014-01-21T12:00:00+01:00,-4.49
2014-01-22T12:00:00+01:00,-4.5
2014-01-23T12:00:00+01:00,-4.5
2014-01-24T12:00:00+01:00,-4.51
2014-01-25T12:00:00+01:00,-4.5
2014-01-26T12:00:00+01:00,-4.45
2014-01-27T12:00:00+01:00,-4.43
2014-01-28T12:00:00+01:00,-4.44
2014-01-29T12:00:00+01:00,-4.46
2014-01-30T12:00:00+01:00,-4.49
2014-01-31T12:00:00+01:00,-4.48
2014-02-01T12:00:00+01:00,-4.47
2014-02-02T12:00:00+01:00,-4.51
2014-02-03T12:00:00+01:00,-4.5
2014-02-04T12:00:00+01:00,-4.51
2014-02-05T12:00:00+01:00,-4.46
2014-02-06T12:00:00+01:00,-4.5
2014-02-07T12:00:00+01:00,-4.48
2014-02-08T12:00:00+01:00,-4.43
2014-02-09T12:00:00+01:00,-4.45
2014-02-10T12:00:00+01:00,-4.47
2014-02-11T12:00:00+01:00,-4.47
2014-02-12T12:00:00+01:00,-4.48
2014-02-13T12:00:00+01:00,-4.46
2014-02-14T12:00:00+01:00,-4.5
2014-02-15T12:00:00+01:00,-4.49
2014-02-16T12:00:00+01:00,-4.54
2014-02-17T12:00:00+01:00,-4.57
2014-02-18T12:00:00+01:00,-4.56
2014-02-19T12:00:00+01:00,-4.58
2014-02-20T12:00:00+01:00,-4.6
2014-02-21T12:00:00+01:00,-4.66
2014-02-22T12:00:00+01:00,-4.7
2014-02-23T12:00:00+01:00,-4.71
2014-02-24T12:00:00+01:00,-4.71
2014-02-25T12:00:00+01:00,-4.72
2014-02-26T12:00:00+01:00,-4.77
2014-02-27T12:00:00+01:00,-4.76
2014-02-28T12:00:00+01:00,-4.73
2014-03-01T12:00:00+01:00,-4.7
2014-03-02T12:00:00+01:00,-4.68
2014-03-03T12:00:00+01:00,-4.66
2014-03-04T12:00:00+01:00,-4.72
2014-03-05T12:00:00+01:00,-4.77
2014-03-06T12:00:00+01:00,-4.79
2014-03-07T12:00:00+01:00,-4.78
2014-03-08T12:00:00+01:00,-4.77
2014-03-09T12:00:00+01:00,-4.75
2014-03-10T12:00:00+01:00,-4.74
2014-03-11T12:00:00+01:00,-4.77
2014-03-12T12:00:00+01:00,-4.76
2014-03-13T12:00:00+01:00,-4.76
2014-03-14T12:00:00+01:00,-4.74
2014-03-15T12:00:00+01:00,-4.72
2014-03-16T12:00:00+01:00,-4.72
2014-03-17T12:00:00+01:00,-4.71
2014-03-18T12:00:00+01:00,-4.69
2014-03-19T12:00:00+01:00,-4.71
2014-03-20T12:00:00+01:00,-4.66
2014-03-21T12:00:00+01:00,-4.67
2014-03-22T12:00:00+01:00,-4.63
2014-03-23T12:00:00+01:00,-4.64
2014-03-24T12:00:00+01:00,-4.65
2014-03-25T12:00:00+01:00,-4.65
2014-03-26T12:00:00+01:00,-4.66
2014-03-27T12:00:00+01:00,-4.65
2014-03-28T12:00:00+01:00,-4.67
2014-03-29T12:00:00+01:00,-4.67
2014-03-30T12:00:00+02:00,-4.67
2014-03-31T12:00:00+02:00,-4.66
2014-04-01T12:00:00+02:00,-4.65
2014-04-02T12:00:00+02:00,-4.64
2014-04-03T12:00:00+02:00,-4.65
2014-04-04T12:00:00+02:00,-4.69
2014-04-05T12:00:00+02:00,-4.7
2014-04-06T12:00:00+02:00,-4.71
2014-04-07T12:00:00+02:00,-4.69
2014-04-08T12:00:00+02:00,-4.73
2014-04-09T12:00:00+02:00,-4.76
2014-04-10T12:00:00+02:00,-4.76
2014-04-11T12:00:00+02:00,-4.77
2014-04-12T12:00:00+02:00,-4.74
2014-04-13T12:00:00+02:00,-4.75
2014-04-14T12:00:00+02:00,-4.75
2014-04-15T12:00:00+02:00,-4.8
2014-04-16T12:00:00+02:00,-4.81
2014-04-17T12:00:00+02:00,-4.76
2014-04-18T12:00:00+02:00,-4.74
2014-04-19T12:00:00+02:00,-4.72
2014-04-20T12:00:00+02:00,-4.66
2014-04-21T12:00:00+02:00,-4.65
2014-04-22T12:00:00+02:00,-4.68
2014-04-23T12:00:00+02:00,-4.69
2014-04-24T12:00:00+02:00,-4.69
2014-04-25T12:00:00+02:00,-4.67
2014-04-26T12:00:00+02:00,-4.66
2014-04-27T12:00:00+02:00,-4.65
2014-04-28T12:00:00+02:00,-4.67
2014-04-29T12:00:00+02:00,-4.68
2014-04-30T12:00:00+02:00,-4.7
2014-05-01T12:00:00+02:00,-4.73
2014-05-02T12:00:00+02:00,-4.76
2014-05-03T12:00:00+02:00,-4.76
2014-05-04T12:00:00+02:00,-4.75
2014-05-05T12:00:00+02:00,-4.72
2014-05-06T12:00:00+02:00,-4.72
2014-05-07T12:00:00+02:00,-4.7
2014-05-08T12:00:00+02:00,-4.68
2014-05-09T12:00:00+02:00,-4.67
2014-05-10T12:00:00+02:00,-4.63
2014-05-11T12:00:00+02:00,-4.62
2014-05-12T12:00:00+02:00,-4.63
2014-05-13T12:00:00+02:00,-4.64
2014-05-14T12:00:00+02:00,-4.67
2014-05-15T12:00:00+02:00,-4.69
2014-05-16T12:00:00+02:00,-4.69
2014-05-17T12:00:00+02:00,-4.67
2014-05-18T12:00:00+02:00,-4.64
2014-05-19T12:00:00+02:00,-4.63
2014-05-20T12:00:00+02:00,-4.64
2014-05-21T12:00:00+02:00,-4.64
2014-05-22T12:00:00+02:00,-4.63
2014-05-23T12:00:00+02:00,-4.64
2014-05-24T12:00:00+02:00,-4.65
2014-05-25T12:00:00+02:00,-4.67
2014-05-26T12:00:00+02:00,-4.65
2014-05-27T12:00:00+02:00,-4.63
2014-05-28T12:00:00+02:00,-4.63
2014-05-29T12:00:00+02:00,-4.62
2014-05-30T12:00:00+02:00,-4.62
2014-05-31T12:00:00+02:00,-4.61
2014-06-01T12:00:00+02:00,-4.61
2014-06-02T12:00:00+02:00,-4.61
2014-06-03T12:00:00+02:00,-4.6
2014-06-04T12:00:00+02:00,-4.57
2014-06-05T12:00:00+02:00,-4.59
2014-06-06T12:00:00+02:00,-4.6
2014-06-07T12:00:00+02:00,-4.61
2014-06-08T12:00:00+02:00,-4.63
2014-06-09T12:00:00+02:00,-4.61
2014-06-10T12:00:00+02:00,-4.63
2014-06-11T12:00:00+02:00,-4.64
2014-06-12T12:00:00+02:00,-4.65
2014-06-13T12:00:00+02:00,-4.65
2014-06-14T12:00:00+02:00,-4.66
2014-06-15T12:00:00+02:00,-4.66
2014-06-16T12:00:00+02:00,-4.66
2014-06-17T12:00:00+02:00,-4.66
2014-06-18T12:00:00+02:00,-4.66
2014-06-19T12:00:00+02:00,-4.66
2014-06-20T12:00:00+02:00,-4.66
2014-06-21T12:00:00+02:00,-4.65
2014-06-22T12:00:00+02:00,-4.67
2014-06-23T12:00:00+02:00,-4.67
2014-06-24T12:00:00+02:00,-4.66
2014-06-25T12:00:00+02:00,-4.67
2014-06-26T12:00:00+02:00,-4.67
2014-06-27T12:00:00+02:00,-4.67
2014-06-28T12:00:00+02:00,-4.66
2014-06-29T12:00:00+02:00,-4.67
2014-06-30T12:00:00+02:00,-4.68
2014-07-01T12:00:00+02:00,-4.69
2014-07-02T12:00:00+02:00,-4.7
2014-07-03T12:00:00+02:00,-4.69
2014-07-04T12:00:00+02:00,-4.66
2014-07-05T12:00:00+02:00,-4.66
2014-07-06T12:00:00+02:00,-4.65
2014-07-07T12:00:00+02:00,-4.68
2014-07-08T12:00:00+02:00,-4.65
2014-07-09T12:00:00+02:00,-4.61
2014-07-10T12:00:00+02:00,-4.62
2014-07-11T12:00:00+02:00,-4.63
2014-07-12T12:00:00+02:00,-4.62
2014-07-13T12:00:00+02:00,-4.61
2014-07-14T12:00:00+02:00,-4.63
2014-07-15T12:00:00+02:00,-4.65
2014-07-16T12:00:00+02:00,-4.65
2014-07-17T12:00:00+02:00,-4.66
2014-07-18T12:00:00+02:00,-4.66
2014-07-19T12:00:00+02:00,-4.64
2014-07-20T12:00:00+02:00,-4.66
2014-07-21T12:00:00+02:00,-4.68
2014-07-22T12:00:00+02:00,-4.68
2014-07-23T12:00:00+02:00,-4.67
2014-07-24T12:00:00+02:00,-4.68
2014-07-25T12:00:00+02:00,-4.68
2014-07-26T12:00:00+02:00,-4.67
2014-07-27T12:00:00+02:00,-4.67
2014-07-28T12:00:00+02:00,-4.6
2014-07-29T12:00:00+02:00,-4.58
2014-07-30T12:00:00+02:00,-4.58
2014-07-31T12:00:00+02:00,-4.58
2014-08-01T12:00:00+02:00,-4.58
2014-08-02T12:00:00+02:00,-4.57
2014-08-03T12:00:00+02:00,-4.59
2014-08-04T12:00:00+02:00,-4.6
2014-08-05T12:00:00+02:00,-4.62
2014-08-06T12:00:00+02:00,-4.61
2014-08-07T12:00:00+02:00,-4.6
2014-08-08T12:00:00+02:00,-4.58
2014-08-09T12:00:00+02:00,-4.59
2014-08-10T12:00:00+02:00,-4.55
2014-08-11T12:00:00+02:00,-4.57
2014-08-12T12:00:00+02:00,-4.54
2014-08-13T12:00:00+02:00,-4.53
2014-08-14T12:00:00+02:00,-4.55
2014-08-15T12:00:00+02:00,-4.55
2014-08-16T12:00:00+02:00,-4.56
2014-08-17T12:00:00+02:00,-4.52
2014-08-18T12:00:00+02:00,-4.51
2014-08-19T12:00:00+02:00,-4.51
2014-08-20T12:00:00+02:00,-4.52
2014-08-21T12:00:00+02:00,-4.52
2014-08-22T12:00:00+02:00,-4.49
2014-08-23T12:00:00+02:00,-4.47
2014-08-24T12:00:00+02:00,-4.47
2014-08-25T12:00:00+02:00,-4.45
2014-08-26T12:00:00+02:00,-4.44
2014-08-27T12:00:00+02:00,-4.46
2014-08-28T12:00:00+02:00,-4.47
2014-08-29T12:00:00+02:00,-4.48
2014-08-30T12:00:00+02:00,-4.47
2014-08-31T12:00:00+02:00,-4.47
2014-09-01T12:00:00+02:00,-4.48
2014-09-02T12:00:00+02:00,-4.51
2014-09-03T12:00:00+02:00,-4.51
2014-09-04T12:00:00+02:00,-4.51
2014-09-05T12:00:00+02:00,-4.52
2014-09-06T12:00:00+02:00,-4.52
2014-09-07T12:00:00+02:00,-4.54
2014-09-08T12:00:00+02:00,-4.55
2014-09-09T12:00:00+02:00,-4.57
2014-09-10T12:00:00+02:00,-4.57
2014-09-11T12:00:00+02:00,-4.57
2014-09-12T12:00:00+02:00,-4.58
2014-09-13T12:00:00+02:00,-4.6
2014-09-14T12:00:00+02:00,-4.59
2014-09-15T12:00:00+02:00,-4.58
2014-09-16T12:00:00+02:00,-4.59
2014-09-17T12:00:00+02:00,-4.59
2014-09-18T12:00:00+02:00,-4.6
2014-09-19T12:00:00+02:00,-4.61
2014-09-20T12:00:00+02:00,-4.62
2014-09-21T12:00:00+02:00,-4.64
2014-09-22T12:00:00+02:00,-4.64
2014-09-23T12:00:00+02:00,-4.64
2014-09-24T12:00:00+02:00,-4.6
2014-09-25T12:00:00+02:00,-4.63
2014-09-26T12:00:00+02:00,-4.64
2014-09-27T12:00:00+02:00,-4.66
2014-09-28T12:00:00+02:00,-4.63
2014-09-29T12:00:00+02:00,-4.63
2014-09-30T12:00:00+02:00,-4.64
2014-10-01T12:00:00+02:00,-4.64
2014-10-02T12:00:00+02:00,-4.64
2014-10-03T12:00:00+02:00,-4.63
2014-10-04T12:00:00+02:00,-4.6
2014-10-05T12:00:00+02:00,-4.61
2014-10-06T12:00:00+02:00,-4.57
2014-10-07T12:00:00+02:00,-4.57
2014-10-08T12:00:00+02:00,-4.56
2014-10-09T12:00:00+02:00,-4.58
2014-10-10T12:00:00+02:00,-4.6
2014-10-11T12:00:00+02:00,-4.59
2014-10-12T12:00:00+02:00,-4.58
2014-10-13T12:00:00+02:00,-4.54
2014-10-14T12:00:00+02:00,-4.55
2014-10-15T12:00:00+02:00,-4.56
2014-10-16T12:00:00+02:00,-4.55
2014-10-17T12:00:00+02:00,-4.58
2014-10-18T12:00:00+02:00,-4.58
2014-10-19T12:00:00+02:00,-4.57
2014-10-20T12:00:00+02:00,-4.58
2014-10-21T12:00:00+02:00,-4.51
2014-10-22T12:00:00+02:00,-4.56
2014-10-23T12:00:00+02:00,-4.55
2014-10-24T12:00:00+02:00,-4.53
2014-10-25T12:00:00+02:00,-4.54
2014-10-26T12:00:00+01:00,-4.54
2014-10-27T12:00:00+01:00,-4.53
2014-10-28T12:00:00+01:00,-4.52
2014-10-29T12:00:00+01:00,-4.54
2014-10-30T12:00:00+01:00,-4.55
2014-10-31T12:00:00+01:00,-4.55
2014-11-01T12:00:00+01:00,-4.55
2014-11-02T12:00:00+01:00,-4.52
2014-11-03T12:00:00+01:00,-4.47
2014-11-04T12:00:00+01:00,-4.49
2014-11-05T12:00:00+01:00,-4.52
2014-11-06T12:00:00+01:00,-4.54
2014-11-07T12:00:00+01:00,-4.52
2014-11-08T12:00:00+01:00,-4.54
2014-11-09T12:00:00+01:00,-4.54
2014-11-10T12:00:00+01:00,-4.54
2014-11-11T12:00:00+01:00,-4.54
2014-11-12T12:00:00+01:00,-4.55
2014-11-13T12:00:00+01:00,-4.57
2014-11-14T12:00:00+01:00,-4.55
2014-11-15T12:00:00+01:00,-4.53
2014-11-16T12:00:00+01:00,-4.52
2014-11-17T12:00:00+01:00,-4.52
2014-11-18T12:00:00+01:00,-4.54
2014-11-19T12:00:00+01:00,-4.57
2014-11-20T12:00:00+01:00,-4.58
2014-11-21T12:00:00+01:00,-4.56
2014-11-22T12:00:00+01:00,-4.55
2014-11-23T12:00:00+01:00,-4.54
2014-11-24T12:00:00+01:00,-4.58
2014-11-25T12:00:00+01:00,-4.56
2014-11-26T12:00:00+01:00,-4.54
2014-11-27T12:00:00+01:00,-4.52
2014-11-28T12:00:00+01:00,-4.53
2014-11-29T12:00:00+01:00,-4.56
2014-11-30T12:00:00+01:00,-4.55
2014-12-01T12:00:00+01:00,-4.54
2014-12-02T12:00:00+01:00,-4.56
2014-12-03T12:00:00+01:00,-4.58
2014-12-04T12:00:00+01:00,-4.56
2014-12-05T12:00:00+01:00,-4.56
2014-12-06T12:00:00+01:00,-4.59
2014-12-07T12:00:00+01:00,-4.55
2014-12-08T12:00:00+01:00,-4.56
2014-12-09T12:00:00+01:00,-4.6
2014-12-10T12:00:00+01:00,-4.55
2014-12-11T12:00:00+01:00,-4.52
2014-12-12T12:00:00+01:00,-4.48
2014-12-13T12:00:00+01:00,-4.53
2014-12-14T12:00:00+01:00,-4.52
2014-12-15T12:00:00+01:00,-4.52
2014-12-16T12:00:00+01:00,-4.52
2014-12-17T12:00:00+01:00,-4.49
2014-12-18T12:00:00+01:00,-4.49
2014-12-19T12:00:00+01:00,-4.49
2014-12-20T12:00:00+01:00,-4.5
2014-12-21T12:00:00+01:00,-4.51
2014-12-22T12:00:00+01:00,-4.48
2014-12-23T12:00:00+01:00,-4.49
2014-12-24T12:00:00+01:00,-4.48
2014-12-25T12:00:00+01:00,-4.52
2014-12-26T12:00:00+01:00,-4.52
2014-12-27T12:00:00+01:00,-4.47
2014-12-28T12:00:00+01:00,-4.54
2014-12-29T12:00:00+01:00,-4.53
2014-12-30T12:00:00+01:00,-4.52
2014-12-31T12:00:00+01:00,-4.52
2015-01-01T12:00:00+01:00,-4.51
2015-01-02T12:00:00+01:00,-4.51
2015-01-03T12:00:00+01:00,-4.47
2015-01-04T12:00:00+01:00,-4.54
2015-01-05T12:00:00+01:00,-4.52
2015-01-06T12:00:00+01:00,-4.49
2015-01-07T12:00:00+01:00,-4.51
2015-01-08T12:00:00+01:00,-4.49
2015-01-09T12:00:00+01:00,-4.49
2015-01-10T12:00:00+01:00,-4.43
2015-01-11T12:00:00+01:00,-4.49
2015-01-12T12:00:00+01:00,-4.45
2015-01-13T12:00:00+01:00,-4.42
2015-01-14T12:00:00+01:00,-4.44
2015-01-15T12:00:00+01:00,-4.39
2015-01-16T12:00:00+01:00,-4.43
2015-01-17T12:00:00+01:00,-4.45
2015-01-18T12:00:00+01:00,-4.45
2015-01-19T12:00:00+01:00,-4.45
2015-01-20T12:00:00+01:00,-4.45
2015-01-21T12:00:00+01:00,-4.46
2015-01-22T12:00:00+01:00,-4.49
2015-01-23T12:00:00+01:00,-4.51
2015-01-24T12:00:00+01:00,-4.5
2015-01-25T12:00:00+01:00,-4.5
2015-01-26T12:00:00+01:00,-4.48
2015-01-27T12:00:00+01:00,-4.5
2015-01-28T12:00:00+01:00,-4.4
2015-01-29T12:00:00+01:00,-4.38
2015-01-30T12:00:00+01:00,-4.39
2015-01-31T12:00:00+01:00,-4.4
2015-02-01T12:00:00+01:00,-4.43
2015-02-02T12:00:00+01:00,-4.43
2015-02-03T12:00:00+01:00,-4.45
2015-02-04T12:00:00+01:00,-4.48
2015-02-05T12:00:00+01:00,-4.51
2015-02-06T12:00:00+01:00,-4.52
2015-02-07T12:00:00+01:00,-4.53
2015-02-08T12:00:00+01:00,-4.55
2015-02-09T12:00:00+01:00,-4.54
2015-02-10T12:00:00+01:00,-4.54
2015-02-11T12:00:00+01:00,-4.52
2015-02-12T12:00:00+01:00,-4.52
2015-02-13T12:00:00+01:00,-4.49
2015-02-14T12:00:00+01:00,-4.49
2015-02-15T12:00:00+01:00,-4.53
2015-02-16T12:00:00+01:00,-4.53
2015-02-17T12:00:00+01:00,-4.58
2015-02-18T12:00:00+01:00,-4.58
2015-02-19T12:00:00+01:00,-4.54
2015-02-20T12:00:00+01:00,-4.49
2015-02-21T12:00:00+01:00,-4.47
2015-02-22T12:00:00+01:00,-4.49
2015-02-23T12:00:00+01:00,-4.44
2015-02-24T12:00:00+01:00,-4.49
2015-02-25T12:00:00+01:00,-4.51
2015-02-26T12:00:00+01:00,-4.48
2015-02-27T12:00:00+01:00,-4.51
2015-02-28T12:00:00+01:00,-4.49
2015-03-01T12:00:00+01:00,-4.47
2015-03-02T12:00:00+01:00,-4.48
2015-03-03T12:00:00+01:00,-4.49
2015-03-04T12:00:00+01:00,-4.54
2015-03-05T12:00:00+01:00,-4.56
2015-03-06T12:00:00+01:00,-4.55
2015-03-07T12:00:00+01:00,-4.54
2015-03-08T12:00:00+01:00,-4.53
2015-03-09T12:00:00+01:00,-4.54
2015-03-10T12:00:00+01:00,-4.56
2015-03-11T12:00:00+01:00,-4.56
2015-03-12T12:00:00+01:00,-4.56
2015-03-13T12:00:00+01:00,-4.55
2015-03-14T12:00:00+01:00,-4.58
2015-03-15T12:00:00+01:00,-4.58
2015-03-16T12:00:00+01:00,-4.57
2015-03-17T12:00:00+01:00,-4.57
2015-03-18T12:00:00+01:00,-4.6
2015-03-19T12:00:00+01:00,-4.59
2015-03-20T12:00:00+01:00,-4.58
2015-03-21T12:00:00+01:00,-4.58
2015-03-22T12:00:00+01:00,-4.59
2015-03-23T12:00:00+01:00,-4.56
2015-03-24T12:00:00+01:00,-4.55
2015-03-25T12:00:00+01:00,-4.55
2015-03-26T12:00:00+01:00,-4.53
2015-03-27T12:00:00+01:00,-4.58
2015-03-28T12:00:00+01:00,-4.54
2015-03-29T12:00:00+02:00,-4.47
2015-03-30T12:00:00+02:00,-4.54
2015-03-31T12:00:00+02:00,-4.53
2015-04-01T12:00:00+02:00,-4.55
2015-04-02T12:00:00+02:00,-4.56
2015-04-03T12:00:00+02:00,-4.54
2015-04-04T12:00:00+02:00,-4.55
2015-04-05T12:00:00+02:00,-4.57
2015-04-06T12:00:00+02:00,-4.58
2015-04-07T12:00:00+02:00,-4.6
2015-04-08T12:00:00+02:00,-4.59
2015-04-09T12:00:00+02:00,-4.57
2015-04-10T12:00:00+02:00,-4.55
2015-04-11T12:00:00+02:00,-4.56
2015-04-12T12:00:00+02:00,-4.58
2015-04-13T12:00:00+02:00,-4.6
2015-04-14T12:00:00+02:00,-4.57
2015-04-15T12:00:00+02:00,-4.56
2015-04-16T12:00:00+02:00,-4.58
2015-04-17T12:00:00+02:00,-4.6
2015-04-18T12:00:00+02:00,-4.62
2015-04-19T12:00:00+02:00,-4.62
2015-04-20T12:00:00+02:00,-4.64
2015-04-21T12:00:00+02:00,-4.65
2015-04-22T12:00:00+02:00,-4.63
2015-04-23T12:00:00+02:00,-4.62
2015-04-24T12:00:00+02:00,-4.6
2015-04-25T12:00:00+02:00,-4.59
2015-04-26T12:00:00+02:00,-4.6
2015-04-27T12:00:00+02:00,-4.62
2015-04-28T12:00:00+02:00,-4.64
2015-04-29T12:00:00+02:00,-4.57
2015-04-30T12:00:00+02:00,-4.56
2015-05-01T12:00:00+02:00,-4.48
2015-05-02T12:00:00+02:00,-4.32
2015-05-03T12:00:00+02:00,-4.28
2015-05-04T12:00:00+02:00,-4.29
2015-05-05T12:00:00+02:00,-4.26
2015-05-06T12:00:00+02:00,-4.26
2015-05-07T12:00:00+02:00,-4.28
2015-05-08T12:00:00+02:00,-4.28
2015-05-09T12:00:00+02:00,-4.36
2015-05-10T12:00:00+02:00,-4.45
2015-05-11T12:00:00+02:00,-4.45
2015-05-12T12:00:00+02:00,-4.46
2015-05-13T12:00:00+02:00,-4.47
2015-05-14T12:00:00+02:00,-4.48
2015-05-15T12:00:00+02:00,-4.52
2015-05-16T12:00:00+02:00,-4.57
2015-05-17T12:00:00+02:00,-4.57
2015-05-18T12:00:00+02:00,-4.52
2015-05-19T12:00:00+02:00,-4.54
2015-05-20T12:00:00+02:00,-4.58
2015-05-21T12:00:00+02:00,-4.61
2015-05-22T12:00:00+02:00,-4.59
2015-05-23T12:00:00+02:00,-4.59
2015-05-24T12:00:00+02:00,-4.6
2015-05-25T12:00:00+02:00,-4.6
2015-05-26T12:00:00+02:00,-4.61
2015-05-27T12:00:00+02:00,-4.6
2015-05-28T12:00:00+02:00,-4.59
2015-05-29T12:00:00+02:00,-4.57
2015-05-30T12:00:00+02:00,-4.6
2015-05-31T12:00:00+02:00,-4.57
2015-06-01T12:00:00+02:00,-4.6
2015-06-02T12:00:00+02:00,-4.58
2015-06-03T12:00:00+02:00,-4.63
2015-06-04T12:00:00+02:00,-4.62
2015-06-05T12:00:00+02:00,-4.59
2015-06-06T12:00:00+02:00,-4.63
2015-06-07T12:00:00+02:00,-4.65
2015-06-08T12:00:00+02:00,-4.66
2015-06-09T12:00:00+02:00,-4.66
2015-06-10T12:00:00+02:00,-4.64
2015-06-11T12:00:00+02:00,-4.63
2015-06-12T12:00:00+02:00,-4.62
2015-06-13T12:00:00+02:00,-4.63
2015-06-14T12:00:00+02:00,-4.64
2015-06-15T12:00:00+02:00,-4.67
2015-06-16T12:00:00+02:00,-4.68
2015-06-17T12:00:00+02:00,-4.66
2015-06-18T12:00:00+02:00,-4.66
2015-06-19T12:00:00+02:00,-4.67
2015-06-20T12:00:00+02:00,-4.66
2015-06-21T12:00:00+02:00,-4.65
2015-06-22T12:00:00+02:00,-4.62
2015-06-23T12:00:00+02:00,-4.65
2015-06-24T12:00:00+02:00,-4.65
2015-06-25T12:00:00+02:00,-4.66
2015-06-26T12:00:00+02:00,-4.65
2015-06-27T12:00:00+02:00,-4.68
2015-06-28T12:00:00+02:00,-4.68
2015-06-29T12:00:00+02:00,-4.69
2015-06-30T12:00:00+02:00,-4.68
2015-07-01T12:00:00+02:00,-4.68
2015-07-02T12:00:00+02:00,-4.7
2015-07-03T12:00:00+02:00,-4.71
2015-07-04T12:00:00+02:00,-4.72
2015-07-05T12:00:00+02:00,-4.7
2015-07-06T12:00:00+02:00,-4.72
2015-07-07T12:00:00+02:00,-4.7
2015-07-08T12:00:00+02:00,-4.71
2015-07-09T12:00:00+02:00,-4.75
2015-07-10T12:00:00+02:00,-4.74
2015-07-11T12:00:00+02:00,-4.73
2015-07-12T12:00:00+02:00,-4.74
2015-07-13T12:00:00+02:00,-4.73
2015-07-14T12:00:00+02:00,-4.73
2015-07-15T12:00:00+02:00,-4.71
2015-07-16T12:00:00+02:00,-4.71
2015-07-17T12:00:00+02:00,-4.71
2015-07-18T12:00:00+02:00,-4.72
2015-07-19T12:00:00+02:00,-4.7
2015-07-20T12:00:00+02:00,-4.69
2015-07-21T12:00:00+02:00,-4.7
2015-07-22T12:00:00+02:00,-4.7
2015-07-23T12:00:00+02:00,-4.72
2015-07-24T12:00:00+02:00,-4.69
2015-07-25T12:00:00+02:00,-4.68
2015-07-26T12:00:00+02:00,-4.66
2015-07-27T12:00:00+02:00,-4.63
2015-07-28T12:00:00+02:00,-4.63
2015-07-29T12:00:00+02:00,-4.61
2015-07-30T12:00:00+02:00,-4.63
2015-07-31T12:00:00+02:00,-4.64
2015-08-01T12:00:00+02:00,-4.63
2015-08-02T12:00:00+02:00,-4.64
2015-08-03T12:00:00+02:00,-4.63
2015-08-04T12:00:00+02:00,-4.62
2015-08-05T12:00:00+02:00,-4.61
2015-08-06T12:00:00+02:00,-4.63
2015-08-07T12:00:00+02:00,-4.64
2015-08-08T12:00:00+02:00,-4.65
2015-08-09T12:00:00+02:00,-4.65
2015-08-10T12:00:00+02:00,-4.65
2015-08-11T12:00:00+02:00,-4.66
2015-08-12T12:00:00+02:00,-4.67
2015-08-13T12:00:00+02:00,-4.65
2015-08-14T12:00:00+02:00,-4.63
2015-08-15T12:00:00+02:00,-4.62
2015-08-16T12:00:00+02:00,-4.63
2015-08-17T12:00:00+02:00,-4.59
2015-08-18T12:00:00+02:00,-4.58
2015-08-19T12:00:00+02:00,-4.58
2015-08-20T12:00:00+02:00,-4.59
2015-08-21T12:00:00+02:00,-4.6
2015-08-22T12:00:00+02:00,-4.58
2015-08-23T12:00:00+02:00,-4.56
2015-08-24T12:00:00+02:00,-4.52
2015-08-25T12:00:00+02:00,-4.58
2015-08-26T12:00:00+02:00,-4.55
2015-08-27T12:00:00+02:00,-4.55
2015-08-28T12:00:00+02:00,-4.55
2015-08-29T12:00:00+02:00,-4.54
2015-08-30T12:00:00+02:00,-4.53
2015-08-31T12:00:00+02:00,-4.49
2015-09-01T12:00:00+02:00,-4.52
2015-09-02T12:00:00+02:00,-4.51
2015-09-03T12:00:00+02:00,-4.51
2015-09-04T12:00:00+02:00,-4.49
2015-09-05T12:00:00+02:00,-4.49
2015-09-06T12:00:00+02:00,-4.49
2015-09-07T12:00:00+02:00,-4.49
2015-09-08T12:00:00+02:00,-4.48
2015-09-09T12:00:00+02:00,-4.48
2015-09-10T12:00:00+02:00,-4.49
2015-09-11T12:00:00+02:00,-4.49
2015-09-12T12:00:00+02:00,-4.48
2015-09-13T12:00:00+02:00,-4.48
2015-09-14T12:00:00+02:00,-4.47
2015-09-15T12:00:00+02:00,-4.48
2015-09-16T12:00:00+02:00,-4.46
2015-09-17T12:00:00+02:00,-4.49
2015-09-18T12:00:00+02:00,-4.52
2015-09-19T12:00:00+02:00,-4.53
2015-09-20T12:00:00+02:00,-4.51
2015-09-21T12:00:00+02:00,-4.47
2015-09-22T12:00:00+02:00,-4.46
2015-09-23T12:00:00+02:00,-4.5
2015-09-24T12:00:00+02:00,-4.5
2015-09-25T12:00:00+02:00,-4.51
2015-09-26T12:00:00+02:00,-4.53
2015-09-27T12:00:00+02:00,-4.55
2015-09-28T12:00:00+02:00,-4.55
2015-09-29T12:00:00+02:00,-4.57
2015-09-30T12:00:00+02:00,-4.57
2015-10-01T12:00:00+02:00,-4.57
2015-10-02T12:00:00+02:00,-4.55
2015-10-03T12:00:00+02:00,-4.53
2015-10-04T12:00:00+02:00,-4.54
2015-10-05T12:00:00+02:00,-4.53
2015-10-06T12:00:00+02:00,-4.52
2015-10-07T12:00:00+02:00,-4.55
2015-10-08T12:00:00+02:00,-4.58
2015-10-09T12:00:00+02:00,-4.58
2015-10-10T12:00:00+02:00,-4.57
2015-10-11T12:00:00+02:00,-4.58
2015-10-12T12:00:00+02:00,-4.58
2015-10-13T12:00:00+02:00,-4.6
2015-10-14T12:00:00+02:00,-4.59
2015-10-15T12:00:00+02:00,-4.59
2015-10-16T12:00:00+02:00,-4.59
2015-10-17T12:00:00+02:00,-4.59
2015-10-18T12:00:00+02:00,-4.58
2015-10-19T12:00:00+02:00,-4.6
2015-10-20T12:00:00+02:00,-4.6
2015-10-21T12:00:00+02:00,-4.58
2015-10-22T12:00:00+02:00,-4.59
2015-10-23T12:00:00+02:00,-4.61
2015-10-24T12:00:00+02:00,-4.59
2015-10-25T12:00:00+01:00,-4.63
2015-10-26T12:00:00+01:00,-4.61
2015-10-27T12:00:00+01:00,-4.6
2015-10-28T12:00:00+01:00,-4.59
2015-10-29T12:00:00+01:00,-4.62
2015-10-30T12:00:00+01:00,-4.66
2015-10-31T12:00:00+01:00,-4.65
2015-11-01T12:00:00+01:00,-4.68
2015-11-02T12:00:00+01:00,-4.65
2015-11-03T12:00:00+01:00,-4.64
2015-11-04T12:00:00+01:00,-4.63
2015-11-05T12:00:00+01:00,-4.63
2015-11-06T12:00:00+01:00,-4.63
2015-11-07T12:00:00+01:00,-4.62
2015-11-08T12:00:00+01:00,-4.63
2015-11-09T12:00:00+01:00,-4.63
2015-11-10T12:00:00+01:00,-4.62
2015-11-11T12:00:00+01:00,-4.62
2015-11-12T12:00:00+01:00,-4.62
2015-11-13T12:00:00+01:00,-4.6
2015-11-14T12:00:00+01:00,-4.62
2015-11-15T12:00:00+01:00,-4.55
2015-11-16T12:00:00+01:00,-4.54
2015-11-17T12:00:00+01:00,-4.52
2015-11-18T12:00:00+01:00,-4.52
2015-11-19T12:00:00+01:00,-4.51
2015-11-20T12:00:00+01:00,-4.48
2015-11-21T12:00:00+01:00,-4.46
2016-10-25T12:00:00+02:00,-4.55
2016-10-26T12:00:00+02:00,-4.57
2016-10-27T12:00:00+02:00,-4.58
2016-10-28T12:00:00+02:00,-4.58
2016-10-29T12:00:00+02:00,-4.59
2016-10-30T12:00:00+01:00,-4.59
2016-10-31T12:00:00+01:00,-4.58
2016-11-01T12:00:00+01:00,-4.56
2016-11-02T12:00:00+01:00,-4.56
2016-11-03T12:00:00+01:00,-4.57
2016-11-04T12:00:00+01:00,-4.53
2016-11-05T12:00:00+01:00,-4.51
2016-11-06T12:00:00+01:00,-4.5
2016-11-07T12:00:00+01:00,-4.54
2016-11-08T12:00:00+01:00,-4.52
2016-11-09T12:00:00+01:00,-4.49
2016-11-10T12:00:00+01:00,-4.49
2016-11-11T12:00:00+01:00,-4.54
2016-11-12T12:00:00+01:00,-4.52
2016-11-13T12:00:00+01:00,-4.53
2016-11-14T12:00:00+01:00,-4.52
2016-11-15T12:00:00+01:00,-4.5
2016-11-16T12:00:00+01:00,-4.47
2016-11-17T12:00:00+01:00,-4.44
2016-11-18T12:00:00+01:00,-4.43
2016-11-19T12:00:00+01:00,-4.45
2016-11-20T12:00:00+01:00,-4.4
2016-11-21T12:00:00+01:00,-4.41
2016-11-22T12:00:00+01:00,-4.45
2016-11-23T12:00:00+01:00,-4.48
2016-11-24T12:00:00+01:00,-4.49
2016-11-25T12:00:00+01:00,-4.49
2016-11-26T12:00:00+01:00,-4.49
2016-11-27T12:00:00+01:00,-4.5
2016-11-28T12:00:00+01:00,-4.54
2016-11-29T12:00:00+01:00,-4.54
2016-11-30T12:00:00+01:00,-4.53
2016-12-01T12:00:00+01:00,-4.51
2016-12-02T12:00:00+01:00,-4.52
2016-12-03T12:00:00+01:00,-4.53
2016-12-04T12:00:00+01:00,-4.54
2016-12-05T12:00:00+01:00,-4.54
2016-12-06T12:00:00+01:00,-4.56
2016-12-07T12:00:00+01:00,-4.55
2016-12-08T12:00:00+01:00,-4.54
2016-12-09T12:00:00+01:00,-4.55
2016-12-10T12:00:00+01:00,-4.54
2016-12-11T12:00:00+01:00,-4.53
2016-12-12T12:00:00+01:00,-4.53
2016-12-13T12:00:00+01:00,-4.53
2016-12-14T12:00:00+01:00,-4.53
2016-12-15T12:00:00+01:00,-4.53
2016-12-16T12:00:00+01:00,-4.55
2016-12-17T12:00:00+01:00,-4.57
2016-12-18T12:00:00+01:00,-4.56
2016-12-19T12:00:00+01:00,-4.56
2016-12-20T12:00:00+01:00,-4.52
2016-12-21T12:00:00+01:00,-4.53
2016-12-22T12:00:00+01:00,-4.54
2016-12-23T12:00:00+01:00,-4.53
2016-12-24T12:00:00+01:00,-4.52
2016-12-25T12:00:00+01:00,-4.51
2016-12-26T12:00:00+01:00,-4.54
2016-12-27T12:00:00+01:00,-4.58
2016-12-28T12:00:00+01:00,-4.58
2016-12-29T12:00:00+01:00,-4.56
2016-12-30T12:00:00+01:00,-4.54
2016-12-31T12:00:00+01:00,-4.53
2017-01-01T12:00:00+01:00,-4.5
2017-01-02T12:00:00+01:00,-4.53
2017-01-03T12:00:00+01:00,-4.51
2017-01-04T12:00:00+01:00,-4.51
2017-01-05T12:00:00+01:00,-4.57
2017-01-06T12:00:00+01:00,-4.57
2017-01-07T12:00:00+01:00,-4.55
2017-01-08T12:00:00+01:00,-4.55
2017-01-09T12:00:00+01:00,-4.51
2017-01-10T12:00:00+01:00,-4.49
2017-01-11T12:00:00+01:00,-4.47
2017-01-12T12:00:00+01:00,-4.46
2017-01-13T12:00:00+01:00,-4.45
2017-01-14T12:00:00+01:00,-4.47
2017-01-15T12:00:00+01:00,-4.47
2017-01-16T12:00:00+01:00,-4.49
2017-01-17T12:00:00+01:00,-4.52
2017-01-18T12:00:00+01:00,-4.51
2017-01-19T12:00:00+01:00,-4.51
2017-01-20T12:00:00+01:00,-4.5
2017-01-21T12:00:00+01:00,-4.49
2017-01-22T12:00:00+01:00,-4.49
2017-01-23T12:00:00+01:00,-4.5
2017-01-24T12:00:00+01:00,-4.52
2017-01-25T12:00:00+01:00,-4.51
2017-01-26T12:00:00+01:00,-4.5
2017-01-27T12:00:00+01:00,-4.5
2017-01-28T12:00:00+01:00,-4.48
2017-01-29T12:00:00+01:00,-4.5
2017-01-30T12:00:00+01:00,-4.48
2017-01-31T12:00:00+01:00,-4.49
2017-02-01T12:00:00+01:00,-4.48
2017-02-02T12:00:00+01:00,-4.46
2017-02-03T12:00:00+01:00,-4.47
2017-02-04T12:00:00+01:00,-4.47
2017-02-05T12:00:00+01:00,-4.48
2017-02-06T12:00:00+01:00,-4.53
2017-02-07T12:00:00+01:00,-4.52
2017-02-08T12:00:00+01:00,-4.54
2017-02-09T12:00:00+01:00,-4.53
2017-02-10T12:00:00+01:00,-4.51
2017-02-11T12:00:00+01:00,-4.5
2017-02-12T12:00:00+01:00,-4.53
2017-02-13T12:00:00+01:00,-4.52
2017-02-14T12:00:00+01:00,-4.52
2017-02-15T12:00:00+01:00,-4.52
2017-02-16T12:00:00+01:00,-4.52
2017-02-17T12:00:00+01:00,-4.51
2017-02-18T12:00:00+01:00,-4.51
2017-02-19T12:00:00+01:00,-4.49
2017-02-20T12:00:00+01:00,-4.47
2017-02-21T12:00:00+01:00,-4.49
2017-02-22T12:00:00+01:00,-4.46
2017-02-23T12:00:00+01:00,-4.38
2017-02-24T12:00:00+01:00,-4.48
2017-02-25T12:00:00+01:00,-4.46
2017-02-26T12:00:00+01:00,-4.44
2017-02-27T12:00:00+01:00,-4.39
2017-02-28T12:00:00+01:00,-4.4
2017-03-01T12:00:00+01:00,-4.43
2017-03-02T12:00:00+01:00,-4.45
2017-03-03T12:00:00+01:00,-4.42
2017-03-04T12:00:00+01:00,-4.38
2017-03-05T12:00:00+01:00,-4.39
2017-03-06T12:00:00+01:00,-4.42
2017-03-07T12:00:00+01:00,-4.46
2017-03-08T12:00:00+01:00,-4.42
2017-03-09T12:00:00+01:00,-4.45
2017-03-10T12:00:00+01:00,-4.47
2017-03-11T12:00:00+01:00,-4.45
2017-03-12T12:00:00+01:00,-4.44
2017-03-13T12:00:00+01:00,-4.49
2017-03-14T12:00:00+01:00,-4.5
2017-03-15T12:00:00+01:00,-4.5
2017-03-16T12:00:00+01:00,-4.47
2017-03-17T12:00:00+01:00,-4.46
2017-03-18T12:00:00+01:00,-4.46
2017-03-19T12:00:00+01:00,-4.45
2017-03-20T12:00:00+01:00,-4.44
2017-03-21T12:00:00+01:00,-4.48
2017-03-22T12:00:00+01:00,-4.47
2017-03-23T12:00:00+01:00,-4.49
2017-03-24T12:00:00+01:00,-4.53
2017-03-25T12:00:00+01:00,-4.52
2017-03-26T12:00:00+02:00,-4.52
2017-03-27T12:00:00+02:00,-4.51
2017-03-28T12:00:00+02:00,-4.52
2017-03-29T12:00:00+02:00,-4.53
2017-03-30T12:00:00+02:00,-4.53
2017-03-31T12:00:00+02:00,-4.5
2017-04-01T12:00:00+02:00,-4.52
2017-04-02T12:00:00+02:00,-4.55
2017-04-03T12:00:00+02:00,-4.56
2017-04-04T12:00:00+02:00,-4.55
2017-04-05T12:00:00+02:00,-4.57
2017-04-06T12:00:00+02:00,-4.57
2017-04-07T12:00:00+02:00,-4.56
2017-04-08T12:00:00+02:00,-4.56
2017-04-09T12:00:00+02:00,-4.56
2017-04-10T12:00:00+02:00,-4.57
2017-04-11T12:00:00+02:00,-4.57
2017-04-12T12:00:00+02:00,-4.54
2017-04-13T12:00:00+02:00,-4.55
2017-04-14T12:00:00+02:00,-4.56
2017-04-15T12:00:00+02:00,-4.56
2017-04-16T12:00:00+02:00,-4.56
2017-04-17T12:00:00+02:00,-4.57
2017-04-18T12:00:00+02:00,-4.61
2017-04-19T12:00:00+02:00,-4.63
2017-04-20T12:00:00+02:00,-4.62
2017-04-21T12:00:00+02:00,-4.59
2017-04-22T12:00:00+02:00,-4.59
2017-04-23T12:00:00+02:00,-4.58
2017-04-24T12:00:00+02:00,-4.54
2017-04-25T12:00:00+02:00,-4.54
2017-04-26T12:00:00+02:00,-4.56
2017-04-27T12:00:00+02:00,-4.57
2017-04-28T12:00:00+02:00,-4.56
2017-04-29T12:00:00+02:00,-4.56
2017-04-30T12:00:00+02:00,-4.53
2017-05-01T12:00:00+02:00,-4.56
2017-05-02T12:00:00+02:00,-4.57
2017-05-03T12:00:00+02:00,-4.59
2017-05-04T12:00:00+02:00,-4.58
2017-05-05T12:00:00+02:00,-4.57
2017-05-06T12:00:00+02:00,-4.54
2017-05-07T12:00:00+02:00,-4.57
2017-05-08T12:00:00+02:00,-4.58
2017-05-09T12:00:00+02:00,-4.57
2017-05-10T12:00:00+02:00,-4.55
2017-05-11T12:00:00+02:00,-4.52
2017-05-12T12:00:00+02:00,-4.55
2017-05-13T12:00:00+02:00,-4.57
2017-05-14T12:00:00+02:00,-4.59
2017-05-15T12:00:00+02:00,-4.59
2017-05-16T12:00:00+02:00,-4.58
2017-05-17T12:00:00+02:00,-4.55
2017-05-18T12:00:00+02:00,-4.57
2017-05-19T12:00:00+02:00,-4.57
2017-05-20T12:00:00+02:00,-4.6
2017-05-21T12:00:00+02:00,-4.61
2017-05-22T12:00:00+02:00,-4.58
2017-05-23T12:00:00+02:00,-4.61
2017-05-24T12:00:00+02:00,-4.62
2017-05-25T12:00:00+02:00,-4.62
2017-05-26T12:00:00+02:00,-4.62
2017-05-27T12:00:00+02:00,-4.61
2017-05-28T12:00:00+02:00,-4.61
2017-05-29T12:00:00+02:00,-4.6
2017-05-30T12:00:00+02:00,-4.62
2017-05-31T12:00:00+02:00,-4.64
2017-06-01T12:00:00+02:00,-4.64
2017-06-02T12:00:00+02:00,-4.63
2017-06-03T12:00:00+02:00,-4.61
2017-06-04T12:00:00+02:00,-4.64
2017-06-05T12:00:00+02:00,-4.62
2017-06-06T12:00:00+02:00,-4.6
2017-06-07T12:00:00+02:00,-4.62
2017-06-08T12:00:00+02:00,-4.62
2017-06-09T12:00:00+02:00,-4.63
2017-06-10T12:00:00+02:00,-4.63
2017-06-11T12:00:00+02:00,-4.6
2017-06-12T12:00:00+02:00,-4.61
2017-06-13T12:00:00+02:00,-4.63
2017-06-14T12:00:00+02:00,-4.63
2017-06-15T12:00:00+02:00,-4.61
2017-06-16T12:00:00+02:00,-4.64
2017-06-17T12:00:00+02:00,-4.65
2017-06-18T12:00:00+02:00,-4.64
2017-06-19T12:00:00+02:00,-4.63
2017-06-20T12:00:00+02:00,-4.65
2017-06-21T12:00:00+02:00,-4.65
2017-06-22T12:00:00+02:00,-4.63
2017-06-23T12:00:00+02:00,-4.65
2017-06-24T12:00:00+02:00,-4.65
2017-06-25T12:00:00+02:00,-4.65
2017-06-26T12:00:00+02:00,-4.65
2017-06-27T12:00:00+02:00,-4.63
2017-06-28T12:00:00+02:00,-4.59
2017-06-29T12:00:00+02:00,-4.61
2017-06-30T12:00:00+02:00,-4.62
2017-07-01T12:00:00+02:00,-4.64
2017-07-02T12:00:00+02:00,-4.64
2017-07-03T12:00:00+02:00,-4.65
2017-07-04T12:00:00+02:00,-4.65
2017-07-05T12:00:00+02:00,-4.65
2017-07-06T12:00:00+02:00,-4.64
2017-07-07T12:00:00+02:00,-4.63
2017-07-08T12:00:00+02:00,-4.63
2017-07-09T12:00:00+02:00,-4.61
2017-07-10T12:00:00+02:00,-4.6
2017-07-11T12:00:00+02:00,-4.61
2017-07-12T12:00:00+02:00,-4.6
2017-07-13T12:00:00+02:00,-4.6
2017-07-14T12:00:00+02:00,-4.58
2017-07-15T12:00:00+02:00,-4.59
2017-07-16T12:00:00+02:00,-4.59
2017-07-17T12:00:00+02:00,-4.59
2017-07-18T12:00:00+02:00,-4.58
2017-07-19T12:00:00+02:00,-4.55
2017-07-20T12:00:00+02:00,-4.55
2017-07-21T12:00:00+02:00,-4.57
2017-07-22T12:00:00+02:00,-4.58
2017-07-23T12:00:00+02:00,-4.58
2017-07-24T12:00:00+02:00,-4.56
2017-07-25T12:00:00+02:00,-4.55
2017-07-26T12:00:00+02:00,-4.54
2017-07-27T12:00:00+02:00,-4.53
2017-07-28T12:00:00+02:00,-4.56
2017-07-29T12:00:00+02:00,-4.55
2017-07-30T12:00:00+02:00,-4.53
2017-07-31T12:00:00+02:00,-4.53
2017-08-01T12:00:00+02:00,-4.53
2017-08-02T12:00:00+02:00,-4.54
2017-08-03T12:00:00+02:00,-4.52
2017-08-04T12:00:00+02:00,-4.53
2017-08-05T12:00:00+02:00,-4.55
2017-08-06T12:00:00+02:00,-4.57
2017-08-07T12:00:00+02:00,-4.55
2017-08-08T12:00:00+02:00,-4.53
2017-08-09T12:00:00+02:00,-4.55
2017-08-10T12:00:00+02:00,-4.57
2017-08-11T12:00:00+02:00,-4.55
2017-08-12T12:00:00+02:00,-4.54
2017-08-13T12:00:00+02:00,-4.56
2017-08-14T12:00:00+02:00,-4.54
2017-08-15T12:00:00+02:00,-4.55
2017-08-16T12:00:00+02:00,-4.55
2017-08-17T12:00:00+02:00,-4.53
2017-08-18T12:00:00+02:00,-4.52
2017-08-19T12:00:00+02:00,-4.54
2017-08-20T12:00:00+02:00,-4.55
2017-08-21T12:00:00+02:00,-4.54
2017-08-22T12:00:00+02:00,-4.53
2017-08-23T12:00:00+02:00,-4.51
2017-08-24T12:00:00+02:00,-4.53
2017-08-25T12:00:00+02:00,-4.53
2017-08-26T12:00:00+02:00,-4.53
2017-08-27T12:00:00+02:00,-4.54
2017-08-28T12:00:00+02:00,-4.54
2017-08-29T12:00:00+02:00,-4.54
2017-08-30T12:00:00+02:00,-4.52
2017-08-31T12:00:00+02:00,-4.53
2017-09-01T12:00:00+02:00,-4.53
2017-09-02T12:00:00+02:00,-4.52
2017-09-03T12:00:00+02:00,-4.5
2017-09-04T12:00:00+02:00,-4.52
2017-09-05T12:00:00+02:00,-4.51
2017-09-06T12:00:00+02:00,-4.52
2017-09-07T12:00:00+02:00,-4.52
2017-09-08T12:00:00+02:00,-4.46
2017-09-09T12:00:00+02:00,-4.43
2017-09-10T12:00:00+02:00,-4.42
2017-09-11T12:00:00+02:00,-4.4
2017-09-12T12:00:00+02:00,-4.43
2017-09-13T12:00:00+02:00,-4.41
2017-09-14T12:00:00+02:00,-4.4
2017-09-15T12:00:00+02:00,-4.41
2017-09-16T12:00:00+02:00,-4.41
2017-09-17T12:00:00+02:00,-4.4
2017-09-18T12:00:00+02:00,-4.4
2017-09-19T12:00:00+02:00,-4.43
2017-09-20T12:00:00+02:00,-4.43
2017-09-21T12:00:00+02:00,-4.44
2017-09-22T12:00:00+02:00,-4.45
2017-09-23T12:00:00+02:00,-4.46
2017-09-24T12:00:00+02:00,-4.46
2017-09-25T12:00:00+02:00,-4.46
2017-09-26T12:00:00+02:00,-4.49
2017-09-27T12:00:00+02:00,-4.49
2017-09-28T12:00:00+02:00,-4.49
2017-09-29T12:00:00+02:00,-4.48
2017-09-30T12:00:00+02:00,-4.47
2017-10-01T12:00:00+02:00,-4.47
2017-10-02T12:00:00+02:00,-4.47
2017-10-03T12:00:00+02:00,-4.5
2017-10-04T12:00:00+02:00,-4.49
2017-10-05T12:00:00+02:00,-4.47
2017-10-06T12:00:00+02:00,-4.48
2017-10-07T12:00:00+02:00,-4.44
2017-10-08T12:00:00+02:00,-4.45
2017-10-09T12:00:00+02:00,-4.43
2017-10-10T12:00:00+02:00,-4.42
2017-10-11T12:00:00+02:00,-4.42
2017-10-12T12:00:00+02:00,-4.45
2017-10-13T12:00:00+02:00,-4.46
2017-10-14T12:00:00+02:00,-4.47
2017-10-15T12:00:00+02:00,-4.46
2017-10-16T12:00:00+02:00,-4.47
2017-10-17T12:00:00+02:00,-4.48
2017-10-18T12:00:00+02:00,-4.47
2017-10-19T12:00:00+02:00,-4.45
2017-10-20T12:00:00+02:00,-4.45
2017-10-21T12:00:00+02:00,-4.46
2017-10-22T12:00:00+02:00,-4.46
2017-10-23T12:00:00+02:00,-4.47
2017-10-24T12:00:00+02:00,-4.46
2017-10-25T12:00:00+02:00,-4.47
2017-10-26T12:00:00+02:00,-4.49
2017-10-27T12:00:00+02:00,-4.51
2017-10-28T12:00:00+02:00,-4.46
2017-10-29T12:00:00+01:00,-4.49
2017-10-30T12:00:00+01:00,-4.51
2017-10-31T12:00:00+01:00,-4.49
2017-11-01T12:00:00+01:00,-4.49
2017-11-02T12:00:00+01:00,-4.49
2017-11-03T12:00:00+01:00,-4.49
2017-11-04T12:00:00+01:00,-4.45
2017-11-05T12:00:00+01:00,-4.5
2017-11-06T12:00:00+01:00,-4.51
2017-11-07T12:00:00+01:00,-4.51
2017-11-08T12:00:00+01:00,-4.52
2017-11-09T12:00:00+01:00,-4.5
2017-11-10T12:00:00+01:00,-4.47
2017-11-11T12:00:00+01:00,-4.47
2017-11-12T12:00:00+01:00,-4.44
2017-11-13T12:00:00+01:00,-4.5
2017-11-14T12:00:00+01:00,-4.49
2017-11-15T12:00:00+01:00,-4.48
2017-11-16T12:00:00+01:00,-4.47
2017-11-17T12:00:00+01:00,-4.48
2017-11-18T12:00:00+01:00,-4.45
2017-11-19T12:00:00+01:00,-4.47
2017-11-20T12:00:00+01:00,-4.43
2017-11-21T12:00:00+01:00,-4.42
2017-11-22T12:00:00+01:00,-4.39
2017-11-23T12:00:00+01:00,-4.4
2017-11-24T12:00:00+01:00,-4.43
2017-11-25T12:00:00+01:00,-4.45
2017-11-26T12:00:00+01:00,-4.46
2017-11-27T12:00:00+01:00,-4.4
2017-11-28T12:00:00+01:00,-4.4
2017-11-29T12:00:00+01:00,-4.41
2017-11-30T12:00:00+01:00,-4.4
2017-12-01T12:00:00+01:00,-4.46
2017-12-02T12:00:00+01:00,-4.47
2017-12-03T12:00:00+01:00,-4.46
2017-12-04T12:00:00+01:00,-4.47
2017-12-05T12:00:00+01:00,-4.47
2017-12-06T12:00:00+01:00,-4.45
2017-12-07T12:00:00+01:00,-4.39
2017-12-08T12:00:00+01:00,-4.4
2017-12-09T12:00:00+01:00,-4.43
2017-12-10T12:00:00+01:00,-4.3
2017-12-11T12:00:00+01:00,-4.33
2017-12-12T12:00:00+01:00,-4.43
2017-12-13T12:00:00+01:00,-4.36
2017-12-14T12:00:00+01:00,-4.33
2017-12-15T12:00:00+01:00,-4.37
2017-12-16T12:00:00+01:00,-4.42
2017-12-17T12:00:00+01:00,-4.43
2017-12-18T12:00:00+01:00,-4.43
2017-12-19T12:00:00+01:00,-4.44
2017-12-20T12:00:00+01:00,-4.45
2017-12-21T12:00:00+01:00,-4.45
2017-12-22T12:00:00+01:00,-4.46
2017-12-23T12:00:00+01:00,-4.45
2017-12-24T12:00:00+01:00,-4.42
2017-12-25T12:00:00+01:00,-4.39
2017-12-26T12:00:00+01:00,-4.37
2017-12-27T12:00:00+01:00,-4.33
2017-12-28T12:00:00+01:00,-4.39
2017-12-29T12:00:00+01:00,-4.37
2017-12-30T12:00:00+01:00,-4.38
2017-12-31T12:00:00+01:00,-4.38
2018-01-01T12:00:00+01:00,-4.37
2018-01-02T12:00:00+01:00,-4.4
2018-01-03T12:00:00+01:00,-4.36
2018-01-04T12:00:00+01:00,-4.34
2018-01-05T12:00:00+01:00,-4.37
2018-01-06T12:00:00+01:00,-4.42
2018-01-07T12:00:00+01:00,-4.47
2018-01-08T12:00:00+01:00,-4.44
2018-01-09T12:00:00+01:00,-4.4
2018-01-10T12:00:00+01:00,-4.41
2018-01-11T12:00:00+01:00,-4.44
2018-01-12T12:00:00+01:00,-4.46
2018-01-13T12:00:00+01:00,-4.47
2018-01-14T12:00:00+01:00,-4.46
2018-01-15T12:00:00+01:00,-4.37
2018-01-16T12:00:00+01:00,-4.38
2018-01-17T12:00:00+01:00,-4.41
2018-01-18T12:00:00+01:00,-4.43
2018-01-19T12:00:00+01:00,-4.42
2018-01-20T12:00:00+01:00,-4.4
2018-01-21T12:00:00+01:00,-4.46
2018-01-22T12:00:00+01:00,-4.43
2018-01-23T12:00:00+01:00,-4.43
2018-01-24T12:00:00+01:00,-4.4
2018-01-25T12:00:00+01:00,-4.41
2018-01-26T12:00:00+01:00,-4.45
2018-01-27T12:00:00+01:00,-4.45
2018-01-28T12:00:00+01:00,-4.44
2018-01-29T12:00:00+01:00,-4.4
2018-01-30T12:00:00+01:00,-4.43
2018-01-31T12:00:00+01:00,-4.33
2018-02-01T12:00:00+01:00,-4.35
2018-02-02T12:00:00+01:00,-4.37
2018-02-03T12:00:00+01:00,-4.38
2018-02-04T12:00:00+01:00,-4.44
2018-02-05T12:00:00+01:00,-4.44
2018-02-06T12:00:00+01:00,-4.41
2018-02-07T12:00:00+01:00,-4.42
2018-02-08T12:00:00+01:00,-4.42
2018-02-09T12:00:00+01:00,-4.38
2018-02-10T12:00:00+01:00,-4.4
2018-02-11T12:00:00+01:00,-4.36
2018-02-12T12:00:00+01:00,-4.41
2018-02-13T12:00:00+01:00,-4.39
2018-02-14T12:00:00+01:00,-4.4
2018-02-15T12:00:00+01:00,-4.4
2018-02-16T12:00:00+01:00,-4.45
2018-02-17T12:00:00+01:00,-4.45
2018-02-18T12:00:00+01:00,-4.45
2018-02-19T12:00:00+01:00,-4.44
2018-02-20T12:00:00+01:00,-4.46
2018-02-21T12:00:00+01:00,-4.48
2018-02-22T12:00:00+01:00,-4.48
2018-02-23T12:00:00+01:00,-4.48
2018-02-24T12:00:00+01:00,-4.51
2018-02-25T12:00:00+01:00,-4.52
2018-02-26T12:00:00+01:00,-4.53
2018-02-27T12:00:00+01:00,-4.5
2018-02-28T12:00:00+01:00,-4.51
2018-03-01T12:00:00+01:00,-4.45
2018-03-02T12:00:00+01:00,-4.44
2018-03-03T12:00:00+01:00,-4.45
2018-03-04T12:00:00+01:00,-4.44
2018-03-05T12:00:00+01:00,-4.44
2018-03-06T12:00:00+01:00,-4.42
2018-03-07T12:00:00+01:00,-4.43
2018-03-08T12:00:00+01:00,-4.43
2018-03-09T12:00:00+01:00,-4.45
2018-03-10T12:00:00+01:00,-4.43
2018-03-11T12:00:00+01:00,-4.42
2018-03-12T12:00:00+01:00,-4.4
2018-03-13T12:00:00+01:00,-4.45
2018-03-14T12:00:00+01:00,-4.42
2018-03-15T12:00:00+01:00,-4.4
2018-03-16T12:00:00+01:00,-4.43
2018-03-17T12:00:00+01:00,-4.45
2018-03-18T12:00:00+01:00,-4.48
2018-03-19T12:00:00+01:00,-4.49
2018-03-20T12:00:00+01:00,-4.52
2018-03-21T12:00:00+01:00,-4.51
2018-03-22T12:00:00+01:00,-4.48
2018-03-23T12:00:00+01:00,-4.46
2018-03-24T12:00:00+01:00,-4.46
2018-03-25T12:00:00+02:00,-4.48
2018-03-26T12:00:00+02:00,-4.48
2018-03-27T12:00:00+02:00,-4.47
2018-03-28T12:00:00+02:00,-4.44
2018-03-29T12:00:00+02:00,-4.46
2018-03-30T12:00:00+02:00,-4.43
2018-03-31T12:00:00+02:00,-4.45
2018-04-01T12:00:00+02:00,-4.48
2018-04-02T12:00:00+02:00,-4.44
2018-04-03T12:00:00+02:00,-4.42
2018-04-04T12:00:00+02:00,-4.4
2018-04-05T12:00:00+02:00,-4.47
2018-04-06T12:00:00+02:00,-4.42
2018-04-07T12:00:00+02:00,-4.42
2018-04-08T12:00:00+02:00,-4.42
2018-04-09T12:00:00+02:00,-4.42
2018-04-10T12:00:00+02:00,-4.43
2018-04-11T12:00:00+02:00,-4.44
2018-04-12T12:00:00+02:00,-4.42
2018-04-13T12:00:00+02:00,-4.45
2018-04-14T12:00:00+02:00,-4.46
2018-04-15T12:00:00+02:00,-4.43
2018-04-16T12:00:00+02:00,-4.45
2018-04-17T12:00:00+02:00,-4.46
2018-04-18T12:00:00+02:00,-4.49
2018-04-19T12:00:00+02:00,-4.48
2018-04-20T12:00:00+02:00,-4.48
2018-04-21T12:00:00+02:00,-4.48
2018-04-22T12:00:00+02:00,-4.43
2018-04-23T12:00:00+02:00,-4.47
2018-04-24T12:00:00+02:00,-4.46
2018-04-25T12:00:00+02:00,-4.46
2018-04-26T12:00:00+02:00,-4.47
2018-04-27T12:00:00+02:00,-4.45
2018-04-28T12:00:00+02:00,-4.46
2018-04-29T12:00:00+02:00,-4.44
2018-04-30T12:00:00+02:00,-4.4
2018-05-01T12:00:00+02:00,-4.43
2018-05-02T12:00:00+02:00,-4.41
2018-05-03T12:00:00+02:00,-4.43
2018-05-04T12:00:00+02:00,-4.44
2018-05-05T12:00:00+02:00,-4.44
2018-05-06T12:00:00+02:00,-4.44
2018-05-07T12:00:00+02:00,-4.42
2018-05-08T12:00:00+02:00,-4.4
2018-05-09T12:00:00+02:00,-4.41
2018-05-10T12:00:00+02:00,-4.44
2018-05-11T12:00:00+02:00,-4.44
2018-05-12T12:00:00+02:00,-4.43
2018-05-13T12:00:00+02:00,-4.45
2018-05-14T12:00:00+02:00,-4.45
2018-05-15T12:00:00+02:00,-4.45
2018-05-16T12:00:00+02:00,-4.5
2018-05-17T12:00:00+02:00,-4.5
2018-05-18T12:00:00+02:00,-4.5
2018-05-19T12:00:00+02:00,-4.49
2018-05-20T12:00:00+02:00,-4.48
2018-05-21T12:00:00+02:00,-4.45
2018-05-22T12:00:00+02:00,-4.47
2018-05-23T12:00:00+02:00,-4.49
2018-05-24T12:00:00+02:00,-4.48
2018-05-25T12:00:00+02:00,-4.48
2018-05-26T12:00:00+02:00,-4.49
2018-05-27T12:00:00+02:00,-4.49
2018-05-28T12:00:00+02:00,-4.49
2018-05-29T12:00:00+02:00,-4.48
2018-05-30T12:00:00+02:00,-4.49
2018-05-31T12:00:00+02:00,-4.52
2018-06-01T12:00:00+02:00,-4.51
2018-06-02T12:00:00+02:00,-4.51
2018-06-03T12:00:00+02:00,-4.5
2018-06-04T12:00:00+02:00,-4.49
2018-06-05T12:00:00+02:00,-4.51
2018-06-06T12:00:00+02:00,-4.5
2018-06-07T12:00:00+02:00,-4.52
2018-06-08T12:00:00+02:00,-4.53
2018-06-09T12:00:00+02:00,-4.52
2018-06-10T12:00:00+02:00,-4.52
2018-06-11T12:00:00+02:00,-4.53
2018-06-12T12:00:00+02:00,-4.54
2018-06-13T12:00:00+02:00,-4.54
2018-06-14T12:00:00+02:00,-4.53
2018-06-15T12:00:00+02:00,-4.54
2018-06-16T12:00:00+02:00,-4.53
2018-06-17T12:00:00+02:00,-4.54
2018-06-18T12:00:00+02:00,-4.55
2018-06-19T12:00:00+02:00,-4.56
2018-06-20T12:00:00+02:00,-4.54
2018-06-21T12:00:00+02:00,-4.56
2018-06-22T12:00:00+02:00,-4.57
2018-06-23T12:00:00+02:00,-4.57
2018-06-24T12:00:00+02:00,-4.56
2018-06-25T12:00:00+02:00,-4.57
2018-06-26T12:00:00+02:00,-4.58
2018-06-27T12:00:00+02:00,-4.58
2018-06-28T12:00:00+02:00,-4.57
2018-06-29T12:00:00+02:00,-4.57
2018-06-30T12:00:00+02:00,-4.56
2018-07-01T12:00:00+02:00,-4.58
2018-07-02T12:00:00+02:00,-4.6
2018-07-03T12:00:00+02:00,-4.61
2018-07-04T12:00:00+02:00,-4.6
2018-07-05T12:00:00+02:00,-4.61
2018-07-06T12:00:00+02:00,-4.63
2018-07-07T12:00:00+02:00,-4.65
2018-07-08T12:00:00+02:00,-4.67
2018-07-09T12:00:00+02:00,-4.65
2018-07-10T12:00:00+02:00,-4.64
2018-07-11T12:00:00+02:00,-4.64
2018-07-12T12:00:00+02:00,-4.64
2018-07-13T12:00:00+02:00,-4.65
2018-07-14T12:00:00+02:00,-4.65
2018-07-15T12:00:00+02:00,-4.64
2018-07-16T12:00:00+02:00,-4.64
2018-07-17T12:00:00+02:00,-4.66
2018-07-18T12:00:00+02:00,-4.66
2018-07-19T12:00:00+02:00,-4.66
2018-07-20T12:00:00+02:00,-4.66
2018-07-21T12:00:00+02:00,-4.65
2018-07-22T12:00:00+02:00,-4.65
2018-07-23T12:00:00+02:00,-4.68
2018-07-24T12:00:00+02:00,-4.66
2018-07-25T12:00:00+02:00,-4.67
2018-07-26T12:00:00+02:00,-4.67
2018-07-27T12:00:00+02:00,-4.67
2018-07-28T12:00:00+02:00,-4.69
2018-07-29T12:00:00+02:00,-4.68
2018-07-30T12:00:00+02:00,-4.69
2018-07-31T12:00:00+02:00,-4.71
2018-08-01T12:00:00+02:00,-4.7
2018-08-02T12:00:00+02:00,-4.71
2018-08-03T12:00:00+02:00,-4.7
2018-08-04T12:00:00+02:00,-4.7
2018-08-05T12:00:00+02:00,-4.7
2018-08-06T12:00:00+02:00,-4.67
2018-08-07T12:00:00+02:00,-4.66
2018-08-08T12:00:00+02:00,-4.68
2018-08-09T12:00:00+02:00,-4.64
2018-08-10T12:00:00+02:00,-4.67
2018-08-11T12:00:00+02:00,-4.65
2018-08-12T12:00:00+02:00,-4.6
2018-08-13T12:00:00+02:00,-4.58
2018-08-14T12:00:00+02:00,-4.6
2018-08-15T12:00:00+02:00,-4.6
2018-08-16T12:00:00+02:00,-4.58
2018-08-17T12:00:00+02:00,-4.6
2018-08-18T12:00:00+02:00,-4.6
2018-08-19T12:00:00+02:00,-4.58
2018-08-20T12:00:00+02:00,-4.58
2018-08-21T12:00:00+02:00,-4.58
2018-08-22T12:00:00+02:00,-4.57
2018-08-23T12:00:00+02:00,-4.55
2018-08-24T12:00:00+02:00,-4.55
2018-08-25T12:00:00+02:00,-4.53
2018-08-26T12:00:00+02:00,-4.51
2018-08-27T12:00:00+02:00,-4.52
2018-08-28T12:00:00+02:00,-4.53
2018-08-29T12:00:00+02:00,-4.52
2018-08-30T12:00:00+02:00,-4.53
2018-08-31T12:00:00+02:00,-4.53
2018-09-01T12:00:00+02:00,-4.54
2018-09-02T12:00:00+02:00,-4.53
2018-09-03T12:00:00+02:00,-4.52
2018-09-04T12:00:00+02:00,-4.52
2018-09-05T12:00:00+02:00,-4.48
2018-09-06T12:00:00+02:00,-4.46
2018-09-07T12:00:00+02:00,-4.46
2018-09-08T12:00:00+02:00,-4.47
2018-09-09T12:00:00+02:00,-4.46
2018-09-10T12:00:00+02:00,-4.46
2018-09-11T12:00:00+02:00,-4.45
2018-09-12T12:00:00+02:00,-4.47
2018-09-13T12:00:00+02:00,-4.47
2018-09-14T12:00:00+02:00,-4.48
2018-09-15T12:00:00+02:00,-4.5
2018-09-16T12:00:00+02:00,-4.47
2018-09-17T12:00:00+02:00,-4.47
2018-09-18T12:00:00+02:00,-4.46
2018-09-19T12:00:00+02:00,-4.47
2018-09-20T12:00:00+02:00,-4.47
2018-09-21T12:00:00+02:00,-4.46
2018-09-22T12:00:00+02:00,-4.48
2018-09-23T12:00:00+02:00,-4.46
2018-09-24T12:00:00+02:00,-4.52
2018-09-25T12:00:00+02:00,-4.51
2018-09-26T12:00:00+02:00,-4.49
2018-09-27T12:00:00+02:00,-4.47
2018-09-28T12:00:00+02:00,-4.48
2018-09-29T12:00:00+02:00,-4.48
2018-09-30T12:00:00+02:00,-4.45
2018-10-01T12:00:00+02:00,-4.47
2018-10-02T12:00:00+02:00,-4.44
2018-10-03T12:00:00+02:00,-4.48
2018-10-04T12:00:00+02:00,-4.47
2018-10-05T12:00:00+02:00,-4.44
2018-10-06T12:00:00+02:00,-4.43
2018-10-07T12:00:00+02:00,-4.47
2018-10-08T12:00:00+02:00,-4.47
2018-10-09T12:00:00+02:00,-4.46
2018-10-10T12:00:00+02:00,-4.45
2018-10-11T12:00:00+02:00,-4.44
2018-10-12T12:00:00+02:00,-4.46
2018-10-13T12:00:00+02:00,-4.46
2018-10-14T12:00:00+02:00,-4.44
2018-10-15T12:00:00+02:00,-4.48
2018-10-16T12:00:00+02:00,-4.51
2018-10-17T12:00:00+02:00,-4.54
2018-10-18T12:00:00+02:00,-4.57
2018-10-19T12:00:00+02:00,-4.57
2018-10-20T12:00:00+02:00,-4.59
2018-10-21T12:00:00+02:00,-4.57
2018-10-22T12:00:00+02:00,-4.61
2018-10-23T12:00:00+02:00,-4.57
2018-10-24T12:00:00+02:00,-4.58
2018-10-25T12:00:00+02:00,-4.57
2018-10-26T12:00:00+02:00,-4.52
2018-10-27T12:00:00+02:00,-4.53
2018-10-28T12:00:00+01:00,-4.55
2018-10-29T12:00:00+01:00,-4.51
2018-10-29T18:00:00+01:00,-4.52
2018-10-29T21:00:00+01:00,-4.51
2018-10-30T02:01:00+01:00,-4.49
2018-10-30T03:00:00+01:00,-4.47
2018-10-30T06:00:00+01:00,-4.48
2018-10-30T09:00:00+01:00,-4.48
2018-10-30T12:00:00+01:00,-4.49
2018-10-30T15:00:00+01:00,-4.49
2018-10-30T18:00:00+01:00,-4.51
2018-10-30T21:00:00+01:00,-4.55
2018-10-31T02:01:00+01:00,-4.56
2018-10-31T03:00:00+01:00,-4.55
2018-10-31T06:00:00+01:00,-4.56
2018-10-31T09:00:00+01:00,-4.56
2018-10-31T12:00:00+01:00,-4.55
2018-10-31T15:00:00+01:00,-4.54
2018-10-31T18:00:00+01:00,-4.54
2018-10-31T21:00:00+01:00,-4.54
2018-11-01T02:01:00+01:00,-4.54
2018-11-01T03:00:00+01:00,-4.52
2018-11-01T06:00:00+01:00,-4.53
2018-11-01T09:00:00+01:00,-4.53
2018-11-01T12:00:00+01:00,-4.52
2018-11-01T15:00:00+01:00,-4.52
2018-11-01T18:00:00+01:00,-4.52
2018-11-01T21:00:00+01:00,-4.53
2018-11-02T02:01:00+01:00,-4.53
2018-11-02T03:00:00+01:00,-4.55
2018-11-02T06:00:00+01:00,-4.56
2018-11-02T09:00:00+01:00,-4.57
2018-11-02T12:00:00+01:00,-4.56
2018-11-02T15:00:00+01:00,-4.58
2018-11-02T18:00:00+01:00,-4.58
2018-11-02T21:00:00+01:00,-4.58
2018-11-03T02:01:00+01:00,-4.57
2018-11-03T03:00:00+01:00,-4.57
2018-11-03T06:00:00+01:00,-4.57
2018-11-03T09:00:00+01:00,-4.57
2018-11-03T12:00:00+01:00,-4.57
2018-11-03T15:00:00+01:00,-4.56
2018-11-03T18:00:00+01:00,-4.55
2018-11-03T21:00:00+01:00,-4.55
2018-11-04T02:01:00+01:00,-4.53
2018-11-04T03:00:00+01:00,-4.53
2018-11-04T06:00:00+01:00,-4.53
2018-11-04T09:00:00+01:00,-4.53
2018-11-04T12:00:00+01:00,-4.52
2018-11-04T15:00:00+01:00,-4.52
2018-11-04T18:00:00+01:00,-4.52
2018-11-04T21:00:00+01:00,-4.52
2018-11-05T02:01:00+01:00,-4.51
2018-11-05T03:00:00+01:00,-4.51
2018-11-05T06:00:00+01:00,-4.51
2018-11-05T09:00:00+01:00,-4.52
2018-11-05T12:00:00+01:00,-4.5
2018-11-05T15:00:00+01:00,-4.51
2018-11-05T18:00:00+01:00,-4.5
2018-11-05T21:00:00+01:00,-4.5
2018-11-06T02:01:00+01:00,-4.5
2018-11-06T03:00:00+01:00,-4.5
2018-11-06T06:00:00+01:00,-4.5
2018-11-06T09:00:00+01:00,-4.5
2018-11-06T12:00:00+01:00,-4.5
2018-11-06T15:00:00+01:00,-4.5
2018-11-06T18:00:00+01:00,-4.5
2018-11-06T21:00:00+01:00,-4.5
2018-11-07T02:01:00+01:00,-4.51
2018-11-07T03:00:00+01:00,-4.5
2018-11-07T06:00:00+01:00,-4.5
2018-11-07T09:00:00+01:00,-4.5
2018-11-07T12:00:00+01:00,-4.5
2018-11-07T15:00:00+01:00,-4.52
2018-11-07T18:00:00+01:00,-4.52
2018-11-07T21:00:00+01:00,-4.53
2018-11-08T02:01:00+01:00,-4.54
2018-11-08T03:00:00+01:00,-4.54
2018-11-08T06:00:00+01:00,-4.56
2018-11-08T09:00:00+01:00,-4.56
2018-11-08T12:00:00+01:00,-4.56
2018-11-08T15:00:00+01:00,-4.55
2018-11-08T18:00:00+01:00,-4.56
2018-11-08T21:00:00+01:00,-4.55
2018-11-09T02:01:00+01:00,-4.54
2018-11-09T03:00:00+01:00,-4.54
2018-11-09T06:00:00+01:00,-4.54
2018-11-09T09:00:00+01:00,-4.54
2018-11-09T12:00:00+01:00,-4.53
2018-11-09T15:00:00+01:00,-4.53
2018-11-09T18:00:00+01:00,-4.51
2018-11-09T21:00:00+01:00,-4.51
2018-11-10T02:01:00+01:00,-4.5
2018-11-10T03:00:00+01:00,-4.49
2018-11-10T06:00:00+01:00,-4.49
2018-11-10T09:00:00+01:00,-4.51
2018-11-10T12:00:00+01:00,-4.5
2018-11-10T15:00:00+01:00,-4.49
2018-11-10T18:00:00+01:00,-4.5
2018-11-10T21:00:00+01:00,-4.5
2018-11-11T02:01:00+01:00,-4.5
2018-11-11T03:00:00+01:00,-4.5
2018-11-11T06:00:00+01:00,-4.5
2018-11-11T09:00:00+01:00,-4.51
2018-11-11T12:00:00+01:00,-4.51
2018-11-11T15:00:00+01:00,-4.52
2018-11-11T18:00:00+01:00,-4.53
2018-11-11T21:00:00+01:00,-4.53
2018-11-12T02:01:00+01:00,-4.53
2018-11-12T03:00:00+01:00,-4.53
2018-11-12T06:00:00+01:00,-4.52
2018-11-12T09:00:00+01:00,-4.52
2018-11-12T12:00:00+01:00,-4.53
2018-11-12T15:00:00+01:00,-4.54
2018-11-12T18:00:00+01:00,-4.54
2018-11-12T21:00:00+01:00,-4.54
2018-11-13T02:01:00+01:00,-4.53
2018-11-13T03:00:00+01:00,-4.53
2018-11-13T06:00:00+01:00,-4.53
2018-11-13T09:00:00+01:00,-4.55
2018-11-13T12:00:00+01:00,-4.55
2018-11-13T15:00:00+01:00,-4.59
2018-11-13T18:00:00+01:00,-4.56
2018-11-13T21:00:00+01:00,-4.56
2018-11-14T02:01:00+01:00,-4.56
2018-11-14T03:00:00+01:00,-4.55
2018-11-14T06:00:00+01:00,-4.56
2018-11-14T09:00:00+01:00,-4.56
2018-11-14T12:00:00+01:00,-4.55
2018-11-14T15:00:00+01:00,-4.55
2018-11-14T18:00:00+01:00,-4.55
2018-11-14T21:00:00+01:00,-4.55
2018-11-15T02:01:00+01:00,-4.55
2018-11-15T03:00:00+01:00,-4.55
2018-11-15T06:00:00+01:00,-4.55
2018-11-15T09:00:00+01:00,-4.56
2018-11-15T12:00:00+01:00,-4.55
2018-11-15T15:00:00+01:00,-4.55
2018-11-15T18:00:00+01:00,-4.55
2018-11-15T21:00:00+01:00,-4.56
2018-11-16T02:01:00+01:00,-4.56
2018-11-16T03:00:00+01:00,-4.56
2018-11-16T06:00:00+01:00,-4.57
2018-11-16T09:00:00+01:00,-4.58
2018-11-16T12:00:00+01:00,-4.58
2018-11-16T15:00:00+01:00,-4.58
2018-11-16T18:00:00+01:00,-4.58
2018-11-16T21:00:00+01:00,-4.59
2018-11-17T02:01:00+01:00,-4.59
2018-11-17T03:00:00+01:00,-4.59
2018-11-17T06:00:00+01:00,-4.59
2018-11-17T09:00:00+01:00,-4.6
2018-11-17T12:00:00+01:00,-4.59
2018-11-17T15:00:00+01:00,-4.59
2018-11-17T18:00:00+01:00,-4.6
2018-11-17T21:00:00+01:00,-4.59
2018-11-18T02:01:00+01:00,-4.6
2018-11-18T03:00:00+01:00,-4.6
2018-11-18T06:00:00+01:00,-4.6
2018-11-18T09:00:00+01:00,-4.6
2018-11-18T12:00:00+01:00,-4.6
2018-11-18T15:00:00+01:00,-4.6
2018-11-18T18:00:00+01:00,-4.59
2018-11-18T21:00:00+01:00,-4.6
2018-11-19T02:01:00+01:00,-4.59
2018-11-19T03:00:00+01:00,-4.59
2018-11-19T06:00:00+01:00,-4.58
2018-11-19T09:00:00+01:00,-4.59
2018-11-19T12:00:00+01:00,-4.57
2018-11-19T15:00:00+01:00,-4.57
2018-11-19T18:00:00+01:00,-4.58
2018-11-19T21:00:00+01:00,-4.58
2018-11-20T02:01:00+01:00,-4.57
2018-11-20T03:00:00+01:00,-4.57
2018-11-20T06:00:00+01:00,-4.57
2018-11-20T09:00:00+01:00,-4.57
2018-11-20T12:00:00+01:00,-4.57
2018-11-20T15:00:00+01:00,-4.56
2018-11-20T18:00:00+01:00,-4.57
2018-11-20T21:00:00+01:00,-4.58
2018-11-21T02:01:00+01:00,-4.59
2018-11-21T03:00:00+01:00,-4.6
2018-11-21T06:00:00+01:00,-4.61
2018-11-21T09:00:00+01:00,-4.62
2018-11-21T12:00:00+01:00,-4.61
2018-11-21T15:00:00+01:00,-4.62
2018-11-21T18:00:00+01:00,-4.62
2018-11-21T21:00:00+01:00,-4.63
2018-11-22T02:01:00+01:00,-4.62
2018-11-22T03:00:00+01:00,-4.62
2018-11-22T06:00:00+01:00,-4.62
2018-11-22T09:00:00+01:00,-4.62
2018-11-22T12:00:00+01:00,-4.62
2018-11-22T15:00:00+01:00,-4.62
2018-11-22T18:00:00+01:00,-4.62
2018-11-22T21:00:00+01:00,-4.62
2018-11-23T02:01:00+01:00,-4.62
2018-11-23T03:00:00+01:00,-4.62
2018-11-23T06:00:00+01:00,-4.61
2018-11-23T09:00:00+01:00,-4.61
2018-11-23T12:00:00+01:00,-4.61
2018-11-23T15:00:00+01:00,-4.6
2018-11-23T18:00:00+01:00,-4.6
2018-11-23T21:00:00+01:00,-4.59
2018-11-24T02:01:00+01:00,-4.6
2018-11-24T03:00:00+01:00,-4.59
2018-11-24T06:00:00+01:00,-4.59
2018-11-24T09:00:00+01:00,-4.59
2018-11-24T12:00:00+01:00,-4.59
2018-11-24T15:00:00+01:00,-4.59
2018-11-24T18:00:00+01:00,-4.59
2018-11-24T21:00:00+01:00,-4.59
2018-11-25T02:01:00+01:00,-4.59
2018-11-25T03:00:00+01:00,-4.58
2018-11-25T06:00:00+01:00,-4.58
2018-11-25T09:00:00+01:00,-4.58
2018-11-25T12:00:00+01:00,-4.57
2018-11-25T15:00:00+01:00,-4.57
2018-11-25T18:00:00+01:00,-4.58
2018-11-25T21:00:00+01:00,-4.58
2018-11-26T02:01:00+01:00,-4.57
2018-11-26T03:00:00+01:00,-4.57
2018-11-26T06:00:00+01:00,-4.58
2018-11-26T09:00:00+01:00,-4.58
2018-11-26T12:00:00+01:00,-4.58
2018-11-26T15:00:00+01:00,-4.58
2018-11-26T18:00:00+01:00,-4.59
2018-11-26T21:00:00+01:00,-4.59
2018-11-27T02:01:00+01:00,-4.59
2018-11-27T03:00:00+01:00,-4.59
2018-11-27T06:00:00+01:00,-4.6
2018-11-27T09:00:00+01:00,-4.59
2018-11-27T12:00:00+01:00,-4.59
2018-11-27T15:00:00+01:00,-4.59
2018-11-27T18:00:00+01:00,-4.59
2018-11-27T21:00:00+01:00,-4.59
2018-11-28T02:01:00+01:00,-4.59
2018-11-28T03:00:00+01:00,-4.59
2018-11-28T06:00:00+01:00,-4.59
2018-11-28T09:00:00+01:00,-4.59
2018-11-28T12:00:00+01:00,-4.58
2018-11-28T15:00:00+01:00,-4.56
2018-11-28T18:00:00+01:00,-4.56
2018-11-28T21:00:00+01:00,-4.56
2018-11-29T02:01:00+01:00,-4.56
2018-11-29T03:00:00+01:00,-4.55
2018-11-29T06:00:00+01:00,-4.54
2018-11-29T09:00:00+01:00,-4.54
2018-11-29T12:00:00+01:00,-4.52
2018-11-29T15:00:00+01:00,-4.52
2018-11-29T18:00:00+01:00,-4.52
2018-11-29T21:00:00+01:00,-4.53
2018-11-30T02:01:00+01:00,-4.53
2018-11-30T03:00:00+01:00,-4.53
2018-11-30T06:00:00+01:00,-4.53
2018-11-30T09:00:00+01:00,-4.54
2018-11-30T12:00:00+01:00,-4.53
2018-11-30T15:00:00+01:00,-4.54
2018-11-30T18:00:00+01:00,-4.54
2018-11-30T21:00:00+01:00,-4.55
2018-12-01T02:01:00+01:00,-4.55
2018-12-01T03:00:00+01:00,-4.54
2018-12-01T06:00:00+01:00,-4.54
2018-12-01T09:00:00+01:00,-4.55
2018-12-01T12:00:00+01:00,-4.54
2018-12-01T15:00:00+01:00,-4.52
2018-12-01T18:00:00+01:00,-4.51
2018-12-01T21:00:00+01:00,-4.51
2018-12-02T02:01:00+01:00,-4.51
2018-12-02T03:00:00+01:00,-4.49
2018-12-02T06:00:00+01:00,-4.48
2018-12-02T09:00:00+01:00,-4.5
2018-12-02T12:00:00+01:00,-4.5
2018-12-02T15:00:00+01:00,-4.5
2018-12-02T18:00:00+01:00,-4.5
2018-12-02T21:00:00+01:00,-4.5
2018-12-03T02:01:00+01:00,-4.5
2018-12-03T03:00:00+01:00,-4.5
2018-12-03T06:00:00+01:00,-4.5
2018-12-03T09:00:00+01:00,-4.51
2018-12-03T12:00:00+01:00,-4.49
2018-12-03T15:00:00+01:00,-4.49
2018-12-03T18:00:00+01:00,-4.51
2018-12-03T21:00:00+01:00,-4.55
2018-12-04T02:01:00+01:00,-4.55
2018-12-04T03:00:00+01:00,-4.56
2018-12-04T06:00:00+01:00,-4.57
2018-12-04T09:00:00+01:00,-4.58
2018-12-04T12:00:00+01:00,-4.58
2018-12-04T15:00:00+01:00,-4.59
2018-12-04T18:00:00+01:00,-4.58
2018-12-04T21:00:00+01:00,-4.59
2018-12-05T02:01:00+01:00,-4.58
2018-12-05T03:00:00+01:00,-4.59
2018-12-05T06:00:00+01:00,-4.58
2018-12-05T09:00:00+01:00,-4.58
2018-12-05T12:00:00+01:00,-4.56
2018-12-05T15:00:00+01:00,-4.55
2018-12-05T18:00:00+01:00,-4.55
2018-12-05T21:00:00+01:00,-4.55
2018-12-06T02:01:00+01:00,-4.54
2018-12-06T03:00:00+01:00,-4.55
2018-12-06T06:00:00+01:00,-4.55
2018-12-06T09:00:00+01:00,-4.56
2018-12-06T12:00:00+01:00,-4.55
2018-12-06T15:00:00+01:00,-4.54
2018-12-06T18:00:00+01:00,-4.55
2018-12-06T21:00:00+01:00,-4.54
2018-12-07T02:01:00+01:00,-4.54
2018-12-07T03:00:00+01:00,-4.52
2018-12-07T06:00:00+01:00,-4.51
2018-12-07T09:00:00+01:00,-4.5
2018-12-07T12:00:00+01:00,-4.48
2018-12-07T15:00:00+01:00,-4.47
2018-12-07T18:00:00+01:00,-4.51
2018-12-07T21:00:00+01:00,-4.51
2018-12-08T02:01:00+01:00,-4.51
2018-12-08T03:00:00+01:00,-4.49
2018-12-08T06:00:00+01:00,-4.48
2018-12-08T09:00:00+01:00,-4.49
2018-12-08T12:00:00+01:00,-4.49
2018-12-08T15:00:00+01:00,-4.48
2018-12-08T18:00:00+01:00,-4.45
2018-12-08T21:00:00+01:00,-4.46
2018-12-09T02:01:00+01:00,-4.47
2018-12-09T03:00:00+01:00,-4.47
2018-12-09T06:00:00+01:00,-4.48
2018-12-09T09:00:00+01:00,-4.49
2018-12-09T12:00:00+01:00,-4.5
2018-12-09T15:00:00+01:00,-4.52
2018-12-09T18:00:00+01:00,-4.54
2018-12-09T21:00:00+01:00,-4.54
2018-12-10T02:01:00+01:00,-4.54
2018-12-10T03:00:00+01:00,-4.54
2018-12-10T06:00:00+01:00,-4.54
2018-12-10T09:00:00+01:00,-4.55
2018-12-10T12:00:00+01:00,-4.54
2018-12-10T15:00:00+01:00,-4.55
2018-12-10T18:00:00+01:00,-4.54
2018-12-10T21:00:00+01:00,-4.54
2018-12-11T02:01:00+01:00,-4.54
2018-12-11T03:00:00+01:00,-4.54
2018-12-11T06:00:00+01:00,-4.54
2018-12-11T09:00:00+01:00,-4.54
2018-12-11T12:00:00+01:00,-4.54
2018-12-11T15:00:00+01:00,-4.54
2018-12-11T18:00:00+01:00,-4.54
2018-12-11T21:00:00+01:00,-4.54
2018-12-12T02:01:00+01:00,-4.54
2018-12-12T03:00:00+01:00,-4.54
2018-12-12T06:00:00+01:00,-4.55
2018-12-12T09:00:00+01:00,-4.55
2018-12-12T12:00:00+01:00,-4.54
2018-12-12T15:00:00+01:00,-4.54
2018-12-12T18:00:00+01:00,-4.54
2018-12-12T21:00:00+01:00,-4.55
2018-12-13T02:01:00+01:00,-4.54
2018-12-13T03:00:00+01:00,-4.54
2018-12-13T06:00:00+01:00,-4.53
2018-12-13T09:00:00+01:00,-4.55
2018-12-13T12:00:00+01:00,-4.54
2018-12-13T15:00:00+01:00,-4.54
2018-12-13T18:00:00+01:00,-4.54
2018-12-13T21:00:00+01:00,-4.55
2018-12-14T02:01:00+01:00,-4.55
2018-12-14T03:00:00+01:00,-4.55
2018-12-14T06:00:00+01:00,-4.55
2018-12-14T09:00:00+01:00,-4.55
2018-12-14T12:00:00+01:00,-4.55
2018-12-14T15:00:00+01:00,-4.56
2018-12-14T18:00:00+01:00,-4.56
2018-12-14T21:00:00+01:00,-4.56
2018-12-15T02:01:00+01:00,-4.56
2018-12-15T03:00:00+01:00,-4.55
2018-12-15T06:00:00+01:00,-4.55
2018-12-15T09:00:00+01:00,-4.56
2018-12-15T12:00:00+01:00,-4.54
2018-12-15T15:00:00+01:00,-4.52
2018-12-15T18:00:00+01:00,-4.52
2018-12-15T21:00:00+01:00,-4.5
2018-12-16T02:01:00+01:00,-4.51
2018-12-16T03:00:00+01:00,-4.51
2018-12-16T06:00:00+01:00,-4.51
2018-12-16T09:00:00+01:00,-4.52
2018-12-16T12:00:00+01:00,-4.51
2018-12-16T15:00:00+01:00,-4.51
2018-12-16T18:00:00+01:00,-4.52
2018-12-16T21:00:00+01:00,-4.52
2018-12-17T02:01:00+01:00,-4.52
2018-12-17T03:00:00+01:00,-4.51
2018-12-17T06:00:00+01:00,-4.51
2018-12-17T09:00:00+01:00,-4.53
2018-12-17T12:00:00+01:00,-4.53
2018-12-17T15:00:00+01:00,-4.54
2018-12-17T18:00:00+01:00,-4.54
2018-12-17T21:00:00+01:00,-4.54
2018-12-18T02:01:00+01:00,-4.53
2018-12-18T03:00:00+01:00,-4.54
2018-12-18T06:00:00+01:00,-4.53
2018-12-18T09:00:00+01:00,-4.53
2018-12-18T12:00:00+01:00,-4.51
2018-12-18T15:00:00+01:00,-4.5
2018-12-18T18:00:00+01:00,-4.49
2018-12-18T21:00:00+01:00,-4.49
2018-12-19T02:01:00+01:00,-4.48
2018-12-19T03:00:00+01:00,-4.49
2018-12-19T06:00:00+01:00,-4.5
2018-12-19T09:00:00+01:00,-4.51
2018-12-19T12:00:00+01:00,-4.5
2018-12-19T15:00:00+01:00,-4.5
2018-12-19T18:00:00+01:00,-4.5
2018-12-19T21:00:00+01:00,-4.5
2018-12-20T02:01:00+01:00,-4.49
2018-12-20T03:00:00+01:00,-4.5
2018-12-20T06:00:00+01:00,-4.51
2018-12-20T09:00:00+01:00,-4.51
2018-12-20T12:00:00+01:00,-4.51
2018-12-20T15:00:00+01:00,-4.51
2018-12-20T18:00:00+01:00,-4.51
2018-12-20T21:00:00+01:00,-4.5
2018-12-21T02:01:00+01:00,-4.49
2018-12-21T03:00:00+01:00,-4.47
2018-12-21T06:00:00+01:00,-4.44
2018-12-21T09:00:00+01:00,-4.43
2018-12-21T12:00:00+01:00,-4.45
2018-12-21T15:00:00+01:00,-4.47
2018-12-21T18:00:00+01:00,-4.49
2018-12-21T21:00:00+01:00,-4.48
2018-12-22T02:01:00+01:00,-4.48
2018-12-22T03:00:00+01:00,-4.46
2018-12-22T06:00:00+01:00,-4.49
2018-12-22T09:00:00+01:00,-4.5
2018-12-22T12:00:00+01:00,-4.5
2018-12-22T15:00:00+01:00,-4.51
2018-12-22T18:00:00+01:00,-4.5
2018-12-22T21:00:00+01:00,-4.5
2018-12-23T02:01:00+01:00,-4.5
2018-12-23T03:00:00+01:00,-4.5
2018-12-23T06:00:00+01:00,-4.49
2018-12-23T09:00:00+01:00,-4.49
2018-12-23T12:00:00+01:00,-4.48
2018-12-23T15:00:00+01:00,-4.47
2018-12-23T18:00:00+01:00,-4.48
2018-12-23T21:00:00+01:00,-4.5
2018-12-24T02:01:00+01:00,-4.51
2018-12-24T03:00:00+01:00,-4.52
2018-12-24T06:00:00+01:00,-4.53
2018-12-24T09:00:00+01:00,-4.54
2018-12-24T12:00:00+01:00,-4.53
2018-12-24T15:00:00+01:00,-4.53
2018-12-24T18:00:00+01:00,-4.53
2018-12-24T21:00:00+01:00,-4.52
2018-12-25T02:01:00+01:00,-4.52
2018-12-25T03:00:00+01:00,-4.53
2018-12-25T06:00:00+01:00,-4.52
2018-12-25T09:00:00+01:00,-4.52
2018-12-25T12:00:00+01:00,-4.51
2018-12-25T15:00:00+01:00,-4.51
2018-12-25T18:00:00+01:00,-4.51
2018-12-25T21:00:00+01:00,-4.51
2018-12-26T02:01:00+01:00,-4.51
2018-12-26T03:00:00+01:00,-4.51
2018-12-26T06:00:00+01:00,-4.51
2018-12-26T09:00:00+01:00,-4.51
2018-12-26T12:00:00+01:00,-4.5
2018-12-26T15:00:00+01:00,-4.5
2018-12-26T18:00:00+01:00,-4.5
2018-12-26T21:00:00+01:00,-4.5
2018-12-27T02:01:00+01:00,-4.5
2018-12-27T03:00:00+01:00,-4.5
2018-12-27T06:00:00+01:00,-4.5
2018-12-27T09:00:00+01:00,-4.49
2018-12-27T12:00:00+01:00,-4.49
2018-12-27T15:00:00+01:00,-4.49
2018-12-27T18:00:00+01:00,-4.49
2018-12-27T21:00:00+01:00,-4.5
2018-12-28T02:01:00+01:00,-4.5
2018-12-28T03:00:00+01:00,-4.5
2018-12-28T06:00:00+01:00,-4.51
2018-12-28T09:00:00+01:00,-4.51
2018-12-28T12:00:00+01:00,-4.5
2018-12-28T15:00:00+01:00,-4.51
2018-12-28T18:00:00+01:00,-4.52
2018-12-28T21:00:00+01:00,-4.52
2018-12-29T02:01:00+01:00,-4.51
2018-12-29T03:00:00+01:00,-4.51
2018-12-29T06:00:00+01:00,-4.51
2018-12-29T09:00:00+01:00,-4.51
2018-12-29T12:00:00+01:00,-4.49
2018-12-29T15:00:00+01:00,-4.5
2018-12-29T18:00:00+01:00,-4.51
2018-12-29T21:00:00+01:00,-4.51
2018-12-30T02:01:00+01:00,-4.52
2018-12-30T03:00:00+01:00,-4.52
2018-12-30T06:00:00+01:00,-4.52
2018-12-30T09:00:00+01:00,-4.52
2018-12-30T12:00:00+01:00,-4.51
2018-12-30T15:00:00+01:00,-4.51
2018-12-30T18:00:00+01:00,-4.52
2018-12-30T21:00:00+01:00,-4.52
2018-12-31T02:01:00+01:00,-4.52
2018-12-31T03:00:00+01:00,-4.52
2018-12-31T06:00:00+01:00,-4.52
2018-12-31T09:00:00+01:00,-4.53
2018-12-31T12:00:00+01:00,-4.52
2018-12-31T15:00:00+01:00,-4.53
2018-12-31T18:00:00+01:00,-4.52
2018-12-31T21:00:00+01:00,-4.52
2019-01-01T02:01:00+01:00,-4.52
2019-01-01T03:00:00+01:00,-4.51
2019-01-01T06:00:00+01:00,-4.5
2019-01-01T09:00:00+01:00,-4.51
2019-01-01T12:00:00+01:00,-4.51
2019-01-01T15:00:00+01:00,-4.52
2019-01-01T18:00:00+01:00,-4.52
2019-01-01T21:00:00+01:00,-4.53
2019-01-02T02:01:00+01:00,-4.54
2019-01-02T03:00:00+01:00,-4.54
2019-01-02T06:00:00+01:00,-4.54
2019-01-02T09:00:00+01:00,-4.55
2019-01-02T12:00:00+01:00,-4.55
2019-01-02T15:00:00+01:00,-4.55
2019-01-02T18:00:00+01:00,-4.55
2019-01-02T21:00:00+01:00,-4.55
2019-01-03T02:01:00+01:00,-4.55
2019-01-03T03:00:00+01:00,-4.55
2019-01-03T06:00:00+01:00,-4.55
2019-01-03T09:00:00+01:00,-4.56
2019-01-03T12:00:00+01:00,-4.55
2019-01-03T15:00:00+01:00,-4.56
2019-01-03T18:00:00+01:00,-4.56
2019-01-03T21:00:00+01:00,-4.56
2019-01-04T02:01:00+01:00,-4.56
2019-01-04T03:00:00+01:00,-4.56
2019-01-04T06:00:00+01:00,-4.55
2019-01-04T09:00:00+01:00,-4.56
2019-01-04T12:00:00+01:00,-4.53
2019-01-04T15:00:00+01:00,-4.55
2019-01-04T18:00:00+01:00,-4.54
2019-01-04T21:00:00+01:00,-4.54
2019-01-05T02:01:00+01:00,-4.54
2019-01-05T03:00:00+01:00,-4.53
2019-01-05T06:00:00+01:00,-4.53
2019-01-05T09:00:00+01:00,-4.54
2019-01-05T12:00:00+01:00,-4.53
2019-01-05T15:00:00+01:00,-4.53
2019-01-05T18:00:00+01:00,-4.53
2019-01-05T21:00:00+01:00,-4.53
2019-01-06T02:01:00+01:00,-4.53
2019-01-06T03:00:00+01:00,-4.53
2019-01-06T06:00:00+01:00,-4.53
2019-01-06T09:00:00+01:00,-4.54
2019-01-06T12:00:00+01:00,-4.54
2019-01-06T15:00:00+01:00,-4.54
2019-01-06T18:00:00+01:00,-4.54
2019-01-06T21:00:00+01:00,-4.54
2019-01-07T02:01:00+01:00,-4.54
2019-01-07T03:00:00+01:00,-4.54
2019-01-07T06:00:00+01:00,-4.53
2019-01-07T09:00:00+01:00,-4.53
2019-01-07T12:00:00+01:00,-4.51
2019-01-07T15:00:00+01:00,-4.5
2019-01-07T18:00:00+01:00,-4.49
2019-01-07T21:00:00+01:00,-4.49
2019-01-08T02:01:00+01:00,-4.49
2019-01-08T03:00:00+01:00,-4.49
2019-01-08T06:00:00+01:00,-4.48
2019-01-08T09:00:00+01:00,-4.49
2019-01-08T12:00:00+01:00,-4.49
2019-01-08T15:00:00+01:00,-4.5
2019-01-08T18:00:00+01:00,-4.5
2019-01-08T21:00:00+01:00,-4.51
2019-01-09T02:01:00+01:00,-4.51
2019-01-09T03:00:00+01:00,-4.52
2019-01-09T06:00:00+01:00,-4.52
2019-01-09T09:00:00+01:00,-4.53
2019-01-09T12:00:00+01:00,-4.53
2019-01-09T15:00:00+01:00,-4.54
2019-01-09T18:00:00+01:00,-4.54
2019-01-09T21:00:00+01:00,-4.54
2019-01-10T02:01:00+01:00,-4.54
2019-01-10T03:00:00+01:00,-4.55
2019-01-10T06:00:00+01:00,-4.54
2019-01-10T09:00:00+01:00,-4.55
2019-01-10T12:00:00+01:00,-4.54
2019-01-10T15:00:00+01:00,-4.54
2019-01-10T18:00:00+01:00,-4.54
2019-01-10T21:00:00+01:00,-4.54
2019-01-11T02:01:00+01:00,-4.53
2019-01-11T03:00:00+01:00,-4.54
2019-01-11T06:00:00+01:00,-4.54
2019-01-11T09:00:00+01:00,-4.54
2019-01-11T12:00:00+01:00,-4.53
2019-01-11T15:00:00+01:00,-4.53
2019-01-11T18:00:00+01:00,-4.53
2019-01-11T21:00:00+01:00,-4.53
2019-01-12T02:01:00+01:00,-4.53
2019-01-12T03:00:00+01:00,-4.52
2019-01-12T06:00:00+01:00,-4.5
2019-01-12T09:00:00+01:00,-4.5
2019-01-12T12:00:00+01:00,-4.49
2019-01-12T15:00:00+01:00,-4.49
2019-01-12T18:00:00+01:00,-4.49
2019-01-12T21:00:00+01:00,-4.49
2019-01-13T02:01:00+01:00,-4.48
2019-01-13T03:00:00+01:00,-4.47
2019-01-13T06:00:00+01:00,-4.46
2019-01-13T09:00:00+01:00,-4.46
2019-01-13T12:00:00+01:00,-4.45
2019-01-13T15:00:00+01:00,-4.45
2019-01-13T18:00:00+01:00,-4.45
2019-01-13T21:00:00+01:00,-4.47
2019-01-14T02:01:00+01:00,-4.47
2019-01-14T03:00:00+01:00,-4.48
2019-01-14T06:00:00+01:00,-4.49
2019-01-14T09:00:00+01:00,-4.51
2019-01-14T12:00:00+01:00,-4.51
2019-01-14T15:00:00+01:00,-4.51
2019-01-14T18:00:00+01:00,-4.51
2019-01-14T21:00:00+01:00,-4.51
2019-01-15T02:01:00+01:00,-4.5
2019-01-15T03:00:00+01:00,-4.5
2019-01-15T06:00:00+01:00,-4.49
2019-01-15T09:00:00+01:00,-4.5
2019-01-15T12:00:00+01:00,-4.48
2019-01-15T15:00:00+01:00,-4.48
2019-01-15T18:00:00+01:00,-4.48
2019-01-15T21:00:00+01:00,-4.48
2019-01-16T02:01:00+01:00,-4.47
2019-01-16T03:00:00+01:00,-4.46
2019-01-16T06:00:00+01:00,-4.46
2019-01-16T09:00:00+01:00,-4.46
2019-01-16T12:00:00+01:00,-4.45
2019-01-16T15:00:00+01:00,-4.45
2019-01-16T18:00:00+01:00,-4.45
2019-01-16T21:00:00+01:00,-4.46
2019-01-17T02:01:00+01:00,-4.47
2019-01-17T03:00:00+01:00,-4.47
2019-01-17T06:00:00+01:00,-4.47
2019-01-17T09:00:00+01:00,-4.48
2019-01-17T12:00:00+01:00,-4.49
2019-01-17T15:00:00+01:00,-4.49
2019-01-17T18:00:00+01:00,-4.5
2019-01-17T21:00:00+01:00,-4.51
2019-01-18T02:01:00+01:00,-4.51
2019-01-18T03:00:00+01:00,-4.51
2019-01-18T06:00:00+01:00,-4.51
2019-01-18T09:00:00+01:00,-4.52
2019-01-18T12:00:00+01:00,-4.51
2019-01-18T15:00:00+01:00,-4.5
2019-01-18T18:00:00+01:00,-4.5
2019-01-18T21:00:00+01:00,-4.5
2019-01-19T02:01:00+01:00,-4.5
2019-01-19T03:00:00+01:00,-4.5
2019-01-19T06:00:00+01:00,-4.5
2019-01-19T09:00:00+01:00,-4.51
2019-01-19T12:00:00+01:00,-4.5
2019-01-19T15:00:00+01:00,-4.5
2019-01-19T18:00:00+01:00,-4.51
2019-01-19T21:00:00+01:00,-4.51
2019-01-20T02:01:00+01:00,-4.52
2019-01-20T03:00:00+01:00,-4.51
2019-01-20T06:00:00+01:00,-4.52
2019-01-20T09:00:00+01:00,-4.54
2019-01-20T12:00:00+01:00,-4.53
2019-01-20T15:00:00+01:00,-4.53
2019-01-20T18:00:00+01:00,-4.54
2019-01-20T21:00:00+01:00,-4.54
2019-01-21T02:01:00+01:00,-4.54
2019-01-21T03:00:00+01:00,-4.54
2019-01-21T06:00:00+01:00,-4.54
2019-01-21T09:00:00+01:00,-4.55
2019-01-21T12:00:00+01:00,-4.54
2019-01-21T15:00:00+01:00,-4.53
2019-01-21T18:00:00+01:00,-4.53
2019-01-21T21:00:00+01:00,-4.51
2019-01-22T02:01:00+01:00,-4.5
2019-01-22T03:00:00+01:00,-4.49
2019-01-22T06:00:00+01:00,-4.48
2019-01-22T09:00:00+01:00,-4.48
2019-01-22T12:00:00+01:00,-4.48
2019-01-22T15:00:00+01:00,-4.48
2019-01-22T18:00:00+01:00,-4.48
2019-01-22T21:00:00+01:00,-4.48
2019-01-23T02:01:00+01:00,-4.48
2019-01-23T03:00:00+01:00,-4.48
2019-01-23T06:00:00+01:00,-4.49
2019-01-23T09:00:00+01:00,-4.5
2019-01-23T12:00:00+01:00,-4.5
2019-01-23T15:00:00+01:00,-4.5
2019-01-23T18:00:00+01:00,-4.51
2019-01-23T21:00:00+01:00,-4.51
2019-01-24T02:01:00+01:00,-4.51
2019-01-24T03:00:00+01:00,-4.52
2019-01-24T06:00:00+01:00,-4.52
2019-01-24T09:00:00+01:00,-4.53
2019-01-24T12:00:00+01:00,-4.52
2019-01-24T15:00:00+01:00,-4.52
2019-01-24T18:00:00+01:00,-4.54
2019-01-24T21:00:00+01:00,-4.53
2019-01-25T02:01:00+01:00,-4.53
2019-01-25T03:00:00+01:00,-4.53
2019-01-25T06:00:00+01:00,-4.53
2019-01-25T09:00:00+01:00,-4.53
2019-01-25T12:00:00+01:00,-4.52
2019-01-25T15:00:00+01:00,-4.5
2019-01-25T18:00:00+01:00,-4.51
2019-01-25T21:00:00+01:00,-4.51
2019-01-26T02:01:00+01:00,-4.5
2019-01-26T03:00:00+01:00,-4.49
2019-01-26T06:00:00+01:00,-4.48
2019-01-26T09:00:00+01:00,-4.48
2019-01-26T12:00:00+01:00,-4.46
2019-01-26T15:00:00+01:00,-4.45
2019-01-26T18:00:00+01:00,-4.44
2019-01-26T21:00:00+01:00,-4.42
2019-01-27T02:01:00+01:00,-4.41
2019-01-27T03:00:00+01:00,-4.41
2019-01-27T06:00:00+01:00,-4.4
2019-01-27T09:00:00+01:00,-4.42
2019-01-27T12:00:00+01:00,-4.43
2019-01-27T15:00:00+01:00,-4.43
2019-01-27T18:00:00+01:00,-4.43
2019-01-27T21:00:00+01:00,-4.41
2019-01-28T02:01:00+01:00,-4.42
2019-01-28T03:00:00+01:00,-4.44
2019-01-28T06:00:00+01:00,-4.45
2019-01-28T09:00:00+01:00,-4.47
2019-01-28T12:00:00+01:00,-4.48
2019-01-28T15:00:00+01:00,-4.48
2019-01-28T18:00:00+01:00,-4.48
2019-01-28T21:00:00+01:00,-4.49
2019-01-29T02:01:00+01:00,-4.49
2019-01-29T03:00:00+01:00,-4.48
2019-01-29T06:00:00+01:00,-4.48
2019-01-29T09:00:00+01:00,-4.47
2019-01-29T12:00:00+01:00,-4.46
2019-01-29T15:00:00+01:00,-4.45
2019-01-29T18:00:00+01:00,-4.45
2019-01-29T21:00:00+01:00,-4.46
2019-01-30T02:01:00+01:00,-4.44
2019-01-30T03:00:00+01:00,-4.44
2019-01-30T06:00:00+01:00,-4.44
2019-01-30T09:00:00+01:00,-4.45
2019-01-30T12:00:00+01:00,-4.45
2019-01-30T15:00:00+01:00,-4.46
2019-01-30T18:00:00+01:00,-4.46
2019-01-30T21:00:00+01:00,-4.48
2019-01-31T02:01:00+01:00,-4.48
2019-01-31T03:00:00+01:00,-4.48
2019-01-31T06:00:00+01:00,-4.49
2019-01-31T09:00:00+01:00,-4.5
2019-01-31T12:00:00+01:00,-4.5
2019-01-31T15:00:00+01:00,-4.49
2019-01-31T18:00:00+01:00,-4.48
2019-01-31T21:00:00+01:00,-4.48
2019-02-01T02:01:00+01:00,-4.47
2019-02-01T03:00:00+01:00,-4.47
2019-02-01T06:00:00+01:00,-4.47
2019-02-01T09:00:00+01:00,-4.48
2019-02-01T12:00:00+01:00,-4.49
2019-02-01T15:00:00+01:00,-4.49
2019-02-01T18:00:00+01:00,-4.5
2019-02-01T21:00:00+01:00,-4.51
2019-02-02T02:01:00+01:00,-4.51
2019-02-02T03:00:00+01:00,-4.5
2019-02-02T06:00:00+01:00,-4.51
2019-02-02T09:00:00+01:00,-4.53
2019-02-02T12:00:00+01:00,-4.53
2019-02-02T15:00:00+01:00,-4.54
2019-02-02T18:00:00+01:00,-4.56
2019-02-02T21:00:00+01:00,-4.56
2019-02-03T02:01:00+01:00,-4.57
2019-02-03T03:00:00+01:00,-4.57
2019-02-03T06:00:00+01:00,-4.58
2019-02-03T09:00:00+01:00,-4.58
2019-02-03T12:00:00+01:00,-4.58
2019-02-03T15:00:00+01:00,-4.59
2019-02-03T18:00:00+01:00,-4.58
2019-02-03T21:00:00+01:00,-4.58
2019-02-04T02:01:00+01:00,-4.58
2019-02-04T03:00:00+01:00,-4.58
2019-02-04T06:00:00+01:00,-4.57
2019-02-04T09:00:00+01:00,-4.57
2019-02-04T12:00:00+01:00,-4.58
2019-02-04T15:00:00+01:00,-4.57
2019-02-04T18:00:00+01:00,-4.58
2019-02-04T21:00:00+01:00,-4.58
2019-02-05T02:01:00+01:00,-4.59
2019-02-05T03:00:00+01:00,-4.59
2019-02-05T06:00:00+01:00,-4.6
2019-02-05T09:00:00+01:00,-4.6
2019-02-05T12:00:00+01:00,-4.6
2019-02-05T15:00:00+01:00,-4.59
2019-02-05T18:00:00+01:00,-4.59
2019-02-05T21:00:00+01:00,-4.58
2019-02-06T02:01:00+01:00,-4.58
2019-02-06T03:00:00+01:00,-4.58
2019-02-06T06:00:00+01:00,-4.58
2019-02-06T09:00:00+01:00,-4.59
2019-02-06T12:00:00+01:00,-4.57
2019-02-06T15:00:00+01:00,-4.56
2019-02-06T18:00:00+01:00,-4.56
2019-02-06T21:00:00+01:00,-4.53
2019-02-07T02:01:00+01:00,-4.51
2019-02-07T03:00:00+01:00,-4.49
2019-02-07T06:00:00+01:00,-4.49
2019-02-07T09:00:00+01:00,-4.5
2019-02-07T12:00:00+01:00,-4.48
2019-02-07T15:00:00+01:00,-4.49
2019-02-07T18:00:00+01:00,-4.49
2019-02-07T21:00:00+01:00,-4.49
2019-02-08T02:01:00+01:00,-4.49
2019-02-08T03:00:00+01:00,-4.49
2019-02-08T06:00:00+01:00,-4.49
2019-02-08T09:00:00+01:00,-4.49
2019-02-08T12:00:00+01:00,-4.48
2019-02-08T15:00:00+01:00,-4.46
2019-02-08T18:00:00+01:00,-4.45
2019-02-08T21:00:00+01:00,-4.44
2019-02-09T02:01:00+01:00,-4.44
2019-02-09T03:00:00+01:00,-4.45
2019-02-09T06:00:00+01:00,-4.46
2019-02-09T09:00:00+01:00,-4.45
2019-02-09T12:00:00+01:00,-4.46
2019-02-09T15:00:00+01:00,-4.47
2019-02-09T18:00:00+01:00,-4.47
2019-02-09T21:00:00+01:00,-4.46
2019-02-10T02:01:00+01:00,-4.45
2019-02-10T03:00:00+01:00,-4.42
2019-02-10T06:00:00+01:00,-4.39
2019-02-10T09:00:00+01:00,-4.4
2019-02-10T12:00:00+01:00,-4.43
2019-02-10T15:00:00+01:00,-4.44
2019-02-10T18:00:00+01:00,-4.47
2019-02-10T21:00:00+01:00,-4.49
2019-02-11T02:01:00+01:00,-4.49
2019-02-11T03:00:00+01:00,-4.5
2019-02-11T06:00:00+01:00,-4.51
2019-02-11T09:00:00+01:00,-4.52
2019-02-11T12:00:00+01:00,-4.54
2019-02-11T15:00:00+01:00,-4.54
2019-02-11T18:00:00+01:00,-4.54
2019-02-11T21:00:00+01:00,-4.53
2019-02-12T02:01:00+01:00,-4.54
2019-02-12T03:00:00+01:00,-4.53
2019-02-12T06:00:00+01:00,-4.53
2019-02-12T09:00:00+01:00,-4.54
2019-02-12T12:00:00+01:00,-4.54
2019-02-12T15:00:00+01:00,-4.54
2019-02-12T18:00:00+01:00,-4.53
2019-02-12T21:00:00+01:00,-4.53
2019-02-13T02:01:00+01:00,-4.52
2019-02-13T03:00:00+01:00,-4.52
2019-02-13T06:00:00+01:00,-4.53
2019-02-13T09:00:00+01:00,-4.53
2019-02-13T12:00:00+01:00,-4.53
2019-02-13T15:00:00+01:00,-4.53
2019-02-13T18:00:00+01:00,-4.53
2019-02-13T21:00:00+01:00,-4.52
2019-02-14T02:01:00+01:00,-4.52
2019-02-14T03:00:00+01:00,-4.52
2019-02-14T06:00:00+01:00,-4.53
2019-02-14T09:00:00+01:00,-4.54
2019-02-14T12:00:00+01:00,-4.53
2019-02-14T15:00:00+01:00,-4.52
2019-02-14T18:00:00+01:00,-4.52
2019-02-14T21:00:00+01:00,-4.52
2019-02-15T02:01:00+01:00,-4.51
2019-02-15T03:00:00+01:00,-4.51
2019-02-15T06:00:00+01:00,-4.52
2019-02-15T09:00:00+01:00,-4.52
2019-02-15T12:00:00+01:00,-4.51
2019-02-15T15:00:00+01:00,-4.5
2019-02-15T18:00:00+01:00,-4.5
2019-02-15T21:00:00+01:00,-4.49
2019-02-16T02:01:00+01:00,-4.48
2019-02-16T03:00:00+01:00,-4.47
2019-02-16T06:00:00+01:00,-4.49
2019-02-16T09:00:00+01:00,-4.5
2019-02-16T12:00:00+01:00,-4.5
2019-02-16T15:00:00+01:00,-4.5
2019-02-16T18:00:00+01:00,-4.5
2019-02-16T21:00:00+01:00,-4.49
2019-02-17T02:01:00+01:00,-4.48
2019-02-17T03:00:00+01:00,-4.48
2019-02-17T06:00:00+01:00,-4.47
2019-02-17T09:00:00+01:00,-4.49
2019-02-17T12:00:00+01:00,-4.48
2019-02-17T15:00:00+01:00,-4.48
2019-02-17T18:00:00+01:00,-4.48
2019-02-17T21:00:00+01:00,-4.48
2019-02-18T02:01:00+01:00,-4.48
2019-02-18T03:00:00+01:00,-4.47
2019-02-18T06:00:00+01:00,-4.47
2019-02-18T09:00:00+01:00,-4.48
2019-02-18T12:00:00+01:00,-4.48
2019-02-18T15:00:00+01:00,-4.47
2019-02-18T18:00:00+01:00,-4.47
2019-02-18T21:00:00+01:00,-4.47
2019-02-19T02:01:00+01:00,-4.47
2019-02-19T03:00:00+01:00,-4.47
2019-02-19T06:00:00+01:00,-4.47
2019-02-19T09:00:00+01:00,-4.49
2019-02-19T12:00:00+01:00,-4.49
2019-02-19T15:00:00+01:00,-4.49
2019-02-19T18:00:00+01:00,-4.49
2019-02-19T21:00:00+01:00,-4.48
2019-02-20T02:01:00+01:00,-4.48
2019-02-20T03:00:00+01:00,-4.48
2019-02-20T06:00:00+01:00,-4.49
2019-02-20T09:00:00+01:00,-4.5
2019-02-20T12:00:00+01:00,-4.5
2019-02-20T15:00:00+01:00,-4.51
2019-02-20T18:00:00+01:00,-4.5
2019-02-20T21:00:00+01:00,-4.5
2019-02-21T02:01:00+01:00,-4.5
2019-02-21T03:00:00+01:00,-4.5
2019-02-21T06:00:00+01:00,-4.5
2019-02-21T09:00:00+01:00,-4.52
2019-02-21T12:00:00+01:00,-4.51
2019-02-21T15:00:00+01:00,-4.52
2019-02-21T18:00:00+01:00,-4.53
2019-02-21T21:00:00+01:00,-4.52
2019-02-22T02:01:00+01:00,-4.53
2019-02-22T03:00:00+01:00,-4.53
2019-02-22T06:00:00+01:00,-4.54
2019-02-22T09:00:00+01:00,-4.55
2019-02-22T12:00:00+01:00,-4.54
2019-02-22T15:00:00+01:00,-4.54
2019-02-22T18:00:00+01:00,-4.55
2019-02-22T21:00:00+01:00,-4.54
2019-02-23T02:01:00+01:00,-4.54
2019-02-23T03:00:00+01:00,-4.54
2019-02-23T06:00:00+01:00,-4.55
2019-02-23T09:00:00+01:00,-4.55
2019-02-23T12:00:00+01:00,-4.55
2019-02-23T15:00:00+01:00,-4.55
2019-02-23T18:00:00+01:00,-4.55
2019-02-23T21:00:00+01:00,-4.54
2019-02-24T02:01:00+01:00,-4.54
2019-02-24T03:00:00+01:00,-4.54
2019-02-24T06:00:00+01:00,-4.55
2019-02-24T09:00:00+01:00,-4.55
2019-02-24T12:00:00+01:00,-4.56
2019-02-24T15:00:00+01:00,-4.55
2019-02-24T18:00:00+01:00,-4.55
2019-02-24T21:00:00+01:00,-4.56
2019-02-25T02:01:00+01:00,-4.55
2019-02-25T03:00:00+01:00,-4.54
2019-02-25T06:00:00+01:00,-4.56
2019-02-25T09:00:00+01:00,-4.56
2019-02-25T12:00:00+01:00,-4.55
2019-02-25T15:00:00+01:00,-4.55
2019-02-25T18:00:00+01:00,-4.56
2019-02-25T21:00:00+01:00,-4.55
2019-02-26T02:01:00+01:00,-4.55
2019-02-26T03:00:00+01:00,-4.55
2019-02-26T06:00:00+01:00,-4.54
2019-02-26T09:00:00+01:00,-4.55
2019-02-26T12:00:00+01:00,-4.55
2019-02-26T15:00:00+01:00,-4.54
2019-02-26T18:00:00+01:00,-4.55
2019-02-26T21:00:00+01:00,-4.54
2019-02-27T02:01:00+01:00,-4.54
2019-02-27T03:00:00+01:00,-4.52
2019-02-27T06:00:00+01:00,-4.53
2019-02-27T09:00:00+01:00,-4.52
2019-02-27T12:00:00+01:00,-4.52
2019-02-27T15:00:00+01:00,-4.51
2019-02-27T18:00:00+01:00,-4.51
2019-02-27T21:00:00+01:00,-4.51
2019-02-28T02:01:00+01:00,-4.5
2019-02-28T03:00:00+01:00,-4.5
2019-02-28T06:00:00+01:00,-4.49
2019-02-28T09:00:00+01:00,-4.5
2019-02-28T12:00:00+01:00,-4.5
2019-02-28T15:00:00+01:00,-4.5
2019-02-28T18:00:00+01:00,-4.5
2019-02-28T21:00:00+01:00,-4.49
2019-03-01T02:01:00+01:00,-4.49
2019-03-01T03:00:00+01:00,-4.49
2019-03-01T06:00:00+01:00,-4.5
2019-03-01T09:00:00+01:00,-4.53
2019-03-01T12:00:00+01:00,-4.52
2019-03-01T15:00:00+01:00,-4.53
2019-03-01T18:00:00+01:00,-4.53
2019-03-01T21:00:00+01:00,-4.53
2019-03-02T02:01:00+01:00,-4.53
2019-03-02T03:00:00+01:00,-4.51
2019-03-02T06:00:00+01:00,-4.51
2019-03-02T09:00:00+01:00,-4.52
2019-03-02T12:00:00+01:00,-4.51
2019-03-02T15:00:00+01:00,-4.5
2019-03-02T18:00:00+01:00,-4.5
2019-03-02T21:00:00+01:00,-4.49
2019-03-03T02:01:00+01:00,-4.48
2019-03-03T03:00:00+01:00,-4.47
2019-03-03T06:00:00+01:00,-4.47
2019-03-03T09:00:00+01:00,-4.47
2019-03-03T12:00:00+01:00,-4.46
2019-03-03T15:00:00+01:00,-4.44
2019-03-03T18:00:00+01:00,-4.43
2019-03-03T21:00:00+01:00,-4.43
2019-03-04T02:01:00+01:00,-4.42
2019-03-04T03:00:00+01:00,-4.39
2019-03-04T06:00:00+01:00,-4.4
2019-03-04T09:00:00+01:00,-4.44
2019-03-04T12:00:00+01:00,-4.44
2019-03-04T15:00:00+01:00,-4.46
2019-03-04T18:00:00+01:00,-4.46
2019-03-04T21:00:00+01:00,-4.46
2019-03-05T02:01:00+01:00,-4.47
2019-03-05T03:00:00+01:00,-4.46
2019-03-05T06:00:00+01:00,-4.46
2019-03-05T09:00:00+01:00,-4.48
2019-03-05T12:00:00+01:00,-4.48
2019-03-05T15:00:00+01:00,-4.48
2019-03-05T18:00:00+01:00,-4.49
2019-03-05T21:00:00+01:00,-4.48
2019-03-06T02:01:00+01:00,-4.48
2019-03-06T03:00:00+01:00,-4.46
2019-03-06T06:00:00+01:00,-4.45
2019-03-06T09:00:00+01:00,-4.45
2019-03-06T12:00:00+01:00,-4.45
2019-03-06T15:00:00+01:00,-4.44
2019-03-06T18:00:00+01:00,-4.44
2019-03-06T21:00:00+01:00,-4.43
2019-03-07T02:01:00+01:00,-4.43
2019-03-07T03:00:00+01:00,-4.41
2019-03-07T06:00:00+01:00,-4.41
2019-03-07T09:00:00+01:00,-4.45
2019-03-07T12:00:00+01:00,-4.44
2019-03-07T15:00:00+01:00,-4.43
2019-03-07T18:00:00+01:00,-4.43
2019-03-07T21:00:00+01:00,-4.44
2019-03-08T02:01:00+01:00,-4.45
2019-03-08T03:00:00+01:00,-4.47
2019-03-08T06:00:00+01:00,-4.49
2019-03-08T09:00:00+01:00,-4.5
2019-03-08T12:00:00+01:00,-4.49
2019-03-08T15:00:00+01:00,-4.48
2019-03-08T18:00:00+01:00,-4.47
2019-03-08T21:00:00+01:00,-4.46
2019-03-09T02:01:00+01:00,-4.44
2019-03-09T03:00:00+01:00,-4.46
2019-03-09T06:00:00+01:00,-4.47
2019-03-09T09:00:00+01:00,-4.47
2019-03-09T12:00:00+01:00,-4.44
2019-03-09T15:00:00+01:00,-4.47
2019-03-09T18:00:00+01:00,-4.48
2019-03-09T21:00:00+01:00,-4.47
2019-03-10T02:01:00+01:00,-4.46
2019-03-10T03:00:00+01:00,-4.43
2019-03-10T06:00:00+01:00,-4.41
2019-03-10T09:00:00+01:00,-4.4
2019-03-10T12:00:00+01:00,-4.4
2019-03-10T15:00:00+01:00,-4.52
2019-03-10T18:00:00+01:00,-4.47
2019-03-10T21:00:00+01:00,-4.46
2019-03-11T02:01:00+01:00,-4.46
2019-03-11T03:00:00+01:00,-4.45
2019-03-11T06:00:00+01:00,-4.46
2019-03-11T09:00:00+01:00,-4.47
2019-03-11T12:00:00+01:00,-4.48
2019-03-11T15:00:00+01:00,-4.49
2019-03-11T18:00:00+01:00,-4.49
2019-03-11T21:00:00+01:00,-4.48
2019-03-12T02:01:00+01:00,-4.47
2019-03-12T03:00:00+01:00,-4.45
2019-03-12T06:00:00+01:00,-4.44
2019-03-12T09:00:00+01:00,-4.42
2019-03-12T12:00:00+01:00,-4.42
2019-03-12T15:00:00+01:00,-4.39
2019-03-12T18:00:00+01:00,-4.38
2019-03-12T21:00:00+01:00,-4.43
2019-03-13T02:01:00+01:00,-4.41
2019-03-13T03:00:00+01:00,-4.4
2019-03-13T06:00:00+01:00,-4.41
2019-03-13T09:00:00+01:00,-4.41
2019-03-13T12:00:00+01:00,-4.41
2019-03-13T15:00:00+01:00,-4.42
2019-03-13T18:00:00+01:00,-4.44
2019-03-13T21:00:00+01:00,-4.44
2019-03-14T02:01:00+01:00,-4.43
2019-03-14T03:00:00+01:00,-4.41
2019-03-14T06:00:00+01:00,-4.39
2019-03-14T09:00:00+01:00,-4.36
2019-03-14T12:00:00+01:00,-4.36
2019-03-14T15:00:00+01:00,-4.4
2019-03-14T18:00:00+01:00,-4.42
2019-03-14T21:00:00+01:00,-4.42
2019-03-15T02:01:00+01:00,-4.41
2019-03-15T03:00:00+01:00,-4.4
2019-03-15T06:00:00+01:00,-4.39
2019-03-15T09:00:00+01:00,-4.39
2019-03-15T12:00:00+01:00,-4.4
2019-03-15T15:00:00+01:00,-4.42
2019-03-15T18:00:00+01:00,-4.42
2019-03-15T21:00:00+01:00,-4.43
2019-03-16T02:01:00+01:00,-4.43
2019-03-16T03:00:00+01:00,-4.42
2019-03-16T06:00:00+01:00,-4.41
2019-03-16T09:00:00+01:00,-4.4
2019-03-16T12:00:00+01:00,-4.4
2019-03-16T15:00:00+01:00,-4.39
2019-03-16T18:00:00+01:00,-4.38
2019-03-16T21:00:00+01:00,-4.37
2019-03-17T02:01:00+01:00,-4.37
2019-03-17T03:00:00+01:00,-4.37
2019-03-17T06:00:00+01:00,-4.39
2019-03-17T09:00:00+01:00,-4.4
2019-03-17T12:00:00+01:00,-4.42
2019-03-17T15:00:00+01:00,-4.41
2019-03-17T18:00:00+01:00,-4.43
2019-03-17T21:00:00+01:00,-4.43
2019-03-18T02:01:00+01:00,-4.43
2019-03-18T03:00:00+01:00,-4.44
2019-03-18T06:00:00+01:00,-4.45
2019-03-18T09:00:00+01:00,-4.46
2019-03-18T12:00:00+01:00,-4.46
2019-03-18T15:00:00+01:00,-4.46
2019-03-18T18:00:00+01:00,-4.47
2019-03-18T21:00:00+01:00,-4.48
2019-03-19T02:01:00+01:00,-4.48
2019-03-19T03:00:00+01:00,-4.48
2019-03-19T06:00:00+01:00,-4.48
2019-03-19T09:00:00+01:00,-4.49
2019-03-19T12:00:00+01:00,-4.49
2019-03-19T15:00:00+01:00,-4.48
2019-03-19T18:00:00+01:00,-4.49
2019-03-19T21:00:00+01:00,-4.49
2019-03-20T02:01:00+01:00,-4.49
2019-03-20T03:00:00+01:00,-4.49
2019-03-20T06:00:00+01:00,-4.49
2019-03-20T09:00:00+01:00,-4.49
2019-03-20T12:00:00+01:00,-4.5
2019-03-20T15:00:00+01:00,-4.49
2019-03-20T18:00:00+01:00,-4.49
2019-03-20T21:00:00+01:00,-4.5
2019-03-21T02:01:00+01:00,-4.5
2019-03-21T03:00:00+01:00,-4.49
2019-03-21T06:00:00+01:00,-4.5
2019-03-21T09:00:00+01:00,-4.5
2019-03-21T12:00:00+01:00,-4.49
2019-03-21T15:00:00+01:00,-4.48
2019-03-21T18:00:00+01:00,-4.5
2019-03-21T21:00:00+01:00,-4.49
2019-03-22T02:01:00+01:00,-4.49
2019-03-22T03:00:00+01:00,-4.49
2019-03-22T06:00:00+01:00,-4.49
2019-03-22T09:00:00+01:00,-4.49
2019-03-22T12:00:00+01:00,-4.48
2019-03-22T15:00:00+01:00,-4.47
2019-03-22T18:00:00+01:00,-4.49
2019-03-22T21:00:00+01:00,-4.49
2019-03-23T02:01:00+01:00,-4.49
2019-03-23T03:00:00+01:00,-4.49
2019-03-23T06:00:00+01:00,-4.5
2019-03-23T09:00:00+01:00,-4.5
2019-03-23T12:00:00+01:00,-4.51
2019-03-23T15:00:00+01:00,-4.51
2019-03-23T18:00:00+01:00,-4.51
2019-03-23T21:00:00+01:00,-4.5
2019-03-24T02:01:00+01:00,-4.5
2019-03-24T03:00:00+01:00,-4.51
2019-03-24T06:00:00+01:00,-4.51
2019-03-24T09:00:00+01:00,-4.51
2019-03-24T12:00:00+01:00,-4.51
2019-03-24T15:00:00+01:00,-4.49
2019-03-24T18:00:00+01:00,-4.49
2019-03-24T21:00:00+01:00,-4.48
2019-03-25T02:01:00+01:00,-4.47
2019-03-25T03:00:00+01:00,-4.49
2019-03-25T06:00:00+01:00,-4.49
2019-03-25T09:00:00+01:00,-4.51
2019-03-25T12:00:00+01:00,-4.5
2019-03-25T15:00:00+01:00,-4.51
2019-03-25T18:00:00+01:00,-4.52
2019-03-25T21:00:00+01:00,-4.52
2019-03-26T02:01:00+01:00,-4.52
2019-03-26T03:00:00+01:00,-4.51
2019-03-26T06:00:00+01:00,-4.52
2019-03-26T09:00:00+01:00,-4.53
2019-03-26T12:00:00+01:00,-4.52
2019-03-26T15:00:00+01:00,-4.51
2019-03-26T18:00:00+01:00,-4.51
2019-03-26T21:00:00+01:00,-4.52
2019-03-27T02:01:00+01:00,-4.51
2019-03-27T03:00:00+01:00,-4.51
2019-03-27T06:00:00+01:00,-4.52
2019-03-27T09:00:00+01:00,-4.52
2019-03-27T12:00:00+01:00,-4.52
2019-03-27T15:00:00+01:00,-4.52
2019-03-27T18:00:00+01:00,-4.52
2019-03-27T21:00:00+01:00,-4.53
2019-03-28T02:01:00+01:00,-4.53
2019-03-28T03:00:00+01:00,-4.52
2019-03-28T06:00:00+01:00,-4.53
2019-03-28T09:00:00+01:00,-4.53
2019-03-28T12:00:00+01:00,-4.53
2019-03-28T15:00:00+01:00,-4.52
2019-03-28T18:00:00+01:00,-4.52
2019-03-28T21:00:00+01:00,-4.53
2019-03-29T02:01:00+01:00,-4.52
2019-03-29T03:00:00+01:00,-4.52
2019-03-29T06:00:00+01:00,-4.52
2019-03-29T09:00:00+01:00,-4.52
2019-03-29T12:00:00+01:00,-4.51
2019-03-29T15:00:00+01:00,-4.5
2019-03-29T18:00:00+01:00,-4.5
2019-03-29T21:00:00+01:00,-4.51
2019-03-30T02:01:00+01:00,-4.5
2019-03-30T03:00:00+01:00,-4.49
2019-03-30T06:00:00+01:00,-4.49
2019-03-30T09:00:00+01:00,-4.5
2019-03-30T12:00:00+01:00,-4.5
2019-03-30T15:00:00+01:00,-4.5
2019-03-30T18:00:00+01:00,-4.5
2019-03-30T21:00:00+01:00,-4.51
2019-03-31T01:01:00+01:00,-4.51
2019-03-31T03:00:00+02:00,-4.51
2019-03-31T06:00:00+02:00,-4.52
2019-03-31T09:00:00+02:00,-4.52
2019-03-31T12:00:00+02:00,-4.52
2019-03-31T15:00:00+02:00,-4.51
2019-03-31T18:00:00+02:00,-4.52
2019-03-31T21:00:00+02:00,-4.53
2019-04-01T02:01:00+02:00,-4.52
2019-04-01T03:00:00+02:00,-4.52
2019-04-01T06:00:00+02:00,-4.52
2019-04-01T09:00:00+02:00,-4.51
2019-04-01T12:00:00+02:00,-4.51
2019-04-01T15:00:00+02:00,-4.49
2019-04-01T18:00:00+02:00,-4.5
2019-04-01T21:00:00+02:00,-4.5
2019-04-02T02:01:00+02:00,-4.49
2019-04-02T03:00:00+02:00,-4.47
2019-04-02T06:00:00+02:00,-4.47
2019-04-02T09:00:00+02:00,-4.46
2019-04-02T12:00:00+02:00,-4.47
2019-04-02T15:00:00+02:00,-4.46
2019-04-02T18:00:00+02:00,-4.46
2019-04-02T21:00:00+02:00,-4.47
2019-04-03T02:01:00+02:00,-4.47
2019-04-03T03:00:00+02:00,-4.47
2019-04-03T06:00:00+02:00,-4.47
2019-04-03T09:00:00+02:00,-4.48
2019-04-03T12:00:00+02:00,-4.47
2019-04-03T15:00:00+02:00,-4.46
2019-04-03T18:00:00+02:00,-4.47
2019-04-03T21:00:00+02:00,-4.47
2019-04-04T02:01:00+02:00,-4.47
2019-04-04T03:00:00+02:00,-4.46
2019-04-04T06:00:00+02:00,-4.47
2019-04-04T09:00:00+02:00,-4.47
2019-04-04T12:00:00+02:00,-4.47
2019-04-04T15:00:00+02:00,-4.48
2019-04-04T18:00:00+02:00,-4.49
2019-04-04T21:00:00+02:00,-4.49
2019-04-05T02:01:00+02:00,-4.49
2019-04-05T03:00:00+02:00,-4.5
2019-04-05T06:00:00+02:00,-4.5
2019-04-05T09:00:00+02:00,-4.5
2019-04-05T12:00:00+02:00,-4.49
2019-04-05T15:00:00+02:00,-4.49
2019-04-05T18:00:00+02:00,-4.5
2019-04-05T21:00:00+02:00,-4.5
2019-04-06T02:01:00+02:00,-4.5
2019-04-06T03:00:00+02:00,-4.5
2019-04-06T06:00:00+02:00,-4.5
2019-04-06T09:00:00+02:00,-4.5
2019-04-06T12:00:00+02:00,-4.5
2019-04-06T15:00:00+02:00,-4.5
2019-04-06T18:00:00+02:00,-4.5
2019-04-06T21:00:00+02:00,-4.5
2019-04-07T02:01:00+02:00,-4.5
2019-04-07T03:00:00+02:00,-4.49
2019-04-07T06:00:00+02:00,-4.5
2019-04-07T09:00:00+02:00,-4.5
2019-04-07T12:00:00+02:00,-4.5
2019-04-07T15:00:00+02:00,-4.5
2019-04-07T18:00:00+02:00,-4.51
2019-04-07T21:00:00+02:00,-4.52
2019-04-08T02:01:00+02:00,-4.51
2019-04-08T03:00:00+02:00,-4.51
2019-04-08T06:00:00+02:00,-4.52
2019-04-08T09:00:00+02:00,-4.52
2019-04-08T12:00:00+02:00,-4.52
2019-04-08T15:00:00+02:00,-4.52
2019-04-08T18:00:00+02:00,-4.53
2019-04-08T21:00:00+02:00,-4.54
2019-04-09T02:01:00+02:00,-4.54
2019-04-09T03:00:00+02:00,-4.54
2019-04-09T06:00:00+02:00,-4.54
2019-04-09T09:00:00+02:00,-4.54
2019-04-09T12:00:00+02:00,-4.53
2019-04-09T15:00:00+02:00,-4.53
2019-04-09T18:00:00+02:00,-4.54
2019-04-09T21:00:00+02:00,-4.55
2019-04-10T02:01:00+02:00,-4.55
2019-04-10T03:00:00+02:00,-4.55
2019-04-10T06:00:00+02:00,-4.57
2019-04-10T09:00:00+02:00,-4.56
2019-04-10T12:00:00+02:00,-4.55
2019-04-10T15:00:00+02:00,-4.55
2019-04-10T18:00:00+02:00,-4.57
2019-04-10T21:00:00+02:00,-4.58
2019-04-11T02:01:00+02:00,-4.58
2019-04-11T03:00:00+02:00,-4.58
2019-04-11T06:00:00+02:00,-4.58
2019-04-11T09:00:00+02:00,-4.57
2019-04-11T12:00:00+02:00,-4.57
2019-04-11T15:00:00+02:00,-4.56
2019-04-11T18:00:00+02:00,-4.6
2019-04-11T21:00:00+02:00,-4.61
2019-04-12T02:01:00+02:00,-4.61
2019-04-12T03:00:00+02:00,-4.61
2019-04-12T06:00:00+02:00,-4.61
2019-04-12T09:00:00+02:00,-4.61
2019-04-12T12:00:00+02:00,-4.6
2019-04-12T15:00:00+02:00,-4.6
2019-04-12T18:00:00+02:00,-4.61
2019-04-12T21:00:00+02:00,-4.62
2019-04-13T02:01:00+02:00,-4.62
2019-04-13T03:00:00+02:00,-4.61
2019-04-13T06:00:00+02:00,-4.62
2019-04-13T09:00:00+02:00,-4.61
2019-04-13T12:00:00+02:00,-4.6
2019-04-13T15:00:00+02:00,-4.6
2019-04-13T18:00:00+02:00,-4.61
2019-04-13T21:00:00+02:00,-4.61
2019-04-14T02:01:00+02:00,-4.61
2019-04-14T03:00:00+02:00,-4.6
2019-04-14T06:00:00+02:00,-4.6
2019-04-14T09:00:00+02:00,-4.6
2019-04-14T12:00:00+02:00,-4.6
2019-04-14T15:00:00+02:00,-4.6
2019-04-14T18:00:00+02:00,-4.61
2019-04-14T21:00:00+02:00,-4.61
2019-04-15T02:01:00+02:00,-4.61
2019-04-15T03:00:00+02:00,-4.6
2019-04-15T06:00:00+02:00,-4.6
2019-04-15T09:00:00+02:00,-4.59
2019-04-15T12:00:00+02:00,-4.57
2019-04-15T15:00:00+02:00,-4.56
2019-04-15T18:00:00+02:00,-4.56
2019-04-15T21:00:00+02:00,-4.57
2019-04-16T02:01:00+02:00,-4.57
2019-04-16T03:00:00+02:00,-4.57
2019-04-16T06:00:00+02:00,-4.57
2019-04-16T09:00:00+02:00,-4.56
2019-04-16T12:00:00+02:00,-4.56
2019-04-16T15:00:00+02:00,-4.55
2019-04-16T18:00:00+02:00,-4.57
2019-04-16T21:00:00+02:00,-4.58
2019-04-17T02:01:00+02:00,-4.58
2019-04-17T03:00:00+02:00,-4.58
2019-04-17T06:00:00+02:00,-4.59
2019-04-17T09:00:00+02:00,-4.59
2019-04-17T12:00:00+02:00,-4.59
2019-04-17T15:00:00+02:00,-4.59
2019-04-17T18:00:00+02:00,-4.59
2019-04-17T21:00:00+02:00,-4.6
2019-04-18T02:01:00+02:00,-4.6
2019-04-18T03:00:00+02:00,-4.6
2019-04-18T06:00:00+02:00,-4.6
2019-04-18T09:00:00+02:00,-4.6
2019-04-18T12:00:00+02:00,-4.59
2019-04-18T15:00:00+02:00,-4.59
2019-04-18T18:00:00+02:00,-4.59
2019-04-18T21:00:00+02:00,-4.61
2019-04-19T02:01:00+02:00,-4.61
2019-04-19T03:00:00+02:00,-4.61
2019-04-19T06:00:00+02:00,-4.62
2019-04-19T09:00:00+02:00,-4.61
2019-04-19T12:00:00+02:00,-4.61
2019-04-19T15:00:00+02:00,-4.61
2019-04-19T18:00:00+02:00,-4.62
2019-04-19T21:00:00+02:00,-4.63
2019-04-20T02:01:00+02:00,-4.62
2019-04-20T03:00:00+02:00,-4.62
2019-04-20T06:00:00+02:00,-4.63
2019-04-20T09:00:00+02:00,-4.63
2019-04-20T12:00:00+02:00,-4.63
2019-04-20T15:00:00+02:00,-4.62
2019-04-20T18:00:00+02:00,-4.63
2019-04-20T21:00:00+02:00,-4.63
2019-04-21T02:01:00+02:00,-4.63
2019-04-21T03:00:00+02:00,-4.62
2019-04-21T06:00:00+02:00,-4.62
2019-04-21T09:00:00+02:00,-4.62
2019-04-21T12:00:00+02:00,-4.61
2019-04-21T15:00:00+02:00,-4.6
2019-04-21T18:00:00+02:00,-4.6
2019-04-21T21:00:00+02:00,-4.6
2019-04-22T02:01:00+02:00,-4.59
2019-04-22T03:00:00+02:00,-4.58
2019-04-22T06:00:00+02:00,-4.59
2019-04-22T09:00:00+02:00,-4.59
2019-04-22T12:00:00+02:00,-4.57
2019-04-22T15:00:00+02:00,-4.57
2019-04-22T18:00:00+02:00,-4.58
2019-04-22T21:00:00+02:00,-4.58
2019-04-23T02:01:00+02:00,-4.57
2019-04-23T03:00:00+02:00,-4.57
2019-04-23T06:00:00+02:00,-4.57
2019-04-23T09:00:00+02:00,-4.56
2019-04-23T12:00:00+02:00,-4.56
2019-04-23T15:00:00+02:00,-4.55
2019-04-23T18:00:00+02:00,-4.56
2019-04-23T21:00:00+02:00,-4.56
2019-04-24T02:01:00+02:00,-4.56
2019-04-24T03:00:00+02:00,-4.57
2019-04-24T06:00:00+02:00,-4.57
2019-04-24T09:00:00+02:00,-4.57
2019-04-24T12:00:00+02:00,-4.56
2019-04-24T15:00:00+02:00,-4.55
2019-04-24T18:00:00+02:00,-4.57
2019-04-24T21:00:00+02:00,-4.59
2019-04-25T02:01:00+02:00,-4.58
2019-04-25T03:00:00+02:00,-4.59
2019-04-25T06:00:00+02:00,-4.6
2019-04-25T09:00:00+02:00,-4.59
2019-04-25T12:00:00+02:00,-4.58
2019-04-25T15:00:00+02:00,-4.6
2019-04-25T18:00:00+02:00,-4.6
2019-04-25T21:00:00+02:00,-4.6
2019-04-26T02:01:00+02:00,-4.61
2019-04-26T03:00:00+02:00,-4.61
2019-04-26T06:00:00+02:00,-4.62
2019-04-26T09:00:00+02:00,-4.61
2019-04-26T12:00:00+02:00,-4.6
2019-04-26T15:00:00+02:00,-4.61
2019-04-26T18:00:00+02:00,-4.62
2019-04-26T21:00:00+02:00,-4.62
2019-04-27T02:01:00+02:00,-4.61
2019-04-27T03:00:00+02:00,-4.6
2019-04-27T06:00:00+02:00,-4.6
2019-04-27T09:00:00+02:00,-4.6
2019-04-27T12:00:00+02:00,-4.61
2019-04-27T15:00:00+02:00,-4.61
2019-04-27T18:00:00+02:00,-4.62
2019-04-27T21:00:00+02:00,-4.62
2019-04-28T02:01:00+02:00,-4.62
2019-04-28T03:00:00+02:00,-4.62
2019-04-28T06:00:00+02:00,-4.62
2019-04-28T09:00:00+02:00,-4.63
2019-04-28T12:00:00+02:00,-4.63
2019-04-28T15:00:00+02:00,-4.63
2019-04-28T18:00:00+02:00,-4.65
2019-04-28T21:00:00+02:00,-4.65
2019-04-29T02:01:00+02:00,-4.65
2019-04-29T03:00:00+02:00,-4.65
2019-04-29T06:00:00+02:00,-4.65
2019-04-29T09:00:00+02:00,-4.64
2019-04-29T12:00:00+02:00,-4.63
2019-04-29T15:00:00+02:00,-4.63
2019-04-29T18:00:00+02:00,-4.64
2019-04-29T21:00:00+02:00,-4.65
2019-04-30T02:01:00+02:00,-4.65
2019-04-30T03:00:00+02:00,-4.65
2019-04-30T06:00:00+02:00,-4.65
2019-04-30T09:00:00+02:00,-4.65
2019-04-30T12:00:00+02:00,-4.64
2019-04-30T15:00:00+02:00,-4.64
2019-04-30T18:00:00+02:00,-4.64
2019-04-30T21:00:00+02:00,-4.64
2019-05-01T02:01:00+02:00,-4.64
2019-05-01T03:00:00+02:00,-4.63
2019-05-01T06:00:00+02:00,-4.63
2019-05-01T09:00:00+02:00,-4.63
2019-05-01T12:00:00+02:00,-4.62
2019-05-01T15:00:00+02:00,-4.61
2019-05-01T18:00:00+02:00,-4.61
2019-05-01T21:00:00+02:00,-4.62
2019-05-02T02:01:00+02:00,-4.61
2019-05-02T03:00:00+02:00,-4.61
2019-05-02T06:00:00+02:00,-4.61
2019-05-02T09:00:00+02:00,-4.6
2019-05-02T12:00:00+02:00,-4.6
2019-05-02T15:00:00+02:00,-4.59
2019-05-02T18:00:00+02:00,-4.61
2019-05-02T21:00:00+02:00,-4.62
2019-05-03T02:01:00+02:00,-4.62
2019-05-03T03:00:00+02:00,-4.62
2019-05-03T06:00:00+02:00,-4.63
2019-05-03T09:00:00+02:00,-4.63
2019-05-03T12:00:00+02:00,-4.63
2019-05-03T15:00:00+02:00,-4.62
2019-05-03T18:00:00+02:00,-4.62
2019-05-03T21:00:00+02:00,-4.62
2019-05-04T02:01:00+02:00,-4.62
2019-05-04T03:00:00+02:00,-4.61
2019-05-04T06:00:00+02:00,-4.61
2019-05-04T09:00:00+02:00,-4.62
2019-05-04T12:00:00+02:00,-4.63
2019-05-04T15:00:00+02:00,-4.64
2019-05-04T18:00:00+02:00,-4.64
2019-05-04T21:00:00+02:00,-4.65
2019-05-05T02:01:00+02:00,-4.65
2019-05-05T03:00:00+02:00,-4.64
2019-05-05T06:00:00+02:00,-4.65
2019-05-05T09:00:00+02:00,-4.65
2019-05-05T12:00:00+02:00,-4.66
2019-05-05T15:00:00+02:00,-4.65
2019-05-05T18:00:00+02:00,-4.65
2019-05-05T21:00:00+02:00,-4.64
2019-05-06T02:01:00+02:00,-4.64
2019-05-06T03:00:00+02:00,-4.64
2019-05-06T06:00:00+02:00,-4.63
2019-05-06T09:00:00+02:00,-4.63
2019-05-06T12:00:00+02:00,-4.63
2019-05-06T15:00:00+02:00,-4.63
2019-05-06T18:00:00+02:00,-4.64
2019-05-06T21:00:00+02:00,-4.64
2019-05-07T02:01:00+02:00,-4.63
2019-05-07T03:00:00+02:00,-4.63
2019-05-07T06:00:00+02:00,-4.63
2019-05-07T09:00:00+02:00,-4.62
2019-05-07T12:00:00+02:00,-4.62
2019-05-07T15:00:00+02:00,-4.61
2019-05-07T18:00:00+02:00,-4.61
2019-05-07T21:00:00+02:00,-4.61
2019-05-08T02:01:00+02:00,-4.59
2019-05-08T03:00:00+02:00,-4.58
2019-05-08T06:00:00+02:00,-4.57
2019-05-08T09:00:00+02:00,-4.56
2019-05-08T12:00:00+02:00,-4.55
2019-05-08T15:00:00+02:00,-4.55
2019-05-08T18:00:00+02:00,-4.56
2019-05-08T21:00:00+02:00,-4.57
2019-05-09T02:01:00+02:00,-4.56
2019-05-09T03:00:00+02:00,-4.56
2019-05-09T06:00:00+02:00,-4.56
2019-05-09T09:00:00+02:00,-4.57
2019-05-09T12:00:00+02:00,-4.58
2019-05-09T15:00:00+02:00,-4.58
2019-05-09T18:00:00+02:00,-4.58
2019-05-09T21:00:00+02:00,-4.59
2019-05-10T02:01:00+02:00,-4.59
2019-05-10T03:00:00+02:00,-4.59
2019-05-10T06:00:00+02:00,-4.6
2019-05-10T09:00:00+02:00,-4.6
2019-05-10T12:00:00+02:00,-4.6
2019-05-10T15:00:00+02:00,-4.61
2019-05-10T18:00:00+02:00,-4.61
2019-05-10T21:00:00+02:00,-4.61
2019-05-11T02:01:00+02:00,-4.61
2019-05-11T03:00:00+02:00,-4.61
2019-05-11T06:00:00+02:00,-4.62
2019-05-11T09:00:00+02:00,-4.63
2019-05-11T12:00:00+02:00,-4.64
2019-05-11T15:00:00+02:00,-4.66
2019-05-11T18:00:00+02:00,-4.67
2019-05-11T21:00:00+02:00,-4.67
2019-05-12T02:01:00+02:00,-4.67
2019-05-12T03:00:00+02:00,-4.67
2019-05-12T06:00:00+02:00,-4.68
2019-05-12T09:00:00+02:00,-4.68
2019-05-12T12:00:00+02:00,-4.68
2019-05-12T15:00:00+02:00,-4.69
2019-05-12T18:00:00+02:00,-4.69
2019-05-12T21:00:00+02:00,-4.69
2019-05-13T02:01:00+02:00,-4.69
2019-05-13T03:00:00+02:00,-4.69
2019-05-13T06:00:00+02:00,-4.69
2019-05-13T09:00:00+02:00,-4.69
2019-05-13T12:00:00+02:00,-4.67
2019-05-13T15:00:00+02:00,-4.67
2019-05-13T18:00:00+02:00,-4.67
2019-05-13T21:00:00+02:00,-4.68
2019-05-14T02:01:00+02:00,-4.68
2019-05-14T03:00:00+02:00,-4.67
2019-05-14T06:00:00+02:00,-4.67
2019-05-14T09:00:00+02:00,-4.66
2019-05-14T12:00:00+02:00,-4.65
2019-05-14T15:00:00+02:00,-4.64
2019-05-14T18:00:00+02:00,-4.65
2019-05-14T21:00:00+02:00,-4.66
2019-05-15T02:01:00+02:00,-4.66
2019-05-15T03:00:00+02:00,-4.65
2019-05-15T06:00:00+02:00,-4.66
2019-05-15T09:00:00+02:00,-4.65
2019-05-15T12:00:00+02:00,-4.64
2019-05-15T15:00:00+02:00,-4.63
2019-05-15T18:00:00+02:00,-4.64
2019-05-15T21:00:00+02:00,-4.65
2019-05-16T02:01:00+02:00,-4.64
2019-05-16T03:00:00+02:00,-4.64
2019-05-16T06:00:00+02:00,-4.64
2019-05-16T09:00:00+02:00,-4.62
2019-05-16T12:00:00+02:00,-4.62
2019-05-16T15:00:00+02:00,-4.6
2019-05-16T18:00:00+02:00,-4.61
2019-05-16T21:00:00+02:00,-4.61
2019-05-17T02:01:00+02:00,-4.6
2019-05-17T03:00:00+02:00,-4.6
2019-05-17T06:00:00+02:00,-4.61
2019-05-17T09:00:00+02:00,-4.59
2019-05-17T12:00:00+02:00,-4.6
2019-05-17T15:00:00+02:00,-4.6
2019-05-17T18:00:00+02:00,-4.6
2019-05-17T21:00:00+02:00,-4.61
2019-05-18T02:01:00+02:00,-4.6
2019-05-18T03:00:00+02:00,-4.6
2019-05-18T06:00:00+02:00,-4.6
2019-05-18T09:00:00+02:00,-4.6
2019-05-18T12:00:00+02:00,-4.61
2019-05-18T15:00:00+02:00,-4.61
2019-05-18T18:00:00+02:00,-4.61
2019-05-18T21:00:00+02:00,-4.61
2019-05-19T02:01:00+02:00,-4.61
2019-05-19T03:00:00+02:00,-4.61
2019-05-19T06:00:00+02:00,-4.61
2019-05-19T09:00:00+02:00,-4.61
2019-05-19T12:00:00+02:00,-4.61
2019-05-19T15:00:00+02:00,-4.61
2019-05-19T18:00:00+02:00,-4.62
2019-05-19T21:00:00+02:00,-4.61
2019-05-20T02:01:00+02:00,-4.61
2019-05-20T03:00:00+02:00,-4.61
2019-05-20T06:00:00+02:00,-4.61
2019-05-20T09:00:00+02:00,-4.62
2019-05-20T12:00:00+02:00,-4.62
2019-05-20T15:00:00+02:00,-4.62
2019-05-20T18:00:00+02:00,-4.62
2019-05-20T21:00:00+02:00,-4.63
2019-05-21T02:01:00+02:00,-4.63
2019-05-21T03:00:00+02:00,-4.63
2019-05-21T06:00:00+02:00,-4.63
2019-05-21T09:00:00+02:00,-4.64
2019-05-21T12:00:00+02:00,-4.64
2019-05-21T15:00:00+02:00,-4.64
2019-05-21T18:00:00+02:00,-4.64
2019-05-21T21:00:00+02:00,-4.65
2019-05-22T02:01:00+02:00,-4.65
2019-05-22T03:00:00+02:00,-4.64
2019-05-22T06:00:00+02:00,-4.65
2019-05-22T09:00:00+02:00,-4.64
2019-05-22T12:00:00+02:00,-4.65
2019-05-22T15:00:00+02:00,-4.65
2019-05-22T18:00:00+02:00,-4.65
2019-05-22T21:00:00+02:00,-4.65
2019-05-23T02:01:00+02:00,-4.64
2019-05-23T03:00:00+02:00,-4.64
2019-05-23T06:00:00+02:00,-4.65
2019-05-23T09:00:00+02:00,-4.64
2019-05-23T12:00:00+02:00,-4.64
2019-05-23T15:00:00+02:00,-4.64
2019-05-23T18:00:00+02:00,-4.64
2019-05-23T21:00:00+02:00,-4.65
2019-05-24T02:01:00+02:00,-4.64
2019-05-24T03:00:00+02:00,-4.64
2019-05-24T06:00:00+02:00,-4.64
2019-05-24T09:00:00+02:00,-4.64
2019-05-24T12:00:00+02:00,-4.65
2019-05-24T15:00:00+02:00,-4.65
2019-05-24T18:00:00+02:00,-4.66
2019-05-24T21:00:00+02:00,-4.66
2019-05-25T02:01:00+02:00,-4.66
2019-05-25T03:00:00+02:00,-4.66
2019-05-25T06:00:00+02:00,-4.67
2019-05-25T09:00:00+02:00,-4.67
2019-05-25T12:00:00+02:00,-4.66
2019-05-25T15:00:00+02:00,-4.66
2019-05-25T18:00:00+02:00,-4.66
2019-05-25T21:00:00+02:00,-4.66
2019-05-26T02:01:00+02:00,-4.64
2019-05-26T03:00:00+02:00,-4.64
2019-05-26T06:00:00+02:00,-4.64
2019-05-26T09:00:00+02:00,-4.64
2019-05-26T12:00:00+02:00,-4.64
2019-05-26T15:00:00+02:00,-4.63
2019-05-26T18:00:00+02:00,-4.63
2019-05-26T21:00:00+02:00,-4.63
2019-05-27T02:01:00+02:00,-4.63
2019-05-27T03:00:00+02:00,-4.62
2019-05-27T06:00:00+02:00,-4.63
2019-05-27T09:00:00+02:00,-4.63
2019-05-27T12:00:00+02:00,-4.63
2019-05-27T15:00:00+02:00,-4.63
2019-05-27T18:00:00+02:00,-4.63
2019-05-27T21:00:00+02:00,-4.63
2019-05-28T02:01:00+02:00,-4.63
2019-05-28T03:00:00+02:00,-4.63
2019-05-28T06:00:00+02:00,-4.64
2019-05-28T09:00:00+02:00,-4.64
2019-05-28T12:00:00+02:00,-4.65
2019-05-28T15:00:00+02:00,-4.66
2019-05-28T18:00:00+02:00,-4.67
2019-05-28T21:00:00+02:00,-4.67
2019-05-29T02:01:00+02:00,-4.67
2019-05-29T03:00:00+02:00,-4.67
2019-05-29T06:00:00+02:00,-4.67
2019-05-29T09:00:00+02:00,-4.67
2019-05-29T12:00:00+02:00,-4.66
2019-05-29T15:00:00+02:00,-4.66
2019-05-29T18:00:00+02:00,-4.66
2019-05-29T21:00:00+02:00,-4.67
2019-05-30T02:01:00+02:00,-4.66
2019-05-30T03:00:00+02:00,-4.66
2019-05-30T06:00:00+02:00,-4.67
2019-05-30T09:00:00+02:00,-4.68
2019-05-30T12:00:00+02:00,-4.68
2019-05-30T15:00:00+02:00,-4.68
2019-05-30T18:00:00+02:00,-4.67
2019-05-30T21:00:00+02:00,-4.68
2019-05-31T02:01:00+02:00,-4.67
2019-05-31T03:00:00+02:00,-4.68
2019-05-31T06:00:00+02:00,-4.68
2019-05-31T09:00:00+02:00,-4.68
2019-05-31T12:00:00+02:00,-4.69
2019-05-31T15:00:00+02:00,-4.68
2019-05-31T18:00:00+02:00,-4.68
2019-05-31T21:00:00+02:00,-4.68
2019-06-01T02:01:00+02:00,-4.68
2019-06-01T03:00:00+02:00,-4.68
2019-06-01T06:00:00+02:00,-4.68
2019-06-01T09:00:00+02:00,-4.69
2019-06-01T12:00:00+02:00,-4.68
2019-06-01T15:00:00+02:00,-4.67
2019-06-01T18:00:00+02:00,-4.67
2019-06-01T21:00:00+02:00,-4.66
2019-06-02T02:01:00+02:00,-4.66
2019-06-02T03:00:00+02:00,-4.65
2019-06-02T06:00:00+02:00,-4.65
2019-06-02T09:00:00+02:00,-4.65
2019-06-02T12:00:00+02:00,-4.64
2019-06-02T15:00:00+02:00,-4.64
2019-06-02T18:00:00+02:00,-4.64
2019-06-02T21:00:00+02:00,-4.65
2019-06-03T02:01:00+02:00,-4.65
2019-06-03T03:00:00+02:00,-4.65
2019-06-03T06:00:00+02:00,-4.66
2019-06-03T09:00:00+02:00,-4.67
2019-06-03T12:00:00+02:00,-4.68
2019-06-03T15:00:00+02:00,-4.67
2019-06-03T18:00:00+02:00,-4.67
2019-06-03T21:00:00+02:00,-4.68
2019-06-04T02:01:00+02:00,-4.68
2019-06-04T03:00:00+02:00,-4.67
2019-06-04T06:00:00+02:00,-4.67
2019-06-04T09:00:00+02:00,-4.67
2019-06-04T12:00:00+02:00,-4.66
2019-06-04T15:00:00+02:00,-4.64
2019-06-04T18:00:00+02:00,-4.63
2019-06-04T21:00:00+02:00,-4.65
2019-06-05T02:01:00+02:00,-4.66
2019-06-05T03:00:00+02:00,-4.66
2019-06-05T06:00:00+02:00,-4.67
2019-06-05T09:00:00+02:00,-4.66
2019-06-05T12:00:00+02:00,-4.67
2019-06-05T15:00:00+02:00,-4.66
2019-06-05T18:00:00+02:00,-4.65
2019-06-05T21:00:00+02:00,-4.63
2019-06-06T02:01:00+02:00,-4.65
2019-06-06T03:00:00+02:00,-4.62
2019-06-06T06:00:00+02:00,-4.64
2019-06-06T09:00:00+02:00,-4.65
2019-06-06T12:00:00+02:00,-4.65
2019-06-06T15:00:00+02:00,-4.65
2019-06-06T18:00:00+02:00,-4.64
2019-06-06T21:00:00+02:00,-4.65
2019-06-07T02:01:00+02:00,-4.64
2019-06-07T03:00:00+02:00,-4.63
2019-06-07T06:00:00+02:00,-4.62
2019-06-07T09:00:00+02:00,-4.61
2019-06-07T12:00:00+02:00,-4.6
2019-06-07T15:00:00+02:00,-4.61
2019-06-07T18:00:00+02:00,-4.61
2019-06-07T21:00:00+02:00,-4.61
2019-06-08T02:01:00+02:00,-4.61
2019-06-08T03:00:00+02:00,-4.61
2019-06-08T06:00:00+02:00,-4.62
2019-06-08T09:00:00+02:00,-4.63
2019-06-08T12:00:00+02:00,-4.64
2019-06-08T15:00:00+02:00,-4.64
2019-06-08T18:00:00+02:00,-4.65
2019-06-08T21:00:00+02:00,-4.65
2019-06-09T02:01:00+02:00,-4.65
2019-06-09T03:00:00+02:00,-4.65
2019-06-09T06:00:00+02:00,-4.65
2019-06-09T09:00:00+02:00,-4.65
2019-06-09T12:00:00+02:00,-4.64
2019-06-09T15:00:00+02:00,-4.64
2019-06-09T18:00:00+02:00,-4.63
2019-06-09T21:00:00+02:00,-4.62
2019-06-10T02:01:00+02:00,-4.62
2019-06-10T03:00:00+02:00,-4.61
2019-06-10T06:00:00+02:00,-4.61
2019-06-10T09:00:00+02:00,-4.6
2019-06-10T12:00:00+02:00,-4.6
2019-06-10T15:00:00+02:00,-4.59
2019-06-10T18:00:00+02:00,-4.59
2019-06-10T21:00:00+02:00,-4.6
2019-06-11T02:01:00+02:00,-4.58
2019-06-11T03:00:00+02:00,-4.58
2019-06-11T06:00:00+02:00,-4.59
2019-06-11T09:00:00+02:00,-4.59
2019-06-11T12:00:00+02:00,-4.59
2019-06-11T15:00:00+02:00,-4.59
2019-06-11T18:00:00+02:00,-4.59
2019-06-11T21:00:00+02:00,-4.59
2019-06-12T02:01:00+02:00,-4.59
2019-06-12T03:00:00+02:00,-4.58
2019-06-12T06:00:00+02:00,-4.57
2019-06-12T09:00:00+02:00,-4.57
2019-06-12T12:00:00+02:00,-4.57
2019-06-12T15:00:00+02:00,-4.56
2019-06-12T18:00:00+02:00,-4.57
2019-06-12T21:00:00+02:00,-4.56
2019-06-13T02:01:00+02:00,-4.56
2019-06-13T03:00:00+02:00,-4.56
2019-06-13T06:00:00+02:00,-4.56
2019-06-13T09:00:00+02:00,-4.57
2019-06-13T12:00:00+02:00,-4.56
2019-06-13T15:00:00+02:00,-4.57
2019-06-13T18:00:00+02:00,-4.56
2019-06-13T21:00:00+02:00,-4.57
2019-06-14T02:01:00+02:00,-4.57
2019-06-14T03:00:00+02:00,-4.56
2019-06-14T06:00:00+02:00,-4.57
2019-06-14T09:00:00+02:00,-4.57
2019-06-14T12:00:00+02:00,-4.57
2019-06-14T15:00:00+02:00,-4.57
2019-06-14T18:00:00+02:00,-4.56
2019-06-14T21:00:00+02:00,-4.56
2019-06-15T02:01:00+02:00,-4.55
2019-06-15T03:00:00+02:00,-4.55
2019-06-15T06:00:00+02:00,-4.56
2019-06-15T09:00:00+02:00,-4.55
2019-06-15T12:00:00+02:00,-4.56
2019-06-15T15:00:00+02:00,-4.55
2019-06-15T18:00:00+02:00,-4.55
2019-06-15T21:00:00+02:00,-4.56
2019-06-16T02:01:00+02:00,-4.56
2019-06-16T03:00:00+02:00,-4.55
2019-06-16T06:00:00+02:00,-4.56
2019-06-16T09:00:00+02:00,-4.56
2019-06-16T12:00:00+02:00,-4.56
2019-06-16T15:00:00+02:00,-4.55
2019-06-16T18:00:00+02:00,-4.55
2019-06-16T21:00:00+02:00,-4.55
2019-06-17T02:01:00+02:00,-4.55
2019-06-17T03:00:00+02:00,-4.55
2019-06-17T06:00:00+02:00,-4.55
2019-06-17T09:00:00+02:00,-4.55
2019-06-17T12:00:00+02:00,-4.54
2019-06-17T15:00:00+02:00,-4.53
2019-06-17T18:00:00+02:00,-4.53
2019-06-17T21:00:00+02:00,-4.53
2019-06-18T02:01:00+02:00,-4.53
2019-06-18T03:00:00+02:00,-4.53
2019-06-18T06:00:00+02:00,-4.53
2019-06-18T09:00:00+02:00,-4.53
2019-06-18T12:00:00+02:00,-4.52
2019-06-18T15:00:00+02:00,-4.51
2019-06-18T18:00:00+02:00,-4.51
2019-06-18T21:00:00+02:00,-4.51
2019-06-19T02:01:00+02:00,-4.5
2019-06-19T03:00:00+02:00,-4.49
2019-06-19T06:00:00+02:00,-4.5
2019-06-19T09:00:00+02:00,-4.48
2019-06-19T12:00:00+02:00,-4.5
2019-06-19T15:00:00+02:00,-4.5
2019-06-19T18:00:00+02:00,-4.5
2019-06-19T21:00:00+02:00,-4.5
2019-06-20T02:01:00+02:00,-4.51
2019-06-20T03:00:00+02:00,-4.51
2019-06-20T06:00:00+02:00,-4.51
2019-06-20T09:00:00+02:00,-4.52
2019-06-20T12:00:00+02:00,-4.53
2019-06-20T15:00:00+02:00,-4.52
2019-06-20T18:00:00+02:00,-4.53
2019-06-20T21:00:00+02:00,-4.53
2019-06-21T02:01:00+02:00,-4.54
2019-06-21T03:00:00+02:00,-4.54
2019-06-21T06:00:00+02:00,-4.54
2019-06-21T09:00:00+02:00,-4.55
2019-06-21T12:00:00+02:00,-4.56
2019-06-21T15:00:00+02:00,-4.56
2019-06-21T18:00:00+02:00,-4.57
2019-06-21T21:00:00+02:00,-4.57
2019-06-22T02:01:00+02:00,-4.58
2019-06-22T03:00:00+02:00,-4.57
2019-06-22T06:00:00+02:00,-4.58
2019-06-22T09:00:00+02:00,-4.57
2019-06-22T12:00:00+02:00,-4.58
2019-06-22T15:00:00+02:00,-4.58
2019-06-22T18:00:00+02:00,-4.57
2019-06-22T21:00:00+02:00,-4.57
2019-06-23T02:01:00+02:00,-4.57
2019-06-23T03:00:00+02:00,-4.57
2019-06-23T06:00:00+02:00,-4.57
2019-06-23T09:00:00+02:00,-4.57
2019-06-23T12:00:00+02:00,-4.57
2019-06-23T15:00:00+02:00,-4.56
2019-06-23T18:00:00+02:00,-4.56
2019-06-23T21:00:00+02:00,-4.58
2019-06-24T02:01:00+02:00,-4.58
2019-06-24T03:00:00+02:00,-4.57
2019-06-24T06:00:00+02:00,-4.58
2019-06-24T09:00:00+02:00,-4.58
2019-06-24T12:00:00+02:00,-4.58
2019-06-24T15:00:00+02:00,-4.58
2019-06-24T18:00:00+02:00,-4.58
2019-06-24T21:00:00+02:00,-4.58
2019-06-25T02:01:00+02:00,-4.57
2019-06-25T03:00:00+02:00,-4.56
2019-06-25T06:00:00+02:00,-4.57
2019-06-25T09:00:00+02:00,-4.57
2019-06-25T12:00:00+02:00,-4.57
2019-06-25T15:00:00+02:00,-4.58
2019-06-25T18:00:00+02:00,-4.59
2019-06-25T21:00:00+02:00,-4.59
2019-06-26T02:01:00+02:00,-4.59
2019-06-26T03:00:00+02:00,-4.6
2019-06-26T06:00:00+02:00,-4.61
2019-06-26T09:00:00+02:00,-4.63
2019-06-26T12:00:00+02:00,-4.63
2019-06-26T15:00:00+02:00,-4.63
2019-06-26T18:00:00+02:00,-4.63
2019-06-26T21:00:00+02:00,-4.63
2019-06-27T02:01:00+02:00,-4.63
2019-06-27T03:00:00+02:00,-4.63
2019-06-27T06:00:00+02:00,-4.64
2019-06-27T09:00:00+02:00,-4.64
2019-06-27T12:00:00+02:00,-4.64
2019-06-27T15:00:00+02:00,-4.64
2019-06-27T18:00:00+02:00,-4.63
2019-06-27T21:00:00+02:00,-4.63
2019-06-28T02:01:00+02:00,-4.63
2019-06-28T03:00:00+02:00,-4.63
2019-06-28T06:00:00+02:00,-4.63
2019-06-28T09:00:00+02:00,-4.63
2019-06-28T12:00:00+02:00,-4.63
2019-06-28T15:00:00+02:00,-4.62
2019-06-28T18:00:00+02:00,-4.61
2019-06-28T21:00:00+02:00,-4.62
2019-06-29T02:01:00+02:00,-4.61
2019-06-29T03:00:00+02:00,-4.61
2019-06-29T06:00:00+02:00,-4.61
2019-06-29T09:00:00+02:00,-4.61
2019-06-29T12:00:00+02:00,-4.6
2019-06-29T15:00:00+02:00,-4.59
2019-06-29T18:00:00+02:00,-4.59
2019-06-29T21:00:00+02:00,-4.59
2019-06-30T02:01:00+02:00,-4.58
2019-06-30T03:00:00+02:00,-4.57
2019-06-30T06:00:00+02:00,-4.6
2019-06-30T09:00:00+02:00,-4.61
2019-06-30T12:00:00+02:00,-4.61
2019-06-30T15:00:00+02:00,-4.62
2019-06-30T18:00:00+02:00,-4.6
2019-06-30T21:00:00+02:00,-4.6
2019-07-01T02:01:00+02:00,-4.61
2019-07-01T03:00:00+02:00,-4.61
2019-07-01T06:00:00+02:00,-4.61
2019-07-01T09:00:00+02:00,-4.63
2019-07-01T12:00:00+02:00,-4.63
2019-07-01T15:00:00+02:00,-4.63
2019-07-01T18:00:00+02:00,-4.63
2019-07-01T21:00:00+02:00,-4.64
2019-07-02T02:01:00+02:00,-4.64
2019-07-02T03:00:00+02:00,-4.65
2019-07-02T06:00:00+02:00,-4.65
2019-07-02T09:00:00+02:00,-4.66
2019-07-02T12:00:00+02:00,-4.66
2019-07-02T15:00:00+02:00,-4.66
2019-07-02T18:00:00+02:00,-4.66
2019-07-02T21:00:00+02:00,-4.66
2019-07-03T02:01:00+02:00,-4.66
2019-07-03T03:00:00+02:00,-4.66
2019-07-03T06:00:00+02:00,-4.67
2019-07-03T09:00:00+02:00,-4.67
2019-07-03T12:00:00+02:00,-4.68
2019-07-03T15:00:00+02:00,-4.67
2019-07-03T18:00:00+02:00,-4.67
2019-07-03T21:00:00+02:00,-4.68
2019-07-04T02:01:00+02:00,-4.67
2019-07-04T03:00:00+02:00,-4.67
2019-07-04T06:00:00+02:00,-4.67
2019-07-04T09:00:00+02:00,-4.67
2019-07-04T12:00:00+02:00,-4.66
2019-07-04T15:00:00+02:00,-4.66
2019-07-04T18:00:00+02:00,-4.66
2019-07-04T21:00:00+02:00,-4.65
2019-07-05T02:01:00+02:00,-4.65
2019-07-05T03:00:00+02:00,-4.65
2019-07-05T06:00:00+02:00,-4.65
2019-07-05T09:00:00+02:00,-4.66
2019-07-05T12:00:00+02:00,-4.66
2019-07-05T15:00:00+02:00,-4.65
2019-07-05T18:00:00+02:00,-4.65
2019-07-05T21:00:00+02:00,-4.65
2019-07-06T02:01:00+02:00,-4.64
2019-07-06T03:00:00+02:00,-4.63
2019-07-06T06:00:00+02:00,-4.64
2019-07-06T09:00:00+02:00,-4.65
2019-07-06T12:00:00+02:00,-4.65
2019-07-06T15:00:00+02:00,-4.65
2019-07-06T18:00:00+02:00,-4.65
2019-07-06T21:00:00+02:00,-4.65
2019-07-07T02:01:00+02:00,-4.65
2019-07-07T03:00:00+02:00,-4.65
2019-07-07T06:00:00+02:00,-4.66
2019-07-07T09:00:00+02:00,-4.67
2019-07-07T12:00:00+02:00,-4.66
2019-07-07T15:00:00+02:00,-4.67
2019-07-07T18:00:00+02:00,-4.67
2019-07-07T21:00:00+02:00,-4.67
2019-07-08T02:01:00+02:00,-4.67
2019-07-08T03:00:00+02:00,-4.67
2019-07-08T06:00:00+02:00,-4.68
2019-07-08T09:00:00+02:00,-4.68
2019-07-08T12:00:00+02:00,-4.68
2019-07-08T15:00:00+02:00,-4.68
2019-07-08T18:00:00+02:00,-4.69
2019-07-08T21:00:00+02:00,-4.69
2019-07-09T02:01:00+02:00,-4.69
2019-07-09T03:00:00+02:00,-4.68
2019-07-09T06:00:00+02:00,-4.69
2019-07-09T09:00:00+02:00,-4.69
2019-07-09T12:00:00+02:00,-4.69
2019-07-09T15:00:00+02:00,-4.69
2019-07-09T18:00:00+02:00,-4.68
2019-07-09T21:00:00+02:00,-4.69
2019-07-10T02:01:00+02:00,-4.68
2019-07-10T03:00:00+02:00,-4.68
2019-07-10T06:00:00+02:00,-4.69
2019-07-10T09:00:00+02:00,-4.68
2019-07-10T12:00:00+02:00,-4.68
2019-07-10T15:00:00+02:00,-4.67
2019-07-10T18:00:00+02:00,-4.67
2019-07-10T21:00:00+02:00,-4.66
2019-07-11T02:01:00+02:00,-4.65
2019-07-11T03:00:00+02:00,-4.64
2019-07-11T06:00:00+02:00,-4.65
2019-07-11T09:00:00+02:00,-4.65
2019-07-11T12:00:00+02:00,-4.65
2019-07-11T15:00:00+02:00,-4.64
2019-07-11T18:00:00+02:00,-4.64
2019-07-11T21:00:00+02:00,-4.64
2019-07-12T02:01:00+02:00,-4.64
2019-07-12T03:00:00+02:00,-4.63
2019-07-12T06:00:00+02:00,-4.64
2019-07-12T09:00:00+02:00,-4.65
2019-07-12T12:00:00+02:00,-4.66
2019-07-12T15:00:00+02:00,-4.65
2019-07-12T18:00:00+02:00,-4.65
2019-07-12T21:00:00+02:00,-4.66
2019-07-13T02:01:00+02:00,-4.66
2019-07-13T03:00:00+02:00,-4.66
2019-07-13T06:00:00+02:00,-4.67
2019-07-13T09:00:00+02:00,-4.67
2019-07-13T12:00:00+02:00,-4.67
2019-07-13T15:00:00+02:00,-4.67
2019-07-13T18:00:00+02:00,-4.66
2019-07-13T21:00:00+02:00,-4.67
2019-07-14T02:01:00+02:00,-4.66
2019-07-14T03:00:00+02:00,-4.66
2019-07-14T06:00:00+02:00,-4.66
2019-07-14T09:00:00+02:00,-4.67
2019-07-14T12:00:00+02:00,-4.66
2019-07-14T15:00:00+02:00,-4.66
2019-07-14T18:00:00+02:00,-4.66
2019-07-14T21:00:00+02:00,-4.66
2019-07-15T02:01:00+02:00,-4.66
2019-07-15T03:00:00+02:00,-4.65
2019-07-15T06:00:00+02:00,-4.66
2019-07-15T09:00:00+02:00,-4.66
2019-07-15T12:00:00+02:00,-4.66
2019-07-15T15:00:00+02:00,-4.67
2019-07-15T18:00:00+02:00,-4.66
2019-07-15T21:00:00+02:00,-4.67
2019-07-16T02:01:00+02:00,-4.66
2019-07-16T03:00:00+02:00,-4.65
2019-07-16T06:00:00+02:00,-4.66
2019-07-16T09:00:00+02:00,-4.66
2019-07-16T12:00:00+02:00,-4.65
2019-07-16T15:00:00+02:00,-4.65
2019-07-16T18:00:00+02:00,-4.64
2019-07-16T21:00:00+02:00,-4.65
2019-07-17T02:01:00+02:00,-4.65
2019-07-17T03:00:00+02:00,-4.65
2019-07-17T06:00:00+02:00,-4.65
2019-07-17T09:00:00+02:00,-4.65
2019-07-17T12:00:00+02:00,-4.65
2019-07-17T15:00:00+02:00,-4.64
2019-07-17T18:00:00+02:00,-4.63
2019-07-17T21:00:00+02:00,-4.64
2019-07-18T02:01:00+02:00,-4.63
2019-07-18T03:00:00+02:00,-4.63
2019-07-18T06:00:00+02:00,-4.63
2019-07-18T09:00:00+02:00,-4.64
2019-07-18T12:00:00+02:00,-4.64
2019-07-18T15:00:00+02:00,-4.64
2019-07-18T18:00:00+02:00,-4.63
2019-07-18T21:00:00+02:00,-4.64
2019-07-19T02:01:00+02:00,-4.64
2019-07-19T03:00:00+02:00,-4.64
2019-07-19T06:00:00+02:00,-4.65
2019-07-19T09:00:00+02:00,-4.65
2019-07-19T12:00:00+02:00,-4.64
2019-07-19T15:00:00+02:00,-4.63
2019-07-19T18:00:00+02:00,-4.64
2019-07-19T21:00:00+02:00,-4.63
2019-07-20T02:01:00+02:00,-4.62
2019-07-20T03:00:00+02:00,-4.62
2019-07-20T06:00:00+02:00,-4.63
2019-07-20T09:00:00+02:00,-4.64
2019-07-20T12:00:00+02:00,-4.63
2019-07-20T15:00:00+02:00,-4.63
2019-07-20T18:00:00+02:00,-4.63
2019-07-20T21:00:00+02:00,-4.64
2019-07-21T02:01:00+02:00,-4.64
2019-07-21T03:00:00+02:00,-4.64
2019-07-21T06:00:00+02:00,-4.65
2019-07-21T09:00:00+02:00,-4.66
2019-07-21T12:00:00+02:00,-4.66
2019-07-21T15:00:00+02:00,-4.66
2019-07-21T18:00:00+02:00,-4.65
2019-07-21T21:00:00+02:00,-4.66
2019-07-22T02:01:00+02:00,-4.65
2019-07-22T03:00:00+02:00,-4.65
2019-07-22T06:00:00+02:00,-4.65
2019-07-22T09:00:00+02:00,-4.66
2019-07-22T12:00:00+02:00,-4.66
2019-07-22T15:00:00+02:00,-4.66
2019-07-22T18:00:00+02:00,-4.66
2019-07-22T21:00:00+02:00,-4.66
2019-07-23T02:01:00+02:00,-4.66
2019-07-23T03:00:00+02:00,-4.66
2019-07-23T06:00:00+02:00,-4.66
2019-07-23T09:00:00+02:00,-4.66
2019-07-23T12:00:00+02:00,-4.65
2019-07-23T15:00:00+02:00,-4.65
2019-07-23T18:00:00+02:00,-4.65
2019-07-23T21:00:00+02:00,-4.66
2019-07-24T02:01:00+02:00,-4.64
2019-07-24T03:00:00+02:00,-4.64
2019-07-24T06:00:00+02:00,-4.65
2019-07-24T09:00:00+02:00,-4.65
2019-07-24T12:00:00+02:00,-4.65
2019-07-24T15:00:00+02:00,-4.66
2019-07-24T18:00:00+02:00,-4.67
2019-07-24T21:00:00+02:00,-4.68
2019-07-25T02:01:00+02:00,-4.67
2019-07-25T03:00:00+02:00,-4.67
2019-07-25T06:00:00+02:00,-4.67
2019-07-25T09:00:00+02:00,-4.66
2019-07-25T12:00:00+02:00,-4.66
2019-07-25T15:00:00+02:00,-4.65
2019-07-25T18:00:00+02:00,-4.66
2019-07-25T21:00:00+02:00,-4.66
2019-07-26T02:01:00+02:00,-4.67
2019-07-26T03:00:00+02:00,-4.66
2019-07-26T06:00:00+02:00,-4.67
2019-07-26T09:00:00+02:00,-4.65
2019-07-26T12:00:00+02:00,-4.65
2019-07-26T15:00:00+02:00,-4.66
2019-07-26T18:00:00+02:00,-4.66
2019-07-26T21:00:00+02:00,-4.67
2019-07-27T02:01:00+02:00,-4.66
2019-07-27T03:00:00+02:00,-4.65
2019-07-27T06:00:00+02:00,-4.66
2019-07-27T09:00:00+02:00,-4.66
2019-07-27T12:00:00+02:00,-4.66
2019-07-27T15:00:00+02:00,-4.66
2019-07-27T18:00:00+02:00,-4.67
2019-07-27T21:00:00+02:00,-4.67
2019-07-28T02:01:00+02:00,-4.66
2019-07-28T03:00:00+02:00,-4.67
2019-07-28T06:00:00+02:00,-4.68
2019-07-28T09:00:00+02:00,-4.68
2019-07-28T12:00:00+02:00,-4.69
2019-07-28T15:00:00+02:00,-4.69
2019-07-28T18:00:00+02:00,-4.69
2019-07-28T21:00:00+02:00,-4.7
2019-07-29T02:01:00+02:00,-4.7
2019-07-29T03:00:00+02:00,-4.7
2019-07-29T06:00:00+02:00,-4.7
2019-07-29T09:00:00+02:00,-4.71
2019-07-29T12:00:00+02:00,-4.7
2019-07-29T15:00:00+02:00,-4.7
2019-07-29T18:00:00+02:00,-4.7
2019-07-29T21:00:00+02:00,-4.7
2019-07-30T02:01:00+02:00,-4.7
2019-07-30T03:00:00+02:00,-4.7
2019-07-30T06:00:00+02:00,-4.7
2019-07-30T09:00:00+02:00,-4.7
2019-07-30T12:00:00+02:00,-4.7
2019-07-30T15:00:00+02:00,-4.69
2019-07-30T18:00:00+02:00,-4.69
2019-07-30T21:00:00+02:00,-4.71
2019-07-31T02:01:00+02:00,-4.7
2019-07-31T03:00:00+02:00,-4.7
2019-07-31T06:00:00+02:00,-4.71
2019-07-31T09:00:00+02:00,-4.71
2019-07-31T12:00:00+02:00,-4.72
2019-07-31T15:00:00+02:00,-4.71
2019-07-31T18:00:00+02:00,-4.71
2019-07-31T21:00:00+02:00,-4.71
2019-08-01T02:01:00+02:00,-4.71
2019-08-01T03:00:00+02:00,-4.7
2019-08-01T06:00:00+02:00,-4.71
2019-08-01T09:00:00+02:00,-4.71
2019-08-01T12:00:00+02:00,-4.71
2019-08-01T15:00:00+02:00,-4.7
2019-08-01T18:00:00+02:00,-4.69
2019-08-01T21:00:00+02:00,-4.69
2019-08-02T02:01:00+02:00,-4.68
2019-08-02T03:00:00+02:00,-4.69
2019-08-02T06:00:00+02:00,-4.68
2019-08-02T09:00:00+02:00,-4.68
2019-08-02T12:00:00+02:00,-4.69
2019-08-02T15:00:00+02:00,-4.69
2019-08-02T18:00:00+02:00,-4.69
2019-08-02T21:00:00+02:00,-4.7
2019-08-03T02:01:00+02:00,-4.69
2019-08-03T03:00:00+02:00,-4.69
2019-08-03T06:00:00+02:00,-4.7
2019-08-03T09:00:00+02:00,-4.7
2019-08-03T12:00:00+02:00,-4.7
2019-08-03T15:00:00+02:00,-4.69
2019-08-03T18:00:00+02:00,-4.68
2019-08-03T21:00:00+02:00,-4.68
2019-08-04T02:01:00+02:00,-4.68
2019-08-04T03:00:00+02:00,-4.68
2019-08-04T06:00:00+02:00,-4.68
2019-08-04T09:00:00+02:00,-4.68
2019-08-04T12:00:00+02:00,-4.67
2019-08-04T15:00:00+02:00,-4.66
2019-08-04T18:00:00+02:00,-4.66
2019-08-04T21:00:00+02:00,-4.65
2019-08-05T02:01:00+02:00,-4.65
2019-08-05T03:00:00+02:00,-4.64
2019-08-05T06:00:00+02:00,-4.65
2019-08-05T09:00:00+02:00,-4.66
2019-08-05T12:00:00+02:00,-4.65
2019-08-05T15:00:00+02:00,-4.65
2019-08-05T18:00:00+02:00,-4.65
2019-08-05T21:00:00+02:00,-4.65
2019-08-06T02:01:00+02:00,-4.65
2019-08-06T03:00:00+02:00,-4.65
2019-08-06T06:00:00+02:00,-4.66
2019-08-06T09:00:00+02:00,-4.66
2019-08-06T12:00:00+02:00,-4.66
2019-08-06T15:00:00+02:00,-4.65
2019-08-06T18:00:00+02:00,-4.64
2019-08-06T21:00:00+02:00,-4.65
2019-08-07T02:01:00+02:00,-4.64
2019-08-07T03:00:00+02:00,-4.64
2019-08-07T06:00:00+02:00,-4.65
2019-08-07T09:00:00+02:00,-4.65
2019-08-07T12:00:00+02:00,-4.65
2019-08-07T15:00:00+02:00,-4.65
2019-08-07T18:00:00+02:00,-4.65
2019-08-07T21:00:00+02:00,-4.65
2019-08-08T02:01:00+02:00,-4.65
2019-08-08T03:00:00+02:00,-4.66
2019-08-08T06:00:00+02:00,-4.67
2019-08-08T09:00:00+02:00,-4.68
2019-08-08T12:00:00+02:00,-4.68
2019-08-08T15:00:00+02:00,-4.67
2019-08-08T18:00:00+02:00,-4.67
2019-08-08T21:00:00+02:00,-4.67
2019-08-09T02:01:00+02:00,-4.67
2019-08-09T03:00:00+02:00,-4.66
2019-08-09T06:00:00+02:00,-4.66
2019-08-09T09:00:00+02:00,-4.66
2019-08-09T12:00:00+02:00,-4.67
2019-08-09T15:00:00+02:00,-4.66
2019-08-09T18:00:00+02:00,-4.65
2019-08-09T21:00:00+02:00,-4.66
2019-08-10T02:01:00+02:00,-4.65
2019-08-10T03:00:00+02:00,-4.65
2019-08-10T06:00:00+02:00,-4.66
2019-08-10T09:00:00+02:00,-4.67
2019-08-10T12:00:00+02:00,-4.67
2019-08-10T15:00:00+02:00,-4.67
2019-08-10T18:00:00+02:00,-4.67
2019-08-10T21:00:00+02:00,-4.68
2019-08-11T02:01:00+02:00,-4.67
2019-08-11T03:00:00+02:00,-4.68
2019-08-11T06:00:00+02:00,-4.68
2019-08-11T09:00:00+02:00,-4.69
2019-08-11T12:00:00+02:00,-4.68
2019-08-11T15:00:00+02:00,-4.67
2019-08-11T18:00:00+02:00,-4.68
2019-08-11T21:00:00+02:00,-4.68
2019-08-12T02:01:00+02:00,-4.67
2019-08-12T03:00:00+02:00,-4.68
2019-08-12T06:00:00+02:00,-4.68
2019-08-12T09:00:00+02:00,-4.7
2019-08-12T12:00:00+02:00,-4.69
2019-08-12T15:00:00+02:00,-4.68
2019-08-12T18:00:00+02:00,-4.68
2019-08-12T21:00:00+02:00,-4.69
2019-08-13T02:01:00+02:00,-4.69
2019-08-13T03:00:00+02:00,-4.69
2019-08-13T06:00:00+02:00,-4.69
2019-08-13T09:00:00+02:00,-4.7
2019-08-13T12:00:00+02:00,-4.7
2019-08-13T15:00:00+02:00,-4.69
2019-08-13T18:00:00+02:00,-4.69
2019-08-13T21:00:00+02:00,-4.69
2019-08-14T02:01:00+02:00,-4.69
2019-08-14T03:00:00+02:00,-4.68
2019-08-14T06:00:00+02:00,-4.69
2019-08-14T09:00:00+02:00,-4.69
2019-08-14T12:00:00+02:00,-4.68
2019-08-14T15:00:00+02:00,-4.67
2019-08-14T18:00:00+02:00,-4.66
2019-08-14T21:00:00+02:00,-4.65
2019-08-15T02:01:00+02:00,-4.64
2019-08-15T03:00:00+02:00,-4.63
2019-08-15T06:00:00+02:00,-4.64
2019-08-15T09:00:00+02:00,-4.65
2019-08-15T12:00:00+02:00,-4.66
2019-08-15T15:00:00+02:00,-4.67
2019-08-15T18:00:00+02:00,-4.67
2019-08-15T21:00:00+02:00,-4.68
2019-08-16T02:01:00+02:00,-4.68
2019-08-16T03:00:00+02:00,-4.67
2019-08-16T06:00:00+02:00,-4.67
2019-08-16T09:00:00+02:00,-4.67
2019-08-16T12:00:00+02:00,-4.66
2019-08-16T15:00:00+02:00,-4.65
2019-08-16T18:00:00+02:00,-4.64
2019-08-16T21:00:00+02:00,-4.64
2019-08-17T02:01:00+02:00,-4.63
2019-08-17T03:00:00+02:00,-4.63
2019-08-17T06:00:00+02:00,-4.63
2019-08-17T09:00:00+02:00,-4.64
2019-08-17T12:00:00+02:00,-4.64
2019-08-17T15:00:00+02:00,-4.64
2019-08-17T18:00:00+02:00,-4.64
2019-08-17T21:00:00+02:00,-4.63
2019-08-18T02:01:00+02:00,-4.63
2019-08-18T03:00:00+02:00,-4.62
2019-08-18T06:00:00+02:00,-4.63
2019-08-18T09:00:00+02:00,-4.63
2019-08-18T12:00:00+02:00,-4.64
2019-08-18T15:00:00+02:00,-4.65
2019-08-18T18:00:00+02:00,-4.65
2019-08-18T21:00:00+02:00,-4.65
2019-08-19T02:01:00+02:00,-4.65
2019-08-19T03:00:00+02:00,-4.65
2019-08-19T06:00:00+02:00,-4.66
2019-08-19T09:00:00+02:00,-4.66
2019-08-19T12:00:00+02:00,-4.67
2019-08-19T15:00:00+02:00,-4.67
2019-08-19T18:00:00+02:00,-4.67
2019-08-19T21:00:00+02:00,-4.67
2019-08-20T02:01:00+02:00,-4.67
2019-08-20T03:00:00+02:00,-4.67
2019-08-20T06:00:00+02:00,-4.68
2019-08-20T09:00:00+02:00,-4.68
2019-08-20T12:00:00+02:00,-4.68
2019-08-20T15:00:00+02:00,-4.69
2019-08-20T18:00:00+02:00,-4.69
2019-08-20T21:00:00+02:00,-4.69
2019-08-21T02:01:00+02:00,-4.69
2019-08-21T03:00:00+02:00,-4.7
2019-08-21T06:00:00+02:00,-4.7
2019-08-21T09:00:00+02:00,-4.7
2019-08-21T12:00:00+02:00,-4.7
2019-08-21T15:00:00+02:00,-4.69
2019-08-21T18:00:00+02:00,-4.68
2019-08-21T21:00:00+02:00,-4.69
2019-08-22T02:01:00+02:00,-4.68
2019-08-22T03:00:00+02:00,-4.68
2019-08-22T06:00:00+02:00,-4.69
2019-08-22T09:00:00+02:00,-4.69
2019-08-22T12:00:00+02:00,-4.68
2019-08-22T15:00:00+02:00,-4.68
2019-08-22T18:00:00+02:00,-4.68
2019-08-22T21:00:00+02:00,-4.68
2019-08-23T02:01:00+02:00,-4.69
2019-08-23T03:00:00+02:00,-4.69
2019-08-23T06:00:00+02:00,-4.69
2019-08-23T09:00:00+02:00,-4.7
2019-08-23T12:00:00+02:00,-4.69
2019-08-23T15:00:00+02:00,-4.68
2019-08-23T18:00:00+02:00,-4.68
2019-08-23T21:00:00+02:00,-4.68
2019-08-24T02:01:00+02:00,-4.67
2019-08-24T03:00:00+02:00,-4.67
2019-08-24T06:00:00+02:00,-4.68
2019-08-24T09:00:00+02:00,-4.69
2019-08-24T12:00:00+02:00,-4.67
2019-08-24T15:00:00+02:00,-4.67
2019-08-24T18:00:00+02:00,-4.67
2019-08-24T21:00:00+02:00,-4.67
2019-08-25T02:01:00+02:00,-4.66
2019-08-25T03:00:00+02:00,-4.67
2019-08-25T06:00:00+02:00,-4.67
2019-08-25T09:00:00+02:00,-4.68
2019-08-25T12:00:00+02:00,-4.67
2019-08-25T15:00:00+02:00,-4.67
2019-08-25T18:00:00+02:00,-4.68
2019-08-25T21:00:00+02:00,-4.68
2019-08-26T02:01:00+02:00,-4.67
2019-08-26T03:00:00+02:00,-4.67
2019-08-26T06:00:00+02:00,-4.68
2019-08-26T09:00:00+02:00,-4.68
2019-08-26T12:00:00+02:00,-4.67
2019-08-26T15:00:00+02:00,-4.67
2019-08-26T18:00:00+02:00,-4.67
2019-08-26T21:00:00+02:00,-4.67
2019-08-27T02:01:00+02:00,-4.66
2019-08-27T03:00:00+02:00,-4.66
2019-08-27T06:00:00+02:00,-4.67
2019-08-27T09:00:00+02:00,-4.67
2019-08-27T12:00:00+02:00,-4.66
2019-08-27T15:00:00+02:00,-4.66
2019-08-27T18:00:00+02:00,-4.67
2019-08-27T21:00:00+02:00,-4.67
2019-08-28T02:01:00+02:00,-4.66
2019-08-28T03:00:00+02:00,-4.66
2019-08-28T06:00:00+02:00,-4.67
2019-08-28T09:00:00+02:00,-4.67
2019-08-28T12:00:00+02:00,-4.68
2019-08-28T15:00:00+02:00,-4.67
2019-08-28T18:00:00+02:00,-4.67
2019-08-28T21:00:00+02:00,-4.68
2019-08-29T02:01:00+02:00,-4.68
2019-08-29T03:00:00+02:00,-4.68
2019-08-29T06:00:00+02:00,-4.69
2019-08-29T09:00:00+02:00,-4.7
2019-08-29T12:00:00+02:00,-4.71
2019-08-29T15:00:00+02:00,-4.7
2019-08-29T18:00:00+02:00,-4.7
2019-08-29T21:00:00+02:00,-4.71
2019-08-30T02:01:00+02:00,-4.71
2019-08-30T03:00:00+02:00,-4.71
2019-08-30T06:00:00+02:00,-4.72
2019-08-30T09:00:00+02:00,-4.72
2019-08-30T12:00:00+02:00,-4.72
2019-08-30T15:00:00+02:00,-4.71
2019-08-30T18:00:00+02:00,-4.7
2019-08-30T21:00:00+02:00,-4.7
2019-08-31T02:01:00+02:00,-4.69
2019-08-31T03:00:00+02:00,-4.69
2019-08-31T06:00:00+02:00,-4.7
2019-08-31T09:00:00+02:00,-4.69
2019-08-31T12:00:00+02:00,-4.68
2019-08-31T15:00:00+02:00,-4.66
2019-08-31T18:00:00+02:00,-4.67
2019-08-31T21:00:00+02:00,-4.68
2019-09-01T02:01:00+02:00,-4.68
2019-09-01T03:00:00+02:00,-4.69
2019-09-01T06:00:00+02:00,-4.7
2019-09-01T09:00:00+02:00,-4.71
2019-09-01T12:00:00+02:00,-4.71
2019-09-01T15:00:00+02:00,-4.71
2019-09-01T18:00:00+02:00,-4.71
2019-09-01T21:00:00+02:00,-4.72
2019-09-02T02:01:00+02:00,-4.72
2019-09-02T03:00:00+02:00,-4.72
2019-09-02T06:00:00+02:00,-4.73
2019-09-02T09:00:00+02:00,-4.73
2019-09-02T12:00:00+02:00,-4.73
2019-09-02T15:00:00+02:00,-4.73
2019-09-02T18:00:00+02:00,-4.73
2019-09-02T21:00:00+02:00,-4.72
2019-09-03T02:01:00+02:00,-4.72
2019-09-03T03:00:00+02:00,-4.72
2019-09-03T06:00:00+02:00,-4.73
2019-09-03T09:00:00+02:00,-4.73
2019-09-03T12:00:00+02:00,-4.73
2019-09-03T15:00:00+02:00,-4.73
2019-09-03T18:00:00+02:00,-4.72
2019-09-03T21:00:00+02:00,-4.72
2019-09-04T02:01:00+02:00,-4.71
2019-09-04T03:00:00+02:00,-4.71
2019-09-04T06:00:00+02:00,-4.7
2019-09-04T09:00:00+02:00,-4.7
2019-09-04T12:00:00+02:00,-4.69
2019-09-04T15:00:00+02:00,-4.69
2019-09-04T18:00:00+02:00,-4.7
2019-09-04T21:00:00+02:00,-4.69
2019-09-05T02:01:00+02:00,-4.69
2019-09-05T03:00:00+02:00,-4.7
2019-09-05T06:00:00+02:00,-4.71
2019-09-05T09:00:00+02:00,-4.72
2019-09-05T12:00:00+02:00,-4.72
2019-09-05T15:00:00+02:00,-4.72
2019-09-05T18:00:00+02:00,-4.72
2019-09-05T21:00:00+02:00,-4.72
2019-09-06T02:01:00+02:00,-4.71
2019-09-06T03:00:00+02:00,-4.71
2019-09-06T06:00:00+02:00,-4.72
2019-09-06T09:00:00+02:00,-4.71
2019-09-06T12:00:00+02:00,-4.7
2019-09-06T15:00:00+02:00,-4.69
2019-09-06T18:00:00+02:00,-4.69
2019-09-06T21:00:00+02:00,-4.69
2019-09-07T02:01:00+02:00,-4.69
2019-09-07T03:00:00+02:00,-4.69
2019-09-07T06:00:00+02:00,-4.69
2019-09-07T09:00:00+02:00,-4.69
2019-09-07T12:00:00+02:00,-4.69
2019-09-07T15:00:00+02:00,-4.69
2019-09-07T18:00:00+02:00,-4.7
2019-09-07T21:00:00+02:00,-4.69
2019-09-08T02:01:00+02:00,-4.69
2019-09-08T03:00:00+02:00,-4.69
2019-09-08T06:00:00+02:00,-4.69
2019-09-08T09:00:00+02:00,-4.69
2019-09-08T12:00:00+02:00,-4.68
2019-09-08T15:00:00+02:00,-4.68
2019-09-08T18:00:00+02:00,-4.68
2019-09-08T21:00:00+02:00,-4.68
2019-09-09T02:01:00+02:00,-4.67
2019-09-09T03:00:00+02:00,-4.67
2019-09-09T06:00:00+02:00,-4.67
2019-09-09T09:00:00+02:00,-4.66
2019-09-09T12:00:00+02:00,-4.66
2019-09-09T15:00:00+02:00,-4.66
2019-09-09T18:00:00+02:00,-4.67
2019-09-09T21:00:00+02:00,-4.67
2019-09-10T02:01:00+02:00,-4.67
2019-09-10T03:00:00+02:00,-4.67
2019-09-10T06:00:00+02:00,-4.68
2019-09-10T09:00:00+02:00,-4.68
2019-09-10T12:00:00+02:00,-4.68
2019-09-10T15:00:00+02:00,-4.67
2019-09-10T18:00:00+02:00,-4.68
2019-09-10T21:00:00+02:00,-4.68
2019-09-11T02:01:00+02:00,-4.68
2019-09-11T03:00:00+02:00,-4.67
2019-09-11T06:00:00+02:00,-4.68
2019-09-11T09:00:00+02:00,-4.68
2019-09-11T12:00:00+02:00,-4.67
2019-09-11T15:00:00+02:00,-4.67
2019-09-11T18:00:00+02:00,-4.68
2019-09-11T21:00:00+02:00,-4.68
2019-09-12T02:01:00+02:00,-4.69
2019-09-12T03:00:00+02:00,-4.68
2019-09-12T06:00:00+02:00,-4.69
2019-09-12T09:00:00+02:00,-4.7
2019-09-12T12:00:00+02:00,-4.69
2019-09-12T15:00:00+02:00,-4.68
2019-09-12T18:00:00+02:00,-4.67
2019-09-12T21:00:00+02:00,-4.67
2019-09-13T02:01:00+02:00,-4.67
2019-09-13T03:00:00+02:00,-4.67
2019-09-13T06:00:00+02:00,-4.69
2019-09-13T09:00:00+02:00,-4.7
2019-09-13T12:00:00+02:00,-4.69
2019-09-13T15:00:00+02:00,-4.69
2019-09-13T18:00:00+02:00,-4.7
2019-09-13T21:00:00+02:00,-4.71
2019-09-14T02:01:00+02:00,-4.7
2019-09-14T03:00:00+02:00,-4.7
2019-09-14T06:00:00+02:00,-4.7
2019-09-14T09:00:00+02:00,-4.7
2019-09-14T12:00:00+02:00,-4.7
2019-09-14T15:00:00+02:00,-4.68
2019-09-14T18:00:00+02:00,-4.68
2019-09-14T21:00:00+02:00,-4.66
2019-09-15T02:01:00+02:00,-4.66
2019-09-15T03:00:00+02:00,-4.65
2019-09-15T06:00:00+02:00,-4.65
2019-09-15T09:00:00+02:00,-4.65
2019-09-15T12:00:00+02:00,-4.65
2019-09-15T15:00:00+02:00,-4.65
2019-09-15T18:00:00+02:00,-4.65
2019-09-15T21:00:00+02:00,-4.65
2019-09-16T02:01:00+02:00,-4.65
2019-09-16T03:00:00+02:00,-4.64
2019-09-16T06:00:00+02:00,-4.64
2019-09-16T09:00:00+02:00,-4.64
2019-09-16T12:00:00+02:00,-4.64
2019-09-16T15:00:00+02:00,-4.64
2019-09-16T18:00:00+02:00,-4.64
2019-09-16T21:00:00+02:00,-4.64
2019-09-17T02:01:00+02:00,-4.63
2019-09-17T03:00:00+02:00,-4.64
2019-09-17T06:00:00+02:00,-4.64
2019-09-17T09:00:00+02:00,-4.64
2019-09-17T12:00:00+02:00,-4.65
2019-09-17T15:00:00+02:00,-4.66
2019-09-17T18:00:00+02:00,-4.66
2019-09-17T21:00:00+02:00,-4.67
2019-09-18T02:01:00+02:00,-4.67
2019-09-18T03:00:00+02:00,-4.67
2019-09-18T06:00:00+02:00,-4.68
2019-09-18T09:00:00+02:00,-4.68
2019-09-18T12:00:00+02:00,-4.67
2019-09-18T15:00:00+02:00,-4.68
2019-09-18T18:00:00+02:00,-4.69
2019-09-18T21:00:00+02:00,-4.69
2019-09-19T02:01:00+02:00,-4.69
2019-09-19T03:00:00+02:00,-4.68
2019-09-19T06:00:00+02:00,-4.69
2019-09-19T09:00:00+02:00,-4.7
2019-09-19T12:00:00+02:00,-4.69
2019-09-19T15:00:00+02:00,-4.69
2019-09-19T18:00:00+02:00,-4.69
2019-09-19T21:00:00+02:00,-4.69
2019-09-20T02:01:00+02:00,-4.69
2019-09-20T03:00:00+02:00,-4.68
2019-09-20T06:00:00+02:00,-4.69
2019-09-20T09:00:00+02:00,-4.69
2019-09-20T12:00:00+02:00,-4.68
2019-09-20T15:00:00+02:00,-4.67
2019-09-20T18:00:00+02:00,-4.67
2019-09-20T21:00:00+02:00,-4.67
2019-09-21T02:01:00+02:00,-4.66
2019-09-21T03:00:00+02:00,-4.66
2019-09-21T06:00:00+02:00,-4.66
2019-09-21T09:00:00+02:00,-4.65
2019-09-21T12:00:00+02:00,-4.64
2019-09-21T15:00:00+02:00,-4.63
2019-09-21T18:00:00+02:00,-4.63
2019-09-21T21:00:00+02:00,-4.62
2019-09-22T02:01:00+02:00,-4.61
2019-09-22T03:00:00+02:00,-4.6
2019-09-22T06:00:00+02:00,-4.61
2019-09-22T09:00:00+02:00,-4.6
2019-09-22T12:00:00+02:00,-4.59
2019-09-22T15:00:00+02:00,-4.59
2019-09-22T18:00:00+02:00,-4.59
2019-09-22T21:00:00+02:00,-4.61
2019-09-23T02:01:00+02:00,-4.61
2019-09-23T03:00:00+02:00,-4.61
2019-09-23T06:00:00+02:00,-4.61
2019-09-23T09:00:00+02:00,-4.62
2019-09-23T12:00:00+02:00,-4.62
2019-09-23T15:00:00+02:00,-4.62
2019-09-23T18:00:00+02:00,-4.63
2019-09-23T21:00:00+02:00,-4.63
2019-09-24T02:01:00+02:00,-4.62
2019-09-24T03:00:00+02:00,-4.61
2019-09-24T06:00:00+02:00,-4.61
2019-09-24T09:00:00+02:00,-4.62
2019-09-24T12:00:00+02:00,-4.6
2019-09-24T15:00:00+02:00,-4.6
2019-09-24T18:00:00+02:00,-4.61
2019-09-24T21:00:00+02:00,-4.6
2019-09-25T02:01:00+02:00,-4.61
2019-09-25T03:00:00+02:00,-4.61
2019-09-25T06:00:00+02:00,-4.61
2019-09-25T09:00:00+02:00,-4.62
2019-09-25T12:00:00+02:00,-4.61
2019-09-25T15:00:00+02:00,-4.6
2019-09-25T18:00:00+02:00,-4.6
2019-09-25T21:00:00+02:00,-4.61
2019-09-26T02:01:00+02:00,-4.61
2019-09-26T03:00:00+02:00,-4.61
2019-09-26T06:00:00+02:00,-4.61
2019-09-26T09:00:00+02:00,-4.62
2019-09-26T12:00:00+02:00,-4.61
2019-09-26T15:00:00+02:00,-4.61
2019-09-26T18:00:00+02:00,-4.6
2019-09-26T21:00:00+02:00,-4.61
2019-09-27T02:01:00+02:00,-4.61
2019-09-27T03:00:00+02:00,-4.61
2019-09-27T06:00:00+02:00,-4.6
2019-09-27T09:00:00+02:00,-4.61
2019-09-27T12:00:00+02:00,-4.6
2019-09-27T15:00:00+02:00,-4.6
2019-09-27T18:00:00+02:00,-4.6
2019-09-27T21:00:00+02:00,-4.6
2019-09-28T02:01:00+02:00,-4.61
2019-09-28T03:00:00+02:00,-4.6
2019-09-28T06:00:00+02:00,-4.61
2019-09-28T09:00:00+02:00,-4.62
2019-09-28T12:00:00+02:00,-4.61
2019-09-28T15:00:00+02:00,-4.61
2019-09-28T18:00:00+02:00,-4.61
2019-09-28T21:00:00+02:00,-4.61
2019-09-29T02:01:00+02:00,-4.6
2019-09-29T03:00:00+02:00,-4.57
2019-09-29T06:00:00+02:00,-4.56
2019-09-29T09:00:00+02:00,-4.56
2019-09-29T12:00:00+02:00,-4.55
2019-09-29T15:00:00+02:00,-4.55
2019-09-29T18:00:00+02:00,-4.54
2019-09-29T21:00:00+02:00,-4.55
2019-09-30T02:01:00+02:00,-4.6
2019-09-30T03:00:00+02:00,-4.59
2019-09-30T06:00:00+02:00,-4.6
2019-09-30T09:00:00+02:00,-4.6
2019-09-30T12:00:00+02:00,-4.6
2019-09-30T15:00:00+02:00,-4.59
2019-09-30T18:00:00+02:00,-4.58
2019-09-30T21:00:00+02:00,-4.57
2019-10-01T02:01:00+02:00,-4.54
2019-10-01T03:00:00+02:00,-4.53
2019-10-01T06:00:00+02:00,-4.54
2019-10-01T09:00:00+02:00,-4.55
2019-10-01T12:00:00+02:00,-4.54
2019-10-01T15:00:00+02:00,-4.54
2019-10-01T18:00:00+02:00,-4.54
2019-10-01T21:00:00+02:00,-4.55
2019-10-02T02:01:00+02:00,-4.56
2019-10-02T03:00:00+02:00,-4.56
2019-10-02T06:00:00+02:00,-4.57
2019-10-02T09:00:00+02:00,-4.58
2019-10-02T12:00:00+02:00,-4.57
2019-10-02T15:00:00+02:00,-4.58
2019-10-02T18:00:00+02:00,-4.57
2019-10-02T21:00:00+02:00,-4.58
2019-10-03T02:01:00+02:00,-4.57
2019-10-03T03:00:00+02:00,-4.57
2019-10-03T06:00:00+02:00,-4.57
2019-10-03T09:00:00+02:00,-4.57
2019-10-03T12:00:00+02:00,-4.56
2019-10-03T15:00:00+02:00,-4.56
2019-10-03T18:00:00+02:00,-4.54
2019-10-03T21:00:00+02:00,-4.54
2019-10-04T02:01:00+02:00,-4.52
2019-10-04T03:00:00+02:00,-4.51
2019-10-04T06:00:00+02:00,-4.49
2019-10-04T09:00:00+02:00,-4.5
2019-10-04T12:00:00+02:00,-4.5
2019-10-04T15:00:00+02:00,-4.52
2019-10-04T18:00:00+02:00,-4.53
2019-10-04T21:00:00+02:00,-4.54
2019-10-05T02:01:00+02:00,-4.54
2019-10-05T03:00:00+02:00,-4.55
2019-10-05T06:00:00+02:00,-4.56
2019-10-05T09:00:00+02:00,-4.57
2019-10-05T12:00:00+02:00,-4.56
2019-10-05T15:00:00+02:00,-4.55
2019-10-05T18:00:00+02:00,-4.56
2019-10-05T21:00:00+02:00,-4.55
2019-10-06T02:01:00+02:00,-4.54
2019-10-06T03:00:00+02:00,-4.53
2019-10-06T06:00:00+02:00,-4.53
2019-10-06T09:00:00+02:00,-4.53
2019-10-06T12:00:00+02:00,-4.51
2019-10-06T15:00:00+02:00,-4.52
2019-10-06T18:00:00+02:00,-4.52
2019-10-06T21:00:00+02:00,-4.55
2019-10-07T02:01:00+02:00,-4.55
2019-10-07T03:00:00+02:00,-4.54
2019-10-07T06:00:00+02:00,-4.54
2019-10-07T09:00:00+02:00,-4.54
2019-10-07T12:00:00+02:00,-4.53
2019-10-07T15:00:00+02:00,-4.52
2019-10-07T18:00:00+02:00,-4.51
2019-10-07T21:00:00+02:00,-4.5
2019-10-08T02:01:00+02:00,-4.48
2019-10-08T03:00:00+02:00,-4.48
2019-10-08T06:00:00+02:00,-4.48
2019-10-08T09:00:00+02:00,-4.49
2019-10-08T12:00:00+02:00,-4.48
2019-10-08T15:00:00+02:00,-4.48
2019-10-08T18:00:00+02:00,-4.48
2019-10-08T21:00:00+02:00,-4.49
2019-10-09T02:01:00+02:00,-4.49
2019-10-09T03:00:00+02:00,-4.48
2019-10-09T06:00:00+02:00,-4.48
2019-10-09T09:00:00+02:00,-4.48
2019-10-09T12:00:00+02:00,-4.48
2019-10-09T15:00:00+02:00,-4.48
2019-10-09T18:00:00+02:00,-4.48
2019-10-09T21:00:00+02:00,-4.47
2019-10-10T02:01:00+02:00,-4.48
2019-10-10T03:00:00+02:00,-4.48
2019-10-10T06:00:00+02:00,-4.48
2019-10-10T09:00:00+02:00,-4.5
2019-10-10T12:00:00+02:00,-4.49
2019-10-10T15:00:00+02:00,-4.49
2019-10-10T18:00:00+02:00,-4.48
2019-10-10T21:00:00+02:00,-4.48
2019-10-11T02:01:00+02:00,-4.47
2019-10-11T03:00:00+02:00,-4.47
2019-10-11T06:00:00+02:00,-4.47
2019-10-11T09:00:00+02:00,-4.48
2019-10-11T12:00:00+02:00,-4.46
2019-10-11T15:00:00+02:00,-4.46
2019-10-11T18:00:00+02:00,-4.47
2019-10-11T21:00:00+02:00,-4.47
2019-10-12T02:01:00+02:00,-4.47
2019-10-12T03:00:00+02:00,-4.47
2019-10-12T06:00:00+02:00,-4.47
2019-10-12T09:00:00+02:00,-4.48
2019-10-12T12:00:00+02:00,-4.48
2019-10-12T15:00:00+02:00,-4.47
2019-10-12T18:00:00+02:00,-4.47
2019-10-12T21:00:00+02:00,-4.47
2019-10-13T02:01:00+02:00,-4.46
2019-10-13T03:00:00+02:00,-4.46
2019-10-13T06:00:00+02:00,-4.46
2019-10-13T09:00:00+02:00,-4.46
2019-10-13T12:00:00+02:00,-4.45
2019-10-13T15:00:00+02:00,-4.45
2019-10-13T18:00:00+02:00,-4.46
2019-10-13T21:00:00+02:00,-4.47
2019-10-14T02:01:00+02:00,-4.48
2019-10-14T03:00:00+02:00,-4.48
2019-10-14T06:00:00+02:00,-4.48
2019-10-14T09:00:00+02:00,-4.47
2019-10-14T12:00:00+02:00,-4.45
2019-10-14T15:00:00+02:00,-4.45
2019-10-14T18:00:00+02:00,-4.45
2019-10-14T21:00:00+02:00,-4.44
2019-10-15T02:01:00+02:00,-4.44
2019-10-15T03:00:00+02:00,-4.45
2019-10-15T06:00:00+02:00,-4.44
2019-10-15T09:00:00+02:00,-4.46
2019-10-15T12:00:00+02:00,-4.46
2019-10-15T15:00:00+02:00,-4.46
2019-10-15T18:00:00+02:00,-4.46
2019-10-15T21:00:00+02:00,-4.47
2019-10-16T02:01:00+02:00,-4.47
2019-10-16T03:00:00+02:00,-4.47
2019-10-16T06:00:00+02:00,-4.47
2019-10-16T09:00:00+02:00,-4.46
2019-10-16T12:00:00+02:00,-4.45
2019-10-16T15:00:00+02:00,-4.46
2019-10-16T18:00:00+02:00,-4.46
2019-10-16T21:00:00+02:00,-4.46
2019-10-17T02:01:00+02:00,-4.46
2019-10-17T03:00:00+02:00,-4.47
2019-10-17T06:00:00+02:00,-4.47
2019-10-17T09:00:00+02:00,-4.47
2019-10-17T12:00:00+02:00,-4.47
2019-10-17T15:00:00+02:00,-4.47
2019-10-17T18:00:00+02:00,-4.46
2019-10-17T21:00:00+02:00,-4.46
2019-10-18T02:01:00+02:00,-4.45
2019-10-18T03:00:00+02:00,-4.44
2019-10-18T06:00:00+02:00,-4.44
2019-10-18T09:00:00+02:00,-4.43
2019-10-18T12:00:00+02:00,-4.45
2019-10-18T15:00:00+02:00,-4.46
2019-10-18T18:00:00+02:00,-4.46
2019-10-18T21:00:00+02:00,-4.46
2019-10-19T02:01:00+02:00,-4.45
2019-10-19T03:00:00+02:00,-4.45
2019-10-19T06:00:00+02:00,-4.45
2019-10-19T09:00:00+02:00,-4.46
2019-10-19T12:00:00+02:00,-4.46
2019-10-19T15:00:00+02:00,-4.47
2019-10-19T18:00:00+02:00,-4.47
2019-10-19T21:00:00+02:00,-4.48
2019-10-20T02:01:00+02:00,-4.48
2019-10-20T03:00:00+02:00,-4.48
2019-10-20T06:00:00+02:00,-4.49
2019-10-20T09:00:00+02:00,-4.49
2019-10-20T12:00:00+02:00,-4.49
2019-10-20T15:00:00+02:00,-4.49
2019-10-20T18:00:00+02:00,-4.51
2019-10-20T21:00:00+02:00,-4.5
2019-10-21T02:01:00+02:00,-4.5
2019-10-21T03:00:00+02:00,-4.5
2019-10-21T06:00:00+02:00,-4.5
2019-10-21T09:00:00+02:00,-4.51
2019-10-21T12:00:00+02:00,-4.49
2019-10-21T15:00:00+02:00,-4.49
2019-10-21T18:00:00+02:00,-4.49
2019-10-21T21:00:00+02:00,-4.49
2019-10-22T02:01:00+02:00,-4.5
2019-10-22T03:00:00+02:00,-4.5
2019-10-22T06:00:00+02:00,-4.5
2019-10-22T09:00:00+02:00,-4.51
2019-10-22T12:00:00+02:00,-4.49
2019-10-22T15:00:00+02:00,-4.5
2019-10-22T18:00:00+02:00,-4.5
2019-10-22T21:00:00+02:00,-4.49
2019-10-23T02:01:00+02:00,-4.49
2019-10-23T03:00:00+02:00,-4.48
2019-10-23T06:00:00+02:00,-4.49
2019-10-23T09:00:00+02:00,-4.47
2019-10-23T12:00:00+02:00,-4.46
2019-10-23T15:00:00+02:00,-4.46
2019-10-23T18:00:00+02:00,-4.46
2019-10-23T21:00:00+02:00,-4.45
2019-10-24T02:01:00+02:00,-4.45
2019-10-24T03:00:00+02:00,-4.44
2019-10-24T06:00:00+02:00,-4.45
2019-10-24T09:00:00+02:00,-4.45
2019-10-24T12:00:00+02:00,-4.45
2019-10-24T15:00:00+02:00,-4.45
2019-10-24T18:00:00+02:00,-4.45
2019-10-24T21:00:00+02:00,-4.47
2019-10-25T02:01:00+02:00,-4.48
2019-10-25T03:00:00+02:00,-4.48
2019-10-25T06:00:00+02:00,-4.49
2019-10-25T09:00:00+02:00,-4.49
2019-10-25T12:00:00+02:00,-4.49
2019-10-25T15:00:00+02:00,-4.48
2019-10-25T18:00:00+02:00,-4.48
2019-10-25T21:00:00+02:00,-4.49
2019-10-26T02:01:00+02:00,-4.48
2019-10-26T03:00:00+02:00,-4.48
2019-10-26T06:00:00+02:00,-4.48
2019-10-26T09:00:00+02:00,-4.48
2019-10-26T12:00:00+02:00,-4.47
2019-10-26T15:00:00+02:00,-4.47
2019-10-26T18:00:00+02:00,-4.47
2019-10-26T21:00:00+02:00,-4.48
2019-10-27T02:01:00+01:00,-4.49
2019-10-27T03:00:00+01:00,-4.5
2019-10-27T06:00:00+01:00,-4.51
2019-10-27T09:00:00+01:00,-4.51
2019-10-27T12:00:00+01:00,-4.51
2019-10-27T15:00:00+01:00,-4.51
2019-10-27T18:00:00+01:00,-4.52
2019-10-27T21:00:00+01:00,-4.52
2019-10-28T02:01:00+01:00,-4.52
2019-10-28T03:00:00+01:00,-4.52
2019-10-28T06:00:00+01:00,-4.52
2019-10-28T09:00:00+01:00,-4.52
2019-10-28T12:00:00+01:00,-4.52
2019-10-28T15:00:00+01:00,-4.52
2019-10-28T18:00:00+01:00,-4.52
2019-10-28T21:00:00+01:00,-4.53
2019-10-29T02:01:00+01:00,-4.53
2019-10-29T03:00:00+01:00,-4.52
2019-10-29T06:00:00+01:00,-4.53
2019-10-29T09:00:00+01:00,-4.54
2019-10-29T12:00:00+01:00,-4.53
2019-10-29T15:00:00+01:00,-4.53
2019-10-29T18:00:00+01:00,-4.54
2019-10-29T21:00:00+01:00,-4.54
2019-10-30T02:01:00+01:00,-4.54
2019-10-30T03:00:00+01:00,-4.53
2019-10-30T06:00:00+01:00,-4.54
2019-10-30T09:00:00+01:00,-4.54
2019-10-30T12:00:00+01:00,-4.53
2019-10-30T15:00:00+01:00,-4.53
2019-10-30T18:00:00+01:00,-4.53
2019-10-30T21:00:00+01:00,-4.53
2019-10-31T02:01:00+01:00,-4.53
2019-10-31T03:00:00+01:00,-4.53
2019-10-31T06:00:00+01:00,-4.53
2019-10-31T09:00:00+01:00,-4.53
2019-10-31T12:00:00+01:00,-4.52
2019-10-31T15:00:00+01:00,-4.52
2019-10-31T18:00:00+01:00,-4.52
2019-10-31T21:00:00+01:00,-4.51
2019-11-01T02:01:00+01:00,-4.5
2019-11-01T03:00:00+01:00,-4.5
2019-11-01T06:00:00+01:00,-4.49
2019-11-01T09:00:00+01:00,-4.48
2019-11-01T12:00:00+01:00,-4.47
2019-11-01T15:00:00+01:00,-4.46
2019-11-01T18:00:00+01:00,-4.44
2019-11-01T21:00:00+01:00,-4.44
2019-11-02T02:01:00+01:00,-4.43
2019-11-02T03:00:00+01:00,-4.43
2019-11-02T06:00:00+01:00,-4.43
2019-11-02T09:00:00+01:00,-4.43
2019-11-02T12:00:00+01:00,-4.43
2019-11-02T15:00:00+01:00,-4.42
2019-11-02T18:00:00+01:00,-4.42
2019-11-02T21:00:00+01:00,-4.43
2019-11-03T02:01:00+01:00,-4.42
2019-11-03T03:00:00+01:00,-4.42
2019-11-03T06:00:00+01:00,-4.43
2019-11-03T09:00:00+01:00,-4.43
2019-11-03T12:00:00+01:00,-4.43
2019-11-03T15:00:00+01:00,-4.43
2019-11-03T18:00:00+01:00,-4.43
2019-11-03T21:00:00+01:00,-4.43
2019-11-04T02:01:00+01:00,-4.44
2019-11-04T03:00:00+01:00,-4.44
2019-11-04T06:00:00+01:00,-4.44
2019-11-04T09:00:00+01:00,-4.44
2019-11-04T12:00:00+01:00,-4.44
2019-11-04T15:00:00+01:00,-4.44
2019-11-04T18:00:00+01:00,-4.45
2019-11-04T21:00:00+01:00,-4.45
2019-11-05T02:01:00+01:00,-4.45
2019-11-05T03:00:00+01:00,-4.46
2019-11-05T06:00:00+01:00,-4.46
2019-11-05T09:00:00+01:00,-4.47
2019-11-05T12:00:00+01:00,-4.47
2019-11-05T15:00:00+01:00,-4.47
2019-11-05T18:00:00+01:00,-4.48
2019-11-05T21:00:00+01:00,-4.47
2019-11-06T02:01:00+01:00,-4.48
2019-11-06T03:00:00+01:00,-4.48
2019-11-06T06:00:00+01:00,-4.48
2019-11-06T09:00:00+01:00,-4.49
2019-11-06T12:00:00+01:00,-4.48
2019-11-06T15:00:00+01:00,-4.48
2019-11-06T18:00:00+01:00,-4.49
2019-11-06T21:00:00+01:00,-4.48
2019-11-07T02:01:00+01:00,-4.47
2019-11-07T03:00:00+01:00,-4.47
2019-11-07T06:00:00+01:00,-4.47
2019-11-07T09:00:00+01:00,-4.46
2019-11-07T12:00:00+01:00,-4.45
2019-11-07T15:00:00+01:00,-4.45
2019-11-07T18:00:00+01:00,-4.46
2019-11-07T21:00:00+01:00,-4.47
2019-11-08T02:01:00+01:00,-4.47
2019-11-08T03:00:00+01:00,-4.47
2019-11-08T06:00:00+01:00,-4.48
2019-11-08T09:00:00+01:00,-4.48
2019-11-08T12:00:00+01:00,-4.49
2019-11-08T15:00:00+01:00,-4.49
2019-11-08T18:00:00+01:00,-4.49
2019-11-08T21:00:00+01:00,-4.49
2019-11-09T02:01:00+01:00,-4.48
2019-11-09T03:00:00+01:00,-4.48
2019-11-09T06:00:00+01:00,-4.48
2019-11-09T09:00:00+01:00,-4.48
2019-11-09T12:00:00+01:00,-4.46
2019-11-09T15:00:00+01:00,-4.46
2019-11-09T18:00:00+01:00,-4.47
2019-11-09T21:00:00+01:00,-4.47
2019-11-10T02:01:00+01:00,-4.48
2019-11-10T03:00:00+01:00,-4.48
2019-11-10T06:00:00+01:00,-4.48
2019-11-10T09:00:00+01:00,-4.49
2019-11-10T12:00:00+01:00,-4.49
2019-11-10T15:00:00+01:00,-4.49
2019-11-10T18:00:00+01:00,-4.49
2019-11-10T21:00:00+01:00,-4.48
2019-11-11T02:01:00+01:00,-4.48
2019-11-11T03:00:00+01:00,-4.47
2019-11-11T06:00:00+01:00,-4.46
2019-11-11T09:00:00+01:00,-4.45
2019-11-11T12:00:00+01:00,-4.44
2019-11-11T15:00:00+01:00,-4.44
2019-11-11T18:00:00+01:00,-4.45
2019-11-11T21:00:00+01:00,-4.44
2019-11-12T02:01:00+01:00,-4.44
2019-11-12T03:00:00+01:00,-4.43
2019-11-12T06:00:00+01:00,-4.43
2019-11-12T09:00:00+01:00,-4.42
2019-11-12T12:00:00+01:00,-4.41
2019-11-12T15:00:00+01:00,-4.42
2019-11-12T18:00:00+01:00,-4.41
2019-11-12T21:00:00+01:00,-4.41
2019-11-13T02:01:00+01:00,-4.41
2019-11-13T03:00:00+01:00,-4.4
2019-11-13T06:00:00+01:00,-4.41
2019-11-13T09:00:00+01:00,-4.42
2019-11-13T12:00:00+01:00,-4.41
2019-11-13T15:00:00+01:00,-4.41
2019-11-13T18:00:00+01:00,-4.4
2019-11-13T21:00:00+01:00,-4.4
2019-11-14T02:01:00+01:00,-4.41
2019-11-14T03:00:00+01:00,-4.41
2019-11-14T06:00:00+01:00,-4.41
2019-11-14T09:00:00+01:00,-4.42
2019-11-14T12:00:00+01:00,-4.42
2019-11-14T15:00:00+01:00,-4.43
2019-11-14T18:00:00+01:00,-4.43
2019-11-14T21:00:00+01:00,-4.43
2019-11-15T02:01:00+01:00,-4.43
2019-11-15T03:00:00+01:00,-4.42
2019-11-15T06:00:00+01:00,-4.42
2019-11-15T09:00:00+01:00,-4.42
2019-11-15T12:00:00+01:00,-4.41
2019-11-15T15:00:00+01:00,-4.41
2019-11-15T18:00:00+01:00,-4.43
2019-11-15T21:00:00+01:00,-4.43
2019-11-16T02:01:00+01:00,-4.44
2019-11-16T03:00:00+01:00,-4.44
2019-11-16T06:00:00+01:00,-4.44
2019-11-16T09:00:00+01:00,-4.44
2019-11-16T12:00:00+01:00,-4.44
2019-11-16T15:00:00+01:00,-4.44
2019-11-16T18:00:00+01:00,-4.44
2019-11-16T21:00:00+01:00,-4.44
2019-11-17T02:01:00+01:00,-4.45
2019-11-17T03:00:00+01:00,-4.45
2019-11-17T06:00:00+01:00,-4.45
2019-11-17T09:00:00+01:00,-4.46
2019-11-17T12:00:00+01:00,-4.45
2019-11-17T15:00:00+01:00,-4.45
2019-11-17T18:00:00+01:00,-4.44
2019-11-17T21:00:00+01:00,-4.44
2019-11-18T02:01:00+01:00,-4.44
2019-11-18T03:00:00+01:00,-4.44
2019-11-18T06:00:00+01:00,-4.44
2019-11-18T09:00:00+01:00,-4.45
2019-11-18T12:00:00+01:00,-4.44
2019-11-18T15:00:00+01:00,-4.44
2019-11-18T18:00:00+01:00,-4.44
2019-11-18T21:00:00+01:00,-4.44
2019-11-19T02:01:00+01:00,-4.44
2019-11-19T03:00:00+01:00,-4.44
2019-11-19T06:00:00+01:00,-4.45
2019-11-19T09:00:00+01:00,-4.46
2019-11-19T12:00:00+01:00,-4.46
2019-11-19T15:00:00+01:00,-4.46
2019-11-19T18:00:00+01:00,-4.46
2019-11-19T21:00:00+01:00,-4.47
2019-11-20T02:01:00+01:00,-4.47
2019-11-20T03:00:00+01:00,-4.47
2019-11-20T06:00:00+01:00,-4.47
2019-11-20T09:00:00+01:00,-4.47
2019-11-20T12:00:00+01:00,-4.46
2019-11-20T15:00:00+01:00,-4.46
2019-11-20T18:00:00+01:00,-4.46
2019-11-20T21:00:00+01:00,-4.45
2019-11-21T02:01:00+01:00,-4.45
2019-11-21T03:00:00+01:00,-4.45
2019-11-21T06:00:00+01:00,-4.44
2019-11-21T09:00:00+01:00,-4.44
2019-11-21T12:00:00+01:00,-4.43
2019-11-21T15:00:00+01:00,-4.43
2019-11-21T18:00:00+01:00,-4.43
2019-11-21T21:00:00+01:00,-4.43
2019-11-22T02:01:00+01:00,-4.43
2019-11-22T03:00:00+01:00,-4.43
2019-11-22T06:00:00+01:00,-4.43
2019-11-22T09:00:00+01:00,-4.43
2019-11-22T12:00:00+01:00,-4.43
2019-11-22T15:00:00+01:00,-4.42
2019-11-22T18:00:00+01:00,-4.43
2019-11-22T21:00:00+01:00,-4.42
2019-11-23T02:01:00+01:00,-4.43
2019-11-23T03:00:00+01:00,-4.43
2019-11-23T06:00:00+01:00,-4.43
2019-11-23T09:00:00+01:00,-4.44
2019-11-23T12:00:00+01:00,-4.43
2019-11-23T15:00:00+01:00,-4.44
2019-11-23T18:00:00+01:00,-4.44
2019-11-23T21:00:00+01:00,-4.44
2019-11-24T02:01:00+01:00,-4.44
2019-11-24T03:00:00+01:00,-4.44
2019-11-24T06:00:00+01:00,-4.45
2019-11-24T09:00:00+01:00,-4.46
2019-11-24T12:00:00+01:00,-4.46
2019-11-24T15:00:00+01:00,-4.46
2019-11-24T18:00:00+01:00,-4.45
2019-11-24T21:00:00+01:00,-4.45
2019-11-25T02:01:00+01:00,-4.45
2019-11-25T03:00:00+01:00,-4.45
2019-11-25T06:00:00+01:00,-4.46
2019-11-25T09:00:00+01:00,-4.46
2019-11-25T12:00:00+01:00,-4.45
2019-11-25T15:00:00+01:00,-4.46
2019-11-25T18:00:00+01:00,-4.46
2019-11-25T21:00:00+01:00,-4.46
2019-11-26T02:01:00+01:00,-4.45
2019-11-26T03:00:00+01:00,-4.45
2019-11-26T06:00:00+01:00,-4.45
2019-11-26T09:00:00+01:00,-4.45
2019-11-26T12:00:00+01:00,-4.47
2019-11-26T15:00:00+01:00,-4.48
2019-11-26T18:00:00+01:00,-4.42
2019-11-26T21:00:00+01:00,-4.42
2019-11-27T02:01:00+01:00,-4.42
2019-11-27T03:00:00+01:00,-4.41
2019-11-27T06:00:00+01:00,-4.41
2019-11-27T09:00:00+01:00,-4.41
2019-11-27T12:00:00+01:00,-4.41
2019-11-27T15:00:00+01:00,-4.4
2019-11-27T18:00:00+01:00,-4.4
2019-11-27T21:00:00+01:00,-4.39
2019-11-28T02:01:00+01:00,-4.4
2019-11-28T03:00:00+01:00,-4.4
2019-11-28T06:00:00+01:00,-4.39
2019-11-28T09:00:00+01:00,-4.39
2019-11-28T12:00:00+01:00,-4.4
2019-11-28T15:00:00+01:00,-4.41
2019-11-28T18:00:00+01:00,-4.42
2019-11-28T21:00:00+01:00,-4.43
2019-11-29T02:01:00+01:00,-4.44
2019-11-29T03:00:00+01:00,-4.44
2019-11-29T06:00:00+01:00,-4.45
2019-11-29T09:00:00+01:00,-4.46
2019-11-29T12:00:00+01:00,-4.46
2019-11-29T15:00:00+01:00,-4.46
2019-11-29T18:00:00+01:00,-4.46
2019-11-29T21:00:00+01:00,-4.47
2019-11-30T02:01:00+01:00,-4.48
2019-11-30T03:00:00+01:00,-4.48
2019-11-30T06:00:00+01:00,-4.48
2019-11-30T09:00:00+01:00,-4.49
2019-11-30T12:00:00+01:00,-4.49
2019-11-30T15:00:00+01:00,-4.48
2019-11-30T18:00:00+01:00,-4.47
2019-11-30T21:00:00+01:00,-4.48
2019-12-01T02:01:00+01:00,-4.48
2019-12-01T03:00:00+01:00,-4.48
2019-12-01T06:00:00+01:00,-4.48
2019-12-01T09:00:00+01:00,-4.48
2019-12-01T12:00:00+01:00,-4.48
2019-12-01T15:00:00+01:00,-4.48
2019-12-01T18:00:00+01:00,-4.49
2019-12-01T21:00:00+01:00,-4.49
2019-12-02T02:01:00+01:00,-4.48
2019-12-02T03:00:00+01:00,-4.49
2019-12-02T06:00:00+01:00,-4.48
2019-12-02T09:00:00+01:00,-4.49
2019-12-02T12:00:00+01:00,-4.49
2019-12-02T15:00:00+01:00,-4.48
2019-12-02T18:00:00+01:00,-4.48
2019-12-02T21:00:00+01:00,-4.48
2019-12-03T02:01:00+01:00,-4.48
2019-12-03T03:00:00+01:00,-4.47
2019-12-03T06:00:00+01:00,-4.48
2019-12-03T09:00:00+01:00,-4.48
2019-12-03T12:00:00+01:00,-4.48
2019-12-03T15:00:00+01:00,-4.47
2019-12-03T18:00:00+01:00,-4.46
2019-12-03T21:00:00+01:00,-4.47
2019-12-04T02:01:00+01:00,-4.47
2019-12-04T03:00:00+01:00,-4.47
2019-12-04T06:00:00+01:00,-4.47
2019-12-04T09:00:00+01:00,-4.47
2019-12-04T12:00:00+01:00,-4.47
2019-12-04T15:00:00+01:00,-4.46
2019-12-04T18:00:00+01:00,-4.46
2019-12-04T21:00:00+01:00,-4.46
2019-12-05T02:01:00+01:00,-4.46
2019-12-05T03:00:00+01:00,-4.47
2019-12-05T06:00:00+01:00,-4.47
2019-12-05T09:00:00+01:00,-4.47
2019-12-05T12:00:00+01:00,-4.47
2019-12-05T15:00:00+01:00,-4.46
2019-12-05T18:00:00+01:00,-4.46
2019-12-05T21:00:00+01:00,-4.45
2019-12-06T02:01:00+01:00,-4.44
2019-12-06T03:00:00+01:00,-4.44
2019-12-06T06:00:00+01:00,-4.44
2019-12-06T09:00:00+01:00,-4.43
2019-12-06T12:00:00+01:00,-4.42
2019-12-06T15:00:00+01:00,-4.41
2019-12-06T18:00:00+01:00,-4.42
2019-12-06T21:00:00+01:00,-4.41
2019-12-07T02:01:00+01:00,-4.42
2019-12-07T03:00:00+01:00,-4.42
2019-12-07T06:00:00+01:00,-4.42
2019-12-07T09:00:00+01:00,-4.43
2019-12-07T12:00:00+01:00,-4.43
2019-12-07T15:00:00+01:00,-4.43
2019-12-07T18:00:00+01:00,-4.42
2019-12-07T21:00:00+01:00,-4.41
2019-12-08T02:01:00+01:00,-4.4
2019-12-08T03:00:00+01:00,-4.39
2019-12-08T06:00:00+01:00,-4.37
2019-12-08T09:00:00+01:00,-4.37
2019-12-08T12:00:00+01:00,-4.37
2019-12-08T15:00:00+01:00,-4.38
2019-12-08T18:00:00+01:00,-4.37
2019-12-08T21:00:00+01:00,-4.37
2019-12-09T02:01:00+01:00,-4.36
2019-12-09T03:00:00+01:00,-4.35
2019-12-09T06:00:00+01:00,-4.35
2019-12-09T09:00:00+01:00,-4.38
2019-12-09T12:00:00+01:00,-4.4
2019-12-09T15:00:00+01:00,-4.43
2019-12-09T18:00:00+01:00,-4.44
2019-12-09T21:00:00+01:00,-4.45
2019-12-10T02:01:00+01:00,-4.45
2019-12-10T03:00:00+01:00,-4.46
2019-12-10T06:00:00+01:00,-4.46
2019-12-10T09:00:00+01:00,-4.45
2019-12-10T12:00:00+01:00,-4.44
2019-12-10T15:00:00+01:00,-4.43
2019-12-10T18:00:00+01:00,-4.41
2019-12-10T21:00:00+01:00,-4.4
2019-12-11T02:01:00+01:00,-4.4
2019-12-11T03:00:00+01:00,-4.4
2019-12-11T06:00:00+01:00,-4.4
2019-12-11T09:00:00+01:00,-4.39
2019-12-11T12:00:00+01:00,-4.38
2019-12-11T15:00:00+01:00,-4.38
2019-12-11T18:00:00+01:00,-4.38
2019-12-11T21:00:00+01:00,-4.38
2019-12-12T02:01:00+01:00,-4.38
2019-12-12T03:00:00+01:00,-4.38
2019-12-12T06:00:00+01:00,-4.38
2019-12-12T09:00:00+01:00,-4.37
2019-12-12T12:00:00+01:00,-4.36
2019-12-12T15:00:00+01:00,-4.34
2019-12-12T18:00:00+01:00,-4.33
2019-12-12T21:00:00+01:00,-4.32
2019-12-13T02:01:00+01:00,-4.3
2019-12-13T03:00:00+01:00,-4.3
2019-12-13T06:00:00+01:00,-4.3
2019-12-13T09:00:00+01:00,-4.31
2019-12-13T12:00:00+01:00,-4.32
2019-12-13T15:00:00+01:00,-4.33
2019-12-13T18:00:00+01:00,-4.34
2019-12-13T21:00:00+01:00,-4.33
2019-12-14T02:01:00+01:00,-4.33
2019-12-14T03:00:00+01:00,-4.33
2019-12-14T06:00:00+01:00,-4.34
2019-12-14T09:00:00+01:00,-4.35
2019-12-14T12:00:00+01:00,-4.36
2019-12-14T15:00:00+01:00,-4.36
2019-12-14T18:00:00+01:00,-4.37
2019-12-14T21:00:00+01:00,-4.37
2019-12-15T02:01:00+01:00,-4.35
2019-12-15T03:00:00+01:00,-4.34
2019-12-15T06:00:00+01:00,-4.37
2019-12-15T09:00:00+01:00,-4.38
2019-12-15T12:00:00+01:00,-4.38
2019-12-15T15:00:00+01:00,-4.39
2019-12-15T18:00:00+01:00,-4.39
2019-12-15T21:00:00+01:00,-4.39
2019-12-16T02:01:00+01:00,-4.39
2019-12-16T03:00:00+01:00,-4.39
2019-12-16T06:00:00+01:00,-4.39
2019-12-16T09:00:00+01:00,-4.39
2019-12-16T12:00:00+01:00,-4.39
2019-12-16T15:00:00+01:00,-4.39
2019-12-16T18:00:00+01:00,-4.39
2019-12-16T21:00:00+01:00,-4.38
2019-12-17T02:01:00+01:00,-4.37
2019-12-17T03:00:00+01:00,-4.37
2019-12-17T06:00:00+01:00,-4.37
2019-12-17T09:00:00+01:00,-4.37
2019-12-17T12:00:00+01:00,-4.37
2019-12-17T15:00:00+01:00,-4.38
2019-12-17T18:00:00+01:00,-4.39
2019-12-17T21:00:00+01:00,-4.41
2019-12-18T02:01:00+01:00,-4.42
2019-12-18T03:00:00+01:00,-4.43
2019-12-18T06:00:00+01:00,-4.43
2019-12-18T09:00:00+01:00,-4.43
2019-12-18T12:00:00+01:00,-4.43
2019-12-18T15:00:00+01:00,-4.42
2019-12-18T18:00:00+01:00,-4.42
2019-12-18T21:00:00+01:00,-4.41
2019-12-19T02:01:00+01:00,-4.41
2019-12-19T03:00:00+01:00,-4.4
2019-12-19T06:00:00+01:00,-4.4
2019-12-19T09:00:00+01:00,-4.4
2019-12-19T12:00:00+01:00,-4.39
2019-12-19T15:00:00+01:00,-4.39
2019-12-19T18:00:00+01:00,-4.39
2019-12-19T21:00:00+01:00,-4.39
2019-12-20T02:01:00+01:00,-4.38
2019-12-20T03:00:00+01:00,-4.37
2019-12-20T06:00:00+01:00,-4.36
2019-12-20T09:00:00+01:00,-4.35
2019-12-20T12:00:00+01:00,-4.35
2019-12-20T15:00:00+01:00,-4.36
2019-12-20T18:00:00+01:00,-4.37
2019-12-20T21:00:00+01:00,-4.38
2019-12-21T02:01:00+01:00,-4.38
2019-12-21T03:00:00+01:00,-4.38
2019-12-21T06:00:00+01:00,-4.38
2019-12-21T09:00:00+01:00,-4.37
2019-12-21T12:00:00+01:00,-4.36
2019-12-21T15:00:00+01:00,-4.35
2019-12-21T18:00:00+01:00,-4.35
2019-12-21T21:00:00+01:00,-4.34
2019-12-22T02:01:00+01:00,-4.33
2019-12-22T03:00:00+01:00,-4.33
2019-12-22T06:00:00+01:00,-4.34
2019-12-22T09:00:00+01:00,-4.34
2019-12-22T12:00:00+01:00,-4.34
2019-12-22T15:00:00+01:00,-4.35
2019-12-22T18:00:00+01:00,-4.37
2019-12-22T21:00:00+01:00,-4.38
2019-12-23T02:01:00+01:00,-4.38
2019-12-23T03:00:00+01:00,-4.39
2019-12-23T06:00:00+01:00,-4.4
2019-12-23T09:00:00+01:00,-4.41
2019-12-23T12:00:00+01:00,-4.41
2019-12-23T15:00:00+01:00,-4.42
2019-12-23T18:00:00+01:00,-4.42
2019-12-23T21:00:00+01:00,-4.42
2019-12-24T02:01:00+01:00,-4.42
2019-12-24T03:00:00+01:00,-4.41
2019-12-24T06:00:00+01:00,-4.4
2019-12-24T09:00:00+01:00,-4.39
2019-12-24T12:00:00+01:00,-4.4
2019-12-24T15:00:00+01:00,-4.4
2019-12-24T18:00:00+01:00,-4.4
2019-12-24T21:00:00+01:00,-4.4
2019-12-25T02:01:00+01:00,-4.41
2019-12-25T03:00:00+01:00,-4.41
2019-12-25T06:00:00+01:00,-4.43
2019-12-25T09:00:00+01:00,-4.43
2019-12-25T12:00:00+01:00,-4.44
2019-12-25T15:00:00+01:00,-4.44
2019-12-25T18:00:00+01:00,-4.44
2019-12-25T21:00:00+01:00,-4.44
2019-12-26T02:01:00+01:00,-4.44
2019-12-26T03:00:00+01:00,-4.43
2019-12-26T06:00:00+01:00,-4.43
2019-12-26T09:00:00+01:00,-4.43
2019-12-26T12:00:00+01:00,-4.42
2019-12-26T15:00:00+01:00,-4.41
2019-12-26T18:00:00+01:00,-4.42
2019-12-26T21:00:00+01:00,-4.41
2019-12-27T02:01:00+01:00,-4.41
2019-12-27T03:00:00+01:00,-4.43
2019-12-27T06:00:00+01:00,-4.44
2019-12-27T09:00:00+01:00,-4.45
2019-12-27T12:00:00+01:00,-4.46
2019-12-27T15:00:00+01:00,-4.46
2019-12-27T18:00:00+01:00,-4.46
2019-12-27T21:00:00+01:00,-4.47
2019-12-28T02:01:00+01:00,-4.47
2019-12-28T03:00:00+01:00,-4.47
2019-12-28T06:00:00+01:00,-4.47
2019-12-28T09:00:00+01:00,-4.47
2019-12-28T12:00:00+01:00,-4.48
2019-12-28T15:00:00+01:00,-4.48
2019-12-28T18:00:00+01:00,-4.47
2019-12-28T21:00:00+01:00,-4.46
2019-12-29T02:01:00+01:00,-4.46
2019-12-29T03:00:00+01:00,-4.46
2019-12-29T06:00:00+01:00,-4.46
2019-12-29T09:00:00+01:00,-4.46
2019-12-29T12:00:00+01:00,-4.44
2019-12-29T15:00:00+01:00,-4.45
2019-12-29T18:00:00+01:00,-4.45
2019-12-29T21:00:00+01:00,-4.44
2019-12-30T02:01:00+01:00,-4.44
2019-12-30T03:00:00+01:00,-4.44
2019-12-30T06:00:00+01:00,-4.44
2019-12-30T09:00:00+01:00,-4.44
2019-12-30T12:00:00+01:00,-4.43
2019-12-30T15:00:00+01:00,-4.43
2019-12-30T18:00:00+01:00,-4.43
2019-12-30T21:00:00+01:00,-4.44
2019-12-31T02:01:00+01:00,-4.44
2019-12-31T03:00:00+01:00,-4.45
2019-12-31T06:00:00+01:00,-4.45
2019-12-31T09:00:00+01:00,-4.46
2019-12-31T12:00:00+01:00,-4.46
2019-12-31T15:00:00+01:00,-4.45
2019-12-31T18:00:00+01:00,-4.46
2019-12-31T21:00:00+01:00,-4.45
2020-01-01T02:01:00+01:00,-4.45
2020-01-01T03:00:00+01:00,-4.45
2020-01-01T06:00:00+01:00,-4.45
2020-01-01T09:00:00+01:00,-4.45
2020-01-01T12:00:00+01:00,-4.44
2020-01-01T15:00:00+01:00,-4.45
2020-01-01T18:00:00+01:00,-4.45
2020-01-01T21:00:00+01:00,-4.44
2020-01-02T02:01:00+01:00,-4.44
2020-01-02T03:00:00+01:00,-4.44
2020-01-02T06:00:00+01:00,-4.44
2020-01-02T09:00:00+01:00,-4.44
2020-01-02T12:00:00+01:00,-4.43
2020-01-02T15:00:00+01:00,-4.42
2020-01-02T18:00:00+01:00,-4.42
2020-01-02T21:00:00+01:00,-4.41
2020-01-03T02:01:00+01:00,-4.4
2020-01-03T03:00:00+01:00,-4.4
2020-01-03T06:00:00+01:00,-4.4
2020-01-03T09:00:00+01:00,-4.4
2020-01-03T12:00:00+01:00,-4.4
2020-01-03T15:00:00+01:00,-4.43
2020-01-03T18:00:00+01:00,-4.44
2020-01-03T21:00:00+01:00,-4.44
2020-01-04T02:01:00+01:00,-4.44
2020-01-04T03:00:00+01:00,-4.44
2020-01-04T06:00:00+01:00,-4.44
2020-01-04T09:00:00+01:00,-4.44
2020-01-04T12:00:00+01:00,-4.44
2020-01-04T15:00:00+01:00,-4.44
2020-01-04T18:00:00+01:00,-4.45
2020-01-04T21:00:00+01:00,-4.46
2020-01-05T02:01:00+01:00,-4.45
2020-01-05T03:00:00+01:00,-4.46
2020-01-05T06:00:00+01:00,-4.45
2020-01-05T09:00:00+01:00,-4.46
2020-01-05T12:00:00+01:00,-4.45
2020-01-05T15:00:00+01:00,-4.45
2020-01-05T18:00:00+01:00,-4.45
2020-01-05T21:00:00+01:00,-4.44
2020-01-06T02:01:00+01:00,-4.44
2020-01-06T03:00:00+01:00,-4.44
2020-01-06T06:00:00+01:00,-4.43
2020-01-06T09:00:00+01:00,-4.43
2020-01-06T12:00:00+01:00,-4.42
2020-01-06T15:00:00+01:00,-4.42
2020-01-06T18:00:00+01:00,-4.4
2020-01-06T21:00:00+01:00,-4.41
2020-01-07T02:01:00+01:00,-4.43
2020-01-07T03:00:00+01:00,-4.43
2020-01-07T06:00:00+01:00,-4.43
2020-01-07T09:00:00+01:00,-4.44
2020-01-07T12:00:00+01:00,-4.44
2020-01-07T15:00:00+01:00,-4.43
2020-01-07T18:00:00+01:00,-4.43
2020-01-07T21:00:00+01:00,-4.43
2020-01-08T02:01:00+01:00,-4.42
2020-01-08T03:00:00+01:00,-4.42
2020-01-08T06:00:00+01:00,-4.43
2020-01-08T09:00:00+01:00,-4.44
2020-01-08T12:00:00+01:00,-4.44
2020-01-08T15:00:00+01:00,-4.45
2020-01-08T18:00:00+01:00,-4.45
2020-01-08T21:00:00+01:00,-4.45
2020-01-09T02:01:00+01:00,-4.43
2020-01-09T03:00:00+01:00,-4.42
2020-01-09T06:00:00+01:00,-4.41
2020-01-09T09:00:00+01:00,-4.41
2020-01-09T12:00:00+01:00,-4.41
2020-01-09T15:00:00+01:00,-4.41
2020-01-09T18:00:00+01:00,-4.41
2020-01-09T21:00:00+01:00,-4.41
2020-01-10T02:01:00+01:00,-4.42
2020-01-10T03:00:00+01:00,-4.43
2020-01-10T06:00:00+01:00,-4.44
2020-01-10T09:00:00+01:00,-4.45
2020-01-10T12:00:00+01:00,-4.46
2020-01-10T15:00:00+01:00,-4.47
2020-01-10T18:00:00+01:00,-4.48
2020-01-10T21:00:00+01:00,-4.48
2020-01-11T02:01:00+01:00,-4.47
2020-01-11T03:00:00+01:00,-4.47
2020-01-11T06:00:00+01:00,-4.46
2020-01-11T09:00:00+01:00,-4.46
2020-01-11T12:00:00+01:00,-4.45
2020-01-11T15:00:00+01:00,-4.44
2020-01-11T18:00:00+01:00,-4.44
2020-01-11T21:00:00+01:00,-4.43
2020-01-12T02:01:00+01:00,-4.43
2020-01-12T03:00:00+01:00,-4.43
2020-01-12T06:00:00+01:00,-4.42
2020-01-12T09:00:00+01:00,-4.42
2020-01-12T12:00:00+01:00,-4.42
2020-01-12T15:00:00+01:00,-4.42
2020-01-12T18:00:00+01:00,-4.43
2020-01-12T21:00:00+01:00,-4.43
2020-01-13T02:01:00+01:00,-4.43
2020-01-13T03:00:00+01:00,-4.42
2020-01-13T06:00:00+01:00,-4.42
2020-01-13T09:00:00+01:00,-4.42
2020-01-13T12:00:00+01:00,-4.4
2020-01-13T15:00:00+01:00,-4.4
2020-01-13T18:00:00+01:00,-4.39
2020-01-13T21:00:00+01:00,-4.38
2020-01-14T02:01:00+01:00,-4.38
2020-01-14T03:00:00+01:00,-4.38
2020-01-14T06:00:00+01:00,-4.39
2020-01-14T09:00:00+01:00,-4.39
2020-01-14T12:00:00+01:00,-4.38
2020-01-14T15:00:00+01:00,-4.38
2020-01-14T18:00:00+01:00,-4.39
2020-01-14T21:00:00+01:00,-4.39
2020-01-15T02:01:00+01:00,-4.4
2020-01-15T03:00:00+01:00,-4.4
2020-01-15T06:00:00+01:00,-4.4
2020-01-15T09:00:00+01:00,-4.4
2020-01-15T12:00:00+01:00,-4.41
2020-01-15T15:00:00+01:00,-4.44
2020-01-15T18:00:00+01:00,-4.44
2020-01-15T21:00:00+01:00,-4.44
2020-01-16T02:01:00+01:00,-4.45
2020-01-16T03:00:00+01:00,-4.45
2020-01-16T06:00:00+01:00,-4.45
2020-01-16T09:00:00+01:00,-4.45
2020-01-16T12:00:00+01:00,-4.44
2020-01-16T15:00:00+01:00,-4.43
2020-01-16T18:00:00+01:00,-4.43
2020-01-16T21:00:00+01:00,-4.42
2020-01-17T02:01:00+01:00,-4.42
2020-01-17T03:00:00+01:00,-4.41
2020-01-17T06:00:00+01:00,-4.42
2020-01-17T09:00:00+01:00,-4.42
2020-01-17T12:00:00+01:00,-4.41
2020-01-17T15:00:00+01:00,-4.42
2020-01-17T18:00:00+01:00,-4.43
2020-01-17T21:00:00+01:00,-4.43
2020-01-18T02:01:00+01:00,-4.44
2020-01-18T03:00:00+01:00,-4.44
2020-01-18T06:00:00+01:00,-4.45
2020-01-18T09:00:00+01:00,-4.46
2020-01-18T12:00:00+01:00,-4.45
2020-01-18T15:00:00+01:00,-4.46
2020-01-18T18:00:00+01:00,-4.47
2020-01-18T21:00:00+01:00,-4.47
2020-01-19T02:01:00+01:00,-4.48
2020-01-19T03:00:00+01:00,-4.48
2020-01-19T06:00:00+01:00,-4.49
2020-01-19T09:00:00+01:00,-4.5
2020-01-19T12:00:00+01:00,-4.5
2020-01-19T15:00:00+01:00,-4.5
2020-01-19T18:00:00+01:00,-4.51
2020-01-19T21:00:00+01:00,-4.52
2020-01-20T02:01:00+01:00,-4.51
2020-01-20T03:00:00+01:00,-4.51
2020-01-20T06:00:00+01:00,-4.51
2020-01-20T09:00:00+01:00,-4.51
2020-01-20T12:00:00+01:00,-4.51
2020-01-20T15:00:00+01:00,-4.51
2020-01-20T18:00:00+01:00,-4.5
2020-01-20T21:00:00+01:00,-4.5
2020-01-21T02:01:00+01:00,-4.5
2020-01-21T03:00:00+01:00,-4.5
2020-01-21T06:00:00+01:00,-4.49
2020-01-21T09:00:00+01:00,-4.5
2020-01-21T12:00:00+01:00,-4.49
2020-01-21T15:00:00+01:00,-4.49
2020-01-21T18:00:00+01:00,-4.49
2020-01-21T21:00:00+01:00,-4.48
2020-01-22T02:01:00+01:00,-4.49
2020-01-22T03:00:00+01:00,-4.48
2020-01-22T06:00:00+01:00,-4.48
2020-01-22T09:00:00+01:00,-4.49
2020-01-22T12:00:00+01:00,-4.48
2020-01-22T15:00:00+01:00,-4.48
2020-01-22T18:00:00+01:00,-4.48
2020-01-22T21:00:00+01:00,-4.48
2020-01-23T02:01:00+01:00,-4.48
2020-01-23T03:00:00+01:00,-4.47
2020-01-23T06:00:00+01:00,-4.47
2020-01-23T09:00:00+01:00,-4.47
2020-01-23T12:00:00+01:00,-4.46
2020-01-23T15:00:00+01:00,-4.45
2020-01-23T18:00:00+01:00,-4.45
2020-01-23T21:00:00+01:00,-4.45
2020-01-24T02:01:00+01:00,-4.46
2020-01-24T03:00:00+01:00,-4.44
2020-01-24T06:00:00+01:00,-4.44
2020-01-24T09:00:00+01:00,-4.45
2020-01-24T12:00:00+01:00,-4.44
2020-01-24T15:00:00+01:00,-4.44
2020-01-24T18:00:00+01:00,-4.45
2020-01-24T21:00:00+01:00,-4.45
2020-01-25T02:01:00+01:00,-4.45
2020-01-25T03:00:00+01:00,-4.45
2020-01-25T06:00:00+01:00,-4.45
2020-01-25T09:00:00+01:00,-4.45
2020-01-25T12:00:00+01:00,-4.44
2020-01-25T15:00:00+01:00,-4.44
2020-01-25T18:00:00+01:00,-4.44
2020-01-25T21:00:00+01:00,-4.44
2020-01-26T02:01:00+01:00,-4.44
2020-01-26T03:00:00+01:00,-4.43
2020-01-26T06:00:00+01:00,-4.42
2020-01-26T09:00:00+01:00,-4.43
2020-01-26T12:00:00+01:00,-4.42
2020-01-26T15:00:00+01:00,-4.42
2020-01-26T18:00:00+01:00,-4.42
2020-01-26T21:00:00+01:00,-4.42
2020-01-27T02:01:00+01:00,-4.41
2020-01-27T03:00:00+01:00,-4.41
2020-01-27T06:00:00+01:00,-4.4
2020-01-27T09:00:00+01:00,-4.4
2020-01-27T12:00:00+01:00,-4.4
2020-01-27T15:00:00+01:00,-4.39
2020-01-27T18:00:00+01:00,-4.38
2020-01-27T21:00:00+01:00,-4.37
2020-01-28T02:01:00+01:00,-4.37
2020-01-28T03:00:00+01:00,-4.37
2020-01-28T06:00:00+01:00,-4.35
2020-01-28T09:00:00+01:00,-4.36
2020-01-28T12:00:00+01:00,-4.37
2020-01-28T15:00:00+01:00,-4.38
2020-01-28T18:00:00+01:00,-4.38
2020-01-28T21:00:00+01:00,-4.38
2020-01-29T02:01:00+01:00,-4.39
2020-01-29T03:00:00+01:00,-4.39
2020-01-29T06:00:00+01:00,-4.39
2020-01-29T09:00:00+01:00,-4.4
2020-01-29T12:00:00+01:00,-4.41
2020-01-29T15:00:00+01:00,-4.42
2020-01-29T18:00:00+01:00,-4.42
2020-01-29T21:00:00+01:00,-4.41
2020-01-30T02:01:00+01:00,-4.41
2020-01-30T03:00:00+01:00,-4.41
2020-01-30T06:00:00+01:00,-4.41
2020-01-30T09:00:00+01:00,-4.41
2020-01-30T12:00:00+01:00,-4.4
2020-01-30T15:00:00+01:00,-4.38
2020-01-30T18:00:00+01:00,-4.38
2020-01-30T21:00:00+01:00,-4.38
2020-01-31T02:01:00+01:00,-4.4
2020-01-31T03:00:00+01:00,-4.4
2020-01-31T06:00:00+01:00,-4.41
2020-01-31T09:00:00+01:00,-4.41
2020-01-31T12:00:00+01:00,-4.41
2020-01-31T15:00:00+01:00,-4.41
2020-01-31T18:00:00+01:00,-4.4
2020-01-31T21:00:00+01:00,-4.4
2020-02-01T02:01:00+01:00,-4.4
2020-02-01T03:00:00+01:00,-4.39
2020-02-01T06:00:00+01:00,-4.4
2020-02-01T09:00:00+01:00,-4.4
2020-02-01T12:00:00+01:00,-4.4
2020-02-01T15:00:00+01:00,-4.41
2020-02-01T18:00:00+01:00,-4.42
2020-02-01T21:00:00+01:00,-4.43
2020-02-02T02:01:00+01:00,-4.43
2020-02-02T03:00:00+01:00,-4.43
2020-02-02T06:00:00+01:00,-4.42
2020-02-02T09:00:00+01:00,-4.42
2020-02-02T12:00:00+01:00,-4.4
2020-02-02T15:00:00+01:00,-4.42
2020-02-02T18:00:00+01:00,-4.43
2020-02-02T21:00:00+01:00,-4.42
2020-02-03T02:01:00+01:00,-4.42
2020-02-03T03:00:00+01:00,-4.43
2020-02-03T06:00:00+01:00,-4.43
2020-02-03T09:00:00+01:00,-4.44
2020-02-03T12:00:00+01:00,-4.43
2020-02-03T15:00:00+01:00,-4.43
2020-02-03T18:00:00+01:00,-4.43
2020-02-03T21:00:00+01:00,-4.42
2020-02-04T02:01:00+01:00,-4.42
2020-02-04T03:00:00+01:00,-4.42
2020-02-04T06:00:00+01:00,-4.42
2020-02-04T09:00:00+01:00,-4.43
2020-02-04T12:00:00+01:00,-4.43
2020-02-04T15:00:00+01:00,-4.45
2020-02-04T18:00:00+01:00,-4.47
2020-02-04T21:00:00+01:00,-4.48
2020-02-05T02:01:00+01:00,-4.49
2020-02-05T03:00:00+01:00,-4.49
2020-02-05T06:00:00+01:00,-4.5
2020-02-05T09:00:00+01:00,-4.5
2020-02-05T12:00:00+01:00,-4.49
2020-02-05T15:00:00+01:00,-4.49
2020-02-05T18:00:00+01:00,-4.49
2020-02-05T21:00:00+01:00,-4.49
2020-02-06T02:01:00+01:00,-4.49
2020-02-06T03:00:00+01:00,-4.48
2020-02-06T06:00:00+01:00,-4.48
2020-02-06T09:00:00+01:00,-4.48
2020-02-06T12:00:00+01:00,-4.48
2020-02-06T15:00:00+01:00,-4.48
2020-02-06T18:00:00+01:00,-4.48
2020-02-06T21:00:00+01:00,-4.48
2020-02-07T02:01:00+01:00,-4.48
2020-02-07T03:00:00+01:00,-4.47
2020-02-07T06:00:00+01:00,-4.47
2020-02-07T09:00:00+01:00,-4.46
2020-02-07T12:00:00+01:00,-4.46
2020-02-07T15:00:00+01:00,-4.45
2020-02-07T18:00:00+01:00,-4.45
2020-02-07T21:00:00+01:00,-4.45
2020-02-08T02:01:00+01:00,-4.45
2020-02-08T03:00:00+01:00,-4.44
2020-02-08T06:00:00+01:00,-4.44
2020-02-08T09:00:00+01:00,-4.45
2020-02-08T12:00:00+01:00,-4.45
2020-02-08T15:00:00+01:00,-4.45
2020-02-08T18:00:00+01:00,-4.45
2020-02-08T21:00:00+01:00,-4.44
2020-02-09T02:01:00+01:00,-4.44
2020-02-09T03:00:00+01:00,-4.42
2020-02-09T06:00:00+01:00,-4.41
2020-02-09T09:00:00+01:00,-4.39
2020-02-09T12:00:00+01:00,-4.37
2020-02-09T15:00:00+01:00,-4.36
2020-02-09T18:00:00+01:00,-4.36
2020-02-09T21:00:00+01:00,-4.33
2020-02-10T02:01:00+01:00,-4.36
2020-02-10T03:00:00+01:00,-4.36
2020-02-10T06:00:00+01:00,-4.37
2020-02-10T09:00:00+01:00,-4.39
2020-02-10T12:00:00+01:00,-4.39
2020-02-10T15:00:00+01:00,-4.38
2020-02-10T18:00:00+01:00,-4.36
2020-02-10T21:00:00+01:00,-4.38
2020-02-11T02:01:00+01:00,-4.39
2020-02-11T03:00:00+01:00,-4.39
2020-02-11T06:00:00+01:00,-4.4
2020-02-11T09:00:00+01:00,-4.4
2020-02-11T12:00:00+01:00,-4.4
2020-02-11T15:00:00+01:00,-4.4
2020-02-11T18:00:00+01:00,-4.41
2020-02-11T21:00:00+01:00,-4.42
2020-02-12T02:01:00+01:00,-4.42
2020-02-12T03:00:00+01:00,-4.42
2020-02-12T06:00:00+01:00,-4.42
2020-02-12T09:00:00+01:00,-4.43
2020-02-12T12:00:00+01:00,-4.44
2020-02-12T15:00:00+01:00,-4.44
2020-02-12T18:00:00+01:00,-4.44
2020-02-12T21:00:00+01:00,-4.44
2020-02-13T02:01:00+01:00,-4.43
2020-02-13T03:00:00+01:00,-4.42
2020-02-13T06:00:00+01:00,-4.4
2020-02-13T09:00:00+01:00,-4.38
2020-02-13T12:00:00+01:00,-4.38
2020-02-13T15:00:00+01:00,-4.38
2020-02-13T18:00:00+01:00,-4.4
2020-02-13T21:00:00+01:00,-4.41
2020-02-14T02:01:00+01:00,-4.43
2020-02-14T03:00:00+01:00,-4.43
2020-02-14T06:00:00+01:00,-4.45
2020-02-14T09:00:00+01:00,-4.45
2020-02-14T12:00:00+01:00,-4.45
2020-02-14T15:00:00+01:00,-4.45
2020-02-14T18:00:00+01:00,-4.45
2020-02-14T21:00:00+01:00,-4.45
2020-02-15T02:01:00+01:00,-4.44
2020-02-15T03:00:00+01:00,-4.44
2020-02-15T06:00:00+01:00,-4.44
2020-02-15T09:00:00+01:00,-4.43
2020-02-15T12:00:00+01:00,-4.42
2020-02-15T15:00:00+01:00,-4.42
2020-02-15T18:00:00+01:00,-4.41
2020-02-15T21:00:00+01:00,-4.4
2020-02-16T02:01:00+01:00,-4.4
2020-02-16T03:00:00+01:00,-4.39
2020-02-16T06:00:00+01:00,-4.38
2020-02-16T09:00:00+01:00,-4.38
2020-02-16T12:00:00+01:00,-4.37
2020-02-16T15:00:00+01:00,-4.37
2020-02-16T18:00:00+01:00,-4.39
2020-02-16T21:00:00+01:00,-4.4
2020-02-17T02:01:00+01:00,-4.41
2020-02-17T03:00:00+01:00,-4.42
2020-02-17T06:00:00+01:00,-4.41
2020-02-17T09:00:00+01:00,-4.42
2020-02-17T12:00:00+01:00,-4.42
2020-02-17T15:00:00+01:00,-4.41
2020-02-17T18:00:00+01:00,-4.42
2020-02-17T21:00:00+01:00,-4.42
2020-02-18T02:01:00+01:00,-4.43
2020-02-18T03:00:00+01:00,-4.43
2020-02-18T06:00:00+01:00,-4.43
2020-02-18T09:00:00+01:00,-4.43
2020-02-18T12:00:00+01:00,-4.43
2020-02-18T15:00:00+01:00,-4.43
2020-02-18T18:00:00+01:00,-4.42
2020-02-18T21:00:00+01:00,-4.41
2020-02-19T02:01:00+01:00,-4.4
2020-02-19T03:00:00+01:00,-4.41
2020-02-19T06:00:00+01:00,-4.42
2020-02-19T09:00:00+01:00,-4.44
2020-02-19T12:00:00+01:00,-4.45
2020-02-19T15:00:00+01:00,-4.46
2020-02-19T18:00:00+01:00,-4.45
2020-02-19T21:00:00+01:00,-4.43
2020-02-20T02:01:00+01:00,-4.42
2020-02-20T03:00:00+01:00,-4.42
2020-02-20T06:00:00+01:00,-4.41
2020-02-20T09:00:00+01:00,-4.41
2020-02-20T12:00:00+01:00,-4.4
2020-02-20T15:00:00+01:00,-4.39
2020-02-20T18:00:00+01:00,-4.41
2020-02-20T21:00:00+01:00,-4.42
2020-02-21T02:01:00+01:00,-4.43
2020-02-21T03:00:00+01:00,-4.43
2020-02-21T06:00:00+01:00,-4.44
2020-02-21T09:00:00+01:00,-4.43
2020-02-21T12:00:00+01:00,-4.43
2020-02-21T15:00:00+01:00,-4.43
2020-02-21T18:00:00+01:00,-4.42
2020-02-21T21:00:00+01:00,-4.42
2020-02-22T02:01:00+01:00,-4.42
2020-02-22T03:00:00+01:00,-4.41
2020-02-22T06:00:00+01:00,-4.4
2020-02-22T09:00:00+01:00,-4.4
2020-02-22T12:00:00+01:00,-4.41
2020-02-22T15:00:00+01:00,-4.41
2020-02-22T18:00:00+01:00,-4.42
2020-02-22T21:00:00+01:00,-4.42
2020-02-23T02:01:00+01:00,-4.42
2020-02-23T03:00:00+01:00,-4.41
2020-02-23T06:00:00+01:00,-4.38
2020-02-23T09:00:00+01:00,-4.36
2020-02-23T12:00:00+01:00,-4.36
2020-02-23T15:00:00+01:00,-4.39
2020-02-23T18:00:00+01:00,-4.41
2020-02-23T21:00:00+01:00,-4.41
2020-02-24T02:01:00+01:00,-4.41
2020-02-24T03:00:00+01:00,-4.41
2020-02-24T06:00:00+01:00,-4.4
2020-02-24T09:00:00+01:00,-4.37
2020-02-24T12:00:00+01:00,-4.35
2020-02-24T15:00:00+01:00,-4.34
2020-02-24T18:00:00+01:00,-4.35
2020-02-24T21:00:00+01:00,-4.34
2020-02-25T02:01:00+01:00,-4.34
2020-02-25T03:00:00+01:00,-4.34
2020-02-25T06:00:00+01:00,-4.33
2020-02-25T09:00:00+01:00,-4.33
2020-02-25T12:00:00+01:00,-4.33
2020-02-25T15:00:00+01:00,-4.32
2020-02-25T18:00:00+01:00,-4.32
2020-02-25T21:00:00+01:00,-4.32
2020-02-26T02:01:00+01:00,-4.32
2020-02-26T03:00:00+01:00,-4.33
2020-02-26T06:00:00+01:00,-4.34
2020-02-26T09:00:00+01:00,-4.36
2020-02-26T12:00:00+01:00,-4.36
2020-02-26T15:00:00+01:00,-4.36
2020-02-26T18:00:00+01:00,-4.36
2020-02-26T21:00:00+01:00,-4.36
2020-02-27T02:01:00+01:00,-4.35
2020-02-27T03:00:00+01:00,-4.35
2020-02-27T06:00:00+01:00,-4.36
2020-02-27T09:00:00+01:00,-4.35
2020-02-27T12:00:00+01:00,-4.35
2020-02-27T15:00:00+01:00,-4.37
2020-02-27T18:00:00+01:00,-4.39
2020-02-27T21:00:00+01:00,-4.4
2020-02-28T02:01:00+01:00,-4.41
2020-02-28T03:00:00+01:00,-4.41
2020-02-28T06:00:00+01:00,-4.41
2020-02-28T09:00:00+01:00,-4.41
2020-02-28T12:00:00+01:00,-4.41
2020-02-28T15:00:00+01:00,-4.38
2020-02-28T18:00:00+01:00,-4.35
2020-02-28T21:00:00+01:00,-4.33
2020-02-29T02:01:00+01:00,-4.33
2020-02-29T03:00:00+01:00,-4.32
2020-02-29T06:00:00+01:00,-4.31
2020-02-29T09:00:00+01:00,-4.29
2020-02-29T12:00:00+01:00,-4.28
2020-02-29T15:00:00+01:00,-4.3
2020-02-29T18:00:00+01:00,-4.31
2020-02-29T21:00:00+01:00,-4.31
2020-03-01T02:01:00+01:00,-4.3
2020-03-01T03:00:00+01:00,-4.3
2020-03-01T06:00:00+01:00,-4.3
2020-03-01T09:00:00+01:00,-4.31
2020-03-01T12:00:00+01:00,-4.31
2020-03-01T15:00:00+01:00,-4.31
2020-03-01T18:00:00+01:00,-4.31
2020-03-01T21:00:00+01:00,-4.32
2020-03-02T02:01:00+01:00,-4.31
2020-03-02T03:00:00+01:00,-4.31
2020-03-02T06:00:00+01:00,-4.31
2020-03-02T09:00:00+01:00,-4.31
2020-03-02T12:00:00+01:00,-4.31
2020-03-02T15:00:00+01:00,-4.32
2020-03-02T18:00:00+01:00,-4.33
2020-03-02T21:00:00+01:00,-4.33
2020-03-03T02:01:00+01:00,-4.34
2020-03-03T03:00:00+01:00,-4.33
2020-03-03T06:00:00+01:00,-4.34
2020-03-03T09:00:00+01:00,-4.35
2020-03-03T12:00:00+01:00,-4.36
2020-03-03T15:00:00+01:00,-4.36
2020-03-03T18:00:00+01:00,-4.37
2020-03-03T21:00:00+01:00,-4.37
2020-03-04T02:01:00+01:00,-4.37
2020-03-04T03:00:00+01:00,-4.37
2020-03-04T06:00:00+01:00,-4.37
2020-03-04T09:00:00+01:00,-4.37
2020-03-04T12:00:00+01:00,-4.37
2020-03-04T15:00:00+01:00,-4.37
2020-03-04T18:00:00+01:00,-4.36
2020-03-04T21:00:00+01:00,-4.36
2020-03-05T02:01:00+01:00,-4.36
2020-03-05T03:00:00+01:00,-4.35
2020-03-05T06:00:00+01:00,-4.34
2020-03-05T09:00:00+01:00,-4.33
2020-03-05T12:00:00+01:00,-4.33
2020-03-05T15:00:00+01:00,-4.32
2020-03-05T18:00:00+01:00,-4.33
2020-03-05T21:00:00+01:00,-4.32
2020-03-06T02:01:00+01:00,-4.32
2020-03-06T03:00:00+01:00,-4.33
2020-03-06T06:00:00+01:00,-4.33
2020-03-06T09:00:00+01:00,-4.35
2020-03-06T12:00:00+01:00,-4.35
2020-03-06T15:00:00+01:00,-4.36
2020-03-06T18:00:00+01:00,-4.38
2020-03-06T21:00:00+01:00,-4.39
2020-03-07T02:01:00+01:00,-4.39
2020-03-07T03:00:00+01:00,-4.39
2020-03-07T06:00:00+01:00,-4.4
2020-03-07T09:00:00+01:00,-4.4
2020-03-07T12:00:00+01:00,-4.4
2020-03-07T15:00:00+01:00,-4.4
2020-03-07T18:00:00+01:00,-4.4
2020-03-07T21:00:00+01:00,-4.39
2020-03-08T02:01:00+01:00,-4.38
2020-03-08T03:00:00+01:00,-4.38
2020-03-08T06:00:00+01:00,-4.37
2020-03-08T09:00:00+01:00,-4.37
2020-03-08T12:00:00+01:00,-4.37
2020-03-08T15:00:00+01:00,-4.37
2020-03-08T18:00:00+01:00,-4.37
2020-03-08T21:00:00+01:00,-4.37
2020-03-09T02:01:00+01:00,-4.37
2020-03-09T03:00:00+01:00,-4.37
2020-03-09T06:00:00+01:00,-4.38
2020-03-09T09:00:00+01:00,-4.39
2020-03-09T12:00:00+01:00,-4.39
2020-03-09T15:00:00+01:00,-4.39
2020-03-09T18:00:00+01:00,-4.39
2020-03-09T21:00:00+01:00,-4.38
2020-03-10T02:01:00+01:00,-4.36
2020-03-10T03:00:00+01:00,-4.35
2020-03-10T06:00:00+01:00,-4.35
2020-03-10T09:00:00+01:00,-4.35
2020-03-10T12:00:00+01:00,-4.35
2020-03-10T15:00:00+01:00,-4.35
2020-03-10T18:00:00+01:00,-4.34
2020-03-10T21:00:00+01:00,-4.36
2020-03-11T02:01:00+01:00,-4.36
2020-03-11T03:00:00+01:00,-4.37
2020-03-11T06:00:00+01:00,-4.37
2020-03-11T09:00:00+01:00,-4.38
2020-03-11T12:00:00+01:00,-4.38
2020-03-11T15:00:00+01:00,-4.37
2020-03-11T18:00:00+01:00,-4.36
2020-03-11T21:00:00+01:00,-4.35
2020-03-12T02:01:00+01:00,-4.35
2020-03-12T03:00:00+01:00,-4.35
2020-03-12T06:00:00+01:00,-4.37
2020-03-12T09:00:00+01:00,-4.38
2020-03-12T12:00:00+01:00,-4.38
2020-03-12T15:00:00+01:00,-4.37
2020-03-12T18:00:00+01:00,-4.37
2020-03-12T21:00:00+01:00,-4.37
2020-03-13T02:01:00+01:00,-4.37
2020-03-13T03:00:00+01:00,-4.38
2020-03-13T06:00:00+01:00,-4.39
2020-03-13T09:00:00+01:00,-4.4
2020-03-13T12:00:00+01:00,-4.41
2020-03-13T15:00:00+01:00,-4.41
2020-03-13T18:00:00+01:00,-4.42
2020-03-13T21:00:00+01:00,-4.42
2020-03-14T02:01:00+01:00,-4.42
2020-03-14T03:00:00+01:00,-4.41
2020-03-14T06:00:00+01:00,-4.42
2020-03-14T09:00:00+01:00,-4.44
2020-03-14T12:00:00+01:00,-4.44
2020-03-14T15:00:00+01:00,-4.42
2020-03-14T18:00:00+01:00,-4.42
2020-03-14T21:00:00+01:00,-4.41
2020-03-15T02:01:00+01:00,-4.4
2020-03-15T03:00:00+01:00,-4.4
2020-03-15T06:00:00+01:00,-4.4
2020-03-15T09:00:00+01:00,-4.4
2020-03-15T12:00:00+01:00,-4.4
2020-03-15T15:00:00+01:00,-4.39
2020-03-15T18:00:00+01:00,-4.4
2020-03-15T21:00:00+01:00,-4.4
2020-03-16T02:01:00+01:00,-4.41
2020-03-16T03:00:00+01:00,-4.41
2020-03-16T06:00:00+01:00,-4.42
2020-03-16T09:00:00+01:00,-4.43
2020-03-16T12:00:00+01:00,-4.43
2020-03-16T15:00:00+01:00,-4.44
2020-03-16T18:00:00+01:00,-4.45
2020-03-16T21:00:00+01:00,-4.45
2020-03-17T02:01:00+01:00,-4.45
2020-03-17T03:00:00+01:00,-4.44
2020-03-17T06:00:00+01:00,-4.46
2020-03-17T09:00:00+01:00,-4.45
2020-03-17T12:00:00+01:00,-4.45
2020-03-17T15:00:00+01:00,-4.45
2020-03-17T18:00:00+01:00,-4.45
2020-03-17T21:00:00+01:00,-4.45
2020-03-18T02:01:00+01:00,-4.44
2020-03-18T03:00:00+01:00,-4.44
2020-03-18T06:00:00+01:00,-4.44
2020-03-18T09:00:00+01:00,-4.45
2020-03-18T12:00:00+01:00,-4.45
2020-03-18T15:00:00+01:00,-4.44
2020-03-18T18:00:00+01:00,-4.45
2020-03-18T21:00:00+01:00,-4.45
2020-03-19T02:01:00+01:00,-4.45
2020-03-19T03:00:00+01:00,-4.45
2020-03-19T06:00:00+01:00,-4.46
2020-03-19T09:00:00+01:00,-4.46
2020-03-19T12:00:00+01:00,-4.46
2020-03-19T15:00:00+01:00,-4.46
2020-03-19T18:00:00+01:00,-4.46
2020-03-19T21:00:00+01:00,-4.46
2020-03-20T02:01:00+01:00,-4.46
2020-03-20T03:00:00+01:00,-4.46
2020-03-20T06:00:00+01:00,-4.47
2020-03-20T09:00:00+01:00,-4.47
2020-03-20T12:00:00+01:00,-4.47
2020-03-20T15:00:00+01:00,-4.47
2020-03-20T18:00:00+01:00,-4.47
2020-03-20T21:00:00+01:00,-4.47
2020-03-21T02:01:00+01:00,-4.47
2020-03-21T03:00:00+01:00,-4.47
2020-03-21T06:00:00+01:00,-4.48
2020-03-21T09:00:00+01:00,-4.48
2020-03-21T12:00:00+01:00,-4.49
2020-03-21T15:00:00+01:00,-4.48
2020-03-21T18:00:00+01:00,-4.48
2020-03-21T21:00:00+01:00,-4.49
2020-03-22T02:01:00+01:00,-4.48
2020-03-22T03:00:00+01:00,-4.48
2020-03-22T06:00:00+01:00,-4.51
2020-03-22T09:00:00+01:00,-4.52
2020-03-22T12:00:00+01:00,-4.52
2020-03-22T15:00:00+01:00,-4.5
2020-03-22T18:00:00+01:00,-4.5
2020-03-22T21:00:00+01:00,-4.5
2020-03-23T02:01:00+01:00,-4.49
2020-03-23T03:00:00+01:00,-4.5
2020-03-23T06:00:00+01:00,-4.52
2020-03-23T09:00:00+01:00,-4.53
2020-03-23T12:00:00+01:00,-4.53
2020-03-23T15:00:00+01:00,-4.51
2020-03-23T18:00:00+01:00,-4.51
2020-03-23T21:00:00+01:00,-4.5
2020-03-24T02:01:00+01:00,-4.5
2020-03-24T03:00:00+01:00,-4.5
2020-03-24T06:00:00+01:00,-4.5
2020-03-24T09:00:00+01:00,-4.52
2020-03-24T12:00:00+01:00,-4.52
2020-03-24T15:00:00+01:00,-4.51
2020-03-24T18:00:00+01:00,-4.5
2020-03-24T21:00:00+01:00,-4.5
2020-03-25T02:01:00+01:00,-4.5
2020-03-25T03:00:00+01:00,-4.49
2020-03-25T06:00:00+01:00,-4.51
2020-03-25T09:00:00+01:00,-4.52
2020-03-25T12:00:00+01:00,-4.52
2020-03-25T15:00:00+01:00,-4.5
2020-03-25T18:00:00+01:00,-4.5
2020-03-25T21:00:00+01:00,-4.5
2020-03-26T02:01:00+01:00,-4.49
2020-03-26T03:00:00+01:00,-4.49
2020-03-26T06:00:00+01:00,-4.49
2020-03-26T09:00:00+01:00,-4.49
2020-03-26T12:00:00+01:00,-4.49
2020-03-26T15:00:00+01:00,-4.49
2020-03-26T18:00:00+01:00,-4.5
2020-03-26T21:00:00+01:00,-4.5
2020-03-27T02:01:00+01:00,-4.5
2020-03-27T03:00:00+01:00,-4.49
2020-03-27T06:00:00+01:00,-4.5
2020-03-27T09:00:00+01:00,-4.49
2020-03-27T12:00:00+01:00,-4.49
2020-03-27T15:00:00+01:00,-4.49
2020-03-27T18:00:00+01:00,-4.5
2020-03-27T21:00:00+01:00,-4.5
2020-03-28T02:01:00+01:00,-4.5
2020-03-28T03:00:00+01:00,-4.5
2020-03-28T06:00:00+01:00,-4.51
2020-03-28T09:00:00+01:00,-4.51
2020-03-28T12:00:00+01:00,-4.51
2020-03-28T15:00:00+01:00,-4.51
2020-03-28T18:00:00+01:00,-4.52
2020-03-28T21:00:00+01:00,-4.52
2020-03-29T01:01:00+01:00,-4.52
2020-03-29T03:00:00+02:00,-4.52
2020-03-29T06:00:00+02:00,-4.53
2020-03-29T09:00:00+02:00,-4.54
2020-03-29T12:00:00+02:00,-4.54
2020-03-29T15:00:00+02:00,-4.54
2020-03-29T18:00:00+02:00,-4.55
2020-03-29T21:00:00+02:00,-4.55
2020-03-30T02:01:00+02:00,-4.55
2020-03-30T03:00:00+02:00,-4.56
2020-03-30T06:00:00+02:00,-4.58
2020-03-30T09:00:00+02:00,-4.58
2020-03-30T12:00:00+02:00,-4.57
2020-03-30T15:00:00+02:00,-4.55
2020-03-30T18:00:00+02:00,-4.55
2020-03-30T21:00:00+02:00,-4.54
2020-03-31T02:01:00+02:00,-4.54
2020-03-31T03:00:00+02:00,-4.54
2020-03-31T06:00:00+02:00,-4.55
2020-03-31T09:00:00+02:00,-4.56
2020-03-31T12:00:00+02:00,-4.56
2020-03-31T15:00:00+02:00,-4.54
2020-03-31T18:00:00+02:00,-4.54
2020-03-31T21:00:00+02:00,-4.53
2020-04-01T02:01:00+02:00,-4.53
2020-04-01T03:00:00+02:00,-4.52
2020-04-01T06:00:00+02:00,-4.54
2020-04-01T09:00:00+02:00,-4.55
2020-04-01T12:00:00+02:00,-4.54
2020-04-01T15:00:00+02:00,-4.52
2020-04-01T18:00:00+02:00,-4.52
2020-04-01T21:00:00+02:00,-4.51
2020-04-02T02:01:00+02:00,-4.5
2020-04-02T03:00:00+02:00,-4.49
2020-04-02T06:00:00+02:00,-4.49
2020-04-02T09:00:00+02:00,-4.49
2020-04-02T12:00:00+02:00,-4.48
2020-04-02T15:00:00+02:00,-4.48
2020-04-02T18:00:00+02:00,-4.48
2020-04-02T21:00:00+02:00,-4.49
2020-04-03T02:01:00+02:00,-4.49
2020-04-03T03:00:00+02:00,-4.49
2020-04-03T06:00:00+02:00,-4.5
2020-04-03T09:00:00+02:00,-4.5
2020-04-03T12:00:00+02:00,-4.5
2020-04-03T15:00:00+02:00,-4.51
2020-04-03T18:00:00+02:00,-4.51
2020-04-03T21:00:00+02:00,-4.52
2020-04-04T02:01:00+02:00,-4.52
2020-04-04T03:00:00+02:00,-4.52
2020-04-04T06:00:00+02:00,-4.53
2020-04-04T09:00:00+02:00,-4.53
2020-04-04T12:00:00+02:00,-4.52
2020-04-04T15:00:00+02:00,-4.52
2020-04-04T18:00:00+02:00,-4.53
2020-04-04T21:00:00+02:00,-4.52
2020-04-05T02:01:00+02:00,-4.52
2020-04-05T03:00:00+02:00,-4.52
2020-04-05T06:00:00+02:00,-4.52
2020-04-05T09:00:00+02:00,-4.52
2020-04-05T12:00:00+02:00,-4.51
2020-04-05T15:00:00+02:00,-4.5
2020-04-05T18:00:00+02:00,-4.5
2020-04-05T21:00:00+02:00,-4.49
2020-04-06T02:01:00+02:00,-4.5
2020-04-06T03:00:00+02:00,-4.5
2020-04-06T06:00:00+02:00,-4.51
2020-04-06T09:00:00+02:00,-4.52
2020-04-06T12:00:00+02:00,-4.52
2020-04-06T15:00:00+02:00,-4.52
2020-04-06T18:00:00+02:00,-4.53
2020-04-06T21:00:00+02:00,-4.54
2020-04-07T02:01:00+02:00,-4.55
2020-04-07T03:00:00+02:00,-4.56
2020-04-07T06:00:00+02:00,-4.56
2020-04-07T09:00:00+02:00,-4.56
2020-04-07T12:00:00+02:00,-4.56
2020-04-07T15:00:00+02:00,-4.55
2020-04-07T18:00:00+02:00,-4.54
2020-04-07T21:00:00+02:00,-4.55
2020-04-08T02:01:00+02:00,-4.55
2020-04-08T03:00:00+02:00,-4.55
2020-04-08T06:00:00+02:00,-4.55
2020-04-08T09:00:00+02:00,-4.55
2020-04-08T12:00:00+02:00,-4.55
2020-04-08T15:00:00+02:00,-4.53
2020-04-08T18:00:00+02:00,-4.52
2020-04-08T21:00:00+02:00,-4.51
2020-04-09T02:01:00+02:00,-4.53
2020-04-09T03:00:00+02:00,-4.54
2020-04-09T06:00:00+02:00,-4.55
2020-04-09T09:00:00+02:00,-4.55
2020-04-09T12:00:00+02:00,-4.55
2020-04-09T15:00:00+02:00,-4.55
2020-04-09T18:00:00+02:00,-4.55
2020-04-09T21:00:00+02:00,-4.55
2020-04-10T02:01:00+02:00,-4.56
2020-04-10T03:00:00+02:00,-4.56
2020-04-10T06:00:00+02:00,-4.57
2020-04-10T09:00:00+02:00,-4.56
2020-04-10T12:00:00+02:00,-4.56
2020-04-10T15:00:00+02:00,-4.57
2020-04-10T18:00:00+02:00,-4.57
2020-04-10T21:00:00+02:00,-4.57
2020-04-11T02:01:00+02:00,-4.57
2020-04-11T03:00:00+02:00,-4.57
2020-04-11T06:00:00+02:00,-4.57
2020-04-11T09:00:00+02:00,-4.56
2020-04-11T12:00:00+02:00,-4.56
2020-04-11T15:00:00+02:00,-4.55
2020-04-11T18:00:00+02:00,-4.55
2020-04-11T21:00:00+02:00,-4.53
2020-04-12T02:01:00+02:00,-4.53
2020-04-12T03:00:00+02:00,-4.53
2020-04-12T06:00:00+02:00,-4.54
2020-04-12T09:00:00+02:00,-4.54
2020-04-12T12:00:00+02:00,-4.53
2020-04-12T15:00:00+02:00,-4.52
2020-04-12T18:00:00+02:00,-4.51
2020-04-12T21:00:00+02:00,-4.51
2020-04-13T02:01:00+02:00,-4.54
2020-04-13T03:00:00+02:00,-4.55
2020-04-13T06:00:00+02:00,-4.56
2020-04-13T09:00:00+02:00,-4.57
2020-04-13T12:00:00+02:00,-4.57
2020-04-13T15:00:00+02:00,-4.57
2020-04-13T18:00:00+02:00,-4.58
2020-04-13T21:00:00+02:00,-4.58
2020-04-14T02:01:00+02:00,-4.58
2020-04-14T03:00:00+02:00,-4.58
2020-04-14T06:00:00+02:00,-4.58
2020-04-14T09:00:00+02:00,-4.58
2020-04-14T12:00:00+02:00,-4.59
2020-04-14T15:00:00+02:00,-4.59
2020-04-14T18:00:00+02:00,-4.59
2020-04-14T21:00:00+02:00,-4.58
2020-04-15T02:01:00+02:00,-4.58
2020-04-15T03:00:00+02:00,-4.58
2020-04-15T06:00:00+02:00,-4.58
2020-04-15T09:00:00+02:00,-4.58
2020-04-15T12:00:00+02:00,-4.57
2020-04-15T15:00:00+02:00,-4.56
2020-04-15T18:00:00+02:00,-4.56
2020-04-15T21:00:00+02:00,-4.56
2020-04-16T02:01:00+02:00,-4.55
2020-04-16T03:00:00+02:00,-4.55
2020-04-16T06:00:00+02:00,-4.55
2020-04-16T09:00:00+02:00,-4.55
2020-04-16T12:00:00+02:00,-4.55
2020-04-16T15:00:00+02:00,-4.55
2020-04-16T18:00:00+02:00,-4.54
2020-04-16T21:00:00+02:00,-4.55
2020-04-17T02:01:00+02:00,-4.56
2020-04-17T03:00:00+02:00,-4.56
2020-04-17T06:00:00+02:00,-4.57
2020-04-17T09:00:00+02:00,-4.56
2020-04-17T12:00:00+02:00,-4.56
2020-04-17T15:00:00+02:00,-4.56
2020-04-17T18:00:00+02:00,-4.56
2020-04-17T21:00:00+02:00,-4.56
2020-04-18T02:01:00+02:00,-4.56
2020-04-18T03:00:00+02:00,-4.55
2020-04-18T06:00:00+02:00,-4.56
2020-04-18T09:00:00+02:00,-4.56
2020-04-18T12:00:00+02:00,-4.56
2020-04-18T15:00:00+02:00,-4.55
2020-04-18T18:00:00+02:00,-4.55
2020-04-18T21:00:00+02:00,-4.55
2020-04-19T02:01:00+02:00,-4.56
2020-04-19T03:00:00+02:00,-4.56
2020-04-19T06:00:00+02:00,-4.56
2020-04-19T09:00:00+02:00,-4.57
2020-04-19T12:00:00+02:00,-4.56
2020-04-19T15:00:00+02:00,-4.56
2020-04-19T18:00:00+02:00,-4.56
2020-04-19T21:00:00+02:00,-4.57
2020-04-20T02:01:00+02:00,-4.57
2020-04-20T03:00:00+02:00,-4.57
2020-04-20T06:00:00+02:00,-4.57
2020-04-20T09:00:00+02:00,-4.57
2020-04-20T12:00:00+02:00,-4.57
2020-04-20T15:00:00+02:00,-4.56
2020-04-20T18:00:00+02:00,-4.56
2020-04-20T21:00:00+02:00,-4.57
2020-04-21T02:01:00+02:00,-4.56
2020-04-21T03:00:00+02:00,-4.57
2020-04-21T06:00:00+02:00,-4.57
2020-04-21T09:00:00+02:00,-4.57
2020-04-21T12:00:00+02:00,-4.56
2020-04-21T15:00:00+02:00,-4.56
2020-04-21T18:00:00+02:00,-4.56
2020-04-21T21:00:00+02:00,-4.57
2020-04-22T02:01:00+02:00,-4.57
2020-04-22T03:00:00+02:00,-4.58
2020-04-22T06:00:00+02:00,-4.58
2020-04-22T09:00:00+02:00,-4.58
2020-04-22T12:00:00+02:00,-4.57
2020-04-22T15:00:00+02:00,-4.56
2020-04-22T18:00:00+02:00,-4.56
2020-04-22T21:00:00+02:00,-4.55
2020-04-23T02:01:00+02:00,-4.55
2020-04-23T03:00:00+02:00,-4.56
2020-04-23T06:00:00+02:00,-4.57
2020-04-23T09:00:00+02:00,-4.58
2020-04-23T12:00:00+02:00,-4.57
2020-04-23T15:00:00+02:00,-4.56
2020-04-23T18:00:00+02:00,-4.54
2020-04-23T21:00:00+02:00,-4.53
2020-04-24T02:01:00+02:00,-4.53
2020-04-24T03:00:00+02:00,-4.54
2020-04-24T06:00:00+02:00,-4.56
2020-04-24T09:00:00+02:00,-4.56
2020-04-24T12:00:00+02:00,-4.56
2020-04-24T15:00:00+02:00,-4.57
2020-04-24T18:00:00+02:00,-4.57
2020-04-24T21:00:00+02:00,-4.58
2020-04-25T02:01:00+02:00,-4.58
2020-04-25T03:00:00+02:00,-4.58
2020-04-25T06:00:00+02:00,-4.58
2020-04-25T09:00:00+02:00,-4.59
2020-04-25T12:00:00+02:00,-4.58
2020-04-25T15:00:00+02:00,-4.58
2020-04-25T18:00:00+02:00,-4.58
2020-04-25T21:00:00+02:00,-4.58
2020-04-26T02:01:00+02:00,-4.58
2020-04-26T03:00:00+02:00,-4.58
2020-04-26T06:00:00+02:00,-4.58
2020-04-26T09:00:00+02:00,-4.58
2020-04-26T12:00:00+02:00,-4.57
2020-04-26T15:00:00+02:00,-4.57
2020-04-26T18:00:00+02:00,-4.57
2020-04-26T21:00:00+02:00,-4.57
2020-04-27T02:01:00+02:00,-4.56
2020-04-27T03:00:00+02:00,-4.56
2020-04-27T06:00:00+02:00,-4.56
2020-04-27T09:00:00+02:00,-4.56
2020-04-27T12:00:00+02:00,-4.56
2020-04-27T15:00:00+02:00,-4.55
2020-04-27T18:00:00+02:00,-4.55
2020-04-27T21:00:00+02:00,-4.56
2020-04-28T02:01:00+02:00,-4.56
2020-04-28T03:00:00+02:00,-4.56
2020-04-28T06:00:00+02:00,-4.55
2020-04-28T09:00:00+02:00,-4.55
2020-04-28T12:00:00+02:00,-4.54
2020-04-28T15:00:00+02:00,-4.51
2020-04-28T18:00:00+02:00,-4.52
2020-04-28T21:00:00+02:00,-4.53
2020-04-29T02:01:00+02:00,-4.53
2020-04-29T03:00:00+02:00,-4.53
2020-04-29T06:00:00+02:00,-4.54
2020-04-29T09:00:00+02:00,-4.54
2020-04-29T12:00:00+02:00,-4.55
2020-04-29T15:00:00+02:00,-4.54
2020-04-29T18:00:00+02:00,-4.53
2020-04-29T21:00:00+02:00,-4.54
2020-04-30T02:01:00+02:00,-4.53
2020-04-30T03:00:00+02:00,-4.52
2020-04-30T06:00:00+02:00,-4.53
2020-04-30T09:00:00+02:00,-4.53
2020-04-30T12:00:00+02:00,-4.52
2020-04-30T15:00:00+02:00,-4.52
2020-04-30T18:00:00+02:00,-4.53
2020-04-30T21:00:00+02:00,-4.52
2020-05-01T02:01:00+02:00,-4.52
2020-05-01T03:00:00+02:00,-4.52
2020-05-01T06:00:00+02:00,-4.52
2020-05-01T09:00:00+02:00,-4.52
2020-05-01T12:00:00+02:00,-4.52
2020-05-01T15:00:00+02:00,-4.52
2020-05-01T18:00:00+02:00,-4.53
2020-05-01T21:00:00+02:00,-4.53
2020-05-02T02:01:00+02:00,-4.53
2020-05-02T03:00:00+02:00,-4.53
2020-05-02T06:00:00+02:00,-4.54
2020-05-02T09:00:00+02:00,-4.55
2020-05-02T12:00:00+02:00,-4.55
2020-05-02T15:00:00+02:00,-4.56
2020-05-02T18:00:00+02:00,-4.56
2020-05-02T21:00:00+02:00,-4.57
2020-05-03T02:01:00+02:00,-4.57
2020-05-03T03:00:00+02:00,-4.57
2020-05-03T06:00:00+02:00,-4.57
2020-05-03T09:00:00+02:00,-4.57
2020-05-03T12:00:00+02:00,-4.57
2020-05-03T15:00:00+02:00,-4.57
2020-05-03T18:00:00+02:00,-4.56
2020-05-03T21:00:00+02:00,-4.57
2020-05-04T02:01:00+02:00,-4.56
2020-05-04T03:00:00+02:00,-4.57
2020-05-04T06:00:00+02:00,-4.58
2020-05-04T09:00:00+02:00,-4.58
2020-05-04T12:00:00+02:00,-4.58
2020-05-04T15:00:00+02:00,-4.58
2020-05-04T18:00:00+02:00,-4.59
2020-05-04T21:00:00+02:00,-4.59
2020-05-05T02:01:00+02:00,-4.58
2020-05-05T03:00:00+02:00,-4.58
2020-05-05T06:00:00+02:00,-4.58
2020-05-05T09:00:00+02:00,-4.59
2020-05-05T12:00:00+02:00,-4.59
2020-05-05T15:00:00+02:00,-4.59
2020-05-05T18:00:00+02:00,-4.59
2020-05-05T21:00:00+02:00,-4.6
2020-05-06T02:01:00+02:00,-4.59
2020-05-06T03:00:00+02:00,-4.6
2020-05-06T06:00:00+02:00,-4.6
2020-05-06T09:00:00+02:00,-4.59
2020-05-06T12:00:00+02:00,-4.59
2020-05-06T15:00:00+02:00,-4.59
2020-05-06T18:00:00+02:00,-4.6
2020-05-06T21:00:00+02:00,-4.6
2020-05-07T02:01:00+02:00,-4.59
2020-05-07T03:00:00+02:00,-4.59
2020-05-07T06:00:00+02:00,-4.59
2020-05-07T09:00:00+02:00,-4.59
2020-05-07T12:00:00+02:00,-4.59
2020-05-07T15:00:00+02:00,-4.58
2020-05-07T18:00:00+02:00,-4.57
2020-05-07T21:00:00+02:00,-4.57
2020-05-08T02:01:00+02:00,-4.57
2020-05-08T03:00:00+02:00,-4.58
2020-05-08T06:00:00+02:00,-4.58
2020-05-08T09:00:00+02:00,-4.58
2020-05-08T12:00:00+02:00,-4.57
2020-05-08T15:00:00+02:00,-4.56
2020-05-08T18:00:00+02:00,-4.54
2020-05-08T21:00:00+02:00,-4.54
2020-05-09T02:01:00+02:00,-4.54
2020-05-09T03:00:00+02:00,-4.55
2020-05-09T06:00:00+02:00,-4.56
2020-05-09T09:00:00+02:00,-4.56
2020-05-09T12:00:00+02:00,-4.55
2020-05-09T15:00:00+02:00,-4.53
2020-05-09T18:00:00+02:00,-4.52
2020-05-09T21:00:00+02:00,-4.51
2020-05-10T02:01:00+02:00,-4.51
2020-05-10T03:00:00+02:00,-4.52
2020-05-10T06:00:00+02:00,-4.53
2020-05-10T09:00:00+02:00,-4.54
2020-05-10T12:00:00+02:00,-4.55
2020-05-10T15:00:00+02:00,-4.55
2020-05-10T18:00:00+02:00,-4.56
2020-05-10T21:00:00+02:00,-4.57
2020-05-11T02:01:00+02:00,-4.57
2020-05-11T03:00:00+02:00,-4.57
2020-05-11T06:00:00+02:00,-4.58
2020-05-11T09:00:00+02:00,-4.57
2020-05-11T12:00:00+02:00,-4.58
2020-05-11T15:00:00+02:00,-4.59
2020-05-11T18:00:00+02:00,-4.6
2020-05-11T21:00:00+02:00,-4.6
2020-05-12T02:01:00+02:00,-4.6
2020-05-12T03:00:00+02:00,-4.6
2020-05-12T06:00:00+02:00,-4.6
2020-05-12T09:00:00+02:00,-4.59
2020-05-12T12:00:00+02:00,-4.58
2020-05-12T15:00:00+02:00,-4.58
2020-05-12T18:00:00+02:00,-4.58
2020-05-12T21:00:00+02:00,-4.58
2020-05-13T02:01:00+02:00,-4.57
2020-05-13T03:00:00+02:00,-4.57
2020-05-13T06:00:00+02:00,-4.57
2020-05-13T09:00:00+02:00,-4.57
2020-05-13T12:00:00+02:00,-4.58
2020-05-13T15:00:00+02:00,-4.57
2020-05-13T18:00:00+02:00,-4.58
2020-05-13T21:00:00+02:00,-4.59
2020-05-14T02:01:00+02:00,-4.59
2020-05-14T03:00:00+02:00,-4.59
2020-05-14T06:00:00+02:00,-4.61
2020-05-14T09:00:00+02:00,-4.61
2020-05-14T12:00:00+02:00,-4.6
2020-05-14T15:00:00+02:00,-4.6
2020-05-14T18:00:00+02:00,-4.61
2020-05-14T21:00:00+02:00,-4.61
2020-05-15T02:01:00+02:00,-4.6
2020-05-15T03:00:00+02:00,-4.6
2020-05-15T06:00:00+02:00,-4.62
2020-05-15T09:00:00+02:00,-4.62
2020-05-15T12:00:00+02:00,-4.62
2020-05-15T15:00:00+02:00,-4.62
2020-05-15T18:00:00+02:00,-4.62
2020-05-15T21:00:00+02:00,-4.62
2020-05-16T02:01:00+02:00,-4.61
2020-05-16T03:00:00+02:00,-4.61
2020-05-16T06:00:00+02:00,-4.61
2020-05-16T09:00:00+02:00,-4.61
2020-05-16T12:00:00+02:00,-4.61
2020-05-16T15:00:00+02:00,-4.61
2020-05-16T18:00:00+02:00,-4.61
2020-05-16T21:00:00+02:00,-4.61
2020-05-17T02:01:00+02:00,-4.61
2020-05-17T03:00:00+02:00,-4.61
2020-05-17T06:00:00+02:00,-4.61
2020-05-17T09:00:00+02:00,-4.61
2020-05-17T12:00:00+02:00,-4.62
2020-05-17T15:00:00+02:00,-4.61
2020-05-17T18:00:00+02:00,-4.61
2020-05-17T21:00:00+02:00,-4.61
2020-05-18T02:01:00+02:00,-4.61
2020-05-18T03:00:00+02:00,-4.61
2020-05-18T06:00:00+02:00,-4.62
2020-05-18T09:00:00+02:00,-4.62
2020-05-18T12:00:00+02:00,-4.63
2020-05-18T15:00:00+02:00,-4.62
2020-05-18T18:00:00+02:00,-4.62
2020-05-18T21:00:00+02:00,-4.62
2020-05-19T02:01:00+02:00,-4.62
2020-05-19T03:00:00+02:00,-4.62
2020-05-19T06:00:00+02:00,-4.63
2020-05-19T09:00:00+02:00,-4.63
2020-05-19T12:00:00+02:00,-4.63
2020-05-19T15:00:00+02:00,-4.62
2020-05-19T18:00:00+02:00,-4.63
2020-05-19T21:00:00+02:00,-4.63
2020-05-20T02:01:00+02:00,-4.63
2020-05-20T03:00:00+02:00,-4.63
2020-05-20T06:00:00+02:00,-4.64
2020-05-20T09:00:00+02:00,-4.64
2020-05-20T12:00:00+02:00,-4.64
2020-05-20T15:00:00+02:00,-4.62
2020-05-20T18:00:00+02:00,-4.61
2020-05-20T21:00:00+02:00,-4.61
2020-05-21T02:01:00+02:00,-4.6
2020-05-21T03:00:00+02:00,-4.62
2020-05-21T06:00:00+02:00,-4.63
2020-05-21T09:00:00+02:00,-4.63
2020-05-21T12:00:00+02:00,-4.61
2020-05-21T15:00:00+02:00,-4.6
2020-05-21T18:00:00+02:00,-4.59
2020-05-21T21:00:00+02:00,-4.59
2020-05-22T02:01:00+02:00,-4.58
2020-05-22T03:00:00+02:00,-4.58
2020-05-22T06:00:00+02:00,-4.58
2020-05-22T09:00:00+02:00,-4.58
2020-05-22T12:00:00+02:00,-4.6
2020-05-22T15:00:00+02:00,-4.59
2020-05-22T18:00:00+02:00,-4.59
2020-05-22T21:00:00+02:00,-4.6
2020-05-23T02:01:00+02:00,-4.61
2020-05-23T03:00:00+02:00,-4.62
2020-05-23T06:00:00+02:00,-4.63
2020-05-23T09:00:00+02:00,-4.64
2020-05-23T12:00:00+02:00,-4.64
2020-05-23T15:00:00+02:00,-4.64
2020-05-23T18:00:00+02:00,-4.64
2020-05-23T21:00:00+02:00,-4.65
2020-05-24T02:01:00+02:00,-4.65
2020-05-24T03:00:00+02:00,-4.65
2020-05-24T06:00:00+02:00,-4.65
2020-05-24T09:00:00+02:00,-4.66
2020-05-24T12:00:00+02:00,-4.66
2020-05-24T15:00:00+02:00,-4.66
2020-05-24T18:00:00+02:00,-4.67
2020-05-24T21:00:00+02:00,-4.67
2020-05-25T02:01:00+02:00,-4.67
2020-05-25T03:00:00+02:00,-4.67
2020-05-25T06:00:00+02:00,-4.68
2020-05-25T09:00:00+02:00,-4.68
2020-05-25T12:00:00+02:00,-4.67
2020-05-25T15:00:00+02:00,-4.67
2020-05-25T18:00:00+02:00,-4.67
2020-05-25T21:00:00+02:00,-4.67
2020-05-26T02:01:00+02:00,-4.68
2020-05-26T03:00:00+02:00,-4.68
2020-05-26T06:00:00+02:00,-4.68
2020-05-26T09:00:00+02:00,-4.69
2020-05-26T12:00:00+02:00,-4.68
2020-05-26T15:00:00+02:00,-4.67
2020-05-26T18:00:00+02:00,-4.66
2020-05-26T21:00:00+02:00,-4.66
2020-05-27T02:01:00+02:00,-4.66
2020-05-27T03:00:00+02:00,-4.67
2020-05-27T06:00:00+02:00,-4.67
2020-05-27T09:00:00+02:00,-4.68
2020-05-27T12:00:00+02:00,-4.68
2020-05-27T15:00:00+02:00,-4.68
2020-05-27T18:00:00+02:00,-4.68
2020-05-27T21:00:00+02:00,-4.69
2020-05-28T02:01:00+02:00,-4.69
2020-05-28T03:00:00+02:00,-4.69
2020-05-28T06:00:00+02:00,-4.7
2020-05-28T09:00:00+02:00,-4.7
2020-05-28T12:00:00+02:00,-4.69
2020-05-28T15:00:00+02:00,-4.69
2020-05-28T18:00:00+02:00,-4.69
2020-05-28T21:00:00+02:00,-4.7
2020-05-29T02:01:00+02:00,-4.69
2020-05-29T03:00:00+02:00,-4.69
2020-05-29T06:00:00+02:00,-4.69
2020-05-29T09:00:00+02:00,-4.69
2020-05-29T12:00:00+02:00,-4.68
2020-05-29T15:00:00+02:00,-4.67
2020-05-29T18:00:00+02:00,-4.66
2020-05-29T21:00:00+02:00,-4.66
2020-05-30T02:01:00+02:00,-4.67
2020-05-30T03:00:00+02:00,-4.67
2020-05-30T06:00:00+02:00,-4.68
2020-05-30T09:00:00+02:00,-4.68
2020-05-30T12:00:00+02:00,-4.67
2020-05-30T15:00:00+02:00,-4.66
2020-05-30T18:00:00+02:00,-4.65
2020-05-30T21:00:00+02:00,-4.65
2020-05-31T02:01:00+02:00,-4.65
2020-05-31T03:00:00+02:00,-4.66
2020-05-31T06:00:00+02:00,-4.67
2020-05-31T09:00:00+02:00,-4.68
2020-05-31T12:00:00+02:00,-4.67
2020-05-31T15:00:00+02:00,-4.67
2020-05-31T18:00:00+02:00,-4.66
2020-05-31T21:00:00+02:00,-4.65
2020-06-01T02:01:00+02:00,-4.66
2020-06-01T03:00:00+02:00,-4.67
2020-06-01T06:00:00+02:00,-4.67
2020-06-01T09:00:00+02:00,-4.67
2020-06-01T12:00:00+02:00,-4.66
2020-06-01T15:00:00+02:00,-4.65
2020-06-01T18:00:00+02:00,-4.64
2020-06-01T21:00:00+02:00,-4.63
2020-06-02T02:01:00+02:00,-4.63
2020-06-02T03:00:00+02:00,-4.63
2020-06-02T06:00:00+02:00,-4.65
2020-06-02T09:00:00+02:00,-4.65
2020-06-02T12:00:00+02:00,-4.64
2020-06-02T15:00:00+02:00,-4.62
2020-06-02T18:00:00+02:00,-4.61
2020-06-02T21:00:00+02:00,-4.61
2020-06-03T02:01:00+02:00,-4.61
2020-06-03T03:00:00+02:00,-4.62
2020-06-03T06:00:00+02:00,-4.63
2020-06-03T09:00:00+02:00,-4.64
2020-06-03T12:00:00+02:00,-4.63
2020-06-03T15:00:00+02:00,-4.62
2020-06-03T18:00:00+02:00,-4.62
2020-06-03T21:00:00+02:00,-4.63
2020-06-04T02:01:00+02:00,-4.62
2020-06-04T03:00:00+02:00,-4.63
2020-06-04T06:00:00+02:00,-4.63
2020-06-04T09:00:00+02:00,-4.63
2020-06-04T12:00:00+02:00,-4.63
2020-06-04T15:00:00+02:00,-4.62
2020-06-04T18:00:00+02:00,-4.62
2020-06-04T21:00:00+02:00,-4.62
2020-06-05T02:01:00+02:00,-4.62
2020-06-05T03:00:00+02:00,-4.61
2020-06-05T06:00:00+02:00,-4.6
2020-06-05T09:00:00+02:00,-4.59
2020-06-05T12:00:00+02:00,-4.59
2020-06-05T15:00:00+02:00,-4.61
2020-06-05T18:00:00+02:00,-4.61
2020-06-05T21:00:00+02:00,-4.61
2020-06-06T02:01:00+02:00,-4.61
2020-06-06T03:00:00+02:00,-4.61
2020-06-06T06:00:00+02:00,-4.61
2020-06-06T09:00:00+02:00,-4.61
2020-06-06T12:00:00+02:00,-4.61
2020-06-06T15:00:00+02:00,-4.62
2020-06-06T18:00:00+02:00,-4.61
2020-06-06T21:00:00+02:00,-4.61
2020-06-07T02:01:00+02:00,-4.6
2020-06-07T03:00:00+02:00,-4.61
2020-06-07T06:00:00+02:00,-4.62
2020-06-07T09:00:00+02:00,-4.62
2020-06-07T12:00:00+02:00,-4.64
2020-06-07T15:00:00+02:00,-4.63
2020-06-07T18:00:00+02:00,-4.64
2020-06-07T21:00:00+02:00,-4.64
2020-06-08T02:01:00+02:00,-4.63
2020-06-08T03:00:00+02:00,-4.63
2020-06-08T06:00:00+02:00,-4.64
2020-06-08T09:00:00+02:00,-4.64
2020-06-08T12:00:00+02:00,-4.64
2020-06-08T15:00:00+02:00,-4.64
2020-06-08T18:00:00+02:00,-4.64
2020-06-08T21:00:00+02:00,-4.65
2020-06-09T02:01:00+02:00,-4.64
2020-06-09T03:00:00+02:00,-4.64
2020-06-09T06:00:00+02:00,-4.64
2020-06-09T09:00:00+02:00,-4.65
2020-06-09T12:00:00+02:00,-4.64
2020-06-09T15:00:00+02:00,-4.64
2020-06-09T18:00:00+02:00,-4.64
2020-06-09T21:00:00+02:00,-4.65
2020-06-10T02:01:00+02:00,-4.64
2020-06-10T03:00:00+02:00,-4.64
2020-06-10T06:00:00+02:00,-4.64
2020-06-10T09:00:00+02:00,-4.63
2020-06-10T12:00:00+02:00,-4.63
2020-06-10T15:00:00+02:00,-4.63
2020-06-10T18:00:00+02:00,-4.62
2020-06-10T21:00:00+02:00,-4.62
2020-06-11T02:01:00+02:00,-4.62
2020-06-11T03:00:00+02:00,-4.62
2020-06-11T06:00:00+02:00,-4.62
2020-06-11T09:00:00+02:00,-4.62
2020-06-11T12:00:00+02:00,-4.61
2020-06-11T15:00:00+02:00,-4.61
2020-06-11T18:00:00+02:00,-4.61
2020-06-11T21:00:00+02:00,-4.61
2020-06-12T02:01:00+02:00,-4.6
2020-06-12T03:00:00+02:00,-4.6
2020-06-12T06:00:00+02:00,-4.6
2020-06-12T09:00:00+02:00,-4.6
2020-06-12T12:00:00+02:00,-4.59
2020-06-12T15:00:00+02:00,-4.58
2020-06-12T18:00:00+02:00,-4.57
2020-06-12T21:00:00+02:00,-4.56
2020-06-13T02:01:00+02:00,-4.56
2020-06-13T03:00:00+02:00,-4.57
2020-06-13T06:00:00+02:00,-4.59
2020-06-13T09:00:00+02:00,-4.59
2020-06-13T12:00:00+02:00,-4.59
2020-06-13T15:00:00+02:00,-4.57
2020-06-13T18:00:00+02:00,-4.57
2020-06-13T21:00:00+02:00,-4.57
2020-06-14T02:01:00+02:00,-4.56
2020-06-14T03:00:00+02:00,-4.57
2020-06-14T06:00:00+02:00,-4.57
2020-06-14T09:00:00+02:00,-4.58
2020-06-14T12:00:00+02:00,-4.58
2020-06-14T15:00:00+02:00,-4.57
2020-06-14T18:00:00+02:00,-4.58
2020-06-14T21:00:00+02:00,-4.59
2020-06-15T02:01:00+02:00,-4.6
2020-06-15T03:00:00+02:00,-4.6
2020-06-15T06:00:00+02:00,-4.61
2020-06-15T09:00:00+02:00,-4.61
2020-06-15T12:00:00+02:00,-4.6
2020-06-15T15:00:00+02:00,-4.6
2020-06-15T18:00:00+02:00,-4.6
2020-06-15T21:00:00+02:00,-4.59
2020-06-16T02:01:00+02:00,-4.58
2020-06-16T03:00:00+02:00,-4.59
2020-06-16T06:00:00+02:00,-4.6
2020-06-16T09:00:00+02:00,-4.61
2020-06-16T12:00:00+02:00,-4.59
2020-06-16T15:00:00+02:00,-4.59
2020-06-16T18:00:00+02:00,-4.57
2020-06-16T21:00:00+02:00,-4.58
2020-06-17T02:01:00+02:00,-4.58
2020-06-17T03:00:00+02:00,-4.58
2020-06-17T06:00:00+02:00,-4.59
2020-06-17T09:00:00+02:00,-4.59
2020-06-17T12:00:00+02:00,-4.57
2020-06-17T15:00:00+02:00,-4.56
2020-06-17T18:00:00+02:00,-4.55
2020-06-17T21:00:00+02:00,-4.56
2020-06-18T02:01:00+02:00,-4.55
2020-06-18T03:00:00+02:00,-4.54
2020-06-18T06:00:00+02:00,-4.56
2020-06-18T09:00:00+02:00,-4.57
2020-06-18T12:00:00+02:00,-4.58
2020-06-18T15:00:00+02:00,-4.57
2020-06-18T18:00:00+02:00,-4.57
2020-06-18T21:00:00+02:00,-4.56
2020-06-19T02:01:00+02:00,-4.57
2020-06-19T03:00:00+02:00,-4.58
2020-06-19T06:00:00+02:00,-4.58
2020-06-19T09:00:00+02:00,-4.59
2020-06-19T12:00:00+02:00,-4.59
2020-06-19T15:00:00+02:00,-4.58
2020-06-19T18:00:00+02:00,-4.58
2020-06-19T21:00:00+02:00,-4.57
2020-06-20T02:01:00+02:00,-4.58
2020-06-20T03:00:00+02:00,-4.59
2020-06-20T06:00:00+02:00,-4.6
2020-06-20T09:00:00+02:00,-4.6
2020-06-20T12:00:00+02:00,-4.6
2020-06-20T15:00:00+02:00,-4.59
2020-06-20T18:00:00+02:00,-4.58
2020-06-20T21:00:00+02:00,-4.58
2020-06-21T02:01:00+02:00,-4.58
2020-06-21T03:00:00+02:00,-4.59
2020-06-21T06:00:00+02:00,-4.59
2020-06-21T09:00:00+02:00,-4.59
2020-06-21T12:00:00+02:00,-4.59
2020-06-21T15:00:00+02:00,-4.59
2020-06-21T18:00:00+02:00,-4.58
2020-06-21T21:00:00+02:00,-4.58
2020-06-22T02:01:00+02:00,-4.59
2020-06-22T03:00:00+02:00,-4.6
2020-06-22T06:00:00+02:00,-4.61
2020-06-22T09:00:00+02:00,-4.62
2020-06-22T12:00:00+02:00,-4.62
2020-06-22T15:00:00+02:00,-4.61
2020-06-22T18:00:00+02:00,-4.6
2020-06-22T21:00:00+02:00,-4.6
2020-06-23T02:01:00+02:00,-4.61
2020-06-23T03:00:00+02:00,-4.62
2020-06-23T06:00:00+02:00,-4.62
2020-06-23T09:00:00+02:00,-4.63
2020-06-23T12:00:00+02:00,-4.62
2020-06-23T15:00:00+02:00,-4.6
2020-06-23T18:00:00+02:00,-4.6
2020-06-23T21:00:00+02:00,-4.6
2020-06-24T02:01:00+02:00,-4.59
2020-06-24T03:00:00+02:00,-4.59
2020-06-24T06:00:00+02:00,-4.59
2020-06-24T09:00:00+02:00,-4.6
2020-06-24T12:00:00+02:00,-4.59
2020-06-24T15:00:00+02:00,-4.59
2020-06-24T18:00:00+02:00,-4.59
2020-06-24T21:00:00+02:00,-4.6
2020-06-25T02:01:00+02:00,-4.59
2020-06-25T03:00:00+02:00,-4.59
2020-06-25T06:00:00+02:00,-4.59
2020-06-25T09:00:00+02:00,-4.59
2020-06-25T12:00:00+02:00,-4.58
2020-06-25T15:00:00+02:00,-4.57
2020-06-25T18:00:00+02:00,-4.56
2020-06-25T21:00:00+02:00,-4.57
2020-06-26T02:01:00+02:00,-4.56
2020-06-26T03:00:00+02:00,-4.56
2020-06-26T06:00:00+02:00,-4.56
2020-06-26T09:00:00+02:00,-4.56
2020-06-26T12:00:00+02:00,-4.56
2020-06-26T15:00:00+02:00,-4.55
2020-06-26T18:00:00+02:00,-4.56
2020-06-26T21:00:00+02:00,-4.56
2020-06-27T02:01:00+02:00,-4.55
2020-06-27T03:00:00+02:00,-4.54
2020-06-27T06:00:00+02:00,-4.55
2020-06-27T09:00:00+02:00,-4.54
2020-06-27T12:00:00+02:00,-4.54
2020-06-27T15:00:00+02:00,-4.54
2020-06-27T18:00:00+02:00,-4.54
2020-06-27T21:00:00+02:00,-4.54
2020-06-28T02:01:00+02:00,-4.54
2020-06-28T03:00:00+02:00,-4.56
2020-06-28T06:00:00+02:00,-4.57
2020-06-28T09:00:00+02:00,-4.58
2020-06-28T12:00:00+02:00,-4.58
2020-06-28T15:00:00+02:00,-4.58
2020-06-28T18:00:00+02:00,-4.58
2020-06-28T21:00:00+02:00,-4.57
2020-06-29T02:01:00+02:00,-4.58
2020-06-29T03:00:00+02:00,-4.57
2020-06-29T06:00:00+02:00,-4.58
2020-06-29T09:00:00+02:00,-4.58
2020-06-29T12:00:00+02:00,-4.58
2020-06-29T15:00:00+02:00,-4.57
2020-06-29T18:00:00+02:00,-4.57
2020-06-29T21:00:00+02:00,-4.57
2020-06-30T02:01:00+02:00,-4.57
2020-06-30T03:00:00+02:00,-4.57
2020-06-30T06:00:00+02:00,-4.58
2020-06-30T09:00:00+02:00,-4.58
2020-06-30T12:00:00+02:00,-4.59
2020-06-30T15:00:00+02:00,-4.58
2020-06-30T18:00:00+02:00,-4.56
2020-06-30T21:00:00+02:00,-4.57
2020-07-01T02:01:00+02:00,-4.56
2020-07-01T03:00:00+02:00,-4.56
2020-07-01T06:00:00+02:00,-4.56
2020-07-01T09:00:00+02:00,-4.56
2020-07-01T12:00:00+02:00,-4.56
2020-07-01T15:00:00+02:00,-4.56
2020-07-01T18:00:00+02:00,-4.56
2020-07-01T21:00:00+02:00,-4.56
2020-07-02T02:01:00+02:00,-4.56
2020-07-02T03:00:00+02:00,-4.56
2020-07-02T06:00:00+02:00,-4.57
2020-07-02T09:00:00+02:00,-4.57
2020-07-02T12:00:00+02:00,-4.57
2020-07-02T15:00:00+02:00,-4.56
2020-07-02T18:00:00+02:00,-4.57
2020-07-02T21:00:00+02:00,-4.57
2020-07-03T02:01:00+02:00,-4.58
2020-07-03T03:00:00+02:00,-4.58
2020-07-03T06:00:00+02:00,-4.59
2020-07-03T09:00:00+02:00,-4.59
2020-07-03T12:00:00+02:00,-4.59
2020-07-03T15:00:00+02:00,-4.57
2020-07-03T18:00:00+02:00,-4.57
2020-07-03T21:00:00+02:00,-4.57
2020-07-04T02:01:00+02:00,-4.57
2020-07-04T03:00:00+02:00,-4.57
2020-07-04T06:00:00+02:00,-4.58
2020-07-04T09:00:00+02:00,-4.58
2020-07-04T12:00:00+02:00,-4.58
2020-07-04T15:00:00+02:00,-4.58
2020-07-04T18:00:00+02:00,-4.57
2020-07-04T21:00:00+02:00,-4.57
2020-07-05T02:01:00+02:00,-4.56
2020-07-05T03:00:00+02:00,-4.56
2020-07-05T06:00:00+02:00,-4.56
2020-07-05T09:00:00+02:00,-4.56
2020-07-05T12:00:00+02:00,-4.56
2020-07-05T15:00:00+02:00,-4.55
2020-07-05T18:00:00+02:00,-4.55
2020-07-05T21:00:00+02:00,-4.55
2020-07-06T02:01:00+02:00,-4.55
2020-07-06T03:00:00+02:00,-4.56
2020-07-06T06:00:00+02:00,-4.57
2020-07-06T09:00:00+02:00,-4.58
2020-07-06T12:00:00+02:00,-4.59
2020-07-06T15:00:00+02:00,-4.59
2020-07-06T18:00:00+02:00,-4.6
2020-07-06T21:00:00+02:00,-4.6
2020-07-07T02:01:00+02:00,-4.6
2020-07-07T03:00:00+02:00,-4.59
2020-07-07T06:00:00+02:00,-4.59
2020-07-07T09:00:00+02:00,-4.59
2020-07-07T12:00:00+02:00,-4.59
2020-07-07T15:00:00+02:00,-4.59
2020-07-07T18:00:00+02:00,-4.58
2020-07-07T21:00:00+02:00,-4.58
2020-07-08T02:01:00+02:00,-4.58
2020-07-08T03:00:00+02:00,-4.57
2020-07-08T06:00:00+02:00,-4.58
2020-07-08T09:00:00+02:00,-4.58
2020-07-08T12:00:00+02:00,-4.58
2020-07-08T15:00:00+02:00,-4.58
2020-07-08T18:00:00+02:00,-4.57
2020-07-08T21:00:00+02:00,-4.57
2020-07-09T02:01:00+02:00,-4.57
2020-07-09T03:00:00+02:00,-4.56
2020-07-09T06:00:00+02:00,-4.56
2020-07-09T09:00:00+02:00,-4.55
2020-07-09T12:00:00+02:00,-4.55
2020-07-09T15:00:00+02:00,-4.55
2020-07-09T18:00:00+02:00,-4.54
2020-07-09T21:00:00+02:00,-4.53
2020-07-10T02:01:00+02:00,-4.53
2020-07-10T03:00:00+02:00,-4.53
2020-07-10T06:00:00+02:00,-4.53
2020-07-10T09:00:00+02:00,-4.55
2020-07-10T12:00:00+02:00,-4.56
2020-07-10T15:00:00+02:00,-4.56
2020-07-10T18:00:00+02:00,-4.57
2020-07-10T21:00:00+02:00,-4.57
2020-07-11T02:01:00+02:00,-4.57
2020-07-11T03:00:00+02:00,-4.57
2020-07-11T06:00:00+02:00,-4.58
2020-07-11T09:00:00+02:00,-4.58
2020-07-11T12:00:00+02:00,-4.58
2020-07-11T15:00:00+02:00,-4.58
2020-07-11T18:00:00+02:00,-4.58
2020-07-11T21:00:00+02:00,-4.58
2020-07-12T02:01:00+02:00,-4.58
2020-07-12T03:00:00+02:00,-4.58
2020-07-12T06:00:00+02:00,-4.59
2020-07-12T09:00:00+02:00,-4.58
2020-07-12T12:00:00+02:00,-4.58
2020-07-12T15:00:00+02:00,-4.58
2020-07-12T18:00:00+02:00,-4.57
2020-07-12T21:00:00+02:00,-4.57
2020-07-13T02:01:00+02:00,-4.57
2020-07-13T03:00:00+02:00,-4.57
2020-07-13T06:00:00+02:00,-4.57
2020-07-13T09:00:00+02:00,-4.57
2020-07-13T12:00:00+02:00,-4.56
2020-07-13T15:00:00+02:00,-4.54
2020-07-13T18:00:00+02:00,-4.53
2020-07-13T21:00:00+02:00,-4.52
2020-07-14T02:01:00+02:00,-4.51
2020-07-14T03:00:00+02:00,-4.52
2020-07-14T06:00:00+02:00,-4.53
2020-07-14T09:00:00+02:00,-4.54
2020-07-14T12:00:00+02:00,-4.54
2020-07-14T15:00:00+02:00,-4.54
2020-07-14T18:00:00+02:00,-4.55
2020-07-14T21:00:00+02:00,-4.55
2020-07-15T02:01:00+02:00,-4.55
2020-07-15T03:00:00+02:00,-4.55
2020-07-15T06:00:00+02:00,-4.55
2020-07-15T09:00:00+02:00,-4.56
2020-07-15T12:00:00+02:00,-4.55
2020-07-15T15:00:00+02:00,-4.55
2020-07-15T18:00:00+02:00,-4.54
2020-07-15T21:00:00+02:00,-4.55
2020-07-16T02:01:00+02:00,-4.55
2020-07-16T03:00:00+02:00,-4.55
2020-07-16T06:00:00+02:00,-4.56
2020-07-16T09:00:00+02:00,-4.56
2020-07-16T12:00:00+02:00,-4.57
2020-07-16T15:00:00+02:00,-4.57
2020-07-16T18:00:00+02:00,-4.56
2020-07-16T21:00:00+02:00,-4.57
2020-07-17T02:01:00+02:00,-4.57
2020-07-17T03:00:00+02:00,-4.57
2020-07-17T06:00:00+02:00,-4.58
2020-07-17T09:00:00+02:00,-4.58
2020-07-17T12:00:00+02:00,-4.58
2020-07-17T15:00:00+02:00,-4.57
2020-07-17T18:00:00+02:00,-4.56
2020-07-17T21:00:00+02:00,-4.55
2020-07-18T02:01:00+02:00,-4.54
2020-07-18T03:00:00+02:00,-4.54
2020-07-18T06:00:00+02:00,-4.56
2020-07-18T09:00:00+02:00,-4.56
2020-07-18T12:00:00+02:00,-4.55
2020-07-18T15:00:00+02:00,-4.53
2020-07-18T18:00:00+02:00,-4.52
2020-07-18T21:00:00+02:00,-4.52
2020-07-19T02:01:00+02:00,-4.52
2020-07-19T03:00:00+02:00,-4.53
2020-07-19T06:00:00+02:00,-4.54
2020-07-19T09:00:00+02:00,-4.55
2020-07-19T12:00:00+02:00,-4.55
2020-07-19T15:00:00+02:00,-4.54
2020-07-19T18:00:00+02:00,-4.54
2020-07-19T21:00:00+02:00,-4.54
2020-07-20T02:01:00+02:00,-4.55
2020-07-20T03:00:00+02:00,-4.56
2020-07-20T06:00:00+02:00,-4.57
2020-07-20T09:00:00+02:00,-4.58
2020-07-20T12:00:00+02:00,-4.58
2020-07-20T15:00:00+02:00,-4.57
2020-07-20T18:00:00+02:00,-4.57
2020-07-20T21:00:00+02:00,-4.58
2020-07-21T02:01:00+02:00,-4.58
2020-07-21T03:00:00+02:00,-4.58
2020-07-21T06:00:00+02:00,-4.59
2020-07-21T09:00:00+02:00,-4.6
2020-07-21T12:00:00+02:00,-4.59
2020-07-21T15:00:00+02:00,-4.59
2020-07-21T18:00:00+02:00,-4.59
2020-07-21T21:00:00+02:00,-4.59
2020-07-22T02:01:00+02:00,-4.6
2020-07-22T03:00:00+02:00,-4.61
2020-07-22T06:00:00+02:00,-4.6
2020-07-22T09:00:00+02:00,-4.6
2020-07-22T12:00:00+02:00,-4.6
2020-07-22T15:00:00+02:00,-4.59
2020-07-22T18:00:00+02:00,-4.59
2020-07-22T21:00:00+02:00,-4.59
2020-07-23T02:01:00+02:00,-4.59
2020-07-23T03:00:00+02:00,-4.59
2020-07-23T06:00:00+02:00,-4.59
2020-07-23T09:00:00+02:00,-4.59
2020-07-23T12:00:00+02:00,-4.58
2020-07-23T15:00:00+02:00,-4.55
2020-07-23T18:00:00+02:00,-4.53
2020-07-23T21:00:00+02:00,-4.53
2020-07-24T02:01:00+02:00,-4.52
2020-07-24T03:00:00+02:00,-4.53
2020-07-24T06:00:00+02:00,-4.55
2020-07-24T09:00:00+02:00,-4.56
2020-07-24T12:00:00+02:00,-4.56
2020-07-24T15:00:00+02:00,-4.56
2020-07-24T18:00:00+02:00,-4.56
2020-07-24T21:00:00+02:00,-4.55
2020-07-25T02:01:00+02:00,-4.55
2020-07-25T03:00:00+02:00,-4.56
2020-07-25T06:00:00+02:00,-4.56
2020-07-25T09:00:00+02:00,-4.56
2020-07-25T12:00:00+02:00,-4.56
2020-07-25T15:00:00+02:00,-4.55
2020-07-25T18:00:00+02:00,-4.54
2020-07-25T21:00:00+02:00,-4.52
2020-07-26T02:01:00+02:00,-4.52
2020-07-26T03:00:00+02:00,-4.52
2020-07-26T06:00:00+02:00,-4.54
2020-07-26T09:00:00+02:00,-4.55
2020-07-26T12:00:00+02:00,-4.55
2020-07-26T15:00:00+02:00,-4.55
2020-07-26T18:00:00+02:00,-4.55
2020-07-26T21:00:00+02:00,-4.54
2020-07-27T02:01:00+02:00,-4.54
2020-07-27T03:00:00+02:00,-4.55
2020-07-27T06:00:00+02:00,-4.56
2020-07-27T09:00:00+02:00,-4.56
2020-07-27T12:00:00+02:00,-4.54
2020-07-27T15:00:00+02:00,-4.52
2020-07-27T18:00:00+02:00,-4.52
2020-07-27T21:00:00+02:00,-4.5
2020-07-28T02:01:00+02:00,-4.5
2020-07-28T03:00:00+02:00,-4.52
2020-07-28T06:00:00+02:00,-4.53
2020-07-28T09:00:00+02:00,-4.54
2020-07-28T12:00:00+02:00,-4.55
2020-07-28T15:00:00+02:00,-4.55
2020-07-28T18:00:00+02:00,-4.55
2020-07-28T21:00:00+02:00,-4.55
2020-07-29T02:01:00+02:00,-4.55
2020-07-29T03:00:00+02:00,-4.56
2020-07-29T06:00:00+02:00,-4.57
2020-07-29T09:00:00+02:00,-4.58
2020-07-29T12:00:00+02:00,-4.57
2020-07-29T15:00:00+02:00,-4.57
2020-07-29T18:00:00+02:00,-4.56
2020-07-29T21:00:00+02:00,-4.57
2020-07-30T02:01:00+02:00,-4.57
2020-07-30T03:00:00+02:00,-4.58
2020-07-30T06:00:00+02:00,-4.59
2020-07-30T09:00:00+02:00,-4.59
2020-07-30T12:00:00+02:00,-4.58
2020-07-30T15:00:00+02:00,-4.56
2020-07-30T18:00:00+02:00,-4.54
2020-07-30T21:00:00+02:00,-4.54
2020-07-31T02:01:00+02:00,-4.53
2020-07-31T03:00:00+02:00,-4.53
2020-07-31T06:00:00+02:00,-4.54
2020-07-31T09:00:00+02:00,-4.55
2020-07-31T12:00:00+02:00,-4.54
2020-07-31T15:00:00+02:00,-4.53
2020-07-31T18:00:00+02:00,-4.52
2020-07-31T21:00:00+02:00,-4.52
2020-08-01T02:01:00+02:00,-4.53
2020-08-01T03:00:00+02:00,-4.52
2020-08-01T06:00:00+02:00,-4.52
2020-08-01T09:00:00+02:00,-4.53
2020-08-01T12:00:00+02:00,-4.53
2020-08-01T15:00:00+02:00,-4.53
2020-08-01T18:00:00+02:00,-4.53
2020-08-01T21:00:00+02:00,-4.53
2020-08-02T02:01:00+02:00,-4.53
2020-08-02T03:00:00+02:00,-4.55
2020-08-02T06:00:00+02:00,-4.56
2020-08-02T09:00:00+02:00,-4.58
2020-08-02T12:00:00+02:00,-4.58
2020-08-02T15:00:00+02:00,-4.58
2020-08-02T18:00:00+02:00,-4.58
2020-08-02T21:00:00+02:00,-4.58
2020-08-03T02:01:00+02:00,-4.58
2020-08-03T03:00:00+02:00,-4.58
2020-08-03T06:00:00+02:00,-4.59
2020-08-03T09:00:00+02:00,-4.6
2020-08-03T12:00:00+02:00,-4.59
2020-08-03T15:00:00+02:00,-4.59
2020-08-03T18:00:00+02:00,-4.59
2020-08-03T21:00:00+02:00,-4.59
2020-08-04T02:01:00+02:00,-4.6
2020-08-04T03:00:00+02:00,-4.6
2020-08-04T06:00:00+02:00,-4.6
2020-08-04T09:00:00+02:00,-4.6
2020-08-04T12:00:00+02:00,-4.6
2020-08-04T15:00:00+02:00,-4.59
2020-08-04T18:00:00+02:00,-4.57
2020-08-04T21:00:00+02:00,-4.56
2020-08-05T02:01:00+02:00,-4.55
2020-08-05T03:00:00+02:00,-4.56
2020-08-05T06:00:00+02:00,-4.58
2020-08-05T09:00:00+02:00,-4.59
2020-08-05T12:00:00+02:00,-4.58
2020-08-05T15:00:00+02:00,-4.56
2020-08-05T18:00:00+02:00,-4.56
2020-08-05T21:00:00+02:00,-4.55
2020-08-06T02:01:00+02:00,-4.56
2020-08-06T03:00:00+02:00,-4.56
2020-08-06T06:00:00+02:00,-4.57
2020-08-06T09:00:00+02:00,-4.58
2020-08-06T12:00:00+02:00,-4.58
2020-08-06T15:00:00+02:00,-4.57
2020-08-06T18:00:00+02:00,-4.57
2020-08-06T21:00:00+02:00,-4.57
2020-08-07T02:01:00+02:00,-4.56
2020-08-07T03:00:00+02:00,-4.56
2020-08-07T06:00:00+02:00,-4.56
2020-08-07T09:00:00+02:00,-4.57
2020-08-07T12:00:00+02:00,-4.56
2020-08-07T15:00:00+02:00,-4.56
2020-08-07T18:00:00+02:00,-4.57
2020-08-07T21:00:00+02:00,-4.57
2020-08-08T02:01:00+02:00,-4.57
2020-08-08T03:00:00+02:00,-4.57
2020-08-08T06:00:00+02:00,-4.57
2020-08-08T09:00:00+02:00,-4.57
2020-08-08T12:00:00+02:00,-4.57
2020-08-08T15:00:00+02:00,-4.57
2020-08-08T18:00:00+02:00,-4.57
2020-08-08T21:00:00+02:00,-4.57
2020-08-09T02:01:00+02:00,-4.57
2020-08-09T03:00:00+02:00,-4.57
2020-08-09T06:00:00+02:00,-4.57
2020-08-09T09:00:00+02:00,-4.57
2020-08-09T12:00:00+02:00,-4.57
2020-08-09T15:00:00+02:00,-4.56
2020-08-09T18:00:00+02:00,-4.57
2020-08-09T21:00:00+02:00,-4.57
2020-08-10T02:01:00+02:00,-4.56
2020-08-10T03:00:00+02:00,-4.56
2020-08-10T06:00:00+02:00,-4.56
2020-08-10T09:00:00+02:00,-4.56
2020-08-10T12:00:00+02:00,-4.57
2020-08-10T15:00:00+02:00,-4.57
2020-08-10T18:00:00+02:00,-4.56
2020-08-10T21:00:00+02:00,-4.56
2020-08-11T02:01:00+02:00,-4.56
2020-08-11T03:00:00+02:00,-4.55
2020-08-11T06:00:00+02:00,-4.56
2020-08-11T09:00:00+02:00,-4.56
2020-08-11T12:00:00+02:00,-4.57
2020-08-11T15:00:00+02:00,-4.57
2020-08-11T18:00:00+02:00,-4.57
2020-08-11T21:00:00+02:00,-4.57
2020-08-12T02:01:00+02:00,-4.57
2020-08-12T03:00:00+02:00,-4.57
2020-08-12T06:00:00+02:00,-4.57
2020-08-12T09:00:00+02:00,-4.58
2020-08-12T12:00:00+02:00,-4.57
2020-08-12T15:00:00+02:00,-4.57
2020-08-12T18:00:00+02:00,-4.56
2020-08-12T21:00:00+02:00,-4.57
2020-08-13T02:01:00+02:00,-4.56
2020-08-13T03:00:00+02:00,-4.56
2020-08-13T06:00:00+02:00,-4.57
2020-08-13T09:00:00+02:00,-4.57
2020-08-13T12:00:00+02:00,-4.57
2020-08-13T15:00:00+02:00,-4.56
2020-08-13T18:00:00+02:00,-4.56
2020-08-13T21:00:00+02:00,-4.57
2020-08-14T02:01:00+02:00,-4.57
2020-08-14T03:00:00+02:00,-4.57
2020-08-14T06:00:00+02:00,-4.57
2020-08-14T09:00:00+02:00,-4.58
2020-08-14T12:00:00+02:00,-4.58
2020-08-14T15:00:00+02:00,-4.58
2020-08-14T18:00:00+02:00,-4.58
2020-08-14T21:00:00+02:00,-4.58
2020-08-15T02:01:00+02:00,-4.59
2020-08-15T03:00:00+02:00,-4.59
2020-08-15T06:00:00+02:00,-4.59
2020-08-15T09:00:00+02:00,-4.6
2020-08-15T12:00:00+02:00,-4.59
2020-08-15T15:00:00+02:00,-4.58
2020-08-15T18:00:00+02:00,-4.58
2020-08-15T21:00:00+02:00,-4.58
2020-08-16T02:01:00+02:00,-4.58
2020-08-16T03:00:00+02:00,-4.58
2020-08-16T06:00:00+02:00,-4.58
2020-08-16T09:00:00+02:00,-4.58
2020-08-16T12:00:00+02:00,-4.58
2020-08-16T15:00:00+02:00,-4.57
2020-08-16T18:00:00+02:00,-4.58
2020-08-16T21:00:00+02:00,-4.57
2020-08-17T02:01:00+02:00,-4.57
2020-08-17T03:00:00+02:00,-4.57
2020-08-17T06:00:00+02:00,-4.59
2020-08-17T09:00:00+02:00,-4.6
2020-08-17T12:00:00+02:00,-4.59
2020-08-17T15:00:00+02:00,-4.57
2020-08-17T18:00:00+02:00,-4.56
2020-08-17T21:00:00+02:00,-4.57
2020-08-18T02:01:00+02:00,-4.57
2020-08-18T03:00:00+02:00,-4.58
2020-08-18T06:00:00+02:00,-4.59
2020-08-18T09:00:00+02:00,-4.59
2020-08-18T12:00:00+02:00,-4.59
2020-08-18T15:00:00+02:00,-4.57
2020-08-18T18:00:00+02:00,-4.56
2020-08-18T21:00:00+02:00,-4.56
2020-08-19T02:01:00+02:00,-4.57
2020-08-19T03:00:00+02:00,-4.57
2020-08-19T06:00:00+02:00,-4.59
2020-08-19T09:00:00+02:00,-4.6
2020-08-19T12:00:00+02:00,-4.58
2020-08-19T15:00:00+02:00,-4.57
2020-08-19T18:00:00+02:00,-4.55
2020-08-19T21:00:00+02:00,-4.56
2020-08-20T02:01:00+02:00,-4.55
2020-08-20T03:00:00+02:00,-4.56
2020-08-20T06:00:00+02:00,-4.56
2020-08-20T09:00:00+02:00,-4.57
2020-08-20T12:00:00+02:00,-4.57
2020-08-20T15:00:00+02:00,-4.56
2020-08-20T18:00:00+02:00,-4.55
2020-08-20T21:00:00+02:00,-4.54
2020-08-21T02:01:00+02:00,-4.54
2020-08-21T03:00:00+02:00,-4.54
2020-08-21T06:00:00+02:00,-4.55
2020-08-21T09:00:00+02:00,-4.55
2020-08-21T12:00:00+02:00,-4.56
2020-08-21T15:00:00+02:00,-4.56
2020-08-21T18:00:00+02:00,-4.56
2020-08-21T21:00:00+02:00,-4.56
2020-08-22T02:01:00+02:00,-4.57
2020-08-22T03:00:00+02:00,-4.57
2020-08-22T06:00:00+02:00,-4.58
2020-08-22T09:00:00+02:00,-4.58
2020-08-22T12:00:00+02:00,-4.57
2020-08-22T15:00:00+02:00,-4.58
2020-08-22T18:00:00+02:00,-4.57
2020-08-22T21:00:00+02:00,-4.57
2020-08-23T02:01:00+02:00,-4.57
2020-08-23T03:00:00+02:00,-4.59
2020-08-23T06:00:00+02:00,-4.6
2020-08-23T09:00:00+02:00,-4.6
2020-08-23T12:00:00+02:00,-4.61
2020-08-23T15:00:00+02:00,-4.61
2020-08-23T18:00:00+02:00,-4.61
2020-08-23T21:00:00+02:00,-4.61
2020-08-24T02:01:00+02:00,-4.6
2020-08-24T03:00:00+02:00,-4.6
2020-08-24T06:00:00+02:00,-4.6
2020-08-24T09:00:00+02:00,-4.6
2020-08-24T12:00:00+02:00,-4.6
2020-08-24T15:00:00+02:00,-4.59
2020-08-24T18:00:00+02:00,-4.59
2020-08-24T21:00:00+02:00,-4.59
2020-08-25T02:01:00+02:00,-4.59
2020-08-25T03:00:00+02:00,-4.59
2020-08-25T06:00:00+02:00,-4.59
2020-08-25T09:00:00+02:00,-4.58
2020-08-25T12:00:00+02:00,-4.57
2020-08-25T15:00:00+02:00,-4.56
2020-08-25T18:00:00+02:00,-4.55
2020-08-25T21:00:00+02:00,-4.54
2020-08-26T02:01:00+02:00,-4.53
2020-08-26T03:00:00+02:00,-4.54
2020-08-26T06:00:00+02:00,-4.55
2020-08-26T09:00:00+02:00,-4.56
2020-08-26T12:00:00+02:00,-4.57
2020-08-26T15:00:00+02:00,-4.58
2020-08-26T18:00:00+02:00,-4.59
2020-08-26T21:00:00+02:00,-4.59
2020-08-27T02:01:00+02:00,-4.6
2020-08-27T03:00:00+02:00,-4.59
2020-08-27T06:00:00+02:00,-4.6
2020-08-27T09:00:00+02:00,-4.6
2020-08-27T12:00:00+02:00,-4.59
2020-08-27T15:00:00+02:00,-4.57
2020-08-27T18:00:00+02:00,-4.55
2020-08-27T21:00:00+02:00,-4.54
2020-08-28T02:01:00+02:00,-4.53
2020-08-28T03:00:00+02:00,-4.53
2020-08-28T06:00:00+02:00,-4.54
2020-08-28T09:00:00+02:00,-4.54
2020-08-28T12:00:00+02:00,-4.53
2020-08-28T15:00:00+02:00,-4.52
2020-08-28T18:00:00+02:00,-4.52
2020-08-28T21:00:00+02:00,-4.53
2020-08-29T02:01:00+02:00,-4.53
2020-08-29T03:00:00+02:00,-4.53
2020-08-29T06:00:00+02:00,-4.53
2020-08-29T09:00:00+02:00,-4.54
2020-08-29T12:00:00+02:00,-4.54
2020-08-29T15:00:00+02:00,-4.54
2020-08-29T18:00:00+02:00,-4.53
2020-08-29T21:00:00+02:00,-4.54
2020-08-30T02:01:00+02:00,-4.54
2020-08-30T03:00:00+02:00,-4.54
2020-08-30T06:00:00+02:00,-4.55
2020-08-30T09:00:00+02:00,-4.55
2020-08-30T12:00:00+02:00,-4.55
2020-08-30T15:00:00+02:00,-4.55
2020-08-30T18:00:00+02:00,-4.56
2020-08-30T21:00:00+02:00,-4.56
2020-08-31T02:01:00+02:00,-4.56
2020-08-31T03:00:00+02:00,-4.56
2020-08-31T06:00:00+02:00,-4.57
2020-08-31T09:00:00+02:00,-4.57
2020-08-31T12:00:00+02:00,-4.58
2020-08-31T15:00:00+02:00,-4.57
2020-08-31T18:00:00+02:00,-4.57
2020-08-31T21:00:00+02:00,-4.57
2020-09-01T02:01:00+02:00,-4.57
2020-09-01T03:00:00+02:00,-4.56
2020-09-01T06:00:00+02:00,-4.56
2020-09-01T09:00:00+02:00,-4.56
2020-09-01T12:00:00+02:00,-4.56
2020-09-01T15:00:00+02:00,-4.55
2020-09-01T18:00:00+02:00,-4.56
2020-09-01T21:00:00+02:00,-4.56
2020-09-02T02:01:00+02:00,-4.56
2020-09-02T03:00:00+02:00,-4.55
2020-09-02T06:00:00+02:00,-4.56
2020-09-02T09:00:00+02:00,-4.56
2020-09-02T12:00:00+02:00,-4.56
2020-09-02T15:00:00+02:00,-4.54
2020-09-02T18:00:00+02:00,-4.53
2020-09-02T21:00:00+02:00,-4.52
2020-09-03T02:01:00+02:00,-4.53
2020-09-03T03:00:00+02:00,-4.54
2020-09-03T06:00:00+02:00,-4.55
2020-09-03T09:00:00+02:00,-4.54
2020-09-03T12:00:00+02:00,-4.54
2020-09-03T15:00:00+02:00,-4.54
2020-09-03T18:00:00+02:00,-4.53
2020-09-03T21:00:00+02:00,-4.53
2020-09-04T02:01:00+02:00,-4.53
2020-09-04T03:00:00+02:00,-4.53
2020-09-04T06:00:00+02:00,-4.53
2020-09-04T09:00:00+02:00,-4.53
2020-09-04T12:00:00+02:00,-4.53
2020-09-04T15:00:00+02:00,-4.52
2020-09-04T18:00:00+02:00,-4.52
2020-09-04T21:00:00+02:00,-4.52
2020-09-05T02:01:00+02:00,-4.53
2020-09-05T03:00:00+02:00,-4.53
2020-09-05T06:00:00+02:00,-4.52
2020-09-05T09:00:00+02:00,-4.53
2020-09-05T12:00:00+02:00,-4.53
2020-09-05T15:00:00+02:00,-4.52
2020-09-05T18:00:00+02:00,-4.53
2020-09-05T21:00:00+02:00,-4.53
2020-09-06T02:01:00+02:00,-4.53
2020-09-06T03:00:00+02:00,-4.53
2020-09-06T06:00:00+02:00,-4.53
2020-09-06T09:00:00+02:00,-4.53
2020-09-06T12:00:00+02:00,-4.53
2020-09-06T15:00:00+02:00,-4.52
2020-09-06T18:00:00+02:00,-4.52
2020-09-06T21:00:00+02:00,-4.53
2020-09-07T02:01:00+02:00,-4.53
2020-09-07T03:00:00+02:00,-4.53
2020-09-07T06:00:00+02:00,-4.53
2020-09-07T09:00:00+02:00,-4.53
2020-09-07T12:00:00+02:00,-4.53
2020-09-07T15:00:00+02:00,-4.52
2020-09-07T18:00:00+02:00,-4.5
2020-09-07T21:00:00+02:00,-4.49
2020-09-08T02:01:00+02:00,-4.5
2020-09-08T03:00:00+02:00,-4.51
2020-09-08T06:00:00+02:00,-4.52
2020-09-08T09:00:00+02:00,-4.52
2020-09-08T12:00:00+02:00,-4.52
2020-09-08T15:00:00+02:00,-4.51
2020-09-08T18:00:00+02:00,-4.51
2020-09-08T21:00:00+02:00,-4.51
2020-09-09T02:01:00+02:00,-4.5
2020-09-09T03:00:00+02:00,-4.5
2020-09-09T06:00:00+02:00,-4.5
2020-09-09T09:00:00+02:00,-4.5
2020-09-09T12:00:00+02:00,-4.49
2020-09-09T15:00:00+02:00,-4.49
2020-09-09T18:00:00+02:00,-4.5
2020-09-09T21:00:00+02:00,-4.51
2020-09-10T02:01:00+02:00,-4.51
2020-09-10T03:00:00+02:00,-4.52
2020-09-10T06:00:00+02:00,-4.52
2020-09-10T09:00:00+02:00,-4.52
2020-09-10T12:00:00+02:00,-4.51
2020-09-10T15:00:00+02:00,-4.5
2020-09-10T18:00:00+02:00,-4.5
2020-09-10T21:00:00+02:00,-4.5
2020-09-11T02:01:00+02:00,-4.5
2020-09-11T03:00:00+02:00,-4.51
2020-09-11T06:00:00+02:00,-4.51
2020-09-11T09:00:00+02:00,-4.51
2020-09-11T12:00:00+02:00,-4.51
2020-09-11T15:00:00+02:00,-4.5
2020-09-11T18:00:00+02:00,-4.5
2020-09-11T21:00:00+02:00,-4.5
2020-09-12T02:01:00+02:00,-4.5
2020-09-12T03:00:00+02:00,-4.5
2020-09-12T06:00:00+02:00,-4.52
2020-09-12T09:00:00+02:00,-4.51
2020-09-12T12:00:00+02:00,-4.52
2020-09-12T15:00:00+02:00,-4.52
2020-09-12T18:00:00+02:00,-4.51
2020-09-12T21:00:00+02:00,-4.52
2020-09-13T02:01:00+02:00,-4.52
2020-09-13T03:00:00+02:00,-4.53
2020-09-13T06:00:00+02:00,-4.53
2020-09-13T09:00:00+02:00,-4.54
2020-09-13T12:00:00+02:00,-4.53
2020-09-13T15:00:00+02:00,-4.51
2020-09-13T18:00:00+02:00,-4.5
2020-09-13T21:00:00+02:00,-4.49
2020-09-14T02:01:00+02:00,-4.5
2020-09-14T03:00:00+02:00,-4.51
2020-09-14T06:00:00+02:00,-4.52
2020-09-14T09:00:00+02:00,-4.53
2020-09-14T12:00:00+02:00,-4.52
2020-09-14T15:00:00+02:00,-4.49
2020-09-14T18:00:00+02:00,-4.48
2020-09-14T21:00:00+02:00,-4.47
2020-09-15T02:01:00+02:00,-4.47
2020-09-15T03:00:00+02:00,-4.46
2020-09-15T06:00:00+02:00,-4.47
2020-09-15T09:00:00+02:00,-4.48
2020-09-15T12:00:00+02:00,-4.48
2020-09-15T15:00:00+02:00,-4.46
2020-09-15T18:00:00+02:00,-4.46
2020-09-15T21:00:00+02:00,-4.46
2020-09-16T02:01:00+02:00,-4.45
2020-09-16T03:00:00+02:00,-4.45
2020-09-16T06:00:00+02:00,-4.47
2020-09-16T09:00:00+02:00,-4.49
2020-09-16T12:00:00+02:00,-4.5
2020-09-16T15:00:00+02:00,-4.49
2020-09-16T18:00:00+02:00,-4.49
2020-09-16T21:00:00+02:00,-4.51
2020-09-17T02:01:00+02:00,-4.52
2020-09-17T03:00:00+02:00,-4.54
2020-09-17T06:00:00+02:00,-4.55
2020-09-17T09:00:00+02:00,-4.56
2020-09-17T12:00:00+02:00,-4.56
2020-09-17T15:00:00+02:00,-4.55
2020-09-17T18:00:00+02:00,-4.55
2020-09-17T21:00:00+02:00,-4.55
2020-09-18T02:01:00+02:00,-4.55
2020-09-18T03:00:00+02:00,-4.55
2020-09-18T06:00:00+02:00,-4.55
2020-09-18T09:00:00+02:00,-4.56
2020-09-18T12:00:00+02:00,-4.55
2020-09-18T15:00:00+02:00,-4.54
2020-09-18T18:00:00+02:00,-4.53
2020-09-18T21:00:00+02:00,-4.52
2020-09-19T02:01:00+02:00,-4.53
2020-09-19T03:00:00+02:00,-4.53
2020-09-19T06:00:00+02:00,-4.53
2020-09-19T09:00:00+02:00,-4.54
2020-09-19T12:00:00+02:00,-4.54
2020-09-19T15:00:00+02:00,-4.52
2020-09-19T18:00:00+02:00,-4.51
2020-09-19T21:00:00+02:00,-4.5
2020-09-20T02:01:00+02:00,-4.5
2020-09-20T03:00:00+02:00,-4.52
2020-09-20T06:00:00+02:00,-4.53
2020-09-20T09:00:00+02:00,-4.54
2020-09-20T12:00:00+02:00,-4.53
2020-09-20T15:00:00+02:00,-4.53
2020-09-20T18:00:00+02:00,-4.52
2020-09-20T21:00:00+02:00,-4.51
2020-09-21T02:01:00+02:00,-4.52
2020-09-21T03:00:00+02:00,-4.52
2020-09-21T06:00:00+02:00,-4.53
2020-09-21T09:00:00+02:00,-4.53
2020-09-21T12:00:00+02:00,-4.53
2020-09-21T15:00:00+02:00,-4.51
2020-09-21T18:00:00+02:00,-4.49
2020-09-21T21:00:00+02:00,-4.48
2020-09-22T02:01:00+02:00,-4.49
2020-09-22T03:00:00+02:00,-4.5
2020-09-22T06:00:00+02:00,-4.51
2020-09-22T09:00:00+02:00,-4.52
2020-09-22T12:00:00+02:00,-4.51
2020-09-22T15:00:00+02:00,-4.49
2020-09-22T18:00:00+02:00,-4.47
2020-09-22T21:00:00+02:00,-4.47
2020-09-23T02:01:00+02:00,-4.47
2020-09-23T03:00:00+02:00,-4.49
2020-09-23T06:00:00+02:00,-4.5
2020-09-23T09:00:00+02:00,-4.5
2020-09-23T12:00:00+02:00,-4.49
2020-09-23T15:00:00+02:00,-4.48
2020-09-23T18:00:00+02:00,-4.47
2020-09-23T21:00:00+02:00,-4.47
2020-09-24T02:01:00+02:00,-4.47
2020-09-24T03:00:00+02:00,-4.47
2020-09-24T06:00:00+02:00,-4.48
2020-09-24T09:00:00+02:00,-4.48
2020-09-24T12:00:00+02:00,-4.48
2020-09-24T15:00:00+02:00,-4.48
2020-09-24T18:00:00+02:00,-4.47
2020-09-24T21:00:00+02:00,-4.47
2020-09-25T02:01:00+02:00,-4.47
2020-09-25T03:00:00+02:00,-4.47
2020-09-25T06:00:00+02:00,-4.47
2020-09-25T09:00:00+02:00,-4.48
2020-09-25T12:00:00+02:00,-4.47
2020-09-25T15:00:00+02:00,-4.46
2020-09-25T18:00:00+02:00,-4.46
2020-09-25T21:00:00+02:00,-4.48
2020-09-26T02:01:00+02:00,-4.48
2020-09-26T03:00:00+02:00,-4.49
2020-09-26T06:00:00+02:00,-4.49
2020-09-26T09:00:00+02:00,-4.49
2020-09-26T12:00:00+02:00,-4.49
2020-09-26T15:00:00+02:00,-4.5
2020-09-26T18:00:00+02:00,-4.5
2020-09-26T21:00:00+02:00,-4.48
2020-09-27T02:01:00+02:00,-4.47
2020-09-27T03:00:00+02:00,-4.48
2020-09-27T06:00:00+02:00,-4.48
2020-09-27T09:00:00+02:00,-4.5
2020-09-27T12:00:00+02:00,-4.49
2020-09-27T15:00:00+02:00,-4.49
2020-09-27T18:00:00+02:00,-4.49
2020-09-27T21:00:00+02:00,-4.5
2020-09-28T02:01:00+02:00,-4.5
2020-09-28T03:00:00+02:00,-4.49
2020-09-28T06:00:00+02:00,-4.49
2020-09-28T09:00:00+02:00,-4.5
2020-09-28T12:00:00+02:00,-4.5
2020-09-28T15:00:00+02:00,-4.5
2020-09-28T18:00:00+02:00,-4.49
2020-09-28T21:00:00+02:00,-4.5
2020-09-29T02:01:00+02:00,-4.5
2020-09-29T03:00:00+02:00,-4.51
2020-09-29T06:00:00+02:00,-4.51
2020-09-29T09:00:00+02:00,-4.51
2020-09-29T12:00:00+02:00,-4.51
2020-09-29T15:00:00+02:00,-4.49
2020-09-29T18:00:00+02:00,-4.49
2020-09-29T21:00:00+02:00,-4.49
2020-09-30T02:01:00+02:00,-4.49
2020-09-30T03:00:00+02:00,-4.49
2020-09-30T06:00:00+02:00,-4.49
2020-09-30T09:00:00+02:00,-4.5
2020-09-30T12:00:00+02:00,-4.49
2020-09-30T15:00:00+02:00,-4.48
2020-09-30T18:00:00+02:00,-4.47
2020-09-30T21:00:00+02:00,-4.47
2020-10-01T02:01:00+02:00,-4.46
2020-10-01T03:00:00+02:00,-4.45
2020-10-01T06:00:00+02:00,-4.45
2020-10-01T09:00:00+02:00,-4.45
2020-10-01T12:00:00+02:00,-4.44
2020-10-01T15:00:00+02:00,-4.45
2020-10-01T18:00:00+02:00,-4.45
2020-10-01T21:00:00+02:00,-4.46
2020-10-02T02:01:00+02:00,-4.45
2020-10-02T03:00:00+02:00,-4.45
2020-10-02T06:00:00+02:00,-4.45
2020-10-02T09:00:00+02:00,-4.44
2020-10-02T12:00:00+02:00,-4.44
2020-10-02T15:00:00+02:00,-4.45
2020-10-02T18:00:00+02:00,-4.45
2020-10-02T21:00:00+02:00,-4.44
2020-10-03T02:01:00+02:00,-4.43
2020-10-03T03:00:00+02:00,-4.44
2020-10-03T06:00:00+02:00,-4.43
2020-10-03T09:00:00+02:00,-4.44
2020-10-03T12:00:00+02:00,-4.44
2020-10-03T15:00:00+02:00,-4.44
2020-10-03T18:00:00+02:00,-4.43
2020-10-03T21:00:00+02:00,-4.42
2020-10-04T02:01:00+02:00,-4.42
2020-10-04T03:00:00+02:00,-4.42
2020-10-04T06:00:00+02:00,-4.42
2020-10-04T09:00:00+02:00,-4.43
2020-10-04T12:00:00+02:00,-4.44
2020-10-04T15:00:00+02:00,-4.44
2020-10-04T18:00:00+02:00,-4.44
2020-10-04T21:00:00+02:00,-4.45
2020-10-05T02:01:00+02:00,-4.44
2020-10-05T03:00:00+02:00,-4.44
2020-10-05T06:00:00+02:00,-4.45
2020-10-05T09:00:00+02:00,-4.45
2020-10-05T12:00:00+02:00,-4.45
2020-10-05T15:00:00+02:00,-4.45
2020-10-05T18:00:00+02:00,-4.45
2020-10-05T21:00:00+02:00,-4.45
2020-10-06T02:01:00+02:00,-4.45
2020-10-06T03:00:00+02:00,-4.44
2020-10-06T06:00:00+02:00,-4.44
2020-10-06T09:00:00+02:00,-4.43
2020-10-06T12:00:00+02:00,-4.43
2020-10-06T15:00:00+02:00,-4.43
2020-10-06T18:00:00+02:00,-4.43
2020-10-06T21:00:00+02:00,-4.43
2020-10-07T02:01:00+02:00,-4.43
2020-10-07T03:00:00+02:00,-4.44
2020-10-07T06:00:00+02:00,-4.45
2020-10-07T09:00:00+02:00,-4.45
2020-10-07T12:00:00+02:00,-4.46
2020-10-07T15:00:00+02:00,-4.46
2020-10-07T18:00:00+02:00,-4.47
2020-10-07T21:00:00+02:00,-4.47
2020-10-08T02:01:00+02:00,-4.46
2020-10-08T03:00:00+02:00,-4.45
2020-10-08T06:00:00+02:00,-4.44
2020-10-08T09:00:00+02:00,-4.43
2020-10-08T12:00:00+02:00,-4.43
2020-10-08T15:00:00+02:00,-4.42
2020-10-08T18:00:00+02:00,-4.45
2020-10-08T21:00:00+02:00,-4.45
2020-10-09T02:01:00+02:00,-4.46
2020-10-09T03:00:00+02:00,-4.46
2020-10-09T06:00:00+02:00,-4.45
2020-10-09T09:00:00+02:00,-4.45
2020-10-09T12:00:00+02:00,-4.45
2020-10-09T15:00:00+02:00,-4.44
2020-10-09T18:00:00+02:00,-4.44
2020-10-09T21:00:00+02:00,-4.44
2020-10-10T02:01:00+02:00,-4.45
2020-10-10T03:00:00+02:00,-4.45
2020-10-10T06:00:00+02:00,-4.45
2020-10-10T09:00:00+02:00,-4.45
2020-10-10T12:00:00+02:00,-4.45
2020-10-10T15:00:00+02:00,-4.44
2020-10-10T18:00:00+02:00,-4.45
2020-10-10T21:00:00+02:00,-4.45
2020-10-11T02:01:00+02:00,-4.44
2020-10-11T03:00:00+02:00,-4.44
2020-10-11T06:00:00+02:00,-4.44
2020-10-11T09:00:00+02:00,-4.44
2020-10-11T12:00:00+02:00,-4.44
2020-10-11T15:00:00+02:00,-4.44
2020-10-11T18:00:00+02:00,-4.45
2020-10-11T21:00:00+02:00,-4.45
2020-10-12T02:01:00+02:00,-4.45
2020-10-12T03:00:00+02:00,-4.44
2020-10-12T06:00:00+02:00,-4.44
2020-10-12T09:00:00+02:00,-4.44
2020-10-12T12:00:00+02:00,-4.43
2020-10-12T15:00:00+02:00,-4.42
2020-10-12T18:00:00+02:00,-4.42
2020-10-12T21:00:00+02:00,-4.41
2020-10-13T02:01:00+02:00,-4.41
2020-10-13T03:00:00+02:00,-4.41
2020-10-13T06:00:00+02:00,-4.41
2020-10-13T09:00:00+02:00,-4.42
2020-10-13T12:00:00+02:00,-4.42
2020-10-13T15:00:00+02:00,-4.42
2020-10-13T18:00:00+02:00,-4.43
2020-10-13T21:00:00+02:00,-4.44
2020-10-14T02:01:00+02:00,-4.44
2020-10-14T03:00:00+02:00,-4.44
2020-10-14T06:00:00+02:00,-4.44
2020-10-14T09:00:00+02:00,-4.44
2020-10-14T12:00:00+02:00,-4.44
2020-10-14T15:00:00+02:00,-4.44
2020-10-14T18:00:00+02:00,-4.45
2020-10-14T21:00:00+02:00,-4.45
2020-10-15T02:01:00+02:00,-4.45
2020-10-15T03:00:00+02:00,-4.44
2020-10-15T06:00:00+02:00,-4.45
2020-10-15T09:00:00+02:00,-4.45
2020-10-15T12:00:00+02:00,-4.45
2020-10-15T15:00:00+02:00,-4.45
2020-10-15T18:00:00+02:00,-4.46
2020-10-15T21:00:00+02:00,-4.46
2020-10-16T02:01:00+02:00,-4.46
2020-10-16T03:00:00+02:00,-4.46
2020-10-16T06:00:00+02:00,-4.46
2020-10-16T09:00:00+02:00,-4.46
2020-10-16T12:00:00+02:00,-4.45
2020-10-16T15:00:00+02:00,-4.45
2020-10-16T18:00:00+02:00,-4.46
2020-10-16T21:00:00+02:00,-4.46
2020-10-17T02:01:00+02:00,-4.45
2020-10-17T03:00:00+02:00,-4.45
2020-10-17T06:00:00+02:00,-4.45
2020-10-17T09:00:00+02:00,-4.45
2020-10-17T12:00:00+02:00,-4.45
2020-10-17T15:00:00+02:00,-4.45
2020-10-17T18:00:00+02:00,-4.46
2020-10-17T21:00:00+02:00,-4.46
2020-10-18T02:01:00+02:00,-4.46
2020-10-18T03:00:00+02:00,-4.46
2020-10-18T06:00:00+02:00,-4.46
2020-10-18T09:00:00+02:00,-4.46
2020-10-18T12:00:00+02:00,-4.46
2020-10-18T15:00:00+02:00,-4.46
2020-10-18T18:00:00+02:00,-4.47
2020-10-18T21:00:00+02:00,-4.47
2020-10-19T02:01:00+02:00,-4.47
2020-10-19T03:00:00+02:00,-4.46
2020-10-19T06:00:00+02:00,-4.46
2020-10-19T09:00:00+02:00,-4.46
2020-10-19T12:00:00+02:00,-4.46
2020-10-19T15:00:00+02:00,-4.45
2020-10-19T18:00:00+02:00,-4.46
2020-10-19T21:00:00+02:00,-4.45
2020-10-20T02:01:00+02:00,-4.44
2020-10-20T03:00:00+02:00,-4.43
2020-10-20T06:00:00+02:00,-4.42
2020-10-20T09:00:00+02:00,-4.43
2020-10-20T12:00:00+02:00,-4.43
2020-10-20T15:00:00+02:00,-4.43
2020-10-20T18:00:00+02:00,-4.43
2020-10-20T21:00:00+02:00,-4.43
2020-10-21T02:01:00+02:00,-4.42
2020-10-21T03:00:00+02:00,-4.42
2020-10-21T06:00:00+02:00,-4.42
2020-10-21T09:00:00+02:00,-4.41
2020-10-21T12:00:00+02:00,-4.38
2020-10-21T15:00:00+02:00,-4.39
2020-10-21T18:00:00+02:00,-4.39
2020-10-21T21:00:00+02:00,-4.41
2020-10-22T02:01:00+02:00,-4.41
2020-10-22T03:00:00+02:00,-4.42
2020-10-22T06:00:00+02:00,-4.42
2020-10-22T09:00:00+02:00,-4.43
2020-10-22T12:00:00+02:00,-4.43
2020-10-22T15:00:00+02:00,-4.43
2020-10-22T18:00:00+02:00,-4.44
2020-10-22T21:00:00+02:00,-4.44
2020-10-23T02:01:00+02:00,-4.45
2020-10-23T03:00:00+02:00,-4.44
2020-10-23T06:00:00+02:00,-4.44
2020-10-23T09:00:00+02:00,-4.44
2020-10-23T12:00:00+02:00,-4.43
2020-10-23T15:00:00+02:00,-4.44
2020-10-23T18:00:00+02:00,-4.45
2020-10-23T21:00:00+02:00,-4.45
2020-10-24T02:01:00+02:00,-4.45
2020-10-24T03:00:00+02:00,-4.45
2020-10-24T06:00:00+02:00,-4.45
2020-10-24T09:00:00+02:00,-4.45
2020-10-24T12:00:00+02:00,-4.45
2020-10-24T15:00:00+02:00,-4.44
2020-10-24T18:00:00+02:00,-4.43
2020-10-24T21:00:00+02:00,-4.43
2020-10-25T02:01:00+01:00,-4.42
2020-10-25T03:00:00+01:00,-4.42
2020-10-25T06:00:00+01:00,-4.41
2020-10-25T09:00:00+01:00,-4.43
2020-10-25T12:00:00+01:00,-4.42
2020-10-25T15:00:00+01:00,-4.42
2020-10-25T18:00:00+01:00,-4.42
2020-10-25T21:00:00+01:00,-4.42
2020-10-26T02:01:00+01:00,-4.42
2020-10-26T03:00:00+01:00,-4.42
2020-10-26T06:00:00+01:00,-4.42
2020-10-26T09:00:00+01:00,-4.42
2020-10-26T12:00:00+01:00,-4.42
2020-10-26T15:00:00+01:00,-4.42
2020-10-26T18:00:00+01:00,-4.42
2020-10-26T21:00:00+01:00,-4.43
2020-10-27T02:01:00+01:00,-4.44
2020-10-27T03:00:00+01:00,-4.43
2020-10-27T06:00:00+01:00,-4.44
2020-10-27T09:00:00+01:00,-4.44
2020-10-27T12:00:00+01:00,-4.43
2020-10-27T15:00:00+01:00,-4.42
2020-10-27T18:00:00+01:00,-4.42
2020-10-27T21:00:00+01:00,-4.43
2020-10-28T02:01:00+01:00,-4.44
2020-10-28T03:00:00+01:00,-4.44
2020-10-28T06:00:00+01:00,-4.44
2020-10-28T09:00:00+01:00,-4.44
2020-10-28T12:00:00+01:00,-4.45
2020-10-28T15:00:00+01:00,-4.44
2020-10-28T18:00:00+01:00,-4.43
2020-10-28T21:00:00+01:00,-4.43
2020-10-29T02:01:00+01:00,-4.44
2020-10-29T03:00:00+01:00,-4.45
2020-10-29T06:00:00+01:00,-4.46
2020-10-29T09:00:00+01:00,-4.47
2020-10-29T12:00:00+01:00,-4.46
2020-10-29T15:00:00+01:00,-4.46
2020-10-29T18:00:00+01:00,-4.46
2020-10-29T21:00:00+01:00,-4.45
2020-10-30T02:01:00+01:00,-4.46
2020-10-30T03:00:00+01:00,-4.45
2020-10-30T06:00:00+01:00,-4.46
2020-10-30T09:00:00+01:00,-4.46
2020-10-30T12:00:00+01:00,-4.47
2020-10-30T15:00:00+01:00,-4.47
2020-10-30T18:00:00+01:00,-4.47
2020-10-30T21:00:00+01:00,-4.48
2020-10-31T02:01:00+01:00,-4.48
2020-10-31T03:00:00+01:00,-4.48
2020-10-31T06:00:00+01:00,-4.47
2020-10-31T09:00:00+01:00,-4.46
2020-10-31T12:00:00+01:00,-4.45
2020-10-31T15:00:00+01:00,-4.44
2020-10-31T18:00:00+01:00,-4.44
2020-10-31T21:00:00+01:00,-4.46
2020-11-01T02:01:00+01:00,-4.46
2020-11-01T03:00:00+01:00,-4.44
2020-11-01T06:00:00+01:00,-4.44
2020-11-01T09:00:00+01:00,-4.43
2020-11-01T12:00:00+01:00,-4.42
2020-11-01T15:00:00+01:00,-4.43
2020-11-01T18:00:00+01:00,-4.43
2020-11-01T21:00:00+01:00,-4.41
2020-11-02T02:01:00+01:00,-4.41
2020-11-02T03:00:00+01:00,-4.4
2020-11-02T06:00:00+01:00,-4.4
2020-11-02T09:00:00+01:00,-4.4
2020-11-02T12:00:00+01:00,-4.41
2020-11-02T15:00:00+01:00,-4.42
2020-11-02T18:00:00+01:00,-4.43
2020-11-02T21:00:00+01:00,-4.45
2020-11-03T02:01:00+01:00,-4.46
2020-11-03T03:00:00+01:00,-4.47
2020-11-03T06:00:00+01:00,-4.47
2020-11-03T09:00:00+01:00,-4.46
2020-11-03T12:00:00+01:00,-4.46
2020-11-03T15:00:00+01:00,-4.46
2020-11-03T18:00:00+01:00,-4.47
2020-11-03T21:00:00+01:00,-4.48
2020-11-04T02:01:00+01:00,-4.49
2020-11-04T03:00:00+01:00,-4.49
2020-11-04T06:00:00+01:00,-4.5
2020-11-04T09:00:00+01:00,-4.5
2020-11-04T12:00:00+01:00,-4.5
2020-11-04T15:00:00+01:00,-4.51
2020-11-04T18:00:00+01:00,-4.51
2020-11-04T21:00:00+01:00,-4.51
2020-11-05T02:01:00+01:00,-4.52
2020-11-05T03:00:00+01:00,-4.52
2020-11-05T06:00:00+01:00,-4.52
2020-11-05T09:00:00+01:00,-4.52
2020-11-05T12:00:00+01:00,-4.51
2020-11-05T15:00:00+01:00,-4.52
2020-11-05T18:00:00+01:00,-4.52
2020-11-05T21:00:00+01:00,-4.51
2020-11-06T02:01:00+01:00,-4.51
2020-11-06T03:00:00+01:00,-4.51
2020-11-06T06:00:00+01:00,-4.51
2020-11-06T09:00:00+01:00,-4.52
2020-11-06T12:00:00+01:00,-4.5
2020-11-06T15:00:00+01:00,-4.49
2020-11-06T18:00:00+01:00,-4.49
2020-11-06T21:00:00+01:00,-4.49
2020-11-07T02:01:00+01:00,-4.48
2020-11-07T03:00:00+01:00,-4.48
2020-11-07T06:00:00+01:00,-4.48
2020-11-07T09:00:00+01:00,-4.48
2020-11-07T12:00:00+01:00,-4.47
2020-11-07T15:00:00+01:00,-4.47
2020-11-07T18:00:00+01:00,-4.47
2020-11-07T21:00:00+01:00,-4.48
2020-11-08T02:01:00+01:00,-4.48
2020-11-08T03:00:00+01:00,-4.48
2020-11-08T06:00:00+01:00,-4.47
2020-11-08T09:00:00+01:00,-4.48
2020-11-08T12:00:00+01:00,-4.47
2020-11-08T15:00:00+01:00,-4.47
2020-11-08T18:00:00+01:00,-4.48
2020-11-08T21:00:00+01:00,-4.48
2020-11-09T02:01:00+01:00,-4.48
2020-11-09T03:00:00+01:00,-4.48
2020-11-09T06:00:00+01:00,-4.48
2020-11-09T09:00:00+01:00,-4.48
2020-11-09T12:00:00+01:00,-4.47
2020-11-09T15:00:00+01:00,-4.46
2020-11-09T18:00:00+01:00,-4.47
2020-11-09T21:00:00+01:00,-4.48
2020-11-10T02:01:00+01:00,-4.49
2020-11-10T03:00:00+01:00,-4.48
2020-11-10T06:00:00+01:00,-4.49
2020-11-10T09:00:00+01:00,-4.49
2020-11-10T12:00:00+01:00,-4.49
2020-11-10T15:00:00+01:00,-4.49
2020-11-10T18:00:00+01:00,-4.49
2020-11-10T21:00:00+01:00,-4.5
2020-11-11T02:01:00+01:00,-4.5
2020-11-11T03:00:00+01:00,-4.49
2020-11-11T06:00:00+01:00,-4.49
2020-11-11T09:00:00+01:00,-4.49
2020-11-11T12:00:00+01:00,-4.48
2020-11-11T15:00:00+01:00,-4.47
2020-11-11T18:00:00+01:00,-4.47
2020-11-11T21:00:00+01:00,-4.47
2020-11-12T02:01:00+01:00,-4.47
2020-11-12T03:00:00+01:00,-4.46
2020-11-12T06:00:00+01:00,-4.47
2020-11-12T09:00:00+01:00,-4.47
2020-11-12T12:00:00+01:00,-4.48
2020-11-12T15:00:00+01:00,-4.48
2020-11-12T18:00:00+01:00,-4.49
2020-11-12T21:00:00+01:00,-4.49
2020-11-13T02:01:00+01:00,-4.49
2020-11-13T03:00:00+01:00,-4.48
2020-11-13T06:00:00+01:00,-4.48
2020-11-13T09:00:00+01:00,-4.48
2020-11-13T12:00:00+01:00,-4.47
2020-11-13T15:00:00+01:00,-4.48
2020-11-13T18:00:00+01:00,-4.48
2020-11-13T21:00:00+01:00,-4.49
2020-11-14T02:01:00+01:00,-4.5
2020-11-14T03:00:00+01:00,-4.49
2020-11-14T06:00:00+01:00,-4.49
2020-11-14T09:00:00+01:00,-4.48
2020-11-14T12:00:00+01:00,-4.48
2020-11-14T15:00:00+01:00,-4.48
2020-11-14T18:00:00+01:00,-4.48
2020-11-14T21:00:00+01:00,-4.48
2020-11-15T02:01:00+01:00,-4.48
2020-11-15T03:00:00+01:00,-4.48
2020-11-15T06:00:00+01:00,-4.47
2020-11-15T09:00:00+01:00,-4.46
2020-11-15T12:00:00+01:00,-4.45
2020-11-15T15:00:00+01:00,-4.44
2020-11-15T18:00:00+01:00,-4.45
2020-11-15T21:00:00+01:00,-4.45
2020-11-16T02:01:00+01:00,-4.47
2020-11-16T03:00:00+01:00,-4.47
2020-11-16T06:00:00+01:00,-4.48
2020-11-16T09:00:00+01:00,-4.49
2020-11-16T12:00:00+01:00,-4.49
2020-11-16T15:00:00+01:00,-4.5
2020-11-16T18:00:00+01:00,-4.5
2020-11-16T21:00:00+01:00,-4.5
2020-11-17T02:01:00+01:00,-4.51
2020-11-17T03:00:00+01:00,-4.5
2020-11-17T06:00:00+01:00,-4.5
2020-11-17T09:00:00+01:00,-4.5
2020-11-17T12:00:00+01:00,-4.5
2020-11-17T15:00:00+01:00,-4.51
2020-11-17T18:00:00+01:00,-4.51
2020-11-17T21:00:00+01:00,-4.51
2020-11-18T02:01:00+01:00,-4.51
2020-11-18T03:00:00+01:00,-4.5
2020-11-18T06:00:00+01:00,-4.5
2020-11-18T09:00:00+01:00,-4.49
2020-11-18T12:00:00+01:00,-4.48
2020-11-18T15:00:00+01:00,-4.47
2020-11-18T18:00:00+01:00,-4.47
2020-11-18T21:00:00+01:00,-4.47
2020-11-19T02:01:00+01:00,-4.48
2020-11-19T03:00:00+01:00,-4.47
2020-11-19T06:00:00+01:00,-4.47
2020-11-19T09:00:00+01:00,-4.48
2020-11-19T12:00:00+01:00,-4.5
2020-11-19T15:00:00+01:00,-4.51
2020-11-19T18:00:00+01:00,-4.51
2020-11-19T21:00:00+01:00,-4.53
2020-11-20T02:01:00+01:00,-4.52
2020-11-20T03:00:00+01:00,-4.52
2020-11-20T06:00:00+01:00,-4.52
2020-11-20T09:00:00+01:00,-4.53
2020-11-20T12:00:00+01:00,-4.52
2020-11-20T15:00:00+01:00,-4.52
2020-11-20T18:00:00+01:00,-4.51
2020-11-20T21:00:00+01:00,-4.51
2020-11-21T02:01:00+01:00,-4.5
2020-11-21T03:00:00+01:00,-4.5
2020-11-21T06:00:00+01:00,-4.5
2020-11-21T09:00:00+01:00,-4.49
2020-11-21T12:00:00+01:00,-4.48
2020-11-21T15:00:00+01:00,-4.48
2020-11-21T18:00:00+01:00,-4.48
2020-11-21T21:00:00+01:00,-4.48
2020-11-22T02:01:00+01:00,-4.48
2020-11-22T03:00:00+01:00,-4.48
2020-11-22T06:00:00+01:00,-4.48
2020-11-22T09:00:00+01:00,-4.48
2020-11-22T12:00:00+01:00,-4.48
2020-11-22T15:00:00+01:00,-4.48
2020-11-22T18:00:00+01:00,-4.49
2020-11-22T21:00:00+01:00,-4.49
2020-11-23T02:01:00+01:00,-4.49
2020-11-23T03:00:00+01:00,-4.49
2020-11-23T06:00:00+01:00,-4.49
2020-11-23T09:00:00+01:00,-4.5
2020-11-23T12:00:00+01:00,-4.49
2020-11-23T15:00:00+01:00,-4.49
2020-11-23T18:00:00+01:00,-4.49
2020-11-23T21:00:00+01:00,-4.48
2020-11-24T02:01:00+01:00,-4.48
2020-11-24T03:00:00+01:00,-4.48
2020-11-24T06:00:00+01:00,-4.48
2020-11-24T09:00:00+01:00,-4.48
2020-11-24T12:00:00+01:00,-4.47
2020-11-24T15:00:00+01:00,-4.46
2020-11-24T18:00:00+01:00,-4.46
2020-11-24T21:00:00+01:00,-4.46
2020-11-25T02:01:00+01:00,-4.46
2020-11-25T03:00:00+01:00,-4.46
2020-11-25T06:00:00+01:00,-4.46
2020-11-25T09:00:00+01:00,-4.46
2020-11-25T12:00:00+01:00,-4.46
2020-11-25T15:00:00+01:00,-4.46
2020-11-25T18:00:00+01:00,-4.47
2020-11-25T21:00:00+01:00,-4.47
2020-11-26T02:01:00+01:00,-4.47
2020-11-26T03:00:00+01:00,-4.47
2020-11-26T06:00:00+01:00,-4.48
2020-11-26T09:00:00+01:00,-4.48
2020-11-26T12:00:00+01:00,-4.48
2020-11-26T15:00:00+01:00,-4.48
2020-11-26T18:00:00+01:00,-4.48
2020-11-26T21:00:00+01:00,-4.48
2020-11-27T02:01:00+01:00,-4.48
2020-11-27T03:00:00+01:00,-4.48
2020-11-27T06:00:00+01:00,-4.48
2020-11-27T09:00:00+01:00,-4.47
2020-11-27T12:00:00+01:00,-4.47
2020-11-27T15:00:00+01:00,-4.47
2020-11-27T18:00:00+01:00,-4.48
2020-11-27T21:00:00+01:00,-4.47
2020-11-28T02:01:00+01:00,-4.47
2020-11-28T03:00:00+01:00,-4.47
2020-11-28T06:00:00+01:00,-4.47
2020-11-28T09:00:00+01:00,-4.48
2020-11-28T12:00:00+01:00,-4.48
2020-11-28T15:00:00+01:00,-4.49
2020-11-28T18:00:00+01:00,-4.48
2020-11-28T21:00:00+01:00,-4.5
2020-11-29T02:01:00+01:00,-4.51
2020-11-29T03:00:00+01:00,-4.53
2020-11-29T06:00:00+01:00,-4.54
2020-11-29T09:00:00+01:00,-4.54
2020-11-29T12:00:00+01:00,-4.55
2020-11-29T15:00:00+01:00,-4.56
2020-11-29T18:00:00+01:00,-4.57
2020-11-29T21:00:00+01:00,-4.57
2020-11-30T02:01:00+01:00,-4.57
2020-11-30T03:00:00+01:00,-4.56
2020-11-30T06:00:00+01:00,-4.55
2020-11-30T09:00:00+01:00,-4.55
2020-11-30T12:00:00+01:00,-4.54
2020-11-30T15:00:00+01:00,-4.53
2020-11-30T18:00:00+01:00,-4.51
2020-11-30T21:00:00+01:00,-4.48
2020-12-01T02:01:00+01:00,-4.48
2020-12-01T03:00:00+01:00,-4.46
2020-12-01T06:00:00+01:00,-4.48
2020-12-01T09:00:00+01:00,-4.48
2020-12-01T12:00:00+01:00,-4.47
2020-12-01T15:00:00+01:00,-4.48
2020-12-01T18:00:00+01:00,-4.48
2020-12-01T21:00:00+01:00,-4.48
2020-12-02T02:01:00+01:00,-4.48
2020-12-02T03:00:00+01:00,-4.47
2020-12-02T06:00:00+01:00,-4.46
2020-12-02T09:00:00+01:00,-4.46
2020-12-02T12:00:00+01:00,-4.45
2020-12-02T15:00:00+01:00,-4.44
2020-12-02T18:00:00+01:00,-4.43
2020-12-02T21:00:00+01:00,-4.42
2020-12-03T02:01:00+01:00,-4.41
2020-12-03T03:00:00+01:00,-4.41
2020-12-03T06:00:00+01:00,-4.39
2020-12-03T09:00:00+01:00,-4.39
2020-12-03T12:00:00+01:00,-4.37
2020-12-03T15:00:00+01:00,-4.37
2020-12-03T18:00:00+01:00,-4.36
2020-12-03T21:00:00+01:00,-4.35
2020-12-04T02:01:00+01:00,-4.35
2020-12-04T03:00:00+01:00,-4.34
2020-12-04T06:00:00+01:00,-4.34
2020-12-04T09:00:00+01:00,-4.36
2020-12-04T12:00:00+01:00,-4.36
2020-12-04T15:00:00+01:00,-4.37
2020-12-04T18:00:00+01:00,-4.38
2020-12-04T21:00:00+01:00,-4.39
2020-12-05T02:01:00+01:00,-4.4
2020-12-05T03:00:00+01:00,-4.43
2020-12-05T06:00:00+01:00,-4.44
2020-12-05T09:00:00+01:00,-4.46
2020-12-05T12:00:00+01:00,-4.46
2020-12-05T15:00:00+01:00,-4.46
2020-12-05T18:00:00+01:00,-4.45
2020-12-05T21:00:00+01:00,-4.45
2020-12-06T02:01:00+01:00,-4.46
2020-12-06T03:00:00+01:00,-4.47
2020-12-06T06:00:00+01:00,-4.47
2020-12-06T09:00:00+01:00,-4.47
2020-12-06T12:00:00+01:00,-4.47
2020-12-06T15:00:00+01:00,-4.46
2020-12-06T18:00:00+01:00,-4.47
2020-12-06T21:00:00+01:00,-4.46
2020-12-07T02:01:00+01:00,-4.46
2020-12-07T03:00:00+01:00,-4.45
2020-12-07T06:00:00+01:00,-4.43
2020-12-07T09:00:00+01:00,-4.43
2020-12-07T12:00:00+01:00,-4.42
2020-12-07T15:00:00+01:00,-4.42
2020-12-07T18:00:00+01:00,-4.42
2020-12-07T21:00:00+01:00,-4.43
2020-12-08T02:01:00+01:00,-4.45
2020-12-08T03:00:00+01:00,-4.46
2020-12-08T06:00:00+01:00,-4.47
2020-12-08T09:00:00+01:00,-4.48
2020-12-08T12:00:00+01:00,-4.48
2020-12-08T15:00:00+01:00,-4.48
2020-12-08T18:00:00+01:00,-4.49
2020-12-08T21:00:00+01:00,-4.49
2020-12-09T02:01:00+01:00,-4.5
2020-12-09T03:00:00+01:00,-4.51
2020-12-09T06:00:00+01:00,-4.51
2020-12-09T09:00:00+01:00,-4.51
2020-12-09T12:00:00+01:00,-4.5
2020-12-09T15:00:00+01:00,-4.51
2020-12-09T18:00:00+01:00,-4.53
2020-12-09T21:00:00+01:00,-4.53
2020-12-10T02:01:00+01:00,-4.52
2020-12-10T03:00:00+01:00,-4.52
2020-12-10T06:00:00+01:00,-4.52
2020-12-10T09:00:00+01:00,-4.53
2020-12-10T12:00:00+01:00,-4.53
2020-12-10T15:00:00+01:00,-4.53
2020-12-10T18:00:00+01:00,-4.53
2020-12-10T21:00:00+01:00,-4.52
2020-12-11T02:01:00+01:00,-4.51
2020-12-11T03:00:00+01:00,-4.51
2020-12-11T06:00:00+01:00,-4.49
2020-12-11T09:00:00+01:00,-4.5
2020-12-11T12:00:00+01:00,-4.5
2020-12-11T15:00:00+01:00,-4.51
2020-12-11T18:00:00+01:00,-4.51
2020-12-11T21:00:00+01:00,-4.5
2020-12-12T02:01:00+01:00,-4.49
2020-12-12T03:00:00+01:00,-4.49
2020-12-12T06:00:00+01:00,-4.5
2020-12-12T09:00:00+01:00,-4.5
2020-12-12T12:00:00+01:00,-4.5
2020-12-12T15:00:00+01:00,-4.48
2020-12-12T18:00:00+01:00,-4.47
2020-12-12T21:00:00+01:00,-4.47
2020-12-13T02:01:00+01:00,-4.47
2020-12-13T03:00:00+01:00,-4.47
2020-12-13T06:00:00+01:00,-4.46
2020-12-13T09:00:00+01:00,-4.47
2020-12-13T12:00:00+01:00,-4.46
2020-12-13T15:00:00+01:00,-4.45
2020-12-13T18:00:00+01:00,-4.44
2020-12-13T21:00:00+01:00,-4.44
2020-12-14T02:01:00+01:00,-4.44
2020-12-14T03:00:00+01:00,-4.44
2020-12-14T06:00:00+01:00,-4.44
2020-12-14T09:00:00+01:00,-4.44
2020-12-14T12:00:00+01:00,-4.43
2020-12-14T15:00:00+01:00,-4.44
2020-12-14T18:00:00+01:00,-4.44
2020-12-14T21:00:00+01:00,-4.44
2020-12-15T02:01:00+01:00,-4.44
2020-12-15T03:00:00+01:00,-4.45
2020-12-15T06:00:00+01:00,-4.44
2020-12-15T09:00:00+01:00,-4.45
2020-12-15T12:00:00+01:00,-4.45
2020-12-15T15:00:00+01:00,-4.46
2020-12-15T18:00:00+01:00,-4.46
2020-12-15T21:00:00+01:00,-4.46
2020-12-16T02:01:00+01:00,-4.47
2020-12-16T03:00:00+01:00,-4.47
2020-12-16T06:00:00+01:00,-4.46
2020-12-16T09:00:00+01:00,-4.46
2020-12-16T12:00:00+01:00,-4.46
2020-12-16T15:00:00+01:00,-4.46
2020-12-16T18:00:00+01:00,-4.46
2020-12-16T21:00:00+01:00,-4.46
2020-12-17T02:01:00+01:00,-4.46
2020-12-17T03:00:00+01:00,-4.46
2020-12-17T06:00:00+01:00,-4.46
2020-12-17T09:00:00+01:00,-4.46
2020-12-17T12:00:00+01:00,-4.46
2020-12-17T15:00:00+01:00,-4.47
2020-12-17T18:00:00+01:00,-4.47
2020-12-17T21:00:00+01:00,-4.47
2020-12-18T02:01:00+01:00,-4.47
2020-12-18T03:00:00+01:00,-4.47
2020-12-18T06:00:00+01:00,-4.47
2020-12-18T09:00:00+01:00,-4.47
2020-12-18T12:00:00+01:00,-4.46
2020-12-18T15:00:00+01:00,-4.47
2020-12-18T18:00:00+01:00,-4.46
2020-12-18T21:00:00+01:00,-4.46
2020-12-19T02:01:00+01:00,-4.46
2020-12-19T03:00:00+01:00,-4.45
2020-12-19T06:00:00+01:00,-4.44
2020-12-19T09:00:00+01:00,-4.44
2020-12-19T12:00:00+01:00,-4.44
2020-12-19T15:00:00+01:00,-4.45
2020-12-19T18:00:00+01:00,-4.45
2020-12-19T21:00:00+01:00,-4.46
2020-12-20T02:01:00+01:00,-4.46
2020-12-20T03:00:00+01:00,-4.46
2020-12-20T06:00:00+01:00,-4.46
2020-12-20T09:00:00+01:00,-4.46
2020-12-20T12:00:00+01:00,-4.46
2020-12-20T15:00:00+01:00,-4.46
2020-12-20T18:00:00+01:00,-4.47
2020-12-20T21:00:00+01:00,-4.47
2020-12-21T02:01:00+01:00,-4.48
2020-12-21T03:00:00+01:00,-4.47
2020-12-21T06:00:00+01:00,-4.47
2020-12-21T09:00:00+01:00,-4.46
2020-12-21T12:00:00+01:00,-4.45
2020-12-21T15:00:00+01:00,-4.44
2020-12-21T18:00:00+01:00,-4.43
2020-12-21T21:00:00+01:00,-4.43
2020-12-22T02:01:00+01:00,-4.42
2020-12-22T03:00:00+01:00,-4.42
2020-12-22T06:00:00+01:00,-4.42
2020-12-22T09:00:00+01:00,-4.44
2020-12-22T12:00:00+01:00,-4.44
2020-12-22T15:00:00+01:00,-4.44
2020-12-22T18:00:00+01:00,-4.45
2020-12-22T21:00:00+01:00,-4.44
2020-12-23T02:01:00+01:00,-4.44
2020-12-23T03:00:00+01:00,-4.43
2020-12-23T06:00:00+01:00,-4.43
2020-12-23T09:00:00+01:00,-4.43
2020-12-23T12:00:00+01:00,-4.41
2020-12-23T15:00:00+01:00,-4.4
2020-12-23T18:00:00+01:00,-4.41
2020-12-23T21:00:00+01:00,-4.4
2020-12-24T02:01:00+01:00,-4.4
2020-12-24T03:00:00+01:00,-4.41
2020-12-24T06:00:00+01:00,-4.41
2020-12-24T09:00:00+01:00,-4.42
2020-12-24T12:00:00+01:00,-4.42
2020-12-24T15:00:00+01:00,-4.43
2020-12-24T18:00:00+01:00,-4.43
2020-12-24T21:00:00+01:00,-4.44
2020-12-25T02:01:00+01:00,-4.44
2020-12-25T03:00:00+01:00,-4.45
2020-12-25T06:00:00+01:00,-4.46
2020-12-25T09:00:00+01:00,-4.46
2020-12-25T12:00:00+01:00,-4.47
2020-12-25T15:00:00+01:00,-4.47
2020-12-25T18:00:00+01:00,-4.47
2020-12-25T21:00:00+01:00,-4.47
2020-12-26T02:01:00+01:00,-4.5
2020-12-26T03:00:00+01:00,-4.48
2020-12-26T06:00:00+01:00,-4.47
2020-12-26T09:00:00+01:00,-4.46
2020-12-26T12:00:00+01:00,-4.44
2020-12-26T15:00:00+01:00,-4.44
2020-12-26T18:00:00+01:00,-4.42
2020-12-26T21:00:00+01:00,-4.4
2020-12-27T02:01:00+01:00,-4.38
2020-12-27T03:00:00+01:00,-4.35
2020-12-27T06:00:00+01:00,-4.31
2020-12-27T09:00:00+01:00,-4.3
2020-12-27T12:00:00+01:00,-4.3
2020-12-27T15:00:00+01:00,-4.29
2020-12-27T18:00:00+01:00,-4.28
2020-12-27T21:00:00+01:00,-4.29
2020-12-28T02:01:00+01:00,-4.3
2020-12-28T03:00:00+01:00,-4.33
2020-12-28T06:00:00+01:00,-4.35
2020-12-28T09:00:00+01:00,-4.37
2020-12-28T12:00:00+01:00,-4.39
2020-12-28T15:00:00+01:00,-4.39
2020-12-28T18:00:00+01:00,-4.37
2020-12-28T21:00:00+01:00,-4.39
2020-12-29T02:01:00+01:00,-4.41
2020-12-29T03:00:00+01:00,-4.43
2020-12-29T06:00:00+01:00,-4.44
2020-12-29T09:00:00+01:00,-4.46
2020-12-29T12:00:00+01:00,-4.46
2020-12-29T15:00:00+01:00,-4.46
2020-12-29T18:00:00+01:00,-4.44
2020-12-29T21:00:00+01:00,-4.43
2020-12-30T02:01:00+01:00,-4.45
2020-12-30T03:00:00+01:00,-4.46
2020-12-30T06:00:00+01:00,-4.47
2020-12-30T09:00:00+01:00,-4.49
2020-12-30T12:00:00+01:00,-4.47
2020-12-30T15:00:00+01:00,-4.45
2020-12-30T18:00:00+01:00,-4.44
2020-12-30T21:00:00+01:00,-4.43
2020-12-31T02:01:00+01:00,-4.43
2020-12-31T03:00:00+01:00,-4.43
2020-12-31T06:00:00+01:00,-4.46
2020-12-31T09:00:00+01:00,-4.47
2020-12-31T12:00:00+01:00,-4.49
2020-12-31T15:00:00+01:00,-4.5
2020-12-31T18:00:00+01:00,-4.47
2020-12-31T21:00:00+01:00,-4.47
2021-01-01T02:01:00+01:00,-4.49
2021-01-01T03:00:00+01:00,-4.51
2021-01-01T06:00:00+01:00,-4.52
2021-01-01T09:00:00+01:00,-4.52
2021-01-01T12:00:00+01:00,-4.52
2021-01-01T15:00:00+01:00,-4.5
2021-01-01T18:00:00+01:00,-4.47
2021-01-01T21:00:00+01:00,-4.45
2021-01-02T02:01:00+01:00,-4.46
2021-01-02T03:00:00+01:00,-4.46
2021-01-02T06:00:00+01:00,-4.45
2021-01-02T09:00:00+01:00,-4.48
2021-01-02T12:00:00+01:00,-4.5
2021-01-02T15:00:00+01:00,-4.5
2021-01-02T18:00:00+01:00,-4.48
2021-01-02T21:00:00+01:00,-4.49
2021-01-03T02:01:00+01:00,-4.52
2021-01-03T03:00:00+01:00,-4.53
2021-01-03T06:00:00+01:00,-4.54
2021-01-03T09:00:00+01:00,-4.55
2021-01-03T12:00:00+01:00,-4.54
2021-01-03T15:00:00+01:00,-4.54
2021-01-03T18:00:00+01:00,-4.55
2021-01-03T21:00:00+01:00,-4.55
2021-01-04T02:01:00+01:00,-4.55
2021-01-04T03:00:00+01:00,-4.55
2021-01-04T06:00:00+01:00,-4.55
2021-01-04T09:00:00+01:00,-4.56
2021-01-04T12:00:00+01:00,-4.56
2021-01-04T15:00:00+01:00,-4.56
2021-01-04T18:00:00+01:00,-4.57
2021-01-04T21:00:00+01:00,-4.57
2021-01-05T02:01:00+01:00,-4.57
2021-01-05T03:00:00+01:00,-4.57
2021-01-05T06:00:00+01:00,-4.57
2021-01-05T09:00:00+01:00,-4.58
2021-01-05T12:00:00+01:00,-4.57
2021-01-05T15:00:00+01:00,-4.57
2021-01-05T18:00:00+01:00,-4.57
2021-01-05T21:00:00+01:00,-4.57
2021-01-06T02:01:00+01:00,-4.57
2021-01-06T03:00:00+01:00,-4.57
2021-01-06T06:00:00+01:00,-4.57
2021-01-06T09:00:00+01:00,-4.58
2021-01-06T12:00:00+01:00,-4.57
2021-01-06T15:00:00+01:00,-4.57
2021-01-06T18:00:00+01:00,-4.57
2021-01-06T21:00:00+01:00,-4.57
2021-01-07T02:01:00+01:00,-4.57
2021-01-07T03:00:00+01:00,-4.57
2021-01-07T06:00:00+01:00,-4.56
2021-01-07T09:00:00+01:00,-4.55
2021-01-07T12:00:00+01:00,-4.53
2021-01-07T15:00:00+01:00,-4.55
2021-01-07T18:00:00+01:00,-4.53
2021-01-07T21:00:00+01:00,-4.51
2021-01-08T02:01:00+01:00,-4.5
2021-01-08T03:00:00+01:00,-4.53
2021-01-08T06:00:00+01:00,-4.54
2021-01-08T09:00:00+01:00,-4.56
2021-01-08T12:00:00+01:00,-4.57
2021-01-08T15:00:00+01:00,-4.57
2021-01-08T18:00:00+01:00,-4.58
2021-01-08T21:00:00+01:00,-4.59
2021-01-09T02:01:00+01:00,-4.59
2021-01-09T03:00:00+01:00,-4.6
2021-01-09T06:00:00+01:00,-4.6
2021-01-09T09:00:00+01:00,-4.61
2021-01-09T12:00:00+01:00,-4.6
2021-01-09T15:00:00+01:00,-4.58
2021-01-09T18:00:00+01:00,-4.56
2021-01-09T21:00:00+01:00,-4.55
2021-01-10T02:01:00+01:00,-4.55
2021-01-10T03:00:00+01:00,-4.56
2021-01-10T06:00:00+01:00,-4.57
2021-01-10T09:00:00+01:00,-4.58
2021-01-10T12:00:00+01:00,-4.58
2021-01-10T15:00:00+01:00,-4.56
2021-01-10T18:00:00+01:00,-4.54
2021-01-10T21:00:00+01:00,-4.52
2021-01-11T02:01:00+01:00,-4.51
2021-01-11T03:00:00+01:00,-4.5
2021-01-11T06:00:00+01:00,-4.49
2021-01-11T09:00:00+01:00,-4.49
2021-01-11T12:00:00+01:00,-4.48
2021-01-11T15:00:00+01:00,-4.48
2021-01-11T18:00:00+01:00,-4.47
2021-01-11T21:00:00+01:00,-4.45
2021-01-12T02:01:00+01:00,-4.43
2021-01-12T03:00:00+01:00,-4.41
2021-01-12T06:00:00+01:00,-4.4
2021-01-12T09:00:00+01:00,-4.42
2021-01-12T12:00:00+01:00,-4.41
2021-01-12T15:00:00+01:00,-4.42
2021-01-12T18:00:00+01:00,-4.44
2021-01-12T21:00:00+01:00,-4.45
2021-01-13T02:01:00+01:00,-4.46
2021-01-13T03:00:00+01:00,-4.46
2021-01-13T06:00:00+01:00,-4.45
2021-01-13T09:00:00+01:00,-4.45
2021-01-13T12:00:00+01:00,-4.45
2021-01-13T15:00:00+01:00,-4.45
2021-01-13T18:00:00+01:00,-4.45
2021-01-13T21:00:00+01:00,-4.46
2021-01-14T02:01:00+01:00,-4.47
2021-01-14T03:00:00+01:00,-4.47
2021-01-14T06:00:00+01:00,-4.49
2021-01-14T09:00:00+01:00,-4.53
2021-01-14T12:00:00+01:00,-4.53
2021-01-14T15:00:00+01:00,-4.54
2021-01-14T18:00:00+01:00,-4.56
2021-01-14T21:00:00+01:00,-4.57
2021-01-15T02:01:00+01:00,-4.58
2021-01-15T03:00:00+01:00,-4.59
2021-01-15T06:00:00+01:00,-4.6
2021-01-15T09:00:00+01:00,-4.6
2021-01-15T12:00:00+01:00,-4.61
2021-01-15T15:00:00+01:00,-4.61
2021-01-15T18:00:00+01:00,-4.61
2021-01-15T21:00:00+01:00,-4.61
2021-01-16T02:01:00+01:00,-4.6
2021-01-16T03:00:00+01:00,-4.6
2021-01-16T06:00:00+01:00,-4.59
2021-01-16T09:00:00+01:00,-4.59
2021-01-16T12:00:00+01:00,-4.58
2021-01-16T15:00:00+01:00,-4.57
2021-01-16T18:00:00+01:00,-4.57
2021-01-16T21:00:00+01:00,-4.56
2021-01-17T02:01:00+01:00,-4.55
2021-01-17T03:00:00+01:00,-4.54
2021-01-17T06:00:00+01:00,-4.55
2021-01-17T09:00:00+01:00,-4.54
2021-01-17T12:00:00+01:00,-4.51
2021-01-17T15:00:00+01:00,-4.5
2021-01-17T18:00:00+01:00,-4.49
2021-01-17T21:00:00+01:00,-4.48
2021-01-18T02:01:00+01:00,-4.47
2021-01-18T03:00:00+01:00,-4.46
2021-01-18T06:00:00+01:00,-4.45
2021-01-18T09:00:00+01:00,-4.45
2021-01-18T12:00:00+01:00,-4.45
2021-01-18T15:00:00+01:00,-4.44
2021-01-18T18:00:00+01:00,-4.45
2021-01-18T21:00:00+01:00,-4.44
2021-01-19T02:01:00+01:00,-4.43
2021-01-19T03:00:00+01:00,-4.41
2021-01-19T06:00:00+01:00,-4.39
2021-01-19T09:00:00+01:00,-4.38
2021-01-19T12:00:00+01:00,-4.39
2021-01-19T15:00:00+01:00,-4.39
2021-01-19T18:00:00+01:00,-4.38
2021-01-19T21:00:00+01:00,-4.38
2021-01-20T02:01:00+01:00,-4.37
2021-01-20T03:00:00+01:00,-4.36
2021-01-20T06:00:00+01:00,-4.36
2021-01-20T09:00:00+01:00,-4.36
2021-01-20T12:00:00+01:00,-4.35
2021-01-20T15:00:00+01:00,-4.34
2021-01-20T18:00:00+01:00,-4.34
2021-01-20T21:00:00+01:00,-4.33
2021-01-21T02:01:00+01:00,-4.31
2021-01-21T03:00:00+01:00,-4.3
2021-01-21T06:00:00+01:00,-4.34
2021-01-21T09:00:00+01:00,-4.34
2021-01-21T12:00:00+01:00,-4.33
2021-01-21T15:00:00+01:00,-4.34
2021-01-21T18:00:00+01:00,-4.33
2021-01-21T21:00:00+01:00,-4.32
2021-01-22T02:01:00+01:00,-4.33
2021-01-22T03:00:00+01:00,-4.34
2021-01-22T06:00:00+01:00,-4.35
2021-01-22T09:00:00+01:00,-4.36
2021-01-22T12:00:00+01:00,-4.38
2021-01-22T15:00:00+01:00,-4.38
2021-01-22T18:00:00+01:00,-4.38
2021-01-22T21:00:00+01:00,-4.39
2021-01-23T02:01:00+01:00,-4.4
2021-01-23T03:00:00+01:00,-4.43
2021-01-23T06:00:00+01:00,-4.45
2021-01-23T09:00:00+01:00,-4.46
2021-01-23T12:00:00+01:00,-4.47
2021-01-23T15:00:00+01:00,-4.45
2021-01-23T18:00:00+01:00,-4.43
2021-01-23T21:00:00+01:00,-4.43
2021-01-24T02:01:00+01:00,-4.46
2021-01-24T03:00:00+01:00,-4.47
2021-01-24T06:00:00+01:00,-4.47
2021-01-24T09:00:00+01:00,-4.48
2021-01-24T12:00:00+01:00,-4.48
2021-01-24T15:00:00+01:00,-4.47
2021-01-24T18:00:00+01:00,-4.44
2021-01-24T21:00:00+01:00,-4.46
2021-01-25T02:01:00+01:00,-4.47
2021-01-25T03:00:00+01:00,-4.48
2021-01-25T06:00:00+01:00,-4.5
2021-01-25T09:00:00+01:00,-4.51
2021-01-25T12:00:00+01:00,-4.52
2021-01-25T15:00:00+01:00,-4.51
2021-01-25T18:00:00+01:00,-4.49
2021-01-25T21:00:00+01:00,-4.48
2021-01-26T02:01:00+01:00,-4.47
2021-01-26T03:00:00+01:00,-4.47
2021-01-26T06:00:00+01:00,-4.48
2021-01-26T09:00:00+01:00,-4.48
2021-01-26T12:00:00+01:00,-4.48
2021-01-26T15:00:00+01:00,-4.48
2021-01-26T18:00:00+01:00,-4.47
2021-01-26T21:00:00+01:00,-4.47
2021-01-27T02:01:00+01:00,-4.47
2021-01-27T03:00:00+01:00,-4.48
2021-01-27T06:00:00+01:00,-4.5
2021-01-27T09:00:00+01:00,-4.52
2021-01-27T12:00:00+01:00,-4.53
2021-01-27T15:00:00+01:00,-4.5
2021-01-27T18:00:00+01:00,-4.47
2021-01-27T21:00:00+01:00,-4.45
2021-01-28T02:01:00+01:00,-4.44
2021-01-28T03:00:00+01:00,-4.43
2021-01-28T06:00:00+01:00,-4.41
2021-01-28T09:00:00+01:00,-4.4
2021-01-28T12:00:00+01:00,-4.39
2021-01-28T15:00:00+01:00,-4.4
2021-01-28T18:00:00+01:00,-4.4
2021-01-28T21:00:00+01:00,-4.39
2021-01-29T02:01:00+01:00,-4.38
2021-01-29T03:00:00+01:00,-4.37
2021-01-29T06:00:00+01:00,-4.37
2021-01-29T09:00:00+01:00,-4.37
2021-01-29T12:00:00+01:00,-4.37
2021-01-29T15:00:00+01:00,-4.37
2021-01-29T18:00:00+01:00,-4.37
2021-01-29T21:00:00+01:00,-4.39
2021-01-30T02:01:00+01:00,-4.41
2021-01-30T03:00:00+01:00,-4.43
2021-01-30T06:00:00+01:00,-4.47
2021-01-30T09:00:00+01:00,-4.48
2021-01-30T12:00:00+01:00,-4.5
2021-01-30T15:00:00+01:00,-4.51
2021-01-30T18:00:00+01:00,-4.53
2021-01-30T21:00:00+01:00,-4.53
2021-01-31T02:01:00+01:00,-4.54
2021-01-31T03:00:00+01:00,-4.53
2021-01-31T06:00:00+01:00,-4.52
2021-01-31T09:00:00+01:00,-4.51
2021-01-31T12:00:00+01:00,-4.5
2021-01-31T15:00:00+01:00,-4.5
2021-01-31T18:00:00+01:00,-4.49
2021-01-31T21:00:00+01:00,-4.48
2021-02-01T02:01:00+01:00,-4.48
2021-02-01T03:00:00+01:00,-4.48
2021-02-01T06:00:00+01:00,-4.48
2021-02-01T09:00:00+01:00,-4.48
2021-02-01T12:00:00+01:00,-4.49
2021-02-01T15:00:00+01:00,-4.51
2021-02-01T18:00:00+01:00,-4.51
2021-02-01T21:00:00+01:00,-4.52
2021-02-02T02:01:00+01:00,-4.52
2021-02-02T03:00:00+01:00,-4.51
2021-02-02T06:00:00+01:00,-4.51
2021-02-02T09:00:00+01:00,-4.5
2021-02-02T12:00:00+01:00,-4.5
2021-02-02T15:00:00+01:00,-4.5
2021-02-02T18:00:00+01:00,-4.49
2021-02-02T21:00:00+01:00,-4.45
2021-02-03T02:01:00+01:00,-4.43
2021-02-03T03:00:00+01:00,-4.41
2021-02-03T06:00:00+01:00,-4.4
2021-02-03T09:00:00+01:00,-4.39
2021-02-03T12:00:00+01:00,-4.38
2021-02-03T15:00:00+01:00,-4.38
2021-02-03T18:00:00+01:00,-4.39
2021-02-03T21:00:00+01:00,-4.4
2021-02-04T02:01:00+01:00,-4.4
2021-02-04T03:00:00+01:00,-4.41
2021-02-04T06:00:00+01:00,-4.41
2021-02-04T09:00:00+01:00,-4.42
2021-02-04T12:00:00+01:00,-4.41
2021-02-04T15:00:00+01:00,-4.42
2021-02-04T18:00:00+01:00,-4.41
2021-02-04T21:00:00+01:00,-4.41
2021-02-05T02:01:00+01:00,-4.4
2021-02-05T03:00:00+01:00,-4.4
2021-02-05T06:00:00+01:00,-4.4
2021-02-05T09:00:00+01:00,-4.4
2021-02-05T12:00:00+01:00,-4.4
2021-02-05T15:00:00+01:00,-4.4
2021-02-05T18:00:00+01:00,-4.4
2021-02-05T21:00:00+01:00,-4.4
2021-02-06T02:01:00+01:00,-4.39
2021-02-06T03:00:00+01:00,-4.39
2021-02-06T06:00:00+01:00,-4.39
2021-02-06T09:00:00+01:00,-4.39
2021-02-06T12:00:00+01:00,-4.4
2021-02-06T15:00:00+01:00,-4.43
2021-02-06T18:00:00+01:00,-4.46
2021-02-06T21:00:00+01:00,-4.46
2021-02-07T02:01:00+01:00,-4.47
2021-02-07T03:00:00+01:00,-4.47
2021-02-07T06:00:00+01:00,-4.47
2021-02-07T09:00:00+01:00,-4.48
2021-02-07T12:00:00+01:00,-4.48
2021-02-07T15:00:00+01:00,-4.48
2021-02-07T18:00:00+01:00,-4.49
2021-02-07T21:00:00+01:00,-4.49
2021-02-08T02:01:00+01:00,-4.49
2021-02-08T03:00:00+01:00,-4.49
2021-02-08T06:00:00+01:00,-4.5
2021-02-08T09:00:00+01:00,-4.5
2021-02-08T12:00:00+01:00,-4.5
2021-02-08T15:00:00+01:00,-4.5
2021-02-08T18:00:00+01:00,-4.51
2021-02-08T21:00:00+01:00,-4.52
2021-02-09T02:01:00+01:00,-4.53
2021-02-09T03:00:00+01:00,-4.53
2021-02-09T06:00:00+01:00,-4.54
2021-02-09T09:00:00+01:00,-4.53
2021-02-09T12:00:00+01:00,-4.54
2021-02-09T15:00:00+01:00,-4.55
2021-02-09T18:00:00+01:00,-4.56
2021-02-09T21:00:00+01:00,-4.57
2021-02-10T02:01:00+01:00,-4.58
2021-02-10T03:00:00+01:00,-4.58
2021-02-10T06:00:00+01:00,-4.59
2021-02-10T09:00:00+01:00,-4.6
2021-02-10T12:00:00+01:00,-4.6
2021-02-10T15:00:00+01:00,-4.61
2021-02-10T18:00:00+01:00,-4.62
2021-02-10T21:00:00+01:00,-4.63
2021-02-11T02:01:00+01:00,-4.63
2021-02-11T03:00:00+01:00,-4.62
2021-02-11T06:00:00+01:00,-4.61
2021-02-11T09:00:00+01:00,-4.61
2021-02-11T12:00:00+01:00,-4.6
2021-02-11T15:00:00+01:00,-4.62
2021-02-11T18:00:00+01:00,-4.64
2021-02-11T21:00:00+01:00,-4.65
2021-02-12T02:01:00+01:00,-4.65
2021-02-12T03:00:00+01:00,-4.66
2021-02-12T06:00:00+01:00,-4.66
2021-02-12T09:00:00+01:00,-4.66
2021-02-12T12:00:00+01:00,-4.66
2021-02-12T15:00:00+01:00,-4.67
2021-02-12T18:00:00+01:00,-4.67
2021-02-12T21:00:00+01:00,-4.67
2021-02-13T02:01:00+01:00,-4.67
2021-02-13T03:00:00+01:00,-4.67
2021-02-13T06:00:00+01:00,-4.67
2021-02-13T09:00:00+01:00,-4.67
2021-02-13T12:00:00+01:00,-4.67
2021-02-13T15:00:00+01:00,-4.66
2021-02-13T18:00:00+01:00,-4.67
2021-02-13T21:00:00+01:00,-4.67
2021-02-14T02:01:00+01:00,-4.67
2021-02-14T03:00:00+01:00,-4.66
2021-02-14T06:00:00+01:00,-4.66
2021-02-14T09:00:00+01:00,-4.66
2021-02-14T12:00:00+01:00,-4.65
2021-02-14T15:00:00+01:00,-4.64
2021-02-14T18:00:00+01:00,-4.63
2021-02-14T21:00:00+01:00,-4.63
2021-02-15T02:01:00+01:00,-4.63
2021-02-15T03:00:00+01:00,-4.62
2021-02-15T06:00:00+01:00,-4.62
2021-02-15T09:00:00+01:00,-4.61
2021-02-15T12:00:00+01:00,-4.61
2021-02-15T15:00:00+01:00,-4.61
2021-02-15T18:00:00+01:00,-4.62
2021-02-15T21:00:00+01:00,-4.59
2021-02-16T02:01:00+01:00,-4.56
2021-02-16T03:00:00+01:00,-4.54
2021-02-16T06:00:00+01:00,-4.57
2021-02-16T09:00:00+01:00,-4.56
2021-02-16T12:00:00+01:00,-4.52
2021-02-16T15:00:00+01:00,-4.49
2021-02-16T18:00:00+01:00,-4.47
2021-02-16T21:00:00+01:00,-4.46
2021-02-17T02:01:00+01:00,-4.46
2021-02-17T03:00:00+01:00,-4.45
2021-02-17T06:00:00+01:00,-4.45
2021-02-17T09:00:00+01:00,-4.44
2021-02-17T12:00:00+01:00,-4.44
2021-02-17T15:00:00+01:00,-4.44
2021-02-17T18:00:00+01:00,-4.44
2021-02-17T21:00:00+01:00,-4.43
2021-02-18T02:01:00+01:00,-4.43
2021-02-18T03:00:00+01:00,-4.42
2021-02-18T06:00:00+01:00,-4.41
2021-02-18T09:00:00+01:00,-4.4
2021-02-18T12:00:00+01:00,-4.39
2021-02-18T15:00:00+01:00,-4.39
2021-02-18T18:00:00+01:00,-4.41
2021-02-18T21:00:00+01:00,-4.42
2021-02-19T02:01:00+01:00,-4.42
2021-02-19T03:00:00+01:00,-4.42
2021-02-19T06:00:00+01:00,-4.43
2021-02-19T09:00:00+01:00,-4.43
2021-02-19T12:00:00+01:00,-4.45
2021-02-19T15:00:00+01:00,-4.43
2021-02-19T18:00:00+01:00,-4.43
2021-02-19T21:00:00+01:00,-4.42
2021-02-20T02:01:00+01:00,-4.42
2021-02-20T03:00:00+01:00,-4.41
2021-02-20T06:00:00+01:00,-4.42
2021-02-20T09:00:00+01:00,-4.41
2021-02-20T12:00:00+01:00,-4.4
2021-02-20T15:00:00+01:00,-4.4
2021-02-20T18:00:00+01:00,-4.41
2021-02-20T21:00:00+01:00,-4.41
2021-02-21T02:01:00+01:00,-4.41
2021-02-21T03:00:00+01:00,-4.41
2021-02-21T06:00:00+01:00,-4.41
2021-02-21T09:00:00+01:00,-4.42
2021-02-21T12:00:00+01:00,-4.41
2021-02-21T15:00:00+01:00,-4.42
2021-02-21T18:00:00+01:00,-4.42
2021-02-21T21:00:00+01:00,-4.42
2021-02-22T02:01:00+01:00,-4.43
2021-02-22T03:00:00+01:00,-4.42
2021-02-22T06:00:00+01:00,-4.42
2021-02-22T09:00:00+01:00,-4.43
2021-02-22T12:00:00+01:00,-4.44
2021-02-22T15:00:00+01:00,-4.44
2021-02-22T18:00:00+01:00,-4.45
2021-02-22T21:00:00+01:00,-4.46
2021-02-23T02:01:00+01:00,-4.46
2021-02-23T03:00:00+01:00,-4.46
2021-02-23T06:00:00+01:00,-4.46
2021-02-23T09:00:00+01:00,-4.47
2021-02-23T12:00:00+01:00,-4.47
2021-02-23T15:00:00+01:00,-4.46
2021-02-23T18:00:00+01:00,-4.47
2021-02-23T21:00:00+01:00,-4.47
2021-02-24T02:01:00+01:00,-4.47
2021-02-24T03:00:00+01:00,-4.47
2021-02-24T06:00:00+01:00,-4.47
2021-02-24T09:00:00+01:00,-4.47
2021-02-24T12:00:00+01:00,-4.47
2021-02-24T15:00:00+01:00,-4.47
2021-02-24T18:00:00+01:00,-4.47
2021-02-24T21:00:00+01:00,-4.47
2021-02-25T02:01:00+01:00,-4.47
2021-02-25T03:00:00+01:00,-4.46
2021-02-25T06:00:00+01:00,-4.46
2021-02-25T09:00:00+01:00,-4.47
2021-02-25T12:00:00+01:00,-4.47
2021-02-25T15:00:00+01:00,-4.48
2021-02-25T18:00:00+01:00,-4.49
2021-02-25T21:00:00+01:00,-4.5
2021-02-26T02:01:00+01:00,-4.49
2021-02-26T03:00:00+01:00,-4.49
2021-02-26T06:00:00+01:00,-4.5
2021-02-26T09:00:00+01:00,-4.51
2021-02-26T12:00:00+01:00,-4.51
2021-02-26T15:00:00+01:00,-4.51
2021-02-26T18:00:00+01:00,-4.52
2021-02-26T21:00:00+01:00,-4.51
2021-02-27T02:01:00+01:00,-4.52
2021-02-27T03:00:00+01:00,-4.53
2021-02-27T06:00:00+01:00,-4.55
2021-02-27T09:00:00+01:00,-4.57
2021-02-27T12:00:00+01:00,-4.58
2021-02-27T15:00:00+01:00,-4.56
2021-02-27T18:00:00+01:00,-4.55
2021-02-27T21:00:00+01:00,-4.54
2021-02-28T02:01:00+01:00,-4.54
2021-02-28T03:00:00+01:00,-4.53
2021-02-28T06:00:00+01:00,-4.56
2021-02-28T09:00:00+01:00,-4.59
2021-02-28T12:00:00+01:00,-4.61
2021-02-28T15:00:00+01:00,-4.57
2021-02-28T18:00:00+01:00,-4.55
2021-02-28T21:00:00+01:00,-4.54
2021-03-01T02:01:00+01:00,-4.54
2021-03-01T03:00:00+01:00,-4.53
2021-03-01T06:00:00+01:00,-4.55
2021-03-01T09:00:00+01:00,-4.58
2021-03-01T12:00:00+01:00,-4.59
2021-03-01T15:00:00+01:00,-4.58
2021-03-01T18:00:00+01:00,-4.55
2021-03-01T21:00:00+01:00,-4.54
2021-03-02T02:01:00+01:00,-4.53
2021-03-02T03:00:00+01:00,-4.51
2021-03-02T06:00:00+01:00,-4.52
2021-03-02T09:00:00+01:00,-4.56
2021-03-02T12:00:00+01:00,-4.56
2021-03-02T15:00:00+01:00,-4.54
2021-03-02T18:00:00+01:00,-4.53
2021-03-02T21:00:00+01:00,-4.52
2021-03-03T02:01:00+01:00,-4.51
2021-03-03T03:00:00+01:00,-4.5
2021-03-03T06:00:00+01:00,-4.5
2021-03-03T09:00:00+01:00,-4.52
2021-03-03T12:00:00+01:00,-4.55
2021-03-03T15:00:00+01:00,-4.54
2021-03-03T18:00:00+01:00,-4.53
2021-03-03T21:00:00+01:00,-4.53
2021-03-04T02:01:00+01:00,-4.52
2021-03-04T03:00:00+01:00,-4.52
2021-03-04T06:00:00+01:00,-4.52
2021-03-04T09:00:00+01:00,-4.54
2021-03-04T12:00:00+01:00,-4.57
2021-03-04T15:00:00+01:00,-4.56
2021-03-04T18:00:00+01:00,-4.55
2021-03-04T21:00:00+01:00,-4.55
2021-03-05T02:01:00+01:00,-4.55
2021-03-05T03:00:00+01:00,-4.57
2021-03-05T06:00:00+01:00,-4.6
2021-03-05T09:00:00+01:00,-4.63
2021-03-05T12:00:00+01:00,-4.63
2021-03-05T15:00:00+01:00,-4.61
2021-03-05T18:00:00+01:00,-4.6
2021-03-05T21:00:00+01:00,-4.58
2021-03-06T02:01:00+01:00,-4.6
2021-03-06T03:00:00+01:00,-4.63
2021-03-06T06:00:00+01:00,-4.65
2021-03-06T09:00:00+01:00,-4.66
2021-03-06T12:00:00+01:00,-4.66
2021-03-06T15:00:00+01:00,-4.64
2021-03-06T18:00:00+01:00,-4.6
2021-03-06T21:00:00+01:00,-4.58
2021-03-07T02:01:00+01:00,-4.59
2021-03-07T03:00:00+01:00,-4.6
2021-03-07T06:00:00+01:00,-4.62
2021-03-07T09:00:00+01:00,-4.62
2021-03-07T12:00:00+01:00,-4.63
2021-03-07T15:00:00+01:00,-4.6
2021-03-07T18:00:00+01:00,-4.58
2021-03-07T21:00:00+01:00,-4.57
2021-03-08T02:01:00+01:00,-4.57
2021-03-08T03:00:00+01:00,-4.6
2021-03-08T06:00:00+01:00,-4.61
2021-03-08T09:00:00+01:00,-4.62
2021-03-08T12:00:00+01:00,-4.61
2021-03-08T15:00:00+01:00,-4.57
2021-03-08T18:00:00+01:00,-4.55
2021-03-08T21:00:00+01:00,-4.54
2021-03-09T02:01:00+01:00,-4.53
2021-03-09T03:00:00+01:00,-4.52
2021-03-09T06:00:00+01:00,-4.53
2021-03-09T09:00:00+01:00,-4.53
2021-03-09T12:00:00+01:00,-4.53
2021-03-09T15:00:00+01:00,-4.53
2021-03-09T18:00:00+01:00,-4.53
2021-03-09T21:00:00+01:00,-4.53
2021-03-10T02:01:00+01:00,-4.53
2021-03-10T03:00:00+01:00,-4.52
2021-03-10T06:00:00+01:00,-4.52
2021-03-10T09:00:00+01:00,-4.51
2021-03-10T12:00:00+01:00,-4.51
2021-03-10T15:00:00+01:00,-4.49
2021-03-10T18:00:00+01:00,-4.47
2021-03-10T21:00:00+01:00,-4.45
2021-03-11T02:01:00+01:00,-4.43
2021-03-11T03:00:00+01:00,-4.42
2021-03-11T06:00:00+01:00,-4.41
2021-03-11T09:00:00+01:00,-4.41
2021-03-11T12:00:00+01:00,-4.42
2021-03-11T15:00:00+01:00,-4.42
2021-03-11T18:00:00+01:00,-4.43
2021-03-11T21:00:00+01:00,-4.44
2021-03-12T02:01:00+01:00,-4.45
2021-03-12T03:00:00+01:00,-4.45
2021-03-12T06:00:00+01:00,-4.45
2021-03-12T09:00:00+01:00,-4.45
2021-03-12T12:00:00+01:00,-4.44
2021-03-12T15:00:00+01:00,-4.43
2021-03-12T18:00:00+01:00,-4.44
2021-03-12T21:00:00+01:00,-4.44
2021-03-13T02:01:00+01:00,-4.43
2021-03-13T03:00:00+01:00,-4.4
2021-03-13T06:00:00+01:00,-4.4
2021-03-13T09:00:00+01:00,-4.4
2021-03-13T12:00:00+01:00,-4.4
2021-03-13T15:00:00+01:00,-4.41
2021-03-13T18:00:00+01:00,-4.43
2021-03-13T21:00:00+01:00,-4.44
2021-03-14T02:01:00+01:00,-4.44
2021-03-14T03:00:00+01:00,-4.45
2021-03-14T06:00:00+01:00,-4.46
2021-03-14T09:00:00+01:00,-4.46
2021-03-14T12:00:00+01:00,-4.47
2021-03-14T15:00:00+01:00,-4.47
2021-03-14T18:00:00+01:00,-4.47
2021-03-14T21:00:00+01:00,-4.46
2021-03-15T02:01:00+01:00,-4.46
2021-03-15T03:00:00+01:00,-4.46
2021-03-15T06:00:00+01:00,-4.47
2021-03-15T09:00:00+01:00,-4.47
2021-03-15T12:00:00+01:00,-4.48
2021-03-15T15:00:00+01:00,-4.49
2021-03-15T18:00:00+01:00,-4.49
2021-03-15T21:00:00+01:00,-4.49
2021-03-16T02:01:00+01:00,-4.5
2021-03-16T03:00:00+01:00,-4.5
2021-03-16T06:00:00+01:00,-4.5
2021-03-16T09:00:00+01:00,-4.5
2021-03-16T12:00:00+01:00,-4.49
2021-03-16T15:00:00+01:00,-4.49
2021-03-16T18:00:00+01:00,-4.49
2021-03-16T21:00:00+01:00,-4.5
2021-03-17T02:01:00+01:00,-4.52
2021-03-17T03:00:00+01:00,-4.52
2021-03-17T06:00:00+01:00,-4.53
2021-03-17T09:00:00+01:00,-4.53
2021-03-17T12:00:00+01:00,-4.53
2021-03-17T15:00:00+01:00,-4.54
2021-03-17T18:00:00+01:00,-4.52
2021-03-17T21:00:00+01:00,-4.52
2021-03-18T02:01:00+01:00,-4.52
2021-03-18T03:00:00+01:00,-4.54
2021-03-18T06:00:00+01:00,-4.57
2021-03-18T09:00:00+01:00,-4.58
2021-03-18T12:00:00+01:00,-4.56
2021-03-18T15:00:00+01:00,-4.54
2021-03-18T18:00:00+01:00,-4.52
2021-03-18T21:00:00+01:00,-4.5
2021-03-19T02:01:00+01:00,-4.51
2021-03-19T03:00:00+01:00,-4.52
2021-03-19T06:00:00+01:00,-4.55
2021-03-19T09:00:00+01:00,-4.59
2021-03-19T12:00:00+01:00,-4.59
2021-03-19T15:00:00+01:00,-4.56
2021-03-19T18:00:00+01:00,-4.55
2021-03-19T21:00:00+01:00,-4.54
2021-03-20T02:01:00+01:00,-4.54
2021-03-20T03:00:00+01:00,-4.57
2021-03-20T06:00:00+01:00,-4.6
2021-03-20T09:00:00+01:00,-4.62
2021-03-20T12:00:00+01:00,-4.62
2021-03-20T15:00:00+01:00,-4.58
2021-03-20T18:00:00+01:00,-4.56
2021-03-20T21:00:00+01:00,-4.55
2021-03-21T02:01:00+01:00,-4.54
2021-03-21T03:00:00+01:00,-4.53
2021-03-21T06:00:00+01:00,-4.54
2021-03-21T09:00:00+01:00,-4.54
2021-03-21T12:00:00+01:00,-4.53
2021-03-21T15:00:00+01:00,-4.52
2021-03-21T18:00:00+01:00,-4.51
2021-03-21T21:00:00+01:00,-4.51
2021-03-22T02:01:00+01:00,-4.51
2021-03-22T03:00:00+01:00,-4.52
2021-03-22T06:00:00+01:00,-4.52
2021-03-22T09:00:00+01:00,-4.53
2021-03-22T12:00:00+01:00,-4.53
2021-03-22T15:00:00+01:00,-4.52
2021-03-22T18:00:00+01:00,-4.52
2021-03-22T21:00:00+01:00,-4.51
2021-03-23T02:01:00+01:00,-4.51
2021-03-23T03:00:00+01:00,-4.5
2021-03-23T06:00:00+01:00,-4.5
2021-03-23T09:00:00+01:00,-4.5
2021-03-23T12:00:00+01:00,-4.49
2021-03-23T15:00:00+01:00,-4.5
2021-03-23T18:00:00+01:00,-4.5
2021-03-23T21:00:00+01:00,-4.49
2021-03-24T02:01:00+01:00,-4.49
2021-03-24T03:00:00+01:00,-4.49
2021-03-24T06:00:00+01:00,-4.49
2021-03-24T09:00:00+01:00,-4.49
2021-03-24T12:00:00+01:00,-4.49
2021-03-24T15:00:00+01:00,-4.48
2021-03-24T18:00:00+01:00,-4.49
2021-03-24T21:00:00+01:00,-4.49
2021-03-25T02:01:00+01:00,-4.49
2021-03-25T03:00:00+01:00,-4.48
2021-03-25T06:00:00+01:00,-4.48
2021-03-25T09:00:00+01:00,-4.48
2021-03-25T12:00:00+01:00,-4.48
2021-03-25T15:00:00+01:00,-4.48
2021-03-25T18:00:00+01:00,-4.48
2021-03-25T21:00:00+01:00,-4.48
2021-03-26T02:01:00+01:00,-4.48
2021-03-26T03:00:00+01:00,-4.47
2021-03-26T06:00:00+01:00,-4.47
2021-03-26T09:00:00+01:00,-4.47
2021-03-26T12:00:00+01:00,-4.47
2021-03-26T15:00:00+01:00,-4.46
2021-03-26T18:00:00+01:00,-4.46
2021-03-26T21:00:00+01:00,-4.48
2021-03-27T02:01:00+01:00,-4.47
2021-03-27T03:00:00+01:00,-4.47
2021-03-27T06:00:00+01:00,-4.48
2021-03-27T09:00:00+01:00,-4.49
2021-03-27T12:00:00+01:00,-4.5
2021-03-27T15:00:00+01:00,-4.5
2021-03-27T18:00:00+01:00,-4.5
2021-03-27T21:00:00+01:00,-4.51
2021-03-28T01:01:00+01:00,-4.5
2021-03-28T03:00:00+02:00,-4.5
2021-03-28T06:00:00+02:00,-4.5
2021-03-28T09:00:00+02:00,-4.5
2021-03-28T12:00:00+02:00,-4.5
2021-03-28T15:00:00+02:00,-4.5
2021-03-28T18:00:00+02:00,-4.5
2021-03-28T21:00:00+02:00,-4.5
2021-03-29T02:01:00+02:00,-4.5
2021-03-29T03:00:00+02:00,-4.5
2021-03-29T06:00:00+02:00,-4.51
2021-03-29T09:00:00+02:00,-4.52
2021-03-29T12:00:00+02:00,-4.52
2021-03-29T15:00:00+02:00,-4.51
2021-03-29T18:00:00+02:00,-4.51
2021-03-29T21:00:00+02:00,-4.52
2021-03-30T02:01:00+02:00,-4.52
2021-03-30T03:00:00+02:00,-4.52
2021-03-30T06:00:00+02:00,-4.52
2021-03-30T09:00:00+02:00,-4.53
2021-03-30T12:00:00+02:00,-4.52
2021-03-30T15:00:00+02:00,-4.5
2021-03-30T18:00:00+02:00,-4.48
2021-03-30T21:00:00+02:00,-4.46
2021-03-31T02:01:00+02:00,-4.47
2021-03-31T03:00:00+02:00,-4.48
2021-03-31T06:00:00+02:00,-4.49
2021-03-31T09:00:00+02:00,-4.49
2021-03-31T12:00:00+02:00,-4.49
2021-03-31T15:00:00+02:00,-4.47
2021-03-31T18:00:00+02:00,-4.45
2021-03-31T21:00:00+02:00,-4.45
2021-04-01T02:01:00+02:00,-4.46
2021-04-01T03:00:00+02:00,-4.48
2021-04-01T06:00:00+02:00,-4.49
2021-04-01T09:00:00+02:00,-4.51
2021-04-01T12:00:00+02:00,-4.52
2021-04-01T15:00:00+02:00,-4.52
2021-04-01T18:00:00+02:00,-4.52
2021-04-01T21:00:00+02:00,-4.53
2021-04-02T02:01:00+02:00,-4.53
2021-04-02T03:00:00+02:00,-4.53
2021-04-02T06:00:00+02:00,-4.55
2021-04-02T09:00:00+02:00,-4.57
2021-04-02T12:00:00+02:00,-4.57
2021-04-02T15:00:00+02:00,-4.56
2021-04-02T18:00:00+02:00,-4.56
2021-04-02T21:00:00+02:00,-4.55
2021-04-03T02:01:00+02:00,-4.55
2021-04-03T03:00:00+02:00,-4.55
2021-04-03T06:00:00+02:00,-4.55
2021-04-03T09:00:00+02:00,-4.56
2021-04-03T12:00:00+02:00,-4.56
2021-04-03T15:00:00+02:00,-4.55
2021-04-03T18:00:00+02:00,-4.55
2021-04-03T21:00:00+02:00,-4.55
2021-04-04T02:01:00+02:00,-4.55
2021-04-04T03:00:00+02:00,-4.54
2021-04-04T06:00:00+02:00,-4.54
2021-04-04T09:00:00+02:00,-4.55
2021-04-04T12:00:00+02:00,-4.55
2021-04-04T15:00:00+02:00,-4.54
2021-04-04T18:00:00+02:00,-4.52
2021-04-04T21:00:00+02:00,-4.51
2021-04-05T02:01:00+02:00,-4.49
2021-04-05T03:00:00+02:00,-4.48
2021-04-05T06:00:00+02:00,-4.5
2021-04-05T09:00:00+02:00,-4.51
2021-04-05T12:00:00+02:00,-4.53
2021-04-05T15:00:00+02:00,-4.56
2021-04-05T18:00:00+02:00,-4.58
2021-04-05T21:00:00+02:00,-4.59
2021-04-06T02:01:00+02:00,-4.6
2021-04-06T03:00:00+02:00,-4.61
2021-04-06T06:00:00+02:00,-4.61
2021-04-06T09:00:00+02:00,-4.63
2021-04-06T12:00:00+02:00,-4.62
2021-04-06T15:00:00+02:00,-4.63
2021-04-06T18:00:00+02:00,-4.63
2021-04-06T21:00:00+02:00,-4.65
2021-04-07T02:01:00+02:00,-4.66
2021-04-07T03:00:00+02:00,-4.65
2021-04-07T06:00:00+02:00,-4.65
2021-04-07T09:00:00+02:00,-4.65
2021-04-07T12:00:00+02:00,-4.61
2021-04-07T15:00:00+02:00,-4.6
2021-04-07T18:00:00+02:00,-4.6
2021-04-07T21:00:00+02:00,-4.63
2021-04-08T02:01:00+02:00,-4.65
2021-04-08T03:00:00+02:00,-4.66
2021-04-08T06:00:00+02:00,-4.67
2021-04-08T09:00:00+02:00,-4.67
2021-04-08T12:00:00+02:00,-4.62
2021-04-08T15:00:00+02:00,-4.58
2021-04-08T18:00:00+02:00,-4.56
2021-04-08T21:00:00+02:00,-4.55
2021-04-09T02:01:00+02:00,-4.53
2021-04-09T03:00:00+02:00,-4.52
2021-04-09T06:00:00+02:00,-4.52
2021-04-09T09:00:00+02:00,-4.52
2021-04-09T12:00:00+02:00,-4.51
2021-04-09T15:00:00+02:00,-4.51
2021-04-09T18:00:00+02:00,-4.51
2021-04-09T21:00:00+02:00,-4.51
2021-04-10T02:01:00+02:00,-4.51
2021-04-10T03:00:00+02:00,-4.51
2021-04-10T06:00:00+02:00,-4.51
2021-04-10T09:00:00+02:00,-4.51
2021-04-10T12:00:00+02:00,-4.5
2021-04-10T15:00:00+02:00,-4.5
2021-04-10T18:00:00+02:00,-4.49
2021-04-10T21:00:00+02:00,-4.51
2021-04-11T02:01:00+02:00,-4.55
2021-04-11T03:00:00+02:00,-4.58
2021-04-11T06:00:00+02:00,-4.61
2021-04-11T09:00:00+02:00,-4.62
2021-04-11T12:00:00+02:00,-4.6
2021-04-11T15:00:00+02:00,-4.58
2021-04-11T18:00:00+02:00,-4.56
2021-04-11T21:00:00+02:00,-4.55
2021-04-12T02:01:00+02:00,-4.58
2021-04-12T03:00:00+02:00,-4.61
2021-04-12T06:00:00+02:00,-4.63
2021-04-12T09:00:00+02:00,-4.65
2021-04-12T12:00:00+02:00,-4.65
2021-04-12T15:00:00+02:00,-4.62
2021-04-12T18:00:00+02:00,-4.6
2021-04-12T21:00:00+02:00,-4.59
2021-04-13T02:01:00+02:00,-4.6
2021-04-13T03:00:00+02:00,-4.62
2021-04-13T06:00:00+02:00,-4.64
2021-04-13T09:00:00+02:00,-4.64
2021-04-13T12:00:00+02:00,-4.61
2021-04-13T15:00:00+02:00,-4.59
2021-04-13T18:00:00+02:00,-4.57
2021-04-13T21:00:00+02:00,-4.56
2021-04-14T02:01:00+02:00,-4.55
2021-04-14T03:00:00+02:00,-4.56
2021-04-14T06:00:00+02:00,-4.61
2021-04-14T09:00:00+02:00,-4.63
2021-04-14T12:00:00+02:00,-4.59
2021-04-14T15:00:00+02:00,-4.57
2021-04-14T18:00:00+02:00,-4.56
2021-04-14T21:00:00+02:00,-4.55
2021-04-15T02:01:00+02:00,-4.56
2021-04-15T03:00:00+02:00,-4.59
2021-04-15T06:00:00+02:00,-4.61
2021-04-15T09:00:00+02:00,-4.62
2021-04-15T12:00:00+02:00,-4.6
2021-04-15T15:00:00+02:00,-4.57
2021-04-15T18:00:00+02:00,-4.56
2021-04-15T21:00:00+02:00,-4.55
2021-04-16T02:01:00+02:00,-4.54
2021-04-16T03:00:00+02:00,-4.54
2021-04-16T06:00:00+02:00,-4.59
2021-04-16T09:00:00+02:00,-4.62
2021-04-16T12:00:00+02:00,-4.59
2021-04-16T15:00:00+02:00,-4.56
2021-04-16T18:00:00+02:00,-4.56
2021-04-16T21:00:00+02:00,-4.55
2021-04-17T02:01:00+02:00,-4.54
2021-04-17T03:00:00+02:00,-4.54
2021-04-17T06:00:00+02:00,-4.55
2021-04-17T09:00:00+02:00,-4.59
2021-04-17T12:00:00+02:00,-4.56
2021-04-17T15:00:00+02:00,-4.54
2021-04-17T18:00:00+02:00,-4.54
2021-04-17T21:00:00+02:00,-4.53
2021-04-18T02:01:00+02:00,-4.53
2021-04-18T03:00:00+02:00,-4.53
2021-04-18T06:00:00+02:00,-4.54
2021-04-18T09:00:00+02:00,-4.54
2021-04-18T12:00:00+02:00,-4.53
2021-04-18T15:00:00+02:00,-4.52
2021-04-18T18:00:00+02:00,-4.52
2021-04-18T21:00:00+02:00,-4.52
2021-04-19T02:01:00+02:00,-4.51
2021-04-19T03:00:00+02:00,-4.51
2021-04-19T06:00:00+02:00,-4.51
2021-04-19T09:00:00+02:00,-4.51
2021-04-19T12:00:00+02:00,-4.5
2021-04-19T15:00:00+02:00,-4.5
2021-04-19T18:00:00+02:00,-4.5
2021-04-19T21:00:00+02:00,-4.51
2021-04-20T02:01:00+02:00,-4.5
2021-04-20T03:00:00+02:00,-4.5
2021-04-20T06:00:00+02:00,-4.5
2021-04-20T09:00:00+02:00,-4.5
2021-04-20T12:00:00+02:00,-4.5
2021-04-20T15:00:00+02:00,-4.5
2021-04-20T18:00:00+02:00,-4.5
2021-04-20T21:00:00+02:00,-4.5
2021-04-21T02:01:00+02:00,-4.5
2021-04-21T03:00:00+02:00,-4.5
2021-04-21T06:00:00+02:00,-4.5
2021-04-21T09:00:00+02:00,-4.51
2021-04-21T12:00:00+02:00,-4.51
2021-04-21T15:00:00+02:00,-4.52
2021-04-21T18:00:00+02:00,-4.52
2021-04-21T21:00:00+02:00,-4.52
2021-04-22T02:01:00+02:00,-4.53
2021-04-22T03:00:00+02:00,-4.54
2021-04-22T06:00:00+02:00,-4.58
2021-04-22T09:00:00+02:00,-4.6
2021-04-22T12:00:00+02:00,-4.57
2021-04-22T15:00:00+02:00,-4.56
2021-04-22T18:00:00+02:00,-4.56
2021-04-22T21:00:00+02:00,-4.55
2021-04-23T02:01:00+02:00,-4.55
2021-04-23T03:00:00+02:00,-4.56
2021-04-23T06:00:00+02:00,-4.57
2021-04-23T09:00:00+02:00,-4.59
2021-04-23T12:00:00+02:00,-4.58
2021-04-23T15:00:00+02:00,-4.56
2021-04-23T18:00:00+02:00,-4.56
2021-04-23T21:00:00+02:00,-4.55
2021-04-24T02:01:00+02:00,-4.55
2021-04-24T03:00:00+02:00,-4.54
2021-04-24T06:00:00+02:00,-4.54
2021-04-24T09:00:00+02:00,-4.54
2021-04-24T12:00:00+02:00,-4.54
2021-04-24T15:00:00+02:00,-4.53
2021-04-24T18:00:00+02:00,-4.54
2021-04-24T21:00:00+02:00,-4.54
2021-04-25T02:01:00+02:00,-4.54
2021-04-25T03:00:00+02:00,-4.54
2021-04-25T06:00:00+02:00,-4.55
2021-04-25T09:00:00+02:00,-4.56
2021-04-25T12:00:00+02:00,-4.56
2021-04-25T15:00:00+02:00,-4.54
2021-04-25T18:00:00+02:00,-4.54
2021-04-25T21:00:00+02:00,-4.54
2021-04-26T02:01:00+02:00,-4.54
2021-04-26T03:00:00+02:00,-4.54
2021-04-26T06:00:00+02:00,-4.57
2021-04-26T09:00:00+02:00,-4.59
2021-04-26T12:00:00+02:00,-4.56
2021-04-26T15:00:00+02:00,-4.53
2021-04-26T18:00:00+02:00,-4.53
2021-04-26T21:00:00+02:00,-4.52
2021-04-27T02:01:00+02:00,-4.51
2021-04-27T03:00:00+02:00,-4.5
2021-04-27T06:00:00+02:00,-4.51
2021-04-27T09:00:00+02:00,-4.51
2021-04-27T12:00:00+02:00,-4.5
2021-04-27T15:00:00+02:00,-4.5
2021-04-27T18:00:00+02:00,-4.5
2021-04-27T21:00:00+02:00,-4.5
2021-04-28T02:01:00+02:00,-4.5
2021-04-28T03:00:00+02:00,-4.49
2021-04-28T06:00:00+02:00,-4.49
2021-04-28T09:00:00+02:00,-4.49
2021-04-28T12:00:00+02:00,-4.49
2021-04-28T15:00:00+02:00,-4.49
2021-04-28T18:00:00+02:00,-4.49
2021-04-28T21:00:00+02:00,-4.49
2021-04-29T02:01:00+02:00,-4.48
2021-04-29T03:00:00+02:00,-4.49
2021-04-29T06:00:00+02:00,-4.47
2021-04-29T09:00:00+02:00,-4.49
2021-04-29T12:00:00+02:00,-4.49
2021-04-29T15:00:00+02:00,-4.49
2021-04-29T18:00:00+02:00,-4.49
2021-04-29T21:00:00+02:00,-4.49
2021-04-30T02:01:00+02:00,-4.49
2021-04-30T03:00:00+02:00,-4.5
2021-04-30T06:00:00+02:00,-4.5
2021-04-30T09:00:00+02:00,-4.5
2021-04-30T12:00:00+02:00,-4.49
2021-04-30T15:00:00+02:00,-4.49
2021-04-30T18:00:00+02:00,-4.49
2021-04-30T21:00:00+02:00,-4.49
2021-05-01T02:01:00+02:00,-4.49
2021-05-01T03:00:00+02:00,-4.48
2021-05-01T06:00:00+02:00,-4.49
2021-05-01T09:00:00+02:00,-4.49
2021-05-01T12:00:00+02:00,-4.48
2021-05-01T15:00:00+02:00,-4.49
2021-05-01T18:00:00+02:00,-4.49
2021-05-01T21:00:00+02:00,-4.49
2021-05-02T02:01:00+02:00,-4.49
2021-05-02T03:00:00+02:00,-4.49
2021-05-02T06:00:00+02:00,-4.5
2021-05-02T09:00:00+02:00,-4.51
2021-05-02T12:00:00+02:00,-4.51
2021-05-02T15:00:00+02:00,-4.51
2021-05-02T18:00:00+02:00,-4.5
2021-05-02T21:00:00+02:00,-4.51
2021-05-03T02:01:00+02:00,-4.51
2021-05-03T03:00:00+02:00,-4.5
2021-05-03T06:00:00+02:00,-4.5
2021-05-03T09:00:00+02:00,-4.5
2021-05-03T12:00:00+02:00,-4.49
2021-05-03T15:00:00+02:00,-4.48
2021-05-03T18:00:00+02:00,-4.47
2021-05-03T21:00:00+02:00,-4.45
2021-05-04T02:01:00+02:00,-4.44
2021-05-04T03:00:00+02:00,-4.42
2021-05-04T06:00:00+02:00,-4.42
2021-05-04T09:00:00+02:00,-4.42
2021-05-04T12:00:00+02:00,-4.44
2021-05-04T15:00:00+02:00,-4.44
2021-05-04T18:00:00+02:00,-4.44
2021-05-04T21:00:00+02:00,-4.44
2021-05-05T02:01:00+02:00,-4.44
2021-05-05T03:00:00+02:00,-4.44
2021-05-05T06:00:00+02:00,-4.45
2021-05-05T09:00:00+02:00,-4.46
2021-05-05T12:00:00+02:00,-4.48
2021-05-05T15:00:00+02:00,-4.47
2021-05-05T18:00:00+02:00,-4.47
2021-05-05T21:00:00+02:00,-4.47
2021-05-06T02:01:00+02:00,-4.47
2021-05-06T03:00:00+02:00,-4.46
2021-05-06T06:00:00+02:00,-4.46
2021-05-06T09:00:00+02:00,-4.46
2021-05-06T12:00:00+02:00,-4.45
2021-05-06T15:00:00+02:00,-4.45
2021-05-06T18:00:00+02:00,-4.46
2021-05-06T21:00:00+02:00,-4.47
2021-05-07T02:01:00+02:00,-4.46
2021-05-07T03:00:00+02:00,-4.47
2021-05-07T06:00:00+02:00,-4.5
2021-05-07T09:00:00+02:00,-4.54
2021-05-07T12:00:00+02:00,-4.52
2021-05-07T15:00:00+02:00,-4.51
2021-05-07T18:00:00+02:00,-4.51
2021-05-07T21:00:00+02:00,-4.5
2021-05-08T02:01:00+02:00,-4.49
2021-05-08T03:00:00+02:00,-4.49
2021-05-08T06:00:00+02:00,-4.48
2021-05-08T09:00:00+02:00,-4.47
2021-05-08T12:00:00+02:00,-4.46
2021-05-08T15:00:00+02:00,-4.46
2021-05-08T18:00:00+02:00,-4.46
2021-05-08T21:00:00+02:00,-4.46
2021-05-09T02:01:00+02:00,-4.45
2021-05-09T03:00:00+02:00,-4.45
2021-05-09T06:00:00+02:00,-4.45
2021-05-09T09:00:00+02:00,-4.44
2021-05-09T12:00:00+02:00,-4.44
2021-05-09T15:00:00+02:00,-4.41
2021-05-09T18:00:00+02:00,-4.39
2021-05-09T21:00:00+02:00,-4.38
2021-05-10T02:01:00+02:00,-4.4
2021-05-10T03:00:00+02:00,-4.4
2021-05-10T06:00:00+02:00,-4.43
2021-05-10T09:00:00+02:00,-4.44
2021-05-10T12:00:00+02:00,-4.45
2021-05-10T15:00:00+02:00,-4.45
2021-05-10T18:00:00+02:00,-4.45
2021-05-10T21:00:00+02:00,-4.46
2021-05-11T02:01:00+02:00,-4.46
2021-05-11T03:00:00+02:00,-4.45
2021-05-11T06:00:00+02:00,-4.45
2021-05-11T09:00:00+02:00,-4.46
2021-05-11T12:00:00+02:00,-4.45
2021-05-11T15:00:00+02:00,-4.44
2021-05-11T18:00:00+02:00,-4.45
2021-05-11T21:00:00+02:00,-4.46
2021-05-12T02:01:00+02:00,-4.46
2021-05-12T03:00:00+02:00,-4.46
2021-05-12T06:00:00+02:00,-4.46
2021-05-12T09:00:00+02:00,-4.47
2021-05-12T12:00:00+02:00,-4.46
2021-05-12T15:00:00+02:00,-4.47
2021-05-12T18:00:00+02:00,-4.47
2021-05-12T21:00:00+02:00,-4.47
2021-05-13T02:01:00+02:00,-4.46
2021-05-13T03:00:00+02:00,-4.46
2021-05-13T06:00:00+02:00,-4.45
2021-05-13T09:00:00+02:00,-4.46
2021-05-13T12:00:00+02:00,-4.45
2021-05-13T15:00:00+02:00,-4.45
2021-05-13T18:00:00+02:00,-4.46
2021-05-13T21:00:00+02:00,-4.45
2021-05-14T02:01:00+02:00,-4.45
2021-05-14T03:00:00+02:00,-4.45
2021-05-14T06:00:00+02:00,-4.45
2021-05-14T09:00:00+02:00,-4.46
2021-05-14T12:00:00+02:00,-4.46
2021-05-14T15:00:00+02:00,-4.46
2021-05-14T18:00:00+02:00,-4.46
2021-05-14T21:00:00+02:00,-4.46
2021-05-15T02:01:00+02:00,-4.45
2021-05-15T03:00:00+02:00,-4.45
2021-05-15T06:00:00+02:00,-4.45
2021-05-15T09:00:00+02:00,-4.45
2021-05-15T12:00:00+02:00,-4.44
2021-05-15T15:00:00+02:00,-4.44
2021-05-15T18:00:00+02:00,-4.44
2021-05-15T21:00:00+02:00,-4.44
2021-05-16T02:01:00+02:00,-4.44
2021-05-16T03:00:00+02:00,-4.44
2021-05-16T06:00:00+02:00,-4.44
2021-05-16T09:00:00+02:00,-4.44
2021-05-16T12:00:00+02:00,-4.44
2021-05-16T15:00:00+02:00,-4.44
2021-05-16T18:00:00+02:00,-4.44
2021-05-16T21:00:00+02:00,-4.45
2021-05-17T02:01:00+02:00,-4.45
2021-05-17T03:00:00+02:00,-4.44
2021-05-17T06:00:00+02:00,-4.44
2021-05-17T09:00:00+02:00,-4.44
2021-05-17T12:00:00+02:00,-4.45
2021-05-17T15:00:00+02:00,-4.46
2021-05-17T18:00:00+02:00,-4.47
2021-05-17T21:00:00+02:00,-4.47
2021-05-18T02:01:00+02:00,-4.47
2021-05-18T03:00:00+02:00,-4.47
2021-05-18T06:00:00+02:00,-4.47
2021-05-18T09:00:00+02:00,-4.47
2021-05-18T12:00:00+02:00,-4.48
2021-05-18T15:00:00+02:00,-4.48
2021-05-18T18:00:00+02:00,-4.48
2021-05-18T21:00:00+02:00,-4.48
2021-05-19T02:01:00+02:00,-4.48
2021-05-19T03:00:00+02:00,-4.48
2021-05-19T06:00:00+02:00,-4.48
2021-05-19T09:00:00+02:00,-4.47
2021-05-19T12:00:00+02:00,-4.48
2021-05-19T15:00:00+02:00,-4.48
2021-05-19T18:00:00+02:00,-4.49
2021-05-19T21:00:00+02:00,-4.49
2021-05-20T02:01:00+02:00,-4.48
2021-05-20T03:00:00+02:00,-4.48
2021-05-20T06:00:00+02:00,-4.48
2021-05-20T09:00:00+02:00,-4.48
2021-05-20T12:00:00+02:00,-4.47
2021-05-20T15:00:00+02:00,-4.46
2021-05-20T18:00:00+02:00,-4.46
2021-05-20T21:00:00+02:00,-4.44
2021-05-21T02:01:00+02:00,-4.45
2021-05-21T03:00:00+02:00,-4.43
2021-05-21T06:00:00+02:00,-4.43
2021-05-21T09:00:00+02:00,-4.43
2021-05-21T12:00:00+02:00,-4.42
2021-05-21T15:00:00+02:00,-4.43
2021-05-21T18:00:00+02:00,-4.42
2021-05-21T21:00:00+02:00,-4.43
2021-05-22T02:01:00+02:00,-4.42
2021-05-22T03:00:00+02:00,-4.41
2021-05-22T06:00:00+02:00,-4.42
2021-05-22T09:00:00+02:00,-4.43
2021-05-22T12:00:00+02:00,-4.44
2021-05-22T15:00:00+02:00,-4.44
2021-05-22T18:00:00+02:00,-4.45
2021-05-22T21:00:00+02:00,-4.45
2021-05-23T02:01:00+02:00,-4.45
2021-05-23T03:00:00+02:00,-4.45
2021-05-23T06:00:00+02:00,-4.44
2021-05-23T09:00:00+02:00,-4.45
2021-05-23T12:00:00+02:00,-4.45
2021-05-23T15:00:00+02:00,-4.45
2021-05-23T18:00:00+02:00,-4.45
2021-05-23T21:00:00+02:00,-4.44
2021-05-24T02:01:00+02:00,-4.43
2021-05-24T03:00:00+02:00,-4.43
2021-05-24T06:00:00+02:00,-4.43
2021-05-24T09:00:00+02:00,-4.43
2021-05-24T12:00:00+02:00,-4.42
2021-05-24T15:00:00+02:00,-4.42
2021-05-24T18:00:00+02:00,-4.42
2021-05-24T21:00:00+02:00,-4.42
2021-05-25T02:01:00+02:00,-4.42
2021-05-25T03:00:00+02:00,-4.42
2021-05-25T06:00:00+02:00,-4.42
2021-05-25T09:00:00+02:00,-4.43
2021-05-25T12:00:00+02:00,-4.44
2021-05-25T15:00:00+02:00,-4.43
2021-05-25T18:00:00+02:00,-4.44
2021-05-25T21:00:00+02:00,-4.43
2021-05-26T02:01:00+02:00,-4.43
2021-05-26T03:00:00+02:00,-4.42
2021-05-26T06:00:00+02:00,-4.42
2021-05-26T09:00:00+02:00,-4.42
2021-05-26T12:00:00+02:00,-4.43
2021-05-26T15:00:00+02:00,-4.43
2021-05-26T18:00:00+02:00,-4.43
2021-05-26T21:00:00+02:00,-4.44
2021-05-27T02:01:00+02:00,-4.44
2021-05-27T03:00:00+02:00,-4.44
2021-05-27T06:00:00+02:00,-4.44
2021-05-27T09:00:00+02:00,-4.44
2021-05-27T12:00:00+02:00,-4.45
2021-05-27T15:00:00+02:00,-4.45
2021-05-27T18:00:00+02:00,-4.46
2021-05-27T21:00:00+02:00,-4.46
2021-05-28T02:01:00+02:00,-4.46
2021-05-28T03:00:00+02:00,-4.46
2021-05-28T06:00:00+02:00,-4.47
2021-05-28T09:00:00+02:00,-4.47
2021-05-28T12:00:00+02:00,-4.47
2021-05-28T15:00:00+02:00,-4.47
2021-05-28T18:00:00+02:00,-4.46
2021-05-28T21:00:00+02:00,-4.47
2021-05-29T02:01:00+02:00,-4.47
2021-05-29T03:00:00+02:00,-4.47
2021-05-29T06:00:00+02:00,-4.48
2021-05-29T09:00:00+02:00,-4.48
2021-05-29T12:00:00+02:00,-4.48
2021-05-29T15:00:00+02:00,-4.48
2021-05-29T18:00:00+02:00,-4.48
2021-05-29T21:00:00+02:00,-4.49
2021-05-30T02:01:00+02:00,-4.48
2021-05-30T03:00:00+02:00,-4.48
2021-05-30T06:00:00+02:00,-4.48
2021-05-30T09:00:00+02:00,-4.48
2021-05-30T12:00:00+02:00,-4.48
2021-05-30T15:00:00+02:00,-4.48
2021-05-30T18:00:00+02:00,-4.45
2021-05-30T21:00:00+02:00,-4.44
2021-05-31T02:01:00+02:00,-4.46
2021-05-31T03:00:00+02:00,-4.46
2021-05-31T06:00:00+02:00,-4.47
2021-05-31T09:00:00+02:00,-4.47
2021-05-31T12:00:00+02:00,-4.47
2021-05-31T15:00:00+02:00,-4.43
2021-05-31T18:00:00+02:00,-4.41
2021-05-31T21:00:00+02:00,-4.4
2021-06-01T02:01:00+02:00,-4.41
2021-06-01T03:00:00+02:00,-4.43
2021-06-01T06:00:00+02:00,-4.44
2021-06-01T09:00:00+02:00,-4.45
2021-06-01T12:00:00+02:00,-4.43
2021-06-01T15:00:00+02:00,-4.41
2021-06-01T18:00:00+02:00,-4.4
2021-06-01T21:00:00+02:00,-4.39
2021-06-02T02:01:00+02:00,-4.39
2021-06-02T03:00:00+02:00,-4.39
2021-06-02T06:00:00+02:00,-4.42
2021-06-02T09:00:00+02:00,-4.43
2021-06-02T12:00:00+02:00,-4.41
2021-06-02T15:00:00+02:00,-4.4
2021-06-02T18:00:00+02:00,-4.39
2021-06-02T21:00:00+02:00,-4.39
2021-06-03T02:01:00+02:00,-4.39
2021-06-03T03:00:00+02:00,-4.4
2021-06-03T06:00:00+02:00,-4.4
2021-06-03T09:00:00+02:00,-4.42
2021-06-03T12:00:00+02:00,-4.41
2021-06-03T15:00:00+02:00,-4.4
2021-06-03T18:00:00+02:00,-4.4
2021-06-03T21:00:00+02:00,-4.41
2021-06-04T02:01:00+02:00,-4.43
2021-06-04T03:00:00+02:00,-4.45
2021-06-04T06:00:00+02:00,-4.47
2021-06-04T09:00:00+02:00,-4.47
2021-06-04T12:00:00+02:00,-4.45
2021-06-04T15:00:00+02:00,-4.43
2021-06-04T18:00:00+02:00,-4.43
2021-06-04T21:00:00+02:00,-4.42
2021-06-05T02:01:00+02:00,-4.41
2021-06-05T03:00:00+02:00,-4.43
2021-06-05T06:00:00+02:00,-4.46
2021-06-05T09:00:00+02:00,-4.47
2021-06-05T12:00:00+02:00,-4.48
2021-06-05T15:00:00+02:00,-4.48
2021-06-05T18:00:00+02:00,-4.49
2021-06-05T21:00:00+02:00,-4.49
2021-06-06T02:01:00+02:00,-4.49
2021-06-06T03:00:00+02:00,-4.49
2021-06-06T06:00:00+02:00,-4.49
2021-06-06T09:00:00+02:00,-4.49
2021-06-06T12:00:00+02:00,-4.49
2021-06-06T15:00:00+02:00,-4.47
2021-06-06T18:00:00+02:00,-4.44
2021-06-06T21:00:00+02:00,-4.44
2021-06-07T02:01:00+02:00,-4.46
2021-06-07T03:00:00+02:00,-4.47
2021-06-07T06:00:00+02:00,-4.48
2021-06-07T09:00:00+02:00,-4.49
2021-06-07T12:00:00+02:00,-4.48
2021-06-07T15:00:00+02:00,-4.45
2021-06-07T18:00:00+02:00,-4.44
2021-06-07T21:00:00+02:00,-4.43
2021-06-08T02:01:00+02:00,-4.44
2021-06-08T03:00:00+02:00,-4.47
2021-06-08T06:00:00+02:00,-4.48
2021-06-08T09:00:00+02:00,-4.49
2021-06-08T12:00:00+02:00,-4.47
2021-06-08T15:00:00+02:00,-4.45
2021-06-08T18:00:00+02:00,-4.43
2021-06-08T21:00:00+02:00,-4.44
2021-06-09T02:01:00+02:00,-4.43
2021-06-09T03:00:00+02:00,-4.45
2021-06-09T06:00:00+02:00,-4.47
2021-06-09T09:00:00+02:00,-4.48
2021-06-09T12:00:00+02:00,-4.46
2021-06-09T15:00:00+02:00,-4.44
2021-06-09T18:00:00+02:00,-4.43
2021-06-09T21:00:00+02:00,-4.43
2021-06-10T02:01:00+02:00,-4.45
2021-06-10T03:00:00+02:00,-4.46
2021-06-10T06:00:00+02:00,-4.49
2021-06-10T09:00:00+02:00,-4.49
2021-06-10T12:00:00+02:00,-4.47
2021-06-10T15:00:00+02:00,-4.45
2021-06-10T18:00:00+02:00,-4.44
2021-06-10T21:00:00+02:00,-4.44
2021-06-11T02:01:00+02:00,-4.47
2021-06-11T03:00:00+02:00,-4.48
2021-06-11T06:00:00+02:00,-4.49
2021-06-11T09:00:00+02:00,-4.5
2021-06-11T12:00:00+02:00,-4.49
2021-06-11T15:00:00+02:00,-4.47
2021-06-11T18:00:00+02:00,-4.46
2021-06-11T21:00:00+02:00,-4.46
2021-06-12T02:01:00+02:00,-4.47
2021-06-12T03:00:00+02:00,-4.49
2021-06-12T06:00:00+02:00,-4.5
2021-06-12T09:00:00+02:00,-4.52
2021-06-12T12:00:00+02:00,-4.52
2021-06-12T15:00:00+02:00,-4.53
2021-06-12T18:00:00+02:00,-4.53
2021-06-12T21:00:00+02:00,-4.54
2021-06-13T02:01:00+02:00,-4.55
2021-06-13T03:00:00+02:00,-4.55
2021-06-13T06:00:00+02:00,-4.55
2021-06-13T09:00:00+02:00,-4.56
2021-06-13T12:00:00+02:00,-4.55
2021-06-13T15:00:00+02:00,-4.52
2021-06-13T18:00:00+02:00,-4.5
2021-06-13T21:00:00+02:00,-4.49
2021-06-14T02:01:00+02:00,-4.49
2021-06-14T03:00:00+02:00,-4.51
2021-06-14T06:00:00+02:00,-4.52
2021-06-14T09:00:00+02:00,-4.52
2021-06-14T12:00:00+02:00,-4.5
2021-06-14T15:00:00+02:00,-4.48
2021-06-14T18:00:00+02:00,-4.47
2021-06-14T21:00:00+02:00,-4.47
2021-06-15T02:01:00+02:00,-4.49
2021-06-15T03:00:00+02:00,-4.51
2021-06-15T06:00:00+02:00,-4.53
2021-06-15T09:00:00+02:00,-4.54
2021-06-15T12:00:00+02:00,-4.53
2021-06-15T15:00:00+02:00,-4.51
2021-06-15T18:00:00+02:00,-4.49
2021-06-15T21:00:00+02:00,-4.48
2021-06-16T02:01:00+02:00,-4.49
2021-06-16T03:00:00+02:00,-4.51
2021-06-16T06:00:00+02:00,-4.52
2021-06-16T09:00:00+02:00,-4.52
2021-06-16T12:00:00+02:00,-4.49
2021-06-16T15:00:00+02:00,-4.48
2021-06-16T18:00:00+02:00,-4.47
2021-06-16T21:00:00+02:00,-4.46
2021-06-17T02:01:00+02:00,-4.45
2021-06-17T03:00:00+02:00,-4.44
2021-06-17T06:00:00+02:00,-4.45
2021-06-17T09:00:00+02:00,-4.45
2021-06-17T12:00:00+02:00,-4.46
2021-06-17T15:00:00+02:00,-4.46
2021-06-17T18:00:00+02:00,-4.46
2021-06-17T21:00:00+02:00,-4.47
2021-06-18T02:01:00+02:00,-4.48
2021-06-18T03:00:00+02:00,-4.5
2021-06-18T06:00:00+02:00,-4.49
2021-06-18T09:00:00+02:00,-4.5
2021-06-18T12:00:00+02:00,-4.49
2021-06-18T15:00:00+02:00,-4.45
2021-06-18T18:00:00+02:00,-4.46
2021-06-18T21:00:00+02:00,-4.46
2021-06-19T02:01:00+02:00,-4.46
2021-06-19T03:00:00+02:00,-4.47
2021-06-19T06:00:00+02:00,-4.49
2021-06-19T09:00:00+02:00,-4.5
2021-06-19T12:00:00+02:00,-4.51
2021-06-19T15:00:00+02:00,-4.51
2021-06-19T18:00:00+02:00,-4.5
2021-06-19T21:00:00+02:00,-4.5
2021-06-20T02:01:00+02:00,-4.48
2021-06-20T03:00:00+02:00,-4.47
2021-06-20T06:00:00+02:00,-4.48
2021-06-20T09:00:00+02:00,-4.49
2021-06-20T12:00:00+02:00,-4.48
2021-06-20T15:00:00+02:00,-4.46
2021-06-20T18:00:00+02:00,-4.45
2021-06-20T21:00:00+02:00,-4.45
2021-06-21T02:01:00+02:00,-4.45
2021-06-21T03:00:00+02:00,-4.47
2021-06-21T06:00:00+02:00,-4.47
2021-06-21T09:00:00+02:00,-4.48
2021-06-21T12:00:00+02:00,-4.49
2021-06-21T15:00:00+02:00,-4.49
2021-06-21T18:00:00+02:00,-4.5
2021-06-21T21:00:00+02:00,-4.5
2021-06-22T02:01:00+02:00,-4.5
2021-06-22T03:00:00+02:00,-4.5
2021-06-22T06:00:00+02:00,-4.51
2021-06-22T09:00:00+02:00,-4.5
2021-06-22T12:00:00+02:00,-4.5
2021-06-22T15:00:00+02:00,-4.51
2021-06-22T18:00:00+02:00,-4.51
2021-06-22T21:00:00+02:00,-4.51
2021-06-23T02:01:00+02:00,-4.51
2021-06-23T03:00:00+02:00,-4.51
2021-06-23T06:00:00+02:00,-4.51
2021-06-23T09:00:00+02:00,-4.51
2021-06-23T12:00:00+02:00,-4.51
2021-06-23T15:00:00+02:00,-4.51
2021-06-23T18:00:00+02:00,-4.5
2021-06-23T21:00:00+02:00,-4.5
2021-06-24T02:01:00+02:00,-4.5
2021-06-24T03:00:00+02:00,-4.5
2021-06-24T06:00:00+02:00,-4.49
2021-06-24T09:00:00+02:00,-4.5
2021-06-24T12:00:00+02:00,-4.49
2021-06-24T15:00:00+02:00,-4.48
2021-06-24T18:00:00+02:00,-4.48
2021-06-24T21:00:00+02:00,-4.48
2021-06-25T02:01:00+02:00,-4.48
2021-06-25T03:00:00+02:00,-4.48
2021-06-25T06:00:00+02:00,-4.48
2021-06-25T09:00:00+02:00,-4.48
2021-06-25T12:00:00+02:00,-4.48
2021-06-25T15:00:00+02:00,-4.47
2021-06-25T18:00:00+02:00,-4.48
2021-06-25T21:00:00+02:00,-4.48
2021-06-26T02:01:00+02:00,-4.48
2021-06-26T03:00:00+02:00,-4.48
2021-06-26T06:00:00+02:00,-4.48
2021-06-26T09:00:00+02:00,-4.48
2021-06-26T12:00:00+02:00,-4.47
2021-06-26T15:00:00+02:00,-4.45
2021-06-26T18:00:00+02:00,-4.43
2021-06-26T21:00:00+02:00,-4.42
2021-06-27T02:01:00+02:00,-4.43
2021-06-27T03:00:00+02:00,-4.44
2021-06-27T06:00:00+02:00,-4.44
2021-06-27T09:00:00+02:00,-4.45
2021-06-27T12:00:00+02:00,-4.43
2021-06-27T15:00:00+02:00,-4.41
2021-06-27T18:00:00+02:00,-4.41
2021-06-27T21:00:00+02:00,-4.4
2021-06-28T02:01:00+02:00,-4.41
2021-06-28T03:00:00+02:00,-4.43
2021-06-28T06:00:00+02:00,-4.44
2021-06-28T09:00:00+02:00,-4.44
2021-06-28T12:00:00+02:00,-4.42
2021-06-28T15:00:00+02:00,-4.41
2021-06-28T18:00:00+02:00,-4.4
2021-06-28T21:00:00+02:00,-4.4
2021-06-29T02:01:00+02:00,-4.41
2021-06-29T03:00:00+02:00,-4.42
2021-06-29T06:00:00+02:00,-4.44
2021-06-29T09:00:00+02:00,-4.44
2021-06-29T12:00:00+02:00,-4.44
2021-06-29T15:00:00+02:00,-4.44
2021-06-29T18:00:00+02:00,-4.45
2021-06-29T21:00:00+02:00,-4.46
2021-06-30T02:01:00+02:00,-4.46
2021-06-30T03:00:00+02:00,-4.46
2021-06-30T06:00:00+02:00,-4.46
2021-06-30T09:00:00+02:00,-4.46
2021-06-30T12:00:00+02:00,-4.46
2021-06-30T15:00:00+02:00,-4.46
2021-06-30T18:00:00+02:00,-4.46
2021-06-30T21:00:00+02:00,-4.47
2021-07-01T02:01:00+02:00,-4.46
2021-07-01T03:00:00+02:00,-4.46
2021-07-01T06:00:00+02:00,-4.46
2021-07-01T09:00:00+02:00,-4.46
2021-07-01T12:00:00+02:00,-4.46
2021-07-01T15:00:00+02:00,-4.47
2021-07-01T18:00:00+02:00,-4.47
2021-07-01T21:00:00+02:00,-4.47
2021-07-02T02:01:00+02:00,-4.46
2021-07-02T03:00:00+02:00,-4.46
2021-07-02T06:00:00+02:00,-4.47
2021-07-02T09:00:00+02:00,-4.47
2021-07-02T12:00:00+02:00,-4.46
2021-07-02T15:00:00+02:00,-4.45
2021-07-02T18:00:00+02:00,-4.44
2021-07-02T21:00:00+02:00,-4.44
2021-07-03T02:01:00+02:00,-4.45
2021-07-03T03:00:00+02:00,-4.45
2021-07-03T06:00:00+02:00,-4.46
2021-07-03T09:00:00+02:00,-4.45
2021-07-03T12:00:00+02:00,-4.43
2021-07-03T15:00:00+02:00,-4.41
2021-07-03T18:00:00+02:00,-4.4
2021-07-03T21:00:00+02:00,-4.4
2021-07-04T02:01:00+02:00,-4.42
2021-07-04T03:00:00+02:00,-4.43
2021-07-04T06:00:00+02:00,-4.44
2021-07-04T09:00:00+02:00,-4.43
2021-07-04T12:00:00+02:00,-4.41
2021-07-04T15:00:00+02:00,-4.41
2021-07-04T18:00:00+02:00,-4.41
2021-07-04T21:00:00+02:00,-4.42
2021-07-05T02:01:00+02:00,-4.43
2021-07-05T03:00:00+02:00,-4.44
2021-07-05T06:00:00+02:00,-4.44
2021-07-05T09:00:00+02:00,-4.45
2021-07-05T12:00:00+02:00,-4.44
2021-07-05T15:00:00+02:00,-4.44
2021-07-05T18:00:00+02:00,-4.43
2021-07-05T21:00:00+02:00,-4.42
2021-07-06T02:01:00+02:00,-4.42
2021-07-06T03:00:00+02:00,-4.41
2021-07-06T06:00:00+02:00,-4.42
2021-07-06T09:00:00+02:00,-4.43
2021-07-06T12:00:00+02:00,-4.42
2021-07-06T15:00:00+02:00,-4.42
2021-07-06T18:00:00+02:00,-4.43
2021-07-06T21:00:00+02:00,-4.44
2021-07-07T02:01:00+02:00,-4.45
2021-07-07T03:00:00+02:00,-4.46
2021-07-07T06:00:00+02:00,-4.47
2021-07-07T09:00:00+02:00,-4.48
2021-07-07T12:00:00+02:00,-4.47
2021-07-07T15:00:00+02:00,-4.46
2021-07-07T18:00:00+02:00,-4.46
2021-07-07T21:00:00+02:00,-4.46
2021-07-08T02:01:00+02:00,-4.47
2021-07-08T03:00:00+02:00,-4.48
2021-07-08T06:00:00+02:00,-4.49
2021-07-08T09:00:00+02:00,-4.5
2021-07-08T12:00:00+02:00,-4.48
2021-07-08T15:00:00+02:00,-4.47
2021-07-08T18:00:00+02:00,-4.46
2021-07-08T21:00:00+02:00,-4.47
2021-07-09T02:01:00+02:00,-4.48
2021-07-09T03:00:00+02:00,-4.49
2021-07-09T06:00:00+02:00,-4.5
2021-07-09T09:00:00+02:00,-4.5
2021-07-09T12:00:00+02:00,-4.49
2021-07-09T15:00:00+02:00,-4.48
2021-07-09T18:00:00+02:00,-4.47
2021-07-09T21:00:00+02:00,-4.47
2021-07-10T02:01:00+02:00,-4.48
2021-07-10T03:00:00+02:00,-4.48
2021-07-10T06:00:00+02:00,-4.49
2021-07-10T09:00:00+02:00,-4.49
2021-07-10T12:00:00+02:00,-4.48
2021-07-10T15:00:00+02:00,-4.46
2021-07-10T18:00:00+02:00,-4.44
2021-07-10T21:00:00+02:00,-4.44
2021-07-11T02:01:00+02:00,-4.45
2021-07-11T03:00:00+02:00,-4.47
2021-07-11T06:00:00+02:00,-4.47
2021-07-11T09:00:00+02:00,-4.49
2021-07-11T12:00:00+02:00,-4.48
2021-07-11T15:00:00+02:00,-4.46
2021-07-11T18:00:00+02:00,-4.44
2021-07-11T21:00:00+02:00,-4.43
2021-07-12T02:01:00+02:00,-4.44
2021-07-12T03:00:00+02:00,-4.45
2021-07-12T06:00:00+02:00,-4.46
2021-07-12T09:00:00+02:00,-4.46
2021-07-12T12:00:00+02:00,-4.45
2021-07-12T15:00:00+02:00,-4.43
2021-07-12T18:00:00+02:00,-4.42
2021-07-12T21:00:00+02:00,-4.42
2021-07-13T02:01:00+02:00,-4.42
2021-07-13T03:00:00+02:00,-4.43
2021-07-13T06:00:00+02:00,-4.44
2021-07-13T09:00:00+02:00,-4.45
2021-07-13T12:00:00+02:00,-4.45
2021-07-13T15:00:00+02:00,-4.44
2021-07-13T18:00:00+02:00,-4.44
2021-07-13T21:00:00+02:00,-4.45
2021-07-14T02:01:00+02:00,-4.46
2021-07-14T03:00:00+02:00,-4.46
2021-07-14T06:00:00+02:00,-4.48
2021-07-14T09:00:00+02:00,-4.48
2021-07-14T12:00:00+02:00,-4.48
2021-07-14T15:00:00+02:00,-4.47
2021-07-14T18:00:00+02:00,-4.47
2021-07-14T21:00:00+02:00,-4.47
2021-07-15T02:01:00+02:00,-4.47
2021-07-15T03:00:00+02:00,-4.47
2021-07-15T06:00:00+02:00,-4.48
2021-07-15T09:00:00+02:00,-4.49
2021-07-15T12:00:00+02:00,-4.49
2021-07-15T15:00:00+02:00,-4.48
2021-07-15T18:00:00+02:00,-4.47
2021-07-15T21:00:00+02:00,-4.47
2021-07-16T02:01:00+02:00,-4.48
2021-07-16T03:00:00+02:00,-4.49
2021-07-16T06:00:00+02:00,-4.51
2021-07-16T09:00:00+02:00,-4.51
2021-07-16T12:00:00+02:00,-4.51
2021-07-16T15:00:00+02:00,-4.5
2021-07-16T18:00:00+02:00,-4.49
2021-07-16T21:00:00+02:00,-4.49
2021-07-17T02:01:00+02:00,-4.51
2021-07-17T03:00:00+02:00,-4.52
2021-07-17T06:00:00+02:00,-4.53
2021-07-17T09:00:00+02:00,-4.53
2021-07-17T12:00:00+02:00,-4.5
2021-07-17T15:00:00+02:00,-4.47
2021-07-17T18:00:00+02:00,-4.46
2021-07-17T21:00:00+02:00,-4.46
2021-07-18T02:01:00+02:00,-4.46
2021-07-18T03:00:00+02:00,-4.49
2021-07-18T06:00:00+02:00,-4.5
2021-07-18T09:00:00+02:00,-4.5
2021-07-18T12:00:00+02:00,-4.48
2021-07-18T15:00:00+02:00,-4.46
2021-07-18T18:00:00+02:00,-4.45
2021-07-18T21:00:00+02:00,-4.45
2021-07-19T02:01:00+02:00,-4.46
2021-07-19T03:00:00+02:00,-4.48
2021-07-19T06:00:00+02:00,-4.49
2021-07-19T09:00:00+02:00,-4.5
2021-07-19T12:00:00+02:00,-4.49
2021-07-19T15:00:00+02:00,-4.47
2021-07-19T18:00:00+02:00,-4.46
2021-07-19T21:00:00+02:00,-4.46
2021-07-20T02:01:00+02:00,-4.47
2021-07-20T03:00:00+02:00,-4.49
2021-07-20T06:00:00+02:00,-4.51
2021-07-20T09:00:00+02:00,-4.51
2021-07-20T12:00:00+02:00,-4.51
2021-07-20T15:00:00+02:00,-4.49
2021-07-20T18:00:00+02:00,-4.48
2021-07-20T21:00:00+02:00,-4.47
2021-07-21T02:01:00+02:00,-4.46
2021-07-21T03:00:00+02:00,-4.49
2021-07-21T06:00:00+02:00,-4.51
2021-07-21T09:00:00+02:00,-4.52
2021-07-21T12:00:00+02:00,-4.5
2021-07-21T15:00:00+02:00,-4.49
2021-07-21T18:00:00+02:00,-4.47
2021-07-21T21:00:00+02:00,-4.47
2021-07-22T02:01:00+02:00,-4.47
2021-07-22T03:00:00+02:00,-4.5
2021-07-22T06:00:00+02:00,-4.52
2021-07-22T09:00:00+02:00,-4.53
2021-07-22T12:00:00+02:00,-4.52
2021-07-22T15:00:00+02:00,-4.5
2021-07-22T18:00:00+02:00,-4.49
2021-07-22T21:00:00+02:00,-4.48
2021-07-23T02:01:00+02:00,-4.5
2021-07-23T03:00:00+02:00,-4.52
2021-07-23T06:00:00+02:00,-4.53
2021-07-23T09:00:00+02:00,-4.54
2021-07-23T12:00:00+02:00,-4.53
2021-07-23T15:00:00+02:00,-4.53
2021-07-23T18:00:00+02:00,-4.5
2021-07-23T21:00:00+02:00,-4.48
2021-07-24T02:01:00+02:00,-4.48
2021-07-24T03:00:00+02:00,-4.49
2021-07-24T06:00:00+02:00,-4.5
2021-07-24T09:00:00+02:00,-4.5
2021-07-24T12:00:00+02:00,-4.5
2021-07-24T15:00:00+02:00,-4.48
2021-07-24T18:00:00+02:00,-4.46
2021-07-24T21:00:00+02:00,-4.45
2021-07-25T02:01:00+02:00,-4.45
2021-07-25T03:00:00+02:00,-4.46
2021-07-25T06:00:00+02:00,-4.48
2021-07-25T09:00:00+02:00,-4.49
2021-07-25T12:00:00+02:00,-4.47
2021-07-25T15:00:00+02:00,-4.46
2021-07-25T18:00:00+02:00,-4.44
2021-07-25T21:00:00+02:00,-4.45
2021-07-26T02:01:00+02:00,-4.45
2021-07-26T03:00:00+02:00,-4.46
2021-07-26T06:00:00+02:00,-4.47
2021-07-26T09:00:00+02:00,-4.48
2021-07-26T12:00:00+02:00,-4.46
2021-07-26T15:00:00+02:00,-4.45
2021-07-26T18:00:00+02:00,-4.44
2021-07-26T21:00:00+02:00,-4.44
2021-07-27T02:01:00+02:00,-4.45
2021-07-27T03:00:00+02:00,-4.46
2021-07-27T06:00:00+02:00,-4.48
2021-07-27T09:00:00+02:00,-4.49
2021-07-27T12:00:00+02:00,-4.48
2021-07-27T15:00:00+02:00,-4.47
2021-07-27T18:00:00+02:00,-4.44
2021-07-27T21:00:00+02:00,-4.45
2021-07-28T02:01:00+02:00,-4.47
2021-07-28T03:00:00+02:00,-4.48
2021-07-28T06:00:00+02:00,-4.48
2021-07-28T09:00:00+02:00,-4.49
2021-07-28T12:00:00+02:00,-4.49
2021-07-28T15:00:00+02:00,-4.47
2021-07-28T18:00:00+02:00,-4.45
2021-07-28T21:00:00+02:00,-4.44
2021-07-29T02:01:00+02:00,-4.45
2021-07-29T03:00:00+02:00,-4.46
2021-07-29T06:00:00+02:00,-4.47
2021-07-29T09:00:00+02:00,-4.48
2021-07-29T12:00:00+02:00,-4.48
2021-07-29T15:00:00+02:00,-4.47
2021-07-29T18:00:00+02:00,-4.45
2021-07-29T21:00:00+02:00,-4.43
2021-07-30T02:01:00+02:00,-4.44
2021-07-30T03:00:00+02:00,-4.46
2021-07-30T06:00:00+02:00,-4.47
2021-07-30T09:00:00+02:00,-4.47
2021-07-30T12:00:00+02:00,-4.45
2021-07-30T15:00:00+02:00,-4.43
2021-07-30T18:00:00+02:00,-4.43
2021-07-30T21:00:00+02:00,-4.42
2021-07-31T02:01:00+02:00,-4.43
2021-07-31T03:00:00+02:00,-4.44
2021-07-31T06:00:00+02:00,-4.46
2021-07-31T09:00:00+02:00,-4.47
2021-07-31T12:00:00+02:00,-4.47
2021-07-31T15:00:00+02:00,-4.47
2021-07-31T18:00:00+02:00,-4.46
2021-07-31T21:00:00+02:00,-4.45
2021-08-01T02:01:00+02:00,-4.45
2021-08-01T03:00:00+02:00,-4.46
2021-08-01T06:00:00+02:00,-4.46
2021-08-01T09:00:00+02:00,-4.47
2021-08-01T12:00:00+02:00,-4.47
2021-08-01T15:00:00+02:00,-4.47
2021-08-01T18:00:00+02:00,-4.47
2021-08-01T21:00:00+02:00,-4.47
2021-08-02T02:01:00+02:00,-4.47
2021-08-02T03:00:00+02:00,-4.48
2021-08-02T06:00:00+02:00,-4.48
2021-08-02T09:00:00+02:00,-4.48
2021-08-02T12:00:00+02:00,-4.49
2021-08-02T15:00:00+02:00,-4.48
2021-08-02T18:00:00+02:00,-4.46
2021-08-02T21:00:00+02:00,-4.47
2021-08-03T02:01:00+02:00,-4.47
2021-08-03T03:00:00+02:00,-4.48
2021-08-03T06:00:00+02:00,-4.48
2021-08-03T09:00:00+02:00,-4.48
2021-08-03T12:00:00+02:00,-4.48
2021-08-03T15:00:00+02:00,-4.48
2021-08-03T18:00:00+02:00,-4.48
2021-08-03T21:00:00+02:00,-4.48
2021-08-04T02:01:00+02:00,-4.48
2021-08-04T03:00:00+02:00,-4.48
2021-08-04T06:00:00+02:00,-4.48
2021-08-04T09:00:00+02:00,-4.48
2021-08-04T12:00:00+02:00,-4.47
2021-08-04T15:00:00+02:00,-4.45
2021-08-04T18:00:00+02:00,-4.42
2021-08-04T21:00:00+02:00,-4.44
2021-08-05T02:01:00+02:00,-4.45
2021-08-05T03:00:00+02:00,-4.45
2021-08-05T06:00:00+02:00,-4.46
2021-08-05T09:00:00+02:00,-4.45
2021-08-05T12:00:00+02:00,-4.44
2021-08-05T15:00:00+02:00,-4.4
2021-08-05T18:00:00+02:00,-4.38
2021-08-05T21:00:00+02:00,-4.37
2021-08-06T02:01:00+02:00,-4.37
2021-08-06T03:00:00+02:00,-4.38
2021-08-06T06:00:00+02:00,-4.4
2021-08-06T09:00:00+02:00,-4.41
2021-08-06T12:00:00+02:00,-4.41
2021-08-06T15:00:00+02:00,-4.4
2021-08-06T18:00:00+02:00,-4.39
2021-08-06T21:00:00+02:00,-4.39
2021-08-07T02:01:00+02:00,-4.4
2021-08-07T03:00:00+02:00,-4.41
2021-08-07T06:00:00+02:00,-4.43
2021-08-07T09:00:00+02:00,-4.43
2021-08-07T12:00:00+02:00,-4.42
2021-08-07T15:00:00+02:00,-4.4
2021-08-07T18:00:00+02:00,-4.38
2021-08-07T21:00:00+02:00,-4.41
2021-08-08T02:01:00+02:00,-4.42
2021-08-08T03:00:00+02:00,-4.43
2021-08-08T06:00:00+02:00,-4.44
2021-08-08T09:00:00+02:00,-4.45
2021-08-08T12:00:00+02:00,-4.45
2021-08-08T15:00:00+02:00,-4.45
2021-08-08T18:00:00+02:00,-4.44
2021-08-08T21:00:00+02:00,-4.45
2021-08-09T02:01:00+02:00,-4.46
2021-08-09T03:00:00+02:00,-4.47
2021-08-09T06:00:00+02:00,-4.47
2021-08-09T09:00:00+02:00,-4.47
2021-08-09T12:00:00+02:00,-4.47
2021-08-09T15:00:00+02:00,-4.46
2021-08-09T18:00:00+02:00,-4.46
2021-08-09T21:00:00+02:00,-4.45
2021-08-10T02:01:00+02:00,-4.46
2021-08-10T03:00:00+02:00,-4.47
2021-08-10T06:00:00+02:00,-4.47
2021-08-10T09:00:00+02:00,-4.47
2021-08-10T12:00:00+02:00,-4.47
2021-08-10T15:00:00+02:00,-4.45
2021-08-10T18:00:00+02:00,-4.43
2021-08-10T21:00:00+02:00,-4.43
2021-08-11T02:01:00+02:00,-4.45
2021-08-11T03:00:00+02:00,-4.46
2021-08-11T06:00:00+02:00,-4.47
2021-08-11T09:00:00+02:00,-4.48
2021-08-11T12:00:00+02:00,-4.46
2021-08-11T15:00:00+02:00,-4.43
2021-08-11T18:00:00+02:00,-4.42
2021-08-11T21:00:00+02:00,-4.42
2021-08-12T02:01:00+02:00,-4.43
2021-08-12T03:00:00+02:00,-4.45
2021-08-12T06:00:00+02:00,-4.46
2021-08-12T09:00:00+02:00,-4.47
2021-08-12T12:00:00+02:00,-4.45
2021-08-12T15:00:00+02:00,-4.43
2021-08-12T18:00:00+02:00,-4.42
2021-08-12T21:00:00+02:00,-4.42
2021-08-13T02:01:00+02:00,-4.42
2021-08-13T03:00:00+02:00,-4.44
2021-08-13T06:00:00+02:00,-4.46
2021-08-13T09:00:00+02:00,-4.48
2021-08-13T12:00:00+02:00,-4.47
2021-08-13T15:00:00+02:00,-4.46
2021-08-13T18:00:00+02:00,-4.44
2021-08-13T21:00:00+02:00,-4.44
2021-08-14T02:01:00+02:00,-4.45
2021-08-14T03:00:00+02:00,-4.47
2021-08-14T06:00:00+02:00,-4.48
2021-08-14T09:00:00+02:00,-4.48
2021-08-14T12:00:00+02:00,-4.47
2021-08-14T15:00:00+02:00,-4.44
2021-08-14T18:00:00+02:00,-4.42
2021-08-14T21:00:00+02:00,-4.41
2021-08-15T02:01:00+02:00,-4.42
2021-08-15T03:00:00+02:00,-4.44
2021-08-15T06:00:00+02:00,-4.45
2021-08-15T09:00:00+02:00,-4.46
2021-08-15T12:00:00+02:00,-4.43
2021-08-15T15:00:00+02:00,-4.41
2021-08-15T18:00:00+02:00,-4.4
2021-08-15T21:00:00+02:00,-4.4
2021-08-16T02:01:00+02:00,-4.41
2021-08-16T03:00:00+02:00,-4.42
2021-08-16T06:00:00+02:00,-4.43
2021-08-16T09:00:00+02:00,-4.45
2021-08-16T12:00:00+02:00,-4.47
2021-08-16T15:00:00+02:00,-4.48
2021-08-16T18:00:00+02:00,-4.48
2021-08-16T21:00:00+02:00,-4.49
2021-08-17T02:01:00+02:00,-4.49
2021-08-17T03:00:00+02:00,-4.49
2021-08-17T06:00:00+02:00,-4.49
2021-08-17T09:00:00+02:00,-4.5
2021-08-17T12:00:00+02:00,-4.49
2021-08-17T15:00:00+02:00,-4.49
2021-08-17T18:00:00+02:00,-4.48
2021-08-17T21:00:00+02:00,-4.49
2021-08-18T02:01:00+02:00,-4.49
2021-08-18T03:00:00+02:00,-4.48
2021-08-18T06:00:00+02:00,-4.48
2021-08-18T09:00:00+02:00,-4.49
2021-08-18T12:00:00+02:00,-4.48
2021-08-18T15:00:00+02:00,-4.47
2021-08-18T18:00:00+02:00,-4.46
2021-08-18T21:00:00+02:00,-4.46
2021-08-19T02:01:00+02:00,-4.47
2021-08-19T03:00:00+02:00,-4.47
2021-08-19T06:00:00+02:00,-4.48
2021-08-19T09:00:00+02:00,-4.48
2021-08-19T12:00:00+02:00,-4.48
2021-08-19T15:00:00+02:00,-4.48
2021-08-19T18:00:00+02:00,-4.48
2021-08-19T21:00:00+02:00,-4.48
2021-08-20T02:01:00+02:00,-4.48
2021-08-20T03:00:00+02:00,-4.48
2021-08-20T06:00:00+02:00,-4.49
2021-08-20T09:00:00+02:00,-4.49
2021-08-20T12:00:00+02:00,-4.48
2021-08-20T15:00:00+02:00,-4.46
2021-08-20T18:00:00+02:00,-4.46
2021-08-20T21:00:00+02:00,-4.46
2021-08-21T02:01:00+02:00,-4.47
2021-08-21T03:00:00+02:00,-4.49
2021-08-21T06:00:00+02:00,-4.49
2021-08-21T09:00:00+02:00,-4.5
2021-08-21T12:00:00+02:00,-4.48
2021-08-21T15:00:00+02:00,-4.46
2021-08-21T18:00:00+02:00,-4.44
2021-08-21T21:00:00+02:00,-4.43
2021-08-22T02:01:00+02:00,-4.43
2021-08-22T03:00:00+02:00,-4.44
2021-08-22T06:00:00+02:00,-4.46
2021-08-22T09:00:00+02:00,-4.47
2021-08-22T12:00:00+02:00,-4.46
2021-08-22T15:00:00+02:00,-4.46
2021-08-22T18:00:00+02:00,-4.46
2021-08-22T21:00:00+02:00,-4.47
2021-08-23T02:01:00+02:00,-4.48
2021-08-23T03:00:00+02:00,-4.49
2021-08-23T06:00:00+02:00,-4.51
2021-08-23T09:00:00+02:00,-4.51
2021-08-23T12:00:00+02:00,-4.5
2021-08-23T15:00:00+02:00,-4.48
2021-08-23T18:00:00+02:00,-4.48
2021-08-23T21:00:00+02:00,-4.48
2021-08-24T02:01:00+02:00,-4.49
2021-08-24T03:00:00+02:00,-4.5
2021-08-24T06:00:00+02:00,-4.51
2021-08-24T09:00:00+02:00,-4.51
2021-08-24T12:00:00+02:00,-4.5
2021-08-24T15:00:00+02:00,-4.49
2021-08-24T18:00:00+02:00,-4.48
2021-08-24T21:00:00+02:00,-4.47
2021-08-25T02:01:00+02:00,-4.48
2021-08-25T03:00:00+02:00,-4.49
2021-08-25T06:00:00+02:00,-4.5
2021-08-25T09:00:00+02:00,-4.5
2021-08-25T12:00:00+02:00,-4.49
2021-08-25T15:00:00+02:00,-4.47
2021-08-25T18:00:00+02:00,-4.46
2021-08-25T21:00:00+02:00,-4.47
2021-08-26T02:01:00+02:00,-4.47
2021-08-26T03:00:00+02:00,-4.48
2021-08-26T06:00:00+02:00,-4.48
2021-08-26T09:00:00+02:00,-4.48
2021-08-26T12:00:00+02:00,-4.48
2021-08-26T15:00:00+02:00,-4.48
2021-08-26T18:00:00+02:00,-4.48
2021-08-26T21:00:00+02:00,-4.48
2021-08-27T02:01:00+02:00,-4.48
2021-08-27T03:00:00+02:00,-4.49
2021-08-27T06:00:00+02:00,-4.49
2021-08-27T09:00:00+02:00,-4.49
2021-08-27T12:00:00+02:00,-4.49
2021-08-27T15:00:00+02:00,-4.49
2021-08-27T18:00:00+02:00,-4.48
2021-08-27T21:00:00+02:00,-4.49
2021-08-28T02:01:00+02:00,-4.49
2021-08-28T03:00:00+02:00,-4.49
2021-08-28T06:00:00+02:00,-4.5
2021-08-28T09:00:00+02:00,-4.5
2021-08-28T12:00:00+02:00,-4.5
2021-08-28T15:00:00+02:00,-4.49
2021-08-28T18:00:00+02:00,-4.47
2021-08-28T21:00:00+02:00,-4.47
2021-08-29T02:01:00+02:00,-4.49
2021-08-29T03:00:00+02:00,-4.49
2021-08-29T06:00:00+02:00,-4.5
2021-08-29T09:00:00+02:00,-4.5
2021-08-29T12:00:00+02:00,-4.5
2021-08-29T15:00:00+02:00,-4.5
2021-08-29T18:00:00+02:00,-4.5
2021-08-29T21:00:00+02:00,-4.5
2021-08-30T02:01:00+02:00,-4.5
2021-08-30T03:00:00+02:00,-4.5
2021-08-30T06:00:00+02:00,-4.51
2021-08-30T09:00:00+02:00,-4.51
2021-08-30T12:00:00+02:00,-4.5
2021-08-30T15:00:00+02:00,-4.49
2021-08-30T18:00:00+02:00,-4.48
2021-08-30T21:00:00+02:00,-4.49
2021-08-31T02:01:00+02:00,-4.5
2021-08-31T03:00:00+02:00,-4.51
2021-08-31T06:00:00+02:00,-4.52
2021-08-31T09:00:00+02:00,-4.52
2021-08-31T12:00:00+02:00,-4.53
2021-08-31T15:00:00+02:00,-4.51
2021-08-31T18:00:00+02:00,-4.51
2021-08-31T21:00:00+02:00,-4.52
2021-09-01T02:01:00+02:00,-4.52
2021-09-01T03:00:00+02:00,-4.53
2021-09-01T06:00:00+02:00,-4.53
2021-09-01T09:00:00+02:00,-4.54
2021-09-01T12:00:00+02:00,-4.53
2021-09-01T15:00:00+02:00,-4.53
2021-09-01T18:00:00+02:00,-4.53
2021-09-01T21:00:00+02:00,-4.53
2021-09-02T02:01:00+02:00,-4.53
2021-09-02T03:00:00+02:00,-4.53
2021-09-02T06:00:00+02:00,-4.53
2021-09-02T09:00:00+02:00,-4.53
2021-09-02T12:00:00+02:00,-4.53
2021-09-02T15:00:00+02:00,-4.52
2021-09-02T18:00:00+02:00,-4.51
2021-09-02T21:00:00+02:00,-4.51
2021-09-03T02:01:00+02:00,-4.52
2021-09-03T03:00:00+02:00,-4.51
2021-09-03T06:00:00+02:00,-4.52
2021-09-03T09:00:00+02:00,-4.52
2021-09-03T12:00:00+02:00,-4.51
2021-09-03T15:00:00+02:00,-4.49
2021-09-03T18:00:00+02:00,-4.48
2021-09-03T21:00:00+02:00,-4.48
2021-09-04T02:01:00+02:00,-4.5
2021-09-04T03:00:00+02:00,-4.5
2021-09-04T06:00:00+02:00,-4.51
2021-09-04T09:00:00+02:00,-4.52
2021-09-04T12:00:00+02:00,-4.51
2021-09-04T15:00:00+02:00,-4.51
2021-09-04T18:00:00+02:00,-4.49
2021-09-04T21:00:00+02:00,-4.49
2021-09-05T02:01:00+02:00,-4.5
2021-09-05T03:00:00+02:00,-4.51
2021-09-05T06:00:00+02:00,-4.52
2021-09-05T09:00:00+02:00,-4.52
2021-09-05T12:00:00+02:00,-4.51
2021-09-05T15:00:00+02:00,-4.5
2021-09-05T18:00:00+02:00,-4.48
2021-09-05T21:00:00+02:00,-4.48
2021-09-06T02:01:00+02:00,-4.49
2021-09-06T03:00:00+02:00,-4.51
2021-09-06T06:00:00+02:00,-4.52
2021-09-06T09:00:00+02:00,-4.53
2021-09-06T12:00:00+02:00,-4.52
2021-09-06T15:00:00+02:00,-4.5
2021-09-06T18:00:00+02:00,-4.48
2021-09-06T21:00:00+02:00,-4.47
2021-09-07T02:01:00+02:00,-4.48
2021-09-07T03:00:00+02:00,-4.49
2021-09-07T06:00:00+02:00,-4.51
2021-09-07T09:00:00+02:00,-4.52
2021-09-07T12:00:00+02:00,-4.5
2021-09-07T15:00:00+02:00,-4.47
2021-09-07T18:00:00+02:00,-4.45
2021-09-07T21:00:00+02:00,-4.45
2021-09-08T02:01:00+02:00,-4.45
2021-09-08T03:00:00+02:00,-4.46
2021-09-08T06:00:00+02:00,-4.48
2021-09-08T09:00:00+02:00,-4.49
2021-09-08T12:00:00+02:00,-4.47
2021-09-08T15:00:00+02:00,-4.44
2021-09-08T18:00:00+02:00,-4.43
2021-09-08T21:00:00+02:00,-4.42
2021-09-09T02:01:00+02:00,-4.42
2021-09-09T03:00:00+02:00,-4.44
2021-09-09T06:00:00+02:00,-4.45
2021-09-09T09:00:00+02:00,-4.47
2021-09-09T12:00:00+02:00,-4.46
2021-09-09T15:00:00+02:00,-4.44
2021-09-09T18:00:00+02:00,-4.43
2021-09-09T21:00:00+02:00,-4.42
2021-09-10T02:01:00+02:00,-4.44
2021-09-10T03:00:00+02:00,-4.45
2021-09-10T06:00:00+02:00,-4.46
2021-09-10T09:00:00+02:00,-4.47
2021-09-10T12:00:00+02:00,-4.46
2021-09-10T15:00:00+02:00,-4.46
2021-09-10T18:00:00+02:00,-4.46
2021-09-10T21:00:00+02:00,-4.46
2021-09-11T02:01:00+02:00,-4.47
2021-09-11T03:00:00+02:00,-4.47
2021-09-11T06:00:00+02:00,-4.5
2021-09-11T09:00:00+02:00,-4.51
2021-09-11T12:00:00+02:00,-4.5
2021-09-11T15:00:00+02:00,-4.49
2021-09-11T18:00:00+02:00,-4.48
2021-09-11T21:00:00+02:00,-4.48
2021-09-12T02:01:00+02:00,-4.48
2021-09-12T03:00:00+02:00,-4.49
2021-09-12T06:00:00+02:00,-4.51
2021-09-12T09:00:00+02:00,-4.52
2021-09-12T12:00:00+02:00,-4.51
2021-09-12T15:00:00+02:00,-4.5
2021-09-12T18:00:00+02:00,-4.49
2021-09-12T21:00:00+02:00,-4.51
2021-09-13T02:01:00+02:00,-4.52
2021-09-13T03:00:00+02:00,-4.53
2021-09-13T06:00:00+02:00,-4.53
2021-09-13T09:00:00+02:00,-4.54
2021-09-13T12:00:00+02:00,-4.54
2021-09-13T15:00:00+02:00,-4.53
2021-09-13T18:00:00+02:00,-4.52
2021-09-13T21:00:00+02:00,-4.51
2021-09-14T02:01:00+02:00,-4.51
2021-09-14T03:00:00+02:00,-4.51
2021-09-14T06:00:00+02:00,-4.51
2021-09-14T09:00:00+02:00,-4.52
2021-09-14T12:00:00+02:00,-4.5
2021-09-14T15:00:00+02:00,-4.48
2021-09-14T18:00:00+02:00,-4.47
2021-09-14T21:00:00+02:00,-4.48
2021-09-15T02:01:00+02:00,-4.48
2021-09-15T03:00:00+02:00,-4.48
2021-09-15T06:00:00+02:00,-4.49
2021-09-15T09:00:00+02:00,-4.5
2021-09-15T12:00:00+02:00,-4.5
2021-09-15T15:00:00+02:00,-4.51
2021-09-15T18:00:00+02:00,-4.51
2021-09-15T21:00:00+02:00,-4.52
2021-09-16T02:01:00+02:00,-4.52
2021-09-16T03:00:00+02:00,-4.53
2021-09-16T06:00:00+02:00,-4.54
2021-09-16T09:00:00+02:00,-4.54
2021-09-16T12:00:00+02:00,-4.54
2021-09-16T15:00:00+02:00,-4.52
2021-09-16T18:00:00+02:00,-4.51
2021-09-16T21:00:00+02:00,-4.52
2021-09-17T02:01:00+02:00,-4.53
2021-09-17T03:00:00+02:00,-4.53
2021-09-17T06:00:00+02:00,-4.53
2021-09-17T09:00:00+02:00,-4.54
2021-09-17T12:00:00+02:00,-4.54
2021-09-17T15:00:00+02:00,-4.52
2021-09-17T18:00:00+02:00,-4.51
2021-09-17T21:00:00+02:00,-4.52
2021-09-18T02:01:00+02:00,-4.53
2021-09-18T03:00:00+02:00,-4.54
2021-09-18T06:00:00+02:00,-4.55
2021-09-18T09:00:00+02:00,-4.55
2021-09-18T12:00:00+02:00,-4.55
2021-09-18T15:00:00+02:00,-4.52
2021-09-18T18:00:00+02:00,-4.51
2021-09-18T21:00:00+02:00,-4.51
2021-09-19T02:01:00+02:00,-4.53
2021-09-19T03:00:00+02:00,-4.53
2021-09-19T06:00:00+02:00,-4.54
2021-09-19T09:00:00+02:00,-4.54
2021-09-19T12:00:00+02:00,-4.55
2021-09-19T15:00:00+02:00,-4.53
2021-09-19T18:00:00+02:00,-4.52
2021-09-19T21:00:00+02:00,-4.53
2021-09-20T02:01:00+02:00,-4.55
2021-09-20T03:00:00+02:00,-4.56
2021-09-20T06:00:00+02:00,-4.56
2021-09-20T09:00:00+02:00,-4.57
2021-09-20T12:00:00+02:00,-4.58
2021-09-20T15:00:00+02:00,-4.58
2021-09-20T18:00:00+02:00,-4.59
2021-09-20T21:00:00+02:00,-4.6
2021-09-21T02:01:00+02:00,-4.6
2021-09-21T03:00:00+02:00,-4.6
2021-09-21T06:00:00+02:00,-4.6
2021-09-21T09:00:00+02:00,-4.6
2021-09-21T12:00:00+02:00,-4.6
2021-09-21T15:00:00+02:00,-4.59
2021-09-21T18:00:00+02:00,-4.59
2021-09-21T21:00:00+02:00,-4.59
2021-09-22T02:01:00+02:00,-4.59
2021-09-22T03:00:00+02:00,-4.59
2021-09-22T06:00:00+02:00,-4.6
2021-09-22T09:00:00+02:00,-4.6
2021-09-22T12:00:00+02:00,-4.59
2021-09-22T15:00:00+02:00,-4.57
2021-09-22T18:00:00+02:00,-4.56
2021-09-22T21:00:00+02:00,-4.55
2021-09-23T02:01:00+02:00,-4.57
2021-09-23T03:00:00+02:00,-4.56
2021-09-23T06:00:00+02:00,-4.57
2021-09-23T09:00:00+02:00,-4.57
2021-09-23T12:00:00+02:00,-4.56
2021-09-23T15:00:00+02:00,-4.56
2021-09-23T18:00:00+02:00,-4.56
2021-09-23T21:00:00+02:00,-4.55
2021-09-24T02:01:00+02:00,-4.55
2021-09-24T03:00:00+02:00,-4.56
2021-09-24T06:00:00+02:00,-4.55
2021-09-24T09:00:00+02:00,-4.56
2021-09-24T12:00:00+02:00,-4.55
2021-09-24T15:00:00+02:00,-4.53
2021-09-24T18:00:00+02:00,-4.53
2021-09-24T21:00:00+02:00,-4.53
2021-09-25T02:01:00+02:00,-4.54
2021-09-25T03:00:00+02:00,-4.54
2021-09-25T06:00:00+02:00,-4.55
2021-09-25T09:00:00+02:00,-4.57
2021-09-25T12:00:00+02:00,-4.56
2021-09-25T15:00:00+02:00,-4.54
2021-09-25T18:00:00+02:00,-4.53
2021-09-25T21:00:00+02:00,-4.53
2021-09-26T02:01:00+02:00,-4.53
2021-09-26T03:00:00+02:00,-4.55
2021-09-26T06:00:00+02:00,-4.55
2021-09-26T09:00:00+02:00,-4.56
2021-09-26T12:00:00+02:00,-4.55
2021-09-26T15:00:00+02:00,-4.53
2021-09-26T18:00:00+02:00,-4.52
2021-09-26T21:00:00+02:00,-4.51
2021-09-27T02:01:00+02:00,-4.53
2021-09-27T03:00:00+02:00,-4.54
2021-09-27T06:00:00+02:00,-4.54
2021-09-27T09:00:00+02:00,-4.54
2021-09-27T12:00:00+02:00,-4.54
2021-09-27T15:00:00+02:00,-4.54
2021-09-27T18:00:00+02:00,-4.55
2021-09-27T21:00:00+02:00,-4.56
2021-09-28T02:01:00+02:00,-4.57
2021-09-28T03:00:00+02:00,-4.57
2021-09-28T06:00:00+02:00,-4.57
2021-09-28T09:00:00+02:00,-4.57
2021-09-28T12:00:00+02:00,-4.57
2021-09-28T15:00:00+02:00,-4.56
2021-09-28T18:00:00+02:00,-4.55
2021-09-28T21:00:00+02:00,-4.55
2021-09-29T02:01:00+02:00,-4.55
2021-09-29T03:00:00+02:00,-4.54
2021-09-29T06:00:00+02:00,-4.54
2021-09-29T09:00:00+02:00,-4.55
2021-09-29T12:00:00+02:00,-4.55
2021-09-29T15:00:00+02:00,-4.55
2021-09-29T18:00:00+02:00,-4.57
2021-09-29T21:00:00+02:00,-4.57
2021-09-30T02:01:00+02:00,-4.56
2021-09-30T03:00:00+02:00,-4.56
2021-09-30T06:00:00+02:00,-4.56
2021-09-30T09:00:00+02:00,-4.56
2021-09-30T12:00:00+02:00,-4.56
2021-09-30T15:00:00+02:00,-4.55
2021-09-30T18:00:00+02:00,-4.55
2021-09-30T21:00:00+02:00,-4.54
2021-10-01T02:01:00+02:00,-4.54
2021-10-01T03:00:00+02:00,-4.53
2021-10-01T06:00:00+02:00,-4.53
2021-10-01T09:00:00+02:00,-4.53
2021-10-01T12:00:00+02:00,-4.52
2021-10-01T15:00:00+02:00,-4.52
2021-10-01T18:00:00+02:00,-4.51
2021-10-01T21:00:00+02:00,-4.52
2021-10-02T02:01:00+02:00,-4.52
2021-10-02T03:00:00+02:00,-4.51
2021-10-02T06:00:00+02:00,-4.51
2021-10-02T09:00:00+02:00,-4.51
2021-10-02T12:00:00+02:00,-4.49
2021-10-02T15:00:00+02:00,-4.48
2021-10-02T18:00:00+02:00,-4.46
2021-10-02T21:00:00+02:00,-4.45
2021-10-03T02:01:00+02:00,-4.46
2021-10-03T03:00:00+02:00,-4.45
2021-10-03T06:00:00+02:00,-4.46
2021-10-03T09:00:00+02:00,-4.46
2021-10-03T12:00:00+02:00,-4.47
2021-10-03T15:00:00+02:00,-4.48
2021-10-03T18:00:00+02:00,-4.49
2021-10-03T21:00:00+02:00,-4.5
2021-10-04T02:01:00+02:00,-4.49
2021-10-04T03:00:00+02:00,-4.49
2021-10-04T06:00:00+02:00,-4.5
2021-10-04T09:00:00+02:00,-4.49
2021-10-04T12:00:00+02:00,-4.49
2021-10-04T15:00:00+02:00,-4.5
2021-10-04T18:00:00+02:00,-4.5
2021-10-04T21:00:00+02:00,-4.5
2021-10-05T02:01:00+02:00,-4.49
2021-10-05T03:00:00+02:00,-4.48
2021-10-05T06:00:00+02:00,-4.47
2021-10-05T09:00:00+02:00,-4.46
2021-10-05T12:00:00+02:00,-4.46
2021-10-05T15:00:00+02:00,-4.46
2021-10-05T18:00:00+02:00,-4.46
2021-10-05T21:00:00+02:00,-4.46
2021-10-06T02:01:00+02:00,-4.46
2021-10-06T03:00:00+02:00,-4.46
2021-10-06T06:00:00+02:00,-4.46
2021-10-06T09:00:00+02:00,-4.46
2021-10-06T12:00:00+02:00,-4.47
2021-10-06T15:00:00+02:00,-4.48
2021-10-06T18:00:00+02:00,-4.49
2021-10-06T21:00:00+02:00,-4.49
2021-10-07T02:01:00+02:00,-4.5
2021-10-07T03:00:00+02:00,-4.5
2021-10-07T06:00:00+02:00,-4.5
2021-10-07T09:00:00+02:00,-4.5
2021-10-07T12:00:00+02:00,-4.5
2021-10-07T15:00:00+02:00,-4.5
2021-10-07T18:00:00+02:00,-4.51
2021-10-07T21:00:00+02:00,-4.51
2021-10-08T02:01:00+02:00,-4.51
2021-10-08T03:00:00+02:00,-4.51
2021-10-08T06:00:00+02:00,-4.51
2021-10-08T09:00:00+02:00,-4.51
2021-10-08T12:00:00+02:00,-4.5
2021-10-08T15:00:00+02:00,-4.5
2021-10-08T18:00:00+02:00,-4.5
2021-10-08T21:00:00+02:00,-4.5
2021-10-09T02:01:00+02:00,-4.5
2021-10-09T03:00:00+02:00,-4.49
2021-10-09T06:00:00+02:00,-4.49
2021-10-09T09:00:00+02:00,-4.5
2021-10-09T12:00:00+02:00,-4.49
2021-10-09T15:00:00+02:00,-4.49
2021-10-09T18:00:00+02:00,-4.49
2021-10-09T21:00:00+02:00,-4.49
2021-10-10T02:01:00+02:00,-4.49
2021-10-10T03:00:00+02:00,-4.49
2021-10-10T06:00:00+02:00,-4.48
2021-10-10T09:00:00+02:00,-4.49
2021-10-10T12:00:00+02:00,-4.48
2021-10-10T15:00:00+02:00,-4.48
2021-10-10T18:00:00+02:00,-4.48
2021-10-10T21:00:00+02:00,-4.48
2021-10-11T02:01:00+02:00,-4.48
2021-10-11T03:00:00+02:00,-4.48
2021-10-11T06:00:00+02:00,-4.48
2021-10-11T09:00:00+02:00,-4.49
2021-10-11T12:00:00+02:00,-4.49
2021-10-11T15:00:00+02:00,-4.49
2021-10-11T18:00:00+02:00,-4.49
2021-10-11T21:00:00+02:00,-4.48
2021-10-12T02:01:00+02:00,-4.48
2021-10-12T03:00:00+02:00,-4.47
2021-10-12T06:00:00+02:00,-4.46
2021-10-12T09:00:00+02:00,-4.46
2021-10-12T12:00:00+02:00,-4.46
2021-10-12T15:00:00+02:00,-4.46
2021-10-12T18:00:00+02:00,-4.47
2021-10-12T21:00:00+02:00,-4.47
2021-10-13T02:01:00+02:00,-4.47
2021-10-13T03:00:00+02:00,-4.47
2021-10-13T06:00:00+02:00,-4.48
2021-10-13T09:00:00+02:00,-4.48
2021-10-13T12:00:00+02:00,-4.48
2021-10-13T15:00:00+02:00,-4.48
2021-10-13T18:00:00+02:00,-4.47
2021-10-13T21:00:00+02:00,-4.47
2021-10-14T02:01:00+02:00,-4.47
2021-10-14T03:00:00+02:00,-4.47
2021-10-14T06:00:00+02:00,-4.47
2021-10-14T09:00:00+02:00,-4.47
2021-10-14T12:00:00+02:00,-4.46
2021-10-14T15:00:00+02:00,-4.45
2021-10-14T18:00:00+02:00,-4.45
2021-10-14T21:00:00+02:00,-4.45
2021-10-15T02:01:00+02:00,-4.44
2021-10-15T03:00:00+02:00,-4.43
2021-10-15T06:00:00+02:00,-4.45
2021-10-15T09:00:00+02:00,-4.46
2021-10-15T12:00:00+02:00,-4.46
2021-10-15T15:00:00+02:00,-4.46
2021-10-15T18:00:00+02:00,-4.47
2021-10-15T21:00:00+02:00,-4.47
2021-10-16T02:01:00+02:00,-4.46
2021-10-16T03:00:00+02:00,-4.46
2021-10-16T06:00:00+02:00,-4.46
2021-10-16T09:00:00+02:00,-4.46
2021-10-16T12:00:00+02:00,-4.46
2021-10-16T15:00:00+02:00,-4.45
2021-10-16T18:00:00+02:00,-4.46
2021-10-16T21:00:00+02:00,-4.46
2021-10-17T02:01:00+02:00,-4.45
2021-10-17T03:00:00+02:00,-4.45
2021-10-17T06:00:00+02:00,-4.45
2021-10-17T09:00:00+02:00,-4.45
2021-10-17T12:00:00+02:00,-4.45
2021-10-17T15:00:00+02:00,-4.45
2021-10-17T18:00:00+02:00,-4.46
2021-10-17T21:00:00+02:00,-4.46
2021-10-18T02:01:00+02:00,-4.46
2021-10-18T03:00:00+02:00,-4.46
2021-10-18T06:00:00+02:00,-4.46
2021-10-18T09:00:00+02:00,-4.46
2021-10-18T12:00:00+02:00,-4.46
2021-10-18T15:00:00+02:00,-4.46
2021-10-18T18:00:00+02:00,-4.46
2021-10-18T21:00:00+02:00,-4.46
2021-10-19T02:01:00+02:00,-4.45
2021-10-19T03:00:00+02:00,-4.45
2021-10-19T06:00:00+02:00,-4.44
2021-10-19T09:00:00+02:00,-4.44
2021-10-19T12:00:00+02:00,-4.44
2021-10-19T15:00:00+02:00,-4.43
2021-10-19T18:00:00+02:00,-4.42
2021-10-19T21:00:00+02:00,-4.41
2021-10-20T02:01:00+02:00,-4.41
2021-10-20T03:00:00+02:00,-4.41
2021-10-20T06:00:00+02:00,-4.4
2021-10-20T09:00:00+02:00,-4.4
2021-10-20T12:00:00+02:00,-4.4
2021-10-20T15:00:00+02:00,-4.4
2021-10-20T18:00:00+02:00,-4.39
2021-10-20T21:00:00+02:00,-4.38
2021-10-21T02:01:00+02:00,-4.35
2021-10-21T03:00:00+02:00,-4.36
2021-10-21T06:00:00+02:00,-4.4
2021-10-21T09:00:00+02:00,-4.4
2021-10-21T12:00:00+02:00,-4.41
2021-10-21T15:00:00+02:00,-4.43
2021-10-21T18:00:00+02:00,-4.44
2021-10-21T21:00:00+02:00,-4.43
2021-10-22T02:01:00+02:00,-4.43
2021-10-22T03:00:00+02:00,-4.42
2021-10-22T06:00:00+02:00,-4.41
2021-10-22T09:00:00+02:00,-4.42
2021-10-22T12:00:00+02:00,-4.43
2021-10-22T15:00:00+02:00,-4.44
2021-10-22T18:00:00+02:00,-4.44
2021-10-22T21:00:00+02:00,-4.45
2021-10-23T02:01:00+02:00,-4.45
2021-10-23T03:00:00+02:00,-4.45
2021-10-23T06:00:00+02:00,-4.45
2021-10-23T09:00:00+02:00,-4.46
2021-10-23T12:00:00+02:00,-4.46
2021-10-23T15:00:00+02:00,-4.45
2021-10-23T18:00:00+02:00,-4.45
2021-10-23T21:00:00+02:00,-4.45
2021-10-24T02:01:00+02:00,-4.45
2021-10-24T03:00:00+02:00,-4.45
2021-10-24T06:00:00+02:00,-4.44
2021-10-24T09:00:00+02:00,-4.44
2021-10-24T12:00:00+02:00,-4.43
2021-10-24T15:00:00+02:00,-4.43
2021-10-24T18:00:00+02:00,-4.43
2021-10-24T21:00:00+02:00,-4.42
2021-10-25T02:01:00+02:00,-4.43
2021-10-25T03:00:00+02:00,-4.42
2021-10-25T06:00:00+02:00,-4.42
2021-10-25T09:00:00+02:00,-4.42
2021-10-25T12:00:00+02:00,-4.42
2021-10-25T15:00:00+02:00,-4.42
2021-10-25T18:00:00+02:00,-4.43
2021-10-25T21:00:00+02:00,-4.42
2021-10-26T02:01:00+02:00,-4.43
2021-10-26T03:00:00+02:00,-4.43
2021-10-26T06:00:00+02:00,-4.43
2021-10-26T09:00:00+02:00,-4.43
2021-10-26T12:00:00+02:00,-4.43
2021-10-26T15:00:00+02:00,-4.43
2021-10-26T18:00:00+02:00,-4.43
2021-10-26T21:00:00+02:00,-4.44
2021-10-27T02:01:00+02:00,-4.44
2021-10-27T03:00:00+02:00,-4.44
2021-10-27T06:00:00+02:00,-4.44
2021-10-27T09:00:00+02:00,-4.44
2021-10-27T12:00:00+02:00,-4.44
2021-10-27T15:00:00+02:00,-4.44
2021-10-27T18:00:00+02:00,-4.44
2021-10-27T21:00:00+02:00,-4.44
2021-10-28T02:01:00+02:00,-4.44
2021-10-28T03:00:00+02:00,-4.44
2021-10-28T06:00:00+02:00,-4.43
2021-10-28T09:00:00+02:00,-4.43
2021-10-28T12:00:00+02:00,-4.42
2021-10-28T15:00:00+02:00,-4.42
2021-10-28T18:00:00+02:00,-4.42
2021-10-28T21:00:00+02:00,-4.41
2021-10-29T02:01:00+02:00,-4.41
2021-10-29T03:00:00+02:00,-4.41
2021-10-29T06:00:00+02:00,-4.41
2021-10-29T09:00:00+02:00,-4.45
2021-10-29T12:00:00+02:00,-4.44
2021-10-29T15:00:00+02:00,-4.45
2021-10-29T18:00:00+02:00,-4.45
2021-10-29T21:00:00+02:00,-4.46
2021-10-30T02:01:00+02:00,-4.45
2021-10-30T03:00:00+02:00,-4.45
2021-10-30T06:00:00+02:00,-4.44
2021-10-30T09:00:00+02:00,-4.44
2021-10-30T12:00:00+02:00,-4.43
2021-10-30T15:00:00+02:00,-4.44
2021-10-30T18:00:00+02:00,-4.45
2021-10-30T21:00:00+02:00,-4.46
2021-10-31T02:01:00+01:00,-4.46
2021-10-31T03:00:00+01:00,-4.46
2021-10-31T06:00:00+01:00,-4.45
2021-10-31T09:00:00+01:00,-4.45
2021-10-31T12:00:00+01:00,-4.44
2021-10-31T15:00:00+01:00,-4.42
2021-10-31T18:00:00+01:00,-4.42
2021-10-31T21:00:00+01:00,-4.43
2021-11-01T02:01:00+01:00,-4.43
2021-11-01T03:00:00+01:00,-4.42
2021-11-01T06:00:00+01:00,-4.43
2021-11-01T09:00:00+01:00,-4.43
2021-11-01T12:00:00+01:00,-4.42
2021-11-01T15:00:00+01:00,-4.42
2021-11-01T18:00:00+01:00,-4.43
2021-11-01T21:00:00+01:00,-4.43
2021-11-02T02:01:00+01:00,-4.43
2021-11-02T03:00:00+01:00,-4.42
2021-11-02T06:00:00+01:00,-4.43
2021-11-02T09:00:00+01:00,-4.43
2021-11-02T12:00:00+01:00,-4.42
2021-11-02T15:00:00+01:00,-4.43
2021-11-02T18:00:00+01:00,-4.43
2021-11-02T21:00:00+01:00,-4.44
2021-11-03T02:01:00+01:00,-4.43
2021-11-03T03:00:00+01:00,-4.42
2021-11-03T06:00:00+01:00,-4.43
2021-11-03T09:00:00+01:00,-4.44
2021-11-03T12:00:00+01:00,-4.47
2021-11-03T15:00:00+01:00,-4.46
2021-11-03T18:00:00+01:00,-4.45
2021-11-03T21:00:00+01:00,-4.45
2021-11-04T02:01:00+01:00,-4.46
2021-11-04T03:00:00+01:00,-4.47
2021-11-04T06:00:00+01:00,-4.51
2021-11-04T09:00:00+01:00,-4.51
2021-11-04T12:00:00+01:00,-4.5
2021-11-04T15:00:00+01:00,-4.48
2021-11-04T18:00:00+01:00,-4.49
2021-11-04T21:00:00+01:00,-4.49
2021-11-05T02:01:00+01:00,-4.49
2021-11-05T03:00:00+01:00,-4.48
2021-11-05T06:00:00+01:00,-4.49
2021-11-05T09:00:00+01:00,-4.5
2021-11-05T12:00:00+01:00,-4.5
2021-11-05T15:00:00+01:00,-4.5
2021-11-05T18:00:00+01:00,-4.5
2021-11-05T21:00:00+01:00,-4.5
2021-11-06T02:01:00+01:00,-4.5
2021-11-06T03:00:00+01:00,-4.49
2021-11-06T06:00:00+01:00,-4.49
2021-11-06T09:00:00+01:00,-4.49
2021-11-06T12:00:00+01:00,-4.48
2021-11-06T15:00:00+01:00,-4.48
2021-11-06T18:00:00+01:00,-4.47
2021-11-06T21:00:00+01:00,-4.46
2021-11-07T02:01:00+01:00,-4.46
2021-11-07T03:00:00+01:00,-4.46
2021-11-07T06:00:00+01:00,-4.46
2021-11-07T09:00:00+01:00,-4.46
2021-11-07T12:00:00+01:00,-4.46
2021-11-07T15:00:00+01:00,-4.47
2021-11-07T18:00:00+01:00,-4.47
2021-11-07T21:00:00+01:00,-4.48
2021-11-08T02:01:00+01:00,-4.48
2021-11-08T03:00:00+01:00,-4.48
2021-11-08T06:00:00+01:00,-4.49
2021-11-08T09:00:00+01:00,-4.49
2021-11-08T12:00:00+01:00,-4.49
2021-11-08T15:00:00+01:00,-4.49
2021-11-08T18:00:00+01:00,-4.5
2021-11-08T21:00:00+01:00,-4.5
2021-11-09T02:01:00+01:00,-4.5
2021-11-09T03:00:00+01:00,-4.5
2021-11-09T06:00:00+01:00,-4.5
2021-11-09T09:00:00+01:00,-4.5
2021-11-09T12:00:00+01:00,-4.49
2021-11-09T15:00:00+01:00,-4.49
2021-11-09T18:00:00+01:00,-4.5
2021-11-09T21:00:00+01:00,-4.49
2021-11-10T02:01:00+01:00,-4.49
2021-11-10T03:00:00+01:00,-4.49
2021-11-10T06:00:00+01:00,-4.5
2021-11-10T09:00:00+01:00,-4.5
2021-11-10T12:00:00+01:00,-4.49
2021-11-10T15:00:00+01:00,-4.49
2021-11-10T18:00:00+01:00,-4.5
2021-11-10T21:00:00+01:00,-4.5
2021-11-11T02:01:00+01:00,-4.5
2021-11-11T03:00:00+01:00,-4.5
2021-11-11T06:00:00+01:00,-4.5
2021-11-11T09:00:00+01:00,-4.51
2021-11-11T12:00:00+01:00,-4.5
2021-11-11T15:00:00+01:00,-4.5
2021-11-11T18:00:00+01:00,-4.5
2021-11-11T21:00:00+01:00,-4.5
2021-11-12T02:01:00+01:00,-4.5
2021-11-12T03:00:00+01:00,-4.49
2021-11-12T06:00:00+01:00,-4.49
2021-11-12T09:00:00+01:00,-4.48
2021-11-12T12:00:00+01:00,-4.47
2021-11-12T15:00:00+01:00,-4.47
2021-11-12T18:00:00+01:00,-4.47
2021-11-12T21:00:00+01:00,-4.46
2021-11-13T02:01:00+01:00,-4.46
2021-11-13T03:00:00+01:00,-4.46
2021-11-13T06:00:00+01:00,-4.46
2021-11-13T09:00:00+01:00,-4.46
2021-11-13T12:00:00+01:00,-4.47
2021-11-13T15:00:00+01:00,-4.48
2021-11-13T18:00:00+01:00,-4.48
2021-11-13T21:00:00+01:00,-4.49
2021-11-14T02:01:00+01:00,-4.49
2021-11-14T03:00:00+01:00,-4.49
2021-11-14T06:00:00+01:00,-4.5
2021-11-14T09:00:00+01:00,-4.5
2021-11-14T12:00:00+01:00,-4.51
2021-11-14T15:00:00+01:00,-4.51
2021-11-14T18:00:00+01:00,-4.52
2021-11-14T21:00:00+01:00,-4.51
2021-11-15T02:01:00+01:00,-4.51
2021-11-15T03:00:00+01:00,-4.51
2021-11-15T06:00:00+01:00,-4.51
2021-11-15T09:00:00+01:00,-4.51
2021-11-15T12:00:00+01:00,-4.51
2021-11-15T15:00:00+01:00,-4.51
2021-11-15T18:00:00+01:00,-4.51
2021-11-15T21:00:00+01:00,-4.51
2021-11-16T02:01:00+01:00,-4.5
2021-11-16T03:00:00+01:00,-4.5
2021-11-16T06:00:00+01:00,-4.5
2021-11-16T09:00:00+01:00,-4.5
2021-11-16T12:00:00+01:00,-4.5
2021-11-16T15:00:00+01:00,-4.5
2021-11-16T18:00:00+01:00,-4.51
2021-11-16T21:00:00+01:00,-4.5
2021-11-17T02:01:00+01:00,-4.5
2021-11-17T03:00:00+01:00,-4.5
2021-11-17T06:00:00+01:00,-4.49
2021-11-17T09:00:00+01:00,-4.49
2021-11-17T12:00:00+01:00,-4.49
2021-11-17T15:00:00+01:00,-4.5
2021-11-17T18:00:00+01:00,-4.51
2021-11-17T21:00:00+01:00,-4.51
2021-11-18T02:01:00+01:00,-4.51
2021-11-18T03:00:00+01:00,-4.51
2021-11-18T06:00:00+01:00,-4.51
2021-11-18T09:00:00+01:00,-4.51
2021-11-18T12:00:00+01:00,-4.5
2021-11-18T15:00:00+01:00,-4.51
2021-11-18T18:00:00+01:00,-4.51
2021-11-18T21:00:00+01:00,-4.51
2021-11-19T02:01:00+01:00,-4.51
2021-11-19T03:00:00+01:00,-4.51
2021-11-19T06:00:00+01:00,-4.51
2021-11-19T09:00:00+01:00,-4.52
2021-11-19T12:00:00+01:00,-4.52
2021-11-19T15:00:00+01:00,-4.52
2021-11-19T18:00:00+01:00,-4.52
2021-11-19T21:00:00+01:00,-4.52
2021-11-20T02:01:00+01:00,-4.52
2021-11-20T03:00:00+01:00,-4.51
2021-11-20T06:00:00+01:00,-4.51
2021-11-20T09:00:00+01:00,-4.5
2021-11-20T12:00:00+01:00,-4.5
2021-11-20T15:00:00+01:00,-4.49
2021-11-20T18:00:00+01:00,-4.49
2021-11-20T21:00:00+01:00,-4.49
2021-11-21T02:01:00+01:00,-4.48
2021-11-21T03:00:00+01:00,-4.48
2021-11-21T06:00:00+01:00,-4.48
2021-11-21T09:00:00+01:00,-4.48
2021-11-21T12:00:00+01:00,-4.48
2021-11-21T15:00:00+01:00,-4.49
2021-11-21T18:00:00+01:00,-4.49
2021-11-21T21:00:00+01:00,-4.5
2021-11-22T02:01:00+01:00,-4.52
2021-11-22T03:00:00+01:00,-4.53
2021-11-22T06:00:00+01:00,-4.54
2021-11-22T09:00:00+01:00,-4.55
2021-11-22T12:00:00+01:00,-4.55
2021-11-22T15:00:00+01:00,-4.55
2021-11-22T18:00:00+01:00,-4.54
2021-11-22T21:00:00+01:00,-4.54
2021-11-23T02:01:00+01:00,-4.54
2021-11-23T03:00:00+01:00,-4.55
2021-11-23T06:00:00+01:00,-4.55
2021-11-23T09:00:00+01:00,-4.55
2021-11-23T12:00:00+01:00,-4.54
2021-11-23T15:00:00+01:00,-4.54
2021-11-23T18:00:00+01:00,-4.54
2021-11-23T21:00:00+01:00,-4.54
2021-11-24T02:01:00+01:00,-4.53
2021-11-24T03:00:00+01:00,-4.52
2021-11-24T06:00:00+01:00,-4.52
2021-11-24T09:00:00+01:00,-4.51
2021-11-24T12:00:00+01:00,-4.5
2021-11-24T15:00:00+01:00,-4.5
2021-11-24T18:00:00+01:00,-4.49
2021-11-24T21:00:00+01:00,-4.49
2021-11-25T02:01:00+01:00,-4.49
2021-11-25T03:00:00+01:00,-4.48
2021-11-25T06:00:00+01:00,-4.48
2021-11-25T09:00:00+01:00,-4.48
2021-11-25T12:00:00+01:00,-4.48
2021-11-25T15:00:00+01:00,-4.48
2021-11-25T18:00:00+01:00,-4.48
2021-11-25T21:00:00+01:00,-4.47
2021-11-26T02:01:00+01:00,-4.47
2021-11-26T03:00:00+01:00,-4.46
2021-11-26T06:00:00+01:00,-4.44
2021-11-26T09:00:00+01:00,-4.44
2021-11-26T12:00:00+01:00,-4.42
2021-11-26T15:00:00+01:00,-4.42
2021-11-26T18:00:00+01:00,-4.42
2021-11-26T21:00:00+01:00,-4.43
2021-11-27T02:01:00+01:00,-4.43
2021-11-27T03:00:00+01:00,-4.43
2021-11-27T06:00:00+01:00,-4.45
2021-11-27T09:00:00+01:00,-4.48
2021-11-27T12:00:00+01:00,-4.5
2021-11-27T15:00:00+01:00,-4.51
2021-11-27T18:00:00+01:00,-4.52
2021-11-27T21:00:00+01:00,-4.54
2021-11-28T02:01:00+01:00,-4.55
2021-11-28T03:00:00+01:00,-4.56
2021-11-28T06:00:00+01:00,-4.56
2021-11-28T09:00:00+01:00,-4.57
2021-11-28T12:00:00+01:00,-4.56
2021-11-28T15:00:00+01:00,-4.56
2021-11-28T18:00:00+01:00,-4.55
2021-11-28T21:00:00+01:00,-4.52
2021-11-29T02:01:00+01:00,-4.54
2021-11-29T03:00:00+01:00,-4.56
2021-11-29T06:00:00+01:00,-4.57
2021-11-29T09:00:00+01:00,-4.57
2021-11-29T12:00:00+01:00,-4.54
2021-11-29T15:00:00+01:00,-4.52
2021-11-29T18:00:00+01:00,-4.51
2021-11-29T21:00:00+01:00,-4.49
2021-11-30T02:01:00+01:00,-4.48
2021-11-30T03:00:00+01:00,-4.46
2021-11-30T06:00:00+01:00,-4.45
2021-11-30T09:00:00+01:00,-4.44
2021-11-30T12:00:00+01:00,-4.43
2021-11-30T15:00:00+01:00,-4.44
2021-11-30T18:00:00+01:00,-4.42
2021-11-30T21:00:00+01:00,-4.41
2021-12-01T02:01:00+01:00,-4.39
2021-12-01T03:00:00+01:00,-4.37
2021-12-01T06:00:00+01:00,-4.36
2021-12-01T09:00:00+01:00,-4.37
2021-12-01T12:00:00+01:00,-4.36
2021-12-01T15:00:00+01:00,-4.38
2021-12-01T18:00:00+01:00,-4.39
2021-12-01T21:00:00+01:00,-4.4
2021-12-02T02:01:00+01:00,-4.4
2021-12-02T03:00:00+01:00,-4.4
2021-12-02T06:00:00+01:00,-4.4
2021-12-02T09:00:00+01:00,-4.41
2021-12-02T12:00:00+01:00,-4.44
2021-12-02T15:00:00+01:00,-4.47
2021-12-02T18:00:00+01:00,-4.45
2021-12-02T21:00:00+01:00,-4.47
2021-12-03T02:01:00+01:00,-4.49
2021-12-03T03:00:00+01:00,-4.5
2021-12-03T06:00:00+01:00,-4.5
2021-12-03T09:00:00+01:00,-4.49
2021-12-03T12:00:00+01:00,-4.48
2021-12-03T15:00:00+01:00,-4.48
2021-12-03T18:00:00+01:00,-4.48
2021-12-03T21:00:00+01:00,-4.46
2021-12-04T02:01:00+01:00,-4.43
2021-12-04T03:00:00+01:00,-4.42
2021-12-04T06:00:00+01:00,-4.41
2021-12-04T09:00:00+01:00,-4.41
2021-12-04T12:00:00+01:00,-4.39
2021-12-04T15:00:00+01:00,-4.39
2021-12-04T18:00:00+01:00,-4.39
2021-12-04T21:00:00+01:00,-4.39
2021-12-05T02:01:00+01:00,-4.39
2021-12-05T03:00:00+01:00,-4.39
2021-12-05T06:00:00+01:00,-4.39
2021-12-05T09:00:00+01:00,-4.41
2021-12-05T12:00:00+01:00,-4.44
2021-12-05T15:00:00+01:00,-4.47
2021-12-05T18:00:00+01:00,-4.47
2021-12-05T21:00:00+01:00,-4.46
2021-12-06T02:01:00+01:00,-4.45
2021-12-06T03:00:00+01:00,-4.45
2021-12-06T06:00:00+01:00,-4.45
2021-12-06T09:00:00+01:00,-4.47
2021-12-06T12:00:00+01:00,-4.48
2021-12-06T15:00:00+01:00,-4.49
2021-12-06T18:00:00+01:00,-4.49
2021-12-06T21:00:00+01:00,-4.49
2021-12-07T02:01:00+01:00,-4.51
2021-12-07T03:00:00+01:00,-4.52
2021-12-07T06:00:00+01:00,-4.49
2021-12-07T09:00:00+01:00,-4.47
2021-12-07T12:00:00+01:00,-4.45
2021-12-07T15:00:00+01:00,-4.43
2021-12-07T18:00:00+01:00,-4.4
2021-12-07T21:00:00+01:00,-4.37
2021-12-08T02:01:00+01:00,-4.37
2021-12-08T03:00:00+01:00,-4.38
2021-12-08T06:00:00+01:00,-4.39
2021-12-08T09:00:00+01:00,-4.38
2021-12-08T12:00:00+01:00,-4.38
2021-12-08T15:00:00+01:00,-4.39
2021-12-08T18:00:00+01:00,-4.39
2021-12-08T21:00:00+01:00,-4.4
2021-12-09T02:01:00+01:00,-4.4
2021-12-09T03:00:00+01:00,-4.44
2021-12-09T06:00:00+01:00,-4.47
2021-12-09T09:00:00+01:00,-4.48
2021-12-09T12:00:00+01:00,-4.48
2021-12-09T15:00:00+01:00,-4.48
2021-12-09T18:00:00+01:00,-4.45
2021-12-09T21:00:00+01:00,-4.42
2021-12-10T02:01:00+01:00,-4.4
2021-12-10T03:00:00+01:00,-4.42
2021-12-10T06:00:00+01:00,-4.44
2021-12-10T09:00:00+01:00,-4.46
2021-12-10T12:00:00+01:00,-4.47
2021-12-10T15:00:00+01:00,-4.49
2021-12-10T18:00:00+01:00,-4.51
2021-12-10T21:00:00+01:00,-4.52
2021-12-11T02:01:00+01:00,-4.53
2021-12-11T03:00:00+01:00,-4.54
2021-12-11T06:00:00+01:00,-4.55
2021-12-11T09:00:00+01:00,-4.54
2021-12-11T12:00:00+01:00,-4.52
2021-12-11T15:00:00+01:00,-4.51
2021-12-11T18:00:00+01:00,-4.5
2021-12-11T21:00:00+01:00,-4.48
2021-12-12T02:01:00+01:00,-4.47
2021-12-12T03:00:00+01:00,-4.47
2021-12-12T06:00:00+01:00,-4.46
2021-12-12T09:00:00+01:00,-4.47
2021-12-12T12:00:00+01:00,-4.46
2021-12-12T15:00:00+01:00,-4.47
2021-12-12T18:00:00+01:00,-4.47
2021-12-12T21:00:00+01:00,-4.47
2021-12-13T02:01:00+01:00,-4.47
2021-12-13T03:00:00+01:00,-4.47
2021-12-13T06:00:00+01:00,-4.47
2021-12-13T09:00:00+01:00,-4.47
2021-12-13T12:00:00+01:00,-4.48
2021-12-13T15:00:00+01:00,-4.48
2021-12-13T18:00:00+01:00,-4.47
2021-12-13T21:00:00+01:00,-4.47
2021-12-14T02:01:00+01:00,-4.48
2021-12-14T03:00:00+01:00,-4.47
2021-12-14T06:00:00+01:00,-4.47
2021-12-14T09:00:00+01:00,-4.48
2021-12-14T12:00:00+01:00,-4.47
2021-12-14T15:00:00+01:00,-4.48
2021-12-14T18:00:00+01:00,-4.48
2021-12-14T21:00:00+01:00,-4.48
2021-12-15T02:01:00+01:00,-4.48
2021-12-15T03:00:00+01:00,-4.48
2021-12-15T06:00:00+01:00,-4.48
2021-12-15T09:00:00+01:00,-4.48
2021-12-15T12:00:00+01:00,-4.48
2021-12-15T15:00:00+01:00,-4.48
2021-12-15T18:00:00+01:00,-4.49
2021-12-15T21:00:00+01:00,-4.49
2021-12-16T02:01:00+01:00,-4.5
2021-12-16T03:00:00+01:00,-4.5
2021-12-16T06:00:00+01:00,-4.5
2021-12-16T09:00:00+01:00,-4.5
2021-12-16T12:00:00+01:00,-4.5
2021-12-16T15:00:00+01:00,-4.5
2021-12-16T18:00:00+01:00,-4.51
2021-12-16T21:00:00+01:00,-4.51
2021-12-17T02:01:00+01:00,-4.52
2021-12-17T03:00:00+01:00,-4.52
2021-12-17T06:00:00+01:00,-4.53
2021-12-17T09:00:00+01:00,-4.53
2021-12-17T12:00:00+01:00,-4.53
2021-12-17T15:00:00+01:00,-4.52
2021-12-17T18:00:00+01:00,-4.52
2021-12-17T21:00:00+01:00,-4.52
2021-12-18T02:01:00+01:00,-4.52
2021-12-18T03:00:00+01:00,-4.51
2021-12-18T06:00:00+01:00,-4.51
2021-12-18T09:00:00+01:00,-4.52
2021-12-18T12:00:00+01:00,-4.52
2021-12-18T15:00:00+01:00,-4.52
2021-12-18T18:00:00+01:00,-4.52
2021-12-18T21:00:00+01:00,-4.52
2021-12-19T02:01:00+01:00,-4.51
2021-12-19T03:00:00+01:00,-4.51
2021-12-19T06:00:00+01:00,-4.51
2021-12-19T09:00:00+01:00,-4.5
2021-12-19T12:00:00+01:00,-4.5
2021-12-19T15:00:00+01:00,-4.5
2021-12-19T18:00:00+01:00,-4.5
2021-12-19T21:00:00+01:00,-4.5
2021-12-20T02:01:00+01:00,-4.5
2021-12-20T03:00:00+01:00,-4.5
2021-12-20T06:00:00+01:00,-4.5
2021-12-20T09:00:00+01:00,-4.5
2021-12-20T12:00:00+01:00,-4.5
2021-12-20T15:00:00+01:00,-4.5
2021-12-20T18:00:00+01:00,-4.5
2021-12-20T21:00:00+01:00,-4.5
2021-12-21T02:01:00+01:00,-4.51
2021-12-21T03:00:00+01:00,-4.55
2021-12-21T06:00:00+01:00,-4.57
2021-12-21T09:00:00+01:00,-4.58
2021-12-21T12:00:00+01:00,-4.58
2021-12-21T15:00:00+01:00,-4.59
2021-12-21T18:00:00+01:00,-4.59
2021-12-21T21:00:00+01:00,-4.59
2021-12-22T02:01:00+01:00,-4.6
2021-12-22T03:00:00+01:00,-4.62
2021-12-22T06:00:00+01:00,-4.61
2021-12-22T09:00:00+01:00,-4.62
2021-12-22T12:00:00+01:00,-4.62
2021-12-22T15:00:00+01:00,-4.61
2021-12-22T18:00:00+01:00,-4.6
2021-12-22T21:00:00+01:00,-4.59
2021-12-23T02:01:00+01:00,-4.59
2021-12-23T03:00:00+01:00,-4.59
2021-12-23T06:00:00+01:00,-4.58
2021-12-23T09:00:00+01:00,-4.57
2021-12-23T12:00:00+01:00,-4.57
2021-12-23T15:00:00+01:00,-4.56
2021-12-23T18:00:00+01:00,-4.54
2021-12-23T21:00:00+01:00,-4.53
2021-12-24T02:01:00+01:00,-4.51
2021-12-24T03:00:00+01:00,-4.49
2021-12-24T06:00:00+01:00,-4.47
2021-12-24T09:00:00+01:00,-4.46
2021-12-24T12:00:00+01:00,-4.45
2021-12-24T15:00:00+01:00,-4.45
2021-12-24T18:00:00+01:00,-4.45
2021-12-24T21:00:00+01:00,-4.45
2021-12-25T02:01:00+01:00,-4.45
2021-12-25T03:00:00+01:00,-4.47
2021-12-25T06:00:00+01:00,-4.5
2021-12-25T09:00:00+01:00,-4.52
2021-12-25T12:00:00+01:00,-4.54
2021-12-25T15:00:00+01:00,-4.56
2021-12-25T18:00:00+01:00,-4.56
2021-12-25T21:00:00+01:00,-4.57
2021-12-26T02:01:00+01:00,-4.57
2021-12-26T03:00:00+01:00,-4.57
2021-12-26T06:00:00+01:00,-4.58
2021-12-26T09:00:00+01:00,-4.58
2021-12-26T12:00:00+01:00,-4.57
2021-12-26T15:00:00+01:00,-4.57
2021-12-26T18:00:00+01:00,-4.57
2021-12-26T21:00:00+01:00,-4.56
2021-12-27T02:01:00+01:00,-4.56
2021-12-27T03:00:00+01:00,-4.56
2021-12-27T06:00:00+01:00,-4.56
2021-12-27T09:00:00+01:00,-4.56
2021-12-27T12:00:00+01:00,-4.53
2021-12-27T15:00:00+01:00,-4.5
2021-12-27T18:00:00+01:00,-4.48
2021-12-27T21:00:00+01:00,-4.46
2021-12-28T02:01:00+01:00,-4.44
2021-12-28T03:00:00+01:00,-4.43
2021-12-28T06:00:00+01:00,-4.42
2021-12-28T09:00:00+01:00,-4.41
2021-12-28T12:00:00+01:00,-4.41
2021-12-28T15:00:00+01:00,-4.41
2021-12-28T18:00:00+01:00,-4.42
2021-12-28T21:00:00+01:00,-4.44
2021-12-29T02:01:00+01:00,-4.45
2021-12-29T03:00:00+01:00,-4.45
2021-12-29T06:00:00+01:00,-4.46
2021-12-29T09:00:00+01:00,-4.46
2021-12-29T12:00:00+01:00,-4.45
2021-12-29T15:00:00+01:00,-4.44
2021-12-29T18:00:00+01:00,-4.45
2021-12-29T21:00:00+01:00,-4.47
2021-12-30T02:01:00+01:00,-4.47
2021-12-30T03:00:00+01:00,-4.47
2021-12-30T06:00:00+01:00,-4.46
2021-12-30T09:00:00+01:00,-4.47
2021-12-30T12:00:00+01:00,-4.47
2021-12-30T15:00:00+01:00,-4.47
2021-12-30T18:00:00+01:00,-4.47
2021-12-30T21:00:00+01:00,-4.48
2021-12-31T02:01:00+01:00,-4.47
2021-12-31T03:00:00+01:00,-4.47
2021-12-31T06:00:00+01:00,-4.47
2021-12-31T09:00:00+01:00,-4.47
2021-12-31T12:00:00+01:00,-4.47
2021-12-31T15:00:00+01:00,-4.48
2021-12-31T18:00:00+01:00,-4.49
2021-12-31T21:00:00+01:00,-4.49
2022-01-01T02:01:00+01:00,-4.49
2022-01-01T03:00:00+01:00,-4.49
2022-01-01T06:00:00+01:00,-4.49
2022-01-01T09:00:00+01:00,-4.49
2022-01-01T12:00:00+01:00,-4.49
2022-01-01T15:00:00+01:00,-4.48
2022-01-01T18:00:00+01:00,-4.48
2022-01-01T21:00:00+01:00,-4.48
2022-01-02T02:01:00+01:00,-4.48
2022-01-02T03:00:00+01:00,-4.46
2022-01-02T06:00:00+01:00,-4.45
2022-01-02T09:00:00+01:00,-4.45
2022-01-02T12:00:00+01:00,-4.46
2022-01-02T15:00:00+01:00,-4.46
2022-01-02T18:00:00+01:00,-4.45
2022-01-02T21:00:00+01:00,-4.45
2022-01-03T02:01:00+01:00,-4.46
2022-01-03T03:00:00+01:00,-4.46
2022-01-03T06:00:00+01:00,-4.45
2022-01-03T09:00:00+01:00,-4.45
2022-01-03T12:00:00+01:00,-4.45
2022-01-03T15:00:00+01:00,-4.45
2022-01-03T18:00:00+01:00,-4.44
2022-01-03T21:00:00+01:00,-4.44
2022-01-04T02:01:00+01:00,-4.44
2022-01-04T03:00:00+01:00,-4.43
2022-01-04T06:00:00+01:00,-4.42
2022-01-04T09:00:00+01:00,-4.43
2022-01-04T12:00:00+01:00,-4.43
2022-01-04T15:00:00+01:00,-4.43
2022-01-04T18:00:00+01:00,-4.44
2022-01-04T21:00:00+01:00,-4.44
2022-01-05T02:01:00+01:00,-4.46
2022-01-05T03:00:00+01:00,-4.46
2022-01-05T06:00:00+01:00,-4.46
2022-01-05T09:00:00+01:00,-4.47
2022-01-05T12:00:00+01:00,-4.48
2022-01-05T15:00:00+01:00,-4.48
2022-01-05T18:00:00+01:00,-4.48
2022-01-05T21:00:00+01:00,-4.48
2022-01-06T02:01:00+01:00,-4.5
2022-01-06T03:00:00+01:00,-4.5
2022-01-06T06:00:00+01:00,-4.51
2022-01-06T09:00:00+01:00,-4.51
2022-01-06T12:00:00+01:00,-4.53
2022-01-06T15:00:00+01:00,-4.51
2022-01-06T18:00:00+01:00,-4.5
2022-01-06T21:00:00+01:00,-4.49
2022-01-07T02:01:00+01:00,-4.49
2022-01-07T03:00:00+01:00,-4.49
2022-01-07T06:00:00+01:00,-4.5
2022-01-07T09:00:00+01:00,-4.5
2022-01-07T12:00:00+01:00,-4.48
2022-01-07T15:00:00+01:00,-4.48
2022-01-07T18:00:00+01:00,-4.48
2022-01-07T21:00:00+01:00,-4.47
2022-01-08T02:01:00+01:00,-4.48
2022-01-08T03:00:00+01:00,-4.48
2022-01-08T06:00:00+01:00,-4.48
2022-01-08T09:00:00+01:00,-4.49
2022-01-08T12:00:00+01:00,-4.48
2022-01-08T15:00:00+01:00,-4.46
2022-01-08T18:00:00+01:00,-4.45
2022-01-08T21:00:00+01:00,-4.44
2022-01-09T02:01:00+01:00,-4.43
2022-01-09T03:00:00+01:00,-4.43
2022-01-09T06:00:00+01:00,-4.43
2022-01-09T09:00:00+01:00,-4.43
2022-01-09T12:00:00+01:00,-4.44
2022-01-09T15:00:00+01:00,-4.45
2022-01-09T18:00:00+01:00,-4.45
2022-01-09T21:00:00+01:00,-4.46
2022-01-10T02:01:00+01:00,-4.48
2022-01-10T03:00:00+01:00,-4.52
2022-01-10T06:00:00+01:00,-4.53
2022-01-10T09:00:00+01:00,-4.54
2022-01-10T12:00:00+01:00,-4.55
2022-01-10T15:00:00+01:00,-4.55
2022-01-10T18:00:00+01:00,-4.53
2022-01-10T21:00:00+01:00,-4.53
2022-01-11T02:01:00+01:00,-4.55
2022-01-11T03:00:00+01:00,-4.57
2022-01-11T06:00:00+01:00,-4.57
2022-01-11T09:00:00+01:00,-4.58
2022-01-11T12:00:00+01:00,-4.57
2022-01-11T15:00:00+01:00,-4.58
2022-01-11T18:00:00+01:00,-4.57
2022-01-11T21:00:00+01:00,-4.55
2022-01-12T02:01:00+01:00,-4.56
2022-01-12T03:00:00+01:00,-4.57
2022-01-12T06:00:00+01:00,-4.57
2022-01-12T09:00:00+01:00,-4.58
2022-01-12T12:00:00+01:00,-4.58
2022-01-12T15:00:00+01:00,-4.59
2022-01-12T18:00:00+01:00,-4.59
2022-01-12T21:00:00+01:00,-4.59
2022-01-13T02:01:00+01:00,-4.59
2022-01-13T03:00:00+01:00,-4.59
2022-01-13T06:00:00+01:00,-4.59
2022-01-13T09:00:00+01:00,-4.59
2022-01-13T12:00:00+01:00,-4.57
2022-01-13T15:00:00+01:00,-4.55
2022-01-13T18:00:00+01:00,-4.53
2022-01-13T21:00:00+01:00,-4.53
2022-01-14T02:01:00+01:00,-4.52
2022-01-14T03:00:00+01:00,-4.52
2022-01-14T06:00:00+01:00,-4.51
2022-01-14T09:00:00+01:00,-4.53
2022-01-14T12:00:00+01:00,-4.54
2022-01-14T15:00:00+01:00,-4.54
2022-01-14T18:00:00+01:00,-4.54
2022-01-14T21:00:00+01:00,-4.53
2022-01-15T02:01:00+01:00,-4.52
2022-01-15T03:00:00+01:00,-4.52
2022-01-15T06:00:00+01:00,-4.52
2022-01-15T09:00:00+01:00,-4.54
2022-01-15T12:00:00+01:00,-4.54
2022-01-15T15:00:00+01:00,-4.54
2022-01-15T18:00:00+01:00,-4.55
2022-01-15T21:00:00+01:00,-4.55
2022-01-16T02:01:00+01:00,-4.55
2022-01-16T03:00:00+01:00,-4.56
2022-01-16T06:00:00+01:00,-4.56
2022-01-16T09:00:00+01:00,-4.56
2022-01-16T12:00:00+01:00,-4.55
2022-01-16T15:00:00+01:00,-4.54
2022-01-16T18:00:00+01:00,-4.53
2022-01-16T21:00:00+01:00,-4.53
2022-01-17T02:01:00+01:00,-4.52
2022-01-17T03:00:00+01:00,-4.52
2022-01-17T06:00:00+01:00,-4.52
2022-01-17T09:00:00+01:00,-4.54
2022-01-17T12:00:00+01:00,-4.55
2022-01-17T15:00:00+01:00,-4.54
2022-01-17T18:00:00+01:00,-4.54
2022-01-17T21:00:00+01:00,-4.53
2022-01-18T02:01:00+01:00,-4.54
2022-01-18T03:00:00+01:00,-4.55
2022-01-18T06:00:00+01:00,-4.55
2022-01-18T09:00:00+01:00,-4.58
2022-01-18T12:00:00+01:00,-4.59
2022-01-18T15:00:00+01:00,-4.59
2022-01-18T18:00:00+01:00,-4.58
2022-01-18T21:00:00+01:00,-4.57
2022-01-19T02:01:00+01:00,-4.55
2022-01-19T03:00:00+01:00,-4.55
2022-01-19T06:00:00+01:00,-4.56
2022-01-19T09:00:00+01:00,-4.55
2022-01-19T12:00:00+01:00,-4.54
2022-01-19T15:00:00+01:00,-4.53
2022-01-19T18:00:00+01:00,-4.54
2022-01-19T21:00:00+01:00,-4.54
2022-01-20T02:01:00+01:00,-4.54
2022-01-20T03:00:00+01:00,-4.54
2022-01-20T06:00:00+01:00,-4.55
2022-01-20T09:00:00+01:00,-4.55
2022-01-20T12:00:00+01:00,-4.54
2022-01-20T15:00:00+01:00,-4.56
2022-01-20T18:00:00+01:00,-4.56
2022-01-20T21:00:00+01:00,-4.57
2022-01-21T02:01:00+01:00,-4.58
2022-01-21T03:00:00+01:00,-4.58
2022-01-21T06:00:00+01:00,-4.59
2022-01-21T09:00:00+01:00,-4.59
2022-01-21T12:00:00+01:00,-4.58
2022-01-21T15:00:00+01:00,-4.57
2022-01-21T18:00:00+01:00,-4.57
2022-01-21T21:00:00+01:00,-4.57
2022-01-22T02:01:00+01:00,-4.57
2022-01-22T03:00:00+01:00,-4.57
2022-01-22T06:00:00+01:00,-4.57
2022-01-22T09:00:00+01:00,-4.57
2022-01-22T12:00:00+01:00,-4.57
2022-01-22T15:00:00+01:00,-4.56
2022-01-22T18:00:00+01:00,-4.57
2022-01-22T21:00:00+01:00,-4.57
2022-01-23T02:01:00+01:00,-4.57
2022-01-23T03:00:00+01:00,-4.57
2022-01-23T06:00:00+01:00,-4.57
2022-01-23T09:00:00+01:00,-4.57
2022-01-23T12:00:00+01:00,-4.55
2022-01-23T15:00:00+01:00,-4.54
2022-01-23T18:00:00+01:00,-4.54
2022-01-23T21:00:00+01:00,-4.54
2022-01-24T02:01:00+01:00,-4.53
2022-01-24T03:00:00+01:00,-4.53
2022-01-24T06:00:00+01:00,-4.53
2022-01-24T09:00:00+01:00,-4.53
2022-01-24T12:00:00+01:00,-4.53
2022-01-24T15:00:00+01:00,-4.53
2022-01-24T18:00:00+01:00,-4.55
2022-01-24T21:00:00+01:00,-4.56
2022-01-25T02:01:00+01:00,-4.57
2022-01-25T03:00:00+01:00,-4.58
2022-01-25T06:00:00+01:00,-4.59
2022-01-25T09:00:00+01:00,-4.59
2022-01-25T12:00:00+01:00,-4.59
2022-01-25T15:00:00+01:00,-4.6
2022-01-25T18:00:00+01:00,-4.6
2022-01-25T21:00:00+01:00,-4.6
2022-01-26T02:01:00+01:00,-4.61
2022-01-26T03:00:00+01:00,-4.61
2022-01-26T06:00:00+01:00,-4.61
2022-01-26T09:00:00+01:00,-4.61
2022-01-26T12:00:00+01:00,-4.6
2022-01-26T15:00:00+01:00,-4.58
2022-01-26T18:00:00+01:00,-4.58
2022-01-26T21:00:00+01:00,-4.57
2022-01-27T02:01:00+01:00,-4.56
2022-01-27T03:00:00+01:00,-4.55
2022-01-27T06:00:00+01:00,-4.54
2022-01-27T09:00:00+01:00,-4.54
2022-01-27T12:00:00+01:00,-4.54
2022-01-27T15:00:00+01:00,-4.55
2022-01-27T18:00:00+01:00,-4.54
2022-01-27T21:00:00+01:00,-4.54
2022-01-28T02:01:00+01:00,-4.54
2022-01-28T03:00:00+01:00,-4.55
2022-01-28T06:00:00+01:00,-4.57
2022-01-28T09:00:00+01:00,-4.57
2022-01-28T12:00:00+01:00,-4.57
2022-01-28T15:00:00+01:00,-4.56
2022-01-28T18:00:00+01:00,-4.52
2022-01-28T21:00:00+01:00,-4.53
2022-01-29T02:01:00+01:00,-4.52
2022-01-29T03:00:00+01:00,-4.51
2022-01-29T06:00:00+01:00,-4.52
2022-01-29T09:00:00+01:00,-4.51
2022-01-29T12:00:00+01:00,-4.49
2022-01-29T15:00:00+01:00,-4.48
2022-01-29T18:00:00+01:00,-4.5
2022-01-29T21:00:00+01:00,-4.5
2022-01-30T02:01:00+01:00,-4.5
2022-01-30T03:00:00+01:00,-4.5
2022-01-30T06:00:00+01:00,-4.52
2022-01-30T09:00:00+01:00,-4.52
2022-01-30T12:00:00+01:00,-4.51
2022-01-30T15:00:00+01:00,-4.5
2022-01-30T18:00:00+01:00,-4.49
2022-01-30T21:00:00+01:00,-4.47
2022-01-31T02:01:00+01:00,-4.44
2022-01-31T03:00:00+01:00,-4.44
2022-01-31T06:00:00+01:00,-4.43
2022-01-31T09:00:00+01:00,-4.44
2022-01-31T12:00:00+01:00,-4.45
2022-01-31T15:00:00+01:00,-4.47
2022-01-31T18:00:00+01:00,-4.48
2022-01-31T21:00:00+01:00,-4.48
2022-02-01T02:01:00+01:00,-4.48
2022-02-01T03:00:00+01:00,-4.47
2022-02-01T06:00:00+01:00,-4.46
2022-02-01T09:00:00+01:00,-4.45
2022-02-01T12:00:00+01:00,-4.44
2022-02-01T15:00:00+01:00,-4.44
2022-02-01T18:00:00+01:00,-4.45
2022-02-01T21:00:00+01:00,-4.46
2022-02-02T02:01:00+01:00,-4.46
2022-02-02T03:00:00+01:00,-4.46
2022-02-02T06:00:00+01:00,-4.47
2022-02-02T09:00:00+01:00,-4.47
2022-02-02T12:00:00+01:00,-4.47
2022-02-02T15:00:00+01:00,-4.47
2022-02-02T18:00:00+01:00,-4.47
2022-02-02T21:00:00+01:00,-4.47
2022-02-03T02:01:00+01:00,-4.47
2022-02-03T03:00:00+01:00,-4.46
2022-02-03T06:00:00+01:00,-4.46
2022-02-03T09:00:00+01:00,-4.45
2022-02-03T12:00:00+01:00,-4.44
2022-02-03T15:00:00+01:00,-4.44
2022-02-03T18:00:00+01:00,-4.45
2022-02-03T21:00:00+01:00,-4.45
2022-02-04T02:01:00+01:00,-4.45
2022-02-04T03:00:00+01:00,-4.44
2022-02-04T06:00:00+01:00,-4.44
2022-02-04T09:00:00+01:00,-4.43
2022-02-04T12:00:00+01:00,-4.42
2022-02-04T15:00:00+01:00,-4.44
2022-02-04T18:00:00+01:00,-4.46
2022-02-04T21:00:00+01:00,-4.47
2022-02-05T02:01:00+01:00,-4.49
2022-02-05T03:00:00+01:00,-4.5
2022-02-05T06:00:00+01:00,-4.5
2022-02-05T09:00:00+01:00,-4.51
2022-02-05T12:00:00+01:00,-4.5
2022-02-05T15:00:00+01:00,-4.49
2022-02-05T18:00:00+01:00,-4.49
2022-02-05T21:00:00+01:00,-4.48
2022-02-06T02:01:00+01:00,-4.47
2022-02-06T03:00:00+01:00,-4.46
2022-02-06T06:00:00+01:00,-4.43
2022-02-06T09:00:00+01:00,-4.41
2022-02-06T12:00:00+01:00,-4.41
2022-02-06T15:00:00+01:00,-4.42
2022-02-06T18:00:00+01:00,-4.44
2022-02-06T21:00:00+01:00,-4.45
2022-02-07T02:01:00+01:00,-4.48
2022-02-07T03:00:00+01:00,-4.49
2022-02-07T06:00:00+01:00,-4.5
2022-02-07T09:00:00+01:00,-4.52
2022-02-07T12:00:00+01:00,-4.51
2022-02-07T15:00:00+01:00,-4.52
2022-02-07T18:00:00+01:00,-4.51
2022-02-07T21:00:00+01:00,-4.51
2022-02-08T02:01:00+01:00,-4.5
2022-02-08T03:00:00+01:00,-4.5
2022-02-08T06:00:00+01:00,-4.48
2022-02-08T09:00:00+01:00,-4.48
2022-02-08T12:00:00+01:00,-4.47
2022-02-08T15:00:00+01:00,-4.47
2022-02-08T18:00:00+01:00,-4.47
2022-02-08T21:00:00+01:00,-4.47
2022-02-09T02:01:00+01:00,-4.47
2022-02-09T03:00:00+01:00,-4.46
2022-02-09T06:00:00+01:00,-4.46
2022-02-09T09:00:00+01:00,-4.46
2022-02-09T12:00:00+01:00,-4.46
2022-02-09T15:00:00+01:00,-4.46
2022-02-09T18:00:00+01:00,-4.46
2022-02-09T21:00:00+01:00,-4.45
2022-02-10T02:01:00+01:00,-4.45
2022-02-10T03:00:00+01:00,-4.44
2022-02-10T06:00:00+01:00,-4.44
2022-02-10T09:00:00+01:00,-4.46
2022-02-10T12:00:00+01:00,-4.46
2022-02-10T15:00:00+01:00,-4.47
2022-02-10T18:00:00+01:00,-4.48
2022-02-10T21:00:00+01:00,-4.48
2022-02-11T02:01:00+01:00,-4.48
2022-02-11T03:00:00+01:00,-4.48
2022-02-11T06:00:00+01:00,-4.5
2022-02-11T09:00:00+01:00,-4.51
2022-02-11T12:00:00+01:00,-4.51
2022-02-11T15:00:00+01:00,-4.52
2022-02-11T18:00:00+01:00,-4.52
2022-02-11T21:00:00+01:00,-4.52
2022-02-12T02:01:00+01:00,-4.54
2022-02-12T03:00:00+01:00,-4.54
2022-02-12T06:00:00+01:00,-4.55
2022-02-12T09:00:00+01:00,-4.55
2022-02-12T12:00:00+01:00,-4.54
2022-02-12T15:00:00+01:00,-4.52
2022-02-12T18:00:00+01:00,-4.5
2022-02-12T21:00:00+01:00,-4.48
2022-02-13T02:01:00+01:00,-4.48
2022-02-13T03:00:00+01:00,-4.49
2022-02-13T06:00:00+01:00,-4.5
2022-02-13T09:00:00+01:00,-4.51
2022-02-13T12:00:00+01:00,-4.49
2022-02-13T15:00:00+01:00,-4.47
2022-02-13T18:00:00+01:00,-4.45
2022-02-13T21:00:00+01:00,-4.43
2022-02-14T02:01:00+01:00,-4.42
2022-02-14T03:00:00+01:00,-4.4
2022-02-14T06:00:00+01:00,-4.41
2022-02-14T09:00:00+01:00,-4.41
2022-02-14T12:00:00+01:00,-4.42
2022-02-14T15:00:00+01:00,-4.42
2022-02-14T18:00:00+01:00,-4.43
2022-02-14T21:00:00+01:00,-4.43
2022-02-15T02:01:00+01:00,-4.44
2022-02-15T03:00:00+01:00,-4.45
2022-02-15T06:00:00+01:00,-4.46
2022-02-15T09:00:00+01:00,-4.46
2022-02-15T12:00:00+01:00,-4.46
2022-02-15T15:00:00+01:00,-4.43
2022-02-15T18:00:00+01:00,-4.43
2022-02-15T21:00:00+01:00,-4.43
2022-02-16T02:01:00+01:00,-4.42
2022-02-16T03:00:00+01:00,-4.4
2022-02-16T06:00:00+01:00,-4.38
2022-02-16T09:00:00+01:00,-4.39
2022-02-16T12:00:00+01:00,-4.39
2022-02-16T15:00:00+01:00,-4.38
2022-02-16T18:00:00+01:00,-4.37
2022-02-16T21:00:00+01:00,-4.38
2022-02-17T02:01:00+01:00,-4.38
2022-02-17T03:00:00+01:00,-4.4
2022-02-17T06:00:00+01:00,-4.4
2022-02-17T09:00:00+01:00,-4.42
2022-02-17T12:00:00+01:00,-4.42
2022-02-17T15:00:00+01:00,-4.43
2022-02-17T18:00:00+01:00,-4.43
2022-02-17T21:00:00+01:00,-4.43
2022-02-18T02:01:00+01:00,-4.43
2022-02-18T03:00:00+01:00,-4.41
2022-02-18T06:00:00+01:00,-4.39
2022-02-18T09:00:00+01:00,-4.37
2022-02-18T12:00:00+01:00,-4.36
2022-02-18T15:00:00+01:00,-4.34
2022-02-18T18:00:00+01:00,-4.39
2022-02-18T21:00:00+01:00,-4.39
2022-02-19T02:01:00+01:00,-4.41
2022-02-19T03:00:00+01:00,-4.44
2022-02-19T06:00:00+01:00,-4.44
2022-02-19T09:00:00+01:00,-4.46
2022-02-19T12:00:00+01:00,-4.46
2022-02-19T15:00:00+01:00,-4.46
2022-02-19T18:00:00+01:00,-4.44
2022-02-19T21:00:00+01:00,-4.44
2022-02-20T02:01:00+01:00,-4.48
2022-02-20T03:00:00+01:00,-4.46
2022-02-20T06:00:00+01:00,-4.45
2022-02-20T09:00:00+01:00,-4.45
2022-02-20T12:00:00+01:00,-4.43
2022-02-20T15:00:00+01:00,-4.4
2022-02-20T18:00:00+01:00,-4.37
2022-02-20T21:00:00+01:00,-4.38
2022-02-21T02:01:00+01:00,-4.37
2022-02-21T03:00:00+01:00,-4.38
2022-02-21T06:00:00+01:00,-4.38
2022-02-21T09:00:00+01:00,-4.37
2022-02-21T12:00:00+01:00,-4.38
2022-02-21T15:00:00+01:00,-4.42
2022-02-21T18:00:00+01:00,-4.43
2022-02-21T21:00:00+01:00,-4.45
2022-02-22T02:01:00+01:00,-4.45
2022-02-22T03:00:00+01:00,-4.45
2022-02-22T06:00:00+01:00,-4.45
2022-02-22T09:00:00+01:00,-4.43
2022-02-22T12:00:00+01:00,-4.42
2022-02-22T15:00:00+01:00,-4.41
2022-02-22T18:00:00+01:00,-4.43
2022-02-22T21:00:00+01:00,-4.44
2022-02-23T02:01:00+01:00,-4.44
2022-02-23T03:00:00+01:00,-4.44
2022-02-23T06:00:00+01:00,-4.45
2022-02-23T09:00:00+01:00,-4.45
2022-02-23T12:00:00+01:00,-4.44
2022-02-23T15:00:00+01:00,-4.43
2022-02-23T18:00:00+01:00,-4.43
2022-02-23T21:00:00+01:00,-4.42
2022-02-24T02:01:00+01:00,-4.41
2022-02-24T03:00:00+01:00,-4.4
2022-02-24T06:00:00+01:00,-4.39
2022-02-24T09:00:00+01:00,-4.39
2022-02-24T12:00:00+01:00,-4.38
2022-02-24T15:00:00+01:00,-4.39
2022-02-24T18:00:00+01:00,-4.43
2022-02-24T21:00:00+01:00,-4.45
2022-02-25T02:01:00+01:00,-4.46
2022-02-25T03:00:00+01:00,-4.46
2022-02-25T06:00:00+01:00,-4.46
2022-02-25T09:00:00+01:00,-4.48
2022-02-25T12:00:00+01:00,-4.48
2022-02-25T15:00:00+01:00,-4.48
2022-02-25T18:00:00+01:00,-4.49
2022-02-25T21:00:00+01:00,-4.5
2022-02-26T02:01:00+01:00,-4.5
2022-02-26T03:00:00+01:00,-4.51
2022-02-26T06:00:00+01:00,-4.53
2022-02-26T09:00:00+01:00,-4.54
2022-02-26T12:00:00+01:00,-4.53
2022-02-26T15:00:00+01:00,-4.51
2022-02-26T18:00:00+01:00,-4.5
2022-02-26T21:00:00+01:00,-4.49
2022-02-27T02:01:00+01:00,-4.51
2022-02-27T03:00:00+01:00,-4.52
2022-02-27T06:00:00+01:00,-4.53
2022-02-27T09:00:00+01:00,-4.54
2022-02-27T12:00:00+01:00,-4.53
2022-02-27T15:00:00+01:00,-4.51
2022-02-27T18:00:00+01:00,-4.5
2022-02-27T21:00:00+01:00,-4.48
2022-02-28T02:01:00+01:00,-4.49
2022-02-28T03:00:00+01:00,-4.5
2022-02-28T06:00:00+01:00,-4.52
2022-02-28T09:00:00+01:00,-4.52
2022-02-28T12:00:00+01:00,-4.53
2022-02-28T15:00:00+01:00,-4.5
2022-02-28T18:00:00+01:00,-4.49
2022-02-28T21:00:00+01:00,-4.48
2022-03-01T02:01:00+01:00,-4.48
2022-03-01T03:00:00+01:00,-4.5
2022-03-01T06:00:00+01:00,-4.51
2022-03-01T09:00:00+01:00,-4.53
2022-03-01T12:00:00+01:00,-4.52
2022-03-01T15:00:00+01:00,-4.52
2022-03-01T18:00:00+01:00,-4.52
2022-03-01T21:00:00+01:00,-4.51
2022-03-02T02:01:00+01:00,-4.5
2022-03-02T03:00:00+01:00,-4.49
2022-03-02T06:00:00+01:00,-4.48
2022-03-02T09:00:00+01:00,-4.48
2022-03-02T12:00:00+01:00,-4.47
2022-03-02T15:00:00+01:00,-4.46
2022-03-02T18:00:00+01:00,-4.45
2022-03-02T21:00:00+01:00,-4.45
2022-03-03T02:01:00+01:00,-4.45
2022-03-03T03:00:00+01:00,-4.46
2022-03-03T06:00:00+01:00,-4.48
2022-03-03T09:00:00+01:00,-4.51
2022-03-03T12:00:00+01:00,-4.5
2022-03-03T15:00:00+01:00,-4.48
2022-03-03T18:00:00+01:00,-4.48
2022-03-03T21:00:00+01:00,-4.47
2022-03-04T02:01:00+01:00,-4.47
2022-03-04T03:00:00+01:00,-4.49
2022-03-04T06:00:00+01:00,-4.5
2022-03-04T09:00:00+01:00,-4.53
2022-03-04T12:00:00+01:00,-4.53
2022-03-04T15:00:00+01:00,-4.51
2022-03-04T18:00:00+01:00,-4.5
2022-03-04T21:00:00+01:00,-4.49
2022-03-05T02:01:00+01:00,-4.49
2022-03-05T03:00:00+01:00,-4.51
2022-03-05T06:00:00+01:00,-4.54
2022-03-05T09:00:00+01:00,-4.55
2022-03-05T12:00:00+01:00,-4.56
2022-03-05T15:00:00+01:00,-4.55
2022-03-05T18:00:00+01:00,-4.53
2022-03-05T21:00:00+01:00,-4.53
2022-03-06T02:01:00+01:00,-4.54
2022-03-06T03:00:00+01:00,-4.55
2022-03-06T06:00:00+01:00,-4.56
2022-03-06T09:00:00+01:00,-4.58
2022-03-06T12:00:00+01:00,-4.58
2022-03-06T15:00:00+01:00,-4.57
2022-03-06T18:00:00+01:00,-4.57
2022-03-06T21:00:00+01:00,-4.56
2022-03-07T02:01:00+01:00,-4.56
2022-03-07T03:00:00+01:00,-4.56
2022-03-07T06:00:00+01:00,-4.58
2022-03-07T09:00:00+01:00,-4.59
2022-03-07T12:00:00+01:00,-4.58
2022-03-07T15:00:00+01:00,-4.56
2022-03-07T18:00:00+01:00,-4.53
2022-03-07T21:00:00+01:00,-4.52
2022-03-08T02:01:00+01:00,-4.53
2022-03-08T03:00:00+01:00,-4.52
2022-03-08T06:00:00+01:00,-4.53
2022-03-08T09:00:00+01:00,-4.53
2022-03-08T12:00:00+01:00,-4.51
2022-03-08T15:00:00+01:00,-4.51
2022-03-08T18:00:00+01:00,-4.51
2022-03-08T21:00:00+01:00,-4.5
2022-03-09T02:01:00+01:00,-4.5
2022-03-09T03:00:00+01:00,-4.51
2022-03-09T06:00:00+01:00,-4.53
2022-03-09T09:00:00+01:00,-4.56
2022-03-09T12:00:00+01:00,-4.54
2022-03-09T15:00:00+01:00,-4.53
2022-03-09T18:00:00+01:00,-4.52
2022-03-09T21:00:00+01:00,-4.51
2022-03-10T02:01:00+01:00,-4.51
2022-03-10T03:00:00+01:00,-4.5
2022-03-10T06:00:00+01:00,-4.51
2022-03-10T09:00:00+01:00,-4.52
2022-03-10T12:00:00+01:00,-4.52
2022-03-10T15:00:00+01:00,-4.5
2022-03-10T18:00:00+01:00,-4.49
2022-03-10T21:00:00+01:00,-4.49
2022-03-11T02:01:00+01:00,-4.48
2022-03-11T03:00:00+01:00,-4.48
2022-03-11T06:00:00+01:00,-4.47
2022-03-11T09:00:00+01:00,-4.48
2022-03-11T12:00:00+01:00,-4.47
2022-03-11T15:00:00+01:00,-4.48
2022-03-11T18:00:00+01:00,-4.48
2022-03-11T21:00:00+01:00,-4.48
2022-03-12T02:01:00+01:00,-4.47
2022-03-12T03:00:00+01:00,-4.48
2022-03-12T06:00:00+01:00,-4.48
2022-03-12T09:00:00+01:00,-4.49
2022-03-12T12:00:00+01:00,-4.48
2022-03-12T15:00:00+01:00,-4.48
2022-03-12T18:00:00+01:00,-4.48
2022-03-12T21:00:00+01:00,-4.48
2022-03-13T02:01:00+01:00,-4.48
2022-03-13T03:00:00+01:00,-4.47
2022-03-13T06:00:00+01:00,-4.48
2022-03-13T09:00:00+01:00,-4.47
2022-03-13T12:00:00+01:00,-4.47
2022-03-13T15:00:00+01:00,-4.47
2022-03-13T18:00:00+01:00,-4.48
2022-03-13T21:00:00+01:00,-4.49
2022-03-14T02:01:00+01:00,-4.49
2022-03-14T03:00:00+01:00,-4.5
2022-03-14T06:00:00+01:00,-4.5
2022-03-14T09:00:00+01:00,-4.51
2022-03-14T12:00:00+01:00,-4.51
2022-03-14T15:00:00+01:00,-4.52
2022-03-14T18:00:00+01:00,-4.52
2022-03-14T21:00:00+01:00,-4.52
2022-03-15T02:01:00+01:00,-4.52
2022-03-15T03:00:00+01:00,-4.51
2022-03-15T06:00:00+01:00,-4.51
2022-03-15T09:00:00+01:00,-4.51
2022-03-15T12:00:00+01:00,-4.5
2022-03-15T15:00:00+01:00,-4.5
2022-03-15T18:00:00+01:00,-4.51
2022-03-15T21:00:00+01:00,-4.51
2022-03-16T02:01:00+01:00,-4.51
2022-03-16T03:00:00+01:00,-4.51
2022-03-16T06:00:00+01:00,-4.52
2022-03-16T09:00:00+01:00,-4.52
2022-03-16T12:00:00+01:00,-4.52
2022-03-16T15:00:00+01:00,-4.5
2022-03-16T18:00:00+01:00,-4.49
2022-03-16T21:00:00+01:00,-4.5
2022-03-17T02:01:00+01:00,-4.49
2022-03-17T03:00:00+01:00,-4.51
2022-03-17T06:00:00+01:00,-4.52
2022-03-17T09:00:00+01:00,-4.53
2022-03-17T12:00:00+01:00,-4.53
2022-03-17T15:00:00+01:00,-4.53
2022-03-17T18:00:00+01:00,-4.55
2022-03-17T21:00:00+01:00,-4.55
2022-03-18T02:01:00+01:00,-4.56
2022-03-18T03:00:00+01:00,-4.57
2022-03-18T06:00:00+01:00,-4.58
2022-03-18T09:00:00+01:00,-4.6
2022-03-18T12:00:00+01:00,-4.59
2022-03-18T15:00:00+01:00,-4.58
2022-03-18T18:00:00+01:00,-4.58
2022-03-18T21:00:00+01:00,-4.58
2022-03-19T02:01:00+01:00,-4.57
2022-03-19T03:00:00+01:00,-4.57
2022-03-19T06:00:00+01:00,-4.57
2022-03-19T09:00:00+01:00,-4.57
2022-03-19T12:00:00+01:00,-4.56
2022-03-19T15:00:00+01:00,-4.55
2022-03-19T18:00:00+01:00,-4.55
2022-03-19T21:00:00+01:00,-4.55
2022-03-20T02:01:00+01:00,-4.54
2022-03-20T03:00:00+01:00,-4.53
2022-03-20T06:00:00+01:00,-4.53
2022-03-20T09:00:00+01:00,-4.55
2022-03-20T12:00:00+01:00,-4.56
2022-03-20T15:00:00+01:00,-4.56
2022-03-20T18:00:00+01:00,-4.55
2022-03-20T21:00:00+01:00,-4.55
2022-03-21T02:01:00+01:00,-4.56
2022-03-21T03:00:00+01:00,-4.57
2022-03-21T06:00:00+01:00,-4.58
2022-03-21T09:00:00+01:00,-4.59
2022-03-21T12:00:00+01:00,-4.57
2022-03-21T15:00:00+01:00,-4.56
2022-03-21T18:00:00+01:00,-4.56
2022-03-21T21:00:00+01:00,-4.55
2022-03-22T02:01:00+01:00,-4.54
2022-03-22T03:00:00+01:00,-4.53
2022-03-22T06:00:00+01:00,-4.54
2022-03-22T09:00:00+01:00,-4.54
2022-03-22T12:00:00+01:00,-4.54
2022-03-22T15:00:00+01:00,-4.53
2022-03-22T18:00:00+01:00,-4.52
2022-03-22T21:00:00+01:00,-4.52
2022-03-23T02:01:00+01:00,-4.52
2022-03-23T03:00:00+01:00,-4.52
2022-03-23T06:00:00+01:00,-4.53
2022-03-23T09:00:00+01:00,-4.53
2022-03-23T12:00:00+01:00,-4.53
2022-03-23T15:00:00+01:00,-4.52
2022-03-23T18:00:00+01:00,-4.52
2022-03-23T21:00:00+01:00,-4.52
2022-03-24T02:01:00+01:00,-4.52
2022-03-24T03:00:00+01:00,-4.53
2022-03-24T06:00:00+01:00,-4.53
2022-03-24T09:00:00+01:00,-4.53
2022-03-24T12:00:00+01:00,-4.53
2022-03-24T15:00:00+01:00,-4.53
2022-03-24T18:00:00+01:00,-4.54
2022-03-24T21:00:00+01:00,-4.53
2022-03-25T02:01:00+01:00,-4.54
2022-03-25T03:00:00+01:00,-4.53
2022-03-25T06:00:00+01:00,-4.54
2022-03-25T09:00:00+01:00,-4.54
2022-03-25T12:00:00+01:00,-4.54
2022-03-25T15:00:00+01:00,-4.54
2022-03-25T18:00:00+01:00,-4.55
2022-03-25T21:00:00+01:00,-4.55
2022-03-26T02:01:00+01:00,-4.55
2022-03-26T03:00:00+01:00,-4.54
2022-03-26T06:00:00+01:00,-4.54
2022-03-26T09:00:00+01:00,-4.55
2022-03-26T12:00:00+01:00,-4.54
2022-03-26T15:00:00+01:00,-4.54
2022-03-26T18:00:00+01:00,-4.55
2022-03-26T21:00:00+01:00,-4.55
2022-03-27T01:01:00+01:00,-4.55
2022-03-27T03:00:00+02:00,-4.54
2022-03-27T06:00:00+02:00,-4.54
2022-03-27T09:00:00+02:00,-4.54
2022-03-27T12:00:00+02:00,-4.54
2022-03-27T15:00:00+02:00,-4.53
2022-03-27T18:00:00+02:00,-4.54
2022-03-27T21:00:00+02:00,-4.53
2022-03-28T02:01:00+02:00,-4.53
2022-03-28T03:00:00+02:00,-4.52
2022-03-28T06:00:00+02:00,-4.51
2022-03-28T09:00:00+02:00,-4.52
2022-03-28T12:00:00+02:00,-4.51
2022-03-28T15:00:00+02:00,-4.51
2022-03-28T18:00:00+02:00,-4.5
2022-03-28T21:00:00+02:00,-4.5
2022-03-29T02:01:00+02:00,-4.5
2022-03-29T03:00:00+02:00,-4.49
2022-03-29T06:00:00+02:00,-4.49
2022-03-29T09:00:00+02:00,-4.49
2022-03-29T12:00:00+02:00,-4.49
2022-03-29T15:00:00+02:00,-4.49
2022-03-29T18:00:00+02:00,-4.49
2022-03-29T21:00:00+02:00,-4.48
2022-03-30T02:01:00+02:00,-4.48
2022-03-30T03:00:00+02:00,-4.48
2022-03-30T06:00:00+02:00,-4.48
2022-03-30T09:00:00+02:00,-4.49
2022-03-30T12:00:00+02:00,-4.48
2022-03-30T15:00:00+02:00,-4.47
2022-03-30T18:00:00+02:00,-4.48
2022-03-30T21:00:00+02:00,-4.48
2022-03-31T02:01:00+02:00,-4.49
2022-03-31T03:00:00+02:00,-4.51
2022-03-31T06:00:00+02:00,-4.53
2022-03-31T09:00:00+02:00,-4.54
2022-03-31T12:00:00+02:00,-4.54
2022-03-31T15:00:00+02:00,-4.53
2022-03-31T18:00:00+02:00,-4.52
2022-03-31T21:00:00+02:00,-4.54
2022-04-01T02:01:00+02:00,-4.55
2022-04-01T03:00:00+02:00,-4.56
2022-04-01T06:00:00+02:00,-4.58
2022-04-01T09:00:00+02:00,-4.59
2022-04-01T12:00:00+02:00,-4.58
2022-04-01T15:00:00+02:00,-4.57
2022-04-01T18:00:00+02:00,-4.57
2022-04-01T21:00:00+02:00,-4.57
2022-04-02T02:01:00+02:00,-4.56
2022-04-02T03:00:00+02:00,-4.56
2022-04-02T06:00:00+02:00,-4.57
2022-04-02T09:00:00+02:00,-4.59
2022-04-02T12:00:00+02:00,-4.58
2022-04-02T15:00:00+02:00,-4.58
2022-04-02T18:00:00+02:00,-4.57
2022-04-02T21:00:00+02:00,-4.56
2022-04-03T02:01:00+02:00,-4.57
2022-04-03T03:00:00+02:00,-4.59
2022-04-03T06:00:00+02:00,-4.59
2022-04-03T09:00:00+02:00,-4.6
2022-04-03T12:00:00+02:00,-4.58
2022-04-03T15:00:00+02:00,-4.57
2022-04-03T18:00:00+02:00,-4.55
2022-04-03T21:00:00+02:00,-4.54
2022-04-04T02:01:00+02:00,-4.53
2022-04-04T03:00:00+02:00,-4.52
2022-04-04T06:00:00+02:00,-4.52
2022-04-04T09:00:00+02:00,-4.5
2022-04-04T12:00:00+02:00,-4.48
2022-04-04T15:00:00+02:00,-4.48
2022-04-04T18:00:00+02:00,-4.47
2022-04-04T21:00:00+02:00,-4.46
2022-04-05T02:01:00+02:00,-4.46
2022-04-05T03:00:00+02:00,-4.45
2022-04-05T06:00:00+02:00,-4.45
2022-04-05T09:00:00+02:00,-4.45
2022-04-05T12:00:00+02:00,-4.45
2022-04-05T15:00:00+02:00,-4.44
2022-04-05T18:00:00+02:00,-4.44
2022-04-05T21:00:00+02:00,-4.43
2022-04-06T02:01:00+02:00,-4.43
2022-04-06T03:00:00+02:00,-4.42
2022-04-06T06:00:00+02:00,-4.41
2022-04-06T09:00:00+02:00,-4.41
2022-04-06T12:00:00+02:00,-4.4
2022-04-06T15:00:00+02:00,-4.39
2022-04-06T18:00:00+02:00,-4.39
2022-04-06T21:00:00+02:00,-4.39
2022-04-07T02:01:00+02:00,-4.37
2022-04-07T03:00:00+02:00,-4.37
2022-04-07T06:00:00+02:00,-4.37
2022-04-07T09:00:00+02:00,-4.36
2022-04-07T12:00:00+02:00,-4.37
2022-04-07T15:00:00+02:00,-4.38
2022-04-07T18:00:00+02:00,-4.38
2022-04-07T21:00:00+02:00,-4.4
2022-04-08T02:01:00+02:00,-4.42
2022-04-08T03:00:00+02:00,-4.42
2022-04-08T06:00:00+02:00,-4.43
2022-04-08T09:00:00+02:00,-4.43
2022-04-08T12:00:00+02:00,-4.43
2022-04-08T15:00:00+02:00,-4.44
2022-04-08T18:00:00+02:00,-4.44
2022-04-08T21:00:00+02:00,-4.44
2022-04-09T02:01:00+02:00,-4.45
2022-04-09T03:00:00+02:00,-4.45
2022-04-09T06:00:00+02:00,-4.46
2022-04-09T09:00:00+02:00,-4.46
2022-04-09T12:00:00+02:00,-4.47
2022-04-09T15:00:00+02:00,-4.47
2022-04-09T18:00:00+02:00,-4.48
2022-04-09T21:00:00+02:00,-4.48
2022-04-10T02:01:00+02:00,-4.5
2022-04-10T03:00:00+02:00,-4.5
2022-04-10T06:00:00+02:00,-4.52
2022-04-10T09:00:00+02:00,-4.52
2022-04-10T12:00:00+02:00,-4.51
2022-04-10T15:00:00+02:00,-4.49
2022-04-10T18:00:00+02:00,-4.48
2022-04-10T21:00:00+02:00,-4.47
2022-04-11T02:01:00+02:00,-4.47
2022-04-11T03:00:00+02:00,-4.47
2022-04-11T06:00:00+02:00,-4.49
2022-04-11T09:00:00+02:00,-4.5
2022-04-11T12:00:00+02:00,-4.48
2022-04-11T15:00:00+02:00,-4.46
2022-04-11T18:00:00+02:00,-4.46
2022-04-11T21:00:00+02:00,-4.45
2022-04-12T02:01:00+02:00,-4.44
2022-04-12T03:00:00+02:00,-4.44
2022-04-12T06:00:00+02:00,-4.44
2022-04-12T09:00:00+02:00,-4.44
2022-04-12T12:00:00+02:00,-4.43
2022-04-12T15:00:00+02:00,-4.43
2022-04-12T18:00:00+02:00,-4.41
2022-04-12T21:00:00+02:00,-4.41
2022-04-13T02:01:00+02:00,-4.43
2022-04-13T03:00:00+02:00,-4.43
2022-04-13T06:00:00+02:00,-4.44
2022-04-13T09:00:00+02:00,-4.45
2022-04-13T12:00:00+02:00,-4.45
2022-04-13T15:00:00+02:00,-4.45
2022-04-13T18:00:00+02:00,-4.45
2022-04-13T21:00:00+02:00,-4.46
2022-04-14T02:01:00+02:00,-4.45
2022-04-14T03:00:00+02:00,-4.46
2022-04-14T06:00:00+02:00,-4.46
2022-04-14T09:00:00+02:00,-4.46
2022-04-14T12:00:00+02:00,-4.47
2022-04-14T15:00:00+02:00,-4.46
2022-04-14T18:00:00+02:00,-4.47
2022-04-14T21:00:00+02:00,-4.47
2022-04-15T02:01:00+02:00,-4.48
2022-04-15T03:00:00+02:00,-4.48
2022-04-15T06:00:00+02:00,-4.48
2022-04-15T09:00:00+02:00,-4.49
2022-04-15T12:00:00+02:00,-4.49
2022-04-15T15:00:00+02:00,-4.5
2022-04-15T18:00:00+02:00,-4.5
2022-04-15T21:00:00+02:00,-4.5
2022-04-16T02:01:00+02:00,-4.5
2022-04-16T03:00:00+02:00,-4.5
2022-04-16T06:00:00+02:00,-4.5
2022-04-16T09:00:00+02:00,-4.5
2022-04-16T12:00:00+02:00,-4.5
2022-04-16T15:00:00+02:00,-4.5
2022-04-16T18:00:00+02:00,-4.5
2022-04-16T21:00:00+02:00,-4.49
2022-04-17T02:01:00+02:00,-4.49
2022-04-17T03:00:00+02:00,-4.49
2022-04-17T06:00:00+02:00,-4.49
2022-04-17T09:00:00+02:00,-4.49
2022-04-17T12:00:00+02:00,-4.48
2022-04-17T15:00:00+02:00,-4.48
2022-04-17T18:00:00+02:00,-4.47
2022-04-17T21:00:00+02:00,-4.46
2022-04-18T02:01:00+02:00,-4.47
2022-04-18T03:00:00+02:00,-4.47
2022-04-18T06:00:00+02:00,-4.47
2022-04-18T09:00:00+02:00,-4.47
2022-04-18T12:00:00+02:00,-4.47
2022-04-18T15:00:00+02:00,-4.46
2022-04-18T18:00:00+02:00,-4.45
2022-04-18T21:00:00+02:00,-4.45
2022-04-19T02:01:00+02:00,-4.45
2022-04-19T03:00:00+02:00,-4.46
2022-04-19T06:00:00+02:00,-4.46
2022-04-19T09:00:00+02:00,-4.47
2022-04-19T12:00:00+02:00,-4.47
2022-04-19T15:00:00+02:00,-4.47
2022-04-19T18:00:00+02:00,-4.47
2022-04-19T21:00:00+02:00,-4.48
2022-04-20T02:01:00+02:00,-4.48
2022-04-20T03:00:00+02:00,-4.48
2022-04-20T06:00:00+02:00,-4.48
2022-04-20T09:00:00+02:00,-4.48
2022-04-20T12:00:00+02:00,-4.48
2022-04-20T15:00:00+02:00,-4.48
2022-04-20T18:00:00+02:00,-4.48
2022-04-20T21:00:00+02:00,-4.48
2022-04-21T02:01:00+02:00,-4.48
2022-04-21T03:00:00+02:00,-4.48
2022-04-21T06:00:00+02:00,-4.48
2022-04-21T09:00:00+02:00,-4.48
2022-04-21T12:00:00+02:00,-4.48
2022-04-21T15:00:00+02:00,-4.48
2022-04-21T18:00:00+02:00,-4.48
2022-04-21T21:00:00+02:00,-4.48
2022-04-22T02:01:00+02:00,-4.48
2022-04-22T03:00:00+02:00,-4.47
2022-04-22T06:00:00+02:00,-4.47
2022-04-22T09:00:00+02:00,-4.47
2022-04-22T12:00:00+02:00,-4.47
2022-04-22T15:00:00+02:00,-4.47
2022-04-22T18:00:00+02:00,-4.47
2022-04-22T21:00:00+02:00,-4.47
2022-04-23T02:01:00+02:00,-4.46
2022-04-23T03:00:00+02:00,-4.47
2022-04-23T06:00:00+02:00,-4.47
2022-04-23T09:00:00+02:00,-4.47
2022-04-23T12:00:00+02:00,-4.46
2022-04-23T15:00:00+02:00,-4.46
2022-04-23T18:00:00+02:00,-4.46
2022-04-23T21:00:00+02:00,-4.46
2022-04-24T02:01:00+02:00,-4.46
2022-04-24T03:00:00+02:00,-4.47
2022-04-24T06:00:00+02:00,-4.47
2022-04-24T09:00:00+02:00,-4.47
2022-04-24T12:00:00+02:00,-4.47
2022-04-24T15:00:00+02:00,-4.48
2022-04-24T18:00:00+02:00,-4.49
2022-04-24T21:00:00+02:00,-4.49
2022-04-25T02:01:00+02:00,-4.49
2022-04-25T03:00:00+02:00,-4.49
2022-04-25T06:00:00+02:00,-4.5
2022-04-25T09:00:00+02:00,-4.5
2022-04-25T12:00:00+02:00,-4.51
2022-04-25T15:00:00+02:00,-4.51
2022-04-25T18:00:00+02:00,-4.51
2022-04-25T21:00:00+02:00,-4.51
2022-04-26T02:01:00+02:00,-4.52
2022-04-26T03:00:00+02:00,-4.52
2022-04-26T06:00:00+02:00,-4.52
2022-04-26T09:00:00+02:00,-4.53
2022-04-26T12:00:00+02:00,-4.54
2022-04-26T15:00:00+02:00,-4.54
2022-04-26T18:00:00+02:00,-4.54
2022-04-26T21:00:00+02:00,-4.54
2022-04-27T02:01:00+02:00,-4.54
2022-04-27T03:00:00+02:00,-4.55
2022-04-27T06:00:00+02:00,-4.56
2022-04-27T09:00:00+02:00,-4.57
2022-04-27T12:00:00+02:00,-4.56
2022-04-27T15:00:00+02:00,-4.55
2022-04-27T18:00:00+02:00,-4.56
2022-04-27T21:00:00+02:00,-4.56
2022-04-28T02:01:00+02:00,-4.56
2022-04-28T03:00:00+02:00,-4.57
2022-04-28T06:00:00+02:00,-4.58
2022-04-28T09:00:00+02:00,-4.58
2022-04-28T12:00:00+02:00,-4.58
2022-04-28T15:00:00+02:00,-4.57
2022-04-28T18:00:00+02:00,-4.57
2022-04-28T21:00:00+02:00,-4.57
2022-04-29T02:01:00+02:00,-4.56
2022-04-29T03:00:00+02:00,-4.56
2022-04-29T06:00:00+02:00,-4.56
2022-04-29T09:00:00+02:00,-4.57
2022-04-29T12:00:00+02:00,-4.57
2022-04-29T15:00:00+02:00,-4.57
2022-04-29T18:00:00+02:00,-4.57
2022-04-29T21:00:00+02:00,-4.57
2022-04-30T02:01:00+02:00,-4.57
2022-04-30T03:00:00+02:00,-4.57
2022-04-30T06:00:00+02:00,-4.58
2022-04-30T09:00:00+02:00,-4.58
2022-04-30T12:00:00+02:00,-4.57
2022-04-30T15:00:00+02:00,-4.57
2022-04-30T18:00:00+02:00,-4.57
2022-04-30T21:00:00+02:00,-4.56
2022-05-01T02:01:00+02:00,-4.56
2022-05-01T03:00:00+02:00,-4.57
2022-05-01T06:00:00+02:00,-4.58
2022-05-01T09:00:00+02:00,-4.58
2022-05-01T12:00:00+02:00,-4.57
2022-05-01T15:00:00+02:00,-4.57
2022-05-01T18:00:00+02:00,-4.56
2022-05-01T21:00:00+02:00,-4.56
2022-05-02T02:01:00+02:00,-4.56
2022-05-02T03:00:00+02:00,-4.56
2022-05-02T06:00:00+02:00,-4.56
2022-05-02T09:00:00+02:00,-4.57
2022-05-02T12:00:00+02:00,-4.56
2022-05-02T15:00:00+02:00,-4.56
2022-05-02T18:00:00+02:00,-4.56
2022-05-02T21:00:00+02:00,-4.56
2022-05-03T02:01:00+02:00,-4.56
2022-05-03T03:00:00+02:00,-4.55
2022-05-03T06:00:00+02:00,-4.56
2022-05-03T09:00:00+02:00,-4.56
2022-05-03T12:00:00+02:00,-4.56
2022-05-03T15:00:00+02:00,-4.56
2022-05-03T18:00:00+02:00,-4.56
2022-05-03T21:00:00+02:00,-4.57
2022-05-04T02:01:00+02:00,-4.56
2022-05-04T03:00:00+02:00,-4.56
2022-05-04T06:00:00+02:00,-4.57
2022-05-04T09:00:00+02:00,-4.58
2022-05-04T12:00:00+02:00,-4.57
2022-05-04T15:00:00+02:00,-4.57
2022-05-04T18:00:00+02:00,-4.56
2022-05-04T21:00:00+02:00,-4.57
2022-05-05T02:01:00+02:00,-4.57
2022-05-05T03:00:00+02:00,-4.56
2022-05-05T06:00:00+02:00,-4.57
2022-05-05T09:00:00+02:00,-4.58
2022-05-05T12:00:00+02:00,-4.58
2022-05-05T15:00:00+02:00,-4.58
2022-05-05T18:00:00+02:00,-4.57
2022-05-05T21:00:00+02:00,-4.58
2022-05-06T02:01:00+02:00,-4.58
2022-05-06T03:00:00+02:00,-4.58
2022-05-06T06:00:00+02:00,-4.58
2022-05-06T09:00:00+02:00,-4.58
2022-05-06T12:00:00+02:00,-4.58
2022-05-06T15:00:00+02:00,-4.56
2022-05-06T18:00:00+02:00,-4.55
2022-05-06T21:00:00+02:00,-4.55
2022-05-07T02:01:00+02:00,-4.55
2022-05-07T03:00:00+02:00,-4.56
2022-05-07T06:00:00+02:00,-4.56
2022-05-07T09:00:00+02:00,-4.57
2022-05-07T12:00:00+02:00,-4.56
2022-05-07T15:00:00+02:00,-4.56
2022-05-07T18:00:00+02:00,-4.56
2022-05-07T21:00:00+02:00,-4.58
2022-05-08T02:01:00+02:00,-4.58
2022-05-08T03:00:00+02:00,-4.58
2022-05-08T06:00:00+02:00,-4.58
2022-05-08T09:00:00+02:00,-4.59
2022-05-08T12:00:00+02:00,-4.58
2022-05-08T15:00:00+02:00,-4.58
2022-05-08T18:00:00+02:00,-4.59
2022-05-08T21:00:00+02:00,-4.59
2022-05-09T02:01:00+02:00,-4.59
2022-05-09T03:00:00+02:00,-4.59
2022-05-09T06:00:00+02:00,-4.58
2022-05-09T09:00:00+02:00,-4.59
2022-05-09T12:00:00+02:00,-4.58
2022-05-09T15:00:00+02:00,-4.55
2022-05-09T18:00:00+02:00,-4.53
2022-05-09T21:00:00+02:00,-4.53
2022-05-10T02:01:00+02:00,-4.54
2022-05-10T03:00:00+02:00,-4.54
2022-05-10T06:00:00+02:00,-4.55
2022-05-10T09:00:00+02:00,-4.55
2022-05-10T12:00:00+02:00,-4.53
2022-05-10T15:00:00+02:00,-4.52
2022-05-10T18:00:00+02:00,-4.52
2022-05-10T21:00:00+02:00,-4.53
2022-05-11T02:01:00+02:00,-4.54
2022-05-11T03:00:00+02:00,-4.54
2022-05-11T06:00:00+02:00,-4.55
2022-05-11T09:00:00+02:00,-4.55
2022-05-11T12:00:00+02:00,-4.55
2022-05-11T15:00:00+02:00,-4.54
2022-05-11T18:00:00+02:00,-4.54
2022-05-11T21:00:00+02:00,-4.55
2022-05-12T02:01:00+02:00,-4.56
2022-05-12T03:00:00+02:00,-4.57
2022-05-12T06:00:00+02:00,-4.57
2022-05-12T09:00:00+02:00,-4.58
2022-05-12T12:00:00+02:00,-4.57
2022-05-12T15:00:00+02:00,-4.56
2022-05-12T18:00:00+02:00,-4.56
2022-05-12T21:00:00+02:00,-4.57
2022-05-13T02:01:00+02:00,-4.57
2022-05-13T03:00:00+02:00,-4.57
2022-05-13T06:00:00+02:00,-4.58
2022-05-13T09:00:00+02:00,-4.58
2022-05-13T12:00:00+02:00,-4.59
2022-05-13T15:00:00+02:00,-4.59
2022-05-13T18:00:00+02:00,-4.58
2022-05-13T21:00:00+02:00,-4.59
2022-05-14T02:01:00+02:00,-4.59
2022-05-14T03:00:00+02:00,-4.59
2022-05-14T06:00:00+02:00,-4.6
2022-05-14T09:00:00+02:00,-4.6
2022-05-14T12:00:00+02:00,-4.6
2022-05-14T15:00:00+02:00,-4.58
2022-05-14T18:00:00+02:00,-4.57
2022-05-14T21:00:00+02:00,-4.57
2022-05-15T02:01:00+02:00,-4.58
2022-05-15T03:00:00+02:00,-4.59
2022-05-15T06:00:00+02:00,-4.59
2022-05-15T09:00:00+02:00,-4.59
2022-05-15T12:00:00+02:00,-4.57
2022-05-15T15:00:00+02:00,-4.54
2022-05-15T18:00:00+02:00,-4.52
2022-05-15T21:00:00+02:00,-4.52
2022-05-16T02:01:00+02:00,-4.51
2022-05-16T03:00:00+02:00,-4.52
2022-05-16T06:00:00+02:00,-4.54
2022-05-16T09:00:00+02:00,-4.55
2022-05-16T12:00:00+02:00,-4.55
2022-05-16T15:00:00+02:00,-4.54
2022-05-16T18:00:00+02:00,-4.55
2022-05-16T21:00:00+02:00,-4.55
2022-05-17T02:01:00+02:00,-4.57
2022-05-17T03:00:00+02:00,-4.58
2022-05-17T06:00:00+02:00,-4.58
2022-05-17T09:00:00+02:00,-4.59
2022-05-17T12:00:00+02:00,-4.58
2022-05-17T15:00:00+02:00,-4.56
2022-05-17T18:00:00+02:00,-4.53
2022-05-17T21:00:00+02:00,-4.52
2022-05-18T02:01:00+02:00,-4.53
2022-05-18T03:00:00+02:00,-4.54
2022-05-18T06:00:00+02:00,-4.57
2022-05-18T09:00:00+02:00,-4.58
2022-05-18T12:00:00+02:00,-4.57
2022-05-18T15:00:00+02:00,-4.56
2022-05-18T18:00:00+02:00,-4.55
2022-05-18T21:00:00+02:00,-4.54
2022-05-19T02:01:00+02:00,-4.54
2022-05-19T03:00:00+02:00,-4.57
2022-05-19T06:00:00+02:00,-4.56
2022-05-19T09:00:00+02:00,-4.56
2022-05-19T12:00:00+02:00,-4.57
2022-05-19T15:00:00+02:00,-4.54
2022-05-19T18:00:00+02:00,-4.55
2022-05-19T21:00:00+02:00,-4.57
2022-05-20T02:01:00+02:00,-4.58
2022-05-20T03:00:00+02:00,-4.58
2022-05-20T06:00:00+02:00,-4.58
2022-05-20T09:00:00+02:00,-4.57
2022-05-20T12:00:00+02:00,-4.56
2022-05-20T15:00:00+02:00,-4.55
2022-05-20T18:00:00+02:00,-4.57
2022-05-20T21:00:00+02:00,-4.57
2022-05-21T02:01:00+02:00,-4.57
2022-05-21T03:00:00+02:00,-4.57
2022-05-21T06:00:00+02:00,-4.58
2022-05-21T09:00:00+02:00,-4.58
2022-05-21T12:00:00+02:00,-4.58
2022-05-21T15:00:00+02:00,-4.58
2022-05-21T18:00:00+02:00,-4.57
2022-05-21T21:00:00+02:00,-4.57
2022-05-22T02:01:00+02:00,-4.57
2022-05-22T03:00:00+02:00,-4.57
2022-05-22T06:00:00+02:00,-4.57
2022-05-22T09:00:00+02:00,-4.56
2022-05-22T12:00:00+02:00,-4.55
2022-05-22T15:00:00+02:00,-4.53
2022-05-22T18:00:00+02:00,-4.52
2022-05-22T21:00:00+02:00,-4.51
2022-05-23T02:01:00+02:00,-4.51
2022-05-23T03:00:00+02:00,-4.52
2022-05-23T06:00:00+02:00,-4.52
2022-05-23T09:00:00+02:00,-4.52
2022-05-23T12:00:00+02:00,-4.5
2022-05-23T15:00:00+02:00,-4.48
2022-05-23T18:00:00+02:00,-4.49
2022-05-23T21:00:00+02:00,-4.5
2022-05-24T02:01:00+02:00,-4.5
2022-05-24T03:00:00+02:00,-4.5
2022-05-24T06:00:00+02:00,-4.51
2022-05-24T09:00:00+02:00,-4.52
2022-05-24T12:00:00+02:00,-4.53
2022-05-24T15:00:00+02:00,-4.54
2022-05-24T18:00:00+02:00,-4.54
2022-05-24T21:00:00+02:00,-4.55
2022-05-25T02:01:00+02:00,-4.54
2022-05-25T03:00:00+02:00,-4.54
2022-05-25T06:00:00+02:00,-4.55
2022-05-25T09:00:00+02:00,-4.55
2022-05-25T12:00:00+02:00,-4.55
2022-05-25T15:00:00+02:00,-4.55
2022-05-25T18:00:00+02:00,-4.55
2022-05-25T21:00:00+02:00,-4.56
2022-05-26T02:01:00+02:00,-4.56
2022-05-26T03:00:00+02:00,-4.57
2022-05-26T06:00:00+02:00,-4.57
2022-05-26T09:00:00+02:00,-4.58
2022-05-26T12:00:00+02:00,-4.58
2022-05-26T15:00:00+02:00,-4.57
2022-05-26T18:00:00+02:00,-4.57
2022-05-26T21:00:00+02:00,-4.57
2022-05-27T02:01:00+02:00,-4.57
2022-05-27T03:00:00+02:00,-4.57
2022-05-27T06:00:00+02:00,-4.58
2022-05-27T09:00:00+02:00,-4.58
2022-05-27T12:00:00+02:00,-4.59
2022-05-27T15:00:00+02:00,-4.59
2022-05-27T18:00:00+02:00,-4.59
2022-05-27T21:00:00+02:00,-4.59
2022-05-28T02:01:00+02:00,-4.58
2022-05-28T03:00:00+02:00,-4.58
2022-05-28T06:00:00+02:00,-4.59
2022-05-28T09:00:00+02:00,-4.59
2022-05-28T12:00:00+02:00,-4.59
2022-05-28T15:00:00+02:00,-4.58
2022-05-28T18:00:00+02:00,-4.58
2022-05-28T21:00:00+02:00,-4.58
2022-05-29T02:01:00+02:00,-4.57
2022-05-29T03:00:00+02:00,-4.57
2022-05-29T06:00:00+02:00,-4.57
2022-05-29T09:00:00+02:00,-4.57
2022-05-29T12:00:00+02:00,-4.57
2022-05-29T15:00:00+02:00,-4.57
2022-05-29T18:00:00+02:00,-4.57
2022-05-29T21:00:00+02:00,-4.56
2022-05-30T02:01:00+02:00,-4.56
2022-05-30T03:00:00+02:00,-4.56
2022-05-30T06:00:00+02:00,-4.56
2022-05-30T09:00:00+02:00,-4.56
2022-05-30T12:00:00+02:00,-4.56
2022-05-30T15:00:00+02:00,-4.56
2022-05-30T18:00:00+02:00,-4.56
2022-05-30T21:00:00+02:00,-4.56
2022-05-31T02:01:00+02:00,-4.56
2022-05-31T03:00:00+02:00,-4.55
2022-05-31T06:00:00+02:00,-4.55
2022-05-31T09:00:00+02:00,-4.56
2022-05-31T12:00:00+02:00,-4.56
2022-05-31T15:00:00+02:00,-4.55
2022-05-31T18:00:00+02:00,-4.55
2022-05-31T21:00:00+02:00,-4.55
2022-06-01T02:01:00+02:00,-4.55
2022-06-01T03:00:00+02:00,-4.54
2022-06-01T06:00:00+02:00,-4.55
2022-06-01T09:00:00+02:00,-4.55
2022-06-01T12:00:00+02:00,-4.56
2022-06-01T15:00:00+02:00,-4.56
2022-06-01T18:00:00+02:00,-4.57
2022-06-01T21:00:00+02:00,-4.57
2022-06-02T02:01:00+02:00,-4.57
2022-06-02T03:00:00+02:00,-4.57
2022-06-02T06:00:00+02:00,-4.58
2022-06-02T09:00:00+02:00,-4.58
2022-06-02T12:00:00+02:00,-4.58
2022-06-02T15:00:00+02:00,-4.57
2022-06-02T18:00:00+02:00,-4.57
2022-06-02T21:00:00+02:00,-4.57
2022-06-03T02:01:00+02:00,-4.57
2022-06-03T03:00:00+02:00,-4.57
2022-06-03T06:00:00+02:00,-4.57
2022-06-03T09:00:00+02:00,-4.57
2022-06-03T12:00:00+02:00,-4.56
2022-06-03T15:00:00+02:00,-4.54
2022-06-03T18:00:00+02:00,-4.54
2022-06-03T21:00:00+02:00,-4.54
2022-06-04T02:01:00+02:00,-4.56
2022-06-04T03:00:00+02:00,-4.57
2022-06-04T06:00:00+02:00,-4.58
2022-06-04T09:00:00+02:00,-4.58
2022-06-04T12:00:00+02:00,-4.58
2022-06-04T15:00:00+02:00,-4.58
2022-06-04T18:00:00+02:00,-4.57
2022-06-04T21:00:00+02:00,-4.55
2022-06-05T02:01:00+02:00,-4.55
2022-06-05T03:00:00+02:00,-4.56
2022-06-05T06:00:00+02:00,-4.56
2022-06-05T09:00:00+02:00,-4.55
2022-06-05T12:00:00+02:00,-4.55
2022-06-05T15:00:00+02:00,-4.54
2022-06-05T18:00:00+02:00,-4.53
2022-06-05T21:00:00+02:00,-4.54
2022-06-06T02:01:00+02:00,-4.53
2022-06-06T03:00:00+02:00,-4.54
2022-06-06T06:00:00+02:00,-4.54
2022-06-06T09:00:00+02:00,-4.54
2022-06-06T12:00:00+02:00,-4.53
2022-06-06T15:00:00+02:00,-4.54
2022-06-06T18:00:00+02:00,-4.54
2022-06-06T21:00:00+02:00,-4.53
2022-06-07T02:01:00+02:00,-4.53
2022-06-07T03:00:00+02:00,-4.52
2022-06-07T06:00:00+02:00,-4.53
2022-06-07T09:00:00+02:00,-4.53
2022-06-07T12:00:00+02:00,-4.53
2022-06-07T15:00:00+02:00,-4.52
2022-06-07T18:00:00+02:00,-4.52
2022-06-07T21:00:00+02:00,-4.52
2022-06-08T02:01:00+02:00,-4.51
2022-06-08T03:00:00+02:00,-4.5
2022-06-08T06:00:00+02:00,-4.5
2022-06-08T09:00:00+02:00,-4.5
2022-06-08T12:00:00+02:00,-4.49
2022-06-08T15:00:00+02:00,-4.49
2022-06-08T18:00:00+02:00,-4.5
2022-06-08T21:00:00+02:00,-4.5
2022-06-09T02:01:00+02:00,-4.5
2022-06-09T03:00:00+02:00,-4.51
2022-06-09T06:00:00+02:00,-4.52
2022-06-09T09:00:00+02:00,-4.53
2022-06-09T12:00:00+02:00,-4.52
2022-06-09T15:00:00+02:00,-4.52
2022-06-09T18:00:00+02:00,-4.51
2022-06-09T21:00:00+02:00,-4.51
2022-06-10T02:01:00+02:00,-4.52
2022-06-10T03:00:00+02:00,-4.53
2022-06-10T06:00:00+02:00,-4.53
2022-06-10T09:00:00+02:00,-4.54
2022-06-10T12:00:00+02:00,-4.53
2022-06-10T15:00:00+02:00,-4.51
2022-06-10T18:00:00+02:00,-4.5
2022-06-10T21:00:00+02:00,-4.5
2022-06-11T02:01:00+02:00,-4.5
2022-06-11T03:00:00+02:00,-4.52
2022-06-11T06:00:00+02:00,-4.53
2022-06-11T09:00:00+02:00,-4.54
2022-06-11T12:00:00+02:00,-4.53
2022-06-11T15:00:00+02:00,-4.51
2022-06-11T18:00:00+02:00,-4.5
2022-06-11T21:00:00+02:00,-4.5
2022-06-12T02:01:00+02:00,-4.52
2022-06-12T03:00:00+02:00,-4.53
2022-06-12T06:00:00+02:00,-4.54
2022-06-12T09:00:00+02:00,-4.54
2022-06-12T12:00:00+02:00,-4.54
2022-06-12T15:00:00+02:00,-4.53
2022-06-12T18:00:00+02:00,-4.53
2022-06-12T21:00:00+02:00,-4.54
2022-06-13T02:01:00+02:00,-4.54
2022-06-13T03:00:00+02:00,-4.54
2022-06-13T06:00:00+02:00,-4.56
2022-06-13T09:00:00+02:00,-4.57
2022-06-13T12:00:00+02:00,-4.57
2022-06-13T15:00:00+02:00,-4.57
2022-06-13T18:00:00+02:00,-4.57
2022-06-13T21:00:00+02:00,-4.57
2022-06-14T02:01:00+02:00,-4.57
2022-06-14T03:00:00+02:00,-4.57
2022-06-14T06:00:00+02:00,-4.57
2022-06-14T09:00:00+02:00,-4.57
2022-06-14T12:00:00+02:00,-4.57
2022-06-14T15:00:00+02:00,-4.55
2022-06-14T18:00:00+02:00,-4.54
2022-06-14T21:00:00+02:00,-4.53
2022-06-15T02:01:00+02:00,-4.53
2022-06-15T03:00:00+02:00,-4.54
2022-06-15T06:00:00+02:00,-4.55
2022-06-15T09:00:00+02:00,-4.55
2022-06-15T12:00:00+02:00,-4.54
2022-06-15T15:00:00+02:00,-4.53
2022-06-15T18:00:00+02:00,-4.52
2022-06-15T21:00:00+02:00,-4.52
2022-06-16T02:01:00+02:00,-4.53
2022-06-16T03:00:00+02:00,-4.54
2022-06-16T06:00:00+02:00,-4.56
2022-06-16T09:00:00+02:00,-4.57
2022-06-16T12:00:00+02:00,-4.56
2022-06-16T15:00:00+02:00,-4.53
2022-06-16T18:00:00+02:00,-4.51
2022-06-16T21:00:00+02:00,-4.51
2022-06-17T02:01:00+02:00,-4.51
2022-06-17T03:00:00+02:00,-4.53
2022-06-17T06:00:00+02:00,-4.54
2022-06-17T09:00:00+02:00,-4.55
2022-06-17T12:00:00+02:00,-4.52
2022-06-17T15:00:00+02:00,-4.5
2022-06-17T18:00:00+02:00,-4.49
2022-06-17T21:00:00+02:00,-4.48
2022-06-18T02:01:00+02:00,-4.48
2022-06-18T03:00:00+02:00,-4.48
2022-06-18T06:00:00+02:00,-4.51
2022-06-18T09:00:00+02:00,-4.52
2022-06-18T12:00:00+02:00,-4.51
2022-06-18T15:00:00+02:00,-4.49
2022-06-18T18:00:00+02:00,-4.48
2022-06-18T21:00:00+02:00,-4.49
2022-06-19T02:01:00+02:00,-4.51
2022-06-19T03:00:00+02:00,-4.5
2022-06-19T06:00:00+02:00,-4.54
2022-06-19T09:00:00+02:00,-4.55
2022-06-19T12:00:00+02:00,-4.57
2022-06-19T15:00:00+02:00,-4.56
2022-06-19T18:00:00+02:00,-4.58
2022-06-19T21:00:00+02:00,-4.58
2022-06-20T02:01:00+02:00,-4.58
2022-06-20T03:00:00+02:00,-4.58
2022-06-20T06:00:00+02:00,-4.58
2022-06-20T09:00:00+02:00,-4.59
2022-06-20T12:00:00+02:00,-4.59
2022-06-20T15:00:00+02:00,-4.59
2022-06-20T18:00:00+02:00,-4.59
2022-06-20T21:00:00+02:00,-4.59
2022-06-21T02:01:00+02:00,-4.59
2022-06-21T03:00:00+02:00,-4.59
2022-06-21T06:00:00+02:00,-4.6
2022-06-21T09:00:00+02:00,-4.59
2022-06-21T12:00:00+02:00,-4.6
2022-06-21T15:00:00+02:00,-4.58
2022-06-21T18:00:00+02:00,-4.56
2022-06-21T21:00:00+02:00,-4.56
2022-06-22T02:01:00+02:00,-4.58
2022-06-22T03:00:00+02:00,-4.59
2022-06-22T06:00:00+02:00,-4.6
2022-06-22T09:00:00+02:00,-4.6
2022-06-22T12:00:00+02:00,-4.59
2022-06-22T15:00:00+02:00,-4.56
2022-06-22T18:00:00+02:00,-4.54
2022-06-22T21:00:00+02:00,-4.53
2022-06-23T02:01:00+02:00,-4.54
2022-06-23T03:00:00+02:00,-4.56
2022-06-23T06:00:00+02:00,-4.58
2022-06-23T09:00:00+02:00,-4.58
2022-06-23T12:00:00+02:00,-4.55
2022-06-23T15:00:00+02:00,-4.51
2022-06-23T18:00:00+02:00,-4.51
2022-06-23T21:00:00+02:00,-4.5
2022-06-24T02:01:00+02:00,-4.49
2022-06-24T03:00:00+02:00,-4.47
2022-06-24T06:00:00+02:00,-4.51
2022-06-24T09:00:00+02:00,-4.52
2022-06-24T12:00:00+02:00,-4.52
2022-06-24T15:00:00+02:00,-4.51
2022-06-24T18:00:00+02:00,-4.5
2022-06-24T21:00:00+02:00,-4.51
2022-06-25T02:01:00+02:00,-4.51
2022-06-25T03:00:00+02:00,-4.52
2022-06-25T06:00:00+02:00,-4.54
2022-06-25T09:00:00+02:00,-4.54
2022-06-25T12:00:00+02:00,-4.54
2022-06-25T15:00:00+02:00,-4.54
2022-06-25T18:00:00+02:00,-4.53
2022-06-25T21:00:00+02:00,-4.53
2022-06-26T02:01:00+02:00,-4.55
2022-06-26T03:00:00+02:00,-4.55
2022-06-26T06:00:00+02:00,-4.57
2022-06-26T09:00:00+02:00,-4.57
2022-06-26T12:00:00+02:00,-4.57
2022-06-26T15:00:00+02:00,-4.56
2022-06-26T18:00:00+02:00,-4.54
2022-06-26T21:00:00+02:00,-4.53
2022-06-27T02:01:00+02:00,-4.54
2022-06-27T03:00:00+02:00,-4.55
2022-06-27T06:00:00+02:00,-4.56
2022-06-27T09:00:00+02:00,-4.57
2022-06-27T12:00:00+02:00,-4.56
2022-06-27T15:00:00+02:00,-4.54
2022-06-27T18:00:00+02:00,-4.57
2022-06-27T21:00:00+02:00,-4.57
2022-06-28T02:01:00+02:00,-4.57
2022-06-28T03:00:00+02:00,-4.58
2022-06-28T06:00:00+02:00,-4.58
2022-06-28T09:00:00+02:00,-4.58
2022-06-28T12:00:00+02:00,-4.57
2022-06-28T15:00:00+02:00,-4.54
2022-06-28T18:00:00+02:00,-4.53
2022-06-28T21:00:00+02:00,-4.51
2022-06-29T02:01:00+02:00,-4.51
2022-06-29T03:00:00+02:00,-4.52
2022-06-29T06:00:00+02:00,-4.53
2022-06-29T09:00:00+02:00,-4.54
2022-06-29T12:00:00+02:00,-4.51
2022-06-29T15:00:00+02:00,-4.49
2022-06-29T18:00:00+02:00,-4.48
2022-06-29T21:00:00+02:00,-4.49
2022-06-30T02:01:00+02:00,-4.48
2022-06-30T03:00:00+02:00,-4.5
2022-06-30T06:00:00+02:00,-4.51
2022-06-30T09:00:00+02:00,-4.53
2022-06-30T12:00:00+02:00,-4.53
2022-06-30T15:00:00+02:00,-4.52
2022-06-30T18:00:00+02:00,-4.54
2022-06-30T21:00:00+02:00,-4.54
2022-07-01T02:01:00+02:00,-4.54
2022-07-01T03:00:00+02:00,-4.56
2022-07-01T06:00:00+02:00,-4.57
2022-07-01T09:00:00+02:00,-4.58
2022-07-01T12:00:00+02:00,-4.57
2022-07-01T15:00:00+02:00,-4.57
2022-07-01T18:00:00+02:00,-4.57
2022-07-01T21:00:00+02:00,-4.56
2022-07-02T02:01:00+02:00,-4.57
2022-07-02T03:00:00+02:00,-4.57
2022-07-02T06:00:00+02:00,-4.58
2022-07-02T09:00:00+02:00,-4.58
2022-07-02T12:00:00+02:00,-4.56
2022-07-02T15:00:00+02:00,-4.54
2022-07-02T18:00:00+02:00,-4.53
2022-07-02T21:00:00+02:00,-4.52
2022-07-03T02:01:00+02:00,-4.53
2022-07-03T03:00:00+02:00,-4.54
2022-07-03T06:00:00+02:00,-4.56
2022-07-03T09:00:00+02:00,-4.57
2022-07-03T12:00:00+02:00,-4.56
2022-07-03T15:00:00+02:00,-4.56
2022-07-03T18:00:00+02:00,-4.55
2022-07-03T21:00:00+02:00,-4.56
2022-07-04T02:01:00+02:00,-4.57
2022-07-04T03:00:00+02:00,-4.58
2022-07-04T06:00:00+02:00,-4.58
2022-07-04T09:00:00+02:00,-4.59
2022-07-04T12:00:00+02:00,-4.57
2022-07-04T15:00:00+02:00,-4.56
2022-07-04T18:00:00+02:00,-4.55
2022-07-04T21:00:00+02:00,-4.56
2022-07-05T02:01:00+02:00,-4.57
2022-07-05T03:00:00+02:00,-4.58
2022-07-05T06:00:00+02:00,-4.59
2022-07-05T09:00:00+02:00,-4.6
2022-07-05T12:00:00+02:00,-4.59
2022-07-05T15:00:00+02:00,-4.58
2022-07-05T18:00:00+02:00,-4.59
2022-07-05T21:00:00+02:00,-4.6
2022-07-06T02:01:00+02:00,-4.61
2022-07-06T03:00:00+02:00,-4.61
2022-07-06T06:00:00+02:00,-4.62
2022-07-06T09:00:00+02:00,-4.62
2022-07-06T12:00:00+02:00,-4.61
2022-07-06T15:00:00+02:00,-4.59
2022-07-06T18:00:00+02:00,-4.58
2022-07-06T21:00:00+02:00,-4.58
2022-07-07T02:01:00+02:00,-4.58
2022-07-07T03:00:00+02:00,-4.58
2022-07-07T06:00:00+02:00,-4.6
2022-07-07T09:00:00+02:00,-4.61
2022-07-07T12:00:00+02:00,-4.62
2022-07-07T15:00:00+02:00,-4.62
2022-07-07T18:00:00+02:00,-4.63
2022-07-07T21:00:00+02:00,-4.63
2022-07-08T02:01:00+02:00,-4.64
2022-07-08T03:00:00+02:00,-4.63
2022-07-08T06:00:00+02:00,-4.64
2022-07-08T09:00:00+02:00,-4.64
2022-07-08T12:00:00+02:00,-4.63
2022-07-08T15:00:00+02:00,-4.61
2022-07-08T18:00:00+02:00,-4.59
2022-07-08T21:00:00+02:00,-4.59
2022-07-09T02:01:00+02:00,-4.6
2022-07-09T03:00:00+02:00,-4.61
2022-07-09T06:00:00+02:00,-4.62
2022-07-09T09:00:00+02:00,-4.62
2022-07-09T12:00:00+02:00,-4.61
2022-07-09T15:00:00+02:00,-4.6
2022-07-09T18:00:00+02:00,-4.6
2022-07-09T21:00:00+02:00,-4.61
2022-07-10T02:01:00+02:00,-4.61
2022-07-10T03:00:00+02:00,-4.62
2022-07-10T06:00:00+02:00,-4.62
2022-07-10T09:00:00+02:00,-4.63
2022-07-10T12:00:00+02:00,-4.62
2022-07-10T15:00:00+02:00,-4.61
2022-07-10T18:00:00+02:00,-4.59
2022-07-10T21:00:00+02:00,-4.59
2022-07-11T02:01:00+02:00,-4.6
2022-07-11T03:00:00+02:00,-4.61
2022-07-11T06:00:00+02:00,-4.61
2022-07-11T09:00:00+02:00,-4.62
2022-07-11T12:00:00+02:00,-4.62
2022-07-11T15:00:00+02:00,-4.59
2022-07-11T18:00:00+02:00,-4.57
2022-07-11T21:00:00+02:00,-4.56
2022-07-12T02:01:00+02:00,-4.57
2022-07-12T03:00:00+02:00,-4.59
2022-07-12T06:00:00+02:00,-4.6
2022-07-12T09:00:00+02:00,-4.61
2022-07-12T12:00:00+02:00,-4.58
2022-07-12T15:00:00+02:00,-4.56
2022-07-12T18:00:00+02:00,-4.55
2022-07-12T21:00:00+02:00,-4.54
2022-07-13T02:01:00+02:00,-4.53
2022-07-13T03:00:00+02:00,-4.53
2022-07-13T06:00:00+02:00,-4.54
2022-07-13T09:00:00+02:00,-4.55
2022-07-13T12:00:00+02:00,-4.55
2022-07-13T15:00:00+02:00,-4.55
2022-07-13T18:00:00+02:00,-4.55
2022-07-13T21:00:00+02:00,-4.56
2022-07-14T02:01:00+02:00,-4.58
2022-07-14T03:00:00+02:00,-4.6
2022-07-14T06:00:00+02:00,-4.61
2022-07-14T09:00:00+02:00,-4.61
2022-07-14T12:00:00+02:00,-4.61
2022-07-14T15:00:00+02:00,-4.59
2022-07-14T18:00:00+02:00,-4.59
2022-07-14T21:00:00+02:00,-4.59
2022-07-15T02:01:00+02:00,-4.61
2022-07-15T03:00:00+02:00,-4.62
2022-07-15T06:00:00+02:00,-4.63
2022-07-15T09:00:00+02:00,-4.63
2022-07-15T12:00:00+02:00,-4.63
2022-07-15T15:00:00+02:00,-4.61
2022-07-15T18:00:00+02:00,-4.6
2022-07-15T21:00:00+02:00,-4.6
2022-07-16T02:01:00+02:00,-4.6
2022-07-16T03:00:00+02:00,-4.62
2022-07-16T06:00:00+02:00,-4.63
2022-07-16T09:00:00+02:00,-4.64
2022-07-16T12:00:00+02:00,-4.64
2022-07-16T15:00:00+02:00,-4.63
2022-07-16T18:00:00+02:00,-4.63
2022-07-16T21:00:00+02:00,-4.63
2022-07-17T02:01:00+02:00,-4.65
2022-07-17T03:00:00+02:00,-4.66
2022-07-17T06:00:00+02:00,-4.67
2022-07-17T09:00:00+02:00,-4.67
2022-07-17T12:00:00+02:00,-4.65
2022-07-17T15:00:00+02:00,-4.63
2022-07-17T18:00:00+02:00,-4.6
2022-07-17T21:00:00+02:00,-4.59
2022-07-18T02:01:00+02:00,-4.59
2022-07-18T03:00:00+02:00,-4.6
2022-07-18T06:00:00+02:00,-4.61
2022-07-18T09:00:00+02:00,-4.62
2022-07-18T12:00:00+02:00,-4.59
2022-07-18T15:00:00+02:00,-4.57
2022-07-18T18:00:00+02:00,-4.57
2022-07-18T21:00:00+02:00,-4.56
2022-07-19T02:01:00+02:00,-4.55
2022-07-19T03:00:00+02:00,-4.56
2022-07-19T06:00:00+02:00,-4.57
2022-07-19T09:00:00+02:00,-4.57
2022-07-19T12:00:00+02:00,-4.56
2022-07-19T15:00:00+02:00,-4.54
2022-07-19T18:00:00+02:00,-4.54
2022-07-19T21:00:00+02:00,-4.54
2022-07-20T02:01:00+02:00,-4.54
2022-07-20T03:00:00+02:00,-4.54
2022-07-20T06:00:00+02:00,-4.55
2022-07-20T09:00:00+02:00,-4.56
2022-07-20T12:00:00+02:00,-4.57
2022-07-20T15:00:00+02:00,-4.56
2022-07-20T18:00:00+02:00,-4.57
2022-07-20T21:00:00+02:00,-4.56
2022-07-21T02:01:00+02:00,-4.57
2022-07-21T03:00:00+02:00,-4.58
2022-07-21T06:00:00+02:00,-4.59
2022-07-21T09:00:00+02:00,-4.61
2022-07-21T12:00:00+02:00,-4.61
2022-07-21T15:00:00+02:00,-4.63
2022-07-21T18:00:00+02:00,-4.64
2022-07-21T21:00:00+02:00,-4.65
2022-07-22T02:01:00+02:00,-4.65
2022-07-22T03:00:00+02:00,-4.66
2022-07-22T06:00:00+02:00,-4.66
2022-07-22T09:00:00+02:00,-4.66
2022-07-22T12:00:00+02:00,-4.66
2022-07-22T15:00:00+02:00,-4.65
2022-07-22T18:00:00+02:00,-4.63
2022-07-22T21:00:00+02:00,-4.63
2022-07-23T02:01:00+02:00,-4.64
2022-07-23T03:00:00+02:00,-4.64
2022-07-23T06:00:00+02:00,-4.65
2022-07-23T09:00:00+02:00,-4.65
2022-07-23T12:00:00+02:00,-4.64
2022-07-23T15:00:00+02:00,-4.61
2022-07-23T18:00:00+02:00,-4.59
2022-07-23T21:00:00+02:00,-4.58
2022-07-24T02:01:00+02:00,-4.58
2022-07-24T03:00:00+02:00,-4.57
2022-07-24T06:00:00+02:00,-4.59
2022-07-24T09:00:00+02:00,-4.59
2022-07-24T12:00:00+02:00,-4.57
2022-07-24T15:00:00+02:00,-4.55
2022-07-24T18:00:00+02:00,-4.54
2022-07-24T21:00:00+02:00,-4.52
2022-07-25T02:01:00+02:00,-4.52
2022-07-25T03:00:00+02:00,-4.52
2022-07-25T06:00:00+02:00,-4.52
2022-07-25T09:00:00+02:00,-4.54
2022-07-25T12:00:00+02:00,-4.55
2022-07-25T15:00:00+02:00,-4.55
2022-07-25T18:00:00+02:00,-4.56
2022-07-25T21:00:00+02:00,-4.57
2022-07-26T02:01:00+02:00,-4.58
2022-07-26T03:00:00+02:00,-4.58
2022-07-26T06:00:00+02:00,-4.6
2022-07-26T09:00:00+02:00,-4.62
2022-07-26T12:00:00+02:00,-4.63
2022-07-26T15:00:00+02:00,-4.63
2022-07-26T18:00:00+02:00,-4.62
2022-07-26T21:00:00+02:00,-4.63
2022-07-27T02:01:00+02:00,-4.64
2022-07-27T03:00:00+02:00,-4.64
2022-07-27T06:00:00+02:00,-4.65
2022-07-27T09:00:00+02:00,-4.66
2022-07-27T12:00:00+02:00,-4.65
2022-07-27T15:00:00+02:00,-4.64
2022-07-27T18:00:00+02:00,-4.63
2022-07-27T21:00:00+02:00,-4.63
2022-07-28T02:01:00+02:00,-4.64
2022-07-28T03:00:00+02:00,-4.64
2022-07-28T06:00:00+02:00,-4.65
2022-07-28T09:00:00+02:00,-4.65
2022-07-28T12:00:00+02:00,-4.64
2022-07-28T15:00:00+02:00,-4.63
2022-07-28T18:00:00+02:00,-4.61
2022-07-28T21:00:00+02:00,-4.61
2022-07-29T02:01:00+02:00,-4.61
2022-07-29T03:00:00+02:00,-4.62
2022-07-29T06:00:00+02:00,-4.64
2022-07-29T09:00:00+02:00,-4.65
2022-07-29T12:00:00+02:00,-4.64
2022-07-29T15:00:00+02:00,-4.62
2022-07-29T18:00:00+02:00,-4.6
2022-07-29T21:00:00+02:00,-4.59
2022-07-30T02:01:00+02:00,-4.61
2022-07-30T03:00:00+02:00,-4.63
2022-07-30T06:00:00+02:00,-4.65
2022-07-30T09:00:00+02:00,-4.65
2022-07-30T12:00:00+02:00,-4.64
2022-07-30T15:00:00+02:00,-4.62
2022-07-30T18:00:00+02:00,-4.6
2022-07-30T21:00:00+02:00,-4.59
2022-07-31T02:01:00+02:00,-4.59
2022-07-31T03:00:00+02:00,-4.59
2022-07-31T06:00:00+02:00,-4.59
2022-07-31T09:00:00+02:00,-4.59
2022-07-31T12:00:00+02:00,-4.58
2022-07-31T15:00:00+02:00,-4.58
2022-07-31T18:00:00+02:00,-4.58
2022-07-31T21:00:00+02:00,-4.58
2022-08-01T02:01:00+02:00,-4.58
2022-08-01T03:00:00+02:00,-4.59
2022-08-01T06:00:00+02:00,-4.6
2022-08-01T09:00:00+02:00,-4.61
2022-08-01T12:00:00+02:00,-4.61
2022-08-01T15:00:00+02:00,-4.6
2022-08-01T18:00:00+02:00,-4.59
2022-08-01T21:00:00+02:00,-4.59
2022-08-02T02:01:00+02:00,-4.6
2022-08-02T03:00:00+02:00,-4.61
2022-08-02T06:00:00+02:00,-4.62
2022-08-02T09:00:00+02:00,-4.62
2022-08-02T12:00:00+02:00,-4.6
2022-08-02T15:00:00+02:00,-4.57
2022-08-02T18:00:00+02:00,-4.56
2022-08-02T21:00:00+02:00,-4.55
2022-08-03T02:01:00+02:00,-4.55
2022-08-03T03:00:00+02:00,-4.56
2022-08-03T06:00:00+02:00,-4.58
2022-08-03T09:00:00+02:00,-4.58
2022-08-03T12:00:00+02:00,-4.57
2022-08-03T15:00:00+02:00,-4.56
2022-08-03T18:00:00+02:00,-4.55
2022-08-03T21:00:00+02:00,-4.55
2022-08-04T02:01:00+02:00,-4.55
2022-08-04T03:00:00+02:00,-4.55
2022-08-04T06:00:00+02:00,-4.57
2022-08-04T09:00:00+02:00,-4.58
2022-08-04T12:00:00+02:00,-4.58
2022-08-04T15:00:00+02:00,-4.58
2022-08-04T18:00:00+02:00,-4.58
2022-08-04T21:00:00+02:00,-4.59
2022-08-05T02:01:00+02:00,-4.61
2022-08-05T03:00:00+02:00,-4.62
2022-08-05T06:00:00+02:00,-4.64
2022-08-05T09:00:00+02:00,-4.66
2022-08-05T12:00:00+02:00,-4.66
2022-08-05T15:00:00+02:00,-4.67
2022-08-05T18:00:00+02:00,-4.66
2022-08-05T21:00:00+02:00,-4.68
2022-08-06T02:01:00+02:00,-4.7
2022-08-06T03:00:00+02:00,-4.7
2022-08-06T06:00:00+02:00,-4.72
2022-08-06T09:00:00+02:00,-4.72
2022-08-06T12:00:00+02:00,-4.71
2022-08-06T15:00:00+02:00,-4.69
2022-08-06T18:00:00+02:00,-4.68
2022-08-06T21:00:00+02:00,-4.69
2022-08-07T02:01:00+02:00,-4.7
2022-08-07T03:00:00+02:00,-4.71
2022-08-07T06:00:00+02:00,-4.71
2022-08-07T09:00:00+02:00,-4.72
2022-08-07T12:00:00+02:00,-4.7
2022-08-07T15:00:00+02:00,-4.68
2022-08-07T18:00:00+02:00,-4.67
2022-08-07T21:00:00+02:00,-4.68
2022-08-08T02:01:00+02:00,-4.69
2022-08-08T03:00:00+02:00,-4.7
2022-08-08T06:00:00+02:00,-4.71
2022-08-08T09:00:00+02:00,-4.72
2022-08-08T12:00:00+02:00,-4.7
2022-08-08T15:00:00+02:00,-4.68
2022-08-08T18:00:00+02:00,-4.68
2022-08-08T21:00:00+02:00,-4.67
2022-08-09T02:01:00+02:00,-4.69
2022-08-09T03:00:00+02:00,-4.7
2022-08-09T06:00:00+02:00,-4.72
2022-08-09T09:00:00+02:00,-4.73
2022-08-09T12:00:00+02:00,-4.71
2022-08-09T15:00:00+02:00,-4.69
2022-08-09T18:00:00+02:00,-4.68
2022-08-09T21:00:00+02:00,-4.66
2022-08-10T02:01:00+02:00,-4.67
2022-08-10T03:00:00+02:00,-4.68
2022-08-10T06:00:00+02:00,-4.7
2022-08-10T09:00:00+02:00,-4.71
2022-08-10T12:00:00+02:00,-4.68
2022-08-10T15:00:00+02:00,-4.66
2022-08-10T18:00:00+02:00,-4.65
2022-08-10T21:00:00+02:00,-4.65
2022-08-11T02:01:00+02:00,-4.64
2022-08-11T03:00:00+02:00,-4.65
2022-08-11T06:00:00+02:00,-4.66
2022-08-11T09:00:00+02:00,-4.67
2022-08-11T12:00:00+02:00,-4.66
2022-08-11T15:00:00+02:00,-4.64
2022-08-11T18:00:00+02:00,-4.63
2022-08-11T21:00:00+02:00,-4.63
2022-08-12T02:01:00+02:00,-4.63
2022-08-12T03:00:00+02:00,-4.62
2022-08-12T06:00:00+02:00,-4.64
2022-08-12T09:00:00+02:00,-4.65
2022-08-12T12:00:00+02:00,-4.63
2022-08-12T15:00:00+02:00,-4.62
2022-08-12T18:00:00+02:00,-4.62
2022-08-12T21:00:00+02:00,-4.62
2022-08-13T02:01:00+02:00,-4.62
2022-08-13T03:00:00+02:00,-4.62
2022-08-13T06:00:00+02:00,-4.62
2022-08-13T09:00:00+02:00,-4.64
2022-08-13T12:00:00+02:00,-4.62
2022-08-13T15:00:00+02:00,-4.61
2022-08-13T18:00:00+02:00,-4.61
2022-08-13T21:00:00+02:00,-4.61
2022-08-14T02:01:00+02:00,-4.6
2022-08-14T03:00:00+02:00,-4.6
2022-08-14T06:00:00+02:00,-4.6
2022-08-14T09:00:00+02:00,-4.6
2022-08-14T12:00:00+02:00,-4.6
2022-08-14T15:00:00+02:00,-4.59
2022-08-14T18:00:00+02:00,-4.58
2022-08-14T21:00:00+02:00,-4.58
2022-08-15T02:01:00+02:00,-4.58
2022-08-15T03:00:00+02:00,-4.57
2022-08-15T06:00:00+02:00,-4.58
2022-08-15T09:00:00+02:00,-4.59
2022-08-15T12:00:00+02:00,-4.59
2022-08-15T15:00:00+02:00,-4.58
2022-08-15T18:00:00+02:00,-4.59
2022-08-15T21:00:00+02:00,-4.59
2022-08-16T02:01:00+02:00,-4.59
2022-08-16T03:00:00+02:00,-4.6
2022-08-16T06:00:00+02:00,-4.61
2022-08-16T09:00:00+02:00,-4.62
2022-08-16T12:00:00+02:00,-4.61
2022-08-16T15:00:00+02:00,-4.59
2022-08-16T18:00:00+02:00,-4.59
2022-08-16T21:00:00+02:00,-4.59
2022-08-17T02:01:00+02:00,-4.59
2022-08-17T03:00:00+02:00,-4.61
2022-08-17T06:00:00+02:00,-4.6
2022-08-17T09:00:00+02:00,-4.61
2022-08-17T12:00:00+02:00,-4.62
2022-08-17T15:00:00+02:00,-4.6
2022-08-17T18:00:00+02:00,-4.6
2022-08-17T21:00:00+02:00,-4.59
2022-08-18T02:01:00+02:00,-4.6
2022-08-18T03:00:00+02:00,-4.6
2022-08-18T06:00:00+02:00,-4.61
2022-08-18T09:00:00+02:00,-4.62
2022-08-18T12:00:00+02:00,-4.6
2022-08-18T15:00:00+02:00,-4.59
2022-08-18T18:00:00+02:00,-4.58
2022-08-18T21:00:00+02:00,-4.58
2022-08-19T02:01:00+02:00,-4.58
2022-08-19T03:00:00+02:00,-4.58
2022-08-19T06:00:00+02:00,-4.59
2022-08-19T09:00:00+02:00,-4.61
2022-08-19T12:00:00+02:00,-4.59
2022-08-19T15:00:00+02:00,-4.57
2022-08-19T18:00:00+02:00,-4.56
2022-08-19T21:00:00+02:00,-4.56
2022-08-20T02:01:00+02:00,-4.57
2022-08-20T03:00:00+02:00,-4.58
2022-08-20T06:00:00+02:00,-4.6
2022-08-20T09:00:00+02:00,-4.61
2022-08-20T12:00:00+02:00,-4.6
2022-08-20T15:00:00+02:00,-4.58
2022-08-20T18:00:00+02:00,-4.57
2022-08-20T21:00:00+02:00,-4.57
2022-08-21T02:01:00+02:00,-4.58
2022-08-21T03:00:00+02:00,-4.6
2022-08-21T06:00:00+02:00,-4.61
2022-08-21T09:00:00+02:00,-4.62
2022-08-21T12:00:00+02:00,-4.61
2022-08-21T15:00:00+02:00,-4.58
2022-08-21T18:00:00+02:00,-4.57
2022-08-21T21:00:00+02:00,-4.57
2022-08-22T02:01:00+02:00,-4.58
2022-08-22T03:00:00+02:00,-4.58
2022-08-22T06:00:00+02:00,-4.61
2022-08-22T09:00:00+02:00,-4.61
2022-08-22T12:00:00+02:00,-4.59
2022-08-22T15:00:00+02:00,-4.56
2022-08-22T18:00:00+02:00,-4.55
2022-08-22T21:00:00+02:00,-4.54
2022-08-23T02:01:00+02:00,-4.54
2022-08-23T03:00:00+02:00,-4.55
2022-08-23T06:00:00+02:00,-4.56
2022-08-23T09:00:00+02:00,-4.57
2022-08-23T12:00:00+02:00,-4.56
2022-08-23T15:00:00+02:00,-4.55
2022-08-23T18:00:00+02:00,-4.54
2022-08-23T21:00:00+02:00,-4.54
2022-08-24T02:01:00+02:00,-4.54
2022-08-24T03:00:00+02:00,-4.55
2022-08-24T06:00:00+02:00,-4.56
2022-08-24T09:00:00+02:00,-4.57
2022-08-24T12:00:00+02:00,-4.55
2022-08-24T15:00:00+02:00,-4.54
2022-08-24T18:00:00+02:00,-4.54
2022-08-24T21:00:00+02:00,-4.54
2022-08-25T02:01:00+02:00,-4.53
2022-08-25T03:00:00+02:00,-4.53
2022-08-25T06:00:00+02:00,-4.53
2022-08-25T09:00:00+02:00,-4.53
2022-08-25T12:00:00+02:00,-4.53
2022-08-25T15:00:00+02:00,-4.52
2022-08-25T18:00:00+02:00,-4.52
2022-08-25T21:00:00+02:00,-4.53
2022-08-26T02:01:00+02:00,-4.54
2022-08-26T03:00:00+02:00,-4.55
2022-08-26T06:00:00+02:00,-4.57
2022-08-26T09:00:00+02:00,-4.58
2022-08-26T12:00:00+02:00,-4.57
2022-08-26T15:00:00+02:00,-4.58
2022-08-26T18:00:00+02:00,-4.58
2022-08-26T21:00:00+02:00,-4.58
2022-08-27T02:01:00+02:00,-4.6
2022-08-27T03:00:00+02:00,-4.61
2022-08-27T06:00:00+02:00,-4.62
2022-08-27T09:00:00+02:00,-4.63
2022-08-27T12:00:00+02:00,-4.61
2022-08-27T15:00:00+02:00,-4.6
2022-08-27T18:00:00+02:00,-4.59
2022-08-27T21:00:00+02:00,-4.6
2022-08-28T02:01:00+02:00,-4.61
2022-08-28T03:00:00+02:00,-4.62
2022-08-28T06:00:00+02:00,-4.63
2022-08-28T09:00:00+02:00,-4.64
2022-08-28T12:00:00+02:00,-4.63
2022-08-28T15:00:00+02:00,-4.61
2022-08-28T18:00:00+02:00,-4.6
2022-08-28T21:00:00+02:00,-4.61
2022-08-29T02:01:00+02:00,-4.62
2022-08-29T03:00:00+02:00,-4.63
2022-08-29T06:00:00+02:00,-4.64
2022-08-29T09:00:00+02:00,-4.64
2022-08-29T12:00:00+02:00,-4.64
2022-08-29T15:00:00+02:00,-4.62
2022-08-29T18:00:00+02:00,-4.61
2022-08-29T21:00:00+02:00,-4.6
2022-08-30T02:01:00+02:00,-4.61
2022-08-30T03:00:00+02:00,-4.62
2022-08-30T06:00:00+02:00,-4.64
2022-08-30T09:00:00+02:00,-4.64
2022-08-30T12:00:00+02:00,-4.62
2022-08-30T15:00:00+02:00,-4.6
2022-08-30T18:00:00+02:00,-4.59
2022-08-30T21:00:00+02:00,-4.59
2022-08-31T02:01:00+02:00,-4.6
2022-08-31T03:00:00+02:00,-4.61
2022-08-31T06:00:00+02:00,-4.63
2022-08-31T09:00:00+02:00,-4.64
2022-08-31T12:00:00+02:00,-4.63
2022-08-31T15:00:00+02:00,-4.61
2022-08-31T18:00:00+02:00,-4.6
2022-08-31T21:00:00+02:00,-4.59
2022-09-01T02:01:00+02:00,-4.6
2022-09-01T03:00:00+02:00,-4.62
2022-09-01T06:00:00+02:00,-4.63
2022-09-01T09:00:00+02:00,-4.64
2022-09-01T12:00:00+02:00,-4.63
2022-09-01T15:00:00+02:00,-4.59
2022-09-01T18:00:00+02:00,-4.58
2022-09-01T21:00:00+02:00,-4.57
2022-09-02T02:01:00+02:00,-4.57
2022-09-02T03:00:00+02:00,-4.58
2022-09-02T06:00:00+02:00,-4.6
2022-09-02T09:00:00+02:00,-4.61
2022-09-02T12:00:00+02:00,-4.6
2022-09-02T15:00:00+02:00,-4.58
2022-09-02T18:00:00+02:00,-4.56
2022-09-02T21:00:00+02:00,-4.55
2022-09-03T02:01:00+02:00,-4.55
2022-09-03T03:00:00+02:00,-4.57
2022-09-03T06:00:00+02:00,-4.59
2022-09-03T09:00:00+02:00,-4.61
2022-09-03T12:00:00+02:00,-4.59
2022-09-03T15:00:00+02:00,-4.57
2022-09-03T18:00:00+02:00,-4.55
2022-09-03T21:00:00+02:00,-4.55
2022-09-04T02:01:00+02:00,-4.54
2022-09-04T03:00:00+02:00,-4.57
2022-09-04T06:00:00+02:00,-4.6
2022-09-04T09:00:00+02:00,-4.62
2022-09-04T12:00:00+02:00,-4.6
2022-09-04T15:00:00+02:00,-4.58
2022-09-04T18:00:00+02:00,-4.56
2022-09-04T21:00:00+02:00,-4.56
2022-09-05T02:01:00+02:00,-4.56
2022-09-05T03:00:00+02:00,-4.57
2022-09-05T06:00:00+02:00,-4.59
2022-09-05T09:00:00+02:00,-4.6
2022-09-05T12:00:00+02:00,-4.59
2022-09-05T15:00:00+02:00,-4.56
2022-09-05T18:00:00+02:00,-4.55
2022-09-05T21:00:00+02:00,-4.54
2022-09-06T02:01:00+02:00,-4.55
2022-09-06T03:00:00+02:00,-4.56
2022-09-06T06:00:00+02:00,-4.57
2022-09-06T09:00:00+02:00,-4.59
2022-09-06T12:00:00+02:00,-4.58
2022-09-06T15:00:00+02:00,-4.56
2022-09-06T18:00:00+02:00,-4.55
2022-09-06T21:00:00+02:00,-4.54
2022-09-07T02:01:00+02:00,-4.54
2022-09-07T03:00:00+02:00,-4.57
2022-09-07T06:00:00+02:00,-4.59
2022-09-07T09:00:00+02:00,-4.6
2022-09-07T12:00:00+02:00,-4.6
2022-09-07T15:00:00+02:00,-4.57
2022-09-07T18:00:00+02:00,-4.55
2022-09-07T21:00:00+02:00,-4.54
2022-09-08T02:01:00+02:00,-4.54
2022-09-08T03:00:00+02:00,-4.56
2022-09-08T06:00:00+02:00,-4.57
2022-09-08T09:00:00+02:00,-4.58
2022-09-08T12:00:00+02:00,-4.58
2022-09-08T15:00:00+02:00,-4.57
2022-09-08T18:00:00+02:00,-4.55
2022-09-08T21:00:00+02:00,-4.56
2022-09-09T02:01:00+02:00,-4.57
2022-09-09T03:00:00+02:00,-4.58
2022-09-09T06:00:00+02:00,-4.58
2022-09-09T09:00:00+02:00,-4.59
2022-09-09T12:00:00+02:00,-4.59
2022-09-09T15:00:00+02:00,-4.59
2022-09-09T18:00:00+02:00,-4.59
2022-09-09T21:00:00+02:00,-4.59
2022-09-10T02:01:00+02:00,-4.59
2022-09-10T03:00:00+02:00,-4.59
2022-09-10T06:00:00+02:00,-4.6
2022-09-10T09:00:00+02:00,-4.61
2022-09-10T12:00:00+02:00,-4.6
2022-09-10T15:00:00+02:00,-4.58
2022-09-10T18:00:00+02:00,-4.57
2022-09-10T21:00:00+02:00,-4.58
2022-09-11T02:01:00+02:00,-4.6
2022-09-11T03:00:00+02:00,-4.6
2022-09-11T06:00:00+02:00,-4.61
2022-09-11T09:00:00+02:00,-4.61
2022-09-11T12:00:00+02:00,-4.61
2022-09-11T15:00:00+02:00,-4.58
2022-09-11T18:00:00+02:00,-4.56
2022-09-11T21:00:00+02:00,-4.56
2022-09-12T02:01:00+02:00,-4.57
2022-09-12T03:00:00+02:00,-4.58
2022-09-12T06:00:00+02:00,-4.59
2022-09-12T09:00:00+02:00,-4.59
2022-09-12T12:00:00+02:00,-4.58
2022-09-12T15:00:00+02:00,-4.55
2022-09-12T18:00:00+02:00,-4.53
2022-09-12T21:00:00+02:00,-4.52
2022-09-13T02:01:00+02:00,-4.52
2022-09-13T03:00:00+02:00,-4.53
2022-09-13T06:00:00+02:00,-4.54
2022-09-13T09:00:00+02:00,-4.55
2022-09-13T12:00:00+02:00,-4.54
2022-09-13T15:00:00+02:00,-4.54
2022-09-13T18:00:00+02:00,-4.53
2022-09-13T21:00:00+02:00,-4.54
2022-09-14T02:01:00+02:00,-4.56
2022-09-14T03:00:00+02:00,-4.56
2022-09-14T06:00:00+02:00,-4.57
2022-09-14T09:00:00+02:00,-4.57
2022-09-14T12:00:00+02:00,-4.57
2022-09-14T15:00:00+02:00,-4.56
2022-09-14T18:00:00+02:00,-4.56
2022-09-14T21:00:00+02:00,-4.55
2022-09-15T02:01:00+02:00,-4.57
2022-09-15T03:00:00+02:00,-4.58
2022-09-15T06:00:00+02:00,-4.58
2022-09-15T09:00:00+02:00,-4.59
2022-09-15T12:00:00+02:00,-4.59
2022-09-15T15:00:00+02:00,-4.58
2022-09-15T18:00:00+02:00,-4.59
2022-09-15T21:00:00+02:00,-4.59
2022-09-16T02:01:00+02:00,-4.59
2022-09-16T03:00:00+02:00,-4.58
2022-09-16T06:00:00+02:00,-4.59
2022-09-16T09:00:00+02:00,-4.59
2022-09-16T12:00:00+02:00,-4.58
2022-09-16T15:00:00+02:00,-4.58
2022-09-16T18:00:00+02:00,-4.59
2022-09-16T21:00:00+02:00,-4.59
2022-09-17T02:01:00+02:00,-4.59
2022-09-17T03:00:00+02:00,-4.59
2022-09-17T06:00:00+02:00,-4.58
2022-09-17T09:00:00+02:00,-4.59
2022-09-17T12:00:00+02:00,-4.59
2022-09-17T15:00:00+02:00,-4.59
2022-09-17T18:00:00+02:00,-4.59
2022-09-17T21:00:00+02:00,-4.58
2022-09-18T02:01:00+02:00,-4.58
2022-09-18T03:00:00+02:00,-4.58
2022-09-18T06:00:00+02:00,-4.57
2022-09-18T09:00:00+02:00,-4.57
2022-09-18T12:00:00+02:00,-4.57
2022-09-18T15:00:00+02:00,-4.57
2022-09-18T18:00:00+02:00,-4.57
2022-09-18T21:00:00+02:00,-4.58
2022-09-19T02:01:00+02:00,-4.58
2022-09-19T03:00:00+02:00,-4.58
2022-09-19T06:00:00+02:00,-4.58
2022-09-19T09:00:00+02:00,-4.58
2022-09-19T12:00:00+02:00,-4.58
2022-09-19T15:00:00+02:00,-4.58
2022-09-19T18:00:00+02:00,-4.58
2022-09-19T21:00:00+02:00,-4.58
2022-09-20T02:01:00+02:00,-4.57
2022-09-20T03:00:00+02:00,-4.57
2022-09-20T06:00:00+02:00,-4.57
2022-09-20T09:00:00+02:00,-4.58
2022-09-20T12:00:00+02:00,-4.57
2022-09-20T15:00:00+02:00,-4.57
2022-09-20T18:00:00+02:00,-4.58
2022-09-20T21:00:00+02:00,-4.58
2022-09-21T02:01:00+02:00,-4.58
2022-09-21T03:00:00+02:00,-4.57
2022-09-21T06:00:00+02:00,-4.58
2022-09-21T09:00:00+02:00,-4.58
2022-09-21T12:00:00+02:00,-4.57
2022-09-21T15:00:00+02:00,-4.57
2022-09-21T18:00:00+02:00,-4.57
2022-09-21T21:00:00+02:00,-4.57
2022-09-22T02:01:00+02:00,-4.57
2022-09-22T03:00:00+02:00,-4.56
2022-09-22T06:00:00+02:00,-4.57
2022-09-22T09:00:00+02:00,-4.56
2022-09-22T12:00:00+02:00,-4.56
2022-09-22T15:00:00+02:00,-4.55
2022-09-22T18:00:00+02:00,-4.54
2022-09-22T21:00:00+02:00,-4.54
2022-09-23T02:01:00+02:00,-4.54
2022-09-23T03:00:00+02:00,-4.54
2022-09-23T06:00:00+02:00,-4.54
2022-09-23T09:00:00+02:00,-4.54
2022-09-23T12:00:00+02:00,-4.54
2022-09-23T15:00:00+02:00,-4.54
2022-09-23T18:00:00+02:00,-4.54
2022-09-23T21:00:00+02:00,-4.53
2022-09-24T02:01:00+02:00,-4.53
2022-09-24T03:00:00+02:00,-4.53
2022-09-24T06:00:00+02:00,-4.53
2022-09-24T09:00:00+02:00,-4.54
2022-09-24T12:00:00+02:00,-4.54
2022-09-24T15:00:00+02:00,-4.54
2022-09-24T18:00:00+02:00,-4.55
2022-09-24T21:00:00+02:00,-4.55
2022-09-25T02:01:00+02:00,-4.55
2022-09-25T03:00:00+02:00,-4.55
2022-09-25T06:00:00+02:00,-4.55
2022-09-25T09:00:00+02:00,-4.55
2022-09-25T12:00:00+02:00,-4.55
2022-09-25T15:00:00+02:00,-4.54
2022-09-25T18:00:00+02:00,-4.53
2022-09-25T21:00:00+02:00,-4.53
2022-09-26T02:01:00+02:00,-4.51
2022-09-26T03:00:00+02:00,-4.5
2022-09-26T06:00:00+02:00,-4.49
2022-09-26T09:00:00+02:00,-4.49
2022-09-26T12:00:00+02:00,-4.48
2022-09-26T15:00:00+02:00,-4.48
2022-09-26T18:00:00+02:00,-4.49
2022-09-26T21:00:00+02:00,-4.48
2022-09-27T02:01:00+02:00,-4.48
2022-09-27T03:00:00+02:00,-4.48
2022-09-27T06:00:00+02:00,-4.48
2022-09-27T09:00:00+02:00,-4.49
2022-09-27T12:00:00+02:00,-4.48
2022-09-27T15:00:00+02:00,-4.47
2022-09-27T18:00:00+02:00,-4.47
2022-09-27T21:00:00+02:00,-4.46
2022-09-28T02:01:00+02:00,-4.46
2022-09-28T03:00:00+02:00,-4.46
2022-09-28T06:00:00+02:00,-4.46
2022-09-28T09:00:00+02:00,-4.46
2022-09-28T12:00:00+02:00,-4.46
2022-09-28T15:00:00+02:00,-4.47
2022-09-28T18:00:00+02:00,-4.47
2022-09-28T21:00:00+02:00,-4.46
2022-09-29T02:01:00+02:00,-4.46
2022-09-29T03:00:00+02:00,-4.46
2022-09-29T06:00:00+02:00,-4.47
2022-09-29T09:00:00+02:00,-4.48
2022-09-29T12:00:00+02:00,-4.48
2022-09-29T15:00:00+02:00,-4.48
2022-09-29T18:00:00+02:00,-4.48
2022-09-29T21:00:00+02:00,-4.49
2022-09-30T02:01:00+02:00,-4.49
2022-09-30T03:00:00+02:00,-4.49
2022-09-30T06:00:00+02:00,-4.49
2022-09-30T09:00:00+02:00,-4.48
2022-09-30T12:00:00+02:00,-4.47
2022-09-30T15:00:00+02:00,-4.47
2022-09-30T18:00:00+02:00,-4.47
2022-09-30T21:00:00+02:00,-4.46
2022-10-01T02:01:00+02:00,-4.44
2022-10-01T03:00:00+02:00,-4.44
2022-10-01T06:00:00+02:00,-4.46
2022-10-01T09:00:00+02:00,-4.46
2022-10-01T12:00:00+02:00,-4.46
2022-10-01T15:00:00+02:00,-4.47
2022-10-01T18:00:00+02:00,-4.48
2022-10-01T21:00:00+02:00,-4.48
2022-10-02T02:01:00+02:00,-4.49
2022-10-02T03:00:00+02:00,-4.49
2022-10-02T06:00:00+02:00,-4.49
2022-10-02T09:00:00+02:00,-4.5
2022-10-02T12:00:00+02:00,-4.5
2022-10-02T15:00:00+02:00,-4.5
2022-10-02T18:00:00+02:00,-4.51
2022-10-02T21:00:00+02:00,-4.51
2022-10-03T02:01:00+02:00,-4.51
2022-10-03T03:00:00+02:00,-4.51
2022-10-03T06:00:00+02:00,-4.51
2022-10-03T09:00:00+02:00,-4.51
2022-10-03T12:00:00+02:00,-4.51
2022-10-03T15:00:00+02:00,-4.5
2022-10-03T18:00:00+02:00,-4.5
2022-10-03T21:00:00+02:00,-4.5
2022-10-04T02:01:00+02:00,-4.49
2022-10-04T03:00:00+02:00,-4.49
2022-10-04T06:00:00+02:00,-4.49
2022-10-04T09:00:00+02:00,-4.49
2022-10-04T12:00:00+02:00,-4.49
2022-10-04T15:00:00+02:00,-4.49
2022-10-04T18:00:00+02:00,-4.48
2022-10-04T21:00:00+02:00,-4.48
2022-10-05T02:01:00+02:00,-4.48
2022-10-05T03:00:00+02:00,-4.48
2022-10-05T06:00:00+02:00,-4.48
2022-10-05T09:00:00+02:00,-4.48
2022-10-05T12:00:00+02:00,-4.47
2022-10-05T15:00:00+02:00,-4.48
2022-10-05T18:00:00+02:00,-4.48
2022-10-05T21:00:00+02:00,-4.49
2022-10-06T02:01:00+02:00,-4.5
2022-10-06T03:00:00+02:00,-4.51
2022-10-06T06:00:00+02:00,-4.52
2022-10-06T09:00:00+02:00,-4.53
2022-10-06T12:00:00+02:00,-4.53
2022-10-06T15:00:00+02:00,-4.53
2022-10-06T18:00:00+02:00,-4.53
2022-10-06T21:00:00+02:00,-4.53
2022-10-07T02:01:00+02:00,-4.52
2022-10-07T03:00:00+02:00,-4.51
2022-10-07T06:00:00+02:00,-4.51
2022-10-07T09:00:00+02:00,-4.51
2023-05-24T18:00:00+02:00,-4.57
2023-05-24T21:00:00+02:00,-4.58
2023-05-25T02:01:00+02:00,-4.57
2023-05-25T03:00:00+02:00,-4.58
2023-05-25T06:00:00+02:00,-4.58
2023-05-25T09:00:00+02:00,-4.58
2023-05-25T12:00:00+02:00,-4.58
2023-05-25T15:00:00+02:00,-4.58
2023-05-25T18:00:00+02:00,-4.58
2023-05-25T21:00:00+02:00,-4.58
2023-05-26T02:01:00+02:00,-4.58
2023-05-26T03:00:00+02:00,-4.58
2023-05-26T06:00:00+02:00,-4.59
2023-05-26T09:00:00+02:00,-4.59
2023-05-26T12:00:00+02:00,-4.58
2023-05-26T15:00:00+02:00,-4.59
2023-05-26T18:00:00+02:00,-4.58
2023-05-26T21:00:00+02:00,-4.58
2023-05-27T02:01:00+02:00,-4.58
2023-05-27T03:00:00+02:00,-4.58
2023-05-27T06:00:00+02:00,-4.58
2023-05-27T09:00:00+02:00,-4.57
2023-05-27T12:00:00+02:00,-4.57
2023-05-27T15:00:00+02:00,-4.57
2023-05-27T18:00:00+02:00,-4.54
2023-05-27T21:00:00+02:00,-4.53
2023-05-28T02:01:00+02:00,-4.54
2023-05-28T03:00:00+02:00,-4.55
2023-05-28T06:00:00+02:00,-4.56
2023-05-28T09:00:00+02:00,-4.57
2023-05-28T12:00:00+02:00,-4.57
2023-05-28T15:00:00+02:00,-4.55
2023-05-28T18:00:00+02:00,-4.54
2023-05-28T21:00:00+02:00,-4.55
2023-05-29T02:01:00+02:00,-4.56
2023-05-29T03:00:00+02:00,-4.57
2023-05-29T06:00:00+02:00,-4.58
2023-05-29T09:00:00+02:00,-4.59
2023-05-29T12:00:00+02:00,-4.59
2023-05-29T15:00:00+02:00,-4.6
2023-05-29T18:00:00+02:00,-4.6
2023-05-29T21:00:00+02:00,-4.6
2023-05-30T02:01:00+02:00,-4.6
2023-05-30T03:00:00+02:00,-4.6
2023-05-30T06:00:00+02:00,-4.6
2023-05-30T09:00:00+02:00,-4.6
2023-05-30T12:00:00+02:00,-4.6
2023-05-30T15:00:00+02:00,-4.59
2023-05-30T18:00:00+02:00,-4.6
2023-05-30T21:00:00+02:00,-4.6
2023-05-31T02:01:00+02:00,-4.6
2023-05-31T03:00:00+02:00,-4.6
2023-05-31T06:00:00+02:00,-4.6
2023-05-31T09:00:00+02:00,-4.6
2023-05-31T12:00:00+02:00,-4.58
2023-05-31T15:00:00+02:00,-4.56
2023-05-31T18:00:00+02:00,-4.54
2023-05-31T21:00:00+02:00,-4.55
2023-06-01T02:01:00+02:00,-4.57
2023-06-01T03:00:00+02:00,-4.58
2023-06-01T06:00:00+02:00,-4.59
2023-06-01T09:00:00+02:00,-4.59
2023-06-01T12:00:00+02:00,-4.59
2023-06-01T15:00:00+02:00,-4.59
2023-06-01T18:00:00+02:00,-4.59
2023-06-01T21:00:00+02:00,-4.59
2023-06-02T02:01:00+02:00,-4.59
2023-06-02T03:00:00+02:00,-4.59
2023-06-02T06:00:00+02:00,-4.59
2023-06-02T09:00:00+02:00,-4.59
2023-06-02T12:00:00+02:00,-4.59
2023-06-02T15:00:00+02:00,-4.59
2023-06-02T18:00:00+02:00,-4.58
2023-06-02T21:00:00+02:00,-4.57
2023-06-03T02:01:00+02:00,-4.58
2023-06-03T03:00:00+02:00,-4.58
2023-06-03T06:00:00+02:00,-4.59
2023-06-03T09:00:00+02:00,-4.59
2023-06-03T12:00:00+02:00,-4.58
2023-06-03T15:00:00+02:00,-4.56
2023-06-03T18:00:00+02:00,-4.54
2023-06-03T21:00:00+02:00,-4.54
2023-06-04T02:01:00+02:00,-4.56
2023-06-04T03:00:00+02:00,-4.57
2023-06-04T06:00:00+02:00,-4.58
2023-06-04T09:00:00+02:00,-4.59
2023-06-04T12:00:00+02:00,-4.59
2023-06-04T15:00:00+02:00,-4.57
2023-06-04T18:00:00+02:00,-4.55
2023-06-04T21:00:00+02:00,-4.56
2023-06-05T02:01:00+02:00,-4.58
2023-06-05T03:00:00+02:00,-4.59
2023-06-05T06:00:00+02:00,-4.59
2023-06-05T09:00:00+02:00,-4.6
2023-06-05T12:00:00+02:00,-4.6
2023-06-05T15:00:00+02:00,-4.59
2023-06-05T18:00:00+02:00,-4.58
2023-06-05T21:00:00+02:00,-4.58
2023-06-06T02:01:00+02:00,-4.6
2023-06-06T03:00:00+02:00,-4.6
2023-06-06T06:00:00+02:00,-4.61
2023-06-06T09:00:00+02:00,-4.61
2023-06-06T12:00:00+02:00,-4.61
2023-06-06T15:00:00+02:00,-4.59
2023-06-06T18:00:00+02:00,-4.58
2023-06-06T21:00:00+02:00,-4.59
2023-06-07T02:01:00+02:00,-4.6
2023-06-07T03:00:00+02:00,-4.61
2023-06-07T06:00:00+02:00,-4.62
2023-06-07T09:00:00+02:00,-4.62
2023-06-07T12:00:00+02:00,-4.62
2023-06-07T15:00:00+02:00,-4.6
2023-06-07T18:00:00+02:00,-4.58
2023-06-07T21:00:00+02:00,-4.58
2023-06-08T02:01:00+02:00,-4.6
2023-06-08T03:00:00+02:00,-4.61
2023-06-08T06:00:00+02:00,-4.62
2023-06-08T09:00:00+02:00,-4.62
2023-06-08T12:00:00+02:00,-4.61
2023-06-08T15:00:00+02:00,-4.59
2023-06-08T18:00:00+02:00,-4.57
2023-06-08T21:00:00+02:00,-4.57
2023-06-09T02:01:00+02:00,-4.58
2023-06-09T03:00:00+02:00,-4.6
2023-06-09T06:00:00+02:00,-4.61
2023-06-09T09:00:00+02:00,-4.62
2023-06-09T12:00:00+02:00,-4.59
2023-06-09T15:00:00+02:00,-4.56
2023-06-09T18:00:00+02:00,-4.54
2023-06-09T21:00:00+02:00,-4.54
2023-06-10T02:01:00+02:00,-4.53
2023-06-10T03:00:00+02:00,-4.53
2023-06-10T06:00:00+02:00,-4.55
2023-06-10T09:00:00+02:00,-4.55
2023-06-10T12:00:00+02:00,-4.54
2023-06-10T15:00:00+02:00,-4.52
2023-06-10T18:00:00+02:00,-4.52
2023-06-10T21:00:00+02:00,-4.52
2023-06-11T02:01:00+02:00,-4.51
2023-06-11T03:00:00+02:00,-4.52
2023-06-11T06:00:00+02:00,-4.54
2023-06-11T09:00:00+02:00,-4.54
2023-06-11T12:00:00+02:00,-4.53
2023-06-11T15:00:00+02:00,-4.51
2023-06-11T18:00:00+02:00,-4.51
2023-06-11T21:00:00+02:00,-4.52
2023-06-12T02:01:00+02:00,-4.52
2023-06-12T03:00:00+02:00,-4.52
2023-06-12T06:00:00+02:00,-4.53
2023-06-12T09:00:00+02:00,-4.54
2023-06-12T12:00:00+02:00,-4.53
2023-06-12T15:00:00+02:00,-4.53
2023-06-12T18:00:00+02:00,-4.53
2023-06-12T21:00:00+02:00,-4.53
2023-06-13T02:01:00+02:00,-4.53
2023-06-13T03:00:00+02:00,-4.53
2023-06-13T06:00:00+02:00,-4.55
2023-06-13T09:00:00+02:00,-4.56
2023-06-13T12:00:00+02:00,-4.55
2023-06-13T15:00:00+02:00,-4.54
2023-06-13T18:00:00+02:00,-4.54
2023-06-13T21:00:00+02:00,-4.54
2023-06-14T02:01:00+02:00,-4.55
2023-06-14T03:00:00+02:00,-4.56
2023-06-14T06:00:00+02:00,-4.58
2023-06-14T09:00:00+02:00,-4.6
2023-06-14T12:00:00+02:00,-4.58
2023-06-14T15:00:00+02:00,-4.57
2023-06-14T18:00:00+02:00,-4.57
2023-06-14T21:00:00+02:00,-4.56
2023-06-15T02:01:00+02:00,-4.56
2023-06-15T03:00:00+02:00,-4.57
2023-06-15T06:00:00+02:00,-4.59
2023-06-15T09:00:00+02:00,-4.6
2023-06-15T12:00:00+02:00,-4.59
2023-06-15T15:00:00+02:00,-4.57
2023-06-15T18:00:00+02:00,-4.57
2023-06-15T21:00:00+02:00,-4.57
2023-06-16T02:01:00+02:00,-4.57
2023-06-16T03:00:00+02:00,-4.59
2023-06-16T06:00:00+02:00,-4.61
2023-06-16T09:00:00+02:00,-4.62
2023-06-16T12:00:00+02:00,-4.6
2023-06-16T15:00:00+02:00,-4.58
2023-06-16T18:00:00+02:00,-4.57
2023-06-16T21:00:00+02:00,-4.56
2023-06-17T02:01:00+02:00,-4.58
2023-06-17T03:00:00+02:00,-4.61
2023-06-17T06:00:00+02:00,-4.64
2023-06-17T09:00:00+02:00,-4.65
2023-06-17T12:00:00+02:00,-4.62
2023-06-17T15:00:00+02:00,-4.59
2023-06-17T18:00:00+02:00,-4.57
2023-06-17T21:00:00+02:00,-4.56
2023-06-18T02:01:00+02:00,-4.56
2023-06-18T03:00:00+02:00,-4.56
2023-06-18T06:00:00+02:00,-4.58
2023-06-18T09:00:00+02:00,-4.59
2023-06-18T12:00:00+02:00,-4.57
2023-06-18T15:00:00+02:00,-4.56
2023-06-18T18:00:00+02:00,-4.55
2023-06-18T21:00:00+02:00,-4.54
2023-06-19T02:01:00+02:00,-4.54
2023-06-19T03:00:00+02:00,-4.54
2023-06-19T06:00:00+02:00,-4.57
2023-06-19T09:00:00+02:00,-4.59
2023-06-19T12:00:00+02:00,-4.6
2023-06-19T15:00:00+02:00,-4.59
2023-06-19T18:00:00+02:00,-4.57
2023-06-19T21:00:00+02:00,-4.57
2023-06-20T02:01:00+02:00,-4.57
2023-06-20T03:00:00+02:00,-4.57
2023-06-20T06:00:00+02:00,-4.57
2023-06-20T09:00:00+02:00,-4.58
2023-06-20T12:00:00+02:00,-4.56
2023-06-20T15:00:00+02:00,-4.55
2023-06-20T18:00:00+02:00,-4.54
2023-06-20T21:00:00+02:00,-4.55
2023-06-21T02:01:00+02:00,-4.56
2023-06-21T03:00:00+02:00,-4.58
2023-06-21T06:00:00+02:00,-4.59
2023-06-21T09:00:00+02:00,-4.6
2023-06-21T12:00:00+02:00,-4.59
2023-06-21T15:00:00+02:00,-4.58
2023-06-21T18:00:00+02:00,-4.57
2023-06-21T21:00:00+02:00,-4.56
2023-06-22T02:01:00+02:00,-4.58
2023-06-22T03:00:00+02:00,-4.6
2023-06-22T06:00:00+02:00,-4.62
2023-06-22T09:00:00+02:00,-4.61
2023-06-22T12:00:00+02:00,-4.59
2023-06-22T15:00:00+02:00,-4.56
2023-06-22T18:00:00+02:00,-4.56
2023-06-22T21:00:00+02:00,-4.56
2023-06-23T02:01:00+02:00,-4.58
2023-06-23T03:00:00+02:00,-4.61
2023-06-23T06:00:00+02:00,-4.63
2023-06-23T09:00:00+02:00,-4.64
2023-06-23T12:00:00+02:00,-4.62
2023-06-23T15:00:00+02:00,-4.6
2023-06-23T18:00:00+02:00,-4.58
2023-06-23T21:00:00+02:00,-4.57
2023-06-24T02:01:00+02:00,-4.57
2023-06-24T03:00:00+02:00,-4.59
2023-06-24T06:00:00+02:00,-4.61
2023-06-24T09:00:00+02:00,-4.62
2023-06-24T12:00:00+02:00,-4.6
2023-06-24T15:00:00+02:00,-4.58
2023-06-24T18:00:00+02:00,-4.57
2023-06-24T21:00:00+02:00,-4.56
2023-06-25T02:01:00+02:00,-4.56
2023-06-25T03:00:00+02:00,-4.57
2023-06-25T06:00:00+02:00,-4.58
2023-06-25T09:00:00+02:00,-4.58
2023-06-25T12:00:00+02:00,-4.56
2023-06-25T15:00:00+02:00,-4.55
2023-06-25T18:00:00+02:00,-4.54
2023-06-25T21:00:00+02:00,-4.54
2023-06-26T02:01:00+02:00,-4.53
2023-06-26T03:00:00+02:00,-4.54
2023-06-26T06:00:00+02:00,-4.57
2023-06-26T09:00:00+02:00,-4.59
2023-06-26T12:00:00+02:00,-4.6
2023-06-26T15:00:00+02:00,-4.6
2023-06-26T18:00:00+02:00,-4.6
2023-06-26T21:00:00+02:00,-4.6
2023-06-27T02:01:00+02:00,-4.62
2023-06-27T03:00:00+02:00,-4.63
2023-06-27T06:00:00+02:00,-4.65
2023-06-27T09:00:00+02:00,-4.65
2023-06-27T12:00:00+02:00,-4.64
2023-06-27T15:00:00+02:00,-4.63
2023-06-27T18:00:00+02:00,-4.63
2023-06-27T21:00:00+02:00,-4.63
2023-06-28T02:01:00+02:00,-4.64
2023-06-28T03:00:00+02:00,-4.65
2023-06-28T06:00:00+02:00,-4.66
2023-06-28T09:00:00+02:00,-4.66
2023-06-28T12:00:00+02:00,-4.65
2023-06-28T15:00:00+02:00,-4.63
2023-06-28T18:00:00+02:00,-4.62
2023-06-28T21:00:00+02:00,-4.61
2023-06-29T02:01:00+02:00,-4.6
2023-06-29T03:00:00+02:00,-4.6
2023-06-29T06:00:00+02:00,-4.6
2023-06-29T09:00:00+02:00,-4.6
2023-06-29T12:00:00+02:00,-4.6
2023-06-29T15:00:00+02:00,-4.59
2023-06-29T18:00:00+02:00,-4.6
2023-06-29T21:00:00+02:00,-4.62
2023-06-30T02:01:00+02:00,-4.63
2023-06-30T03:00:00+02:00,-4.64
2023-06-30T06:00:00+02:00,-4.65
2023-06-30T09:00:00+02:00,-4.64
2023-06-30T12:00:00+02:00,-4.62
2023-06-30T15:00:00+02:00,-4.6
2023-06-30T18:00:00+02:00,-4.58
2023-06-30T21:00:00+02:00,-4.58
2023-07-01T02:01:00+02:00,-4.58
2023-07-01T03:00:00+02:00,-4.59
2023-07-01T06:00:00+02:00,-4.6
2023-07-01T09:00:00+02:00,-4.61
2023-07-01T12:00:00+02:00,-4.61
2023-07-01T15:00:00+02:00,-4.6
2023-07-01T18:00:00+02:00,-4.6
2023-07-01T21:00:00+02:00,-4.59
2023-07-02T02:01:00+02:00,-4.6
2023-07-02T03:00:00+02:00,-4.61
2023-07-02T06:00:00+02:00,-4.62
2023-07-02T09:00:00+02:00,-4.63
2023-07-02T12:00:00+02:00,-4.63
2023-07-02T15:00:00+02:00,-4.61
2023-07-02T18:00:00+02:00,-4.59
2023-07-02T21:00:00+02:00,-4.59
2023-07-03T02:01:00+02:00,-4.59
2023-07-03T03:00:00+02:00,-4.6
2023-07-03T06:00:00+02:00,-4.61
2023-07-03T09:00:00+02:00,-4.62
2023-07-03T12:00:00+02:00,-4.62
2023-07-03T15:00:00+02:00,-4.6
2023-07-03T18:00:00+02:00,-4.59
2023-07-03T21:00:00+02:00,-4.59
2023-07-04T02:01:00+02:00,-4.6
2023-07-04T03:00:00+02:00,-4.61
2023-07-04T06:00:00+02:00,-4.61
2023-07-04T09:00:00+02:00,-4.62
2023-07-04T12:00:00+02:00,-4.62
2023-07-04T15:00:00+02:00,-4.61
2023-07-04T18:00:00+02:00,-4.58
2023-07-04T21:00:00+02:00,-4.57
2023-07-05T02:01:00+02:00,-4.55
2023-07-05T03:00:00+02:00,-4.57
2023-07-05T06:00:00+02:00,-4.57
2023-07-05T09:00:00+02:00,-4.59
2023-07-05T12:00:00+02:00,-4.6
2023-07-05T15:00:00+02:00,-4.6
2023-07-05T18:00:00+02:00,-4.6
2023-07-05T21:00:00+02:00,-4.59
2023-07-06T02:01:00+02:00,-4.59
2023-07-06T03:00:00+02:00,-4.6
2023-07-06T06:00:00+02:00,-4.61
2023-07-06T09:00:00+02:00,-4.61
2023-07-06T12:00:00+02:00,-4.59
2023-07-06T15:00:00+02:00,-4.57
2023-07-06T18:00:00+02:00,-4.56
2023-07-06T21:00:00+02:00,-4.56
2023-07-07T02:01:00+02:00,-4.57
2023-07-07T03:00:00+02:00,-4.58
2023-07-07T06:00:00+02:00,-4.6
2023-07-07T09:00:00+02:00,-4.59
2023-07-07T12:00:00+02:00,-4.56
2023-07-07T15:00:00+02:00,-4.52
2023-07-07T18:00:00+02:00,-4.5
2023-07-07T21:00:00+02:00,-4.5
2023-07-08T02:01:00+02:00,-4.49
2023-07-08T03:00:00+02:00,-4.49
2023-07-08T06:00:00+02:00,-4.51
2023-07-08T09:00:00+02:00,-4.52
2023-07-08T12:00:00+02:00,-4.5
2023-07-08T15:00:00+02:00,-4.49
2023-07-08T18:00:00+02:00,-4.48
2023-07-08T21:00:00+02:00,-4.48
2023-07-09T02:01:00+02:00,-4.47
2023-07-09T03:00:00+02:00,-4.48
2023-07-09T06:00:00+02:00,-4.48
2023-07-09T09:00:00+02:00,-4.48
2023-07-09T12:00:00+02:00,-4.48
2023-07-09T15:00:00+02:00,-4.49
2023-07-09T18:00:00+02:00,-4.49
2023-07-09T21:00:00+02:00,-4.5
2023-07-10T02:01:00+02:00,-4.51
2023-07-10T03:00:00+02:00,-4.53
2023-07-10T06:00:00+02:00,-4.55
2023-07-10T09:00:00+02:00,-4.55
2023-07-10T12:00:00+02:00,-4.53
2023-07-10T15:00:00+02:00,-4.51
2023-07-10T18:00:00+02:00,-4.49
2023-07-10T21:00:00+02:00,-4.49
2023-07-11T02:01:00+02:00,-4.49
2023-07-11T03:00:00+02:00,-4.49
2023-07-11T06:00:00+02:00,-4.5
2023-07-11T09:00:00+02:00,-4.51
2023-07-11T12:00:00+02:00,-4.49
2023-07-11T15:00:00+02:00,-4.47
2023-07-11T18:00:00+02:00,-4.46
2023-07-11T21:00:00+02:00,-4.46
2023-07-12T02:01:00+02:00,-4.48
2023-07-12T03:00:00+02:00,-4.49
2023-07-12T06:00:00+02:00,-4.51
2023-07-12T09:00:00+02:00,-4.53
2023-07-12T12:00:00+02:00,-4.52
2023-07-12T15:00:00+02:00,-4.51
2023-07-12T18:00:00+02:00,-4.5
2023-07-12T21:00:00+02:00,-4.5
2023-07-13T02:01:00+02:00,-4.51
2023-07-13T03:00:00+02:00,-4.53
2023-07-13T06:00:00+02:00,-4.55
2023-07-13T09:00:00+02:00,-4.55
2023-07-13T12:00:00+02:00,-4.54
2023-07-13T15:00:00+02:00,-4.53
2023-07-13T18:00:00+02:00,-4.52
2023-07-13T21:00:00+02:00,-4.52
2023-07-14T02:01:00+02:00,-4.53
2023-07-14T03:00:00+02:00,-4.55
2023-07-14T06:00:00+02:00,-4.56
2023-07-14T09:00:00+02:00,-4.56
2023-07-14T12:00:00+02:00,-4.54
2023-07-14T15:00:00+02:00,-4.51
2023-07-14T18:00:00+02:00,-4.49
2023-07-14T21:00:00+02:00,-4.48
2023-07-15T02:01:00+02:00,-4.47
2023-07-15T03:00:00+02:00,-4.47
2023-07-15T06:00:00+02:00,-4.48
2023-07-15T09:00:00+02:00,-4.48
2023-07-15T12:00:00+02:00,-4.47
2023-07-15T15:00:00+02:00,-4.47
2023-07-15T18:00:00+02:00,-4.46
2023-07-15T21:00:00+02:00,-4.47
2023-07-16T02:01:00+02:00,-4.49
2023-07-16T03:00:00+02:00,-4.5
2023-07-16T06:00:00+02:00,-4.52
2023-07-16T09:00:00+02:00,-4.53
2023-07-16T12:00:00+02:00,-4.52
2023-07-16T15:00:00+02:00,-4.51
2023-07-16T18:00:00+02:00,-4.5
2023-07-16T21:00:00+02:00,-4.5
2023-07-17T02:01:00+02:00,-4.51
2023-07-17T03:00:00+02:00,-4.54
2023-07-17T06:00:00+02:00,-4.56
2023-07-17T09:00:00+02:00,-4.56
2023-07-17T12:00:00+02:00,-4.55
2023-07-17T15:00:00+02:00,-4.54
2023-07-17T18:00:00+02:00,-4.53
2023-07-17T21:00:00+02:00,-4.53
2023-07-18T02:01:00+02:00,-4.55
2023-07-18T03:00:00+02:00,-4.56
2023-07-18T06:00:00+02:00,-4.58
2023-07-18T09:00:00+02:00,-4.58
2023-07-18T12:00:00+02:00,-4.56
2023-07-18T15:00:00+02:00,-4.54
2023-07-18T18:00:00+02:00,-4.52
2023-07-18T21:00:00+02:00,-4.51
2023-07-19T02:01:00+02:00,-4.52
2023-07-19T03:00:00+02:00,-4.54
2023-07-19T06:00:00+02:00,-4.55
2023-07-19T09:00:00+02:00,-4.56
2023-07-19T12:00:00+02:00,-4.54
2023-07-19T15:00:00+02:00,-4.53
2023-07-19T18:00:00+02:00,-4.52
2023-07-19T21:00:00+02:00,-4.53
2023-07-20T02:01:00+02:00,-4.55
2023-07-20T03:00:00+02:00,-4.57
2023-07-20T06:00:00+02:00,-4.58
2023-07-20T09:00:00+02:00,-4.58
2023-07-20T12:00:00+02:00,-4.57
2023-07-20T15:00:00+02:00,-4.54
2023-07-20T18:00:00+02:00,-4.53
2023-07-20T21:00:00+02:00,-4.53
2023-07-21T02:01:00+02:00,-4.55
2023-07-21T03:00:00+02:00,-4.56
2023-07-21T06:00:00+02:00,-4.57
2023-07-21T09:00:00+02:00,-4.58
2023-07-21T12:00:00+02:00,-4.57
2023-07-21T15:00:00+02:00,-4.56
2023-07-21T18:00:00+02:00,-4.55
2023-07-21T21:00:00+02:00,-4.57
2023-07-22T02:01:00+02:00,-4.58
2023-07-22T03:00:00+02:00,-4.58
2023-07-22T06:00:00+02:00,-4.59
2023-07-22T09:00:00+02:00,-4.59
2023-07-22T12:00:00+02:00,-4.58
2023-07-22T15:00:00+02:00,-4.56
2023-07-22T18:00:00+02:00,-4.55
2023-07-22T21:00:00+02:00,-4.55
2023-07-23T02:01:00+02:00,-4.55
2023-07-23T03:00:00+02:00,-4.56
2023-07-23T06:00:00+02:00,-4.56
2023-07-23T09:00:00+02:00,-4.56
2023-07-23T12:00:00+02:00,-4.56
2023-07-23T15:00:00+02:00,-4.54
2023-07-23T18:00:00+02:00,-4.51
2023-07-23T21:00:00+02:00,-4.5
2023-07-24T02:01:00+02:00,-4.5
2023-07-24T03:00:00+02:00,-4.51
2023-07-24T06:00:00+02:00,-4.51
2023-07-24T09:00:00+02:00,-4.52
2023-07-24T12:00:00+02:00,-4.51
2023-07-24T15:00:00+02:00,-4.51
2023-07-24T18:00:00+02:00,-4.52
2023-07-24T21:00:00+02:00,-4.55
2023-07-25T02:01:00+02:00,-4.56
2023-07-25T03:00:00+02:00,-4.57
2023-07-25T06:00:00+02:00,-4.58
2023-07-25T09:00:00+02:00,-4.58
2023-07-25T12:00:00+02:00,-4.58
2023-07-25T15:00:00+02:00,-4.58
2023-07-25T18:00:00+02:00,-4.57
2023-07-25T21:00:00+02:00,-4.58
2023-07-26T02:01:00+02:00,-4.59
2023-07-26T03:00:00+02:00,-4.6
2023-07-26T06:00:00+02:00,-4.61
2023-07-26T09:00:00+02:00,-4.61
2023-07-26T12:00:00+02:00,-4.59
2023-07-26T15:00:00+02:00,-4.57
2023-07-26T18:00:00+02:00,-4.56
2023-07-26T21:00:00+02:00,-4.55
2023-07-27T02:01:00+02:00,-4.56
2023-07-27T03:00:00+02:00,-4.56
2023-07-27T06:00:00+02:00,-4.56
2023-07-27T09:00:00+02:00,-4.57
2023-07-27T12:00:00+02:00,-4.56
2023-07-27T15:00:00+02:00,-4.54
2023-07-27T18:00:00+02:00,-4.53
2023-07-27T21:00:00+02:00,-4.52
2023-07-28T02:01:00+02:00,-4.52
2023-07-28T03:00:00+02:00,-4.52
2023-07-28T06:00:00+02:00,-4.52
2023-07-28T09:00:00+02:00,-4.52
2023-07-28T12:00:00+02:00,-4.52
2023-07-28T15:00:00+02:00,-4.5
2023-07-28T18:00:00+02:00,-4.5
2023-07-28T21:00:00+02:00,-4.49
2023-07-29T02:01:00+02:00,-4.5
2023-07-29T03:00:00+02:00,-4.51
2023-07-29T06:00:00+02:00,-4.52
2023-07-29T09:00:00+02:00,-4.53
2023-07-29T12:00:00+02:00,-4.53
2023-07-29T15:00:00+02:00,-4.51
2023-07-29T18:00:00+02:00,-4.5
2023-07-29T21:00:00+02:00,-4.49
2023-07-30T02:01:00+02:00,-4.51
2023-07-30T03:00:00+02:00,-4.52
2023-07-30T06:00:00+02:00,-4.53
2023-07-30T09:00:00+02:00,-4.54
2023-07-30T12:00:00+02:00,-4.54
2023-07-30T15:00:00+02:00,-4.52
2023-07-30T18:00:00+02:00,-4.51
2023-07-30T21:00:00+02:00,-4.51
2023-07-31T02:01:00+02:00,-4.52
2023-07-31T03:00:00+02:00,-4.52
2023-07-31T06:00:00+02:00,-4.52
2023-07-31T09:00:00+02:00,-4.52
2023-07-31T12:00:00+02:00,-4.51
2023-07-31T15:00:00+02:00,-4.48
2023-07-31T18:00:00+02:00,-4.47
2023-07-31T21:00:00+02:00,-4.46
2023-08-01T02:01:00+02:00,-4.46
2023-08-01T03:00:00+02:00,-4.48
2023-08-01T06:00:00+02:00,-4.49
2023-08-01T09:00:00+02:00,-4.49
2023-08-01T12:00:00+02:00,-4.5
2023-08-01T15:00:00+02:00,-4.49
2023-08-01T18:00:00+02:00,-4.49
2023-08-01T21:00:00+02:00,-4.49
2023-08-02T02:01:00+02:00,-4.48
2023-08-02T03:00:00+02:00,-4.49
2023-08-02T06:00:00+02:00,-4.49
2023-08-02T09:00:00+02:00,-4.48
2023-08-02T12:00:00+02:00,-4.48
2023-08-02T15:00:00+02:00,-4.45
2023-08-02T18:00:00+02:00,-4.44
2023-08-02T21:00:00+02:00,-4.45
2023-08-03T02:01:00+02:00,-4.46
2023-08-03T03:00:00+02:00,-4.47
2023-08-03T06:00:00+02:00,-4.48
2023-08-03T09:00:00+02:00,-4.5
2023-08-03T12:00:00+02:00,-4.5
2023-08-03T15:00:00+02:00,-4.51
2023-08-03T18:00:00+02:00,-4.51
2023-08-03T21:00:00+02:00,-4.53
2023-08-04T02:01:00+02:00,-4.53
2023-08-04T03:00:00+02:00,-4.54
2023-08-04T06:00:00+02:00,-4.55
2023-08-04T09:00:00+02:00,-4.56
2023-08-04T12:00:00+02:00,-4.55
2023-08-04T15:00:00+02:00,-4.53
2023-08-04T18:00:00+02:00,-4.52
2023-08-04T21:00:00+02:00,-4.53
2023-08-05T02:01:00+02:00,-4.54
2023-08-05T03:00:00+02:00,-4.54
2023-08-05T06:00:00+02:00,-4.55
2023-08-05T09:00:00+02:00,-4.55
2023-08-05T12:00:00+02:00,-4.53
2023-08-05T15:00:00+02:00,-4.52
2023-08-05T18:00:00+02:00,-4.53
2023-08-05T21:00:00+02:00,-4.52
2023-08-06T02:01:00+02:00,-4.53
2023-08-06T03:00:00+02:00,-4.52
2023-08-06T06:00:00+02:00,-4.52
2023-08-06T09:00:00+02:00,-4.52
2023-08-06T12:00:00+02:00,-4.52
2023-08-06T15:00:00+02:00,-4.53
2023-08-06T18:00:00+02:00,-4.53
2023-08-06T21:00:00+02:00,-4.53
2023-08-07T02:01:00+02:00,-4.53
2023-08-07T03:00:00+02:00,-4.54
2023-08-07T06:00:00+02:00,-4.54
2023-08-07T09:00:00+02:00,-4.54
2023-08-07T12:00:00+02:00,-4.54
2023-08-07T15:00:00+02:00,-4.53
2023-08-07T18:00:00+02:00,-4.51
2023-08-07T21:00:00+02:00,-4.51
2023-08-08T02:01:00+02:00,-4.52
2023-08-08T03:00:00+02:00,-4.52
2023-08-08T06:00:00+02:00,-4.52
2023-08-08T09:00:00+02:00,-4.53
2023-08-08T12:00:00+02:00,-4.51
2023-08-08T15:00:00+02:00,-4.5
2023-08-08T18:00:00+02:00,-4.49
2023-08-08T21:00:00+02:00,-4.5
2023-08-09T02:01:00+02:00,-4.51
2023-08-09T03:00:00+02:00,-4.52
2023-08-09T06:00:00+02:00,-4.53
2023-08-09T09:00:00+02:00,-4.54
2023-08-09T12:00:00+02:00,-4.52
2023-08-09T15:00:00+02:00,-4.51
2023-08-09T18:00:00+02:00,-4.5
2023-08-09T21:00:00+02:00,-4.51
2023-08-10T02:01:00+02:00,-4.54
2023-08-10T03:00:00+02:00,-4.54
2023-08-10T06:00:00+02:00,-4.55
2023-08-10T09:00:00+02:00,-4.56
2023-08-10T12:00:00+02:00,-4.54
2023-08-10T15:00:00+02:00,-4.52
2023-08-10T18:00:00+02:00,-4.49
2023-08-10T21:00:00+02:00,-4.48
2023-08-11T02:01:00+02:00,-4.48
2023-08-11T03:00:00+02:00,-4.5
2023-08-11T06:00:00+02:00,-4.51
2023-08-11T09:00:00+02:00,-4.52
2023-08-11T12:00:00+02:00,-4.5
2023-08-11T15:00:00+02:00,-4.47
2023-08-11T18:00:00+02:00,-4.45
2023-08-11T21:00:00+02:00,-4.45
2023-08-12T02:01:00+02:00,-4.46
2023-08-12T03:00:00+02:00,-4.46
2023-08-12T06:00:00+02:00,-4.47
2023-08-12T09:00:00+02:00,-4.47
2023-08-12T12:00:00+02:00,-4.48
2023-08-12T15:00:00+02:00,-4.47
2023-08-12T18:00:00+02:00,-4.46
2023-08-12T21:00:00+02:00,-4.46
2023-08-13T02:01:00+02:00,-4.47
2023-08-13T03:00:00+02:00,-4.48
2023-08-13T06:00:00+02:00,-4.5
2023-08-13T09:00:00+02:00,-4.51
2023-08-13T12:00:00+02:00,-4.49
2023-08-13T15:00:00+02:00,-4.47
2023-08-13T18:00:00+02:00,-4.47
2023-08-13T21:00:00+02:00,-4.47
2023-08-14T02:01:00+02:00,-4.48
2023-08-14T03:00:00+02:00,-4.5
2023-08-14T06:00:00+02:00,-4.51
2023-08-14T09:00:00+02:00,-4.52
2023-08-14T12:00:00+02:00,-4.5
2023-08-14T15:00:00+02:00,-4.47
2023-08-14T18:00:00+02:00,-4.45
2023-08-14T21:00:00+02:00,-4.44
2023-08-15T02:01:00+02:00,-4.44
2023-08-15T03:00:00+02:00,-4.46
2023-08-15T06:00:00+02:00,-4.48
2023-08-15T09:00:00+02:00,-4.49
2023-08-15T12:00:00+02:00,-4.5
2023-08-15T15:00:00+02:00,-4.49
2023-08-15T18:00:00+02:00,-4.48
2023-08-15T21:00:00+02:00,-4.49
2023-08-16T02:01:00+02:00,-4.5
2023-08-16T03:00:00+02:00,-4.53
2023-08-16T06:00:00+02:00,-4.55
2023-08-16T09:00:00+02:00,-4.56
2023-08-16T12:00:00+02:00,-4.54
2023-08-16T15:00:00+02:00,-4.52
2023-08-16T18:00:00+02:00,-4.5
2023-08-16T21:00:00+02:00,-4.49
2023-08-17T02:01:00+02:00,-4.5
2023-08-17T03:00:00+02:00,-4.52
2023-08-17T06:00:00+02:00,-4.53
2023-08-17T09:00:00+02:00,-4.55
2023-08-17T12:00:00+02:00,-4.53
2023-08-17T15:00:00+02:00,-4.51
2023-08-17T18:00:00+02:00,-4.5
2023-08-17T21:00:00+02:00,-4.51
2023-08-18T02:01:00+02:00,-4.51
2023-08-18T03:00:00+02:00,-4.51
2023-08-18T06:00:00+02:00,-4.53
2023-08-18T09:00:00+02:00,-4.55
2023-08-18T12:00:00+02:00,-4.53
2023-08-18T15:00:00+02:00,-4.51
2023-08-18T18:00:00+02:00,-4.48
2023-08-18T21:00:00+02:00,-4.47
2023-08-19T02:01:00+02:00,-4.46
2023-08-19T03:00:00+02:00,-4.46
2023-08-19T06:00:00+02:00,-4.47
2023-08-19T09:00:00+02:00,-4.47
2023-08-19T12:00:00+02:00,-4.48
2023-08-19T15:00:00+02:00,-4.48
2023-08-19T18:00:00+02:00,-4.48
2023-08-19T21:00:00+02:00,-4.48
2023-08-20T02:01:00+02:00,-4.5
2023-08-20T03:00:00+02:00,-4.52
2023-08-20T06:00:00+02:00,-4.54
2023-08-20T09:00:00+02:00,-4.56
2023-08-20T12:00:00+02:00,-4.54
2023-08-20T15:00:00+02:00,-4.52
2023-08-20T18:00:00+02:00,-4.51
2023-08-20T21:00:00+02:00,-4.51
2023-08-21T02:01:00+02:00,-4.53
2023-08-21T03:00:00+02:00,-4.55
2023-08-21T06:00:00+02:00,-4.57
2023-08-21T09:00:00+02:00,-4.57
2023-08-21T12:00:00+02:00,-4.55
2023-08-21T15:00:00+02:00,-4.53
2023-08-21T18:00:00+02:00,-4.51
2023-08-21T21:00:00+02:00,-4.52
2023-08-22T02:01:00+02:00,-4.53
2023-08-22T03:00:00+02:00,-4.55
2023-08-22T06:00:00+02:00,-4.57
2023-08-22T09:00:00+02:00,-4.57
2023-08-22T12:00:00+02:00,-4.56
2023-08-22T15:00:00+02:00,-4.55
2023-08-22T18:00:00+02:00,-4.54
2023-08-22T21:00:00+02:00,-4.54
2023-08-23T02:01:00+02:00,-4.56
2023-08-23T03:00:00+02:00,-4.57
2023-08-23T06:00:00+02:00,-4.58
2023-08-23T09:00:00+02:00,-4.6
2023-08-23T12:00:00+02:00,-4.58
2023-08-23T15:00:00+02:00,-4.55
2023-08-23T18:00:00+02:00,-4.54
2023-08-23T21:00:00+02:00,-4.54
2023-08-24T02:01:00+02:00,-4.55
2023-08-24T03:00:00+02:00,-4.56
2023-08-24T06:00:00+02:00,-4.58
2023-08-24T09:00:00+02:00,-4.58
2023-08-24T12:00:00+02:00,-4.56
2023-08-24T15:00:00+02:00,-4.54
2023-08-24T18:00:00+02:00,-4.53
2023-08-24T21:00:00+02:00,-4.52
2023-08-25T02:01:00+02:00,-4.52
2023-08-25T03:00:00+02:00,-4.53
2023-08-25T06:00:00+02:00,-4.54
2023-08-25T09:00:00+02:00,-4.55
2023-08-25T12:00:00+02:00,-4.54
2023-08-25T15:00:00+02:00,-4.53
2023-08-25T18:00:00+02:00,-4.53
2023-08-25T21:00:00+02:00,-4.54
2023-08-26T02:01:00+02:00,-4.56
2023-08-26T03:00:00+02:00,-4.58
2023-08-26T06:00:00+02:00,-4.59
2023-08-26T09:00:00+02:00,-4.6
2023-08-26T12:00:00+02:00,-4.6
2023-08-26T15:00:00+02:00,-4.58
2023-08-26T18:00:00+02:00,-4.57
2023-08-26T21:00:00+02:00,-4.58
2023-08-27T02:01:00+02:00,-4.59
2023-08-27T03:00:00+02:00,-4.6
2023-08-27T06:00:00+02:00,-4.6
2023-08-27T09:00:00+02:00,-4.61
2023-08-27T12:00:00+02:00,-4.6
2023-08-27T15:00:00+02:00,-4.6
2023-08-27T18:00:00+02:00,-4.6
2023-08-27T21:00:00+02:00,-4.61
2023-08-28T02:01:00+02:00,-4.61
2023-08-28T03:00:00+02:00,-4.61
2023-08-28T06:00:00+02:00,-4.62
2023-08-28T09:00:00+02:00,-4.62
2023-08-28T12:00:00+02:00,-4.61
2023-08-28T15:00:00+02:00,-4.59
2023-08-28T18:00:00+02:00,-4.58
2023-08-28T21:00:00+02:00,-4.58
2023-08-29T02:01:00+02:00,-4.59
2023-08-29T03:00:00+02:00,-4.61
2023-08-29T06:00:00+02:00,-4.61
2023-08-29T09:00:00+02:00,-4.61
2023-08-29T12:00:00+02:00,-4.61
2023-08-29T15:00:00+02:00,-4.59
2023-08-29T18:00:00+02:00,-4.59
2023-08-29T21:00:00+02:00,-4.59
2023-08-30T02:01:00+02:00,-4.59
2023-08-30T03:00:00+02:00,-4.6
2023-08-30T06:00:00+02:00,-4.6
2023-08-30T09:00:00+02:00,-4.6
2023-08-30T12:00:00+02:00,-4.6
2023-08-30T15:00:00+02:00,-4.59
2023-08-30T18:00:00+02:00,-4.59
2023-08-30T21:00:00+02:00,-4.6
2023-08-31T02:01:00+02:00,-4.6
2023-08-31T03:00:00+02:00,-4.6
2023-08-31T06:00:00+02:00,-4.61
2023-08-31T09:00:00+02:00,-4.62
2023-08-31T12:00:00+02:00,-4.61
2023-08-31T15:00:00+02:00,-4.6
2023-08-31T18:00:00+02:00,-4.58
2023-08-31T21:00:00+02:00,-4.59
2023-09-01T02:01:00+02:00,-4.6
2023-09-01T03:00:00+02:00,-4.61
2023-09-01T06:00:00+02:00,-4.61
2023-09-01T09:00:00+02:00,-4.62
2023-09-01T12:00:00+02:00,-4.62
2023-09-01T15:00:00+02:00,-4.61
2023-09-01T18:00:00+02:00,-4.6
2023-09-01T21:00:00+02:00,-4.61
2023-09-02T02:01:00+02:00,-4.62
2023-09-02T03:00:00+02:00,-4.62
2023-09-02T06:00:00+02:00,-4.63
2023-09-02T09:00:00+02:00,-4.63
2023-09-02T12:00:00+02:00,-4.63
2023-09-02T15:00:00+02:00,-4.61
2023-09-02T18:00:00+02:00,-4.6
2023-09-02T21:00:00+02:00,-4.59
2023-09-03T02:01:00+02:00,-4.61
2023-09-03T03:00:00+02:00,-4.62
2023-09-03T06:00:00+02:00,-4.64
2023-09-03T09:00:00+02:00,-4.65
2023-09-03T12:00:00+02:00,-4.64
2023-09-03T15:00:00+02:00,-4.61
2023-09-03T18:00:00+02:00,-4.58
2023-09-03T21:00:00+02:00,-4.57
2023-09-04T02:01:00+02:00,-4.57
2023-09-04T03:00:00+02:00,-4.6
2023-09-04T06:00:00+02:00,-4.62
2023-09-04T09:00:00+02:00,-4.63
2023-09-04T12:00:00+02:00,-4.61
2023-09-04T15:00:00+02:00,-4.58
2023-09-04T18:00:00+02:00,-4.56
2023-09-04T21:00:00+02:00,-4.54
2023-09-05T02:01:00+02:00,-4.55
2023-09-05T03:00:00+02:00,-4.56
2023-09-05T06:00:00+02:00,-4.57
2023-09-05T09:00:00+02:00,-4.59
2023-09-05T12:00:00+02:00,-4.58
2023-09-05T15:00:00+02:00,-4.55
2023-09-05T18:00:00+02:00,-4.55
2023-09-05T21:00:00+02:00,-4.54
2023-09-06T02:01:00+02:00,-4.54
2023-09-06T03:00:00+02:00,-4.55
2023-09-06T06:00:00+02:00,-4.57
2023-09-06T09:00:00+02:00,-4.59
2023-09-06T12:00:00+02:00,-4.58
2023-09-06T15:00:00+02:00,-4.56
2023-09-06T18:00:00+02:00,-4.55
2023-09-06T21:00:00+02:00,-4.55
2023-09-07T02:01:00+02:00,-4.55
2023-09-07T03:00:00+02:00,-4.56
2023-09-07T06:00:00+02:00,-4.58
2023-09-07T09:00:00+02:00,-4.59
2023-09-07T12:00:00+02:00,-4.58
2023-09-07T15:00:00+02:00,-4.57
2023-09-07T18:00:00+02:00,-4.56
2023-09-07T21:00:00+02:00,-4.56
2023-09-08T02:01:00+02:00,-4.56
2023-09-08T03:00:00+02:00,-4.56
2023-09-08T06:00:00+02:00,-4.58
2023-09-08T09:00:00+02:00,-4.6
2023-09-08T12:00:00+02:00,-4.58
2023-09-08T15:00:00+02:00,-4.57
2023-09-08T18:00:00+02:00,-4.56
2023-09-08T21:00:00+02:00,-4.56
2023-09-09T02:01:00+02:00,-4.56
2023-09-09T03:00:00+02:00,-4.57
2023-09-09T06:00:00+02:00,-4.6
2023-09-09T09:00:00+02:00,-4.63
2023-09-09T12:00:00+02:00,-4.61
2023-09-09T15:00:00+02:00,-4.59
2023-09-09T18:00:00+02:00,-4.58
2023-09-09T21:00:00+02:00,-4.58
2023-09-10T02:01:00+02:00,-4.58
2023-09-10T03:00:00+02:00,-4.58
2023-09-10T06:00:00+02:00,-4.59
2023-09-10T09:00:00+02:00,-4.6
2023-09-10T12:00:00+02:00,-4.59
2023-09-10T15:00:00+02:00,-4.58
2023-09-10T18:00:00+02:00,-4.57
2023-09-10T21:00:00+02:00,-4.57
2023-09-11T02:01:00+02:00,-4.56
2023-09-11T03:00:00+02:00,-4.56
2023-09-11T06:00:00+02:00,-4.56
2023-09-11T09:00:00+02:00,-4.58
2023-09-11T12:00:00+02:00,-4.58
2023-09-11T15:00:00+02:00,-4.57
2023-09-11T18:00:00+02:00,-4.59
2023-09-11T21:00:00+02:00,-4.59
2023-09-12T02:01:00+02:00,-4.6
2023-09-12T03:00:00+02:00,-4.6
2023-09-12T06:00:00+02:00,-4.62
2023-09-12T09:00:00+02:00,-4.63
2023-09-12T12:00:00+02:00,-4.62
2023-09-12T15:00:00+02:00,-4.59
2023-09-12T18:00:00+02:00,-4.59
2023-09-12T21:00:00+02:00,-4.59
2023-09-13T02:01:00+02:00,-4.6
2023-09-13T03:00:00+02:00,-4.61
2023-09-13T06:00:00+02:00,-4.64
2023-09-13T09:00:00+02:00,-4.66
2023-09-13T12:00:00+02:00,-4.66
2023-09-13T15:00:00+02:00,-4.65
2023-09-13T18:00:00+02:00,-4.65
2023-09-13T21:00:00+02:00,-4.66
2023-09-14T02:01:00+02:00,-4.68
2023-09-14T03:00:00+02:00,-4.68
2023-09-14T06:00:00+02:00,-4.69
2023-09-14T09:00:00+02:00,-4.69
2023-09-14T12:00:00+02:00,-4.69
2023-09-14T15:00:00+02:00,-4.67
2023-09-14T18:00:00+02:00,-4.65
2023-09-14T21:00:00+02:00,-4.65
2023-09-15T02:01:00+02:00,-4.66
2023-09-15T03:00:00+02:00,-4.67
2023-09-15T06:00:00+02:00,-4.68
2023-09-15T09:00:00+02:00,-4.69
2023-09-15T12:00:00+02:00,-4.67
2023-09-15T15:00:00+02:00,-4.65
2023-09-15T18:00:00+02:00,-4.64
2023-09-15T21:00:00+02:00,-4.63
2023-09-16T02:01:00+02:00,-4.64
2023-09-16T03:00:00+02:00,-4.66
2023-09-16T06:00:00+02:00,-4.67
2023-09-16T09:00:00+02:00,-4.68
2023-09-16T12:00:00+02:00,-4.65
2023-09-16T15:00:00+02:00,-4.63
2023-09-16T18:00:00+02:00,-4.61
2023-09-16T21:00:00+02:00,-4.61
2023-09-17T02:01:00+02:00,-4.61
2023-09-17T03:00:00+02:00,-4.62
2023-09-17T06:00:00+02:00,-4.63
2023-09-17T09:00:00+02:00,-4.64
2023-09-17T12:00:00+02:00,-4.65
2023-09-17T15:00:00+02:00,-4.64
2023-09-17T18:00:00+02:00,-4.65
2023-09-17T21:00:00+02:00,-4.64
2023-09-18T02:01:00+02:00,-4.63
2023-09-18T03:00:00+02:00,-4.62
2023-09-18T06:00:00+02:00,-4.6
2023-09-18T09:00:00+02:00,-4.61
2023-09-18T12:00:00+02:00,-4.59
2023-09-18T15:00:00+02:00,-4.57
2023-09-18T18:00:00+02:00,-4.57
2023-09-18T21:00:00+02:00,-4.59
2023-09-19T02:01:00+02:00,-4.61
2023-09-19T03:00:00+02:00,-4.62
2023-09-19T06:00:00+02:00,-4.63
2023-09-19T09:00:00+02:00,-4.63
2023-09-19T12:00:00+02:00,-4.63
2023-09-19T15:00:00+02:00,-4.62
2023-09-19T18:00:00+02:00,-4.62
2023-09-19T21:00:00+02:00,-4.62
2023-09-20T02:01:00+02:00,-4.63
2023-09-20T03:00:00+02:00,-4.62
2023-09-20T06:00:00+02:00,-4.62
2023-09-20T09:00:00+02:00,-4.61
2023-09-20T12:00:00+02:00,-4.62
2023-09-20T15:00:00+02:00,-4.61
2023-09-20T18:00:00+02:00,-4.59
2023-09-20T21:00:00+02:00,-4.57
2023-09-21T02:01:00+02:00,-4.57
2023-09-21T03:00:00+02:00,-4.58
2023-09-21T06:00:00+02:00,-4.58
2023-09-21T09:00:00+02:00,-4.59
2023-09-21T12:00:00+02:00,-4.59
2023-09-21T15:00:00+02:00,-4.59
2023-09-21T18:00:00+02:00,-4.6
2023-09-21T21:00:00+02:00,-4.6
2023-09-22T02:01:00+02:00,-4.61
2023-09-22T03:00:00+02:00,-4.61
2023-09-22T06:00:00+02:00,-4.62
2023-09-22T09:00:00+02:00,-4.62
2023-09-22T12:00:00+02:00,-4.62
2023-09-22T15:00:00+02:00,-4.62
2023-09-22T18:00:00+02:00,-4.63
2023-09-22T21:00:00+02:00,-4.63
2023-09-23T02:01:00+02:00,-4.63
2023-09-23T03:00:00+02:00,-4.63
2023-09-23T06:00:00+02:00,-4.64
2023-09-23T09:00:00+02:00,-4.64
2023-09-23T12:00:00+02:00,-4.65
2023-09-23T15:00:00+02:00,-4.65
2023-09-23T18:00:00+02:00,-4.65
2023-09-23T21:00:00+02:00,-4.66
2023-09-24T02:01:00+02:00,-4.66
2023-09-24T03:00:00+02:00,-4.66
2023-09-24T06:00:00+02:00,-4.66
2023-09-24T09:00:00+02:00,-4.66
2023-09-24T12:00:00+02:00,-4.66
2023-09-24T15:00:00+02:00,-4.64
2023-09-24T18:00:00+02:00,-4.62
2023-09-24T21:00:00+02:00,-4.62
2023-09-25T02:01:00+02:00,-4.63
2023-09-25T03:00:00+02:00,-4.63
2023-09-25T06:00:00+02:00,-4.64
2023-09-25T09:00:00+02:00,-4.64
2023-09-25T12:00:00+02:00,-4.64
2023-09-25T15:00:00+02:00,-4.62
2023-09-25T18:00:00+02:00,-4.61
2023-09-25T21:00:00+02:00,-4.61
2023-09-26T02:01:00+02:00,-4.61
2023-09-26T03:00:00+02:00,-4.62
2023-09-26T06:00:00+02:00,-4.62
2023-09-26T09:00:00+02:00,-4.63
2023-09-26T12:00:00+02:00,-4.62
2023-09-26T15:00:00+02:00,-4.6
2023-09-26T18:00:00+02:00,-4.59
2023-09-26T21:00:00+02:00,-4.59
2023-09-27T02:01:00+02:00,-4.6
2023-09-27T03:00:00+02:00,-4.61
2023-09-27T06:00:00+02:00,-4.62
2023-09-27T09:00:00+02:00,-4.62
2023-09-27T12:00:00+02:00,-4.62
2023-09-27T15:00:00+02:00,-4.58
2023-09-27T18:00:00+02:00,-4.56
2023-09-27T21:00:00+02:00,-4.54
2023-09-28T02:01:00+02:00,-4.54
2023-09-28T03:00:00+02:00,-4.55
2023-09-28T06:00:00+02:00,-4.56
2023-09-28T09:00:00+02:00,-4.58
2023-09-28T12:00:00+02:00,-4.58
2023-09-28T15:00:00+02:00,-4.57
2023-09-28T18:00:00+02:00,-4.58
2023-09-28T21:00:00+02:00,-4.58
2023-09-29T02:01:00+02:00,-4.59
2023-09-29T03:00:00+02:00,-4.59
2023-09-29T06:00:00+02:00,-4.59
2023-09-29T09:00:00+02:00,-4.6
2023-09-29T12:00:00+02:00,-4.6
2023-09-29T15:00:00+02:00,-4.61
2023-09-29T18:00:00+02:00,-4.61
2023-09-29T21:00:00+02:00,-4.62
2023-09-30T02:01:00+02:00,-4.63
2023-09-30T03:00:00+02:00,-4.63
2023-09-30T06:00:00+02:00,-4.64
2023-09-30T09:00:00+02:00,-4.64
2023-09-30T12:00:00+02:00,-4.63
2023-09-30T15:00:00+02:00,-4.62
2023-09-30T18:00:00+02:00,-4.61
2023-09-30T21:00:00+02:00,-4.62
2023-10-01T02:01:00+02:00,-4.62
2023-10-01T03:00:00+02:00,-4.61
2023-10-01T06:00:00+02:00,-4.62
2023-10-01T09:00:00+02:00,-4.62
2023-10-01T12:00:00+02:00,-4.61
2023-10-01T15:00:00+02:00,-4.58
2023-10-01T18:00:00+02:00,-4.56
2023-10-01T21:00:00+02:00,-4.55
2023-10-02T02:01:00+02:00,-4.56
2023-10-02T03:00:00+02:00,-4.58
2023-10-02T06:00:00+02:00,-4.59
2023-10-02T09:00:00+02:00,-4.6
2023-10-02T12:00:00+02:00,-4.58
2023-10-02T15:00:00+02:00,-4.54
2023-10-02T18:00:00+02:00,-4.53
2023-10-02T21:00:00+02:00,-4.49
2023-10-03T02:01:00+02:00,-4.5
2023-10-03T03:00:00+02:00,-4.5
2023-10-03T06:00:00+02:00,-4.51
2023-10-03T09:00:00+02:00,-4.53
2023-10-03T12:00:00+02:00,-4.55
2023-10-03T15:00:00+02:00,-4.57
2023-10-03T18:00:00+02:00,-4.59
2023-10-03T21:00:00+02:00,-4.59
2023-10-04T02:01:00+02:00,-4.6
2023-10-04T03:00:00+02:00,-4.6
2023-10-04T06:00:00+02:00,-4.61
2023-10-04T09:00:00+02:00,-4.61
2023-10-04T12:00:00+02:00,-4.6
2023-10-04T15:00:00+02:00,-4.59
2023-10-04T18:00:00+02:00,-4.59
2023-10-04T21:00:00+02:00,-4.59
2023-10-05T02:01:00+02:00,-4.59
2023-10-05T03:00:00+02:00,-4.59
2023-10-05T06:00:00+02:00,-4.6
2023-10-05T09:00:00+02:00,-4.61
2023-10-05T12:00:00+02:00,-4.6
2023-10-05T15:00:00+02:00,-4.59
2023-10-05T18:00:00+02:00,-4.59
2023-10-05T21:00:00+02:00,-4.59
2023-10-06T02:01:00+02:00,-4.6
2023-10-06T03:00:00+02:00,-4.59
2023-10-06T06:00:00+02:00,-4.59
2023-10-06T09:00:00+02:00,-4.6
2023-10-06T12:00:00+02:00,-4.59
2023-10-06T15:00:00+02:00,-4.57
2023-10-06T18:00:00+02:00,-4.56
2023-10-06T21:00:00+02:00,-4.56
2023-10-07T02:01:00+02:00,-4.57
2023-10-07T03:00:00+02:00,-4.57
2023-10-07T06:00:00+02:00,-4.56
2023-10-07T09:00:00+02:00,-4.57
2023-10-07T12:00:00+02:00,-4.56
2023-10-07T15:00:00+02:00,-4.55
2023-10-07T18:00:00+02:00,-4.54
2023-10-07T21:00:00+02:00,-4.54
2023-10-08T02:01:00+02:00,-4.55
2023-10-08T03:00:00+02:00,-4.55
2023-10-08T06:00:00+02:00,-4.57
2023-10-08T09:00:00+02:00,-4.58
2023-10-08T12:00:00+02:00,-4.58
2023-10-08T15:00:00+02:00,-4.58
2023-10-08T18:00:00+02:00,-4.58
2023-10-08T21:00:00+02:00,-4.58
2023-10-09T02:01:00+02:00,-4.57
2023-10-09T03:00:00+02:00,-4.57
2023-10-09T06:00:00+02:00,-4.56
2023-10-09T09:00:00+02:00,-4.57
2023-10-09T12:00:00+02:00,-4.55
2023-10-09T15:00:00+02:00,-4.53
2023-10-09T18:00:00+02:00,-4.54
2023-10-09T21:00:00+02:00,-4.55
2023-10-10T02:01:00+02:00,-4.56
2023-10-10T03:00:00+02:00,-4.55
2023-10-10T06:00:00+02:00,-4.56
2023-10-10T09:00:00+02:00,-4.57
2023-10-10T12:00:00+02:00,-4.55
2023-10-10T15:00:00+02:00,-4.52
2023-10-10T18:00:00+02:00,-4.5
2023-10-10T21:00:00+02:00,-4.5
2023-10-11T02:01:00+02:00,-4.51
2023-10-11T03:00:00+02:00,-4.52
2023-10-11T06:00:00+02:00,-4.52
2023-10-11T09:00:00+02:00,-4.53
2023-10-11T12:00:00+02:00,-4.52
2023-10-11T15:00:00+02:00,-4.5
2023-10-11T18:00:00+02:00,-4.51
2023-10-11T21:00:00+02:00,-4.5
2023-10-12T02:01:00+02:00,-4.52
2023-10-12T03:00:00+02:00,-4.52
2023-10-12T06:00:00+02:00,-4.53
2023-10-12T09:00:00+02:00,-4.54
2023-10-12T12:00:00+02:00,-4.54
2023-10-12T15:00:00+02:00,-4.53
2023-10-12T18:00:00+02:00,-4.54
2023-10-12T21:00:00+02:00,-4.54
2023-10-13T02:01:00+02:00,-4.53
2023-10-13T03:00:00+02:00,-4.51
2023-10-13T06:00:00+02:00,-4.5
2023-10-13T09:00:00+02:00,-4.5
2023-10-13T12:00:00+02:00,-4.48
2023-10-13T15:00:00+02:00,-4.47
2023-10-13T18:00:00+02:00,-4.46
2023-10-13T21:00:00+02:00,-4.45
2023-10-14T02:01:00+02:00,-4.48
2023-10-14T03:00:00+02:00,-4.5
2023-10-14T06:00:00+02:00,-4.51
2023-10-14T09:00:00+02:00,-4.53
2023-10-14T12:00:00+02:00,-4.53
2023-10-14T15:00:00+02:00,-4.53
2023-10-14T18:00:00+02:00,-4.54
2023-10-14T21:00:00+02:00,-4.54
2023-10-15T02:01:00+02:00,-4.54
2023-10-15T03:00:00+02:00,-4.54
2023-10-15T06:00:00+02:00,-4.54
2023-10-15T09:00:00+02:00,-4.55
2023-10-15T12:00:00+02:00,-4.54
2023-10-15T15:00:00+02:00,-4.54
2023-10-15T18:00:00+02:00,-4.54
2023-10-15T21:00:00+02:00,-4.54
2023-10-16T02:01:00+02:00,-4.53
2023-10-16T03:00:00+02:00,-4.53
2023-10-16T06:00:00+02:00,-4.52
2023-10-16T09:00:00+02:00,-4.52
2023-10-16T12:00:00+02:00,-4.52
2023-10-16T15:00:00+02:00,-4.52
2023-10-16T18:00:00+02:00,-4.51
2023-10-16T21:00:00+02:00,-4.52
2023-10-17T02:01:00+02:00,-4.51
2023-10-17T03:00:00+02:00,-4.51
2023-10-17T06:00:00+02:00,-4.5
2023-10-17T09:00:00+02:00,-4.51
2023-10-17T12:00:00+02:00,-4.49
2023-10-17T15:00:00+02:00,-4.49
2023-10-17T18:00:00+02:00,-4.5
2023-10-17T21:00:00+02:00,-4.49
2023-10-18T02:01:00+02:00,-4.48
2023-10-18T03:00:00+02:00,-4.47
2023-10-18T06:00:00+02:00,-4.47
2023-10-18T09:00:00+02:00,-4.46
2023-10-18T12:00:00+02:00,-4.45
2023-10-18T15:00:00+02:00,-4.44
2023-10-18T18:00:00+02:00,-4.44
2023-10-18T21:00:00+02:00,-4.43
2023-10-19T02:01:00+02:00,-4.42
2023-10-19T03:00:00+02:00,-4.42
2023-10-19T06:00:00+02:00,-4.42
2023-10-19T09:00:00+02:00,-4.41
2023-10-19T12:00:00+02:00,-4.41
2023-10-19T15:00:00+02:00,-4.39
2023-10-19T18:00:00+02:00,-4.4
2023-10-19T21:00:00+02:00,-4.39
2023-10-20T02:01:00+02:00,-4.39
2023-10-20T03:00:00+02:00,-4.38
2023-10-20T06:00:00+02:00,-4.39
2023-10-20T09:00:00+02:00,-4.39
2023-10-20T12:00:00+02:00,-4.38
2023-10-20T15:00:00+02:00,-4.37
2023-10-20T18:00:00+02:00,-4.38
2023-10-20T21:00:00+02:00,-4.38
2023-10-21T02:01:00+02:00,-4.39
2023-10-21T03:00:00+02:00,-4.4
2023-10-21T06:00:00+02:00,-4.4
2023-10-21T09:00:00+02:00,-4.41
2023-10-21T12:00:00+02:00,-4.41
2023-10-21T15:00:00+02:00,-4.42
2023-10-21T18:00:00+02:00,-4.41
2023-10-21T21:00:00+02:00,-4.41
2023-10-22T02:01:00+02:00,-4.41
2023-10-22T03:00:00+02:00,-4.43
2023-10-22T06:00:00+02:00,-4.43
2023-10-22T09:00:00+02:00,-4.44
2023-10-22T12:00:00+02:00,-4.44
2023-10-22T15:00:00+02:00,-4.44
2023-10-22T18:00:00+02:00,-4.45
2023-10-22T21:00:00+02:00,-4.45
2023-10-23T02:01:00+02:00,-4.45
2023-10-23T03:00:00+02:00,-4.45
2023-10-23T06:00:00+02:00,-4.46
2023-10-23T09:00:00+02:00,-4.45
2023-10-23T12:00:00+02:00,-4.44
2023-10-23T15:00:00+02:00,-4.44
2023-10-23T18:00:00+02:00,-4.43
2023-10-23T21:00:00+02:00,-4.42
2023-10-24T02:01:00+02:00,-4.41
2023-10-24T03:00:00+02:00,-4.41
2023-10-24T06:00:00+02:00,-4.41
2023-10-24T09:00:00+02:00,-4.41
2023-10-24T12:00:00+02:00,-4.41
2023-10-24T15:00:00+02:00,-4.41
2023-10-24T18:00:00+02:00,-4.41
2023-10-24T21:00:00+02:00,-4.41
2023-10-25T02:01:00+02:00,-4.41
2023-10-25T03:00:00+02:00,-4.41
2023-10-25T06:00:00+02:00,-4.4
2023-10-25T09:00:00+02:00,-4.4
2023-10-25T12:00:00+02:00,-4.39
2023-10-25T15:00:00+02:00,-4.39
2023-10-25T18:00:00+02:00,-4.4
2023-10-25T21:00:00+02:00,-4.4
2023-10-26T02:01:00+02:00,-4.4
2023-10-26T03:00:00+02:00,-4.4
2023-10-26T06:00:00+02:00,-4.4
2023-10-26T09:00:00+02:00,-4.4
2023-10-26T12:00:00+02:00,-4.39
2023-10-26T15:00:00+02:00,-4.39
2023-10-26T18:00:00+02:00,-4.39
2023-10-26T21:00:00+02:00,-4.39
2023-10-27T02:01:00+02:00,-4.39
2023-10-27T03:00:00+02:00,-4.39
2023-10-27T06:00:00+02:00,-4.39
2023-10-27T09:00:00+02:00,-4.39
2023-10-27T12:00:00+02:00,-4.38
2023-10-27T15:00:00+02:00,-4.39
2023-10-27T18:00:00+02:00,-4.39
2023-10-27T21:00:00+02:00,-4.39
2023-10-28T02:01:00+02:00,-4.39
2023-10-28T03:00:00+02:00,-4.39
2023-10-28T06:00:00+02:00,-4.39
2023-10-28T09:00:00+02:00,-4.39
2023-10-28T12:00:00+02:00,-4.39
2023-10-28T15:00:00+02:00,-4.39
2023-10-28T18:00:00+02:00,-4.4
2023-10-28T21:00:00+02:00,-4.38
2023-10-29T02:01:00+01:00,-4.37
2023-10-29T03:00:00+01:00,-4.37
2023-10-29T06:00:00+01:00,-4.38
2023-10-29T09:00:00+01:00,-4.39
2023-10-29T12:00:00+01:00,-4.38
2023-10-29T15:00:00+01:00,-4.38
2023-10-29T18:00:00+01:00,-4.38
2023-10-29T21:00:00+01:00,-4.39
2023-10-30T02:01:00+01:00,-4.4
2023-10-30T03:00:00+01:00,-4.4
2023-10-30T06:00:00+01:00,-4.4
2023-10-30T09:00:00+01:00,-4.4
2023-10-30T12:00:00+01:00,-4.4
2023-10-30T15:00:00+01:00,-4.39
2023-10-30T18:00:00+01:00,-4.39
2023-10-30T21:00:00+01:00,-4.39
2023-10-31T02:01:00+01:00,-4.39
2023-10-31T03:00:00+01:00,-4.39
2023-10-31T06:00:00+01:00,-4.39
2023-10-31T09:00:00+01:00,-4.39
2023-10-31T12:00:00+01:00,-4.4
2023-10-31T15:00:00+01:00,-4.4
2023-10-31T18:00:00+01:00,-4.4
2023-10-31T21:00:00+01:00,-4.39
2023-11-01T02:01:00+01:00,-4.38
2023-11-01T03:00:00+01:00,-4.37
2023-11-01T06:00:00+01:00,-4.37
2023-11-01T09:00:00+01:00,-4.38
2023-11-01T12:00:00+01:00,-4.36
2023-11-01T15:00:00+01:00,-4.36
2023-11-01T18:00:00+01:00,-4.36
2023-11-01T21:00:00+01:00,-4.35
2023-11-02T02:01:00+01:00,-4.34
2023-11-02T03:00:00+01:00,-4.32
2023-11-02T06:00:00+01:00,-4.31
2023-11-02T09:00:00+01:00,-4.31
2023-11-02T12:00:00+01:00,-4.3
2023-11-02T15:00:00+01:00,-4.3
2023-11-02T18:00:00+01:00,-4.32
2023-11-02T21:00:00+01:00,-4.31
2023-11-03T02:01:00+01:00,-4.31
2023-11-03T03:00:00+01:00,-4.32
2023-11-03T06:00:00+01:00,-4.32
2023-11-03T09:00:00+01:00,-4.33
2023-11-03T12:00:00+01:00,-4.32
2023-11-03T15:00:00+01:00,-4.33
2023-11-03T18:00:00+01:00,-4.32
2023-11-03T21:00:00+01:00,-4.32
2023-11-04T02:01:00+01:00,-4.32
2023-11-04T03:00:00+01:00,-4.32
2023-11-04T06:00:00+01:00,-4.31
2023-11-04T09:00:00+01:00,-4.3
2023-11-04T12:00:00+01:00,-4.29
2023-11-04T15:00:00+01:00,-4.29
2023-11-04T18:00:00+01:00,-4.29
2023-11-04T21:00:00+01:00,-4.29
2023-11-05T02:01:00+01:00,-4.3
2023-11-05T03:00:00+01:00,-4.3
2023-11-05T06:00:00+01:00,-4.3
2023-11-05T09:00:00+01:00,-4.32
2023-11-05T12:00:00+01:00,-4.33
2023-11-05T15:00:00+01:00,-4.34
2023-11-05T18:00:00+01:00,-4.36
2023-11-05T21:00:00+01:00,-4.36
2023-11-06T02:01:00+01:00,-4.37
2023-11-06T03:00:00+01:00,-4.37
2023-11-06T06:00:00+01:00,-4.37
2023-11-06T09:00:00+01:00,-4.37
2023-11-06T12:00:00+01:00,-4.38
2023-11-06T15:00:00+01:00,-4.38
2023-11-06T18:00:00+01:00,-4.38
2023-11-06T21:00:00+01:00,-4.39
2023-11-07T02:01:00+01:00,-4.39
2023-11-07T03:00:00+01:00,-4.39
2023-11-07T06:00:00+01:00,-4.39
2023-11-07T09:00:00+01:00,-4.4
2023-11-07T12:00:00+01:00,-4.4
2023-11-07T15:00:00+01:00,-4.4
2023-11-07T18:00:00+01:00,-4.4
2023-11-07T21:00:00+01:00,-4.4
2023-11-08T02:01:00+01:00,-4.4
2023-11-08T03:00:00+01:00,-4.4
2023-11-08T06:00:00+01:00,-4.4
2023-11-08T09:00:00+01:00,-4.4
2023-11-08T12:00:00+01:00,-4.4
2023-11-08T15:00:00+01:00,-4.38
2023-11-08T18:00:00+01:00,-4.38
2023-11-08T21:00:00+01:00,-4.37
2023-11-09T02:01:00+01:00,-4.36
2023-11-09T03:00:00+01:00,-4.36
2023-11-09T06:00:00+01:00,-4.36
2023-11-09T09:00:00+01:00,-4.36
2023-11-09T12:00:00+01:00,-4.36
2023-11-09T15:00:00+01:00,-4.36
2023-11-09T18:00:00+01:00,-4.35
2023-11-09T21:00:00+01:00,-4.35
2023-11-10T02:01:00+01:00,-4.34
2023-11-10T03:00:00+01:00,-4.34
2023-11-10T06:00:00+01:00,-4.35
2023-11-10T09:00:00+01:00,-4.34
2023-11-10T12:00:00+01:00,-4.36
2023-11-10T15:00:00+01:00,-4.37
2023-11-10T18:00:00+01:00,-4.36
2023-11-10T21:00:00+01:00,-4.36
2023-11-11T02:01:00+01:00,-4.37
2023-11-11T03:00:00+01:00,-4.37
2023-11-11T06:00:00+01:00,-4.37
2023-11-11T09:00:00+01:00,-4.37
2023-11-11T12:00:00+01:00,-4.38
2023-11-11T15:00:00+01:00,-4.38
2023-11-11T18:00:00+01:00,-4.37
2023-11-11T21:00:00+01:00,-4.37
2023-11-12T02:01:00+01:00,-4.37
2023-11-12T03:00:00+01:00,-4.37
2023-11-12T06:00:00+01:00,-4.37
2023-11-12T09:00:00+01:00,-4.37
2023-11-12T12:00:00+01:00,-4.38
2023-11-12T15:00:00+01:00,-4.38
2023-11-12T18:00:00+01:00,-4.39
2023-11-12T21:00:00+01:00,-4.38
2023-11-13T02:01:00+01:00,-4.38
2023-11-13T03:00:00+01:00,-4.39
2023-11-13T06:00:00+01:00,-4.38
2023-11-13T09:00:00+01:00,-4.37
2023-11-13T12:00:00+01:00,-4.33
2023-11-13T15:00:00+01:00,-4.35
2023-11-13T18:00:00+01:00,-4.35
2023-11-13T21:00:00+01:00,-4.35
2023-11-14T02:01:00+01:00,-4.35
2023-11-14T03:00:00+01:00,-4.36
2023-11-14T06:00:00+01:00,-4.36
2023-11-14T09:00:00+01:00,-4.36
2023-11-14T12:00:00+01:00,-4.36
2023-11-14T15:00:00+01:00,-4.35
2023-11-14T18:00:00+01:00,-4.36
2023-11-14T21:00:00+01:00,-4.37
2023-11-15T02:01:00+01:00,-4.38
2023-11-15T03:00:00+01:00,-4.38
2023-11-15T06:00:00+01:00,-4.38
2023-11-15T09:00:00+01:00,-4.39
2023-11-15T12:00:00+01:00,-4.38
2023-11-15T15:00:00+01:00,-4.39
2023-11-15T18:00:00+01:00,-4.39
2023-11-15T21:00:00+01:00,-4.39
2023-11-16T02:01:00+01:00,-4.39
2023-11-16T03:00:00+01:00,-4.39
2023-11-16T06:00:00+01:00,-4.39
2023-11-16T09:00:00+01:00,-4.39
2023-11-16T12:00:00+01:00,-4.38
2023-11-16T15:00:00+01:00,-4.39
2023-11-16T18:00:00+01:00,-4.39
2023-11-16T21:00:00+01:00,-4.4
2023-11-17T02:01:00+01:00,-4.42
2023-11-17T03:00:00+01:00,-4.42
2023-11-17T06:00:00+01:00,-4.42
2023-11-17T09:00:00+01:00,-4.42
2023-11-17T12:00:00+01:00,-4.42
2023-11-17T15:00:00+01:00,-4.42
2023-11-17T18:00:00+01:00,-4.43
2023-11-17T21:00:00+01:00,-4.42
2023-11-18T02:01:00+01:00,-4.42
2023-11-18T03:00:00+01:00,-4.42
2023-11-18T06:00:00+01:00,-4.41
2023-11-18T09:00:00+01:00,-4.4
2023-11-18T12:00:00+01:00,-4.39
2023-11-18T15:00:00+01:00,-4.37
2023-11-18T18:00:00+01:00,-4.37
2023-11-18T21:00:00+01:00,-4.37
2023-11-19T02:01:00+01:00,-4.37
2023-11-19T03:00:00+01:00,-4.37
2023-11-19T06:00:00+01:00,-4.37
2023-11-19T09:00:00+01:00,-4.38
2023-11-19T12:00:00+01:00,-4.37
2023-11-19T15:00:00+01:00,-4.37
2023-11-19T18:00:00+01:00,-4.37
2023-11-19T21:00:00+01:00,-4.37
2023-11-20T02:01:00+01:00,-4.37
2023-11-20T03:00:00+01:00,-4.37
2023-11-20T06:00:00+01:00,-4.37
2023-11-20T09:00:00+01:00,-4.38
2023-11-20T12:00:00+01:00,-4.38
2023-11-20T15:00:00+01:00,-4.37
2023-11-20T18:00:00+01:00,-4.38
2023-11-20T21:00:00+01:00,-4.38
2023-11-21T02:01:00+01:00,-4.39
2023-11-21T03:00:00+01:00,-4.39
2023-11-21T06:00:00+01:00,-4.4
2023-11-21T09:00:00+01:00,-4.41
2023-11-21T12:00:00+01:00,-4.41
2023-11-21T15:00:00+01:00,-4.42
2023-11-21T18:00:00+01:00,-4.43
2023-11-21T21:00:00+01:00,-4.44
2023-11-22T02:01:00+01:00,-4.45
2023-11-22T03:00:00+01:00,-4.46
2023-11-22T06:00:00+01:00,-4.47
2023-11-22T09:00:00+01:00,-4.48
2023-11-22T12:00:00+01:00,-4.46
2023-11-22T15:00:00+01:00,-4.46
2023-11-22T18:00:00+01:00,-4.44
2023-11-22T21:00:00+01:00,-4.43
2023-11-23T02:01:00+01:00,-4.43
2023-11-23T03:00:00+01:00,-4.43
2023-11-23T06:00:00+01:00,-4.42
2023-11-23T09:00:00+01:00,-4.42
2023-11-23T12:00:00+01:00,-4.41
2023-11-23T15:00:00+01:00,-4.4
2023-11-23T18:00:00+01:00,-4.41
2023-11-23T21:00:00+01:00,-4.41
2023-11-24T02:01:00+01:00,-4.41
2023-11-24T03:00:00+01:00,-4.41
2023-11-24T06:00:00+01:00,-4.41
2023-11-24T09:00:00+01:00,-4.4
2023-11-24T12:00:00+01:00,-4.41
2023-11-24T15:00:00+01:00,-4.41
2023-11-24T18:00:00+01:00,-4.42
2023-11-24T21:00:00+01:00,-4.43
2023-11-25T02:01:00+01:00,-4.44
2023-11-25T03:00:00+01:00,-4.44
2023-11-25T06:00:00+01:00,-4.43
2023-11-25T09:00:00+01:00,-4.44
2023-11-25T12:00:00+01:00,-4.43
2023-11-25T15:00:00+01:00,-4.44
2023-11-25T18:00:00+01:00,-4.44
2023-11-25T21:00:00+01:00,-4.45
2023-11-26T02:01:00+01:00,-4.45
2023-11-26T03:00:00+01:00,-4.45
2023-11-26T06:00:00+01:00,-4.44
2023-11-26T09:00:00+01:00,-4.44
2023-11-26T12:00:00+01:00,-4.44
2023-11-26T15:00:00+01:00,-4.44
2023-11-26T18:00:00+01:00,-4.43
2023-11-26T21:00:00+01:00,-4.42
2023-11-27T02:01:00+01:00,-4.41
2023-11-27T03:00:00+01:00,-4.39
2023-11-27T06:00:00+01:00,-4.37
2023-11-27T09:00:00+01:00,-4.37
2023-11-27T12:00:00+01:00,-4.36
2023-11-27T15:00:00+01:00,-4.38
2023-11-27T18:00:00+01:00,-4.39
2023-11-27T21:00:00+01:00,-4.4
2023-11-28T02:01:00+01:00,-4.43
2023-11-28T03:00:00+01:00,-4.44
2023-11-28T06:00:00+01:00,-4.46
2023-11-28T09:00:00+01:00,-4.48
2023-11-28T12:00:00+01:00,-4.5
2023-11-28T15:00:00+01:00,-4.48
2023-11-28T18:00:00+01:00,-4.46
2023-11-28T21:00:00+01:00,-4.45
2023-11-29T02:01:00+01:00,-4.42
2023-11-29T03:00:00+01:00,-4.42
2023-11-29T06:00:00+01:00,-4.43
2023-11-29T09:00:00+01:00,-4.43
2023-11-29T12:00:00+01:00,-4.43
2023-11-29T15:00:00+01:00,-4.46
2023-11-29T18:00:00+01:00,-4.46
2023-11-29T21:00:00+01:00,-4.46
2023-11-30T02:01:00+01:00,-4.46
2023-11-30T03:00:00+01:00,-4.47
2023-11-30T06:00:00+01:00,-4.48
2023-11-30T09:00:00+01:00,-4.49
2023-11-30T12:00:00+01:00,-4.49
2023-11-30T15:00:00+01:00,-4.48
2023-11-30T18:00:00+01:00,-4.48
2023-11-30T21:00:00+01:00,-4.49
2023-12-01T02:01:00+01:00,-4.52
2023-12-01T03:00:00+01:00,-4.53
2023-12-01T06:00:00+01:00,-4.54
2023-12-01T09:00:00+01:00,-4.54
2023-12-01T12:00:00+01:00,-4.55
2023-12-01T15:00:00+01:00,-4.55
2023-12-01T18:00:00+01:00,-4.56
2023-12-01T21:00:00+01:00,-4.56
2023-12-02T02:01:00+01:00,-4.57
2023-12-02T03:00:00+01:00,-4.57
2023-12-02T06:00:00+01:00,-4.58
2023-12-02T09:00:00+01:00,-4.59
2023-12-02T12:00:00+01:00,-4.59
2023-12-02T15:00:00+01:00,-4.59
2023-12-02T18:00:00+01:00,-4.58
2023-12-02T21:00:00+01:00,-4.58
2023-12-03T02:01:00+01:00,-4.59
2023-12-03T03:00:00+01:00,-4.59
2023-12-03T06:00:00+01:00,-4.59
2023-12-03T09:00:00+01:00,-4.6
2023-12-03T12:00:00+01:00,-4.59
2023-12-03T15:00:00+01:00,-4.58
2023-12-03T18:00:00+01:00,-4.57
2023-12-03T21:00:00+01:00,-4.56
2023-12-04T02:01:00+01:00,-4.56
2023-12-04T03:00:00+01:00,-4.56
2023-12-04T06:00:00+01:00,-4.55
2023-12-04T09:00:00+01:00,-4.55
2023-12-04T12:00:00+01:00,-4.53
2023-12-04T15:00:00+01:00,-4.49
2023-12-04T18:00:00+01:00,-4.49
2023-12-04T21:00:00+01:00,-4.49
2023-12-05T02:01:00+01:00,-4.51
2023-12-05T03:00:00+01:00,-4.52
2023-12-05T06:00:00+01:00,-4.53
2023-12-05T09:00:00+01:00,-4.54
2023-12-05T12:00:00+01:00,-4.52
2023-12-05T15:00:00+01:00,-4.53
2023-12-05T18:00:00+01:00,-4.53
2023-12-05T21:00:00+01:00,-4.54
2023-12-06T02:01:00+01:00,-4.54
2023-12-06T03:00:00+01:00,-4.54
2023-12-06T06:00:00+01:00,-4.53
2023-12-06T09:00:00+01:00,-4.52
2023-12-06T12:00:00+01:00,-4.49
2023-12-06T15:00:00+01:00,-4.48
2023-12-06T18:00:00+01:00,-4.48
2023-12-06T21:00:00+01:00,-4.49
2023-12-07T02:01:00+01:00,-4.52
2023-12-07T03:00:00+01:00,-4.54
2023-12-07T06:00:00+01:00,-4.55
2023-12-07T09:00:00+01:00,-4.57
2023-12-07T12:00:00+01:00,-4.56
2023-12-07T15:00:00+01:00,-4.54
2023-12-07T18:00:00+01:00,-4.54
2023-12-07T21:00:00+01:00,-4.54
2023-12-08T02:01:00+01:00,-4.53
2023-12-08T03:00:00+01:00,-4.51
2023-12-08T06:00:00+01:00,-4.51
2023-12-08T09:00:00+01:00,-4.52
2023-12-08T12:00:00+01:00,-4.52
2023-12-08T15:00:00+01:00,-4.49
2023-12-08T18:00:00+01:00,-4.47
2023-12-08T21:00:00+01:00,-4.46
2023-12-09T02:01:00+01:00,-4.45
2023-12-09T03:00:00+01:00,-4.43
2023-12-09T06:00:00+01:00,-4.42
2023-12-09T09:00:00+01:00,-4.41
2023-12-09T12:00:00+01:00,-4.39
2023-12-09T15:00:00+01:00,-4.36
2023-12-09T18:00:00+01:00,-4.37
2023-12-09T21:00:00+01:00,-4.38
2023-12-10T02:01:00+01:00,-4.39
2023-12-10T03:00:00+01:00,-4.39
2023-12-10T06:00:00+01:00,-4.4
2023-12-10T09:00:00+01:00,-4.41
2023-12-10T12:00:00+01:00,-4.39
2023-12-10T15:00:00+01:00,-4.38
2023-12-10T18:00:00+01:00,-4.36
2023-12-10T21:00:00+01:00,-4.37
2023-12-11T02:01:00+01:00,-4.37
2023-12-11T03:00:00+01:00,-4.36
2023-12-11T06:00:00+01:00,-4.36
2023-12-11T09:00:00+01:00,-4.38
2023-12-11T12:00:00+01:00,-4.38
2023-12-11T15:00:00+01:00,-4.38
2023-12-11T18:00:00+01:00,-4.4
2023-12-11T21:00:00+01:00,-4.4
2023-12-12T02:01:00+01:00,-4.4
2023-12-12T03:00:00+01:00,-4.4
2023-12-12T06:00:00+01:00,-4.39
2023-12-12T09:00:00+01:00,-4.39
2023-12-12T12:00:00+01:00,-4.38
2023-12-12T15:00:00+01:00,-4.37
2023-12-12T18:00:00+01:00,-4.37
2023-12-12T21:00:00+01:00,-4.37
2023-12-13T02:01:00+01:00,-4.37
2023-12-13T03:00:00+01:00,-4.37
2023-12-13T06:00:00+01:00,-4.37
2023-12-13T09:00:00+01:00,-4.37
2023-12-13T12:00:00+01:00,-4.38
2023-12-13T15:00:00+01:00,-4.39
2023-12-13T18:00:00+01:00,-4.4
2023-12-13T21:00:00+01:00,-4.42
2023-12-14T02:01:00+01:00,-4.42
2023-12-14T03:00:00+01:00,-4.43
2023-12-14T06:00:00+01:00,-4.43
2023-12-14T09:00:00+01:00,-4.45
2023-12-14T12:00:00+01:00,-4.45
2023-12-14T15:00:00+01:00,-4.48
2023-12-14T18:00:00+01:00,-4.48
2023-12-14T21:00:00+01:00,-4.47
2023-12-15T02:01:00+01:00,-4.48
2023-12-15T03:00:00+01:00,-4.48
2023-12-15T06:00:00+01:00,-4.48
2023-12-15T09:00:00+01:00,-4.48
2023-12-15T12:00:00+01:00,-4.48
2023-12-15T15:00:00+01:00,-4.48
2023-12-15T18:00:00+01:00,-4.49
2023-12-15T21:00:00+01:00,-4.49
2023-12-16T02:01:00+01:00,-4.49
2023-12-16T03:00:00+01:00,-4.49
2023-12-16T06:00:00+01:00,-4.48
2023-12-16T09:00:00+01:00,-4.49
2023-12-16T12:00:00+01:00,-4.48
2023-12-16T15:00:00+01:00,-4.48
2023-12-16T18:00:00+01:00,-4.48
2023-12-16T21:00:00+01:00,-4.48
2023-12-17T02:01:00+01:00,-4.48
2023-12-17T03:00:00+01:00,-4.49
2023-12-17T06:00:00+01:00,-4.49
2023-12-17T09:00:00+01:00,-4.48
2023-12-17T12:00:00+01:00,-4.48
2023-12-17T15:00:00+01:00,-4.47
2023-12-17T18:00:00+01:00,-4.48
2023-12-17T21:00:00+01:00,-4.48
2023-12-18T02:01:00+01:00,-4.47
2023-12-18T03:00:00+01:00,-4.47
2023-12-18T06:00:00+01:00,-4.47
2023-12-18T09:00:00+01:00,-4.47
2023-12-18T12:00:00+01:00,-4.46
2023-12-18T15:00:00+01:00,-4.46
2023-12-18T18:00:00+01:00,-4.46
2023-12-18T21:00:00+01:00,-4.45
2023-12-19T02:01:00+01:00,-4.46
2023-12-19T03:00:00+01:00,-4.44
2023-12-19T06:00:00+01:00,-4.44
2023-12-19T09:00:00+01:00,-4.43
2023-12-19T12:00:00+01:00,-4.42
2023-12-19T15:00:00+01:00,-4.42
2023-12-19T18:00:00+01:00,-4.42
2023-12-19T21:00:00+01:00,-4.42
2023-12-20T02:01:00+01:00,-4.42
2023-12-20T03:00:00+01:00,-4.42
2023-12-20T06:00:00+01:00,-4.41
2023-12-20T09:00:00+01:00,-4.42
2023-12-20T12:00:00+01:00,-4.41
2023-12-20T15:00:00+01:00,-4.41
2023-12-20T18:00:00+01:00,-4.4
2023-12-20T21:00:00+01:00,-4.39
2023-12-21T02:01:00+01:00,-4.39
2023-12-21T03:00:00+01:00,-4.38
2023-12-21T06:00:00+01:00,-4.37
2023-12-21T09:00:00+01:00,-4.36
2023-12-21T12:00:00+01:00,-4.36
2023-12-21T15:00:00+01:00,-4.37
2023-12-21T18:00:00+01:00,-4.38
2023-12-21T21:00:00+01:00,-4.39
2023-12-22T02:01:00+01:00,-4.39
2023-12-22T03:00:00+01:00,-4.4
2023-12-22T06:00:00+01:00,-4.4
2023-12-22T09:00:00+01:00,-4.39
2023-12-22T12:00:00+01:00,-4.38
2023-12-22T15:00:00+01:00,-4.38
2023-12-22T18:00:00+01:00,-4.39
2023-12-22T21:00:00+01:00,-4.4
2023-12-23T02:01:00+01:00,-4.4
2023-12-23T03:00:00+01:00,-4.39
2023-12-23T06:00:00+01:00,-4.39
2023-12-23T09:00:00+01:00,-4.39
2023-12-23T12:00:00+01:00,-4.39
2023-12-23T15:00:00+01:00,-4.39
2023-12-23T18:00:00+01:00,-4.39
2023-12-23T21:00:00+01:00,-4.39
2023-12-24T02:01:00+01:00,-4.39
2023-12-24T03:00:00+01:00,-4.38
2023-12-24T06:00:00+01:00,-4.37
2023-12-24T09:00:00+01:00,-4.38
2023-12-24T12:00:00+01:00,-4.37
2023-12-24T15:00:00+01:00,-4.36
2023-12-24T18:00:00+01:00,-4.38
2023-12-24T21:00:00+01:00,-4.38
2023-12-25T02:01:00+01:00,-4.38
2023-12-25T03:00:00+01:00,-4.38
2023-12-25T06:00:00+01:00,-4.38
2023-12-25T09:00:00+01:00,-4.39
2023-12-25T12:00:00+01:00,-4.39
2023-12-25T15:00:00+01:00,-4.39
2023-12-25T18:00:00+01:00,-4.39
2023-12-25T21:00:00+01:00,-4.38
2023-12-26T02:01:00+01:00,-4.38
2023-12-26T03:00:00+01:00,-4.39
2023-12-26T06:00:00+01:00,-4.39
2023-12-26T09:00:00+01:00,-4.4
2023-12-26T12:00:00+01:00,-4.41
2023-12-26T15:00:00+01:00,-4.42
2023-12-26T18:00:00+01:00,-4.41
2023-12-26T21:00:00+01:00,-4.42
2023-12-27T02:01:00+01:00,-4.43
2023-12-27T03:00:00+01:00,-4.44
2023-12-27T06:00:00+01:00,-4.44
2023-12-27T09:00:00+01:00,-4.44
2023-12-27T12:00:00+01:00,-4.43
2023-12-27T15:00:00+01:00,-4.4
2023-12-27T18:00:00+01:00,-4.38
2023-12-27T21:00:00+01:00,-4.39
2023-12-28T02:01:00+01:00,-4.39
2023-12-28T03:00:00+01:00,-4.38
2023-12-28T06:00:00+01:00,-4.38
2023-12-28T09:00:00+01:00,-4.39
2023-12-28T12:00:00+01:00,-4.39
2023-12-28T15:00:00+01:00,-4.39
2023-12-28T18:00:00+01:00,-4.38
2023-12-28T21:00:00+01:00,-4.38
2023-12-29T02:01:00+01:00,-4.38
2023-12-29T03:00:00+01:00,-4.38
2023-12-29T06:00:00+01:00,-4.37
2023-12-29T09:00:00+01:00,-4.38
2023-12-29T12:00:00+01:00,-4.38
2023-12-29T15:00:00+01:00,-4.37
2023-12-29T18:00:00+01:00,-4.38
2023-12-29T21:00:00+01:00,-4.39
2023-12-30T02:01:00+01:00,-4.39
2023-12-30T03:00:00+01:00,-4.39
2023-12-30T06:00:00+01:00,-4.4
2023-12-30T09:00:00+01:00,-4.4
2023-12-30T12:00:00+01:00,-4.39
2023-12-30T15:00:00+01:00,-4.38
2023-12-30T18:00:00+01:00,-4.38
2023-12-30T21:00:00+01:00,-4.37
2023-12-31T02:01:00+01:00,-4.36
2023-12-31T03:00:00+01:00,-4.35
2023-12-31T06:00:00+01:00,-4.34
2023-12-31T09:00:00+01:00,-4.35
2023-12-31T12:00:00+01:00,-4.35
2023-12-31T15:00:00+01:00,-4.34
2023-12-31T18:00:00+01:00,-4.35
2023-12-31T21:00:00+01:00,-4.35
2024-01-01T02:01:00+01:00,-4.35
2024-01-01T03:00:00+01:00,-4.35
2024-01-01T06:00:00+01:00,-4.35
2024-01-01T09:00:00+01:00,-4.37
2024-01-01T12:00:00+01:00,-4.37
2024-01-01T15:00:00+01:00,-4.37
2024-01-01T18:00:00+01:00,-4.37
2024-01-01T21:00:00+01:00,-4.36
2024-01-02T02:01:00+01:00,-4.34
2024-01-02T03:00:00+01:00,-4.31
2024-01-02T06:00:00+01:00,-4.33
2024-01-02T09:00:00+01:00,-4.33
2024-01-02T12:00:00+01:00,-4.31
2024-01-02T15:00:00+01:00,-4.3
2024-01-02T18:00:00+01:00,-4.29
2024-01-02T21:00:00+01:00,-4.29
2024-01-03T02:01:00+01:00,-4.31
2024-01-03T03:00:00+01:00,-4.31
2024-01-03T06:00:00+01:00,-4.31
2024-01-03T09:00:00+01:00,-4.31
2024-01-03T12:00:00+01:00,-4.31
2024-01-03T15:00:00+01:00,-4.31
2024-01-03T18:00:00+01:00,-4.31
2024-01-03T21:00:00+01:00,-4.32
2024-01-04T02:01:00+01:00,-4.33
2024-01-04T03:00:00+01:00,-4.33
2024-01-04T06:00:00+01:00,-4.33
2024-01-04T09:00:00+01:00,-4.34
2024-01-04T12:00:00+01:00,-4.34
2024-01-04T15:00:00+01:00,-4.34
2024-01-04T18:00:00+01:00,-4.34
2024-01-04T21:00:00+01:00,-4.33
2024-01-05T02:01:00+01:00,-4.32
2024-01-05T03:00:00+01:00,-4.31
2024-01-05T06:00:00+01:00,-4.32
2024-01-05T09:00:00+01:00,-4.31
2024-01-05T12:00:00+01:00,-4.31
2024-01-05T15:00:00+01:00,-4.33
2024-01-05T18:00:00+01:00,-4.34
2024-01-05T21:00:00+01:00,-4.36
2024-01-06T02:01:00+01:00,-4.36
2024-01-06T03:00:00+01:00,-4.37
2024-01-06T06:00:00+01:00,-4.38
2024-01-06T09:00:00+01:00,-4.39
2024-01-06T12:00:00+01:00,-4.4
2024-01-06T15:00:00+01:00,-4.41
2024-01-06T18:00:00+01:00,-4.41
2024-01-06T21:00:00+01:00,-4.42
2024-01-07T02:01:00+01:00,-4.44
2024-01-07T03:00:00+01:00,-4.47
2024-01-07T06:00:00+01:00,-4.49
2024-01-07T09:00:00+01:00,-4.5
2024-01-07T12:00:00+01:00,-4.5
2024-01-07T15:00:00+01:00,-4.51
2024-01-07T18:00:00+01:00,-4.53
2024-01-07T21:00:00+01:00,-4.53
2024-01-08T02:01:00+01:00,-4.53
2024-01-08T03:00:00+01:00,-4.54
2024-01-08T06:00:00+01:00,-4.55
2024-01-08T09:00:00+01:00,-4.56
2024-01-08T12:00:00+01:00,-4.55
2024-01-08T15:00:00+01:00,-4.56
2024-01-08T18:00:00+01:00,-4.57
2024-01-08T21:00:00+01:00,-4.57
2024-01-09T02:01:00+01:00,-4.58
2024-01-09T03:00:00+01:00,-4.58
2024-01-09T06:00:00+01:00,-4.58
2024-01-09T09:00:00+01:00,-4.58
2024-01-09T12:00:00+01:00,-4.59
2024-01-09T15:00:00+01:00,-4.59
2024-01-09T18:00:00+01:00,-4.58
2024-01-09T21:00:00+01:00,-4.58
2024-01-10T02:01:00+01:00,-4.58
2024-01-10T03:00:00+01:00,-4.58
2024-01-10T06:00:00+01:00,-4.57
2024-01-10T09:00:00+01:00,-4.58
2024-01-10T12:00:00+01:00,-4.58
2024-01-10T15:00:00+01:00,-4.58
2024-01-10T18:00:00+01:00,-4.59
2024-01-10T21:00:00+01:00,-4.6
2024-01-11T02:01:00+01:00,-4.6
2024-01-11T03:00:00+01:00,-4.6
2024-01-11T06:00:00+01:00,-4.6
2024-01-11T09:00:00+01:00,-4.61
2024-01-11T12:00:00+01:00,-4.6
2024-01-11T15:00:00+01:00,-4.6
2024-01-11T18:00:00+01:00,-4.59
2024-01-11T21:00:00+01:00,-4.58
2024-01-12T02:01:00+01:00,-4.56
2024-01-12T03:00:00+01:00,-4.54
2024-01-12T06:00:00+01:00,-4.54
2024-01-12T09:00:00+01:00,-4.54
2024-01-12T12:00:00+01:00,-4.54
2024-01-12T15:00:00+01:00,-4.53
2024-01-12T18:00:00+01:00,-4.53
2024-01-12T21:00:00+01:00,-4.53
2024-01-13T02:01:00+01:00,-4.52
2024-01-13T03:00:00+01:00,-4.51
2024-01-13T06:00:00+01:00,-4.51
2024-01-13T09:00:00+01:00,-4.5
2024-01-13T12:00:00+01:00,-4.49
2024-01-13T15:00:00+01:00,-4.48
2024-01-13T18:00:00+01:00,-4.48
2024-01-13T21:00:00+01:00,-4.47
2024-01-14T02:01:00+01:00,-4.47
2024-01-14T03:00:00+01:00,-4.46
2024-01-14T06:00:00+01:00,-4.46
2024-01-14T09:00:00+01:00,-4.46
2024-01-14T12:00:00+01:00,-4.45
2024-01-14T15:00:00+01:00,-4.45
2024-01-14T18:00:00+01:00,-4.44
2024-01-14T21:00:00+01:00,-4.44
2024-01-15T02:01:00+01:00,-4.45
2024-01-15T03:00:00+01:00,-4.44
2024-01-15T06:00:00+01:00,-4.45
2024-01-15T09:00:00+01:00,-4.46
2024-01-15T12:00:00+01:00,-4.47
2024-01-15T15:00:00+01:00,-4.48
2024-01-15T18:00:00+01:00,-4.47
2024-01-15T21:00:00+01:00,-4.48
2024-01-16T02:01:00+01:00,-4.49
2024-01-16T03:00:00+01:00,-4.5
2024-01-16T06:00:00+01:00,-4.51
2024-01-16T09:00:00+01:00,-4.52
2024-01-16T12:00:00+01:00,-4.53
2024-01-16T15:00:00+01:00,-4.51
2024-01-16T18:00:00+01:00,-4.5
2024-01-16T21:00:00+01:00,-4.49
2024-01-17T02:01:00+01:00,-4.51
2024-01-17T03:00:00+01:00,-4.5
2024-01-17T06:00:00+01:00,-4.5
2024-01-17T09:00:00+01:00,-4.51
2024-01-17T12:00:00+01:00,-4.5
2024-01-17T15:00:00+01:00,-4.51
2024-01-17T18:00:00+01:00,-4.52
2024-01-17T21:00:00+01:00,-4.53
2024-01-18T02:01:00+01:00,-4.53
2024-01-18T03:00:00+01:00,-4.53
2024-01-18T06:00:00+01:00,-4.54
2024-01-18T09:00:00+01:00,-4.55
2024-01-18T12:00:00+01:00,-4.56
2024-01-18T15:00:00+01:00,-4.56
2024-01-18T18:00:00+01:00,-4.56
2024-01-18T21:00:00+01:00,-4.55
2024-01-19T02:01:00+01:00,-4.56
2024-01-19T03:00:00+01:00,-4.57
2024-01-19T06:00:00+01:00,-4.57
2024-01-19T09:00:00+01:00,-4.58
2024-01-19T12:00:00+01:00,-4.58
2024-01-19T15:00:00+01:00,-4.57
2024-01-19T18:00:00+01:00,-4.56
2024-01-19T21:00:00+01:00,-4.55
2024-01-20T02:01:00+01:00,-4.57
2024-01-20T03:00:00+01:00,-4.59
2024-01-20T06:00:00+01:00,-4.61
2024-01-20T09:00:00+01:00,-4.62
2024-01-20T12:00:00+01:00,-4.63
2024-01-20T15:00:00+01:00,-4.63
2024-01-20T18:00:00+01:00,-4.63
2024-01-20T21:00:00+01:00,-4.63
2024-01-21T02:01:00+01:00,-4.63
2024-01-21T03:00:00+01:00,-4.61
2024-01-21T06:00:00+01:00,-4.61
2024-01-21T09:00:00+01:00,-4.62
2024-01-21T12:00:00+01:00,-4.61
2024-01-21T15:00:00+01:00,-4.58
2024-01-21T18:00:00+01:00,-4.56
2024-01-21T21:00:00+01:00,-4.53
2024-01-22T02:01:00+01:00,-4.49
2024-01-22T03:00:00+01:00,-4.45
2024-01-22T06:00:00+01:00,-4.45
2024-01-22T09:00:00+01:00,-4.46
2024-01-22T12:00:00+01:00,-4.46
2024-01-22T15:00:00+01:00,-4.45
2024-01-22T18:00:00+01:00,-4.46
2024-01-22T21:00:00+01:00,-4.47
2024-01-23T02:01:00+01:00,-4.48
2024-01-23T03:00:00+01:00,-4.48
2024-01-23T06:00:00+01:00,-4.49
2024-01-23T09:00:00+01:00,-4.49
2024-01-23T12:00:00+01:00,-4.48
2024-01-23T15:00:00+01:00,-4.46
2024-01-23T18:00:00+01:00,-4.45
2024-01-23T21:00:00+01:00,-4.44
2024-01-24T02:01:00+01:00,-4.44
2024-01-24T03:00:00+01:00,-4.45
2024-01-24T06:00:00+01:00,-4.45
2024-01-24T09:00:00+01:00,-4.46
2024-01-24T12:00:00+01:00,-4.47
2024-01-24T15:00:00+01:00,-4.48
2024-01-24T18:00:00+01:00,-4.48
2024-01-24T21:00:00+01:00,-4.48
2024-01-25T02:01:00+01:00,-4.49
2024-01-25T03:00:00+01:00,-4.49
2024-01-25T06:00:00+01:00,-4.49
2024-01-25T09:00:00+01:00,-4.5
2024-01-25T12:00:00+01:00,-4.5
2024-01-25T15:00:00+01:00,-4.49
2024-01-25T18:00:00+01:00,-4.48
2024-01-25T21:00:00+01:00,-4.48
2024-01-26T02:01:00+01:00,-4.47
2024-01-26T03:00:00+01:00,-4.46
2024-01-26T06:00:00+01:00,-4.45
2024-01-26T09:00:00+01:00,-4.47
2024-01-26T12:00:00+01:00,-4.47
2024-01-26T15:00:00+01:00,-4.49
2024-01-26T18:00:00+01:00,-4.5
2024-01-26T21:00:00+01:00,-4.5
2024-01-27T02:01:00+01:00,-4.51
2024-01-27T03:00:00+01:00,-4.51
2024-01-27T06:00:00+01:00,-4.52
2024-01-27T09:00:00+01:00,-4.54
2024-01-27T12:00:00+01:00,-4.55
2024-01-27T15:00:00+01:00,-4.53
2024-01-27T18:00:00+01:00,-4.52
2024-01-27T21:00:00+01:00,-4.5
2024-01-28T02:01:00+01:00,-4.52
2024-01-28T03:00:00+01:00,-4.53
2024-01-28T06:00:00+01:00,-4.55
2024-01-28T09:00:00+01:00,-4.56
2024-01-28T12:00:00+01:00,-4.56
2024-01-28T15:00:00+01:00,-4.53
2024-01-28T18:00:00+01:00,-4.5
2024-01-28T21:00:00+01:00,-4.49
2024-01-29T02:01:00+01:00,-4.49
2024-01-29T03:00:00+01:00,-4.49
2024-01-29T06:00:00+01:00,-4.49
2024-01-29T09:00:00+01:00,-4.5
2024-01-29T12:00:00+01:00,-4.51
2024-01-29T15:00:00+01:00,-4.5
2024-01-29T18:00:00+01:00,-4.49
2024-01-29T21:00:00+01:00,-4.48
2024-01-30T02:01:00+01:00,-4.48
2024-01-30T03:00:00+01:00,-4.47
2024-01-30T06:00:00+01:00,-4.47
2024-01-30T09:00:00+01:00,-4.47
2024-01-30T12:00:00+01:00,-4.47
2024-01-30T15:00:00+01:00,-4.48
2024-01-30T18:00:00+01:00,-4.49
2024-01-30T21:00:00+01:00,-4.49
2024-01-31T02:01:00+01:00,-4.5
2024-01-31T03:00:00+01:00,-4.49
2024-01-31T06:00:00+01:00,-4.49
2024-01-31T09:00:00+01:00,-4.49
2024-01-31T12:00:00+01:00,-4.48
2024-01-31T15:00:00+01:00,-4.47
2024-01-31T18:00:00+01:00,-4.47
2024-01-31T21:00:00+01:00,-4.46
2024-02-01T02:01:00+01:00,-4.46
2024-02-01T03:00:00+01:00,-4.47
2024-02-01T06:00:00+01:00,-4.48
2024-02-01T09:00:00+01:00,-4.49
2024-02-01T12:00:00+01:00,-4.5
2024-02-01T15:00:00+01:00,-4.48
2024-02-01T18:00:00+01:00,-4.49
2024-02-01T21:00:00+01:00,-4.49
2024-02-02T02:01:00+01:00,-4.48
2024-02-02T03:00:00+01:00,-4.48
2024-02-02T06:00:00+01:00,-4.48
2024-02-02T09:00:00+01:00,-4.48
2024-02-02T12:00:00+01:00,-4.48
2024-02-02T15:00:00+01:00,-4.47
2024-02-02T18:00:00+01:00,-4.48
2024-02-02T21:00:00+01:00,-4.47
2024-02-03T02:01:00+01:00,-4.46
2024-02-03T03:00:00+01:00,-4.46
2024-02-03T06:00:00+01:00,-4.46
2024-02-03T09:00:00+01:00,-4.46
2024-02-03T12:00:00+01:00,-4.46
2024-02-03T15:00:00+01:00,-4.46
2024-02-03T18:00:00+01:00,-4.46
2024-02-03T21:00:00+01:00,-4.46
2024-02-04T02:01:00+01:00,-4.46
2024-02-04T03:00:00+01:00,-4.46
2024-02-04T06:00:00+01:00,-4.45
2024-02-04T09:00:00+01:00,-4.45
2024-02-04T12:00:00+01:00,-4.45
2024-02-04T15:00:00+01:00,-4.44
2024-02-04T18:00:00+01:00,-4.44
2024-02-04T21:00:00+01:00,-4.44
2024-02-05T02:01:00+01:00,-4.45
2024-02-05T03:00:00+01:00,-4.45
2024-02-05T06:00:00+01:00,-4.45
2024-02-05T09:00:00+01:00,-4.45
2024-02-05T12:00:00+01:00,-4.44
2024-02-05T15:00:00+01:00,-4.44
2024-02-05T18:00:00+01:00,-4.43
2024-02-05T21:00:00+01:00,-4.43
2024-02-06T02:01:00+01:00,-4.43
2024-02-06T03:00:00+01:00,-4.42
2024-02-06T06:00:00+01:00,-4.42
2024-02-06T09:00:00+01:00,-4.41
2024-02-06T12:00:00+01:00,-4.41
2024-02-06T15:00:00+01:00,-4.41
2024-02-06T18:00:00+01:00,-4.41
2024-02-06T21:00:00+01:00,-4.4
2024-02-07T02:01:00+01:00,-4.41
2024-02-07T03:00:00+01:00,-4.42
2024-02-07T06:00:00+01:00,-4.43
2024-02-07T09:00:00+01:00,-4.44
2024-02-07T12:00:00+01:00,-4.44
2024-02-07T15:00:00+01:00,-4.43
2024-02-07T18:00:00+01:00,-4.44
2024-02-07T21:00:00+01:00,-4.44
2024-02-08T02:01:00+01:00,-4.44
2024-02-08T03:00:00+01:00,-4.45
2024-02-08T06:00:00+01:00,-4.47
2024-02-08T09:00:00+01:00,-4.48
2024-02-08T12:00:00+01:00,-4.47
2024-02-08T15:00:00+01:00,-4.44
2024-02-08T18:00:00+01:00,-4.45
2024-02-08T21:00:00+01:00,-4.46
2024-02-09T02:01:00+01:00,-4.45
2024-02-09T03:00:00+01:00,-4.42
2024-02-09T06:00:00+01:00,-4.38
2024-02-09T09:00:00+01:00,-4.37
2024-02-09T12:00:00+01:00,-4.36
2024-02-09T15:00:00+01:00,-4.36
2024-02-09T18:00:00+01:00,-4.36
2024-02-09T21:00:00+01:00,-4.36
2024-02-10T02:01:00+01:00,-4.36
2024-02-10T03:00:00+01:00,-4.35
2024-02-10T06:00:00+01:00,-4.36
2024-02-10T09:00:00+01:00,-4.36
2024-02-10T12:00:00+01:00,-4.36
2024-02-10T15:00:00+01:00,-4.36
2024-02-10T18:00:00+01:00,-4.36
2024-02-10T21:00:00+01:00,-4.36
2024-02-11T02:01:00+01:00,-4.36
2024-02-11T03:00:00+01:00,-4.36
2024-02-11T06:00:00+01:00,-4.36
2024-02-11T09:00:00+01:00,-4.36
2024-02-11T12:00:00+01:00,-4.36
2024-02-11T15:00:00+01:00,-4.37
2024-02-11T18:00:00+01:00,-4.38
2024-02-11T21:00:00+01:00,-4.38
2024-02-12T02:01:00+01:00,-4.38
2024-02-12T03:00:00+01:00,-4.38
2024-02-12T06:00:00+01:00,-4.38
2024-02-12T09:00:00+01:00,-4.39
2024-02-12T12:00:00+01:00,-4.4
2024-02-12T15:00:00+01:00,-4.41
2024-02-12T18:00:00+01:00,-4.41
2024-02-12T21:00:00+01:00,-4.42
2024-02-13T02:01:00+01:00,-4.42
2024-02-13T03:00:00+01:00,-4.43
2024-02-13T06:00:00+01:00,-4.43
2024-02-13T09:00:00+01:00,-4.43
2024-02-13T12:00:00+01:00,-4.43
2024-02-13T15:00:00+01:00,-4.43
2024-02-13T18:00:00+01:00,-4.42
2024-02-13T21:00:00+01:00,-4.41
2024-02-14T02:01:00+01:00,-4.41
2024-02-14T03:00:00+01:00,-4.41
2024-02-14T06:00:00+01:00,-4.41
2024-02-14T09:00:00+01:00,-4.41
2024-02-14T12:00:00+01:00,-4.41
2024-02-14T15:00:00+01:00,-4.4
2024-02-14T18:00:00+01:00,-4.41
2024-02-14T21:00:00+01:00,-4.41
2024-02-15T02:01:00+01:00,-4.41
2024-02-15T03:00:00+01:00,-4.4
2024-02-15T06:00:00+01:00,-4.4
2024-02-15T09:00:00+01:00,-4.39
2024-02-15T12:00:00+01:00,-4.39
2024-02-15T15:00:00+01:00,-4.39
2024-02-15T18:00:00+01:00,-4.39
2024-02-15T21:00:00+01:00,-4.38
2024-02-16T02:01:00+01:00,-4.39
2024-02-16T03:00:00+01:00,-4.39
2024-02-16T06:00:00+01:00,-4.39
2024-02-16T09:00:00+01:00,-4.4
2024-02-16T12:00:00+01:00,-4.41
2024-02-16T15:00:00+01:00,-4.41
2024-02-16T18:00:00+01:00,-4.43
2024-02-16T21:00:00+01:00,-4.43
2024-02-17T02:01:00+01:00,-4.44
2024-02-17T03:00:00+01:00,-4.44
2024-02-17T06:00:00+01:00,-4.45
2024-02-17T09:00:00+01:00,-4.45
2024-02-17T12:00:00+01:00,-4.46
2024-02-17T15:00:00+01:00,-4.45
2024-02-17T18:00:00+01:00,-4.46
2024-02-17T21:00:00+01:00,-4.45
2024-02-18T02:01:00+01:00,-4.45
2024-02-18T03:00:00+01:00,-4.44
2024-02-18T06:00:00+01:00,-4.43
2024-02-18T09:00:00+01:00,-4.42
2024-02-18T12:00:00+01:00,-4.4
2024-02-18T15:00:00+01:00,-4.41
2024-02-18T18:00:00+01:00,-4.42
2024-02-18T21:00:00+01:00,-4.42
2024-02-19T02:01:00+01:00,-4.43
2024-02-19T03:00:00+01:00,-4.42
2024-02-19T06:00:00+01:00,-4.42
2024-02-19T09:00:00+01:00,-4.42
2024-02-19T12:00:00+01:00,-4.41
2024-02-19T15:00:00+01:00,-4.41
2024-02-19T18:00:00+01:00,-4.42
2024-02-19T21:00:00+01:00,-4.42
2024-02-20T02:01:00+01:00,-4.42
2024-02-20T03:00:00+01:00,-4.42
2024-02-20T06:00:00+01:00,-4.41
2024-02-20T09:00:00+01:00,-4.42
2024-02-20T12:00:00+01:00,-4.4
2024-02-20T15:00:00+01:00,-4.4
2024-02-20T18:00:00+01:00,-4.4
2024-02-20T21:00:00+01:00,-4.4
2024-02-21T02:01:00+01:00,-4.4
2024-02-21T03:00:00+01:00,-4.39
2024-02-21T06:00:00+01:00,-4.38
2024-02-21T09:00:00+01:00,-4.38
2024-02-21T12:00:00+01:00,-4.36
2024-02-21T15:00:00+01:00,-4.34
2024-02-21T18:00:00+01:00,-4.34
2024-02-21T21:00:00+01:00,-4.33
2024-02-22T02:01:00+01:00,-4.33
2024-02-22T03:00:00+01:00,-4.32
2024-02-22T06:00:00+01:00,-4.32
2024-02-22T09:00:00+01:00,-4.31
2024-02-22T12:00:00+01:00,-4.28
2024-02-22T15:00:00+01:00,-4.26
2024-02-22T18:00:00+01:00,-4.29
2024-02-22T21:00:00+01:00,-4.31
2024-02-23T02:01:00+01:00,-4.32
2024-02-23T03:00:00+01:00,-4.32
2024-02-23T06:00:00+01:00,-4.31
2024-02-23T09:00:00+01:00,-4.31
2024-02-23T12:00:00+01:00,-4.33
2024-02-23T15:00:00+01:00,-4.33
2024-02-23T18:00:00+01:00,-4.33
2024-02-23T21:00:00+01:00,-4.33
2024-02-24T02:01:00+01:00,-4.34
2024-02-24T03:00:00+01:00,-4.34
2024-02-24T06:00:00+01:00,-4.35
2024-02-24T09:00:00+01:00,-4.37
2024-02-24T12:00:00+01:00,-4.37
2024-02-24T15:00:00+01:00,-4.36
2024-02-24T18:00:00+01:00,-4.36
2024-02-24T21:00:00+01:00,-4.35
2024-02-25T02:01:00+01:00,-4.35
2024-02-25T03:00:00+01:00,-4.36
2024-02-25T06:00:00+01:00,-4.36
2024-02-25T09:00:00+01:00,-4.36
2024-02-25T12:00:00+01:00,-4.36
2024-02-25T15:00:00+01:00,-4.35
2024-02-25T18:00:00+01:00,-4.36
2024-02-25T21:00:00+01:00,-4.35
2024-02-26T02:01:00+01:00,-4.36
2024-02-26T03:00:00+01:00,-4.36
2024-02-26T06:00:00+01:00,-4.37
2024-02-26T09:00:00+01:00,-4.38
2024-02-26T12:00:00+01:00,-4.38
2024-02-26T15:00:00+01:00,-4.39
2024-02-26T18:00:00+01:00,-4.4
2024-02-26T21:00:00+01:00,-4.4
2024-02-27T02:01:00+01:00,-4.41
2024-02-27T03:00:00+01:00,-4.41
2024-02-27T06:00:00+01:00,-4.42
2024-02-27T09:00:00+01:00,-4.44
2024-02-27T12:00:00+01:00,-4.44
2024-02-27T15:00:00+01:00,-4.42
2024-02-27T18:00:00+01:00,-4.42
2024-02-27T21:00:00+01:00,-4.43
2024-02-28T02:01:00+01:00,-4.44
2024-02-28T03:00:00+01:00,-4.43
2024-02-28T06:00:00+01:00,-4.44
2024-02-28T09:00:00+01:00,-4.43
2024-02-28T12:00:00+01:00,-4.43
2024-02-28T15:00:00+01:00,-4.42
2024-02-28T18:00:00+01:00,-4.41
2024-02-28T21:00:00+01:00,-4.41
2024-02-29T02:01:00+01:00,-4.4
2024-02-29T03:00:00+01:00,-4.39
2024-02-29T06:00:00+01:00,-4.39
2024-02-29T09:00:00+01:00,-4.39
2024-02-29T12:00:00+01:00,-4.38
2024-02-29T15:00:00+01:00,-4.37
2024-02-29T18:00:00+01:00,-4.37
2024-02-29T21:00:00+01:00,-4.36
2024-03-01T02:01:00+01:00,-4.36
2024-03-01T03:00:00+01:00,-4.36
2024-03-01T06:00:00+01:00,-4.37
2024-03-01T09:00:00+01:00,-4.38
2024-03-01T12:00:00+01:00,-4.37
2024-03-01T15:00:00+01:00,-4.37
2024-03-01T18:00:00+01:00,-4.37
2024-03-01T21:00:00+01:00,-4.36
2024-03-02T02:01:00+01:00,-4.38
2024-03-02T03:00:00+01:00,-4.37
2024-03-02T06:00:00+01:00,-4.38
2024-03-02T09:00:00+01:00,-4.37
2024-03-02T12:00:00+01:00,-4.38
2024-03-02T15:00:00+01:00,-4.38
2024-03-02T18:00:00+01:00,-4.38
2024-03-02T21:00:00+01:00,-4.38
2024-03-03T02:01:00+01:00,-4.38
2024-03-03T03:00:00+01:00,-4.39
2024-03-03T06:00:00+01:00,-4.4
2024-03-03T09:00:00+01:00,-4.4
2024-03-03T12:00:00+01:00,-4.4
2024-03-03T15:00:00+01:00,-4.41
2024-03-03T18:00:00+01:00,-4.42
2024-03-03T21:00:00+01:00,-4.43
2024-03-04T02:01:00+01:00,-4.43
2024-03-04T03:00:00+01:00,-4.43
2024-03-04T06:00:00+01:00,-4.44
2024-03-04T09:00:00+01:00,-4.46
2024-03-04T12:00:00+01:00,-4.46
2024-03-04T15:00:00+01:00,-4.45
2024-03-04T18:00:00+01:00,-4.45
2024-03-04T21:00:00+01:00,-4.45
2024-03-05T02:01:00+01:00,-4.45
2024-03-05T03:00:00+01:00,-4.44
2024-03-05T06:00:00+01:00,-4.46
2024-03-05T09:00:00+01:00,-4.46
2024-03-05T12:00:00+01:00,-4.46
2024-03-05T15:00:00+01:00,-4.46
2024-03-05T18:00:00+01:00,-4.46
2024-03-05T21:00:00+01:00,-4.46
2024-03-06T02:01:00+01:00,-4.47
2024-03-06T03:00:00+01:00,-4.48
2024-03-06T06:00:00+01:00,-4.49
2024-03-06T09:00:00+01:00,-4.5
2024-03-06T12:00:00+01:00,-4.5
2024-03-06T15:00:00+01:00,-4.49
2024-03-06T18:00:00+01:00,-4.5
2024-03-06T21:00:00+01:00,-4.49
2024-03-07T02:01:00+01:00,-4.49
2024-03-07T03:00:00+01:00,-4.49
2024-03-07T06:00:00+01:00,-4.49
2024-03-07T09:00:00+01:00,-4.5
2024-03-07T12:00:00+01:00,-4.54
2024-03-07T15:00:00+01:00,-4.54
2024-03-07T18:00:00+01:00,-4.51
2024-03-07T21:00:00+01:00,-4.5
2024-03-08T02:01:00+01:00,-4.49
2024-03-08T03:00:00+01:00,-4.5
2024-03-08T06:00:00+01:00,-4.52
2024-03-08T09:00:00+01:00,-4.54
2024-03-08T12:00:00+01:00,-4.53
2024-03-08T15:00:00+01:00,-4.5
2024-03-08T18:00:00+01:00,-4.49
2024-03-08T21:00:00+01:00,-4.47
2024-03-09T02:01:00+01:00,-4.46
2024-03-09T03:00:00+01:00,-4.45
2024-03-09T06:00:00+01:00,-4.46
2024-03-09T09:00:00+01:00,-4.48
2024-03-09T12:00:00+01:00,-4.47
2024-03-09T15:00:00+01:00,-4.46
2024-03-09T18:00:00+01:00,-4.46
2024-03-09T21:00:00+01:00,-4.45
2024-03-10T02:01:00+01:00,-4.45
2024-03-10T03:00:00+01:00,-4.44
2024-03-10T06:00:00+01:00,-4.44
2024-03-10T09:00:00+01:00,-4.44
2024-03-10T12:00:00+01:00,-4.44
2024-03-10T15:00:00+01:00,-4.44
2024-03-10T18:00:00+01:00,-4.45
2024-03-10T21:00:00+01:00,-4.45
2024-03-11T02:01:00+01:00,-4.45
2024-03-11T03:00:00+01:00,-4.45
2024-03-11T06:00:00+01:00,-4.45
2024-03-11T09:00:00+01:00,-4.46
2024-03-11T12:00:00+01:00,-4.46
2024-03-11T15:00:00+01:00,-4.46
2024-03-11T18:00:00+01:00,-4.46
2024-03-11T21:00:00+01:00,-4.47
2024-03-12T02:01:00+01:00,-4.47
2024-03-12T03:00:00+01:00,-4.47
2024-03-12T06:00:00+01:00,-4.47
2024-03-12T09:00:00+01:00,-4.47
2024-03-12T12:00:00+01:00,-4.47
2024-03-12T15:00:00+01:00,-4.47
2024-03-12T18:00:00+01:00,-4.47
2024-03-12T21:00:00+01:00,-4.47
2024-03-13T02:01:00+01:00,-4.47
2024-03-13T03:00:00+01:00,-4.47
2024-03-13T06:00:00+01:00,-4.47
2024-03-13T09:00:00+01:00,-4.48
2024-03-13T12:00:00+01:00,-4.48
2024-03-13T15:00:00+01:00,-4.48
2024-03-13T18:00:00+01:00,-4.48
2024-03-13T21:00:00+01:00,-4.48
2024-03-14T02:01:00+01:00,-4.47
2024-03-14T03:00:00+01:00,-4.47
2024-03-14T06:00:00+01:00,-4.47
2024-03-14T09:00:00+01:00,-4.47
2024-03-14T12:00:00+01:00,-4.47
2024-03-14T15:00:00+01:00,-4.46
2024-03-14T18:00:00+01:00,-4.45
2024-03-14T21:00:00+01:00,-4.45
2024-03-15T02:01:00+01:00,-4.45
2024-03-15T03:00:00+01:00,-4.46
2024-03-15T06:00:00+01:00,-4.45
2024-03-15T09:00:00+01:00,-4.46
2024-03-15T12:00:00+01:00,-4.46
2024-03-15T15:00:00+01:00,-4.46
2024-03-15T18:00:00+01:00,-4.46
2024-03-15T21:00:00+01:00,-4.47
2024-03-16T02:01:00+01:00,-4.47
2024-03-16T03:00:00+01:00,-4.48
2024-03-16T06:00:00+01:00,-4.5
2024-03-16T09:00:00+01:00,-4.5
2024-03-16T12:00:00+01:00,-4.51
2024-03-16T15:00:00+01:00,-4.5
2024-03-16T18:00:00+01:00,-4.51
2024-03-16T21:00:00+01:00,-4.51
2024-03-17T02:01:00+01:00,-4.51
2024-03-17T03:00:00+01:00,-4.51
2024-03-17T06:00:00+01:00,-4.51
2024-03-17T09:00:00+01:00,-4.5
2024-03-17T12:00:00+01:00,-4.5
2024-03-17T15:00:00+01:00,-4.49
2024-03-17T18:00:00+01:00,-4.49
2024-03-17T21:00:00+01:00,-4.49
2024-03-18T02:01:00+01:00,-4.48
2024-03-18T03:00:00+01:00,-4.47
2024-03-18T06:00:00+01:00,-4.48
2024-03-18T09:00:00+01:00,-4.48
2024-03-18T12:00:00+01:00,-4.49
2024-03-18T15:00:00+01:00,-4.52
2024-03-18T18:00:00+01:00,-4.52
2024-03-18T21:00:00+01:00,-4.5
2024-03-19T02:01:00+01:00,-4.5
2024-03-19T03:00:00+01:00,-4.49
2024-03-19T06:00:00+01:00,-4.49
2024-03-19T09:00:00+01:00,-4.5
2024-03-19T12:00:00+01:00,-4.54
2024-03-19T15:00:00+01:00,-4.52
2024-03-19T18:00:00+01:00,-4.52
2024-03-19T21:00:00+01:00,-4.51
2024-03-20T02:01:00+01:00,-4.51
2024-03-20T03:00:00+01:00,-4.51
2024-03-20T06:00:00+01:00,-4.51
2024-03-20T09:00:00+01:00,-4.51
2024-03-20T12:00:00+01:00,-4.46
2024-03-20T15:00:00+01:00,-4.46
2024-03-20T18:00:00+01:00,-4.46
2024-03-20T21:00:00+01:00,-4.46
2024-03-21T02:01:00+01:00,-4.46
2024-03-21T03:00:00+01:00,-4.45
2024-03-21T06:00:00+01:00,-4.46
2024-03-21T09:00:00+01:00,-4.46
2024-03-21T12:00:00+01:00,-4.47
2024-03-21T15:00:00+01:00,-4.46
2024-03-21T18:00:00+01:00,-4.46
2024-03-21T21:00:00+01:00,-4.46
2024-03-22T02:01:00+01:00,-4.46
2024-03-22T03:00:00+01:00,-4.45
2024-03-22T06:00:00+01:00,-4.46
2024-03-22T09:00:00+01:00,-4.46
2024-03-22T12:00:00+01:00,-4.46
2024-03-22T15:00:00+01:00,-4.45
2024-03-22T18:00:00+01:00,-4.45
2024-03-22T21:00:00+01:00,-4.45
2024-03-23T02:01:00+01:00,-4.45
2024-03-23T03:00:00+01:00,-4.44
2024-03-23T06:00:00+01:00,-4.45
2024-03-23T09:00:00+01:00,-4.45
2024-03-23T12:00:00+01:00,-4.45
2024-03-23T15:00:00+01:00,-4.45
2024-03-23T18:00:00+01:00,-4.45
2024-03-23T21:00:00+01:00,-4.45
2024-03-24T02:01:00+01:00,-4.44
2024-03-24T03:00:00+01:00,-4.45
2024-03-24T06:00:00+01:00,-4.45
2024-03-24T09:00:00+01:00,-4.46
2024-03-24T12:00:00+01:00,-4.47
2024-03-24T15:00:00+01:00,-4.46
2024-03-24T18:00:00+01:00,-4.47
2024-03-24T21:00:00+01:00,-4.47
2024-03-25T02:01:00+01:00,-4.47
2024-03-25T03:00:00+01:00,-4.47
2024-03-25T06:00:00+01:00,-4.48
2024-03-25T09:00:00+01:00,-4.48
2024-03-25T12:00:00+01:00,-4.47
2024-03-25T15:00:00+01:00,-4.46
2024-03-25T18:00:00+01:00,-4.46
2024-03-25T21:00:00+01:00,-4.46
2024-03-26T02:01:00+01:00,-4.45
2024-03-26T03:00:00+01:00,-4.45
2024-03-26T06:00:00+01:00,-4.45
2024-03-26T09:00:00+01:00,-4.45
2024-03-26T12:00:00+01:00,-4.44
2024-03-26T15:00:00+01:00,-4.44
2024-03-26T18:00:00+01:00,-4.43
2024-03-26T21:00:00+01:00,-4.43
2024-03-27T02:01:00+01:00,-4.42
2024-03-27T03:00:00+01:00,-4.43
2024-03-27T06:00:00+01:00,-4.46
2024-03-27T09:00:00+01:00,-4.47
2024-03-27T12:00:00+01:00,-4.47
2024-03-27T15:00:00+01:00,-4.48
2024-03-27T18:00:00+01:00,-4.49
2024-03-27T21:00:00+01:00,-4.49
2024-03-28T02:01:00+01:00,-4.48
2024-03-28T03:00:00+01:00,-4.48
2024-03-28T06:00:00+01:00,-4.48
2024-03-28T09:00:00+01:00,-4.48
2024-03-28T12:00:00+01:00,-4.49
2024-03-28T15:00:00+01:00,-4.5
2024-03-28T18:00:00+01:00,-4.5
2024-03-28T21:00:00+01:00,-4.5
2024-03-29T02:01:00+01:00,-4.5
2024-03-29T03:00:00+01:00,-4.51
2024-03-29T06:00:00+01:00,-4.52
2024-03-29T09:00:00+01:00,-4.53
2024-03-29T12:00:00+01:00,-4.55
2024-03-29T15:00:00+01:00,-4.56
2024-03-29T18:00:00+01:00,-4.56
2024-03-29T21:00:00+01:00,-4.57
2024-03-30T02:01:00+01:00,-4.57
2024-03-30T03:00:00+01:00,-4.57
2024-03-30T06:00:00+01:00,-4.57
2024-03-30T09:00:00+01:00,-4.56
2024-03-30T12:00:00+01:00,-4.57
2024-03-30T15:00:00+01:00,-4.58
2024-03-30T18:00:00+01:00,-4.58
2024-03-30T21:00:00+01:00,-4.57
2024-03-31T01:01:00+01:00,-4.57
2024-03-31T03:00:00+02:00,-4.57
2024-03-31T06:00:00+02:00,-4.57
2024-03-31T09:00:00+02:00,-4.57
2024-03-31T12:00:00+02:00,-4.57
2024-03-31T15:00:00+02:00,-4.56
2024-03-31T18:00:00+02:00,-4.55
2024-03-31T21:00:00+02:00,-4.55
2024-04-01T02:01:00+02:00,-4.56
2024-04-01T03:00:00+02:00,-4.55
2024-04-01T06:00:00+02:00,-4.56
2024-04-01T09:00:00+02:00,-4.56
2024-04-01T12:00:00+02:00,-4.56
2024-04-01T15:00:00+02:00,-4.57
2024-04-01T18:00:00+02:00,-4.57
2024-04-01T21:00:00+02:00,-4.57
2024-04-02T02:01:00+02:00,-4.58
2024-04-02T03:00:00+02:00,-4.58
2024-04-02T06:00:00+02:00,-4.58
2024-04-02T09:00:00+02:00,-4.58
2024-04-02T12:00:00+02:00,-4.58
2024-04-02T15:00:00+02:00,-4.59
2024-04-02T18:00:00+02:00,-4.59
2024-04-02T21:00:00+02:00,-4.59
2024-04-03T02:01:00+02:00,-4.59
2024-04-03T03:00:00+02:00,-4.58
2024-04-03T06:00:00+02:00,-4.58
2024-04-03T09:00:00+02:00,-4.6
2024-04-03T12:00:00+02:00,-4.6
2024-04-03T15:00:00+02:00,-4.59
2024-04-03T18:00:00+02:00,-4.57
2024-04-03T21:00:00+02:00,-4.56
2024-04-04T02:01:00+02:00,-4.55
2024-04-04T03:00:00+02:00,-4.54
2024-04-04T06:00:00+02:00,-4.53
2024-04-04T09:00:00+02:00,-4.59
2024-04-04T12:00:00+02:00,-4.64
2024-04-04T15:00:00+02:00,-4.54
2024-04-04T18:00:00+02:00,-4.53
2024-04-04T21:00:00+02:00,-4.53
2024-04-05T02:01:00+02:00,-4.52
2024-04-05T03:00:00+02:00,-4.51
2024-04-05T06:00:00+02:00,-4.51
2024-04-05T09:00:00+02:00,-4.51
2024-04-05T12:00:00+02:00,-4.51
2024-04-05T15:00:00+02:00,-4.52
2024-04-05T18:00:00+02:00,-4.51
2024-04-05T21:00:00+02:00,-4.52
2024-04-06T02:01:00+02:00,-4.52
2024-04-06T03:00:00+02:00,-4.51
2024-04-06T06:00:00+02:00,-4.51
2024-04-06T09:00:00+02:00,-4.5
2024-04-06T12:00:00+02:00,-4.49
2024-04-06T15:00:00+02:00,-4.46
2024-04-06T18:00:00+02:00,-4.43
2024-04-06T21:00:00+02:00,-4.43
2024-04-07T02:01:00+02:00,-4.45
2024-04-07T03:00:00+02:00,-4.46
2024-04-07T06:00:00+02:00,-4.48
2024-04-07T09:00:00+02:00,-4.5
2024-04-07T12:00:00+02:00,-4.5
2024-04-07T15:00:00+02:00,-4.48
2024-04-07T18:00:00+02:00,-4.47
2024-04-07T21:00:00+02:00,-4.48
2024-04-08T02:01:00+02:00,-4.49
2024-04-08T03:00:00+02:00,-4.49
2024-04-08T06:00:00+02:00,-4.49
2024-04-08T09:00:00+02:00,-4.49
2024-04-08T12:00:00+02:00,-4.48
2024-04-08T15:00:00+02:00,-4.48
2024-04-08T18:00:00+02:00,-4.46
2024-04-08T21:00:00+02:00,-4.45
2024-04-09T02:01:00+02:00,-4.46
2024-04-09T03:00:00+02:00,-4.48
2024-04-09T06:00:00+02:00,-4.48
2024-04-09T09:00:00+02:00,-4.49
2024-04-09T12:00:00+02:00,-4.49
2024-04-09T15:00:00+02:00,-4.5
2024-04-09T18:00:00+02:00,-4.5
2024-04-09T21:00:00+02:00,-4.51
2024-04-10T02:01:00+02:00,-4.52
2024-04-10T03:00:00+02:00,-4.53
2024-04-10T06:00:00+02:00,-4.54
2024-04-10T09:00:00+02:00,-4.55
2024-04-10T12:00:00+02:00,-4.55
2024-04-10T15:00:00+02:00,-4.55
2024-04-10T18:00:00+02:00,-4.54
2024-04-10T21:00:00+02:00,-4.54
2024-04-11T02:01:00+02:00,-4.54
2024-04-11T03:00:00+02:00,-4.54
2024-04-11T06:00:00+02:00,-4.54
2024-04-11T09:00:00+02:00,-4.54
2024-04-11T12:00:00+02:00,-4.55
2024-04-11T15:00:00+02:00,-4.55
2024-04-11T18:00:00+02:00,-4.55
2024-04-11T21:00:00+02:00,-4.55
2024-04-12T02:01:00+02:00,-4.55
2024-04-12T03:00:00+02:00,-4.54
2024-04-12T06:00:00+02:00,-4.54
2024-04-12T09:00:00+02:00,-4.54
2024-04-12T12:00:00+02:00,-4.54
2024-04-12T15:00:00+02:00,-4.53
2024-04-12T18:00:00+02:00,-4.52
2024-04-12T21:00:00+02:00,-4.52
2024-04-13T02:01:00+02:00,-4.53
2024-04-13T03:00:00+02:00,-4.53
2024-04-13T06:00:00+02:00,-4.54
2024-04-13T09:00:00+02:00,-4.53
2024-04-13T12:00:00+02:00,-4.52
2024-04-13T15:00:00+02:00,-4.49
2024-04-13T18:00:00+02:00,-4.47
2024-04-13T21:00:00+02:00,-4.47
2024-04-14T02:01:00+02:00,-4.5
2024-04-14T03:00:00+02:00,-4.52
2024-04-14T06:00:00+02:00,-4.53
2024-04-14T09:00:00+02:00,-4.53
2024-04-14T12:00:00+02:00,-4.53
2024-04-14T15:00:00+02:00,-4.53
2024-04-14T18:00:00+02:00,-4.53
2024-04-14T21:00:00+02:00,-4.52
2024-04-15T02:01:00+02:00,-4.51
2024-04-15T03:00:00+02:00,-4.51
2024-04-15T06:00:00+02:00,-4.5
2024-04-15T09:00:00+02:00,-4.48
2024-04-15T12:00:00+02:00,-4.46
2024-04-15T15:00:00+02:00,-4.47
2024-04-15T18:00:00+02:00,-4.48
2024-04-15T21:00:00+02:00,-4.48
2024-04-16T02:01:00+02:00,-4.48
2024-04-16T03:00:00+02:00,-4.47
2024-04-16T06:00:00+02:00,-4.48
2024-04-16T09:00:00+02:00,-4.5
2024-04-16T12:00:00+02:00,-4.51
2024-04-16T15:00:00+02:00,-4.51
2024-04-16T18:00:00+02:00,-4.52
2024-04-16T21:00:00+02:00,-4.53
2024-04-17T02:01:00+02:00,-4.53
2024-04-17T03:00:00+02:00,-4.53
2024-04-17T06:00:00+02:00,-4.54
2024-04-17T09:00:00+02:00,-4.54
2024-04-17T12:00:00+02:00,-4.53
2024-04-17T15:00:00+02:00,-4.53
2024-04-17T18:00:00+02:00,-4.53
2024-04-17T21:00:00+02:00,-4.54
2024-04-18T02:01:00+02:00,-4.56
2024-04-18T03:00:00+02:00,-4.57
2024-04-18T06:00:00+02:00,-4.58
2024-04-18T09:00:00+02:00,-4.59
2024-04-18T12:00:00+02:00,-4.57
2024-04-18T15:00:00+02:00,-4.56
2024-04-18T18:00:00+02:00,-4.55
2024-04-18T21:00:00+02:00,-4.54
2024-04-19T02:01:00+02:00,-4.52
2024-04-19T03:00:00+02:00,-4.5
2024-04-19T06:00:00+02:00,-4.51
2024-04-19T09:00:00+02:00,-4.51
2024-04-19T12:00:00+02:00,-4.51
2024-04-19T15:00:00+02:00,-4.52
2024-04-19T18:00:00+02:00,-4.53
2024-04-19T21:00:00+02:00,-4.53
2024-04-20T02:01:00+02:00,-4.53
2024-04-20T03:00:00+02:00,-4.54
2024-04-20T06:00:00+02:00,-4.56
2024-04-20T09:00:00+02:00,-4.57
2024-04-20T12:00:00+02:00,-4.56
2024-04-20T15:00:00+02:00,-4.55
2024-04-20T18:00:00+02:00,-4.55
2024-04-20T21:00:00+02:00,-4.55
2024-04-21T02:01:00+02:00,-4.55
2024-04-21T03:00:00+02:00,-4.56
2024-04-21T06:00:00+02:00,-4.59
2024-04-21T09:00:00+02:00,-4.6
2024-04-21T12:00:00+02:00,-4.59
2024-04-21T15:00:00+02:00,-4.58
2024-04-21T18:00:00+02:00,-4.58
2024-04-21T21:00:00+02:00,-4.57
2024-04-22T02:01:00+02:00,-4.57
2024-04-22T03:00:00+02:00,-4.57
2024-04-22T06:00:00+02:00,-4.58
2024-04-22T09:00:00+02:00,-4.59
2024-04-22T12:00:00+02:00,-4.57
2024-04-22T15:00:00+02:00,-4.57
2024-04-22T18:00:00+02:00,-4.56
2024-04-22T21:00:00+02:00,-4.56
2024-04-23T02:01:00+02:00,-4.56
2024-04-23T03:00:00+02:00,-4.57
2024-04-23T06:00:00+02:00,-4.6
2024-04-23T09:00:00+02:00,-4.61
2024-04-23T12:00:00+02:00,-4.58
2024-04-23T15:00:00+02:00,-4.56
2024-04-23T18:00:00+02:00,-4.54
2024-04-23T21:00:00+02:00,-4.54
2024-04-24T02:01:00+02:00,-4.53
2024-04-24T03:00:00+02:00,-4.54
2024-04-24T06:00:00+02:00,-4.54
2024-04-24T09:00:00+02:00,-4.54
2024-04-24T12:00:00+02:00,-4.54
2024-04-24T15:00:00+02:00,-4.53
2024-04-24T18:00:00+02:00,-4.53
2024-04-24T21:00:00+02:00,-4.53
2024-04-25T02:01:00+02:00,-4.53
2024-04-25T03:00:00+02:00,-4.53
2024-04-25T06:00:00+02:00,-4.54
2024-04-25T09:00:00+02:00,-4.54
2024-04-25T12:00:00+02:00,-4.53
2024-04-25T15:00:00+02:00,-4.53
2024-04-25T18:00:00+02:00,-4.53
2024-04-25T21:00:00+02:00,-4.52
2024-04-26T02:01:00+02:00,-4.52
2024-04-26T03:00:00+02:00,-4.52
2024-04-26T06:00:00+02:00,-4.53
2024-04-26T09:00:00+02:00,-4.53
2024-04-26T12:00:00+02:00,-4.54
2024-04-26T15:00:00+02:00,-4.53
2024-04-26T18:00:00+02:00,-4.54
2024-04-26T21:00:00+02:00,-4.54
2024-04-27T02:01:00+02:00,-4.54
2024-04-27T03:00:00+02:00,-4.54
2024-04-27T06:00:00+02:00,-4.53
2024-04-27T09:00:00+02:00,-4.53
2024-04-27T12:00:00+02:00,-4.54
2024-04-27T15:00:00+02:00,-4.53
2024-04-27T18:00:00+02:00,-4.54
2024-04-27T21:00:00+02:00,-4.53
2024-04-28T02:01:00+02:00,-4.54
2024-04-28T03:00:00+02:00,-4.53
2024-04-28T06:00:00+02:00,-4.54
2024-04-28T09:00:00+02:00,-4.55
2024-04-28T12:00:00+02:00,-4.55
2024-04-28T15:00:00+02:00,-4.57
2024-04-28T18:00:00+02:00,-4.58
2024-04-28T21:00:00+02:00,-4.58
2024-04-29T02:01:00+02:00,-4.59
2024-04-29T03:00:00+02:00,-4.59
2024-04-29T06:00:00+02:00,-4.59
2024-04-29T09:00:00+02:00,-4.59
2024-04-29T12:00:00+02:00,-4.6
2024-04-29T15:00:00+02:00,-4.62
2024-04-29T18:00:00+02:00,-4.61
2024-04-29T21:00:00+02:00,-4.6
2024-04-30T02:01:00+02:00,-4.61
2024-04-30T03:00:00+02:00,-4.62
2024-04-30T06:00:00+02:00,-4.62
2024-04-30T09:00:00+02:00,-4.62
2024-04-30T12:00:00+02:00,-4.62
2024-04-30T15:00:00+02:00,-4.61
2024-04-30T18:00:00+02:00,-4.58
2024-04-30T21:00:00+02:00,-4.57
2024-05-01T02:01:00+02:00,-4.57
2024-05-01T03:00:00+02:00,-4.58
2024-05-01T06:00:00+02:00,-4.59
2024-05-01T09:00:00+02:00,-4.59
2024-05-01T12:00:00+02:00,-4.58
2024-05-01T15:00:00+02:00,-4.56
2024-05-01T18:00:00+02:00,-4.53
2024-05-01T21:00:00+02:00,-4.52
2024-05-02T02:01:00+02:00,-4.52
2024-05-02T03:00:00+02:00,-4.54
2024-05-02T06:00:00+02:00,-4.56
2024-05-02T09:00:00+02:00,-4.56
2024-05-02T12:00:00+02:00,-4.55
2024-05-02T15:00:00+02:00,-4.54
2024-05-02T18:00:00+02:00,-4.55
2024-05-02T21:00:00+02:00,-4.58
2024-05-03T02:01:00+02:00,-4.58
2024-05-03T03:00:00+02:00,-4.59
2024-05-03T06:00:00+02:00,-4.6
2024-05-03T09:00:00+02:00,-4.61
2024-05-03T12:00:00+02:00,-4.61
2024-05-03T15:00:00+02:00,-4.62
2024-05-03T18:00:00+02:00,-4.63
2024-05-03T21:00:00+02:00,-4.63
2024-05-04T02:01:00+02:00,-4.63
2024-05-04T03:00:00+02:00,-4.63
2024-05-04T06:00:00+02:00,-4.64
2024-05-04T09:00:00+02:00,-4.63
2024-05-04T12:00:00+02:00,-4.63
2024-05-04T15:00:00+02:00,-4.62
2024-05-04T18:00:00+02:00,-4.62
2024-05-04T21:00:00+02:00,-4.62
2024-05-05T02:01:00+02:00,-4.61
2024-05-05T03:00:00+02:00,-4.61
2024-05-05T06:00:00+02:00,-4.61
2024-05-05T09:00:00+02:00,-4.62
2024-05-05T12:00:00+02:00,-4.62
2024-05-05T15:00:00+02:00,-4.62
2024-05-05T18:00:00+02:00,-4.61
2024-05-05T21:00:00+02:00,-4.61
2024-05-06T02:01:00+02:00,-4.61
2024-05-06T03:00:00+02:00,-4.61
2024-05-06T06:00:00+02:00,-4.61
2024-05-06T09:00:00+02:00,-4.61
2024-05-06T12:00:00+02:00,-4.61
2024-05-06T15:00:00+02:00,-4.6
2024-05-06T18:00:00+02:00,-4.6
2024-05-06T21:00:00+02:00,-4.61
2024-05-07T02:01:00+02:00,-4.62
2024-05-07T03:00:00+02:00,-4.63
2024-05-07T06:00:00+02:00,-4.64
2024-05-07T09:00:00+02:00,-4.65
2024-05-07T12:00:00+02:00,-4.65
2024-05-07T15:00:00+02:00,-4.65
2024-05-07T18:00:00+02:00,-4.65
2024-05-07T21:00:00+02:00,-4.66
2024-05-08T02:01:00+02:00,-4.66
2024-05-08T03:00:00+02:00,-4.66
2024-05-08T06:00:00+02:00,-4.67
2024-05-08T09:00:00+02:00,-4.67
2024-05-08T12:00:00+02:00,-4.67
2024-05-08T15:00:00+02:00,-4.67
2024-05-08T18:00:00+02:00,-4.67
2024-05-08T21:00:00+02:00,-4.67
2024-05-09T02:01:00+02:00,-4.66
2024-05-09T03:00:00+02:00,-4.67
2024-05-09T06:00:00+02:00,-4.67
2024-05-09T09:00:00+02:00,-4.67
2024-05-09T12:00:00+02:00,-4.67
2024-05-09T15:00:00+02:00,-4.66
2024-05-09T18:00:00+02:00,-4.66
2024-05-09T21:00:00+02:00,-4.66
2024-05-10T02:01:00+02:00,-4.66
2024-05-10T03:00:00+02:00,-4.65
2024-05-10T06:00:00+02:00,-4.66
2024-05-10T09:00:00+02:00,-4.66
2024-05-10T12:00:00+02:00,-4.65
2024-05-10T15:00:00+02:00,-4.63
2024-05-10T18:00:00+02:00,-4.62
2024-05-10T21:00:00+02:00,-4.61
2024-05-11T02:01:00+02:00,-4.63
2024-05-11T03:00:00+02:00,-4.64
2024-05-11T06:00:00+02:00,-4.65
2024-05-11T09:00:00+02:00,-4.65
2024-05-11T12:00:00+02:00,-4.65
2024-05-11T15:00:00+02:00,-4.63
2024-05-11T18:00:00+02:00,-4.61
2024-05-11T21:00:00+02:00,-4.6
2024-05-12T02:01:00+02:00,-4.6
2024-05-12T03:00:00+02:00,-4.61
2024-05-12T06:00:00+02:00,-4.62
2024-05-12T09:00:00+02:00,-4.63
2024-05-12T12:00:00+02:00,-4.61
2024-05-12T15:00:00+02:00,-4.57
2024-05-12T18:00:00+02:00,-4.55
2024-05-12T21:00:00+02:00,-4.54
2024-05-13T02:01:00+02:00,-4.53
2024-05-13T03:00:00+02:00,-4.55
2024-05-13T06:00:00+02:00,-4.57
2024-05-13T09:00:00+02:00,-4.58
2024-05-13T12:00:00+02:00,-4.56
2024-05-13T15:00:00+02:00,-4.55
2024-05-13T18:00:00+02:00,-4.54
2024-05-13T21:00:00+02:00,-4.55
2024-05-14T02:01:00+02:00,-4.55
2024-05-14T03:00:00+02:00,-4.57
2024-05-14T06:00:00+02:00,-4.58
2024-05-14T09:00:00+02:00,-4.58
2024-05-14T12:00:00+02:00,-4.55
2024-05-14T15:00:00+02:00,-4.54
2024-05-14T18:00:00+02:00,-4.53
2024-05-14T21:00:00+02:00,-4.54
2024-05-15T02:01:00+02:00,-4.57
2024-05-15T03:00:00+02:00,-4.59
2024-05-15T06:00:00+02:00,-4.61
2024-05-15T09:00:00+02:00,-4.62
2024-05-15T12:00:00+02:00,-4.6
2024-05-15T15:00:00+02:00,-4.6
2024-05-15T18:00:00+02:00,-4.61
2024-05-15T21:00:00+02:00,-4.62
2024-05-16T02:01:00+02:00,-4.62
2024-05-16T03:00:00+02:00,-4.62
2024-05-16T06:00:00+02:00,-4.62
2024-05-16T09:00:00+02:00,-4.63
2024-05-16T12:00:00+02:00,-4.63
2024-05-16T15:00:00+02:00,-4.62
2024-05-16T18:00:00+02:00,-4.61
2024-05-16T21:00:00+02:00,-4.62
2024-05-17T02:01:00+02:00,-4.63
2024-05-17T03:00:00+02:00,-4.64
2024-05-17T06:00:00+02:00,-4.65
2024-05-17T09:00:00+02:00,-4.65
2024-05-17T12:00:00+02:00,-4.66
2024-05-17T15:00:00+02:00,-4.65
2024-05-17T18:00:00+02:00,-4.65
2024-05-17T21:00:00+02:00,-4.65
2024-05-18T02:01:00+02:00,-4.65
2024-05-18T03:00:00+02:00,-4.65
2024-05-18T06:00:00+02:00,-4.66
2024-05-18T09:00:00+02:00,-4.66
2024-05-18T12:00:00+02:00,-4.65
2024-05-18T15:00:00+02:00,-4.62
2024-05-18T18:00:00+02:00,-4.61
2024-05-18T21:00:00+02:00,-4.59
2024-05-19T02:01:00+02:00,-4.58
2024-05-19T03:00:00+02:00,-4.61
2024-05-19T06:00:00+02:00,-4.63
2024-05-19T09:00:00+02:00,-4.64
2024-05-19T12:00:00+02:00,-4.63
2024-05-19T15:00:00+02:00,-4.62
2024-05-19T18:00:00+02:00,-4.61
2024-05-19T21:00:00+02:00,-4.61
2024-05-20T02:01:00+02:00,-4.63
2024-05-20T03:00:00+02:00,-4.64
2024-05-20T06:00:00+02:00,-4.65
2024-05-20T09:00:00+02:00,-4.66
2024-05-20T12:00:00+02:00,-4.65
2024-05-20T15:00:00+02:00,-4.64
2024-05-20T18:00:00+02:00,-4.63
2024-05-20T21:00:00+02:00,-4.64
2024-05-21T02:01:00+02:00,-4.64
2024-05-21T03:00:00+02:00,-4.64
2024-05-21T06:00:00+02:00,-4.65
2024-05-21T09:00:00+02:00,-4.64
2024-05-21T12:00:00+02:00,-4.61
2024-05-21T15:00:00+02:00,-4.58
2024-05-21T18:00:00+02:00,-4.55
2024-05-21T21:00:00+02:00,-4.56
2024-05-22T02:01:00+02:00,-4.58
2024-05-22T03:00:00+02:00,-4.58
2024-05-22T06:00:00+02:00,-4.6
2024-05-22T09:00:00+02:00,-4.61
2024-05-22T12:00:00+02:00,-4.62
2024-05-22T15:00:00+02:00,-4.62
2024-05-22T18:00:00+02:00,-4.61
2024-05-22T21:00:00+02:00,-4.61
2024-05-23T02:01:00+02:00,-4.62
2024-05-23T03:00:00+02:00,-4.63
2024-05-23T06:00:00+02:00,-4.63
2024-05-23T09:00:00+02:00,-4.64
2024-05-23T12:00:00+02:00,-4.64
2024-05-23T15:00:00+02:00,-4.63
2024-05-23T18:00:00+02:00,-4.62
2024-05-23T21:00:00+02:00,-4.63
2024-05-24T02:01:00+02:00,-4.63
2024-05-24T03:00:00+02:00,-4.64
2024-05-24T06:00:00+02:00,-4.64
2024-05-24T09:00:00+02:00,-4.65
2024-05-24T12:00:00+02:00,-4.66
2024-05-24T15:00:00+02:00,-4.65
2024-05-24T18:00:00+02:00,-4.66
2024-05-24T21:00:00+02:00,-4.66
2024-05-25T02:01:00+02:00,-4.65
2024-05-25T03:00:00+02:00,-4.65
2024-05-25T06:00:00+02:00,-4.65
2024-05-25T09:00:00+02:00,-4.65
2024-05-25T12:00:00+02:00,-4.66
2024-05-25T15:00:00+02:00,-4.65
2024-05-25T18:00:00+02:00,-4.65
2024-05-25T21:00:00+02:00,-4.64
2024-05-26T02:01:00+02:00,-4.65
2024-05-26T03:00:00+02:00,-4.64
2024-05-26T06:00:00+02:00,-4.64
2024-05-26T09:00:00+02:00,-4.64
2024-05-26T12:00:00+02:00,-4.62
2024-05-26T15:00:00+02:00,-4.61
2024-05-26T18:00:00+02:00,-4.6
2024-05-26T21:00:00+02:00,-4.61
2024-05-27T02:01:00+02:00,-4.62
2024-05-27T03:00:00+02:00,-4.63
2024-05-27T06:00:00+02:00,-4.64
2024-05-27T09:00:00+02:00,-4.64
2024-05-27T12:00:00+02:00,-4.64
2024-05-27T15:00:00+02:00,-4.63
2024-05-27T18:00:00+02:00,-4.63
2024-05-27T21:00:00+02:00,-4.64
2024-05-28T02:01:00+02:00,-4.64
2024-05-28T03:00:00+02:00,-4.64
2024-05-28T06:00:00+02:00,-4.64
2024-05-28T09:00:00+02:00,-4.64
2024-05-28T12:00:00+02:00,-4.63
2024-05-28T15:00:00+02:00,-4.62
2024-05-28T18:00:00+02:00,-4.61
2024-05-28T21:00:00+02:00,-4.61
2024-05-29T02:01:00+02:00,-4.6
2024-05-29T03:00:00+02:00,-4.59
2024-05-29T06:00:00+02:00,-4.59
2024-05-29T09:00:00+02:00,-4.59
2024-05-29T12:00:00+02:00,-4.59
2024-05-29T15:00:00+02:00,-4.6
2024-05-29T18:00:00+02:00,-4.6
2024-05-29T21:00:00+02:00,-4.59
2024-05-30T02:01:00+02:00,-4.59
2024-05-30T03:00:00+02:00,-4.59
2024-05-30T06:00:00+02:00,-4.6
2024-05-30T09:00:00+02:00,-4.6
2024-05-30T12:00:00+02:00,-4.6
2024-05-30T15:00:00+02:00,-4.6
2024-05-30T18:00:00+02:00,-4.6
2024-05-30T21:00:00+02:00,-4.6
2024-05-31T02:01:00+02:00,-4.6
2024-05-31T03:00:00+02:00,-4.6
2024-05-31T06:00:00+02:00,-4.61
2024-05-31T09:00:00+02:00,-4.62
2024-05-31T12:00:00+02:00,-4.62
2024-05-31T15:00:00+02:00,-4.61
2024-05-31T18:00:00+02:00,-4.61
2024-05-31T21:00:00+02:00,-4.61
2024-06-01T02:01:00+02:00,-4.61
2024-06-01T03:00:00+02:00,-4.62
2024-06-01T06:00:00+02:00,-4.63
2024-06-01T09:00:00+02:00,-4.64
2024-06-01T12:00:00+02:00,-4.64
2024-06-01T15:00:00+02:00,-4.64
2024-06-01T18:00:00+02:00,-4.65
2024-06-01T21:00:00+02:00,-4.65
2024-06-02T02:01:00+02:00,-4.65
2024-06-02T03:00:00+02:00,-4.65
2024-06-02T06:00:00+02:00,-4.65
2024-06-02T09:00:00+02:00,-4.65
2024-06-02T12:00:00+02:00,-4.65
2024-06-02T15:00:00+02:00,-4.65
2024-06-02T18:00:00+02:00,-4.66
2024-06-02T21:00:00+02:00,-4.65
2024-06-03T02:01:00+02:00,-4.65
2024-06-03T03:00:00+02:00,-4.65
2024-06-03T06:00:00+02:00,-4.65
2024-06-03T09:00:00+02:00,-4.65
2024-06-03T12:00:00+02:00,-4.65
2024-06-03T15:00:00+02:00,-4.65
2024-06-03T18:00:00+02:00,-4.65
2024-06-03T21:00:00+02:00,-4.65
2024-06-04T02:01:00+02:00,-4.65
2024-06-04T03:00:00+02:00,-4.64
2024-06-04T06:00:00+02:00,-4.64
2024-06-04T09:00:00+02:00,-4.64
2024-06-04T12:00:00+02:00,-4.63
2024-06-04T15:00:00+02:00,-4.6
2024-06-04T18:00:00+02:00,-4.58
2024-06-04T21:00:00+02:00,-4.59
2024-06-05T02:01:00+02:00,-4.61
2024-06-05T03:00:00+02:00,-4.62
2024-06-05T06:00:00+02:00,-4.63
2024-06-05T09:00:00+02:00,-4.63
2024-06-05T12:00:00+02:00,-4.64
2024-06-05T15:00:00+02:00,-4.65
2024-06-05T18:00:00+02:00,-4.65
2024-06-05T21:00:00+02:00,-4.61
2024-06-06T02:01:00+02:00,-4.61
2024-06-06T03:00:00+02:00,-4.61
2024-06-06T06:00:00+02:00,-4.62
2024-06-06T09:00:00+02:00,-4.62
2024-06-06T12:00:00+02:00,-4.62
2024-06-06T15:00:00+02:00,-4.62
2024-06-06T18:00:00+02:00,-4.62
2024-06-06T21:00:00+02:00,-4.62
2024-06-07T02:01:00+02:00,-4.62
2024-06-07T03:00:00+02:00,-4.62
2024-06-07T06:00:00+02:00,-4.62
2024-06-07T09:00:00+02:00,-4.62
2024-06-07T12:00:00+02:00,-4.62
2024-06-07T15:00:00+02:00,-4.61
2024-06-07T18:00:00+02:00,-4.61
2024-06-07T21:00:00+02:00,-4.61
2024-06-08T02:01:00+02:00,-4.61
2024-06-08T03:00:00+02:00,-4.6
2024-06-08T06:00:00+02:00,-4.61
2024-06-08T09:00:00+02:00,-4.61
2024-06-08T12:00:00+02:00,-4.62
2024-06-08T15:00:00+02:00,-4.61
2024-06-08T18:00:00+02:00,-4.61
2024-06-08T21:00:00+02:00,-4.62
2024-06-09T02:01:00+02:00,-4.62
2024-06-09T03:00:00+02:00,-4.61
2024-06-09T06:00:00+02:00,-4.61
2024-06-09T09:00:00+02:00,-4.62
2024-06-09T12:00:00+02:00,-4.62
2024-06-09T15:00:00+02:00,-4.62
2024-06-09T18:00:00+02:00,-4.62
2024-06-09T21:00:00+02:00,-4.62
2024-06-10T02:01:00+02:00,-4.61
2024-06-10T03:00:00+02:00,-4.61
2024-06-10T06:00:00+02:00,-4.6
2024-06-10T09:00:00+02:00,-4.58
2024-06-10T12:00:00+02:00,-4.58
2024-06-10T15:00:00+02:00,-4.6
2024-06-10T18:00:00+02:00,-4.61
2024-06-10T21:00:00+02:00,-4.61
2024-06-11T02:01:00+02:00,-4.61
2024-06-11T03:00:00+02:00,-4.62
2024-06-11T06:00:00+02:00,-4.62
2024-06-11T09:00:00+02:00,-4.62
2024-06-11T12:00:00+02:00,-4.63
2024-06-11T15:00:00+02:00,-4.63
2024-06-11T18:00:00+02:00,-4.63
2024-06-11T21:00:00+02:00,-4.63
2024-06-12T02:01:00+02:00,-4.63
2024-06-12T03:00:00+02:00,-4.63
2024-06-12T06:00:00+02:00,-4.63
2024-06-12T09:00:00+02:00,-4.63
2024-06-12T12:00:00+02:00,-4.63
2024-06-12T15:00:00+02:00,-4.63
2024-06-12T18:00:00+02:00,-4.63
2024-06-12T21:00:00+02:00,-4.63
2024-06-13T02:01:00+02:00,-4.63
2024-06-13T03:00:00+02:00,-4.63
2024-06-13T06:00:00+02:00,-4.63
2024-06-13T09:00:00+02:00,-4.63
2024-06-13T12:00:00+02:00,-4.62
2024-06-13T15:00:00+02:00,-4.61
2024-06-13T18:00:00+02:00,-4.61
2024-06-13T21:00:00+02:00,-4.62
2024-06-14T02:01:00+02:00,-4.61
2024-06-14T03:00:00+02:00,-4.62
2024-06-14T06:00:00+02:00,-4.61
2024-06-14T09:00:00+02:00,-4.62
2024-06-14T12:00:00+02:00,-4.62
2024-06-14T15:00:00+02:00,-4.62
2024-06-14T18:00:00+02:00,-4.62
2024-06-14T21:00:00+02:00,-4.61
2024-06-15T02:01:00+02:00,-4.6
2024-06-15T03:00:00+02:00,-4.6
2024-06-15T06:00:00+02:00,-4.61
2024-06-15T09:00:00+02:00,-4.63
2024-06-15T12:00:00+02:00,-4.62
2024-06-15T15:00:00+02:00,-4.62
2024-06-15T18:00:00+02:00,-4.63
2024-06-15T21:00:00+02:00,-4.64
2024-06-16T02:01:00+02:00,-4.64
2024-06-16T03:00:00+02:00,-4.64
2024-06-16T06:00:00+02:00,-4.64
2024-06-16T09:00:00+02:00,-4.65
2024-06-16T12:00:00+02:00,-4.65
2024-06-16T15:00:00+02:00,-4.65
2024-06-16T18:00:00+02:00,-4.65
2024-06-16T21:00:00+02:00,-4.65
2024-06-17T02:01:00+02:00,-4.66
2024-06-17T03:00:00+02:00,-4.67
2024-06-17T06:00:00+02:00,-4.67
2024-06-17T09:00:00+02:00,-4.68
2024-06-17T12:00:00+02:00,-4.67
2024-06-17T15:00:00+02:00,-4.67
2024-06-17T18:00:00+02:00,-4.65
2024-06-17T21:00:00+02:00,-4.66
2024-06-18T02:01:00+02:00,-4.67
2024-06-18T03:00:00+02:00,-4.68
2024-06-18T06:00:00+02:00,-4.69
2024-06-18T09:00:00+02:00,-4.69
2024-06-18T12:00:00+02:00,-4.69
2024-06-18T15:00:00+02:00,-4.68
2024-06-18T18:00:00+02:00,-4.68
2024-06-18T21:00:00+02:00,-4.69
2024-06-19T02:01:00+02:00,-4.69
2024-06-19T03:00:00+02:00,-4.7
2024-06-19T06:00:00+02:00,-4.7
2024-06-19T09:00:00+02:00,-4.71
2024-06-19T12:00:00+02:00,-4.71
2024-06-19T15:00:00+02:00,-4.7
2024-06-19T18:00:00+02:00,-4.69
2024-06-19T21:00:00+02:00,-4.7
2024-06-20T02:01:00+02:00,-4.7
2024-06-20T03:00:00+02:00,-4.71
2024-06-20T06:00:00+02:00,-4.72
2024-06-20T09:00:00+02:00,-4.71
2024-06-20T12:00:00+02:00,-4.72
2024-06-20T15:00:00+02:00,-4.7
2024-06-20T18:00:00+02:00,-4.68
2024-06-20T21:00:00+02:00,-4.68
2024-06-21T02:01:00+02:00,-4.68
2024-06-21T03:00:00+02:00,-4.69
2024-06-21T06:00:00+02:00,-4.7
2024-06-21T09:00:00+02:00,-4.7
2024-06-21T12:00:00+02:00,-4.69
2024-06-21T15:00:00+02:00,-4.69
2024-06-21T18:00:00+02:00,-4.69
2024-06-21T21:00:00+02:00,-4.7
2024-06-22T02:01:00+02:00,-4.7
2024-06-22T03:00:00+02:00,-4.7
2024-06-22T06:00:00+02:00,-4.7
2024-06-22T09:00:00+02:00,-4.71
2024-06-22T12:00:00+02:00,-4.71
2024-06-22T15:00:00+02:00,-4.7
2024-06-22T18:00:00+02:00,-4.69
2024-06-22T21:00:00+02:00,-4.7
2024-06-23T02:01:00+02:00,-4.71
2024-06-23T03:00:00+02:00,-4.72
2024-06-23T06:00:00+02:00,-4.73
2024-06-23T09:00:00+02:00,-4.73
2024-06-23T12:00:00+02:00,-4.71
2024-06-23T15:00:00+02:00,-4.69
2024-06-23T18:00:00+02:00,-4.68
2024-06-23T21:00:00+02:00,-4.68
2024-06-24T02:01:00+02:00,-4.7
2024-06-24T03:00:00+02:00,-4.72
2024-06-24T06:00:00+02:00,-4.73
2024-06-24T09:00:00+02:00,-4.73
2024-06-24T12:00:00+02:00,-4.71
2024-06-24T15:00:00+02:00,-4.68
2024-06-24T18:00:00+02:00,-4.67
2024-06-24T21:00:00+02:00,-4.66
2024-06-25T02:01:00+02:00,-4.66
2024-06-25T03:00:00+02:00,-4.68
2024-06-25T06:00:00+02:00,-4.7
2024-06-25T09:00:00+02:00,-4.7
2024-06-25T12:00:00+02:00,-4.68
2024-06-25T15:00:00+02:00,-4.66
2024-06-25T18:00:00+02:00,-4.66
2024-06-25T21:00:00+02:00,-4.66
2024-06-26T02:01:00+02:00,-4.66
2024-06-26T03:00:00+02:00,-4.67
2024-06-26T06:00:00+02:00,-4.69
2024-06-26T09:00:00+02:00,-4.69
2024-06-26T12:00:00+02:00,-4.68
2024-06-26T15:00:00+02:00,-4.67
2024-06-26T18:00:00+02:00,-4.67
2024-06-26T21:00:00+02:00,-4.67
2024-06-27T02:01:00+02:00,-4.66
2024-06-27T03:00:00+02:00,-4.67
2024-06-27T06:00:00+02:00,-4.69
2024-06-27T09:00:00+02:00,-4.72
2024-06-27T12:00:00+02:00,-4.7
2024-06-27T15:00:00+02:00,-4.64
2024-06-27T18:00:00+02:00,-4.63
2024-06-27T21:00:00+02:00,-4.67
2024-06-28T02:01:00+02:00,-4.66
2024-06-28T03:00:00+02:00,-4.69
2024-06-28T06:00:00+02:00,-4.71
2024-06-28T09:00:00+02:00,-4.73
2024-06-28T12:00:00+02:00,-4.73
2024-06-28T15:00:00+02:00,-4.73
2024-06-28T18:00:00+02:00,-4.72
2024-06-28T21:00:00+02:00,-4.73
2024-06-29T02:01:00+02:00,-4.73
2024-06-29T03:00:00+02:00,-4.75
2024-06-29T06:00:00+02:00,-4.75
2024-06-29T09:00:00+02:00,-4.75
2024-06-29T12:00:00+02:00,-4.73
2024-06-29T15:00:00+02:00,-4.7
2024-06-29T18:00:00+02:00,-4.69
2024-06-29T21:00:00+02:00,-4.68
2024-06-30T02:01:00+02:00,-4.68
2024-06-30T03:00:00+02:00,-4.7
2024-06-30T06:00:00+02:00,-4.72
2024-06-30T09:00:00+02:00,-4.72
2024-06-30T12:00:00+02:00,-4.73
2024-06-30T15:00:00+02:00,-4.72
2024-06-30T18:00:00+02:00,-4.72
2024-06-30T21:00:00+02:00,-4.74
2024-07-01T02:01:00+02:00,-4.75
2024-07-01T03:00:00+02:00,-4.75
2024-07-01T06:00:00+02:00,-4.76
2024-07-01T09:00:00+02:00,-4.77
2024-07-01T12:00:00+02:00,-4.77
2024-07-01T15:00:00+02:00,-4.76
2024-07-01T18:00:00+02:00,-4.75
2024-07-01T21:00:00+02:00,-4.75
2024-07-02T02:01:00+02:00,-4.75
2024-07-02T03:00:00+02:00,-4.75
2024-07-02T06:00:00+02:00,-4.76
2024-07-02T09:00:00+02:00,-4.76
2024-07-02T12:00:00+02:00,-4.77
2024-07-02T15:00:00+02:00,-4.76
2024-07-02T18:00:00+02:00,-4.76
2024-07-02T21:00:00+02:00,-4.76
2024-07-03T02:01:00+02:00,-4.75
2024-07-03T03:00:00+02:00,-4.75
2024-07-03T06:00:00+02:00,-4.75
2024-07-03T09:00:00+02:00,-4.74
2024-07-03T12:00:00+02:00,-4.74
2024-07-03T15:00:00+02:00,-4.74
2024-07-03T18:00:00+02:00,-4.73
2024-07-03T21:00:00+02:00,-4.73
2024-07-04T02:01:00+02:00,-4.72
2024-07-04T03:00:00+02:00,-4.72
2024-07-04T06:00:00+02:00,-4.73
2024-07-04T09:00:00+02:00,-4.74
2024-07-04T12:00:00+02:00,-4.75
2024-07-04T15:00:00+02:00,-4.75
2024-07-04T18:00:00+02:00,-4.74
2024-07-04T21:00:00+02:00,-4.74
2024-07-05T02:01:00+02:00,-4.74
2024-07-05T03:00:00+02:00,-4.74
2024-07-05T06:00:00+02:00,-4.75
2024-07-05T09:00:00+02:00,-4.75
2024-07-05T12:00:00+02:00,-4.76
2024-07-05T15:00:00+02:00,-4.75
2024-07-05T18:00:00+02:00,-4.74
2024-07-05T21:00:00+02:00,-4.74
2024-07-06T02:01:00+02:00,-4.73
2024-07-06T03:00:00+02:00,-4.72
2024-07-06T06:00:00+02:00,-4.72
2024-07-06T09:00:00+02:00,-4.72
2024-07-06T12:00:00+02:00,-4.72
2024-07-06T15:00:00+02:00,-4.71
2024-07-06T18:00:00+02:00,-4.73
2024-07-06T21:00:00+02:00,-4.75
2024-07-07T02:01:00+02:00,-4.75
2024-07-07T03:00:00+02:00,-4.76
2024-07-07T06:00:00+02:00,-4.76
2024-07-07T09:00:00+02:00,-4.76
2024-07-07T12:00:00+02:00,-4.77
2024-07-07T15:00:00+02:00,-4.76
2024-07-07T18:00:00+02:00,-4.76
2024-07-07T21:00:00+02:00,-4.76
2024-07-08T02:01:00+02:00,-4.77
2024-07-08T03:00:00+02:00,-4.77
2024-07-08T06:00:00+02:00,-4.78
2024-07-08T09:00:00+02:00,-4.78
2024-07-08T12:00:00+02:00,-4.77
2024-07-08T15:00:00+02:00,-4.75
2024-07-08T18:00:00+02:00,-4.74
2024-07-08T21:00:00+02:00,-4.73
2024-07-09T02:01:00+02:00,-4.73
2024-07-09T03:00:00+02:00,-4.73
2024-07-09T06:00:00+02:00,-4.72
2024-07-09T09:00:00+02:00,-4.72
2024-07-09T12:00:00+02:00,-4.69
2024-07-09T15:00:00+02:00,-4.66
2024-07-09T18:00:00+02:00,-4.67
2024-07-09T21:00:00+02:00,-4.64
2024-07-10T02:01:00+02:00,-4.66
2024-07-10T03:00:00+02:00,-4.71
2024-07-10T06:00:00+02:00,-4.67
2024-07-10T09:00:00+02:00,-4.68
2024-07-10T12:00:00+02:00,-4.66
2024-07-10T15:00:00+02:00,-4.65
2024-07-10T18:00:00+02:00,-4.65
2024-07-10T21:00:00+02:00,-4.65
2024-07-11T02:01:00+02:00,-4.66
2024-07-11T03:00:00+02:00,-4.67
2024-07-11T06:00:00+02:00,-4.68
2024-07-11T09:00:00+02:00,-4.69
2024-07-11T12:00:00+02:00,-4.68
2024-07-11T15:00:00+02:00,-4.67
2024-07-11T18:00:00+02:00,-4.66
2024-07-11T21:00:00+02:00,-4.66
2024-07-12T02:01:00+02:00,-4.67
2024-07-12T03:00:00+02:00,-4.67
2024-07-12T06:00:00+02:00,-4.68
2024-07-12T09:00:00+02:00,-4.68
2024-07-12T12:00:00+02:00,-4.67
2024-07-12T15:00:00+02:00,-4.67
2024-07-12T18:00:00+02:00,-4.67
2024-07-12T21:00:00+02:00,-4.67
2024-07-13T02:01:00+02:00,-4.67
2024-07-13T03:00:00+02:00,-4.66
2024-07-13T06:00:00+02:00,-4.66
2024-07-13T09:00:00+02:00,-4.66
2024-07-13T12:00:00+02:00,-4.66
2024-07-13T15:00:00+02:00,-4.67
2024-07-13T18:00:00+02:00,-4.66
2024-07-13T21:00:00+02:00,-4.66
2024-07-14T02:01:00+02:00,-4.66
2024-07-14T03:00:00+02:00,-4.66
2024-07-14T06:00:00+02:00,-4.66
2024-07-14T09:00:00+02:00,-4.66
2024-07-14T12:00:00+02:00,-4.65
2024-07-14T15:00:00+02:00,-4.63
2024-07-14T18:00:00+02:00,-4.62
2024-07-14T21:00:00+02:00,-4.62
2024-07-15T02:01:00+02:00,-4.63
2024-07-15T03:00:00+02:00,-4.64
2024-07-15T06:00:00+02:00,-4.65
2024-07-15T09:00:00+02:00,-4.65
2024-07-15T12:00:00+02:00,-4.63
2024-07-15T15:00:00+02:00,-4.6
2024-07-15T18:00:00+02:00,-4.57
2024-07-15T21:00:00+02:00,-4.57
2024-07-16T02:01:00+02:00,-4.57
2024-07-16T03:00:00+02:00,-4.59
2024-07-16T06:00:00+02:00,-4.61
2024-07-16T09:00:00+02:00,-4.62
2024-07-16T12:00:00+02:00,-4.62
2024-07-16T15:00:00+02:00,-4.61
2024-07-16T18:00:00+02:00,-4.61
2024-07-16T21:00:00+02:00,-4.61
2024-07-17T02:01:00+02:00,-4.62
2024-07-17T03:00:00+02:00,-4.64
2024-07-17T06:00:00+02:00,-4.65
2024-07-17T09:00:00+02:00,-4.66
2024-07-17T12:00:00+02:00,-4.65
2024-07-17T15:00:00+02:00,-4.64
2024-07-17T18:00:00+02:00,-4.63
2024-07-17T21:00:00+02:00,-4.63
2024-07-18T02:01:00+02:00,-4.65
2024-07-18T03:00:00+02:00,-4.65
2024-07-18T06:00:00+02:00,-4.66
2024-07-18T09:00:00+02:00,-4.67
2024-07-18T12:00:00+02:00,-4.64
2024-07-18T15:00:00+02:00,-4.62
2024-07-18T18:00:00+02:00,-4.6
2024-07-18T21:00:00+02:00,-4.58
2024-07-19T02:01:00+02:00,-4.58
2024-07-19T03:00:00+02:00,-4.59
2024-07-19T06:00:00+02:00,-4.6
2024-07-19T09:00:00+02:00,-4.6
2024-07-19T12:00:00+02:00,-4.59
2024-07-19T15:00:00+02:00,-4.57
2024-07-19T18:00:00+02:00,-4.56
2024-07-19T21:00:00+02:00,-4.55
2024-07-20T02:01:00+02:00,-4.55
2024-07-20T03:00:00+02:00,-4.55
2024-07-20T06:00:00+02:00,-4.56
2024-07-20T09:00:00+02:00,-4.55
2024-07-20T12:00:00+02:00,-4.54
2024-07-20T15:00:00+02:00,-4.53
2024-07-20T18:00:00+02:00,-4.52
2024-07-20T21:00:00+02:00,-4.53
2024-07-21T02:01:00+02:00,-4.54
2024-07-21T03:00:00+02:00,-4.58
2024-07-21T06:00:00+02:00,-4.57
2024-07-21T09:00:00+02:00,-4.57
2024-07-21T12:00:00+02:00,-4.53
2024-07-21T15:00:00+02:00,-4.55
2024-07-21T18:00:00+02:00,-4.55
2024-07-21T21:00:00+02:00,-4.57
2024-07-22T02:01:00+02:00,-4.6
2024-07-22T03:00:00+02:00,-4.61
2024-07-22T06:00:00+02:00,-4.63
2024-07-22T09:00:00+02:00,-4.63
2024-07-22T12:00:00+02:00,-4.62
2024-07-22T15:00:00+02:00,-4.61
2024-07-22T18:00:00+02:00,-4.59
2024-07-22T21:00:00+02:00,-4.59
2024-07-23T02:01:00+02:00,-4.6
2024-07-23T03:00:00+02:00,-4.59
2024-07-23T06:00:00+02:00,-4.6
2024-07-23T09:00:00+02:00,-4.6
2024-07-23T12:00:00+02:00,-4.61
2024-07-23T15:00:00+02:00,-4.62
2024-07-23T18:00:00+02:00,-4.61
2024-07-23T21:00:00+02:00,-4.62
2024-07-24T02:01:00+02:00,-4.64
2024-07-24T03:00:00+02:00,-4.66
2024-07-24T06:00:00+02:00,-4.66
2024-07-24T09:00:00+02:00,-4.67
2024-07-24T12:00:00+02:00,-4.67
2024-07-24T15:00:00+02:00,-4.64
2024-07-24T18:00:00+02:00,-4.62
2024-07-24T21:00:00+02:00,-4.62
2024-07-25T02:01:00+02:00,-4.62
2024-07-25T03:00:00+02:00,-4.64
2024-07-25T06:00:00+02:00,-4.64
2024-07-25T09:00:00+02:00,-4.64
2024-07-25T12:00:00+02:00,-4.63
2024-07-25T15:00:00+02:00,-4.6
2024-07-25T18:00:00+02:00,-4.59
2024-07-25T21:00:00+02:00,-4.59
2024-07-26T02:01:00+02:00,-4.59
2024-07-26T03:00:00+02:00,-4.59
2024-07-26T06:00:00+02:00,-4.6
2024-07-26T09:00:00+02:00,-4.61
2024-07-26T12:00:00+02:00,-4.6
2024-07-26T15:00:00+02:00,-4.59
2024-07-26T18:00:00+02:00,-4.59
2024-07-26T21:00:00+02:00,-4.59
2024-07-27T02:01:00+02:00,-4.61
2024-07-27T03:00:00+02:00,-4.63
2024-07-27T06:00:00+02:00,-4.64
2024-07-27T09:00:00+02:00,-4.65
2024-07-27T12:00:00+02:00,-4.63
2024-07-27T15:00:00+02:00,-4.6
2024-07-27T18:00:00+02:00,-4.6
2024-07-27T21:00:00+02:00,-4.61
2024-07-28T02:01:00+02:00,-4.64
2024-07-28T03:00:00+02:00,-4.66
2024-07-28T06:00:00+02:00,-4.68
2024-07-28T09:00:00+02:00,-4.68
2024-07-28T12:00:00+02:00,-4.67
2024-07-28T15:00:00+02:00,-4.64
2024-07-28T18:00:00+02:00,-4.63
2024-07-28T21:00:00+02:00,-4.63
2024-07-29T02:01:00+02:00,-4.63
2024-07-29T03:00:00+02:00,-4.65
2024-07-29T06:00:00+02:00,-4.67
2024-07-29T09:00:00+02:00,-4.68
2024-07-29T12:00:00+02:00,-4.64
2024-07-29T15:00:00+02:00,-4.61
2024-07-29T18:00:00+02:00,-4.59
2024-07-29T21:00:00+02:00,-4.58
2024-07-30T02:01:00+02:00,-4.58
2024-07-30T03:00:00+02:00,-4.59
2024-07-30T06:00:00+02:00,-4.6
2024-07-30T09:00:00+02:00,-4.6
2024-07-30T12:00:00+02:00,-4.6
2024-07-30T15:00:00+02:00,-4.59
2024-07-30T18:00:00+02:00,-4.58
2024-07-30T21:00:00+02:00,-4.57
2024-07-31T02:01:00+02:00,-4.57
2024-07-31T03:00:00+02:00,-4.58
2024-07-31T06:00:00+02:00,-4.59
2024-07-31T09:00:00+02:00,-4.6
2024-07-31T12:00:00+02:00,-4.59
2024-07-31T15:00:00+02:00,-4.59
2024-07-31T18:00:00+02:00,-4.57
2024-07-31T21:00:00+02:00,-4.57
2024-08-01T02:01:00+02:00,-4.58
2024-08-01T03:00:00+02:00,-4.59
2024-08-01T06:00:00+02:00,-4.6
2024-08-01T09:00:00+02:00,-4.61
2024-08-01T12:00:00+02:00,-4.62
2024-08-01T15:00:00+02:00,-4.61
2024-08-01T18:00:00+02:00,-4.6
2024-08-01T21:00:00+02:00,-4.59
2024-08-02T02:01:00+02:00,-4.6
2024-08-02T03:00:00+02:00,-4.61
2024-08-02T06:00:00+02:00,-4.63
2024-08-02T09:00:00+02:00,-4.64
2024-08-02T12:00:00+02:00,-4.63
2024-08-02T15:00:00+02:00,-4.6
2024-08-02T18:00:00+02:00,-4.58
2024-08-02T21:00:00+02:00,-4.57
2024-08-03T02:01:00+02:00,-4.57
2024-08-03T03:00:00+02:00,-4.58
2024-08-03T06:00:00+02:00,-4.59
2024-08-03T09:00:00+02:00,-4.6
2024-08-03T12:00:00+02:00,-4.59
2024-08-03T15:00:00+02:00,-4.58
2024-08-03T18:00:00+02:00,-4.58
2024-08-03T21:00:00+02:00,-4.59
2024-08-04T02:01:00+02:00,-4.6
2024-08-04T03:00:00+02:00,-4.62
2024-08-04T06:00:00+02:00,-4.65
2024-08-04T09:00:00+02:00,-4.66
2024-08-04T12:00:00+02:00,-4.66
2024-08-04T15:00:00+02:00,-4.64
2024-08-04T18:00:00+02:00,-4.63
2024-08-04T21:00:00+02:00,-4.63
2024-08-05T02:01:00+02:00,-4.64
2024-08-05T03:00:00+02:00,-4.65
2024-08-05T06:00:00+02:00,-4.66
2024-08-05T09:00:00+02:00,-4.66
2024-08-05T12:00:00+02:00,-4.64
2024-08-05T15:00:00+02:00,-4.63
2024-08-05T18:00:00+02:00,-4.61
2024-08-05T21:00:00+02:00,-4.61
2024-08-06T02:01:00+02:00,-4.61
2024-08-06T03:00:00+02:00,-4.61
2024-08-06T06:00:00+02:00,-4.63
2024-08-06T09:00:00+02:00,-4.63
2024-08-06T12:00:00+02:00,-4.6
2024-08-06T15:00:00+02:00,-4.58
2024-08-06T18:00:00+02:00,-4.57
2024-08-06T21:00:00+02:00,-4.56
2024-08-07T02:01:00+02:00,-4.57
2024-08-07T03:00:00+02:00,-4.58
2024-08-07T06:00:00+02:00,-4.59
2024-08-07T09:00:00+02:00,-4.61
2024-08-07T12:00:00+02:00,-4.61
2024-08-07T15:00:00+02:00,-4.59
2024-08-07T18:00:00+02:00,-4.59
2024-08-07T21:00:00+02:00,-4.59
2024-08-08T02:01:00+02:00,-4.6
2024-08-08T03:00:00+02:00,-4.62
2024-08-08T06:00:00+02:00,-4.63
2024-08-08T09:00:00+02:00,-4.63
2024-08-08T12:00:00+02:00,-4.62
2024-08-08T15:00:00+02:00,-4.61
2024-08-08T18:00:00+02:00,-4.59
2024-08-08T21:00:00+02:00,-4.57
2024-08-09T02:01:00+02:00,-4.57
2024-08-09T03:00:00+02:00,-4.58
2024-08-09T06:00:00+02:00,-4.58
2024-08-09T09:00:00+02:00,-4.58
2024-08-09T12:00:00+02:00,-4.59
2024-08-09T15:00:00+02:00,-4.59
2024-08-09T18:00:00+02:00,-4.59
2024-08-09T21:00:00+02:00,-4.59
2024-08-10T02:01:00+02:00,-4.6
2024-08-10T03:00:00+02:00,-4.61
2024-08-10T06:00:00+02:00,-4.63
2024-08-10T09:00:00+02:00,-4.63
2024-08-10T12:00:00+02:00,-4.61
2024-08-10T15:00:00+02:00,-4.6
2024-08-10T18:00:00+02:00,-4.59
2024-08-10T21:00:00+02:00,-4.59
2024-08-11T02:01:00+02:00,-4.6
2024-08-11T03:00:00+02:00,-4.61
2024-08-11T06:00:00+02:00,-4.62
2024-08-11T09:00:00+02:00,-4.63
2024-08-11T12:00:00+02:00,-4.61
2024-08-11T15:00:00+02:00,-4.58
2024-08-11T18:00:00+02:00,-4.56
2024-08-11T21:00:00+02:00,-4.56
2024-08-12T02:01:00+02:00,-4.56
2024-08-12T03:00:00+02:00,-4.58
2024-08-12T06:00:00+02:00,-4.59
2024-08-12T09:00:00+02:00,-4.59
2024-08-12T12:00:00+02:00,-4.57
2024-08-12T15:00:00+02:00,-4.55
2024-08-12T18:00:00+02:00,-4.54
2024-08-12T21:00:00+02:00,-4.53
2024-08-13T02:01:00+02:00,-4.53
2024-08-13T03:00:00+02:00,-4.53
2024-08-13T06:00:00+02:00,-4.53
2024-08-13T09:00:00+02:00,-4.54
2024-08-13T12:00:00+02:00,-4.55
2024-08-13T15:00:00+02:00,-4.54
2024-08-13T18:00:00+02:00,-4.54
2024-08-13T21:00:00+02:00,-4.54
2024-08-14T02:01:00+02:00,-4.57
2024-08-14T03:00:00+02:00,-4.57
2024-08-14T06:00:00+02:00,-4.58
2024-08-14T09:00:00+02:00,-4.59
2024-08-14T12:00:00+02:00,-4.59
2024-08-14T15:00:00+02:00,-4.58
2024-08-14T18:00:00+02:00,-4.58
2024-08-14T21:00:00+02:00,-4.58
2024-08-15T02:01:00+02:00,-4.58
2024-08-15T03:00:00+02:00,-4.6
2024-08-15T06:00:00+02:00,-4.61
2024-08-15T09:00:00+02:00,-4.62
2024-08-15T12:00:00+02:00,-4.6
2024-08-15T15:00:00+02:00,-4.59
2024-08-15T18:00:00+02:00,-4.58
2024-08-15T21:00:00+02:00,-4.57
2024-08-16T02:01:00+02:00,-4.58
2024-08-16T03:00:00+02:00,-4.58
2024-08-16T06:00:00+02:00,-4.59
2024-08-16T09:00:00+02:00,-4.59
2024-08-16T12:00:00+02:00,-4.59
2024-08-16T15:00:00+02:00,-4.58
2024-08-16T18:00:00+02:00,-4.57
2024-08-16T21:00:00+02:00,-4.58
2024-08-17T02:01:00+02:00,-4.59
2024-08-17T03:00:00+02:00,-4.61
2024-08-17T06:00:00+02:00,-4.62
2024-08-17T09:00:00+02:00,-4.63
2024-08-17T12:00:00+02:00,-4.61
2024-08-17T15:00:00+02:00,-4.58
2024-08-17T18:00:00+02:00,-4.56
2024-08-17T21:00:00+02:00,-4.56
2024-08-18T02:01:00+02:00,-4.57
2024-08-18T03:00:00+02:00,-4.59
2024-08-18T06:00:00+02:00,-4.61
2024-08-18T09:00:00+02:00,-4.62
2024-08-18T12:00:00+02:00,-4.61
2024-08-18T15:00:00+02:00,-4.6
2024-08-18T18:00:00+02:00,-4.59
2024-08-18T21:00:00+02:00,-4.6
2024-08-19T02:01:00+02:00,-4.62
2024-08-19T03:00:00+02:00,-4.63
2024-08-19T06:00:00+02:00,-4.64
2024-08-19T09:00:00+02:00,-4.65
2024-08-19T12:00:00+02:00,-4.63
2024-08-19T15:00:00+02:00,-4.61
2024-08-19T18:00:00+02:00,-4.61
2024-08-19T21:00:00+02:00,-4.59
2024-08-20T02:01:00+02:00,-4.58
2024-08-20T03:00:00+02:00,-4.58
2024-08-20T06:00:00+02:00,-4.59
2024-08-20T09:00:00+02:00,-4.6
2024-08-20T12:00:00+02:00,-4.57
2024-08-20T15:00:00+02:00,-4.55
2024-08-20T18:00:00+02:00,-4.55
2024-08-20T21:00:00+02:00,-4.56
2024-08-21T02:01:00+02:00,-4.57
2024-08-21T03:00:00+02:00,-4.58
2024-08-21T06:00:00+02:00,-4.59
2024-08-21T09:00:00+02:00,-4.6
2024-08-21T12:00:00+02:00,-4.59
2024-08-21T15:00:00+02:00,-4.58
2024-08-21T18:00:00+02:00,-4.56
2024-08-21T21:00:00+02:00,-4.56
2024-08-22T02:01:00+02:00,-4.56
2024-08-22T03:00:00+02:00,-4.56
2024-08-22T06:00:00+02:00,-4.57
2024-08-22T09:00:00+02:00,-4.56
2024-08-22T12:00:00+02:00,-4.55
2024-08-22T15:00:00+02:00,-4.53
2024-08-22T18:00:00+02:00,-4.5
2024-08-22T21:00:00+02:00,-4.5
2024-08-23T02:01:00+02:00,-4.49
2024-08-23T03:00:00+02:00,-4.49
2024-08-23T06:00:00+02:00,-4.48
2024-08-23T09:00:00+02:00,-4.5
2024-08-23T12:00:00+02:00,-4.5
2024-08-23T15:00:00+02:00,-4.51
2024-08-23T18:00:00+02:00,-4.5
2024-08-23T21:00:00+02:00,-4.5
2024-08-24T02:01:00+02:00,-4.51
2024-08-24T03:00:00+02:00,-4.52
2024-08-24T06:00:00+02:00,-4.53
2024-08-24T09:00:00+02:00,-4.53
2024-08-24T12:00:00+02:00,-4.51
2024-08-24T15:00:00+02:00,-4.48
2024-08-24T18:00:00+02:00,-4.46
2024-08-24T21:00:00+02:00,-4.5
2024-08-25T02:01:00+02:00,-4.52
2024-08-25T03:00:00+02:00,-4.53
2024-08-25T06:00:00+02:00,-4.55
2024-08-25T09:00:00+02:00,-4.56
2024-08-25T12:00:00+02:00,-4.55
2024-08-25T15:00:00+02:00,-4.54
2024-08-25T18:00:00+02:00,-4.52
2024-08-25T21:00:00+02:00,-4.52
2024-08-26T02:01:00+02:00,-4.54
2024-08-26T03:00:00+02:00,-4.54
2024-08-26T06:00:00+02:00,-4.56
2024-08-26T09:00:00+02:00,-4.56
2024-08-26T12:00:00+02:00,-4.55
2024-08-26T15:00:00+02:00,-4.52
2024-08-26T18:00:00+02:00,-4.51
2024-08-26T21:00:00+02:00,-4.5
2024-08-27T02:01:00+02:00,-4.52
2024-08-27T03:00:00+02:00,-4.53
2024-08-27T06:00:00+02:00,-4.54
2024-08-27T09:00:00+02:00,-4.55
2024-08-27T12:00:00+02:00,-4.53
2024-08-27T15:00:00+02:00,-4.49
2024-08-27T18:00:00+02:00,-4.47
2024-08-27T21:00:00+02:00,-4.46
2024-08-28T02:01:00+02:00,-4.47
2024-08-28T03:00:00+02:00,-4.48
2024-08-28T06:00:00+02:00,-4.5
2024-08-28T09:00:00+02:00,-4.52
2024-08-28T12:00:00+02:00,-4.49
2024-08-28T15:00:00+02:00,-4.46
2024-08-28T18:00:00+02:00,-4.44
2024-08-28T21:00:00+02:00,-4.44
2024-08-29T02:01:00+02:00,-4.43
2024-08-29T03:00:00+02:00,-4.45
2024-08-29T06:00:00+02:00,-4.46
2024-08-29T09:00:00+02:00,-4.47
2024-08-29T12:00:00+02:00,-4.47
2024-08-29T15:00:00+02:00,-4.47
2024-08-29T18:00:00+02:00,-4.48
2024-08-29T21:00:00+02:00,-4.49
2024-08-30T02:01:00+02:00,-4.52
2024-08-30T03:00:00+02:00,-4.53
2024-08-30T06:00:00+02:00,-4.55
2024-08-30T09:00:00+02:00,-4.55
2024-08-30T12:00:00+02:00,-4.54
2024-08-30T15:00:00+02:00,-4.52
2024-08-30T18:00:00+02:00,-4.52
2024-08-30T21:00:00+02:00,-4.51
2024-08-31T02:01:00+02:00,-4.52
2024-08-31T03:00:00+02:00,-4.54
2024-08-31T06:00:00+02:00,-4.55
2024-08-31T09:00:00+02:00,-4.55
2024-08-31T12:00:00+02:00,-4.55
2024-08-31T15:00:00+02:00,-4.53
2024-08-31T18:00:00+02:00,-4.51
2024-08-31T21:00:00+02:00,-4.5
2024-09-01T02:01:00+02:00,-4.49
2024-09-01T03:00:00+02:00,-4.5
2024-09-01T06:00:00+02:00,-4.52
2024-09-01T09:00:00+02:00,-4.53
2024-09-01T12:00:00+02:00,-4.51
2024-09-01T15:00:00+02:00,-4.48
2024-09-01T18:00:00+02:00,-4.47
2024-09-01T21:00:00+02:00,-4.46
2024-09-02T02:01:00+02:00,-4.44
2024-09-02T03:00:00+02:00,-4.45
2024-09-02T06:00:00+02:00,-4.46
2024-09-02T09:00:00+02:00,-4.46
2024-09-02T12:00:00+02:00,-4.46
2024-09-02T15:00:00+02:00,-4.45
2024-09-02T18:00:00+02:00,-4.44
2024-09-02T21:00:00+02:00,-4.43
2024-09-03T02:01:00+02:00,-4.45
2024-09-03T03:00:00+02:00,-4.46
2024-09-03T06:00:00+02:00,-4.47
2024-09-03T09:00:00+02:00,-4.47
2024-09-03T12:00:00+02:00,-4.48
2024-09-03T15:00:00+02:00,-4.47
2024-09-03T18:00:00+02:00,-4.48
2024-09-03T21:00:00+02:00,-4.47
2024-09-04T02:01:00+02:00,-4.5
2024-09-04T03:00:00+02:00,-4.51
2024-09-04T06:00:00+02:00,-4.52
2024-09-04T09:00:00+02:00,-4.52
2024-09-04T12:00:00+02:00,-4.51
2024-09-04T15:00:00+02:00,-4.5
2024-09-04T18:00:00+02:00,-4.49
2024-09-04T21:00:00+02:00,-4.49
2024-09-05T02:01:00+02:00,-4.49
2024-09-05T03:00:00+02:00,-4.5
2024-09-05T06:00:00+02:00,-4.51
2024-09-05T09:00:00+02:00,-4.5
2024-09-05T12:00:00+02:00,-4.48
2024-09-05T15:00:00+02:00,-4.47
2024-09-05T18:00:00+02:00,-4.45
2024-09-05T21:00:00+02:00,-4.44
2024-09-06T02:01:00+02:00,-4.43
2024-09-06T03:00:00+02:00,-4.42
2024-09-06T06:00:00+02:00,-4.43
2024-09-06T09:00:00+02:00,-4.44
2024-09-06T12:00:00+02:00,-4.45
2024-09-06T15:00:00+02:00,-4.44
2024-09-06T18:00:00+02:00,-4.44
2024-09-06T21:00:00+02:00,-4.44
2024-09-07T02:01:00+02:00,-4.45
2024-09-07T03:00:00+02:00,-4.45
2024-09-07T06:00:00+02:00,-4.46
2024-09-07T09:00:00+02:00,-4.47
2024-09-07T12:00:00+02:00,-4.47
2024-09-07T15:00:00+02:00,-4.44
2024-09-07T18:00:00+02:00,-4.43
2024-09-07T21:00:00+02:00,-4.41
2024-09-08T02:01:00+02:00,-4.42
2024-09-08T03:00:00+02:00,-4.42
2024-09-08T06:00:00+02:00,-4.43
2024-09-08T09:00:00+02:00,-4.45
2024-09-08T12:00:00+02:00,-4.45
2024-09-08T15:00:00+02:00,-4.44
2024-09-08T18:00:00+02:00,-4.43
2024-09-08T21:00:00+02:00,-4.43
2024-09-09T02:01:00+02:00,-4.44
2024-09-09T03:00:00+02:00,-4.46
2024-09-09T06:00:00+02:00,-4.48
2024-09-09T09:00:00+02:00,-4.49
2024-09-09T12:00:00+02:00,-4.49
2024-09-09T15:00:00+02:00,-4.48
2024-09-09T18:00:00+02:00,-4.48
2024-09-09T21:00:00+02:00,-4.49
2024-09-10T02:01:00+02:00,-4.51
2024-09-10T03:00:00+02:00,-4.51
2024-09-10T06:00:00+02:00,-4.51
2024-09-10T09:00:00+02:00,-4.51
2024-09-10T12:00:00+02:00,-4.51
2024-09-10T15:00:00+02:00,-4.5
2024-09-10T18:00:00+02:00,-4.49
2024-09-10T21:00:00+02:00,-4.49
2024-09-11T02:01:00+02:00,-4.49
2024-09-11T03:00:00+02:00,-4.49
2024-09-11T06:00:00+02:00,-4.49
2024-09-11T09:00:00+02:00,-4.49
2024-09-11T12:00:00+02:00,-4.49
2024-09-11T15:00:00+02:00,-4.5
2024-09-11T18:00:00+02:00,-4.5
2024-09-11T21:00:00+02:00,-4.5
2024-09-12T02:01:00+02:00,-4.51
2024-09-12T03:00:00+02:00,-4.5
2024-09-12T06:00:00+02:00,-4.51
2024-09-12T09:00:00+02:00,-4.52
2024-09-12T12:00:00+02:00,-4.52
2024-09-12T15:00:00+02:00,-4.52
2024-09-12T18:00:00+02:00,-4.53
2024-09-12T21:00:00+02:00,-4.53
2024-09-13T02:01:00+02:00,-4.53
2024-09-13T03:00:00+02:00,-4.54
2024-09-13T06:00:00+02:00,-4.55
2024-09-13T09:00:00+02:00,-4.55
2024-09-13T12:00:00+02:00,-4.55
2024-09-13T15:00:00+02:00,-4.55
2024-09-13T18:00:00+02:00,-4.55
2024-09-13T21:00:00+02:00,-4.55
2024-09-14T02:01:00+02:00,-4.55
2024-09-14T03:00:00+02:00,-4.55
2024-09-14T06:00:00+02:00,-4.55
2024-09-14T09:00:00+02:00,-4.55
2024-09-14T12:00:00+02:00,-4.55
2024-09-14T15:00:00+02:00,-4.54
2024-09-14T18:00:00+02:00,-4.54
2024-09-14T21:00:00+02:00,-4.54
2024-09-15T02:01:00+02:00,-4.54
2024-09-15T03:00:00+02:00,-4.53
2024-09-15T06:00:00+02:00,-4.54
2024-09-15T09:00:00+02:00,-4.54
2024-09-15T12:00:00+02:00,-4.53
2024-09-15T15:00:00+02:00,-4.51
2024-09-15T18:00:00+02:00,-4.5
2024-09-15T21:00:00+02:00,-4.51
2024-09-16T02:01:00+02:00,-4.51
2024-09-16T03:00:00+02:00,-4.52
2024-09-16T06:00:00+02:00,-4.52
2024-09-16T09:00:00+02:00,-4.53
2024-09-16T12:00:00+02:00,-4.52
2024-09-16T15:00:00+02:00,-4.51
2024-09-16T18:00:00+02:00,-4.5
2024-09-16T21:00:00+02:00,-4.51
2024-09-17T02:01:00+02:00,-4.52
2024-09-17T03:00:00+02:00,-4.52
2024-09-17T06:00:00+02:00,-4.53
2024-09-17T09:00:00+02:00,-4.53
2024-09-17T12:00:00+02:00,-4.53
2024-09-17T15:00:00+02:00,-4.51
2024-09-17T18:00:00+02:00,-4.5
2024-09-17T21:00:00+02:00,-4.5
2024-09-18T02:01:00+02:00,-4.52
2024-09-18T03:00:00+02:00,-4.53
2024-09-18T06:00:00+02:00,-4.53
2024-09-18T09:00:00+02:00,-4.53
2024-09-18T12:00:00+02:00,-4.53
2024-09-18T15:00:00+02:00,-4.51
2024-09-18T18:00:00+02:00,-4.5
2024-09-18T21:00:00+02:00,-4.49
2024-09-19T02:01:00+02:00,-4.49
2024-09-19T03:00:00+02:00,-4.5
2024-09-19T06:00:00+02:00,-4.51
2024-09-19T09:00:00+02:00,-4.52
2024-09-19T12:00:00+02:00,-4.52
2024-09-19T15:00:00+02:00,-4.5
2024-09-19T18:00:00+02:00,-4.48
2024-09-19T21:00:00+02:00,-4.48
2024-09-20T02:01:00+02:00,-4.48
2024-09-20T03:00:00+02:00,-4.5
2024-09-20T06:00:00+02:00,-4.51
2024-09-20T09:00:00+02:00,-4.51
2024-09-20T12:00:00+02:00,-4.5
2024-09-20T15:00:00+02:00,-4.48
2024-09-20T18:00:00+02:00,-4.46
2024-09-20T21:00:00+02:00,-4.46
2024-09-21T02:01:00+02:00,-4.46
2024-09-21T03:00:00+02:00,-4.48
2024-09-21T06:00:00+02:00,-4.5
2024-09-21T09:00:00+02:00,-4.51
2024-09-21T12:00:00+02:00,-4.49
2024-09-21T15:00:00+02:00,-4.47
2024-09-21T18:00:00+02:00,-4.45
2024-09-21T21:00:00+02:00,-4.44
2024-09-22T02:01:00+02:00,-4.44
2024-09-22T03:00:00+02:00,-4.45
2024-09-22T06:00:00+02:00,-4.48
2024-09-22T09:00:00+02:00,-4.49
2024-09-22T12:00:00+02:00,-4.47
2024-09-22T15:00:00+02:00,-4.44
2024-09-22T18:00:00+02:00,-4.43
2024-09-22T21:00:00+02:00,-4.43
2024-09-23T02:01:00+02:00,-4.42
2024-09-23T03:00:00+02:00,-4.43
2024-09-23T06:00:00+02:00,-4.44
2024-09-23T09:00:00+02:00,-4.46
2024-09-23T12:00:00+02:00,-4.46
2024-09-23T15:00:00+02:00,-4.44
2024-09-23T18:00:00+02:00,-4.43
2024-09-23T21:00:00+02:00,-4.44
2024-09-24T02:01:00+02:00,-4.45
2024-09-24T03:00:00+02:00,-4.46
2024-09-24T06:00:00+02:00,-4.47
2024-09-24T09:00:00+02:00,-4.47
2024-09-24T12:00:00+02:00,-4.47
2024-09-24T15:00:00+02:00,-4.47
2024-09-24T18:00:00+02:00,-4.48
2024-09-24T21:00:00+02:00,-4.48
2024-09-25T02:01:00+02:00,-4.49
2024-09-25T03:00:00+02:00,-4.48
2024-09-25T06:00:00+02:00,-4.49
2024-09-25T09:00:00+02:00,-4.48
2024-09-25T12:00:00+02:00,-4.49
2024-09-25T15:00:00+02:00,-4.48
2024-09-25T18:00:00+02:00,-4.47
2024-09-25T21:00:00+02:00,-4.46
2024-09-26T02:01:00+02:00,-4.45
2024-09-26T03:00:00+02:00,-4.43
2024-09-26T06:00:00+02:00,-4.44
2024-09-26T09:00:00+02:00,-4.45
2024-09-26T12:00:00+02:00,-4.44
2024-09-26T15:00:00+02:00,-4.42
2024-09-26T18:00:00+02:00,-4.43
2024-09-26T21:00:00+02:00,-4.43
2024-09-27T02:01:00+02:00,-4.45
2024-09-27T03:00:00+02:00,-4.45
2024-09-27T06:00:00+02:00,-4.45
2024-09-27T09:00:00+02:00,-4.45
2024-09-27T12:00:00+02:00,-4.46
2024-09-27T15:00:00+02:00,-4.46
2024-09-27T18:00:00+02:00,-4.48
2024-09-27T21:00:00+02:00,-4.49
2024-09-28T02:01:00+02:00,-4.49
2024-09-28T03:00:00+02:00,-4.5
2024-09-28T06:00:00+02:00,-4.51
2024-09-28T09:00:00+02:00,-4.51
2024-09-28T12:00:00+02:00,-4.51
2024-09-28T15:00:00+02:00,-4.52
2024-09-28T18:00:00+02:00,-4.52
2024-09-28T21:00:00+02:00,-4.52
2024-09-29T02:01:00+02:00,-4.52
2024-09-29T03:00:00+02:00,-4.52
2024-09-29T06:00:00+02:00,-4.51
2024-09-29T09:00:00+02:00,-4.51
2024-09-29T12:00:00+02:00,-4.5
2024-09-29T15:00:00+02:00,-4.49
2024-09-29T18:00:00+02:00,-4.49
2024-09-29T21:00:00+02:00,-4.48
2024-09-30T02:01:00+02:00,-4.48
2024-09-30T03:00:00+02:00,-4.46
2024-09-30T06:00:00+02:00,-4.46
2024-09-30T09:00:00+02:00,-4.46
2024-09-30T12:00:00+02:00,-4.45
2024-09-30T15:00:00+02:00,-4.43
2024-09-30T18:00:00+02:00,-4.43
2024-09-30T21:00:00+02:00,-4.43
2024-10-01T02:01:00+02:00,-4.43
2024-10-01T03:00:00+02:00,-4.43
2024-10-01T06:00:00+02:00,-4.43
2024-10-01T09:00:00+02:00,-4.43
2024-10-01T12:00:00+02:00,-4.43
2024-10-01T15:00:00+02:00,-4.43
2024-10-01T18:00:00+02:00,-4.43
2024-10-01T21:00:00+02:00,-4.44
2024-10-02T02:01:00+02:00,-4.44
2024-10-02T03:00:00+02:00,-4.44
2024-10-02T06:00:00+02:00,-4.45
2024-10-02T09:00:00+02:00,-4.45
2024-10-02T12:00:00+02:00,-4.45
2024-10-02T15:00:00+02:00,-4.44
2024-10-02T18:00:00+02:00,-4.46
2024-10-02T21:00:00+02:00,-4.46
2024-10-03T02:01:00+02:00,-4.46
2024-10-03T03:00:00+02:00,-4.46
2024-10-03T06:00:00+02:00,-4.46
2024-10-03T09:00:00+02:00,-4.46
2024-10-03T12:00:00+02:00,-4.45
2024-10-03T15:00:00+02:00,-4.45
2024-10-03T18:00:00+02:00,-4.45
2024-10-03T21:00:00+02:00,-4.45
2024-10-04T02:01:00+02:00,-4.45
2024-10-04T03:00:00+02:00,-4.45
2024-10-04T06:00:00+02:00,-4.45
2024-10-04T09:00:00+02:00,-4.46
2024-10-04T12:00:00+02:00,-4.45
2024-10-04T15:00:00+02:00,-4.45
2024-10-04T18:00:00+02:00,-4.46
2024-10-04T21:00:00+02:00,-4.45
2024-10-05T02:01:00+02:00,-4.45
2024-10-05T03:00:00+02:00,-4.45
2024-10-05T06:00:00+02:00,-4.45
2024-10-05T09:00:00+02:00,-4.45
2024-10-05T12:00:00+02:00,-4.44
2024-10-05T15:00:00+02:00,-4.44
2024-10-05T18:00:00+02:00,-4.44
2024-10-05T21:00:00+02:00,-4.44
2024-10-06T02:01:00+02:00,-4.43
2024-10-06T03:00:00+02:00,-4.43
2024-10-06T06:00:00+02:00,-4.43
2024-10-06T09:00:00+02:00,-4.42
2024-10-06T12:00:00+02:00,-4.41
2024-10-06T15:00:00+02:00,-4.41
2024-10-06T18:00:00+02:00,-4.41
2024-10-06T21:00:00+02:00,-4.41
2024-10-07T02:01:00+02:00,-4.4
2024-10-07T03:00:00+02:00,-4.4
2024-10-07T06:00:00+02:00,-4.41
2024-10-07T09:00:00+02:00,-4.42
2024-10-07T12:00:00+02:00,-4.42
2024-10-07T15:00:00+02:00,-4.4
2024-10-07T18:00:00+02:00,-4.39
2024-10-07T21:00:00+02:00,-4.39
2024-10-08T02:01:00+02:00,-4.39
2024-10-08T03:00:00+02:00,-4.39
2024-10-08T06:00:00+02:00,-4.4
2024-10-08T09:00:00+02:00,-4.4
2024-10-08T12:00:00+02:00,-4.4
2024-10-08T15:00:00+02:00,-4.4
2024-10-08T18:00:00+02:00,-4.4
2024-10-08T21:00:00+02:00,-4.39
2024-10-09T02:01:00+02:00,-4.4
2024-10-09T03:00:00+02:00,-4.4
2024-10-09T06:00:00+02:00,-4.4
2024-10-09T09:00:00+02:00,-4.39
2024-10-09T12:00:00+02:00,-4.39
2024-10-09T15:00:00+02:00,-4.39
2024-10-09T18:00:00+02:00,-4.39
2024-10-09T21:00:00+02:00,-4.39
2024-10-10T02:01:00+02:00,-4.4
2024-10-10T03:00:00+02:00,-4.41
2024-10-10T06:00:00+02:00,-4.43
2024-10-10T09:00:00+02:00,-4.44
2024-10-10T12:00:00+02:00,-4.44
2024-10-10T15:00:00+02:00,-4.45
2024-10-10T18:00:00+02:00,-4.45
2024-10-10T21:00:00+02:00,-4.46
2024-10-11T02:01:00+02:00,-4.47
2024-10-11T03:00:00+02:00,-4.47
2024-10-11T06:00:00+02:00,-4.47
2024-10-11T09:00:00+02:00,-4.48
2024-10-11T12:00:00+02:00,-4.48
2024-10-11T15:00:00+02:00,-4.49
2024-10-11T18:00:00+02:00,-4.49
2024-10-11T21:00:00+02:00,-4.48
2024-10-12T02:01:00+02:00,-4.49
2024-10-12T03:00:00+02:00,-4.48
2024-10-12T06:00:00+02:00,-4.48
2024-10-12T09:00:00+02:00,-4.48
2024-10-12T12:00:00+02:00,-4.46
2024-10-12T15:00:00+02:00,-4.46
2024-10-12T18:00:00+02:00,-4.45
2024-10-12T21:00:00+02:00,-4.45
2024-10-13T02:01:00+02:00,-4.45
2024-10-13T03:00:00+02:00,-4.45
2024-10-13T06:00:00+02:00,-4.47
2024-10-13T09:00:00+02:00,-4.48
2024-10-13T12:00:00+02:00,-4.48
2024-10-13T15:00:00+02:00,-4.48
2024-10-13T18:00:00+02:00,-4.49
2024-10-13T21:00:00+02:00,-4.49
2024-10-14T02:01:00+02:00,-4.48
2024-10-14T03:00:00+02:00,-4.48
2024-10-14T06:00:00+02:00,-4.48
2024-10-14T09:00:00+02:00,-4.48
2024-10-14T12:00:00+02:00,-4.47
2024-10-14T15:00:00+02:00,-4.48
2024-10-14T18:00:00+02:00,-4.48
2024-10-14T21:00:00+02:00,-4.5
2024-10-15T02:01:00+02:00,-4.49
2024-10-15T03:00:00+02:00,-4.49
2024-10-15T06:00:00+02:00,-4.48
2024-10-15T09:00:00+02:00,-4.49
2024-10-15T12:00:00+02:00,-4.48
2024-10-15T15:00:00+02:00,-4.47
2024-10-15T18:00:00+02:00,-4.48
2024-10-15T21:00:00+02:00,-4.46
2024-10-16T02:01:00+02:00,-4.47
2024-10-16T03:00:00+02:00,-4.46
2024-10-16T06:00:00+02:00,-4.45
2024-10-16T09:00:00+02:00,-4.45
2024-10-16T12:00:00+02:00,-4.45
2024-10-16T15:00:00+02:00,-4.43
2024-10-16T18:00:00+02:00,-4.42
2024-10-16T21:00:00+02:00,-4.42
2024-10-17T02:01:00+02:00,-4.42
2024-10-17T03:00:00+02:00,-4.43
2024-10-17T06:00:00+02:00,-4.44
2024-10-17T09:00:00+02:00,-4.46
2024-10-17T12:00:00+02:00,-4.46
2024-10-17T15:00:00+02:00,-4.45
2024-10-17T18:00:00+02:00,-4.44
2024-10-17T21:00:00+02:00,-4.46
2024-10-18T02:01:00+02:00,-4.47
2024-10-18T03:00:00+02:00,-4.47
2024-10-18T06:00:00+02:00,-4.48
2024-10-18T09:00:00+02:00,-4.48
2024-10-18T12:00:00+02:00,-4.47
2024-10-18T15:00:00+02:00,-4.47
2024-10-18T18:00:00+02:00,-4.47
2024-10-18T21:00:00+02:00,-4.48
2024-10-19T02:01:00+02:00,-4.48
2024-10-19T03:00:00+02:00,-4.48
2024-10-19T06:00:00+02:00,-4.48
2024-10-19T09:00:00+02:00,-4.48
2024-10-19T12:00:00+02:00,-4.48
2024-10-19T15:00:00+02:00,-4.49
2024-10-19T18:00:00+02:00,-4.49
2024-10-19T21:00:00+02:00,-4.49
2024-10-20T02:01:00+02:00,-4.5
2024-10-20T03:00:00+02:00,-4.5
2024-10-20T06:00:00+02:00,-4.5
2024-10-20T09:00:00+02:00,-4.49
2024-10-20T12:00:00+02:00,-4.48
2024-10-20T15:00:00+02:00,-4.48
2024-10-20T18:00:00+02:00,-4.48
2024-10-20T21:00:00+02:00,-4.49
2024-10-21T02:01:00+02:00,-4.49
2024-10-21T03:00:00+02:00,-4.5
2024-10-21T06:00:00+02:00,-4.5
2024-10-21T09:00:00+02:00,-4.52
2024-10-21T12:00:00+02:00,-4.51
2024-10-21T15:00:00+02:00,-4.51
2024-10-21T18:00:00+02:00,-4.51
2024-10-21T21:00:00+02:00,-4.51
2024-10-22T02:01:00+02:00,-4.51
2024-10-22T03:00:00+02:00,-4.52
2024-10-22T06:00:00+02:00,-4.52
2024-10-22T09:00:00+02:00,-4.52
2024-10-22T12:00:00+02:00,-4.52
2024-10-22T15:00:00+02:00,-4.52
2024-10-22T18:00:00+02:00,-4.53
2024-10-22T21:00:00+02:00,-4.53
2024-10-23T02:01:00+02:00,-4.53
2024-10-23T03:00:00+02:00,-4.53
2024-10-23T06:00:00+02:00,-4.54
2024-10-23T09:00:00+02:00,-4.54
2024-10-23T12:00:00+02:00,-4.53
2024-10-23T15:00:00+02:00,-4.53
2024-10-23T18:00:00+02:00,-4.53
2024-10-23T21:00:00+02:00,-4.53
2024-10-24T02:01:00+02:00,-4.52
2024-10-24T03:00:00+02:00,-4.52
2024-10-24T06:00:00+02:00,-4.51
2024-10-24T09:00:00+02:00,-4.51
2024-10-24T12:00:00+02:00,-4.5
2024-10-24T15:00:00+02:00,-4.5
2024-10-24T18:00:00+02:00,-4.5
2024-10-24T21:00:00+02:00,-4.49
2024-10-25T02:01:00+02:00,-4.49
2024-10-25T03:00:00+02:00,-4.48
2024-10-25T06:00:00+02:00,-4.49
2024-10-25T09:00:00+02:00,-4.49
2024-10-25T12:00:00+02:00,-4.49
2024-10-25T15:00:00+02:00,-4.49
2024-10-25T18:00:00+02:00,-4.48
2024-10-25T21:00:00+02:00,-4.48
2024-10-26T02:01:00+02:00,-4.49
2024-10-26T03:00:00+02:00,-4.49
2024-10-26T06:00:00+02:00,-4.49
2024-10-26T09:00:00+02:00,-4.49
2024-10-26T12:00:00+02:00,-4.49
2024-10-26T15:00:00+02:00,-4.47
2024-10-26T18:00:00+02:00,-4.45
2024-10-26T21:00:00+02:00,-4.46
2024-10-27T02:01:00+01:00,-4.47
2024-10-27T03:00:00+01:00,-4.49
2024-10-27T06:00:00+01:00,-4.5
2024-10-27T09:00:00+01:00,-4.5
2024-10-27T12:00:00+01:00,-4.51
2024-10-27T15:00:00+01:00,-4.52
2024-10-27T18:00:00+01:00,-4.52
2024-10-27T21:00:00+01:00,-4.52
2024-10-28T02:01:00+01:00,-4.51
2024-10-28T03:00:00+01:00,-4.51
2024-10-28T06:00:00+01:00,-4.51
2024-10-28T09:00:00+01:00,-4.52
2024-10-28T12:00:00+01:00,-4.51
2024-10-28T15:00:00+01:00,-4.51
2024-10-28T18:00:00+01:00,-4.51
2024-10-28T21:00:00+01:00,-4.51
2024-10-29T02:01:00+01:00,-4.51
2024-10-29T03:00:00+01:00,-4.51
2024-10-29T06:00:00+01:00,-4.5
2024-10-29T09:00:00+01:00,-4.51
2024-10-29T12:00:00+01:00,-4.51
2024-10-29T15:00:00+01:00,-4.51
2024-10-29T18:00:00+01:00,-4.52
2024-10-29T21:00:00+01:00,-4.52
2024-10-30T02:01:00+01:00,-4.52
2024-10-30T03:00:00+01:00,-4.52
2024-10-30T06:00:00+01:00,-4.52
2024-10-30T09:00:00+01:00,-4.53
2024-10-30T12:00:00+01:00,-4.52
2024-10-30T15:00:00+01:00,-4.52
2024-10-30T18:00:00+01:00,-4.53
2024-10-30T21:00:00+01:00,-4.53
2024-10-31T02:01:00+01:00,-4.53
2024-10-31T03:00:00+01:00,-4.52
2024-10-31T06:00:00+01:00,-4.53
2024-10-31T09:00:00+01:00,-4.52
2024-10-31T12:00:00+01:00,-4.52
2024-10-31T15:00:00+01:00,-4.51
2024-10-31T18:00:00+01:00,-4.51
2024-10-31T21:00:00+01:00,-4.52
2024-11-01T02:01:00+01:00,-4.51
2024-11-01T03:00:00+01:00,-4.51
2024-11-01T06:00:00+01:00,-4.51
2024-11-01T09:00:00+01:00,-4.51
2024-11-01T12:00:00+01:00,-4.51
2024-11-01T15:00:00+01:00,-4.51
2024-11-01T18:00:00+01:00,-4.52
2024-11-01T21:00:00+01:00,-4.53
2024-11-02T02:01:00+01:00,-4.53
2024-11-02T03:00:00+01:00,-4.53
2024-11-02T06:00:00+01:00,-4.54
2024-11-02T09:00:00+01:00,-4.54
2024-11-02T12:00:00+01:00,-4.54
2024-11-02T15:00:00+01:00,-4.53
2024-11-02T18:00:00+01:00,-4.54
2024-11-02T21:00:00+01:00,-4.54
2024-11-03T02:01:00+01:00,-4.54
2024-11-03T03:00:00+01:00,-4.54
2024-11-03T06:00:00+01:00,-4.55
2024-11-03T09:00:00+01:00,-4.55
2024-11-03T12:00:00+01:00,-4.55
2024-11-03T15:00:00+01:00,-4.54
2024-11-03T18:00:00+01:00,-4.54
2024-11-03T21:00:00+01:00,-4.53
2024-11-04T02:01:00+01:00,-4.53
2024-11-04T03:00:00+01:00,-4.53
2024-11-04T06:00:00+01:00,-4.53
2024-11-04T09:00:00+01:00,-4.53
2024-11-04T12:00:00+01:00,-4.51
2024-11-04T15:00:00+01:00,-4.51
2024-11-04T18:00:00+01:00,-4.51
2024-11-04T21:00:00+01:00,-4.51
2024-11-05T02:01:00+01:00,-4.51
2024-11-05T03:00:00+01:00,-4.51
2024-11-05T06:00:00+01:00,-4.52
2024-11-05T09:00:00+01:00,-4.52
2024-11-05T12:00:00+01:00,-4.52
2024-11-05T15:00:00+01:00,-4.52
2024-11-05T18:00:00+01:00,-4.52
2024-11-05T21:00:00+01:00,-4.52
2024-11-06T02:01:00+01:00,-4.53
2024-11-06T03:00:00+01:00,-4.53
2024-11-06T06:00:00+01:00,-4.54
2024-11-06T09:00:00+01:00,-4.54
2024-11-06T12:00:00+01:00,-4.54
2024-11-06T15:00:00+01:00,-4.53
2024-11-06T18:00:00+01:00,-4.54
2024-11-06T21:00:00+01:00,-4.54
2024-11-07T02:01:00+01:00,-4.54
2024-11-07T03:00:00+01:00,-4.54
2024-11-07T06:00:00+01:00,-4.54
2024-11-07T09:00:00+01:00,-4.53
2024-11-07T12:00:00+01:00,-4.52
2024-11-07T15:00:00+01:00,-4.53
2024-11-07T18:00:00+01:00,-4.54
2024-11-07T21:00:00+01:00,-4.55
2024-11-08T02:01:00+01:00,-4.56
2024-11-08T03:00:00+01:00,-4.56
2024-11-08T06:00:00+01:00,-4.56
2024-11-08T09:00:00+01:00,-4.57
2024-11-08T12:00:00+01:00,-4.57
2024-11-08T15:00:00+01:00,-4.56
2024-11-08T18:00:00+01:00,-4.57
2024-11-08T21:00:00+01:00,-4.57
2024-11-09T02:01:00+01:00,-4.57
2024-11-09T03:00:00+01:00,-4.57
2024-11-09T06:00:00+01:00,-4.57
2024-11-09T09:00:00+01:00,-4.57
2024-11-09T12:00:00+01:00,-4.57
2024-11-09T15:00:00+01:00,-4.57
2024-11-09T18:00:00+01:00,-4.55
2024-11-09T21:00:00+01:00,-4.55
2024-11-10T02:01:00+01:00,-4.54
2024-11-10T03:00:00+01:00,-4.53
2024-11-10T06:00:00+01:00,-4.54
2024-11-10T09:00:00+01:00,-4.54
2024-11-10T12:00:00+01:00,-4.53
2024-11-10T15:00:00+01:00,-4.53
2024-11-10T18:00:00+01:00,-4.53
2024-11-10T21:00:00+01:00,-4.53
2024-11-11T02:01:00+01:00,-4.53
2024-11-11T03:00:00+01:00,-4.52
2024-11-11T06:00:00+01:00,-4.53
2024-11-11T09:00:00+01:00,-4.53
2024-11-11T12:00:00+01:00,-4.52
2024-11-11T15:00:00+01:00,-4.52
2024-11-11T18:00:00+01:00,-4.52
2024-11-11T21:00:00+01:00,-4.52
2024-11-12T02:01:00+01:00,-4.52
2024-11-12T03:00:00+01:00,-4.53
2024-11-12T06:00:00+01:00,-4.53
2024-11-12T09:00:00+01:00,-4.53
2024-11-12T12:00:00+01:00,-4.52
2024-11-12T15:00:00+01:00,-4.51
2024-11-12T18:00:00+01:00,-4.52
2024-11-12T21:00:00+01:00,-4.54
2024-11-13T02:01:00+01:00,-4.55
2024-11-13T03:00:00+01:00,-4.56
2024-11-13T06:00:00+01:00,-4.57
2024-11-13T09:00:00+01:00,-4.56
2024-11-13T12:00:00+01:00,-4.57
2024-11-13T15:00:00+01:00,-4.58
2024-11-13T18:00:00+01:00,-4.58
2024-11-13T21:00:00+01:00,-4.59
2024-11-14T02:01:00+01:00,-4.59
2024-11-14T03:00:00+01:00,-4.6
2024-11-14T06:00:00+01:00,-4.61
2024-11-14T09:00:00+01:00,-4.61
2024-11-14T12:00:00+01:00,-4.62
2024-11-14T15:00:00+01:00,-4.62
2024-11-14T18:00:00+01:00,-4.63
2024-11-14T21:00:00+01:00,-4.64
2024-11-15T02:01:00+01:00,-4.64
2024-11-15T03:00:00+01:00,-4.64
2024-11-15T06:00:00+01:00,-4.64
2024-11-15T09:00:00+01:00,-4.64
2024-11-15T12:00:00+01:00,-4.64
2024-11-15T15:00:00+01:00,-4.64
2024-11-15T18:00:00+01:00,-4.64
2024-11-15T21:00:00+01:00,-4.64
2024-11-16T02:01:00+01:00,-4.64
2024-11-16T03:00:00+01:00,-4.63
2024-11-16T06:00:00+01:00,-4.64
2024-11-16T09:00:00+01:00,-4.64
2024-11-16T12:00:00+01:00,-4.63
2024-11-16T15:00:00+01:00,-4.63
2024-11-16T18:00:00+01:00,-4.63
2024-11-16T21:00:00+01:00,-4.62
2024-11-17T02:01:00+01:00,-4.63
2024-11-17T03:00:00+01:00,-4.62
2024-11-17T06:00:00+01:00,-4.62
2024-11-17T09:00:00+01:00,-4.63
2024-11-17T12:00:00+01:00,-4.63
2024-11-17T15:00:00+01:00,-4.63
2024-11-17T18:00:00+01:00,-4.63
2024-11-17T21:00:00+01:00,-4.63
2024-11-18T02:01:00+01:00,-4.63
2024-11-18T03:00:00+01:00,-4.63
2024-11-18T06:00:00+01:00,-4.63
2024-11-18T09:00:00+01:00,-4.64
2024-11-18T12:00:00+01:00,-4.64
2024-11-18T15:00:00+01:00,-4.63
2024-11-18T18:00:00+01:00,-4.62
2024-11-18T21:00:00+01:00,-4.62
2024-11-19T02:01:00+01:00,-4.61
2024-11-19T03:00:00+01:00,-4.58
2024-11-19T06:00:00+01:00,-4.58
2024-11-19T09:00:00+01:00,-4.58
2024-11-19T12:00:00+01:00,-4.58
2024-11-19T15:00:00+01:00,-4.56
2024-11-19T18:00:00+01:00,-4.61
2024-11-19T21:00:00+01:00,-4.63
2024-11-20T02:01:00+01:00,-4.63
2024-11-20T03:00:00+01:00,-4.64
2024-11-20T06:00:00+01:00,-4.64
2024-11-20T09:00:00+01:00,-4.63
2024-11-20T12:00:00+01:00,-4.62
2024-11-20T15:00:00+01:00,-4.62
2024-11-20T18:00:00+01:00,-4.64
2024-11-20T21:00:00+01:00,-4.67
2024-11-21T02:01:00+01:00,-4.67
2024-11-21T03:00:00+01:00,-4.69
2024-11-21T06:00:00+01:00,-4.67
2024-11-21T09:00:00+01:00,-4.65
2024-11-21T12:00:00+01:00,-4.64
2024-11-21T15:00:00+01:00,-4.63
2024-11-21T18:00:00+01:00,-4.65
2024-11-21T21:00:00+01:00,-4.66
2024-11-22T02:01:00+01:00,-4.66
2024-11-22T03:00:00+01:00,-4.66
2024-11-22T06:00:00+01:00,-4.68
2024-11-22T09:00:00+01:00,-4.67
2024-11-22T12:00:00+01:00,-4.65
2024-11-22T15:00:00+01:00,-4.68
2024-11-22T18:00:00+01:00,-4.68
2024-11-22T21:00:00+01:00,-4.68
2024-11-23T02:01:00+01:00,-4.68
2024-11-23T03:00:00+01:00,-4.69
2024-11-23T06:00:00+01:00,-4.7
2024-11-23T09:00:00+01:00,-4.7
2024-11-23T12:00:00+01:00,-4.69
2024-11-23T15:00:00+01:00,-4.66
2024-11-23T18:00:00+01:00,-4.64
2024-11-23T21:00:00+01:00,-4.63
2024-11-24T02:01:00+01:00,-4.62
2024-11-24T03:00:00+01:00,-4.62
2024-11-24T06:00:00+01:00,-4.61
2024-11-24T09:00:00+01:00,-4.61
2024-11-24T12:00:00+01:00,-4.6
2024-11-24T15:00:00+01:00,-4.6
2024-11-24T18:00:00+01:00,-4.6
2024-11-24T21:00:00+01:00,-4.59
2024-11-25T02:01:00+01:00,-4.59
2024-11-25T03:00:00+01:00,-4.58
2024-11-25T06:00:00+01:00,-4.59
2024-11-25T09:00:00+01:00,-4.59
2024-11-25T12:00:00+01:00,-4.6
2024-11-25T15:00:00+01:00,-4.61
2024-11-25T18:00:00+01:00,-4.62
2024-11-25T21:00:00+01:00,-4.63
2024-11-26T02:01:00+01:00,-4.63
2024-11-26T03:00:00+01:00,-4.63
2024-11-26T06:00:00+01:00,-4.64
2024-11-26T09:00:00+01:00,-4.64
2024-11-26T12:00:00+01:00,-4.63
2024-11-26T15:00:00+01:00,-4.64
2024-11-26T18:00:00+01:00,-4.64
2024-11-26T21:00:00+01:00,-4.65
2024-11-27T02:01:00+01:00,-4.65
2024-11-27T03:00:00+01:00,-4.65
2024-11-27T06:00:00+01:00,-4.65
2024-11-27T09:00:00+01:00,-4.61
2024-11-27T12:00:00+01:00,-4.6
2024-11-27T15:00:00+01:00,-4.58
2024-11-27T18:00:00+01:00,-4.61
2024-11-27T21:00:00+01:00,-4.63
2024-11-28T02:01:00+01:00,-4.64
2024-11-28T03:00:00+01:00,-4.64
2024-11-28T06:00:00+01:00,-4.65
2024-11-28T09:00:00+01:00,-4.66
2024-11-28T12:00:00+01:00,-4.66
2024-11-28T15:00:00+01:00,-4.66
2024-11-28T18:00:00+01:00,-4.66
2024-11-28T21:00:00+01:00,-4.67
2024-11-29T02:01:00+01:00,-4.67
2024-11-29T03:00:00+01:00,-4.67
2024-11-29T06:00:00+01:00,-4.68
2024-11-29T09:00:00+01:00,-4.7
2024-11-29T12:00:00+01:00,-4.69
2024-11-29T15:00:00+01:00,-4.68
2024-11-29T18:00:00+01:00,-4.67
2024-11-29T21:00:00+01:00,-4.68
2024-11-30T02:01:00+01:00,-4.68
2024-11-30T03:00:00+01:00,-4.68
2024-11-30T06:00:00+01:00,-4.7
2024-11-30T09:00:00+01:00,-4.72
2024-11-30T12:00:00+01:00,-4.71
2024-11-30T15:00:00+01:00,-4.7
2024-11-30T18:00:00+01:00,-4.68
2024-11-30T21:00:00+01:00,-4.67
2024-12-01T02:01:00+01:00,-4.66
2024-12-01T03:00:00+01:00,-4.65
2024-12-01T06:00:00+01:00,-4.64
2024-12-01T09:00:00+01:00,-4.63
2024-12-01T12:00:00+01:00,-4.63
2024-12-01T15:00:00+01:00,-4.63
2024-12-01T18:00:00+01:00,-4.62
2024-12-01T21:00:00+01:00,-4.62
2024-12-02T02:01:00+01:00,-4.61
2024-12-02T03:00:00+01:00,-4.6
2024-12-02T06:00:00+01:00,-4.6
2024-12-02T09:00:00+01:00,-4.59
2024-12-02T12:00:00+01:00,-4.57
2024-12-02T15:00:00+01:00,-4.58
2024-12-02T18:00:00+01:00,-4.59
2024-12-02T21:00:00+01:00,-4.6
2024-12-03T02:01:00+01:00,-4.6
2024-12-03T03:00:00+01:00,-4.61
2024-12-03T06:00:00+01:00,-4.62
2024-12-03T09:00:00+01:00,-4.62
2024-12-03T12:00:00+01:00,-4.61
2024-12-03T15:00:00+01:00,-4.62
2024-12-03T18:00:00+01:00,-4.63
2024-12-03T21:00:00+01:00,-4.63
2024-12-04T02:01:00+01:00,-4.65
2024-12-04T03:00:00+01:00,-4.66
2024-12-04T06:00:00+01:00,-4.67
2024-12-04T09:00:00+01:00,-4.66
2024-12-04T12:00:00+01:00,-4.66
2024-12-04T15:00:00+01:00,-4.65
2024-12-04T18:00:00+01:00,-4.63
2024-12-04T21:00:00+01:00,-4.62
2024-12-05T02:01:00+01:00,-4.61
2024-12-05T03:00:00+01:00,-4.59
2024-12-05T06:00:00+01:00,-4.57
2024-12-05T09:00:00+01:00,-4.55
2024-12-05T12:00:00+01:00,-4.53
2024-12-05T15:00:00+01:00,-4.52
2024-12-05T18:00:00+01:00,-4.5
2024-12-05T21:00:00+01:00,-4.47
2024-12-06T02:01:00+01:00,-4.48
2024-12-06T03:00:00+01:00,-4.48
2024-12-06T06:00:00+01:00,-4.49
2024-12-06T09:00:00+01:00,-4.5
2024-12-06T12:00:00+01:00,-4.51
2024-12-06T15:00:00+01:00,-4.51
2024-12-06T18:00:00+01:00,-4.51
2024-12-06T21:00:00+01:00,-4.49
2024-12-07T02:01:00+01:00,-4.47
2024-12-07T03:00:00+01:00,-4.44
2024-12-07T06:00:00+01:00,-4.43
2024-12-07T09:00:00+01:00,-4.42
2024-12-07T12:00:00+01:00,-4.41
2024-12-07T15:00:00+01:00,-4.41
2024-12-07T18:00:00+01:00,-4.41
2024-12-07T21:00:00+01:00,-4.42
2024-12-08T02:01:00+01:00,-4.44
2024-12-08T03:00:00+01:00,-4.45
2024-12-08T06:00:00+01:00,-4.46
2024-12-08T09:00:00+01:00,-4.47
2024-12-08T12:00:00+01:00,-4.48
2024-12-08T15:00:00+01:00,-4.49
2024-12-08T18:00:00+01:00,-4.5
2024-12-08T21:00:00+01:00,-4.5
2024-12-09T02:01:00+01:00,-4.5
2024-12-09T03:00:00+01:00,-4.5
2024-12-09T06:00:00+01:00,-4.5
2024-12-09T09:00:00+01:00,-4.5
2024-12-09T12:00:00+01:00,-4.49
2024-12-09T15:00:00+01:00,-4.49
2024-12-09T18:00:00+01:00,-4.49
2024-12-09T21:00:00+01:00,-4.5
2024-12-10T02:01:00+01:00,-4.5
2024-12-10T03:00:00+01:00,-4.5
2024-12-10T06:00:00+01:00,-4.52
2024-12-10T09:00:00+01:00,-4.52
2024-12-10T12:00:00+01:00,-4.51
2024-12-10T15:00:00+01:00,-4.51
2024-12-10T18:00:00+01:00,-4.51
2024-12-10T21:00:00+01:00,-4.52
2024-12-11T02:01:00+01:00,-4.53
2024-12-11T03:00:00+01:00,-4.53
2024-12-11T06:00:00+01:00,-4.54
2024-12-11T09:00:00+01:00,-4.54
2024-12-11T12:00:00+01:00,-4.54
2024-12-11T15:00:00+01:00,-4.55
2024-12-11T18:00:00+01:00,-4.55
2024-12-11T21:00:00+01:00,-4.55
2024-12-12T02:01:00+01:00,-4.55
2024-12-12T03:00:00+01:00,-4.57
2024-12-12T06:00:00+01:00,-4.58
2024-12-12T09:00:00+01:00,-4.59
2024-12-12T12:00:00+01:00,-4.57
2024-12-12T15:00:00+01:00,-4.55
2024-12-12T18:00:00+01:00,-4.55
2024-12-12T21:00:00+01:00,-4.56
2024-12-13T02:01:00+01:00,-4.56
2024-12-13T03:00:00+01:00,-4.55
2024-12-13T06:00:00+01:00,-4.55
2024-12-13T09:00:00+01:00,-4.54
2024-12-13T12:00:00+01:00,-4.55
2024-12-13T15:00:00+01:00,-4.57
2024-12-13T18:00:00+01:00,-4.59
2024-12-13T21:00:00+01:00,-4.59
2024-12-14T02:01:00+01:00,-4.59
2024-12-14T03:00:00+01:00,-4.59
2024-12-14T06:00:00+01:00,-4.58
2024-12-14T09:00:00+01:00,-4.58
2024-12-14T12:00:00+01:00,-4.55
2024-12-14T15:00:00+01:00,-4.54
2024-12-14T18:00:00+01:00,-4.53
2024-12-14T21:00:00+01:00,-4.51
2024-12-15T02:01:00+01:00,-4.51
2024-12-15T03:00:00+01:00,-4.51
2024-12-15T06:00:00+01:00,-4.51
2024-12-15T09:00:00+01:00,-4.51
2024-12-15T12:00:00+01:00,-4.5
2024-12-15T15:00:00+01:00,-4.49
2024-12-15T18:00:00+01:00,-4.5
2024-12-15T21:00:00+01:00,-4.5
2024-12-16T02:01:00+01:00,-4.5
2024-12-16T03:00:00+01:00,-4.5
2024-12-16T06:00:00+01:00,-4.5
2024-12-16T09:00:00+01:00,-4.49
2024-12-16T12:00:00+01:00,-4.49
2024-12-16T15:00:00+01:00,-4.49
2024-12-16T18:00:00+01:00,-4.49
2024-12-16T21:00:00+01:00,-4.49
2024-12-17T02:01:00+01:00,-4.5
2024-12-17T03:00:00+01:00,-4.5
2024-12-17T06:00:00+01:00,-4.49
2024-12-17T09:00:00+01:00,-4.49
2024-12-17T12:00:00+01:00,-4.49
2024-12-17T15:00:00+01:00,-4.48
2024-12-17T18:00:00+01:00,-4.48
2024-12-17T21:00:00+01:00,-4.47
2024-12-18T02:01:00+01:00,-4.47
2024-12-18T03:00:00+01:00,-4.46
2024-12-18T06:00:00+01:00,-4.45
2024-12-18T09:00:00+01:00,-4.44
2024-12-18T12:00:00+01:00,-4.45
2024-12-18T15:00:00+01:00,-4.45
2024-12-18T18:00:00+01:00,-4.45
2024-12-18T21:00:00+01:00,-4.43
2024-12-19T02:01:00+01:00,-4.41
2024-12-19T03:00:00+01:00,-4.4
2024-12-19T06:00:00+01:00,-4.39
2024-12-19T09:00:00+01:00,-4.41
2024-12-19T12:00:00+01:00,-4.43
2024-12-19T15:00:00+01:00,-4.44
2024-12-19T18:00:00+01:00,-4.46
2024-12-19T21:00:00+01:00,-4.46
2024-12-20T02:01:00+01:00,-4.48
2024-12-20T03:00:00+01:00,-4.49
2024-12-20T06:00:00+01:00,-4.48
2024-12-20T09:00:00+01:00,-4.49
2024-12-20T12:00:00+01:00,-4.49
2024-12-20T15:00:00+01:00,-4.48
2024-12-20T18:00:00+01:00,-4.47
2024-12-20T21:00:00+01:00,-4.47
2024-12-21T02:01:00+01:00,-4.46
2024-12-21T03:00:00+01:00,-4.46
2024-12-21T06:00:00+01:00,-4.46
2024-12-21T09:00:00+01:00,-4.46
2024-12-21T12:00:00+01:00,-4.44
2024-12-21T15:00:00+01:00,-4.42
2024-12-21T18:00:00+01:00,-4.42
2024-12-21T21:00:00+01:00,-4.42
2024-12-22T02:01:00+01:00,-4.41
2024-12-22T03:00:00+01:00,-4.41
2024-12-22T06:00:00+01:00,-4.4
2024-12-22T09:00:00+01:00,-4.41
2024-12-22T12:00:00+01:00,-4.41
2024-12-22T15:00:00+01:00,-4.43
2024-12-22T18:00:00+01:00,-4.44
2024-12-22T21:00:00+01:00,-4.44
2024-12-23T02:01:00+01:00,-4.45
2024-12-23T03:00:00+01:00,-4.47
2024-12-23T06:00:00+01:00,-4.47
2024-12-23T09:00:00+01:00,-4.47
2024-12-23T12:00:00+01:00,-4.46
2024-12-23T15:00:00+01:00,-4.46
2024-12-23T18:00:00+01:00,-4.47
2024-12-23T21:00:00+01:00,-4.47
2024-12-24T02:01:00+01:00,-4.48
2024-12-24T03:00:00+01:00,-4.49
2024-12-24T06:00:00+01:00,-4.49
2024-12-24T09:00:00+01:00,-4.5
2024-12-24T12:00:00+01:00,-4.49
2024-12-24T15:00:00+01:00,-4.5
2024-12-24T18:00:00+01:00,-4.5
2024-12-24T21:00:00+01:00,-4.49
2024-12-25T02:01:00+01:00,-4.49
2024-12-25T03:00:00+01:00,-4.49
2024-12-25T06:00:00+01:00,-4.49
2024-12-25T09:00:00+01:00,-4.5
2024-12-25T12:00:00+01:00,-4.49
2024-12-25T15:00:00+01:00,-4.49
2024-12-25T18:00:00+01:00,-4.49
2024-12-25T21:00:00+01:00,-4.49
2024-12-26T02:01:00+01:00,-4.49
2024-12-26T03:00:00+01:00,-4.49
2024-12-26T06:00:00+01:00,-4.49
2024-12-26T09:00:00+01:00,-4.49
2024-12-26T12:00:00+01:00,-4.48
2024-12-26T15:00:00+01:00,-4.49
2024-12-26T18:00:00+01:00,-4.48
2024-12-26T21:00:00+01:00,-4.48
2024-12-27T02:01:00+01:00,-4.48
2024-12-27T03:00:00+01:00,-4.49
2024-12-27T06:00:00+01:00,-4.51
2024-12-27T09:00:00+01:00,-4.53
2024-12-27T12:00:00+01:00,-4.54
2024-12-27T15:00:00+01:00,-4.56
2024-12-27T18:00:00+01:00,-4.57
2024-12-27T21:00:00+01:00,-4.58
2024-12-28T02:01:00+01:00,-4.59
2024-12-28T03:00:00+01:00,-4.6
2024-12-28T06:00:00+01:00,-4.6
2024-12-28T09:00:00+01:00,-4.6
2024-12-28T12:00:00+01:00,-4.59
2024-12-28T15:00:00+01:00,-4.59
2024-12-28T18:00:00+01:00,-4.59
2024-12-28T21:00:00+01:00,-4.59
2024-12-29T02:01:00+01:00,-4.58
2024-12-29T03:00:00+01:00,-4.57
2024-12-29T06:00:00+01:00,-4.56
2024-12-29T09:00:00+01:00,-4.54
2024-12-29T12:00:00+01:00,-4.53
2024-12-29T15:00:00+01:00,-4.53
2024-12-29T18:00:00+01:00,-4.52
2024-12-29T21:00:00+01:00,-4.51
2024-12-30T02:01:00+01:00,-4.49
2024-12-30T03:00:00+01:00,-4.48
2024-12-30T06:00:00+01:00,-4.48
2024-12-30T09:00:00+01:00,-4.47
2024-12-30T12:00:00+01:00,-4.47
2024-12-30T15:00:00+01:00,-4.47
2024-12-30T18:00:00+01:00,-4.46
2024-12-30T21:00:00+01:00,-4.47
2024-12-31T02:01:00+01:00,-4.47
2024-12-31T03:00:00+01:00,-4.46
2024-12-31T06:00:00+01:00,-4.46
2024-12-31T09:00:00+01:00,-4.47
2024-12-31T12:00:00+01:00,-4.47
2024-12-31T15:00:00+01:00,-4.46
2024-12-31T18:00:00+01:00,-4.46
2024-12-31T21:00:00+01:00,-4.46
2025-01-01T02:01:00+01:00,-4.45
2025-01-01T03:00:00+01:00,-4.44
2025-01-01T06:00:00+01:00,-4.43
2025-01-01T09:00:00+01:00,-4.43
2025-01-01T12:00:00+01:00,-4.41
2025-01-01T15:00:00+01:00,-4.41
2025-01-01T18:00:00+01:00,-4.41
2025-01-01T21:00:00+01:00,-4.41
2025-01-02T02:01:00+01:00,-4.43
2025-01-02T03:00:00+01:00,-4.44
2025-01-02T06:00:00+01:00,-4.45
2025-01-02T09:00:00+01:00,-4.46
2025-01-02T12:00:00+01:00,-4.46
2025-01-02T15:00:00+01:00,-4.46
2025-01-02T18:00:00+01:00,-4.46
2025-01-02T21:00:00+01:00,-4.47
2025-01-03T02:01:00+01:00,-4.47
2025-01-03T03:00:00+01:00,-4.48
2025-01-03T06:00:00+01:00,-4.47
2025-01-03T09:00:00+01:00,-4.47
2025-01-03T12:00:00+01:00,-4.46
2025-01-03T15:00:00+01:00,-4.47
2025-01-03T18:00:00+01:00,-4.48
2025-01-03T21:00:00+01:00,-4.49
2025-01-04T02:01:00+01:00,-4.49
2025-01-04T03:00:00+01:00,-4.49
2025-01-04T06:00:00+01:00,-4.5
2025-01-04T09:00:00+01:00,-4.49
2025-01-04T12:00:00+01:00,-4.49
2025-01-04T15:00:00+01:00,-4.48
2025-01-04T18:00:00+01:00,-4.46
2025-01-04T21:00:00+01:00,-4.46
2025-01-05T02:01:00+01:00,-4.45
2025-01-05T03:00:00+01:00,-4.46
2025-01-05T06:00:00+01:00,-4.45
2025-01-05T09:00:00+01:00,-4.45
2025-01-05T12:00:00+01:00,-4.44
2025-01-05T15:00:00+01:00,-4.43
2025-01-05T18:00:00+01:00,-4.4
2025-01-05T21:00:00+01:00,-4.37
2025-01-06T02:01:00+01:00,-4.35
2025-01-06T03:00:00+01:00,-4.34
2025-01-06T06:00:00+01:00,-4.33
2025-01-06T09:00:00+01:00,-4.32
2025-01-06T12:00:00+01:00,-4.3
2025-01-06T15:00:00+01:00,-4.34
2025-01-06T18:00:00+01:00,-4.36
2025-01-06T21:00:00+01:00,-4.37
2025-01-07T02:01:00+01:00,-4.37
2025-01-07T03:00:00+01:00,-4.37
2025-01-07T06:00:00+01:00,-4.38
2025-01-07T09:00:00+01:00,-4.39
2025-01-07T12:00:00+01:00,-4.4
2025-01-07T15:00:00+01:00,-4.39
2025-01-07T18:00:00+01:00,-4.4
2025-01-07T21:00:00+01:00,-4.41
2025-01-08T02:01:00+01:00,-4.41
2025-01-08T03:00:00+01:00,-4.42
2025-01-08T06:00:00+01:00,-4.42
2025-01-08T09:00:00+01:00,-4.43
2025-01-08T12:00:00+01:00,-4.43
2025-01-08T15:00:00+01:00,-4.42
2025-01-08T18:00:00+01:00,-4.42
2025-01-08T21:00:00+01:00,-4.43
2025-01-09T02:01:00+01:00,-4.44
2025-01-09T03:00:00+01:00,-4.43
2025-01-09T06:00:00+01:00,-4.46
2025-01-09T09:00:00+01:00,-4.48
2025-01-09T12:00:00+01:00,-4.48
2025-01-09T15:00:00+01:00,-4.48
2025-01-09T18:00:00+01:00,-4.47
2025-01-09T21:00:00+01:00,-4.48
2025-01-10T02:01:00+01:00,-4.48
2025-01-10T03:00:00+01:00,-4.47
2025-01-10T06:00:00+01:00,-4.47
2025-01-10T09:00:00+01:00,-4.48
2025-01-10T12:00:00+01:00,-4.47
2025-01-10T15:00:00+01:00,-4.48
2025-01-10T18:00:00+01:00,-4.48
2025-01-10T21:00:00+01:00,-4.5
2025-01-11T02:01:00+01:00,-4.52
2025-01-11T03:00:00+01:00,-4.54
2025-01-11T06:00:00+01:00,-4.55
2025-01-11T09:00:00+01:00,-4.57
2025-01-11T12:00:00+01:00,-4.57
2025-01-11T15:00:00+01:00,-4.55
2025-01-11T18:00:00+01:00,-4.53
2025-01-11T21:00:00+01:00,-4.53
2025-01-12T02:01:00+01:00,-4.54
2025-01-12T03:00:00+01:00,-4.55
2025-01-12T06:00:00+01:00,-4.55
2025-01-12T09:00:00+01:00,-4.56
2025-01-12T12:00:00+01:00,-4.56
2025-01-12T15:00:00+01:00,-4.55
2025-01-12T18:00:00+01:00,-4.54
2025-01-12T21:00:00+01:00,-4.54
2025-01-13T02:01:00+01:00,-4.52
2025-01-13T03:00:00+01:00,-4.54
2025-01-13T06:00:00+01:00,-4.56
2025-01-13T09:00:00+01:00,-4.58
2025-01-13T12:00:00+01:00,-4.59
2025-01-13T15:00:00+01:00,-4.56
2025-01-13T18:00:00+01:00,-4.54
2025-01-13T21:00:00+01:00,-4.56
2025-01-14T02:01:00+01:00,-4.57
2025-01-14T03:00:00+01:00,-4.58
2025-01-14T06:00:00+01:00,-4.58
2025-01-14T09:00:00+01:00,-4.59
2025-01-14T12:00:00+01:00,-4.56
2025-01-14T15:00:00+01:00,-4.54
2025-01-14T18:00:00+01:00,-4.53
2025-01-14T21:00:00+01:00,-4.51
2025-01-15T02:01:00+01:00,-4.5
2025-01-15T03:00:00+01:00,-4.48
2025-01-15T06:00:00+01:00,-4.48
2025-01-15T09:00:00+01:00,-4.48
2025-01-15T12:00:00+01:00,-4.48
2025-01-15T15:00:00+01:00,-4.48
2025-01-15T18:00:00+01:00,-4.48
2025-01-15T21:00:00+01:00,-4.47
2025-01-16T02:01:00+01:00,-4.46
2025-01-16T03:00:00+01:00,-4.46
2025-01-16T06:00:00+01:00,-4.47
2025-01-16T09:00:00+01:00,-4.47
2025-01-16T12:00:00+01:00,-4.46
2025-01-16T15:00:00+01:00,-4.47
2025-01-16T18:00:00+01:00,-4.51
2025-01-16T21:00:00+01:00,-4.54
2025-01-17T02:01:00+01:00,-4.56
2025-01-17T03:00:00+01:00,-4.57
2025-01-17T06:00:00+01:00,-4.58
2025-01-17T09:00:00+01:00,-4.6
2025-01-17T12:00:00+01:00,-4.6
2025-01-17T15:00:00+01:00,-4.6
2025-01-17T18:00:00+01:00,-4.62
2025-01-17T21:00:00+01:00,-4.62
2025-01-18T02:01:00+01:00,-4.63
2025-01-18T03:00:00+01:00,-4.63
2025-01-18T06:00:00+01:00,-4.64
2025-01-18T09:00:00+01:00,-4.64
2025-01-18T12:00:00+01:00,-4.63
2025-01-18T15:00:00+01:00,-4.63
2025-01-18T18:00:00+01:00,-4.63
2025-01-18T21:00:00+01:00,-4.64
2025-01-19T02:01:00+01:00,-4.63
2025-01-19T03:00:00+01:00,-4.63
2025-01-19T06:00:00+01:00,-4.62
2025-01-19T09:00:00+01:00,-4.63
2025-01-19T12:00:00+01:00,-4.62
2025-01-19T15:00:00+01:00,-4.62
2025-01-19T18:00:00+01:00,-4.63
2025-01-19T21:00:00+01:00,-4.64
2025-01-20T02:01:00+01:00,-4.64
2025-01-20T03:00:00+01:00,-4.63
2025-01-20T06:00:00+01:00,-4.63
2025-01-20T09:00:00+01:00,-4.63
2025-01-20T12:00:00+01:00,-4.62
2025-01-20T15:00:00+01:00,-4.61
2025-01-20T18:00:00+01:00,-4.61
2025-01-20T21:00:00+01:00,-4.61
2025-01-21T02:01:00+01:00,-4.61
2025-01-21T03:00:00+01:00,-4.61
2025-01-21T06:00:00+01:00,-4.61
2025-01-21T09:00:00+01:00,-4.61
2025-01-21T12:00:00+01:00,-4.6
2025-01-21T15:00:00+01:00,-4.6
2025-01-21T18:00:00+01:00,-4.59
2025-01-21T21:00:00+01:00,-4.59
2025-01-22T02:01:00+01:00,-4.59
2025-01-22T03:00:00+01:00,-4.59
2025-01-22T06:00:00+01:00,-4.59
2025-01-22T09:00:00+01:00,-4.59
2025-01-22T12:00:00+01:00,-4.57
2025-01-22T15:00:00+01:00,-4.56
2025-01-22T18:00:00+01:00,-4.54
2025-01-22T21:00:00+01:00,-4.53
2025-01-23T02:01:00+01:00,-4.51
2025-01-23T03:00:00+01:00,-4.5
2025-01-23T06:00:00+01:00,-4.51
2025-01-23T09:00:00+01:00,-4.5
2025-01-23T12:00:00+01:00,-4.5
2025-01-23T15:00:00+01:00,-4.47
2025-01-23T18:00:00+01:00,-4.45
2025-01-23T21:00:00+01:00,-4.44
2025-01-24T02:01:00+01:00,-4.45
2025-01-24T03:00:00+01:00,-4.43
2025-01-24T06:00:00+01:00,-4.41
2025-01-24T09:00:00+01:00,-4.42
2025-01-24T12:00:00+01:00,-4.41
2025-01-24T15:00:00+01:00,-4.41
2025-01-24T18:00:00+01:00,-4.41
2025-01-24T21:00:00+01:00,-4.41
2025-01-25T02:01:00+01:00,-4.4
2025-01-25T03:00:00+01:00,-4.4
2025-01-25T06:00:00+01:00,-4.4
2025-01-25T09:00:00+01:00,-4.41
2025-01-25T12:00:00+01:00,-4.43
2025-01-25T15:00:00+01:00,-4.44
2025-01-25T18:00:00+01:00,-4.43
2025-01-25T21:00:00+01:00,-4.44
2025-01-26T02:01:00+01:00,-4.47
2025-01-26T03:00:00+01:00,-4.49
2025-01-26T06:00:00+01:00,-4.49
2025-01-26T09:00:00+01:00,-4.5
2025-01-26T12:00:00+01:00,-4.48
2025-01-26T15:00:00+01:00,-4.46
2025-01-26T18:00:00+01:00,-4.43
2025-01-26T21:00:00+01:00,-4.44
2025-01-27T02:01:00+01:00,-4.44
2025-01-27T03:00:00+01:00,-4.38
2025-01-27T06:00:00+01:00,-4.39
2025-01-27T09:00:00+01:00,-4.38
2025-01-27T12:00:00+01:00,-4.38
2025-01-27T15:00:00+01:00,-4.37
2025-01-27T18:00:00+01:00,-4.38
2025-01-27T21:00:00+01:00,-4.37
2025-01-28T02:01:00+01:00,-4.37
2025-01-28T03:00:00+01:00,-4.36
2025-01-28T06:00:00+01:00,-4.37
2025-01-28T09:00:00+01:00,-4.37
2025-01-28T12:00:00+01:00,-4.36
2025-01-28T15:00:00+01:00,-4.37
2025-01-28T18:00:00+01:00,-4.37
2025-01-28T21:00:00+01:00,-4.36
2025-01-29T02:01:00+01:00,-4.37
2025-01-29T03:00:00+01:00,-4.37
2025-01-29T06:00:00+01:00,-4.39
2025-01-29T09:00:00+01:00,-4.41
2025-01-29T12:00:00+01:00,-4.42
2025-01-29T15:00:00+01:00,-4.42
2025-01-29T18:00:00+01:00,-4.42
2025-01-29T21:00:00+01:00,-4.42
2025-01-30T02:01:00+01:00,-4.44
2025-01-30T03:00:00+01:00,-4.44
2025-01-30T06:00:00+01:00,-4.46
2025-01-30T09:00:00+01:00,-4.48
2025-01-30T12:00:00+01:00,-4.49
2025-01-30T15:00:00+01:00,-4.49
2025-01-30T18:00:00+01:00,-4.49
2025-01-30T21:00:00+01:00,-4.5
2025-01-31T02:01:00+01:00,-4.51
2025-01-31T03:00:00+01:00,-4.52
2025-01-31T06:00:00+01:00,-4.53
2025-01-31T09:00:00+01:00,-4.56
2025-01-31T12:00:00+01:00,-4.57
2025-01-31T15:00:00+01:00,-4.56
2025-01-31T18:00:00+01:00,-4.54
2025-01-31T21:00:00+01:00,-4.55
2025-02-01T02:01:00+01:00,-4.57
2025-02-01T03:00:00+01:00,-4.58
2025-02-01T06:00:00+01:00,-4.61
2025-02-01T09:00:00+01:00,-4.62
2025-02-01T12:00:00+01:00,-4.63
2025-02-01T15:00:00+01:00,-4.58
2025-02-01T18:00:00+01:00,-4.54
2025-02-01T21:00:00+01:00,-4.54
2025-02-02T02:01:00+01:00,-4.56
2025-02-02T03:00:00+01:00,-4.58
2025-02-02T06:00:00+01:00,-4.59
2025-02-02T09:00:00+01:00,-4.6
2025-02-02T12:00:00+01:00,-4.61
2025-02-02T15:00:00+01:00,-4.61
2025-02-02T18:00:00+01:00,-4.59
2025-02-02T21:00:00+01:00,-4.59
2025-02-03T02:01:00+01:00,-4.6
2025-02-03T03:00:00+01:00,-4.61
2025-02-03T06:00:00+01:00,-4.62
2025-02-03T09:00:00+01:00,-4.63
2025-02-03T12:00:00+01:00,-4.64
2025-02-03T15:00:00+01:00,-4.61
2025-02-03T18:00:00+01:00,-4.56
2025-02-03T21:00:00+01:00,-4.55
2025-02-04T02:01:00+01:00,-4.57
2025-02-04T03:00:00+01:00,-4.58
2025-02-04T06:00:00+01:00,-4.6
2025-02-04T09:00:00+01:00,-4.61
2025-02-04T12:00:00+01:00,-4.6
2025-02-04T15:00:00+01:00,-4.6
2025-02-04T18:00:00+01:00,-4.57
2025-02-04T21:00:00+01:00,-4.57
2025-02-05T02:01:00+01:00,-4.59
2025-02-05T03:00:00+01:00,-4.6
2025-02-05T06:00:00+01:00,-4.6
2025-02-05T09:00:00+01:00,-4.6
2025-02-05T12:00:00+01:00,-4.61
2025-02-05T15:00:00+01:00,-4.6
2025-02-05T18:00:00+01:00,-4.58
2025-02-05T21:00:00+01:00,-4.57
2025-02-06T02:01:00+01:00,-4.59
2025-02-06T03:00:00+01:00,-4.61
2025-02-06T06:00:00+01:00,-4.62
2025-02-06T09:00:00+01:00,-4.63
2025-02-06T12:00:00+01:00,-4.62
2025-02-06T15:00:00+01:00,-4.6
2025-02-06T18:00:00+01:00,-4.57
2025-02-06T21:00:00+01:00,-4.57
2025-02-07T02:01:00+01:00,-4.58
2025-02-07T03:00:00+01:00,-4.59
2025-02-07T06:00:00+01:00,-4.58
2025-02-07T09:00:00+01:00,-4.59
2025-02-07T12:00:00+01:00,-4.59
2025-02-07T15:00:00+01:00,-4.57
2025-02-07T18:00:00+01:00,-4.57
2025-02-07T21:00:00+01:00,-4.57
2025-02-08T02:01:00+01:00,-4.57
2025-02-08T03:00:00+01:00,-4.57
2025-02-08T06:00:00+01:00,-4.58
2025-02-08T09:00:00+01:00,-4.58
2025-02-08T12:00:00+01:00,-4.58
2025-02-08T15:00:00+01:00,-4.57
2025-02-08T18:00:00+01:00,-4.54
2025-02-08T21:00:00+01:00,-4.53
2025-02-09T02:01:00+01:00,-4.53
2025-02-09T03:00:00+01:00,-4.54
2025-02-09T06:00:00+01:00,-4.56
2025-02-09T09:00:00+01:00,-4.57
2025-02-09T12:00:00+01:00,-4.57
2025-02-09T15:00:00+01:00,-4.57
2025-02-09T18:00:00+01:00,-4.57
2025-02-09T21:00:00+01:00,-4.57
2025-02-10T02:01:00+01:00,-4.57
2025-02-10T03:00:00+01:00,-4.57
2025-02-10T06:00:00+01:00,-4.58
2025-02-10T09:00:00+01:00,-4.59
2025-02-10T12:00:00+01:00,-4.59
2025-02-10T15:00:00+01:00,-4.59
2025-02-10T18:00:00+01:00,-4.59
2025-02-10T21:00:00+01:00,-4.59
2025-02-11T02:01:00+01:00,-4.59
2025-02-11T03:00:00+01:00,-4.59
2025-02-11T06:00:00+01:00,-4.59
2025-02-11T09:00:00+01:00,-4.6
2025-02-11T12:00:00+01:00,-4.59
2025-02-11T15:00:00+01:00,-4.59
2025-02-11T18:00:00+01:00,-4.6
2025-02-11T21:00:00+01:00,-4.59
2025-02-12T02:01:00+01:00,-4.59
2025-02-12T03:00:00+01:00,-4.58
2025-02-12T06:00:00+01:00,-4.57
2025-02-12T09:00:00+01:00,-4.58
2025-02-12T12:00:00+01:00,-4.57
2025-02-12T15:00:00+01:00,-4.57
2025-02-12T18:00:00+01:00,-4.57
2025-02-12T21:00:00+01:00,-4.57
2025-02-13T02:01:00+01:00,-4.58
2025-02-13T03:00:00+01:00,-4.58
2025-02-13T06:00:00+01:00,-4.59
2025-02-13T09:00:00+01:00,-4.61
2025-02-13T12:00:00+01:00,-4.61
2025-02-13T15:00:00+01:00,-4.61
2025-02-13T18:00:00+01:00,-4.61
2025-02-13T21:00:00+01:00,-4.61
2025-02-14T02:01:00+01:00,-4.62
2025-02-14T03:00:00+01:00,-4.62
2025-02-14T06:00:00+01:00,-4.63
2025-02-14T09:00:00+01:00,-4.64
2025-02-14T12:00:00+01:00,-4.65
2025-02-14T15:00:00+01:00,-4.64
2025-02-14T18:00:00+01:00,-4.63
2025-02-14T21:00:00+01:00,-4.63
2025-02-15T02:01:00+01:00,-4.62
2025-02-15T03:00:00+01:00,-4.62
2025-02-15T06:00:00+01:00,-4.62
2025-02-15T09:00:00+01:00,-4.63
2025-02-15T12:00:00+01:00,-4.62
2025-02-15T15:00:00+01:00,-4.61
2025-02-15T18:00:00+01:00,-4.6
2025-02-15T21:00:00+01:00,-4.6
2025-02-16T02:01:00+01:00,-4.61
2025-02-16T03:00:00+01:00,-4.61
2025-02-16T06:00:00+01:00,-4.62
2025-02-16T09:00:00+01:00,-4.63
2025-02-16T12:00:00+01:00,-4.63
2025-02-16T15:00:00+01:00,-4.63
2025-02-16T18:00:00+01:00,-4.62
2025-02-16T21:00:00+01:00,-4.61
2025-02-17T02:01:00+01:00,-4.62
2025-02-17T03:00:00+01:00,-4.62
2025-02-17T06:00:00+01:00,-4.63
2025-02-17T09:00:00+01:00,-4.64
2025-02-17T12:00:00+01:00,-4.65
2025-02-17T15:00:00+01:00,-4.64
2025-02-17T18:00:00+01:00,-4.65
2025-02-17T21:00:00+01:00,-4.64
2025-02-18T02:01:00+01:00,-4.65
2025-02-18T03:00:00+01:00,-4.65
2025-02-18T06:00:00+01:00,-4.67
2025-02-18T09:00:00+01:00,-4.68
2025-02-18T12:00:00+01:00,-4.68
2025-02-18T15:00:00+01:00,-4.66
2025-02-18T18:00:00+01:00,-4.66
2025-02-18T21:00:00+01:00,-4.65
2025-02-19T02:01:00+01:00,-4.66
2025-02-19T03:00:00+01:00,-4.67
2025-02-19T06:00:00+01:00,-4.66
2025-02-19T09:00:00+01:00,-4.67
2025-02-19T12:00:00+01:00,-4.66
2025-02-19T15:00:00+01:00,-4.65
2025-02-19T18:00:00+01:00,-4.63
2025-02-19T21:00:00+01:00,-4.6
2025-02-20T02:01:00+01:00,-4.61
2025-02-20T03:00:00+01:00,-4.62
2025-02-20T06:00:00+01:00,-4.62
2025-02-20T09:00:00+01:00,-4.62
2025-02-20T12:00:00+01:00,-4.6
2025-02-20T15:00:00+01:00,-4.56
2025-02-20T18:00:00+01:00,-4.53
2025-02-20T21:00:00+01:00,-4.53
2025-02-21T02:01:00+01:00,-4.52
2025-02-21T03:00:00+01:00,-4.51
2025-02-21T06:00:00+01:00,-4.5
2025-02-21T09:00:00+01:00,-4.49
2025-02-21T12:00:00+01:00,-4.49
2025-02-21T15:00:00+01:00,-4.47
2025-02-21T18:00:00+01:00,-4.47
2025-02-21T21:00:00+01:00,-4.47
2025-02-22T02:01:00+01:00,-4.47
2025-02-22T03:00:00+01:00,-4.47
2025-02-22T06:00:00+01:00,-4.47
2025-02-22T09:00:00+01:00,-4.47
2025-02-22T12:00:00+01:00,-4.48
2025-02-22T15:00:00+01:00,-4.48
2025-02-22T18:00:00+01:00,-4.5
2025-02-22T21:00:00+01:00,-4.51
2025-02-23T02:01:00+01:00,-4.51
2025-02-23T03:00:00+01:00,-4.51
2025-02-23T06:00:00+01:00,-4.52
2025-02-23T09:00:00+01:00,-4.52
2025-02-23T12:00:00+01:00,-4.51
2025-02-23T15:00:00+01:00,-4.51
2025-02-23T18:00:00+01:00,-4.51
2025-02-23T21:00:00+01:00,-4.5
2025-02-24T02:01:00+01:00,-4.5
2025-02-24T03:00:00+01:00,-4.49
2025-02-24T06:00:00+01:00,-4.48
2025-02-24T09:00:00+01:00,-4.48
2025-02-24T12:00:00+01:00,-4.48
2025-02-24T15:00:00+01:00,-4.48
2025-02-24T18:00:00+01:00,-4.48
2025-02-24T21:00:00+01:00,-4.48
2025-02-25T02:01:00+01:00,-4.48
2025-02-25T03:00:00+01:00,-4.48
2025-02-25T06:00:00+01:00,-4.47
2025-02-25T09:00:00+01:00,-4.48
2025-02-25T12:00:00+01:00,-4.48
2025-02-25T15:00:00+01:00,-4.48
2025-02-25T18:00:00+01:00,-4.49
2025-02-25T21:00:00+01:00,-4.49
2025-02-26T02:01:00+01:00,-4.49
2025-02-26T03:00:00+01:00,-4.51
2025-02-26T06:00:00+01:00,-4.53
2025-02-26T09:00:00+01:00,-4.54
2025-02-26T12:00:00+01:00,-4.54
2025-02-26T15:00:00+01:00,-4.52
2025-02-26T18:00:00+01:00,-4.5
2025-02-26T21:00:00+01:00,-4.49
2025-02-27T02:01:00+01:00,-4.49
2025-02-27T03:00:00+01:00,-4.5
2025-02-27T06:00:00+01:00,-4.52
2025-02-27T09:00:00+01:00,-4.53
2025-02-27T12:00:00+01:00,-4.53
2025-02-27T15:00:00+01:00,-4.53
2025-02-27T18:00:00+01:00,-4.54
2025-02-27T21:00:00+01:00,-4.55
2025-02-28T02:01:00+01:00,-4.56
2025-02-28T03:00:00+01:00,-4.57
2025-02-28T06:00:00+01:00,-4.57
2025-02-28T09:00:00+01:00,-4.59
2025-02-28T12:00:00+01:00,-4.59
2025-02-28T15:00:00+01:00,-4.59
2025-02-28T18:00:00+01:00,-4.59
2025-02-28T21:00:00+01:00,-4.59
2025-03-01T02:01:00+01:00,-4.61
2025-03-01T03:00:00+01:00,-4.63
2025-03-01T06:00:00+01:00,-4.65
2025-03-01T09:00:00+01:00,-4.67
2025-03-01T12:00:00+01:00,-4.66
2025-03-01T15:00:00+01:00,-4.64
2025-03-01T18:00:00+01:00,-4.62
2025-03-01T21:00:00+01:00,-4.61
2025-03-02T02:01:00+01:00,-4.63
2025-03-02T03:00:00+01:00,-4.66
2025-03-02T06:00:00+01:00,-4.69
2025-03-02T09:00:00+01:00,-4.71
2025-03-02T12:00:00+01:00,-4.7
2025-03-02T15:00:00+01:00,-4.66
2025-03-02T18:00:00+01:00,-4.62
2025-03-02T21:00:00+01:00,-4.61
2025-03-03T02:01:00+01:00,-4.63
2025-03-03T03:00:00+01:00,-4.66
2025-03-03T06:00:00+01:00,-4.69
2025-03-03T09:00:00+01:00,-4.71
2025-03-03T12:00:00+01:00,-4.7
2025-03-03T15:00:00+01:00,-4.66
2025-03-03T18:00:00+01:00,-4.62
2025-03-03T21:00:00+01:00,-4.61
2025-03-04T02:01:00+01:00,-4.63
2025-03-04T03:00:00+01:00,-4.66
2025-03-04T06:00:00+01:00,-4.69
2025-03-04T09:00:00+01:00,-4.7
2025-03-04T12:00:00+01:00,-4.69
2025-03-04T15:00:00+01:00,-4.63
2025-03-04T18:00:00+01:00,-4.6
2025-03-04T21:00:00+01:00,-4.59
2025-03-05T02:01:00+01:00,-4.58
2025-03-05T03:00:00+01:00,-4.6
2025-03-05T06:00:00+01:00,-4.6
2025-03-05T09:00:00+01:00,-4.6
2025-03-05T12:00:00+01:00,-4.59
2025-03-05T15:00:00+01:00,-4.57
2025-03-05T18:00:00+01:00,-4.55
2025-03-05T21:00:00+01:00,-4.55
2025-03-06T02:01:00+01:00,-4.54
2025-03-06T03:00:00+01:00,-4.54
2025-03-06T06:00:00+01:00,-4.54
2025-03-06T09:00:00+01:00,-4.55
2025-03-06T12:00:00+01:00,-4.54
2025-03-06T15:00:00+01:00,-4.53
2025-03-06T18:00:00+01:00,-4.52
2025-03-06T21:00:00+01:00,-4.51
2025-03-07T02:01:00+01:00,-4.51
2025-03-07T03:00:00+01:00,-4.51
2025-03-07T06:00:00+01:00,-4.52
2025-03-07T09:00:00+01:00,-4.52
2025-03-07T12:00:00+01:00,-4.51
2025-03-07T15:00:00+01:00,-4.51
2025-03-07T18:00:00+01:00,-4.5
2025-03-07T21:00:00+01:00,-4.51
2025-03-08T02:01:00+01:00,-4.51
2025-03-08T03:00:00+01:00,-4.51
2025-03-08T06:00:00+01:00,-4.51
2025-03-08T09:00:00+01:00,-4.52
2025-03-08T12:00:00+01:00,-4.51
2025-03-08T15:00:00+01:00,-4.49
2025-03-08T18:00:00+01:00,-4.48
2025-03-08T21:00:00+01:00,-4.48
2025-03-09T02:01:00+01:00,-4.49
2025-03-09T03:00:00+01:00,-4.49
2025-03-09T06:00:00+01:00,-4.5
2025-03-09T09:00:00+01:00,-4.5
2025-03-09T12:00:00+01:00,-4.49
2025-03-09T15:00:00+01:00,-4.49
2025-03-09T18:00:00+01:00,-4.48
2025-03-09T21:00:00+01:00,-4.48
2025-03-10T02:01:00+01:00,-4.48
2025-03-10T03:00:00+01:00,-4.48
2025-03-10T06:00:00+01:00,-4.5
2025-03-10T09:00:00+01:00,-4.5
2025-03-10T12:00:00+01:00,-4.5
2025-03-10T15:00:00+01:00,-4.5
2025-03-10T18:00:00+01:00,-4.51
2025-03-10T21:00:00+01:00,-4.5
2025-03-11T02:01:00+01:00,-4.51
2025-03-11T03:00:00+01:00,-4.51
2025-03-11T06:00:00+01:00,-4.52
2025-03-11T09:00:00+01:00,-4.53
2025-03-11T12:00:00+01:00,-4.53
2025-03-11T15:00:00+01:00,-4.53
2025-03-11T18:00:00+01:00,-4.53
2025-03-11T21:00:00+01:00,-4.54
2025-03-12T02:01:00+01:00,-4.56
2025-03-12T03:00:00+01:00,-4.57
2025-03-12T06:00:00+01:00,-4.59
2025-03-12T09:00:00+01:00,-4.59
2025-03-12T12:00:00+01:00,-4.58
2025-03-12T15:00:00+01:00,-4.56
2025-03-12T18:00:00+01:00,-4.55
2025-03-12T21:00:00+01:00,-4.54
2025-03-13T02:01:00+01:00,-4.56
2025-03-13T03:00:00+01:00,-4.57
2025-03-13T06:00:00+01:00,-4.58
2025-03-13T09:00:00+01:00,-4.59
2025-03-13T12:00:00+01:00,-4.59
2025-03-13T15:00:00+01:00,-4.57
2025-03-13T18:00:00+01:00,-4.57
2025-03-13T21:00:00+01:00,-4.57
2025-03-14T02:01:00+01:00,-4.6
2025-03-14T03:00:00+01:00,-4.61
2025-03-14T06:00:00+01:00,-4.64
2025-03-14T09:00:00+01:00,-4.65
2025-03-14T12:00:00+01:00,-4.64
2025-03-14T15:00:00+01:00,-4.62
2025-03-14T18:00:00+01:00,-4.61
2025-03-14T21:00:00+01:00,-4.62
2025-03-15T02:01:00+01:00,-4.64
2025-03-15T03:00:00+01:00,-4.65
2025-03-15T06:00:00+01:00,-4.67
2025-03-15T09:00:00+01:00,-4.67
2025-03-15T12:00:00+01:00,-4.67
2025-03-15T15:00:00+01:00,-4.65
2025-03-15T18:00:00+01:00,-4.63
2025-03-15T21:00:00+01:00,-4.63
2025-03-16T02:01:00+01:00,-4.65
2025-03-16T03:00:00+01:00,-4.66
2025-03-16T06:00:00+01:00,-4.67
2025-03-16T09:00:00+01:00,-4.68
2025-03-16T12:00:00+01:00,-4.67
2025-03-16T15:00:00+01:00,-4.64
2025-03-16T18:00:00+01:00,-4.62
2025-03-16T21:00:00+01:00,-4.62
2025-03-17T02:01:00+01:00,-4.62
2025-03-17T03:00:00+01:00,-4.61
2025-03-17T06:00:00+01:00,-4.63
2025-03-17T09:00:00+01:00,-4.64
2025-03-17T12:00:00+01:00,-4.64
2025-03-17T15:00:00+01:00,-4.62
2025-03-17T18:00:00+01:00,-4.61
2025-03-17T21:00:00+01:00,-4.61
2025-03-18T02:01:00+01:00,-4.6
2025-03-18T03:00:00+01:00,-4.63
2025-03-18T06:00:00+01:00,-4.66
2025-03-18T09:00:00+01:00,-4.68
2025-03-18T12:00:00+01:00,-4.67
2025-03-18T15:00:00+01:00,-4.63
2025-03-18T18:00:00+01:00,-4.62
2025-03-18T21:00:00+01:00,-4.6
2025-03-19T02:01:00+01:00,-4.59
2025-03-19T03:00:00+01:00,-4.6
2025-03-19T06:00:00+01:00,-4.63
2025-03-19T09:00:00+01:00,-4.66
2025-03-19T12:00:00+01:00,-4.64
2025-03-19T15:00:00+01:00,-4.62
2025-03-19T18:00:00+01:00,-4.6
2025-03-19T21:00:00+01:00,-4.59
2025-03-20T02:01:00+01:00,-4.58
2025-03-20T03:00:00+01:00,-4.58
2025-03-20T06:00:00+01:00,-4.58
2025-03-20T09:00:00+01:00,-4.58
2025-03-20T12:00:00+01:00,-4.57
2025-03-20T15:00:00+01:00,-4.57
2025-03-20T18:00:00+01:00,-4.56
2025-03-20T21:00:00+01:00,-4.56
2025-03-21T02:01:00+01:00,-4.56
2025-03-21T03:00:00+01:00,-4.55
2025-03-21T06:00:00+01:00,-4.55
2025-03-21T09:00:00+01:00,-4.55
2025-03-21T12:00:00+01:00,-4.54
2025-03-21T15:00:00+01:00,-4.52
2025-03-21T18:00:00+01:00,-4.5
2025-03-21T21:00:00+01:00,-4.49
2025-03-22T02:01:00+01:00,-4.5
2025-03-22T03:00:00+01:00,-4.51
2025-03-22T06:00:00+01:00,-4.51
2025-03-22T09:00:00+01:00,-4.52
2025-03-22T12:00:00+01:00,-4.52
2025-03-22T15:00:00+01:00,-4.51
2025-03-22T18:00:00+01:00,-4.5
2025-03-22T21:00:00+01:00,-4.5
2025-03-23T02:01:00+01:00,-4.51
2025-03-23T03:00:00+01:00,-4.51
2025-03-23T06:00:00+01:00,-4.52
2025-03-23T09:00:00+01:00,-4.53
2025-03-23T12:00:00+01:00,-4.53
2025-03-23T15:00:00+01:00,-4.54
2025-03-23T18:00:00+01:00,-4.54
2025-03-23T21:00:00+01:00,-4.54
2025-03-24T02:01:00+01:00,-4.54
2025-03-24T03:00:00+01:00,-4.55
2025-03-24T06:00:00+01:00,-4.55
2025-03-24T09:00:00+01:00,-4.56
2025-03-24T12:00:00+01:00,-4.56
2025-03-24T15:00:00+01:00,-4.57
2025-03-24T18:00:00+01:00,-4.57
2025-03-24T21:00:00+01:00,-4.59
2025-03-25T02:01:00+01:00,-4.59
2025-03-25T03:00:00+01:00,-4.61
2025-03-25T06:00:00+01:00,-4.61
2025-03-25T09:00:00+01:00,-4.62
2025-03-25T12:00:00+01:00,-4.61
2025-03-25T15:00:00+01:00,-4.59
2025-03-25T18:00:00+01:00,-4.6
2025-03-25T21:00:00+01:00,-4.6
2025-03-26T02:01:00+01:00,-4.6
2025-03-26T03:00:00+01:00,-4.61
2025-03-26T06:00:00+01:00,-4.63
2025-03-26T09:00:00+01:00,-4.64
2025-03-26T12:00:00+01:00,-4.63
2025-03-26T15:00:00+01:00,-4.62
2025-03-26T18:00:00+01:00,-4.61
2025-03-26T21:00:00+01:00,-4.61
2025-03-27T02:01:00+01:00,-4.61
2025-03-27T03:00:00+01:00,-4.63
2025-03-27T06:00:00+01:00,-4.64
2025-03-27T09:00:00+01:00,-4.66
2025-03-27T12:00:00+01:00,-4.63
2025-03-27T15:00:00+01:00,-4.61
2025-03-27T18:00:00+01:00,-4.6
2025-03-27T21:00:00+01:00,-4.59
2025-03-28T02:01:00+01:00,-4.58
2025-03-28T03:00:00+01:00,-4.57
2025-03-28T06:00:00+01:00,-4.57
2025-03-28T09:00:00+01:00,-4.58
2025-03-28T12:00:00+01:00,-4.58
2025-03-28T15:00:00+01:00,-4.56
2025-03-28T18:00:00+01:00,-4.57
2025-03-28T21:00:00+01:00,-4.57
2025-03-29T02:01:00+01:00,-4.57
2025-03-29T03:00:00+01:00,-4.58
2025-03-29T06:00:00+01:00,-4.61
2025-03-29T09:00:00+01:00,-4.62
2025-03-29T12:00:00+01:00,-4.61
2025-03-29T15:00:00+01:00,-4.59
2025-03-29T18:00:00+01:00,-4.58
2025-03-29T21:00:00+01:00,-4.57
2025-03-30T01:01:00+01:00,-4.56
2025-03-30T03:00:00+02:00,-4.54
2025-03-30T06:00:00+02:00,-4.55
2025-03-30T09:00:00+02:00,-4.55
2025-03-30T12:00:00+02:00,-4.55
2025-03-30T15:00:00+02:00,-4.56
2025-03-30T18:00:00+02:00,-4.57
2025-03-30T21:00:00+02:00,-4.57
2025-03-31T02:01:00+02:00,-4.57
2025-03-31T03:00:00+02:00,-4.58
2025-03-31T06:00:00+02:00,-4.61
2025-03-31T09:00:00+02:00,-4.62
2025-03-31T12:00:00+02:00,-4.61
2025-03-31T15:00:00+02:00,-4.6
2025-03-31T18:00:00+02:00,-4.6
2025-03-31T21:00:00+02:00,-4.59
2025-04-01T02:01:00+02:00,-4.59
2025-04-01T03:00:00+02:00,-4.59
2025-04-01T06:00:00+02:00,-4.6
2025-04-01T09:00:00+02:00,-4.61
2025-04-01T12:00:00+02:00,-4.6
2025-04-01T15:00:00+02:00,-4.59
2025-04-01T18:00:00+02:00,-4.59
2025-04-01T21:00:00+02:00,-4.59
2025-04-02T02:01:00+02:00,-4.59
2025-04-02T03:00:00+02:00,-4.59
2025-04-02T06:00:00+02:00,-4.59
2025-04-02T09:00:00+02:00,-4.59
2025-04-02T12:00:00+02:00,-4.58
2025-04-02T15:00:00+02:00,-4.57
2025-04-02T18:00:00+02:00,-4.56
2025-04-02T21:00:00+02:00,-4.56
2025-04-03T02:01:00+02:00,-4.57
2025-04-03T03:00:00+02:00,-4.57
2025-04-03T06:00:00+02:00,-4.58
2025-04-03T09:00:00+02:00,-4.58
2025-04-03T12:00:00+02:00,-4.58
2025-04-03T15:00:00+02:00,-4.56
2025-04-03T18:00:00+02:00,-4.54
2025-04-03T21:00:00+02:00,-4.53
2025-04-04T02:01:00+02:00,-4.54
2025-04-04T03:00:00+02:00,-4.55
2025-04-04T06:00:00+02:00,-4.56
2025-04-04T09:00:00+02:00,-4.56
2025-04-04T12:00:00+02:00,-4.56
2025-04-04T15:00:00+02:00,-4.53
2025-04-04T18:00:00+02:00,-4.52
2025-04-04T21:00:00+02:00,-4.52
2025-04-05T02:01:00+02:00,-4.54
2025-04-05T03:00:00+02:00,-4.55
2025-04-05T06:00:00+02:00,-4.56
2025-04-05T09:00:00+02:00,-4.57
2025-04-05T12:00:00+02:00,-4.57
2025-04-05T15:00:00+02:00,-4.57
2025-04-05T18:00:00+02:00,-4.58
2025-04-05T21:00:00+02:00,-4.59
2025-04-06T02:01:00+02:00,-4.59
2025-04-06T03:00:00+02:00,-4.59
2025-04-06T06:00:00+02:00,-4.6
2025-04-06T09:00:00+02:00,-4.61
2025-04-06T12:00:00+02:00,-4.61
2025-04-06T15:00:00+02:00,-4.6
2025-04-06T18:00:00+02:00,-4.6
2025-04-06T21:00:00+02:00,-4.6
2025-04-07T02:01:00+02:00,-4.6
2025-04-07T03:00:00+02:00,-4.6
2025-04-07T06:00:00+02:00,-4.63
2025-04-07T09:00:00+02:00,-4.65
2025-04-07T12:00:00+02:00,-4.63
2025-04-07T15:00:00+02:00,-4.62
2025-04-07T18:00:00+02:00,-4.62
2025-04-07T21:00:00+02:00,-4.61
2025-04-08T02:01:00+02:00,-4.61
2025-04-08T03:00:00+02:00,-4.61
2025-04-08T06:00:00+02:00,-4.62
2025-04-08T09:00:00+02:00,-4.64
2025-04-08T12:00:00+02:00,-4.62
2025-04-08T15:00:00+02:00,-4.62
2025-04-08T18:00:00+02:00,-4.62
2025-04-08T21:00:00+02:00,-4.61
2025-04-09T02:01:00+02:00,-4.62
2025-04-09T03:00:00+02:00,-4.64
2025-04-09T06:00:00+02:00,-4.67
2025-04-09T09:00:00+02:00,-4.68
2025-04-09T12:00:00+02:00,-4.66
2025-04-09T15:00:00+02:00,-4.64
2025-04-09T18:00:00+02:00,-4.64
2025-04-09T21:00:00+02:00,-4.63
2025-04-10T02:01:00+02:00,-4.63
2025-04-10T03:00:00+02:00,-4.63
2025-04-10T06:00:00+02:00,-4.63
2025-04-10T09:00:00+02:00,-4.63
2025-04-10T12:00:00+02:00,-4.62
2025-04-10T15:00:00+02:00,-4.61
2025-04-10T18:00:00+02:00,-4.62
2025-04-10T21:00:00+02:00,-4.61
2025-04-11T02:01:00+02:00,-4.61
2025-04-11T03:00:00+02:00,-4.63
2025-04-11T06:00:00+02:00,-4.65
2025-04-11T09:00:00+02:00,-4.64
2025-04-11T12:00:00+02:00,-4.62
2025-04-11T15:00:00+02:00,-4.61
2025-04-11T18:00:00+02:00,-4.6
2025-04-11T21:00:00+02:00,-4.59
2025-04-12T02:01:00+02:00,-4.59
2025-04-12T03:00:00+02:00,-4.59
2025-04-12T06:00:00+02:00,-4.58
2025-04-12T09:00:00+02:00,-4.58
2025-04-12T12:00:00+02:00,-4.56
2025-04-12T15:00:00+02:00,-4.52
2025-04-12T18:00:00+02:00,-4.5
2025-04-12T21:00:00+02:00,-4.48
2025-04-13T02:01:00+02:00,-4.49
2025-04-13T03:00:00+02:00,-4.49
2025-04-13T06:00:00+02:00,-4.51
2025-04-13T09:00:00+02:00,-4.53
2025-04-13T12:00:00+02:00,-4.54
2025-04-13T15:00:00+02:00,-4.54
2025-04-13T18:00:00+02:00,-4.54
2025-04-13T21:00:00+02:00,-4.55
2025-04-14T02:01:00+02:00,-4.55
2025-04-14T03:00:00+02:00,-4.55
2025-04-14T06:00:00+02:00,-4.56
2025-04-14T09:00:00+02:00,-4.56
2025-04-14T12:00:00+02:00,-4.56
2025-04-14T15:00:00+02:00,-4.55
2025-04-14T18:00:00+02:00,-4.54
2025-04-14T21:00:00+02:00,-4.54
2025-04-15T02:01:00+02:00,-4.53
2025-04-15T03:00:00+02:00,-4.53
2025-04-15T06:00:00+02:00,-4.53
2025-04-15T09:00:00+02:00,-4.53
2025-04-15T12:00:00+02:00,-4.52
2025-04-15T15:00:00+02:00,-4.5
2025-04-15T18:00:00+02:00,-4.51
2025-04-15T21:00:00+02:00,-4.52
2025-04-16T02:01:00+02:00,-4.54
2025-04-16T03:00:00+02:00,-4.55
2025-04-16T06:00:00+02:00,-4.56
2025-04-16T09:00:00+02:00,-4.57
2025-04-16T12:00:00+02:00,-4.57
2025-04-16T15:00:00+02:00,-4.58
2025-04-16T18:00:00+02:00,-4.58
2025-04-16T21:00:00+02:00,-4.58
2025-04-17T02:01:00+02:00,-4.58
2025-04-17T03:00:00+02:00,-4.57
2025-04-17T06:00:00+02:00,-4.57
2025-04-17T09:00:00+02:00,-4.58
2025-04-17T12:00:00+02:00,-4.58
2025-04-17T15:00:00+02:00,-4.58
2025-04-17T18:00:00+02:00,-4.58
2025-04-17T21:00:00+02:00,-4.58
2025-04-18T02:01:00+02:00,-4.58
2025-04-18T03:00:00+02:00,-4.58
2025-04-18T06:00:00+02:00,-4.58
2025-04-18T09:00:00+02:00,-4.58
2025-04-18T12:00:00+02:00,-4.57
2025-04-18T15:00:00+02:00,-4.58
2025-04-18T18:00:00+02:00,-4.58
2025-04-18T21:00:00+02:00,-4.57
2025-04-19T02:01:00+02:00,-4.57
2025-04-19T03:00:00+02:00,-4.58
2025-04-19T06:00:00+02:00,-4.58
2025-04-19T09:00:00+02:00,-4.57
2025-04-19T12:00:00+02:00,-4.58
2025-04-19T15:00:00+02:00,-4.57
2025-04-19T18:00:00+02:00,-4.57
2025-04-19T21:00:00+02:00,-4.57
2025-04-20T02:01:00+02:00,-4.57
2025-04-20T03:00:00+02:00,-4.57
2025-04-20T06:00:00+02:00,-4.59
2025-04-20T09:00:00+02:00,-4.61
2025-04-20T12:00:00+02:00,-4.59
2025-04-20T15:00:00+02:00,-4.58
2025-04-20T18:00:00+02:00,-4.58
2025-04-20T21:00:00+02:00,-4.58
2025-04-21T02:01:00+02:00,-4.57
2025-04-21T03:00:00+02:00,-4.58
2025-04-21T06:00:00+02:00,-4.58
2025-04-21T09:00:00+02:00,-4.58
2025-04-21T12:00:00+02:00,-4.58
2025-04-21T15:00:00+02:00,-4.59
2025-04-21T18:00:00+02:00,-4.59
2025-04-21T21:00:00+02:00,-4.59
2025-04-22T02:01:00+02:00,-4.59
2025-04-22T03:00:00+02:00,-4.58
2025-04-22T06:00:00+02:00,-4.59
2025-04-22T09:00:00+02:00,-4.59
2025-04-22T12:00:00+02:00,-4.59
2025-04-22T15:00:00+02:00,-4.59
2025-04-22T18:00:00+02:00,-4.59
2025-04-22T21:00:00+02:00,-4.59
2025-04-23T02:01:00+02:00,-4.58
2025-04-23T03:00:00+02:00,-4.58
2025-04-23T06:00:00+02:00,-4.58
2025-04-23T09:00:00+02:00,-4.57
2025-04-23T12:00:00+02:00,-4.57
2025-04-23T15:00:00+02:00,-4.57
2025-04-23T18:00:00+02:00,-4.57
2025-04-23T21:00:00+02:00,-4.58
2025-04-24T02:01:00+02:00,-4.58
2025-04-24T03:00:00+02:00,-4.58
2025-04-24T06:00:00+02:00,-4.58
2025-04-24T09:00:00+02:00,-4.58
2025-04-24T12:00:00+02:00,-4.58
2025-04-24T15:00:00+02:00,-4.58
2025-04-24T18:00:00+02:00,-4.59
2025-04-24T21:00:00+02:00,-4.59
2025-04-25T02:01:00+02:00,-4.58
2025-04-25T03:00:00+02:00,-4.58
2025-04-25T06:00:00+02:00,-4.59
2025-04-25T09:00:00+02:00,-4.58
2025-04-25T12:00:00+02:00,-4.58
2025-04-25T15:00:00+02:00,-4.58
2025-04-25T18:00:00+02:00,-4.58
2025-04-25T21:00:00+02:00,-4.58
2025-04-26T02:01:00+02:00,-4.58
2025-04-26T03:00:00+02:00,-4.58
2025-04-26T06:00:00+02:00,-4.58
2025-04-26T09:00:00+02:00,-4.58
2025-04-26T12:00:00+02:00,-4.58
2025-04-26T15:00:00+02:00,-4.58
2025-04-26T18:00:00+02:00,-4.57
2025-04-26T21:00:00+02:00,-4.57
2025-04-27T02:01:00+02:00,-4.57
2025-04-27T03:00:00+02:00,-4.57
2025-04-27T06:00:00+02:00,-4.58
2025-04-27T09:00:00+02:00,-4.59
2025-04-27T12:00:00+02:00,-4.59
2025-04-27T15:00:00+02:00,-4.56
2025-04-27T18:00:00+02:00,-4.55
2025-04-27T21:00:00+02:00,-4.55
2025-04-28T02:01:00+02:00,-4.57
2025-04-28T03:00:00+02:00,-4.58
2025-04-28T06:00:00+02:00,-4.59
2025-04-28T09:00:00+02:00,-4.6
2025-04-28T12:00:00+02:00,-4.59
2025-04-28T15:00:00+02:00,-4.57
2025-04-28T18:00:00+02:00,-4.56
2025-04-28T21:00:00+02:00,-4.56
2025-04-29T02:01:00+02:00,-4.58
2025-04-29T03:00:00+02:00,-4.59
2025-04-29T06:00:00+02:00,-4.61
2025-04-29T09:00:00+02:00,-4.61
2025-04-29T12:00:00+02:00,-4.6
2025-04-29T15:00:00+02:00,-4.58
2025-04-29T18:00:00+02:00,-4.56
2025-04-29T21:00:00+02:00,-4.56
2025-04-30T02:01:00+02:00,-4.57
2025-04-30T03:00:00+02:00,-4.58
2025-04-30T06:00:00+02:00,-4.59
2025-04-30T09:00:00+02:00,-4.6
2025-04-30T12:00:00+02:00,-4.59
2025-04-30T15:00:00+02:00,-4.56
2025-04-30T18:00:00+02:00,-4.54
2025-04-30T21:00:00+02:00,-4.52
2025-05-01T02:01:00+02:00,-4.54
2025-05-01T03:00:00+02:00,-4.56
2025-05-01T06:00:00+02:00,-4.58
2025-05-01T09:00:00+02:00,-4.58
2025-05-01T12:00:00+02:00,-4.56
2025-05-01T15:00:00+02:00,-4.54
2025-05-01T18:00:00+02:00,-4.52
2025-05-01T21:00:00+02:00,-4.5
2025-05-02T02:01:00+02:00,-4.51
2025-05-02T03:00:00+02:00,-4.53
2025-05-02T06:00:00+02:00,-4.55
2025-05-02T09:00:00+02:00,-4.55
2025-05-02T12:00:00+02:00,-4.54
2025-05-02T15:00:00+02:00,-4.52
2025-05-02T18:00:00+02:00,-4.51
2025-05-02T21:00:00+02:00,-4.52
2025-05-03T02:01:00+02:00,-4.55
2025-05-03T03:00:00+02:00,-4.56
2025-05-03T06:00:00+02:00,-4.57
2025-05-03T09:00:00+02:00,-4.57
2025-05-03T12:00:00+02:00,-4.57
2025-05-03T15:00:00+02:00,-4.57
2025-05-03T18:00:00+02:00,-4.57
2025-05-03T21:00:00+02:00,-4.58
2025-05-04T02:01:00+02:00,-4.58
2025-05-04T03:00:00+02:00,-4.59
2025-05-04T06:00:00+02:00,-4.59
2025-05-04T09:00:00+02:00,-4.6
2025-05-04T12:00:00+02:00,-4.6
2025-05-04T15:00:00+02:00,-4.6
2025-05-04T18:00:00+02:00,-4.61
2025-05-04T21:00:00+02:00,-4.6
2025-05-05T02:01:00+02:00,-4.6
2025-05-05T03:00:00+02:00,-4.62
2025-05-05T06:00:00+02:00,-4.63
2025-05-05T09:00:00+02:00,-4.63
2025-05-05T12:00:00+02:00,-4.62
2025-05-05T15:00:00+02:00,-4.62
2025-05-05T18:00:00+02:00,-4.62
2025-05-05T21:00:00+02:00,-4.62
2025-05-06T02:01:00+02:00,-4.61
2025-05-06T03:00:00+02:00,-4.62
2025-05-06T06:00:00+02:00,-4.62
2025-05-06T09:00:00+02:00,-4.62
2025-05-06T12:00:00+02:00,-4.61
2025-05-06T15:00:00+02:00,-4.62
2025-05-06T18:00:00+02:00,-4.62
2025-05-06T21:00:00+02:00,-4.62
2025-05-07T02:01:00+02:00,-4.62
2025-05-07T03:00:00+02:00,-4.62
2025-05-07T06:00:00+02:00,-4.61
2025-05-07T09:00:00+02:00,-4.62
2025-05-07T12:00:00+02:00,-4.61
2025-05-07T15:00:00+02:00,-4.61
2025-05-07T18:00:00+02:00,-4.61
2025-05-07T21:00:00+02:00,-4.61
2025-05-08T02:01:00+02:00,-4.61
2025-05-08T03:00:00+02:00,-4.6
2025-05-08T06:00:00+02:00,-4.61
2025-05-08T09:00:00+02:00,-4.61
2025-05-08T12:00:00+02:00,-4.61
2025-05-08T15:00:00+02:00,-4.59
2025-05-08T18:00:00+02:00,-4.58
2025-05-08T21:00:00+02:00,-4.59
2025-05-09T02:01:00+02:00,-4.6
2025-05-09T03:00:00+02:00,-4.61
2025-05-09T06:00:00+02:00,-4.62
2025-05-09T09:00:00+02:00,-4.62
2025-05-09T12:00:00+02:00,-4.62
2025-05-09T15:00:00+02:00,-4.6
2025-05-09T18:00:00+02:00,-4.6
2025-05-09T21:00:00+02:00,-4.6
2025-05-10T02:01:00+02:00,-4.63
2025-05-10T03:00:00+02:00,-4.64
2025-05-10T06:00:00+02:00,-4.65
2025-05-10T09:00:00+02:00,-4.66
2025-05-10T12:00:00+02:00,-4.65
2025-05-10T15:00:00+02:00,-4.63
2025-05-10T18:00:00+02:00,-4.62
2025-05-10T21:00:00+02:00,-4.62
2025-05-11T02:01:00+02:00,-4.63
2025-05-11T03:00:00+02:00,-4.64
2025-05-11T06:00:00+02:00,-4.66
2025-05-11T09:00:00+02:00,-4.67
2025-05-11T12:00:00+02:00,-4.65
2025-05-11T15:00:00+02:00,-4.62
2025-05-11T18:00:00+02:00,-4.61
2025-05-11T21:00:00+02:00,-4.6
2025-05-12T02:01:00+02:00,-4.61
2025-05-12T03:00:00+02:00,-4.62
2025-05-12T06:00:00+02:00,-4.65
2025-05-12T09:00:00+02:00,-4.67
2025-05-12T12:00:00+02:00,-4.65
2025-05-12T15:00:00+02:00,-4.63
2025-05-12T18:00:00+02:00,-4.62
2025-05-12T21:00:00+02:00,-4.62
2025-05-13T02:01:00+02:00,-4.63
2025-05-13T03:00:00+02:00,-4.66
2025-05-13T06:00:00+02:00,-4.69
2025-05-13T09:00:00+02:00,-4.7
2025-05-13T12:00:00+02:00,-4.69
2025-05-13T15:00:00+02:00,-4.68
2025-05-13T18:00:00+02:00,-4.67
2025-05-13T21:00:00+02:00,-4.67
2025-05-14T02:01:00+02:00,-4.68
2025-05-14T03:00:00+02:00,-4.71
2025-05-14T06:00:00+02:00,-4.72
2025-05-14T09:00:00+02:00,-4.73
2025-05-14T12:00:00+02:00,-4.72
2025-05-14T15:00:00+02:00,-4.71
2025-05-14T18:00:00+02:00,-4.71
2025-05-14T21:00:00+02:00,-4.73
2025-05-15T02:01:00+02:00,-4.73
2025-05-15T03:00:00+02:00,-4.74
2025-05-15T06:00:00+02:00,-4.75
2025-05-15T09:00:00+02:00,-4.75
2025-05-15T12:00:00+02:00,-4.76
2025-05-15T15:00:00+02:00,-4.74
2025-05-15T18:00:00+02:00,-4.74
2025-05-15T21:00:00+02:00,-4.75
2025-05-16T02:01:00+02:00,-4.76
2025-05-16T03:00:00+02:00,-4.76
2025-05-16T06:00:00+02:00,-4.76
2025-05-16T09:00:00+02:00,-4.77
2025-05-16T12:00:00+02:00,-4.76
2025-05-16T15:00:00+02:00,-4.77
2025-05-16T18:00:00+02:00,-4.76
2025-05-16T21:00:00+02:00,-4.76
2025-05-17T02:01:00+02:00,-4.76
2025-05-17T03:00:00+02:00,-4.76
2025-05-17T06:00:00+02:00,-4.76
2025-05-17T09:00:00+02:00,-4.76
2025-05-17T12:00:00+02:00,-4.76
2025-05-17T15:00:00+02:00,-4.75
2025-05-17T18:00:00+02:00,-4.74
2025-05-17T21:00:00+02:00,-4.75
2025-05-18T02:01:00+02:00,-4.75
2025-05-18T03:00:00+02:00,-4.74
2025-05-18T06:00:00+02:00,-4.75
2025-05-18T09:00:00+02:00,-4.75
2025-05-18T12:00:00+02:00,-4.75
2025-05-18T15:00:00+02:00,-4.75
2025-05-18T18:00:00+02:00,-4.74
2025-05-18T21:00:00+02:00,-4.74
2025-05-19T02:01:00+02:00,-4.75
2025-05-19T03:00:00+02:00,-4.75
2025-05-19T06:00:00+02:00,-4.76
2025-05-19T09:00:00+02:00,-4.76
2025-05-19T12:00:00+02:00,-4.74
2025-05-19T15:00:00+02:00,-4.73
2025-05-19T18:00:00+02:00,-4.71
2025-05-19T21:00:00+02:00,-4.71
2025-05-20T02:01:00+02:00,-4.72
2025-05-20T03:00:00+02:00,-4.74
2025-05-20T06:00:00+02:00,-4.75
2025-05-20T09:00:00+02:00,-4.76
2025-05-20T12:00:00+02:00,-4.74
2025-05-20T15:00:00+02:00,-4.73
2025-05-20T18:00:00+02:00,-4.73
2025-05-20T21:00:00+02:00,-4.74
2025-05-21T02:01:00+02:00,-4.75
2025-05-21T03:00:00+02:00,-4.75
2025-05-21T06:00:00+02:00,-4.76
2025-05-21T09:00:00+02:00,-4.76
2025-05-21T12:00:00+02:00,-4.76
2025-05-21T15:00:00+02:00,-4.77
2025-05-21T18:00:00+02:00,-4.77
2025-05-21T21:00:00+02:00,-4.78
2025-05-22T02:01:00+02:00,-4.77
2025-05-22T03:00:00+02:00,-4.77
2025-05-22T06:00:00+02:00,-4.78
2025-05-22T09:00:00+02:00,-4.78
2025-05-22T12:00:00+02:00,-4.78
2025-05-22T15:00:00+02:00,-4.79
2025-05-22T18:00:00+02:00,-4.78
2025-05-22T21:00:00+02:00,-4.79
2025-05-23T02:01:00+02:00,-4.78
2025-05-23T03:00:00+02:00,-4.78
2025-05-23T06:00:00+02:00,-4.78
2025-05-23T09:00:00+02:00,-4.79
2025-05-23T12:00:00+02:00,-4.79
2025-05-23T15:00:00+02:00,-4.78
2025-05-23T18:00:00+02:00,-4.78
2025-05-23T21:00:00+02:00,-4.78
2025-05-24T02:01:00+02:00,-4.77
2025-05-24T03:00:00+02:00,-4.76
2025-05-24T06:00:00+02:00,-4.76
2025-05-24T09:00:00+02:00,-4.77
2025-05-24T12:00:00+02:00,-4.76
2025-05-24T15:00:00+02:00,-4.75
2025-05-24T18:00:00+02:00,-4.75
2025-05-24T21:00:00+02:00,-4.74
2025-05-25T02:01:00+02:00,-4.74
2025-05-25T03:00:00+02:00,-4.73
2025-05-25T06:00:00+02:00,-4.73
2025-05-25T09:00:00+02:00,-4.72
2025-05-25T12:00:00+02:00,-4.73
2025-05-25T15:00:00+02:00,-4.72
2025-05-25T18:00:00+02:00,-4.72
2025-05-25T21:00:00+02:00,-4.72
2025-05-26T02:01:00+02:00,-4.72
2025-05-26T03:00:00+02:00,-4.73
2025-05-26T06:00:00+02:00,-4.74
2025-05-26T09:00:00+02:00,-4.74
2025-05-26T12:00:00+02:00,-4.74
2025-05-26T15:00:00+02:00,-4.73
2025-05-26T18:00:00+02:00,-4.71
2025-05-26T21:00:00+02:00,-4.71
2025-05-27T02:01:00+02:00,-4.71
2025-05-27T03:00:00+02:00,-4.71
2025-05-27T06:00:00+02:00,-4.72
2025-05-27T09:00:00+02:00,-4.72
2025-05-27T12:00:00+02:00,-4.72
2025-05-27T15:00:00+02:00,-4.69
2025-05-27T18:00:00+02:00,-4.67
2025-05-27T21:00:00+02:00,-4.68
2025-05-28T02:01:00+02:00,-4.68
2025-05-28T03:00:00+02:00,-4.68
2025-05-28T06:00:00+02:00,-4.68
2025-05-28T09:00:00+02:00,-4.69
2025-05-28T12:00:00+02:00,-4.7
2025-05-28T15:00:00+02:00,-4.71
2025-05-28T18:00:00+02:00,-4.71
2025-05-28T21:00:00+02:00,-4.7
2025-05-29T02:01:00+02:00,-4.71
2025-05-29T03:00:00+02:00,-4.71
2025-05-29T06:00:00+02:00,-4.71
2025-05-29T09:00:00+02:00,-4.71
2025-05-29T12:00:00+02:00,-4.71
2025-05-29T15:00:00+02:00,-4.7
2025-05-29T18:00:00+02:00,-4.68
2025-05-29T21:00:00+02:00,-4.67
2025-05-30T02:01:00+02:00,-4.67
2025-05-30T03:00:00+02:00,-4.68
2025-05-30T06:00:00+02:00,-4.69
2025-05-30T09:00:00+02:00,-4.69
2025-05-30T12:00:00+02:00,-4.68
2025-05-30T15:00:00+02:00,-4.67
2025-05-30T18:00:00+02:00,-4.66
2025-05-30T21:00:00+02:00,-4.66
2025-05-31T02:01:00+02:00,-4.67
2025-05-31T03:00:00+02:00,-4.68
2025-05-31T06:00:00+02:00,-4.69
2025-05-31T09:00:00+02:00,-4.7
2025-05-31T12:00:00+02:00,-4.67
2025-05-31T15:00:00+02:00,-4.64
2025-05-31T18:00:00+02:00,-4.62
2025-05-31T21:00:00+02:00,-4.62
2025-06-01T02:01:00+02:00,-4.62
2025-06-01T03:00:00+02:00,-4.63
2025-06-01T06:00:00+02:00,-4.65
2025-06-01T09:00:00+02:00,-4.66
2025-06-01T12:00:00+02:00,-4.66
2025-06-01T15:00:00+02:00,-4.65
2025-06-01T18:00:00+02:00,-4.65
2025-06-01T21:00:00+02:00,-4.65
2025-06-02T02:01:00+02:00,-4.66
2025-06-02T03:00:00+02:00,-4.67
2025-06-02T06:00:00+02:00,-4.68
2025-06-02T09:00:00+02:00,-4.69
2025-06-02T12:00:00+02:00,-4.69
2025-06-02T15:00:00+02:00,-4.68
2025-06-02T18:00:00+02:00,-4.68
2025-06-02T21:00:00+02:00,-4.68
2025-06-03T02:01:00+02:00,-4.68
2025-06-03T03:00:00+02:00,-4.68
2025-06-03T06:00:00+02:00,-4.69
2025-06-03T09:00:00+02:00,-4.68
2025-06-03T12:00:00+02:00,-4.66
2025-06-03T15:00:00+02:00,-4.64
2025-06-03T18:00:00+02:00,-4.63
2025-06-03T21:00:00+02:00,-4.64
2025-06-04T02:01:00+02:00,-4.65
2025-06-04T03:00:00+02:00,-4.66
2025-06-04T06:00:00+02:00,-4.67
2025-06-04T09:00:00+02:00,-4.68
2025-06-04T12:00:00+02:00,-4.68
2025-06-04T15:00:00+02:00,-4.67
2025-06-04T18:00:00+02:00,-4.67
2025-06-04T21:00:00+02:00,-4.67
2025-06-05T02:01:00+02:00,-4.68
2025-06-05T03:00:00+02:00,-4.69
2025-06-05T06:00:00+02:00,-4.69
2025-06-05T09:00:00+02:00,-4.69
2025-06-05T12:00:00+02:00,-4.69
2025-06-05T15:00:00+02:00,-4.68
2025-06-05T18:00:00+02:00,-4.67
2025-06-05T21:00:00+02:00,-4.65
2025-06-06T02:01:00+02:00,-4.66
2025-06-06T03:00:00+02:00,-4.67
2025-06-06T06:00:00+02:00,-4.68
2025-06-06T09:00:00+02:00,-4.69
2025-06-06T12:00:00+02:00,-4.68
2025-06-06T15:00:00+02:00,-4.67
2025-06-06T18:00:00+02:00,-4.67
2025-06-06T21:00:00+02:00,-4.67
2025-06-07T02:01:00+02:00,-4.68
2025-06-07T03:00:00+02:00,-4.68
2025-06-07T06:00:00+02:00,-4.69
2025-06-07T09:00:00+02:00,-4.68
2025-06-07T12:00:00+02:00,-4.69
2025-06-07T15:00:00+02:00,-4.68
2025-06-07T18:00:00+02:00,-4.68
2025-06-07T21:00:00+02:00,-4.68
2025-06-08T02:01:00+02:00,-4.65
2025-06-08T03:00:00+02:00,-4.68
2025-06-08T06:00:00+02:00,-4.69
2025-06-08T09:00:00+02:00,-4.69
2025-06-08T12:00:00+02:00,-4.7
2025-06-08T15:00:00+02:00,-4.71
2025-06-08T18:00:00+02:00,-4.71
2025-06-08T21:00:00+02:00,-4.7
2025-06-09T02:01:00+02:00,-4.7
2025-06-09T03:00:00+02:00,-4.7
2025-06-09T06:00:00+02:00,-4.7
2025-06-09T09:00:00+02:00,-4.7
2025-06-09T12:00:00+02:00,-4.7
2025-06-09T15:00:00+02:00,-4.69
2025-06-09T18:00:00+02:00,-4.67
2025-06-09T21:00:00+02:00,-4.66
2025-06-10T02:01:00+02:00,-4.66
2025-06-10T03:00:00+02:00,-4.66
2025-06-10T06:00:00+02:00,-4.67
2025-06-10T09:00:00+02:00,-4.67
2025-06-10T12:00:00+02:00,-4.67
2025-06-10T15:00:00+02:00,-4.67
2025-06-10T18:00:00+02:00,-4.68
2025-06-10T21:00:00+02:00,-4.68
2025-06-11T02:01:00+02:00,-4.7
2025-06-11T03:00:00+02:00,-4.7
2025-06-11T06:00:00+02:00,-4.71
2025-06-11T09:00:00+02:00,-4.72
2025-06-11T12:00:00+02:00,-4.72
2025-06-11T15:00:00+02:00,-4.69
2025-06-11T18:00:00+02:00,-4.66
2025-06-11T21:00:00+02:00,-4.66
2025-06-12T02:01:00+02:00,-4.65
2025-06-12T03:00:00+02:00,-4.65
2025-06-12T06:00:00+02:00,-4.66
2025-06-12T09:00:00+02:00,-4.66
2025-06-12T12:00:00+02:00,-4.64
2025-06-12T15:00:00+02:00,-4.61
2025-06-12T18:00:00+02:00,-4.6
2025-06-12T21:00:00+02:00,-4.58
2025-06-13T02:01:00+02:00,-4.58
2025-06-13T03:00:00+02:00,-4.59
2025-06-13T06:00:00+02:00,-4.6
2025-06-13T09:00:00+02:00,-4.61
2025-06-13T12:00:00+02:00,-4.6
2025-06-13T15:00:00+02:00,-4.59
2025-06-13T18:00:00+02:00,-4.58
2025-06-13T21:00:00+02:00,-4.57
2025-06-14T02:01:00+02:00,-4.57
2025-06-14T03:00:00+02:00,-4.55
2025-06-14T06:00:00+02:00,-4.58
2025-06-14T09:00:00+02:00,-4.59
2025-06-14T12:00:00+02:00,-4.59
2025-06-14T15:00:00+02:00,-4.59
2025-06-14T18:00:00+02:00,-4.59
2025-06-14T21:00:00+02:00,-4.6
2025-06-15T02:01:00+02:00,-4.6
2025-06-15T03:00:00+02:00,-4.62
2025-06-15T06:00:00+02:00,-4.63
2025-06-15T09:00:00+02:00,-4.64
2025-06-15T12:00:00+02:00,-4.64
2025-06-15T15:00:00+02:00,-4.63
2025-06-15T18:00:00+02:00,-4.64
2025-06-15T21:00:00+02:00,-4.64
2025-06-16T02:01:00+02:00,-4.65
2025-06-16T03:00:00+02:00,-4.66
2025-06-16T06:00:00+02:00,-4.67
2025-06-16T09:00:00+02:00,-4.67
2025-06-16T12:00:00+02:00,-4.66
2025-06-16T15:00:00+02:00,-4.65
2025-06-16T18:00:00+02:00,-4.65
2025-06-16T21:00:00+02:00,-4.65
2025-06-17T02:01:00+02:00,-4.66
2025-06-17T03:00:00+02:00,-4.67
2025-06-17T06:00:00+02:00,-4.68
2025-06-17T09:00:00+02:00,-4.68
2025-06-17T12:00:00+02:00,-4.65
2025-06-17T15:00:00+02:00,-4.63
2025-06-17T18:00:00+02:00,-4.62
2025-06-17T21:00:00+02:00,-4.62
2025-06-18T02:01:00+02:00,-4.63
2025-06-18T03:00:00+02:00,-4.65
2025-06-18T06:00:00+02:00,-4.66
2025-06-18T09:00:00+02:00,-4.66
2025-06-18T12:00:00+02:00,-4.65
2025-06-18T15:00:00+02:00,-4.62
2025-06-18T18:00:00+02:00,-4.61
2025-06-18T21:00:00+02:00,-4.62
2025-06-19T02:01:00+02:00,-4.64
2025-06-19T03:00:00+02:00,-4.66
2025-06-19T06:00:00+02:00,-4.68
2025-06-19T09:00:00+02:00,-4.68
2025-06-19T12:00:00+02:00,-4.67
2025-06-19T15:00:00+02:00,-4.65
2025-06-19T18:00:00+02:00,-4.63
2025-06-19T21:00:00+02:00,-4.62
2025-06-20T02:01:00+02:00,-4.63
2025-06-20T03:00:00+02:00,-4.64
2025-06-20T06:00:00+02:00,-4.66
2025-06-20T09:00:00+02:00,-4.67
2025-06-20T12:00:00+02:00,-4.65
2025-06-20T15:00:00+02:00,-4.63
2025-06-20T18:00:00+02:00,-4.6
2025-06-20T21:00:00+02:00,-4.6
2025-06-21T02:01:00+02:00,-4.59
2025-06-21T03:00:00+02:00,-4.6
2025-06-21T06:00:00+02:00,-4.62
2025-06-21T09:00:00+02:00,-4.63
2025-06-21T12:00:00+02:00,-4.61
2025-06-21T15:00:00+02:00,-4.59
2025-06-21T18:00:00+02:00,-4.57
2025-06-21T21:00:00+02:00,-4.56
2025-06-22T02:01:00+02:00,-4.56
2025-06-22T03:00:00+02:00,-4.55
2025-06-22T06:00:00+02:00,-4.55
2025-06-22T09:00:00+02:00,-4.58
2025-06-22T12:00:00+02:00,-4.56
2025-06-22T15:00:00+02:00,-4.55
2025-06-22T18:00:00+02:00,-4.55
2025-06-22T21:00:00+02:00,-4.56
2025-06-23T02:01:00+02:00,-4.56
2025-06-23T03:00:00+02:00,-4.56
2025-06-23T06:00:00+02:00,-4.57
2025-06-23T09:00:00+02:00,-4.6
2025-06-23T12:00:00+02:00,-4.61
2025-06-23T15:00:00+02:00,-4.61
2025-06-23T18:00:00+02:00,-4.61
2025-06-23T21:00:00+02:00,-4.61
2025-06-24T02:01:00+02:00,-4.61
2025-06-24T03:00:00+02:00,-4.61
2025-06-24T06:00:00+02:00,-4.63
2025-06-24T09:00:00+02:00,-4.63
2025-06-24T12:00:00+02:00,-4.62
2025-06-24T15:00:00+02:00,-4.63
2025-06-24T18:00:00+02:00,-4.61
2025-06-24T21:00:00+02:00,-4.6
2025-06-25T02:01:00+02:00,-4.6
2025-06-25T03:00:00+02:00,-4.61
2025-06-25T06:00:00+02:00,-4.62
2025-06-25T09:00:00+02:00,-4.63
2025-06-25T12:00:00+02:00,-4.62
2025-06-25T15:00:00+02:00,-4.61
2025-06-25T18:00:00+02:00,-4.6
2025-06-25T21:00:00+02:00,-4.6
2025-06-26T02:01:00+02:00,-4.59
2025-06-26T03:00:00+02:00,-4.58
2025-06-26T06:00:00+02:00,-4.6
2025-06-26T09:00:00+02:00,-4.61
2025-06-26T12:00:00+02:00,-4.61
2025-06-26T15:00:00+02:00,-4.6
2025-06-26T18:00:00+02:00,-4.6
2025-06-26T21:00:00+02:00,-4.61
2025-06-27T02:01:00+02:00,-4.6
2025-06-27T03:00:00+02:00,-4.63
2025-06-27T06:00:00+02:00,-4.64
2025-06-27T09:00:00+02:00,-4.65
2025-06-27T12:00:00+02:00,-4.65
2025-06-27T15:00:00+02:00,-4.64
2025-06-27T18:00:00+02:00,-4.62
2025-06-27T21:00:00+02:00,-4.61
2025-06-28T02:01:00+02:00,-4.61
2025-06-28T03:00:00+02:00,-4.61
2025-06-28T06:00:00+02:00,-4.62
2025-06-28T09:00:00+02:00,-4.62
2025-06-28T12:00:00+02:00,-4.62
2025-06-28T15:00:00+02:00,-4.61
2025-06-28T18:00:00+02:00,-4.6
2025-06-28T21:00:00+02:00,-4.59
2025-06-29T02:01:00+02:00,-4.59
2025-06-29T03:00:00+02:00,-4.6
2025-06-29T06:00:00+02:00,-4.61
2025-06-29T09:00:00+02:00,-4.62
2025-06-29T12:00:00+02:00,-4.61
2025-06-29T15:00:00+02:00,-4.59
2025-06-29T18:00:00+02:00,-4.59
2025-06-29T21:00:00+02:00,-4.59
2025-06-30T02:01:00+02:00,-4.6
2025-06-30T03:00:00+02:00,-4.61
2025-06-30T06:00:00+02:00,-4.63
2025-06-30T09:00:00+02:00,-4.63
2025-06-30T12:00:00+02:00,-4.61
2025-06-30T15:00:00+02:00,-4.58
2025-06-30T18:00:00+02:00,-4.57
2025-06-30T21:00:00+02:00,-4.56
2025-07-01T02:01:00+02:00,-4.56
2025-07-01T03:00:00+02:00,-4.56
2025-07-01T06:00:00+02:00,-4.57
2025-07-01T09:00:00+02:00,-4.58
2025-07-01T12:00:00+02:00,-4.58
2025-07-01T15:00:00+02:00,-4.57
2025-07-01T18:00:00+02:00,-4.56
2025-07-01T21:00:00+02:00,-4.56
2025-07-02T02:01:00+02:00,-4.55
2025-07-02T03:00:00+02:00,-4.56
2025-07-02T06:00:00+02:00,-4.58
2025-07-02T09:00:00+02:00,-4.59
2025-07-02T12:00:00+02:00,-4.58
2025-07-02T15:00:00+02:00,-4.6
2025-07-02T18:00:00+02:00,-4.59
2025-07-02T21:00:00+02:00,-4.62
2025-07-03T02:01:00+02:00,-4.65
2025-07-03T03:00:00+02:00,-4.66
2025-07-03T06:00:00+02:00,-4.68
2025-07-03T09:00:00+02:00,-4.69
2025-07-03T12:00:00+02:00,-4.69
2025-07-03T15:00:00+02:00,-4.68
2025-07-03T18:00:00+02:00,-4.67
2025-07-03T21:00:00+02:00,-4.68
2025-07-04T02:01:00+02:00,-4.69
2025-07-04T03:00:00+02:00,-4.7
2025-07-04T06:00:00+02:00,-4.71
2025-07-04T09:00:00+02:00,-4.7
2025-07-04T12:00:00+02:00,-4.68
2025-07-04T15:00:00+02:00,-4.65
2025-07-04T18:00:00+02:00,-4.63
2025-07-04T21:00:00+02:00,-4.62
2025-07-05T02:01:00+02:00,-4.62
2025-07-05T03:00:00+02:00,-4.63
2025-07-05T06:00:00+02:00,-4.64
2025-07-05T09:00:00+02:00,-4.64
2025-07-05T12:00:00+02:00,-4.64
2025-07-05T15:00:00+02:00,-4.63
2025-07-05T18:00:00+02:00,-4.62
2025-07-05T21:00:00+02:00,-4.62
2025-07-06T02:01:00+02:00,-4.62
2025-07-06T03:00:00+02:00,-4.62
2025-07-06T06:00:00+02:00,-4.62
2025-07-06T09:00:00+02:00,-4.61
2025-07-06T12:00:00+02:00,-4.61
2025-07-06T15:00:00+02:00,-4.61
2025-07-06T18:00:00+02:00,-4.61
2025-07-06T21:00:00+02:00,-4.62
2025-07-07T02:01:00+02:00,-4.61
2025-07-07T03:00:00+02:00,-4.61
2025-07-07T06:00:00+02:00,-4.63
2025-07-07T09:00:00+02:00,-4.63
2025-07-07T12:00:00+02:00,-4.62
2025-07-07T15:00:00+02:00,-4.62
2025-07-07T18:00:00+02:00,-4.62
2025-07-07T21:00:00+02:00,-4.62
2025-07-08T02:01:00+02:00,-4.63
2025-07-08T03:00:00+02:00,-4.64
2025-07-08T06:00:00+02:00,-4.64
2025-07-08T09:00:00+02:00,-4.65
2025-07-08T12:00:00+02:00,-4.65
2025-07-08T15:00:00+02:00,-4.64
2025-07-08T18:00:00+02:00,-4.64
2025-07-08T21:00:00+02:00,-4.65
2025-07-09T02:01:00+02:00,-4.65
2025-07-09T03:00:00+02:00,-4.66
2025-07-09T06:00:00+02:00,-4.66
2025-07-09T09:00:00+02:00,-4.66
2025-07-09T12:00:00+02:00,-4.65
2025-07-09T15:00:00+02:00,-4.64
2025-07-09T18:00:00+02:00,-4.63
2025-07-09T21:00:00+02:00,-4.62
2025-07-10T02:01:00+02:00,-4.63
2025-07-10T03:00:00+02:00,-4.64
2025-07-10T06:00:00+02:00,-4.65
2025-07-10T09:00:00+02:00,-4.66
2025-07-10T12:00:00+02:00,-4.64
2025-07-10T15:00:00+02:00,-4.61
2025-07-10T18:00:00+02:00,-4.6
2025-07-10T21:00:00+02:00,-4.6
2025-07-11T02:01:00+02:00,-4.61
2025-07-11T03:00:00+02:00,-4.63
2025-07-11T06:00:00+02:00,-4.65
2025-07-11T09:00:00+02:00,-4.64
2025-07-11T12:00:00+02:00,-4.63
2025-07-11T15:00:00+02:00,-4.6
2025-07-11T18:00:00+02:00,-4.58
2025-07-11T21:00:00+02:00,-4.58
2025-07-12T02:01:00+02:00,-4.59
2025-07-12T03:00:00+02:00,-4.61
2025-07-12T06:00:00+02:00,-4.61
2025-07-12T09:00:00+02:00,-4.61
2025-07-12T12:00:00+02:00,-4.61
2025-07-12T15:00:00+02:00,-4.59
2025-07-12T18:00:00+02:00,-4.57
2025-07-12T21:00:00+02:00,-4.57
2025-07-13T02:01:00+02:00,-4.58
2025-07-13T03:00:00+02:00,-4.59
2025-07-13T06:00:00+02:00,-4.6
2025-07-13T09:00:00+02:00,-4.6
2025-07-13T12:00:00+02:00,-4.59
2025-07-13T15:00:00+02:00,-4.58
2025-07-13T18:00:00+02:00,-4.58
2025-07-13T21:00:00+02:00,-4.58
2025-07-14T02:01:00+02:00,-4.58
2025-07-14T03:00:00+02:00,-4.59
2025-07-14T06:00:00+02:00,-4.61
2025-07-14T09:00:00+02:00,-4.61
2025-07-14T12:00:00+02:00,-4.6
2025-07-14T15:00:00+02:00,-4.58
2025-07-14T18:00:00+02:00,-4.57
2025-07-14T21:00:00+02:00,-4.57
2025-07-15T02:01:00+02:00,-4.59
2025-07-15T03:00:00+02:00,-4.6
2025-07-15T06:00:00+02:00,-4.61
2025-07-15T09:00:00+02:00,-4.61
2025-07-15T12:00:00+02:00,-4.61
2025-07-15T15:00:00+02:00,-4.61
2025-07-15T18:00:00+02:00,-4.6
2025-07-15T21:00:00+02:00,-4.6
2025-07-16T02:01:00+02:00,-4.59
2025-07-16T03:00:00+02:00,-4.6
2025-07-16T06:00:00+02:00,-4.62
2025-07-16T09:00:00+02:00,-4.63
2025-07-16T12:00:00+02:00,-4.62
2025-07-16T15:00:00+02:00,-4.62
2025-07-16T18:00:00+02:00,-4.62
2025-07-16T21:00:00+02:00,-4.62
2025-07-17T02:01:00+02:00,-4.63
2025-07-17T03:00:00+02:00,-4.64
2025-07-17T06:00:00+02:00,-4.65
2025-07-17T09:00:00+02:00,-4.64
2025-07-17T12:00:00+02:00,-4.63
2025-07-17T15:00:00+02:00,-4.62
2025-07-17T18:00:00+02:00,-4.6
2025-07-17T21:00:00+02:00,-4.59
2025-07-18T02:01:00+02:00,-4.6
2025-07-18T03:00:00+02:00,-4.61
2025-07-18T06:00:00+02:00,-4.63
2025-07-18T09:00:00+02:00,-4.63
2025-07-18T12:00:00+02:00,-4.61
2025-07-18T15:00:00+02:00,-4.59
2025-07-18T18:00:00+02:00,-4.57
2025-07-18T21:00:00+02:00,-4.56
2025-07-19T02:01:00+02:00,-4.56
2025-07-19T03:00:00+02:00,-4.57
2025-07-19T06:00:00+02:00,-4.58
2025-07-19T09:00:00+02:00,-4.57
2025-07-19T12:00:00+02:00,-4.55
2025-07-19T15:00:00+02:00,-4.54
2025-07-19T18:00:00+02:00,-4.53
2025-07-19T21:00:00+02:00,-4.53
2025-07-20T02:01:00+02:00,-4.52
2025-07-20T03:00:00+02:00,-4.53
2025-07-20T06:00:00+02:00,-4.55
2025-07-20T09:00:00+02:00,-4.55
2025-07-20T12:00:00+02:00,-4.54
2025-07-20T15:00:00+02:00,-4.52
2025-07-20T18:00:00+02:00,-4.53
2025-07-20T21:00:00+02:00,-4.54
2025-07-21T02:01:00+02:00,-4.53
2025-07-21T03:00:00+02:00,-4.55
2025-07-21T06:00:00+02:00,-4.56
2025-07-21T09:00:00+02:00,-4.57
2025-07-21T12:00:00+02:00,-4.55
2025-07-21T15:00:00+02:00,-4.52
2025-07-21T18:00:00+02:00,-4.53
2025-07-21T21:00:00+02:00,-4.55
2025-07-22T02:01:00+02:00,-4.56
2025-07-22T03:00:00+02:00,-4.56
2025-07-22T06:00:00+02:00,-4.57
2025-07-22T09:00:00+02:00,-4.57
2025-07-22T12:00:00+02:00,-4.56
2025-07-22T15:00:00+02:00,-4.55
2025-07-22T18:00:00+02:00,-4.55
2025-07-22T21:00:00+02:00,-4.54
2025-07-23T02:01:00+02:00,-4.55
2025-07-23T03:00:00+02:00,-4.55
2025-07-23T06:00:00+02:00,-4.56
2025-07-23T09:00:00+02:00,-4.56
2025-07-23T12:00:00+02:00,-4.55
2025-07-23T15:00:00+02:00,-4.55
2025-07-23T18:00:00+02:00,-4.54
2025-07-23T21:00:00+02:00,-4.54
2025-07-24T02:01:00+02:00,-4.55
2025-07-24T03:00:00+02:00,-4.56
2025-07-24T06:00:00+02:00,-4.57
2025-07-24T09:00:00+02:00,-4.58
2025-07-24T12:00:00+02:00,-4.57
2025-07-24T15:00:00+02:00,-4.55
2025-07-24T18:00:00+02:00,-4.54
2025-07-24T21:00:00+02:00,-4.54
2025-07-25T02:01:00+02:00,-4.55
2025-07-25T03:00:00+02:00,-4.56
2025-07-25T06:00:00+02:00,-4.57
2025-07-25T09:00:00+02:00,-4.58
2025-07-25T12:00:00+02:00,-4.58
2025-07-25T15:00:00+02:00,-4.57
2025-07-25T18:00:00+02:00,-4.56
2025-07-25T21:00:00+02:00,-4.56
2025-07-26T02:01:00+02:00,-4.56
2025-07-26T03:00:00+02:00,-4.57
2025-07-26T06:00:00+02:00,-4.58
2025-07-26T09:00:00+02:00,-4.58
2025-07-26T12:00:00+02:00,-4.56
2025-07-26T15:00:00+02:00,-4.54
2025-07-26T18:00:00+02:00,-4.54
2025-07-26T21:00:00+02:00,-4.55
2025-07-27T02:01:00+02:00,-4.55
2025-07-27T03:00:00+02:00,-4.56
2025-07-27T06:00:00+02:00,-4.58
2025-07-27T09:00:00+02:00,-4.58
2025-07-27T12:00:00+02:00,-4.57
2025-07-27T15:00:00+02:00,-4.56
2025-07-27T18:00:00+02:00,-4.56
2025-07-27T21:00:00+02:00,-4.56
2025-07-28T02:01:00+02:00,-4.57
2025-07-28T03:00:00+02:00,-4.58
2025-07-28T06:00:00+02:00,-4.6
2025-07-28T09:00:00+02:00,-4.6
2025-07-28T12:00:00+02:00,-4.58
2025-07-28T15:00:00+02:00,-4.58
2025-07-28T18:00:00+02:00,-4.57
2025-07-28T21:00:00+02:00,-4.57
2025-07-29T02:01:00+02:00,-4.59
2025-07-29T03:00:00+02:00,-4.59
2025-07-29T06:00:00+02:00,-4.59
2025-07-29T09:00:00+02:00,-4.59
2025-07-29T12:00:00+02:00,-4.58
2025-07-29T15:00:00+02:00,-4.57
2025-07-29T18:00:00+02:00,-4.56
2025-07-29T21:00:00+02:00,-4.56
2025-07-30T02:01:00+02:00,-4.57
2025-07-30T03:00:00+02:00,-4.58
2025-07-30T06:00:00+02:00,-4.59
2025-07-30T09:00:00+02:00,-4.59
2025-07-30T12:00:00+02:00,-4.58
2025-07-30T15:00:00+02:00,-4.57
2025-07-30T18:00:00+02:00,-4.57
2025-07-30T21:00:00+02:00,-4.57
2025-07-31T02:01:00+02:00,-4.57
2025-07-31T03:00:00+02:00,-4.57
2025-07-31T06:00:00+02:00,-4.57
2025-07-31T09:00:00+02:00,-4.59
2025-07-31T12:00:00+02:00,-4.59
2025-07-31T15:00:00+02:00,-4.58
2025-07-31T18:00:00+02:00,-4.57
2025-07-31T21:00:00+02:00,-4.57
2025-08-01T02:01:00+02:00,-4.58
2025-08-01T03:00:00+02:00,-4.58
2025-08-01T06:00:00+02:00,-4.58
2025-08-01T09:00:00+02:00,-4.59
2025-08-01T12:00:00+02:00,-4.58
2025-08-01T15:00:00+02:00,-4.57
2025-08-01T18:00:00+02:00,-4.56
2025-08-01T21:00:00+02:00,-4.56
2025-08-02T02:01:00+02:00,-4.57
2025-08-02T03:00:00+02:00,-4.57
2025-08-02T06:00:00+02:00,-4.58
2025-08-02T09:00:00+02:00,-4.57
2025-08-02T12:00:00+02:00,-4.58
2025-08-02T15:00:00+02:00,-4.57
2025-08-02T18:00:00+02:00,-4.56
2025-08-02T21:00:00+02:00,-4.57
2025-08-03T02:01:00+02:00,-4.58
2025-08-03T03:00:00+02:00,-4.58
2025-08-03T06:00:00+02:00,-4.58
2025-08-03T09:00:00+02:00,-4.57
2025-08-03T12:00:00+02:00,-4.55
2025-08-03T15:00:00+02:00,-4.54
2025-08-03T18:00:00+02:00,-4.54
2025-08-03T21:00:00+02:00,-4.54
2025-08-04T02:01:00+02:00,-4.54
2025-08-04T03:00:00+02:00,-4.54
2025-08-04T06:00:00+02:00,-4.55
2025-08-04T09:00:00+02:00,-4.55
2025-08-04T12:00:00+02:00,-4.53
2025-08-04T15:00:00+02:00,-4.51
2025-08-04T18:00:00+02:00,-4.5
2025-08-04T21:00:00+02:00,-4.5
2025-08-05T02:01:00+02:00,-4.51
2025-08-05T03:00:00+02:00,-4.52
2025-08-05T06:00:00+02:00,-4.54
2025-08-05T09:00:00+02:00,-4.54
2025-08-05T12:00:00+02:00,-4.55
2025-08-05T15:00:00+02:00,-4.55
2025-08-05T18:00:00+02:00,-4.55
2025-08-05T21:00:00+02:00,-4.56
2025-08-06T02:01:00+02:00,-4.56
2025-08-06T03:00:00+02:00,-4.57
2025-08-06T06:00:00+02:00,-4.58
2025-08-06T09:00:00+02:00,-4.59
2025-08-06T12:00:00+02:00,-4.57
2025-08-06T15:00:00+02:00,-4.55
2025-08-06T18:00:00+02:00,-4.54
2025-08-06T21:00:00+02:00,-4.55
2025-08-07T02:01:00+02:00,-4.56
2025-08-07T03:00:00+02:00,-4.56
2025-08-07T06:00:00+02:00,-4.57
2025-08-07T09:00:00+02:00,-4.57
2025-08-07T12:00:00+02:00,-4.55
2025-08-07T15:00:00+02:00,-4.54
2025-08-07T18:00:00+02:00,-4.55
2025-08-07T21:00:00+02:00,-4.54
2025-08-08T02:01:00+02:00,-4.55
2025-08-08T03:00:00+02:00,-4.56
2025-08-08T06:00:00+02:00,-4.57
2025-08-08T09:00:00+02:00,-4.58
2025-08-08T12:00:00+02:00,-4.57
2025-08-08T15:00:00+02:00,-4.56
2025-08-08T18:00:00+02:00,-4.55
2025-08-08T21:00:00+02:00,-4.55
2025-08-09T02:01:00+02:00,-4.56
2025-08-09T03:00:00+02:00,-4.58
2025-08-09T06:00:00+02:00,-4.59
2025-08-09T09:00:00+02:00,-4.6
2025-08-09T12:00:00+02:00,-4.59
2025-08-09T15:00:00+02:00,-4.58
2025-08-09T18:00:00+02:00,-4.57
2025-08-09T21:00:00+02:00,-4.58
2025-08-10T02:01:00+02:00,-4.59
2025-08-10T03:00:00+02:00,-4.61
2025-08-10T06:00:00+02:00,-4.62
2025-08-10T09:00:00+02:00,-4.63
2025-08-10T12:00:00+02:00,-4.61
2025-08-10T15:00:00+02:00,-4.59
2025-08-10T18:00:00+02:00,-4.58
2025-08-10T21:00:00+02:00,-4.57
2025-08-11T02:01:00+02:00,-4.58
2025-08-11T03:00:00+02:00,-4.59
2025-08-11T06:00:00+02:00,-4.61
2025-08-11T09:00:00+02:00,-4.61
2025-08-11T12:00:00+02:00,-4.59
2025-08-11T15:00:00+02:00,-4.56
2025-08-11T18:00:00+02:00,-4.55
2025-08-11T21:00:00+02:00,-4.54
2025-08-12T02:01:00+02:00,-4.54
2025-08-12T03:00:00+02:00,-4.55
2025-08-12T06:00:00+02:00,-4.56
2025-08-12T09:00:00+02:00,-4.57
2025-08-12T12:00:00+02:00,-4.56
2025-08-12T15:00:00+02:00,-4.53
2025-08-12T18:00:00+02:00,-4.53
2025-08-12T21:00:00+02:00,-4.52
2025-08-13T02:01:00+02:00,-4.52
2025-08-13T03:00:00+02:00,-4.52
2025-08-13T06:00:00+02:00,-4.54
2025-08-13T09:00:00+02:00,-4.55
2025-08-13T12:00:00+02:00,-4.54
2025-08-13T15:00:00+02:00,-4.53
2025-08-13T18:00:00+02:00,-4.53
2025-08-13T21:00:00+02:00,-4.54
2025-08-14T02:01:00+02:00,-4.54
2025-08-14T03:00:00+02:00,-4.53
2025-08-14T06:00:00+02:00,-4.55
2025-08-14T09:00:00+02:00,-4.55
2025-08-14T12:00:00+02:00,-4.54
2025-08-14T15:00:00+02:00,-4.54
2025-08-14T18:00:00+02:00,-4.55
2025-08-14T21:00:00+02:00,-4.56
2025-08-15T02:01:00+02:00,-4.58
2025-08-15T03:00:00+02:00,-4.59
2025-08-15T06:00:00+02:00,-4.61
2025-08-15T09:00:00+02:00,-4.61
2025-08-15T12:00:00+02:00,-4.59
2025-08-15T15:00:00+02:00,-4.58
2025-08-15T18:00:00+02:00,-4.58
2025-08-15T21:00:00+02:00,-4.59
2025-08-16T02:01:00+02:00,-4.6
2025-08-16T03:00:00+02:00,-4.62
2025-08-16T06:00:00+02:00,-4.63
2025-08-16T09:00:00+02:00,-4.63
2025-08-16T12:00:00+02:00,-4.63
2025-08-16T15:00:00+02:00,-4.63
2025-08-16T18:00:00+02:00,-4.63
2025-08-16T21:00:00+02:00,-4.62
2025-08-17T02:01:00+02:00,-4.64
2025-08-17T03:00:00+02:00,-4.65
2025-08-17T06:00:00+02:00,-4.65
2025-08-17T09:00:00+02:00,-4.66
2025-08-17T12:00:00+02:00,-4.65
2025-08-17T15:00:00+02:00,-4.64
2025-08-17T18:00:00+02:00,-4.63
2025-08-17T21:00:00+02:00,-4.63
2025-08-18T02:01:00+02:00,-4.64
2025-08-18T03:00:00+02:00,-4.64
2025-08-18T06:00:00+02:00,-4.65
2025-08-18T09:00:00+02:00,-4.65
2025-08-18T12:00:00+02:00,-4.64
2025-08-18T15:00:00+02:00,-4.63
2025-08-18T18:00:00+02:00,-4.61
2025-08-18T21:00:00+02:00,-4.6
2025-08-19T02:01:00+02:00,-4.61
2025-08-19T03:00:00+02:00,-4.62
2025-08-19T06:00:00+02:00,-4.63
2025-08-19T09:00:00+02:00,-4.63
2025-08-19T12:00:00+02:00,-4.62
2025-08-19T15:00:00+02:00,-4.6
2025-08-19T18:00:00+02:00,-4.59
2025-08-19T21:00:00+02:00,-4.59
2025-08-20T02:01:00+02:00,-4.61
2025-08-20T03:00:00+02:00,-4.62
2025-08-20T06:00:00+02:00,-4.64
2025-08-20T09:00:00+02:00,-4.64
2025-08-20T12:00:00+02:00,-4.64
2025-08-20T15:00:00+02:00,-4.63
2025-08-20T18:00:00+02:00,-4.62
2025-08-20T21:00:00+02:00,-4.61
2025-08-21T02:01:00+02:00,-4.62
2025-08-21T03:00:00+02:00,-4.63
2025-08-21T06:00:00+02:00,-4.65
2025-08-21T09:00:00+02:00,-4.66
2025-08-21T12:00:00+02:00,-4.65
2025-08-21T15:00:00+02:00,-4.64
2025-08-21T18:00:00+02:00,-4.64
2025-08-21T21:00:00+02:00,-4.65
2025-08-22T02:01:00+02:00,-4.66
2025-08-22T03:00:00+02:00,-4.66
2025-08-22T06:00:00+02:00,-4.68
2025-08-22T09:00:00+02:00,-4.68
2025-08-22T12:00:00+02:00,-4.67
2025-08-22T15:00:00+02:00,-4.66
2025-08-22T18:00:00+02:00,-4.65
2025-08-22T21:00:00+02:00,-4.66
2025-08-23T02:01:00+02:00,-4.67
2025-08-23T03:00:00+02:00,-4.67
2025-08-23T06:00:00+02:00,-4.67
2025-08-23T09:00:00+02:00,-4.68
2025-08-23T12:00:00+02:00,-4.68
2025-08-23T15:00:00+02:00,-4.67
2025-08-23T18:00:00+02:00,-4.66
2025-08-23T21:00:00+02:00,-4.67
2025-08-24T02:01:00+02:00,-4.68
2025-08-24T03:00:00+02:00,-4.68
2025-08-24T06:00:00+02:00,-4.68
2025-08-24T09:00:00+02:00,-4.69
2025-08-24T12:00:00+02:00,-4.68
2025-08-24T15:00:00+02:00,-4.66
2025-08-24T18:00:00+02:00,-4.65
2025-08-24T21:00:00+02:00,-4.65
2025-08-25T02:01:00+02:00,-4.67
2025-08-25T03:00:00+02:00,-4.68
2025-08-25T06:00:00+02:00,-4.68
2025-08-25T09:00:00+02:00,-4.68
2025-08-25T12:00:00+02:00,-4.67
2025-08-25T15:00:00+02:00,-4.64
2025-08-25T18:00:00+02:00,-4.62
2025-08-25T21:00:00+02:00,-4.6
2025-08-26T02:01:00+02:00,-4.61
2025-08-26T03:00:00+02:00,-4.63
2025-08-26T06:00:00+02:00,-4.63
2025-08-26T09:00:00+02:00,-4.64
2025-08-26T12:00:00+02:00,-4.62
2025-08-26T15:00:00+02:00,-4.59
2025-08-26T18:00:00+02:00,-4.59
2025-08-26T21:00:00+02:00,-4.58
2025-08-27T02:01:00+02:00,-4.59
2025-08-27T03:00:00+02:00,-4.61
2025-08-27T06:00:00+02:00,-4.63
2025-08-27T09:00:00+02:00,-4.64
2025-08-27T12:00:00+02:00,-4.63
2025-08-27T15:00:00+02:00,-4.6
2025-08-27T18:00:00+02:00,-4.58
2025-08-27T21:00:00+02:00,-4.58
2025-08-28T02:01:00+02:00,-4.58
2025-08-28T03:00:00+02:00,-4.59
2025-08-28T06:00:00+02:00,-4.6
2025-08-28T09:00:00+02:00,-4.61
2025-08-28T12:00:00+02:00,-4.61
2025-08-28T15:00:00+02:00,-4.6
2025-08-28T18:00:00+02:00,-4.59
2025-08-28T21:00:00+02:00,-4.58
2025-08-29T02:01:00+02:00,-4.59
2025-08-29T03:00:00+02:00,-4.59
2025-08-29T06:00:00+02:00,-4.6
2025-08-29T09:00:00+02:00,-4.6
2025-08-29T12:00:00+02:00,-4.59
2025-08-29T15:00:00+02:00,-4.58
2025-08-29T18:00:00+02:00,-4.58
2025-08-29T21:00:00+02:00,-4.59
2025-08-30T02:01:00+02:00,-4.6
2025-08-30T03:00:00+02:00,-4.61
2025-08-30T06:00:00+02:00,-4.62
2025-08-30T09:00:00+02:00,-4.62
2025-08-30T12:00:00+02:00,-4.61
2025-08-30T15:00:00+02:00,-4.6
2025-08-30T18:00:00+02:00,-4.59
2025-08-30T21:00:00+02:00,-4.58
2025-08-31T02:01:00+02:00,-4.58
2025-08-31T03:00:00+02:00,-4.58
2025-08-31T06:00:00+02:00,-4.59
2025-08-31T09:00:00+02:00,-4.6
2025-08-31T12:00:00+02:00,-4.58
2025-08-31T15:00:00+02:00,-4.57
2025-08-31T18:00:00+02:00,-4.56
2025-08-31T21:00:00+02:00,-4.58
2025-09-01T02:01:00+02:00,-4.58
2025-09-01T03:00:00+02:00,-4.59
2025-09-01T06:00:00+02:00,-4.6
2025-09-01T09:00:00+02:00,-4.6
2025-09-01T12:00:00+02:00,-4.6
2025-09-01T15:00:00+02:00,-4.58
2025-09-01T18:00:00+02:00,-4.56
2025-09-01T21:00:00+02:00,-4.56
2025-09-02T02:01:00+02:00,-4.57
2025-09-02T03:00:00+02:00,-4.59
2025-09-02T06:00:00+02:00,-4.6
2025-09-02T09:00:00+02:00,-4.61
2025-09-02T12:00:00+02:00,-4.6
2025-09-02T15:00:00+02:00,-4.58
2025-09-02T18:00:00+02:00,-4.57
2025-09-02T21:00:00+02:00,-4.57
2025-09-03T02:01:00+02:00,-4.58
2025-09-03T03:00:00+02:00,-4.58
2025-09-03T06:00:00+02:00,-4.59
2025-09-03T09:00:00+02:00,-4.59
2025-09-03T12:00:00+02:00,-4.58
2025-09-03T15:00:00+02:00,-4.56
2025-09-03T18:00:00+02:00,-4.56
2025-09-03T21:00:00+02:00,-4.56
2025-09-04T02:01:00+02:00,-4.57
2025-09-04T03:00:00+02:00,-4.59
2025-09-04T06:00:00+02:00,-4.6
2025-09-04T09:00:00+02:00,-4.61
2025-09-04T12:00:00+02:00,-4.6
2025-09-04T15:00:00+02:00,-4.58
2025-09-04T18:00:00+02:00,-4.58
2025-09-04T21:00:00+02:00,-4.59
2025-09-05T02:01:00+02:00,-4.6
2025-09-05T03:00:00+02:00,-4.62
2025-09-05T06:00:00+02:00,-4.63
2025-09-05T09:00:00+02:00,-4.65
2025-09-05T12:00:00+02:00,-4.64
2025-09-05T15:00:00+02:00,-4.64
2025-09-05T18:00:00+02:00,-4.64
2025-09-05T21:00:00+02:00,-4.66
2025-09-06T02:01:00+02:00,-4.67
2025-09-06T03:00:00+02:00,-4.68
2025-09-06T06:00:00+02:00,-4.69
2025-09-06T09:00:00+02:00,-4.7
2025-09-06T12:00:00+02:00,-4.69
2025-09-06T15:00:00+02:00,-4.65
2025-09-06T18:00:00+02:00,-4.64
2025-09-06T21:00:00+02:00,-4.63
2025-09-07T02:01:00+02:00,-4.64
2025-09-07T03:00:00+02:00,-4.65
2025-09-07T06:00:00+02:00,-4.65
2025-09-07T09:00:00+02:00,-4.66
2025-09-07T12:00:00+02:00,-4.64
2025-09-07T15:00:00+02:00,-4.61
2025-09-07T18:00:00+02:00,-4.6
2025-09-07T21:00:00+02:00,-4.59
2025-09-08T02:01:00+02:00,-4.58
2025-09-08T03:00:00+02:00,-4.58
2025-09-08T06:00:00+02:00,-4.59
2025-09-08T09:00:00+02:00,-4.6
2025-09-08T12:00:00+02:00,-4.6
2025-09-08T15:00:00+02:00,-4.6
2025-09-08T18:00:00+02:00,-4.6
2025-09-08T21:00:00+02:00,-4.6
2025-09-09T02:01:00+02:00,-4.62
2025-09-09T03:00:00+02:00,-4.63
2025-09-09T06:00:00+02:00,-4.65
2025-09-09T09:00:00+02:00,-4.66
2025-09-09T12:00:00+02:00,-4.67
2025-09-09T15:00:00+02:00,-4.67
2025-09-09T18:00:00+02:00,-4.67
2025-09-09T21:00:00+02:00,-4.67
2025-09-10T02:01:00+02:00,-4.67
2025-09-10T03:00:00+02:00,-4.67
2025-09-10T06:00:00+02:00,-4.67
2025-09-10T09:00:00+02:00,-4.66
2025-09-10T12:00:00+02:00,-4.64
2025-09-10T15:00:00+02:00,-4.61
2025-09-10T18:00:00+02:00,-4.6
2025-09-10T21:00:00+02:00,-4.59
2025-09-11T02:01:00+02:00,-4.6
2025-09-11T03:00:00+02:00,-4.6
2025-09-11T06:00:00+02:00,-4.61
2025-09-11T09:00:00+02:00,-4.62
2025-09-11T12:00:00+02:00,-4.62
2025-09-11T15:00:00+02:00,-4.62
2025-09-11T18:00:00+02:00,-4.63
2025-09-11T21:00:00+02:00,-4.63
2025-09-12T02:01:00+02:00,-4.64
2025-09-12T03:00:00+02:00,-4.64
2025-09-12T06:00:00+02:00,-4.65
2025-09-12T09:00:00+02:00,-4.65
2025-09-12T12:00:00+02:00,-4.65
2025-09-12T15:00:00+02:00,-4.64
2025-09-12T18:00:00+02:00,-4.64
2025-09-12T21:00:00+02:00,-4.64
2025-09-13T02:01:00+02:00,-4.65
2025-09-13T03:00:00+02:00,-4.65
2025-09-13T06:00:00+02:00,-4.66
2025-09-13T09:00:00+02:00,-4.65
2025-09-13T12:00:00+02:00,-4.65
2025-09-13T15:00:00+02:00,-4.64
2025-09-13T18:00:00+02:00,-4.65
2025-09-13T21:00:00+02:00,-4.64
2025-09-14T02:01:00+02:00,-4.65
2025-09-14T03:00:00+02:00,-4.66
2025-09-14T06:00:00+02:00,-4.66
2025-09-14T09:00:00+02:00,-4.65
2025-09-14T12:00:00+02:00,-4.65
2025-09-14T15:00:00+02:00,-4.63
2025-09-14T18:00:00+02:00,-4.61
2025-09-14T21:00:00+02:00,-4.6
2025-09-15T02:01:00+02:00,-4.6
2025-09-15T03:00:00+02:00,-4.6
2025-09-15T06:00:00+02:00,-4.6
2025-09-15T09:00:00+02:00,-4.58
2025-09-15T12:00:00+02:00,-4.57
2025-09-15T15:00:00+02:00,-4.57
2025-09-15T18:00:00+02:00,-4.57
2025-09-15T21:00:00+02:00,-4.58
2025-09-16T02:01:00+02:00,-4.59
2025-09-16T03:00:00+02:00,-4.6
2025-09-16T06:00:00+02:00,-4.61
2025-09-16T09:00:00+02:00,-4.62
2025-09-16T12:00:00+02:00,-4.63
2025-09-16T15:00:00+02:00,-4.63
2025-09-16T18:00:00+02:00,-4.62
2025-09-16T21:00:00+02:00,-4.62
2025-09-17T02:01:00+02:00,-4.62
2025-09-17T03:00:00+02:00,-4.63
2025-09-17T06:00:00+02:00,-4.64
2025-09-17T09:00:00+02:00,-4.64
2025-09-17T12:00:00+02:00,-4.63
2025-09-17T15:00:00+02:00,-4.62
2025-09-17T18:00:00+02:00,-4.62
2025-09-17T21:00:00+02:00,-4.62
2025-09-18T02:01:00+02:00,-4.61
2025-09-18T03:00:00+02:00,-4.6
2025-09-18T06:00:00+02:00,-4.6
2025-09-18T09:00:00+02:00,-4.6
2025-09-18T12:00:00+02:00,-4.59
2025-09-18T15:00:00+02:00,-4.58
2025-09-18T18:00:00+02:00,-4.58
2025-09-18T21:00:00+02:00,-4.58
2025-09-19T02:01:00+02:00,-4.59
2025-09-19T03:00:00+02:00,-4.59
2025-09-19T06:00:00+02:00,-4.61
2025-09-19T09:00:00+02:00,-4.62
2025-09-19T12:00:00+02:00,-4.61
2025-09-19T15:00:00+02:00,-4.58
2025-09-19T18:00:00+02:00,-4.56
2025-09-19T21:00:00+02:00,-4.55
2025-09-20T02:01:00+02:00,-4.55
2025-09-20T03:00:00+02:00,-4.56
2025-09-20T06:00:00+02:00,-4.57
2025-09-20T09:00:00+02:00,-4.57
2025-09-20T12:00:00+02:00,-4.57
2025-09-20T15:00:00+02:00,-4.56
2025-09-20T18:00:00+02:00,-4.56
2025-09-20T21:00:00+02:00,-4.56
2025-09-21T02:01:00+02:00,-4.55
2025-09-21T03:00:00+02:00,-4.56
2025-09-21T06:00:00+02:00,-4.58
2025-09-21T09:00:00+02:00,-4.61
2025-09-21T12:00:00+02:00,-4.62
2025-09-21T15:00:00+02:00,-4.62
2025-09-21T18:00:00+02:00,-4.64
2025-09-21T21:00:00+02:00,-4.65
2025-09-22T02:01:00+02:00,-4.65
2025-09-22T03:00:00+02:00,-4.65
2025-09-22T06:00:00+02:00,-4.65
2025-09-22T09:00:00+02:00,-4.65
2025-09-22T12:00:00+02:00,-4.66
2025-09-22T15:00:00+02:00,-4.65
2025-09-22T18:00:00+02:00,-4.65
2025-09-22T21:00:00+02:00,-4.65
2025-09-23T02:01:00+02:00,-4.65
2025-09-23T03:00:00+02:00,-4.65
2025-09-23T06:00:00+02:00,-4.66
2025-09-23T09:00:00+02:00,-4.66
2025-09-23T12:00:00+02:00,-4.65
2025-09-23T15:00:00+02:00,-4.64
2025-09-23T18:00:00+02:00,-4.64
2025-09-23T21:00:00+02:00,-4.65
2025-09-24T02:01:00+02:00,-4.66
2025-09-24T03:00:00+02:00,-4.66
2025-09-24T06:00:00+02:00,-4.66
2025-09-24T09:00:00+02:00,-4.66
2025-09-24T12:00:00+02:00,-4.65
2025-09-24T15:00:00+02:00,-4.65
2025-09-24T18:00:00+02:00,-4.65
2025-09-24T21:00:00+02:00,-4.66
2025-09-25T02:01:00+02:00,-4.66
2025-09-25T03:00:00+02:00,-4.66
2025-09-25T06:00:00+02:00,-4.66
2025-09-25T09:00:00+02:00,-4.65
2025-09-25T12:00:00+02:00,-4.65
2025-09-25T15:00:00+02:00,-4.66
2025-09-25T18:00:00+02:00,-4.66
2025-09-25T21:00:00+02:00,-4.66
2025-09-26T02:01:00+02:00,-4.66
2025-09-26T03:00:00+02:00,-4.66
2025-09-26T06:00:00+02:00,-4.66
2025-09-26T09:00:00+02:00,-4.66
2025-09-26T12:00:00+02:00,-4.66
2025-09-26T15:00:00+02:00,-4.65
2025-09-26T18:00:00+02:00,-4.65
2025-09-26T21:00:00+02:00,-4.65
2025-09-27T02:01:00+02:00,-4.64
2025-09-27T03:00:00+02:00,-4.64
2025-09-27T06:00:00+02:00,-4.64
2025-09-27T09:00:00+02:00,-4.64
2025-09-27T12:00:00+02:00,-4.64
2025-09-27T15:00:00+02:00,-4.64
2025-09-27T18:00:00+02:00,-4.64
2025-09-27T21:00:00+02:00,-4.64
2025-09-28T02:01:00+02:00,-4.64
2025-09-28T03:00:00+02:00,-4.64
2025-09-28T06:00:00+02:00,-4.64
2025-09-28T09:00:00+02:00,-4.64
2025-09-28T12:00:00+02:00,-4.63
2025-09-28T15:00:00+02:00,-4.62
2025-09-28T18:00:00+02:00,-4.61
2025-09-28T21:00:00+02:00,-4.62
2025-09-29T02:01:00+02:00,-4.63
2025-09-29T03:00:00+02:00,-4.63
2025-09-29T06:00:00+02:00,-4.64
2025-09-29T09:00:00+02:00,-4.67
2025-09-29T12:00:00+02:00,-4.66
2025-09-29T15:00:00+02:00,-4.65
2025-09-29T18:00:00+02:00,-4.65
2025-09-29T21:00:00+02:00,-4.66
2025-09-30T02:01:00+02:00,-4.67
2025-09-30T03:00:00+02:00,-4.66
2025-09-30T06:00:00+02:00,-4.68
2025-09-30T09:00:00+02:00,-4.67
2025-09-30T12:00:00+02:00,-4.68
2025-09-30T15:00:00+02:00,-4.67
2025-09-30T18:00:00+02:00,-4.67
2025-09-30T21:00:00+02:00,-4.68
2025-10-01T02:01:00+02:00,-4.68
2025-10-01T03:00:00+02:00,-4.68
2025-10-01T06:00:00+02:00,-4.69
2025-10-01T09:00:00+02:00,-4.69
2025-10-01T12:00:00+02:00,-4.69
2025-10-01T15:00:00+02:00,-4.68
2025-10-01T18:00:00+02:00,-4.68
2025-10-01T21:00:00+02:00,-4.69
2025-10-02T02:01:00+02:00,-4.68
2025-10-02T03:00:00+02:00,-4.68
2025-10-02T06:00:00+02:00,-4.69
2025-10-02T09:00:00+02:00,-4.69
2025-10-02T12:00:00+02:00,-4.68
2025-10-02T15:00:00+02:00,-4.68
2025-10-02T18:00:00+02:00,-4.67
2025-10-02T21:00:00+02:00,-4.67
2025-10-03T02:01:00+02:00,-4.67
2025-10-03T03:00:00+02:00,-4.67
2025-10-03T06:00:00+02:00,-4.67
2025-10-03T09:00:00+02:00,-4.66
2025-10-03T12:00:00+02:00,-4.66
2025-10-03T15:00:00+02:00,-4.64
2025-10-03T18:00:00+02:00,-4.64
2025-10-03T21:00:00+02:00,-4.61
2025-10-04T02:01:00+02:00,-4.6
2025-10-04T03:00:00+02:00,-4.59
2025-10-04T06:00:00+02:00,-4.58
2025-10-04T09:00:00+02:00,-4.59
2025-10-04T12:00:00+02:00,-4.59
2025-10-04T15:00:00+02:00,-4.6
2025-10-04T18:00:00+02:00,-4.6
2025-10-04T21:00:00+02:00,-4.61
2025-10-05T02:01:00+02:00,-4.61
2025-10-05T03:00:00+02:00,-4.61
2025-10-05T06:00:00+02:00,-4.62
2025-10-05T09:00:00+02:00,-4.63
2025-10-05T12:00:00+02:00,-4.63
2025-10-05T15:00:00+02:00,-4.64
2025-10-05T18:00:00+02:00,-4.65
2025-10-05T21:00:00+02:00,-4.65
2025-10-06T02:01:00+02:00,-4.65
2025-10-06T03:00:00+02:00,-4.65
2025-10-06T06:00:00+02:00,-4.65
2025-10-06T09:00:00+02:00,-4.65
2025-10-06T12:00:00+02:00,-4.65
2025-10-06T15:00:00+02:00,-4.65
2025-10-06T18:00:00+02:00,-4.65
2025-10-06T21:00:00+02:00,-4.66
2025-10-07T02:01:00+02:00,-4.66
2025-10-07T03:00:00+02:00,-4.67
2025-10-07T06:00:00+02:00,-4.68
2025-10-07T09:00:00+02:00,-4.68
2025-10-07T12:00:00+02:00,-4.68
2025-10-07T15:00:00+02:00,-4.67
2025-10-07T18:00:00+02:00,-4.68
2025-10-07T21:00:00+02:00,-4.69
2025-10-08T02:01:00+02:00,-4.69
2025-10-08T03:00:00+02:00,-4.69
2025-10-08T06:00:00+02:00,-4.7
2025-10-08T09:00:00+02:00,-4.7
2025-10-08T12:00:00+02:00,-4.7
2025-10-08T15:00:00+02:00,-4.7
2025-10-08T18:00:00+02:00,-4.7
2025-10-08T21:00:00+02:00,-4.72
2025-10-09T02:01:00+02:00,-4.72
2025-10-09T03:00:00+02:00,-4.73
2025-10-09T06:00:00+02:00,-4.73
2025-10-09T09:00:00+02:00,-4.73
2025-10-09T12:00:00+02:00,-4.73
2025-10-09T15:00:00+02:00,-4.74
2025-10-09T18:00:00+02:00,-4.75
2025-10-09T21:00:00+02:00,-4.75
2025-10-10T02:01:00+02:00,-4.75
2025-10-10T03:00:00+02:00,-4.76
2025-10-10T06:00:00+02:00,-4.77
2025-10-10T09:00:00+02:00,-4.77
2025-10-10T12:00:00+02:00,-4.76
2025-10-10T15:00:00+02:00,-4.76
2025-10-10T18:00:00+02:00,-4.77
2025-10-10T21:00:00+02:00,-4.77
2025-10-11T02:01:00+02:00,-4.77
2025-10-11T03:00:00+02:00,-4.78
2025-10-11T06:00:00+02:00,-4.77
2025-10-11T09:00:00+02:00,-4.78
2025-10-11T12:00:00+02:00,-4.77
2025-10-11T15:00:00+02:00,-4.77
2025-10-11T18:00:00+02:00,-4.78
2025-10-11T21:00:00+02:00,-4.78
2025-10-12T02:01:00+02:00,-4.78
2025-10-12T03:00:00+02:00,-4.77
2025-10-12T06:00:00+02:00,-4.78
2025-10-12T09:00:00+02:00,-4.78
2025-10-12T12:00:00+02:00,-4.78
2025-10-12T15:00:00+02:00,-4.77
2025-10-12T18:00:00+02:00,-4.78
2025-10-12T21:00:00+02:00,-4.78
2025-10-13T02:01:00+02:00,-4.78
2025-10-13T03:00:00+02:00,-4.78
2025-10-13T06:00:00+02:00,-4.78
2025-10-13T09:00:00+02:00,-4.79
2025-10-13T12:00:00+02:00,-4.78
2025-10-13T15:00:00+02:00,-4.78
2025-10-13T18:00:00+02:00,-4.78
2025-10-13T21:00:00+02:00,-4.78
2025-10-14T02:01:00+02:00,-4.78
2025-10-14T03:00:00+02:00,-4.78
2025-10-14T06:00:00+02:00,-4.78
2025-10-14T09:00:00+02:00,-4.78
2025-10-14T12:00:00+02:00,-4.78
2025-10-14T15:00:00+02:00,-4.78
2025-10-14T18:00:00+02:00,-4.78
2025-10-14T21:00:00+02:00,-4.79
2025-10-15T02:01:00+02:00,-4.78
2025-10-15T03:00:00+02:00,-4.78
2025-10-15T06:00:00+02:00,-4.78
2025-10-15T09:00:00+02:00,-4.79
2025-10-15T12:00:00+02:00,-4.79
2025-10-15T15:00:00+02:00,-4.78
2025-10-15T18:00:00+02:00,-4.79
2025-10-15T21:00:00+02:00,-4.79
2025-10-16T02:01:00+02:00,-4.79
2025-10-16T03:00:00+02:00,-4.79
2025-10-16T06:00:00+02:00,-4.79
2025-10-16T09:00:00+02:00,-4.79
2025-10-16T12:00:00+02:00,-4.79
2025-10-16T15:00:00+02:00,-4.79
2025-10-16T18:00:00+02:00,-4.79
2025-10-16T21:00:00+02:00,-4.79
2025-10-17T02:01:00+02:00,-4.79
2025-10-17T03:00:00+02:00,-4.79
2025-10-17T06:00:00+02:00,-4.79
2025-10-17T09:00:00+02:00,-4.79
2025-10-17T12:00:00+02:00,-4.78
2025-10-17T15:00:00+02:00,-4.79
2025-10-17T18:00:00+02:00,-4.79
2025-10-17T21:00:00+02:00,-4.8
2025-10-18T02:01:00+02:00,-4.8
2025-10-18T03:00:00+02:00,-4.8
2025-10-18T06:00:00+02:00,-4.81
2025-10-18T09:00:00+02:00,-4.8
2025-10-18T12:00:00+02:00,-4.8
2025-10-18T15:00:00+02:00,-4.79
2025-10-18T18:00:00+02:00,-4.79
2025-10-18T21:00:00+02:00,-4.79
2025-10-19T02:01:00+02:00,-4.78
2025-10-19T03:00:00+02:00,-4.77
2025-10-19T06:00:00+02:00,-4.77
2025-10-19T09:00:00+02:00,-4.76
2025-10-19T12:00:00+02:00,-4.75
2025-10-19T15:00:00+02:00,-4.75
2025-10-19T18:00:00+02:00,-4.75
2025-10-19T21:00:00+02:00,-4.74
2025-10-20T02:01:00+02:00,-4.74
2025-10-20T03:00:00+02:00,-4.73
2025-10-20T06:00:00+02:00,-4.73
2025-10-20T09:00:00+02:00,-4.73
2025-10-20T12:00:00+02:00,-4.72
2025-10-20T15:00:00+02:00,-4.71
2025-10-20T18:00:00+02:00,-4.71
2025-10-20T21:00:00+02:00,-4.71
2025-10-21T02:01:00+02:00,-4.7
2025-10-21T03:00:00+02:00,-4.7
2025-10-21T06:00:00+02:00,-4.71
2025-10-21T09:00:00+02:00,-4.71
2025-10-21T12:00:00+02:00,-4.72
2025-10-21T15:00:00+02:00,-4.71
2025-10-21T18:00:00+02:00,-4.71
2025-10-21T21:00:00+02:00,-4.71
2025-10-22T02:01:00+02:00,-4.71
2025-10-22T03:00:00+02:00,-4.72
2025-10-22T06:00:00+02:00,-4.73
2025-10-22T09:00:00+02:00,-4.73
2025-10-22T12:00:00+02:00,-4.74
2025-10-22T15:00:00+02:00,-4.74
2025-10-22T18:00:00+02:00,-4.73
2025-10-22T21:00:00+02:00,-4.72
2025-10-23T02:01:00+02:00,-4.69
2025-10-23T03:00:00+02:00,-4.66
2025-10-23T06:00:00+02:00,-4.66
2025-10-23T09:00:00+02:00,-4.66
2025-10-23T12:00:00+02:00,-4.66
2025-10-23T15:00:00+02:00,-4.67
2025-10-23T18:00:00+02:00,-4.69
2025-10-23T21:00:00+02:00,-4.7
2025-10-24T02:01:00+02:00,-4.71
2025-10-24T03:00:00+02:00,-4.71
2025-10-24T06:00:00+02:00,-4.71
2025-10-24T09:00:00+02:00,-4.72
2025-10-24T12:00:00+02:00,-4.71
2025-10-24T15:00:00+02:00,-4.71
2025-10-24T18:00:00+02:00,-4.7
2025-10-24T21:00:00+02:00,-4.69
2025-10-25T02:01:00+02:00,-4.68
2025-10-25T03:00:00+02:00,-4.66
2025-10-25T06:00:00+02:00,-4.65
2025-10-25T09:00:00+02:00,-4.65
2025-10-25T12:00:00+02:00,-4.66
2025-10-25T15:00:00+02:00,-4.66
2025-10-25T18:00:00+02:00,-4.65
2025-10-25T21:00:00+02:00,-4.66
2025-10-26T02:01:00+01:00,-4.64
2025-10-26T03:00:00+01:00,-4.63
2025-10-26T06:00:00+01:00,-4.64
2025-10-26T09:00:00+01:00,-4.64
2025-10-26T12:00:00+01:00,-4.64
2025-10-26T15:00:00+01:00,-4.63
2025-10-26T18:00:00+01:00,-4.63
2025-10-26T21:00:00+01:00,-4.61
2025-10-27T02:01:00+01:00,-4.59
2025-10-27T03:00:00+01:00,-4.59
2025-10-27T06:00:00+01:00,-4.59
2025-10-27T09:00:00+01:00,-4.59
2025-10-27T12:00:00+01:00,-4.59
2025-10-27T15:00:00+01:00,-4.6
2025-10-27T18:00:00+01:00,-4.61
2025-10-27T21:00:00+01:00,-4.61
2025-10-28T02:01:00+01:00,-4.6
2025-10-28T03:00:00+01:00,-4.59
2025-10-28T06:00:00+01:00,-4.58
2025-10-28T09:00:00+01:00,-4.58
2025-10-28T12:00:00+01:00,-4.58
2025-10-28T15:00:00+01:00,-4.58
2025-10-28T18:00:00+01:00,-4.59
2025-10-28T21:00:00+01:00,-4.58
2025-10-29T02:01:00+01:00,-4.58
2025-10-29T03:00:00+01:00,-4.58
2025-10-29T06:00:00+01:00,-4.57
2025-10-29T09:00:00+01:00,-4.57
2025-10-29T12:00:00+01:00,-4.56
2025-10-29T15:00:00+01:00,-4.55
2025-10-29T18:00:00+01:00,-4.55
2025-10-29T21:00:00+01:00,-4.54
2025-10-30T02:01:00+01:00,-4.55
2025-10-30T03:00:00+01:00,-4.56
2025-10-30T06:00:00+01:00,-4.57
2025-10-30T09:00:00+01:00,-4.58
2025-10-30T12:00:00+01:00,-4.58
2025-10-30T15:00:00+01:00,-4.58
2025-10-30T18:00:00+01:00,-4.58
2025-10-30T21:00:00+01:00,-4.58
2025-10-31T02:01:00+01:00,-4.57
2025-10-31T03:00:00+01:00,-4.57
2025-10-31T06:00:00+01:00,-4.57
2025-10-31T09:00:00+01:00,-4.57
2025-10-31T12:00:00+01:00,-4.56
2025-10-31T15:00:00+01:00,-4.56
2025-10-31T18:00:00+01:00,-4.56
2025-10-31T21:00:00+01:00,-4.57
2025-11-01T02:01:00+01:00,-4.57
2025-11-01T03:00:00+01:00,-4.55
2025-11-01T06:00:00+01:00,-4.55
2025-11-01T09:00:00+01:00,-4.56
2025-11-01T12:00:00+01:00,-4.56
2025-11-01T15:00:00+01:00,-4.56
2025-11-01T18:00:00+01:00,-4.57
2025-11-01T21:00:00+01:00,-4.57
2025-11-02T02:01:00+01:00,-4.56
2025-11-02T03:00:00+01:00,-4.56
2025-11-02T06:00:00+01:00,-4.56
2025-11-02T09:00:00+01:00,-4.56
2025-11-02T12:00:00+01:00,-4.56
2025-11-02T15:00:00+01:00,-4.56
2025-11-02T18:00:00+01:00,-4.57
2025-11-02T21:00:00+01:00,-4.58
2025-11-03T02:01:00+01:00,-4.58
2025-11-03T03:00:00+01:00,-4.58
2025-11-03T06:00:00+01:00,-4.58
2025-11-03T09:00:00+01:00,-4.57
2025-11-03T12:00:00+01:00,-4.58
2025-11-03T15:00:00+01:00,-4.58
2025-11-03T18:00:00+01:00,-4.59
2025-11-03T21:00:00+01:00,-4.58
2025-11-04T02:01:00+01:00,-4.59
2025-11-04T03:00:00+01:00,-4.58
2025-11-04T06:00:00+01:00,-4.58
2025-11-04T09:00:00+01:00,-4.59
2025-11-04T12:00:00+01:00,-4.58
2025-11-04T15:00:00+01:00,-4.57
2025-11-04T18:00:00+01:00,-4.56
2025-11-04T21:00:00+01:00,-4.58
2025-11-05T02:01:00+01:00,-4.58
2025-11-05T03:00:00+01:00,-4.58
2025-11-05T06:00:00+01:00,-4.58
2025-11-05T09:00:00+01:00,-4.58
2025-11-05T12:00:00+01:00,-4.58
2025-11-05T15:00:00+01:00,-4.57
2025-11-05T18:00:00+01:00,-4.57
2025-11-05T21:00:00+01:00,-4.57
2025-11-06T02:01:00+01:00,-4.57
2025-11-06T03:00:00+01:00,-4.57
2025-11-06T06:00:00+01:00,-4.56
2025-11-06T09:00:00+01:00,-4.56
2025-11-06T12:00:00+01:00,-4.56
2025-11-06T15:00:00+01:00,-4.56
2025-11-06T18:00:00+01:00,-4.57
2025-11-06T21:00:00+01:00,-4.57
2025-11-07T02:01:00+01:00,-4.57
2025-11-07T03:00:00+01:00,-4.57
2025-11-07T06:00:00+01:00,-4.57
2025-11-07T09:00:00+01:00,-4.57
2025-11-07T12:00:00+01:00,-4.57
2025-11-07T15:00:00+01:00,-4.57
2025-11-07T18:00:00+01:00,-4.58
2025-11-07T21:00:00+01:00,-4.58
2025-11-08T02:01:00+01:00,-4.59
2025-11-08T03:00:00+01:00,-4.58
2025-11-08T06:00:00+01:00,-4.59
2025-11-08T09:00:00+01:00,-4.59
2025-11-08T12:00:00+01:00,-4.59
2025-11-08T15:00:00+01:00,-4.59
2025-11-08T18:00:00+01:00,-4.6
2025-11-08T21:00:00+01:00,-4.6
2025-11-09T02:01:00+01:00,-4.59
2025-11-09T03:00:00+01:00,-4.6
2025-11-09T06:00:00+01:00,-4.6
2025-11-09T09:00:00+01:00,-4.6
2025-11-09T12:00:00+01:00,-4.6
2025-11-09T15:00:00+01:00,-4.6
2025-11-09T18:00:00+01:00,-4.6
2025-11-09T21:00:00+01:00,-4.6
2025-11-10T02:01:00+01:00,-4.6
2025-11-10T03:00:00+01:00,-4.6
2025-11-10T06:00:00+01:00,-4.6
2025-11-10T09:00:00+01:00,-4.59
2025-11-10T12:00:00+01:00,-4.58
2025-11-10T15:00:00+01:00,-4.58
2025-11-10T18:00:00+01:00,-4.58
2025-11-10T21:00:00+01:00,-4.58
2025-11-11T02:01:00+01:00,-4.58
2025-11-11T03:00:00+01:00,-4.58
2025-11-11T06:00:00+01:00,-4.59
2025-11-11T09:00:00+01:00,-4.59
2025-11-11T12:00:00+01:00,-4.59
2025-11-11T15:00:00+01:00,-4.59
2025-11-11T18:00:00+01:00,-4.59
2025-11-11T21:00:00+01:00,-4.58
2025-11-12T02:01:00+01:00,-4.58
2025-11-12T03:00:00+01:00,-4.58
2025-11-12T06:00:00+01:00,-4.58
2025-11-12T09:00:00+01:00,-4.58
2025-11-12T12:00:00+01:00,-4.57
2025-11-12T15:00:00+01:00,-4.57
2025-11-12T18:00:00+01:00,-4.57
2025-11-12T21:00:00+01:00,-4.57
2025-11-13T02:01:00+01:00,-4.57
2025-11-13T03:00:00+01:00,-4.57
2025-11-13T06:00:00+01:00,-4.58
2025-11-13T09:00:00+01:00,-4.58
2025-11-13T12:00:00+01:00,-4.58
2025-11-13T15:00:00+01:00,-4.59
2025-11-13T18:00:00+01:00,-4.59
2025-11-13T21:00:00+01:00,-4.59
2025-11-14T02:01:00+01:00,-4.58
2025-11-14T03:00:00+01:00,-4.57
2025-11-14T06:00:00+01:00,-4.57
2025-11-14T09:00:00+01:00,-4.58
2025-11-14T12:00:00+01:00,-4.57
2025-11-14T15:00:00+01:00,-4.57
2025-11-14T18:00:00+01:00,-4.57
2025-11-14T21:00:00+01:00,-4.58
2025-11-15T02:01:00+01:00,-4.58
2025-11-15T03:00:00+01:00,-4.57
2025-11-15T06:00:00+01:00,-4.57
2025-11-15T09:00:00+01:00,-4.57
2025-11-15T12:00:00+01:00,-4.57
2025-11-15T15:00:00+01:00,-4.57
2025-11-15T18:00:00+01:00,-4.57
2025-11-15T21:00:00+01:00,-4.57
2025-11-16T02:01:00+01:00,-4.57
2025-11-16T03:00:00+01:00,-4.56
2025-11-16T06:00:00+01:00,-4.57
2025-11-16T09:00:00+01:00,-4.59
2025-11-16T12:00:00+01:00,-4.59
2025-11-16T15:00:00+01:00,-4.59
2025-11-16T18:00:00+01:00,-4.59
2025-11-16T21:00:00+01:00,-4.59
2025-11-17T02:01:00+01:00,-4.59
2025-11-17T03:00:00+01:00,-4.6
2025-11-17T06:00:00+01:00,-4.6
2025-11-17T09:00:00+01:00,-4.6
2025-11-17T12:00:00+01:00,-4.61
2025-11-17T15:00:00+01:00,-4.61
2025-11-17T18:00:00+01:00,-4.61
2025-11-17T21:00:00+01:00,-4.62
2025-11-18T02:01:00+01:00,-4.62
2025-11-18T03:00:00+01:00,-4.61
2025-11-18T06:00:00+01:00,-4.61
2025-11-18T09:00:00+01:00,-4.6
2025-11-18T12:00:00+01:00,-4.59
2025-11-18T15:00:00+01:00,-4.59
2025-11-18T18:00:00+01:00,-4.58
2025-11-18T21:00:00+01:00,-4.57
2025-11-19T02:01:00+01:00,-4.56
2025-11-19T03:00:00+01:00,-4.54
2025-11-19T06:00:00+01:00,-4.53
2025-11-19T09:00:00+01:00,-4.53
2025-11-19T12:00:00+01:00,-4.53
2025-11-19T15:00:00+01:00,-4.54
2025-11-19T18:00:00+01:00,-4.56
2025-11-19T21:00:00+01:00,-4.57
2025-11-20T02:01:00+01:00,-4.58
2025-11-20T03:00:00+01:00,-4.61
2025-11-20T06:00:00+01:00,-4.62
2025-11-20T09:00:00+01:00,-4.63
2025-11-20T12:00:00+01:00,-4.62
2025-11-20T15:00:00+01:00,-4.62
2025-11-20T18:00:00+01:00,-4.62
2025-11-20T21:00:00+01:00,-4.62
2025-11-21T02:01:00+01:00,-4.65
2025-11-21T03:00:00+01:00,-4.66
2025-11-21T06:00:00+01:00,-4.67
2025-11-21T09:00:00+01:00,-4.68
2025-11-21T12:00:00+01:00,-4.69
2025-11-21T15:00:00+01:00,-4.68
2025-11-21T18:00:00+01:00,-4.67
2025-11-21T21:00:00+01:00,-4.68
2025-11-22T02:01:00+01:00,-4.69
2025-11-22T03:00:00+01:00,-4.69
2025-11-22T06:00:00+01:00,-4.7
2025-11-22T09:00:00+01:00,-4.7
2025-11-22T12:00:00+01:00,-4.7
2025-11-22T15:00:00+01:00,-4.69
2025-11-22T18:00:00+01:00,-4.67
2025-11-22T21:00:00+01:00,-4.67
2025-11-23T02:01:00+01:00,-4.67
2025-11-23T03:00:00+01:00,-4.67
2025-11-23T06:00:00+01:00,-4.66
2025-11-23T09:00:00+01:00,-4.67
2025-11-23T12:00:00+01:00,-4.64
2025-11-23T15:00:00+01:00,-4.63
2025-11-23T18:00:00+01:00,-4.62
2025-11-23T21:00:00+01:00,-4.61
2025-11-24T02:01:00+01:00,-4.59
2025-11-24T03:00:00+01:00,-4.56
2025-11-24T06:00:00+01:00,-4.54
2025-11-24T09:00:00+01:00,-4.54
2025-11-24T12:00:00+01:00,-4.54
2025-11-24T15:00:00+01:00,-4.54
2025-11-24T18:00:00+01:00,-4.54
2025-11-24T21:00:00+01:00,-4.54
2025-11-25T02:01:00+01:00,-4.56
2025-11-25T03:00:00+01:00,-4.58
2025-11-25T06:00:00+01:00,-4.61
2025-11-25T09:00:00+01:00,-4.64
2025-11-25T12:00:00+01:00,-4.63
2025-11-25T15:00:00+01:00,-4.62
2025-11-25T18:00:00+01:00,-4.62
2025-11-25T21:00:00+01:00,-4.63
2025-11-26T02:01:00+01:00,-4.65
2025-11-26T03:00:00+01:00,-4.66
2025-11-26T06:00:00+01:00,-4.66
2025-11-26T09:00:00+01:00,-4.67
2025-11-26T12:00:00+01:00,-4.68
2025-11-26T15:00:00+01:00,-4.69
2025-11-26T18:00:00+01:00,-4.68
2025-11-26T21:00:00+01:00,-4.66
2025-11-27T02:01:00+01:00,-4.64
2025-11-27T03:00:00+01:00,-4.64
2025-11-27T06:00:00+01:00,-4.63
2025-11-27T09:00:00+01:00,-4.63
2025-11-27T12:00:00+01:00,-4.62
2025-11-27T15:00:00+01:00,-4.61
2025-11-27T18:00:00+01:00,-4.6
2025-11-27T21:00:00+01:00,-4.58
2025-11-28T02:01:00+01:00,-4.57
2025-11-28T03:00:00+01:00,-4.56
2025-11-28T06:00:00+01:00,-4.56
2025-11-28T09:00:00+01:00,-4.56
2025-11-28T12:00:00+01:00,-4.55
2025-11-28T15:00:00+01:00,-4.55
2025-11-28T18:00:00+01:00,-4.56
2025-11-28T21:00:00+01:00,-4.55
2025-11-29T02:01:00+01:00,-4.55
2025-11-29T03:00:00+01:00,-4.55
2025-11-29T06:00:00+01:00,-4.54
2025-11-29T09:00:00+01:00,-4.54
2025-11-29T12:00:00+01:00,-4.53
2025-11-29T15:00:00+01:00,-4.53
2025-11-29T18:00:00+01:00,-4.53
2025-11-29T21:00:00+01:00,-4.53
2025-11-30T02:01:00+01:00,-4.53
2025-11-30T03:00:00+01:00,-4.53
2025-11-30T06:00:00+01:00,-4.54
2025-11-30T09:00:00+01:00,-4.55
2025-11-30T12:00:00+01:00,-4.55
2025-11-30T15:00:00+01:00,-4.55
2025-11-30T18:00:00+01:00,-4.56
2025-11-30T21:00:00+01:00,-4.56
2025-12-01T02:01:00+01:00,-4.56
2025-12-01T03:00:00+01:00,-4.55
2025-12-01T06:00:00+01:00,-4.56
2025-12-01T09:00:00+01:00,-4.58
2025-12-01T12:00:00+01:00,-4.58
2025-12-01T15:00:00+01:00,-4.56
2025-12-01T18:00:00+01:00,-4.55
2025-12-01T21:00:00+01:00,-4.55
2025-12-02T02:01:00+01:00,-4.53
2025-12-02T03:00:00+01:00,-4.53
2025-12-02T06:00:00+01:00,-4.54
2025-12-02T09:00:00+01:00,-4.54
2025-12-02T12:00:00+01:00,-4.55
2025-12-02T15:00:00+01:00,-4.55
2025-12-02T18:00:00+01:00,-4.55
2025-12-02T21:00:00+01:00,-4.56
2025-12-03T02:01:00+01:00,-4.56
2025-12-03T03:00:00+01:00,-4.55
2025-12-03T06:00:00+01:00,-4.55
2025-12-03T09:00:00+01:00,-4.55
2025-12-03T12:00:00+01:00,-4.55
2025-12-03T15:00:00+01:00,-4.56
2025-12-03T18:00:00+01:00,-4.56
2025-12-03T21:00:00+01:00,-4.56
2025-12-04T02:01:00+01:00,-4.55
2025-12-04T03:00:00+01:00,-4.55
2025-12-04T06:00:00+01:00,-4.54
2025-12-04T09:00:00+01:00,-4.54
2025-12-04T12:00:00+01:00,-4.54
2025-12-04T15:00:00+01:00,-4.54
2025-12-04T18:00:00+01:00,-4.54
2025-12-04T21:00:00+01:00,-4.55
2025-12-05T02:01:00+01:00,-4.56
2025-12-05T03:00:00+01:00,-4.56
2025-12-05T06:00:00+01:00,-4.57
2025-12-05T09:00:00+01:00,-4.6
2025-12-05T12:00:00+01:00,-4.62
2025-12-05T15:00:00+01:00,-4.63
2025-12-05T18:00:00+01:00,-4.62
2025-12-05T21:00:00+01:00,-4.62
2025-12-06T02:01:00+01:00,-4.6
2025-12-06T03:00:00+01:00,-4.6
2025-12-06T06:00:00+01:00,-4.59
2025-12-06T09:00:00+01:00,-4.58
2025-12-06T12:00:00+01:00,-4.57
2025-12-06T15:00:00+01:00,-4.56
2025-12-06T18:00:00+01:00,-4.56
2025-12-06T21:00:00+01:00,-4.56
2025-12-07T02:01:00+01:00,-4.56
2025-12-07T03:00:00+01:00,-4.56
2025-12-07T06:00:00+01:00,-4.56
2025-12-07T09:00:00+01:00,-4.56
2025-12-07T12:00:00+01:00,-4.55
2025-12-07T15:00:00+01:00,-4.54
2025-12-07T18:00:00+01:00,-4.53
2025-12-07T21:00:00+01:00,-4.54
2025-12-08T02:01:00+01:00,-4.55
2025-12-08T03:00:00+01:00,-4.55
2025-12-08T06:00:00+01:00,-4.56
2025-12-08T09:00:00+01:00,-4.56
2025-12-08T12:00:00+01:00,-4.56
2025-12-08T15:00:00+01:00,-4.56
2025-12-08T18:00:00+01:00,-4.56
2025-12-08T21:00:00+01:00,-4.57
2025-12-09T02:01:00+01:00,-4.57
2025-12-09T03:00:00+01:00,-4.57
2025-12-09T06:00:00+01:00,-4.57
2025-12-09T09:00:00+01:00,-4.57
2025-12-09T12:00:00+01:00,-4.56
2025-12-09T15:00:00+01:00,-4.56
2025-12-09T18:00:00+01:00,-4.56
2025-12-09T21:00:00+01:00,-4.57
2025-12-10T02:01:00+01:00,-4.57
2025-12-10T03:00:00+01:00,-4.57
2025-12-10T06:00:00+01:00,-4.58
2025-12-10T09:00:00+01:00,-4.58
2025-12-10T12:00:00+01:00,-4.58
2025-12-10T15:00:00+01:00,-4.58
2025-12-10T18:00:00+01:00,-4.6
2025-12-10T21:00:00+01:00,-4.6
2025-12-11T02:01:00+01:00,-4.6
2025-12-11T03:00:00+01:00,-4.59
2025-12-11T06:00:00+01:00,-4.6
2025-12-11T09:00:00+01:00,-4.59
2025-12-11T12:00:00+01:00,-4.59
2025-12-11T15:00:00+01:00,-4.59
2025-12-11T18:00:00+01:00,-4.59
2025-12-11T21:00:00+01:00,-4.59
2025-12-12T02:01:00+01:00,-4.59
2025-12-12T03:00:00+01:00,-4.58
2025-12-12T06:00:00+01:00,-4.59
2025-12-12T09:00:00+01:00,-4.59
2025-12-12T12:00:00+01:00,-4.58
2025-12-12T15:00:00+01:00,-4.59
2025-12-12T18:00:00+01:00,-4.59
2025-12-12T21:00:00+01:00,-4.59
2025-12-13T02:01:00+01:00,-4.6
2025-12-13T03:00:00+01:00,-4.6
2025-12-13T06:00:00+01:00,-4.61
2025-12-13T09:00:00+01:00,-4.61
2025-12-13T12:00:00+01:00,-4.6
2025-12-13T15:00:00+01:00,-4.61
2025-12-13T18:00:00+01:00,-4.61
2025-12-13T21:00:00+01:00,-4.6
2025-12-14T02:01:00+01:00,-4.61
2025-12-14T03:00:00+01:00,-4.62
2025-12-14T06:00:00+01:00,-4.63
2025-12-14T09:00:00+01:00,-4.64
2025-12-14T12:00:00+01:00,-4.61
2025-12-14T15:00:00+01:00,-4.6
2025-12-14T18:00:00+01:00,-4.58
2025-12-14T21:00:00+01:00,-4.58
2025-12-15T02:01:00+01:00,-4.58
2025-12-15T03:00:00+01:00,-4.57
2025-12-15T06:00:00+01:00,-4.57
2025-12-15T09:00:00+01:00,-4.57
2025-12-15T12:00:00+01:00,-4.56
2025-12-15T15:00:00+01:00,-4.56
2025-12-15T18:00:00+01:00,-4.57
2025-12-15T21:00:00+01:00,-4.57
2025-12-16T02:01:00+01:00,-4.56
2025-12-16T03:00:00+01:00,-4.56
2025-12-16T06:00:00+01:00,-4.56
2025-12-16T09:00:00+01:00,-4.57
2025-12-16T12:00:00+01:00,-4.57
2025-12-16T15:00:00+01:00,-4.57
2025-12-16T18:00:00+01:00,-4.57
2025-12-16T21:00:00+01:00,-4.58
2025-12-17T02:01:00+01:00,-4.58
2025-12-17T03:00:00+01:00,-4.58
2025-12-17T06:00:00+01:00,-4.58
2025-12-17T09:00:00+01:00,-4.59
2025-12-17T12:00:00+01:00,-4.58
2025-12-17T15:00:00+01:00,-4.58
2025-12-17T18:00:00+01:00,-4.59
2025-12-17T21:00:00+01:00,-4.58
2025-12-18T02:01:00+01:00,-4.58
2025-12-18T03:00:00+01:00,-4.58
2025-12-18T06:00:00+01:00,-4.58
2025-12-18T09:00:00+01:00,-4.57
2025-12-18T12:00:00+01:00,-4.56
2025-12-18T15:00:00+01:00,-4.56
2025-12-18T18:00:00+01:00,-4.56
2025-12-18T21:00:00+01:00,-4.56
2025-12-19T02:01:00+01:00,-4.57
2025-12-19T03:00:00+01:00,-4.57
2025-12-19T06:00:00+01:00,-4.58
2025-12-19T09:00:00+01:00,-4.58
2025-12-19T12:00:00+01:00,-4.59
2025-12-19T15:00:00+01:00,-4.59
2025-12-19T18:00:00+01:00,-4.59
2025-12-19T21:00:00+01:00,-4.59
2025-12-20T02:01:00+01:00,-4.59
2025-12-20T03:00:00+01:00,-4.59
2025-12-20T06:00:00+01:00,-4.59
2025-12-20T09:00:00+01:00,-4.61
2025-12-20T12:00:00+01:00,-4.61
2025-12-20T15:00:00+01:00,-4.61
2025-12-20T18:00:00+01:00,-4.61
2025-12-20T21:00:00+01:00,-4.59
2025-12-21T02:01:00+01:00,-4.58
2025-12-21T03:00:00+01:00,-4.58
2025-12-21T06:00:00+01:00,-4.58
2025-12-21T09:00:00+01:00,-4.58
2025-12-21T12:00:00+01:00,-4.57
2025-12-21T15:00:00+01:00,-4.57
2025-12-21T18:00:00+01:00,-4.57
2025-12-21T21:00:00+01:00,-4.57
2025-12-22T02:01:00+01:00,-4.57
2025-12-22T03:00:00+01:00,-4.57
2025-12-22T06:00:00+01:00,-4.57
2025-12-22T09:00:00+01:00,-4.58
2025-12-22T12:00:00+01:00,-4.58
2025-12-22T15:00:00+01:00,-4.58
2025-12-22T18:00:00+01:00,-4.58
2025-12-22T21:00:00+01:00,-4.58
2025-12-23T02:01:00+01:00,-4.59
2025-12-23T03:00:00+01:00,-4.59
2025-12-23T06:00:00+01:00,-4.59
2025-12-23T09:00:00+01:00,-4.6
2025-12-23T12:00:00+01:00,-4.61
2025-12-23T15:00:00+01:00,-4.64
2025-12-23T18:00:00+01:00,-4.67
2025-12-23T21:00:00+01:00,-4.68
2025-12-24T02:01:00+01:00,-4.69
2025-12-24T03:00:00+01:00,-4.71
2025-12-24T06:00:00+01:00,-4.73
2025-12-24T09:00:00+01:00,-4.76
2025-12-24T12:00:00+01:00,-4.75
2025-12-24T15:00:00+01:00,-4.75
2025-12-24T18:00:00+01:00,-4.75
2025-12-24T21:00:00+01:00,-4.74
2025-12-25T02:01:00+01:00,-4.76
2025-12-25T03:00:00+01:00,-4.76
2025-12-25T06:00:00+01:00,-4.77
2025-12-25T09:00:00+01:00,-4.73
2025-12-25T12:00:00+01:00,-4.7
2025-12-25T15:00:00+01:00,-4.73
2025-12-25T18:00:00+01:00,-4.76
2025-12-25T21:00:00+01:00,-4.75
2025-12-26T02:01:00+01:00,-4.72
2025-12-26T03:00:00+01:00,-4.7
2025-12-26T06:00:00+01:00,-4.69
2025-12-26T09:00:00+01:00,-4.69
2025-12-26T12:00:00+01:00,-4.69
2025-12-26T15:00:00+01:00,-4.73
2025-12-26T18:00:00+01:00,-4.75
2025-12-26T21:00:00+01:00,-4.76
2025-12-27T02:01:00+01:00,-4.77
2025-12-27T03:00:00+01:00,-4.78
2025-12-27T06:00:00+01:00,-4.78
2025-12-27T09:00:00+01:00,-4.79
2025-12-27T12:00:00+01:00,-4.78
2025-12-27T15:00:00+01:00,-4.76
2025-12-27T18:00:00+01:00,-4.73
2025-12-27T21:00:00+01:00,-4.71
2025-12-28T02:01:00+01:00,-4.69
2025-12-28T03:00:00+01:00,-4.68
2025-12-28T06:00:00+01:00,-4.68
2025-12-28T09:00:00+01:00,-4.68
2025-12-28T12:00:00+01:00,-4.68
2025-12-28T15:00:00+01:00,-4.68
2025-12-28T18:00:00+01:00,-4.67
2025-12-28T21:00:00+01:00,-4.69
2025-12-29T02:01:00+01:00,-4.7
2025-12-29T03:00:00+01:00,-4.71
2025-12-29T06:00:00+01:00,-4.7
2025-12-29T09:00:00+01:00,-4.69
2025-12-29T12:00:00+01:00,-4.67
2025-12-29T15:00:00+01:00,-4.67
2025-12-29T18:00:00+01:00,-4.67
2025-12-29T21:00:00+01:00,-4.67
2025-12-30T02:01:00+01:00,-4.67
2025-12-30T03:00:00+01:00,-4.68
2025-12-30T06:00:00+01:00,-4.69
2025-12-30T09:00:00+01:00,-4.71
2025-12-30T12:00:00+01:00,-4.71
2025-12-30T15:00:00+01:00,-4.7
2025-12-30T18:00:00+01:00,-4.7
2025-12-30T21:00:00+01:00,-4.7
2025-12-31T02:01:00+01:00,-4.71
2025-12-31T03:00:00+01:00,-4.71
2025-12-31T06:00:00+01:00,-4.71
2025-12-31T09:00:00+01:00,-4.7
2025-12-31T12:00:00+01:00,-4.69
2025-12-31T15:00:00+01:00,-4.68
2025-12-31T18:00:00+01:00,-4.66
2025-12-31T21:00:00+01:00,-4.65
2026-01-01T02:01:00+01:00,-4.65
2026-01-01T03:00:00+01:00,-4.63
2026-01-01T06:00:00+01:00,-4.62
2026-01-01T09:00:00+01:00,-4.61
2026-01-01T12:00:00+01:00,-4.61
2026-01-01T15:00:00+01:00,-4.6
2026-01-01T18:00:00+01:00,-4.6
2026-01-01T21:00:00+01:00,-4.6
2026-01-02T02:01:00+01:00,-4.6
2026-01-02T03:00:00+01:00,-4.61
2026-01-02T06:00:00+01:00,-4.62
2026-01-02T09:00:00+01:00,-4.62
2026-01-02T12:00:00+01:00,-4.62
2026-01-02T15:00:00+01:00,-4.63
2026-01-02T18:00:00+01:00,-4.63
2026-01-02T21:00:00+01:00,-4.62
2026-01-03T02:01:00+01:00,-4.62
2026-01-03T03:00:00+01:00,-4.6
2026-01-03T06:00:00+01:00,-4.61
2026-01-03T09:00:00+01:00,-4.62
2026-01-03T12:00:00+01:00,-4.64
2026-01-03T15:00:00+01:00,-4.64
2026-01-03T18:00:00+01:00,-4.64
2026-01-03T21:00:00+01:00,-4.64
2026-01-04T02:01:00+01:00,-4.65
2026-01-04T03:00:00+01:00,-4.65
2026-01-04T06:00:00+01:00,-4.65
2026-01-04T09:00:00+01:00,-4.65
2026-01-04T12:00:00+01:00,-4.65
2026-01-04T15:00:00+01:00,-4.65
2026-01-04T18:00:00+01:00,-4.65
2026-01-04T21:00:00+01:00,-4.65
2026-01-05T02:01:00+01:00,-4.64
2026-01-05T03:00:00+01:00,-4.64
2026-01-05T06:00:00+01:00,-4.65
2026-01-05T09:00:00+01:00,-4.65
2026-01-05T12:00:00+01:00,-4.66
2026-01-05T15:00:00+01:00,-4.67
2026-01-05T18:00:00+01:00,-4.67
2026-01-05T21:00:00+01:00,-4.68
2026-01-06T02:01:00+01:00,-4.68
2026-01-06T03:00:00+01:00,-4.68
2026-01-06T06:00:00+01:00,-4.68
2026-01-06T09:00:00+01:00,-4.68
2026-01-06T12:00:00+01:00,-4.68
2026-01-06T15:00:00+01:00,-4.68
2026-01-06T18:00:00+01:00,-4.67
2026-01-06T21:00:00+01:00,-4.68
2026-01-07T02:01:00+01:00,-4.67
2026-01-07T03:00:00+01:00,-4.66
2026-01-07T06:00:00+01:00,-4.65
2026-01-07T09:00:00+01:00,-4.65
2026-01-07T12:00:00+01:00,-4.64
2026-01-07T15:00:00+01:00,-4.64
2026-01-07T18:00:00+01:00,-4.65
2026-01-07T21:00:00+01:00,-4.65
2026-01-08T02:01:00+01:00,-4.65
2026-01-08T03:00:00+01:00,-4.65
2026-01-08T06:00:00+01:00,-4.66
2026-01-08T09:00:00+01:00,-4.66
2026-01-08T12:00:00+01:00,-4.66
2026-01-08T15:00:00+01:00,-4.68
2026-01-08T18:00:00+01:00,-4.68
2026-01-08T21:00:00+01:00,-4.67
2026-01-09T02:01:00+01:00,-4.66
2026-01-09T03:00:00+01:00,-4.66
2026-01-09T06:00:00+01:00,-4.66
2026-01-09T09:00:00+01:00,-4.66
2026-01-09T12:00:00+01:00,-4.67
2026-01-09T15:00:00+01:00,-4.68
2026-01-09T18:00:00+01:00,-4.71
2026-01-09T21:00:00+01:00,-4.73
2026-01-10T02:01:00+01:00,-4.75
2026-01-10T03:00:00+01:00,-4.77
2026-01-10T06:00:00+01:00,-4.78
2026-01-10T09:00:00+01:00,-4.8
2026-01-10T12:00:00+01:00,-4.81
2026-01-10T15:00:00+01:00,-4.82
2026-01-10T18:00:00+01:00,-4.84
2026-01-10T21:00:00+01:00,-4.84
2026-01-11T02:01:00+01:00,-4.84
2026-01-11T03:00:00+01:00,-4.85
2026-01-11T06:00:00+01:00,-4.84
2026-01-11T09:00:00+01:00,-4.85
2026-01-11T12:00:00+01:00,-4.84
2026-01-11T15:00:00+01:00,-4.84
2026-01-11T18:00:00+01:00,-4.82
2026-01-11T21:00:00+01:00,-4.81
2026-01-12T02:01:00+01:00,-4.8
2026-01-12T03:00:00+01:00,-4.79
2026-01-12T06:00:00+01:00,-4.78
2026-01-12T09:00:00+01:00,-4.78
2026-01-12T12:00:00+01:00,-4.76
2026-01-12T15:00:00+01:00,-4.74
2026-01-12T18:00:00+01:00,-4.72
2026-01-12T21:00:00+01:00,-4.7
2026-01-13T02:01:00+01:00,-4.69
2026-01-13T03:00:00+01:00,-4.68
2026-01-13T06:00:00+01:00,-4.68
2026-01-13T09:00:00+01:00,-4.67
2026-01-13T12:00:00+01:00,-4.66
2026-01-13T15:00:00+01:00,-4.66
2026-01-13T18:00:00+01:00,-4.66
2026-01-13T21:00:00+01:00,-4.66
2026-01-14T02:01:00+01:00,-4.65
2026-01-14T03:00:00+01:00,-4.66
2026-01-14T06:00:00+01:00,-4.67
2026-01-14T09:00:00+01:00,-4.68
2026-01-14T12:00:00+01:00,-4.69
2026-01-14T15:00:00+01:00,-4.68
2026-01-14T18:00:00+01:00,-4.67
2026-01-14T21:00:00+01:00,-4.67
2026-01-15T02:01:00+01:00,-4.67
2026-01-15T03:00:00+01:00,-4.65
2026-01-15T06:00:00+01:00,-4.64
2026-01-15T09:00:00+01:00,-4.64
2026-01-15T12:00:00+01:00,-4.64
2026-01-15T15:00:00+01:00,-4.63
2026-01-15T18:00:00+01:00,-4.62
2026-01-15T21:00:00+01:00,-4.62
2026-01-16T02:01:00+01:00,-4.61
2026-01-16T03:00:00+01:00,-4.62
2026-01-16T06:00:00+01:00,-4.64
2026-01-16T09:00:00+01:00,-4.64
2026-01-16T12:00:00+01:00,-4.63
2026-01-16T15:00:00+01:00,-4.64
2026-01-16T18:00:00+01:00,-4.65
2026-01-16T21:00:00+01:00,-4.64
2026-01-17T02:01:00+01:00,-4.65
2026-01-17T03:00:00+01:00,-4.64
2026-01-17T06:00:00+01:00,-4.64
2026-01-17T09:00:00+01:00,-4.65
2026-01-17T12:00:00+01:00,-4.65
2026-01-17T15:00:00+01:00,-4.65
2026-01-17T18:00:00+01:00,-4.65
2026-01-17T21:00:00+01:00,-4.65
2026-01-18T02:01:00+01:00,-4.65
2026-01-18T03:00:00+01:00,-4.65
2026-01-18T06:00:00+01:00,-4.67
2026-01-18T09:00:00+01:00,-4.68
2026-01-18T12:00:00+01:00,-4.7
2026-01-18T15:00:00+01:00,-4.69
2026-01-18T18:00:00+01:00,-4.67
2026-01-18T21:00:00+01:00,-4.67
2026-01-19T02:01:00+01:00,-4.7
2026-01-19T03:00:00+01:00,-4.72
2026-01-19T06:00:00+01:00,-4.74
2026-01-19T09:00:00+01:00,-4.75
2026-01-19T12:00:00+01:00,-4.76
2026-01-19T15:00:00+01:00,-4.76
2026-01-19T18:00:00+01:00,-4.75
2026-01-19T21:00:00+01:00,-4.75
2026-01-20T02:01:00+01:00,-4.75
2026-01-20T03:00:00+01:00,-4.77
2026-01-20T06:00:00+01:00,-4.8
2026-01-20T09:00:00+01:00,-4.82
2026-01-20T12:00:00+01:00,-4.82
2026-01-20T15:00:00+01:00,-4.81
2026-01-20T18:00:00+01:00,-4.78
2026-01-20T21:00:00+01:00,-4.8
2026-01-21T02:01:00+01:00,-4.81
2026-01-21T03:00:00+01:00,-4.79
2026-01-21T06:00:00+01:00,-4.77
2026-01-21T09:00:00+01:00,-4.76
2026-01-21T12:00:00+01:00,-4.74
2026-01-21T15:00:00+01:00,-4.72
2026-01-21T18:00:00+01:00,-4.7
2026-01-21T21:00:00+01:00,-4.7
2026-01-22T02:01:00+01:00,-4.7
2026-01-22T03:00:00+01:00,-4.72
2026-01-22T06:00:00+01:00,-4.74
2026-01-22T09:00:00+01:00,-4.75
2026-01-22T12:00:00+01:00,-4.77
2026-01-22T15:00:00+01:00,-4.78
2026-01-22T18:00:00+01:00,-4.75
2026-01-22T21:00:00+01:00,-4.76
2026-01-23T02:01:00+01:00,-4.77
2026-01-23T03:00:00+01:00,-4.78
2026-01-23T06:00:00+01:00,-4.78
2026-01-23T09:00:00+01:00,-4.78
2026-01-23T12:00:00+01:00,-4.76
2026-01-23T15:00:00+01:00,-4.73
2026-01-23T18:00:00+01:00,-4.72
2026-01-23T21:00:00+01:00,-4.71
2026-01-24T02:01:00+01:00,-4.74
2026-01-24T03:00:00+01:00,-4.76
2026-01-24T06:00:00+01:00,-4.78
2026-01-24T09:00:00+01:00,-4.8
2026-01-24T12:00:00+01:00,-4.81
2026-01-24T15:00:00+01:00,-4.79
2026-01-24T18:00:00+01:00,-4.75
2026-01-24T21:00:00+01:00,-4.75
2026-01-25T02:01:00+01:00,-4.77
2026-01-25T03:00:00+01:00,-4.78
2026-01-25T06:00:00+01:00,-4.8
2026-01-25T09:00:00+01:00,-4.81
2026-01-25T12:00:00+01:00,-4.81
2026-01-25T15:00:00+01:00,-4.82
2026-01-25T18:00:00+01:00,-4.82
2026-01-25T21:00:00+01:00,-4.82
2026-01-26T02:01:00+01:00,-4.82
2026-01-26T03:00:00+01:00,-4.83
2026-01-26T06:00:00+01:00,-4.84
2026-01-26T09:00:00+01:00,-4.84
2026-01-26T12:00:00+01:00,-4.84
2026-01-26T15:00:00+01:00,-4.84
2026-01-26T18:00:00+01:00,-4.84
2026-01-26T21:00:00+01:00,-4.84
2026-01-27T02:01:00+01:00,-4.84
2026-01-27T03:00:00+01:00,-4.85
2026-01-27T06:00:00+01:00,-4.85
2026-01-27T09:00:00+01:00,-4.85
2026-01-27T12:00:00+01:00,-4.83
2026-01-27T15:00:00+01:00,-4.84
2026-01-27T18:00:00+01:00,-4.82
2026-01-27T21:00:00+01:00,-4.82
2026-01-28T02:01:00+01:00,-4.82
2026-01-28T03:00:00+01:00,-4.81
2026-01-28T06:00:00+01:00,-4.8
2026-01-28T09:00:00+01:00,-4.8
2026-01-28T12:00:00+01:00,-4.8
2026-01-28T15:00:00+01:00,-4.81
2026-01-28T18:00:00+01:00,-4.82
2026-01-28T21:00:00+01:00,-4.83
2026-01-29T02:01:00+01:00,-4.84
2026-01-29T03:00:00+01:00,-4.84
2026-01-29T06:00:00+01:00,-4.85
2026-01-29T09:00:00+01:00,-4.85
2026-01-29T12:00:00+01:00,-4.85
2026-01-29T15:00:00+01:00,-4.86
2026-01-29T18:00:00+01:00,-4.86
2026-01-29T21:00:00+01:00,-4.86
2026-01-30T02:01:00+01:00,-4.86
2026-01-30T03:00:00+01:00,-4.86
2026-01-30T06:00:00+01:00,-4.86
2026-01-30T09:00:00+01:00,-4.87
2026-01-30T12:00:00+01:00,-4.87
2026-01-30T15:00:00+01:00,-4.87
2026-01-30T18:00:00+01:00,-4.86
2026-01-30T21:00:00+01:00,-4.86
2026-01-31T02:01:00+01:00,-4.86
2026-01-31T03:00:00+01:00,-4.84
2026-01-31T06:00:00+01:00,-4.84
2026-01-31T09:00:00+01:00,-4.84
2026-01-31T12:00:00+01:00,-4.81
2026-01-31T15:00:00+01:00,-4.8
2026-01-31T18:00:00+01:00,-4.77
2026-01-31T21:00:00+01:00,-4.77
2026-02-01T02:01:00+01:00,-4.76
2026-02-01T03:00:00+01:00,-4.76
2026-02-01T06:00:00+01:00,-4.77
2026-02-01T09:00:00+01:00,-4.78
2026-02-01T12:00:00+01:00,-4.77
2026-02-01T15:00:00+01:00,-4.75
2026-02-01T18:00:00+01:00,-4.74
2026-02-01T21:00:00+01:00,-4.73
2026-02-02T02:01:00+01:00,-4.73
2026-02-02T03:00:00+01:00,-4.72
2026-02-02T06:00:00+01:00,-4.74
2026-02-02T09:00:00+01:00,-4.77
2026-02-02T12:00:00+01:00,-4.78
2026-02-02T15:00:00+01:00,-4.78
2026-02-02T18:00:00+01:00,-4.75
2026-02-02T21:00:00+01:00,-4.78
2026-02-03T02:01:00+01:00,-4.81
2026-02-03T03:00:00+01:00,-4.82
2026-02-03T06:00:00+01:00,-4.83
2026-02-03T09:00:00+01:00,-4.84
2026-02-03T12:00:00+01:00,-4.85
2026-02-03T15:00:00+01:00,-4.86
2026-02-03T18:00:00+01:00,-4.86
2026-02-03T21:00:00+01:00,-4.86
2026-02-04T02:01:00+01:00,-4.86
2026-02-04T03:00:00+01:00,-4.86
2026-02-04T06:00:00+01:00,-4.83
2026-02-04T09:00:00+01:00,-4.8
2026-02-04T12:00:00+01:00,-4.77
2026-02-04T15:00:00+01:00,-4.75
2026-02-04T18:00:00+01:00,-4.74
2026-02-04T21:00:00+01:00,-4.74
2026-02-05T02:01:00+01:00,-4.78
2026-02-05T03:00:00+01:00,-4.8
2026-02-05T06:00:00+01:00,-4.81
2026-02-05T09:00:00+01:00,-4.82
2026-02-05T12:00:00+01:00,-4.83
2026-02-05T15:00:00+01:00,-4.83
2026-02-05T18:00:00+01:00,-4.83
2026-02-05T21:00:00+01:00,-4.84
2026-02-06T02:01:00+01:00,-4.84
2026-02-06T03:00:00+01:00,-4.84
2026-02-06T06:00:00+01:00,-4.84
2026-02-06T09:00:00+01:00,-4.84
2026-02-06T12:00:00+01:00,-4.85
2026-02-06T15:00:00+01:00,-4.83
2026-02-06T18:00:00+01:00,-4.81
2026-02-06T21:00:00+01:00,-4.79
2026-02-07T02:01:00+01:00,-4.77
2026-02-07T03:00:00+01:00,-4.77
2026-02-07T06:00:00+01:00,-4.76
2026-02-07T09:00:00+01:00,-4.77
2026-02-07T12:00:00+01:00,-4.77
2026-02-07T15:00:00+01:00,-4.77
2026-02-07T18:00:00+01:00,-4.76
2026-02-07T21:00:00+01:00,-4.76
2026-02-08T02:01:00+01:00,-4.76
2026-02-08T03:00:00+01:00,-4.76
2026-02-08T06:00:00+01:00,-4.76
2026-02-08T09:00:00+01:00,-4.76
2026-02-08T12:00:00+01:00,-4.76
2026-02-08T15:00:00+01:00,-4.76
2026-02-08T18:00:00+01:00,-4.76
2026-02-08T21:00:00+01:00,-4.76
2026-02-09T02:01:00+01:00,-4.77
2026-02-09T03:00:00+01:00,-4.77
2026-02-09T06:00:00+01:00,-4.79
2026-02-09T09:00:00+01:00,-4.81
2026-02-09T12:00:00+01:00,-4.82
2026-02-09T15:00:00+01:00,-4.81
2026-02-09T18:00:00+01:00,-4.8
2026-02-09T21:00:00+01:00,-4.78
2026-02-10T02:01:00+01:00,-4.78
2026-02-10T03:00:00+01:00,-4.8
2026-02-10T06:00:00+01:00,-4.81
2026-02-10T09:00:00+01:00,-4.82
2026-02-10T12:00:00+01:00,-4.8
2026-02-10T15:00:00+01:00,-4.77
2026-02-10T18:00:00+01:00,-4.74
2026-02-10T21:00:00+01:00,-4.72
2026-02-11T02:01:00+01:00,-4.7
2026-02-11T03:00:00+01:00,-4.69
2026-02-11T06:00:00+01:00,-4.69
2026-02-11T09:00:00+01:00,-4.69
2026-02-11T12:00:00+01:00,-4.68
2026-02-11T15:00:00+01:00,-4.67
2026-02-11T18:00:00+01:00,-4.67
2026-02-11T21:00:00+01:00,-4.66
2026-02-12T02:01:00+01:00,-4.65
2026-02-12T03:00:00+01:00,-4.65
2026-02-12T06:00:00+01:00,-4.66
2026-02-12T09:00:00+01:00,-4.67
2026-02-12T12:00:00+01:00,-4.67
2026-02-12T15:00:00+01:00,-4.68
2026-02-12T18:00:00+01:00,-4.69
2026-02-12T21:00:00+01:00,-4.69
2026-02-13T02:01:00+01:00,-4.71
2026-02-13T03:00:00+01:00,-4.73
2026-02-13T06:00:00+01:00,-4.75
2026-02-13T09:00:00+01:00,-4.77
2026-02-13T12:00:00+01:00,-4.79
2026-02-13T15:00:00+01:00,-4.8
2026-02-13T18:00:00+01:00,-4.82
2026-02-13T21:00:00+01:00,-4.84
2026-02-14T02:01:00+01:00,-4.85
2026-02-14T03:00:00+01:00,-4.86
2026-02-14T06:00:00+01:00,-4.88
2026-02-14T09:00:00+01:00,-4.89
2026-02-14T12:00:00+01:00,-4.89
2026-02-14T15:00:00+01:00,-4.89
2026-02-14T18:00:00+01:00,-4.9
2026-02-14T21:00:00+01:00,-4.9
2026-02-15T02:01:00+01:00,-4.91
2026-02-15T03:00:00+01:00,-4.91
2026-02-15T06:00:00+01:00,-4.9
2026-02-15T09:00:00+01:00,-4.88
2026-02-15T12:00:00+01:00,-4.87
2026-02-15T15:00:00+01:00,-4.84
2026-02-15T18:00:00+01:00,-4.81
2026-02-15T21:00:00+01:00,-4.81
2026-02-16T02:01:00+01:00,-4.81
2026-02-16T03:00:00+01:00,-4.81
2026-02-16T06:00:00+01:00,-4.8
2026-02-16T09:00:00+01:00,-4.78
2026-02-16T12:00:00+01:00,-4.77
2026-02-16T15:00:00+01:00,-4.76
2026-02-16T18:00:00+01:00,-4.75
2026-02-16T21:00:00+01:00,-4.76
2026-02-17T02:01:00+01:00,-4.78
2026-02-17T03:00:00+01:00,-4.78
2026-02-17T06:00:00+01:00,-4.79
2026-02-17T09:00:00+01:00,-4.79
2026-02-17T12:00:00+01:00,-4.8
2026-02-17T15:00:00+01:00,-4.79
2026-02-17T18:00:00+01:00,-4.78
2026-02-17T21:00:00+01:00,-4.8
2026-02-18T02:01:00+01:00,-4.81
2026-02-18T03:00:00+01:00,-4.83
2026-02-18T06:00:00+01:00,-4.84
2026-02-18T09:00:00+01:00,-4.86
2026-02-18T12:00:00+01:00,-4.86
2026-02-18T15:00:00+01:00,-4.85
2026-02-18T18:00:00+01:00,-4.85
2026-02-18T21:00:00+01:00,-4.85
2026-02-19T02:01:00+01:00,-4.85
2026-02-19T03:00:00+01:00,-4.85
2026-02-19T06:00:00+01:00,-4.86
2026-02-19T09:00:00+01:00,-4.87
2026-02-19T12:00:00+01:00,-4.88
2026-02-19T15:00:00+01:00,-4.88
2026-02-19T18:00:00+01:00,-4.86
2026-02-19T21:00:00+01:00,-4.84
2026-02-20T02:01:00+01:00,-4.86
2026-02-20T03:00:00+01:00,-4.88
2026-02-20T06:00:00+01:00,-4.89
2026-02-20T09:00:00+01:00,-4.89
2026-02-20T12:00:00+01:00,-4.87
2026-02-20T15:00:00+01:00,-4.82
2026-02-20T18:00:00+01:00,-4.79
2026-02-20T21:00:00+01:00,-4.76
2026-02-21T02:01:00+01:00,-4.77
2026-02-21T03:00:00+01:00,-4.76
2026-02-21T06:00:00+01:00,-4.76
2026-02-21T09:00:00+01:00,-4.76
2026-02-21T12:00:00+01:00,-4.76
2026-02-21T15:00:00+01:00,-4.76
2026-02-21T18:00:00+01:00,-4.75
2026-02-21T21:00:00+01:00,-4.75
2026-02-22T02:01:00+01:00,-4.74
2026-02-22T03:00:00+01:00,-4.73
2026-02-22T06:00:00+01:00,-4.73
2026-02-22T09:00:00+01:00,-4.72
2026-02-22T12:00:00+01:00,-4.72
2026-02-22T15:00:00+01:00,-4.72
2026-02-22T18:00:00+01:00,-4.72
2026-02-22T21:00:00+01:00,-4.72
2026-02-23T02:01:00+01:00,-4.71
2026-02-23T03:00:00+01:00,-4.71
2026-02-23T06:00:00+01:00,-4.71
2026-02-23T09:00:00+01:00,-4.71
2026-02-23T12:00:00+01:00,-4.71
2026-02-23T15:00:00+01:00,-4.71
2026-02-23T18:00:00+01:00,-4.71
2026-02-23T21:00:00+01:00,-4.71
2026-02-24T02:01:00+01:00,-4.71
2026-02-24T03:00:00+01:00,-4.72
2026-02-24T06:00:00+01:00,-4.71
2026-02-24T09:00:00+01:00,-4.72
2026-02-24T12:00:00+01:00,-4.72
2026-02-24T15:00:00+01:00,-4.71
2026-02-24T18:00:00+01:00,-4.72
2026-02-24T21:00:00+01:00,-4.72
2026-02-25T02:01:00+01:00,-4.72
2026-02-25T03:00:00+01:00,-4.72
2026-02-25T06:00:00+01:00,-4.72
2026-02-25T09:00:00+01:00,-4.72
2026-02-25T12:00:00+01:00,-4.71
2026-02-25T15:00:00+01:00,-4.71
2026-02-25T18:00:00+01:00,-4.71
2026-02-25T21:00:00+01:00,-4.71
2026-02-26T02:01:00+01:00,-4.7
2026-02-26T03:00:00+01:00,-4.7
2026-02-26T06:00:00+01:00,-4.71
2026-02-26T09:00:00+01:00,-4.71
2026-02-26T12:00:00+01:00,-4.7
2026-02-26T15:00:00+01:00,-4.69
2026-02-26T18:00:00+01:00,-4.7
2026-02-26T21:00:00+01:00,-4.7
2026-02-27T02:01:00+01:00,-4.69
2026-02-27T03:00:00+01:00,-4.68
2026-02-27T06:00:00+01:00,-4.69
2026-02-27T09:00:00+01:00,-4.69
2026-02-27T12:00:00+01:00,-4.68
2026-02-27T15:00:00+01:00,-4.68
2026-02-27T18:00:00+01:00,-4.68
2026-02-27T21:00:00+01:00,-4.68
2026-02-28T02:01:00+01:00,-4.68
2026-02-28T03:00:00+01:00,-4.68
2026-02-28T06:00:00+01:00,-4.68
2026-02-28T09:00:00+01:00,-4.68
2026-02-28T12:00:00+01:00,-4.67
2026-02-28T15:00:00+01:00,-4.69
2026-02-28T18:00:00+01:00,-4.7
2026-02-28T21:00:00+01:00,-4.71
2026-03-01T02:01:00+01:00,-4.7
2026-03-01T03:00:00+01:00,-4.7
2026-03-01T06:00:00+01:00,-4.7
2026-03-01T09:00:00+01:00,-4.7
2026-03-01T12:00:00+01:00,-4.69
2026-03-01T15:00:00+01:00,-4.7
2026-03-01T18:00:00+01:00,-4.7
2026-03-01T21:00:00+01:00,-4.7
2026-03-02T02:01:00+01:00,-4.7
2026-03-02T03:00:00+01:00,-4.69
2026-03-02T06:00:00+01:00,-4.69
2026-03-02T09:00:00+01:00,-4.7
2026-03-02T12:00:00+01:00,-4.69
2026-03-02T15:00:00+01:00,-4.69
2026-03-02T18:00:00+01:00,-4.7
2026-03-02T21:00:00+01:00,-4.7
2026-03-03T02:01:00+01:00,-4.7
2026-03-03T03:00:00+01:00,-4.7
2026-03-03T06:00:00+01:00,-4.71
2026-03-03T09:00:00+01:00,-4.71
2026-03-03T12:00:00+01:00,-4.71
2026-03-03T15:00:00+01:00,-4.71
2026-03-03T18:00:00+01:00,-4.72
2026-03-03T21:00:00+01:00,-4.72
2026-03-04T02:01:00+01:00,-4.72
2026-03-04T03:00:00+01:00,-4.72
2026-03-04T06:00:00+01:00,-4.72
2026-03-04T09:00:00+01:00,-4.72
2026-03-04T12:00:00+01:00,-4.71
2026-03-04T15:00:00+01:00,-4.71
2026-03-04T18:00:00+01:00,-4.71
2026-03-04T21:00:00+01:00,-4.7
2026-03-05T02:01:00+01:00,-4.7
2026-03-05T03:00:00+01:00,-4.7
2026-03-05T06:00:00+01:00,-4.7
2026-03-05T09:00:00+01:00,-4.7
2026-03-05T12:00:00+01:00,-4.7
2026-03-05T15:00:00+01:00,-4.69
2026-03-05T18:00:00+01:00,-4.69
2026-03-05T21:00:00+01:00,-4.69
2026-03-06T02:01:00+01:00,-4.69
2026-03-06T03:00:00+01:00,-4.69
2026-03-06T06:00:00+01:00,-4.7
2026-03-06T09:00:00+01:00,-4.7
2026-03-06T12:00:00+01:00,-4.7
2026-03-06T15:00:00+01:00,-4.7
2026-03-06T18:00:00+01:00,-4.71
2026-03-06T21:00:00+01:00,-4.71
2026-03-07T02:01:00+01:00,-4.71
2026-03-07T03:00:00+01:00,-4.71
2026-03-07T06:00:00+01:00,-4.71
2026-03-07T09:00:00+01:00,-4.72
2026-03-07T12:00:00+01:00,-4.72
2026-03-07T15:00:00+01:00,-4.72
2026-03-07T18:00:00+01:00,-4.73
2026-03-07T21:00:00+01:00,-4.72
2026-03-08T02:01:00+01:00,-4.72
2026-03-08T03:00:00+01:00,-4.72
2026-03-08T06:00:00+01:00,-4.72
2026-03-08T09:00:00+01:00,-4.72
2026-03-08T12:00:00+01:00,-4.72
2026-03-08T15:00:00+01:00,-4.71
2026-03-08T18:00:00+01:00,-4.72
2026-03-08T21:00:00+01:00,-4.71
2026-03-09T02:01:00+01:00,-4.71
2026-03-09T03:00:00+01:00,-4.7
2026-03-09T06:00:00+01:00,-4.72
2026-03-09T09:00:00+01:00,-4.76
2026-03-09T12:00:00+01:00,-4.77
2026-03-09T15:00:00+01:00,-4.74
2026-03-09T18:00:00+01:00,-4.73
2026-03-09T21:00:00+01:00,-4.72
2026-03-10T02:01:00+01:00,-4.71
2026-03-10T03:00:00+01:00,-4.7
2026-03-10T06:00:00+01:00,-4.7
2026-03-10T09:00:00+01:00,-4.7
2026-03-10T12:00:00+01:00,-4.7
2026-03-10T15:00:00+01:00,-4.7
2026-03-10T18:00:00+01:00,-4.69
2026-03-10T21:00:00+01:00,-4.69
2026-03-11T02:01:00+01:00,-4.69
2026-03-11T03:00:00+01:00,-4.67
2026-03-11T06:00:00+01:00,-4.67
2026-03-11T09:00:00+01:00,-4.67
2026-03-11T12:00:00+01:00,-4.67
2026-03-11T15:00:00+01:00,-4.68
2026-03-11T18:00:00+01:00,-4.69
2026-03-11T21:00:00+01:00,-4.69
2026-03-12T02:01:00+01:00,-4.7
2026-03-12T03:00:00+01:00,-4.69
2026-03-12T06:00:00+01:00,-4.7
2026-03-12T09:00:00+01:00,-4.69
2026-03-12T12:00:00+01:00,-4.69
2026-03-12T15:00:00+01:00,-4.68
2026-03-12T18:00:00+01:00,-4.68
2026-03-12T21:00:00+01:00,-4.67
2026-03-13T02:01:00+01:00,-4.65
2026-03-13T03:00:00+01:00,-4.64
2026-03-13T06:00:00+01:00,-4.64
2026-03-13T09:00:00+01:00,-4.65
2026-03-13T12:00:00+01:00,-4.65
2026-03-13T15:00:00+01:00,-4.65
2026-03-13T18:00:00+01:00,-4.65
2026-03-13T21:00:00+01:00,-4.64
2026-03-14T02:01:00+01:00,-4.64
2026-03-14T03:00:00+01:00,-4.63
2026-03-14T06:00:00+01:00,-4.64
2026-03-14T09:00:00+01:00,-4.65
2026-03-14T12:00:00+01:00,-4.66
2026-03-14T15:00:00+01:00,-4.66
2026-03-14T18:00:00+01:00,-4.67
2026-03-14T21:00:00+01:00,-4.67
2026-03-15T02:01:00+01:00,-4.69
2026-03-15T03:00:00+01:00,-4.72
2026-03-15T06:00:00+01:00,-4.75
2026-03-15T09:00:00+01:00,-4.77
2026-03-15T12:00:00+01:00,-4.74
2026-03-15T15:00:00+01:00,-4.71
2026-03-15T18:00:00+01:00,-4.69
2026-03-15T21:00:00+01:00,-4.68
2026-03-16T02:01:00+01:00,-4.67
2026-03-16T03:00:00+01:00,-4.67
2026-03-16T06:00:00+01:00,-4.68
2026-03-16T09:00:00+01:00,-4.7
2026-03-16T12:00:00+01:00,-4.69
2026-03-16T15:00:00+01:00,-4.69
2026-03-16T18:00:00+01:00,-4.69
2026-03-16T21:00:00+01:00,-4.69
2026-03-17T02:01:00+01:00,-4.68
2026-03-17T03:00:00+01:00,-4.68
2026-03-17T06:00:00+01:00,-4.68
2026-03-17T09:00:00+01:00,-4.69
2026-03-17T12:00:00+01:00,-4.69
2026-03-17T15:00:00+01:00,-4.69
2026-03-17T18:00:00+01:00,-4.69
2026-03-17T21:00:00+01:00,-4.69
2026-03-18T02:01:00+01:00,-4.7
2026-03-18T03:00:00+01:00,-4.7
2026-03-18T06:00:00+01:00,-4.7
2026-03-18T09:00:00+01:00,-4.71
2026-03-18T12:00:00+01:00,-4.7
2026-03-18T15:00:00+01:00,-4.7
2026-03-18T18:00:00+01:00,-4.7
2026-03-18T21:00:00+01:00,-4.71
2026-03-19T02:01:00+01:00,-4.71
2026-03-19T03:00:00+01:00,-4.7
2026-03-19T06:00:00+01:00,-4.71
2026-03-19T09:00:00+01:00,-4.71
2026-03-19T12:00:00+01:00,-4.7
2026-03-19T15:00:00+01:00,-4.7
2026-03-19T18:00:00+01:00,-4.7
2026-03-19T21:00:00+01:00,-4.7
2026-03-20T02:01:00+01:00,-4.69
2026-03-20T03:00:00+01:00,-4.69
2026-03-20T06:00:00+01:00,-4.7
2026-03-20T09:00:00+01:00,-4.7
2026-03-20T12:00:00+01:00,-4.7
2026-03-20T15:00:00+01:00,-4.69
2026-03-20T18:00:00+01:00,-4.7
2026-03-20T21:00:00+01:00,-4.7
2026-03-21T02:01:00+01:00,-4.69
2026-03-21T03:00:00+01:00,-4.7
2026-03-21T06:00:00+01:00,-4.74
2026-03-21T09:00:00+01:00,-4.77
2026-03-21T12:00:00+01:00,-4.77
2026-03-21T15:00:00+01:00,-4.74
2026-03-21T18:00:00+01:00,-4.72
2026-03-21T21:00:00+01:00,-4.71
2026-03-22T02:01:00+01:00,-4.7
2026-03-22T03:00:00+01:00,-4.7
2026-03-22T06:00:00+01:00,-4.7
2026-03-22T09:00:00+01:00,-4.71
2026-03-22T12:00:00+01:00,-4.7
2026-03-22T15:00:00+01:00,-4.69
2026-03-22T18:00:00+01:00,-4.7
2026-03-22T21:00:00+01:00,-4.69
2026-03-23T02:01:00+01:00,-4.69
2026-03-23T03:00:00+01:00,-4.68
2026-03-23T06:00:00+01:00,-4.7
2026-03-23T09:00:00+01:00,-4.7
2026-03-23T12:00:00+01:00,-4.71
2026-03-23T15:00:00+01:00,-4.7
2026-03-23T18:00:00+01:00,-4.71
2026-03-23T21:00:00+01:00,-4.7
2026-03-24T02:01:00+01:00,-4.7
2026-03-24T03:00:00+01:00,-4.69
2026-03-24T06:00:00+01:00,-4.69
2026-03-24T09:00:00+01:00,-4.69
2026-03-24T12:00:00+01:00,-4.69
2026-03-24T15:00:00+01:00,-4.68
2026-03-24T18:00:00+01:00,-4.67
2026-03-24T21:00:00+01:00,-4.65
2026-03-25T02:01:00+01:00,-4.64
2026-03-25T03:00:00+01:00,-4.65
2026-03-25T06:00:00+01:00,-4.65
2026-03-25T09:00:00+01:00,-4.67
2026-03-25T12:00:00+01:00,-4.68
2026-03-25T15:00:00+01:00,-4.68
2026-03-25T18:00:00+01:00,-4.68
2026-03-25T21:00:00+01:00,-4.69
2026-03-26T02:01:00+01:00,-4.73
2026-03-26T03:00:00+01:00,-4.74
2026-03-26T06:00:00+01:00,-4.76
2026-03-26T09:00:00+01:00,-4.78
2026-03-26T12:00:00+01:00,-4.78
2026-03-26T15:00:00+01:00,-4.78
2026-03-26T18:00:00+01:00,-4.76
2026-03-26T21:00:00+01:00,-4.77
2026-03-27T02:01:00+01:00,-4.79
2026-03-27T03:00:00+01:00,-4.8
2026-03-27T06:00:00+01:00,-4.82
2026-03-27T09:00:00+01:00,-4.82
2026-03-27T12:00:00+01:00,-4.79
2026-03-27T15:00:00+01:00,-4.75
2026-03-27T18:00:00+01:00,-4.74
2026-03-27T21:00:00+01:00,-4.72
2026-03-28T02:01:00+01:00,-4.72
2026-03-28T03:00:00+01:00,-4.71
2026-03-28T06:00:00+01:00,-4.71
2026-03-28T09:00:00+01:00,-4.71
2026-03-28T12:00:00+01:00,-4.71
2026-03-28T15:00:00+01:00,-4.71
2026-03-28T18:00:00+01:00,-4.72
2026-03-28T21:00:00+01:00,-4.73
2026-03-29T01:01:00+01:00,-4.76
2026-03-29T03:00:00+02:00,-4.77
2026-03-29T06:00:00+02:00,-4.78
2026-03-29T09:00:00+02:00,-4.78
2026-03-29T12:00:00+02:00,-4.76
2026-03-29T15:00:00+02:00,-4.73
2026-03-29T18:00:00+02:00,-4.7
2026-03-29T21:00:00+02:00,-4.69
2026-03-30T02:01:00+02:00,-4.68
2026-03-30T03:00:00+02:00,-4.67
2026-03-30T06:00:00+02:00,-4.68
2026-03-30T09:00:00+02:00,-4.69
2026-03-30T12:00:00+02:00,-4.69
2026-03-30T15:00:00+02:00,-4.69
2026-03-30T18:00:00+02:00,-4.7
2026-03-30T21:00:00+02:00,-4.7
2026-03-31T02:01:00+02:00,-4.7
2026-03-31T03:00:00+02:00,-4.71
2026-03-31T06:00:00+02:00,-4.72
2026-03-31T09:00:00+02:00,-4.71
2026-03-31T12:00:00+02:00,-4.71
2026-03-31T15:00:00+02:00,-4.7
2026-03-31T18:00:00+02:00,-4.7
2026-03-31T21:00:00+02:00,-4.7
2026-04-01T02:01:00+02:00,-4.7
2026-04-01T03:00:00+02:00,-4.7
2026-04-01T06:00:00+02:00,-4.7
2026-04-01T09:00:00+02:00,-4.69
2026-04-01T12:00:00+02:00,-4.68
2026-04-01T15:00:00+02:00,-4.68
2026-04-01T18:00:00+02:00,-4.68
2026-04-01T21:00:00+02:00,-4.67
2026-04-02T02:01:00+02:00,-4.67
2026-04-02T03:00:00+02:00,-4.66
2026-04-02T06:00:00+02:00,-4.67
2026-04-02T09:00:00+02:00,-4.67
2026-04-02T12:00:00+02:00,-4.68
2026-04-02T15:00:00+02:00,-4.68
2026-04-02T18:00:00+02:00,-4.68
2026-04-02T21:00:00+02:00,-4.67
2026-04-03T02:01:00+02:00,-4.67
2026-04-03T03:00:00+02:00,-4.67
2026-04-03T06:00:00+02:00,-4.68
2026-04-03T09:00:00+02:00,-4.68
2026-04-03T12:00:00+02:00,-4.67
2026-04-03T15:00:00+02:00,-4.66
2026-04-03T18:00:00+02:00,-4.65
2026-04-03T21:00:00+02:00,-4.66
2026-04-04T02:01:00+02:00,-4.67
2026-04-04T03:00:00+02:00,-4.67
2026-04-04T06:00:00+02:00,-4.68
2026-04-04T09:00:00+02:00,-4.68
2026-04-04T12:00:00+02:00,-4.68
2026-04-04T15:00:00+02:00,-4.67
2026-04-04T18:00:00+02:00,-4.66
2026-04-04T21:00:00+02:00,-4.64
2026-04-05T02:01:00+02:00,-4.63
2026-04-05T03:00:00+02:00,-4.64
2026-04-05T06:00:00+02:00,-4.66
2026-04-05T09:00:00+02:00,-4.67
2026-04-05T12:00:00+02:00,-4.68
2026-04-05T15:00:00+02:00,-4.68
2026-04-05T18:00:00+02:00,-4.69
2026-04-05T21:00:00+02:00,-4.69
2026-04-06T02:01:00+02:00,-4.7
2026-04-06T03:00:00+02:00,-4.7
2026-04-06T06:00:00+02:00,-4.71
2026-04-06T09:00:00+02:00,-4.72
2026-04-06T12:00:00+02:00,-4.72
2026-04-06T15:00:00+02:00,-4.71
2026-04-06T18:00:00+02:00,-4.71
2026-04-06T21:00:00+02:00,-4.71
2026-04-07T02:01:00+02:00,-4.71
2026-04-07T03:00:00+02:00,-4.71
2026-04-07T06:00:00+02:00,-4.71
2026-04-07T09:00:00+02:00,-4.71
2026-04-07T12:00:00+02:00,-4.7
2026-04-07T15:00:00+02:00,-4.7
2026-04-07T18:00:00+02:00,-4.7
2026-04-07T21:00:00+02:00,-4.7
2026-04-08T02:01:00+02:00,-4.7
2026-04-08T03:00:00+02:00,-4.7
2026-04-08T06:00:00+02:00,-4.7
2026-04-08T09:00:00+02:00,-4.7
2026-04-08T12:00:00+02:00,-4.69
2026-04-08T15:00:00+02:00,-4.68
2026-04-08T18:00:00+02:00,-4.66
2026-04-08T21:00:00+02:00,-4.66
2026-04-09T02:01:00+02:00,-4.67
2026-04-09T03:00:00+02:00,-4.67
2026-04-09T06:00:00+02:00,-4.68
2026-04-09T09:00:00+02:00,-4.67
2026-04-09T12:00:00+02:00,-4.67
2026-04-09T15:00:00+02:00,-4.65
2026-04-09T18:00:00+02:00,-4.63
2026-04-09T21:00:00+02:00,-4.65
2026-04-10T02:01:00+02:00,-4.65
2026-04-10T03:00:00+02:00,-4.67
2026-04-10T06:00:00+02:00,-4.67
2026-04-10T09:00:00+02:00,-4.68
2026-04-10T12:00:00+02:00,-4.69
2026-04-10T15:00:00+02:00,-4.69
2026-04-10T18:00:00+02:00,-4.69
2026-04-10T21:00:00+02:00,-4.68
2026-04-11T02:01:00+02:00,-4.68
2026-04-11T03:00:00+02:00,-4.67
2026-04-11T06:00:00+02:00,-4.66
2026-04-11T09:00:00+02:00,-4.65
2026-04-11T12:00:00+02:00,-4.65
2026-04-11T15:00:00+02:00,-4.66
2026-04-11T18:00:00+02:00,-4.66
2026-04-11T21:00:00+02:00,-4.67
2026-04-12T02:01:00+02:00,-4.68
2026-04-12T03:00:00+02:00,-4.68
2026-04-12T06:00:00+02:00,-4.68
2026-04-12T09:00:00+02:00,-4.68
2026-04-12T12:00:00+02:00,-4.67
2026-04-12T15:00:00+02:00,-4.68
2026-04-12T18:00:00+02:00,-4.68
2026-04-12T21:00:00+02:00,-4.68
2026-04-13T02:01:00+02:00,-4.68
2026-04-13T03:00:00+02:00,-4.68
2026-04-13T06:00:00+02:00,-4.68
2026-04-13T09:00:00+02:00,-4.68
2026-04-13T12:00:00+02:00,-4.68
2026-04-13T15:00:00+02:00,-4.67
2026-04-13T18:00:00+02:00,-4.67
2026-04-13T21:00:00+02:00,-4.68
2026-04-14T02:01:00+02:00,-4.67
2026-04-14T03:00:00+02:00,-4.68
2026-04-14T06:00:00+02:00,-4.68
2026-04-14T09:00:00+02:00,-4.69
2026-04-14T12:00:00+02:00,-4.69
2026-04-14T15:00:00+02:00,-4.68
2026-04-14T18:00:00+02:00,-4.69
2026-04-14T21:00:00+02:00,-4.69
2026-04-15T02:01:00+02:00,-4.68
2026-04-15T03:00:00+02:00,-4.68
2026-04-15T06:00:00+02:00,-4.68
2026-04-15T09:00:00+02:00,-4.68
2026-04-15T12:00:00+02:00,-4.67
2026-04-15T15:00:00+02:00,-4.66
2026-04-15T18:00:00+02:00,-4.65
2026-04-15T21:00:00+02:00,-4.66
2026-04-16T02:01:00+02:00,-4.67
2026-04-16T03:00:00+02:00,-4.68
2026-04-16T06:00:00+02:00,-4.69
2026-04-16T09:00:00+02:00,-4.69
2026-04-16T12:00:00+02:00,-4.7
2026-04-16T15:00:00+02:00,-4.69
2026-04-16T18:00:00+02:00,-4.7
2026-04-16T21:00:00+02:00,-4.7
2026-04-17T02:01:00+02:00,-4.7
2026-04-17T03:00:00+02:00,-4.7
2026-04-17T06:00:00+02:00,-4.71
2026-04-17T09:00:00+02:00,-4.71
2026-04-17T12:00:00+02:00,-4.71
2026-04-17T15:00:00+02:00,-4.69
2026-04-17T18:00:00+02:00,-4.68
2026-04-17T21:00:00+02:00,-4.69
2026-04-18T02:01:00+02:00,-4.7
2026-04-18T03:00:00+02:00,-4.7
2026-04-18T06:00:00+02:00,-4.71
2026-04-18T09:00:00+02:00,-4.71
2026-04-18T12:00:00+02:00,-4.71
2026-04-18T15:00:00+02:00,-4.7
2026-04-18T18:00:00+02:00,-4.71
2026-04-18T21:00:00+02:00,-4.71
2026-04-19T02:01:00+02:00,-4.7
2026-04-19T03:00:00+02:00,-4.71
2026-04-19T06:00:00+02:00,-4.71
2026-04-19T09:00:00+02:00,-4.72
2026-04-19T12:00:00+02:00,-4.71
2026-04-19T15:00:00+02:00,-4.71
2026-04-19T18:00:00+02:00,-4.71
2026-04-19T21:00:00+02:00,-4.71
2026-04-20T02:01:00+02:00,-4.71
2026-04-20T03:00:00+02:00,-4.71
2026-04-20T06:00:00+02:00,-4.71
2026-04-20T09:00:00+02:00,-4.71
2026-04-20T12:00:00+02:00,-4.71
2026-04-20T15:00:00+02:00,-4.71
2026-04-20T18:00:00+02:00,-4.72
2026-04-20T21:00:00+02:00,-4.72
2026-04-21T02:01:00+02:00,-4.72
2026-04-21T03:00:00+02:00,-4.72
2026-04-21T06:00:00+02:00,-4.72
2026-04-21T09:00:00+02:00,-4.73
2026-04-21T12:00:00+02:00,-4.76
2026-04-21T15:00:00+02:00,-4.78
2026-04-21T18:00:00+02:00,-4.79
2026-04-21T21:00:00+02:00,-4.79
2026-04-22T02:01:00+02:00,-4.8
2026-04-22T03:00:00+02:00,-4.8
2026-04-22T06:00:00+02:00,-4.8
2026-04-22T09:00:00+02:00,-4.8
2026-04-22T12:00:00+02:00,-4.8
2026-04-22T15:00:00+02:00,-4.8
2026-04-22T18:00:00+02:00,-4.79
2026-04-22T21:00:00+02:00,-4.8
2026-04-23T02:01:00+02:00,-4.8
2026-04-23T03:00:00+02:00,-4.8
2026-04-23T06:00:00+02:00,-4.81
2026-04-23T09:00:00+02:00,-4.82
2026-04-23T12:00:00+02:00,-4.83
2026-04-23T15:00:00+02:00,-4.85
2000-01-14T11:20:00+01:00,-4.59
2011-06-30T11:55:00+02:00,-4.58
2012-06-20T15:07:00+02:00,-4.56
2013-06-19T15:29:00+02:00,-4.54
2014-01-14T17:25:00+01:00,-4.43
2014-05-07T08:30:00+02:00,-4.7
2014-10-23T11:15:00+02:00,-4.56
2015-04-22T14:15:00+02:00,-4.64
2015-10-21T14:58:00+02:00,-4.55
2016-06-01T11:20:00+02:00,-4.59
2016-10-25T14:45:00+02:00,-4.55
2017-04-18T10:40:00+02:00,-4.61
2017-10-17T14:27:00+02:00,-4.48
2018-05-30T18:42:00+02:00,-4.51
2019-04-11T17:35:00+02:00,-4.58
2019-10-21T09:35:00+02:00,-4.47
2020-04-23T07:17:00+02:00,-4.58
2020-10-30T09:24:00+01:00,-4.46
2021-04-15T08:52:00+02:00,-4.63
2021-10-29T07:20:00+02:00,-4.42
2022-04-13T15:05:00+02:00,-4.46
2022-10-07T11:02:00+02:00,-4.51
2023-05-24T16:14:00+02:00,-4.56
2023-11-13T14:14:00+01:00,-4.35
2024-04-29T14:46:00+02:00,-4.57
2024-10-03T14:54:00+02:00,-4.46
2025-05-27T14:05:00+02:00,-4.71
2026-04-23T15:12:00+02:00,-4.85
