date,water_level_nap_m
1983-06-14T12:00:00+02:00,-1.05
1983-06-28T12:00:00+02:00,-1.13
1983-07-14T12:00:00+02:00,-1.24
1983-08-15T12:00:00+02:00,-1.28
1983-08-29T12:00:00+02:00,-1.25
1983-09-14T12:00:00+02:00,-1.07
1983-09-28T11:00:00+01:00,-1.06
1983-10-14T11:00:00+01:00,-0.97
1983-10-28T11:00:00+01:00,-1.05
1983-11-14T12:00:00+01:00,-1.14
1983-11-28T12:00:00+01:00,-0.94
1983-12-14T12:00:00+01:00,-0.93
1983-12-28T12:00:00+01:00,-0.97
1984-01-16T12:00:00+01:00,-0.92
1984-01-27T12:00:00+01:00,-0.95
1984-02-14T12:00:00+01:00,-0.98
1984-02-28T12:00:00+01:00,-1.02
1984-03-14T12:00:00+01:00,-0.98
1984-03-29T12:00:00+02:00,-1.07
1984-04-13T12:00:00+02:00,-1.08
1984-04-27T12:00:00+02:00,-1.17
1984-05-14T12:00:00+02:00,-1.18
1984-05-28T12:00:00+02:00,-1.08
1984-06-14T12:00:00+02:00,-1.06
1984-06-29T12:00:00+02:00,-1.13
1984-07-13T12:00:00+02:00,-1.12
1984-07-27T12:00:00+02:00,-1.2
1984-08-14T12:00:00+02:00,-1.21
1984-08-28T12:00:00+02:00,-1.27
1984-09-14T12:00:00+02:00,-1.16
1984-09-28T12:00:00+02:00,-1.05
1984-10-15T11:00:00+01:00,-0.87
1984-10-29T12:00:00+01:00,-1.08
1984-11-14T12:00:00+01:00,-1.1
1984-11-28T12:00:00+01:00,-0.99
1984-12-14T12:00:00+01:00,-1.11
1984-12-28T12:00:00+01:00,-1.09
1985-01-15T12:00:00+01:00,-1.12
1985-01-28T12:00:00+01:00,-1.0
1985-02-14T12:00:00+01:00,-1.14
1985-02-28T12:00:00+01:00,-1.21
1985-03-14T12:00:00+01:00,-1.03
1985-03-28T12:00:00+01:00,-1.12
1985-04-15T12:00:00+02:00,-1.09
1985-05-01T12:00:00+02:00,-1.13
1985-05-14T12:00:00+02:00,-1.11
1985-05-28T12:00:00+02:00,-1.11
1985-06-14T12:00:00+02:00,-1.12
1985-06-28T12:00:00+02:00,-1.14
1985-07-15T12:00:00+02:00,-1.22
1985-07-29T12:00:00+02:00,-1.09
1985-08-14T12:00:00+02:00,-0.98
1985-08-28T12:00:00+02:00,-1.09
1985-09-13T12:00:00+02:00,-1.17
1985-09-27T12:00:00+02:00,-1.26
1985-10-14T11:00:00+01:00,-1.23
1985-10-28T12:00:00+01:00,-1.25
1985-11-14T12:00:00+01:00,-1.05
1985-11-29T12:00:00+01:00,-1.17
1985-12-13T12:00:00+01:00,-1.04
1985-12-27T12:00:00+01:00,-1.04
1986-01-14T12:00:00+01:00,-0.95
1986-01-28T12:00:00+01:00,-1.0
1986-02-14T12:00:00+01:00,-1.16
1986-02-28T12:00:00+01:00,-1.25
1986-03-14T12:00:00+01:00,-1.34
1986-03-27T12:00:00+01:00,-1.11
1986-04-14T12:00:00+02:00,-1.18
1986-04-29T12:00:00+02:00,-1.25
1986-05-14T12:00:00+02:00,-1.29
1986-05-28T12:00:00+02:00,-1.32
1986-06-13T12:00:00+02:00,-1.33
1986-06-27T12:00:00+02:00,-1.35
1986-07-14T12:00:00+02:00,-1.35
1986-07-28T12:00:00+02:00,-1.38
1986-08-14T12:00:00+02:00,-1.44
1986-08-28T12:00:00+02:00,-1.39
1986-09-15T12:00:00+02:00,-1.36
1986-09-29T11:00:00+01:00,-1.4
1986-10-14T11:00:00+01:00,-1.38
1986-10-29T12:00:00+01:00,-1.2
1986-11-13T12:00:00+01:00,-1.21
1986-11-28T12:00:00+01:00,-1.19
1986-12-15T12:00:00+01:00,-1.15
1986-12-29T12:00:00+01:00,-1.03
1987-01-14T12:00:00+01:00,-1.14
1987-01-28T12:00:00+01:00,-1.27
1987-02-12T12:00:00+01:00,-1.11
1987-02-27T12:00:00+01:00,-1.23
1987-03-13T12:00:00+01:00,-1.26
1987-03-27T12:00:00+01:00,-1.02
1987-04-14T12:00:00+02:00,-1.26
1987-04-28T12:00:00+02:00,-1.3
1987-05-14T12:00:00+02:00,-1.23
1987-05-27T12:00:00+02:00,-1.31
1987-06-15T12:00:00+02:00,-1.26
1987-06-30T12:00:00+02:00,-1.27
1987-07-14T12:00:00+02:00,-1.34
1987-07-28T12:00:00+02:00,-1.05
1987-08-14T12:00:00+02:00,-1.2
1987-08-28T12:00:00+02:00,-1.17
1987-09-14T12:00:00+02:00,-1.17
1987-09-28T11:00:00+01:00,-1.22
1987-10-14T11:00:00+01:00,-1.15
1987-10-28T12:00:00+01:00,-1.17
1987-11-13T12:00:00+01:00,-1.02
1987-11-27T12:00:00+01:00,-1.07
1987-12-14T12:00:00+01:00,-1.19
1987-12-28T12:00:00+01:00,-1.12
1988-01-14T12:00:00+01:00,-1.04
1988-01-28T12:00:00+01:00,-0.98
1988-02-15T12:00:00+01:00,-1.12
1988-03-01T12:00:00+01:00,-1.18
1988-03-14T12:00:00+01:00,-1.12
1988-03-28T12:00:00+02:00,-1.06
1988-04-14T12:00:00+02:00,-1.21
1988-04-28T12:00:00+02:00,-1.24
1988-05-16T12:00:00+02:00,-1.3
1988-05-27T12:00:00+02:00,-1.32
1988-06-14T12:00:00+02:00,-1.26
1988-06-28T12:00:00+02:00,-1.32
1988-07-14T12:00:00+02:00,-1.25
1988-07-28T12:00:00+02:00,-1.19
1988-08-15T12:00:00+02:00,-1.3
1988-08-29T12:00:00+02:00,-1.2
1988-09-14T12:00:00+02:00,-1.25
1988-09-28T11:00:00+01:00,-1.15
1988-10-14T11:00:00+01:00,-1.12
1988-10-28T11:00:00+01:00,-1.24
1988-11-14T12:00:00+01:00,-1.29
1988-11-29T12:00:00+01:00,-1.22
1988-12-14T12:00:00+01:00,-1.16
1988-12-28T12:00:00+01:00,-1.15
1989-01-13T12:00:00+01:00,-1.22
1989-01-27T12:00:00+01:00,-1.28
1989-02-14T12:00:00+01:00,-1.27
1989-02-28T12:00:00+01:00,-1.1
1989-03-06T12:00:00+01:00,-1.12
1989-03-14T12:00:00+01:00,-1.11
1989-03-29T12:00:00+02:00,-1.17
1989-04-14T12:00:00+02:00,-1.16
1989-04-28T12:00:00+02:00,-1.24
1989-05-16T12:00:00+02:00,-1.3
1989-05-29T12:00:00+02:00,-1.35
1989-06-14T12:00:00+02:00,-1.41
1989-06-27T12:00:00+02:00,-1.46
1989-07-14T12:00:00+02:00,-1.38
1989-07-28T12:00:00+02:00,-1.52
1989-08-14T11:00:00+02:00,-1.44
1989-08-29T13:30:00+02:00,-1.47
1989-09-08T12:00:00+02:00,-1.47
1989-09-14T11:30:00+02:00,-1.44
1989-09-28T07:30:00+01:00,-1.51
1989-10-13T07:45:00+01:00,-1.39
1989-10-27T07:00:00+01:00,-1.39
1989-11-15T08:30:00+01:00,-1.39
1989-11-28T13:30:00+01:00,-1.42
1989-12-13T08:15:00+01:00,-1.34
1989-12-29T14:45:00+01:00,-1.28
1990-01-15T13:30:00+01:00,-1.3
1990-01-29T08:30:00+01:00,-1.21
1990-02-13T08:45:00+01:00,-1.15
1990-02-28T08:45:00+01:00,-1.25
1990-03-14T08:30:00+01:00,-1.27
1990-03-28T14:30:00+02:00,-1.31
1990-04-17T13:30:00+02:00,-1.29
1990-04-25T12:00:00+02:00,-1.31
1990-04-27T11:15:00+02:00,-1.33
1990-05-15T08:30:00+02:00,-1.32
1990-05-28T08:30:00+02:00,-1.44
1990-06-14T08:45:00+02:00,-1.37
1990-06-28T08:45:00+02:00,-1.41
1990-07-13T08:30:00+02:00,-1.43
1990-07-27T08:45:00+02:00,-1.46
1990-08-15T09:15:00+02:00,-1.51
1990-08-28T08:30:00+02:00,-1.4
1990-08-29T12:00:00+02:00,-1.4
1990-09-14T10:30:00+02:00,-1.34
1990-09-28T10:45:00+02:00,-1.24
1990-10-15T12:45:00+01:00,-1.24
1990-10-29T08:45:00+01:00,-1.23
1990-11-14T08:30:00+01:00,-1.14
1990-11-28T08:45:00+01:00,-1.13
1990-12-14T08:45:00+01:00,-1.25
1990-12-29T15:15:00+01:00,-1.14
1991-01-14T13:30:00+01:00,-1.18
1991-01-28T14:00:00+01:00,-1.26
1991-02-18T13:30:00+01:00,-1.32
1991-02-28T11:00:00+01:00,-1.21
1991-03-14T13:15:00+01:00,-1.25
1991-03-28T14:30:00+01:00,-1.34
1991-04-15T14:00:00+02:00,-1.39
1991-04-29T09:00:00+02:00,-1.35
1991-05-14T09:00:00+02:00,-1.39
1991-05-29T15:00:00+02:00,-1.37
1991-06-14T15:00:00+02:00,-1.35
1991-06-27T13:30:00+02:00,-1.18
1991-07-15T08:45:00+02:00,-1.27
1991-07-29T08:45:00+02:00,-1.32
1991-08-14T09:30:00+02:00,-1.43
1991-08-27T08:45:00+02:00,-1.52
1991-09-13T10:30:00+02:00,-1.55
1991-09-26T12:00:00+02:00,-1.46
1991-09-27T12:30:00+02:00,-1.47
1991-10-14T11:00:00+01:00,-1.38
1991-10-28T09:00:00+01:00,-1.35
1991-11-14T08:30:00+01:00,-1.18
1991-11-28T15:00:00+01:00,-1.28
1991-12-16T10:30:00+01:00,-1.32
1991-12-30T09:15:00+01:00,-1.29
1992-01-14T13:45:00+01:00,-1.21
1992-01-28T11:00:00+01:00,-1.31
1992-02-14T15:00:00+01:00,-1.24
1992-02-28T13:30:00+01:00,-1.29
1992-03-13T09:00:00+01:00,-1.15
1992-03-27T08:45:00+01:00,-1.16
1992-04-14T11:00:00+02:00,-1.26
1992-04-29T14:15:00+02:00,-1.31
1992-05-14T11:15:00+02:00,-1.22
1992-05-26T13:45:00+02:00,-1.32
1992-06-16T14:45:00+02:00,-1.31
1992-06-29T08:45:00+02:00,-1.36
1992-07-14T14:30:00+02:00,-1.24
1992-07-28T11:00:00+02:00,-1.37
1992-08-14T14:30:00+02:00,-1.33
1992-08-27T10:45:00+02:00,-1.26
1992-09-15T08:45:00+02:00,-1.29
1992-09-28T10:30:00+01:00,-1.32
1992-10-14T12:45:00+01:00,-1.31
1992-10-28T13:15:00+01:00,-1.04
1992-11-13T16:15:00+01:00,-1.07
1992-11-26T14:30:00+01:00,-1.04
1992-12-15T10:30:00+01:00,-1.06
1992-12-28T13:15:00+01:00,-1.23
1993-01-14T10:45:00+01:00,-1.12
1993-01-28T15:00:00+01:00,-1.13
1993-02-15T13:30:00+01:00,-1.22
1993-03-01T12:30:00+01:00,-1.18
1993-03-16T09:15:00+01:00,-1.29
1993-03-29T12:55:00+02:00,-1.36
1993-04-13T11:30:00+02:00,-1.33
1993-04-28T10:30:00+02:00,-1.36
1993-05-13T13:00:00+02:00,-1.35
1993-05-28T14:45:00+02:00,-1.29
1993-06-14T14:00:00+02:00,-1.4
1993-06-29T11:30:00+02:00,-1.46
1993-07-16T15:15:00+02:00,-1.47
1993-07-28T08:30:00+02:00,-1.44
1993-08-13T13:00:00+02:00,-1.38
1993-08-27T14:00:00+02:00,-1.33
1993-09-14T13:45:00+02:00,-1.28
1993-09-28T13:30:00+01:00,-1.18
1993-10-14T08:15:00+01:00,-1.19
1993-10-29T07:15:00+01:00,-1.28
1993-11-15T11:30:00+01:00,-1.27
1993-11-29T14:15:00+01:00,-1.31
1993-12-14T11:45:00+01:00,-1.17
1993-12-28T11:15:00+01:00,-1.18
1994-01-14T11:45:00+01:00,-1.2
1994-01-31T13:45:00+01:00,-1.22
1994-02-14T14:30:00+01:00,-1.3
1994-02-28T10:00:00+01:00,-1.31
1994-03-14T14:45:00+01:00,-1.26
1994-03-28T14:00:00+02:00,-1.22
1994-04-14T10:30:00+02:00,-1.25
1994-04-28T15:50:00+02:00,-1.37
1994-05-16T15:00:00+02:00,-1.36
1994-05-31T10:30:00+02:00,-1.36
1994-06-14T15:00:00+02:00,-1.37
1994-06-28T10:30:00+02:00,-1.41
1994-07-15T11:30:00+02:00,-1.4
1994-08-15T13:00:00+02:00,-1.48
1994-08-29T12:00:00+02:00,-1.5
1994-09-14T14:00:00+02:00,-1.36
1994-09-30T09:00:00+01:00,-1.34
1994-10-14T14:45:00+01:00,-1.34
1994-10-28T07:45:00+01:00,-1.21
1994-11-14T10:45:00+01:00,-1.24
1994-11-29T12:45:00+01:00,-1.3
1994-12-13T13:00:00+01:00,-1.25
1994-12-27T14:00:00+01:00,-1.16
1995-01-13T11:30:00+01:00,-1.21
1995-01-30T12:45:00+01:00,-1.16
1995-02-15T13:00:00+01:00,-1.18
1995-02-28T11:30:00+01:00,-1.23
1995-03-14T11:30:00+01:00,-1.24
1995-03-28T09:30:00+02:00,-1.27
1995-04-13T13:15:00+02:00,-1.38
1995-04-28T07:45:00+02:00,-1.38
1995-05-15T11:15:00+02:00,-1.42
1995-05-31T11:35:00+02:00,-1.41
1995-06-14T10:45:00+02:00,-1.26
1995-06-28T10:30:00+02:00,-1.33
1995-07-14T13:00:00+02:00,-1.39
1995-07-28T11:30:00+02:00,-1.42
1995-08-15T13:00:00+02:00,-1.51
1995-08-29T08:00:00+02:00,-1.43
1995-09-14T14:15:00+02:00,-1.34
1995-09-28T13:00:00+01:00,-1.35
1995-10-16T13:30:00+01:00,-1.4
1995-10-27T14:15:00+01:00,-1.42
1995-11-14T10:00:00+01:00,-1.43
1995-11-28T09:15:00+01:00,-1.37
1995-12-14T13:30:00+01:00,-1.44
1995-12-27T11:45:00+01:00,-1.38
1996-01-17T09:00:00+01:00,-1.45
1996-01-29T10:00:00+01:00,-1.47
1996-02-14T13:00:00+01:00,-1.51
1996-02-28T14:40:00+01:00,-1.34
1996-03-14T08:15:00+01:00,-1.39
1996-03-29T11:30:00+01:00,-1.41
1996-04-16T10:45:00+02:00,-1.44
1996-04-26T12:30:00+02:00,-1.49
1996-05-14T10:45:00+02:00,-1.47
1996-05-28T13:30:00+02:00,-1.47
1996-06-13T15:15:00+02:00,-1.5
1996-06-27T10:45:00+02:00,-1.51
1996-07-15T14:15:00+02:00,-1.56
1996-07-26T13:45:00+02:00,-1.58
1996-08-14T12:00:00+02:00,-1.7
1996-08-14T14:00:00+02:00,-1.58
1996-08-29T14:45:00+02:00,-1.47
1996-09-16T08:15:00+02:00,-1.55
1996-09-27T10:20:00+02:00,-1.52
1996-10-14T08:45:00+02:00,-1.51
1996-10-31T13:15:00+01:00,-1.47
1996-11-14T14:15:00+01:00,-1.37
1996-11-28T10:45:00+01:00,-1.31
1996-12-16T13:00:00+01:00,-1.4
1996-12-27T11:20:00+01:00,-1.4
1997-01-14T08:15:00+01:00,-1.51
1997-01-29T13:00:00+01:00,-1.51
1997-02-14T11:20:00+01:00,-1.3
1997-02-27T15:00:00+01:00,-1.45
1997-03-14T13:45:00+01:00,-1.45
1997-03-27T11:45:00+01:00,-1.45
1997-05-15T16:30:00+02:00,-1.48
1997-05-29T10:15:00+02:00,-1.46
1997-06-16T14:45:00+02:00,-1.46
1997-06-27T08:30:00+02:00,-1.43
1997-07-14T12:00:00+02:00,-1.48
1997-07-28T10:45:00+02:00,-1.52
1997-08-14T10:15:00+02:00,-1.58
1997-08-29T10:30:00+02:00,-1.5
1997-09-15T14:30:00+02:00,-1.53
1997-09-29T13:45:00+02:00,-1.56
1997-10-13T15:00:00+02:00,-1.47
1997-10-30T13:00:00+01:00,-1.52
1997-11-14T07:45:00+01:00,-1.53
1997-12-01T14:45:00+01:00,-1.47
1997-12-15T14:30:00+01:00,-1.41
1997-12-29T15:00:00+01:00,-1.34
1998-01-15T10:45:00+01:00,-1.33
1998-01-28T14:20:00+01:00,-1.37
1998-02-17T12:30:00+01:00,-1.5
1998-02-27T11:15:00+01:00,-1.43
1998-03-13T14:30:00+01:00,-1.33
1998-03-27T10:45:00+01:00,-1.42
1998-04-14T11:00:00+02:00,-1.36
1998-04-28T14:30:00+02:00,-1.4
1998-05-14T15:00:00+02:00,-1.48
1998-05-28T10:30:00+02:00,-1.46
1998-06-16T15:15:00+02:00,-1.48
1998-06-26T14:45:00+02:00,-1.46
1998-07-28T13:15:00+02:00,-1.48
1998-08-14T10:30:00+02:00,-1.53
1998-08-28T08:15:00+02:00,-1.43
1998-09-14T10:30:00+02:00,-1.34
1998-09-28T11:20:00+02:00,-1.37
1998-10-14T14:00:00+02:00,-1.26
1998-10-30T10:00:00+01:00,-1.17
1998-11-16T14:40:00+01:00,-1.27
1998-11-30T13:50:00+01:00,-1.33
1998-12-14T15:15:00+01:00,-1.27
1998-12-29T12:05:00+01:00,-1.26
1999-01-15T16:15:00+01:00,-1.26
1999-01-28T11:50:00+01:00,-1.22
1999-02-15T14:05:00+01:00,-1.35
1999-03-01T13:30:00+01:00,-1.27
1999-03-15T10:00:00+01:00,-1.41
1999-03-29T14:45:00+02:00,-1.35
1999-04-27T10:45:00+02:00,-1.43
1999-05-17T13:00:00+02:00,-1.47
1999-05-28T14:00:00+02:00,-1.51
1999-06-29T12:00:00+02:00,-1.68
1999-06-29T14:00:00+02:00,-1.56
1999-07-14T14:30:00+02:00,-1.59
1999-07-30T14:00:00+02:00,-1.66
1999-08-13T14:20:00+02:00,-1.47
1999-08-30T15:00:00+02:00,-1.49
1999-09-28T12:00:00+02:00,-1.58
1999-09-28T13:20:00+02:00,-1.46
1999-10-14T11:00:00+02:00,-1.43
1999-10-28T10:45:00+02:00,-1.5
1999-11-15T14:00:00+01:00,-1.48
1999-11-29T14:10:00+01:00,-1.38
1999-12-13T13:30:00+01:00,-1.27
1999-12-28T10:45:00+01:00,-1.23
2000-01-14T10:40:00+01:00,-1.38
2000-01-28T13:10:00+01:00,-1.39
2000-02-15T10:15:00+01:00,-1.35
2000-02-28T13:00:00+01:00,-1.32
2000-03-14T16:00:00+01:00,-1.35
2000-03-29T10:30:00+02:00,-1.39
2000-04-17T11:10:00+02:00,-1.45
2000-04-28T15:20:00+02:00,-1.47
2000-05-15T13:35:00+02:00,-1.51
2000-05-31T11:00:00+02:00,-1.46
2000-06-16T08:10:00+02:00,-1.5
2000-06-28T11:15:00+02:00,-1.46
2000-07-14T13:20:00+02:00,-1.44
2000-07-31T11:00:00+02:00,-1.56
2000-08-14T13:30:00+02:00,-1.57
2000-08-28T18:15:00+02:00,-1.57
2000-09-18T14:35:00+02:00,-1.48
2000-09-28T12:00:00+02:00,-1.37
2000-10-16T10:30:00+02:00,-1.35
2000-10-30T13:50:00+01:00,-1.22
2000-11-13T10:45:00+01:00,-1.18
2000-11-28T14:10:00+01:00,-1.21
2000-12-13T14:45:00+01:00,-1.18
2000-12-28T09:00:00+01:00,-1.31
2001-01-17T14:30:00+01:00,-1.36
2001-01-29T14:15:00+01:00,-1.33
2001-02-14T14:15:00+01:00,-1.34
2001-02-28T13:30:00+01:00,-1.32
2001-03-14T10:30:00+01:00,-1.36
2001-05-14T10:30:00+02:00,-1.47
2001-05-28T14:45:00+02:00,-1.49
2001-06-14T11:30:00+02:00,-1.53
2001-06-29T09:45:00+02:00,-1.58
2001-07-13T08:45:00+02:00,-1.64
2001-07-26T14:45:00+02:00,-1.59
2001-08-10T10:00:00+02:00,-1.51
2001-08-30T11:00:00+02:00,-1.47
2001-09-14T14:00:00+02:00,-1.39
2001-10-01T10:50:00+02:00,-1.32
2001-10-15T15:30:00+02:00,-1.39
2001-10-29T10:15:00+01:00,-1.39
2001-11-12T11:45:00+01:00,-1.31
2001-11-28T08:00:00+01:00,-1.33
2001-12-13T13:00:00+01:00,-1.36
2001-12-28T09:15:00+01:00,-1.17
2002-01-14T10:20:00+01:00,-1.38
2002-01-29T11:50:00+01:00,-1.25
2002-02-14T14:45:00+01:00,-1.33
2002-02-28T14:00:00+01:00,-1.18
2002-03-13T12:00:00+01:00,-1.38
2002-03-15T08:45:00+01:00,-1.4
2002-03-28T08:30:00+01:00,-1.44
2002-04-15T14:25:00+02:00,-1.5
2002-04-26T10:45:00+02:00,-1.49
2002-05-15T12:45:00+02:00,-1.48
2002-05-29T14:30:00+02:00,-1.49
2002-06-14T14:10:00+02:00,-1.52
2002-07-01T13:50:00+02:00,-1.5
2002-07-15T10:15:00+02:00,-1.49
2002-07-30T11:15:00+02:00,-1.54
2002-08-13T13:00:00+02:00,-1.4
2002-08-28T11:40:00+02:00,-1.32
2002-09-13T11:30:00+02:00,-1.45
2002-09-27T12:45:00+02:00,-1.49
2002-10-14T10:45:00+02:00,-1.47
2002-10-28T11:00:00+01:00,-1.44
2002-11-13T08:15:00+01:00,-1.25
2002-11-28T13:45:00+01:00,-1.33
2002-12-13T16:10:00+01:00,-1.42
2002-12-30T13:25:00+01:00,-1.18
2003-01-13T11:45:00+01:00,-1.38
2003-01-28T14:30:00+01:00,-1.29
2003-02-14T14:30:00+01:00,-1.38
2003-02-28T13:50:00+01:00,-1.47
2003-03-14T07:45:00+01:00,-1.46
2003-03-28T08:15:00+01:00,-1.48
2003-04-15T10:30:00+02:00,-1.53
2003-04-29T07:50:00+02:00,-1.51
2003-05-12T13:50:00+02:00,-1.52
2003-05-28T19:45:00+02:00,-1.49
2003-06-13T11:00:00+02:00,-1.55
2003-06-26T13:45:00+02:00,-1.61
2003-07-14T14:15:00+02:00,-1.57
2003-07-28T13:45:00+02:00,-1.66
2003-08-14T10:45:00+02:00,-1.73
2003-08-29T10:15:00+02:00,-1.68
2003-09-15T14:15:00+02:00,-1.68
2003-09-26T12:00:00+02:00,-1.65
2003-10-13T11:00:00+02:00,-1.55
2003-10-28T14:40:00+01:00,-1.55
2003-11-13T13:00:00+01:00,-1.56
2003-11-27T14:30:00+01:00,-1.45
2003-12-15T11:30:00+01:00,-1.4
2003-12-29T11:00:00+01:00,-1.4
2004-01-14T14:45:00+01:00,-1.35
2004-01-28T14:20:00+01:00,-1.38
2004-02-13T18:15:00+01:00,-1.39
2004-02-27T10:00:00+01:00,-1.4
2004-03-15T10:30:00+01:00,-1.53
2004-03-29T10:50:00+02:00,-1.54
2004-05-13T15:00:00+02:00,-1.61
2004-06-01T14:30:00+02:00,-1.58
2004-06-15T15:00:00+02:00,-1.61
2004-06-28T14:00:00+02:00,-1.56
2004-07-14T13:45:00+02:00,-1.55
2004-07-28T09:00:00+02:00,-1.48
2004-08-17T13:45:00+02:00,-1.33
2004-08-31T11:45:00+02:00,-1.31
2004-09-15T14:30:00+02:00,-1.45
2004-09-27T11:30:00+02:00,-1.47
2004-10-14T11:20:00+02:00,-1.42
2004-10-29T14:30:00+02:00,-1.35
2004-11-15T10:45:00+01:00,-1.39
2004-11-29T10:45:00+01:00,-1.38
2004-12-15T14:15:00+01:00,-1.44
2004-12-29T11:30:00+01:00,-1.36
2005-01-17T13:00:00+01:00,-1.38
2005-01-28T15:00:00+01:00,-1.35
2005-02-14T14:45:00+01:00,-1.26
2005-02-28T10:30:00+01:00,-1.38
2005-03-14T10:45:00+01:00,-1.3
2005-03-29T13:40:00+02:00,-1.39
2005-04-18T11:00:00+02:00,-1.4
2005-04-28T11:00:00+02:00,-1.45
2005-05-13T12:20:00+02:00,-1.45
2005-06-02T11:45:00+02:00,-1.48
2005-06-14T13:45:00+02:00,-1.44
2005-06-28T12:30:00+02:00,-1.48
2005-07-15T13:15:00+02:00,-1.47
2005-07-28T11:45:00+02:00,-1.43
2005-08-15T10:30:00+02:00,-1.37
2005-08-26T11:45:00+02:00,-1.42
2005-09-15T14:45:00+02:00,-1.48
2005-09-28T11:00:00+02:00,-1.44
2005-10-14T09:30:00+02:00,-1.49
2005-10-28T14:00:00+02:00,-1.37
2005-11-14T14:30:00+01:00,-1.41
2005-11-30T08:20:00+01:00,-1.36
2005-12-15T14:00:00+01:00,-1.36
2005-12-28T09:45:00+01:00,-1.34
2006-01-16T10:30:00+01:00,-1.41
2006-01-27T10:15:00+01:00,-1.43
2006-02-15T14:45:00+01:00,-1.32
2006-02-28T10:30:00+01:00,-1.38
2006-03-15T14:30:00+01:00,-1.42
2006-03-28T08:40:00+02:00,-1.41
2006-04-14T10:30:00+02:00,-1.43
2006-04-28T10:30:00+02:00,-1.5
2006-05-29T15:00:00+02:00,-1.52
2006-06-15T15:00:00+02:00,-1.61
2006-06-28T14:30:00+02:00,-1.54
2006-07-14T10:45:00+02:00,-1.63
2006-07-28T11:00:00+02:00,-1.65
2006-08-14T10:30:00+02:00,-1.39
2006-08-28T10:30:00+02:00,-1.44
2006-09-14T10:30:00+02:00,-1.47
2006-09-28T08:15:00+02:00,-1.55
2006-10-16T13:15:00+02:00,-1.45
2006-10-27T11:45:00+02:00,-1.36
2006-11-14T11:30:00+01:00,-1.42
2006-11-28T10:30:00+01:00,-1.37
2006-12-15T08:20:00+01:00,-1.34
2006-12-28T13:45:00+01:00,-1.41
2007-01-16T10:30:00+01:00,-1.32
2007-01-29T09:45:00+01:00,-1.35
2007-02-14T11:00:00+01:00,-1.26
2007-02-28T13:15:00+01:00,-1.23
2007-03-14T14:15:00+01:00,-1.36
2007-03-28T08:15:00+02:00,-1.41
2007-04-13T15:00:00+02:00,-1.5
2007-04-27T12:20:00+02:00,-1.57
2007-05-29T14:20:00+02:00,-1.49
2007-06-14T11:40:00+02:00,-1.54
2007-06-28T10:30:00+02:00,-1.42
2007-07-13T09:45:00+02:00,-1.36
2007-07-27T10:30:00+02:00,-1.35
2007-08-15T14:00:00+02:00,-1.43
2007-08-28T11:15:00+02:00,-1.51
2007-09-14T08:30:00+02:00,-1.53
2007-09-28T14:50:00+02:00,-1.46
2007-10-15T14:00:00+02:00,-1.48
2007-10-29T11:30:00+01:00,-1.45
2007-11-14T13:45:00+01:00,-1.37
2007-11-28T10:45:00+01:00,-1.42
2007-12-14T10:15:00+01:00,-1.35
2007-12-28T15:45:00+01:00,-1.42
2008-01-14T13:30:00+01:00,-1.32
2008-01-28T10:15:00+01:00,-1.32
2008-02-14T13:30:00+01:00,-1.44
2008-02-28T11:40:00+01:00,-1.41
2008-03-17T15:10:00+01:00,-1.39
2008-03-28T13:00:00+01:00,-1.32
2008-04-14T10:15:00+02:00,-1.43
2008-04-28T08:00:00+02:00,-1.47
2008-05-13T11:15:00+02:00,-1.53
2008-06-16T13:30:00+02:00,-1.48
2008-06-27T11:45:00+02:00,-1.61
2008-07-14T14:30:00+02:00,-1.57
2008-07-28T12:15:00+02:00,-1.48
2008-08-14T14:00:00+02:00,-1.42
2008-08-27T10:00:00+02:00,-1.45
2008-09-15T08:40:00+02:00,-1.42
2008-09-24T14:00:00+02:00,-1.44
2008-10-15T14:15:00+02:00,-1.32
2008-10-28T10:45:00+01:00,-1.32
2008-11-14T08:20:00+01:00,-1.25
2008-11-28T14:00:00+01:00,-1.24
2008-12-15T14:40:00+01:00,-1.32
2008-12-29T13:45:00+01:00,-1.4
2009-01-14T10:30:00+01:00,-1.41
2009-01-28T10:50:00+01:00,-1.33
2009-02-16T14:30:00+01:00,-1.31
2009-03-02T12:30:00+01:00,-1.36
2009-03-16T13:15:00+01:00,-1.42
2009-03-27T12:30:00+01:00,-1.38
2009-04-14T14:40:00+02:00,-1.53
2009-04-28T10:20:00+02:00,-1.48
2009-05-14T15:00:00+02:00,-1.52
2009-05-27T14:00:00+02:00,-1.37
2009-06-15T10:30:00+02:00,-1.4
2009-06-29T11:15:00+02:00,-1.45
2009-07-14T14:25:00+02:00,-1.38
2009-07-28T10:45:00+02:00,-1.5
2009-08-14T13:00:00+02:00,-1.52
2009-08-28T14:15:00+02:00,-1.53
2009-09-14T15:00:00+02:00,-1.52
2009-09-28T10:15:00+02:00,-1.59
2009-10-14T13:45:00+02:00,-1.6
2009-10-28T12:00:00+01:00,-1.57
2009-11-16T13:45:00+01:00,-1.38
2009-11-27T11:30:00+01:00,-1.34
2009-12-15T10:45:00+01:00,-1.32
2009-12-28T10:15:00+01:00,-1.17
2010-01-14T10:45:00+01:00,-1.38
2010-01-28T14:00:00+01:00,-1.31
2010-02-15T14:45:00+01:00,-1.38
2010-03-02T15:10:00+01:00,-1.28
2010-03-16T08:45:00+01:00,-1.43
2010-03-29T11:45:00+02:00,-1.42
2010-04-14T10:45:00+02:00,-1.48
2010-04-28T13:30:00+02:00,-1.53
2010-05-31T12:00:00+02:00,-1.54
2010-06-14T08:15:00+02:00,-1.55
2010-06-28T14:45:00+02:00,-1.58
2010-07-14T15:15:00+02:00,-1.55
2010-07-28T15:10:00+02:00,-1.62
2010-08-12T13:30:00+02:00,-1.56
2010-08-25T08:00:00+02:00,-1.57
2010-09-15T12:00:00+02:00,-1.31
2010-09-28T14:00:00+02:00,-1.35
2010-10-14T11:00:00+02:00,-1.42
2010-10-29T11:15:00+02:00,-1.34
2010-11-15T13:30:00+01:00,-1.27
2010-11-29T10:00:00+01:00,-1.37
2010-12-15T10:40:00+01:00,-1.37
2010-12-28T12:30:00+01:00,-1.44
2011-01-14T14:00:00+01:00,-1.25
2011-01-28T12:00:00+01:00,-1.38
2011-02-14T10:30:00+01:00,-1.34
2011-03-01T15:10:00+01:00,-1.34
2011-10-10T06:00:00+02:00,-1.27
2011-10-11T06:00:00+02:00,-1.24
2011-10-12T06:00:00+02:00,-1.25
2011-10-13T06:00:00+02:00,-1.25
2011-10-14T06:00:00+02:00,-1.27
2011-10-15T06:00:00+02:00,-1.28
2011-10-16T06:00:00+02:00,-1.29
2011-10-17T06:00:00+02:00,-1.3
2011-10-18T06:00:00+02:00,-1.27
2011-10-19T06:00:00+02:00,-1.26
2011-10-20T06:00:00+02:00,-1.28
2011-10-21T06:00:00+02:00,-1.28
2011-10-22T06:00:00+02:00,-1.28
2011-10-23T06:00:00+02:00,-1.28
2011-10-24T06:00:00+02:00,-1.29
2011-10-25T06:00:00+02:00,-1.31
2011-10-26T06:00:00+02:00,-1.31
2011-10-27T06:00:00+02:00,-1.34
2011-10-28T06:00:00+02:00,-1.35
2011-10-29T06:00:00+02:00,-1.37
2011-10-30T06:00:00+01:00,-1.36
2011-10-31T06:00:00+01:00,-1.37
2011-11-01T06:00:00+01:00,-1.37
2011-11-02T06:00:00+01:00,-1.38
2011-11-03T06:00:00+01:00,-1.36
2011-11-04T06:00:00+01:00,-1.36
2011-11-05T06:00:00+01:00,-1.38
2011-11-06T06:00:00+01:00,-1.41
2011-11-07T06:00:00+01:00,-1.42
2011-11-08T06:00:00+01:00,-1.43
2011-11-09T06:00:00+01:00,-1.43
2011-11-10T06:00:00+01:00,-1.44
2011-11-11T06:00:00+01:00,-1.44
2011-11-12T06:00:00+01:00,-1.45
2011-11-13T06:00:00+01:00,-1.47
2011-11-14T06:00:00+01:00,-1.46
2011-11-15T06:00:00+01:00,-1.46
2011-11-16T06:00:00+01:00,-1.45
2011-11-17T06:00:00+01:00,-1.45
2011-11-18T06:00:00+01:00,-1.47
2011-11-19T06:00:00+01:00,-1.47
2011-11-20T06:00:00+01:00,-1.47
2011-11-21T06:00:00+01:00,-1.47
2011-11-22T06:00:00+01:00,-1.47
2011-11-23T06:00:00+01:00,-1.49
2011-11-24T06:00:00+01:00,-1.5
2011-11-25T06:00:00+01:00,-1.48
2011-11-26T06:00:00+01:00,-1.49
2011-11-27T06:00:00+01:00,-1.47
2011-11-28T06:00:00+01:00,-1.5
2011-11-29T06:00:00+01:00,-1.48
2011-11-30T06:00:00+01:00,-1.49
2011-12-01T06:00:00+01:00,-1.47
2011-12-02T06:00:00+01:00,-1.43
2011-12-03T06:00:00+01:00,-1.37
2011-12-04T06:00:00+01:00,-1.32
2011-12-05T06:00:00+01:00,-1.28
2011-12-06T06:00:00+01:00,-1.26
2011-12-07T06:00:00+01:00,-1.23
2011-12-08T06:00:00+01:00,-1.27
2011-12-09T06:00:00+01:00,-1.21
2011-12-10T06:00:00+01:00,-1.22
2011-12-11T06:00:00+01:00,-1.23
2011-12-12T06:00:00+01:00,-1.21
2011-12-13T06:00:00+01:00,-1.19
2011-12-14T06:00:00+01:00,-1.19
2011-12-15T06:00:00+01:00,-1.2
2011-12-16T06:00:00+01:00,-1.18
2011-12-17T06:00:00+01:00,-1.19
2011-12-18T06:00:00+01:00,-1.2
2011-12-19T06:00:00+01:00,-1.22
2011-12-20T06:00:00+01:00,-1.2
2011-12-21T06:00:00+01:00,-1.23
2011-12-22T06:00:00+01:00,-1.24
2011-12-23T06:00:00+01:00,-1.26
2011-12-24T06:00:00+01:00,-1.25
2011-12-25T06:00:00+01:00,-1.26
2011-12-26T06:00:00+01:00,-1.28
2011-12-27T06:00:00+01:00,-1.3
2011-12-28T06:00:00+01:00,-1.3
2011-12-29T06:00:00+01:00,-1.29
2011-12-30T06:00:00+01:00,-1.28
2011-12-31T06:00:00+01:00,-1.31
2012-01-01T06:00:00+01:00,-1.3
2012-01-02T06:00:00+01:00,-1.24
2012-01-03T06:00:00+01:00,-1.22
2012-01-04T06:00:00+01:00,-1.17
2012-01-05T06:00:00+01:00,-1.12
2012-01-06T06:00:00+01:00,-1.17
2012-01-07T06:00:00+01:00,-1.17
2012-01-08T06:00:00+01:00,-1.19
2012-01-09T06:00:00+01:00,-1.22
2012-01-10T06:00:00+01:00,-1.26
2012-01-11T06:00:00+01:00,-1.27
2012-01-12T06:00:00+01:00,-1.27
2012-01-13T06:00:00+01:00,-1.29
2012-01-14T06:00:00+01:00,-1.31
2012-01-15T06:00:00+01:00,-1.32
2012-01-16T06:00:00+01:00,-1.33
2012-01-17T06:00:00+01:00,-1.34
2012-01-18T06:00:00+01:00,-1.35
2012-01-19T06:00:00+01:00,-1.34
2012-01-20T06:00:00+01:00,-1.32
2012-01-21T06:00:00+01:00,-1.32
2012-01-22T06:00:00+01:00,-1.29
2012-01-23T06:00:00+01:00,-1.3
2012-01-24T06:00:00+01:00,-1.3
2012-01-25T06:00:00+01:00,-1.27
2012-01-26T06:00:00+01:00,-1.26
2012-01-27T06:00:00+01:00,-1.25
2012-01-28T06:00:00+01:00,-1.26
2012-01-29T06:00:00+01:00,-1.29
2012-01-30T06:00:00+01:00,-1.3
2012-01-31T06:00:00+01:00,-1.31
2012-02-01T06:00:00+01:00,-1.34
2012-02-02T06:00:00+01:00,-1.36
2012-02-03T06:00:00+01:00,-1.37
2012-02-04T06:00:00+01:00,-1.39
2012-02-05T06:00:00+01:00,-1.38
2012-02-06T06:00:00+01:00,-1.4
2012-02-07T06:00:00+01:00,-1.42
2012-02-08T06:00:00+01:00,-1.43
2012-02-09T06:00:00+01:00,-1.43
2012-02-10T06:00:00+01:00,-1.44
2012-02-11T06:00:00+01:00,-1.44
2012-02-12T06:00:00+01:00,-1.43
2012-02-13T06:00:00+01:00,-1.43
2012-02-14T06:00:00+01:00,-1.41
2012-02-15T06:00:00+01:00,-1.38
2012-02-16T06:00:00+01:00,-1.38
2012-02-17T06:00:00+01:00,-1.34
2012-02-18T06:00:00+01:00,-1.33
2012-02-19T06:00:00+01:00,-1.3
2012-02-20T06:00:00+01:00,-1.33
2012-02-21T06:00:00+01:00,-1.31
2012-02-22T06:00:00+01:00,-1.32
2012-02-23T06:00:00+01:00,-1.3
2012-02-24T06:00:00+01:00,-1.31
2012-02-25T06:00:00+01:00,-1.34
2012-02-26T06:00:00+01:00,-1.33
2012-02-27T06:00:00+01:00,-1.35
2012-02-28T06:00:00+01:00,-1.35
2012-02-29T06:00:00+01:00,-1.37
2012-03-01T06:00:00+01:00,-1.37
2012-03-02T06:00:00+01:00,-1.39
2012-03-03T06:00:00+01:00,-1.38
2012-03-04T06:00:00+01:00,-1.39
2012-03-05T06:00:00+01:00,-1.37
2012-03-06T06:00:00+01:00,-1.38
2012-03-07T06:00:00+01:00,-1.39
2012-03-08T06:00:00+01:00,-1.34
2012-03-09T06:00:00+01:00,-1.34
2012-03-10T06:00:00+01:00,-1.34
2012-03-11T06:00:00+01:00,-1.35
2012-03-12T06:00:00+01:00,-1.36
2012-03-13T06:00:00+01:00,-1.37
2012-03-14T06:00:00+01:00,-1.39
2012-03-15T06:00:00+01:00,-1.4
2012-03-16T06:00:00+01:00,-1.39
2012-03-17T06:00:00+01:00,-1.4
2012-03-18T06:00:00+01:00,-1.38
2012-03-19T06:00:00+01:00,-1.42
2012-03-20T06:00:00+01:00,-1.44
2012-03-21T06:00:00+01:00,-1.44
2012-03-22T06:00:00+01:00,-1.45
2012-03-23T06:00:00+01:00,-1.44
2012-03-24T06:00:00+01:00,-1.44
2012-03-25T06:00:00+02:00,-1.45
2012-03-26T06:00:00+02:00,-1.46
2012-03-27T06:00:00+02:00,-1.46
2012-03-28T06:00:00+02:00,-1.46
2012-03-29T06:00:00+02:00,-1.45
2012-03-30T06:00:00+02:00,-1.45
2012-03-31T06:00:00+02:00,-1.44
2012-04-01T06:00:00+02:00,-1.46
2012-04-02T06:00:00+02:00,-1.44
2012-04-03T06:00:00+02:00,-1.43
2012-04-04T06:00:00+02:00,-1.43
2012-04-05T06:00:00+02:00,-1.45
2012-04-06T06:00:00+02:00,-1.44
2012-04-07T06:00:00+02:00,-1.43
2012-04-08T06:00:00+02:00,-1.44
2012-04-09T06:00:00+02:00,-1.42
2012-04-10T06:00:00+02:00,-1.39
2012-04-11T06:00:00+02:00,-1.4
2012-04-12T06:00:00+02:00,-1.42
2012-04-13T06:00:00+02:00,-1.43
2012-04-14T06:00:00+02:00,-1.44
2012-04-15T06:00:00+02:00,-1.45
2012-04-16T06:00:00+02:00,-1.48
2012-04-17T06:00:00+02:00,-1.47
2012-04-18T06:00:00+02:00,-1.42
2012-04-19T06:00:00+02:00,-1.4
2012-04-20T06:00:00+02:00,-1.42
2012-04-21T06:00:00+02:00,-1.43
2012-04-22T06:00:00+02:00,-1.44
2012-04-23T06:00:00+02:00,-1.43
2012-04-24T06:00:00+02:00,-1.42
2012-04-25T06:00:00+02:00,-1.43
2012-04-26T06:00:00+02:00,-1.42
2012-04-27T06:00:00+02:00,-1.46
2012-04-28T06:00:00+02:00,-1.47
2012-04-29T06:00:00+02:00,-1.44
2012-04-30T06:00:00+02:00,-1.46
2012-05-01T06:00:00+02:00,-1.45
2012-05-02T06:00:00+02:00,-1.46
2012-05-03T06:00:00+02:00,-1.45
2012-05-04T06:00:00+02:00,-1.44
2012-05-05T06:00:00+02:00,-1.44
2012-05-06T06:00:00+02:00,-1.46
2012-05-07T06:00:00+02:00,-1.48
2012-05-08T06:00:00+02:00,-1.47
2012-05-09T06:00:00+02:00,-1.47
2012-05-10T06:00:00+02:00,-1.48
2012-05-11T06:00:00+02:00,-1.48
2012-05-12T06:00:00+02:00,-1.51
2012-05-13T06:00:00+02:00,-1.52
2012-05-14T06:00:00+02:00,-1.49
2012-05-15T06:00:00+02:00,-1.46
2012-05-16T06:00:00+02:00,-1.47
2012-05-17T06:00:00+02:00,-1.49
2012-05-18T06:00:00+02:00,-1.46
2012-05-19T06:00:00+02:00,-1.47
2012-05-20T06:00:00+02:00,-1.47
2012-05-21T06:00:00+02:00,-1.46
2012-05-22T06:00:00+02:00,-1.47
2012-05-23T06:00:00+02:00,-1.5
2012-05-24T06:00:00+02:00,-1.52
2012-05-25T06:00:00+02:00,-1.53
2012-05-26T06:00:00+02:00,-1.52
2012-05-27T06:00:00+02:00,-1.52
2012-05-28T06:00:00+02:00,-1.51
2012-05-29T06:00:00+02:00,-1.52
2012-05-30T06:00:00+02:00,-1.53
2012-05-31T06:00:00+02:00,-1.54
2012-06-01T06:00:00+02:00,-1.51
2012-06-02T06:00:00+02:00,-1.51
2012-06-03T06:00:00+02:00,-1.5
2012-06-04T06:00:00+02:00,-1.5
2012-06-05T06:00:00+02:00,-1.52
2012-06-06T06:00:00+02:00,-1.5
2012-06-07T06:00:00+02:00,-1.48
2012-06-08T06:00:00+02:00,-1.47
2012-06-09T06:00:00+02:00,-1.48
2012-06-10T06:00:00+02:00,-1.5
2012-06-11T06:00:00+02:00,-1.49
2012-06-12T06:00:00+02:00,-1.5
2012-06-13T06:00:00+02:00,-1.52
2012-06-14T06:00:00+02:00,-1.54
2012-06-15T06:00:00+02:00,-1.54
2012-06-16T06:00:00+02:00,-1.51
2012-06-17T06:00:00+02:00,-1.5
2012-06-18T06:00:00+02:00,-1.5
2012-06-19T06:00:00+02:00,-1.52
2012-06-20T06:00:00+02:00,-1.5
2012-06-21T06:00:00+02:00,-1.5
2012-06-22T06:00:00+02:00,-1.49
2012-06-23T06:00:00+02:00,-1.5
2012-06-24T06:00:00+02:00,-1.49
2012-06-25T06:00:00+02:00,-1.46
2012-06-26T06:00:00+02:00,-1.48
2012-06-27T06:00:00+02:00,-1.47
2012-06-28T06:00:00+02:00,-1.47
2012-06-29T06:00:00+02:00,-1.47
2012-06-30T06:00:00+02:00,-1.48
2012-07-01T06:00:00+02:00,-1.49
2012-07-02T06:00:00+02:00,-1.52
2012-07-03T06:00:00+02:00,-1.52
2012-07-04T06:00:00+02:00,-1.53
2012-07-05T06:00:00+02:00,-1.54
2012-07-06T06:00:00+02:00,-1.53
2012-07-07T06:00:00+02:00,-1.55
2012-07-08T06:00:00+02:00,-1.55
2012-07-09T06:00:00+02:00,-1.51
2012-07-10T06:00:00+02:00,-1.51
2012-07-11T06:00:00+02:00,-1.5
2012-07-12T06:00:00+02:00,-1.48
2012-07-13T06:00:00+02:00,-1.47
2012-07-14T06:00:00+02:00,-1.43
2012-07-15T06:00:00+02:00,-1.45
2012-07-16T06:00:00+02:00,-1.46
2012-07-17T06:00:00+02:00,-1.42
2012-07-18T06:00:00+02:00,-1.4
2012-07-19T06:00:00+02:00,-1.34
2012-07-20T06:00:00+02:00,-1.34
2012-07-21T06:00:00+02:00,-1.36
2012-07-22T06:00:00+02:00,-1.39
2012-07-23T06:00:00+02:00,-1.39
2012-07-24T06:00:00+02:00,-1.39
2012-07-25T06:00:00+02:00,-1.39
2012-07-26T06:00:00+02:00,-1.41
2012-07-27T06:00:00+02:00,-1.41
2012-07-28T06:00:00+02:00,-1.4
2012-07-29T06:00:00+02:00,-1.41
2012-07-30T06:00:00+02:00,-1.41
2012-07-31T06:00:00+02:00,-1.41
2012-08-01T06:00:00+02:00,-1.41
2012-08-02T06:00:00+02:00,-1.38
2012-08-03T06:00:00+02:00,-1.34
2012-08-04T06:00:00+02:00,-1.3
2012-08-05T06:00:00+02:00,-1.3
2012-08-06T06:00:00+02:00,-1.28
2012-08-07T06:00:00+02:00,-1.25
2012-08-08T06:00:00+02:00,-1.25
2012-08-09T06:00:00+02:00,-1.26
2012-08-10T06:00:00+02:00,-1.29
2012-08-11T06:00:00+02:00,-1.3
2012-08-12T06:00:00+02:00,-1.3
2012-08-13T06:00:00+02:00,-1.31
2012-08-14T06:00:00+02:00,-1.32
2012-08-15T06:00:00+02:00,-1.34
2012-08-16T06:00:00+02:00,-1.35
2012-08-17T06:00:00+02:00,-1.36
2012-08-18T06:00:00+02:00,-1.36
2012-08-19T06:00:00+02:00,-1.37
2012-08-20T06:00:00+02:00,-1.38
2012-08-21T06:00:00+02:00,-1.4
2012-08-22T06:00:00+02:00,-1.39
2012-08-23T06:00:00+02:00,-1.4
2012-08-24T06:00:00+02:00,-1.4
2012-08-25T06:00:00+02:00,-1.4
2012-08-26T06:00:00+02:00,-1.35
2012-08-27T06:00:00+02:00,-1.34
2012-08-28T06:00:00+02:00,-1.31
2012-08-29T06:00:00+02:00,-1.32
2012-08-30T06:00:00+02:00,-1.34
2012-08-31T06:00:00+02:00,-1.32
2012-09-01T06:00:00+02:00,-1.29
2012-09-02T06:00:00+02:00,-1.28
2012-09-03T06:00:00+02:00,-1.3
2012-09-04T06:00:00+02:00,-1.31
2012-09-05T06:00:00+02:00,-1.32
2012-09-06T06:00:00+02:00,-1.35
2012-09-07T06:00:00+02:00,-1.35
2012-09-08T06:00:00+02:00,-1.37
2012-09-09T06:00:00+02:00,-1.38
2012-09-10T06:00:00+02:00,-1.37
2012-09-11T06:00:00+02:00,-1.39
2012-09-12T06:00:00+02:00,-1.4
2012-09-13T06:00:00+02:00,-1.41
2012-09-14T06:00:00+02:00,-1.4
2012-09-15T06:00:00+02:00,-1.42
2012-09-16T06:00:00+02:00,-1.43
2012-09-17T06:00:00+02:00,-1.43
2012-09-18T06:00:00+02:00,-1.44
2012-09-19T06:00:00+02:00,-1.45
2012-09-20T06:00:00+02:00,-1.46
2012-09-21T06:00:00+02:00,-1.45
2012-09-22T06:00:00+02:00,-1.43
2012-09-23T06:00:00+02:00,-1.42
2012-09-24T06:00:00+02:00,-1.37
2012-09-25T06:00:00+02:00,-1.32
2012-09-26T06:00:00+02:00,-1.28
2012-09-27T06:00:00+02:00,-1.29
2012-09-28T06:00:00+02:00,-1.3
2012-09-29T06:00:00+02:00,-1.3
2012-09-30T06:00:00+02:00,-1.31
2012-10-01T06:00:00+02:00,-1.31
2012-10-02T06:00:00+02:00,-1.32
2012-10-03T06:00:00+02:00,-1.32
2012-10-04T06:00:00+02:00,-1.27
2012-10-05T06:00:00+02:00,-1.26
2012-10-06T06:00:00+02:00,-1.22
2012-10-07T06:00:00+02:00,-1.21
2012-10-08T06:00:00+02:00,-1.24
2012-10-09T06:00:00+02:00,-1.25
2012-10-10T06:00:00+02:00,-1.28
2012-10-11T06:00:00+02:00,-1.3
2012-10-12T06:00:00+02:00,-1.3
2012-10-13T06:00:00+02:00,-1.29
2012-10-14T06:00:00+02:00,-1.25
2012-10-15T06:00:00+02:00,-1.22
2012-10-16T06:00:00+02:00,-1.22
2012-10-17T06:00:00+02:00,-1.22
2012-10-18T06:00:00+02:00,-1.22
2012-10-19T06:00:00+02:00,-1.24
2012-10-20T06:00:00+02:00,-1.22
2012-10-21T06:00:00+02:00,-1.24
2012-10-22T06:00:00+02:00,-1.24
2012-10-23T06:00:00+02:00,-1.27
2012-10-24T06:00:00+02:00,-1.28
2012-10-25T06:00:00+02:00,-1.27
2012-10-26T06:00:00+02:00,-1.28
2012-10-27T06:00:00+02:00,-1.27
2012-10-28T06:00:00+01:00,-1.3
2012-10-29T06:00:00+01:00,-1.3
2012-10-30T06:00:00+01:00,-1.26
2012-10-31T06:00:00+01:00,-1.24
2012-11-01T06:00:00+01:00,-1.23
2012-11-02T06:00:00+01:00,-1.25
2012-11-03T06:00:00+01:00,-1.25
2012-11-04T06:00:00+01:00,-1.25
2012-11-05T06:00:00+01:00,-1.23
2012-11-06T06:00:00+01:00,-1.27
2012-11-07T06:00:00+01:00,-1.27
2012-11-08T06:00:00+01:00,-1.26
2012-11-09T06:00:00+01:00,-1.27
2012-11-10T06:00:00+01:00,-1.25
2012-11-11T06:00:00+01:00,-1.25
2012-11-12T06:00:00+01:00,-1.29
2012-11-13T06:00:00+01:00,-1.29
2012-11-14T06:00:00+01:00,-1.31
2012-11-15T06:00:00+01:00,-1.31
2012-11-16T06:00:00+01:00,-1.3
2012-11-17T06:00:00+01:00,-1.3
2012-11-18T06:00:00+01:00,-1.31
2012-11-19T06:00:00+01:00,-1.33
2012-11-20T06:00:00+01:00,-1.33
2012-11-21T06:00:00+01:00,-1.34
2012-11-22T06:00:00+01:00,-1.36
2012-11-23T06:00:00+01:00,-1.35
2012-11-24T06:00:00+01:00,-1.36
2012-11-25T06:00:00+01:00,-1.31
2012-11-26T06:00:00+01:00,-1.32
2012-11-27T06:00:00+01:00,-1.3
2012-11-28T06:00:00+01:00,-1.3
2012-11-29T06:00:00+01:00,-1.3
2012-11-30T06:00:00+01:00,-1.3
2012-12-01T06:00:00+01:00,-1.31
2012-12-02T06:00:00+01:00,-1.28
2012-12-03T06:00:00+01:00,-1.28
2012-12-04T06:00:00+01:00,-1.25
2012-12-05T06:00:00+01:00,-1.26
2012-12-06T06:00:00+01:00,-1.27
2012-12-07T06:00:00+01:00,-1.25
2012-12-08T06:00:00+01:00,-1.3
2012-12-09T06:00:00+01:00,-1.3
2012-12-10T06:00:00+01:00,-1.26
2012-12-11T06:00:00+01:00,-1.29
2012-12-12T06:00:00+01:00,-1.27
2012-12-13T06:00:00+01:00,-1.26
2012-12-14T06:00:00+01:00,-1.25
2012-12-15T06:00:00+01:00,-1.22
2012-12-16T06:00:00+01:00,-1.25
2012-12-17T06:00:00+01:00,-1.25
2012-12-18T06:00:00+01:00,-1.25
2012-12-19T06:00:00+01:00,-1.27
2012-12-20T06:00:00+01:00,-1.27
2012-12-21T06:00:00+01:00,-1.26
2012-12-22T06:00:00+01:00,-1.27
2012-12-23T06:00:00+01:00,-1.21
2012-12-24T06:00:00+01:00,-1.21
2012-12-25T06:00:00+01:00,-1.2
2012-12-26T06:00:00+01:00,-1.21
2012-12-27T06:00:00+01:00,-1.2
2012-12-28T06:00:00+01:00,-1.26
2012-12-29T06:00:00+01:00,-1.25
2012-12-30T06:00:00+01:00,-1.24
2012-12-31T06:00:00+01:00,-1.27
2013-01-01T06:00:00+01:00,-1.25
2013-01-02T06:00:00+01:00,-1.28
2013-01-03T06:00:00+01:00,-1.29
2013-01-04T06:00:00+01:00,-1.31
2013-01-06T06:00:00+01:00,-1.33
2013-01-07T06:00:00+01:00,-1.34
2013-01-08T06:00:00+01:00,-1.34
2013-01-09T06:00:00+01:00,-1.35
2013-01-10T06:00:00+01:00,-1.31
2013-01-11T06:00:00+01:00,-1.32
2013-01-12T06:00:00+01:00,-1.31
2013-01-13T06:00:00+01:00,-1.32
2013-01-14T06:00:00+01:00,-1.32
2013-01-15T06:00:00+01:00,-1.32
2013-01-16T06:00:00+01:00,-1.34
2013-01-17T06:00:00+01:00,-1.38
2013-01-18T06:00:00+01:00,-1.4
2013-01-19T06:00:00+01:00,-1.39
2013-01-20T06:00:00+01:00,-1.38
2013-01-21T06:00:00+01:00,-1.4
2013-01-22T06:00:00+01:00,-1.41
2013-01-23T06:00:00+01:00,-1.42
2013-01-24T06:00:00+01:00,-1.45
2013-01-25T06:00:00+01:00,-1.46
2013-01-26T06:00:00+01:00,-1.44
2013-01-27T06:00:00+01:00,-1.45
2013-01-28T06:00:00+01:00,-1.42
2013-01-29T06:00:00+01:00,-1.38
2013-01-30T06:00:00+01:00,-1.34
2013-01-31T06:00:00+01:00,-1.31
2013-02-01T06:00:00+01:00,-1.27
2013-02-02T06:00:00+01:00,-1.24
2013-02-03T06:00:00+01:00,-1.29
2013-02-04T06:00:00+01:00,-1.27
2013-02-05T06:00:00+01:00,-1.26
2013-02-06T06:00:00+01:00,-1.26
2013-02-07T06:00:00+01:00,-1.28
2013-02-08T06:00:00+01:00,-1.3
2013-02-09T06:00:00+01:00,-1.3
2013-02-10T06:00:00+01:00,-1.3
2013-02-11T06:00:00+01:00,-1.29
2013-02-12T06:00:00+01:00,-1.33
2013-02-13T06:00:00+01:00,-1.35
2013-02-14T06:00:00+01:00,-1.37
2013-02-15T06:00:00+01:00,-1.37
2013-02-16T06:00:00+01:00,-1.38
2013-02-17T06:00:00+01:00,-1.37
2013-02-18T06:00:00+01:00,-1.35
2013-02-19T06:00:00+01:00,-1.34
2013-02-20T06:00:00+01:00,-1.37
2013-02-21T06:00:00+01:00,-1.39
2013-02-22T06:00:00+01:00,-1.38
2013-02-23T06:00:00+01:00,-1.4
2013-02-24T06:00:00+01:00,-1.42
2013-02-25T06:00:00+01:00,-1.44
2013-02-26T06:00:00+01:00,-1.46
2013-02-27T06:00:00+01:00,-1.48
2013-02-28T06:00:00+01:00,-1.46
2013-03-01T06:00:00+01:00,-1.46
2013-03-02T06:00:00+01:00,-1.46
2013-03-03T06:00:00+01:00,-1.47
2013-03-04T06:00:00+01:00,-1.48
2013-03-05T06:00:00+01:00,-1.47
2013-03-06T06:00:00+01:00,-1.46
2013-03-07T06:00:00+01:00,-1.47
2013-03-08T06:00:00+01:00,-1.48
2013-03-09T06:00:00+01:00,-1.49
2013-03-10T06:00:00+01:00,-1.47
2013-03-11T06:00:00+01:00,-1.45
2013-03-12T06:00:00+01:00,-1.44
2013-03-13T06:00:00+01:00,-1.45
2013-03-14T06:00:00+01:00,-1.47
2013-03-15T06:00:00+01:00,-1.48
2013-03-16T06:00:00+01:00,-1.49
2013-03-17T06:00:00+01:00,-1.46
2013-03-18T06:00:00+01:00,-1.44
2013-03-19T06:00:00+01:00,-1.44
2013-03-20T06:00:00+01:00,-1.44
2013-03-21T06:00:00+01:00,-1.46
2013-03-22T06:00:00+01:00,-1.48
2013-03-23T06:00:00+01:00,-1.49
2013-03-24T06:00:00+01:00,-1.5
2013-03-25T06:00:00+01:00,-1.5
2013-03-26T06:00:00+01:00,-1.51
2013-03-27T06:00:00+01:00,-1.52
2013-03-28T06:00:00+01:00,-1.52
2013-03-29T06:00:00+01:00,-1.51
2013-03-30T06:00:00+01:00,-1.52
2013-03-31T06:00:00+02:00,-1.54
2013-04-01T06:00:00+02:00,-1.53
2013-04-02T06:00:00+02:00,-1.54
2013-04-03T06:00:00+02:00,-1.57
2013-04-04T06:00:00+02:00,-1.57
2013-04-05T06:00:00+02:00,-1.56
2013-04-06T06:00:00+02:00,-1.57
2013-04-07T06:00:00+02:00,-1.57
2013-04-08T06:00:00+02:00,-1.57
2013-04-09T06:00:00+02:00,-1.54
2013-04-10T06:00:00+02:00,-1.52
2013-04-11T06:00:00+02:00,-1.54
2013-04-12T06:00:00+02:00,-1.52
2013-04-13T06:00:00+02:00,-1.53
2013-04-14T06:00:00+02:00,-1.53
2013-04-15T06:00:00+02:00,-1.51
2013-04-16T06:00:00+02:00,-1.53
2013-04-17T06:00:00+02:00,-1.54
2013-04-18T06:00:00+02:00,-1.49
2013-04-19T06:00:00+02:00,-1.53
2013-04-20T06:00:00+02:00,-1.59
2013-04-21T06:00:00+02:00,-1.57
2013-04-22T06:00:00+02:00,-1.55
2013-04-23T06:00:00+02:00,-1.52
2013-04-24T06:00:00+02:00,-1.55
2013-04-25T06:00:00+02:00,-1.55
2013-04-26T06:00:00+02:00,-1.53
2013-04-27T06:00:00+02:00,-1.52
2013-04-28T06:00:00+02:00,-1.54
2013-04-29T06:00:00+02:00,-1.53
2013-04-30T06:00:00+02:00,-1.54
2013-05-01T06:00:00+02:00,-1.55
2013-05-02T06:00:00+02:00,-1.53
2013-05-03T06:00:00+02:00,-1.51
2013-05-04T06:00:00+02:00,-1.51
2013-05-05T06:00:00+02:00,-1.54
2013-05-06T06:00:00+02:00,-1.55
2013-05-07T06:00:00+02:00,-1.55
2013-05-08T06:00:00+02:00,-1.52
2013-05-09T06:00:00+02:00,-1.52
2013-05-10T06:00:00+02:00,-1.53
2013-05-11T06:00:00+02:00,-1.55
2013-05-12T06:00:00+02:00,-1.53
2013-05-13T06:00:00+02:00,-1.53
2013-05-14T06:00:00+02:00,-1.52
2013-05-15T06:00:00+02:00,-1.5
2013-05-16T06:00:00+02:00,-1.52
2013-05-17T06:00:00+02:00,-1.48
2013-05-18T06:00:00+02:00,-1.47
2013-05-19T06:00:00+02:00,-1.49
2013-05-20T06:00:00+02:00,-1.47
2013-05-21T06:00:00+02:00,-1.47
2013-05-22T06:00:00+02:00,-1.46
2013-05-23T06:00:00+02:00,-1.45
2013-05-24T06:00:00+02:00,-1.47
2013-05-25T06:00:00+02:00,-1.48
2013-05-26T06:00:00+02:00,-1.46
2013-05-27T06:00:00+02:00,-1.45
2013-05-28T06:00:00+02:00,-1.47
2013-05-29T06:00:00+02:00,-1.45
2013-05-30T06:00:00+02:00,-1.45
2013-05-31T06:00:00+02:00,-1.46
2013-06-01T06:00:00+02:00,-1.46
2013-06-02T06:00:00+02:00,-1.5
2013-06-03T06:00:00+02:00,-1.52
2013-06-04T06:00:00+02:00,-1.51
2013-06-05T06:00:00+02:00,-1.5
2013-06-06T06:00:00+02:00,-1.5
2013-06-07T06:00:00+02:00,-1.5
2013-06-08T06:00:00+02:00,-1.51
2013-06-09T06:00:00+02:00,-1.49
2013-06-10T06:00:00+02:00,-1.49
2013-06-11T06:00:00+02:00,-1.51
2013-06-12T06:00:00+02:00,-1.51
2013-06-13T06:00:00+02:00,-1.49
2013-06-14T06:00:00+02:00,-1.5
2013-06-15T06:00:00+02:00,-1.51
2013-06-16T06:00:00+02:00,-1.5
2013-06-17T06:00:00+02:00,-1.53
2013-06-18T06:00:00+02:00,-1.52
2013-06-19T06:00:00+02:00,-1.51
2013-06-20T06:00:00+02:00,-1.53
2013-06-21T06:00:00+02:00,-1.49
2013-06-22T06:00:00+02:00,-1.47
2013-06-23T06:00:00+02:00,-1.45
2013-06-24T06:00:00+02:00,-1.46
2013-06-25T06:00:00+02:00,-1.5
2013-06-26T06:00:00+02:00,-1.52
2013-06-27T06:00:00+02:00,-1.5
2013-06-28T06:00:00+02:00,-1.49
2013-06-29T06:00:00+02:00,-1.48
2013-06-30T06:00:00+02:00,-1.51
2013-07-01T06:00:00+02:00,-1.47
2013-07-02T06:00:00+02:00,-1.5
2013-07-03T06:00:00+02:00,-1.47
2013-07-04T06:00:00+02:00,-1.49
2013-07-05T06:00:00+02:00,-1.52
2013-07-06T06:00:00+02:00,-1.55
2013-07-07T06:00:00+02:00,-1.55
2013-07-08T06:00:00+02:00,-1.55
2013-07-09T06:00:00+02:00,-1.56
2013-07-10T06:00:00+02:00,-1.55
2013-07-11T06:00:00+02:00,-1.55
2013-07-12T06:00:00+02:00,-1.57
2013-07-13T06:00:00+02:00,-1.57
2013-07-14T06:00:00+02:00,-1.58
2013-07-15T06:00:00+02:00,-1.6
2013-07-16T06:00:00+02:00,-1.61
2013-07-17T06:00:00+02:00,-1.59
2013-07-18T06:00:00+02:00,-1.59
2013-07-19T06:00:00+02:00,-1.6
2013-07-20T06:00:00+02:00,-1.59
2013-07-21T06:00:00+02:00,-1.6
2013-07-22T06:00:00+02:00,-1.6
2013-07-23T06:00:00+02:00,-1.59
2013-07-24T06:00:00+02:00,-1.59
2013-07-25T06:00:00+02:00,-1.61
2013-07-26T06:00:00+02:00,-1.62
2013-07-27T06:00:00+02:00,-1.61
2013-07-28T06:00:00+02:00,-1.56
2013-07-29T06:00:00+02:00,-1.57
2013-07-30T06:00:00+02:00,-1.56
2013-07-31T06:00:00+02:00,-1.54
2013-08-01T06:00:00+02:00,-1.52
2013-08-02T06:00:00+02:00,-1.51
2013-08-03T06:00:00+02:00,-1.51
2013-08-04T06:00:00+02:00,-1.56
2013-08-05T06:00:00+02:00,-1.56
2013-08-06T06:00:00+02:00,-1.54
2013-08-07T06:00:00+02:00,-1.58
2013-08-08T06:00:00+02:00,-1.55
2013-08-09T06:00:00+02:00,-1.56
2013-08-10T06:00:00+02:00,-1.55
2013-08-11T06:00:00+02:00,-1.57
2013-08-12T06:00:00+02:00,-1.56
2013-08-13T06:00:00+02:00,-1.55
2013-08-14T06:00:00+02:00,-1.57
2013-08-15T06:00:00+02:00,-1.58
2013-08-16T06:00:00+02:00,-1.58
2013-08-17T06:00:00+02:00,-1.58
2013-08-18T06:00:00+02:00,-1.57
2013-08-19T06:00:00+02:00,-1.6
2013-08-20T06:00:00+02:00,-1.58
2013-08-21T06:00:00+02:00,-1.57
2013-08-22T06:00:00+02:00,-1.55
2013-08-23T06:00:00+02:00,-1.56
2013-08-24T06:00:00+02:00,-1.56
2013-08-25T06:00:00+02:00,-1.56
2013-08-26T06:00:00+02:00,-1.58
2013-08-27T06:00:00+02:00,-1.59
2013-08-28T06:00:00+02:00,-1.61
2013-08-29T06:00:00+02:00,-1.62
2013-08-30T06:00:00+02:00,-1.63
2013-08-31T06:00:00+02:00,-1.63
2013-09-01T06:00:00+02:00,-1.66
2013-09-02T06:00:00+02:00,-1.65
2013-09-03T06:00:00+02:00,-1.67
2013-09-04T06:00:00+02:00,-1.68
2013-09-05T06:00:00+02:00,-1.67
2013-09-06T06:00:00+02:00,-1.66
2013-09-07T06:00:00+02:00,-1.69
2013-09-08T06:00:00+02:00,-1.69
2013-09-09T06:00:00+02:00,-1.65
2013-09-10T06:00:00+02:00,-1.61
2013-09-11T06:00:00+02:00,-1.6
2013-09-12T06:00:00+02:00,-1.59
2013-09-13T06:00:00+02:00,-1.59
2013-09-14T06:00:00+02:00,-1.57
2013-09-15T06:00:00+02:00,-1.54
2013-09-16T06:00:00+02:00,-1.49
2013-09-17T06:00:00+02:00,-1.49
2013-09-18T06:00:00+02:00,-1.47
2013-09-19T06:00:00+02:00,-1.49
2013-09-20T06:00:00+02:00,-1.49
2013-09-21T06:00:00+02:00,-1.52
2013-09-22T06:00:00+02:00,-1.53
2013-09-23T06:00:00+02:00,-1.53
2013-09-24T06:00:00+02:00,-1.52
2013-09-25T06:00:00+02:00,-1.52
2013-09-26T06:00:00+02:00,-1.51
2013-09-27T06:00:00+02:00,-1.54
2013-09-28T06:00:00+02:00,-1.54
2013-09-29T06:00:00+02:00,-1.54
2013-09-30T06:00:00+02:00,-1.55
2013-10-01T06:00:00+02:00,-1.56
2013-10-02T06:00:00+02:00,-1.57
2013-10-03T06:00:00+02:00,-1.58
2013-10-04T06:00:00+02:00,-1.57
2013-10-05T06:00:00+02:00,-1.56
2013-10-06T06:00:00+02:00,-1.58
2013-10-07T06:00:00+02:00,-1.59
2013-10-08T06:00:00+02:00,-1.59
2013-10-09T06:00:00+02:00,-1.58
2013-10-10T06:00:00+02:00,-1.56
2013-10-11T06:00:00+02:00,-1.59
2013-10-12T06:00:00+02:00,-1.59
2013-10-13T06:00:00+02:00,-1.56
2013-10-14T06:00:00+02:00,-1.52
2013-10-15T06:00:00+02:00,-1.48
2013-10-16T06:00:00+02:00,-1.49
2013-10-17T06:00:00+02:00,-1.48
2013-10-18T06:00:00+02:00,-1.51
2013-10-19T06:00:00+02:00,-1.51
2013-10-20T06:00:00+02:00,-1.49
2013-10-21T06:00:00+02:00,-1.49
2013-10-22T06:00:00+02:00,-1.49
2013-10-23T06:00:00+02:00,-1.48
2013-10-24T06:00:00+02:00,-1.52
2013-10-25T06:00:00+02:00,-1.53
2013-10-26T06:00:00+02:00,-1.51
2013-10-27T06:00:00+01:00,-1.5
2013-10-28T06:00:00+01:00,-1.47
2013-10-29T06:00:00+01:00,-1.48
2013-10-30T06:00:00+01:00,-1.47
2013-10-31T06:00:00+01:00,-1.45
2013-11-01T06:00:00+01:00,-1.43
2013-11-02T06:00:00+01:00,-1.39
2013-11-03T06:00:00+01:00,-1.38
2013-11-04T06:00:00+01:00,-1.38
2013-11-05T06:00:00+01:00,-1.37
2013-11-06T06:00:00+01:00,-1.35
2013-11-07T06:00:00+01:00,-1.32
2013-11-08T06:00:00+01:00,-1.33
2013-11-09T06:00:00+01:00,-1.31
2013-11-10T06:00:00+01:00,-1.29
2013-11-11T06:00:00+01:00,-1.3
2013-11-12T06:00:00+01:00,-1.29
2013-11-13T06:00:00+01:00,-1.29
2013-11-14T06:00:00+01:00,-1.27
2013-11-15T06:00:00+01:00,-1.29
2013-11-16T06:00:00+01:00,-1.3
2013-11-17T06:00:00+01:00,-1.3
2013-11-18T06:00:00+01:00,-1.29
2013-11-19T06:00:00+01:00,-1.29
2013-11-20T06:00:00+01:00,-1.31
2013-11-21T06:00:00+01:00,-1.3
2013-11-22T06:00:00+01:00,-1.34
2013-11-23T06:00:00+01:00,-1.36
2013-11-24T06:00:00+01:00,-1.38
2013-11-25T06:00:00+01:00,-1.41
2013-11-26T06:00:00+01:00,-1.42
2013-11-27T06:00:00+01:00,-1.41
2013-11-28T06:00:00+01:00,-1.41
2013-11-29T06:00:00+01:00,-1.41
2013-11-30T06:00:00+01:00,-1.37
2013-12-01T06:00:00+01:00,-1.4
2013-12-02T06:00:00+01:00,-1.41
2013-12-03T06:00:00+01:00,-1.41
2013-12-04T06:00:00+01:00,-1.4
2013-12-05T06:00:00+01:00,-1.41
2013-12-06T06:00:00+01:00,-1.39
2013-12-07T06:00:00+01:00,-1.4
2013-12-08T06:00:00+01:00,-1.39
2013-12-09T06:00:00+01:00,-1.39
2013-12-10T06:00:00+01:00,-1.41
2013-12-11T06:00:00+01:00,-1.41
2013-12-12T06:00:00+01:00,-1.4
2013-12-13T06:00:00+01:00,-1.39
2013-12-14T06:00:00+01:00,-1.39
2013-12-15T06:00:00+01:00,-1.36
2013-12-16T06:00:00+01:00,-1.35
2013-12-17T06:00:00+01:00,-1.35
2013-12-18T06:00:00+01:00,-1.34
2013-12-19T06:00:00+01:00,-1.29
2013-12-20T06:00:00+01:00,-1.33
2013-12-21T06:00:00+01:00,-1.36
2013-12-22T06:00:00+01:00,-1.31
2013-12-23T06:00:00+01:00,-1.29
2013-12-24T06:00:00+01:00,-1.23
2013-12-25T06:00:00+01:00,-1.18
2013-12-26T06:00:00+01:00,-1.2
2013-12-27T06:00:00+01:00,-1.22
2013-12-28T06:00:00+01:00,-1.21
2013-12-29T06:00:00+01:00,-1.25
2013-12-30T06:00:00+01:00,-1.29
2013-12-31T06:00:00+01:00,-1.29
2014-01-01T06:00:00+01:00,-1.29
2014-01-02T06:00:00+01:00,-1.26
2014-01-03T06:00:00+01:00,-1.28
2014-01-04T06:00:00+01:00,-1.31
2014-01-05T06:00:00+01:00,-1.29
2014-01-06T06:00:00+01:00,-1.27
2014-01-07T06:00:00+01:00,-1.3
2014-01-08T06:00:00+01:00,-1.3
2014-01-09T06:00:00+01:00,-1.24
2014-01-10T06:00:00+01:00,-1.26
2014-01-11T06:00:00+01:00,-1.24
2014-01-12T06:00:00+01:00,-1.27
2014-01-13T06:00:00+01:00,-1.23
2014-01-14T06:00:00+01:00,-1.25
2014-01-15T06:00:00+01:00,-1.27
2014-01-16T06:00:00+01:00,-1.24
2014-01-17T06:00:00+01:00,-1.22
2014-01-18T06:00:00+01:00,-1.23
2014-01-19T06:00:00+01:00,-1.24
2014-01-20T06:00:00+01:00,-1.27
2014-01-21T06:00:00+01:00,-1.29
2014-01-22T06:00:00+01:00,-1.3
2014-01-23T06:00:00+01:00,-1.31
2014-01-24T06:00:00+01:00,-1.32
2014-01-25T06:00:00+01:00,-1.31
2014-01-26T06:00:00+01:00,-1.29
2014-01-27T06:00:00+01:00,-1.19
2014-01-28T06:00:00+01:00,-1.19
2014-01-29T06:00:00+01:00,-1.21
2014-01-30T06:00:00+01:00,-1.23
2014-01-31T06:00:00+01:00,-1.24
2014-02-01T06:00:00+01:00,-1.21
2014-02-02T06:00:00+01:00,-1.24
2014-02-03T06:00:00+01:00,-1.26
2014-02-04T06:00:00+01:00,-1.27
2014-02-05T06:00:00+01:00,-1.28
2014-02-06T06:00:00+01:00,-1.33
2014-02-07T06:00:00+01:00,-1.29
2014-02-08T06:00:00+01:00,-1.26
2014-02-09T06:00:00+01:00,-1.24
2014-02-10T06:00:00+01:00,-1.26
2014-02-11T06:00:00+01:00,-1.26
2014-02-12T06:00:00+01:00,-1.26
2014-02-13T06:00:00+01:00,-1.22
2014-02-14T06:00:00+01:00,-1.26
2014-02-15T06:00:00+01:00,-1.22
2014-02-16T06:00:00+01:00,-1.27
2014-02-17T06:00:00+01:00,-1.31
2014-02-18T06:00:00+01:00,-1.33
2014-02-19T06:00:00+01:00,-1.33
2014-02-20T06:00:00+01:00,-1.34
2014-02-21T06:00:00+01:00,-1.34
2014-02-22T06:00:00+01:00,-1.32
2014-02-23T06:00:00+01:00,-1.35
2014-02-24T06:00:00+01:00,-1.35
2014-02-25T06:00:00+01:00,-1.35
2014-02-26T06:00:00+01:00,-1.39
2014-02-27T06:00:00+01:00,-1.38
2014-02-28T06:00:00+01:00,-1.37
2014-03-01T06:00:00+01:00,-1.38
2014-03-02T06:00:00+01:00,-1.38
2014-03-03T06:00:00+01:00,-1.36
2014-03-04T06:00:00+01:00,-1.41
2014-03-05T06:00:00+01:00,-1.45
2014-03-06T06:00:00+01:00,-1.47
2014-03-07T06:00:00+01:00,-1.45
2014-03-08T06:00:00+01:00,-1.49
2014-03-09T06:00:00+01:00,-1.47
2014-03-10T06:00:00+01:00,-1.48
2014-03-11T06:00:00+01:00,-1.51
2014-03-12T06:00:00+01:00,-1.51
2014-03-13T06:00:00+01:00,-1.5
2014-03-14T06:00:00+01:00,-1.5
2014-03-15T06:00:00+01:00,-1.48
2014-03-16T06:00:00+01:00,-1.48
2014-03-17T06:00:00+01:00,-1.49
2014-03-18T06:00:00+01:00,-1.48
2014-03-19T06:00:00+01:00,-1.51
2014-03-20T06:00:00+01:00,-1.49
2014-03-21T06:00:00+01:00,-1.48
2014-03-22T06:00:00+01:00,-1.42
2014-03-23T06:00:00+01:00,-1.43
2014-03-24T06:00:00+01:00,-1.45
2014-03-25T06:00:00+01:00,-1.45
2014-03-26T06:00:00+01:00,-1.46
2014-03-27T06:00:00+01:00,-1.48
2014-03-28T06:00:00+01:00,-1.49
2014-03-29T06:00:00+01:00,-1.5
2014-03-30T06:00:00+02:00,-1.49
2014-03-31T06:00:00+02:00,-1.49
2014-04-01T06:00:00+02:00,-1.49
2014-04-02T06:00:00+02:00,-1.49
2014-04-03T06:00:00+02:00,-1.49
2014-04-04T06:00:00+02:00,-1.5
2014-04-05T06:00:00+02:00,-1.51
2014-04-06T06:00:00+02:00,-1.49
2014-04-07T06:00:00+02:00,-1.48
2014-04-08T06:00:00+02:00,-1.44
2014-04-09T06:00:00+02:00,-1.46
2014-04-10T06:00:00+02:00,-1.48
2014-04-11T06:00:00+02:00,-1.48
2014-04-12T06:00:00+02:00,-1.48
2014-04-13T06:00:00+02:00,-1.49
2014-04-14T06:00:00+02:00,-1.49
2014-04-15T06:00:00+02:00,-1.53
2014-04-16T06:00:00+02:00,-1.54
2014-04-17T06:00:00+02:00,-1.51
2014-04-18T06:00:00+02:00,-1.51
2014-04-19T06:00:00+02:00,-1.54
2014-04-20T06:00:00+02:00,-1.52
2014-04-21T06:00:00+02:00,-1.52
2014-04-22T06:00:00+02:00,-1.53
2014-04-23T06:00:00+02:00,-1.55
2014-04-24T06:00:00+02:00,-1.54
2014-04-25T06:00:00+02:00,-1.53
2014-04-26T06:00:00+02:00,-1.52
2014-04-27T06:00:00+02:00,-1.51
2014-04-28T06:00:00+02:00,-1.52
2014-04-29T06:00:00+02:00,-1.52
2014-04-30T06:00:00+02:00,-1.51
2014-05-01T06:00:00+02:00,-1.51
2014-05-02T06:00:00+02:00,-1.53
2014-05-03T06:00:00+02:00,-1.53
2014-05-04T06:00:00+02:00,-1.51
2014-05-05T06:00:00+02:00,-1.48
2014-05-06T06:00:00+02:00,-1.47
2014-05-07T06:00:00+02:00,-1.49
2014-05-08T06:00:00+02:00,-1.5
2014-05-09T06:00:00+02:00,-1.49
2014-05-10T06:00:00+02:00,-1.48
2014-05-11T06:00:00+02:00,-1.45
2014-05-12T06:00:00+02:00,-1.48
2014-05-13T06:00:00+02:00,-1.49
2014-05-14T06:00:00+02:00,-1.51
2014-05-15T06:00:00+02:00,-1.53
2014-05-16T06:00:00+02:00,-1.52
2014-05-17T06:00:00+02:00,-1.5
2014-05-18T06:00:00+02:00,-1.49
2014-05-19T06:00:00+02:00,-1.48
2014-05-20T06:00:00+02:00,-1.49
2014-05-21T06:00:00+02:00,-1.5
2014-05-22T06:00:00+02:00,-1.48
2014-05-23T06:00:00+02:00,-1.49
2014-05-24T06:00:00+02:00,-1.51
2014-05-25T06:00:00+02:00,-1.52
2014-05-26T06:00:00+02:00,-1.52
2014-05-27T06:00:00+02:00,-1.48
2014-05-28T06:00:00+02:00,-1.44
2014-05-29T06:00:00+02:00,-1.4
2014-05-30T06:00:00+02:00,-1.37
2014-05-31T06:00:00+02:00,-1.36
2014-06-01T06:00:00+02:00,-1.38
2014-06-02T06:00:00+02:00,-1.39
2014-06-03T06:00:00+02:00,-1.39
2014-06-04T06:00:00+02:00,-1.38
2014-06-05T06:00:00+02:00,-1.39
2014-06-06T06:00:00+02:00,-1.39
2014-06-07T06:00:00+02:00,-1.38
2014-06-08T06:00:00+02:00,-1.4
2014-06-09T06:00:00+02:00,-1.4
2014-06-10T06:00:00+02:00,-1.4
2014-06-11T06:00:00+02:00,-1.43
2014-06-12T06:00:00+02:00,-1.44
2014-06-13T06:00:00+02:00,-1.43
2014-06-14T06:00:00+02:00,-1.44
2014-06-15T06:00:00+02:00,-1.46
2014-06-16T06:00:00+02:00,-1.46
2014-06-17T06:00:00+02:00,-1.47
2014-06-18T06:00:00+02:00,-1.48
2014-06-19T06:00:00+02:00,-1.47
2014-06-20T06:00:00+02:00,-1.47
2014-06-21T06:00:00+02:00,-1.48
2014-06-22T06:00:00+02:00,-1.49
2014-06-23T06:00:00+02:00,-1.5
2014-06-24T06:00:00+02:00,-1.5
2014-06-25T06:00:00+02:00,-1.5
2014-06-26T06:00:00+02:00,-1.51
2014-06-27T06:00:00+02:00,-1.51
2014-06-28T06:00:00+02:00,-1.5
2014-06-29T06:00:00+02:00,-1.51
2014-06-30T06:00:00+02:00,-1.5
2014-07-01T06:00:00+02:00,-1.48
2014-07-02T06:00:00+02:00,-1.48
2014-07-03T06:00:00+02:00,-1.47
2014-07-04T06:00:00+02:00,-1.46
2014-07-05T06:00:00+02:00,-1.46
2014-07-06T06:00:00+02:00,-1.48
2014-07-07T06:00:00+02:00,-1.52
2014-07-08T06:00:00+02:00,-1.5
2014-07-09T06:00:00+02:00,-1.49
2014-07-10T06:00:00+02:00,-1.52
2014-07-11T06:00:00+02:00,-1.54
2014-07-12T06:00:00+02:00,-1.54
2014-07-13T06:00:00+02:00,-1.53
2014-07-14T06:00:00+02:00,-1.55
2014-07-15T06:00:00+02:00,-1.58
2014-07-16T06:00:00+02:00,-1.59
2014-07-17T06:00:00+02:00,-1.6
2014-07-18T06:00:00+02:00,-1.59
2014-07-19T06:00:00+02:00,-1.59
2014-07-20T06:00:00+02:00,-1.59
2014-07-21T06:00:00+02:00,-1.62
2014-07-22T06:00:00+02:00,-1.63
2014-07-23T06:00:00+02:00,-1.64
2014-07-24T06:00:00+02:00,-1.64
2014-07-25T06:00:00+02:00,-1.64
2014-07-26T06:00:00+02:00,-1.63
2014-07-27T06:00:00+02:00,-1.64
2014-07-28T06:00:00+02:00,-1.64
2014-07-29T06:00:00+02:00,-1.63
2014-07-30T06:00:00+02:00,-1.62
2014-07-31T06:00:00+02:00,-1.64
2014-08-01T06:00:00+02:00,-1.64
2014-08-02T06:00:00+02:00,-1.64
2014-08-03T06:00:00+02:00,-1.65
2014-08-04T06:00:00+02:00,-1.67
2014-08-05T06:00:00+02:00,-1.68
2014-08-06T06:00:00+02:00,-1.67
2014-08-07T06:00:00+02:00,-1.67
2014-08-08T06:00:00+02:00,-1.68
2014-08-09T06:00:00+02:00,-1.64
2014-08-10T06:00:00+02:00,-1.66
2014-08-11T06:00:00+02:00,-1.66
2014-08-12T06:00:00+02:00,-1.64
2014-08-13T06:00:00+02:00,-1.59
2014-08-14T06:00:00+02:00,-1.56
2014-08-15T06:00:00+02:00,-1.57
2014-08-16T06:00:00+02:00,-1.58
2014-08-17T06:00:00+02:00,-1.54
2014-08-18T06:00:00+02:00,-1.52
2014-08-19T06:00:00+02:00,-1.51
2014-08-20T06:00:00+02:00,-1.49
2014-08-21T06:00:00+02:00,-1.47
2014-08-22T06:00:00+02:00,-1.45
2014-08-23T06:00:00+02:00,-1.44
2014-08-24T06:00:00+02:00,-1.43
2014-08-25T06:00:00+02:00,-1.41
2014-08-26T06:00:00+02:00,-1.41
2014-08-27T06:00:00+02:00,-1.44
2014-08-28T06:00:00+02:00,-1.45
2014-08-29T06:00:00+02:00,-1.45
2014-08-30T06:00:00+02:00,-1.45
2014-08-31T06:00:00+02:00,-1.46
2014-09-01T06:00:00+02:00,-1.49
2014-09-02T06:00:00+02:00,-1.5
2014-09-03T06:00:00+02:00,-1.52
2014-09-04T06:00:00+02:00,-1.52
2014-09-05T06:00:00+02:00,-1.51
2014-09-06T06:00:00+02:00,-1.51
2014-09-07T06:00:00+02:00,-1.52
2014-09-08T06:00:00+02:00,-1.54
2014-09-09T06:00:00+02:00,-1.54
2014-09-10T06:00:00+02:00,-1.55
2014-09-11T06:00:00+02:00,-1.56
2014-09-12T06:00:00+02:00,-1.57
2014-09-13T06:00:00+02:00,-1.58
2014-09-14T06:00:00+02:00,-1.58
2014-09-15T06:00:00+02:00,-1.58
2014-09-16T06:00:00+02:00,-1.58
2014-09-17T06:00:00+02:00,-1.58
2014-09-18T06:00:00+02:00,-1.57
2014-09-19T06:00:00+02:00,-1.59
2014-09-20T06:00:00+02:00,-1.59
2014-09-21T06:00:00+02:00,-1.6
2014-09-22T06:00:00+02:00,-1.58
2014-09-23T06:00:00+02:00,-1.59
2014-09-24T06:00:00+02:00,-1.56
2014-09-25T06:00:00+02:00,-1.5
2014-09-26T06:00:00+02:00,-1.48
2014-09-27T06:00:00+02:00,-1.5
2014-09-28T06:00:00+02:00,-1.48
2014-09-29T06:00:00+02:00,-1.49
2014-09-30T06:00:00+02:00,-1.49
2014-10-01T06:00:00+02:00,-1.51
2014-10-02T06:00:00+02:00,-1.52
2014-10-03T06:00:00+02:00,-1.52
2014-10-04T06:00:00+02:00,-1.5
2014-10-05T06:00:00+02:00,-1.52
2014-10-06T06:00:00+02:00,-1.5
2014-10-07T06:00:00+02:00,-1.46
2014-10-08T06:00:00+02:00,-1.49
2014-10-09T06:00:00+02:00,-1.47
2014-10-10T06:00:00+02:00,-1.5
2014-10-11T06:00:00+02:00,-1.5
2014-10-12T06:00:00+02:00,-1.51
2014-10-13T06:00:00+02:00,-1.49
2014-10-14T06:00:00+02:00,-1.5
2014-10-15T06:00:00+02:00,-1.49
2014-10-16T06:00:00+02:00,-1.48
2014-10-17T06:00:00+02:00,-1.5
2014-10-18T06:00:00+02:00,-1.51
2014-10-19T06:00:00+02:00,-1.49
2014-10-20T06:00:00+02:00,-1.5
2014-10-21T06:00:00+02:00,-1.47
2014-10-22T06:00:00+02:00,-1.48
2014-10-23T06:00:00+02:00,-1.45
2014-10-24T06:00:00+02:00,-1.44
2014-10-25T06:00:00+02:00,-1.43
2014-10-26T06:00:00+01:00,-1.44
2014-10-27T06:00:00+01:00,-1.45
2014-10-28T06:00:00+01:00,-1.44
2014-10-29T06:00:00+01:00,-1.45
2014-10-30T06:00:00+01:00,-1.48
2014-10-31T06:00:00+01:00,-1.47
2014-11-01T06:00:00+01:00,-1.47
2014-11-02T06:00:00+01:00,-1.46
2014-11-03T06:00:00+01:00,-1.43
2014-11-04T06:00:00+01:00,-1.44
2014-11-05T06:00:00+01:00,-1.46
2014-11-06T06:00:00+01:00,-1.48
2014-11-07T06:00:00+01:00,-1.46
2014-11-08T06:00:00+01:00,-1.48
2014-11-09T06:00:00+01:00,-1.48
2014-11-10T06:00:00+01:00,-1.49
2014-11-11T06:00:00+01:00,-1.5
2014-11-12T06:00:00+01:00,-1.48
2014-11-13T06:00:00+01:00,-1.51
2014-11-14T06:00:00+01:00,-1.5
2014-11-15T06:00:00+01:00,-1.49
2014-11-16T06:00:00+01:00,-1.49
2014-11-17T06:00:00+01:00,-1.42
2014-11-18T06:00:00+01:00,-1.39
2014-11-19T06:00:00+01:00,-1.41
2014-11-20T06:00:00+01:00,-1.42
2014-11-21T06:00:00+01:00,-1.42
2014-11-22T06:00:00+01:00,-1.41
2014-11-23T06:00:00+01:00,-1.43
2014-11-24T06:00:00+01:00,-1.45
2014-11-25T06:00:00+01:00,-1.44
2014-11-26T06:00:00+01:00,-1.43
2014-11-27T06:00:00+01:00,-1.41
2014-11-28T06:00:00+01:00,-1.43
2014-11-29T06:00:00+01:00,-1.45
2014-11-30T06:00:00+01:00,-1.44
2014-12-01T06:00:00+01:00,-1.45
2014-12-02T06:00:00+01:00,-1.45
2014-12-03T06:00:00+01:00,-1.48
2014-12-04T06:00:00+01:00,-1.46
2014-12-05T06:00:00+01:00,-1.46
2014-12-06T06:00:00+01:00,-1.49
2014-12-07T06:00:00+01:00,-1.46
2014-12-08T06:00:00+01:00,-1.46
2014-12-09T06:00:00+01:00,-1.48
2014-12-10T06:00:00+01:00,-1.42
2014-12-11T06:00:00+01:00,-1.37
2014-12-12T06:00:00+01:00,-1.33
2014-12-13T06:00:00+01:00,-1.33
2014-12-14T06:00:00+01:00,-1.33
2014-12-15T06:00:00+01:00,-1.31
2014-12-16T06:00:00+01:00,-1.33
2014-12-17T06:00:00+01:00,-1.3
2014-12-18T06:00:00+01:00,-1.32
2014-12-19T06:00:00+01:00,-1.3
2014-12-20T06:00:00+01:00,-1.29
2014-12-21T06:00:00+01:00,-1.32
2014-12-22T06:00:00+01:00,-1.28
2014-12-23T06:00:00+01:00,-1.3
2014-12-24T06:00:00+01:00,-1.3
2014-12-25T06:00:00+01:00,-1.32
2014-12-26T06:00:00+01:00,-1.35
2014-12-27T06:00:00+01:00,-1.3
2014-12-28T06:00:00+01:00,-1.39
2014-12-29T06:00:00+01:00,-1.39
2014-12-30T06:00:00+01:00,-1.39
2014-12-31T06:00:00+01:00,-1.39
2015-01-01T06:00:00+01:00,-1.38
2015-01-02T06:00:00+01:00,-1.36
2015-01-03T06:00:00+01:00,-1.36
2015-01-04T06:00:00+01:00,-1.39
2015-01-05T06:00:00+01:00,-1.39
2015-01-06T06:00:00+01:00,-1.37
2015-01-07T06:00:00+01:00,-1.39
2015-01-08T06:00:00+01:00,-1.36
2015-01-09T06:00:00+01:00,-1.29
2015-01-10T06:00:00+01:00,-1.27
2015-01-11T06:00:00+01:00,-1.28
2015-01-12T06:00:00+01:00,-1.29
2015-01-13T06:00:00+01:00,-1.27
2015-01-14T06:00:00+01:00,-1.21
2015-01-15T06:00:00+01:00,-1.17
2015-01-16T06:00:00+01:00,-1.21
2015-01-17T06:00:00+01:00,-1.24
2015-01-18T06:00:00+01:00,-1.24
2015-01-19T06:00:00+01:00,-1.23
2015-01-20T06:00:00+01:00,-1.23
2015-01-21T06:00:00+01:00,-1.26
2015-01-22T06:00:00+01:00,-1.29
2015-01-23T06:00:00+01:00,-1.32
2015-01-24T06:00:00+01:00,-1.29
2015-01-25T06:00:00+01:00,-1.32
2015-01-26T06:00:00+01:00,-1.27
2015-01-27T06:00:00+01:00,-1.28
2015-01-28T06:00:00+01:00,-1.23
2015-01-29T06:00:00+01:00,-1.18
2015-01-30T06:00:00+01:00,-1.18
2015-01-31T06:00:00+01:00,-1.19
2015-02-01T06:00:00+01:00,-1.22
2015-02-02T06:00:00+01:00,-1.24
2015-02-03T06:00:00+01:00,-1.26
2015-02-04T06:00:00+01:00,-1.29
2015-02-05T06:00:00+01:00,-1.31
2015-02-06T06:00:00+01:00,-1.34
2015-02-07T06:00:00+01:00,-1.34
2015-02-08T06:00:00+01:00,-1.35
2015-02-09T06:00:00+01:00,-1.34
2015-02-10T06:00:00+01:00,-1.36
2015-02-11T06:00:00+01:00,-1.35
2015-02-12T06:00:00+01:00,-1.35
2015-02-13T06:00:00+01:00,-1.35
2015-02-14T06:00:00+01:00,-1.35
2015-02-15T06:00:00+01:00,-1.39
2015-02-16T06:00:00+01:00,-1.39
2015-02-17T06:00:00+01:00,-1.42
2015-02-18T06:00:00+01:00,-1.44
2015-02-19T06:00:00+01:00,-1.41
2015-02-20T06:00:00+01:00,-1.38
2015-02-21T06:00:00+01:00,-1.33
2015-02-22T06:00:00+01:00,-1.3
2015-02-23T06:00:00+01:00,-1.23
2015-02-24T06:00:00+01:00,-1.24
2015-02-25T06:00:00+01:00,-1.28
2015-02-26T06:00:00+01:00,-1.27
2015-02-27T06:00:00+01:00,-1.26
2015-02-28T06:00:00+01:00,-1.25
2015-03-01T06:00:00+01:00,-1.22
2015-03-02T06:00:00+01:00,-1.26
2015-03-03T06:00:00+01:00,-1.31
2015-03-04T06:00:00+01:00,-1.3
2015-03-05T06:00:00+01:00,-1.33
2015-03-06T06:00:00+01:00,-1.33
2015-03-07T06:00:00+01:00,-1.32
2015-03-08T06:00:00+01:00,-1.34
2015-03-09T06:00:00+01:00,-1.37
2015-03-10T06:00:00+01:00,-1.38
2015-03-11T06:00:00+01:00,-1.39
2015-03-12T06:00:00+01:00,-1.41
2015-03-13T06:00:00+01:00,-1.41
2015-03-14T06:00:00+01:00,-1.42
2015-03-15T06:00:00+01:00,-1.44
2015-03-16T06:00:00+01:00,-1.44
2015-03-17T06:00:00+01:00,-1.45
2015-03-18T06:00:00+01:00,-1.46
2015-03-19T06:00:00+01:00,-1.47
2015-03-20T06:00:00+01:00,-1.46
2015-03-21T06:00:00+01:00,-1.44
2015-03-22T06:00:00+01:00,-1.49
2015-03-23T06:00:00+01:00,-1.45
2015-03-24T06:00:00+01:00,-1.45
2015-03-25T06:00:00+01:00,-1.45
2015-03-26T06:00:00+01:00,-1.45
2015-03-27T06:00:00+01:00,-1.45
2015-03-28T06:00:00+01:00,-1.46
2015-03-29T06:00:00+02:00,-1.4
2015-03-30T06:00:00+02:00,-1.4
2015-03-31T06:00:00+02:00,-1.34
2015-04-01T06:00:00+02:00,-1.38
2015-04-02T06:00:00+02:00,-1.35
2015-04-03T06:00:00+02:00,-1.37
2015-04-04T06:00:00+02:00,-1.38
2015-04-05T06:00:00+02:00,-1.41
2015-04-06T06:00:00+02:00,-1.42
2015-04-07T06:00:00+02:00,-1.44
2015-04-08T06:00:00+02:00,-1.45
2015-04-09T06:00:00+02:00,-1.44
2015-04-10T06:00:00+02:00,-1.44
2015-04-11T06:00:00+02:00,-1.43
2015-04-12T06:00:00+02:00,-1.47
2015-04-13T06:00:00+02:00,-1.48
2015-04-14T06:00:00+02:00,-1.46
2015-04-15T06:00:00+02:00,-1.46
2015-04-16T06:00:00+02:00,-1.49
2015-04-17T06:00:00+02:00,-1.49
2015-04-18T06:00:00+02:00,-1.52
2015-04-19T06:00:00+02:00,-1.49
2015-04-20T06:00:00+02:00,-1.53
2015-04-21T06:00:00+02:00,-1.53
2015-04-22T06:00:00+02:00,-1.53
2015-04-23T06:00:00+02:00,-1.51
2015-04-24T06:00:00+02:00,-1.5
2015-04-25T06:00:00+02:00,-1.5
2015-04-26T06:00:00+02:00,-1.51
2015-04-27T06:00:00+02:00,-1.52
2015-04-28T06:00:00+02:00,-1.52
2015-04-29T06:00:00+02:00,-1.53
2015-04-30T06:00:00+02:00,-1.51
2015-05-01T06:00:00+02:00,-1.52
2015-05-02T06:00:00+02:00,-1.53
2015-05-03T06:00:00+02:00,-1.51
2015-05-04T06:00:00+02:00,-1.51
2015-05-05T06:00:00+02:00,-1.48
2015-05-06T06:00:00+02:00,-1.51
2015-05-07T06:00:00+02:00,-1.52
2015-05-08T06:00:00+02:00,-1.53
2015-05-09T06:00:00+02:00,-1.52
2015-05-10T06:00:00+02:00,-1.56
2015-05-11T06:00:00+02:00,-1.54
2015-05-12T06:00:00+02:00,-1.53
2015-05-13T06:00:00+02:00,-1.55
2015-05-14T06:00:00+02:00,-1.55
2015-05-15T06:00:00+02:00,-1.57
2015-05-16T06:00:00+02:00,-1.56
2015-05-17T06:00:00+02:00,-1.57
2015-05-18T06:00:00+02:00,-1.54
2015-05-19T06:00:00+02:00,-1.54
2015-05-20T06:00:00+02:00,-1.55
2015-05-21T06:00:00+02:00,-1.6
2015-05-22T06:00:00+02:00,-1.6
2015-05-23T06:00:00+02:00,-1.61
2015-05-24T06:00:00+02:00,-1.6
2015-05-25T06:00:00+02:00,-1.59
2015-05-26T06:00:00+02:00,-1.61
2015-05-27T06:00:00+02:00,-1.61
2015-05-28T06:00:00+02:00,-1.59
2015-05-29T06:00:00+02:00,-1.59
2015-05-30T06:00:00+02:00,-1.59
2015-05-31T06:00:00+02:00,-1.58
2015-06-01T06:00:00+02:00,-1.59
2015-06-02T06:00:00+02:00,-1.55
2015-06-03T06:00:00+02:00,-1.6
2015-06-04T06:00:00+02:00,-1.63
2015-06-05T06:00:00+02:00,-1.61
2015-06-06T06:00:00+02:00,-1.63
2015-06-07T06:00:00+02:00,-1.64
2015-06-08T06:00:00+02:00,-1.65
2015-06-09T06:00:00+02:00,-1.65
2015-06-10T06:00:00+02:00,-1.65
2015-06-11T06:00:00+02:00,-1.63
2015-06-12T06:00:00+02:00,-1.62
2015-06-13T06:00:00+02:00,-1.61
2015-06-14T06:00:00+02:00,-1.64
2015-06-15T06:00:00+02:00,-1.66
2015-06-16T06:00:00+02:00,-1.67
2015-06-17T06:00:00+02:00,-1.66
2015-06-18T06:00:00+02:00,-1.65
2015-06-19T06:00:00+02:00,-1.66
2015-06-20T06:00:00+02:00,-1.66
2015-06-21T06:00:00+02:00,-1.64
2015-06-22T06:00:00+02:00,-1.62
2015-06-23T06:00:00+02:00,-1.63
2015-06-24T06:00:00+02:00,-1.64
2015-06-25T06:00:00+02:00,-1.63
2015-06-26T06:00:00+02:00,-1.63
2015-06-27T06:00:00+02:00,-1.63
2015-06-28T06:00:00+02:00,-1.65
2015-06-29T06:00:00+02:00,-1.65
2015-06-30T06:00:00+02:00,-1.67
2015-07-01T06:00:00+02:00,-1.67
2015-07-02T06:00:00+02:00,-1.69
2015-07-03T06:00:00+02:00,-1.71
2015-07-04T06:00:00+02:00,-1.69
2015-07-05T06:00:00+02:00,-1.7
2015-07-06T06:00:00+02:00,-1.67
2015-07-07T06:00:00+02:00,-1.62
2015-07-08T06:00:00+02:00,-1.61
2015-07-09T06:00:00+02:00,-1.66
2015-07-10T06:00:00+02:00,-1.67
2015-07-11T06:00:00+02:00,-1.66
2015-07-12T06:00:00+02:00,-1.67
2015-07-13T06:00:00+02:00,-1.68
2015-07-14T06:00:00+02:00,-1.67
2015-07-15T06:00:00+02:00,-1.69
2015-07-16T06:00:00+02:00,-1.68
2015-07-17T06:00:00+02:00,-1.65
2015-07-18T06:00:00+02:00,-1.68
2015-07-19T06:00:00+02:00,-1.67
2015-07-20T06:00:00+02:00,-1.68
2015-07-21T06:00:00+02:00,-1.67
2015-07-22T06:00:00+02:00,-1.69
2015-07-23T06:00:00+02:00,-1.71
2015-07-24T06:00:00+02:00,-1.71
2015-07-25T06:00:00+02:00,-1.67
2015-07-26T06:00:00+02:00,-1.69
2015-07-27T06:00:00+02:00,-1.62
2015-07-28T06:00:00+02:00,-1.58
2015-07-29T06:00:00+02:00,-1.56
2015-07-30T06:00:00+02:00,-1.55
2015-07-31T06:00:00+02:00,-1.56
2015-08-01T06:00:00+02:00,-1.55
2015-08-02T06:00:00+02:00,-1.57
2015-08-03T06:00:00+02:00,-1.56
2015-08-04T06:00:00+02:00,-1.54
2015-08-05T06:00:00+02:00,-1.58
2015-08-06T06:00:00+02:00,-1.57
2015-08-07T06:00:00+02:00,-1.59
2015-08-08T06:00:00+02:00,-1.62
2015-08-09T06:00:00+02:00,-1.62
2015-08-10T06:00:00+02:00,-1.62
2015-08-11T06:00:00+02:00,-1.62
2015-08-12T06:00:00+02:00,-1.65
2015-08-13T06:00:00+02:00,-1.64
2015-08-14T06:00:00+02:00,-1.61
2015-08-15T06:00:00+02:00,-1.63
2015-08-16T06:00:00+02:00,-1.66
2015-08-17T06:00:00+02:00,-1.62
2015-08-18T06:00:00+02:00,-1.52
2015-08-19T06:00:00+02:00,-1.52
2015-08-20T06:00:00+02:00,-1.52
2015-08-21T06:00:00+02:00,-1.52
2015-08-22T06:00:00+02:00,-1.52
2015-08-23T06:00:00+02:00,-1.51
2015-08-24T06:00:00+02:00,-1.5
2015-08-25T06:00:00+02:00,-1.51
2015-08-26T06:00:00+02:00,-1.52
2015-08-27T06:00:00+02:00,-1.48
2015-08-28T06:00:00+02:00,-1.44
2015-08-29T06:00:00+02:00,-1.44
2015-08-30T06:00:00+02:00,-1.44
2015-08-31T06:00:00+02:00,-1.42
2015-09-01T06:00:00+02:00,-1.38
2015-09-02T06:00:00+02:00,-1.36
2015-09-03T06:00:00+02:00,-1.36
2015-09-04T06:00:00+02:00,-1.31
2015-09-05T06:00:00+02:00,-1.26
2015-09-06T06:00:00+02:00,-1.26
2015-09-07T06:00:00+02:00,-1.27
2015-09-08T06:00:00+02:00,-1.28
2015-09-09T06:00:00+02:00,-1.3
2015-09-10T06:00:00+02:00,-1.33
2015-09-11T06:00:00+02:00,-1.34
2015-09-12T06:00:00+02:00,-1.34
2015-09-13T06:00:00+02:00,-1.35
2015-09-14T06:00:00+02:00,-1.35
2015-09-15T06:00:00+02:00,-1.36
2015-09-16T06:00:00+02:00,-1.35
2015-09-17T06:00:00+02:00,-1.33
2015-09-18T06:00:00+02:00,-1.34
2015-09-18T18:00:00+02:00,-1.34
2015-09-19T00:00:00+02:00,-1.34
2015-09-19T06:00:00+02:00,-1.34
2015-09-19T12:00:00+02:00,-1.35
2015-09-19T18:00:00+02:00,-1.35
2015-09-20T00:00:00+02:00,-1.34
2015-09-20T06:00:00+02:00,-1.34
2015-09-20T12:00:00+02:00,-1.34
2015-09-20T18:00:00+02:00,-1.34
2015-09-21T00:00:00+02:00,-1.33
2015-09-21T06:00:00+02:00,-1.33
2015-09-21T12:00:00+02:00,-1.32
2015-09-21T18:00:00+02:00,-1.31
2015-09-22T00:00:00+02:00,-1.3
2015-09-22T06:00:00+02:00,-1.31
2015-09-22T12:00:00+02:00,-1.31
2015-09-22T18:00:00+02:00,-1.33
2015-09-23T00:00:00+02:00,-1.33
2015-09-23T06:00:00+02:00,-1.35
2015-09-23T12:00:00+02:00,-1.35
2015-09-23T18:00:00+02:00,-1.36
2015-09-24T00:00:00+02:00,-1.35
2015-09-24T06:00:00+02:00,-1.36
2015-09-24T12:00:00+02:00,-1.36
2015-09-24T18:00:00+02:00,-1.37
2015-09-25T00:00:00+02:00,-1.37
2015-09-25T06:00:00+02:00,-1.38
2015-09-25T12:00:00+02:00,-1.38
2015-09-25T18:00:00+02:00,-1.39
2015-09-26T00:00:00+02:00,-1.39
2015-09-26T06:00:00+02:00,-1.4
2015-09-26T12:00:00+02:00,-1.39
2015-09-26T18:00:00+02:00,-1.41
2015-09-27T00:00:00+02:00,-1.41
2015-09-27T06:00:00+02:00,-1.41
2015-09-27T12:00:00+02:00,-1.42
2015-09-27T18:00:00+02:00,-1.43
2015-09-28T00:00:00+02:00,-1.42
2015-09-28T06:00:00+02:00,-1.43
2015-09-28T12:00:00+02:00,-1.42
2015-09-28T18:00:00+02:00,-1.43
2015-09-29T00:00:00+02:00,-1.43
2015-09-29T06:00:00+02:00,-1.43
2015-09-29T12:00:00+02:00,-1.43
2015-09-29T18:00:00+02:00,-1.43
2015-09-30T00:00:00+02:00,-1.44
2015-09-30T06:00:00+02:00,-1.44
2015-09-30T12:00:00+02:00,-1.43
2015-09-30T18:00:00+02:00,-1.44
2015-10-01T00:00:00+02:00,-1.44
2015-10-01T06:00:00+02:00,-1.43
2015-10-01T12:00:00+02:00,-1.43
2015-10-01T18:00:00+02:00,-1.44
2015-10-02T00:00:00+02:00,-1.43
2015-10-02T06:00:00+02:00,-1.43
2015-10-02T12:00:00+02:00,-1.42
2015-10-02T18:00:00+02:00,-1.42
2015-10-03T00:00:00+02:00,-1.42
2015-10-03T06:00:00+02:00,-1.41
2015-10-03T12:00:00+02:00,-1.4
2015-10-03T18:00:00+02:00,-1.42
2015-10-04T00:00:00+02:00,-1.41
2015-10-04T06:00:00+02:00,-1.43
2015-10-04T12:00:00+02:00,-1.43
2015-10-04T18:00:00+02:00,-1.43
2015-10-05T00:00:00+02:00,-1.43
2015-10-05T06:00:00+02:00,-1.42
2015-10-05T12:00:00+02:00,-1.42
2015-10-05T18:00:00+02:00,-1.42
2015-10-06T00:00:00+02:00,-1.41
2015-10-06T06:00:00+02:00,-1.4
2015-10-06T12:00:00+02:00,-1.41
2015-10-06T18:00:00+02:00,-1.43
2015-10-07T00:00:00+02:00,-1.42
2015-10-07T06:00:00+02:00,-1.43
2015-10-07T12:00:00+02:00,-1.44
2015-10-07T18:00:00+02:00,-1.45
2015-10-08T00:00:00+02:00,-1.45
2015-10-08T06:00:00+02:00,-1.46
2015-10-08T12:00:00+02:00,-1.46
2015-10-08T18:00:00+02:00,-1.47
2015-10-09T00:00:00+02:00,-1.46
2015-10-09T06:00:00+02:00,-1.47
2015-10-09T12:00:00+02:00,-1.46
2015-10-09T18:00:00+02:00,-1.47
2015-10-10T00:00:00+02:00,-1.46
2015-10-10T06:00:00+02:00,-1.47
2015-10-10T12:00:00+02:00,-1.46
2015-10-10T18:00:00+02:00,-1.47
2015-10-11T00:00:00+02:00,-1.47
2015-10-11T06:00:00+02:00,-1.47
2015-10-11T12:00:00+02:00,-1.46
2015-10-11T18:00:00+02:00,-1.47
2015-10-12T00:00:00+02:00,-1.47
2015-10-12T06:00:00+02:00,-1.47
2015-10-12T12:00:00+02:00,-1.46
2015-10-12T18:00:00+02:00,-1.47
2015-10-13T00:00:00+02:00,-1.47
2015-10-13T06:00:00+02:00,-1.49
2015-10-13T12:00:00+02:00,-1.48
2015-10-13T18:00:00+02:00,-1.48
2015-10-14T00:00:00+02:00,-1.48
2015-10-14T06:00:00+02:00,-1.47
2015-10-14T12:00:00+02:00,-1.48
2015-10-14T18:00:00+02:00,-1.48
2015-10-15T00:00:00+02:00,-1.48
2015-10-15T06:00:00+02:00,-1.47
2015-10-15T12:00:00+02:00,-1.47
2015-10-15T18:00:00+02:00,-1.47
2015-10-16T00:00:00+02:00,-1.47
2015-10-16T06:00:00+02:00,-1.48
2015-10-16T12:00:00+02:00,-1.47
2015-10-16T18:00:00+02:00,-1.47
2015-10-17T00:00:00+02:00,-1.46
2015-10-17T06:00:00+02:00,-1.46
2015-10-17T12:00:00+02:00,-1.46
2015-10-17T18:00:00+02:00,-1.46
2015-10-18T00:00:00+02:00,-1.45
2015-10-18T06:00:00+02:00,-1.44
2015-10-18T12:00:00+02:00,-1.44
2015-10-18T18:00:00+02:00,-1.45
2015-10-19T00:00:00+02:00,-1.44
2015-10-19T06:00:00+02:00,-1.44
2015-10-19T12:00:00+02:00,-1.44
2015-10-19T18:00:00+02:00,-1.44
2015-10-20T00:00:00+02:00,-1.44
2015-10-20T06:00:00+02:00,-1.43
2015-10-20T12:00:00+02:00,-1.43
2015-10-20T18:00:00+02:00,-1.44
2015-10-21T00:00:00+02:00,-1.42
2015-10-21T06:00:00+02:00,-1.4
2015-10-21T12:00:00+02:00,-1.4
2015-10-21T18:00:00+02:00,-1.4
2015-10-22T00:00:00+02:00,-1.4
2015-10-22T06:00:00+02:00,-1.4
2015-10-22T12:00:00+02:00,-1.41
2015-10-22T18:00:00+02:00,-1.44
2015-10-23T00:00:00+02:00,-1.44
2015-10-23T06:00:00+02:00,-1.44
2015-10-23T12:00:00+02:00,-1.43
2015-10-23T18:00:00+02:00,-1.43
2015-10-24T00:00:00+02:00,-1.42
2015-10-24T06:00:00+02:00,-1.42
2015-10-24T12:00:00+02:00,-1.41
2015-10-24T18:00:00+02:00,-1.43
2015-10-25T00:00:00+02:00,-1.44
2015-10-25T06:00:00+01:00,-1.46
2015-10-25T12:00:00+01:00,-1.46
2015-10-25T18:00:00+01:00,-1.46
2015-10-26T00:00:00+01:00,-1.44
2015-10-26T06:00:00+01:00,-1.44
2015-10-26T12:00:00+01:00,-1.44
2015-10-26T18:00:00+01:00,-1.45
2015-10-27T00:00:00+01:00,-1.44
2015-10-27T06:00:00+01:00,-1.44
2015-10-27T12:00:00+01:00,-1.44
2015-10-27T18:00:00+01:00,-1.44
2015-10-28T00:00:00+01:00,-1.44
2015-10-28T06:00:00+01:00,-1.43
2015-10-28T12:00:00+01:00,-1.43
2015-10-28T18:00:00+01:00,-1.44
2015-10-29T00:00:00+01:00,-1.45
2015-10-29T06:00:00+01:00,-1.46
2015-10-29T12:00:00+01:00,-1.47
2015-10-29T18:00:00+01:00,-1.47
2015-10-30T00:00:00+01:00,-1.48
2015-10-30T06:00:00+01:00,-1.48
2015-10-30T12:00:00+01:00,-1.49
2015-10-30T18:00:00+01:00,-1.49
2015-10-31T00:00:00+01:00,-1.49
2015-10-31T06:00:00+01:00,-1.49
2015-10-31T12:00:00+01:00,-1.47
2015-10-31T18:00:00+01:00,-1.49
2015-11-01T00:00:00+01:00,-1.49
2015-11-01T06:00:00+01:00,-1.49
2015-11-01T12:00:00+01:00,-1.49
2015-11-01T18:00:00+01:00,-1.5
2015-11-02T00:00:00+01:00,-1.49
2015-11-02T06:00:00+01:00,-1.48
2015-11-02T12:00:00+01:00,-1.48
2015-11-02T18:00:00+01:00,-1.48
2015-11-03T00:00:00+01:00,-1.47
2015-11-03T06:00:00+01:00,-1.47
2015-11-03T12:00:00+01:00,-1.46
2015-11-03T18:00:00+01:00,-1.47
2015-11-04T00:00:00+01:00,-1.47
2015-11-04T06:00:00+01:00,-1.46
2015-11-04T12:00:00+01:00,-1.47
2015-11-04T18:00:00+01:00,-1.47
2015-11-05T00:00:00+01:00,-1.48
2015-11-05T06:00:00+01:00,-1.48
2015-11-05T12:00:00+01:00,-1.48
2015-11-05T18:00:00+01:00,-1.48
2015-11-06T00:00:00+01:00,-1.47
2015-11-06T06:00:00+01:00,-1.47
2015-11-06T12:00:00+01:00,-1.47
2015-11-06T18:00:00+01:00,-1.45
2015-11-07T00:00:00+01:00,-1.46
2015-11-07T06:00:00+01:00,-1.46
2015-11-07T12:00:00+01:00,-1.42
2015-11-07T18:00:00+01:00,-1.41
2015-11-08T00:00:00+01:00,-1.45
2015-11-08T06:00:00+01:00,-1.44
2015-11-08T12:00:00+01:00,-1.41
2015-11-08T18:00:00+01:00,-1.38
2015-11-09T00:00:00+01:00,-1.39
2015-11-09T06:00:00+01:00,-1.41
2015-11-09T12:00:00+01:00,-1.4
2015-11-09T18:00:00+01:00,-1.39
2015-11-10T00:00:00+01:00,-1.38
2015-11-10T06:00:00+01:00,-1.39
2015-11-10T12:00:00+01:00,-1.39
2015-11-10T18:00:00+01:00,-1.39
2015-11-11T00:00:00+01:00,-1.38
2015-11-11T06:00:00+01:00,-1.38
2015-11-11T12:00:00+01:00,-1.38
2015-11-11T18:00:00+01:00,-1.38
2015-11-12T00:00:00+01:00,-1.38
2015-11-12T06:00:00+01:00,-1.39
2015-11-12T12:00:00+01:00,-1.39
2015-11-12T18:00:00+01:00,-1.38
2015-11-13T00:00:00+01:00,-1.37
2015-11-13T06:00:00+01:00,-1.36
2015-11-13T12:00:00+01:00,-1.38
2015-11-13T18:00:00+01:00,-1.39
2015-11-14T00:00:00+01:00,-1.39
2015-11-14T06:00:00+01:00,-1.39
2015-11-14T12:00:00+01:00,-1.38
2015-11-14T18:00:00+01:00,-1.35
2015-11-15T00:00:00+01:00,-1.31
2015-11-15T06:00:00+01:00,-1.31
2015-11-15T12:00:00+01:00,-1.31
2015-11-15T18:00:00+01:00,-1.3
2015-11-16T00:00:00+01:00,-1.28
2015-11-16T06:00:00+01:00,-1.27
2015-11-16T12:00:00+01:00,-1.27
2015-11-16T18:00:00+01:00,-1.27
2015-11-17T00:00:00+01:00,-1.26
2015-11-17T06:00:00+01:00,-1.24
2015-11-17T12:00:00+01:00,-1.26
2015-11-17T18:00:00+01:00,-1.2
2015-11-18T00:00:00+01:00,-1.23
2015-11-18T06:00:00+01:00,-1.3
2015-11-18T12:00:00+01:00,-1.26
2015-11-18T18:00:00+01:00,-1.23
2015-11-19T00:00:00+01:00,-1.24
2015-11-19T06:00:00+01:00,-1.25
2015-11-19T12:00:00+01:00,-1.25
2015-11-19T18:00:00+01:00,-1.24
2015-11-20T00:00:00+01:00,-1.25
2015-11-20T06:00:00+01:00,-1.23
2015-11-20T12:00:00+01:00,-1.22
2015-11-20T18:00:00+01:00,-1.22
2015-11-21T00:00:00+01:00,-1.21
2015-11-21T06:00:00+01:00,-1.23
2015-11-21T12:00:00+01:00,-1.25
2015-11-21T18:00:00+01:00,-1.27
2015-11-22T00:00:00+01:00,-1.25
2015-11-22T06:00:00+01:00,-1.25
2015-11-22T12:00:00+01:00,-1.26
2015-11-22T18:00:00+01:00,-1.26
2015-11-23T00:00:00+01:00,-1.28
2015-11-23T06:00:00+01:00,-1.28
2015-11-23T12:00:00+01:00,-1.28
2015-11-23T18:00:00+01:00,-1.27
2015-11-24T00:00:00+01:00,-1.25
2015-11-24T06:00:00+01:00,-1.24
2015-11-24T12:00:00+01:00,-1.23
2015-11-24T18:00:00+01:00,-1.23
2015-11-25T00:00:00+01:00,-1.24
2015-11-25T06:00:00+01:00,-1.23
2015-11-25T12:00:00+01:00,-1.23
2015-11-25T18:00:00+01:00,-1.25
2015-11-26T00:00:00+01:00,-1.25
2015-11-26T06:00:00+01:00,-1.26
2015-11-26T12:00:00+01:00,-1.26
2015-11-26T18:00:00+01:00,-1.26
2015-11-27T00:00:00+01:00,-1.24
2015-11-27T06:00:00+01:00,-1.23
2015-11-27T12:00:00+01:00,-1.22
2015-11-27T18:00:00+01:00,-1.21
2015-11-28T00:00:00+01:00,-1.2
2015-11-28T06:00:00+01:00,-1.25
2015-11-28T12:00:00+01:00,-1.25
2015-11-28T18:00:00+01:00,-1.22
2015-11-29T00:00:00+01:00,-1.22
2015-11-29T06:00:00+01:00,-1.22
2015-11-29T12:00:00+01:00,-1.2
2015-11-29T18:00:00+01:00,-1.2
2015-11-30T00:00:00+01:00,-1.25
2015-11-30T06:00:00+01:00,-1.26
2015-11-30T12:00:00+01:00,-1.23
2015-11-30T18:00:00+01:00,-1.21
2015-12-01T00:00:00+01:00,-1.27
2015-12-01T06:00:00+01:00,-1.26
2015-12-01T12:00:00+01:00,-1.25
2015-12-01T18:00:00+01:00,-1.23
2015-12-02T00:00:00+01:00,-1.24
2015-12-02T06:00:00+01:00,-1.24
2015-12-02T12:00:00+01:00,-1.23
2015-12-02T18:00:00+01:00,-1.24
2015-12-03T00:00:00+01:00,-1.25
2015-12-03T06:00:00+01:00,-1.25
2015-12-03T12:00:00+01:00,-1.25
2015-12-03T18:00:00+01:00,-1.24
2015-12-04T00:00:00+01:00,-1.22
2015-12-04T06:00:00+01:00,-1.28
2015-12-04T12:00:00+01:00,-1.29
2015-12-04T18:00:00+01:00,-1.28
2015-12-05T00:00:00+01:00,-1.27
2015-12-05T06:00:00+01:00,-1.25
2015-12-05T12:00:00+01:00,-1.25
2015-12-05T18:00:00+01:00,-1.25
2015-12-06T00:00:00+01:00,-1.25
2015-12-06T06:00:00+01:00,-1.26
2015-12-06T12:00:00+01:00,-1.27
2015-12-06T18:00:00+01:00,-1.31
2015-12-07T00:00:00+01:00,-1.33
2015-12-07T06:00:00+01:00,-1.33
2015-12-07T12:00:00+01:00,-1.33
2015-12-07T18:00:00+01:00,-1.33
2015-12-08T00:00:00+01:00,-1.33
2015-12-08T06:00:00+01:00,-1.32
2015-12-08T12:00:00+01:00,-1.31
2015-12-08T18:00:00+01:00,-1.32
2015-12-09T00:00:00+01:00,-1.34
2015-12-09T06:00:00+01:00,-1.36
2015-12-09T12:00:00+01:00,-1.35
2015-12-09T18:00:00+01:00,-1.34
2015-12-10T00:00:00+01:00,-1.33
2015-12-10T06:00:00+01:00,-1.32
2015-12-10T12:00:00+01:00,-1.32
2015-12-10T18:00:00+01:00,-1.32
2015-12-11T00:00:00+01:00,-1.31
2015-12-11T06:00:00+01:00,-1.31
2015-12-11T12:00:00+01:00,-1.32
2015-12-11T18:00:00+01:00,-1.32
2015-12-12T00:00:00+01:00,-1.33
2015-12-12T06:00:00+01:00,-1.34
2015-12-12T12:00:00+01:00,-1.33
2015-12-12T18:00:00+01:00,-1.27
2015-12-13T00:00:00+01:00,-1.29
2015-12-13T06:00:00+01:00,-1.33
2015-12-13T12:00:00+01:00,-1.31
2015-12-13T18:00:00+01:00,-1.3
2015-12-14T00:00:00+01:00,-1.29
2015-12-14T06:00:00+01:00,-1.28
2015-12-14T12:00:00+01:00,-1.27
2015-12-14T18:00:00+01:00,-1.28
2015-12-15T00:00:00+01:00,-1.29
2015-12-15T06:00:00+01:00,-1.29
2015-12-15T12:00:00+01:00,-1.3
2015-12-15T18:00:00+01:00,-1.3
2015-12-16T00:00:00+01:00,-1.29
2015-12-16T06:00:00+01:00,-1.28
2015-12-16T12:00:00+01:00,-1.29
2015-12-16T18:00:00+01:00,-1.29
2015-12-17T00:00:00+01:00,-1.3
2015-12-17T06:00:00+01:00,-1.29
2015-12-17T12:00:00+01:00,-1.28
2015-12-17T18:00:00+01:00,-1.28
2015-12-18T00:00:00+01:00,-1.28
2015-12-18T06:00:00+01:00,-1.29
2015-12-18T12:00:00+01:00,-1.3
2015-12-18T18:00:00+01:00,-1.29
2015-12-19T00:00:00+01:00,-1.28
2015-12-19T06:00:00+01:00,-1.29
2015-12-19T12:00:00+01:00,-1.29
2015-12-19T18:00:00+01:00,-1.29
2015-12-20T00:00:00+01:00,-1.29
2015-12-20T06:00:00+01:00,-1.29
2015-12-20T12:00:00+01:00,-1.3
2015-12-20T18:00:00+01:00,-1.3
2015-12-21T00:00:00+01:00,-1.31
2015-12-21T06:00:00+01:00,-1.31
2015-12-21T12:00:00+01:00,-1.3
2015-12-21T18:00:00+01:00,-1.28
2015-12-22T00:00:00+01:00,-1.34
2015-12-22T06:00:00+01:00,-1.31
2015-12-22T12:00:00+01:00,-1.31
2015-12-22T18:00:00+01:00,-1.31
2015-12-23T00:00:00+01:00,-1.3
2015-12-23T06:00:00+01:00,-1.32
2015-12-23T12:00:00+01:00,-1.34
2015-12-23T18:00:00+01:00,-1.34
2015-12-24T00:00:00+01:00,-1.32
2015-12-24T06:00:00+01:00,-1.3
2015-12-24T12:00:00+01:00,-1.28
2015-12-24T18:00:00+01:00,-1.31
2015-12-25T00:00:00+01:00,-1.33
2015-12-25T06:00:00+01:00,-1.33
2015-12-25T12:00:00+01:00,-1.33
2015-12-25T18:00:00+01:00,-1.3
2015-12-26T00:00:00+01:00,-1.31
2015-12-26T06:00:00+01:00,-1.31
2015-12-26T12:00:00+01:00,-1.31
2015-12-26T18:00:00+01:00,-1.32
2015-12-27T00:00:00+01:00,-1.31
2015-12-27T06:00:00+01:00,-1.32
2015-12-27T12:00:00+01:00,-1.34
2015-12-27T18:00:00+01:00,-1.36
2015-12-28T00:00:00+01:00,-1.35
2015-12-28T06:00:00+01:00,-1.35
2015-12-28T12:00:00+01:00,-1.34
2015-12-28T18:00:00+01:00,-1.33
2015-12-29T00:00:00+01:00,-1.34
2015-12-29T06:00:00+01:00,-1.34
2015-12-29T12:00:00+01:00,-1.35
2015-12-29T18:00:00+01:00,-1.36
2015-12-30T00:00:00+01:00,-1.36
2015-12-30T06:00:00+01:00,-1.35
2015-12-30T12:00:00+01:00,-1.33
2015-12-30T18:00:00+01:00,-1.33
2015-12-31T00:00:00+01:00,-1.31
2015-12-31T06:00:00+01:00,-1.33
2015-12-31T12:00:00+01:00,-1.35
2015-12-31T18:00:00+01:00,-1.37
2016-01-01T00:00:00+01:00,-1.36
2016-01-01T06:00:00+01:00,-1.38
2016-01-01T12:00:00+01:00,-1.37
2016-01-01T18:00:00+01:00,-1.36
2016-01-02T00:00:00+01:00,-1.35
2016-01-02T06:00:00+01:00,-1.34
2016-01-02T12:00:00+01:00,-1.35
2016-01-02T18:00:00+01:00,-1.36
2016-01-03T00:00:00+01:00,-1.35
2016-01-03T06:00:00+01:00,-1.34
2016-01-03T12:00:00+01:00,-1.33
2016-01-03T18:00:00+01:00,-1.31
2016-01-04T00:00:00+01:00,-1.31
2016-01-04T06:00:00+01:00,-1.31
2016-01-04T12:00:00+01:00,-1.31
2016-01-04T18:00:00+01:00,-1.32
2016-01-05T00:00:00+01:00,-1.31
2016-01-05T06:00:00+01:00,-1.31
2016-01-05T12:00:00+01:00,-1.32
2016-01-05T18:00:00+01:00,-1.33
2016-01-06T00:00:00+01:00,-1.33
2016-01-06T06:00:00+01:00,-1.34
2016-01-06T12:00:00+01:00,-1.33
2016-01-06T18:00:00+01:00,-1.33
2016-01-07T00:00:00+01:00,-1.31
2016-01-07T06:00:00+01:00,-1.3
2016-01-07T12:00:00+01:00,-1.28
2016-01-07T18:00:00+01:00,-1.28
2016-01-08T00:00:00+01:00,-1.3
2016-01-08T06:00:00+01:00,-1.31
2016-01-08T12:00:00+01:00,-1.31
2016-01-08T18:00:00+01:00,-1.3
2016-01-09T00:00:00+01:00,-1.3
2016-01-09T06:00:00+01:00,-1.29
2016-01-09T12:00:00+01:00,-1.28
2016-01-09T18:00:00+01:00,-1.27
2016-01-10T00:00:00+01:00,-1.26
2016-01-10T06:00:00+01:00,-1.26
2016-01-10T12:00:00+01:00,-1.27
2016-01-10T18:00:00+01:00,-1.28
2016-01-11T00:00:00+01:00,-1.28
2016-01-11T06:00:00+01:00,-1.27
2016-01-11T12:00:00+01:00,-1.27
2016-01-11T18:00:00+01:00,-1.27
2016-01-12T00:00:00+01:00,-1.29
2016-01-12T06:00:00+01:00,-1.3
2016-01-12T12:00:00+01:00,-1.3
2016-01-12T18:00:00+01:00,-1.3
2016-01-13T00:00:00+01:00,-1.31
2016-01-13T06:00:00+01:00,-1.34
2016-01-13T12:00:00+01:00,-1.33
2016-01-13T18:00:00+01:00,-1.3
2016-01-14T00:00:00+01:00,-1.29
2016-01-14T06:00:00+01:00,-1.25
2016-01-14T12:00:00+01:00,-1.24
2016-01-14T18:00:00+01:00,-1.24
2016-01-15T00:00:00+01:00,-1.26
2016-01-15T06:00:00+01:00,-1.27
2016-01-15T12:00:00+01:00,-1.29
2016-01-15T18:00:00+01:00,-1.29
2016-01-16T00:00:00+01:00,-1.27
2016-01-16T06:00:00+01:00,-1.24
2016-01-16T12:00:00+01:00,-1.28
2016-01-16T18:00:00+01:00,-1.27
2016-01-17T00:00:00+01:00,-1.27
2016-01-17T06:00:00+01:00,-1.29
2016-01-17T12:00:00+01:00,-1.28
2016-01-17T18:00:00+01:00,-1.27
2016-01-18T00:00:00+01:00,-1.27
2016-01-18T06:00:00+01:00,-1.26
2016-01-18T12:00:00+01:00,-1.26
2016-01-18T18:00:00+01:00,-1.26
2016-01-19T00:00:00+01:00,-1.26
2016-01-19T06:00:00+01:00,-1.26
2016-01-19T12:00:00+01:00,-1.27
2016-01-19T18:00:00+01:00,-1.28
2016-01-20T00:00:00+01:00,-1.28
2016-01-20T06:00:00+01:00,-1.28
2016-01-20T12:00:00+01:00,-1.29
2016-01-20T18:00:00+01:00,-1.31
2016-01-21T00:00:00+01:00,-1.32
2016-01-21T06:00:00+01:00,-1.32
2016-01-21T12:00:00+01:00,-1.31
2016-01-21T18:00:00+01:00,-1.31
2016-01-22T00:00:00+01:00,-1.32
2016-01-22T06:00:00+01:00,-1.31
2016-01-22T12:00:00+01:00,-1.3
2016-01-22T18:00:00+01:00,-1.29
2016-01-23T00:00:00+01:00,-1.3
2016-01-23T06:00:00+01:00,-1.33
2016-01-23T12:00:00+01:00,-1.33
2016-01-23T18:00:00+01:00,-1.32
2016-01-24T00:00:00+01:00,-1.3
2016-01-24T06:00:00+01:00,-1.29
2016-01-24T12:00:00+01:00,-1.29
2016-01-24T18:00:00+01:00,-1.29
2016-01-25T00:00:00+01:00,-1.29
2016-01-25T06:00:00+01:00,-1.28
2016-01-25T12:00:00+01:00,-1.27
2016-01-25T18:00:00+01:00,-1.28
2016-01-26T00:00:00+01:00,-1.29
2016-01-26T06:00:00+01:00,-1.29
2016-01-26T12:00:00+01:00,-1.26
2016-01-26T18:00:00+01:00,-1.26
2016-01-27T00:00:00+01:00,-1.27
2016-01-27T06:00:00+01:00,-1.26
2016-01-27T12:00:00+01:00,-1.25
2016-01-27T18:00:00+01:00,-1.26
2016-01-28T00:00:00+01:00,-1.28
2016-01-28T06:00:00+01:00,-1.3
2016-01-28T12:00:00+01:00,-1.29
2016-01-28T18:00:00+01:00,-1.28
2016-01-29T00:00:00+01:00,-1.25
2016-01-29T06:00:00+01:00,-1.25
2016-01-29T12:00:00+01:00,-1.25
2016-01-29T18:00:00+01:00,-1.26
2016-01-30T00:00:00+01:00,-1.24
2016-01-30T06:00:00+01:00,-1.22
2016-01-30T12:00:00+01:00,-1.24
2016-01-30T18:00:00+01:00,-1.25
2016-01-31T00:00:00+01:00,-1.24
2016-01-31T06:00:00+01:00,-1.24
2016-01-31T12:00:00+01:00,-1.23
2016-01-31T18:00:00+01:00,-1.24
2016-02-01T00:00:00+01:00,-1.26
2016-02-01T06:00:00+01:00,-1.25
2016-02-01T12:00:00+01:00,-1.24
2016-02-01T18:00:00+01:00,-1.25
2016-02-02T00:00:00+01:00,-1.25
2016-02-02T06:00:00+01:00,-1.25
2016-02-02T12:00:00+01:00,-1.24
2016-02-02T18:00:00+01:00,-1.27
2016-02-03T00:00:00+01:00,-1.28
2016-02-03T06:00:00+01:00,-1.28
2016-02-03T12:00:00+01:00,-1.29
2016-02-03T18:00:00+01:00,-1.32
2016-02-04T00:00:00+01:00,-1.31
2016-02-04T06:00:00+01:00,-1.29
2016-02-04T12:00:00+01:00,-1.3
2016-02-04T18:00:00+01:00,-1.32
2016-02-05T00:00:00+01:00,-1.31
2016-02-05T06:00:00+01:00,-1.28
2016-02-05T12:00:00+01:00,-1.28
2016-02-05T18:00:00+01:00,-1.27
2016-02-06T00:00:00+01:00,-1.26
2016-02-06T06:00:00+01:00,-1.25
2016-02-06T12:00:00+01:00,-1.24
2016-02-06T18:00:00+01:00,-1.24
2016-02-07T00:00:00+01:00,-1.22
2016-02-07T06:00:00+01:00,-1.23
2016-02-07T12:00:00+01:00,-1.25
2016-02-07T18:00:00+01:00,-1.26
2016-02-08T00:00:00+01:00,-1.22
2016-02-08T06:00:00+01:00,-1.21
2016-02-08T12:00:00+01:00,-1.24
2016-02-08T18:00:00+01:00,-1.24
2016-02-09T00:00:00+01:00,-1.27
2016-02-09T06:00:00+01:00,-1.25
2016-02-09T12:00:00+01:00,-1.22
2016-02-09T18:00:00+01:00,-1.24
2016-02-10T00:00:00+01:00,-1.25
2016-02-10T06:00:00+01:00,-1.24
2016-02-10T12:00:00+01:00,-1.24
2016-02-10T18:00:00+01:00,-1.26
2016-02-11T00:00:00+01:00,-1.26
2016-02-11T06:00:00+01:00,-1.25
2016-02-11T12:00:00+01:00,-1.25
2016-02-11T18:00:00+01:00,-1.26
2016-02-12T00:00:00+01:00,-1.25
2016-02-12T06:00:00+01:00,-1.25
2016-02-12T12:00:00+01:00,-1.24
2016-02-12T18:00:00+01:00,-1.25
2016-02-13T00:00:00+01:00,-1.25
2016-02-13T06:00:00+01:00,-1.24
2016-02-13T12:00:00+01:00,-1.23
2016-02-13T18:00:00+01:00,-1.24
2016-02-14T00:00:00+01:00,-1.25
2016-02-14T06:00:00+01:00,-1.26
2016-02-14T12:00:00+01:00,-1.28
2016-02-14T18:00:00+01:00,-1.3
2016-02-15T00:00:00+01:00,-1.32
2016-02-15T06:00:00+01:00,-1.32
2016-02-15T12:00:00+01:00,-1.33
2016-02-15T18:00:00+01:00,-1.34
2016-02-16T00:00:00+01:00,-1.34
2016-02-16T06:00:00+01:00,-1.34
2016-02-16T12:00:00+01:00,-1.33
2016-02-16T18:00:00+01:00,-1.32
2016-02-17T00:00:00+01:00,-1.3
2016-02-17T06:00:00+01:00,-1.29
2016-02-17T12:00:00+01:00,-1.27
2016-02-17T18:00:00+01:00,-1.28
2016-02-18T00:00:00+01:00,-1.28
2016-02-18T06:00:00+01:00,-1.29
2016-02-18T12:00:00+01:00,-1.29
2016-02-18T18:00:00+01:00,-1.31
2016-02-19T00:00:00+01:00,-1.31
2016-02-19T06:00:00+01:00,-1.32
2016-02-19T12:00:00+01:00,-1.31
2016-02-19T18:00:00+01:00,-1.31
2016-02-20T00:00:00+01:00,-1.27
2016-02-20T06:00:00+01:00,-1.27
2016-02-20T12:00:00+01:00,-1.29
2016-02-20T18:00:00+01:00,-1.27
2016-02-21T00:00:00+01:00,-1.3
2016-02-21T06:00:00+01:00,-1.29
2016-02-21T12:00:00+01:00,-1.27
2016-02-21T18:00:00+01:00,-1.26
2016-02-22T00:00:00+01:00,-1.26
2016-02-22T06:00:00+01:00,-1.27
2016-02-22T12:00:00+01:00,-1.27
2016-02-22T18:00:00+01:00,-1.27
2016-02-23T00:00:00+01:00,-1.27
2016-02-23T06:00:00+01:00,-1.27
2016-02-23T12:00:00+01:00,-1.28
2016-02-23T18:00:00+01:00,-1.29
2016-02-24T00:00:00+01:00,-1.29
2016-02-24T06:00:00+01:00,-1.28
2016-02-24T12:00:00+01:00,-1.28
2016-02-24T18:00:00+01:00,-1.27
2016-02-25T00:00:00+01:00,-1.27
2016-02-25T06:00:00+01:00,-1.27
2016-02-25T12:00:00+01:00,-1.28
2016-02-25T18:00:00+01:00,-1.29
2016-02-26T00:00:00+01:00,-1.29
2016-02-26T06:00:00+01:00,-1.29
2016-02-26T12:00:00+01:00,-1.29
2016-02-26T18:00:00+01:00,-1.3
2016-02-27T00:00:00+01:00,-1.3
2016-02-27T06:00:00+01:00,-1.31
2016-02-27T12:00:00+01:00,-1.31
2016-02-27T18:00:00+01:00,-1.33
2016-02-28T00:00:00+01:00,-1.33
2016-02-28T06:00:00+01:00,-1.34
2016-02-28T12:00:00+01:00,-1.34
2016-02-28T18:00:00+01:00,-1.35
2016-02-29T00:00:00+01:00,-1.35
2016-02-29T06:00:00+01:00,-1.36
2016-02-29T12:00:00+01:00,-1.35
2016-02-29T18:00:00+01:00,-1.36
2016-03-01T00:00:00+01:00,-1.35
2016-03-01T06:00:00+01:00,-1.33
2016-03-01T12:00:00+01:00,-1.3
2016-03-01T18:00:00+01:00,-1.29
2016-03-02T00:00:00+01:00,-1.28
2016-03-02T06:00:00+01:00,-1.28
2016-03-02T12:00:00+01:00,-1.29
2016-03-02T18:00:00+01:00,-1.29
2016-03-03T00:00:00+01:00,-1.28
2016-03-03T06:00:00+01:00,-1.29
2016-03-03T12:00:00+01:00,-1.28
2016-03-03T18:00:00+01:00,-1.27
2016-03-04T00:00:00+01:00,-1.24
2016-03-04T06:00:00+01:00,-1.22
2016-03-04T12:00:00+01:00,-1.21
2016-03-04T18:00:00+01:00,-1.21
2016-03-05T00:00:00+01:00,-1.2
2016-03-05T06:00:00+01:00,-1.21
2016-03-05T12:00:00+01:00,-1.21
2016-03-05T18:00:00+01:00,-1.22
2016-03-06T00:00:00+01:00,-1.22
2016-03-06T06:00:00+01:00,-1.23
2016-03-06T12:00:00+01:00,-1.23
2016-03-06T18:00:00+01:00,-1.24
2016-03-07T00:00:00+01:00,-1.24
2016-03-07T06:00:00+01:00,-1.25
2016-03-07T12:00:00+01:00,-1.26
2016-03-07T18:00:00+01:00,-1.28
2016-03-08T00:00:00+01:00,-1.28
2016-03-08T06:00:00+01:00,-1.28
2016-03-08T12:00:00+01:00,-1.29
2016-03-08T18:00:00+01:00,-1.29
2016-03-09T00:00:00+01:00,-1.27
2016-03-09T06:00:00+01:00,-1.27
2016-03-09T12:00:00+01:00,-1.28
2016-03-09T18:00:00+01:00,-1.31
2016-03-10T00:00:00+01:00,-1.32
2016-03-10T06:00:00+01:00,-1.34
2016-03-10T12:00:00+01:00,-1.35
2016-03-10T18:00:00+01:00,-1.36
2016-03-11T00:00:00+01:00,-1.35
2016-03-11T06:00:00+01:00,-1.36
2016-03-11T12:00:00+01:00,-1.36
2016-03-11T18:00:00+01:00,-1.36
2016-03-12T00:00:00+01:00,-1.37
2016-03-12T06:00:00+01:00,-1.37
2016-03-12T12:00:00+01:00,-1.37
2016-03-12T18:00:00+01:00,-1.38
2016-03-13T00:00:00+01:00,-1.39
2016-03-13T06:00:00+01:00,-1.4
2016-03-13T12:00:00+01:00,-1.4
2016-03-13T18:00:00+01:00,-1.4
2016-03-14T00:00:00+01:00,-1.4
2016-03-14T06:00:00+01:00,-1.41
2016-03-14T12:00:00+01:00,-1.39
2016-03-14T18:00:00+01:00,-1.39
2016-03-15T00:00:00+01:00,-1.39
2016-03-15T06:00:00+01:00,-1.39
2016-03-15T12:00:00+01:00,-1.39
2016-03-15T18:00:00+01:00,-1.4
2016-03-16T00:00:00+01:00,-1.41
2016-03-16T06:00:00+01:00,-1.42
2016-03-16T12:00:00+01:00,-1.42
2016-03-16T18:00:00+01:00,-1.42
2016-03-17T00:00:00+01:00,-1.42
2016-03-17T06:00:00+01:00,-1.42
2016-03-17T12:00:00+01:00,-1.41
2016-03-17T18:00:00+01:00,-1.41
2016-03-18T00:00:00+01:00,-1.4
2016-03-18T06:00:00+01:00,-1.4
2016-03-18T12:00:00+01:00,-1.41
2016-03-18T18:00:00+01:00,-1.41
2016-03-19T00:00:00+01:00,-1.42
2016-03-19T06:00:00+01:00,-1.42
2016-03-19T12:00:00+01:00,-1.42
2016-03-19T18:00:00+01:00,-1.43
2016-03-20T00:00:00+01:00,-1.42
2016-03-20T06:00:00+01:00,-1.42
2016-03-20T12:00:00+01:00,-1.42
2016-03-20T18:00:00+01:00,-1.42
2016-03-21T00:00:00+01:00,-1.42
2016-03-21T06:00:00+01:00,-1.43
2016-03-21T12:00:00+01:00,-1.42
2016-03-21T18:00:00+01:00,-1.43
2016-03-22T00:00:00+01:00,-1.42
2016-03-22T06:00:00+01:00,-1.42
2016-03-22T12:00:00+01:00,-1.43
2016-03-22T18:00:00+01:00,-1.43
2016-03-23T00:00:00+01:00,-1.43
2016-03-23T06:00:00+01:00,-1.44
2016-03-23T12:00:00+01:00,-1.44
2016-03-23T18:00:00+01:00,-1.44
2016-03-24T00:00:00+01:00,-1.44
2016-03-24T06:00:00+01:00,-1.44
2016-03-24T12:00:00+01:00,-1.44
2016-03-24T18:00:00+01:00,-1.44
2016-03-25T00:00:00+01:00,-1.43
2016-03-25T06:00:00+01:00,-1.42
2016-03-25T12:00:00+01:00,-1.45
2016-03-25T18:00:00+01:00,-1.47
2016-03-26T00:00:00+01:00,-1.46
2016-03-26T06:00:00+01:00,-1.45
2016-03-26T12:00:00+01:00,-1.43
2016-03-26T18:00:00+01:00,-1.42
2016-03-27T00:00:00+01:00,-1.41
2016-03-27T06:00:00+02:00,-1.44
2016-03-27T12:00:00+02:00,-1.43
2016-03-27T18:00:00+02:00,-1.43
2016-03-28T00:00:00+02:00,-1.41
2016-03-28T06:00:00+02:00,-1.37
2016-03-28T12:00:00+02:00,-1.37
2016-03-28T18:00:00+02:00,-1.4
2016-03-29T00:00:00+02:00,-1.41
2016-03-29T06:00:00+02:00,-1.42
2016-03-29T12:00:00+02:00,-1.43
2016-03-29T18:00:00+02:00,-1.42
2016-03-30T00:00:00+02:00,-1.4
2016-03-30T06:00:00+02:00,-1.42
2016-03-30T12:00:00+02:00,-1.43
2016-03-30T18:00:00+02:00,-1.43
2016-03-31T00:00:00+02:00,-1.43
2016-03-31T06:00:00+02:00,-1.44
2016-03-31T12:00:00+02:00,-1.43
2016-03-31T18:00:00+02:00,-1.45
2016-04-01T00:00:00+02:00,-1.45
2016-04-01T06:00:00+02:00,-1.45
2016-04-01T12:00:00+02:00,-1.44
2016-04-01T18:00:00+02:00,-1.43
2016-04-02T00:00:00+02:00,-1.43
2016-04-02T06:00:00+02:00,-1.44
2016-04-02T12:00:00+02:00,-1.43
2016-04-02T18:00:00+02:00,-1.42
2016-04-03T00:00:00+02:00,-1.42
2016-04-03T06:00:00+02:00,-1.43
2016-04-03T12:00:00+02:00,-1.42
2016-04-03T18:00:00+02:00,-1.43
2016-04-04T00:00:00+02:00,-1.41
2016-04-04T06:00:00+02:00,-1.41
2016-04-04T12:00:00+02:00,-1.43
2016-04-04T18:00:00+02:00,-1.43
2016-04-05T00:00:00+02:00,-1.42
2016-04-05T06:00:00+02:00,-1.42
2016-04-05T12:00:00+02:00,-1.42
2016-04-05T18:00:00+02:00,-1.43
2016-04-06T00:00:00+02:00,-1.43
2016-04-06T06:00:00+02:00,-1.43
2016-04-06T12:00:00+02:00,-1.41
2016-04-06T18:00:00+02:00,-1.4
2016-04-07T00:00:00+02:00,-1.41
2016-04-07T06:00:00+02:00,-1.41
2016-04-07T12:00:00+02:00,-1.41
2016-04-07T18:00:00+02:00,-1.41
2016-04-08T00:00:00+02:00,-1.41
2016-04-08T06:00:00+02:00,-1.42
2016-04-08T12:00:00+02:00,-1.41
2016-04-08T18:00:00+02:00,-1.41
2016-04-09T00:00:00+02:00,-1.4
2016-04-09T06:00:00+02:00,-1.4
2016-04-09T12:00:00+02:00,-1.4
2016-04-09T18:00:00+02:00,-1.41
2016-04-10T00:00:00+02:00,-1.41
2016-04-10T06:00:00+02:00,-1.43
2016-04-10T12:00:00+02:00,-1.43
2016-04-10T18:00:00+02:00,-1.43
2016-04-11T00:00:00+02:00,-1.44
2016-04-11T06:00:00+02:00,-1.44
2016-04-11T12:00:00+02:00,-1.42
2016-04-11T18:00:00+02:00,-1.43
2016-04-12T00:00:00+02:00,-1.43
2016-04-12T06:00:00+02:00,-1.43
2016-04-12T12:00:00+02:00,-1.43
2016-04-12T18:00:00+02:00,-1.43
2016-04-13T00:00:00+02:00,-1.43
2016-04-13T06:00:00+02:00,-1.44
2016-04-13T12:00:00+02:00,-1.44
2016-04-13T18:00:00+02:00,-1.44
2016-04-14T00:00:00+02:00,-1.45
2016-04-14T06:00:00+02:00,-1.46
2016-04-14T12:00:00+02:00,-1.45
2016-04-14T18:00:00+02:00,-1.45
2016-04-15T00:00:00+02:00,-1.43
2016-04-15T06:00:00+02:00,-1.42
2016-04-15T12:00:00+02:00,-1.43
2016-04-15T18:00:00+02:00,-1.43
2016-04-16T00:00:00+02:00,-1.42
2016-04-16T06:00:00+02:00,-1.42
2016-04-16T12:00:00+02:00,-1.45
2016-04-16T18:00:00+02:00,-1.46
2016-04-17T00:00:00+02:00,-1.46
2016-04-17T06:00:00+02:00,-1.47
2016-04-17T12:00:00+02:00,-1.48
2016-04-17T18:00:00+02:00,-1.48
2016-04-18T00:00:00+02:00,-1.47
2016-04-18T06:00:00+02:00,-1.47
2016-04-18T12:00:00+02:00,-1.47
2016-04-18T18:00:00+02:00,-1.47
2016-04-19T00:00:00+02:00,-1.47
2016-04-19T06:00:00+02:00,-1.49
2016-04-19T12:00:00+02:00,-1.5
2016-04-19T18:00:00+02:00,-1.5
2016-04-20T00:00:00+02:00,-1.5
2016-04-20T06:00:00+02:00,-1.5
2016-04-20T12:00:00+02:00,-1.5
2016-04-20T18:00:00+02:00,-1.5
2016-04-21T00:00:00+02:00,-1.49
2016-04-21T06:00:00+02:00,-1.49
2016-04-21T12:00:00+02:00,-1.48
2016-04-21T18:00:00+02:00,-1.48
2016-04-22T00:00:00+02:00,-1.48
2016-04-22T06:00:00+02:00,-1.49
2016-04-22T12:00:00+02:00,-1.48
2016-04-22T18:00:00+02:00,-1.47
2016-04-23T00:00:00+02:00,-1.48
2016-04-23T06:00:00+02:00,-1.47
2016-04-23T12:00:00+02:00,-1.48
2016-04-23T18:00:00+02:00,-1.47
2016-04-24T00:00:00+02:00,-1.47
2016-04-24T06:00:00+02:00,-1.47
2016-04-24T12:00:00+02:00,-1.48
2016-04-24T18:00:00+02:00,-1.48
2016-04-25T00:00:00+02:00,-1.47
2016-04-25T06:00:00+02:00,-1.45
2016-04-25T12:00:00+02:00,-1.44
2016-04-25T18:00:00+02:00,-1.44
2016-04-26T00:00:00+02:00,-1.44
2016-04-26T06:00:00+02:00,-1.44
2016-04-26T12:00:00+02:00,-1.45
2016-04-26T18:00:00+02:00,-1.44
2016-04-27T00:00:00+02:00,-1.46
2016-04-27T06:00:00+02:00,-1.47
2016-04-27T12:00:00+02:00,-1.48
2016-04-27T18:00:00+02:00,-1.49
2016-04-28T00:00:00+02:00,-1.49
2016-04-28T06:00:00+02:00,-1.5
2016-04-28T12:00:00+02:00,-1.49
2016-04-28T18:00:00+02:00,-1.48
2016-04-29T00:00:00+02:00,-1.47
2016-04-29T06:00:00+02:00,-1.48
2016-04-29T12:00:00+02:00,-1.48
2016-04-29T18:00:00+02:00,-1.49
2016-04-30T00:00:00+02:00,-1.49
2016-04-30T06:00:00+02:00,-1.5
2016-04-30T12:00:00+02:00,-1.51
2016-04-30T18:00:00+02:00,-1.52
2016-05-01T00:00:00+02:00,-1.52
2016-05-01T06:00:00+02:00,-1.53
2016-05-01T12:00:00+02:00,-1.51
2016-05-01T18:00:00+02:00,-1.52
2016-05-02T00:00:00+02:00,-1.51
2016-05-02T06:00:00+02:00,-1.5
2016-05-02T12:00:00+02:00,-1.49
2016-05-02T18:00:00+02:00,-1.48
2016-05-03T00:00:00+02:00,-1.48
2016-05-03T06:00:00+02:00,-1.5
2016-05-03T12:00:00+02:00,-1.51
2016-05-03T18:00:00+02:00,-1.52
2016-05-04T00:00:00+02:00,-1.52
2016-05-04T06:00:00+02:00,-1.53
2016-05-04T12:00:00+02:00,-1.52
2016-05-04T18:00:00+02:00,-1.52
2016-05-05T00:00:00+02:00,-1.52
2016-05-05T06:00:00+02:00,-1.52
2016-05-05T12:00:00+02:00,-1.51
2016-05-05T18:00:00+02:00,-1.5
2016-05-06T00:00:00+02:00,-1.5
2016-05-06T06:00:00+02:00,-1.5
2016-05-06T12:00:00+02:00,-1.48
2016-05-06T18:00:00+02:00,-1.49
2016-05-07T00:00:00+02:00,-1.49
2016-05-07T06:00:00+02:00,-1.5
2016-05-07T12:00:00+02:00,-1.5
2016-05-07T18:00:00+02:00,-1.5
2016-05-08T00:00:00+02:00,-1.51
2016-05-08T06:00:00+02:00,-1.52
2016-05-08T12:00:00+02:00,-1.51
2016-05-08T18:00:00+02:00,-1.51
2016-05-09T00:00:00+02:00,-1.52
2016-05-09T06:00:00+02:00,-1.53
2016-05-09T12:00:00+02:00,-1.51
2016-05-09T18:00:00+02:00,-1.52
2016-05-10T00:00:00+02:00,-1.51
2016-05-10T06:00:00+02:00,-1.5
2016-05-10T12:00:00+02:00,-1.5
2016-05-10T18:00:00+02:00,-1.49
2016-05-11T00:00:00+02:00,-1.49
2016-05-11T06:00:00+02:00,-1.49
2016-05-11T12:00:00+02:00,-1.49
2016-05-11T18:00:00+02:00,-1.48
2016-05-12T00:00:00+02:00,-1.49
2016-05-12T06:00:00+02:00,-1.49
2016-05-12T12:00:00+02:00,-1.48
2016-05-12T18:00:00+02:00,-1.49
2016-05-13T00:00:00+02:00,-1.5
2016-05-13T06:00:00+02:00,-1.5
2016-05-13T12:00:00+02:00,-1.5
2016-05-13T18:00:00+02:00,-1.51
2016-05-14T00:00:00+02:00,-1.5
2016-05-14T06:00:00+02:00,-1.5
2016-05-14T12:00:00+02:00,-1.51
2016-05-14T18:00:00+02:00,-1.51
2016-05-15T00:00:00+02:00,-1.52
2016-05-15T06:00:00+02:00,-1.52
2016-05-15T12:00:00+02:00,-1.52
2016-05-15T18:00:00+02:00,-1.52
2016-05-16T00:00:00+02:00,-1.52
2016-05-16T06:00:00+02:00,-1.52
2016-05-16T12:00:00+02:00,-1.52
2016-05-16T18:00:00+02:00,-1.52
2016-05-17T00:00:00+02:00,-1.51
2016-05-17T06:00:00+02:00,-1.51
2016-05-17T12:00:00+02:00,-1.51
2016-05-17T18:00:00+02:00,-1.5
2016-05-18T00:00:00+02:00,-1.49
2016-05-18T06:00:00+02:00,-1.49
2016-05-18T12:00:00+02:00,-1.49
2016-05-18T18:00:00+02:00,-1.5
2016-05-19T00:00:00+02:00,-1.5
2016-05-19T06:00:00+02:00,-1.53
2016-05-19T12:00:00+02:00,-1.53
2016-05-19T18:00:00+02:00,-1.54
2016-05-20T00:00:00+02:00,-1.53
2016-05-20T06:00:00+02:00,-1.53
2016-05-20T12:00:00+02:00,-1.54
2016-05-20T18:00:00+02:00,-1.55
2016-05-21T00:00:00+02:00,-1.54
2016-05-21T06:00:00+02:00,-1.54
2016-05-21T12:00:00+02:00,-1.53
2016-05-21T18:00:00+02:00,-1.53
2016-05-22T00:00:00+02:00,-1.51
2016-05-22T06:00:00+02:00,-1.5
2016-05-22T12:00:00+02:00,-1.52
2016-05-22T18:00:00+02:00,-1.51
2016-05-23T00:00:00+02:00,-1.51
2016-05-23T06:00:00+02:00,-1.52
2016-05-23T12:00:00+02:00,-1.53
2016-05-23T18:00:00+02:00,-1.53
2016-05-24T00:00:00+02:00,-1.51
2016-05-24T06:00:00+02:00,-1.51
2016-05-24T12:00:00+02:00,-1.5
2016-05-24T18:00:00+02:00,-1.49
2016-05-25T00:00:00+02:00,-1.49
2016-05-25T06:00:00+02:00,-1.49
2016-05-25T12:00:00+02:00,-1.49
2016-05-25T18:00:00+02:00,-1.5
2016-05-26T00:00:00+02:00,-1.49
2016-05-26T06:00:00+02:00,-1.5
2016-05-26T12:00:00+02:00,-1.5
2016-05-26T18:00:00+02:00,-1.5
2016-05-27T00:00:00+02:00,-1.49
2016-05-27T06:00:00+02:00,-1.5
2016-05-27T12:00:00+02:00,-1.49
2016-05-27T18:00:00+02:00,-1.49
2016-05-28T00:00:00+02:00,-1.49
2016-05-28T06:00:00+02:00,-1.48
2016-05-28T12:00:00+02:00,-1.48
2016-05-28T18:00:00+02:00,-1.48
2016-05-29T00:00:00+02:00,-1.48
2016-05-29T06:00:00+02:00,-1.48
2016-05-29T12:00:00+02:00,-1.49
2016-05-29T18:00:00+02:00,-1.48
2016-05-30T00:00:00+02:00,-1.48
2016-05-30T06:00:00+02:00,-1.48
2016-05-30T12:00:00+02:00,-1.48
2016-05-30T18:00:00+02:00,-1.48
2016-05-31T00:00:00+02:00,-1.48
2016-05-31T06:00:00+02:00,-1.49
2016-05-31T12:00:00+02:00,-1.5
2016-05-31T18:00:00+02:00,-1.51
2016-06-01T00:00:00+02:00,-1.5
2016-06-01T06:00:00+02:00,-1.5
2016-06-01T12:00:00+02:00,-1.51
2016-06-01T18:00:00+02:00,-1.5
2016-06-02T00:00:00+02:00,-1.51
2016-06-02T06:00:00+02:00,-1.51
2016-06-02T12:00:00+02:00,-1.51
2016-06-02T18:00:00+02:00,-1.51
2016-06-03T00:00:00+02:00,-1.5
2016-06-03T06:00:00+02:00,-1.51
2016-06-03T12:00:00+02:00,-1.5
2016-06-03T18:00:00+02:00,-1.51
2016-06-04T00:00:00+02:00,-1.51
2016-06-04T06:00:00+02:00,-1.51
2016-06-04T12:00:00+02:00,-1.52
2016-06-04T18:00:00+02:00,-1.52
2016-06-05T00:00:00+02:00,-1.52
2016-06-05T06:00:00+02:00,-1.53
2016-06-05T12:00:00+02:00,-1.53
2016-06-05T18:00:00+02:00,-1.54
2016-06-06T00:00:00+02:00,-1.53
2016-06-06T06:00:00+02:00,-1.53
2016-06-06T12:00:00+02:00,-1.53
2016-06-06T18:00:00+02:00,-1.53
2016-06-07T00:00:00+02:00,-1.53
2016-06-07T06:00:00+02:00,-1.53
2016-06-07T12:00:00+02:00,-1.54
2016-06-07T18:00:00+02:00,-1.54
2016-06-08T00:00:00+02:00,-1.53
2016-06-08T06:00:00+02:00,-1.53
2016-06-08T12:00:00+02:00,-1.53
2016-06-08T18:00:00+02:00,-1.53
2016-06-09T00:00:00+02:00,-1.53
2016-06-09T06:00:00+02:00,-1.53
2016-06-09T12:00:00+02:00,-1.53
2016-06-09T18:00:00+02:00,-1.53
2016-06-10T00:00:00+02:00,-1.52
2016-06-10T06:00:00+02:00,-1.52
2016-06-10T12:00:00+02:00,-1.53
2016-06-10T18:00:00+02:00,-1.52
2016-06-11T00:00:00+02:00,-1.53
2016-06-11T06:00:00+02:00,-1.53
2016-06-11T12:00:00+02:00,-1.53
2016-06-11T18:00:00+02:00,-1.53
2016-06-12T00:00:00+02:00,-1.53
2016-06-12T06:00:00+02:00,-1.53
2016-06-12T12:00:00+02:00,-1.52
2016-06-12T18:00:00+02:00,-1.52
2016-06-13T00:00:00+02:00,-1.51
2016-06-13T06:00:00+02:00,-1.51
2016-06-13T12:00:00+02:00,-1.51
2016-06-13T18:00:00+02:00,-1.51
2016-06-14T00:00:00+02:00,-1.51
2016-06-14T06:00:00+02:00,-1.51
2016-06-14T12:00:00+02:00,-1.51
2016-06-14T18:00:00+02:00,-1.51
2016-06-15T00:00:00+02:00,-1.5
2016-06-15T06:00:00+02:00,-1.49
2016-06-15T12:00:00+02:00,-1.49
2016-06-15T18:00:00+02:00,-1.49
2016-06-16T00:00:00+02:00,-1.49
2016-06-16T06:00:00+02:00,-1.49
2016-06-16T12:00:00+02:00,-1.49
2016-06-16T18:00:00+02:00,-1.49
2016-06-17T00:00:00+02:00,-1.48
2016-06-17T06:00:00+02:00,-1.49
2016-06-17T12:00:00+02:00,-1.5
2016-06-17T18:00:00+02:00,-1.5
2016-06-18T00:00:00+02:00,-1.5
2016-06-18T06:00:00+02:00,-1.5
2016-06-18T12:00:00+02:00,-1.5
2016-06-18T18:00:00+02:00,-1.52
2016-06-19T00:00:00+02:00,-1.52
2016-06-19T06:00:00+02:00,-1.53
2016-06-19T12:00:00+02:00,-1.53
2016-06-19T18:00:00+02:00,-1.51
2016-06-20T00:00:00+02:00,-1.5
2016-06-20T06:00:00+02:00,-1.5
2016-06-20T12:00:00+02:00,-1.49
2016-06-20T18:00:00+02:00,-1.48
2016-06-21T00:00:00+02:00,-1.48
2016-06-21T06:00:00+02:00,-1.48
2016-06-21T12:00:00+02:00,-1.46
2016-06-21T18:00:00+02:00,-1.46
2016-06-22T00:00:00+02:00,-1.45
2016-06-22T06:00:00+02:00,-1.46
2016-06-22T12:00:00+02:00,-1.46
2016-06-22T18:00:00+02:00,-1.45
2016-06-23T00:00:00+02:00,-1.45
2016-06-23T06:00:00+02:00,-1.45
2016-06-23T12:00:00+02:00,-1.42
2016-06-23T18:00:00+02:00,-1.43
2016-06-24T00:00:00+02:00,-1.41
2016-06-24T06:00:00+02:00,-1.43
2016-06-24T12:00:00+02:00,-1.43
2016-06-24T18:00:00+02:00,-1.44
2016-06-25T00:00:00+02:00,-1.43
2016-06-25T06:00:00+02:00,-1.43
2016-06-25T12:00:00+02:00,-1.43
2016-06-25T18:00:00+02:00,-1.42
2016-06-26T00:00:00+02:00,-1.42
2016-06-26T06:00:00+02:00,-1.43
2016-06-26T12:00:00+02:00,-1.44
2016-06-26T18:00:00+02:00,-1.44
2016-06-27T00:00:00+02:00,-1.43
2016-06-27T06:00:00+02:00,-1.44
2016-06-27T12:00:00+02:00,-1.45
2016-06-27T18:00:00+02:00,-1.46
2016-06-28T00:00:00+02:00,-1.46
2016-06-28T06:00:00+02:00,-1.46
2016-06-28T12:00:00+02:00,-1.45
2016-06-28T18:00:00+02:00,-1.44
2016-06-29T00:00:00+02:00,-1.43
2016-06-29T06:00:00+02:00,-1.42
2016-06-29T12:00:00+02:00,-1.43
2016-06-29T18:00:00+02:00,-1.42
2016-06-30T00:00:00+02:00,-1.41
2016-06-30T06:00:00+02:00,-1.42
2016-06-30T12:00:00+02:00,-1.43
2016-06-30T18:00:00+02:00,-1.43
2016-07-01T00:00:00+02:00,-1.41
2016-07-01T06:00:00+02:00,-1.41
2016-07-01T12:00:00+02:00,-1.41
2016-07-01T18:00:00+02:00,-1.4
2016-07-02T00:00:00+02:00,-1.39
2016-07-02T06:00:00+02:00,-1.4
2016-07-02T12:00:00+02:00,-1.4
2016-07-02T18:00:00+02:00,-1.41
2016-07-03T00:00:00+02:00,-1.4
2016-07-03T06:00:00+02:00,-1.41
2016-07-03T12:00:00+02:00,-1.42
2016-07-03T18:00:00+02:00,-1.42
2016-07-04T00:00:00+02:00,-1.41
2016-07-04T06:00:00+02:00,-1.42
2016-07-04T12:00:00+02:00,-1.41
2016-07-05T12:00:00+02:00,-1.4
2016-07-06T12:00:00+02:00,-1.45
2016-07-07T12:00:00+02:00,-1.44
2016-07-08T12:00:00+02:00,-1.44
2016-07-09T12:00:00+02:00,-1.46
2016-07-10T12:00:00+02:00,-1.44
2016-07-11T12:00:00+02:00,-1.46
2016-07-12T12:00:00+02:00,-1.48
2016-07-13T12:00:00+02:00,-1.49
2016-07-14T12:00:00+02:00,-1.5
2016-07-15T12:00:00+02:00,-1.51
2016-07-16T12:00:00+02:00,-1.52
2016-07-17T12:00:00+02:00,-1.51
2016-07-18T12:00:00+02:00,-1.52
2016-07-19T12:00:00+02:00,-1.52
2016-07-20T12:00:00+02:00,-1.5
2016-07-21T12:00:00+02:00,-1.53
2016-07-22T12:00:00+02:00,-1.54
2016-07-23T12:00:00+02:00,-1.55
2016-07-24T12:00:00+02:00,-1.55
2016-07-25T12:00:00+02:00,-1.55
2016-07-26T12:00:00+02:00,-1.56
2016-07-27T12:00:00+02:00,-1.55
2016-07-28T12:00:00+02:00,-1.55
2016-07-29T12:00:00+02:00,-1.53
2016-07-30T12:00:00+02:00,-1.55
2016-07-31T12:00:00+02:00,-1.55
2016-08-01T12:00:00+02:00,-1.55
2016-08-02T12:00:00+02:00,-1.53
2016-08-03T12:00:00+02:00,-1.51
2016-08-04T12:00:00+02:00,-1.53
2016-08-05T12:00:00+02:00,-1.57
2016-08-06T12:00:00+02:00,-1.58
2016-08-07T12:00:00+02:00,-1.56
2016-08-08T12:00:00+02:00,-1.57
2016-08-09T12:00:00+02:00,-1.58
2016-08-10T12:00:00+02:00,-1.57
2016-08-11T12:00:00+02:00,-1.55
2016-08-12T12:00:00+02:00,-1.55
2016-08-13T12:00:00+02:00,-1.54
2016-08-14T12:00:00+02:00,-1.55
2016-08-15T12:00:00+02:00,-1.56
2016-08-16T12:00:00+02:00,-1.55
2016-08-17T12:00:00+02:00,-1.54
2016-08-18T12:00:00+02:00,-1.55
2016-08-19T12:00:00+02:00,-1.54
2016-08-20T12:00:00+02:00,-1.55
2016-08-21T12:00:00+02:00,-1.55
2016-08-22T12:00:00+02:00,-1.53
2016-08-23T12:00:00+02:00,-1.52
2016-08-24T12:00:00+02:00,-1.5
2016-08-25T12:00:00+02:00,-1.49
2016-08-26T12:00:00+02:00,-1.53
2016-08-27T12:00:00+02:00,-1.52
2016-08-28T12:00:00+02:00,-1.51
2016-08-29T12:00:00+02:00,-1.54
2016-08-30T12:00:00+02:00,-1.54
2016-08-31T12:00:00+02:00,-1.52
2016-09-01T12:00:00+02:00,-1.54
2016-09-02T12:00:00+02:00,-1.53
2016-09-03T12:00:00+02:00,-1.54
2016-09-04T12:00:00+02:00,-1.51
2016-09-05T12:00:00+02:00,-1.54
2016-09-06T12:00:00+02:00,-1.54
2016-09-07T12:00:00+02:00,-1.52
2016-09-08T12:00:00+02:00,-1.51
2016-09-09T12:00:00+02:00,-1.54
2016-09-10T12:00:00+02:00,-1.53
2016-09-11T12:00:00+02:00,-1.56
2016-09-12T12:00:00+02:00,-1.55
2016-09-13T12:00:00+02:00,-1.55
2016-09-14T12:00:00+02:00,-1.56
2016-09-15T12:00:00+02:00,-1.56
2016-09-16T12:00:00+02:00,-1.57
2016-09-17T12:00:00+02:00,-1.6
2016-09-18T12:00:00+02:00,-1.59
2016-09-19T12:00:00+02:00,-1.6
2016-09-20T12:00:00+02:00,-1.6
2016-09-21T12:00:00+02:00,-1.6
2016-09-22T12:00:00+02:00,-1.61
2016-09-23T12:00:00+02:00,-1.63
2016-09-24T12:00:00+02:00,-1.61
2016-09-25T12:00:00+02:00,-1.6
2016-09-26T12:00:00+02:00,-1.64
2016-09-27T12:00:00+02:00,-1.63
2016-09-28T12:00:00+02:00,-1.63
2016-09-29T12:00:00+02:00,-1.59
2016-09-30T12:00:00+02:00,-1.62
2016-10-01T12:00:00+02:00,-1.61
2016-10-02T12:00:00+02:00,-1.59
2016-10-03T12:00:00+02:00,-1.62
2016-10-04T12:00:00+02:00,-1.62
2016-10-05T12:00:00+02:00,-1.6
2016-10-06T12:00:00+02:00,-1.58
2016-10-07T12:00:00+02:00,-1.59
2016-10-08T12:00:00+02:00,-1.6
2016-10-09T12:00:00+02:00,-1.59
2016-10-10T12:00:00+02:00,-1.6
2016-10-11T12:00:00+02:00,-1.6
2016-10-12T12:00:00+02:00,-1.61
2016-10-13T12:00:00+02:00,-1.59
2016-10-14T12:00:00+02:00,-1.58
2016-10-15T12:00:00+02:00,-1.6
2016-10-16T12:00:00+02:00,-1.61
2016-10-17T12:00:00+02:00,-1.61
2016-10-18T12:00:00+02:00,-1.58
2016-10-19T12:00:00+02:00,-1.56
2016-10-20T12:00:00+02:00,-1.52
2016-10-21T12:00:00+02:00,-1.5
2016-10-22T12:00:00+02:00,-1.49
2016-10-23T12:00:00+02:00,-1.48
2016-10-24T12:00:00+02:00,-1.5
2016-10-25T12:00:00+02:00,-1.54
2016-10-26T12:00:00+02:00,-1.54
2016-10-27T12:00:00+02:00,-1.55
2016-10-28T12:00:00+02:00,-1.56
2016-10-29T12:00:00+02:00,-1.57
2016-10-30T12:00:00+01:00,-1.56
2016-10-31T12:00:00+01:00,-1.56
2016-11-01T12:00:00+01:00,-1.55
2016-11-02T12:00:00+01:00,-1.54
2016-11-03T12:00:00+01:00,-1.54
2016-11-04T12:00:00+01:00,-1.51
2016-11-05T12:00:00+01:00,-1.47
2016-11-06T12:00:00+01:00,-1.45
2016-11-07T12:00:00+01:00,-1.5
2016-11-08T12:00:00+01:00,-1.48
2016-11-09T12:00:00+01:00,-1.47
2016-11-10T12:00:00+01:00,-1.49
2016-11-11T12:00:00+01:00,-1.55
2016-11-12T12:00:00+01:00,-1.53
2016-11-13T12:00:00+01:00,-1.56
2016-11-14T12:00:00+01:00,-1.54
2016-11-15T12:00:00+01:00,-1.52
2016-11-16T12:00:00+01:00,-1.47
2016-11-17T12:00:00+01:00,-1.44
2016-11-18T12:00:00+01:00,-1.44
2016-11-19T12:00:00+01:00,-1.44
2016-11-20T12:00:00+01:00,-1.33
2016-11-21T12:00:00+01:00,-1.37
2016-11-22T12:00:00+01:00,-1.4
2016-11-23T12:00:00+01:00,-1.42
2016-11-24T12:00:00+01:00,-1.44
2016-11-25T12:00:00+01:00,-1.44
2016-11-26T12:00:00+01:00,-1.43
2016-11-27T12:00:00+01:00,-1.46
2016-11-28T12:00:00+01:00,-1.5
2016-11-29T12:00:00+01:00,-1.49
2016-11-30T12:00:00+01:00,-1.48
2016-12-01T12:00:00+01:00,-1.48
2016-12-02T12:00:00+01:00,-1.51
2016-12-03T12:00:00+01:00,-1.51
2016-12-04T12:00:00+01:00,-1.53
2016-12-05T12:00:00+01:00,-1.52
2016-12-06T12:00:00+01:00,-1.54
2016-12-07T12:00:00+01:00,-1.53
2016-12-08T12:00:00+01:00,-1.53
2016-12-09T12:00:00+01:00,-1.53
2016-12-10T12:00:00+01:00,-1.51
2016-12-11T12:00:00+01:00,-1.48
2016-12-12T12:00:00+01:00,-1.45
2016-12-13T12:00:00+01:00,-1.42
2016-12-14T12:00:00+01:00,-1.44
2016-12-15T12:00:00+01:00,-1.44
2016-12-16T12:00:00+01:00,-1.46
2016-12-17T12:00:00+01:00,-1.48
2016-12-18T12:00:00+01:00,-1.47
2016-12-19T12:00:00+01:00,-1.47
2016-12-20T12:00:00+01:00,-1.46
2016-12-21T12:00:00+01:00,-1.47
2016-12-22T12:00:00+01:00,-1.49
2016-12-23T12:00:00+01:00,-1.47
2016-12-24T12:00:00+01:00,-1.45
2016-12-25T12:00:00+01:00,-1.46
2016-12-26T12:00:00+01:00,-1.49
2016-12-27T12:00:00+01:00,-1.53
2016-12-28T12:00:00+01:00,-1.53
2016-12-29T12:00:00+01:00,-1.51
2016-12-30T12:00:00+01:00,-1.5
2016-12-31T12:00:00+01:00,-1.49
2017-01-01T12:00:00+01:00,-1.47
2017-01-02T12:00:00+01:00,-1.51
2017-01-03T12:00:00+01:00,-1.48
2017-01-04T12:00:00+01:00,-1.49
2017-01-05T12:00:00+01:00,-1.57
2017-01-06T12:00:00+01:00,-1.55
2017-01-07T12:00:00+01:00,-1.52
2017-01-08T12:00:00+01:00,-1.54
2017-01-09T12:00:00+01:00,-1.47
2017-01-10T12:00:00+01:00,-1.47
2017-01-11T12:00:00+01:00,-1.42
2017-01-12T12:00:00+01:00,-1.43
2017-01-13T12:00:00+01:00,-1.39
2017-01-14T12:00:00+01:00,-1.35
2017-01-15T12:00:00+01:00,-1.34
2017-01-16T12:00:00+01:00,-1.36
2017-01-17T12:00:00+01:00,-1.38
2017-01-18T12:00:00+01:00,-1.39
2017-01-19T12:00:00+01:00,-1.4
2017-01-20T12:00:00+01:00,-1.4
2017-01-21T12:00:00+01:00,-1.41
2017-01-22T12:00:00+01:00,-1.41
2017-01-23T12:00:00+01:00,-1.43
2017-01-24T12:00:00+01:00,-1.46
2017-01-25T12:00:00+01:00,-1.45
2017-01-26T12:00:00+01:00,-1.44
2017-01-27T12:00:00+01:00,-1.44
2017-01-28T12:00:00+01:00,-1.45
2017-01-29T12:00:00+01:00,-1.46
2017-01-30T12:00:00+01:00,-1.44
2017-01-31T12:00:00+01:00,-1.4
2017-02-01T12:00:00+01:00,-1.37
2017-02-02T12:00:00+01:00,-1.36
2017-02-03T12:00:00+01:00,-1.37
2017-02-04T12:00:00+01:00,-1.37
2017-02-05T12:00:00+01:00,-1.37
2017-02-06T12:00:00+01:00,-1.38
2017-02-07T12:00:00+01:00,-1.37
2017-02-08T12:00:00+01:00,-1.41
2017-02-09T12:00:00+01:00,-1.41
2017-02-10T12:00:00+01:00,-1.4
2017-02-11T12:00:00+01:00,-1.42
2017-02-12T12:00:00+01:00,-1.45
2017-02-13T12:00:00+01:00,-1.46
2017-02-14T12:00:00+01:00,-1.46
2017-02-15T12:00:00+01:00,-1.45
2017-02-16T12:00:00+01:00,-1.44
2017-02-17T12:00:00+01:00,-1.46
2017-02-18T12:00:00+01:00,-1.46
2017-02-19T12:00:00+01:00,-1.44
2017-02-20T12:00:00+01:00,-1.43
2017-02-21T12:00:00+01:00,-1.46
2017-02-22T12:00:00+01:00,-1.43
2017-02-23T12:00:00+01:00,-1.33
2017-02-24T12:00:00+01:00,-1.38
2017-02-25T12:00:00+01:00,-1.32
2017-02-26T12:00:00+01:00,-1.3
2017-02-27T12:00:00+01:00,-1.24
2017-02-28T12:00:00+01:00,-1.25
2017-03-01T12:00:00+01:00,-1.28
2017-03-02T12:00:00+01:00,-1.3
2017-03-03T12:00:00+01:00,-1.24
2017-03-04T12:00:00+01:00,-1.22
2017-03-05T12:00:00+01:00,-1.23
2017-03-06T12:00:00+01:00,-1.25
2017-03-07T12:00:00+01:00,-1.3
2017-03-08T12:00:00+01:00,-1.26
2017-03-09T12:00:00+01:00,-1.28
2017-03-10T12:00:00+01:00,-1.31
2017-03-11T12:00:00+01:00,-1.31
2017-03-12T12:00:00+01:00,-1.31
2017-03-13T12:00:00+01:00,-1.37
2017-03-14T12:00:00+01:00,-1.37
2017-03-15T12:00:00+01:00,-1.4
2017-03-16T12:00:00+01:00,-1.38
2017-03-17T12:00:00+01:00,-1.38
2017-03-18T12:00:00+01:00,-1.4
2017-03-19T12:00:00+01:00,-1.36
2017-03-20T12:00:00+01:00,-1.35
2017-03-21T12:00:00+01:00,-1.37
2017-03-22T12:00:00+01:00,-1.38
2017-03-23T12:00:00+01:00,-1.4
2017-03-24T12:00:00+01:00,-1.44
2017-03-25T12:00:00+01:00,-1.43
2017-03-26T12:00:00+02:00,-1.44
2017-03-27T12:00:00+02:00,-1.44
2017-03-28T12:00:00+02:00,-1.45
2017-03-29T12:00:00+02:00,-1.47
2017-03-30T12:00:00+02:00,-1.47
2017-03-31T12:00:00+02:00,-1.44
2017-04-01T12:00:00+02:00,-1.46
2017-04-02T12:00:00+02:00,-1.5
2017-04-03T12:00:00+02:00,-1.51
2017-04-04T12:00:00+02:00,-1.5
2017-04-05T12:00:00+02:00,-1.51
2017-04-06T12:00:00+02:00,-1.52
2017-04-07T12:00:00+02:00,-1.52
2017-04-08T12:00:00+02:00,-1.53
2017-04-09T12:00:00+02:00,-1.52
2017-04-10T12:00:00+02:00,-1.54
2017-04-11T12:00:00+02:00,-1.53
2017-04-12T12:00:00+02:00,-1.51
2017-04-13T12:00:00+02:00,-1.53
2017-04-14T12:00:00+02:00,-1.53
2017-04-15T12:00:00+02:00,-1.53
2017-04-16T12:00:00+02:00,-1.54
2017-04-17T12:00:00+02:00,-1.54
2017-04-18T12:00:00+02:00,-1.59
2017-04-19T12:00:00+02:00,-1.58
2017-04-20T12:00:00+02:00,-1.56
2017-04-21T12:00:00+02:00,-1.55
2017-04-22T12:00:00+02:00,-1.56
2017-04-23T12:00:00+02:00,-1.56
2017-04-24T12:00:00+02:00,-1.52
2017-04-25T12:00:00+02:00,-1.54
2017-04-26T12:00:00+02:00,-1.55
2017-04-27T12:00:00+02:00,-1.54
2017-04-28T12:00:00+02:00,-1.54
2017-04-29T12:00:00+02:00,-1.56
2017-04-30T12:00:00+02:00,-1.53
2017-05-01T12:00:00+02:00,-1.56
2017-05-02T12:00:00+02:00,-1.57
2017-05-03T12:00:00+02:00,-1.58
2017-05-04T12:00:00+02:00,-1.58
2017-05-05T12:00:00+02:00,-1.57
2017-05-06T12:00:00+02:00,-1.55
2017-05-07T12:00:00+02:00,-1.58
2017-05-08T12:00:00+02:00,-1.6
2017-05-09T12:00:00+02:00,-1.57
2017-05-10T12:00:00+02:00,-1.56
2017-05-11T12:00:00+02:00,-1.54
2017-05-12T12:00:00+02:00,-1.57
2017-05-13T12:00:00+02:00,-1.58
2017-05-14T12:00:00+02:00,-1.59
2017-05-15T12:00:00+02:00,-1.59
2017-05-16T12:00:00+02:00,-1.58
2017-05-17T12:00:00+02:00,-1.56
2017-05-18T12:00:00+02:00,-1.59
2017-05-19T12:00:00+02:00,-1.59
2017-05-20T12:00:00+02:00,-1.62
2017-05-21T12:00:00+02:00,-1.62
2017-05-22T12:00:00+02:00,-1.6
2017-05-23T12:00:00+02:00,-1.63
2017-05-24T12:00:00+02:00,-1.63
2017-05-25T12:00:00+02:00,-1.64
2017-05-26T12:00:00+02:00,-1.63
2017-05-27T12:00:00+02:00,-1.62
2017-05-28T12:00:00+02:00,-1.63
2017-05-29T12:00:00+02:00,-1.63
2017-05-30T12:00:00+02:00,-1.63
2017-05-31T12:00:00+02:00,-1.65
2017-06-01T12:00:00+02:00,-1.64
2017-06-02T12:00:00+02:00,-1.64
2017-06-03T12:00:00+02:00,-1.64
2017-06-04T12:00:00+02:00,-1.66
2017-06-05T12:00:00+02:00,-1.64
2017-06-06T12:00:00+02:00,-1.63
2017-06-07T12:00:00+02:00,-1.68
2017-06-08T12:00:00+02:00,-1.67
2017-06-09T12:00:00+02:00,-1.65
2017-06-10T12:00:00+02:00,-1.61
2017-06-11T12:00:00+02:00,-1.58
2017-06-12T12:00:00+02:00,-1.59
2017-06-13T12:00:00+02:00,-1.61
2017-06-14T12:00:00+02:00,-1.61
2017-06-15T12:00:00+02:00,-1.58
2017-06-16T12:00:00+02:00,-1.63
2017-06-17T12:00:00+02:00,-1.64
2017-06-18T12:00:00+02:00,-1.64
2017-06-19T12:00:00+02:00,-1.63
2017-06-20T12:00:00+02:00,-1.66
2017-06-21T12:00:00+02:00,-1.65
2017-06-22T12:00:00+02:00,-1.63
2017-06-23T12:00:00+02:00,-1.66
2017-06-24T12:00:00+02:00,-1.67
2017-06-25T12:00:00+02:00,-1.67
2017-06-26T12:00:00+02:00,-1.66
2017-06-27T12:00:00+02:00,-1.63
2017-06-28T12:00:00+02:00,-1.6
2017-06-29T12:00:00+02:00,-1.56
2017-06-30T12:00:00+02:00,-1.55
2017-07-01T12:00:00+02:00,-1.56
2017-07-02T12:00:00+02:00,-1.57
2017-07-03T12:00:00+02:00,-1.55
2017-07-04T12:00:00+02:00,-1.57
2017-07-05T12:00:00+02:00,-1.57
2017-07-06T12:00:00+02:00,-1.57
2017-07-07T12:00:00+02:00,-1.58
2017-07-08T12:00:00+02:00,-1.61
2017-07-09T12:00:00+02:00,-1.59
2017-07-10T12:00:00+02:00,-1.6
2017-07-11T12:00:00+02:00,-1.62
2017-07-12T12:00:00+02:00,-1.64
2017-07-13T12:00:00+02:00,-1.64
2017-07-14T12:00:00+02:00,-1.63
2017-07-15T12:00:00+02:00,-1.66
2017-07-16T12:00:00+02:00,-1.66
2017-07-17T12:00:00+02:00,-1.67
2017-07-18T12:00:00+02:00,-1.66
2017-07-19T12:00:00+02:00,-1.64
2017-07-20T12:00:00+02:00,-1.66
2017-07-21T12:00:00+02:00,-1.68
2017-07-22T12:00:00+02:00,-1.69
2017-07-23T12:00:00+02:00,-1.69
2017-07-24T12:00:00+02:00,-1.68
2017-07-25T12:00:00+02:00,-1.66
2017-07-26T12:00:00+02:00,-1.65
2017-07-27T12:00:00+02:00,-1.65
2017-07-28T12:00:00+02:00,-1.66
2017-07-29T12:00:00+02:00,-1.67
2017-07-30T12:00:00+02:00,-1.65
2017-07-31T12:00:00+02:00,-1.66
2017-08-01T12:00:00+02:00,-1.66
2017-08-02T12:00:00+02:00,-1.66
2017-08-03T12:00:00+02:00,-1.64
2017-08-04T12:00:00+02:00,-1.66
2017-08-05T12:00:00+02:00,-1.67
2017-08-06T12:00:00+02:00,-1.7
2017-08-07T12:00:00+02:00,-1.68
2017-08-08T12:00:00+02:00,-1.66
2017-08-09T12:00:00+02:00,-1.67
2017-08-10T12:00:00+02:00,-1.66
2017-08-11T12:00:00+02:00,-1.64
2017-08-12T12:00:00+02:00,-1.63
2017-08-13T12:00:00+02:00,-1.65
2017-08-14T12:00:00+02:00,-1.63
2017-08-15T12:00:00+02:00,-1.63
2017-08-16T12:00:00+02:00,-1.64
2017-08-17T12:00:00+02:00,-1.62
2017-08-18T12:00:00+02:00,-1.61
2017-08-19T12:00:00+02:00,-1.63
2017-08-20T12:00:00+02:00,-1.63
2017-08-21T12:00:00+02:00,-1.63
2017-08-22T12:00:00+02:00,-1.63
2017-08-23T12:00:00+02:00,-1.61
2017-08-24T12:00:00+02:00,-1.63
2017-08-25T12:00:00+02:00,-1.64
2017-08-26T12:00:00+02:00,-1.64
2017-08-27T12:00:00+02:00,-1.65
2017-08-28T12:00:00+02:00,-1.66
2017-08-29T12:00:00+02:00,-1.64
2017-08-30T12:00:00+02:00,-1.64
2017-08-31T12:00:00+02:00,-1.59
2017-09-01T12:00:00+02:00,-1.56
2017-09-02T12:00:00+02:00,-1.56
2017-09-03T12:00:00+02:00,-1.54
2017-09-04T12:00:00+02:00,-1.55
2017-09-05T12:00:00+02:00,-1.54
2017-09-06T12:00:00+02:00,-1.55
2017-09-07T12:00:00+02:00,-1.54
2017-09-08T12:00:00+02:00,-1.5
2017-09-09T12:00:00+02:00,-1.48
2017-09-10T12:00:00+02:00,-1.46
2017-09-11T12:00:00+02:00,-1.52
2017-09-11T18:00:00+02:00,-1.42
2017-09-12T00:00:00+02:00,-1.43
2017-09-12T06:00:00+02:00,-1.44
2017-09-12T12:00:00+02:00,-1.44
2017-09-12T18:00:00+02:00,-1.43
2017-09-13T00:00:00+02:00,-1.39
2017-09-13T06:00:00+02:00,-1.36
2017-09-13T12:00:00+02:00,-1.4
2017-09-13T18:00:00+02:00,-1.38
2017-09-14T00:00:00+02:00,-1.38
2017-09-14T06:00:00+02:00,-1.38
2017-09-14T12:00:00+02:00,-1.38
2017-09-14T18:00:00+02:00,-1.4
2017-09-15T00:00:00+02:00,-1.37
2017-09-15T06:00:00+02:00,-1.35
2017-09-15T12:00:00+02:00,-1.34
2017-09-15T18:00:00+02:00,-1.33
2017-09-16T00:00:00+02:00,-1.33
2017-09-16T06:00:00+02:00,-1.32
2017-09-16T12:00:00+02:00,-1.31
2017-09-16T18:00:00+02:00,-1.32
2017-09-17T00:00:00+02:00,-1.31
2017-09-17T06:00:00+02:00,-1.31
2017-09-17T12:00:00+02:00,-1.31
2017-09-17T18:00:00+02:00,-1.31
2017-09-18T00:00:00+02:00,-1.31
2017-09-18T06:00:00+02:00,-1.31
2017-09-18T12:00:00+02:00,-1.31
2017-09-18T18:00:00+02:00,-1.32
2017-09-19T00:00:00+02:00,-1.32
2017-09-19T06:00:00+02:00,-1.33
2017-09-19T12:00:00+02:00,-1.33
2017-09-19T18:00:00+02:00,-1.33
2017-09-20T00:00:00+02:00,-1.33
2017-09-20T06:00:00+02:00,-1.34
2017-09-20T12:00:00+02:00,-1.34
2017-09-20T18:00:00+02:00,-1.35
2017-09-21T00:00:00+02:00,-1.35
2017-09-21T06:00:00+02:00,-1.36
2017-09-21T12:00:00+02:00,-1.36
2017-09-21T18:00:00+02:00,-1.37
2017-09-22T00:00:00+02:00,-1.37
2017-09-22T06:00:00+02:00,-1.37
2017-09-22T12:00:00+02:00,-1.38
2017-09-22T18:00:00+02:00,-1.39
2017-09-23T00:00:00+02:00,-1.39
2017-09-23T06:00:00+02:00,-1.39
2017-09-23T12:00:00+02:00,-1.39
2017-09-23T18:00:00+02:00,-1.4
2017-09-24T00:00:00+02:00,-1.4
2017-09-24T06:00:00+02:00,-1.4
2017-09-24T12:00:00+02:00,-1.4
2017-09-24T18:00:00+02:00,-1.41
2017-09-25T00:00:00+02:00,-1.41
2017-09-25T06:00:00+02:00,-1.41
2017-09-25T12:00:00+02:00,-1.41
2017-09-25T18:00:00+02:00,-1.42
2017-09-26T00:00:00+02:00,-1.41
2017-09-26T06:00:00+02:00,-1.42
2017-09-26T12:00:00+02:00,-1.42
2017-09-26T18:00:00+02:00,-1.43
2017-09-27T00:00:00+02:00,-1.43
2017-09-27T06:00:00+02:00,-1.43
2017-09-27T12:00:00+02:00,-1.42
2017-09-27T18:00:00+02:00,-1.43
2017-09-28T00:00:00+02:00,-1.43
2017-09-28T06:00:00+02:00,-1.43
2017-09-28T12:00:00+02:00,-1.43
2017-09-28T18:00:00+02:00,-1.44
2017-09-29T00:00:00+02:00,-1.43
2017-09-29T06:00:00+02:00,-1.43
2017-09-29T12:00:00+02:00,-1.42
2017-09-29T18:00:00+02:00,-1.42
2017-09-30T00:00:00+02:00,-1.41
2017-09-30T06:00:00+02:00,-1.42
2017-09-30T12:00:00+02:00,-1.42
2017-09-30T18:00:00+02:00,-1.42
2017-10-01T00:00:00+02:00,-1.42
2017-10-01T06:00:00+02:00,-1.41
2017-10-01T12:00:00+02:00,-1.41
2017-10-01T18:00:00+02:00,-1.41
2017-10-02T00:00:00+02:00,-1.37
2017-10-02T06:00:00+02:00,-1.39
2017-10-02T12:00:00+02:00,-1.4
2017-10-02T18:00:00+02:00,-1.4
2017-10-03T00:00:00+02:00,-1.4
2017-10-03T06:00:00+02:00,-1.42
2017-10-03T12:00:00+02:00,-1.43
2017-10-03T18:00:00+02:00,-1.43
2017-10-04T00:00:00+02:00,-1.42
2017-10-04T06:00:00+02:00,-1.42
2017-10-04T12:00:00+02:00,-1.41
2017-10-04T18:00:00+02:00,-1.41
2017-10-05T00:00:00+02:00,-1.4
2017-10-05T06:00:00+02:00,-1.36
2017-10-05T12:00:00+02:00,-1.42
2017-10-05T18:00:00+02:00,-1.41
2017-10-06T00:00:00+02:00,-1.4
2017-10-06T06:00:00+02:00,-1.4
2017-10-06T12:00:00+02:00,-1.4
2017-10-06T18:00:00+02:00,-1.4
2017-10-07T00:00:00+02:00,-1.37
2017-10-07T06:00:00+02:00,-1.34
2017-10-07T12:00:00+02:00,-1.33
2017-10-07T18:00:00+02:00,-1.34
2017-10-08T00:00:00+02:00,-1.33
2017-10-08T06:00:00+02:00,-1.34
2017-10-08T12:00:00+02:00,-1.33
2017-10-08T18:00:00+02:00,-1.33
2017-10-09T00:00:00+02:00,-1.32
2017-10-09T06:00:00+02:00,-1.32
2017-10-09T12:00:00+02:00,-1.31
2017-10-09T18:00:00+02:00,-1.32
2017-10-10T00:00:00+02:00,-1.31
2017-10-10T06:00:00+02:00,-1.31
2017-10-10T12:00:00+02:00,-1.31
2017-10-10T18:00:00+02:00,-1.31
2017-10-11T00:00:00+02:00,-1.3
2017-10-11T06:00:00+02:00,-1.3
2017-10-11T12:00:00+02:00,-1.3
2017-10-11T18:00:00+02:00,-1.3
2017-10-12T00:00:00+02:00,-1.3
2017-10-12T06:00:00+02:00,-1.33
2017-10-12T12:00:00+02:00,-1.34
2017-10-12T18:00:00+02:00,-1.35
2017-10-13T00:00:00+02:00,-1.34
2017-10-13T06:00:00+02:00,-1.35
2017-10-13T12:00:00+02:00,-1.35
2017-10-13T18:00:00+02:00,-1.35
2017-10-14T00:00:00+02:00,-1.36
2017-10-14T06:00:00+02:00,-1.36
2017-10-14T12:00:00+02:00,-1.36
2017-10-14T18:00:00+02:00,-1.38
2017-10-15T00:00:00+02:00,-1.37
2017-10-15T06:00:00+02:00,-1.37
2017-10-15T12:00:00+02:00,-1.36
2017-10-15T18:00:00+02:00,-1.38
2017-10-16T00:00:00+02:00,-1.38
2017-10-16T06:00:00+02:00,-1.38
2017-10-16T12:00:00+02:00,-1.38
2017-10-16T18:00:00+02:00,-1.38
2017-10-17T00:00:00+02:00,-1.39
2017-10-17T06:00:00+02:00,-1.39
2017-10-17T12:00:00+02:00,-1.39
2017-10-17T18:00:00+02:00,-1.39
2017-10-18T00:00:00+02:00,-1.39
2017-10-18T06:00:00+02:00,-1.39
2017-10-18T12:00:00+02:00,-1.39
2017-10-18T18:00:00+02:00,-1.4
2017-10-19T00:00:00+02:00,-1.4
2017-10-19T06:00:00+02:00,-1.4
2017-10-19T12:00:00+02:00,-1.4
2017-10-19T18:00:00+02:00,-1.41
2017-10-20T00:00:00+02:00,-1.41
2017-10-20T06:00:00+02:00,-1.4
2017-10-20T12:00:00+02:00,-1.4
2017-10-20T18:00:00+02:00,-1.41
2017-10-21T00:00:00+02:00,-1.38
2017-10-21T06:00:00+02:00,-1.35
2017-10-21T12:00:00+02:00,-1.33
2017-10-21T18:00:00+02:00,-1.33
2017-10-22T00:00:00+02:00,-1.31
2017-10-22T06:00:00+02:00,-1.3
2017-10-22T12:00:00+02:00,-1.3
2017-10-22T18:00:00+02:00,-1.29
2017-10-23T00:00:00+02:00,-1.29
2017-10-23T06:00:00+02:00,-1.27
2017-10-23T12:00:00+02:00,-1.28
2017-10-23T18:00:00+02:00,-1.29
2017-10-24T00:00:00+02:00,-1.29
2017-10-24T06:00:00+02:00,-1.28
2017-10-24T12:00:00+02:00,-1.29
2017-10-24T18:00:00+02:00,-1.28
2017-10-25T00:00:00+02:00,-1.28
2017-10-25T06:00:00+02:00,-1.27
2017-10-25T12:00:00+02:00,-1.29
2017-10-25T18:00:00+02:00,-1.3
2017-10-26T00:00:00+02:00,-1.3
2017-10-26T06:00:00+02:00,-1.3
2017-10-26T12:00:00+02:00,-1.3
2017-10-26T18:00:00+02:00,-1.3
2017-10-27T00:00:00+02:00,-1.31
2017-10-27T06:00:00+02:00,-1.32
2017-10-27T12:00:00+02:00,-1.33
2017-10-27T18:00:00+02:00,-1.33
2017-10-28T00:00:00+02:00,-1.31
2017-10-28T06:00:00+02:00,-1.3
2017-10-28T12:00:00+02:00,-1.29
2017-10-28T18:00:00+02:00,-1.29
2017-10-29T00:00:00+02:00,-1.28
2017-10-30T06:00:00+01:00,-1.37
2017-10-30T12:00:00+01:00,-1.38
2017-10-30T18:00:00+01:00,-1.39
2017-10-31T00:00:00+01:00,-1.38
2017-10-31T06:00:00+01:00,-1.37
2017-10-31T12:00:00+01:00,-1.37
2017-10-31T18:00:00+01:00,-1.38
2017-11-01T00:00:00+01:00,-1.38
2017-11-01T06:00:00+01:00,-1.38
2017-11-01T12:00:00+01:00,-1.38
2017-11-01T18:00:00+01:00,-1.38
2017-11-02T00:00:00+01:00,-1.36
2017-11-02T06:00:00+01:00,-1.37
2017-11-02T12:00:00+01:00,-1.38
2017-11-02T18:00:00+01:00,-1.4
2017-11-03T00:00:00+01:00,-1.4
2017-11-03T06:00:00+01:00,-1.4
2017-11-03T12:00:00+01:00,-1.39
2017-11-03T18:00:00+01:00,-1.39
2017-11-04T00:00:00+01:00,-1.39
2017-11-04T06:00:00+01:00,-1.39
2017-11-04T12:00:00+01:00,-1.37
2017-11-04T18:00:00+01:00,-1.38
2017-11-05T00:00:00+01:00,-1.39
2017-11-05T06:00:00+01:00,-1.4
2017-11-05T12:00:00+01:00,-1.42
2017-11-05T18:00:00+01:00,-1.43
2017-11-06T00:00:00+01:00,-1.43
2017-11-06T06:00:00+01:00,-1.44
2017-11-06T12:00:00+01:00,-1.44
2017-11-06T18:00:00+01:00,-1.44
2017-11-07T00:00:00+01:00,-1.44
2017-11-07T06:00:00+01:00,-1.43
2017-11-07T12:00:00+01:00,-1.42
2017-11-07T18:00:00+01:00,-1.43
2017-11-08T00:00:00+01:00,-1.42
2017-11-08T06:00:00+01:00,-1.43
2017-11-08T12:00:00+01:00,-1.43
2017-11-08T18:00:00+01:00,-1.44
2017-11-09T00:00:00+01:00,-1.43
2017-11-09T06:00:00+01:00,-1.43
2017-11-09T12:00:00+01:00,-1.42
2017-11-09T18:00:00+01:00,-1.43
2017-11-10T00:00:00+01:00,-1.41
2017-11-10T06:00:00+01:00,-1.4
2017-11-10T12:00:00+01:00,-1.4
2017-11-10T18:00:00+01:00,-1.42
2017-11-11T00:00:00+01:00,-1.41
2017-11-11T06:00:00+01:00,-1.4
2017-11-11T12:00:00+01:00,-1.4
2017-11-11T18:00:00+01:00,-1.4
2017-11-12T00:00:00+01:00,-1.39
2017-11-12T06:00:00+01:00,-1.37
2017-11-12T12:00:00+01:00,-1.37
2017-11-12T18:00:00+01:00,-1.39
2017-11-13T00:00:00+01:00,-1.38
2017-11-13T06:00:00+01:00,-1.37
2017-11-13T12:00:00+01:00,-1.36
2017-11-13T18:00:00+01:00,-1.36
2017-11-14T00:00:00+01:00,-1.34
2017-11-14T06:00:00+01:00,-1.33
2017-11-14T12:00:00+01:00,-1.33
2017-11-14T18:00:00+01:00,-1.34
2017-11-15T00:00:00+01:00,-1.34
2017-11-15T06:00:00+01:00,-1.34
2017-11-15T12:00:00+01:00,-1.34
2017-11-15T18:00:00+01:00,-1.35
2017-11-16T00:00:00+01:00,-1.34
2017-11-16T06:00:00+01:00,-1.33
2017-11-16T12:00:00+01:00,-1.33
2017-11-16T18:00:00+01:00,-1.33
2017-11-17T00:00:00+01:00,-1.34
2017-11-17T06:00:00+01:00,-1.34
2017-11-17T12:00:00+01:00,-1.33
2017-11-17T18:00:00+01:00,-1.32
2017-11-18T00:00:00+01:00,-1.31
2017-11-18T06:00:00+01:00,-1.29
2017-11-18T12:00:00+01:00,-1.3
2017-11-18T18:00:00+01:00,-1.31
2017-11-19T00:00:00+01:00,-1.31
2017-11-19T06:00:00+01:00,-1.31
2017-11-19T12:00:00+01:00,-1.32
2017-11-19T18:00:00+01:00,-1.33
2017-11-20T00:00:00+01:00,-1.33
2017-11-20T06:00:00+01:00,-1.33
2017-11-20T12:00:00+01:00,-1.3
2017-11-20T18:00:00+01:00,-1.3
2017-11-21T00:00:00+01:00,-1.3
2017-11-21T06:00:00+01:00,-1.28
2017-11-21T12:00:00+01:00,-1.27
2017-11-21T18:00:00+01:00,-1.25
2017-11-22T00:00:00+01:00,-1.23
2017-11-22T06:00:00+01:00,-1.22
2017-11-22T12:00:00+01:00,-1.22
2017-11-22T18:00:00+01:00,-1.21
2017-11-23T00:00:00+01:00,-1.2
2017-11-23T06:00:00+01:00,-1.21
2017-11-23T12:00:00+01:00,-1.24
2017-11-23T18:00:00+01:00,-1.25
2017-11-24T00:00:00+01:00,-1.25
2017-11-24T06:00:00+01:00,-1.24
2017-11-24T12:00:00+01:00,-1.25
2017-11-24T18:00:00+01:00,-1.26
2017-11-25T00:00:00+01:00,-1.25
2017-11-25T06:00:00+01:00,-1.24
2017-11-25T12:00:00+01:00,-1.25
2017-11-25T18:00:00+01:00,-1.26
2017-11-26T00:00:00+01:00,-1.26
2017-11-26T06:00:00+01:00,-1.27
2017-11-26T12:00:00+01:00,-1.26
2017-11-26T18:00:00+01:00,-1.27
2017-11-27T00:00:00+01:00,-1.25
2017-11-27T06:00:00+01:00,-1.21
2017-11-27T12:00:00+01:00,-1.21
2017-11-27T18:00:00+01:00,-1.2
2017-11-28T00:00:00+01:00,-1.19
2017-11-28T06:00:00+01:00,-1.19
2017-11-28T12:00:00+01:00,-1.2
2017-11-28T18:00:00+01:00,-1.2
2017-11-29T00:00:00+01:00,-1.21
2017-11-29T06:00:00+01:00,-1.21
2017-11-29T12:00:00+01:00,-1.21
2017-11-29T18:00:00+01:00,-1.22
2017-11-30T00:00:00+01:00,-1.2
2017-11-30T06:00:00+01:00,-1.2
2017-11-30T12:00:00+01:00,-1.21
2017-11-30T18:00:00+01:00,-1.23
2017-12-01T00:00:00+01:00,-1.25
2017-12-01T06:00:00+01:00,-1.26
2017-12-01T12:00:00+01:00,-1.25
2017-12-01T18:00:00+01:00,-1.27
2017-12-02T00:00:00+01:00,-1.27
2017-12-02T06:00:00+01:00,-1.27
2017-12-02T12:00:00+01:00,-1.26
2017-12-02T18:00:00+01:00,-1.26
2017-12-03T00:00:00+01:00,-1.26
2017-12-03T06:00:00+01:00,-1.26
2017-12-03T12:00:00+01:00,-1.26
2017-12-03T18:00:00+01:00,-1.27
2017-12-04T00:00:00+01:00,-1.28
2017-12-04T06:00:00+01:00,-1.28
2017-12-04T12:00:00+01:00,-1.28
2017-12-04T18:00:00+01:00,-1.29
2017-12-05T00:00:00+01:00,-1.29
2017-12-05T06:00:00+01:00,-1.29
2017-12-05T12:00:00+01:00,-1.29
2017-12-05T18:00:00+01:00,-1.29
2017-12-06T00:00:00+01:00,-1.29
2017-12-06T06:00:00+01:00,-1.29
2017-12-06T12:00:00+01:00,-1.29
2017-12-06T18:00:00+01:00,-1.28
2017-12-07T00:00:00+01:00,-1.27
2017-12-07T06:00:00+01:00,-1.26
2017-12-07T12:00:00+01:00,-1.25
2017-12-07T18:00:00+01:00,-1.27
2017-12-08T00:00:00+01:00,-1.27
2017-12-08T06:00:00+01:00,-1.26
2017-12-08T12:00:00+01:00,-1.27
2017-12-08T18:00:00+01:00,-1.27
2017-12-09T00:00:00+01:00,-1.24
2017-12-09T06:00:00+01:00,-1.25
2017-12-09T12:00:00+01:00,-1.23
2017-12-09T18:00:00+01:00,-1.21
2017-12-10T00:00:00+01:00,-1.2
2017-12-10T06:00:00+01:00,-1.18
2017-12-10T12:00:00+01:00,-1.15
2017-12-10T18:00:00+01:00,-1.17
2017-12-11T00:00:00+01:00,-1.21
2017-12-11T06:00:00+01:00,-1.19
2017-12-11T12:00:00+01:00,-1.2
2017-12-11T18:00:00+01:00,-1.21
2017-12-12T00:00:00+01:00,-1.24
2017-12-12T06:00:00+01:00,-1.25
2017-12-12T12:00:00+01:00,-1.26
2017-12-12T18:00:00+01:00,-1.25
2017-12-13T00:00:00+01:00,-1.22
2017-12-13T06:00:00+01:00,-1.2
2017-12-13T12:00:00+01:00,-1.18
2017-12-13T18:00:00+01:00,-1.16
2017-12-14T00:00:00+01:00,-1.17
2017-12-14T06:00:00+01:00,-1.17
2017-12-14T12:00:00+01:00,-1.16
2017-12-14T18:00:00+01:00,-1.16
2017-12-15T00:00:00+01:00,-1.17
2017-12-15T06:00:00+01:00,-1.19
2017-12-15T12:00:00+01:00,-1.2
2017-12-15T18:00:00+01:00,-1.21
2017-12-16T00:00:00+01:00,-1.21
2017-12-16T06:00:00+01:00,-1.21
2017-12-16T12:00:00+01:00,-1.22
2017-12-16T18:00:00+01:00,-1.23
2017-12-17T00:00:00+01:00,-1.24
2017-12-17T06:00:00+01:00,-1.24
2017-12-17T12:00:00+01:00,-1.23
2017-12-17T18:00:00+01:00,-1.22
2017-12-18T00:00:00+01:00,-1.21
2017-12-18T06:00:00+01:00,-1.24
2017-12-18T12:00:00+01:00,-1.25
2017-12-18T18:00:00+01:00,-1.25
2017-12-19T00:00:00+01:00,-1.24
2017-12-19T06:00:00+01:00,-1.24
2017-12-19T12:00:00+01:00,-1.24
2017-12-19T18:00:00+01:00,-1.25
2017-12-20T00:00:00+01:00,-1.24
2017-12-20T06:00:00+01:00,-1.25
2017-12-20T12:00:00+01:00,-1.25
2017-12-20T18:00:00+01:00,-1.25
2017-12-21T00:00:00+01:00,-1.25
2017-12-21T06:00:00+01:00,-1.26
2017-12-21T12:00:00+01:00,-1.26
2017-12-21T18:00:00+01:00,-1.27
2017-12-22T00:00:00+01:00,-1.26
2017-12-22T06:00:00+01:00,-1.27
2017-12-22T12:00:00+01:00,-1.27
2017-12-22T18:00:00+01:00,-1.27
2017-12-23T00:00:00+01:00,-1.26
2017-12-23T06:00:00+01:00,-1.26
2017-12-23T12:00:00+01:00,-1.26
2017-12-23T18:00:00+01:00,-1.26
2017-12-24T00:00:00+01:00,-1.26
2017-12-24T06:00:00+01:00,-1.26
2017-12-24T12:00:00+01:00,-1.25
2017-12-24T18:00:00+01:00,-1.26
2017-12-25T00:00:00+01:00,-1.26
2017-12-25T06:00:00+01:00,-1.26
2017-12-25T12:00:00+01:00,-1.26
2017-12-25T18:00:00+01:00,-1.25
2017-12-26T00:00:00+01:00,-1.24
2017-12-26T06:00:00+01:00,-1.22
2017-12-26T12:00:00+01:00,-1.26
2017-12-26T18:00:00+01:00,-1.26
2017-12-27T00:00:00+01:00,-1.25
2017-12-27T06:00:00+01:00,-1.24
2017-12-27T12:00:00+01:00,-1.25
2017-12-27T18:00:00+01:00,-1.24
2017-12-28T00:00:00+01:00,-1.25
2017-12-28T06:00:00+01:00,-1.25
2017-12-28T12:00:00+01:00,-1.23
2017-12-28T18:00:00+01:00,-1.24
2017-12-29T00:00:00+01:00,-1.24
2017-12-29T06:00:00+01:00,-1.23
2017-12-29T12:00:00+01:00,-1.21
2017-12-29T18:00:00+01:00,-1.2
2017-12-30T00:00:00+01:00,-1.23
2017-12-30T06:00:00+01:00,-1.2
2017-12-30T12:00:00+01:00,-1.19
2017-12-30T18:00:00+01:00,-1.21
2017-12-31T00:00:00+01:00,-1.21
2017-12-31T06:00:00+01:00,-1.18
2017-12-31T12:00:00+01:00,-1.18
2017-12-31T18:00:00+01:00,-1.18
2018-01-01T00:00:00+01:00,-1.18
2018-01-01T06:00:00+01:00,-1.2
2018-01-01T12:00:00+01:00,-1.18
2018-01-01T18:00:00+01:00,-1.19
2018-01-02T00:00:00+01:00,-1.2
2018-01-02T06:00:00+01:00,-1.21
2018-01-02T12:00:00+01:00,-1.2
2018-01-02T18:00:00+01:00,-1.18
2018-01-03T00:00:00+01:00,-1.14
2018-01-03T06:00:00+01:00,-1.14
2018-01-03T12:00:00+01:00,-1.15
2018-01-03T18:00:00+01:00,-1.16
2018-01-04T00:00:00+01:00,-1.16
2018-01-04T06:00:00+01:00,-1.16
2018-01-04T12:00:00+01:00,-1.15
2018-01-04T18:00:00+01:00,-1.14
2018-01-05T00:00:00+01:00,-1.16
2018-01-05T06:00:00+01:00,-1.18
2018-01-05T12:00:00+01:00,-1.19
2018-01-05T18:00:00+01:00,-1.19
2018-01-06T00:00:00+01:00,-1.2
2018-01-06T06:00:00+01:00,-1.21
2018-01-06T12:00:00+01:00,-1.23
2018-01-06T18:00:00+01:00,-1.25
2018-01-07T00:00:00+01:00,-1.26
2018-01-07T06:00:00+01:00,-1.27
2018-01-07T12:00:00+01:00,-1.26
2018-01-07T18:00:00+01:00,-1.27
2018-01-08T00:00:00+01:00,-1.26
2018-01-08T06:00:00+01:00,-1.26
2018-01-08T12:00:00+01:00,-1.25
2018-01-08T18:00:00+01:00,-1.26
2018-01-09T00:00:00+01:00,-1.25
2018-01-09T06:00:00+01:00,-1.24
2018-01-09T12:00:00+01:00,-1.23
2018-01-09T18:00:00+01:00,-1.25
2018-01-10T00:00:00+01:00,-1.26
2018-01-10T06:00:00+01:00,-1.26
2018-01-10T12:00:00+01:00,-1.27
2018-01-10T18:00:00+01:00,-1.28
2018-01-11T00:00:00+01:00,-1.29
2018-01-11T06:00:00+01:00,-1.3
2018-01-11T12:00:00+01:00,-1.31
2018-01-11T18:00:00+01:00,-1.32
2018-01-12T00:00:00+01:00,-1.32
2018-01-12T06:00:00+01:00,-1.32
2018-01-12T12:00:00+01:00,-1.31
2018-01-12T18:00:00+01:00,-1.32
2018-01-13T00:00:00+01:00,-1.32
2018-01-13T06:00:00+01:00,-1.32
2018-01-13T12:00:00+01:00,-1.32
2018-01-13T18:00:00+01:00,-1.32
2018-01-14T00:00:00+01:00,-1.32
2018-01-14T06:00:00+01:00,-1.32
2018-01-14T12:00:00+01:00,-1.32
2018-01-14T18:00:00+01:00,-1.31
2018-01-15T00:00:00+01:00,-1.3
2018-01-15T06:00:00+01:00,-1.28
2018-01-15T12:00:00+01:00,-1.25
2018-01-15T18:00:00+01:00,-1.24
2018-01-16T00:00:00+01:00,-1.27
2018-01-16T06:00:00+01:00,-1.24
2018-01-16T12:00:00+01:00,-1.24
2018-01-16T18:00:00+01:00,-1.22
2018-01-17T00:00:00+01:00,-1.21
2018-01-17T06:00:00+01:00,-1.22
2018-01-17T12:00:00+01:00,-1.22
2018-01-17T18:00:00+01:00,-1.22
2018-01-18T00:00:00+01:00,-1.2
2018-01-18T06:00:00+01:00,-1.11
2018-01-18T12:00:00+01:00,-1.27
2018-01-18T18:00:00+01:00,-1.19
2018-01-19T00:00:00+01:00,-1.19
2018-01-19T06:00:00+01:00,-1.2
2018-01-19T12:00:00+01:00,-1.2
2018-01-19T18:00:00+01:00,-1.2
2018-01-20T00:00:00+01:00,-1.19
2018-01-20T06:00:00+01:00,-1.18
2018-01-20T12:00:00+01:00,-1.18
2018-01-20T18:00:00+01:00,-1.19
2018-01-21T00:00:00+01:00,-1.2
2018-01-21T06:00:00+01:00,-1.22
2018-01-21T12:00:00+01:00,-1.22
2018-01-21T18:00:00+01:00,-1.21
2018-01-22T00:00:00+01:00,-1.19
2018-01-22T06:00:00+01:00,-1.2
2018-01-22T12:00:00+01:00,-1.22
2018-01-22T18:00:00+01:00,-1.24
2018-01-23T00:00:00+01:00,-1.25
2018-01-23T06:00:00+01:00,-1.24
2018-01-23T12:00:00+01:00,-1.23
2018-01-23T18:00:00+01:00,-1.23
2018-01-24T00:00:00+01:00,-1.24
2018-01-24T06:00:00+01:00,-1.22
2018-01-24T12:00:00+01:00,-1.2
2018-01-24T18:00:00+01:00,-1.22
2018-01-25T00:00:00+01:00,-1.22
2018-01-25T06:00:00+01:00,-1.21
2018-01-25T12:00:00+01:00,-1.2
2018-01-25T18:00:00+01:00,-1.21
2018-01-26T00:00:00+01:00,-1.22
2018-01-26T06:00:00+01:00,-1.22
2018-01-26T12:00:00+01:00,-1.23
2018-01-26T18:00:00+01:00,-1.25
2018-01-27T00:00:00+01:00,-1.25
2018-01-27T06:00:00+01:00,-1.25
2018-01-27T12:00:00+01:00,-1.23
2018-01-27T18:00:00+01:00,-1.21
2018-01-28T00:00:00+01:00,-1.23
2018-01-28T06:00:00+01:00,-1.25
2018-01-28T12:00:00+01:00,-1.25
2018-01-28T18:00:00+01:00,-1.25
2018-01-29T00:00:00+01:00,-1.24
2018-01-29T06:00:00+01:00,-1.24
2018-01-29T12:00:00+01:00,-1.24
2018-01-29T18:00:00+01:00,-1.26
2018-01-30T00:00:00+01:00,-1.28
2018-01-30T06:00:00+01:00,-1.26
2018-01-30T12:00:00+01:00,-1.25
2018-01-30T18:00:00+01:00,-1.23
2018-01-31T00:00:00+01:00,-1.21
2018-01-31T06:00:00+01:00,-1.19
2018-01-31T12:00:00+01:00,-1.18
2018-01-31T18:00:00+01:00,-1.2
2018-02-01T00:00:00+01:00,-1.2
2018-02-01T06:00:00+01:00,-1.2
2018-02-01T12:00:00+01:00,-1.2
2018-02-01T18:00:00+01:00,-1.2
2018-02-02T00:00:00+01:00,-1.2
2018-02-02T06:00:00+01:00,-1.22
2018-02-02T12:00:00+01:00,-1.22
2018-02-02T18:00:00+01:00,-1.24
2018-02-03T00:00:00+01:00,-1.22
2018-02-03T06:00:00+01:00,-1.22
2018-02-03T12:00:00+01:00,-1.23
2018-02-03T18:00:00+01:00,-1.25
2018-02-04T00:00:00+01:00,-1.25
2018-02-04T06:00:00+01:00,-1.26
2018-02-04T12:00:00+01:00,-1.27
2018-02-04T18:00:00+01:00,-1.28
2018-02-05T00:00:00+01:00,-1.27
2018-02-05T06:00:00+01:00,-1.28
2018-02-05T12:00:00+01:00,-1.28
2018-02-05T18:00:00+01:00,-1.27
2018-02-06T00:00:00+01:00,-1.26
2018-02-06T06:00:00+01:00,-1.26
2018-02-06T12:00:00+01:00,-1.26
2018-02-06T18:00:00+01:00,-1.28
2018-02-07T00:00:00+01:00,-1.28
2018-02-07T06:00:00+01:00,-1.28
2018-02-07T12:00:00+01:00,-1.29
2018-02-07T18:00:00+01:00,-1.3
2018-02-08T00:00:00+01:00,-1.3
2018-02-08T06:00:00+01:00,-1.3
2018-02-08T12:00:00+01:00,-1.3
2018-02-08T18:00:00+01:00,-1.3
2018-02-09T00:00:00+01:00,-1.3
2018-02-09T06:00:00+01:00,-1.29
2018-02-09T12:00:00+01:00,-1.3
2018-02-09T18:00:00+01:00,-1.32
2018-02-10T00:00:00+01:00,-1.32
2018-02-10T06:00:00+01:00,-1.32
2018-02-10T12:00:00+01:00,-1.32
2018-02-10T18:00:00+01:00,-1.3
2018-02-11T00:00:00+01:00,-1.28
2018-02-11T06:00:00+01:00,-1.28
2018-02-11T12:00:00+01:00,-1.3
2018-02-11T18:00:00+01:00,-1.31
2018-02-12T00:00:00+01:00,-1.32
2018-02-12T06:00:00+01:00,-1.33
2018-02-12T12:00:00+01:00,-1.34
2018-02-12T18:00:00+01:00,-1.34
2018-02-13T00:00:00+01:00,-1.33
2018-02-13T06:00:00+01:00,-1.33
2018-02-13T12:00:00+01:00,-1.33
2018-02-13T18:00:00+01:00,-1.34
2018-02-14T00:00:00+01:00,-1.35
2018-02-14T06:00:00+01:00,-1.35
2018-02-14T12:00:00+01:00,-1.34
2018-02-14T18:00:00+01:00,-1.34
2018-02-15T00:00:00+01:00,-1.34
2018-02-15T06:00:00+01:00,-1.34
2018-02-15T12:00:00+01:00,-1.34
2018-02-15T18:00:00+01:00,-1.37
2018-02-16T00:00:00+01:00,-1.36
2018-02-16T06:00:00+01:00,-1.37
2018-02-16T12:00:00+01:00,-1.38
2018-02-16T18:00:00+01:00,-1.37
2018-02-17T00:00:00+01:00,-1.37
2018-02-17T06:00:00+01:00,-1.36
2018-02-17T12:00:00+01:00,-1.37
2018-02-17T18:00:00+01:00,-1.38
2018-02-18T00:00:00+01:00,-1.37
2018-02-18T06:00:00+01:00,-1.37
2018-02-18T12:00:00+01:00,-1.37
2018-02-18T18:00:00+01:00,-1.37
2018-02-19T00:00:00+01:00,-1.37
2018-02-19T06:00:00+01:00,-1.36
2018-02-19T12:00:00+01:00,-1.37
2018-02-19T18:00:00+01:00,-1.38
2018-02-20T00:00:00+01:00,-1.38
2018-02-20T06:00:00+01:00,-1.38
2018-02-20T12:00:00+01:00,-1.39
2018-02-20T18:00:00+01:00,-1.41
2018-02-21T00:00:00+01:00,-1.4
2018-02-21T06:00:00+01:00,-1.4
2018-02-21T12:00:00+01:00,-1.4
2018-02-21T18:00:00+01:00,-1.41
2018-02-22T00:00:00+01:00,-1.41
2018-02-22T06:00:00+01:00,-1.41
2018-02-22T12:00:00+01:00,-1.41
2018-02-22T18:00:00+01:00,-1.41
2018-02-23T00:00:00+01:00,-1.41
2018-02-23T06:00:00+01:00,-1.42
2018-02-23T12:00:00+01:00,-1.41
2018-02-23T18:00:00+01:00,-1.42
2018-02-24T00:00:00+01:00,-1.43
2018-02-24T06:00:00+01:00,-1.43
2018-02-24T12:00:00+01:00,-1.43
2018-02-24T18:00:00+01:00,-1.44
2018-02-25T00:00:00+01:00,-1.44
2018-02-25T06:00:00+01:00,-1.45
2018-02-25T12:00:00+01:00,-1.44
2018-02-25T18:00:00+01:00,-1.45
2018-02-26T00:00:00+01:00,-1.45
2018-02-26T06:00:00+01:00,-1.45
2018-02-26T12:00:00+01:00,-1.44
2018-02-26T18:00:00+01:00,-1.44
2018-02-27T00:00:00+01:00,-1.44
2018-02-27T06:00:00+01:00,-1.44
2018-02-27T12:00:00+01:00,-1.43
2018-02-27T18:00:00+01:00,-1.44
2018-02-28T00:00:00+01:00,-1.45
2018-02-28T06:00:00+01:00,-1.46
2018-02-28T12:00:00+01:00,-1.45
2018-02-28T18:00:00+01:00,-1.45
2018-03-01T00:00:00+01:00,-1.44
2018-03-01T06:00:00+01:00,-1.44
2018-03-01T12:00:00+01:00,-1.43
2018-03-01T18:00:00+01:00,-1.44
2018-03-02T00:00:00+01:00,-1.43
2018-03-02T06:00:00+01:00,-1.43
2018-03-02T12:00:00+01:00,-1.42
2018-03-02T18:00:00+01:00,-1.43
2018-03-03T00:00:00+01:00,-1.43
2018-03-03T06:00:00+01:00,-1.42
2018-03-03T12:00:00+01:00,-1.43
2018-03-03T18:00:00+01:00,-1.44
2018-03-04T00:00:00+01:00,-1.43
2018-03-04T06:00:00+01:00,-1.43
2018-03-04T12:00:00+01:00,-1.42
2018-03-04T18:00:00+01:00,-1.42
2018-03-05T00:00:00+01:00,-1.41
2018-03-05T06:00:00+01:00,-1.42
2018-03-05T12:00:00+01:00,-1.43
2018-03-05T18:00:00+01:00,-1.43
2018-03-06T00:00:00+01:00,-1.42
2018-03-06T06:00:00+01:00,-1.42
2018-03-06T12:00:00+01:00,-1.42
2018-03-06T18:00:00+01:00,-1.44
2018-03-07T00:00:00+01:00,-1.44
2018-03-07T06:00:00+01:00,-1.44
2018-03-07T12:00:00+01:00,-1.44
2018-03-07T18:00:00+01:00,-1.45
2018-03-08T00:00:00+01:00,-1.45
2018-03-08T06:00:00+01:00,-1.45
2018-03-08T12:00:00+01:00,-1.43
2018-03-08T18:00:00+01:00,-1.43
2018-03-09T00:00:00+01:00,-1.44
2018-03-09T06:00:00+01:00,-1.44
2018-03-09T12:00:00+01:00,-1.44
2018-03-09T18:00:00+01:00,-1.43
2018-03-10T00:00:00+01:00,-1.41
2018-03-10T06:00:00+01:00,-1.41
2018-03-10T12:00:00+01:00,-1.4
2018-03-10T18:00:00+01:00,-1.4
2018-03-11T00:00:00+01:00,-1.39
2018-03-11T06:00:00+01:00,-1.37
2018-03-11T12:00:00+01:00,-1.36
2018-03-11T18:00:00+01:00,-1.37
2018-03-12T00:00:00+01:00,-1.36
2018-03-12T06:00:00+01:00,-1.36
2018-03-12T12:00:00+01:00,-1.36
2018-03-12T18:00:00+01:00,-1.37
2018-03-13T00:00:00+01:00,-1.37
2018-03-13T06:00:00+01:00,-1.39
2018-03-13T12:00:00+01:00,-1.4
2018-03-13T18:00:00+01:00,-1.4
2018-03-14T00:00:00+01:00,-1.39
2018-03-14T06:00:00+01:00,-1.39
2018-03-14T12:00:00+01:00,-1.38
2018-03-14T18:00:00+01:00,-1.38
2018-03-15T00:00:00+01:00,-1.37
2018-03-15T06:00:00+01:00,-1.36
2018-03-15T12:00:00+01:00,-1.37
2018-03-15T18:00:00+01:00,-1.38
2018-03-16T00:00:00+01:00,-1.38
2018-03-16T06:00:00+01:00,-1.4
2018-03-16T12:00:00+01:00,-1.4
2018-03-16T18:00:00+01:00,-1.41
2018-03-17T00:00:00+01:00,-1.41
2018-03-17T06:00:00+01:00,-1.41
2018-03-17T12:00:00+01:00,-1.39
2018-03-17T18:00:00+01:00,-1.41
2018-03-18T00:00:00+01:00,-1.41
2018-03-18T06:00:00+01:00,-1.42
2018-03-18T12:00:00+01:00,-1.41
2018-03-18T18:00:00+01:00,-1.42
2018-03-19T00:00:00+01:00,-1.42
2018-03-19T06:00:00+01:00,-1.43
2018-03-19T12:00:00+01:00,-1.42
2018-03-19T18:00:00+01:00,-1.43
2018-03-20T00:00:00+01:00,-1.41
2018-03-20T06:00:00+01:00,-1.44
2018-03-20T12:00:00+01:00,-1.46
2018-03-20T18:00:00+01:00,-1.46
2018-03-21T00:00:00+01:00,-1.46
2018-03-21T06:00:00+01:00,-1.45
2018-03-21T12:00:00+01:00,-1.45
2018-03-21T18:00:00+01:00,-1.44
2018-03-22T00:00:00+01:00,-1.42
2018-03-22T06:00:00+01:00,-1.42
2018-03-22T12:00:00+01:00,-1.43
2018-03-22T18:00:00+01:00,-1.43
2018-03-23T00:00:00+01:00,-1.42
2018-03-23T06:00:00+01:00,-1.41
2018-03-23T12:00:00+01:00,-1.41
2018-03-23T18:00:00+01:00,-1.42
2018-03-24T00:00:00+01:00,-1.42
2018-03-24T06:00:00+01:00,-1.43
2018-03-24T12:00:00+01:00,-1.43
2018-03-24T18:00:00+01:00,-1.44
2018-03-25T00:00:00+01:00,-1.43
2018-03-25T06:00:00+02:00,-1.44
2018-03-25T12:00:00+02:00,-1.45
2018-03-25T18:00:00+02:00,-1.46
2018-03-26T00:00:00+02:00,-1.45
2018-03-26T06:00:00+02:00,-1.46
2018-03-26T12:00:00+02:00,-1.46
2018-03-26T18:00:00+02:00,-1.46
2018-03-27T00:00:00+02:00,-1.45
2018-03-27T06:00:00+02:00,-1.45
2018-03-27T12:00:00+02:00,-1.44
2018-03-27T18:00:00+02:00,-1.44
2018-03-28T00:00:00+02:00,-1.43
2018-03-28T06:00:00+02:00,-1.43
2018-03-28T12:00:00+02:00,-1.43
2018-03-28T18:00:00+02:00,-1.43
2018-03-29T00:00:00+02:00,-1.42
2018-03-29T06:00:00+02:00,-1.42
2018-03-29T12:00:00+02:00,-1.41
2018-03-29T18:00:00+02:00,-1.41
2018-03-30T00:00:00+02:00,-1.4
2018-03-30T06:00:00+02:00,-1.39
2018-03-30T12:00:00+02:00,-1.38
2018-03-30T18:00:00+02:00,-1.37
2018-03-31T00:00:00+02:00,-1.37
2018-03-31T06:00:00+02:00,-1.38
2018-03-31T12:00:00+02:00,-1.37
2018-03-31T18:00:00+02:00,-1.38
2018-04-01T00:00:00+02:00,-1.39
2018-04-01T06:00:00+02:00,-1.4
2018-04-01T12:00:00+02:00,-1.4
2018-04-01T18:00:00+02:00,-1.4
2018-04-02T00:00:00+02:00,-1.39
2018-04-02T06:00:00+02:00,-1.38
2018-04-02T12:00:00+02:00,-1.37
2018-04-02T18:00:00+02:00,-1.36
2018-04-03T00:00:00+02:00,-1.36
2018-04-03T06:00:00+02:00,-1.36
2018-04-03T12:00:00+02:00,-1.36
2018-04-03T18:00:00+02:00,-1.35
2018-04-04T00:00:00+02:00,-1.35
2018-04-04T06:00:00+02:00,-1.33
2018-04-04T12:00:00+02:00,-1.3
2018-04-04T18:00:00+02:00,-1.3
2018-04-05T00:00:00+02:00,-1.27
2018-04-05T06:00:00+02:00,-1.28
2018-04-05T12:00:00+02:00,-1.32
2018-04-05T18:00:00+02:00,-1.3
2018-04-06T00:00:00+02:00,-1.3
2018-04-06T06:00:00+02:00,-1.29
2018-04-06T12:00:00+02:00,-1.28
2018-04-06T18:00:00+02:00,-1.27
2018-04-07T00:00:00+02:00,-1.28
2018-04-07T06:00:00+02:00,-1.27
2018-04-07T12:00:00+02:00,-1.28
2018-04-07T18:00:00+02:00,-1.29
2018-04-08T00:00:00+02:00,-1.29
2018-04-08T06:00:00+02:00,-1.3
2018-04-08T12:00:00+02:00,-1.3
2018-04-08T18:00:00+02:00,-1.31
2018-04-09T00:00:00+02:00,-1.31
2018-04-09T06:00:00+02:00,-1.32
2018-04-09T12:00:00+02:00,-1.32
2018-04-09T18:00:00+02:00,-1.32
2018-04-10T00:00:00+02:00,-1.31
2018-04-10T06:00:00+02:00,-1.34
2018-04-10T12:00:00+02:00,-1.34
2018-04-10T18:00:00+02:00,-1.35
2018-04-11T00:00:00+02:00,-1.36
2018-04-11T06:00:00+02:00,-1.37
2018-04-11T12:00:00+02:00,-1.36
2018-04-11T18:00:00+02:00,-1.37
2018-04-12T00:00:00+02:00,-1.36
2018-04-12T06:00:00+02:00,-1.37
2018-04-12T12:00:00+02:00,-1.36
2018-04-12T18:00:00+02:00,-1.37
2018-04-13T00:00:00+02:00,-1.38
2018-04-13T06:00:00+02:00,-1.38
2018-04-13T12:00:00+02:00,-1.39
2018-04-13T18:00:00+02:00,-1.41
2018-04-14T00:00:00+02:00,-1.41
2018-04-14T06:00:00+02:00,-1.41
2018-04-14T12:00:00+02:00,-1.41
2018-04-14T18:00:00+02:00,-1.42
2018-04-15T00:00:00+02:00,-1.42
2018-04-15T06:00:00+02:00,-1.41
2018-04-15T12:00:00+02:00,-1.4
2018-04-15T18:00:00+02:00,-1.4
2018-04-16T00:00:00+02:00,-1.41
2018-04-16T06:00:00+02:00,-1.42
2018-04-16T12:00:00+02:00,-1.42
2018-04-16T18:00:00+02:00,-1.43
2018-04-17T00:00:00+02:00,-1.44
2018-04-17T06:00:00+02:00,-1.44
2018-04-17T12:00:00+02:00,-1.44
2018-04-17T18:00:00+02:00,-1.45
2018-04-18T00:00:00+02:00,-1.46
2018-04-18T06:00:00+02:00,-1.46
2018-04-18T12:00:00+02:00,-1.46
2018-04-18T18:00:00+02:00,-1.46
2018-04-19T00:00:00+02:00,-1.46
2018-04-19T06:00:00+02:00,-1.46
2018-04-19T12:00:00+02:00,-1.45
2018-04-19T18:00:00+02:00,-1.45
2018-04-20T00:00:00+02:00,-1.45
2018-04-20T06:00:00+02:00,-1.46
2018-04-20T12:00:00+02:00,-1.46
2018-04-20T18:00:00+02:00,-1.46
2018-04-21T00:00:00+02:00,-1.47
2018-04-21T06:00:00+02:00,-1.47
2018-04-21T12:00:00+02:00,-1.46
2018-04-21T18:00:00+02:00,-1.46
2018-04-22T00:00:00+02:00,-1.45
2018-04-22T06:00:00+02:00,-1.45
2018-04-22T12:00:00+02:00,-1.44
2018-04-22T18:00:00+02:00,-1.45
2018-04-23T00:00:00+02:00,-1.45
2018-04-23T06:00:00+02:00,-1.47
2018-04-23T12:00:00+02:00,-1.47
2018-04-23T18:00:00+02:00,-1.46
2018-04-24T00:00:00+02:00,-1.46
2018-04-24T06:00:00+02:00,-1.47
2018-04-24T12:00:00+02:00,-1.47
2018-04-24T18:00:00+02:00,-1.45
2018-04-25T00:00:00+02:00,-1.43
2018-04-25T06:00:00+02:00,-1.46
2018-04-25T12:00:00+02:00,-1.46
2018-04-25T18:00:00+02:00,-1.45
2018-04-26T00:00:00+02:00,-1.46
2018-04-26T06:00:00+02:00,-1.47
2018-04-26T12:00:00+02:00,-1.47
2018-04-26T18:00:00+02:00,-1.47
2018-04-27T00:00:00+02:00,-1.47
2018-04-27T06:00:00+02:00,-1.47
2018-04-27T12:00:00+02:00,-1.46
2018-04-27T18:00:00+02:00,-1.47
2018-04-28T00:00:00+02:00,-1.47
2018-04-28T06:00:00+02:00,-1.48
2018-04-28T12:00:00+02:00,-1.48
2018-04-28T18:00:00+02:00,-1.47
2018-04-29T00:00:00+02:00,-1.48
2018-04-29T06:00:00+02:00,-1.48
2018-04-29T12:00:00+02:00,-1.48
2018-04-29T18:00:00+02:00,-1.47
2018-04-30T00:00:00+02:00,-1.45
2018-04-30T06:00:00+02:00,-1.43
2018-04-30T12:00:00+02:00,-1.43
2018-04-30T18:00:00+02:00,-1.43
2018-05-01T00:00:00+02:00,-1.41
2018-05-01T06:00:00+02:00,-1.43
2018-05-01T12:00:00+02:00,-1.44
2018-05-01T18:00:00+02:00,-1.44
2018-05-02T00:00:00+02:00,-1.43
2018-05-02T06:00:00+02:00,-1.43
2018-05-02T12:00:00+02:00,-1.42
2018-05-02T18:00:00+02:00,-1.42
2018-05-03T00:00:00+02:00,-1.44
2018-05-03T06:00:00+02:00,-1.45
2018-05-03T12:00:00+02:00,-1.45
2018-05-03T18:00:00+02:00,-1.46
2018-05-04T00:00:00+02:00,-1.46
2018-05-04T06:00:00+02:00,-1.46
2018-05-04T12:00:00+02:00,-1.46
2018-05-04T18:00:00+02:00,-1.46
2018-05-05T00:00:00+02:00,-1.47
2018-05-05T06:00:00+02:00,-1.47
2018-05-05T12:00:00+02:00,-1.47
2018-05-05T18:00:00+02:00,-1.47
2018-05-06T00:00:00+02:00,-1.47
2018-05-06T06:00:00+02:00,-1.48
2018-05-06T12:00:00+02:00,-1.46
2018-05-06T18:00:00+02:00,-1.46
2018-05-07T00:00:00+02:00,-1.47
2018-05-07T06:00:00+02:00,-1.47
2018-05-07T12:00:00+02:00,-1.46
2018-05-07T18:00:00+02:00,-1.46
2018-05-08T00:00:00+02:00,-1.46
2018-05-08T06:00:00+02:00,-1.46
2018-05-08T12:00:00+02:00,-1.45
2018-05-08T18:00:00+02:00,-1.45
2018-05-09T00:00:00+02:00,-1.46
2018-05-09T06:00:00+02:00,-1.46
2018-05-09T12:00:00+02:00,-1.45
2018-05-09T18:00:00+02:00,-1.46
2018-05-10T00:00:00+02:00,-1.46
2018-05-10T06:00:00+02:00,-1.47
2018-05-10T12:00:00+02:00,-1.49
2018-05-10T18:00:00+02:00,-1.5
2018-05-11T00:00:00+02:00,-1.49
2018-05-11T06:00:00+02:00,-1.49
2018-05-11T12:00:00+02:00,-1.48
2018-05-11T18:00:00+02:00,-1.48
2018-05-12T00:00:00+02:00,-1.48
2018-05-12T06:00:00+02:00,-1.49
2018-05-12T12:00:00+02:00,-1.48
2018-05-12T18:00:00+02:00,-1.48
2018-05-13T00:00:00+02:00,-1.48
2018-05-13T06:00:00+02:00,-1.48
2018-05-13T12:00:00+02:00,-1.48
2018-05-13T18:00:00+02:00,-1.49
2018-05-14T00:00:00+02:00,-1.47
2018-05-14T06:00:00+02:00,-1.49
2018-05-14T12:00:00+02:00,-1.49
2018-05-14T18:00:00+02:00,-1.49
2018-05-15T00:00:00+02:00,-1.49
2018-05-15T06:00:00+02:00,-1.49
2018-05-15T12:00:00+02:00,-1.49
2018-05-15T18:00:00+02:00,-1.49
2018-05-16T00:00:00+02:00,-1.49
2018-05-16T06:00:00+02:00,-1.5
2018-05-16T12:00:00+02:00,-1.51
2018-05-16T18:00:00+02:00,-1.51
2018-05-17T00:00:00+02:00,-1.5
2018-05-17T06:00:00+02:00,-1.5
2018-05-17T12:00:00+02:00,-1.5
2018-05-17T18:00:00+02:00,-1.51
2018-05-18T00:00:00+02:00,-1.5
2018-05-18T06:00:00+02:00,-1.51
2018-05-18T12:00:00+02:00,-1.51
2018-05-18T18:00:00+02:00,-1.51
2018-05-19T00:00:00+02:00,-1.51
2018-05-19T06:00:00+02:00,-1.51
2018-05-19T12:00:00+02:00,-1.51
2018-05-19T18:00:00+02:00,-1.52
2018-05-20T00:00:00+02:00,-1.52
2018-05-20T06:00:00+02:00,-1.52
2018-05-20T12:00:00+02:00,-1.51
2018-05-20T18:00:00+02:00,-1.51
2018-05-21T00:00:00+02:00,-1.52
2018-05-21T06:00:00+02:00,-1.52
2018-05-21T12:00:00+02:00,-1.5
2018-05-21T18:00:00+02:00,-1.51
2018-05-22T00:00:00+02:00,-1.51
2018-05-22T06:00:00+02:00,-1.52
2018-05-22T12:00:00+02:00,-1.52
2018-05-22T18:00:00+02:00,-1.53
2018-05-23T00:00:00+02:00,-1.53
2018-05-23T06:00:00+02:00,-1.54
2018-05-23T12:00:00+02:00,-1.54
2018-05-23T18:00:00+02:00,-1.55
2018-05-24T00:00:00+02:00,-1.54
2018-05-24T06:00:00+02:00,-1.54
2018-05-24T12:00:00+02:00,-1.53
2018-05-24T18:00:00+02:00,-1.54
2018-05-25T00:00:00+02:00,-1.54
2018-05-25T06:00:00+02:00,-1.54
2018-05-25T12:00:00+02:00,-1.54
2018-05-25T18:00:00+02:00,-1.54
2018-05-26T00:00:00+02:00,-1.55
2018-05-26T06:00:00+02:00,-1.56
2018-05-26T12:00:00+02:00,-1.55
2018-05-26T18:00:00+02:00,-1.55
2018-05-27T00:00:00+02:00,-1.56
2018-05-27T06:00:00+02:00,-1.55
2018-05-27T12:00:00+02:00,-1.54
2018-05-27T18:00:00+02:00,-1.55
2018-05-28T00:00:00+02:00,-1.56
2018-05-28T06:00:00+02:00,-1.56
2018-05-28T12:00:00+02:00,-1.55
2018-05-28T18:00:00+02:00,-1.56
2018-05-29T00:00:00+02:00,-1.55
2018-05-29T06:00:00+02:00,-1.55
2018-05-29T12:00:00+02:00,-1.54
2018-05-29T18:00:00+02:00,-1.53
2018-05-30T00:00:00+02:00,-1.53
2018-05-30T06:00:00+02:00,-1.55
2018-05-30T12:00:00+02:00,-1.53
2018-05-30T18:00:00+02:00,-1.53
2018-05-31T00:00:00+02:00,-1.53
2018-05-31T06:00:00+02:00,-1.53
2018-05-31T12:00:00+02:00,-1.52
2018-05-31T18:00:00+02:00,-1.51
2018-06-01T00:00:00+02:00,-1.51
2018-06-01T06:00:00+02:00,-1.51
2018-06-01T12:00:00+02:00,-1.5
2018-06-01T18:00:00+02:00,-1.5
2018-06-02T00:00:00+02:00,-1.51
2018-06-02T06:00:00+02:00,-1.51
2018-06-02T12:00:00+02:00,-1.5
2018-06-02T18:00:00+02:00,-1.5
2018-06-03T00:00:00+02:00,-1.51
2018-06-03T06:00:00+02:00,-1.51
2018-06-03T12:00:00+02:00,-1.51
2018-06-03T18:00:00+02:00,-1.5
2018-06-04T00:00:00+02:00,-1.5
2018-06-04T06:00:00+02:00,-1.51
2018-06-04T12:00:00+02:00,-1.51
2018-06-04T18:00:00+02:00,-1.5
2018-06-05T00:00:00+02:00,-1.51
2018-06-05T06:00:00+02:00,-1.51
2018-06-05T12:00:00+02:00,-1.51
2018-06-05T18:00:00+02:00,-1.51
2018-06-06T00:00:00+02:00,-1.51
2018-06-06T06:00:00+02:00,-1.52
2018-06-06T12:00:00+02:00,-1.51
2018-06-06T18:00:00+02:00,-1.51
2018-06-07T00:00:00+02:00,-1.52
2018-06-07T06:00:00+02:00,-1.52
2018-06-07T12:00:00+02:00,-1.52
2018-06-07T18:00:00+02:00,-1.52
2018-06-08T00:00:00+02:00,-1.53
2018-06-08T06:00:00+02:00,-1.53
2018-06-08T12:00:00+02:00,-1.53
2018-06-08T18:00:00+02:00,-1.53
2018-06-09T00:00:00+02:00,-1.53
2018-06-09T06:00:00+02:00,-1.53
2018-06-09T12:00:00+02:00,-1.53
2018-06-09T18:00:00+02:00,-1.54
2018-06-10T00:00:00+02:00,-1.53
2018-06-10T06:00:00+02:00,-1.54
2018-06-10T12:00:00+02:00,-1.54
2018-06-10T18:00:00+02:00,-1.54
2018-06-11T00:00:00+02:00,-1.54
2018-06-11T06:00:00+02:00,-1.54
2018-06-11T12:00:00+02:00,-1.54
2018-06-11T18:00:00+02:00,-1.55
2018-06-12T00:00:00+02:00,-1.55
2018-06-12T06:00:00+02:00,-1.55
2018-06-12T12:00:00+02:00,-1.55
2018-06-12T18:00:00+02:00,-1.55
2018-06-13T00:00:00+02:00,-1.55
2018-06-13T06:00:00+02:00,-1.55
2018-06-13T12:00:00+02:00,-1.55
2018-06-13T18:00:00+02:00,-1.55
2018-06-14T00:00:00+02:00,-1.55
2018-06-14T06:00:00+02:00,-1.54
2018-06-14T12:00:00+02:00,-1.54
2018-06-14T18:00:00+02:00,-1.56
2018-06-15T00:00:00+02:00,-1.56
2018-06-15T06:00:00+02:00,-1.57
2018-06-15T12:00:00+02:00,-1.56
2018-06-15T18:00:00+02:00,-1.56
2018-06-16T00:00:00+02:00,-1.56
2018-06-16T06:00:00+02:00,-1.56
2018-06-16T12:00:00+02:00,-1.56
2018-06-16T18:00:00+02:00,-1.56
2018-06-17T00:00:00+02:00,-1.56
2018-06-17T06:00:00+02:00,-1.57
2018-06-17T12:00:00+02:00,-1.57
2018-06-17T18:00:00+02:00,-1.58
2018-06-18T00:00:00+02:00,-1.57
2018-06-18T06:00:00+02:00,-1.57
2018-06-18T12:00:00+02:00,-1.58
2018-06-18T18:00:00+02:00,-1.58
2018-06-19T00:00:00+02:00,-1.58
2018-06-19T06:00:00+02:00,-1.59
2018-06-19T12:00:00+02:00,-1.59
2018-06-19T18:00:00+02:00,-1.59
2018-06-20T00:00:00+02:00,-1.58
2018-06-20T06:00:00+02:00,-1.58
2018-06-20T12:00:00+02:00,-1.57
2018-06-20T18:00:00+02:00,-1.57
2018-06-21T00:00:00+02:00,-1.58
2018-06-21T06:00:00+02:00,-1.58
2018-06-21T12:00:00+02:00,-1.59
2018-06-21T18:00:00+02:00,-1.6
2018-06-22T00:00:00+02:00,-1.59
2018-06-22T06:00:00+02:00,-1.6
2018-06-22T12:00:00+02:00,-1.61
2018-06-22T18:00:00+02:00,-1.61
2018-06-23T00:00:00+02:00,-1.6
2018-06-23T06:00:00+02:00,-1.61
2018-06-23T12:00:00+02:00,-1.61
2018-06-23T18:00:00+02:00,-1.6
2018-06-24T00:00:00+02:00,-1.61
2018-06-24T06:00:00+02:00,-1.61
2018-06-24T12:00:00+02:00,-1.61
2018-06-24T18:00:00+02:00,-1.61
2018-06-25T00:00:00+02:00,-1.62
2018-06-25T06:00:00+02:00,-1.62
2018-06-25T12:00:00+02:00,-1.62
2018-06-25T18:00:00+02:00,-1.62
2018-06-26T00:00:00+02:00,-1.63
2018-06-26T06:00:00+02:00,-1.63
2018-06-26T12:00:00+02:00,-1.63
2018-06-26T18:00:00+02:00,-1.64
2018-06-27T00:00:00+02:00,-1.63
2018-06-27T06:00:00+02:00,-1.64
2018-06-27T12:00:00+02:00,-1.63
2018-06-27T18:00:00+02:00,-1.64
2018-06-28T00:00:00+02:00,-1.64
2018-06-28T06:00:00+02:00,-1.64
2018-06-28T12:00:00+02:00,-1.64
2018-06-28T18:00:00+02:00,-1.64
2018-06-29T00:00:00+02:00,-1.64
2018-06-29T06:00:00+02:00,-1.64
2018-06-29T12:00:00+02:00,-1.64
2018-06-29T18:00:00+02:00,-1.64
2018-06-30T00:00:00+02:00,-1.64
2018-06-30T06:00:00+02:00,-1.63
2018-06-30T12:00:00+02:00,-1.62
2018-06-30T18:00:00+02:00,-1.62
2018-07-01T00:00:00+02:00,-1.63
2018-07-01T06:00:00+02:00,-1.63
2018-07-01T12:00:00+02:00,-1.63
2018-07-01T18:00:00+02:00,-1.63
2018-07-02T00:00:00+02:00,-1.64
2018-07-02T06:00:00+02:00,-1.64
2018-07-02T12:00:00+02:00,-1.63
2018-07-02T18:00:00+02:00,-1.64
2018-07-03T00:00:00+02:00,-1.64
2018-07-03T06:00:00+02:00,-1.65
2018-07-03T12:00:00+02:00,-1.64
2018-07-03T18:00:00+02:00,-1.64
2018-07-04T00:00:00+02:00,-1.64
2018-07-04T06:00:00+02:00,-1.64
2018-07-04T12:00:00+02:00,-1.64
2018-07-04T18:00:00+02:00,-1.64
2018-07-05T00:00:00+02:00,-1.65
2018-07-05T06:00:00+02:00,-1.65
2018-07-05T12:00:00+02:00,-1.65
2018-07-05T18:00:00+02:00,-1.66
2018-07-06T00:00:00+02:00,-1.66
2018-07-06T06:00:00+02:00,-1.67
2018-07-06T12:00:00+02:00,-1.67
2018-07-06T18:00:00+02:00,-1.67
2018-07-07T00:00:00+02:00,-1.67
2018-07-07T06:00:00+02:00,-1.68
2018-07-07T12:00:00+02:00,-1.68
2018-07-07T18:00:00+02:00,-1.68
2018-07-08T00:00:00+02:00,-1.68
2018-07-08T06:00:00+02:00,-1.68
2018-07-08T12:00:00+02:00,-1.68
2018-07-08T18:00:00+02:00,-1.68
2018-07-09T00:00:00+02:00,-1.68
2018-07-09T06:00:00+02:00,-1.68
2018-07-09T12:00:00+02:00,-1.68
2018-07-09T18:00:00+02:00,-1.67
2018-07-10T00:00:00+02:00,-1.66
2018-07-10T06:00:00+02:00,-1.66
2018-07-10T12:00:00+02:00,-1.67
2018-07-10T18:00:00+02:00,-1.68
2018-07-11T00:00:00+02:00,-1.68
2018-07-11T06:00:00+02:00,-1.68
2018-07-11T12:00:00+02:00,-1.67
2018-07-11T18:00:00+02:00,-1.68
2018-07-12T00:00:00+02:00,-1.68
2018-07-12T06:00:00+02:00,-1.69
2018-07-12T12:00:00+02:00,-1.69
2018-07-12T18:00:00+02:00,-1.69
2018-07-13T00:00:00+02:00,-1.69
2018-07-13T06:00:00+02:00,-1.7
2018-07-13T12:00:00+02:00,-1.7
2018-07-13T18:00:00+02:00,-1.7
2018-07-14T00:00:00+02:00,-1.7
2018-07-14T06:00:00+02:00,-1.71
2018-07-14T12:00:00+02:00,-1.7
2018-07-14T18:00:00+02:00,-1.7
2018-07-15T00:00:00+02:00,-1.7
2018-07-24T00:00:00+02:00,-1.74
2018-07-24T06:00:00+02:00,-1.74
2018-07-24T12:00:00+02:00,-1.74
2018-07-24T18:00:00+02:00,-1.75
2018-07-25T00:00:00+02:00,-1.75
2018-07-25T06:00:00+02:00,-1.76
2018-07-25T12:00:00+02:00,-1.75
2018-07-25T18:00:00+02:00,-1.76
2018-07-26T00:00:00+02:00,-1.76
2018-07-26T06:00:00+02:00,-1.75
2018-07-26T12:00:00+02:00,-1.74
2018-07-26T18:00:00+02:00,-1.74
2018-07-27T00:00:00+02:00,-1.75
2018-07-27T06:00:00+02:00,-1.74
2018-07-27T12:00:00+02:00,-1.72
2018-07-27T18:00:00+02:00,-1.71
2018-07-28T00:00:00+02:00,-1.7
2018-07-28T06:00:00+02:00,-1.69
2018-07-28T12:00:00+02:00,-1.71
2018-07-28T18:00:00+02:00,-1.72
2018-07-29T00:00:00+02:00,-1.72
2018-07-29T06:00:00+02:00,-1.72
2018-07-29T12:00:00+02:00,-1.71
2018-07-29T18:00:00+02:00,-1.72
2018-07-30T00:00:00+02:00,-1.73
2018-07-30T06:00:00+02:00,-1.73
2018-07-30T12:00:00+02:00,-1.72
2018-07-30T18:00:00+02:00,-1.73
2018-07-31T00:00:00+02:00,-1.73
2018-07-31T06:00:00+02:00,-1.73
2018-07-31T12:00:00+02:00,-1.73
2018-07-31T18:00:00+02:00,-1.72
2018-08-01T00:00:00+02:00,-1.71
2018-08-01T06:00:00+02:00,-1.7
2018-08-01T12:00:00+02:00,-1.69
2018-08-01T18:00:00+02:00,-1.68
2018-08-02T00:00:00+02:00,-1.68
2018-08-02T06:00:00+02:00,-1.69
2018-08-02T12:00:00+02:00,-1.68
2018-08-02T18:00:00+02:00,-1.68
2018-08-03T00:00:00+02:00,-1.68
2018-08-03T06:00:00+02:00,-1.68
2018-08-03T12:00:00+02:00,-1.67
2018-08-03T18:00:00+02:00,-1.67
2018-08-04T00:00:00+02:00,-1.67
2018-08-04T06:00:00+02:00,-1.67
2018-08-04T12:00:00+02:00,-1.67
2018-08-04T18:00:00+02:00,-1.67
2018-08-05T00:00:00+02:00,-1.68
2018-08-05T06:00:00+02:00,-1.69
2018-08-05T12:00:00+02:00,-1.68
2018-08-05T18:00:00+02:00,-1.68
2018-08-06T00:00:00+02:00,-1.68
2018-08-06T06:00:00+02:00,-1.68
2018-08-06T12:00:00+02:00,-1.66
2018-08-06T18:00:00+02:00,-1.67
2018-08-07T00:00:00+02:00,-1.67
2018-08-07T06:00:00+02:00,-1.67
2018-08-07T12:00:00+02:00,-1.66
2018-08-07T18:00:00+02:00,-1.66
2018-08-08T00:00:00+02:00,-1.68
2018-08-08T06:00:00+02:00,-1.69
2018-08-08T12:00:00+02:00,-1.7
2018-08-08T18:00:00+02:00,-1.7
2018-08-09T00:00:00+02:00,-1.69
2018-08-09T06:00:00+02:00,-1.69
2018-08-09T12:00:00+02:00,-1.67
2018-08-09T18:00:00+02:00,-1.65
2018-08-10T00:00:00+02:00,-1.67
2018-08-10T06:00:00+02:00,-1.67
2018-08-10T12:00:00+02:00,-1.67
2018-08-10T18:00:00+02:00,-1.64
2018-08-11T00:00:00+02:00,-1.62
2018-08-11T06:00:00+02:00,-1.61
2018-08-11T12:00:00+02:00,-1.6
2018-08-11T18:00:00+02:00,-1.59
2018-08-12T00:00:00+02:00,-1.58
2018-08-12T06:00:00+02:00,-1.57
2018-08-12T12:00:00+02:00,-1.56
2018-08-12T18:00:00+02:00,-1.55
2018-08-13T00:00:00+02:00,-1.55
2018-08-13T06:00:00+02:00,-1.55
2018-08-13T12:00:00+02:00,-1.55
2018-08-13T18:00:00+02:00,-1.54
2018-08-14T00:00:00+02:00,-1.54
2018-08-14T06:00:00+02:00,-1.55
2018-08-14T12:00:00+02:00,-1.55
2018-08-14T18:00:00+02:00,-1.55
2018-08-15T00:00:00+02:00,-1.55
2018-08-15T06:00:00+02:00,-1.56
2018-08-15T12:00:00+02:00,-1.56
2018-08-15T18:00:00+02:00,-1.55
2018-08-16T00:00:00+02:00,-1.55
2018-08-16T06:00:00+02:00,-1.55
2018-08-16T12:00:00+02:00,-1.55
2018-08-16T18:00:00+02:00,-1.55
2018-08-17T00:00:00+02:00,-1.56
2018-08-17T06:00:00+02:00,-1.57
2018-08-17T12:00:00+02:00,-1.57
2018-08-17T18:00:00+02:00,-1.58
2018-08-18T00:00:00+02:00,-1.58
2018-08-18T06:00:00+02:00,-1.58
2018-08-18T12:00:00+02:00,-1.58
2018-08-18T18:00:00+02:00,-1.58
2018-08-19T00:00:00+02:00,-1.58
2018-08-19T06:00:00+02:00,-1.59
2018-08-19T12:00:00+02:00,-1.58
2018-08-19T18:00:00+02:00,-1.58
2018-08-20T00:00:00+02:00,-1.58
2018-08-20T06:00:00+02:00,-1.59
2018-08-20T12:00:00+02:00,-1.6
2018-08-20T18:00:00+02:00,-1.6
2018-08-21T00:00:00+02:00,-1.6
2018-08-21T06:00:00+02:00,-1.61
2018-08-21T12:00:00+02:00,-1.6
2018-08-21T18:00:00+02:00,-1.6
2018-08-22T00:00:00+02:00,-1.61
2018-08-22T06:00:00+02:00,-1.61
2018-08-22T12:00:00+02:00,-1.61
2018-08-22T18:00:00+02:00,-1.6
2018-08-23T00:00:00+02:00,-1.6
2018-08-23T06:00:00+02:00,-1.6
2018-08-23T12:00:00+02:00,-1.6
2018-08-23T18:00:00+02:00,-1.6
2018-08-24T00:00:00+02:00,-1.59
2018-08-24T06:00:00+02:00,-1.6
2018-08-24T12:00:00+02:00,-1.6
2018-08-24T18:00:00+02:00,-1.59
2018-08-25T00:00:00+02:00,-1.57
2018-08-25T06:00:00+02:00,-1.56
2018-08-25T12:00:00+02:00,-1.56
2018-08-25T18:00:00+02:00,-1.56
2018-08-26T00:00:00+02:00,-1.56
2018-08-26T06:00:00+02:00,-1.56
2018-08-26T12:00:00+02:00,-1.55
2018-08-26T18:00:00+02:00,-1.54
2018-08-27T00:00:00+02:00,-1.52
2018-08-27T06:00:00+02:00,-1.54
2018-08-27T12:00:00+02:00,-1.55
2018-08-27T18:00:00+02:00,-1.55
2018-08-28T00:00:00+02:00,-1.55
2018-08-28T06:00:00+02:00,-1.55
2018-08-28T12:00:00+02:00,-1.55
2018-08-28T18:00:00+02:00,-1.54
2018-08-29T00:00:00+02:00,-1.54
2018-08-29T06:00:00+02:00,-1.53
2018-08-29T12:00:00+02:00,-1.53
2018-08-29T18:00:00+02:00,-1.54
2018-08-30T00:00:00+02:00,-1.55
2018-08-30T06:00:00+02:00,-1.55
2018-08-30T12:00:00+02:00,-1.56
2018-08-30T18:00:00+02:00,-1.56
2018-08-31T00:00:00+02:00,-1.56
2018-08-31T06:00:00+02:00,-1.56
2018-08-31T12:00:00+02:00,-1.56
2018-08-31T18:00:00+02:00,-1.57
2018-09-01T00:00:00+02:00,-1.57
2018-09-01T06:00:00+02:00,-1.58
2018-09-01T12:00:00+02:00,-1.58
2018-09-01T18:00:00+02:00,-1.58
2018-09-02T00:00:00+02:00,-1.58
2018-09-02T06:00:00+02:00,-1.58
2018-09-02T12:00:00+02:00,-1.57
2018-09-02T18:00:00+02:00,-1.58
2018-09-03T00:00:00+02:00,-1.56
2018-09-03T06:00:00+02:00,-1.57
2018-09-03T12:00:00+02:00,-1.56
2018-09-03T18:00:00+02:00,-1.57
2018-09-04T00:00:00+02:00,-1.56
2018-09-04T06:00:00+02:00,-1.57
2018-09-04T12:00:00+02:00,-1.57
2018-09-04T18:00:00+02:00,-1.58
2018-09-05T00:00:00+02:00,-1.58
2018-09-05T06:00:00+02:00,-1.59
2018-09-05T12:00:00+02:00,-1.57
2018-09-05T18:00:00+02:00,-1.57
2018-09-06T00:00:00+02:00,-1.57
2018-09-06T06:00:00+02:00,-1.57
2018-09-06T12:00:00+02:00,-1.55
2018-09-06T18:00:00+02:00,-1.55
2018-09-07T00:00:00+02:00,-1.54
2018-09-07T06:00:00+02:00,-1.54
2018-09-07T12:00:00+02:00,-1.55
2018-09-07T18:00:00+02:00,-1.55
2018-09-08T00:00:00+02:00,-1.55
2018-09-08T06:00:00+02:00,-1.55
2018-09-08T12:00:00+02:00,-1.54
2018-09-08T18:00:00+02:00,-1.54
2018-09-09T00:00:00+02:00,-1.54
2018-09-09T06:00:00+02:00,-1.54
2018-09-09T12:00:00+02:00,-1.54
2018-09-09T18:00:00+02:00,-1.54
2018-09-10T00:00:00+02:00,-1.54
2018-09-10T06:00:00+02:00,-1.54
2018-09-10T12:00:00+02:00,-1.55
2018-09-10T18:00:00+02:00,-1.54
2018-09-11T00:00:00+02:00,-1.54
2018-09-11T06:00:00+02:00,-1.53
2018-09-11T12:00:00+02:00,-1.54
2018-09-11T18:00:00+02:00,-1.54
2018-09-12T00:00:00+02:00,-1.54
2018-09-12T06:00:00+02:00,-1.55
2018-09-12T12:00:00+02:00,-1.56
2018-09-12T18:00:00+02:00,-1.55
2018-09-13T00:00:00+02:00,-1.54
2018-09-13T06:00:00+02:00,-1.55
2018-09-13T12:00:00+02:00,-1.54
2018-09-13T18:00:00+02:00,-1.55
2018-09-14T00:00:00+02:00,-1.54
2018-09-14T06:00:00+02:00,-1.54
2018-09-14T12:00:00+02:00,-1.54
2018-09-14T18:00:00+02:00,-1.54
2018-09-15T00:00:00+02:00,-1.54
2018-09-15T06:00:00+02:00,-1.56
2018-09-15T12:00:00+02:00,-1.56
2018-09-15T18:00:00+02:00,-1.56
2018-09-16T00:00:00+02:00,-1.56
2018-09-16T06:00:00+02:00,-1.55
2018-09-16T12:00:00+02:00,-1.54
2018-09-16T18:00:00+02:00,-1.55
2018-09-17T00:00:00+02:00,-1.55
2018-09-17T06:00:00+02:00,-1.56
2018-09-17T12:00:00+02:00,-1.55
2018-09-17T18:00:00+02:00,-1.55
2018-09-18T00:00:00+02:00,-1.54
2018-09-18T06:00:00+02:00,-1.54
2018-09-18T12:00:00+02:00,-1.55
2018-09-18T18:00:00+02:00,-1.56
2018-09-19T00:00:00+02:00,-1.56
2018-09-19T06:00:00+02:00,-1.56
2018-09-19T12:00:00+02:00,-1.56
2018-09-19T18:00:00+02:00,-1.56
2018-09-20T00:00:00+02:00,-1.56
2018-09-20T06:00:00+02:00,-1.56
2018-09-20T12:00:00+02:00,-1.56
2018-09-20T18:00:00+02:00,-1.55
2018-09-21T00:00:00+02:00,-1.53
2018-09-21T06:00:00+02:00,-1.52
2018-09-21T12:00:00+02:00,-1.56
2018-09-21T18:00:00+02:00,-1.56
2018-09-22T00:00:00+02:00,-1.58
2018-09-22T06:00:00+02:00,-1.57
2018-09-22T12:00:00+02:00,-1.56
2018-09-22T18:00:00+02:00,-1.56
2018-09-23T00:00:00+02:00,-1.55
2018-09-23T06:00:00+02:00,-1.55
2018-09-23T12:00:00+02:00,-1.55
2018-09-23T18:00:00+02:00,-1.57
2018-09-24T00:00:00+02:00,-1.57
2018-09-24T06:00:00+02:00,-1.57
2018-09-24T12:00:00+02:00,-1.57
2018-09-24T18:00:00+02:00,-1.57
2018-09-25T00:00:00+02:00,-1.57
2018-09-25T06:00:00+02:00,-1.57
2018-09-25T12:00:00+02:00,-1.56
2018-09-25T18:00:00+02:00,-1.56
2018-09-26T00:00:00+02:00,-1.55
2018-09-26T06:00:00+02:00,-1.54
2018-09-26T12:00:00+02:00,-1.54
2018-09-26T18:00:00+02:00,-1.55
2018-09-27T00:00:00+02:00,-1.55
2018-09-27T06:00:00+02:00,-1.55
2018-09-27T12:00:00+02:00,-1.54
2018-09-27T18:00:00+02:00,-1.54
2018-09-28T00:00:00+02:00,-1.55
2018-09-28T06:00:00+02:00,-1.57
2018-09-28T12:00:00+02:00,-1.57
2018-09-28T18:00:00+02:00,-1.58
2018-09-29T00:00:00+02:00,-1.57
2018-09-29T06:00:00+02:00,-1.57
2018-09-29T12:00:00+02:00,-1.55
2018-09-29T18:00:00+02:00,-1.55
2018-09-30T00:00:00+02:00,-1.54
2018-09-30T06:00:00+02:00,-1.54
2018-09-30T12:00:00+02:00,-1.54
2018-09-30T18:00:00+02:00,-1.54
2018-10-01T00:00:00+02:00,-1.54
2018-10-01T06:00:00+02:00,-1.55
2018-10-01T12:00:00+02:00,-1.56
2018-10-01T18:00:00+02:00,-1.56
2018-10-02T00:00:00+02:00,-1.54
2018-10-02T06:00:00+02:00,-1.52
2018-10-02T12:00:00+02:00,-1.54
2018-10-02T18:00:00+02:00,-1.54
2018-10-03T00:00:00+02:00,-1.55
2018-10-03T06:00:00+02:00,-1.56
2018-10-03T12:00:00+02:00,-1.57
2018-10-03T18:00:00+02:00,-1.57
2018-10-04T00:00:00+02:00,-1.56
2018-10-04T06:00:00+02:00,-1.57
2018-10-04T12:00:00+02:00,-1.56
2018-10-04T18:00:00+02:00,-1.56
2018-10-05T00:00:00+02:00,-1.56
2018-10-05T06:00:00+02:00,-1.56
2018-10-05T12:00:00+02:00,-1.54
2018-10-05T18:00:00+02:00,-1.55
2018-10-06T00:00:00+02:00,-1.54
2018-10-06T06:00:00+02:00,-1.53
2018-10-06T12:00:00+02:00,-1.54
2018-10-06T18:00:00+02:00,-1.56
2018-10-07T00:00:00+02:00,-1.58
2018-10-07T06:00:00+02:00,-1.58
2018-10-07T12:00:00+02:00,-1.58
2018-10-07T18:00:00+02:00,-1.59
2018-10-08T00:00:00+02:00,-1.58
2018-10-08T06:00:00+02:00,-1.57
2018-10-08T12:00:00+02:00,-1.57
2018-10-08T18:00:00+02:00,-1.58
2018-10-09T00:00:00+02:00,-1.57
2018-10-09T06:00:00+02:00,-1.58
2018-10-09T12:00:00+02:00,-1.58
2018-10-09T18:00:00+02:00,-1.58
2018-10-10T00:00:00+02:00,-1.58
2018-10-10T06:00:00+02:00,-1.58
2018-10-10T12:00:00+02:00,-1.57
2018-10-10T18:00:00+02:00,-1.57
2018-10-11T00:00:00+02:00,-1.57
2018-10-11T06:00:00+02:00,-1.57
2018-10-11T12:00:00+02:00,-1.57
2018-10-11T18:00:00+02:00,-1.58
2018-10-12T00:00:00+02:00,-1.58
2018-10-12T06:00:00+02:00,-1.59
2018-10-12T12:00:00+02:00,-1.58
2018-10-12T18:00:00+02:00,-1.59
2018-10-13T00:00:00+02:00,-1.59
2018-10-13T06:00:00+02:00,-1.59
2018-10-13T12:00:00+02:00,-1.58
2018-10-13T18:00:00+02:00,-1.58
2018-10-14T00:00:00+02:00,-1.57
2018-10-14T06:00:00+02:00,-1.57
2018-10-14T12:00:00+02:00,-1.57
2018-10-14T18:00:00+02:00,-1.58
2018-10-15T00:00:00+02:00,-1.58
2018-10-15T06:00:00+02:00,-1.59
2018-10-15T12:00:00+02:00,-1.59
2018-10-15T18:00:00+02:00,-1.6
2018-10-16T00:00:00+02:00,-1.6
2018-10-16T06:00:00+02:00,-1.6
2018-10-16T12:00:00+02:00,-1.6
2018-10-16T18:00:00+02:00,-1.61
2018-10-17T00:00:00+02:00,-1.6
2018-10-17T06:00:00+02:00,-1.6
2018-10-17T12:00:00+02:00,-1.6
2018-10-17T18:00:00+02:00,-1.62
2018-10-18T00:00:00+02:00,-1.62
2018-10-18T06:00:00+02:00,-1.62
2018-10-18T12:00:00+02:00,-1.62
2018-10-18T18:00:00+02:00,-1.63
2018-10-19T00:00:00+02:00,-1.62
2018-10-19T06:00:00+02:00,-1.62
2018-10-19T12:00:00+02:00,-1.62
2018-10-19T18:00:00+02:00,-1.62
2018-10-20T00:00:00+02:00,-1.62
2018-10-20T06:00:00+02:00,-1.62
2018-10-20T12:00:00+02:00,-1.62
2018-10-20T18:00:00+02:00,-1.63
2018-10-21T00:00:00+02:00,-1.62
2018-10-21T06:00:00+02:00,-1.61
2018-10-21T12:00:00+02:00,-1.61
2018-10-21T18:00:00+02:00,-1.62
2018-10-22T00:00:00+02:00,-1.62
2018-10-22T06:00:00+02:00,-1.63
2018-10-22T12:00:00+02:00,-1.64
2018-10-22T18:00:00+02:00,-1.63
2018-10-23T00:00:00+02:00,-1.59
2018-10-23T06:00:00+02:00,-1.59
2018-10-23T12:00:00+02:00,-1.6
2018-10-23T18:00:00+02:00,-1.6
2018-10-24T00:00:00+02:00,-1.6
2018-10-24T06:00:00+02:00,-1.61
2018-10-24T12:00:00+02:00,-1.62
2018-10-24T18:00:00+02:00,-1.61
2018-10-25T00:00:00+02:00,-1.6
2018-10-25T06:00:00+02:00,-1.6
2018-10-25T12:00:00+02:00,-1.6
2018-10-25T18:00:00+02:00,-1.6
2018-10-26T00:00:00+02:00,-1.58
2018-10-26T06:00:00+02:00,-1.57
2018-10-26T12:00:00+02:00,-1.57
2018-10-26T18:00:00+02:00,-1.58
2018-10-27T00:00:00+02:00,-1.58
2018-10-27T06:00:00+02:00,-1.59
2018-10-27T12:00:00+02:00,-1.6
2018-10-27T18:00:00+02:00,-1.62
2018-10-28T00:00:00+02:00,-1.62
2018-10-28T06:00:00+01:00,-1.61
2018-10-28T12:00:00+01:00,-1.61
2018-10-28T18:00:00+01:00,-1.61
2018-10-29T00:00:00+01:00,-1.59
2018-10-29T06:00:00+01:00,-1.58
2018-10-29T12:00:00+01:00,-1.57
2018-10-29T18:00:00+01:00,-1.56
2018-10-30T00:00:00+01:00,-1.54
2018-10-30T06:00:00+01:00,-1.53
2018-10-30T12:00:00+01:00,-1.53
2018-10-30T18:00:00+01:00,-1.54
2018-10-31T00:00:00+01:00,-1.57
2018-10-31T06:00:00+01:00,-1.58
2018-10-31T12:00:00+01:00,-1.57
2018-10-31T18:00:00+01:00,-1.57
2018-11-01T00:00:00+01:00,-1.55
2018-11-01T06:00:00+01:00,-1.54
2018-11-01T12:00:00+01:00,-1.54
2018-11-01T18:00:00+01:00,-1.54
2018-11-02T00:00:00+01:00,-1.54
2018-11-02T06:00:00+01:00,-1.56
2018-11-02T12:00:00+01:00,-1.56
2018-11-02T18:00:00+01:00,-1.58
2018-11-03T00:00:00+01:00,-1.56
2018-11-03T06:00:00+01:00,-1.56
2018-11-03T12:00:00+01:00,-1.55
2018-11-03T18:00:00+01:00,-1.55
2018-11-04T00:00:00+01:00,-1.53
2018-11-04T06:00:00+01:00,-1.53
2018-11-04T12:00:00+01:00,-1.53
2018-11-04T18:00:00+01:00,-1.53
2018-11-05T00:00:00+01:00,-1.53
2018-11-05T06:00:00+01:00,-1.53
2018-11-05T12:00:00+01:00,-1.51
2018-11-05T18:00:00+01:00,-1.53
2018-11-06T00:00:00+01:00,-1.52
2018-11-06T06:00:00+01:00,-1.53
2018-11-06T12:00:00+01:00,-1.52
2018-11-06T18:00:00+01:00,-1.53
2018-11-07T00:00:00+01:00,-1.52
2018-11-07T06:00:00+01:00,-1.53
2018-11-07T12:00:00+01:00,-1.53
2018-11-07T18:00:00+01:00,-1.55
2018-11-08T00:00:00+01:00,-1.55
2018-11-08T06:00:00+01:00,-1.57
2018-11-08T12:00:00+01:00,-1.57
2018-11-08T18:00:00+01:00,-1.57
2018-11-09T00:00:00+01:00,-1.55
2018-11-09T06:00:00+01:00,-1.54
2018-11-09T12:00:00+01:00,-1.53
2018-11-09T18:00:00+01:00,-1.53
2018-11-10T00:00:00+01:00,-1.52
2018-11-10T06:00:00+01:00,-1.51
2018-11-10T12:00:00+01:00,-1.52
2018-11-10T18:00:00+01:00,-1.53
2018-11-11T00:00:00+01:00,-1.53
2018-11-11T06:00:00+01:00,-1.53
2018-11-11T12:00:00+01:00,-1.54
2018-11-11T18:00:00+01:00,-1.55
2018-11-12T00:00:00+01:00,-1.56
2018-11-12T06:00:00+01:00,-1.55
2018-11-12T12:00:00+01:00,-1.56
2018-11-12T18:00:00+01:00,-1.56
2018-11-13T00:00:00+01:00,-1.56
2018-11-13T06:00:00+01:00,-1.55
2018-11-13T12:00:00+01:00,-1.56
2018-11-13T18:00:00+01:00,-1.58
2018-11-14T00:00:00+01:00,-1.57
2018-11-14T06:00:00+01:00,-1.57
2018-11-14T12:00:00+01:00,-1.56
2018-11-14T18:00:00+01:00,-1.57
2018-11-15T00:00:00+01:00,-1.56
2018-11-15T06:00:00+01:00,-1.56
2018-11-15T12:00:00+01:00,-1.56
2018-11-15T18:00:00+01:00,-1.57
2018-11-16T00:00:00+01:00,-1.57
2018-11-16T06:00:00+01:00,-1.58
2018-11-16T12:00:00+01:00,-1.57
2018-11-16T18:00:00+01:00,-1.58
2018-11-17T00:00:00+01:00,-1.58
2018-11-17T06:00:00+01:00,-1.58
2018-11-17T12:00:00+01:00,-1.58
2018-11-17T18:00:00+01:00,-1.59
2018-11-18T00:00:00+01:00,-1.58
2018-11-18T06:00:00+01:00,-1.58
2018-11-18T12:00:00+01:00,-1.57
2018-11-18T18:00:00+01:00,-1.58
2018-11-19T00:00:00+01:00,-1.57
2018-11-19T06:00:00+01:00,-1.56
2018-11-19T12:00:00+01:00,-1.55
2018-11-19T18:00:00+01:00,-1.56
2018-11-20T00:00:00+01:00,-1.55
2018-11-20T06:00:00+01:00,-1.55
2018-11-20T12:00:00+01:00,-1.54
2018-11-20T18:00:00+01:00,-1.55
2018-11-21T00:00:00+01:00,-1.56
2018-11-21T06:00:00+01:00,-1.57
2018-11-21T12:00:00+01:00,-1.57
2018-11-21T18:00:00+01:00,-1.58
2018-11-22T00:00:00+01:00,-1.57
2018-11-22T06:00:00+01:00,-1.57
2018-11-22T12:00:00+01:00,-1.56
2018-11-22T18:00:00+01:00,-1.56
2018-11-23T00:00:00+01:00,-1.56
2018-11-23T06:00:00+01:00,-1.56
2018-11-23T12:00:00+01:00,-1.55
2018-11-23T18:00:00+01:00,-1.56
2018-11-24T00:00:00+01:00,-1.55
2018-11-24T06:00:00+01:00,-1.55
2018-11-24T12:00:00+01:00,-1.55
2018-11-24T18:00:00+01:00,-1.55
2018-11-25T00:00:00+01:00,-1.55
2018-11-25T06:00:00+01:00,-1.55
2018-11-25T12:00:00+01:00,-1.56
2018-11-25T18:00:00+01:00,-1.56
2018-11-26T00:00:00+01:00,-1.56
2018-11-26T06:00:00+01:00,-1.56
2018-11-26T12:00:00+01:00,-1.56
2018-11-26T18:00:00+01:00,-1.57
2018-11-27T00:00:00+01:00,-1.57
2018-11-27T06:00:00+01:00,-1.58
2018-11-27T12:00:00+01:00,-1.57
2018-11-27T18:00:00+01:00,-1.57
2018-11-28T00:00:00+01:00,-1.57
2018-11-28T06:00:00+01:00,-1.56
2018-11-28T12:00:00+01:00,-1.56
2018-11-28T18:00:00+01:00,-1.55
2018-11-29T00:00:00+01:00,-1.55
2018-11-29T06:00:00+01:00,-1.54
2018-11-29T12:00:00+01:00,-1.52
2018-11-29T18:00:00+01:00,-1.53
2018-11-30T00:00:00+01:00,-1.53
2018-11-30T06:00:00+01:00,-1.53
2018-11-30T12:00:00+01:00,-1.53
2018-11-30T18:00:00+01:00,-1.54
2018-12-01T00:00:00+01:00,-1.53
2018-12-01T06:00:00+01:00,-1.53
2018-12-01T12:00:00+01:00,-1.53
2018-12-01T18:00:00+01:00,-1.51
2018-12-02T00:00:00+01:00,-1.5
2018-12-02T06:00:00+01:00,-1.49
2018-12-02T12:00:00+01:00,-1.49
2018-12-02T18:00:00+01:00,-1.5
2018-12-03T00:00:00+01:00,-1.49
2018-12-03T06:00:00+01:00,-1.5
2018-12-03T12:00:00+01:00,-1.49
2018-12-03T18:00:00+01:00,-1.51
2018-12-04T00:00:00+01:00,-1.53
2018-12-04T06:00:00+01:00,-1.54
2018-12-04T12:00:00+01:00,-1.54
2018-12-04T18:00:00+01:00,-1.54
2018-12-05T00:00:00+01:00,-1.53
2018-12-05T06:00:00+01:00,-1.53
2018-12-05T12:00:00+01:00,-1.51
2018-12-05T18:00:00+01:00,-1.49
2018-12-06T00:00:00+01:00,-1.49
2018-12-06T06:00:00+01:00,-1.5
2018-12-06T12:00:00+01:00,-1.49
2018-12-06T18:00:00+01:00,-1.48
2018-12-07T00:00:00+01:00,-1.48
2018-12-07T06:00:00+01:00,-1.46
2018-12-07T12:00:00+01:00,-1.42
2018-12-07T18:00:00+01:00,-1.44
2018-12-08T00:00:00+01:00,-1.42
2018-12-08T06:00:00+01:00,-1.4
2018-12-10T00:00:00+01:00,-1.42
2018-12-10T06:00:00+01:00,-1.43
2018-12-10T12:00:00+01:00,-1.48
2018-12-10T18:00:00+01:00,-1.49
2018-12-11T00:00:00+01:00,-1.49
2018-12-11T06:00:00+01:00,-1.49
2018-12-11T12:00:00+01:00,-1.5
2018-12-11T18:00:00+01:00,-1.51
2018-12-12T00:00:00+01:00,-1.51
2018-12-12T06:00:00+01:00,-1.52
2018-12-12T12:00:00+01:00,-1.51
2018-12-12T18:00:00+01:00,-1.52
2018-12-13T00:00:00+01:00,-1.52
2018-12-13T06:00:00+01:00,-1.51
2018-12-13T12:00:00+01:00,-1.51
2018-12-13T18:00:00+01:00,-1.52
2018-12-14T00:00:00+01:00,-1.52
2018-12-14T06:00:00+01:00,-1.53
2018-12-14T12:00:00+01:00,-1.52
2018-12-14T18:00:00+01:00,-1.54
2018-12-15T00:00:00+01:00,-1.54
2018-12-15T06:00:00+01:00,-1.53
2018-12-15T12:00:00+01:00,-1.52
2018-12-15T18:00:00+01:00,-1.51
2018-12-16T00:00:00+01:00,-1.5
2018-12-16T06:00:00+01:00,-1.5
2018-12-16T12:00:00+01:00,-1.5
2018-12-16T18:00:00+01:00,-1.52
2018-12-17T00:00:00+01:00,-1.52
2018-12-17T06:00:00+01:00,-1.53
2018-12-17T12:00:00+01:00,-1.53
2018-12-17T18:00:00+01:00,-1.54
2018-12-18T00:00:00+01:00,-1.54
2018-12-18T06:00:00+01:00,-1.54
2018-12-18T12:00:00+01:00,-1.52
2018-12-18T18:00:00+01:00,-1.51
2018-12-19T00:00:00+01:00,-1.5
2018-12-19T06:00:00+01:00,-1.51
2018-12-19T12:00:00+01:00,-1.51
2018-12-19T18:00:00+01:00,-1.51
2018-12-20T00:00:00+01:00,-1.51
2018-12-20T06:00:00+01:00,-1.52
2018-12-20T12:00:00+01:00,-1.51
2018-12-20T18:00:00+01:00,-1.52
2018-12-21T00:00:00+01:00,-1.51
2018-12-22T06:00:00+01:00,-1.47
2018-12-22T12:00:00+01:00,-1.46
2018-12-22T18:00:00+01:00,-1.46
2018-12-23T00:00:00+01:00,-1.45
2018-12-23T06:00:00+01:00,-1.45
2018-12-23T12:00:00+01:00,-1.44
2018-12-23T18:00:00+01:00,-1.45
2018-12-24T00:00:00+01:00,-1.46
2018-12-24T06:00:00+01:00,-1.47
2018-12-24T12:00:00+01:00,-1.47
2018-12-24T18:00:00+01:00,-1.48
2018-12-25T00:00:00+01:00,-1.47
2018-12-25T06:00:00+01:00,-1.47
2018-12-25T12:00:00+01:00,-1.47
2018-12-25T18:00:00+01:00,-1.47
2018-12-26T00:00:00+01:00,-1.47
2018-12-26T06:00:00+01:00,-1.47
2018-12-26T12:00:00+01:00,-1.47
2018-12-26T18:00:00+01:00,-1.47
2018-12-27T00:00:00+01:00,-1.48
2018-12-27T06:00:00+01:00,-1.47
2018-12-27T12:00:00+01:00,-1.48
2018-12-27T18:00:00+01:00,-1.48
2018-12-28T00:00:00+01:00,-1.49
2018-12-28T06:00:00+01:00,-1.5
2018-12-28T12:00:00+01:00,-1.49
2018-12-28T18:00:00+01:00,-1.5
2018-12-29T00:00:00+01:00,-1.5
2018-12-29T06:00:00+01:00,-1.5
2018-12-29T12:00:00+01:00,-1.48
2018-12-29T18:00:00+01:00,-1.5
2018-12-30T00:00:00+01:00,-1.52
2018-12-30T06:00:00+01:00,-1.53
2018-12-30T12:00:00+01:00,-1.51
2018-12-30T18:00:00+01:00,-1.52
2018-12-31T00:00:00+01:00,-1.52
2018-12-31T06:00:00+01:00,-1.53
2018-12-31T12:00:00+01:00,-1.52
2018-12-31T18:00:00+01:00,-1.52
2019-01-01T00:00:00+01:00,-1.51
2019-01-01T06:00:00+01:00,-1.51
2019-01-01T12:00:00+01:00,-1.52
2019-01-01T18:00:00+01:00,-1.53
2019-01-02T00:00:00+01:00,-1.54
2019-01-02T06:00:00+01:00,-1.54
2019-01-02T12:00:00+01:00,-1.55
2019-01-02T18:00:00+01:00,-1.55
2019-01-03T00:00:00+01:00,-1.55
2019-01-03T06:00:00+01:00,-1.55
2019-01-03T12:00:00+01:00,-1.53
2019-01-03T18:00:00+01:00,-1.55
2019-01-04T00:00:00+01:00,-1.55
2019-01-04T06:00:00+01:00,-1.54
2019-01-04T12:00:00+01:00,-1.53
2019-01-04T18:00:00+01:00,-1.54
2019-01-05T00:00:00+01:00,-1.53
2019-01-05T06:00:00+01:00,-1.53
2019-01-05T12:00:00+01:00,-1.54
2019-01-05T18:00:00+01:00,-1.55
2019-01-06T00:00:00+01:00,-1.55
2019-01-06T06:00:00+01:00,-1.55
2019-01-06T12:00:00+01:00,-1.55
2019-01-06T18:00:00+01:00,-1.56
2019-01-07T00:00:00+01:00,-1.56
2019-01-07T06:00:00+01:00,-1.55
2019-01-07T12:00:00+01:00,-1.53
2019-01-07T18:00:00+01:00,-1.51
2019-01-08T00:00:00+01:00,-1.51
2019-01-08T06:00:00+01:00,-1.5
2019-01-08T12:00:00+01:00,-1.52
2019-01-08T18:00:00+01:00,-1.53
2019-01-09T00:00:00+01:00,-1.53
2019-01-09T06:00:00+01:00,-1.54
2019-01-09T12:00:00+01:00,-1.56
2019-01-09T18:00:00+01:00,-1.57
2019-01-10T00:00:00+01:00,-1.57
2019-01-10T06:00:00+01:00,-1.56
2019-01-10T12:00:00+01:00,-1.56
2019-01-10T18:00:00+01:00,-1.55
2019-01-11T00:00:00+01:00,-1.55
2019-01-11T06:00:00+01:00,-1.55
2019-01-11T12:00:00+01:00,-1.55
2019-01-11T18:00:00+01:00,-1.55
2019-01-12T00:00:00+01:00,-1.55
2019-01-12T06:00:00+01:00,-1.52
2019-01-12T12:00:00+01:00,-1.51
2019-01-12T18:00:00+01:00,-1.52
2019-01-13T00:00:00+01:00,-1.51
2019-01-13T06:00:00+01:00,-1.5
2019-01-13T12:00:00+01:00,-1.47
2019-01-13T18:00:00+01:00,-1.48
2019-01-14T00:00:00+01:00,-1.5
2019-01-14T06:00:00+01:00,-1.51
2019-01-14T12:00:00+01:00,-1.51
2019-01-14T18:00:00+01:00,-1.52
2019-01-15T00:00:00+01:00,-1.5
2019-01-15T06:00:00+01:00,-1.49
2019-01-15T12:00:00+01:00,-1.49
2019-01-15T18:00:00+01:00,-1.49
2019-01-16T00:00:00+01:00,-1.48
2019-01-16T06:00:00+01:00,-1.47
2019-01-16T12:00:00+01:00,-1.47
2019-01-16T18:00:00+01:00,-1.46
2019-01-17T00:00:00+01:00,-1.47
2019-01-17T06:00:00+01:00,-1.47
2019-01-17T12:00:00+01:00,-1.49
2019-01-17T18:00:00+01:00,-1.5
2019-01-18T00:00:00+01:00,-1.53
2019-01-18T06:00:00+01:00,-1.52
2019-01-18T12:00:00+01:00,-1.52
2019-01-18T18:00:00+01:00,-1.52
2019-01-19T00:00:00+01:00,-1.52
2019-01-19T06:00:00+01:00,-1.51
2019-01-19T12:00:00+01:00,-1.51
2019-01-19T18:00:00+01:00,-1.51
2019-01-20T00:00:00+01:00,-1.51
2019-01-20T06:00:00+01:00,-1.51
2019-01-20T12:00:00+01:00,-1.52
2019-01-20T18:00:00+01:00,-1.53
2019-01-21T00:00:00+01:00,-1.53
2019-01-21T06:00:00+01:00,-1.52
2019-01-21T12:00:00+01:00,-1.51
2019-01-21T18:00:00+01:00,-1.51
2019-01-22T00:00:00+01:00,-1.5
2019-01-22T06:00:00+01:00,-1.48
2019-01-22T12:00:00+01:00,-1.48
2019-01-22T18:00:00+01:00,-1.48
2019-01-23T00:00:00+01:00,-1.49
2019-01-23T06:00:00+01:00,-1.5
2019-01-23T12:00:00+01:00,-1.51
2019-01-23T18:00:00+01:00,-1.52
2019-01-24T00:00:00+01:00,-1.53
2019-01-24T06:00:00+01:00,-1.53
2019-01-24T12:00:00+01:00,-1.53
2019-01-24T18:00:00+01:00,-1.55
2019-01-25T00:00:00+01:00,-1.53
2019-01-25T06:00:00+01:00,-1.53
2019-01-25T12:00:00+01:00,-1.52
2019-01-25T18:00:00+01:00,-1.51
2019-01-26T00:00:00+01:00,-1.51
2019-01-26T06:00:00+01:00,-1.49
2019-01-26T12:00:00+01:00,-1.48
2019-01-26T18:00:00+01:00,-1.46
2019-01-27T00:00:00+01:00,-1.43
2019-01-27T06:00:00+01:00,-1.42
2019-01-27T12:00:00+01:00,-1.43
2019-01-27T18:00:00+01:00,-1.42
2019-01-28T00:00:00+01:00,-1.41
2019-01-28T06:00:00+01:00,-1.44
2019-01-28T12:00:00+01:00,-1.45
2019-01-28T18:00:00+01:00,-1.46
2019-01-29T00:00:00+01:00,-1.45
2019-01-29T06:00:00+01:00,-1.44
2019-01-29T12:00:00+01:00,-1.44
2019-01-29T18:00:00+01:00,-1.44
2019-01-30T00:00:00+01:00,-1.43
2019-01-30T06:00:00+01:00,-1.43
2019-01-30T12:00:00+01:00,-1.44
2019-01-30T18:00:00+01:00,-1.45
2019-01-31T00:00:00+01:00,-1.45
2019-01-31T06:00:00+01:00,-1.45
2019-01-31T12:00:00+01:00,-1.46
2019-01-31T18:00:00+01:00,-1.46
2019-02-01T00:00:00+01:00,-1.46
2019-02-01T06:00:00+01:00,-1.45
2019-02-01T12:00:00+01:00,-1.46
2019-02-01T18:00:00+01:00,-1.47
2019-02-02T00:00:00+01:00,-1.48
2019-02-02T06:00:00+01:00,-1.49
2019-02-02T12:00:00+01:00,-1.5
2019-02-02T18:00:00+01:00,-1.52
2019-02-03T00:00:00+01:00,-1.53
2019-02-03T06:00:00+01:00,-1.53
2019-02-03T12:00:00+01:00,-1.53
2019-02-03T18:00:00+01:00,-1.54
2019-02-04T00:00:00+01:00,-1.53
2019-02-04T06:00:00+01:00,-1.52
2019-02-04T12:00:00+01:00,-1.52
2019-02-04T18:00:00+01:00,-1.52
2019-02-05T00:00:00+01:00,-1.54
2019-02-05T06:00:00+01:00,-1.54
2019-02-05T12:00:00+01:00,-1.54
2019-02-05T18:00:00+01:00,-1.54
2019-02-06T00:00:00+01:00,-1.53
2019-02-06T06:00:00+01:00,-1.52
2019-02-06T12:00:00+01:00,-1.52
2019-02-06T18:00:00+01:00,-1.51
2019-02-07T00:00:00+01:00,-1.49
2019-02-07T06:00:00+01:00,-1.46
2019-02-07T12:00:00+01:00,-1.46
2019-02-07T18:00:00+01:00,-1.47
2019-02-08T00:00:00+01:00,-1.47
2019-02-08T06:00:00+01:00,-1.45
2019-02-08T12:00:00+01:00,-1.44
2019-02-08T18:00:00+01:00,-1.43
2019-02-09T00:00:00+01:00,-1.43
2019-02-09T06:00:00+01:00,-1.44
2019-02-09T12:00:00+01:00,-1.44
2019-02-09T18:00:00+01:00,-1.46
2019-02-10T00:00:00+01:00,-1.45
2019-02-10T06:00:00+01:00,-1.42
2019-02-10T12:00:00+01:00,-1.42
2019-02-10T18:00:00+01:00,-1.45
2019-02-11T00:00:00+01:00,-1.46
2019-02-11T06:00:00+01:00,-1.46
2019-02-11T12:00:00+01:00,-1.48
2019-02-11T18:00:00+01:00,-1.47
2019-02-12T00:00:00+01:00,-1.47
2019-02-12T06:00:00+01:00,-1.46
2019-02-12T12:00:00+01:00,-1.47
2019-02-12T18:00:00+01:00,-1.47
2019-02-13T00:00:00+01:00,-1.47
2019-02-13T06:00:00+01:00,-1.47
2019-02-13T12:00:00+01:00,-1.48
2019-02-13T18:00:00+01:00,-1.48
2019-02-14T00:00:00+01:00,-1.48
2019-02-14T06:00:00+01:00,-1.49
2019-02-14T12:00:00+01:00,-1.49
2019-02-14T18:00:00+01:00,-1.49
2019-02-15T00:00:00+01:00,-1.49
2019-02-15T06:00:00+01:00,-1.49
2019-02-15T12:00:00+01:00,-1.49
2019-02-15T18:00:00+01:00,-1.49
2019-02-16T00:00:00+01:00,-1.48
2019-02-16T06:00:00+01:00,-1.48
2019-02-16T12:00:00+01:00,-1.49
2019-02-16T18:00:00+01:00,-1.5
2019-02-17T00:00:00+01:00,-1.49
2019-02-17T06:00:00+01:00,-1.49
2019-02-17T12:00:00+01:00,-1.48
2019-02-17T18:00:00+01:00,-1.5
2019-02-18T00:00:00+01:00,-1.49
2019-02-18T06:00:00+01:00,-1.49
2019-02-18T12:00:00+01:00,-1.48
2019-02-18T18:00:00+01:00,-1.49
2019-02-19T00:00:00+01:00,-1.49
2019-02-19T06:00:00+01:00,-1.49
2019-02-19T12:00:00+01:00,-1.5
2019-02-19T18:00:00+01:00,-1.5
2019-02-20T00:00:00+01:00,-1.5
2019-02-20T06:00:00+01:00,-1.51
2019-02-20T12:00:00+01:00,-1.51
2019-02-20T18:00:00+01:00,-1.52
2019-02-21T00:00:00+01:00,-1.52
2019-02-21T06:00:00+01:00,-1.52
2019-02-21T12:00:00+01:00,-1.53
2019-02-21T18:00:00+01:00,-1.54
2019-02-22T00:00:00+01:00,-1.54
2019-02-22T06:00:00+01:00,-1.55
2019-02-22T12:00:00+01:00,-1.56
2019-02-22T18:00:00+01:00,-1.56
2019-02-23T00:00:00+01:00,-1.56
2019-02-23T06:00:00+01:00,-1.55
2019-02-23T12:00:00+01:00,-1.55
2019-02-23T18:00:00+01:00,-1.55
2019-02-24T00:00:00+01:00,-1.55
2019-02-24T06:00:00+01:00,-1.56
2019-02-24T12:00:00+01:00,-1.55
2019-02-24T18:00:00+01:00,-1.56
2019-02-25T00:00:00+01:00,-1.55
2019-02-25T06:00:00+01:00,-1.56
2019-02-25T12:00:00+01:00,-1.56
2019-02-25T18:00:00+01:00,-1.56
2019-02-26T00:00:00+01:00,-1.55
2019-02-26T06:00:00+01:00,-1.55
2019-02-26T12:00:00+01:00,-1.55
2019-02-26T18:00:00+01:00,-1.56
2019-02-27T00:00:00+01:00,-1.55
2019-02-27T06:00:00+01:00,-1.54
2019-02-27T12:00:00+01:00,-1.53
2019-02-27T18:00:00+01:00,-1.52
2019-02-28T00:00:00+01:00,-1.52
2019-02-28T06:00:00+01:00,-1.52
2019-02-28T12:00:00+01:00,-1.52
2019-02-28T18:00:00+01:00,-1.52
2019-03-01T00:00:00+01:00,-1.52
2019-03-01T06:00:00+01:00,-1.54
2019-03-01T12:00:00+01:00,-1.54
2019-03-01T18:00:00+01:00,-1.54
2019-03-02T00:00:00+01:00,-1.54
2019-03-02T06:00:00+01:00,-1.53
2019-03-02T12:00:00+01:00,-1.52
2019-03-02T18:00:00+01:00,-1.52
2019-03-03T00:00:00+01:00,-1.51
2019-03-03T06:00:00+01:00,-1.51
2019-03-03T12:00:00+01:00,-1.51
2019-03-03T18:00:00+01:00,-1.49
2019-03-04T00:00:00+01:00,-1.47
2019-03-04T06:00:00+01:00,-1.45
2019-03-04T12:00:00+01:00,-1.47
2019-03-04T18:00:00+01:00,-1.48
2019-03-05T00:00:00+01:00,-1.47
2019-03-05T06:00:00+01:00,-1.47
2019-03-05T12:00:00+01:00,-1.49
2019-03-05T18:00:00+01:00,-1.5
2019-03-06T00:00:00+01:00,-1.48
2019-03-06T06:00:00+01:00,-1.46
2019-03-06T12:00:00+01:00,-1.45
2019-03-06T18:00:00+01:00,-1.45
2019-03-07T00:00:00+01:00,-1.44
2019-03-07T06:00:00+01:00,-1.42
2019-03-07T12:00:00+01:00,-1.44
2019-03-07T18:00:00+01:00,-1.42
2019-03-08T00:00:00+01:00,-1.41
2019-03-08T06:00:00+01:00,-1.45
2019-03-08T12:00:00+01:00,-1.45
2019-03-08T18:00:00+01:00,-1.43
2019-03-09T00:00:00+01:00,-1.39
2019-03-09T06:00:00+01:00,-1.42
2019-03-09T12:00:00+01:00,-1.4
2019-03-09T18:00:00+01:00,-1.44
2019-03-10T00:00:00+01:00,-1.42
2019-03-10T06:00:00+01:00,-1.4
2019-03-10T12:00:00+01:00,-1.41
2019-03-10T18:00:00+01:00,-1.43
2019-03-11T00:00:00+01:00,-1.4
2019-03-11T06:00:00+01:00,-1.39
2019-03-11T12:00:00+01:00,-1.38
2019-03-11T18:00:00+01:00,-1.42
2019-03-12T00:00:00+01:00,-1.4
2019-03-12T06:00:00+01:00,-1.37
2019-03-12T12:00:00+01:00,-1.35
2019-03-12T18:00:00+01:00,-1.33
2019-03-13T00:00:00+01:00,-1.35
2019-03-13T06:00:00+01:00,-1.35
2019-03-13T12:00:00+01:00,-1.35
2019-03-13T18:00:00+01:00,-1.37
2019-03-14T00:00:00+01:00,-1.37
2019-03-14T06:00:00+01:00,-1.34
2019-03-14T12:00:00+01:00,-1.31
2019-03-14T18:00:00+01:00,-1.37
2019-03-15T00:00:00+01:00,-1.35
2019-03-15T06:00:00+01:00,-1.33
2019-03-15T12:00:00+01:00,-1.33
2019-03-15T18:00:00+01:00,-1.36
2019-03-16T00:00:00+01:00,-1.36
2019-03-16T06:00:00+01:00,-1.35
2019-03-16T12:00:00+01:00,-1.34
2019-03-16T18:00:00+01:00,-1.34
2019-03-17T00:00:00+01:00,-1.32
2019-03-17T06:00:00+01:00,-1.36
2019-03-17T12:00:00+01:00,-1.37
2019-03-17T18:00:00+01:00,-1.37
2019-03-18T00:00:00+01:00,-1.37
2019-03-18T06:00:00+01:00,-1.39
2019-03-18T12:00:00+01:00,-1.4
2019-03-18T18:00:00+01:00,-1.42
2019-03-19T00:00:00+01:00,-1.42
2019-03-19T06:00:00+01:00,-1.43
2019-03-19T12:00:00+01:00,-1.43
2019-03-19T18:00:00+01:00,-1.44
2019-03-20T00:00:00+01:00,-1.44
2019-03-20T06:00:00+01:00,-1.44
2019-03-20T12:00:00+01:00,-1.45
2019-03-20T18:00:00+01:00,-1.45
2019-03-21T00:00:00+01:00,-1.46
2019-03-21T06:00:00+01:00,-1.46
2019-03-21T12:00:00+01:00,-1.46
2019-03-21T18:00:00+01:00,-1.46
2019-03-22T00:00:00+01:00,-1.46
2019-03-22T06:00:00+01:00,-1.46
2019-03-22T12:00:00+01:00,-1.45
2019-03-22T18:00:00+01:00,-1.46
2019-03-23T00:00:00+01:00,-1.46
2019-03-23T06:00:00+01:00,-1.47
2019-03-23T12:00:00+01:00,-1.49
2019-03-23T18:00:00+01:00,-1.48
2019-03-24T00:00:00+01:00,-1.48
2019-03-24T06:00:00+01:00,-1.47
2019-03-24T12:00:00+01:00,-1.47
2019-03-24T18:00:00+01:00,-1.46
2019-03-25T00:00:00+01:00,-1.45
2019-03-25T06:00:00+01:00,-1.45
2019-03-25T12:00:00+01:00,-1.47
2019-03-25T18:00:00+01:00,-1.5
2019-03-26T00:00:00+01:00,-1.49
2019-03-26T06:00:00+01:00,-1.49
2019-03-26T12:00:00+01:00,-1.49
2019-03-26T18:00:00+01:00,-1.5
2019-03-27T00:00:00+01:00,-1.5
2019-03-27T06:00:00+01:00,-1.51
2019-03-27T12:00:00+01:00,-1.51
2019-03-27T18:00:00+01:00,-1.51
2019-03-28T00:00:00+01:00,-1.51
2019-03-28T06:00:00+01:00,-1.52
2019-03-28T12:00:00+01:00,-1.51
2019-03-28T18:00:00+01:00,-1.51
2019-03-29T00:00:00+01:00,-1.51
2019-03-29T06:00:00+01:00,-1.51
2019-03-29T12:00:00+01:00,-1.5
2019-03-29T18:00:00+01:00,-1.5
2019-03-30T00:00:00+01:00,-1.49
2019-03-30T06:00:00+01:00,-1.49
2019-03-30T12:00:00+01:00,-1.49
2019-03-30T18:00:00+01:00,-1.5
2019-03-31T00:00:00+01:00,-1.51
2019-03-31T06:00:00+02:00,-1.52
2019-03-31T12:00:00+02:00,-1.52
2019-03-31T18:00:00+02:00,-1.52
2019-04-01T00:00:00+02:00,-1.52
2019-04-01T06:00:00+02:00,-1.52
2019-04-01T12:00:00+02:00,-1.5
2019-04-01T18:00:00+02:00,-1.5
2019-04-02T00:00:00+02:00,-1.48
2019-04-02T06:00:00+02:00,-1.48
2019-04-02T12:00:00+02:00,-1.46
2019-04-02T18:00:00+02:00,-1.49
2019-04-03T00:00:00+02:00,-1.49
2019-04-03T06:00:00+02:00,-1.49
2019-04-03T12:00:00+02:00,-1.48
2019-04-03T18:00:00+02:00,-1.49
2019-04-04T00:00:00+02:00,-1.49
2019-04-04T06:00:00+02:00,-1.49
2019-04-04T12:00:00+02:00,-1.49
2019-04-04T18:00:00+02:00,-1.5
2019-04-05T00:00:00+02:00,-1.51
2019-04-05T06:00:00+02:00,-1.51
2019-04-05T12:00:00+02:00,-1.51
2019-04-05T18:00:00+02:00,-1.51
2019-04-06T00:00:00+02:00,-1.51
2019-04-06T06:00:00+02:00,-1.52
2019-04-06T12:00:00+02:00,-1.51
2019-04-06T18:00:00+02:00,-1.52
2019-04-07T00:00:00+02:00,-1.51
2019-04-07T06:00:00+02:00,-1.52
2019-04-07T12:00:00+02:00,-1.52
2019-04-07T18:00:00+02:00,-1.53
2019-04-08T00:00:00+02:00,-1.52
2019-04-08T06:00:00+02:00,-1.53
2019-04-08T12:00:00+02:00,-1.53
2019-04-08T18:00:00+02:00,-1.54
2019-04-09T00:00:00+02:00,-1.54
2019-04-09T06:00:00+02:00,-1.54
2019-04-09T12:00:00+02:00,-1.53
2019-04-09T18:00:00+02:00,-1.54
2019-04-10T00:00:00+02:00,-1.54
2019-04-10T06:00:00+02:00,-1.55
2019-04-10T12:00:00+02:00,-1.54
2019-04-10T18:00:00+02:00,-1.55
2019-04-11T00:00:00+02:00,-1.55
2019-04-11T06:00:00+02:00,-1.55
2019-04-11T12:00:00+02:00,-1.55
2019-04-11T18:00:00+02:00,-1.56
2019-04-12T00:00:00+02:00,-1.56
2019-04-12T06:00:00+02:00,-1.56
2019-04-12T12:00:00+02:00,-1.55
2019-04-12T18:00:00+02:00,-1.56
2019-04-13T00:00:00+02:00,-1.56
2019-04-13T06:00:00+02:00,-1.56
2019-04-13T12:00:00+02:00,-1.55
2019-04-13T18:00:00+02:00,-1.55
2019-04-14T00:00:00+02:00,-1.56
2019-04-14T06:00:00+02:00,-1.57
2019-04-14T12:00:00+02:00,-1.56
2019-04-14T18:00:00+02:00,-1.57
2019-04-15T00:00:00+02:00,-1.57
2019-04-15T06:00:00+02:00,-1.56
2019-04-15T12:00:00+02:00,-1.55
2019-04-15T18:00:00+02:00,-1.55
2019-04-16T00:00:00+02:00,-1.56
2019-04-16T06:00:00+02:00,-1.56
2019-04-16T12:00:00+02:00,-1.55
2019-04-16T18:00:00+02:00,-1.56
2019-04-17T00:00:00+02:00,-1.56
2019-04-17T06:00:00+02:00,-1.57
2019-04-17T12:00:00+02:00,-1.57
2019-04-17T18:00:00+02:00,-1.57
2019-04-18T00:00:00+02:00,-1.58
2019-04-18T06:00:00+02:00,-1.59
2019-04-18T12:00:00+02:00,-1.57
2019-04-18T18:00:00+02:00,-1.58
2019-04-19T00:00:00+02:00,-1.59
2019-04-19T06:00:00+02:00,-1.59
2019-04-19T12:00:00+02:00,-1.58
2019-04-19T18:00:00+02:00,-1.59
2019-04-20T00:00:00+02:00,-1.59
2019-04-20T06:00:00+02:00,-1.59
2019-04-20T12:00:00+02:00,-1.59
2019-04-20T18:00:00+02:00,-1.58
2019-04-21T00:00:00+02:00,-1.57
2019-04-21T06:00:00+02:00,-1.57
2019-04-21T12:00:00+02:00,-1.56
2019-04-21T18:00:00+02:00,-1.56
2019-04-22T00:00:00+02:00,-1.56
2019-04-22T06:00:00+02:00,-1.55
2019-04-22T12:00:00+02:00,-1.54
2019-04-22T18:00:00+02:00,-1.55
2019-04-23T00:00:00+02:00,-1.55
2019-04-23T06:00:00+02:00,-1.55
2019-04-23T12:00:00+02:00,-1.53
2019-04-23T18:00:00+02:00,-1.54
2019-04-24T00:00:00+02:00,-1.54
2019-04-24T06:00:00+02:00,-1.54
2019-04-24T12:00:00+02:00,-1.55
2019-04-24T18:00:00+02:00,-1.55
2019-04-25T00:00:00+02:00,-1.55
2019-04-25T06:00:00+02:00,-1.55
2019-04-25T12:00:00+02:00,-1.54
2019-04-25T18:00:00+02:00,-1.56
2019-04-26T00:00:00+02:00,-1.55
2019-04-26T06:00:00+02:00,-1.56
2019-04-26T12:00:00+02:00,-1.56
2019-04-26T18:00:00+02:00,-1.56
2019-04-27T00:00:00+02:00,-1.55
2019-04-27T06:00:00+02:00,-1.55
2019-04-27T12:00:00+02:00,-1.55
2019-04-27T18:00:00+02:00,-1.57
2019-04-28T00:00:00+02:00,-1.57
2019-04-28T06:00:00+02:00,-1.58
2019-04-28T12:00:00+02:00,-1.59
2019-04-28T18:00:00+02:00,-1.59
2019-04-29T00:00:00+02:00,-1.6
2019-04-29T06:00:00+02:00,-1.6
2019-04-29T12:00:00+02:00,-1.59
2019-04-29T18:00:00+02:00,-1.59
2019-04-30T00:00:00+02:00,-1.59
2019-04-30T06:00:00+02:00,-1.59
2019-04-30T12:00:00+02:00,-1.58
2019-04-30T18:00:00+02:00,-1.58
2019-05-01T00:00:00+02:00,-1.58
2019-05-01T06:00:00+02:00,-1.58
2019-05-01T12:00:00+02:00,-1.57
2019-05-01T18:00:00+02:00,-1.57
2019-05-02T00:00:00+02:00,-1.56
2019-05-02T06:00:00+02:00,-1.56
2019-05-02T12:00:00+02:00,-1.55
2019-05-02T18:00:00+02:00,-1.57
2019-05-03T00:00:00+02:00,-1.57
2019-05-03T06:00:00+02:00,-1.58
2019-05-03T12:00:00+02:00,-1.57
2019-05-03T18:00:00+02:00,-1.57
2019-05-04T00:00:00+02:00,-1.56
2019-05-04T06:00:00+02:00,-1.57
2019-05-04T12:00:00+02:00,-1.58
2019-05-04T18:00:00+02:00,-1.59
2019-05-05T00:00:00+02:00,-1.58
2019-05-05T06:00:00+02:00,-1.59
2019-05-05T12:00:00+02:00,-1.59
2019-05-05T18:00:00+02:00,-1.59
2019-05-06T00:00:00+02:00,-1.58
2019-05-06T06:00:00+02:00,-1.58
2019-05-06T12:00:00+02:00,-1.58
2019-05-06T18:00:00+02:00,-1.59
2019-05-07T00:00:00+02:00,-1.58
2019-05-07T06:00:00+02:00,-1.58
2019-05-07T12:00:00+02:00,-1.58
2019-05-07T18:00:00+02:00,-1.57
2019-05-08T00:00:00+02:00,-1.56
2019-05-08T06:00:00+02:00,-1.55
2019-05-08T12:00:00+02:00,-1.53
2019-05-08T18:00:00+02:00,-1.54
2019-05-09T00:00:00+02:00,-1.55
2019-05-09T06:00:00+02:00,-1.55
2019-05-09T12:00:00+02:00,-1.56
2019-05-09T18:00:00+02:00,-1.57
2019-05-10T00:00:00+02:00,-1.57
2019-05-10T06:00:00+02:00,-1.58
2019-05-10T12:00:00+02:00,-1.59
2019-05-10T18:00:00+02:00,-1.59
2019-05-11T00:00:00+02:00,-1.59
2019-05-11T06:00:00+02:00,-1.6
2019-05-11T12:00:00+02:00,-1.61
2019-05-11T18:00:00+02:00,-1.63
2019-05-12T00:00:00+02:00,-1.63
2019-05-12T06:00:00+02:00,-1.64
2019-05-12T12:00:00+02:00,-1.65
2019-05-12T18:00:00+02:00,-1.65
2019-05-13T00:00:00+02:00,-1.64
2019-05-13T06:00:00+02:00,-1.64
2019-05-13T12:00:00+02:00,-1.64
2019-05-13T18:00:00+02:00,-1.63
2019-05-14T00:00:00+02:00,-1.63
2019-05-14T06:00:00+02:00,-1.63
2019-05-14T12:00:00+02:00,-1.62
2019-05-14T18:00:00+02:00,-1.62
2019-05-15T00:00:00+02:00,-1.62
2019-05-15T06:00:00+02:00,-1.62
2019-05-15T12:00:00+02:00,-1.61
2019-05-15T18:00:00+02:00,-1.62
2019-05-16T00:00:00+02:00,-1.61
2019-05-16T06:00:00+02:00,-1.61
2019-05-16T12:00:00+02:00,-1.6
2019-05-16T18:00:00+02:00,-1.6
2019-05-17T00:00:00+02:00,-1.59
2019-05-17T06:00:00+02:00,-1.59
2019-05-17T12:00:00+02:00,-1.56
2019-05-17T18:00:00+02:00,-1.59
2019-05-18T00:00:00+02:00,-1.59
2019-05-18T06:00:00+02:00,-1.59
2019-05-18T12:00:00+02:00,-1.59
2019-05-18T18:00:00+02:00,-1.6
2019-05-19T00:00:00+02:00,-1.59
2019-05-19T06:00:00+02:00,-1.59
2019-05-19T12:00:00+02:00,-1.6
2019-05-19T18:00:00+02:00,-1.6
2019-05-20T00:00:00+02:00,-1.59
2019-05-20T06:00:00+02:00,-1.6
2019-05-20T12:00:00+02:00,-1.6
2019-05-20T18:00:00+02:00,-1.61
2019-05-21T00:00:00+02:00,-1.6
2019-05-21T06:00:00+02:00,-1.61
2019-05-21T12:00:00+02:00,-1.61
2019-05-21T18:00:00+02:00,-1.62
2019-05-22T00:00:00+02:00,-1.62
2019-05-22T06:00:00+02:00,-1.63
2019-05-22T12:00:00+02:00,-1.63
2019-05-22T18:00:00+02:00,-1.63
2019-05-23T00:00:00+02:00,-1.62
2019-05-23T06:00:00+02:00,-1.63
2019-05-23T12:00:00+02:00,-1.62
2019-05-23T18:00:00+02:00,-1.62
2019-05-24T00:00:00+02:00,-1.62
2019-05-24T06:00:00+02:00,-1.62
2019-05-24T12:00:00+02:00,-1.63
2019-05-24T18:00:00+02:00,-1.63
2019-05-25T00:00:00+02:00,-1.63
2019-05-25T06:00:00+02:00,-1.64
2019-05-25T12:00:00+02:00,-1.63
2019-05-25T18:00:00+02:00,-1.63
2019-05-26T00:00:00+02:00,-1.61
2019-05-26T06:00:00+02:00,-1.6
2019-05-26T12:00:00+02:00,-1.6
2019-05-26T18:00:00+02:00,-1.6
2019-05-27T00:00:00+02:00,-1.59
2019-05-27T06:00:00+02:00,-1.59
2019-05-27T12:00:00+02:00,-1.57
2019-05-27T18:00:00+02:00,-1.57
2019-05-28T00:00:00+02:00,-1.57
2019-05-28T06:00:00+02:00,-1.58
2019-05-28T12:00:00+02:00,-1.59
2019-05-28T18:00:00+02:00,-1.6
2019-05-29T00:00:00+02:00,-1.6
2019-05-29T06:00:00+02:00,-1.61
2019-05-29T12:00:00+02:00,-1.58
2019-05-29T18:00:00+02:00,-1.59
2019-05-30T00:00:00+02:00,-1.59
2019-05-30T06:00:00+02:00,-1.59
2019-05-30T12:00:00+02:00,-1.6
2019-05-30T18:00:00+02:00,-1.6
2019-05-31T00:00:00+02:00,-1.6
2019-05-31T06:00:00+02:00,-1.61
2019-05-31T12:00:00+02:00,-1.61
2019-05-31T18:00:00+02:00,-1.61
2019-06-01T00:00:00+02:00,-1.61
2019-06-01T06:00:00+02:00,-1.61
2019-06-01T12:00:00+02:00,-1.62
2019-06-01T18:00:00+02:00,-1.61
2019-06-02T00:00:00+02:00,-1.61
2019-06-02T06:00:00+02:00,-1.61
2019-06-02T12:00:00+02:00,-1.6
2019-06-02T18:00:00+02:00,-1.6
2019-06-03T00:00:00+02:00,-1.61
2019-06-03T06:00:00+02:00,-1.61
2019-06-03T12:00:00+02:00,-1.62
2019-06-03T18:00:00+02:00,-1.62
2019-06-04T00:00:00+02:00,-1.62
2019-06-04T06:00:00+02:00,-1.62
2019-06-04T12:00:00+02:00,-1.6
2019-06-04T18:00:00+02:00,-1.58
2019-06-05T00:00:00+02:00,-1.6
2019-06-05T06:00:00+02:00,-1.63
2019-06-05T12:00:00+02:00,-1.62
2019-06-05T18:00:00+02:00,-1.62
2019-06-06T00:00:00+02:00,-1.61
2019-06-06T06:00:00+02:00,-1.62
2019-06-06T12:00:00+02:00,-1.63
2019-06-06T18:00:00+02:00,-1.63
2019-06-07T00:00:00+02:00,-1.63
2019-06-07T06:00:00+02:00,-1.63
2019-06-07T12:00:00+02:00,-1.61
2019-06-07T18:00:00+02:00,-1.62
2019-06-08T00:00:00+02:00,-1.61
2019-06-08T06:00:00+02:00,-1.63
2019-06-08T12:00:00+02:00,-1.64
2019-06-08T18:00:00+02:00,-1.65
2019-06-09T00:00:00+02:00,-1.65
2019-06-09T06:00:00+02:00,-1.66
2019-06-09T12:00:00+02:00,-1.65
2019-06-09T18:00:00+02:00,-1.66
2019-06-10T00:00:00+02:00,-1.65
2019-06-10T06:00:00+02:00,-1.64
2019-06-10T12:00:00+02:00,-1.64
2019-06-10T18:00:00+02:00,-1.64
2019-06-11T00:00:00+02:00,-1.63
2019-06-11T06:00:00+02:00,-1.63
2019-06-11T12:00:00+02:00,-1.61
2019-06-11T18:00:00+02:00,-1.6
2019-06-12T00:00:00+02:00,-1.59
2019-06-12T06:00:00+02:00,-1.58
2019-06-12T12:00:00+02:00,-1.57
2019-06-12T18:00:00+02:00,-1.57
2019-06-13T00:00:00+02:00,-1.56
2019-06-13T06:00:00+02:00,-1.57
2019-06-13T12:00:00+02:00,-1.57
2019-06-13T18:00:00+02:00,-1.57
2019-06-14T00:00:00+02:00,-1.58
2019-06-14T06:00:00+02:00,-1.58
2019-06-14T12:00:00+02:00,-1.57
2019-06-14T18:00:00+02:00,-1.58
2019-06-15T00:00:00+02:00,-1.57
2019-06-15T06:00:00+02:00,-1.57
2019-06-15T12:00:00+02:00,-1.56
2019-06-15T18:00:00+02:00,-1.56
2019-06-16T00:00:00+02:00,-1.56
2019-06-16T06:00:00+02:00,-1.56
2019-06-16T12:00:00+02:00,-1.56
2019-06-16T18:00:00+02:00,-1.56
2019-06-17T00:00:00+02:00,-1.56
2019-06-17T06:00:00+02:00,-1.56
2019-06-17T12:00:00+02:00,-1.55
2019-06-17T18:00:00+02:00,-1.55
2019-06-18T00:00:00+02:00,-1.56
2019-06-18T06:00:00+02:00,-1.56
2019-06-18T12:00:00+02:00,-1.56
2019-06-18T18:00:00+02:00,-1.56
2019-06-19T00:00:00+02:00,-1.55
2019-06-19T06:00:00+02:00,-1.56
2019-06-19T12:00:00+02:00,-1.56
2019-06-19T18:00:00+02:00,-1.56
2019-06-20T00:00:00+02:00,-1.56
2019-06-20T06:00:00+02:00,-1.57
2019-06-20T12:00:00+02:00,-1.58
2019-06-20T18:00:00+02:00,-1.58
2019-06-21T00:00:00+02:00,-1.58
2019-06-21T06:00:00+02:00,-1.59
2019-06-21T12:00:00+02:00,-1.59
2019-06-21T18:00:00+02:00,-1.6
2019-06-22T00:00:00+02:00,-1.61
2019-06-22T06:00:00+02:00,-1.61
2019-06-22T12:00:00+02:00,-1.6
2019-06-22T18:00:00+02:00,-1.6
2019-06-23T00:00:00+02:00,-1.6
2019-06-23T06:00:00+02:00,-1.61
2019-06-23T12:00:00+02:00,-1.6
2019-06-23T18:00:00+02:00,-1.6
2019-06-24T00:00:00+02:00,-1.62
2019-06-24T06:00:00+02:00,-1.62
2019-06-24T12:00:00+02:00,-1.6
2019-06-24T18:00:00+02:00,-1.61
2019-06-25T00:00:00+02:00,-1.61
2019-06-25T06:00:00+02:00,-1.62
2019-06-25T12:00:00+02:00,-1.61
2019-06-25T18:00:00+02:00,-1.63
2019-06-26T00:00:00+02:00,-1.63
2019-06-26T06:00:00+02:00,-1.65
2019-06-26T12:00:00+02:00,-1.65
2019-06-26T18:00:00+02:00,-1.65
2019-06-27T00:00:00+02:00,-1.66
2019-06-27T06:00:00+02:00,-1.66
2019-06-27T12:00:00+02:00,-1.66
2019-06-27T18:00:00+02:00,-1.65
2019-06-28T00:00:00+02:00,-1.65
2019-06-28T06:00:00+02:00,-1.66
2019-06-28T12:00:00+02:00,-1.66
2019-06-28T18:00:00+02:00,-1.65
2019-06-29T00:00:00+02:00,-1.66
2019-06-29T06:00:00+02:00,-1.66
2019-06-29T12:00:00+02:00,-1.65
2019-06-29T18:00:00+02:00,-1.64
2019-06-30T00:00:00+02:00,-1.64
2019-06-30T06:00:00+02:00,-1.65
2019-06-30T12:00:00+02:00,-1.67
2019-06-30T18:00:00+02:00,-1.66
2019-07-01T00:00:00+02:00,-1.66
2019-07-01T06:00:00+02:00,-1.66
2019-07-01T12:00:00+02:00,-1.67
2019-07-01T18:00:00+02:00,-1.67
2019-07-02T00:00:00+02:00,-1.69
2019-07-02T06:00:00+02:00,-1.69
2019-07-02T12:00:00+02:00,-1.69
2019-07-02T18:00:00+02:00,-1.69
2019-07-03T00:00:00+02:00,-1.69
2019-07-03T06:00:00+02:00,-1.7
2019-07-03T12:00:00+02:00,-1.7
2019-07-03T18:00:00+02:00,-1.7
2019-07-04T00:00:00+02:00,-1.7
2019-07-04T06:00:00+02:00,-1.71
2019-07-04T12:00:00+02:00,-1.69
2019-07-04T18:00:00+02:00,-1.69
2019-07-05T00:00:00+02:00,-1.69
2019-07-05T06:00:00+02:00,-1.69
2019-07-05T12:00:00+02:00,-1.69
2019-07-05T18:00:00+02:00,-1.69
2019-07-06T00:00:00+02:00,-1.68
2019-07-06T06:00:00+02:00,-1.68
2019-07-06T12:00:00+02:00,-1.69
2019-07-06T18:00:00+02:00,-1.69
2019-07-07T00:00:00+02:00,-1.7
2019-07-07T06:00:00+02:00,-1.7
2019-07-07T12:00:00+02:00,-1.71
2019-07-07T18:00:00+02:00,-1.71
2019-07-08T00:00:00+02:00,-1.71
2019-07-08T06:00:00+02:00,-1.72
2019-07-08T12:00:00+02:00,-1.71
2019-07-08T18:00:00+02:00,-1.72
2019-07-09T00:00:00+02:00,-1.72
2019-07-09T06:00:00+02:00,-1.72
2019-07-09T12:00:00+02:00,-1.72
2019-07-09T18:00:00+02:00,-1.72
2019-07-10T00:00:00+02:00,-1.72
2019-07-10T06:00:00+02:00,-1.72
2019-07-10T12:00:00+02:00,-1.72
2019-07-10T18:00:00+02:00,-1.71
2019-07-11T00:00:00+02:00,-1.7
2019-07-11T06:00:00+02:00,-1.7
2019-07-11T12:00:00+02:00,-1.7
2019-07-11T18:00:00+02:00,-1.7
2019-07-12T00:00:00+02:00,-1.7
2019-07-12T06:00:00+02:00,-1.7
2019-07-12T12:00:00+02:00,-1.7
2019-07-12T18:00:00+02:00,-1.7
2019-07-13T00:00:00+02:00,-1.7
2019-07-13T06:00:00+02:00,-1.7
2019-07-13T12:00:00+02:00,-1.71
2019-07-13T18:00:00+02:00,-1.7
2019-07-14T00:00:00+02:00,-1.7
2019-07-14T06:00:00+02:00,-1.7
2019-07-14T12:00:00+02:00,-1.71
2019-07-14T18:00:00+02:00,-1.7
2019-07-15T00:00:00+02:00,-1.7
2019-07-15T06:00:00+02:00,-1.7
2019-07-15T12:00:00+02:00,-1.7
2019-07-15T18:00:00+02:00,-1.7
2019-07-16T00:00:00+02:00,-1.7
2019-07-16T06:00:00+02:00,-1.69
2019-07-16T12:00:00+02:00,-1.69
2019-07-16T18:00:00+02:00,-1.69
2019-07-17T00:00:00+02:00,-1.69
2019-07-17T06:00:00+02:00,-1.68
2019-07-17T12:00:00+02:00,-1.68
2019-07-17T18:00:00+02:00,-1.68
2019-07-18T00:00:00+02:00,-1.68
2019-07-18T06:00:00+02:00,-1.67
2019-07-18T12:00:00+02:00,-1.67
2019-07-18T18:00:00+02:00,-1.68
2019-07-19T00:00:00+02:00,-1.68
2019-07-19T06:00:00+02:00,-1.68
2019-07-19T12:00:00+02:00,-1.67
2019-07-19T18:00:00+02:00,-1.67
2019-07-20T00:00:00+02:00,-1.66
2019-07-20T06:00:00+02:00,-1.65
2019-07-20T12:00:00+02:00,-1.66
2019-07-20T18:00:00+02:00,-1.65
2019-07-21T00:00:00+02:00,-1.66
2019-07-21T06:00:00+02:00,-1.66
2019-07-21T12:00:00+02:00,-1.66
2019-07-21T18:00:00+02:00,-1.65
2019-07-22T00:00:00+02:00,-1.65
2019-07-22T06:00:00+02:00,-1.64
2019-07-22T12:00:00+02:00,-1.64
2019-07-22T18:00:00+02:00,-1.64
2019-07-23T00:00:00+02:00,-1.65
2019-07-23T06:00:00+02:00,-1.65
2019-07-23T12:00:00+02:00,-1.64
2019-07-23T18:00:00+02:00,-1.64
2019-07-24T00:00:00+02:00,-1.64
2019-07-24T06:00:00+02:00,-1.64
2019-07-24T12:00:00+02:00,-1.63
2019-07-24T18:00:00+02:00,-1.65
2019-07-25T00:00:00+02:00,-1.65
2019-07-25T06:00:00+02:00,-1.66
2019-07-25T12:00:00+02:00,-1.65
2019-07-25T18:00:00+02:00,-1.65
2019-07-26T00:00:00+02:00,-1.66
2019-07-26T06:00:00+02:00,-1.66
2019-07-26T12:00:00+02:00,-1.65
2019-07-26T18:00:00+02:00,-1.66
2019-07-27T00:00:00+02:00,-1.66
2019-07-27T06:00:00+02:00,-1.67
2019-07-27T12:00:00+02:00,-1.66
2019-07-27T18:00:00+02:00,-1.67
2019-07-28T00:00:00+02:00,-1.68
2019-07-28T06:00:00+02:00,-1.69
2019-07-28T12:00:00+02:00,-1.68
2019-07-28T18:00:00+02:00,-1.7
2019-07-29T00:00:00+02:00,-1.71
2019-07-29T06:00:00+02:00,-1.71
2019-07-29T12:00:00+02:00,-1.72
2019-07-29T18:00:00+02:00,-1.72
2019-07-30T00:00:00+02:00,-1.72
2019-07-30T06:00:00+02:00,-1.72
2019-07-30T12:00:00+02:00,-1.72
2019-07-30T18:00:00+02:00,-1.72
2019-07-31T00:00:00+02:00,-1.73
2019-07-31T06:00:00+02:00,-1.73
2019-07-31T12:00:00+02:00,-1.74
2019-07-31T18:00:00+02:00,-1.7
2019-08-01T00:00:00+02:00,-1.67
2019-08-01T06:00:00+02:00,-1.66
2019-08-01T12:00:00+02:00,-1.64
2019-08-01T18:00:00+02:00,-1.64
2019-08-02T00:00:00+02:00,-1.63
2019-08-02T06:00:00+02:00,-1.64
2019-08-02T12:00:00+02:00,-1.63
2019-08-02T18:00:00+02:00,-1.61
2019-08-03T00:00:00+02:00,-1.59
2019-08-03T06:00:00+02:00,-1.58
2019-08-03T12:00:00+02:00,-1.58
2019-08-03T18:00:00+02:00,-1.57
2019-08-04T00:00:00+02:00,-1.57
2019-08-04T06:00:00+02:00,-1.57
2019-08-04T12:00:00+02:00,-1.57
2019-08-04T18:00:00+02:00,-1.57
2019-08-05T00:00:00+02:00,-1.56
2019-08-05T06:00:00+02:00,-1.56
2019-08-05T12:00:00+02:00,-1.56
2019-08-05T18:00:00+02:00,-1.56
2019-08-06T00:00:00+02:00,-1.57
2019-08-06T06:00:00+02:00,-1.57
2019-08-06T12:00:00+02:00,-1.57
2019-08-06T18:00:00+02:00,-1.57
2019-08-07T00:00:00+02:00,-1.57
2019-08-07T06:00:00+02:00,-1.57
2019-08-07T12:00:00+02:00,-1.57
2019-08-07T18:00:00+02:00,-1.58
2019-08-08T00:00:00+02:00,-1.58
2019-08-08T06:00:00+02:00,-1.59
2019-08-08T12:00:00+02:00,-1.6
2019-08-08T18:00:00+02:00,-1.61
2019-08-09T00:00:00+02:00,-1.61
2019-08-09T06:00:00+02:00,-1.6
2019-08-09T12:00:00+02:00,-1.59
2019-08-09T18:00:00+02:00,-1.58
2019-08-10T00:00:00+02:00,-1.58
2019-08-10T06:00:00+02:00,-1.59
2019-08-10T12:00:00+02:00,-1.6
2019-08-10T18:00:00+02:00,-1.6
2019-08-11T00:00:00+02:00,-1.6
2019-08-11T06:00:00+02:00,-1.61
2019-08-11T12:00:00+02:00,-1.61
2019-08-11T18:00:00+02:00,-1.62
2019-08-12T00:00:00+02:00,-1.61
2019-08-12T06:00:00+02:00,-1.62
2019-08-12T12:00:00+02:00,-1.62
2019-08-12T18:00:00+02:00,-1.62
2019-08-13T00:00:00+02:00,-1.62
2019-08-13T06:00:00+02:00,-1.63
2019-08-13T12:00:00+02:00,-1.62
2019-08-13T18:00:00+02:00,-1.61
2019-08-14T00:00:00+02:00,-1.6
2019-08-14T06:00:00+02:00,-1.59
2019-08-14T12:00:00+02:00,-1.57
2019-08-14T18:00:00+02:00,-1.56
2019-08-15T00:00:00+02:00,-1.54
2019-08-15T06:00:00+02:00,-1.53
2019-08-15T12:00:00+02:00,-1.54
2019-08-15T18:00:00+02:00,-1.54
2019-08-16T00:00:00+02:00,-1.54
2019-08-16T06:00:00+02:00,-1.53
2019-08-16T12:00:00+02:00,-1.53
2019-08-16T18:00:00+02:00,-1.52
2019-08-17T00:00:00+02:00,-1.51
2019-08-17T06:00:00+02:00,-1.51
2019-08-17T12:00:00+02:00,-1.52
2019-08-17T18:00:00+02:00,-1.52
2019-08-18T00:00:00+02:00,-1.52
2019-08-18T06:00:00+02:00,-1.52
2019-08-18T12:00:00+02:00,-1.51
2019-08-18T18:00:00+02:00,-1.53
2019-08-19T00:00:00+02:00,-1.53
2019-08-19T06:00:00+02:00,-1.54
2019-08-19T12:00:00+02:00,-1.55
2019-08-19T18:00:00+02:00,-1.55
2019-08-20T00:00:00+02:00,-1.56
2019-08-20T06:00:00+02:00,-1.56
2019-08-20T12:00:00+02:00,-1.57
2019-08-20T18:00:00+02:00,-1.58
2019-08-21T00:00:00+02:00,-1.58
2019-08-21T06:00:00+02:00,-1.59
2019-08-21T12:00:00+02:00,-1.58
2019-08-21T18:00:00+02:00,-1.58
2019-08-22T00:00:00+02:00,-1.58
2019-08-22T06:00:00+02:00,-1.58
2019-08-22T12:00:00+02:00,-1.58
2019-08-22T18:00:00+02:00,-1.58
2019-08-23T00:00:00+02:00,-1.58
2019-08-23T06:00:00+02:00,-1.59
2019-08-23T12:00:00+02:00,-1.59
2019-08-23T18:00:00+02:00,-1.59
2019-08-24T00:00:00+02:00,-1.59
2019-08-24T06:00:00+02:00,-1.59
2019-08-24T12:00:00+02:00,-1.58
2019-08-24T18:00:00+02:00,-1.58
2019-08-25T00:00:00+02:00,-1.59
2019-08-25T06:00:00+02:00,-1.59
2019-08-25T12:00:00+02:00,-1.59
2019-08-25T18:00:00+02:00,-1.6
2019-08-26T00:00:00+02:00,-1.6
2019-08-26T06:00:00+02:00,-1.6
2019-08-26T12:00:00+02:00,-1.59
2019-08-26T18:00:00+02:00,-1.6
2019-08-27T00:00:00+02:00,-1.6
2019-08-27T06:00:00+02:00,-1.6
2019-08-27T12:00:00+02:00,-1.59
2019-08-27T18:00:00+02:00,-1.59
2019-08-28T00:00:00+02:00,-1.59
2019-08-28T06:00:00+02:00,-1.6
2019-08-28T12:00:00+02:00,-1.6
2019-08-28T18:00:00+02:00,-1.6
2019-08-29T00:00:00+02:00,-1.61
2019-08-29T06:00:00+02:00,-1.62
2019-08-29T12:00:00+02:00,-1.62
2019-08-29T18:00:00+02:00,-1.63
2019-08-30T00:00:00+02:00,-1.63
2019-08-30T06:00:00+02:00,-1.63
2019-08-30T12:00:00+02:00,-1.62
2019-08-30T18:00:00+02:00,-1.63
2019-08-31T00:00:00+02:00,-1.61
2019-08-31T06:00:00+02:00,-1.6
2019-08-31T12:00:00+02:00,-1.58
2019-08-31T18:00:00+02:00,-1.58
2019-09-01T00:00:00+02:00,-1.58
2019-09-01T06:00:00+02:00,-1.58
2019-09-01T12:00:00+02:00,-1.58
2019-09-01T18:00:00+02:00,-1.58
2019-09-02T00:00:00+02:00,-1.57
2019-09-02T06:00:00+02:00,-1.57
2019-09-02T12:00:00+02:00,-1.56
2019-09-02T18:00:00+02:00,-1.56
2019-09-03T00:00:00+02:00,-1.54
2019-09-03T06:00:00+02:00,-1.55
2019-09-03T12:00:00+02:00,-1.55
2019-09-03T18:00:00+02:00,-1.54
2019-09-04T00:00:00+02:00,-1.53
2019-09-04T06:00:00+02:00,-1.52
2019-09-04T12:00:00+02:00,-1.51
2019-09-04T18:00:00+02:00,-1.53
2019-09-05T00:00:00+02:00,-1.51
2019-09-05T06:00:00+02:00,-1.53
2019-09-05T12:00:00+02:00,-1.55
2019-09-05T18:00:00+02:00,-1.55
2019-09-06T00:00:00+02:00,-1.54
2019-09-06T06:00:00+02:00,-1.54
2019-09-06T12:00:00+02:00,-1.52
2019-09-06T18:00:00+02:00,-1.51
2019-09-07T00:00:00+02:00,-1.51
2019-09-07T06:00:00+02:00,-1.51
2019-09-07T12:00:00+02:00,-1.5
2019-09-07T18:00:00+02:00,-1.51
2019-09-08T00:00:00+02:00,-1.48
2019-09-08T06:00:00+02:00,-1.47
2019-09-08T12:00:00+02:00,-1.46
2019-09-08T18:00:00+02:00,-1.46
2019-09-09T00:00:00+02:00,-1.44
2019-09-09T06:00:00+02:00,-1.44
2019-09-09T12:00:00+02:00,-1.44
2019-09-09T18:00:00+02:00,-1.45
2019-09-10T00:00:00+02:00,-1.45
2019-09-10T06:00:00+02:00,-1.46
2019-09-10T12:00:00+02:00,-1.46
2019-09-10T18:00:00+02:00,-1.47
2019-09-11T00:00:00+02:00,-1.47
2019-09-11T06:00:00+02:00,-1.46
2019-09-11T12:00:00+02:00,-1.46
2019-09-11T18:00:00+02:00,-1.47
2019-09-12T00:00:00+02:00,-1.48
2019-09-12T06:00:00+02:00,-1.48
2019-09-12T12:00:00+02:00,-1.48
2019-09-12T18:00:00+02:00,-1.48
2019-09-13T00:00:00+02:00,-1.48
2019-09-13T06:00:00+02:00,-1.5
2019-09-13T12:00:00+02:00,-1.51
2019-09-13T18:00:00+02:00,-1.51
2019-09-14T00:00:00+02:00,-1.51
2019-09-14T06:00:00+02:00,-1.51
2019-09-14T12:00:00+02:00,-1.5
2019-09-14T18:00:00+02:00,-1.49
2019-09-15T00:00:00+02:00,-1.47
2019-09-15T06:00:00+02:00,-1.46
2019-09-15T12:00:00+02:00,-1.44
2019-09-15T18:00:00+02:00,-1.44
2019-09-16T00:00:00+02:00,-1.42
2019-09-16T06:00:00+02:00,-1.41
2019-09-16T12:00:00+02:00,-1.41
2019-09-16T18:00:00+02:00,-1.41
2019-09-17T00:00:00+02:00,-1.41
2019-09-17T06:00:00+02:00,-1.41
2019-09-17T12:00:00+02:00,-1.42
2019-09-17T18:00:00+02:00,-1.43
2019-09-18T00:00:00+02:00,-1.44
2019-09-18T06:00:00+02:00,-1.44
2019-09-18T12:00:00+02:00,-1.44
2019-09-18T18:00:00+02:00,-1.45
2019-09-19T00:00:00+02:00,-1.45
2019-09-19T06:00:00+02:00,-1.46
2019-09-19T12:00:00+02:00,-1.46
2019-09-19T18:00:00+02:00,-1.46
2019-09-20T00:00:00+02:00,-1.46
2019-09-20T06:00:00+02:00,-1.46
2019-09-20T12:00:00+02:00,-1.46
2019-09-20T18:00:00+02:00,-1.46
2019-09-21T00:00:00+02:00,-1.46
2019-09-21T06:00:00+02:00,-1.46
2019-09-21T12:00:00+02:00,-1.45
2019-09-21T18:00:00+02:00,-1.45
2019-09-22T00:00:00+02:00,-1.45
2019-09-22T06:00:00+02:00,-1.45
2019-09-22T12:00:00+02:00,-1.44
2019-09-22T18:00:00+02:00,-1.45
2019-09-23T00:00:00+02:00,-1.46
2019-09-23T06:00:00+02:00,-1.46
2019-09-23T12:00:00+02:00,-1.46
2019-09-23T18:00:00+02:00,-1.47
2019-09-24T00:00:00+02:00,-1.46
2019-09-24T06:00:00+02:00,-1.46
2019-09-24T12:00:00+02:00,-1.45
2019-09-24T18:00:00+02:00,-1.45
2019-09-25T00:00:00+02:00,-1.44
2019-09-25T06:00:00+02:00,-1.44
2019-09-25T12:00:00+02:00,-1.45
2019-09-25T18:00:00+02:00,-1.45
2019-09-26T00:00:00+02:00,-1.45
2019-09-26T06:00:00+02:00,-1.45
2019-09-26T12:00:00+02:00,-1.43
2019-09-26T18:00:00+02:00,-1.42
2019-09-27T00:00:00+02:00,-1.43
2019-09-27T06:00:00+02:00,-1.42
2019-09-27T12:00:00+02:00,-1.42
2019-09-27T18:00:00+02:00,-1.41
2019-09-28T00:00:00+02:00,-1.41
2019-09-28T06:00:00+02:00,-1.4
2019-09-28T12:00:00+02:00,-1.38
2019-09-28T18:00:00+02:00,-1.37
2019-09-29T00:00:00+02:00,-1.34
2019-09-29T06:00:00+02:00,-1.29
2019-09-29T12:00:00+02:00,-1.26
2019-09-29T18:00:00+02:00,-1.26
2019-09-30T00:00:00+02:00,-1.28
2019-09-30T06:00:00+02:00,-1.33
2019-09-30T12:00:00+02:00,-1.34
2019-09-30T18:00:00+02:00,-1.34
2019-10-01T00:00:00+02:00,-1.32
2019-10-01T06:00:00+02:00,-1.31
2019-10-01T12:00:00+02:00,-1.32
2019-10-01T18:00:00+02:00,-1.32
2019-10-02T00:00:00+02:00,-1.33
2019-10-02T06:00:00+02:00,-1.33
2019-10-02T12:00:00+02:00,-1.33
2019-10-02T18:00:00+02:00,-1.34
2019-10-03T00:00:00+02:00,-1.34
2019-10-03T06:00:00+02:00,-1.34
2019-10-03T12:00:00+02:00,-1.34
2019-10-03T18:00:00+02:00,-1.34
2019-10-04T00:00:00+02:00,-1.33
2019-10-04T06:00:00+02:00,-1.32
2019-10-04T12:00:00+02:00,-1.33
2019-10-04T18:00:00+02:00,-1.37
2019-10-05T00:00:00+02:00,-1.36
2019-10-05T06:00:00+02:00,-1.36
2019-10-05T12:00:00+02:00,-1.36
2019-10-05T18:00:00+02:00,-1.37
2019-10-06T00:00:00+02:00,-1.36
2019-10-06T06:00:00+02:00,-1.35
2019-10-06T12:00:00+02:00,-1.35
2019-10-06T18:00:00+02:00,-1.38
2019-10-07T00:00:00+02:00,-1.39
2019-10-07T06:00:00+02:00,-1.38
2019-10-07T12:00:00+02:00,-1.38
2019-10-07T18:00:00+02:00,-1.38
2019-10-08T00:00:00+02:00,-1.35
2019-10-08T06:00:00+02:00,-1.37
2019-10-08T12:00:00+02:00,-1.37
2019-10-08T18:00:00+02:00,-1.37
2019-10-09T00:00:00+02:00,-1.37
2019-10-09T06:00:00+02:00,-1.36
2019-10-09T12:00:00+02:00,-1.36
2019-10-09T18:00:00+02:00,-1.35
2019-10-10T00:00:00+02:00,-1.33
2019-10-10T06:00:00+02:00,-1.33
2019-10-10T12:00:00+02:00,-1.32
2019-10-10T18:00:00+02:00,-1.32
2019-10-11T00:00:00+02:00,-1.3
2019-10-11T06:00:00+02:00,-1.3
2019-10-11T12:00:00+02:00,-1.29
2019-10-11T18:00:00+02:00,-1.28
2019-10-12T00:00:00+02:00,-1.28
2019-10-12T06:00:00+02:00,-1.27
2019-10-12T12:00:00+02:00,-1.26
2019-10-12T18:00:00+02:00,-1.25
2019-10-13T00:00:00+02:00,-1.23
2019-10-13T06:00:00+02:00,-1.22
2019-10-13T12:00:00+02:00,-1.2
2019-10-13T18:00:00+02:00,-1.21
2019-10-14T00:00:00+02:00,-1.22
2019-10-14T06:00:00+02:00,-1.22
2019-10-14T12:00:00+02:00,-1.22
2019-10-14T18:00:00+02:00,-1.21
2019-10-15T00:00:00+02:00,-1.18
2019-10-15T06:00:00+02:00,-1.19
2019-10-15T12:00:00+02:00,-1.2
2019-10-15T18:00:00+02:00,-1.2
2019-10-16T00:00:00+02:00,-1.2
2019-10-16T06:00:00+02:00,-1.2
2019-10-16T12:00:00+02:00,-1.2
2019-10-16T18:00:00+02:00,-1.22
2019-10-17T00:00:00+02:00,-1.24
2019-10-17T06:00:00+02:00,-1.25
2019-10-17T12:00:00+02:00,-1.26
2019-10-17T18:00:00+02:00,-1.26
2019-10-18T00:00:00+02:00,-1.26
2019-10-18T06:00:00+02:00,-1.26
2019-10-18T12:00:00+02:00,-1.26
2019-10-18T18:00:00+02:00,-1.28
2019-10-19T00:00:00+02:00,-1.28
2019-10-19T06:00:00+02:00,-1.28
2019-10-19T12:00:00+02:00,-1.29
2019-10-19T18:00:00+02:00,-1.3
2019-10-20T00:00:00+02:00,-1.32
2019-10-20T06:00:00+02:00,-1.33
2019-10-20T12:00:00+02:00,-1.33
2019-10-20T18:00:00+02:00,-1.35
2019-10-21T00:00:00+02:00,-1.35
2019-10-21T06:00:00+02:00,-1.35
2019-10-21T12:00:00+02:00,-1.34
2019-10-21T18:00:00+02:00,-1.34
2019-10-22T00:00:00+02:00,-1.33
2019-10-22T06:00:00+02:00,-1.31
2019-10-22T12:00:00+02:00,-1.31
2019-10-22T18:00:00+02:00,-1.31
2019-10-23T00:00:00+02:00,-1.3
2019-10-23T06:00:00+02:00,-1.3
2019-10-23T12:00:00+02:00,-1.3
2019-10-23T18:00:00+02:00,-1.29
2019-10-24T00:00:00+02:00,-1.29
2019-10-24T06:00:00+02:00,-1.29
2019-10-24T12:00:00+02:00,-1.29
2019-10-24T18:00:00+02:00,-1.31
2019-10-25T00:00:00+02:00,-1.32
2019-10-25T06:00:00+02:00,-1.33
2019-10-25T12:00:00+02:00,-1.33
2019-10-25T18:00:00+02:00,-1.31
2019-10-26T00:00:00+02:00,-1.3
2019-10-26T06:00:00+02:00,-1.3
2019-10-26T12:00:00+02:00,-1.29
2019-10-26T18:00:00+02:00,-1.3
2019-10-27T00:00:00+02:00,-1.33
2019-10-27T06:00:00+01:00,-1.32
2019-10-27T12:00:00+01:00,-1.32
2019-10-27T18:00:00+01:00,-1.33
2019-10-28T00:00:00+01:00,-1.32
2019-10-28T06:00:00+01:00,-1.32
2019-10-28T12:00:00+01:00,-1.33
2019-10-28T18:00:00+01:00,-1.34
2019-10-29T00:00:00+01:00,-1.34
2019-10-29T06:00:00+01:00,-1.34
2019-10-29T12:00:00+01:00,-1.35
2019-10-29T18:00:00+01:00,-1.36
2019-10-30T00:00:00+01:00,-1.36
2019-10-30T06:00:00+01:00,-1.36
2019-10-30T12:00:00+01:00,-1.35
2019-10-30T18:00:00+01:00,-1.37
2019-10-31T00:00:00+01:00,-1.36
2019-10-31T06:00:00+01:00,-1.36
2019-10-31T12:00:00+01:00,-1.35
2019-10-31T18:00:00+01:00,-1.36
2019-11-01T00:00:00+01:00,-1.34
2019-11-01T06:00:00+01:00,-1.32
2019-11-01T12:00:00+01:00,-1.31
2019-11-01T18:00:00+01:00,-1.3
2019-11-02T00:00:00+01:00,-1.29
2019-11-02T06:00:00+01:00,-1.29
2019-11-02T12:00:00+01:00,-1.29
2019-11-02T18:00:00+01:00,-1.29
2019-11-03T00:00:00+01:00,-1.29
2019-11-03T06:00:00+01:00,-1.3
2019-11-03T12:00:00+01:00,-1.3
2019-11-03T18:00:00+01:00,-1.3
2019-11-04T00:00:00+01:00,-1.29
2019-11-04T06:00:00+01:00,-1.29
2019-11-04T12:00:00+01:00,-1.28
2019-11-04T18:00:00+01:00,-1.29
2019-11-05T00:00:00+01:00,-1.3
2019-11-05T06:00:00+01:00,-1.3
2019-11-05T12:00:00+01:00,-1.31
2019-11-05T18:00:00+01:00,-1.32
2019-11-06T00:00:00+01:00,-1.33
2019-11-06T06:00:00+01:00,-1.33
2019-11-06T12:00:00+01:00,-1.33
2019-11-06T18:00:00+01:00,-1.34
2019-11-07T00:00:00+01:00,-1.33
2019-11-07T06:00:00+01:00,-1.33
2019-11-07T12:00:00+01:00,-1.33
2019-11-07T18:00:00+01:00,-1.34
2019-11-08T00:00:00+01:00,-1.35
2019-11-08T06:00:00+01:00,-1.35
2019-11-08T12:00:00+01:00,-1.35
2019-11-08T18:00:00+01:00,-1.35
2019-11-09T00:00:00+01:00,-1.35
2019-11-09T06:00:00+01:00,-1.35
2019-11-09T12:00:00+01:00,-1.34
2019-11-09T18:00:00+01:00,-1.35
2019-11-10T00:00:00+01:00,-1.36
2019-11-10T06:00:00+01:00,-1.36
2019-11-10T12:00:00+01:00,-1.37
2019-11-10T18:00:00+01:00,-1.37
2019-11-11T00:00:00+01:00,-1.36
2019-11-11T06:00:00+01:00,-1.34
2019-11-11T12:00:00+01:00,-1.33
2019-11-11T18:00:00+01:00,-1.34
2019-11-12T00:00:00+01:00,-1.34
2019-11-12T06:00:00+01:00,-1.34
2019-11-12T12:00:00+01:00,-1.33
2019-11-12T18:00:00+01:00,-1.32
2019-11-13T00:00:00+01:00,-1.3
2019-11-13T06:00:00+01:00,-1.3
2019-11-13T12:00:00+01:00,-1.3
2019-11-13T18:00:00+01:00,-1.3
2019-11-14T00:00:00+01:00,-1.29
2019-11-14T06:00:00+01:00,-1.3
2019-11-14T12:00:00+01:00,-1.3
2019-11-14T18:00:00+01:00,-1.3
2019-11-15T00:00:00+01:00,-1.3
2019-11-15T06:00:00+01:00,-1.29
2019-11-15T12:00:00+01:00,-1.29
2019-11-15T18:00:00+01:00,-1.3
2019-11-16T00:00:00+01:00,-1.29
2019-11-16T06:00:00+01:00,-1.29
2019-11-16T12:00:00+01:00,-1.29
2019-11-16T18:00:00+01:00,-1.31
2019-11-17T00:00:00+01:00,-1.31
2019-11-17T06:00:00+01:00,-1.32
2019-11-17T12:00:00+01:00,-1.32
2019-11-17T18:00:00+01:00,-1.32
2019-11-18T00:00:00+01:00,-1.3
2019-11-18T06:00:00+01:00,-1.3
2019-11-18T12:00:00+01:00,-1.29
2019-11-18T18:00:00+01:00,-1.28
2019-11-19T00:00:00+01:00,-1.28
2019-11-19T06:00:00+01:00,-1.29
2019-11-19T12:00:00+01:00,-1.28
2019-11-19T18:00:00+01:00,-1.28
2019-11-20T00:00:00+01:00,-1.28
2019-11-20T06:00:00+01:00,-1.27
2019-11-20T12:00:00+01:00,-1.26
2019-11-20T18:00:00+01:00,-1.27
2019-11-21T00:00:00+01:00,-1.26
2019-11-21T06:00:00+01:00,-1.27
2019-11-21T12:00:00+01:00,-1.26
2019-11-21T18:00:00+01:00,-1.27
2019-11-22T00:00:00+01:00,-1.27
2019-11-22T06:00:00+01:00,-1.28
2019-11-22T12:00:00+01:00,-1.28
2019-11-22T18:00:00+01:00,-1.29
2019-11-23T00:00:00+01:00,-1.29
2019-11-23T06:00:00+01:00,-1.29
2019-11-23T12:00:00+01:00,-1.3
2019-11-23T18:00:00+01:00,-1.32
2019-11-24T00:00:00+01:00,-1.32
2019-11-24T06:00:00+01:00,-1.32
2019-11-24T12:00:00+01:00,-1.33
2019-11-24T18:00:00+01:00,-1.34
2019-11-25T00:00:00+01:00,-1.34
2019-11-25T06:00:00+01:00,-1.34
2019-11-25T12:00:00+01:00,-1.34
2019-11-25T18:00:00+01:00,-1.34
2019-11-26T00:00:00+01:00,-1.34
2019-11-26T06:00:00+01:00,-1.33
2019-11-26T12:00:00+01:00,-1.33
2019-11-26T18:00:00+01:00,-1.33
2019-11-27T00:00:00+01:00,-1.33
2019-11-27T06:00:00+01:00,-1.31
2019-11-27T12:00:00+01:00,-1.32
2019-11-27T18:00:00+01:00,-1.31
2019-11-28T00:00:00+01:00,-1.3
2019-11-28T06:00:00+01:00,-1.29
2019-11-28T12:00:00+01:00,-1.29
2019-11-28T18:00:00+01:00,-1.3
2019-11-29T00:00:00+01:00,-1.29
2019-11-29T06:00:00+01:00,-1.29
2019-11-29T12:00:00+01:00,-1.29
2019-11-29T18:00:00+01:00,-1.3
2019-11-30T00:00:00+01:00,-1.3
2019-11-30T06:00:00+01:00,-1.29
2019-11-30T12:00:00+01:00,-1.29
2019-11-30T18:00:00+01:00,-1.29
2019-12-01T00:00:00+01:00,-1.29
2019-12-01T06:00:00+01:00,-1.29
2019-12-01T12:00:00+01:00,-1.29
2019-12-01T18:00:00+01:00,-1.29
2019-12-02T00:00:00+01:00,-1.29
2019-12-02T06:00:00+01:00,-1.29
2019-12-02T12:00:00+01:00,-1.3
2019-12-02T18:00:00+01:00,-1.31
2019-12-03T00:00:00+01:00,-1.31
2019-12-03T06:00:00+01:00,-1.31
2019-12-03T12:00:00+01:00,-1.3
2019-12-03T18:00:00+01:00,-1.31
2019-12-04T00:00:00+01:00,-1.31
2019-12-04T06:00:00+01:00,-1.31
2019-12-04T12:00:00+01:00,-1.31
2019-12-04T18:00:00+01:00,-1.32
2019-12-05T00:00:00+01:00,-1.31
2019-12-05T06:00:00+01:00,-1.32
2019-12-05T12:00:00+01:00,-1.31
2019-12-05T18:00:00+01:00,-1.3
2019-12-06T00:00:00+01:00,-1.29
2019-12-06T06:00:00+01:00,-1.3
2019-12-06T12:00:00+01:00,-1.28
2019-12-06T18:00:00+01:00,-1.28
2019-12-07T00:00:00+01:00,-1.31
2019-12-07T06:00:00+01:00,-1.31
2019-12-07T12:00:00+01:00,-1.3
2019-12-07T18:00:00+01:00,-1.3
2019-12-08T00:00:00+01:00,-1.27
2019-12-08T06:00:00+01:00,-1.26
2019-12-08T12:00:00+01:00,-1.27
2019-12-08T18:00:00+01:00,-1.27
2019-12-09T00:00:00+01:00,-1.27
2019-12-09T06:00:00+01:00,-1.28
2019-12-09T12:00:00+01:00,-1.31
2019-12-09T18:00:00+01:00,-1.34
2019-12-10T00:00:00+01:00,-1.34
2019-12-10T06:00:00+01:00,-1.34
2019-12-10T12:00:00+01:00,-1.31
2019-12-10T18:00:00+01:00,-1.29
2019-12-11T00:00:00+01:00,-1.3
2019-12-11T06:00:00+01:00,-1.31
2019-12-11T12:00:00+01:00,-1.3
2019-12-11T18:00:00+01:00,-1.31
2019-12-12T00:00:00+01:00,-1.3
2019-12-12T06:00:00+01:00,-1.3
2019-12-12T12:00:00+01:00,-1.29
2019-12-12T18:00:00+01:00,-1.27
2019-12-13T00:00:00+01:00,-1.25
2019-12-13T06:00:00+01:00,-1.27
2019-12-13T12:00:00+01:00,-1.29
2019-12-13T18:00:00+01:00,-1.29
2019-12-14T00:00:00+01:00,-1.28
2019-12-14T06:00:00+01:00,-1.29
2019-12-14T12:00:00+01:00,-1.29
2019-12-14T18:00:00+01:00,-1.31
2019-12-15T00:00:00+01:00,-1.28
2019-12-15T06:00:00+01:00,-1.28
2019-12-15T12:00:00+01:00,-1.29
2019-12-15T18:00:00+01:00,-1.3
2019-12-16T00:00:00+01:00,-1.29
2019-12-16T06:00:00+01:00,-1.29
2019-12-16T12:00:00+01:00,-1.28
2019-12-16T18:00:00+01:00,-1.29
2019-12-17T00:00:00+01:00,-1.28
2019-12-17T06:00:00+01:00,-1.28
2019-12-17T12:00:00+01:00,-1.27
2019-12-17T18:00:00+01:00,-1.27
2019-12-18T00:00:00+01:00,-1.29
2019-12-18T06:00:00+01:00,-1.3
2019-12-18T12:00:00+01:00,-1.3
2019-12-18T18:00:00+01:00,-1.29
2019-12-19T00:00:00+01:00,-1.27
2019-12-19T06:00:00+01:00,-1.27
2019-12-19T12:00:00+01:00,-1.26
2019-12-19T18:00:00+01:00,-1.26
2019-12-20T00:00:00+01:00,-1.24
2019-12-20T06:00:00+01:00,-1.22
2019-12-20T12:00:00+01:00,-1.22
2019-12-20T18:00:00+01:00,-1.24
2019-12-21T00:00:00+01:00,-1.25
2019-12-21T06:00:00+01:00,-1.25
2019-12-21T12:00:00+01:00,-1.24
2019-12-21T18:00:00+01:00,-1.24
2019-12-22T00:00:00+01:00,-1.24
2019-12-22T06:00:00+01:00,-1.24
2019-12-22T12:00:00+01:00,-1.25
2019-12-22T18:00:00+01:00,-1.26
2019-12-23T00:00:00+01:00,-1.28
2019-12-23T06:00:00+01:00,-1.29
2019-12-23T12:00:00+01:00,-1.29
2019-12-23T18:00:00+01:00,-1.3
2019-12-24T00:00:00+01:00,-1.29
2019-12-24T06:00:00+01:00,-1.28
2019-12-24T12:00:00+01:00,-1.26
2019-12-24T18:00:00+01:00,-1.28
2019-12-25T00:00:00+01:00,-1.29
2019-12-25T06:00:00+01:00,-1.3
2019-12-25T12:00:00+01:00,-1.3
2019-12-25T18:00:00+01:00,-1.31
2019-12-26T00:00:00+01:00,-1.31
2019-12-26T06:00:00+01:00,-1.32
2019-12-26T12:00:00+01:00,-1.32
2019-12-26T18:00:00+01:00,-1.33
2019-12-27T00:00:00+01:00,-1.34
2019-12-27T06:00:00+01:00,-1.36
2019-12-27T12:00:00+01:00,-1.36
2019-12-27T18:00:00+01:00,-1.38
2019-12-28T00:00:00+01:00,-1.38
2019-12-28T06:00:00+01:00,-1.38
2019-12-28T12:00:00+01:00,-1.38
2019-12-28T18:00:00+01:00,-1.38
2019-12-29T00:00:00+01:00,-1.38
2019-12-29T06:00:00+01:00,-1.38
2019-12-29T12:00:00+01:00,-1.37
2019-12-29T18:00:00+01:00,-1.38
2019-12-30T00:00:00+01:00,-1.37
2019-12-30T06:00:00+01:00,-1.37
2019-12-30T12:00:00+01:00,-1.36
2019-12-30T18:00:00+01:00,-1.37
2019-12-31T00:00:00+01:00,-1.39
2019-12-31T06:00:00+01:00,-1.41
2019-12-31T12:00:00+01:00,-1.4
2019-12-31T18:00:00+01:00,-1.41
2020-01-01T00:00:00+01:00,-1.41
2020-01-01T06:00:00+01:00,-1.41
2020-01-01T12:00:00+01:00,-1.4
2020-01-01T18:00:00+01:00,-1.4
2020-01-02T00:00:00+01:00,-1.4
2020-01-02T06:00:00+01:00,-1.39
2020-01-02T12:00:00+01:00,-1.38
2020-01-02T18:00:00+01:00,-1.38
2020-01-03T00:00:00+01:00,-1.37
2020-01-03T06:00:00+01:00,-1.37
2020-01-03T12:00:00+01:00,-1.37
2020-01-03T18:00:00+01:00,-1.4
2020-01-04T00:00:00+01:00,-1.36
2020-01-04T06:00:00+01:00,-1.35
2020-01-04T12:00:00+01:00,-1.35
2020-01-04T18:00:00+01:00,-1.36
2020-01-05T00:00:00+01:00,-1.35
2020-01-05T06:00:00+01:00,-1.35
2020-01-05T12:00:00+01:00,-1.34
2020-01-05T18:00:00+01:00,-1.34
2020-01-06T00:00:00+01:00,-1.33
2020-01-06T06:00:00+01:00,-1.33
2020-01-06T12:00:00+01:00,-1.32
2020-01-06T18:00:00+01:00,-1.32
2020-01-07T00:00:00+01:00,-1.33
2020-01-07T06:00:00+01:00,-1.35
2020-01-07T12:00:00+01:00,-1.34
2020-01-07T18:00:00+01:00,-1.34
2020-01-08T00:00:00+01:00,-1.33
2020-01-08T06:00:00+01:00,-1.34
2020-01-08T12:00:00+01:00,-1.35
2020-01-08T18:00:00+01:00,-1.36
2020-01-09T00:00:00+01:00,-1.34
2020-01-09T06:00:00+01:00,-1.32
2020-01-09T12:00:00+01:00,-1.32
2020-01-09T18:00:00+01:00,-1.33
2020-01-10T00:00:00+01:00,-1.34
2020-01-10T06:00:00+01:00,-1.35
2020-01-10T12:00:00+01:00,-1.37
2020-01-10T18:00:00+01:00,-1.37
2020-01-11T00:00:00+01:00,-1.36
2020-01-11T06:00:00+01:00,-1.35
2020-01-11T12:00:00+01:00,-1.34
2020-01-11T18:00:00+01:00,-1.34
2020-01-12T00:00:00+01:00,-1.33
2020-01-12T06:00:00+01:00,-1.33
2020-01-12T12:00:00+01:00,-1.32
2020-01-12T18:00:00+01:00,-1.35
2020-01-13T00:00:00+01:00,-1.35
2020-01-13T06:00:00+01:00,-1.34
2020-01-13T12:00:00+01:00,-1.33
2020-01-13T18:00:00+01:00,-1.31
2020-01-14T00:00:00+01:00,-1.3
2020-01-14T06:00:00+01:00,-1.32
2020-01-14T12:00:00+01:00,-1.3
2020-01-14T18:00:00+01:00,-1.29
2020-01-15T00:00:00+01:00,-1.29
2020-01-15T06:00:00+01:00,-1.29
2020-01-15T12:00:00+01:00,-1.28
2020-01-15T18:00:00+01:00,-1.31
2020-01-16T00:00:00+01:00,-1.31
2020-01-16T06:00:00+01:00,-1.3
2020-01-16T12:00:00+01:00,-1.28
2020-01-16T18:00:00+01:00,-1.28
2020-01-17T00:00:00+01:00,-1.27
2020-01-17T06:00:00+01:00,-1.26
2020-01-17T12:00:00+01:00,-1.26
2020-01-17T18:00:00+01:00,-1.27
2020-01-18T00:00:00+01:00,-1.28
2020-01-18T06:00:00+01:00,-1.29
2020-01-18T12:00:00+01:00,-1.29
2020-01-18T18:00:00+01:00,-1.31
2020-01-19T00:00:00+01:00,-1.31
2020-01-19T06:00:00+01:00,-1.32
2020-01-19T12:00:00+01:00,-1.33
2020-01-19T18:00:00+01:00,-1.34
2020-01-20T00:00:00+01:00,-1.33
2020-01-20T06:00:00+01:00,-1.33
2020-01-20T12:00:00+01:00,-1.33
2020-01-20T18:00:00+01:00,-1.32
2020-01-21T00:00:00+01:00,-1.32
2020-01-21T06:00:00+01:00,-1.32
2020-01-21T12:00:00+01:00,-1.32
2020-01-21T18:00:00+01:00,-1.32
2020-01-22T00:00:00+01:00,-1.32
2020-01-22T06:00:00+01:00,-1.32
2020-01-22T12:00:00+01:00,-1.32
2020-01-22T18:00:00+01:00,-1.33
2020-01-23T00:00:00+01:00,-1.33
2020-01-23T06:00:00+01:00,-1.32
2020-01-23T12:00:00+01:00,-1.32
2020-01-23T18:00:00+01:00,-1.31
2020-01-24T00:00:00+01:00,-1.31
2020-01-24T06:00:00+01:00,-1.31
2020-01-24T12:00:00+01:00,-1.31
2020-01-24T18:00:00+01:00,-1.31
2020-01-25T00:00:00+01:00,-1.31
2020-01-25T06:00:00+01:00,-1.32
2020-01-25T12:00:00+01:00,-1.32
2020-01-25T18:00:00+01:00,-1.32
2020-01-26T00:00:00+01:00,-1.31
2020-01-26T06:00:00+01:00,-1.31
2020-01-26T12:00:00+01:00,-1.31
2020-01-26T18:00:00+01:00,-1.31
2020-01-27T00:00:00+01:00,-1.3
2020-01-27T06:00:00+01:00,-1.3
2020-01-27T12:00:00+01:00,-1.29
2020-01-27T18:00:00+01:00,-1.28
2020-01-28T00:00:00+01:00,-1.26
2020-01-28T06:00:00+01:00,-1.27
2020-01-28T12:00:00+01:00,-1.3
2020-01-28T18:00:00+01:00,-1.31
2020-01-29T00:00:00+01:00,-1.3
2020-01-29T06:00:00+01:00,-1.3
2020-01-29T12:00:00+01:00,-1.31
2020-01-29T18:00:00+01:00,-1.31
2020-01-30T00:00:00+01:00,-1.3
2020-01-30T06:00:00+01:00,-1.3
2020-01-30T12:00:00+01:00,-1.29
2020-01-30T18:00:00+01:00,-1.27
2020-01-31T00:00:00+01:00,-1.3
2020-01-31T06:00:00+01:00,-1.32
2020-01-31T12:00:00+01:00,-1.31
2020-01-31T18:00:00+01:00,-1.31
2020-02-01T00:00:00+01:00,-1.3
2020-02-01T06:00:00+01:00,-1.3
2020-02-01T12:00:00+01:00,-1.31
2020-02-01T18:00:00+01:00,-1.31
2020-02-02T00:00:00+01:00,-1.32
2020-02-02T06:00:00+01:00,-1.32
2020-02-02T12:00:00+01:00,-1.3
2020-02-02T18:00:00+01:00,-1.32
2020-02-03T00:00:00+01:00,-1.31
2020-02-03T06:00:00+01:00,-1.31
2020-02-03T12:00:00+01:00,-1.31
2020-02-03T18:00:00+01:00,-1.3
2020-02-04T00:00:00+01:00,-1.3
2020-02-04T06:00:00+01:00,-1.31
2020-02-04T12:00:00+01:00,-1.33
2020-02-04T18:00:00+01:00,-1.37
2020-02-05T00:00:00+01:00,-1.37
2020-02-05T06:00:00+01:00,-1.38
2020-02-05T12:00:00+01:00,-1.37
2020-02-05T18:00:00+01:00,-1.36
2020-02-06T00:00:00+01:00,-1.36
2020-02-06T06:00:00+01:00,-1.36
2020-02-06T12:00:00+01:00,-1.37
2020-02-06T18:00:00+01:00,-1.37
2020-02-07T00:00:00+01:00,-1.37
2020-02-07T06:00:00+01:00,-1.37
2020-02-07T12:00:00+01:00,-1.36
2020-02-07T18:00:00+01:00,-1.36
2020-02-08T00:00:00+01:00,-1.36
2020-02-08T06:00:00+01:00,-1.36
2020-02-08T12:00:00+01:00,-1.36
2020-02-08T18:00:00+01:00,-1.37
2020-02-09T00:00:00+01:00,-1.36
2020-02-09T06:00:00+01:00,-1.33
2020-02-09T12:00:00+01:00,-1.3
2020-02-09T18:00:00+01:00,-1.29
2020-02-10T00:00:00+01:00,-1.31
2020-02-10T06:00:00+01:00,-1.31
2020-02-10T12:00:00+01:00,-1.32
2020-02-10T18:00:00+01:00,-1.28
2020-02-11T00:00:00+01:00,-1.28
2020-02-11T06:00:00+01:00,-1.29
2020-02-11T12:00:00+01:00,-1.28
2020-02-11T18:00:00+01:00,-1.28
2020-02-12T00:00:00+01:00,-1.29
2020-02-12T06:00:00+01:00,-1.29
2020-02-12T12:00:00+01:00,-1.3
2020-02-12T18:00:00+01:00,-1.31
2020-02-13T00:00:00+01:00,-1.3
2020-02-13T06:00:00+01:00,-1.28
2020-02-13T12:00:00+01:00,-1.26
2020-02-13T18:00:00+01:00,-1.29
2020-02-14T00:00:00+01:00,-1.31
2020-02-14T06:00:00+01:00,-1.33
2020-02-14T12:00:00+01:00,-1.32
2020-02-14T18:00:00+01:00,-1.3
2020-02-15T00:00:00+01:00,-1.3
2020-02-15T06:00:00+01:00,-1.29
2020-02-15T12:00:00+01:00,-1.28
2020-02-15T18:00:00+01:00,-1.26
2020-02-16T00:00:00+01:00,-1.27
2020-02-16T06:00:00+01:00,-1.25
2020-02-16T12:00:00+01:00,-1.27
2020-02-16T18:00:00+01:00,-1.25
2020-02-17T00:00:00+01:00,-1.23
2020-02-17T06:00:00+01:00,-1.19
2020-02-17T12:00:00+01:00,-1.18
2020-02-17T18:00:00+01:00,-1.18
2020-02-18T00:00:00+01:00,-1.2
2020-02-18T06:00:00+01:00,-1.22
2020-02-18T12:00:00+01:00,-1.23
2020-02-18T18:00:00+01:00,-1.23
2020-02-19T00:00:00+01:00,-1.24
2020-02-19T06:00:00+01:00,-1.26
2020-02-19T12:00:00+01:00,-1.27
2020-02-19T18:00:00+01:00,-1.27
2020-02-20T00:00:00+01:00,-1.26
2020-02-20T06:00:00+01:00,-1.26
2020-02-20T12:00:00+01:00,-1.26
2020-02-20T18:00:00+01:00,-1.26
2020-02-21T00:00:00+01:00,-1.28
2020-02-21T06:00:00+01:00,-1.28
2020-02-21T12:00:00+01:00,-1.27
2020-02-21T18:00:00+01:00,-1.26
2020-02-22T00:00:00+01:00,-1.25
2020-02-22T06:00:00+01:00,-1.24
2020-02-22T12:00:00+01:00,-1.25
2020-02-22T18:00:00+01:00,-1.26
2020-02-23T00:00:00+01:00,-1.25
2020-02-23T06:00:00+01:00,-1.22
2020-02-23T12:00:00+01:00,-1.21
2020-02-23T18:00:00+01:00,-1.23
2020-02-24T00:00:00+01:00,-1.22
2020-02-24T06:00:00+01:00,-1.21
2020-02-24T12:00:00+01:00,-1.17
2020-02-24T18:00:00+01:00,-1.16
2020-02-25T00:00:00+01:00,-1.16
2020-02-25T06:00:00+01:00,-1.14
2020-02-25T12:00:00+01:00,-1.15
2020-02-25T18:00:00+01:00,-1.15
2020-02-26T00:00:00+01:00,-1.15
2020-02-26T06:00:00+01:00,-1.17
2020-02-26T12:00:00+01:00,-1.19
2020-02-26T18:00:00+01:00,-1.21
2020-02-27T00:00:00+01:00,-1.19
2020-02-27T06:00:00+01:00,-1.19
2020-02-27T12:00:00+01:00,-1.19
2020-02-27T18:00:00+01:00,-1.22
2020-02-28T00:00:00+01:00,-1.23
2020-02-28T06:00:00+01:00,-1.22
2020-02-28T12:00:00+01:00,-1.21
2020-02-28T18:00:00+01:00,-1.18
2020-02-29T00:00:00+01:00,-1.16
2020-02-29T06:00:00+01:00,-1.14
2020-02-29T12:00:00+01:00,-1.1
2020-02-29T18:00:00+01:00,-1.13
2020-03-01T00:00:00+01:00,-1.11
2020-03-01T06:00:00+01:00,-1.11
2020-03-01T12:00:00+01:00,-1.12
2020-03-01T18:00:00+01:00,-1.12
2020-03-02T00:00:00+01:00,-1.12
2020-03-02T06:00:00+01:00,-1.12
2020-03-02T12:00:00+01:00,-1.12
2020-03-02T18:00:00+01:00,-1.14
2020-03-03T00:00:00+01:00,-1.14
2020-03-03T06:00:00+01:00,-1.14
2020-03-03T12:00:00+01:00,-1.14
2020-03-03T18:00:00+01:00,-1.15
2020-03-04T00:00:00+01:00,-1.14
2020-03-04T06:00:00+01:00,-1.14
2020-03-04T12:00:00+01:00,-1.14
2020-03-04T18:00:00+01:00,-1.15
2020-03-05T00:00:00+01:00,-1.16
2020-03-05T06:00:00+01:00,-1.18
2020-03-05T12:00:00+01:00,-1.18
2020-03-05T18:00:00+01:00,-1.21
2020-03-06T00:00:00+01:00,-1.21
2020-03-06T06:00:00+01:00,-1.24
2020-03-06T12:00:00+01:00,-1.26
2020-03-06T18:00:00+01:00,-1.28
2020-03-07T00:00:00+01:00,-1.28
2020-03-07T06:00:00+01:00,-1.3
2020-03-07T12:00:00+01:00,-1.3
2020-03-07T18:00:00+01:00,-1.3
2020-03-08T00:00:00+01:00,-1.29
2020-03-08T06:00:00+01:00,-1.29
2020-03-08T12:00:00+01:00,-1.29
2020-03-08T18:00:00+01:00,-1.3
2020-03-09T00:00:00+01:00,-1.3
2020-03-09T06:00:00+01:00,-1.3
2020-03-09T12:00:00+01:00,-1.3
2020-03-09T18:00:00+01:00,-1.3
2020-03-10T00:00:00+01:00,-1.27
2020-03-10T06:00:00+01:00,-1.27
2020-03-10T12:00:00+01:00,-1.27
2020-03-10T18:00:00+01:00,-1.27
2020-03-11T00:00:00+01:00,-1.28
2020-03-11T06:00:00+01:00,-1.28
2020-03-11T12:00:00+01:00,-1.28
2020-03-11T18:00:00+01:00,-1.26
2020-03-12T00:00:00+01:00,-1.24
2020-03-12T06:00:00+01:00,-1.26
2020-03-12T12:00:00+01:00,-1.28
2020-03-12T18:00:00+01:00,-1.28
2020-03-13T00:00:00+01:00,-1.28
2020-03-13T06:00:00+01:00,-1.29
2020-03-13T12:00:00+01:00,-1.32
2020-03-13T18:00:00+01:00,-1.34
2020-03-14T00:00:00+01:00,-1.33
2020-03-14T06:00:00+01:00,-1.33
2020-03-14T12:00:00+01:00,-1.33
2020-03-14T18:00:00+01:00,-1.33
2020-03-15T00:00:00+01:00,-1.33
2020-03-15T06:00:00+01:00,-1.33
2020-03-15T12:00:00+01:00,-1.33
2020-03-15T18:00:00+01:00,-1.34
2020-03-16T00:00:00+01:00,-1.35
2020-03-16T06:00:00+01:00,-1.37
2020-03-16T12:00:00+01:00,-1.37
2020-03-16T18:00:00+01:00,-1.38
2020-03-17T00:00:00+01:00,-1.39
2020-03-17T06:00:00+01:00,-1.38
2020-03-17T12:00:00+01:00,-1.39
2020-03-17T18:00:00+01:00,-1.39
2020-03-18T00:00:00+01:00,-1.38
2020-03-18T06:00:00+01:00,-1.39
2020-03-18T12:00:00+01:00,-1.39
2020-03-18T18:00:00+01:00,-1.4
2020-03-19T00:00:00+01:00,-1.41
2020-03-19T06:00:00+01:00,-1.42
2020-03-19T12:00:00+01:00,-1.42
2020-03-19T18:00:00+01:00,-1.42
2020-03-20T00:00:00+01:00,-1.42
2020-03-20T06:00:00+01:00,-1.43
2020-03-20T12:00:00+01:00,-1.43
2020-03-20T18:00:00+01:00,-1.44
2020-03-21T00:00:00+01:00,-1.44
2020-03-21T06:00:00+01:00,-1.44
2020-03-21T12:00:00+01:00,-1.44
2020-03-21T18:00:00+01:00,-1.45
2020-03-22T00:00:00+01:00,-1.45
2020-03-22T06:00:00+01:00,-1.46
2020-03-22T12:00:00+01:00,-1.45
2020-03-22T18:00:00+01:00,-1.46
2020-03-23T00:00:00+01:00,-1.45
2020-03-23T06:00:00+01:00,-1.46
2020-03-23T12:00:00+01:00,-1.45
2020-03-23T18:00:00+01:00,-1.46
2020-03-24T00:00:00+01:00,-1.45
2020-03-24T06:00:00+01:00,-1.46
2020-03-24T12:00:00+01:00,-1.45
2020-03-24T18:00:00+01:00,-1.46
2020-03-25T00:00:00+01:00,-1.46
2020-03-25T06:00:00+01:00,-1.46
2020-03-25T12:00:00+01:00,-1.46
2020-03-25T18:00:00+01:00,-1.46
2020-03-26T00:00:00+01:00,-1.46
2020-03-26T06:00:00+01:00,-1.47
2020-03-26T12:00:00+01:00,-1.46
2020-03-26T18:00:00+01:00,-1.47
2020-03-27T00:00:00+01:00,-1.47
2020-03-27T06:00:00+01:00,-1.47
2020-03-27T12:00:00+01:00,-1.47
2020-03-27T18:00:00+01:00,-1.48
2020-03-28T00:00:00+01:00,-1.47
2020-03-28T06:00:00+01:00,-1.48
2020-03-28T12:00:00+01:00,-1.48
2020-03-28T18:00:00+01:00,-1.48
2020-03-29T00:00:00+01:00,-1.48
2020-03-29T06:00:00+02:00,-1.5
2020-03-29T12:00:00+02:00,-1.5
2020-03-29T18:00:00+02:00,-1.5
2020-03-30T00:00:00+02:00,-1.49
2020-03-30T06:00:00+02:00,-1.48
2020-03-30T12:00:00+02:00,-1.48
2020-03-30T18:00:00+02:00,-1.49
2020-03-31T00:00:00+02:00,-1.51
2020-03-31T06:00:00+02:00,-1.51
2020-03-31T12:00:00+02:00,-1.5
2020-03-31T18:00:00+02:00,-1.49
2020-04-01T00:00:00+02:00,-1.48
2020-04-01T06:00:00+02:00,-1.48
2020-04-01T12:00:00+02:00,-1.47
2020-04-01T18:00:00+02:00,-1.47
2020-04-02T00:00:00+02:00,-1.47
2020-04-02T06:00:00+02:00,-1.46
2020-04-02T12:00:00+02:00,-1.45
2020-04-02T18:00:00+02:00,-1.45
2020-04-03T00:00:00+02:00,-1.46
2020-04-03T06:00:00+02:00,-1.47
2020-04-03T12:00:00+02:00,-1.47
2020-04-03T18:00:00+02:00,-1.47
2020-04-04T00:00:00+02:00,-1.47
2020-04-04T06:00:00+02:00,-1.47
2020-04-04T12:00:00+02:00,-1.46
2020-04-04T18:00:00+02:00,-1.46
2020-04-05T00:00:00+02:00,-1.46
2020-04-05T06:00:00+02:00,-1.46
2020-04-05T12:00:00+02:00,-1.45
2020-04-05T18:00:00+02:00,-1.45
2020-04-06T00:00:00+02:00,-1.45
2020-04-06T06:00:00+02:00,-1.45
2020-04-06T12:00:00+02:00,-1.46
2020-04-06T18:00:00+02:00,-1.48
2020-04-07T00:00:00+02:00,-1.49
2020-04-07T06:00:00+02:00,-1.5
2020-04-07T12:00:00+02:00,-1.49
2020-04-07T18:00:00+02:00,-1.49
2020-04-08T00:00:00+02:00,-1.48
2020-04-08T06:00:00+02:00,-1.48
2020-04-08T12:00:00+02:00,-1.48
2020-04-08T18:00:00+02:00,-1.49
2020-04-09T00:00:00+02:00,-1.49
2020-04-09T06:00:00+02:00,-1.5
2020-04-09T12:00:00+02:00,-1.5
2020-04-09T18:00:00+02:00,-1.52
2020-04-10T00:00:00+02:00,-1.51
2020-04-10T06:00:00+02:00,-1.51
2020-04-10T12:00:00+02:00,-1.49
2020-04-10T18:00:00+02:00,-1.49
2020-04-11T00:00:00+02:00,-1.49
2020-04-11T06:00:00+02:00,-1.49
2020-04-11T12:00:00+02:00,-1.49
2020-04-11T18:00:00+02:00,-1.48
2020-04-12T00:00:00+02:00,-1.48
2020-04-12T06:00:00+02:00,-1.48
2020-04-12T12:00:00+02:00,-1.48
2020-04-12T18:00:00+02:00,-1.48
2020-04-13T00:00:00+02:00,-1.5
2020-04-13T06:00:00+02:00,-1.51
2020-04-13T12:00:00+02:00,-1.5
2020-04-13T18:00:00+02:00,-1.49
2020-04-14T00:00:00+02:00,-1.5
2020-04-14T06:00:00+02:00,-1.5
2020-04-14T12:00:00+02:00,-1.5
2020-04-14T18:00:00+02:00,-1.5
2020-04-15T00:00:00+02:00,-1.49
2020-04-15T06:00:00+02:00,-1.49
2020-04-15T12:00:00+02:00,-1.48
2020-04-15T18:00:00+02:00,-1.48
2020-04-16T00:00:00+02:00,-1.48
2020-04-16T06:00:00+02:00,-1.48
2020-04-16T12:00:00+02:00,-1.48
2020-04-16T18:00:00+02:00,-1.48
2020-04-17T00:00:00+02:00,-1.49
2020-04-17T06:00:00+02:00,-1.49
2020-04-17T12:00:00+02:00,-1.48
2020-04-17T18:00:00+02:00,-1.48
2020-04-18T00:00:00+02:00,-1.48
2020-04-18T06:00:00+02:00,-1.49
2020-04-18T12:00:00+02:00,-1.48
2020-04-18T18:00:00+02:00,-1.49
2020-04-19T00:00:00+02:00,-1.5
2020-04-19T06:00:00+02:00,-1.51
2020-04-19T12:00:00+02:00,-1.5
2020-04-19T18:00:00+02:00,-1.51
2020-04-20T00:00:00+02:00,-1.52
2020-04-20T06:00:00+02:00,-1.52
2020-04-20T12:00:00+02:00,-1.51
2020-04-20T18:00:00+02:00,-1.52
2020-04-21T00:00:00+02:00,-1.52
2020-04-21T06:00:00+02:00,-1.53
2020-04-21T12:00:00+02:00,-1.52
2020-04-21T18:00:00+02:00,-1.53
2020-04-22T00:00:00+02:00,-1.53
2020-04-22T06:00:00+02:00,-1.54
2020-04-22T12:00:00+02:00,-1.51
2020-04-22T18:00:00+02:00,-1.51
2020-04-23T00:00:00+02:00,-1.51
2020-04-23T06:00:00+02:00,-1.5
2020-04-23T12:00:00+02:00,-1.48
2020-04-23T18:00:00+02:00,-1.48
2020-04-24T00:00:00+02:00,-1.47
2020-04-24T06:00:00+02:00,-1.48
2020-04-24T12:00:00+02:00,-1.48
2020-04-24T18:00:00+02:00,-1.49
2020-04-25T00:00:00+02:00,-1.49
2020-04-25T06:00:00+02:00,-1.5
2020-04-25T12:00:00+02:00,-1.5
2020-04-25T18:00:00+02:00,-1.5
2020-04-26T00:00:00+02:00,-1.5
2020-04-26T06:00:00+02:00,-1.5
2020-04-26T12:00:00+02:00,-1.5
2020-04-26T18:00:00+02:00,-1.5
2020-04-27T00:00:00+02:00,-1.5
2020-04-27T06:00:00+02:00,-1.5
2020-04-27T12:00:00+02:00,-1.48
2020-04-27T18:00:00+02:00,-1.49
2020-04-28T00:00:00+02:00,-1.48
2020-04-28T06:00:00+02:00,-1.48
2020-04-28T12:00:00+02:00,-1.48
2020-04-28T18:00:00+02:00,-1.47
2020-04-29T00:00:00+02:00,-1.47
2020-04-29T06:00:00+02:00,-1.46
2020-04-29T12:00:00+02:00,-1.47
2020-04-29T18:00:00+02:00,-1.46
2020-04-30T00:00:00+02:00,-1.45
2020-04-30T06:00:00+02:00,-1.44
2020-04-30T12:00:00+02:00,-1.45
2020-04-30T18:00:00+02:00,-1.45
2020-05-01T00:00:00+02:00,-1.45
2020-05-01T06:00:00+02:00,-1.46
2020-05-01T12:00:00+02:00,-1.45
2020-05-01T18:00:00+02:00,-1.46
2020-05-02T00:00:00+02:00,-1.47
2020-05-02T06:00:00+02:00,-1.48
2020-05-02T12:00:00+02:00,-1.49
2020-05-02T18:00:00+02:00,-1.49
2020-05-03T00:00:00+02:00,-1.5
2020-05-03T06:00:00+02:00,-1.51
2020-05-03T12:00:00+02:00,-1.51
2020-05-03T18:00:00+02:00,-1.51
2020-05-04T00:00:00+02:00,-1.51
2020-05-04T06:00:00+02:00,-1.52
2020-05-04T12:00:00+02:00,-1.52
2020-05-04T18:00:00+02:00,-1.53
2020-05-05T00:00:00+02:00,-1.52
2020-05-05T06:00:00+02:00,-1.53
2020-05-05T12:00:00+02:00,-1.53
2020-05-05T18:00:00+02:00,-1.53
2020-05-06T00:00:00+02:00,-1.53
2020-05-06T06:00:00+02:00,-1.54
2020-10-15T00:00:00+02:00,-1.4
2020-10-15T06:00:00+02:00,-1.4
2020-10-15T12:00:00+02:00,-1.41
2020-10-15T18:00:00+02:00,-1.42
2020-10-16T00:00:00+02:00,-1.42
2020-10-16T06:00:00+02:00,-1.42
2020-10-16T12:00:00+02:00,-1.42
2020-10-16T18:00:00+02:00,-1.43
2020-10-17T00:00:00+02:00,-1.42
2020-10-17T06:00:00+02:00,-1.43
2020-10-17T12:00:00+02:00,-1.43
2020-10-17T18:00:00+02:00,-1.44
2020-10-18T00:00:00+02:00,-1.44
2020-10-18T06:00:00+02:00,-1.44
2020-10-18T12:00:00+02:00,-1.44
2020-10-18T18:00:00+02:00,-1.45
2020-10-19T00:00:00+02:00,-1.45
2020-10-19T06:00:00+02:00,-1.45
2020-10-19T12:00:00+02:00,-1.45
2020-10-19T18:00:00+02:00,-1.45
2020-10-20T00:00:00+02:00,-1.44
2020-10-20T06:00:00+02:00,-1.43
2020-10-20T12:00:00+02:00,-1.43
2020-10-20T18:00:00+02:00,-1.44
2020-10-21T00:00:00+02:00,-1.44
2020-10-21T06:00:00+02:00,-1.44
2020-10-21T12:00:00+02:00,-1.41
2020-10-21T18:00:00+02:00,-1.42
2020-10-22T00:00:00+02:00,-1.44
2020-10-22T06:00:00+02:00,-1.43
2020-10-22T12:00:00+02:00,-1.43
2020-10-22T18:00:00+02:00,-1.43
2020-10-23T00:00:00+02:00,-1.44
2020-10-23T06:00:00+02:00,-1.44
2020-10-23T12:00:00+02:00,-1.43
2020-10-23T18:00:00+02:00,-1.44
2020-10-24T00:00:00+02:00,-1.44
2020-10-24T06:00:00+02:00,-1.44
2020-10-24T12:00:00+02:00,-1.44
2020-10-24T18:00:00+02:00,-1.43
2020-10-25T00:00:00+02:00,-1.43
2020-10-25T06:00:00+01:00,-1.43
2020-10-25T12:00:00+01:00,-1.43
2020-10-25T18:00:00+01:00,-1.42
2020-10-26T00:00:00+01:00,-1.42
2020-10-26T06:00:00+01:00,-1.42
2020-10-26T12:00:00+01:00,-1.42
2020-10-26T18:00:00+01:00,-1.42
2020-10-27T00:00:00+01:00,-1.42
2020-10-27T06:00:00+01:00,-1.41
2020-10-27T12:00:00+01:00,-1.4
2020-10-27T18:00:00+01:00,-1.38
2020-10-28T00:00:00+01:00,-1.38
2020-10-28T06:00:00+01:00,-1.38
2020-10-28T12:00:00+01:00,-1.38
2020-10-28T18:00:00+01:00,-1.38
2020-10-29T00:00:00+01:00,-1.37
2020-10-29T06:00:00+01:00,-1.38
2020-10-29T12:00:00+01:00,-1.38
2020-10-29T18:00:00+01:00,-1.37
2020-10-30T00:00:00+01:00,-1.36
2020-10-30T06:00:00+01:00,-1.35
2020-10-30T12:00:00+01:00,-1.35
2020-10-30T18:00:00+01:00,-1.35
2020-10-31T00:00:00+01:00,-1.35
2020-10-31T06:00:00+01:00,-1.35
2020-10-31T12:00:00+01:00,-1.33
2020-10-31T18:00:00+01:00,-1.32
2020-11-01T00:00:00+01:00,-1.34
2020-11-01T06:00:00+01:00,-1.33
2020-11-01T12:00:00+01:00,-1.31
2020-11-01T18:00:00+01:00,-1.32
2020-11-02T00:00:00+01:00,-1.31
2020-11-02T06:00:00+01:00,-1.32
2020-11-02T12:00:00+01:00,-1.33
2020-11-02T18:00:00+01:00,-1.36
2020-11-03T00:00:00+01:00,-1.37
2020-11-03T06:00:00+01:00,-1.38
2020-11-03T12:00:00+01:00,-1.38
2020-11-03T18:00:00+01:00,-1.39
2020-11-04T00:00:00+01:00,-1.4
2020-11-04T06:00:00+01:00,-1.41
2020-11-04T12:00:00+01:00,-1.41
2020-11-04T18:00:00+01:00,-1.42
2020-11-05T00:00:00+01:00,-1.42
2020-11-05T06:00:00+01:00,-1.42
2020-11-05T12:00:00+01:00,-1.42
2020-11-05T18:00:00+01:00,-1.43
2020-11-06T00:00:00+01:00,-1.43
2020-11-06T06:00:00+01:00,-1.43
2020-11-06T12:00:00+01:00,-1.43
2020-11-06T18:00:00+01:00,-1.43
2020-11-07T00:00:00+01:00,-1.42
2020-11-07T06:00:00+01:00,-1.42
2020-11-07T12:00:00+01:00,-1.42
2020-11-07T18:00:00+01:00,-1.43
2020-11-08T00:00:00+01:00,-1.43
2020-11-08T06:00:00+01:00,-1.44
2020-11-08T12:00:00+01:00,-1.43
2020-11-08T18:00:00+01:00,-1.44
2020-11-09T00:00:00+01:00,-1.44
2020-11-09T06:00:00+01:00,-1.45
2020-11-09T12:00:00+01:00,-1.45
2020-11-09T18:00:00+01:00,-1.46
2020-11-10T00:00:00+01:00,-1.46
2020-11-10T06:00:00+01:00,-1.46
2020-11-10T12:00:00+01:00,-1.46
2020-11-10T18:00:00+01:00,-1.47
2020-11-11T00:00:00+01:00,-1.47
2020-11-11T06:00:00+01:00,-1.47
2020-11-11T12:00:00+01:00,-1.46
2020-11-11T18:00:00+01:00,-1.46
2020-11-12T00:00:00+01:00,-1.45
2020-11-12T06:00:00+01:00,-1.45
2020-11-12T12:00:00+01:00,-1.45
2020-11-12T18:00:00+01:00,-1.46
2020-11-13T00:00:00+01:00,-1.45
2020-11-13T06:00:00+01:00,-1.44
2020-11-13T12:00:00+01:00,-1.43
2020-11-13T18:00:00+01:00,-1.44
2020-11-14T00:00:00+01:00,-1.44
2020-11-14T06:00:00+01:00,-1.44
2020-11-14T12:00:00+01:00,-1.43
2020-11-14T18:00:00+01:00,-1.43
2020-11-15T00:00:00+01:00,-1.42
2020-11-15T06:00:00+01:00,-1.42
2020-11-15T12:00:00+01:00,-1.41
2020-11-15T18:00:00+01:00,-1.41
2020-11-16T00:00:00+01:00,-1.4
2020-11-16T06:00:00+01:00,-1.4
2020-11-16T12:00:00+01:00,-1.4
2020-11-16T18:00:00+01:00,-1.4
2020-11-17T00:00:00+01:00,-1.4
2020-11-17T06:00:00+01:00,-1.39
2020-11-17T12:00:00+01:00,-1.39
2020-11-17T18:00:00+01:00,-1.4
2020-11-18T00:00:00+01:00,-1.4
2020-11-18T06:00:00+01:00,-1.4
2020-11-18T12:00:00+01:00,-1.39
2020-11-18T18:00:00+01:00,-1.38
2020-11-19T00:00:00+01:00,-1.39
2020-11-19T06:00:00+01:00,-1.38
2020-11-19T12:00:00+01:00,-1.42
2020-11-19T18:00:00+01:00,-1.43
2020-11-20T00:00:00+01:00,-1.43
2020-11-20T06:00:00+01:00,-1.44
2020-11-20T12:00:00+01:00,-1.44
2020-11-20T18:00:00+01:00,-1.44
2020-11-21T00:00:00+01:00,-1.43
2020-11-21T06:00:00+01:00,-1.42
2020-11-21T12:00:00+01:00,-1.42
2020-11-21T18:00:00+01:00,-1.43
2020-11-22T00:00:00+01:00,-1.43
2020-11-22T06:00:00+01:00,-1.44
2020-11-22T12:00:00+01:00,-1.44
2020-11-22T18:00:00+01:00,-1.44
2020-11-23T00:00:00+01:00,-1.44
2020-11-23T06:00:00+01:00,-1.44
2020-11-23T12:00:00+01:00,-1.45
2020-11-23T18:00:00+01:00,-1.45
2020-11-24T00:00:00+01:00,-1.44
2020-11-24T06:00:00+01:00,-1.44
2020-11-24T12:00:00+01:00,-1.44
2020-11-24T18:00:00+01:00,-1.44
2020-11-25T00:00:00+01:00,-1.44
2020-11-25T06:00:00+01:00,-1.43
2020-11-25T12:00:00+01:00,-1.44
2020-11-25T18:00:00+01:00,-1.45
2020-11-26T00:00:00+01:00,-1.45
2020-11-26T06:00:00+01:00,-1.46
2020-11-26T12:00:00+01:00,-1.46
2020-11-26T18:00:00+01:00,-1.46
2020-11-27T00:00:00+01:00,-1.46
2020-11-27T06:00:00+01:00,-1.47
2020-11-27T12:00:00+01:00,-1.46
2020-11-27T18:00:00+01:00,-1.47
2020-11-28T00:00:00+01:00,-1.47
2020-11-28T06:00:00+01:00,-1.48
2020-11-28T12:00:00+01:00,-1.48
2020-11-28T18:00:00+01:00,-1.49
2020-11-29T00:00:00+01:00,-1.49
2020-11-29T06:00:00+01:00,-1.49
2020-11-29T12:00:00+01:00,-1.49
2020-11-29T18:00:00+01:00,-1.5
2020-11-30T00:00:00+01:00,-1.49
2020-11-30T06:00:00+01:00,-1.48
2020-11-30T12:00:00+01:00,-1.47
2020-11-30T18:00:00+01:00,-1.45
2020-12-01T00:00:00+01:00,-1.44
2020-12-01T06:00:00+01:00,-1.44
2020-12-01T12:00:00+01:00,-1.43
2020-12-01T18:00:00+01:00,-1.44
2020-12-02T00:00:00+01:00,-1.43
2020-12-02T06:00:00+01:00,-1.41
2020-12-02T12:00:00+01:00,-1.4
2020-12-02T18:00:00+01:00,-1.39
2020-12-03T00:00:00+01:00,-1.38
2020-12-03T06:00:00+01:00,-1.37
2020-12-03T12:00:00+01:00,-1.36
2020-12-03T18:00:00+01:00,-1.35
2020-12-04T00:00:00+01:00,-1.35
2020-12-04T06:00:00+01:00,-1.34
2020-12-04T12:00:00+01:00,-1.35
2020-12-04T18:00:00+01:00,-1.37
2020-12-05T00:00:00+01:00,-1.37
2020-12-05T06:00:00+01:00,-1.37
2020-12-05T12:00:00+01:00,-1.38
2020-12-05T18:00:00+01:00,-1.39
2020-12-06T00:00:00+01:00,-1.39
2020-12-06T06:00:00+01:00,-1.39
2020-12-06T12:00:00+01:00,-1.39
2020-12-06T18:00:00+01:00,-1.39
2020-12-07T00:00:00+01:00,-1.37
2020-12-07T06:00:00+01:00,-1.36
2020-12-07T12:00:00+01:00,-1.35
2020-12-07T18:00:00+01:00,-1.36
2020-12-08T00:00:00+01:00,-1.36
2020-12-08T06:00:00+01:00,-1.35
2020-12-08T12:00:00+01:00,-1.34
2020-12-08T18:00:00+01:00,-1.35
2020-12-09T00:00:00+01:00,-1.35
2020-12-09T06:00:00+01:00,-1.35
2020-12-09T12:00:00+01:00,-1.35
2020-12-09T18:00:00+01:00,-1.35
2020-12-10T00:00:00+01:00,-1.35
2020-12-10T06:00:00+01:00,-1.36
2020-12-10T12:00:00+01:00,-1.35
2020-12-10T18:00:00+01:00,-1.35
2020-12-11T00:00:00+01:00,-1.34
2020-12-11T06:00:00+01:00,-1.34
2020-12-11T12:00:00+01:00,-1.34
2020-12-11T18:00:00+01:00,-1.35
2020-12-12T00:00:00+01:00,-1.35
2020-12-12T06:00:00+01:00,-1.36
2020-12-12T12:00:00+01:00,-1.36
2020-12-12T18:00:00+01:00,-1.37
2020-12-13T00:00:00+01:00,-1.37
2020-12-13T06:00:00+01:00,-1.38
2020-12-13T12:00:00+01:00,-1.38
2020-12-13T18:00:00+01:00,-1.38
2020-12-14T00:00:00+01:00,-1.37
2020-12-14T06:00:00+01:00,-1.37
2020-12-14T12:00:00+01:00,-1.37
2020-12-14T18:00:00+01:00,-1.38
2020-12-15T00:00:00+01:00,-1.38
2020-12-15T06:00:00+01:00,-1.38
2020-12-15T12:00:00+01:00,-1.38
2020-12-15T18:00:00+01:00,-1.4
2020-12-16T00:00:00+01:00,-1.4
2020-12-16T06:00:00+01:00,-1.4
2020-12-16T12:00:00+01:00,-1.4
2020-12-16T18:00:00+01:00,-1.4
2020-12-17T00:00:00+01:00,-1.4
2020-12-17T06:00:00+01:00,-1.4
2020-12-17T12:00:00+01:00,-1.41
2020-12-17T18:00:00+01:00,-1.41
2020-12-18T00:00:00+01:00,-1.41
2020-12-18T06:00:00+01:00,-1.4
2020-12-18T12:00:00+01:00,-1.4
2020-12-18T18:00:00+01:00,-1.4
2020-12-19T00:00:00+01:00,-1.39
2020-12-19T06:00:00+01:00,-1.39
2020-12-19T12:00:00+01:00,-1.39
2020-12-19T18:00:00+01:00,-1.4
2020-12-20T00:00:00+01:00,-1.41
2020-12-20T06:00:00+01:00,-1.41
2020-12-20T12:00:00+01:00,-1.41
2020-12-20T18:00:00+01:00,-1.42
2020-12-21T00:00:00+01:00,-1.42
2020-12-21T06:00:00+01:00,-1.42
2020-12-21T12:00:00+01:00,-1.41
2020-12-21T18:00:00+01:00,-1.39
2020-12-22T00:00:00+01:00,-1.38
2020-12-22T06:00:00+01:00,-1.37
2020-12-22T12:00:00+01:00,-1.37
2020-12-22T18:00:00+01:00,-1.36
2020-12-23T00:00:00+01:00,-1.35
2020-12-23T06:00:00+01:00,-1.34
2020-12-23T12:00:00+01:00,-1.32
2020-12-23T18:00:00+01:00,-1.3
2020-12-24T00:00:00+01:00,-1.29
2020-12-24T06:00:00+01:00,-1.26
2020-12-24T12:00:00+01:00,-1.25
2020-12-24T18:00:00+01:00,-1.25
2020-12-25T00:00:00+01:00,-1.25
2020-12-25T06:00:00+01:00,-1.25
2020-12-25T12:00:00+01:00,-1.24
2020-12-25T18:00:00+01:00,-1.25
2020-12-26T00:00:00+01:00,-1.25
2020-12-26T06:00:00+01:00,-1.24
2020-12-26T12:00:00+01:00,-1.23
2020-12-26T18:00:00+01:00,-1.22
2020-12-27T00:00:00+01:00,-1.21
2020-12-27T06:00:00+01:00,-1.18
2020-12-27T12:00:00+01:00,-1.18
2020-12-27T18:00:00+01:00,-1.17
2020-12-28T00:00:00+01:00,-1.17
2020-12-28T06:00:00+01:00,-1.17
2020-12-28T12:00:00+01:00,-1.17
2020-12-28T18:00:00+01:00,-1.19
2020-12-29T00:00:00+01:00,-1.2
2020-12-29T06:00:00+01:00,-1.2
2020-12-29T12:00:00+01:00,-1.22
2020-12-29T18:00:00+01:00,-1.23
2020-12-30T00:00:00+01:00,-1.23
2020-12-30T06:00:00+01:00,-1.24
2020-12-30T12:00:00+01:00,-1.23
2020-12-30T18:00:00+01:00,-1.24
2020-12-31T00:00:00+01:00,-1.24
2020-12-31T06:00:00+01:00,-1.24
2020-12-31T12:00:00+01:00,-1.23
2020-12-31T18:00:00+01:00,-1.24
2021-01-01T00:00:00+01:00,-1.24
2021-01-01T06:00:00+01:00,-1.25
2021-01-01T12:00:00+01:00,-1.25
2021-01-01T18:00:00+01:00,-1.26
2021-01-02T00:00:00+01:00,-1.27
2021-01-02T06:00:00+01:00,-1.27
2021-01-02T12:00:00+01:00,-1.28
2021-01-02T18:00:00+01:00,-1.29
2021-01-03T00:00:00+01:00,-1.3
2021-01-03T06:00:00+01:00,-1.31
2021-01-03T12:00:00+01:00,-1.31
2021-01-03T18:00:00+01:00,-1.32
2021-01-04T00:00:00+01:00,-1.32
2021-01-04T06:00:00+01:00,-1.33
2021-01-04T12:00:00+01:00,-1.33
2021-01-04T18:00:00+01:00,-1.34
2021-01-05T00:00:00+01:00,-1.34
2021-01-05T06:00:00+01:00,-1.34
2021-01-05T12:00:00+01:00,-1.34
2021-01-05T18:00:00+01:00,-1.35
2021-01-06T00:00:00+01:00,-1.36
2021-01-06T06:00:00+01:00,-1.35
2021-01-06T12:00:00+01:00,-1.35
2021-01-06T18:00:00+01:00,-1.35
2021-01-07T00:00:00+01:00,-1.35
2021-01-07T06:00:00+01:00,-1.35
2021-01-07T12:00:00+01:00,-1.35
2021-01-07T18:00:00+01:00,-1.36
2021-01-08T00:00:00+01:00,-1.37
2021-01-08T06:00:00+01:00,-1.37
2021-01-08T12:00:00+01:00,-1.38
2021-01-08T18:00:00+01:00,-1.39
2021-01-09T00:00:00+01:00,-1.39
2021-01-09T06:00:00+01:00,-1.39
2021-01-09T12:00:00+01:00,-1.39
2021-01-09T18:00:00+01:00,-1.39
2021-01-10T00:00:00+01:00,-1.39
2021-01-10T06:00:00+01:00,-1.39
2021-01-10T12:00:00+01:00,-1.39
2021-01-10T18:00:00+01:00,-1.39
2021-01-11T00:00:00+01:00,-1.38
2021-01-11T06:00:00+01:00,-1.37
2021-01-11T12:00:00+01:00,-1.37
2021-01-11T18:00:00+01:00,-1.36
2021-01-12T00:00:00+01:00,-1.35
2021-01-12T06:00:00+01:00,-1.36
2021-01-12T12:00:00+01:00,-1.35
2021-01-12T18:00:00+01:00,-1.35
2021-01-13T00:00:00+01:00,-1.34
2021-01-13T06:00:00+01:00,-1.32
2021-01-13T12:00:00+01:00,-1.32
2021-01-13T18:00:00+01:00,-1.33
2021-01-14T00:00:00+01:00,-1.34
2021-01-14T06:00:00+01:00,-1.34
2021-01-14T12:00:00+01:00,-1.35
2021-01-14T18:00:00+01:00,-1.36
2021-01-15T00:00:00+01:00,-1.36
2021-01-15T06:00:00+01:00,-1.36
2021-01-15T12:00:00+01:00,-1.37
2021-01-15T18:00:00+01:00,-1.37
2021-01-16T00:00:00+01:00,-1.37
2021-01-16T06:00:00+01:00,-1.36
2021-01-16T12:00:00+01:00,-1.36
2021-01-16T18:00:00+01:00,-1.35
2021-01-17T00:00:00+01:00,-1.35
2021-01-17T06:00:00+01:00,-1.36
2021-01-17T12:00:00+01:00,-1.37
2021-01-17T18:00:00+01:00,-1.38
2021-01-18T00:00:00+01:00,-1.37
2021-01-18T06:00:00+01:00,-1.36
2021-01-18T12:00:00+01:00,-1.35
2021-01-18T18:00:00+01:00,-1.35
2021-01-19T00:00:00+01:00,-1.34
2021-01-19T06:00:00+01:00,-1.32
2021-01-19T12:00:00+01:00,-1.32
2021-01-19T18:00:00+01:00,-1.3
2021-01-20T00:00:00+01:00,-1.28
2021-01-20T06:00:00+01:00,-1.27
2021-01-20T12:00:00+01:00,-1.27
2021-01-20T18:00:00+01:00,-1.26
2021-01-21T00:00:00+01:00,-1.25
2021-01-21T06:00:00+01:00,-1.26
2021-01-21T12:00:00+01:00,-1.26
2021-01-21T18:00:00+01:00,-1.26
2021-01-22T00:00:00+01:00,-1.26
2021-01-22T06:00:00+01:00,-1.26
2021-01-22T12:00:00+01:00,-1.28
2021-01-22T18:00:00+01:00,-1.29
2021-01-23T00:00:00+01:00,-1.29
2021-01-23T06:00:00+01:00,-1.29
2021-01-23T12:00:00+01:00,-1.29
2021-01-23T18:00:00+01:00,-1.3
2021-01-24T00:00:00+01:00,-1.3
2021-01-24T06:00:00+01:00,-1.31
2021-01-24T12:00:00+01:00,-1.31
2021-01-24T18:00:00+01:00,-1.32
2021-01-25T00:00:00+01:00,-1.33
2021-01-25T06:00:00+01:00,-1.34
2021-01-25T12:00:00+01:00,-1.34
2021-01-25T18:00:00+01:00,-1.34
2021-01-26T00:00:00+01:00,-1.35
2021-01-26T06:00:00+01:00,-1.37
2021-01-26T12:00:00+01:00,-1.37
2021-01-26T18:00:00+01:00,-1.36
2021-01-27T00:00:00+01:00,-1.35
2021-01-27T06:00:00+01:00,-1.34
2021-01-27T12:00:00+01:00,-1.33
2021-01-27T18:00:00+01:00,-1.34
2021-01-28T00:00:00+01:00,-1.34
2021-01-28T06:00:00+01:00,-1.32
2021-01-28T12:00:00+01:00,-1.33
2021-01-28T18:00:00+01:00,-1.33
2021-01-29T00:00:00+01:00,-1.3
2021-01-29T06:00:00+01:00,-1.28
2021-01-29T12:00:00+01:00,-1.27
2021-01-29T18:00:00+01:00,-1.28
2021-01-30T00:00:00+01:00,-1.28
2021-01-30T06:00:00+01:00,-1.27
2021-01-30T12:00:00+01:00,-1.27
2021-01-30T18:00:00+01:00,-1.28
2021-01-31T00:00:00+01:00,-1.29
2021-01-31T06:00:00+01:00,-1.29
2021-01-31T12:00:00+01:00,-1.28
2021-01-31T18:00:00+01:00,-1.28
2021-02-01T00:00:00+01:00,-1.29
2021-02-01T06:00:00+01:00,-1.29
2021-02-01T12:00:00+01:00,-1.3
2021-02-01T18:00:00+01:00,-1.32
2021-02-02T00:00:00+01:00,-1.33
2021-02-02T06:00:00+01:00,-1.33
2021-02-02T12:00:00+01:00,-1.33
2021-02-02T18:00:00+01:00,-1.34
2021-02-03T00:00:00+01:00,-1.33
2021-02-03T06:00:00+01:00,-1.32
2021-02-03T12:00:00+01:00,-1.3
2021-02-03T18:00:00+01:00,-1.31
2021-02-04T00:00:00+01:00,-1.32
2021-02-04T06:00:00+01:00,-1.33
2021-02-04T12:00:00+01:00,-1.33
2021-02-04T18:00:00+01:00,-1.33
2021-02-05T00:00:00+01:00,-1.33
2021-02-05T06:00:00+01:00,-1.33
2021-02-05T12:00:00+01:00,-1.33
2021-02-05T18:00:00+01:00,-1.33
2021-02-06T00:00:00+01:00,-1.34
2021-02-06T06:00:00+01:00,-1.34
2021-02-06T12:00:00+01:00,-1.34
2021-02-06T18:00:00+01:00,-1.35
2021-02-07T00:00:00+01:00,-1.35
2021-02-07T06:00:00+01:00,-1.35
2021-02-07T12:00:00+01:00,-1.34
2021-02-07T18:00:00+01:00,-1.35
2021-02-08T00:00:00+01:00,-1.35
2021-02-08T06:00:00+01:00,-1.35
2021-02-08T12:00:00+01:00,-1.34
2021-02-08T18:00:00+01:00,-1.35
2021-02-09T00:00:00+01:00,-1.35
2021-02-09T06:00:00+01:00,-1.36
2021-02-09T12:00:00+01:00,-1.35
2021-02-09T18:00:00+01:00,-1.36
2021-02-10T00:00:00+01:00,-1.36
2021-02-10T06:00:00+01:00,-1.37
2021-02-10T12:00:00+01:00,-1.38
2021-02-10T18:00:00+01:00,-1.39
2021-02-11T00:00:00+01:00,-1.4
2021-02-11T06:00:00+01:00,-1.41
2021-02-11T12:00:00+01:00,-1.41
2021-02-11T18:00:00+01:00,-1.42
2021-02-12T00:00:00+01:00,-1.43
2021-02-12T06:00:00+01:00,-1.44
2021-02-12T12:00:00+01:00,-1.43
2021-02-12T18:00:00+01:00,-1.44
2021-02-13T00:00:00+01:00,-1.45
2021-02-13T06:00:00+01:00,-1.45
2021-02-13T12:00:00+01:00,-1.45
2021-02-13T18:00:00+01:00,-1.46
2021-02-14T00:00:00+01:00,-1.45
2021-02-14T06:00:00+01:00,-1.45
2021-02-14T12:00:00+01:00,-1.45
2021-02-14T18:00:00+01:00,-1.45
2021-02-15T00:00:00+01:00,-1.44
2021-02-15T06:00:00+01:00,-1.43
2021-02-15T12:00:00+01:00,-1.42
2021-02-15T18:00:00+01:00,-1.42
2021-02-16T00:00:00+01:00,-1.42
2021-02-16T06:00:00+01:00,-1.4
2021-02-16T12:00:00+01:00,-1.38
2021-02-16T18:00:00+01:00,-1.36
2021-02-17T00:00:00+01:00,-1.35
2021-02-17T06:00:00+01:00,-1.34
2021-02-17T12:00:00+01:00,-1.34
2021-02-17T18:00:00+01:00,-1.33
2021-02-18T00:00:00+01:00,-1.32
2021-02-18T06:00:00+01:00,-1.31
2021-02-18T12:00:00+01:00,-1.29
2021-02-18T18:00:00+01:00,-1.29
2021-02-19T00:00:00+01:00,-1.29
2021-02-19T06:00:00+01:00,-1.29
2021-02-19T12:00:00+01:00,-1.28
2021-02-19T18:00:00+01:00,-1.28
2021-02-20T00:00:00+01:00,-1.28
2021-02-20T06:00:00+01:00,-1.28
2021-02-20T12:00:00+01:00,-1.28
2021-02-20T18:00:00+01:00,-1.28
2021-02-21T00:00:00+01:00,-1.29
2021-02-21T06:00:00+01:00,-1.3
2021-02-21T12:00:00+01:00,-1.3
2021-02-21T18:00:00+01:00,-1.31
2021-02-22T00:00:00+01:00,-1.32
2021-02-22T06:00:00+01:00,-1.32
2021-02-22T12:00:00+01:00,-1.33
2021-02-22T18:00:00+01:00,-1.35
2021-02-23T00:00:00+01:00,-1.35
2021-02-23T06:00:00+01:00,-1.36
2021-02-23T12:00:00+01:00,-1.37
2021-02-23T18:00:00+01:00,-1.38
2021-02-24T00:00:00+01:00,-1.39
2021-02-24T06:00:00+01:00,-1.39
2021-02-24T12:00:00+01:00,-1.4
2021-02-24T18:00:00+01:00,-1.4
2021-02-25T00:00:00+01:00,-1.4
2021-02-25T06:00:00+01:00,-1.41
2021-02-25T12:00:00+01:00,-1.42
2021-02-25T18:00:00+01:00,-1.43
2021-02-26T00:00:00+01:00,-1.44
2021-02-26T06:00:00+01:00,-1.44
2021-02-26T12:00:00+01:00,-1.45
2021-02-26T18:00:00+01:00,-1.46
2021-02-27T00:00:00+01:00,-1.46
2021-02-27T06:00:00+01:00,-1.47
2021-02-27T12:00:00+01:00,-1.47
2021-02-27T18:00:00+01:00,-1.47
2021-02-28T00:00:00+01:00,-1.47
2021-02-28T06:00:00+01:00,-1.47
2021-02-28T12:00:00+01:00,-1.48
2021-02-28T18:00:00+01:00,-1.48
2021-03-01T00:00:00+01:00,-1.48
2021-03-01T06:00:00+01:00,-1.48
2021-03-01T12:00:00+01:00,-1.48
2021-03-01T18:00:00+01:00,-1.48
2021-03-02T00:00:00+01:00,-1.48
2021-03-02T06:00:00+01:00,-1.48
2021-03-02T12:00:00+01:00,-1.47
2021-03-02T18:00:00+01:00,-1.48
2021-03-03T00:00:00+01:00,-1.47
2021-03-03T06:00:00+01:00,-1.47
2021-03-03T12:00:00+01:00,-1.47
2021-03-03T18:00:00+01:00,-1.47
2021-03-04T00:00:00+01:00,-1.47
2021-03-04T06:00:00+01:00,-1.47
2021-03-04T12:00:00+01:00,-1.47
2021-03-04T18:00:00+01:00,-1.48
2021-03-05T00:00:00+01:00,-1.48
2021-03-05T06:00:00+01:00,-1.49
2021-03-05T12:00:00+01:00,-1.49
2021-03-05T18:00:00+01:00,-1.5
2021-03-06T00:00:00+01:00,-1.5
2021-03-06T06:00:00+01:00,-1.5
2021-03-06T12:00:00+01:00,-1.5
2021-03-06T18:00:00+01:00,-1.5
2021-03-07T00:00:00+01:00,-1.49
2021-03-07T06:00:00+01:00,-1.48
2021-03-07T12:00:00+01:00,-1.48
2021-03-07T18:00:00+01:00,-1.48
2021-03-08T00:00:00+01:00,-1.48
2021-03-08T06:00:00+01:00,-1.49
2021-03-08T12:00:00+01:00,-1.49
2021-03-08T18:00:00+01:00,-1.48
2021-03-09T00:00:00+01:00,-1.47
2021-03-09T06:00:00+01:00,-1.47
2021-03-09T12:00:00+01:00,-1.47
2021-03-09T18:00:00+01:00,-1.47
2021-03-10T00:00:00+01:00,-1.47
2021-03-10T06:00:00+01:00,-1.45
2021-03-10T12:00:00+01:00,-1.44
2021-03-10T18:00:00+01:00,-1.42
2021-03-11T00:00:00+01:00,-1.39
2021-03-11T06:00:00+01:00,-1.37
2021-03-11T12:00:00+01:00,-1.37
2021-03-11T18:00:00+01:00,-1.38
2021-03-12T00:00:00+01:00,-1.37
2021-03-12T06:00:00+01:00,-1.37
2021-03-12T12:00:00+01:00,-1.35
2021-03-12T18:00:00+01:00,-1.35
2021-03-13T00:00:00+01:00,-1.34
2021-03-13T06:00:00+01:00,-1.31
2021-03-13T12:00:00+01:00,-1.3
2021-03-13T18:00:00+01:00,-1.31
2021-03-14T00:00:00+01:00,-1.32
2021-03-14T06:00:00+01:00,-1.33
2021-03-14T12:00:00+01:00,-1.33
2021-03-14T18:00:00+01:00,-1.32
2021-03-15T00:00:00+01:00,-1.32
2021-03-15T06:00:00+01:00,-1.32
2021-03-15T12:00:00+01:00,-1.32
2021-03-15T18:00:00+01:00,-1.33
2021-03-16T00:00:00+01:00,-1.33
2021-03-16T06:00:00+01:00,-1.34
2021-03-16T12:00:00+01:00,-1.34
2021-03-16T18:00:00+01:00,-1.34
2021-03-17T00:00:00+01:00,-1.34
2021-03-17T06:00:00+01:00,-1.34
2021-03-17T12:00:00+01:00,-1.34
2021-03-17T18:00:00+01:00,-1.35
2021-03-18T00:00:00+01:00,-1.34
2021-03-18T06:00:00+01:00,-1.33
2021-03-18T12:00:00+01:00,-1.33
2021-03-18T18:00:00+01:00,-1.33
2021-03-19T00:00:00+01:00,-1.34
2021-03-19T06:00:00+01:00,-1.35
2021-03-19T12:00:00+01:00,-1.36
2021-03-19T18:00:00+01:00,-1.37
2021-03-20T00:00:00+01:00,-1.37
2021-03-20T06:00:00+01:00,-1.37
2021-03-20T12:00:00+01:00,-1.36
2021-03-20T18:00:00+01:00,-1.36
2021-03-21T00:00:00+01:00,-1.36
2021-03-21T06:00:00+01:00,-1.37
2021-03-21T12:00:00+01:00,-1.38
2021-03-21T18:00:00+01:00,-1.38
2021-03-22T00:00:00+01:00,-1.38
2021-03-22T06:00:00+01:00,-1.39
2021-03-22T12:00:00+01:00,-1.4
2021-03-22T18:00:00+01:00,-1.41
2021-03-23T00:00:00+01:00,-1.41
2021-03-23T06:00:00+01:00,-1.42
2021-03-23T12:00:00+01:00,-1.42
2021-03-23T18:00:00+01:00,-1.43
2021-03-24T00:00:00+01:00,-1.43
2021-03-24T06:00:00+01:00,-1.43
2021-03-24T12:00:00+01:00,-1.43
2021-03-24T18:00:00+01:00,-1.44
2021-03-25T00:00:00+01:00,-1.44
2021-03-25T06:00:00+01:00,-1.44
2021-03-25T12:00:00+01:00,-1.44
2021-03-25T18:00:00+01:00,-1.44
2021-03-26T00:00:00+01:00,-1.44
2021-03-26T06:00:00+01:00,-1.44
2021-03-26T12:00:00+01:00,-1.44
2021-03-26T18:00:00+01:00,-1.44
2021-03-27T00:00:00+01:00,-1.44
2021-03-27T06:00:00+01:00,-1.45
2021-03-27T12:00:00+01:00,-1.47
2021-03-27T18:00:00+01:00,-1.48
2021-03-28T00:00:00+01:00,-1.48
2021-03-28T06:00:00+02:00,-1.47
2021-03-28T12:00:00+02:00,-1.47
2021-03-28T18:00:00+02:00,-1.48
2021-03-29T00:00:00+02:00,-1.48
2021-03-29T06:00:00+02:00,-1.49
2021-03-29T12:00:00+02:00,-1.5
2021-03-29T18:00:00+02:00,-1.5
2021-03-30T00:00:00+02:00,-1.5
2021-03-30T06:00:00+02:00,-1.51
2021-03-30T12:00:00+02:00,-1.5
2021-03-30T18:00:00+02:00,-1.5
2021-03-31T00:00:00+02:00,-1.5
2021-03-31T06:00:00+02:00,-1.49
2021-03-31T12:00:00+02:00,-1.49
2021-03-31T18:00:00+02:00,-1.49
2021-04-01T00:00:00+02:00,-1.5
2021-04-01T06:00:00+02:00,-1.51
2021-04-01T12:00:00+02:00,-1.52
2021-04-01T18:00:00+02:00,-1.52
2021-04-02T00:00:00+02:00,-1.52
2021-04-02T06:00:00+02:00,-1.51
2021-04-02T12:00:00+02:00,-1.51
2021-04-02T18:00:00+02:00,-1.51
2021-04-03T00:00:00+02:00,-1.52
2021-04-03T06:00:00+02:00,-1.52
2021-04-03T12:00:00+02:00,-1.52
2021-04-03T18:00:00+02:00,-1.52
2021-04-04T00:00:00+02:00,-1.52
2021-04-04T06:00:00+02:00,-1.52
2021-04-04T12:00:00+02:00,-1.51
2021-04-04T18:00:00+02:00,-1.49
2021-04-05T00:00:00+02:00,-1.47
2021-04-05T06:00:00+02:00,-1.49
2021-04-05T12:00:00+02:00,-1.5
2021-04-05T18:00:00+02:00,-1.49
2021-04-06T00:00:00+02:00,-1.5
2021-04-06T06:00:00+02:00,-1.5
2021-04-06T12:00:00+02:00,-1.49
2021-04-06T18:00:00+02:00,-1.5
2021-04-07T00:00:00+02:00,-1.5
2021-04-07T06:00:00+02:00,-1.51
2021-04-07T12:00:00+02:00,-1.51
2021-04-07T18:00:00+02:00,-1.52
2021-04-08T00:00:00+02:00,-1.52
2021-04-08T06:00:00+02:00,-1.52
2021-04-08T12:00:00+02:00,-1.51
2021-04-08T18:00:00+02:00,-1.51
2021-04-09T00:00:00+02:00,-1.5
2021-04-09T06:00:00+02:00,-1.51
2021-04-09T12:00:00+02:00,-1.51
2021-04-09T18:00:00+02:00,-1.51
2021-04-10T00:00:00+02:00,-1.52
2021-04-10T06:00:00+02:00,-1.53
2021-04-10T12:00:00+02:00,-1.52
2021-04-10T18:00:00+02:00,-1.52
2021-04-11T00:00:00+02:00,-1.51
2021-04-11T06:00:00+02:00,-1.5
2021-04-11T12:00:00+02:00,-1.51
2021-04-11T18:00:00+02:00,-1.52
2021-04-12T00:00:00+02:00,-1.52
2021-04-12T06:00:00+02:00,-1.51
2021-04-12T12:00:00+02:00,-1.51
2021-04-12T18:00:00+02:00,-1.51
2021-04-13T00:00:00+02:00,-1.5
2021-04-13T06:00:00+02:00,-1.51
2021-04-13T12:00:00+02:00,-1.5
2021-04-13T18:00:00+02:00,-1.5
2021-04-14T00:00:00+02:00,-1.5
2021-04-14T06:00:00+02:00,-1.51
2021-04-14T12:00:00+02:00,-1.5
2021-04-14T18:00:00+02:00,-1.5
2021-04-15T00:00:00+02:00,-1.5
2021-04-15T06:00:00+02:00,-1.51
2021-04-15T12:00:00+02:00,-1.5
2021-04-15T18:00:00+02:00,-1.51
2021-04-16T00:00:00+02:00,-1.5
2021-04-16T06:00:00+02:00,-1.5
2021-04-16T12:00:00+02:00,-1.5
2021-04-16T18:00:00+02:00,-1.51
2021-04-17T00:00:00+02:00,-1.51
2021-04-17T06:00:00+02:00,-1.51
2021-04-17T12:00:00+02:00,-1.51
2021-04-17T18:00:00+02:00,-1.51
2021-04-18T00:00:00+02:00,-1.51
2021-04-18T06:00:00+02:00,-1.51
2021-04-18T12:00:00+02:00,-1.51
2021-04-18T18:00:00+02:00,-1.52
2021-04-19T00:00:00+02:00,-1.51
2021-04-19T06:00:00+02:00,-1.52
2021-04-19T12:00:00+02:00,-1.52
2021-04-19T18:00:00+02:00,-1.52
2021-04-20T00:00:00+02:00,-1.52
2021-04-20T06:00:00+02:00,-1.52
2021-04-20T12:00:00+02:00,-1.51
2021-04-20T18:00:00+02:00,-1.52
2021-04-21T00:00:00+02:00,-1.51
2021-04-21T06:00:00+02:00,-1.52
2021-04-21T12:00:00+02:00,-1.53
2021-04-21T18:00:00+02:00,-1.53
2021-04-22T00:00:00+02:00,-1.53
2021-04-22T06:00:00+02:00,-1.54
2021-04-22T12:00:00+02:00,-1.54
2021-04-22T18:00:00+02:00,-1.54
2021-04-23T00:00:00+02:00,-1.54
2021-04-23T06:00:00+02:00,-1.54
2021-04-23T12:00:00+02:00,-1.54
2021-04-23T18:00:00+02:00,-1.55
2021-04-24T00:00:00+02:00,-1.54
2021-04-24T06:00:00+02:00,-1.54
2021-04-24T12:00:00+02:00,-1.55
2021-04-24T18:00:00+02:00,-1.55
2021-04-25T00:00:00+02:00,-1.55
2021-04-25T06:00:00+02:00,-1.55
2021-04-25T12:00:00+02:00,-1.55
2021-04-25T18:00:00+02:00,-1.55
2021-04-26T00:00:00+02:00,-1.55
2021-04-26T06:00:00+02:00,-1.54
2021-04-26T12:00:00+02:00,-1.54
2021-04-26T18:00:00+02:00,-1.53
2021-04-27T00:00:00+02:00,-1.53
2021-04-27T06:00:00+02:00,-1.53
2021-04-27T12:00:00+02:00,-1.53
2021-04-27T18:00:00+02:00,-1.53
2021-04-28T00:00:00+02:00,-1.53
2021-04-28T06:00:00+02:00,-1.53
2021-04-28T12:00:00+02:00,-1.53
2021-04-28T18:00:00+02:00,-1.53
2021-04-29T00:00:00+02:00,-1.52
2021-04-29T06:00:00+02:00,-1.52
2021-04-29T12:00:00+02:00,-1.51
2021-04-29T18:00:00+02:00,-1.5
2021-04-30T00:00:00+02:00,-1.49
2021-04-30T06:00:00+02:00,-1.48
2021-04-30T12:00:00+02:00,-1.47
2021-04-30T18:00:00+02:00,-1.47
2021-05-01T00:00:00+02:00,-1.46
2021-05-01T06:00:00+02:00,-1.46
2021-05-01T12:00:00+02:00,-1.46
2021-05-01T18:00:00+02:00,-1.47
2021-05-02T00:00:00+02:00,-1.47
2021-05-02T06:00:00+02:00,-1.47
2021-05-02T12:00:00+02:00,-1.48
2021-05-02T18:00:00+02:00,-1.48
2021-05-03T00:00:00+02:00,-1.48
2021-05-03T06:00:00+02:00,-1.48
2021-05-03T12:00:00+02:00,-1.47
2021-05-03T18:00:00+02:00,-1.46
2021-05-04T00:00:00+02:00,-1.44
2021-05-04T06:00:00+02:00,-1.42
2021-05-04T12:00:00+02:00,-1.43
2021-05-04T18:00:00+02:00,-1.43
2021-05-05T00:00:00+02:00,-1.43
2021-05-05T06:00:00+02:00,-1.44
2021-05-05T12:00:00+02:00,-1.45
2021-05-05T18:00:00+02:00,-1.46
2021-05-06T00:00:00+02:00,-1.46
2021-05-06T06:00:00+02:00,-1.46
2021-05-06T12:00:00+02:00,-1.46
2021-05-06T18:00:00+02:00,-1.47
2021-05-07T00:00:00+02:00,-1.47
2021-05-07T06:00:00+02:00,-1.48
2021-05-07T12:00:00+02:00,-1.48
2021-05-07T18:00:00+02:00,-1.49
2021-05-08T00:00:00+02:00,-1.49
2021-05-08T06:00:00+02:00,-1.49
2021-05-08T12:00:00+02:00,-1.48
2021-05-08T18:00:00+02:00,-1.46
2021-05-09T00:00:00+02:00,-1.45
2021-05-09T06:00:00+02:00,-1.44
2021-05-09T12:00:00+02:00,-1.42
2021-05-09T18:00:00+02:00,-1.42
2021-05-10T00:00:00+02:00,-1.42
2021-05-10T06:00:00+02:00,-1.42
2021-05-10T12:00:00+02:00,-1.44
2021-05-10T18:00:00+02:00,-1.44
2021-05-11T00:00:00+02:00,-1.44
2021-05-11T06:00:00+02:00,-1.44
2021-05-11T12:00:00+02:00,-1.43
2021-05-11T18:00:00+02:00,-1.42
2021-05-12T00:00:00+02:00,-1.39
2021-05-12T06:00:00+02:00,-1.36
2021-05-12T12:00:00+02:00,-1.35
2021-05-12T18:00:00+02:00,-1.34
2021-05-13T00:00:00+02:00,-1.34
2021-05-13T06:00:00+02:00,-1.34
2021-05-13T12:00:00+02:00,-1.34
2021-05-13T18:00:00+02:00,-1.35
2021-05-14T00:00:00+02:00,-1.35
2021-05-14T06:00:00+02:00,-1.35
2021-05-14T12:00:00+02:00,-1.36
2021-05-14T18:00:00+02:00,-1.36
2021-05-15T00:00:00+02:00,-1.36
2021-05-15T06:00:00+02:00,-1.35
2021-05-15T12:00:00+02:00,-1.34
2021-05-15T18:00:00+02:00,-1.34
2021-05-16T00:00:00+02:00,-1.33
2021-05-16T06:00:00+02:00,-1.33
2021-05-16T12:00:00+02:00,-1.32
2021-05-16T18:00:00+02:00,-1.31
2021-05-17T00:00:00+02:00,-1.3
2021-05-17T06:00:00+02:00,-1.3
2021-05-17T12:00:00+02:00,-1.3
2021-05-17T18:00:00+02:00,-1.3
2021-05-18T00:00:00+02:00,-1.29
2021-05-18T06:00:00+02:00,-1.3
2021-05-18T12:00:00+02:00,-1.3
2021-05-18T18:00:00+02:00,-1.31
2021-05-19T00:00:00+02:00,-1.31
2021-05-19T06:00:00+02:00,-1.32
2021-05-19T12:00:00+02:00,-1.33
2021-05-19T18:00:00+02:00,-1.34
2021-05-20T00:00:00+02:00,-1.35
2021-05-20T06:00:00+02:00,-1.35
2021-05-20T12:00:00+02:00,-1.35
2021-05-20T18:00:00+02:00,-1.35
2021-05-21T00:00:00+02:00,-1.34
2021-05-21T06:00:00+02:00,-1.34
2021-05-21T12:00:00+02:00,-1.35
2021-05-21T18:00:00+02:00,-1.35
2021-05-22T00:00:00+02:00,-1.35
2021-05-22T06:00:00+02:00,-1.35
2021-05-22T12:00:00+02:00,-1.36
2021-05-22T18:00:00+02:00,-1.37
2021-05-23T00:00:00+02:00,-1.37
2021-05-23T06:00:00+02:00,-1.38
2021-05-23T12:00:00+02:00,-1.38
2021-05-23T18:00:00+02:00,-1.38
2021-05-24T00:00:00+02:00,-1.37
2021-05-24T06:00:00+02:00,-1.37
2021-05-24T12:00:00+02:00,-1.37
2021-05-24T18:00:00+02:00,-1.37
2021-05-25T00:00:00+02:00,-1.37
2021-05-25T06:00:00+02:00,-1.36
2021-05-25T12:00:00+02:00,-1.35
2021-05-25T18:00:00+02:00,-1.33
2021-05-26T00:00:00+02:00,-1.32
2021-05-26T06:00:00+02:00,-1.31
2021-05-26T12:00:00+02:00,-1.31
2021-05-26T18:00:00+02:00,-1.31
2021-05-27T00:00:00+02:00,-1.31
2021-05-27T06:00:00+02:00,-1.31
2021-05-27T12:00:00+02:00,-1.32
2021-05-27T18:00:00+02:00,-1.32
2021-05-28T00:00:00+02:00,-1.32
2021-05-28T06:00:00+02:00,-1.33
2021-05-28T12:00:00+02:00,-1.33
2021-05-28T18:00:00+02:00,-1.33
2021-05-29T00:00:00+02:00,-1.34
2021-05-29T06:00:00+02:00,-1.34
2021-05-29T12:00:00+02:00,-1.36
2021-05-29T18:00:00+02:00,-1.36
2021-05-30T00:00:00+02:00,-1.37
2021-05-30T06:00:00+02:00,-1.37
2021-05-30T12:00:00+02:00,-1.38
2021-05-30T18:00:00+02:00,-1.38
2021-05-31T00:00:00+02:00,-1.38
2021-05-31T06:00:00+02:00,-1.38
2021-05-31T12:00:00+02:00,-1.38
2021-05-31T18:00:00+02:00,-1.39
2021-06-01T00:00:00+02:00,-1.39
2021-06-01T06:00:00+02:00,-1.4
2021-06-01T12:00:00+02:00,-1.4
2021-06-01T18:00:00+02:00,-1.41
2021-06-02T00:00:00+02:00,-1.41
2021-06-02T06:00:00+02:00,-1.41
2021-06-02T12:00:00+02:00,-1.42
2021-06-02T18:00:00+02:00,-1.42
2021-06-03T00:00:00+02:00,-1.42
2021-06-03T06:00:00+02:00,-1.43
2021-06-03T12:00:00+02:00,-1.43
2021-06-03T18:00:00+02:00,-1.44
2021-06-04T00:00:00+02:00,-1.43
2021-06-04T06:00:00+02:00,-1.44
2021-06-04T12:00:00+02:00,-1.44
2021-06-04T18:00:00+02:00,-1.45
2021-06-05T00:00:00+02:00,-1.45
2021-06-05T06:00:00+02:00,-1.42
2021-06-05T12:00:00+02:00,-1.39
2021-06-05T18:00:00+02:00,-1.37
2021-06-06T00:00:00+02:00,-1.36
2021-06-06T06:00:00+02:00,-1.36
2021-06-06T12:00:00+02:00,-1.35
2021-06-06T18:00:00+02:00,-1.35
2021-06-07T00:00:00+02:00,-1.35
2021-06-07T06:00:00+02:00,-1.35
2021-06-07T12:00:00+02:00,-1.35
2021-06-07T18:00:00+02:00,-1.35
2021-06-08T00:00:00+02:00,-1.35
2021-06-08T06:00:00+02:00,-1.35
2021-06-08T12:00:00+02:00,-1.35
2021-06-08T18:00:00+02:00,-1.36
2021-06-09T00:00:00+02:00,-1.36
2021-06-09T06:00:00+02:00,-1.36
2021-06-09T12:00:00+02:00,-1.36
2021-06-09T18:00:00+02:00,-1.37
2021-06-10T00:00:00+02:00,-1.37
2021-06-10T06:00:00+02:00,-1.38
2021-06-10T12:00:00+02:00,-1.38
2021-06-10T18:00:00+02:00,-1.38
2021-06-11T00:00:00+02:00,-1.39
2021-06-11T06:00:00+02:00,-1.39
2021-06-11T12:00:00+02:00,-1.4
2021-06-11T18:00:00+02:00,-1.39
2021-06-12T00:00:00+02:00,-1.4
2021-06-12T06:00:00+02:00,-1.41
2021-06-12T12:00:00+02:00,-1.42
2021-06-12T18:00:00+02:00,-1.43
2021-06-13T00:00:00+02:00,-1.43
2021-06-13T06:00:00+02:00,-1.43
2021-06-13T12:00:00+02:00,-1.42
2021-06-13T18:00:00+02:00,-1.42
2021-06-14T00:00:00+02:00,-1.42
2021-06-14T06:00:00+02:00,-1.41
2021-06-14T12:00:00+02:00,-1.41
2021-06-14T18:00:00+02:00,-1.42
2021-06-15T00:00:00+02:00,-1.43
2021-06-15T06:00:00+02:00,-1.44
2021-06-15T12:00:00+02:00,-1.44
2021-06-15T18:00:00+02:00,-1.44
2021-06-16T00:00:00+02:00,-1.44
2021-06-16T06:00:00+02:00,-1.44
2021-06-16T12:00:00+02:00,-1.44
2021-06-16T18:00:00+02:00,-1.45
2021-06-17T00:00:00+02:00,-1.45
2021-06-17T06:00:00+02:00,-1.45
2021-06-17T12:00:00+02:00,-1.46
2021-06-17T18:00:00+02:00,-1.47
2021-06-18T00:00:00+02:00,-1.47
2021-06-18T06:00:00+02:00,-1.47
2021-06-18T12:00:00+02:00,-1.47
2021-06-18T18:00:00+02:00,-1.47
2021-06-19T00:00:00+02:00,-1.42
2021-06-19T06:00:00+02:00,-1.41
2021-06-19T12:00:00+02:00,-1.4
2021-06-19T18:00:00+02:00,-1.4
2021-06-20T00:00:00+02:00,-1.38
2021-06-20T06:00:00+02:00,-1.35
2021-06-20T12:00:00+02:00,-1.35
2021-06-20T18:00:00+02:00,-1.35
2021-06-21T00:00:00+02:00,-1.34
2021-06-21T06:00:00+02:00,-1.34
2021-06-21T12:00:00+02:00,-1.32
2021-06-21T18:00:00+02:00,-1.31
2021-06-22T00:00:00+02:00,-1.3
2021-06-22T06:00:00+02:00,-1.29
2021-06-22T12:00:00+02:00,-1.3
2021-06-22T18:00:00+02:00,-1.3
2021-06-23T00:00:00+02:00,-1.3
2021-06-23T06:00:00+02:00,-1.31
2021-06-23T12:00:00+02:00,-1.31
2021-06-23T18:00:00+02:00,-1.32
2021-06-24T00:00:00+02:00,-1.33
2021-06-24T06:00:00+02:00,-1.33
2021-06-24T12:00:00+02:00,-1.33
2021-06-24T18:00:00+02:00,-1.34
2021-06-25T00:00:00+02:00,-1.34
2021-06-25T06:00:00+02:00,-1.35
2021-06-25T12:00:00+02:00,-1.35
2021-06-25T18:00:00+02:00,-1.36
2021-06-26T00:00:00+02:00,-1.37
2021-06-26T06:00:00+02:00,-1.38
2021-06-26T12:00:00+02:00,-1.38
2021-06-26T18:00:00+02:00,-1.39
2021-06-27T00:00:00+02:00,-1.4
2021-06-27T06:00:00+02:00,-1.4
2021-06-27T12:00:00+02:00,-1.4
2021-06-27T18:00:00+02:00,-1.41
2021-06-28T00:00:00+02:00,-1.41
2021-06-28T06:00:00+02:00,-1.41
2021-06-28T12:00:00+02:00,-1.41
2021-06-28T18:00:00+02:00,-1.41
2021-06-29T00:00:00+02:00,-1.41
2021-06-29T06:00:00+02:00,-1.41
2021-06-29T12:00:00+02:00,-1.42
2021-06-29T18:00:00+02:00,-1.42
2021-06-30T00:00:00+02:00,-1.42
2021-06-30T06:00:00+02:00,-1.42
2021-06-30T12:00:00+02:00,-1.42
2021-06-30T18:00:00+02:00,-1.42
2021-07-01T00:00:00+02:00,-1.42
2021-07-01T06:00:00+02:00,-1.43
2021-07-01T12:00:00+02:00,-1.43
2021-07-01T18:00:00+02:00,-1.44
2021-07-02T00:00:00+02:00,-1.44
2021-07-02T06:00:00+02:00,-1.45
2021-07-02T12:00:00+02:00,-1.45
2021-07-02T18:00:00+02:00,-1.45
2021-07-03T00:00:00+02:00,-1.46
2021-07-03T06:00:00+02:00,-1.46
2021-07-03T12:00:00+02:00,-1.45
2021-07-03T18:00:00+02:00,-1.46
2021-07-04T00:00:00+02:00,-1.45
2021-07-04T06:00:00+02:00,-1.45
2021-07-04T12:00:00+02:00,-1.43
2021-07-04T18:00:00+02:00,-1.44
2021-07-05T00:00:00+02:00,-1.42
2021-07-05T06:00:00+02:00,-1.41
2021-07-05T12:00:00+02:00,-1.39
2021-07-05T18:00:00+02:00,-1.39
2021-07-06T00:00:00+02:00,-1.37
2021-07-06T06:00:00+02:00,-1.37
2021-07-06T12:00:00+02:00,-1.37
2021-07-06T18:00:00+02:00,-1.38
2021-07-07T00:00:00+02:00,-1.39
2021-07-07T06:00:00+02:00,-1.4
2021-07-07T12:00:00+02:00,-1.4
2021-07-07T18:00:00+02:00,-1.41
2021-07-08T00:00:00+02:00,-1.42
2021-07-08T06:00:00+02:00,-1.42
2021-07-08T12:00:00+02:00,-1.42
2021-07-08T18:00:00+02:00,-1.43
2021-07-09T00:00:00+02:00,-1.43
2021-07-09T06:00:00+02:00,-1.44
2021-07-09T12:00:00+02:00,-1.43
2021-07-09T18:00:00+02:00,-1.44
2021-07-10T00:00:00+02:00,-1.44
2021-07-10T06:00:00+02:00,-1.44
2021-07-10T12:00:00+02:00,-1.43
2021-07-10T18:00:00+02:00,-1.44
2021-07-11T00:00:00+02:00,-1.45
2021-07-11T06:00:00+02:00,-1.45
2021-07-11T12:00:00+02:00,-1.45
2021-07-11T18:00:00+02:00,-1.45
2021-07-12T00:00:00+02:00,-1.45
2021-07-12T06:00:00+02:00,-1.45
2021-07-12T12:00:00+02:00,-1.45
2021-07-12T18:00:00+02:00,-1.45
2021-07-13T00:00:00+02:00,-1.46
2021-07-13T06:00:00+02:00,-1.46
2021-07-13T12:00:00+02:00,-1.46
2021-07-13T18:00:00+02:00,-1.47
2021-07-14T00:00:00+02:00,-1.47
2021-07-14T06:00:00+02:00,-1.47
2021-07-14T12:00:00+02:00,-1.47
2021-07-14T18:00:00+02:00,-1.47
2021-07-15T00:00:00+02:00,-1.48
2021-07-15T06:00:00+02:00,-1.49
2021-07-15T12:00:00+02:00,-1.49
2021-07-15T18:00:00+02:00,-1.5
2021-07-16T00:00:00+02:00,-1.5
2021-07-16T06:00:00+02:00,-1.5
2021-07-16T12:00:00+02:00,-1.51
2021-07-16T18:00:00+02:00,-1.52
2021-07-17T00:00:00+02:00,-1.52
2021-07-17T06:00:00+02:00,-1.52
2021-07-17T12:00:00+02:00,-1.52
2021-07-17T18:00:00+02:00,-1.52
2021-07-18T00:00:00+02:00,-1.52
2021-07-18T06:00:00+02:00,-1.53
2021-07-18T12:00:00+02:00,-1.53
2021-07-18T18:00:00+02:00,-1.53
2021-07-19T00:00:00+02:00,-1.53
2021-07-19T06:00:00+02:00,-1.53
2021-07-19T12:00:00+02:00,-1.53
2021-07-19T18:00:00+02:00,-1.53
2021-07-20T00:00:00+02:00,-1.54
2021-07-20T06:00:00+02:00,-1.54
2021-07-20T12:00:00+02:00,-1.54
2021-07-20T18:00:00+02:00,-1.55
2021-07-21T00:00:00+02:00,-1.55
2021-07-21T06:00:00+02:00,-1.55
2021-07-21T12:00:00+02:00,-1.55
2021-07-21T18:00:00+02:00,-1.55
2021-07-22T00:00:00+02:00,-1.55
2021-07-22T06:00:00+02:00,-1.56
2021-07-22T12:00:00+02:00,-1.56
2021-07-22T18:00:00+02:00,-1.56
2021-07-23T00:00:00+02:00,-1.55
2021-07-23T06:00:00+02:00,-1.55
2021-07-23T12:00:00+02:00,-1.55
2021-07-23T18:00:00+02:00,-1.55
2021-07-24T00:00:00+02:00,-1.55
2021-07-24T06:00:00+02:00,-1.55
2021-07-24T12:00:00+02:00,-1.54
2021-07-24T18:00:00+02:00,-1.54
2021-07-25T00:00:00+02:00,-1.54
2021-07-25T06:00:00+02:00,-1.54
2021-07-25T12:00:00+02:00,-1.54
2021-07-25T18:00:00+02:00,-1.54
2021-07-26T00:00:00+02:00,-1.53
2021-07-26T06:00:00+02:00,-1.53
2021-07-26T12:00:00+02:00,-1.53
2021-07-26T18:00:00+02:00,-1.53
2021-07-27T00:00:00+02:00,-1.52
2021-07-27T06:00:00+02:00,-1.51
2021-07-27T12:00:00+02:00,-1.5
2021-07-27T18:00:00+02:00,-1.5
2021-07-28T00:00:00+02:00,-1.5
2021-07-28T06:00:00+02:00,-1.49
2021-07-28T12:00:00+02:00,-1.49
2021-07-28T18:00:00+02:00,-1.49
2021-07-29T00:00:00+02:00,-1.48
2021-07-29T06:00:00+02:00,-1.49
2021-07-29T12:00:00+02:00,-1.49
2021-07-29T18:00:00+02:00,-1.5
2021-07-30T00:00:00+02:00,-1.5
2021-07-30T06:00:00+02:00,-1.5
2021-07-30T12:00:00+02:00,-1.5
2021-07-30T18:00:00+02:00,-1.49
2021-07-31T00:00:00+02:00,-1.48
2021-07-31T06:00:00+02:00,-1.48
2021-07-31T12:00:00+02:00,-1.49
2021-07-31T18:00:00+02:00,-1.5
2021-08-01T00:00:00+02:00,-1.5
2021-08-01T06:00:00+02:00,-1.5
2021-08-01T12:00:00+02:00,-1.5
2021-08-01T18:00:00+02:00,-1.51
2021-08-02T00:00:00+02:00,-1.51
2021-08-02T06:00:00+02:00,-1.51
2021-08-02T12:00:00+02:00,-1.52
2021-08-02T18:00:00+02:00,-1.52
2021-08-03T00:00:00+02:00,-1.52
2021-08-03T06:00:00+02:00,-1.52
2021-08-03T12:00:00+02:00,-1.52
2021-08-03T18:00:00+02:00,-1.53
2021-08-04T00:00:00+02:00,-1.53
2021-08-04T06:00:00+02:00,-1.54
2021-08-04T12:00:00+02:00,-1.53
2021-08-04T18:00:00+02:00,-1.53
2021-08-05T00:00:00+02:00,-1.53
2021-08-05T06:00:00+02:00,-1.53
2021-08-05T12:00:00+02:00,-1.52
2021-08-05T18:00:00+02:00,-1.52
2021-08-06T00:00:00+02:00,-1.52
2021-08-06T06:00:00+02:00,-1.52
2021-08-06T12:00:00+02:00,-1.52
2021-08-06T18:00:00+02:00,-1.52
2021-08-07T00:00:00+02:00,-1.53
2021-08-07T06:00:00+02:00,-1.53
2021-08-07T12:00:00+02:00,-1.52
2021-08-07T18:00:00+02:00,-1.53
2021-08-08T00:00:00+02:00,-1.51
2021-08-08T06:00:00+02:00,-1.5
2021-08-08T12:00:00+02:00,-1.5
2021-08-08T18:00:00+02:00,-1.5
2021-08-09T00:00:00+02:00,-1.49
2021-08-09T06:00:00+02:00,-1.48
2021-08-09T12:00:00+02:00,-1.47
2021-08-09T18:00:00+02:00,-1.46
2021-08-10T00:00:00+02:00,-1.45
2021-08-10T06:00:00+02:00,-1.45
2021-08-10T12:00:00+02:00,-1.44
2021-08-10T18:00:00+02:00,-1.44
2021-08-11T00:00:00+02:00,-1.44
2021-08-11T06:00:00+02:00,-1.44
2021-08-11T12:00:00+02:00,-1.44
2021-08-11T18:00:00+02:00,-1.44
2021-08-12T00:00:00+02:00,-1.45
2021-08-12T06:00:00+02:00,-1.45
2021-08-12T12:00:00+02:00,-1.45
2021-08-12T18:00:00+02:00,-1.45
2021-08-13T00:00:00+02:00,-1.45
2021-08-13T06:00:00+02:00,-1.46
2021-08-13T12:00:00+02:00,-1.46
2021-08-13T18:00:00+02:00,-1.47
2021-08-14T00:00:00+02:00,-1.47
2021-08-14T06:00:00+02:00,-1.47
2021-08-14T12:00:00+02:00,-1.47
2021-08-14T18:00:00+02:00,-1.47
2021-08-15T00:00:00+02:00,-1.47
2021-08-15T06:00:00+02:00,-1.47
2021-08-15T12:00:00+02:00,-1.46
2021-08-15T18:00:00+02:00,-1.46
2021-08-16T00:00:00+02:00,-1.46
2021-08-16T06:00:00+02:00,-1.46
2021-08-16T12:00:00+02:00,-1.47
2021-08-16T18:00:00+02:00,-1.47
2021-08-17T00:00:00+02:00,-1.49
2021-08-17T06:00:00+02:00,-1.49
2021-08-17T12:00:00+02:00,-1.49
2021-08-17T18:00:00+02:00,-1.5
2021-08-18T00:00:00+02:00,-1.5
2021-08-18T06:00:00+02:00,-1.5
2021-08-18T12:00:00+02:00,-1.5
2021-08-18T18:00:00+02:00,-1.5
2021-08-19T00:00:00+02:00,-1.5
2021-08-19T06:00:00+02:00,-1.5
2021-08-19T12:00:00+02:00,-1.51
2021-08-19T18:00:00+02:00,-1.51
2021-08-20T00:00:00+02:00,-1.5
2021-08-20T06:00:00+02:00,-1.51
2021-08-20T12:00:00+02:00,-1.51
2021-08-20T18:00:00+02:00,-1.52
2021-08-21T00:00:00+02:00,-1.52
2021-08-21T06:00:00+02:00,-1.52
2021-08-21T12:00:00+02:00,-1.52
2021-08-21T18:00:00+02:00,-1.52
2021-08-22T00:00:00+02:00,-1.52
2021-08-22T06:00:00+02:00,-1.5
2021-08-22T12:00:00+02:00,-1.47
2021-08-22T18:00:00+02:00,-1.45
2021-08-23T00:00:00+02:00,-1.43
2021-08-23T06:00:00+02:00,-1.41
2021-08-23T12:00:00+02:00,-1.4
2021-08-23T18:00:00+02:00,-1.39
2021-08-24T00:00:00+02:00,-1.39
2021-08-24T06:00:00+02:00,-1.39
2021-08-24T12:00:00+02:00,-1.39
2021-08-24T18:00:00+02:00,-1.39
2021-08-25T00:00:00+02:00,-1.39
2021-08-25T06:00:00+02:00,-1.39
2021-08-25T12:00:00+02:00,-1.38
2021-08-25T18:00:00+02:00,-1.38
2021-08-26T00:00:00+02:00,-1.38
2021-08-26T06:00:00+02:00,-1.39
2021-08-26T12:00:00+02:00,-1.39
2021-08-26T18:00:00+02:00,-1.41
2021-08-27T00:00:00+02:00,-1.41
2021-08-27T06:00:00+02:00,-1.41
2021-08-27T12:00:00+02:00,-1.42
2021-08-27T18:00:00+02:00,-1.42
2021-08-28T00:00:00+02:00,-1.43
2021-08-28T06:00:00+02:00,-1.43
2021-08-28T12:00:00+02:00,-1.44
2021-08-28T18:00:00+02:00,-1.44
2021-08-29T00:00:00+02:00,-1.44
2021-08-29T06:00:00+02:00,-1.44
2021-08-29T12:00:00+02:00,-1.44
2021-08-29T18:00:00+02:00,-1.45
2021-08-30T00:00:00+02:00,-1.45
2021-08-30T06:00:00+02:00,-1.46
2021-08-30T12:00:00+02:00,-1.46
2021-08-30T18:00:00+02:00,-1.46
2021-08-31T00:00:00+02:00,-1.47
2021-08-31T06:00:00+02:00,-1.47
2021-08-31T12:00:00+02:00,-1.48
2021-08-31T18:00:00+02:00,-1.47
2021-09-01T00:00:00+02:00,-1.48
2021-09-01T06:00:00+02:00,-1.48
2021-09-01T12:00:00+02:00,-1.48
2021-09-01T18:00:00+02:00,-1.48
2021-09-02T00:00:00+02:00,-1.48
2021-09-02T06:00:00+02:00,-1.49
2021-09-02T12:00:00+02:00,-1.48
2021-09-02T18:00:00+02:00,-1.48
2021-09-03T00:00:00+02:00,-1.48
2021-09-03T06:00:00+02:00,-1.48
2021-09-03T12:00:00+02:00,-1.48
2021-09-03T18:00:00+02:00,-1.48
2021-09-04T00:00:00+02:00,-1.48
2021-09-04T06:00:00+02:00,-1.48
2021-09-04T12:00:00+02:00,-1.48
2021-09-04T18:00:00+02:00,-1.49
2021-09-05T00:00:00+02:00,-1.5
2021-09-05T06:00:00+02:00,-1.5
2021-09-05T12:00:00+02:00,-1.5
2021-09-05T18:00:00+02:00,-1.5
2021-09-06T00:00:00+02:00,-1.5
2021-09-06T06:00:00+02:00,-1.51
2021-09-06T12:00:00+02:00,-1.51
2021-09-06T18:00:00+02:00,-1.5
2021-09-07T00:00:00+02:00,-1.5
2021-09-07T06:00:00+02:00,-1.51
2021-09-07T12:00:00+02:00,-1.51
2021-09-07T18:00:00+02:00,-1.5
2021-09-08T00:00:00+02:00,-1.51
2021-09-08T06:00:00+02:00,-1.51
2021-09-08T12:00:00+02:00,-1.5
2021-09-08T18:00:00+02:00,-1.5
2021-09-09T00:00:00+02:00,-1.5
2021-09-09T06:00:00+02:00,-1.5
2021-09-09T12:00:00+02:00,-1.5
2021-09-09T18:00:00+02:00,-1.5
2021-09-10T00:00:00+02:00,-1.51
2021-09-10T06:00:00+02:00,-1.51
2021-09-10T12:00:00+02:00,-1.51
2021-09-10T18:00:00+02:00,-1.52
2021-09-11T00:00:00+02:00,-1.52
2021-09-11T06:00:00+02:00,-1.52
2021-09-11T12:00:00+02:00,-1.52
2021-09-11T18:00:00+02:00,-1.53
2021-09-12T00:00:00+02:00,-1.52
2021-09-12T06:00:00+02:00,-1.53
2021-09-12T12:00:00+02:00,-1.53
2021-09-12T18:00:00+02:00,-1.53
2021-09-13T00:00:00+02:00,-1.53
2021-09-13T06:00:00+02:00,-1.54
2021-09-13T12:00:00+02:00,-1.54
2021-09-13T18:00:00+02:00,-1.54
2021-09-14T00:00:00+02:00,-1.54
2021-09-14T06:00:00+02:00,-1.54
2021-09-14T12:00:00+02:00,-1.53
2021-09-14T18:00:00+02:00,-1.53
2021-09-15T00:00:00+02:00,-1.53
2021-09-15T06:00:00+02:00,-1.52
2021-09-15T12:00:00+02:00,-1.53
2021-09-15T18:00:00+02:00,-1.53
2021-09-16T00:00:00+02:00,-1.53
2021-09-16T06:00:00+02:00,-1.54
2021-09-16T12:00:00+02:00,-1.54
2021-09-16T18:00:00+02:00,-1.55
2021-09-17T00:00:00+02:00,-1.55
2021-09-17T06:00:00+02:00,-1.55
2021-09-17T12:00:00+02:00,-1.55
2021-09-17T18:00:00+02:00,-1.55
2021-09-18T00:00:00+02:00,-1.55
2021-09-18T06:00:00+02:00,-1.56
2021-09-18T12:00:00+02:00,-1.55
2021-09-18T18:00:00+02:00,-1.56
2021-09-19T00:00:00+02:00,-1.56
2021-09-19T06:00:00+02:00,-1.56
2021-09-19T12:00:00+02:00,-1.56
2021-09-19T18:00:00+02:00,-1.57
2021-09-20T00:00:00+02:00,-1.57
2021-09-20T06:00:00+02:00,-1.58
2021-09-20T12:00:00+02:00,-1.58
2021-09-20T18:00:00+02:00,-1.59
2021-09-21T00:00:00+02:00,-1.59
2021-09-21T06:00:00+02:00,-1.59
2021-09-21T12:00:00+02:00,-1.58
2021-09-21T18:00:00+02:00,-1.59
2021-09-22T00:00:00+02:00,-1.58
2021-09-22T06:00:00+02:00,-1.59
2021-09-22T12:00:00+02:00,-1.58
2021-09-22T18:00:00+02:00,-1.57
2021-09-23T00:00:00+02:00,-1.56
2021-09-23T06:00:00+02:00,-1.55
2021-09-23T12:00:00+02:00,-1.55
2021-09-23T18:00:00+02:00,-1.57
2021-09-24T00:00:00+02:00,-1.57
2021-09-24T06:00:00+02:00,-1.57
2021-09-24T12:00:00+02:00,-1.57
2021-09-24T18:00:00+02:00,-1.57
2021-09-25T00:00:00+02:00,-1.57
2021-09-25T06:00:00+02:00,-1.58
2021-09-25T12:00:00+02:00,-1.58
2021-09-25T18:00:00+02:00,-1.58
2021-09-26T00:00:00+02:00,-1.58
2021-09-26T06:00:00+02:00,-1.58
2021-09-26T12:00:00+02:00,-1.58
2021-09-26T18:00:00+02:00,-1.59
2021-09-27T00:00:00+02:00,-1.59
2021-09-27T06:00:00+02:00,-1.58
2021-09-27T12:00:00+02:00,-1.58
2021-09-27T18:00:00+02:00,-1.59
2021-09-28T00:00:00+02:00,-1.6
2021-09-28T06:00:00+02:00,-1.6
2021-09-28T12:00:00+02:00,-1.59
2021-09-28T18:00:00+02:00,-1.59
2021-09-29T00:00:00+02:00,-1.58
2021-09-29T06:00:00+02:00,-1.57
2021-09-29T12:00:00+02:00,-1.57
2021-09-29T18:00:00+02:00,-1.57
2021-09-30T00:00:00+02:00,-1.56
2021-09-30T06:00:00+02:00,-1.56
2021-09-30T12:00:00+02:00,-1.55
2021-09-30T18:00:00+02:00,-1.54
2021-10-01T00:00:00+02:00,-1.54
2021-10-01T06:00:00+02:00,-1.54
2021-10-01T12:00:00+02:00,-1.54
2021-10-01T18:00:00+02:00,-1.53
2021-10-02T00:00:00+02:00,-1.52
2021-10-02T06:00:00+02:00,-1.51
2021-10-02T12:00:00+02:00,-1.5
2021-10-02T18:00:00+02:00,-1.49
2021-10-03T00:00:00+02:00,-1.46
2021-10-03T06:00:00+02:00,-1.46
2021-10-03T12:00:00+02:00,-1.45
2021-10-03T18:00:00+02:00,-1.46
2021-10-04T00:00:00+02:00,-1.45
2021-10-04T06:00:00+02:00,-1.45
2021-10-04T12:00:00+02:00,-1.45
2021-10-04T18:00:00+02:00,-1.45
2021-10-05T00:00:00+02:00,-1.44
2021-10-05T06:00:00+02:00,-1.44
2021-10-05T12:00:00+02:00,-1.43
2021-10-05T18:00:00+02:00,-1.43
2021-10-06T00:00:00+02:00,-1.43
2021-10-06T06:00:00+02:00,-1.44
2021-10-06T12:00:00+02:00,-1.46
2021-10-06T18:00:00+02:00,-1.47
2021-10-07T00:00:00+02:00,-1.47
2021-10-07T06:00:00+02:00,-1.48
2021-10-07T12:00:00+02:00,-1.48
2021-10-07T18:00:00+02:00,-1.49
2021-10-08T00:00:00+02:00,-1.49
2021-10-08T06:00:00+02:00,-1.5
2021-10-08T12:00:00+02:00,-1.49
2021-10-08T18:00:00+02:00,-1.5
2021-10-09T00:00:00+02:00,-1.5
2021-10-09T06:00:00+02:00,-1.5
2021-10-09T12:00:00+02:00,-1.5
2021-10-09T18:00:00+02:00,-1.5
2021-10-10T00:00:00+02:00,-1.5
2021-10-10T06:00:00+02:00,-1.49
2021-10-10T12:00:00+02:00,-1.49
2021-10-10T18:00:00+02:00,-1.49
2021-10-11T00:00:00+02:00,-1.5
2021-10-11T06:00:00+02:00,-1.5
2021-10-11T12:00:00+02:00,-1.5
2021-10-11T18:00:00+02:00,-1.5
2021-10-12T00:00:00+02:00,-1.49
2021-10-12T06:00:00+02:00,-1.49
2021-10-12T12:00:00+02:00,-1.49
2021-10-12T18:00:00+02:00,-1.5
2021-10-13T00:00:00+02:00,-1.5
2021-10-13T06:00:00+02:00,-1.51
2021-10-13T12:00:00+02:00,-1.51
2021-10-13T18:00:00+02:00,-1.51
2021-10-14T00:00:00+02:00,-1.51
2021-10-14T06:00:00+02:00,-1.5
2021-10-14T12:00:00+02:00,-1.5
2021-10-14T18:00:00+02:00,-1.5
2021-10-15T00:00:00+02:00,-1.49
2021-10-15T06:00:00+02:00,-1.5
2021-10-15T12:00:00+02:00,-1.51
2021-10-15T18:00:00+02:00,-1.52
2021-10-16T00:00:00+02:00,-1.51
2021-10-16T06:00:00+02:00,-1.52
2021-10-16T12:00:00+02:00,-1.51
2021-10-16T18:00:00+02:00,-1.51
2021-10-17T00:00:00+02:00,-1.51
2021-10-17T06:00:00+02:00,-1.51
2021-10-17T12:00:00+02:00,-1.51
2021-10-17T18:00:00+02:00,-1.52
2021-10-18T00:00:00+02:00,-1.52
2021-10-18T06:00:00+02:00,-1.53
2021-10-18T12:00:00+02:00,-1.52
2021-10-18T18:00:00+02:00,-1.52
2021-10-19T00:00:00+02:00,-1.52
2021-10-19T06:00:00+02:00,-1.51
2021-10-19T12:00:00+02:00,-1.51
2021-10-19T18:00:00+02:00,-1.51
2021-10-20T00:00:00+02:00,-1.49
2021-10-20T06:00:00+02:00,-1.49
2021-10-20T12:00:00+02:00,-1.48
2021-10-20T18:00:00+02:00,-1.48
2021-10-21T00:00:00+02:00,-1.47
2021-10-21T06:00:00+02:00,-1.45
2021-10-21T12:00:00+02:00,-1.45
2021-10-21T18:00:00+02:00,-1.42
2021-10-22T00:00:00+02:00,-1.39
2021-10-22T06:00:00+02:00,-1.37
2021-10-22T12:00:00+02:00,-1.38
2021-10-22T18:00:00+02:00,-1.38
2021-10-23T00:00:00+02:00,-1.37
2021-10-23T06:00:00+02:00,-1.38
2021-10-23T12:00:00+02:00,-1.38
2021-10-23T18:00:00+02:00,-1.38
2021-10-24T00:00:00+02:00,-1.38
2021-10-24T06:00:00+02:00,-1.37
2021-10-24T12:00:00+02:00,-1.37
2021-10-24T18:00:00+02:00,-1.37
2021-10-25T00:00:00+02:00,-1.37
2021-10-25T06:00:00+02:00,-1.37
2021-10-25T12:00:00+02:00,-1.37
2021-10-25T18:00:00+02:00,-1.38
2021-10-26T00:00:00+02:00,-1.38
2021-10-26T06:00:00+02:00,-1.39
2021-10-26T12:00:00+02:00,-1.38
2021-10-26T18:00:00+02:00,-1.39
2021-10-27T00:00:00+02:00,-1.4
2021-10-27T06:00:00+02:00,-1.4
2021-10-27T12:00:00+02:00,-1.4
2021-10-27T18:00:00+02:00,-1.41
2021-10-28T00:00:00+02:00,-1.41
2021-10-28T06:00:00+02:00,-1.41
2021-10-28T12:00:00+02:00,-1.4
2021-10-28T18:00:00+02:00,-1.41
2021-10-29T00:00:00+02:00,-1.4
2021-10-29T06:00:00+02:00,-1.41
2021-10-29T12:00:00+02:00,-1.4
2021-10-29T18:00:00+02:00,-1.41
2021-10-30T00:00:00+02:00,-1.42
2021-10-30T06:00:00+02:00,-1.41
2021-10-30T12:00:00+02:00,-1.41
2021-10-30T18:00:00+02:00,-1.42
2021-10-31T00:00:00+02:00,-1.42
2021-10-31T06:00:00+01:00,-1.42
2021-10-31T12:00:00+01:00,-1.4
2021-10-31T18:00:00+01:00,-1.38
2021-11-01T00:00:00+01:00,-1.37
2021-11-01T06:00:00+01:00,-1.36
2021-11-01T12:00:00+01:00,-1.35
2021-11-01T18:00:00+01:00,-1.35
2021-11-02T00:00:00+01:00,-1.34
2021-11-02T06:00:00+01:00,-1.35
2021-11-02T12:00:00+01:00,-1.35
2021-11-02T18:00:00+01:00,-1.35
2021-11-03T00:00:00+01:00,-1.35
2021-11-03T06:00:00+01:00,-1.35
2021-11-03T12:00:00+01:00,-1.35
2021-11-03T18:00:00+01:00,-1.35
2021-11-04T00:00:00+01:00,-1.36
2021-11-04T06:00:00+01:00,-1.36
2021-11-04T12:00:00+01:00,-1.37
2021-11-04T18:00:00+01:00,-1.38
2021-11-05T00:00:00+01:00,-1.39
2021-11-05T06:00:00+01:00,-1.39
2021-11-05T12:00:00+01:00,-1.4
2021-11-05T18:00:00+01:00,-1.4
2021-11-06T00:00:00+01:00,-1.4
2021-11-06T06:00:00+01:00,-1.4
2021-11-06T12:00:00+01:00,-1.39
2021-11-06T18:00:00+01:00,-1.38
2021-11-07T00:00:00+01:00,-1.37
2021-11-07T06:00:00+01:00,-1.38
2021-11-07T12:00:00+01:00,-1.38
2021-11-07T18:00:00+01:00,-1.39
2021-11-08T00:00:00+01:00,-1.39
2021-11-08T06:00:00+01:00,-1.4
2021-11-08T12:00:00+01:00,-1.4
2021-11-08T18:00:00+01:00,-1.41
2021-11-09T00:00:00+01:00,-1.4
2021-11-09T06:00:00+01:00,-1.41
2021-11-09T12:00:00+01:00,-1.4
2021-11-09T18:00:00+01:00,-1.41
2021-11-10T00:00:00+01:00,-1.41
2021-11-10T06:00:00+01:00,-1.41
2021-11-10T12:00:00+01:00,-1.41
2021-11-10T18:00:00+01:00,-1.41
2021-11-11T00:00:00+01:00,-1.41
2021-11-11T06:00:00+01:00,-1.41
2021-11-11T12:00:00+01:00,-1.42
2021-11-11T18:00:00+01:00,-1.42
2021-11-12T00:00:00+01:00,-1.42
2021-11-12T06:00:00+01:00,-1.41
2021-11-12T12:00:00+01:00,-1.4
2021-11-12T18:00:00+01:00,-1.4
2021-11-13T00:00:00+01:00,-1.4
2021-11-13T06:00:00+01:00,-1.4
2021-11-13T12:00:00+01:00,-1.4
2021-11-13T18:00:00+01:00,-1.41
2021-11-14T00:00:00+01:00,-1.41
2021-11-14T06:00:00+01:00,-1.42
2021-11-14T12:00:00+01:00,-1.42
2021-11-14T18:00:00+01:00,-1.43
2021-11-15T00:00:00+01:00,-1.42
2021-11-15T06:00:00+01:00,-1.42
2021-11-15T12:00:00+01:00,-1.42
2021-11-15T18:00:00+01:00,-1.42
2021-11-16T00:00:00+01:00,-1.42
2021-11-16T06:00:00+01:00,-1.42
2021-11-16T12:00:00+01:00,-1.41
2021-11-16T18:00:00+01:00,-1.41
2021-11-17T00:00:00+01:00,-1.41
2021-11-17T06:00:00+01:00,-1.41
2021-11-17T12:00:00+01:00,-1.42
2021-11-17T18:00:00+01:00,-1.43
2021-11-18T00:00:00+01:00,-1.43
2021-11-18T06:00:00+01:00,-1.43
2021-11-18T12:00:00+01:00,-1.43
2021-11-18T18:00:00+01:00,-1.44
2021-11-19T00:00:00+01:00,-1.44
2021-11-19T06:00:00+01:00,-1.44
2021-11-19T12:00:00+01:00,-1.44
2021-11-19T18:00:00+01:00,-1.45
2021-11-20T00:00:00+01:00,-1.45
2021-11-20T06:00:00+01:00,-1.44
2021-11-20T12:00:00+01:00,-1.43
2021-11-20T18:00:00+01:00,-1.43
2021-11-21T00:00:00+01:00,-1.42
2021-11-21T06:00:00+01:00,-1.43
2021-11-21T12:00:00+01:00,-1.44
2021-11-21T18:00:00+01:00,-1.45
2021-11-22T00:00:00+01:00,-1.47
2021-11-22T06:00:00+01:00,-1.47
2021-11-22T12:00:00+01:00,-1.47
2021-11-22T18:00:00+01:00,-1.48
2021-11-23T00:00:00+01:00,-1.47
2021-11-23T06:00:00+01:00,-1.47
2021-11-23T12:00:00+01:00,-1.47
2021-11-23T18:00:00+01:00,-1.48
2021-11-24T00:00:00+01:00,-1.47
2021-11-24T06:00:00+01:00,-1.46
2021-11-24T12:00:00+01:00,-1.46
2021-11-24T18:00:00+01:00,-1.46
2021-11-25T00:00:00+01:00,-1.45
2021-11-25T06:00:00+01:00,-1.44
2021-11-25T12:00:00+01:00,-1.45
2021-11-25T18:00:00+01:00,-1.45
2021-11-26T00:00:00+01:00,-1.44
2021-11-26T06:00:00+01:00,-1.42
2021-11-26T12:00:00+01:00,-1.4
2021-11-26T18:00:00+01:00,-1.4
2021-11-27T00:00:00+01:00,-1.4
2021-11-27T06:00:00+01:00,-1.41
2021-11-27T12:00:00+01:00,-1.42
2021-11-27T18:00:00+01:00,-1.43
2021-11-28T00:00:00+01:00,-1.42
2021-11-28T06:00:00+01:00,-1.42
2021-11-28T12:00:00+01:00,-1.4
2021-11-28T18:00:00+01:00,-1.41
2021-11-29T00:00:00+01:00,-1.4
2021-11-29T06:00:00+01:00,-1.41
2021-11-29T12:00:00+01:00,-1.4
2021-11-29T18:00:00+01:00,-1.4
2021-11-30T00:00:00+01:00,-1.37
2021-11-30T06:00:00+01:00,-1.37
2021-11-30T12:00:00+01:00,-1.37
2021-11-30T18:00:00+01:00,-1.36
2021-12-01T00:00:00+01:00,-1.32
2021-12-01T06:00:00+01:00,-1.3
2021-12-01T12:00:00+01:00,-1.29
2021-12-01T18:00:00+01:00,-1.31
2021-12-02T00:00:00+01:00,-1.31
2021-12-02T06:00:00+01:00,-1.3
2021-12-02T12:00:00+01:00,-1.32
2021-12-02T18:00:00+01:00,-1.32
2021-12-03T00:00:00+01:00,-1.31
2021-12-03T06:00:00+01:00,-1.3
2021-12-03T12:00:00+01:00,-1.29
2021-12-03T18:00:00+01:00,-1.29
2021-12-04T00:00:00+01:00,-1.29
2021-12-04T06:00:00+01:00,-1.29
2021-12-04T12:00:00+01:00,-1.28
2021-12-04T18:00:00+01:00,-1.29
2021-12-05T00:00:00+01:00,-1.29
2021-12-05T06:00:00+01:00,-1.3
2021-12-05T12:00:00+01:00,-1.31
2021-12-05T18:00:00+01:00,-1.33
2021-12-06T00:00:00+01:00,-1.33
2021-12-06T06:00:00+01:00,-1.33
2021-12-06T12:00:00+01:00,-1.32
2021-12-06T18:00:00+01:00,-1.31
2021-12-07T00:00:00+01:00,-1.31
2021-12-07T06:00:00+01:00,-1.31
2021-12-07T12:00:00+01:00,-1.3
2021-12-07T18:00:00+01:00,-1.27
2021-12-08T00:00:00+01:00,-1.27
2021-12-08T06:00:00+01:00,-1.26
2021-12-08T12:00:00+01:00,-1.26
2021-12-08T18:00:00+01:00,-1.27
2021-12-09T00:00:00+01:00,-1.28
2021-12-09T06:00:00+01:00,-1.28
2021-12-09T12:00:00+01:00,-1.28
2021-12-09T18:00:00+01:00,-1.28
2021-12-10T00:00:00+01:00,-1.27
2021-12-10T06:00:00+01:00,-1.28
2021-12-10T12:00:00+01:00,-1.29
2021-12-10T18:00:00+01:00,-1.3
2021-12-11T00:00:00+01:00,-1.32
2021-12-11T06:00:00+01:00,-1.33
2021-12-11T12:00:00+01:00,-1.34
2021-12-11T18:00:00+01:00,-1.34
2021-12-12T00:00:00+01:00,-1.34
2021-12-12T06:00:00+01:00,-1.34
2021-12-12T12:00:00+01:00,-1.35
2021-12-12T18:00:00+01:00,-1.35
2021-12-13T00:00:00+01:00,-1.35
2021-12-13T06:00:00+01:00,-1.34
2021-12-13T12:00:00+01:00,-1.34
2021-12-13T18:00:00+01:00,-1.34
2021-12-14T00:00:00+01:00,-1.34
2021-12-14T06:00:00+01:00,-1.34
2021-12-14T12:00:00+01:00,-1.34
2021-12-14T18:00:00+01:00,-1.35
2021-12-15T00:00:00+01:00,-1.35
2021-12-15T06:00:00+01:00,-1.36
2021-12-15T12:00:00+01:00,-1.36
2021-12-15T18:00:00+01:00,-1.37
2021-12-16T00:00:00+01:00,-1.38
2021-12-16T06:00:00+01:00,-1.39
2021-12-16T12:00:00+01:00,-1.39
2021-12-16T18:00:00+01:00,-1.4
2021-12-17T00:00:00+01:00,-1.4
2021-12-17T06:00:00+01:00,-1.4
2021-12-17T12:00:00+01:00,-1.4
2021-12-17T18:00:00+01:00,-1.41
2021-12-18T00:00:00+01:00,-1.41
2021-12-18T06:00:00+01:00,-1.41
2021-12-18T12:00:00+01:00,-1.41
2021-12-18T18:00:00+01:00,-1.41
2021-12-19T00:00:00+01:00,-1.41
2021-12-19T06:00:00+01:00,-1.4
2021-12-19T12:00:00+01:00,-1.4
2021-12-19T18:00:00+01:00,-1.4
2021-12-20T00:00:00+01:00,-1.4
2021-12-20T06:00:00+01:00,-1.41
2021-12-20T12:00:00+01:00,-1.41
2021-12-20T18:00:00+01:00,-1.42
2021-12-21T00:00:00+01:00,-1.42
2021-12-21T06:00:00+01:00,-1.42
2021-12-21T12:00:00+01:00,-1.42
2021-12-21T18:00:00+01:00,-1.42
2021-12-22T00:00:00+01:00,-1.43
2021-12-22T06:00:00+01:00,-1.43
2021-12-22T12:00:00+01:00,-1.42
2021-12-22T18:00:00+01:00,-1.42
2021-12-23T00:00:00+01:00,-1.41
2021-12-23T06:00:00+01:00,-1.4
2021-12-23T12:00:00+01:00,-1.4
2021-12-23T18:00:00+01:00,-1.39
2021-12-24T00:00:00+01:00,-1.38
2021-12-24T06:00:00+01:00,-1.37
2021-12-24T12:00:00+01:00,-1.37
2021-12-24T18:00:00+01:00,-1.38
2021-12-25T00:00:00+01:00,-1.38
2021-12-25T06:00:00+01:00,-1.38
2021-12-25T12:00:00+01:00,-1.38
2021-12-25T18:00:00+01:00,-1.37
2021-12-26T00:00:00+01:00,-1.37
2021-12-26T06:00:00+01:00,-1.37
2021-12-26T12:00:00+01:00,-1.36
2021-12-26T18:00:00+01:00,-1.37
2021-12-27T00:00:00+01:00,-1.37
2021-12-27T06:00:00+01:00,-1.37
2021-12-27T12:00:00+01:00,-1.37
2021-12-27T18:00:00+01:00,-1.37
2021-12-28T00:00:00+01:00,-1.37
2021-12-28T06:00:00+01:00,-1.37
2021-12-28T12:00:00+01:00,-1.36
2021-12-28T18:00:00+01:00,-1.37
2021-12-29T00:00:00+01:00,-1.37
2021-12-29T06:00:00+01:00,-1.38
2021-12-29T12:00:00+01:00,-1.37
2021-12-29T18:00:00+01:00,-1.36
2021-12-30T00:00:00+01:00,-1.36
2021-12-30T06:00:00+01:00,-1.35
2021-12-30T12:00:00+01:00,-1.34
2021-12-30T18:00:00+01:00,-1.33
2021-12-31T00:00:00+01:00,-1.32
2021-12-31T06:00:00+01:00,-1.32
2021-12-31T12:00:00+01:00,-1.31
2021-12-31T18:00:00+01:00,-1.31
2022-01-01T00:00:00+01:00,-1.3
2022-01-01T06:00:00+01:00,-1.29
2022-01-01T12:00:00+01:00,-1.28
2022-01-01T18:00:00+01:00,-1.28
2022-01-02T00:00:00+01:00,-1.27
2022-01-02T06:00:00+01:00,-1.26
2022-01-02T12:00:00+01:00,-1.24
2022-01-02T18:00:00+01:00,-1.23
2022-01-03T00:00:00+01:00,-1.21
2022-01-03T06:00:00+01:00,-1.2
2022-01-03T12:00:00+01:00,-1.2
2022-01-03T18:00:00+01:00,-1.2
2022-01-04T00:00:00+01:00,-1.2
2022-01-04T06:00:00+01:00,-1.2
2022-01-04T12:00:00+01:00,-1.22
2022-01-04T18:00:00+01:00,-1.23
2022-01-05T00:00:00+01:00,-1.23
2022-01-05T06:00:00+01:00,-1.23
2022-01-05T12:00:00+01:00,-1.25
2022-01-05T18:00:00+01:00,-1.27
2022-01-06T00:00:00+01:00,-1.27
2022-01-06T06:00:00+01:00,-1.28
2022-01-06T12:00:00+01:00,-1.28
2022-01-06T18:00:00+01:00,-1.27
2022-01-07T00:00:00+01:00,-1.27
2022-01-07T06:00:00+01:00,-1.26
2022-01-07T12:00:00+01:00,-1.27
2022-01-07T18:00:00+01:00,-1.28
2022-01-08T00:00:00+01:00,-1.28
2022-01-08T06:00:00+01:00,-1.28
2022-01-08T12:00:00+01:00,-1.26
2022-01-08T18:00:00+01:00,-1.24
2022-01-09T00:00:00+01:00,-1.23
2022-01-09T06:00:00+01:00,-1.23
2022-01-09T12:00:00+01:00,-1.23
2022-01-09T18:00:00+01:00,-1.24
2022-01-10T00:00:00+01:00,-1.25
2022-01-10T06:00:00+01:00,-1.27
2022-01-10T12:00:00+01:00,-1.28
2022-01-10T18:00:00+01:00,-1.29
2022-01-11T00:00:00+01:00,-1.3
2022-01-11T06:00:00+01:00,-1.3
2022-01-11T12:00:00+01:00,-1.3
2022-01-11T18:00:00+01:00,-1.31
2022-01-12T00:00:00+01:00,-1.31
2022-01-12T06:00:00+01:00,-1.32
2022-01-12T12:00:00+01:00,-1.32
2022-01-12T18:00:00+01:00,-1.32
2022-01-13T00:00:00+01:00,-1.33
2022-01-13T06:00:00+01:00,-1.32
2022-01-13T12:00:00+01:00,-1.32
2022-01-13T18:00:00+01:00,-1.33
2022-01-14T00:00:00+01:00,-1.33
2022-01-14T06:00:00+01:00,-1.33
2022-01-14T12:00:00+01:00,-1.34
2022-01-14T18:00:00+01:00,-1.34
2022-01-15T00:00:00+01:00,-1.34
2022-01-15T06:00:00+01:00,-1.34
2022-01-15T12:00:00+01:00,-1.34
2022-01-15T18:00:00+01:00,-1.34
2022-01-16T00:00:00+01:00,-1.34
2022-01-16T06:00:00+01:00,-1.34
2022-01-16T12:00:00+01:00,-1.35
2022-01-16T18:00:00+01:00,-1.36
2022-01-17T00:00:00+01:00,-1.37
2022-01-17T06:00:00+01:00,-1.36
2022-01-17T12:00:00+01:00,-1.38
2022-01-17T18:00:00+01:00,-1.39
2022-01-18T00:00:00+01:00,-1.4
2022-01-18T06:00:00+01:00,-1.4
2022-01-18T12:00:00+01:00,-1.4
2022-01-18T18:00:00+01:00,-1.4
2022-01-19T00:00:00+01:00,-1.39
2022-01-19T06:00:00+01:00,-1.38
2022-01-19T12:00:00+01:00,-1.37
2022-01-19T18:00:00+01:00,-1.39
2022-01-20T00:00:00+01:00,-1.39
2022-01-20T06:00:00+01:00,-1.41
2022-01-20T12:00:00+01:00,-1.41
2022-01-20T18:00:00+01:00,-1.42
2022-01-21T00:00:00+01:00,-1.42
2022-01-21T06:00:00+01:00,-1.42
2022-01-21T12:00:00+01:00,-1.42
2022-01-21T18:00:00+01:00,-1.41
2022-01-22T00:00:00+01:00,-1.42
2022-01-22T06:00:00+01:00,-1.42
2022-01-22T12:00:00+01:00,-1.43
2022-01-22T18:00:00+01:00,-1.43
2022-01-23T00:00:00+01:00,-1.43
2022-01-23T06:00:00+01:00,-1.43
2022-01-23T12:00:00+01:00,-1.43
2022-01-23T18:00:00+01:00,-1.44
2022-01-24T00:00:00+01:00,-1.44
2022-01-24T06:00:00+01:00,-1.44
2022-01-24T12:00:00+01:00,-1.44
2022-01-24T18:00:00+01:00,-1.44
2022-01-25T00:00:00+01:00,-1.44
2022-01-25T06:00:00+01:00,-1.44
2022-01-25T12:00:00+01:00,-1.44
2022-01-25T18:00:00+01:00,-1.45
2022-01-26T00:00:00+01:00,-1.44
2022-01-26T06:00:00+01:00,-1.44
2022-01-26T12:00:00+01:00,-1.44
2022-01-26T18:00:00+01:00,-1.43
2022-01-27T00:00:00+01:00,-1.42
2022-01-27T06:00:00+01:00,-1.42
2022-01-27T12:00:00+01:00,-1.43
2022-01-27T18:00:00+01:00,-1.45
2022-01-28T00:00:00+01:00,-1.47
2022-01-28T06:00:00+01:00,-1.47
2022-01-28T12:00:00+01:00,-1.47
2022-01-28T18:00:00+01:00,-1.46
2022-01-29T00:00:00+01:00,-1.45
2022-01-29T06:00:00+01:00,-1.45
2022-01-29T12:00:00+01:00,-1.43
2022-01-29T18:00:00+01:00,-1.46
2022-01-30T00:00:00+01:00,-1.47
2022-01-30T06:00:00+01:00,-1.48
2022-01-30T12:00:00+01:00,-1.48
2022-01-30T18:00:00+01:00,-1.47
2022-01-31T00:00:00+01:00,-1.43
2022-01-31T06:00:00+01:00,-1.42
2022-01-31T12:00:00+01:00,-1.44
2022-01-31T18:00:00+01:00,-1.45
2022-02-01T00:00:00+01:00,-1.43
2022-02-01T06:00:00+01:00,-1.4
2022-02-01T12:00:00+01:00,-1.38
2022-02-01T18:00:00+01:00,-1.38
2022-02-02T00:00:00+01:00,-1.39
2022-02-02T06:00:00+01:00,-1.39
2022-02-02T12:00:00+01:00,-1.39
2022-02-02T18:00:00+01:00,-1.39
2022-02-03T00:00:00+01:00,-1.38
2022-02-03T06:00:00+01:00,-1.37
2022-02-03T12:00:00+01:00,-1.37
2022-02-03T18:00:00+01:00,-1.37
2022-02-04T00:00:00+01:00,-1.37
2022-02-04T06:00:00+01:00,-1.36
2022-02-04T12:00:00+01:00,-1.34
2022-02-04T18:00:00+01:00,-1.37
2022-02-05T00:00:00+01:00,-1.35
2022-02-05T06:00:00+01:00,-1.35
2022-02-05T12:00:00+01:00,-1.34
2022-02-05T18:00:00+01:00,-1.32
2022-02-06T00:00:00+01:00,-1.3
2022-02-06T06:00:00+01:00,-1.29
2022-02-06T12:00:00+01:00,-1.28
2022-02-06T18:00:00+01:00,-1.27
2022-02-07T00:00:00+01:00,-1.29
2022-02-07T06:00:00+01:00,-1.31
2022-02-07T12:00:00+01:00,-1.31
2022-02-07T18:00:00+01:00,-1.3
2022-02-08T00:00:00+01:00,-1.3
2022-02-08T06:00:00+01:00,-1.3
2022-02-08T12:00:00+01:00,-1.3
2022-02-08T18:00:00+01:00,-1.31
2022-02-09T00:00:00+01:00,-1.31
2022-02-09T06:00:00+01:00,-1.31
2022-02-09T12:00:00+01:00,-1.32
2022-02-09T18:00:00+01:00,-1.33
2022-02-10T00:00:00+01:00,-1.32
2022-02-10T06:00:00+01:00,-1.32
2022-02-10T12:00:00+01:00,-1.32
2022-02-10T18:00:00+01:00,-1.33
2022-02-11T00:00:00+01:00,-1.32
2022-02-11T06:00:00+01:00,-1.34
2022-02-11T12:00:00+01:00,-1.36
2022-02-11T18:00:00+01:00,-1.37
2022-02-12T00:00:00+01:00,-1.36
2022-02-12T06:00:00+01:00,-1.35
2022-02-12T12:00:00+01:00,-1.35
2022-02-12T18:00:00+01:00,-1.34
2022-02-13T00:00:00+01:00,-1.34
2022-02-13T06:00:00+01:00,-1.34
2022-02-13T12:00:00+01:00,-1.34
2022-02-13T18:00:00+01:00,-1.34
2022-02-14T00:00:00+01:00,-1.34
2022-02-14T06:00:00+01:00,-1.34
2022-02-14T12:00:00+01:00,-1.35
2022-02-14T18:00:00+01:00,-1.36
2022-02-15T00:00:00+01:00,-1.38
2022-02-15T06:00:00+01:00,-1.38
2022-02-15T12:00:00+01:00,-1.38
2022-02-15T18:00:00+01:00,-1.37
2022-02-16T00:00:00+01:00,-1.36
2022-02-16T06:00:00+01:00,-1.32
2022-02-16T12:00:00+01:00,-1.32
2022-02-16T18:00:00+01:00,-1.28
2022-02-17T00:00:00+01:00,-1.28
2022-02-17T06:00:00+01:00,-1.31
2022-02-17T12:00:00+01:00,-1.32
2022-02-17T18:00:00+01:00,-1.34
2022-02-18T00:00:00+01:00,-1.34
2022-02-18T06:00:00+01:00,-1.3
2022-02-18T12:00:00+01:00,-1.28
2022-02-18T18:00:00+01:00,-1.29
2022-02-19T00:00:00+01:00,-1.32
2022-02-19T06:00:00+01:00,-1.34
2022-02-19T12:00:00+01:00,-1.34
2022-02-19T18:00:00+01:00,-1.34
2022-02-20T00:00:00+01:00,-1.35
2022-02-20T06:00:00+01:00,-1.31
2022-02-20T12:00:00+01:00,-1.29
2022-02-20T18:00:00+01:00,-1.25
2022-02-21T00:00:00+01:00,-1.25
2022-02-21T06:00:00+01:00,-1.23
2022-02-21T12:00:00+01:00,-1.23
2022-02-21T18:00:00+01:00,-1.26
2022-02-22T00:00:00+01:00,-1.27
2022-02-22T06:00:00+01:00,-1.26
2022-02-22T12:00:00+01:00,-1.25
2022-02-22T18:00:00+01:00,-1.27
2022-02-23T00:00:00+01:00,-1.28
2022-02-23T06:00:00+01:00,-1.28
2022-02-23T12:00:00+01:00,-1.27
2022-02-23T18:00:00+01:00,-1.27
2022-02-24T00:00:00+01:00,-1.26
2022-02-24T06:00:00+01:00,-1.26
2022-02-24T12:00:00+01:00,-1.25
2022-02-24T18:00:00+01:00,-1.27
2022-02-25T00:00:00+01:00,-1.27
2022-02-25T06:00:00+01:00,-1.27
2022-02-25T12:00:00+01:00,-1.29
2022-02-25T18:00:00+01:00,-1.31
2022-02-26T00:00:00+01:00,-1.32
2022-02-26T06:00:00+01:00,-1.32
2022-02-26T12:00:00+01:00,-1.32
2022-02-26T18:00:00+01:00,-1.33
2022-02-27T00:00:00+01:00,-1.33
2022-02-27T06:00:00+01:00,-1.33
2022-02-27T12:00:00+01:00,-1.33
2022-02-27T18:00:00+01:00,-1.34
2022-02-28T00:00:00+01:00,-1.34
2022-02-28T06:00:00+01:00,-1.34
2022-02-28T12:00:00+01:00,-1.34
2022-02-28T18:00:00+01:00,-1.35
2022-03-01T00:00:00+01:00,-1.35
2022-03-01T06:00:00+01:00,-1.36
2022-03-01T12:00:00+01:00,-1.37
2022-03-01T18:00:00+01:00,-1.37
2022-03-02T00:00:00+01:00,-1.37
2022-03-02T06:00:00+01:00,-1.37
2022-03-02T12:00:00+01:00,-1.37
2022-03-02T18:00:00+01:00,-1.38
2022-03-03T00:00:00+01:00,-1.38
2022-03-03T06:00:00+01:00,-1.38
2022-03-03T12:00:00+01:00,-1.38
2022-03-03T18:00:00+01:00,-1.4
2022-03-04T00:00:00+01:00,-1.4
2022-03-04T06:00:00+01:00,-1.4
2022-03-04T12:00:00+01:00,-1.4
2022-03-04T18:00:00+01:00,-1.41
2022-03-05T00:00:00+01:00,-1.41
2022-03-05T06:00:00+01:00,-1.42
2022-03-05T12:00:00+01:00,-1.42
2022-03-05T18:00:00+01:00,-1.43
2022-03-06T00:00:00+01:00,-1.44
2022-03-06T06:00:00+01:00,-1.44
2022-03-06T12:00:00+01:00,-1.44
2022-03-06T18:00:00+01:00,-1.44
2022-03-07T00:00:00+01:00,-1.44
2022-03-07T06:00:00+01:00,-1.45
2022-03-07T12:00:00+01:00,-1.44
2022-03-07T18:00:00+01:00,-1.45
2022-03-08T00:00:00+01:00,-1.45
2022-03-08T06:00:00+01:00,-1.45
2022-03-08T12:00:00+01:00,-1.45
2022-03-08T18:00:00+01:00,-1.46
2022-03-09T00:00:00+01:00,-1.46
2022-03-09T06:00:00+01:00,-1.46
2022-03-09T12:00:00+01:00,-1.46
2022-03-09T18:00:00+01:00,-1.47
2022-03-10T00:00:00+01:00,-1.47
2022-03-10T06:00:00+01:00,-1.47
2022-03-10T12:00:00+01:00,-1.47
2022-03-10T18:00:00+01:00,-1.47
2022-03-11T00:00:00+01:00,-1.47
2022-03-11T06:00:00+01:00,-1.47
2022-03-11T12:00:00+01:00,-1.46
2022-03-11T18:00:00+01:00,-1.47
2022-03-12T00:00:00+01:00,-1.47
2022-03-12T06:00:00+01:00,-1.47
2022-03-12T12:00:00+01:00,-1.48
2022-03-12T18:00:00+01:00,-1.48
2022-03-13T00:00:00+01:00,-1.48
2022-03-13T06:00:00+01:00,-1.48
2022-03-13T12:00:00+01:00,-1.47
2022-03-13T18:00:00+01:00,-1.49
2022-03-14T00:00:00+01:00,-1.49
2022-03-14T06:00:00+01:00,-1.5
2022-03-14T12:00:00+01:00,-1.5
2022-03-14T18:00:00+01:00,-1.51
2022-03-15T00:00:00+01:00,-1.51
2022-03-15T06:00:00+01:00,-1.51
2022-03-15T12:00:00+01:00,-1.5
2022-03-15T18:00:00+01:00,-1.51
2022-03-16T00:00:00+01:00,-1.51
2022-03-16T06:00:00+01:00,-1.51
2022-03-16T12:00:00+01:00,-1.51
2022-03-16T18:00:00+01:00,-1.5
2022-03-17T00:00:00+01:00,-1.5
2022-03-17T06:00:00+01:00,-1.51
2022-03-17T12:00:00+01:00,-1.52
2022-03-17T18:00:00+01:00,-1.54
2022-03-18T00:00:00+01:00,-1.54
2022-03-18T06:00:00+01:00,-1.55
2022-03-18T12:00:00+01:00,-1.55
2022-03-18T18:00:00+01:00,-1.56
2022-03-19T00:00:00+01:00,-1.56
2022-03-19T06:00:00+01:00,-1.56
2022-03-19T12:00:00+01:00,-1.54
2022-03-19T18:00:00+01:00,-1.54
2022-03-20T00:00:00+01:00,-1.53
2022-03-20T06:00:00+01:00,-1.53
2022-03-20T12:00:00+01:00,-1.51
2022-03-20T18:00:00+01:00,-1.52
2022-03-21T00:00:00+01:00,-1.52
2022-03-21T06:00:00+01:00,-1.53
2022-03-21T12:00:00+01:00,-1.53
2022-03-21T18:00:00+01:00,-1.53
2022-03-22T00:00:00+01:00,-1.53
2022-03-22T06:00:00+01:00,-1.54
2022-03-22T12:00:00+01:00,-1.53
2022-03-22T18:00:00+01:00,-1.54
2022-03-23T00:00:00+01:00,-1.53
2022-03-23T06:00:00+01:00,-1.54
2022-03-23T12:00:00+01:00,-1.53
2022-03-23T18:00:00+01:00,-1.54
2022-03-24T00:00:00+01:00,-1.53
2022-03-24T06:00:00+01:00,-1.54
2022-03-24T12:00:00+01:00,-1.53
2022-03-24T18:00:00+01:00,-1.54
2022-03-25T00:00:00+01:00,-1.54
2022-03-25T06:00:00+01:00,-1.54
2022-03-25T12:00:00+01:00,-1.54
2022-03-25T18:00:00+01:00,-1.55
2022-03-26T00:00:00+01:00,-1.55
2022-03-26T06:00:00+01:00,-1.55
2022-03-26T12:00:00+01:00,-1.54
2022-03-26T18:00:00+01:00,-1.55
2022-03-27T00:00:00+01:00,-1.55
2022-03-27T06:00:00+02:00,-1.55
2022-03-27T12:00:00+02:00,-1.54
2022-03-27T18:00:00+02:00,-1.55
2022-03-28T00:00:00+02:00,-1.54
2022-03-28T06:00:00+02:00,-1.53
2022-03-28T12:00:00+02:00,-1.52
2022-03-28T18:00:00+02:00,-1.53
2022-03-29T00:00:00+02:00,-1.52
2022-03-29T06:00:00+02:00,-1.52
2022-03-29T12:00:00+02:00,-1.52
2022-03-29T18:00:00+02:00,-1.51
2022-03-30T00:00:00+02:00,-1.51
2022-03-30T06:00:00+02:00,-1.51
2022-03-30T12:00:00+02:00,-1.5
2022-03-30T18:00:00+02:00,-1.52
2022-03-31T00:00:00+02:00,-1.5
2022-03-31T06:00:00+02:00,-1.5
2022-03-31T12:00:00+02:00,-1.51
2022-03-31T18:00:00+02:00,-1.53
2022-04-01T00:00:00+02:00,-1.51
2022-04-01T06:00:00+02:00,-1.52
2022-04-01T12:00:00+02:00,-1.51
2022-04-01T18:00:00+02:00,-1.52
2022-04-02T00:00:00+02:00,-1.51
2022-04-02T06:00:00+02:00,-1.51
2022-04-02T12:00:00+02:00,-1.51
2022-04-02T18:00:00+02:00,-1.52
2022-04-03T00:00:00+02:00,-1.51
2022-04-03T06:00:00+02:00,-1.51
2022-04-03T12:00:00+02:00,-1.5
2022-04-03T18:00:00+02:00,-1.5
2022-04-04T00:00:00+02:00,-1.48
2022-04-04T06:00:00+02:00,-1.46
2022-04-04T12:00:00+02:00,-1.46
2022-04-04T18:00:00+02:00,-1.47
2022-04-05T00:00:00+02:00,-1.47
2022-04-05T06:00:00+02:00,-1.47
2022-04-05T12:00:00+02:00,-1.46
2022-04-05T18:00:00+02:00,-1.45
2022-04-06T00:00:00+02:00,-1.44
2022-04-06T06:00:00+02:00,-1.44
2022-04-06T12:00:00+02:00,-1.42
2022-04-06T18:00:00+02:00,-1.41
2022-04-07T00:00:00+02:00,-1.4
2022-04-07T06:00:00+02:00,-1.39
2022-04-07T12:00:00+02:00,-1.38
2022-04-07T18:00:00+02:00,-1.39
2022-04-08T00:00:00+02:00,-1.42
2022-04-08T06:00:00+02:00,-1.41
2022-04-08T12:00:00+02:00,-1.4
2022-04-08T18:00:00+02:00,-1.39
2022-04-09T00:00:00+02:00,-1.39
2022-04-09T06:00:00+02:00,-1.4
2022-04-09T12:00:00+02:00,-1.4
2022-04-09T18:00:00+02:00,-1.4
2022-04-10T00:00:00+02:00,-1.41
2022-04-10T06:00:00+02:00,-1.41
2022-04-10T12:00:00+02:00,-1.41
2022-04-10T18:00:00+02:00,-1.41
2022-04-11T00:00:00+02:00,-1.41
2022-04-11T06:00:00+02:00,-1.42
2022-04-11T12:00:00+02:00,-1.41
2022-04-11T18:00:00+02:00,-1.42
2022-04-12T00:00:00+02:00,-1.41
2022-04-12T06:00:00+02:00,-1.42
2022-04-12T12:00:00+02:00,-1.41
2022-04-12T18:00:00+02:00,-1.42
2022-04-13T00:00:00+02:00,-1.43
2022-04-13T06:00:00+02:00,-1.44
2022-04-13T12:00:00+02:00,-1.44
2022-04-13T18:00:00+02:00,-1.45
2022-04-14T00:00:00+02:00,-1.45
2022-04-14T06:00:00+02:00,-1.46
2022-04-14T12:00:00+02:00,-1.46
2022-04-14T18:00:00+02:00,-1.47
2022-04-15T00:00:00+02:00,-1.47
2022-04-15T06:00:00+02:00,-1.49
2022-04-15T12:00:00+02:00,-1.49
2022-04-15T18:00:00+02:00,-1.49
2022-04-16T00:00:00+02:00,-1.5
2022-04-16T06:00:00+02:00,-1.51
2022-04-16T12:00:00+02:00,-1.5
2022-04-16T18:00:00+02:00,-1.5
2022-04-17T00:00:00+02:00,-1.5
2022-04-17T06:00:00+02:00,-1.5
2022-04-17T12:00:00+02:00,-1.49
2022-04-17T18:00:00+02:00,-1.49
2022-04-18T00:00:00+02:00,-1.49
2022-04-18T06:00:00+02:00,-1.49
2022-04-18T12:00:00+02:00,-1.49
2022-04-18T18:00:00+02:00,-1.49
2022-04-19T00:00:00+02:00,-1.49
2022-04-19T06:00:00+02:00,-1.5
2022-04-19T12:00:00+02:00,-1.5
2022-04-19T18:00:00+02:00,-1.51
2022-04-20T00:00:00+02:00,-1.51
2022-04-20T06:00:00+02:00,-1.51
2022-04-20T12:00:00+02:00,-1.5
2022-04-20T18:00:00+02:00,-1.51
2022-04-21T00:00:00+02:00,-1.51
2022-04-21T06:00:00+02:00,-1.51
2022-04-21T12:00:00+02:00,-1.51
2022-04-21T18:00:00+02:00,-1.51
2022-04-22T00:00:00+02:00,-1.51
2022-04-22T06:00:00+02:00,-1.51
2022-04-22T12:00:00+02:00,-1.5
2022-04-22T18:00:00+02:00,-1.51
2022-04-23T00:00:00+02:00,-1.51
2022-04-23T06:00:00+02:00,-1.52
2022-04-23T12:00:00+02:00,-1.51
2022-04-23T18:00:00+02:00,-1.51
2022-04-24T00:00:00+02:00,-1.52
2022-04-24T06:00:00+02:00,-1.52
2022-04-24T12:00:00+02:00,-1.52
2022-04-24T18:00:00+02:00,-1.53
2022-04-25T00:00:00+02:00,-1.53
2022-04-25T06:00:00+02:00,-1.53
2022-04-25T12:00:00+02:00,-1.54
2022-04-25T18:00:00+02:00,-1.55
2022-04-26T00:00:00+02:00,-1.54
2022-04-26T06:00:00+02:00,-1.55
2022-04-26T12:00:00+02:00,-1.55
2022-04-26T18:00:00+02:00,-1.55
2022-04-27T00:00:00+02:00,-1.56
2022-04-27T06:00:00+02:00,-1.57
2022-04-27T12:00:00+02:00,-1.56
2022-04-27T18:00:00+02:00,-1.57
2022-04-28T00:00:00+02:00,-1.57
2022-04-28T06:00:00+02:00,-1.58
2022-04-28T12:00:00+02:00,-1.58
2022-04-28T18:00:00+02:00,-1.58
2022-04-29T00:00:00+02:00,-1.57
2022-04-29T06:00:00+02:00,-1.58
2022-04-29T12:00:00+02:00,-1.57
2022-04-29T18:00:00+02:00,-1.57
2022-04-30T00:00:00+02:00,-1.57
2022-04-30T06:00:00+02:00,-1.57
2022-04-30T12:00:00+02:00,-1.57
2022-04-30T18:00:00+02:00,-1.57
2022-05-01T00:00:00+02:00,-1.57
2022-05-01T06:00:00+02:00,-1.57
2022-05-01T12:00:00+02:00,-1.56
2022-05-01T18:00:00+02:00,-1.57
2022-05-02T00:00:00+02:00,-1.57
2022-05-02T06:00:00+02:00,-1.57
2022-05-02T12:00:00+02:00,-1.56
2022-05-02T18:00:00+02:00,-1.57
2022-05-03T00:00:00+02:00,-1.57
2022-05-03T06:00:00+02:00,-1.57
2022-05-03T12:00:00+02:00,-1.57
2022-05-03T18:00:00+02:00,-1.57
2022-05-04T00:00:00+02:00,-1.57
2022-05-04T06:00:00+02:00,-1.57
2022-05-04T12:00:00+02:00,-1.57
2022-05-04T18:00:00+02:00,-1.57
2022-05-05T00:00:00+02:00,-1.57
2022-05-05T06:00:00+02:00,-1.58
2022-05-05T12:00:00+02:00,-1.58
2022-05-05T18:00:00+02:00,-1.58
2022-05-06T00:00:00+02:00,-1.59
2022-05-06T06:00:00+02:00,-1.59
2022-05-06T12:00:00+02:00,-1.58
2022-05-06T18:00:00+02:00,-1.58
2022-05-07T00:00:00+02:00,-1.58
2022-05-07T06:00:00+02:00,-1.59
2022-05-07T12:00:00+02:00,-1.59
2022-05-07T18:00:00+02:00,-1.6
2022-05-08T00:00:00+02:00,-1.6
2022-05-08T06:00:00+02:00,-1.6
2022-05-08T12:00:00+02:00,-1.6
2022-05-08T18:00:00+02:00,-1.6
2022-05-09T00:00:00+02:00,-1.6
2022-05-09T06:00:00+02:00,-1.6
2022-05-09T12:00:00+02:00,-1.59
2022-05-09T18:00:00+02:00,-1.59
2022-05-10T00:00:00+02:00,-1.58
2022-05-10T06:00:00+02:00,-1.58
2022-05-10T12:00:00+02:00,-1.58
2022-05-10T18:00:00+02:00,-1.58
2022-05-11T00:00:00+02:00,-1.57
2022-05-11T06:00:00+02:00,-1.57
2022-05-11T12:00:00+02:00,-1.57
2022-05-11T18:00:00+02:00,-1.57
2022-05-12T00:00:00+02:00,-1.59
2022-05-12T06:00:00+02:00,-1.6
2022-05-12T12:00:00+02:00,-1.59
2022-05-12T18:00:00+02:00,-1.6
2022-05-13T00:00:00+02:00,-1.59
2022-05-13T06:00:00+02:00,-1.59
2022-05-13T12:00:00+02:00,-1.6
2022-05-13T18:00:00+02:00,-1.6
2022-05-14T00:00:00+02:00,-1.6
2022-05-14T06:00:00+02:00,-1.61
2022-05-14T12:00:00+02:00,-1.61
2022-05-14T18:00:00+02:00,-1.61
2022-05-15T00:00:00+02:00,-1.62
2022-05-15T06:00:00+02:00,-1.62
2022-05-15T12:00:00+02:00,-1.61
2022-05-15T18:00:00+02:00,-1.61
2022-05-16T00:00:00+02:00,-1.61
2022-05-16T06:00:00+02:00,-1.61
2022-05-16T12:00:00+02:00,-1.61
2022-05-16T18:00:00+02:00,-1.62
2022-05-17T00:00:00+02:00,-1.62
2022-05-17T06:00:00+02:00,-1.63
2022-05-17T12:00:00+02:00,-1.62
2022-05-17T18:00:00+02:00,-1.63
2022-05-18T00:00:00+02:00,-1.63
2022-05-18T06:00:00+02:00,-1.63
2022-05-18T12:00:00+02:00,-1.63
2022-05-18T18:00:00+02:00,-1.63
2022-05-19T00:00:00+02:00,-1.63
2022-05-19T06:00:00+02:00,-1.63
2022-05-19T12:00:00+02:00,-1.64
2022-05-19T18:00:00+02:00,-1.6
2022-05-20T00:00:00+02:00,-1.59
2022-05-20T06:00:00+02:00,-1.58
2022-05-20T12:00:00+02:00,-1.55
2022-05-20T18:00:00+02:00,-1.55
2022-05-21T00:00:00+02:00,-1.53
2022-05-21T06:00:00+02:00,-1.53
2022-05-21T12:00:00+02:00,-1.53
2022-05-21T18:00:00+02:00,-1.53
2022-05-22T00:00:00+02:00,-1.53
2022-05-22T06:00:00+02:00,-1.53
2022-05-22T12:00:00+02:00,-1.52
2022-05-22T18:00:00+02:00,-1.52
2022-05-23T00:00:00+02:00,-1.52
2022-05-23T06:00:00+02:00,-1.51
2022-05-23T12:00:00+02:00,-1.5
2022-05-23T18:00:00+02:00,-1.5
2022-05-24T00:00:00+02:00,-1.49
2022-05-24T06:00:00+02:00,-1.5
2022-05-24T12:00:00+02:00,-1.5
2022-05-24T18:00:00+02:00,-1.5
2022-05-25T00:00:00+02:00,-1.5
2022-05-25T06:00:00+02:00,-1.5
2022-05-25T12:00:00+02:00,-1.5
2022-05-25T18:00:00+02:00,-1.5
2022-05-26T00:00:00+02:00,-1.5
2022-05-26T06:00:00+02:00,-1.51
2022-05-26T12:00:00+02:00,-1.51
2022-05-26T18:00:00+02:00,-1.51
2022-05-27T00:00:00+02:00,-1.51
2022-05-27T06:00:00+02:00,-1.52
2022-05-27T12:00:00+02:00,-1.52
2022-05-27T18:00:00+02:00,-1.53
2022-05-28T00:00:00+02:00,-1.53
2022-05-28T06:00:00+02:00,-1.54
2022-05-28T12:00:00+02:00,-1.54
2022-05-28T18:00:00+02:00,-1.54
2022-05-29T00:00:00+02:00,-1.53
2022-05-29T06:00:00+02:00,-1.53
2022-05-29T12:00:00+02:00,-1.53
2022-05-29T18:00:00+02:00,-1.54
2022-05-30T00:00:00+02:00,-1.53
2022-05-30T06:00:00+02:00,-1.54
2022-05-30T12:00:00+02:00,-1.54
2022-05-30T18:00:00+02:00,-1.55
2022-05-31T00:00:00+02:00,-1.55
2022-05-31T06:00:00+02:00,-1.55
2022-05-31T12:00:00+02:00,-1.55
2022-05-31T18:00:00+02:00,-1.55
2022-06-01T00:00:00+02:00,-1.55
2022-06-01T06:00:00+02:00,-1.54
2022-06-01T12:00:00+02:00,-1.54
2022-06-01T18:00:00+02:00,-1.54
2022-06-02T00:00:00+02:00,-1.53
2022-06-02T06:00:00+02:00,-1.54
2022-06-02T12:00:00+02:00,-1.54
2022-06-02T18:00:00+02:00,-1.54
2022-06-03T00:00:00+02:00,-1.54
2022-06-03T06:00:00+02:00,-1.54
2022-06-03T12:00:00+02:00,-1.54
2022-06-03T18:00:00+02:00,-1.55
2022-06-04T00:00:00+02:00,-1.55
2022-06-04T06:00:00+02:00,-1.55
2022-06-04T12:00:00+02:00,-1.55
2022-06-04T18:00:00+02:00,-1.55
2022-06-05T00:00:00+02:00,-1.55
2022-06-05T06:00:00+02:00,-1.54
2022-06-05T12:00:00+02:00,-1.54
2022-06-05T18:00:00+02:00,-1.54
2022-06-06T00:00:00+02:00,-1.5
2022-06-06T06:00:00+02:00,-1.46
2022-06-06T12:00:00+02:00,-1.44
2022-06-06T18:00:00+02:00,-1.42
2022-06-07T00:00:00+02:00,-1.4
2022-06-07T06:00:00+02:00,-1.4
2022-06-07T12:00:00+02:00,-1.41
2022-06-07T18:00:00+02:00,-1.41
2022-06-08T00:00:00+02:00,-1.4
2022-06-08T06:00:00+02:00,-1.4
2022-06-08T12:00:00+02:00,-1.4
2022-06-08T18:00:00+02:00,-1.4
2022-06-09T00:00:00+02:00,-1.4
2022-06-09T06:00:00+02:00,-1.4
2022-06-09T12:00:00+02:00,-1.4
2022-06-09T18:00:00+02:00,-1.41
2022-06-10T00:00:00+02:00,-1.41
2022-06-10T06:00:00+02:00,-1.41
2022-06-10T12:00:00+02:00,-1.41
2022-06-10T18:00:00+02:00,-1.42
2022-06-11T00:00:00+02:00,-1.42
2022-06-11T06:00:00+02:00,-1.42
2022-06-11T12:00:00+02:00,-1.43
2022-06-11T18:00:00+02:00,-1.44
2022-06-12T00:00:00+02:00,-1.44
2022-06-12T06:00:00+02:00,-1.44
2022-06-12T12:00:00+02:00,-1.45
2022-06-12T18:00:00+02:00,-1.45
2022-06-13T00:00:00+02:00,-1.45
2022-06-13T06:00:00+02:00,-1.46
2022-06-13T12:00:00+02:00,-1.47
2022-06-13T18:00:00+02:00,-1.47
2022-06-14T00:00:00+02:00,-1.47
2022-06-14T06:00:00+02:00,-1.48
2022-06-14T12:00:00+02:00,-1.48
2022-06-14T18:00:00+02:00,-1.48
2022-06-15T00:00:00+02:00,-1.48
2022-06-15T06:00:00+02:00,-1.48
2022-06-15T12:00:00+02:00,-1.48
2022-06-15T18:00:00+02:00,-1.49
2022-06-16T00:00:00+02:00,-1.49
2022-06-16T06:00:00+02:00,-1.5
2022-06-16T12:00:00+02:00,-1.5
2022-06-16T18:00:00+02:00,-1.5
2022-06-17T00:00:00+02:00,-1.51
2022-06-17T06:00:00+02:00,-1.51
2022-06-17T12:00:00+02:00,-1.5
2022-06-17T18:00:00+02:00,-1.5
2022-06-18T00:00:00+02:00,-1.5
2022-06-18T06:00:00+02:00,-1.51
2022-06-18T12:00:00+02:00,-1.52
2022-06-18T18:00:00+02:00,-1.5
2022-06-19T00:00:00+02:00,-1.5
2022-06-19T06:00:00+02:00,-1.5
2022-06-19T12:00:00+02:00,-1.51
2022-06-19T18:00:00+02:00,-1.51
2022-06-20T00:00:00+02:00,-1.51
2022-06-20T06:00:00+02:00,-1.51
2022-06-20T12:00:00+02:00,-1.52
2022-06-20T18:00:00+02:00,-1.53
2022-06-21T00:00:00+02:00,-1.53
2022-06-21T06:00:00+02:00,-1.53
2022-06-21T12:00:00+02:00,-1.52
2022-06-21T18:00:00+02:00,-1.53
2022-06-22T00:00:00+02:00,-1.53
2022-06-22T06:00:00+02:00,-1.53
2022-06-22T12:00:00+02:00,-1.53
2022-06-22T18:00:00+02:00,-1.54
2022-06-23T00:00:00+02:00,-1.54
2022-06-23T06:00:00+02:00,-1.54
2022-06-23T12:00:00+02:00,-1.53
2022-06-23T18:00:00+02:00,-1.53
2022-06-24T00:00:00+02:00,-1.53
2022-06-24T06:00:00+02:00,-1.52
2022-06-24T12:00:00+02:00,-1.52
2022-06-24T18:00:00+02:00,-1.52
2022-06-25T00:00:00+02:00,-1.52
2022-06-25T06:00:00+02:00,-1.53
2022-06-25T12:00:00+02:00,-1.53
2022-06-25T18:00:00+02:00,-1.53
2022-06-26T00:00:00+02:00,-1.53
2022-06-26T06:00:00+02:00,-1.52
2022-06-26T12:00:00+02:00,-1.52
2022-06-26T18:00:00+02:00,-1.52
2022-06-27T00:00:00+02:00,-1.51
2022-06-27T06:00:00+02:00,-1.51
2022-06-27T12:00:00+02:00,-1.52
2022-06-27T18:00:00+02:00,-1.52
2022-06-28T00:00:00+02:00,-1.52
2022-06-28T06:00:00+02:00,-1.53
2022-06-28T12:00:00+02:00,-1.53
2022-06-28T18:00:00+02:00,-1.53
2022-06-29T00:00:00+02:00,-1.53
2022-06-29T06:00:00+02:00,-1.52
2022-06-29T12:00:00+02:00,-1.52
2022-06-29T18:00:00+02:00,-1.52
2022-06-30T00:00:00+02:00,-1.53
2022-06-30T06:00:00+02:00,-1.53
2022-06-30T12:00:00+02:00,-1.53
2022-06-30T18:00:00+02:00,-1.53
2022-07-01T00:00:00+02:00,-1.52
2022-07-01T06:00:00+02:00,-1.52
2022-07-01T12:00:00+02:00,-1.52
2022-07-01T18:00:00+02:00,-1.53
2022-07-02T00:00:00+02:00,-1.53
2022-07-02T06:00:00+02:00,-1.53
2022-07-02T12:00:00+02:00,-1.53
2022-07-02T18:00:00+02:00,-1.53
2022-07-03T00:00:00+02:00,-1.53
2022-07-03T06:00:00+02:00,-1.53
2022-07-03T12:00:00+02:00,-1.53
2022-07-03T18:00:00+02:00,-1.54
2022-07-04T00:00:00+02:00,-1.54
2022-07-04T06:00:00+02:00,-1.54
2022-07-04T12:00:00+02:00,-1.54
2022-07-04T18:00:00+02:00,-1.55
2022-07-05T00:00:00+02:00,-1.55
2022-07-05T06:00:00+02:00,-1.56
2022-07-05T12:00:00+02:00,-1.56
2022-07-05T18:00:00+02:00,-1.57
2022-07-06T00:00:00+02:00,-1.57
2022-07-06T06:00:00+02:00,-1.57
2022-07-06T12:00:00+02:00,-1.57
2022-07-06T18:00:00+02:00,-1.56
2022-07-07T00:00:00+02:00,-1.55
2022-07-07T06:00:00+02:00,-1.57
2022-07-07T12:00:00+02:00,-1.58
2022-07-07T18:00:00+02:00,-1.59
2022-07-08T00:00:00+02:00,-1.59
2022-07-08T06:00:00+02:00,-1.59
2022-07-08T12:00:00+02:00,-1.59
2022-07-08T18:00:00+02:00,-1.59
2022-07-09T00:00:00+02:00,-1.59
2022-07-09T06:00:00+02:00,-1.59
2022-07-09T12:00:00+02:00,-1.6
2022-07-09T18:00:00+02:00,-1.6
2022-07-10T00:00:00+02:00,-1.6
2022-07-10T06:00:00+02:00,-1.6
2022-07-10T12:00:00+02:00,-1.6
2022-07-10T18:00:00+02:00,-1.6
2022-07-11T00:00:00+02:00,-1.6
2022-07-11T06:00:00+02:00,-1.61
2022-07-11T12:00:00+02:00,-1.61
2022-07-11T18:00:00+02:00,-1.61
2022-07-12T00:00:00+02:00,-1.61
2022-07-12T06:00:00+02:00,-1.61
2022-07-12T12:00:00+02:00,-1.61
2022-07-12T18:00:00+02:00,-1.61
2022-07-13T00:00:00+02:00,-1.6
2022-07-13T06:00:00+02:00,-1.6
2022-07-13T12:00:00+02:00,-1.61
2022-07-13T18:00:00+02:00,-1.62
2022-07-14T00:00:00+02:00,-1.62
2022-07-14T06:00:00+02:00,-1.62
2022-07-14T12:00:00+02:00,-1.61
2022-07-14T18:00:00+02:00,-1.62
2022-07-15T00:00:00+02:00,-1.62
2022-07-15T06:00:00+02:00,-1.62
2022-07-15T12:00:00+02:00,-1.62
2022-07-15T18:00:00+02:00,-1.62
2022-07-16T00:00:00+02:00,-1.62
2022-07-16T06:00:00+02:00,-1.63
2022-07-16T12:00:00+02:00,-1.64
2022-07-16T18:00:00+02:00,-1.65
2022-07-17T00:00:00+02:00,-1.65
2022-07-17T06:00:00+02:00,-1.65
2022-07-17T12:00:00+02:00,-1.65
2022-07-17T18:00:00+02:00,-1.64
2022-07-18T00:00:00+02:00,-1.65
2022-07-18T06:00:00+02:00,-1.65
2022-07-18T12:00:00+02:00,-1.64
2022-07-18T18:00:00+02:00,-1.64
2022-07-19T00:00:00+02:00,-1.65
2022-07-19T06:00:00+02:00,-1.65
2022-07-19T12:00:00+02:00,-1.64
2022-07-19T18:00:00+02:00,-1.64
2022-07-20T00:00:00+02:00,-1.65
2022-07-20T06:00:00+02:00,-1.65
2022-07-20T12:00:00+02:00,-1.66
2022-07-20T18:00:00+02:00,-1.66
2022-07-21T00:00:00+02:00,-1.66
2022-07-21T06:00:00+02:00,-1.66
2022-07-21T12:00:00+02:00,-1.66
2022-07-21T18:00:00+02:00,-1.67
2022-07-22T00:00:00+02:00,-1.66
2022-07-22T06:00:00+02:00,-1.66
2022-07-22T12:00:00+02:00,-1.66
2022-07-22T18:00:00+02:00,-1.66
2022-07-23T00:00:00+02:00,-1.66
2022-07-23T06:00:00+02:00,-1.66
2022-07-23T12:00:00+02:00,-1.66
2022-07-23T18:00:00+02:00,-1.66
2022-07-24T00:00:00+02:00,-1.66
2022-07-24T06:00:00+02:00,-1.66
2022-07-24T12:00:00+02:00,-1.66
2022-07-24T18:00:00+02:00,-1.65
2022-07-25T00:00:00+02:00,-1.65
2022-07-25T06:00:00+02:00,-1.64
2022-07-25T12:00:00+02:00,-1.65
2022-07-25T18:00:00+02:00,-1.66
2022-07-26T00:00:00+02:00,-1.66
2022-07-26T06:00:00+02:00,-1.68
2022-07-26T12:00:00+02:00,-1.68
2022-07-26T18:00:00+02:00,-1.68
2022-07-27T00:00:00+02:00,-1.68
2022-07-27T06:00:00+02:00,-1.68
2022-07-27T12:00:00+02:00,-1.69
2022-07-27T18:00:00+02:00,-1.69
2022-07-28T00:00:00+02:00,-1.69
2022-07-28T06:00:00+02:00,-1.69
2022-07-28T12:00:00+02:00,-1.69
2022-07-28T18:00:00+02:00,-1.69
2022-07-29T00:00:00+02:00,-1.69
2022-07-29T06:00:00+02:00,-1.69
2022-07-29T12:00:00+02:00,-1.68
2022-07-29T18:00:00+02:00,-1.68
2022-07-30T00:00:00+02:00,-1.68
2022-07-30T06:00:00+02:00,-1.68
2022-07-30T12:00:00+02:00,-1.68
2022-07-30T18:00:00+02:00,-1.68
2022-07-31T00:00:00+02:00,-1.68
2022-07-31T06:00:00+02:00,-1.67
2022-07-31T12:00:00+02:00,-1.66
2022-07-31T18:00:00+02:00,-1.65
2022-08-01T00:00:00+02:00,-1.65
2022-08-01T06:00:00+02:00,-1.65
2022-08-01T12:00:00+02:00,-1.65
2022-08-01T18:00:00+02:00,-1.64
2022-08-02T00:00:00+02:00,-1.64
2022-08-02T06:00:00+02:00,-1.63
2022-08-02T12:00:00+02:00,-1.63
2022-08-02T18:00:00+02:00,-1.63
2022-08-03T00:00:00+02:00,-1.63
2022-08-03T06:00:00+02:00,-1.63
2022-08-03T12:00:00+02:00,-1.63
2022-08-03T18:00:00+02:00,-1.63
2022-08-04T00:00:00+02:00,-1.64
2022-08-04T06:00:00+02:00,-1.64
2022-08-04T12:00:00+02:00,-1.64
2022-08-04T18:00:00+02:00,-1.65
2022-08-05T00:00:00+02:00,-1.65
2022-08-05T06:00:00+02:00,-1.65
2022-08-05T12:00:00+02:00,-1.67
2022-08-05T18:00:00+02:00,-1.67
2022-08-06T00:00:00+02:00,-1.68
2022-08-06T06:00:00+02:00,-1.68
2022-08-06T12:00:00+02:00,-1.68
2022-08-06T18:00:00+02:00,-1.68
2022-08-07T00:00:00+02:00,-1.68
2022-08-07T06:00:00+02:00,-1.69
2022-08-07T12:00:00+02:00,-1.68
2022-08-07T18:00:00+02:00,-1.68
2022-08-08T00:00:00+02:00,-1.69
2022-08-08T06:00:00+02:00,-1.69
2022-08-08T12:00:00+02:00,-1.7
2022-08-08T18:00:00+02:00,-1.7
2022-08-09T00:00:00+02:00,-1.7
2022-08-09T06:00:00+02:00,-1.71
2022-08-09T12:00:00+02:00,-1.7
2022-08-09T18:00:00+02:00,-1.71
2022-08-10T00:00:00+02:00,-1.71
2022-08-10T06:00:00+02:00,-1.71
2022-08-10T12:00:00+02:00,-1.7
2022-08-10T18:00:00+02:00,-1.7
2022-08-11T00:00:00+02:00,-1.7
2022-08-11T06:00:00+02:00,-1.7
2022-08-11T12:00:00+02:00,-1.7
2022-08-11T18:00:00+02:00,-1.7
2022-08-12T00:00:00+02:00,-1.71
2022-08-12T06:00:00+02:00,-1.71
2022-08-12T12:00:00+02:00,-1.7
2022-08-12T18:00:00+02:00,-1.71
2022-08-13T00:00:00+02:00,-1.71
2022-08-13T06:00:00+02:00,-1.71
2022-08-13T12:00:00+02:00,-1.71
2022-08-13T18:00:00+02:00,-1.71
2022-08-14T00:00:00+02:00,-1.71
2022-08-14T06:00:00+02:00,-1.7
2022-08-14T12:00:00+02:00,-1.7
2022-08-14T18:00:00+02:00,-1.7
2022-08-15T00:00:00+02:00,-1.69
2022-08-15T06:00:00+02:00,-1.7
2022-08-15T12:00:00+02:00,-1.7
2022-08-15T18:00:00+02:00,-1.71
2022-08-16T00:00:00+02:00,-1.71
2022-08-16T06:00:00+02:00,-1.71
2022-08-16T12:00:00+02:00,-1.73
2022-08-16T18:00:00+02:00,-1.73
2022-08-17T00:00:00+02:00,-1.73
2022-08-17T06:00:00+02:00,-1.74
2022-08-17T12:00:00+02:00,-1.72
2022-08-17T18:00:00+02:00,-1.71
2022-08-18T00:00:00+02:00,-1.69
2022-08-18T06:00:00+02:00,-1.69
2022-08-18T12:00:00+02:00,-1.68
2022-08-18T18:00:00+02:00,-1.68
2022-08-19T00:00:00+02:00,-1.68
2022-08-19T06:00:00+02:00,-1.67
2022-08-19T12:00:00+02:00,-1.67
2022-08-19T18:00:00+02:00,-1.67
2022-08-20T00:00:00+02:00,-1.67
2022-08-20T06:00:00+02:00,-1.68
2022-08-20T12:00:00+02:00,-1.68
2022-08-20T18:00:00+02:00,-1.68
2022-08-21T00:00:00+02:00,-1.68
2022-08-21T06:00:00+02:00,-1.68
2022-08-21T12:00:00+02:00,-1.68
2022-08-21T18:00:00+02:00,-1.68
2022-08-22T00:00:00+02:00,-1.69
2022-08-22T06:00:00+02:00,-1.69
2022-08-22T12:00:00+02:00,-1.69
2022-08-22T18:00:00+02:00,-1.69
2022-08-23T00:00:00+02:00,-1.69
2022-08-23T06:00:00+02:00,-1.69
2022-08-23T12:00:00+02:00,-1.69
2022-08-23T18:00:00+02:00,-1.7
2022-08-24T00:00:00+02:00,-1.7
2022-08-24T06:00:00+02:00,-1.71
2022-08-24T12:00:00+02:00,-1.71
2022-08-24T18:00:00+02:00,-1.71
2022-08-25T00:00:00+02:00,-1.71
2022-08-25T06:00:00+02:00,-1.71
2022-08-25T12:00:00+02:00,-1.71
2022-08-25T18:00:00+02:00,-1.71
2022-08-26T00:00:00+02:00,-1.71
2022-08-26T06:00:00+02:00,-1.72
2022-08-26T12:00:00+02:00,-1.72
2022-08-26T18:00:00+02:00,-1.73
2022-08-27T00:00:00+02:00,-1.72
2022-08-27T06:00:00+02:00,-1.73
2022-08-27T12:00:00+02:00,-1.73
2022-08-27T18:00:00+02:00,-1.73
2022-08-28T00:00:00+02:00,-1.73
2022-08-28T06:00:00+02:00,-1.74
2022-08-28T12:00:00+02:00,-1.74
2022-08-28T18:00:00+02:00,-1.74
2022-08-29T00:00:00+02:00,-1.74
2022-08-29T06:00:00+02:00,-1.75
2022-08-29T12:00:00+02:00,-1.75
2022-08-29T18:00:00+02:00,-1.75
2022-08-30T00:00:00+02:00,-1.75
2022-08-30T06:00:00+02:00,-1.76
2022-08-30T12:00:00+02:00,-1.75
2022-08-30T18:00:00+02:00,-1.76
2022-08-31T00:00:00+02:00,-1.76
2022-08-31T06:00:00+02:00,-1.76
2022-08-31T12:00:00+02:00,-1.76
2022-08-31T18:00:00+02:00,-1.77
2022-09-01T00:00:00+02:00,-1.76
2022-09-01T06:00:00+02:00,-1.77
2022-09-01T12:00:00+02:00,-1.77
2022-09-01T18:00:00+02:00,-1.77
2022-09-02T00:00:00+02:00,-1.76
2022-09-02T06:00:00+02:00,-1.76
2022-09-02T12:00:00+02:00,-1.76
2022-09-02T18:00:00+02:00,-1.76
2022-09-03T00:00:00+02:00,-1.76
2022-09-03T06:00:00+02:00,-1.76
2022-09-03T12:00:00+02:00,-1.76
2022-09-03T18:00:00+02:00,-1.77
2022-09-04T00:00:00+02:00,-1.78
2022-09-04T06:00:00+02:00,-1.79
2022-09-04T12:00:00+02:00,-1.79
2022-09-04T18:00:00+02:00,-1.79
2022-09-05T00:00:00+02:00,-1.79
2022-09-05T06:00:00+02:00,-1.79
2022-09-05T12:00:00+02:00,-1.79
2022-09-05T18:00:00+02:00,-1.79
2022-09-06T00:00:00+02:00,-1.78
2022-09-06T06:00:00+02:00,-1.79
2022-09-06T12:00:00+02:00,-1.78
2022-09-06T18:00:00+02:00,-1.79
2022-09-07T00:00:00+02:00,-1.78
2022-09-07T06:00:00+02:00,-1.78
2022-09-07T12:00:00+02:00,-1.77
2022-09-07T18:00:00+02:00,-1.78
2022-09-08T00:00:00+02:00,-1.76
2022-09-08T06:00:00+02:00,-1.76
2022-09-08T12:00:00+02:00,-1.72
2022-09-08T18:00:00+02:00,-1.7
2022-09-09T00:00:00+02:00,-1.68
2022-09-09T06:00:00+02:00,-1.67
2022-09-09T12:00:00+02:00,-1.67
2022-09-09T18:00:00+02:00,-1.66
2022-09-10T00:00:00+02:00,-1.64
2022-09-10T06:00:00+02:00,-1.64
2022-09-10T12:00:00+02:00,-1.63
2022-09-10T18:00:00+02:00,-1.64
2022-09-11T00:00:00+02:00,-1.64
2022-09-11T06:00:00+02:00,-1.64
2022-09-11T12:00:00+02:00,-1.64
2022-09-11T18:00:00+02:00,-1.63
2022-09-12T00:00:00+02:00,-1.63
2022-09-12T06:00:00+02:00,-1.63
2022-09-12T12:00:00+02:00,-1.62
2022-09-12T18:00:00+02:00,-1.62
2022-09-13T00:00:00+02:00,-1.61
2022-09-13T06:00:00+02:00,-1.62
2022-09-13T12:00:00+02:00,-1.62
2022-09-13T18:00:00+02:00,-1.62
2022-09-14T00:00:00+02:00,-1.62
2022-09-14T06:00:00+02:00,-1.61
2022-09-14T12:00:00+02:00,-1.62
2022-09-14T18:00:00+02:00,-1.61
2022-09-15T00:00:00+02:00,-1.62
2022-09-15T06:00:00+02:00,-1.62
2022-09-15T12:00:00+02:00,-1.63
2022-09-15T18:00:00+02:00,-1.62
2022-09-16T00:00:00+02:00,-1.62
2022-09-16T06:00:00+02:00,-1.62
2022-09-16T12:00:00+02:00,-1.62
2022-09-16T18:00:00+02:00,-1.63
2022-09-17T00:00:00+02:00,-1.62
2022-09-17T06:00:00+02:00,-1.61
2022-09-17T12:00:00+02:00,-1.59
2022-09-17T18:00:00+02:00,-1.58
2022-09-18T00:00:00+02:00,-1.57
2022-09-18T06:00:00+02:00,-1.56
2022-09-18T12:00:00+02:00,-1.54
2022-09-18T18:00:00+02:00,-1.54
2022-09-19T00:00:00+02:00,-1.53
2022-09-19T06:00:00+02:00,-1.54
2022-09-19T12:00:00+02:00,-1.54
2022-09-19T18:00:00+02:00,-1.55
2022-09-20T00:00:00+02:00,-1.55
2022-09-20T06:00:00+02:00,-1.55
2022-09-20T12:00:00+02:00,-1.56
2022-09-20T18:00:00+02:00,-1.56
2022-09-21T00:00:00+02:00,-1.57
2022-09-21T06:00:00+02:00,-1.57
2022-09-21T12:00:00+02:00,-1.57
2022-09-21T18:00:00+02:00,-1.57
2022-09-22T00:00:00+02:00,-1.57
2022-09-22T06:00:00+02:00,-1.57
2022-09-22T12:00:00+02:00,-1.56
2022-09-22T18:00:00+02:00,-1.56
2022-09-23T00:00:00+02:00,-1.56
2022-09-23T06:00:00+02:00,-1.56
2022-09-23T12:00:00+02:00,-1.56
2022-09-23T18:00:00+02:00,-1.56
2022-09-24T00:00:00+02:00,-1.55
2022-09-24T06:00:00+02:00,-1.54
2022-09-24T12:00:00+02:00,-1.53
2022-09-24T18:00:00+02:00,-1.53
2022-09-25T00:00:00+02:00,-1.53
2022-09-25T06:00:00+02:00,-1.52
2022-09-25T12:00:00+02:00,-1.51
2022-09-25T18:00:00+02:00,-1.51
2022-09-26T00:00:00+02:00,-1.49
2022-09-26T06:00:00+02:00,-1.48
2022-09-26T12:00:00+02:00,-1.48
2022-09-26T18:00:00+02:00,-1.48
2022-09-27T00:00:00+02:00,-1.48
2022-09-27T06:00:00+02:00,-1.49
2022-09-27T12:00:00+02:00,-1.49
2022-09-27T18:00:00+02:00,-1.49
2022-09-28T00:00:00+02:00,-1.48
2022-09-28T06:00:00+02:00,-1.47
2022-09-28T12:00:00+02:00,-1.48
2022-09-28T18:00:00+02:00,-1.49
2022-09-29T00:00:00+02:00,-1.49
2022-09-29T06:00:00+02:00,-1.49
2022-09-29T12:00:00+02:00,-1.5
2022-09-29T18:00:00+02:00,-1.51
2022-09-30T00:00:00+02:00,-1.51
2022-09-30T06:00:00+02:00,-1.52
2022-09-30T12:00:00+02:00,-1.51
2022-09-30T18:00:00+02:00,-1.51
2022-10-01T00:00:00+02:00,-1.49
2022-10-01T06:00:00+02:00,-1.49
2022-10-01T12:00:00+02:00,-1.49
2022-10-01T18:00:00+02:00,-1.49
2022-10-02T00:00:00+02:00,-1.49
2022-10-02T06:00:00+02:00,-1.49
2022-10-02T12:00:00+02:00,-1.5
2022-10-02T18:00:00+02:00,-1.51
2022-10-03T00:00:00+02:00,-1.51
2022-10-03T06:00:00+02:00,-1.51
2022-10-03T12:00:00+02:00,-1.51
2022-10-03T18:00:00+02:00,-1.51
2022-10-04T00:00:00+02:00,-1.51
2022-10-04T06:00:00+02:00,-1.5
2022-10-04T12:00:00+02:00,-1.5
2022-10-04T18:00:00+02:00,-1.5
2022-10-05T00:00:00+02:00,-1.5
2022-10-05T06:00:00+02:00,-1.49
2022-10-05T12:00:00+02:00,-1.5
2022-10-05T18:00:00+02:00,-1.5
2022-10-06T00:00:00+02:00,-1.52
2022-10-06T06:00:00+02:00,-1.53
2022-10-06T12:00:00+02:00,-1.54
2022-10-06T18:00:00+02:00,-1.54
2022-10-07T00:00:00+02:00,-1.53
2022-10-07T06:00:00+02:00,-1.53
2022-10-07T12:00:00+02:00,-1.52
2022-10-07T18:00:00+02:00,-1.52
2022-10-08T00:00:00+02:00,-1.52
2022-10-08T06:00:00+02:00,-1.53
2022-10-08T12:00:00+02:00,-1.54
2022-10-08T18:00:00+02:00,-1.55
2022-10-09T00:00:00+02:00,-1.55
2022-10-09T06:00:00+02:00,-1.55
2022-10-09T12:00:00+02:00,-1.55
2022-10-09T18:00:00+02:00,-1.54
2022-10-10T00:00:00+02:00,-1.53
2022-10-10T06:00:00+02:00,-1.53
2022-10-10T12:00:00+02:00,-1.54
2022-10-10T18:00:00+02:00,-1.56
2022-10-11T00:00:00+02:00,-1.56
2022-10-11T06:00:00+02:00,-1.57
2022-10-11T12:00:00+02:00,-1.57
2022-10-11T18:00:00+02:00,-1.57
2022-10-12T00:00:00+02:00,-1.57
2022-10-12T06:00:00+02:00,-1.56
2022-10-12T12:00:00+02:00,-1.56
2022-10-12T18:00:00+02:00,-1.56
2022-10-13T00:00:00+02:00,-1.55
2022-10-13T06:00:00+02:00,-1.55
2022-10-13T12:00:00+02:00,-1.54
2022-10-13T18:00:00+02:00,-1.55
2022-10-14T00:00:00+02:00,-1.55
2022-10-14T06:00:00+02:00,-1.54
2022-10-14T12:00:00+02:00,-1.53
2022-10-14T18:00:00+02:00,-1.53
2022-10-15T00:00:00+02:00,-1.53
2022-10-15T06:00:00+02:00,-1.53
2022-10-15T12:00:00+02:00,-1.52
2022-10-15T18:00:00+02:00,-1.53
2022-10-16T00:00:00+02:00,-1.53
2022-10-16T06:00:00+02:00,-1.54
2022-10-16T12:00:00+02:00,-1.55
2022-10-16T18:00:00+02:00,-1.56
2022-10-17T00:00:00+02:00,-1.56
2022-10-17T06:00:00+02:00,-1.55
2022-10-17T12:00:00+02:00,-1.56
2022-10-17T18:00:00+02:00,-1.57
2022-10-18T00:00:00+02:00,-1.57
2022-10-18T06:00:00+02:00,-1.56
2022-10-18T12:00:00+02:00,-1.57
2022-10-18T18:00:00+02:00,-1.58
2022-10-19T00:00:00+02:00,-1.57
2022-10-19T06:00:00+02:00,-1.57
2022-10-19T12:00:00+02:00,-1.56
2022-10-19T18:00:00+02:00,-1.57
2022-10-20T00:00:00+02:00,-1.56
2022-10-20T06:00:00+02:00,-1.54
2022-10-20T12:00:00+02:00,-1.54
2022-10-20T18:00:00+02:00,-1.54
2022-10-21T00:00:00+02:00,-1.53
2022-10-21T06:00:00+02:00,-1.53
2022-10-21T12:00:00+02:00,-1.53
2022-10-21T18:00:00+02:00,-1.54
2022-10-22T00:00:00+02:00,-1.53
2022-10-22T06:00:00+02:00,-1.54
2022-10-22T12:00:00+02:00,-1.55
2022-10-22T18:00:00+02:00,-1.56
2022-10-23T00:00:00+02:00,-1.55
2022-10-23T06:00:00+02:00,-1.55
2022-10-23T12:00:00+02:00,-1.53
2022-10-23T18:00:00+02:00,-1.53
2022-10-24T00:00:00+02:00,-1.53
2022-10-24T06:00:00+02:00,-1.52
2022-10-24T12:00:00+02:00,-1.54
2022-10-24T18:00:00+02:00,-1.54
2022-10-25T00:00:00+02:00,-1.55
2022-10-25T06:00:00+02:00,-1.55
2022-10-25T12:00:00+02:00,-1.56
2022-10-25T18:00:00+02:00,-1.56
2022-10-26T00:00:00+02:00,-1.56
2022-10-26T06:00:00+02:00,-1.55
2022-10-26T12:00:00+02:00,-1.56
2022-10-26T18:00:00+02:00,-1.57
2022-10-27T00:00:00+02:00,-1.57
2022-10-27T06:00:00+02:00,-1.57
2022-10-27T12:00:00+02:00,-1.57
2022-10-27T18:00:00+02:00,-1.57
2022-10-28T00:00:00+02:00,-1.57
2022-10-28T06:00:00+02:00,-1.56
2022-10-28T12:00:00+02:00,-1.56
2022-10-28T18:00:00+02:00,-1.58
2022-10-29T00:00:00+02:00,-1.58
2022-10-29T06:00:00+02:00,-1.58
2022-10-29T12:00:00+02:00,-1.57
2022-10-29T18:00:00+02:00,-1.57
2022-10-30T00:00:00+02:00,-1.57
2022-10-30T06:00:00+01:00,-1.58
2022-10-30T12:00:00+01:00,-1.58
2022-10-30T18:00:00+01:00,-1.58
2022-10-31T00:00:00+01:00,-1.59
2022-10-31T06:00:00+01:00,-1.58
2022-10-31T12:00:00+01:00,-1.58
2022-10-31T18:00:00+01:00,-1.57
2022-11-01T00:00:00+01:00,-1.56
2022-11-01T06:00:00+01:00,-1.56
2022-11-01T12:00:00+01:00,-1.57
2022-11-01T18:00:00+01:00,-1.58
2022-11-02T00:00:00+01:00,-1.57
2022-11-02T06:00:00+01:00,-1.57
2022-11-02T12:00:00+01:00,-1.58
2022-11-02T18:00:00+01:00,-1.58
2022-11-03T00:00:00+01:00,-1.57
2022-11-03T06:00:00+01:00,-1.56
2022-11-03T12:00:00+01:00,-1.55
2022-11-03T18:00:00+01:00,-1.55
2022-11-04T00:00:00+01:00,-1.54
2022-11-04T06:00:00+01:00,-1.56
2022-11-04T12:00:00+01:00,-1.56
2022-11-04T18:00:00+01:00,-1.57
2022-11-05T00:00:00+01:00,-1.57
2022-11-05T06:00:00+01:00,-1.57
2022-11-05T12:00:00+01:00,-1.56
2022-11-05T18:00:00+01:00,-1.56
2022-11-06T00:00:00+01:00,-1.55
2022-11-06T06:00:00+01:00,-1.55
2022-11-06T12:00:00+01:00,-1.54
2022-11-06T18:00:00+01:00,-1.52
2022-11-07T00:00:00+01:00,-1.51
2022-11-07T06:00:00+01:00,-1.49
2022-11-07T12:00:00+01:00,-1.47
2022-11-07T18:00:00+01:00,-1.44
2022-11-08T00:00:00+01:00,-1.43
2022-11-08T06:00:00+01:00,-1.41
2022-11-08T12:00:00+01:00,-1.41
2022-11-08T18:00:00+01:00,-1.41
2022-11-09T00:00:00+01:00,-1.4
2022-11-09T06:00:00+01:00,-1.41
2022-11-09T12:00:00+01:00,-1.41
2022-11-09T18:00:00+01:00,-1.41
2022-11-10T00:00:00+01:00,-1.41
2022-11-10T06:00:00+01:00,-1.41
2022-11-10T12:00:00+01:00,-1.41
2022-11-10T18:00:00+01:00,-1.42
2022-11-11T00:00:00+01:00,-1.42
2022-11-11T06:00:00+01:00,-1.42
2022-11-11T12:00:00+01:00,-1.42
2022-11-11T18:00:00+01:00,-1.43
2022-11-12T00:00:00+01:00,-1.44
2022-11-12T06:00:00+01:00,-1.44
2022-11-12T12:00:00+01:00,-1.44
2022-11-12T18:00:00+01:00,-1.44
2022-11-13T00:00:00+01:00,-1.44
2022-11-13T06:00:00+01:00,-1.44
2022-11-13T12:00:00+01:00,-1.43
2022-11-13T18:00:00+01:00,-1.43
2022-11-14T00:00:00+01:00,-1.43
2022-11-14T06:00:00+01:00,-1.43
2022-11-14T12:00:00+01:00,-1.42
2022-11-14T18:00:00+01:00,-1.43
2022-11-15T00:00:00+01:00,-1.43
2022-11-15T06:00:00+01:00,-1.43
2022-11-15T12:00:00+01:00,-1.43
2022-11-15T18:00:00+01:00,-1.43
2022-11-16T00:00:00+01:00,-1.43
2022-11-16T06:00:00+01:00,-1.42
2022-11-16T12:00:00+01:00,-1.41
2022-11-16T18:00:00+01:00,-1.4
2022-11-17T00:00:00+01:00,-1.38
2022-11-17T06:00:00+01:00,-1.37
2022-11-17T12:00:00+01:00,-1.36
2022-11-17T18:00:00+01:00,-1.36
2022-11-18T00:00:00+01:00,-1.35
2022-11-18T06:00:00+01:00,-1.34
2022-11-18T12:00:00+01:00,-1.35
2022-11-18T18:00:00+01:00,-1.35
2022-11-19T00:00:00+01:00,-1.36
2022-11-19T06:00:00+01:00,-1.36
2022-11-19T12:00:00+01:00,-1.35
2022-11-19T18:00:00+01:00,-1.35
2022-11-20T00:00:00+01:00,-1.35
2022-11-20T06:00:00+01:00,-1.34
2022-11-20T12:00:00+01:00,-1.34
2022-11-20T18:00:00+01:00,-1.34
2022-11-21T00:00:00+01:00,-1.35
2022-11-21T06:00:00+01:00,-1.34
2022-11-21T12:00:00+01:00,-1.34
2022-11-21T18:00:00+01:00,-1.34
2022-11-22T00:00:00+01:00,-1.33
2022-11-22T06:00:00+01:00,-1.34
2022-11-22T12:00:00+01:00,-1.34
2022-11-22T18:00:00+01:00,-1.35
2022-11-23T00:00:00+01:00,-1.35
2022-11-23T06:00:00+01:00,-1.35
2022-11-23T12:00:00+01:00,-1.35
2022-11-23T18:00:00+01:00,-1.36
2022-11-24T00:00:00+01:00,-1.37
2022-11-24T06:00:00+01:00,-1.38
2022-11-24T12:00:00+01:00,-1.39
2022-11-24T18:00:00+01:00,-1.39
2022-11-25T00:00:00+01:00,-1.39
2022-11-25T06:00:00+01:00,-1.39
2022-11-25T12:00:00+01:00,-1.4
2022-11-25T18:00:00+01:00,-1.42
2022-11-26T00:00:00+01:00,-1.42
2022-11-26T06:00:00+01:00,-1.42
2022-11-26T12:00:00+01:00,-1.42
2022-11-26T18:00:00+01:00,-1.42
2022-11-27T00:00:00+01:00,-1.42
2022-11-27T06:00:00+01:00,-1.42
2022-11-27T12:00:00+01:00,-1.42
2022-11-27T18:00:00+01:00,-1.42
2022-11-28T00:00:00+01:00,-1.41
2022-11-28T06:00:00+01:00,-1.41
2022-11-28T12:00:00+01:00,-1.4
2022-11-28T18:00:00+01:00,-1.4
2022-11-29T00:00:00+01:00,-1.4
2022-11-29T06:00:00+01:00,-1.41
2022-11-29T12:00:00+01:00,-1.41
2022-11-29T18:00:00+01:00,-1.42
2022-11-30T00:00:00+01:00,-1.42
2022-11-30T06:00:00+01:00,-1.43
2022-11-30T12:00:00+01:00,-1.43
2022-11-30T18:00:00+01:00,-1.44
2022-12-01T00:00:00+01:00,-1.44
2022-12-01T06:00:00+01:00,-1.44
2022-12-01T12:00:00+01:00,-1.44
2022-12-01T18:00:00+01:00,-1.45
2022-12-02T00:00:00+01:00,-1.45
2022-12-02T06:00:00+01:00,-1.45
2022-12-02T12:00:00+01:00,-1.45
2022-12-02T18:00:00+01:00,-1.46
2022-12-03T00:00:00+01:00,-1.45
2022-12-03T06:00:00+01:00,-1.45
2022-12-03T12:00:00+01:00,-1.45
2022-12-03T18:00:00+01:00,-1.46
2022-12-04T00:00:00+01:00,-1.46
2022-12-04T06:00:00+01:00,-1.46
2022-12-04T12:00:00+01:00,-1.46
2022-12-04T18:00:00+01:00,-1.47
2022-12-05T00:00:00+01:00,-1.47
2022-12-05T06:00:00+01:00,-1.47
2022-12-05T12:00:00+01:00,-1.47
2022-12-05T18:00:00+01:00,-1.48
2022-12-06T00:00:00+01:00,-1.48
2022-12-06T06:00:00+01:00,-1.47
2022-12-06T12:00:00+01:00,-1.47
2022-12-06T18:00:00+01:00,-1.47
2022-12-07T00:00:00+01:00,-1.47
2022-12-07T06:00:00+01:00,-1.47
2022-12-07T12:00:00+01:00,-1.46
2022-12-07T18:00:00+01:00,-1.46
2022-12-08T00:00:00+01:00,-1.45
2022-12-08T06:00:00+01:00,-1.45
2022-12-08T12:00:00+01:00,-1.45
2022-12-08T18:00:00+01:00,-1.45
2022-12-09T00:00:00+01:00,-1.45
2022-12-09T06:00:00+01:00,-1.44
2022-12-09T12:00:00+01:00,-1.44
2022-12-09T18:00:00+01:00,-1.45
2022-12-10T00:00:00+01:00,-1.45
2022-12-10T06:00:00+01:00,-1.45
2022-12-10T12:00:00+01:00,-1.45
2022-12-10T18:00:00+01:00,-1.46
2022-12-11T00:00:00+01:00,-1.45
2022-12-11T06:00:00+01:00,-1.45
2022-12-11T12:00:00+01:00,-1.45
2022-12-11T18:00:00+01:00,-1.46
2022-12-12T00:00:00+01:00,-1.46
2022-12-12T06:00:00+01:00,-1.47
2022-12-12T12:00:00+01:00,-1.47
2022-12-12T18:00:00+01:00,-1.47
2022-12-13T00:00:00+01:00,-1.47
2022-12-13T06:00:00+01:00,-1.47
2022-12-13T12:00:00+01:00,-1.47
2022-12-13T18:00:00+01:00,-1.47
2022-12-14T00:00:00+01:00,-1.47
2022-12-14T06:00:00+01:00,-1.46
2022-12-14T12:00:00+01:00,-1.46
2022-12-14T18:00:00+01:00,-1.47
2022-12-15T00:00:00+01:00,-1.48
2022-12-15T06:00:00+01:00,-1.48
2022-12-15T12:00:00+01:00,-1.48
2022-12-15T18:00:00+01:00,-1.49
2022-12-16T00:00:00+01:00,-1.5
2022-12-16T06:00:00+01:00,-1.51
2022-12-16T12:00:00+01:00,-1.51
2022-12-16T18:00:00+01:00,-1.52
2022-12-17T00:00:00+01:00,-1.52
2022-12-17T06:00:00+01:00,-1.53
2022-12-17T12:00:00+01:00,-1.53
2022-12-17T18:00:00+01:00,-1.54
2022-12-18T00:00:00+01:00,-1.54
2022-12-18T06:00:00+01:00,-1.54
2022-12-18T12:00:00+01:00,-1.52
2022-12-18T18:00:00+01:00,-1.52
2022-12-19T00:00:00+01:00,-1.51
2022-12-19T06:00:00+01:00,-1.51
2022-12-19T12:00:00+01:00,-1.5
2022-12-19T18:00:00+01:00,-1.5
2022-12-20T00:00:00+01:00,-1.49
2022-12-20T06:00:00+01:00,-1.48
2022-12-20T12:00:00+01:00,-1.48
2022-12-20T18:00:00+01:00,-1.48
2022-12-21T00:00:00+01:00,-1.48
2022-12-21T06:00:00+01:00,-1.48
2022-12-21T12:00:00+01:00,-1.47
2022-12-21T18:00:00+01:00,-1.47
2022-12-22T00:00:00+01:00,-1.46
2022-12-22T06:00:00+01:00,-1.47
2022-12-22T12:00:00+01:00,-1.46
2022-12-22T18:00:00+01:00,-1.46
2022-12-23T00:00:00+01:00,-1.47
2022-12-23T06:00:00+01:00,-1.47
2022-12-23T12:00:00+01:00,-1.46
2022-12-23T18:00:00+01:00,-1.45
2022-12-24T00:00:00+01:00,-1.44
2022-12-24T06:00:00+01:00,-1.42
2022-12-24T12:00:00+01:00,-1.41
2022-12-24T18:00:00+01:00,-1.41
2022-12-25T00:00:00+01:00,-1.4
2022-12-25T06:00:00+01:00,-1.4
2022-12-25T12:00:00+01:00,-1.39
2022-12-25T18:00:00+01:00,-1.39
2022-12-26T00:00:00+01:00,-1.39
2022-12-26T06:00:00+01:00,-1.38
2022-12-26T12:00:00+01:00,-1.4
2022-12-26T18:00:00+01:00,-1.4
2022-12-27T00:00:00+01:00,-1.4
2022-12-27T06:00:00+01:00,-1.41
2022-12-27T12:00:00+01:00,-1.41
2022-12-27T18:00:00+01:00,-1.4
2022-12-28T00:00:00+01:00,-1.39
2022-12-28T06:00:00+01:00,-1.39
2022-12-28T12:00:00+01:00,-1.38
2022-12-28T18:00:00+01:00,-1.36
2022-12-29T00:00:00+01:00,-1.35
2022-12-29T06:00:00+01:00,-1.33
2022-12-29T12:00:00+01:00,-1.34
2022-12-29T18:00:00+01:00,-1.33
2022-12-30T00:00:00+01:00,-1.34
2022-12-30T06:00:00+01:00,-1.33
2022-12-30T12:00:00+01:00,-1.3
2022-12-30T18:00:00+01:00,-1.31
2022-12-31T00:00:00+01:00,-1.33
2022-12-31T06:00:00+01:00,-1.34
2022-12-31T12:00:00+01:00,-1.32
2022-12-31T18:00:00+01:00,-1.31
2023-01-01T00:00:00+01:00,-1.3
2023-01-01T06:00:00+01:00,-1.3
2023-01-01T12:00:00+01:00,-1.31
2023-01-01T18:00:00+01:00,-1.3
2023-01-02T00:00:00+01:00,-1.29
2023-01-02T06:00:00+01:00,-1.3
2023-01-02T12:00:00+01:00,-1.3
2023-01-02T18:00:00+01:00,-1.31
2023-01-03T00:00:00+01:00,-1.32
2023-01-03T06:00:00+01:00,-1.32
2023-01-03T12:00:00+01:00,-1.32
2023-01-03T18:00:00+01:00,-1.32
2023-01-04T00:00:00+01:00,-1.3
2023-01-04T06:00:00+01:00,-1.28
2023-01-04T12:00:00+01:00,-1.26
2023-01-04T18:00:00+01:00,-1.25
2023-01-05T00:00:00+01:00,-1.25
2023-01-05T06:00:00+01:00,-1.27
2023-01-05T12:00:00+01:00,-1.27
2023-01-05T18:00:00+01:00,-1.27
2023-01-06T00:00:00+01:00,-1.27
2023-01-06T06:00:00+01:00,-1.26
2023-01-06T12:00:00+01:00,-1.28
2023-01-06T18:00:00+01:00,-1.28
2023-01-07T00:00:00+01:00,-1.28
2023-01-07T06:00:00+01:00,-1.28
2023-01-07T12:00:00+01:00,-1.27
2023-01-07T18:00:00+01:00,-1.27
2023-01-08T00:00:00+01:00,-1.28
2023-01-08T06:00:00+01:00,-1.28
2023-01-08T12:00:00+01:00,-1.28
2023-01-08T18:00:00+01:00,-1.28
2023-01-09T00:00:00+01:00,-1.29
2023-01-09T06:00:00+01:00,-1.3
2023-01-09T12:00:00+01:00,-1.31
2023-01-09T18:00:00+01:00,-1.33
2023-01-10T00:00:00+01:00,-1.35
2023-01-10T06:00:00+01:00,-1.35
2023-01-10T12:00:00+01:00,-1.35
2023-01-10T18:00:00+01:00,-1.33
2023-01-11T00:00:00+01:00,-1.32
2023-01-11T06:00:00+01:00,-1.32
2023-01-11T12:00:00+01:00,-1.31
2023-01-11T18:00:00+01:00,-1.3
2023-01-12T00:00:00+01:00,-1.3
2023-01-12T06:00:00+01:00,-1.28
2023-01-12T12:00:00+01:00,-1.28
2023-01-12T18:00:00+01:00,-1.27
2023-01-13T00:00:00+01:00,-1.26
2023-01-13T06:00:00+01:00,-1.26
2023-01-13T12:00:00+01:00,-1.27
2023-01-13T18:00:00+01:00,-1.29
2023-01-14T00:00:00+01:00,-1.29
2023-01-14T06:00:00+01:00,-1.28
2023-01-14T12:00:00+01:00,-1.25
2023-01-14T18:00:00+01:00,-1.25
2023-01-15T00:00:00+01:00,-1.24
2023-01-15T06:00:00+01:00,-1.23
2023-01-15T12:00:00+01:00,-1.23
2023-01-15T18:00:00+01:00,-1.25
2023-01-16T00:00:00+01:00,-1.24
2023-01-16T06:00:00+01:00,-1.23
2023-01-16T12:00:00+01:00,-1.22
2023-01-16T18:00:00+01:00,-1.2
2023-01-17T00:00:00+01:00,-1.2
2023-01-17T06:00:00+01:00,-1.2
2023-01-17T12:00:00+01:00,-1.2
2023-01-17T18:00:00+01:00,-1.21
2023-01-18T00:00:00+01:00,-1.22
2023-01-18T06:00:00+01:00,-1.23
2023-01-18T12:00:00+01:00,-1.23
2023-01-18T18:00:00+01:00,-1.24
2023-01-19T00:00:00+01:00,-1.25
2023-01-19T06:00:00+01:00,-1.25
2023-01-19T12:00:00+01:00,-1.25
2023-01-19T18:00:00+01:00,-1.26
2023-01-20T00:00:00+01:00,-1.27
2023-01-20T06:00:00+01:00,-1.27
2023-01-20T12:00:00+01:00,-1.29
2023-01-20T18:00:00+01:00,-1.32
2023-01-21T00:00:00+01:00,-1.32
2023-01-21T06:00:00+01:00,-1.33
2023-01-21T12:00:00+01:00,-1.33
2023-01-21T18:00:00+01:00,-1.34
2023-01-22T00:00:00+01:00,-1.33
2023-01-22T06:00:00+01:00,-1.34
2023-01-22T12:00:00+01:00,-1.34
2023-01-22T18:00:00+01:00,-1.35
2023-01-23T00:00:00+01:00,-1.36
2023-01-23T06:00:00+01:00,-1.36
2023-01-23T12:00:00+01:00,-1.37
2023-01-23T18:00:00+01:00,-1.38
2023-01-24T00:00:00+01:00,-1.37
2023-01-24T06:00:00+01:00,-1.38
2023-01-24T12:00:00+01:00,-1.38
2023-01-24T18:00:00+01:00,-1.39
2023-01-25T00:00:00+01:00,-1.39
2023-01-25T06:00:00+01:00,-1.38
2023-01-25T12:00:00+01:00,-1.37
2023-01-25T18:00:00+01:00,-1.37
2023-01-26T00:00:00+01:00,-1.37
2023-01-26T06:00:00+01:00,-1.38
2023-01-26T12:00:00+01:00,-1.38
2023-01-26T18:00:00+01:00,-1.39
2023-01-27T00:00:00+01:00,-1.4
2023-01-27T06:00:00+01:00,-1.41
2023-01-27T12:00:00+01:00,-1.4
2023-01-27T18:00:00+01:00,-1.41
2023-01-28T00:00:00+01:00,-1.41
2023-01-28T06:00:00+01:00,-1.41
2023-01-28T12:00:00+01:00,-1.41
2023-01-28T18:00:00+01:00,-1.42
2023-01-29T00:00:00+01:00,-1.41
2023-01-29T06:00:00+01:00,-1.4
2023-01-29T12:00:00+01:00,-1.4
2023-01-29T18:00:00+01:00,-1.39
2023-01-30T00:00:00+01:00,-1.39
2023-01-30T06:00:00+01:00,-1.4
2023-01-30T12:00:00+01:00,-1.41
2023-01-30T18:00:00+01:00,-1.43
2023-01-31T00:00:00+01:00,-1.43
2023-01-31T06:00:00+01:00,-1.41
2023-01-31T12:00:00+01:00,-1.41
2023-01-31T18:00:00+01:00,-1.42
2023-02-01T00:00:00+01:00,-1.42
2023-02-01T06:00:00+01:00,-1.42
2023-02-01T12:00:00+01:00,-1.42
2023-02-01T18:00:00+01:00,-1.44
2023-02-02T00:00:00+01:00,-1.44
2023-02-02T06:00:00+01:00,-1.45
2023-02-02T12:00:00+01:00,-1.45
2023-02-02T18:00:00+01:00,-1.44
2023-02-03T00:00:00+01:00,-1.44
2023-02-03T06:00:00+01:00,-1.43
2023-02-03T12:00:00+01:00,-1.44
2023-02-03T18:00:00+01:00,-1.45
2023-02-04T00:00:00+01:00,-1.46
2023-02-04T06:00:00+01:00,-1.47
2023-02-04T12:00:00+01:00,-1.47
2023-02-04T18:00:00+01:00,-1.47
2023-02-05T00:00:00+01:00,-1.46
2023-02-05T06:00:00+01:00,-1.46
2023-02-05T12:00:00+01:00,-1.47
2023-02-05T18:00:00+01:00,-1.48
2023-02-06T00:00:00+01:00,-1.48
2023-02-06T06:00:00+01:00,-1.47
2023-02-06T12:00:00+01:00,-1.47
2023-02-06T18:00:00+01:00,-1.48
2023-02-07T00:00:00+01:00,-1.48
2023-02-07T06:00:00+01:00,-1.48
2023-02-07T12:00:00+01:00,-1.48
2023-02-07T18:00:00+01:00,-1.48
2023-02-08T00:00:00+01:00,-1.48
2023-02-08T06:00:00+01:00,-1.48
2023-02-08T12:00:00+01:00,-1.48
2023-02-08T18:00:00+01:00,-1.47
2023-02-09T00:00:00+01:00,-1.47
2023-02-09T06:00:00+01:00,-1.47
2023-02-09T12:00:00+01:00,-1.47
2023-02-09T18:00:00+01:00,-1.49
2023-02-10T00:00:00+01:00,-1.49
2023-02-10T06:00:00+01:00,-1.49
2023-02-10T12:00:00+01:00,-1.48
2023-02-10T18:00:00+01:00,-1.49
2023-02-11T00:00:00+01:00,-1.49
2023-02-11T06:00:00+01:00,-1.49
2023-02-11T12:00:00+01:00,-1.5
2023-02-11T18:00:00+01:00,-1.51
2023-02-12T00:00:00+01:00,-1.51
2023-02-12T06:00:00+01:00,-1.51
2023-02-12T12:00:00+01:00,-1.51
2023-02-12T18:00:00+01:00,-1.52
2023-02-13T00:00:00+01:00,-1.51
2023-02-13T06:00:00+01:00,-1.52
2023-02-13T12:00:00+01:00,-1.52
2023-02-13T18:00:00+01:00,-1.51
2023-02-14T00:00:00+01:00,-1.51
2023-02-14T06:00:00+01:00,-1.51
2023-02-14T12:00:00+01:00,-1.51
2023-02-14T18:00:00+01:00,-1.51
2023-02-15T00:00:00+01:00,-1.51
2023-02-15T06:00:00+01:00,-1.5
2023-02-15T12:00:00+01:00,-1.5
2023-02-15T18:00:00+01:00,-1.5
2023-02-16T00:00:00+01:00,-1.5
2023-02-16T06:00:00+01:00,-1.5
2023-02-16T12:00:00+01:00,-1.5
2023-02-16T18:00:00+01:00,-1.49
2023-02-17T00:00:00+01:00,-1.49
2023-02-17T06:00:00+01:00,-1.47
2023-02-17T12:00:00+01:00,-1.49
2023-02-17T18:00:00+01:00,-1.51
2023-02-18T00:00:00+01:00,-1.5
2023-02-18T06:00:00+01:00,-1.48
2023-02-18T12:00:00+01:00,-1.49
2023-02-18T18:00:00+01:00,-1.5
2023-02-19T00:00:00+01:00,-1.49
2023-02-19T06:00:00+01:00,-1.52
2023-02-19T12:00:00+01:00,-1.51
2023-02-19T18:00:00+01:00,-1.51
2023-02-20T00:00:00+01:00,-1.49
2023-02-20T06:00:00+01:00,-1.49
2023-02-20T12:00:00+01:00,-1.49
2023-02-20T18:00:00+01:00,-1.5
2023-02-21T00:00:00+01:00,-1.5
2023-02-21T06:00:00+01:00,-1.5
2023-02-21T12:00:00+01:00,-1.5
2023-02-21T18:00:00+01:00,-1.51
2023-02-22T00:00:00+01:00,-1.5
2023-02-22T06:00:00+01:00,-1.49
2023-02-22T12:00:00+01:00,-1.49
2023-02-22T18:00:00+01:00,-1.5
2023-02-23T00:00:00+01:00,-1.5
2023-02-23T06:00:00+01:00,-1.5
2023-02-23T12:00:00+01:00,-1.51
2023-02-23T18:00:00+01:00,-1.51
2023-02-24T00:00:00+01:00,-1.5
2023-02-24T06:00:00+01:00,-1.48
2023-02-24T12:00:00+01:00,-1.48
2023-02-24T18:00:00+01:00,-1.48
2023-02-25T00:00:00+01:00,-1.49
2023-02-25T06:00:00+01:00,-1.49
2023-02-25T12:00:00+01:00,-1.5
2023-02-25T18:00:00+01:00,-1.51
2023-02-26T00:00:00+01:00,-1.51
2023-02-26T06:00:00+01:00,-1.51
2023-02-26T12:00:00+01:00,-1.52
2023-02-26T18:00:00+01:00,-1.52
2023-02-27T00:00:00+01:00,-1.51
2023-02-27T06:00:00+01:00,-1.52
2023-02-27T12:00:00+01:00,-1.51
2023-02-27T18:00:00+01:00,-1.52
2023-02-28T00:00:00+01:00,-1.52
2023-02-28T06:00:00+01:00,-1.52
2023-02-28T12:00:00+01:00,-1.52
2023-02-28T18:00:00+01:00,-1.52
2023-03-01T00:00:00+01:00,-1.52
2023-03-01T06:00:00+01:00,-1.51
2023-03-01T12:00:00+01:00,-1.51
2023-03-01T18:00:00+01:00,-1.52
2023-03-02T00:00:00+01:00,-1.52
2023-03-02T06:00:00+01:00,-1.52
2023-03-02T12:00:00+01:00,-1.51
2023-03-02T18:00:00+01:00,-1.53
2023-03-03T00:00:00+01:00,-1.52
2023-03-03T06:00:00+01:00,-1.52
2023-03-03T12:00:00+01:00,-1.52
2023-03-03T18:00:00+01:00,-1.52
2023-03-04T00:00:00+01:00,-1.52
2023-03-04T06:00:00+01:00,-1.52
2023-03-04T12:00:00+01:00,-1.52
2023-03-04T18:00:00+01:00,-1.52
2023-03-05T00:00:00+01:00,-1.51
2023-03-05T06:00:00+01:00,-1.51
2023-03-05T12:00:00+01:00,-1.5
2023-03-05T18:00:00+01:00,-1.5
2023-03-06T00:00:00+01:00,-1.49
2023-03-06T06:00:00+01:00,-1.49
2023-03-06T12:00:00+01:00,-1.49
2023-03-06T18:00:00+01:00,-1.48
2023-03-07T00:00:00+01:00,-1.47
2023-03-07T06:00:00+01:00,-1.47
2023-03-07T12:00:00+01:00,-1.46
2023-03-07T18:00:00+01:00,-1.46
2023-03-08T00:00:00+01:00,-1.46
2023-03-08T06:00:00+01:00,-1.45
2023-03-08T12:00:00+01:00,-1.45
2023-03-08T18:00:00+01:00,-1.45
2023-03-09T00:00:00+01:00,-1.45
2023-03-09T06:00:00+01:00,-1.46
2023-03-09T12:00:00+01:00,-1.46
2023-03-09T18:00:00+01:00,-1.45
2023-03-10T00:00:00+01:00,-1.43
2023-03-10T06:00:00+01:00,-1.43
2023-03-10T12:00:00+01:00,-1.41
2023-03-10T18:00:00+01:00,-1.41
2023-03-11T00:00:00+01:00,-1.39
2023-03-11T06:00:00+01:00,-1.38
2023-03-11T12:00:00+01:00,-1.38
2023-03-11T18:00:00+01:00,-1.37
2023-03-12T00:00:00+01:00,-1.35
2023-03-12T06:00:00+01:00,-1.34
2023-03-12T12:00:00+01:00,-1.33
2023-03-12T18:00:00+01:00,-1.33
2023-03-13T00:00:00+01:00,-1.31
2023-03-13T06:00:00+01:00,-1.3
2023-03-13T12:00:00+01:00,-1.3
2023-03-13T18:00:00+01:00,-1.3
2023-03-14T00:00:00+01:00,-1.3
2023-03-14T06:00:00+01:00,-1.32
2023-03-14T12:00:00+01:00,-1.34
2023-03-14T18:00:00+01:00,-1.34
2023-03-15T00:00:00+01:00,-1.34
2023-03-15T06:00:00+01:00,-1.35
2023-03-15T12:00:00+01:00,-1.35
2023-03-15T18:00:00+01:00,-1.36
2023-03-16T00:00:00+01:00,-1.36
2023-03-16T06:00:00+01:00,-1.35
2023-03-16T12:00:00+01:00,-1.35
2023-03-16T18:00:00+01:00,-1.35
2023-03-17T00:00:00+01:00,-1.36
2023-03-17T06:00:00+01:00,-1.36
2023-03-17T12:00:00+01:00,-1.37
2023-03-17T18:00:00+01:00,-1.37
2023-03-18T00:00:00+01:00,-1.38
2023-03-18T06:00:00+01:00,-1.39
2023-03-18T12:00:00+01:00,-1.39
2023-03-18T18:00:00+01:00,-1.39
2023-03-19T00:00:00+01:00,-1.4
2023-03-19T06:00:00+01:00,-1.41
2023-03-19T12:00:00+01:00,-1.41
2023-03-19T18:00:00+01:00,-1.42
2023-03-20T00:00:00+01:00,-1.42
2023-03-20T06:00:00+01:00,-1.42
2023-03-20T12:00:00+01:00,-1.42
2023-03-20T18:00:00+01:00,-1.42
2023-03-21T00:00:00+01:00,-1.42
2023-03-21T06:00:00+01:00,-1.41
2023-03-21T12:00:00+01:00,-1.41
2023-03-21T18:00:00+01:00,-1.39
2023-03-22T00:00:00+01:00,-1.39
2023-03-22T06:00:00+01:00,-1.37
2023-03-22T12:00:00+01:00,-1.38
2023-03-22T18:00:00+01:00,-1.38
2023-03-23T00:00:00+01:00,-1.35
2023-03-23T06:00:00+01:00,-1.34
2023-03-23T12:00:00+01:00,-1.33
2023-03-23T18:00:00+01:00,-1.32
2023-03-24T00:00:00+01:00,-1.3
2023-03-24T06:00:00+01:00,-1.3
2023-03-24T12:00:00+01:00,-1.29
2023-03-24T18:00:00+01:00,-1.29
2023-03-25T00:00:00+01:00,-1.29
2023-03-25T06:00:00+01:00,-1.29
2023-03-25T12:00:00+01:00,-1.29
2023-03-25T18:00:00+01:00,-1.31
2023-03-26T00:00:00+01:00,-1.32
2023-03-26T06:00:00+02:00,-1.32
2023-03-26T12:00:00+02:00,-1.34
2023-03-26T18:00:00+02:00,-1.35
2023-03-27T00:00:00+02:00,-1.36
2023-03-27T06:00:00+02:00,-1.37
2023-03-27T12:00:00+02:00,-1.38
2023-03-27T18:00:00+02:00,-1.38
2023-03-28T00:00:00+02:00,-1.39
2023-03-28T06:00:00+02:00,-1.4
2023-03-28T12:00:00+02:00,-1.39
2023-03-28T18:00:00+02:00,-1.39
2023-03-29T00:00:00+02:00,-1.38
2023-03-29T06:00:00+02:00,-1.39
2023-03-29T12:00:00+02:00,-1.39
2023-03-29T18:00:00+02:00,-1.39
2023-03-30T00:00:00+02:00,-1.38
2023-03-30T06:00:00+02:00,-1.39
2023-03-30T12:00:00+02:00,-1.4
2023-03-30T18:00:00+02:00,-1.4
2023-03-31T00:00:00+02:00,-1.4
2023-03-31T06:00:00+02:00,-1.39
2023-03-31T12:00:00+02:00,-1.39
2023-03-31T18:00:00+02:00,-1.39
2023-04-01T00:00:00+02:00,-1.38
2023-04-01T06:00:00+02:00,-1.38
2023-04-01T12:00:00+02:00,-1.38
2023-04-01T18:00:00+02:00,-1.39
2023-04-02T00:00:00+02:00,-1.39
2023-04-02T06:00:00+02:00,-1.4
2023-04-02T12:00:00+02:00,-1.4
2023-04-02T18:00:00+02:00,-1.41
2023-04-03T00:00:00+02:00,-1.41
2023-04-03T06:00:00+02:00,-1.41
2023-04-03T12:00:00+02:00,-1.41
2023-04-03T18:00:00+02:00,-1.41
2023-04-04T00:00:00+02:00,-1.41
2023-04-04T06:00:00+02:00,-1.42
2023-04-04T12:00:00+02:00,-1.41
2023-04-04T18:00:00+02:00,-1.42
2023-04-05T00:00:00+02:00,-1.42
2023-04-05T06:00:00+02:00,-1.42
2023-04-05T12:00:00+02:00,-1.42
2023-04-05T18:00:00+02:00,-1.42
2023-04-06T00:00:00+02:00,-1.42
2023-04-06T06:00:00+02:00,-1.42
2023-04-06T12:00:00+02:00,-1.42
2023-04-06T18:00:00+02:00,-1.43
2023-04-07T00:00:00+02:00,-1.43
2023-04-07T06:00:00+02:00,-1.43
2023-04-07T12:00:00+02:00,-1.44
2023-04-07T18:00:00+02:00,-1.45
2023-04-08T00:00:00+02:00,-1.45
2023-04-08T06:00:00+02:00,-1.45
2023-04-08T12:00:00+02:00,-1.45
2023-04-08T18:00:00+02:00,-1.45
2023-04-09T00:00:00+02:00,-1.45
2023-04-09T06:00:00+02:00,-1.46
2023-04-09T12:00:00+02:00,-1.45
2023-04-09T18:00:00+02:00,-1.45
2023-04-10T00:00:00+02:00,-1.45
2023-04-10T06:00:00+02:00,-1.45
2023-04-10T12:00:00+02:00,-1.43
2023-04-10T18:00:00+02:00,-1.42
2023-04-11T00:00:00+02:00,-1.42
2023-04-11T06:00:00+02:00,-1.43
2023-04-11T12:00:00+02:00,-1.43
2023-04-11T18:00:00+02:00,-1.43
2023-04-12T00:00:00+02:00,-1.41
2023-04-12T06:00:00+02:00,-1.4
2023-04-12T12:00:00+02:00,-1.4
2023-04-12T18:00:00+02:00,-1.39
2023-04-13T00:00:00+02:00,-1.38
2023-04-13T06:00:00+02:00,-1.38
2023-04-13T12:00:00+02:00,-1.39
2023-04-13T18:00:00+02:00,-1.4
2023-04-14T00:00:00+02:00,-1.4
2023-04-14T06:00:00+02:00,-1.4
2023-04-14T12:00:00+02:00,-1.4
2023-04-14T18:00:00+02:00,-1.4
2023-04-15T00:00:00+02:00,-1.41
2023-04-15T06:00:00+02:00,-1.42
2023-04-15T12:00:00+02:00,-1.42
2023-04-15T18:00:00+02:00,-1.43
2023-04-16T00:00:00+02:00,-1.43
2023-04-16T06:00:00+02:00,-1.44
2023-04-16T12:00:00+02:00,-1.44
2023-04-16T18:00:00+02:00,-1.45
2023-04-17T00:00:00+02:00,-1.45
2023-04-17T06:00:00+02:00,-1.46
2023-04-17T12:00:00+02:00,-1.46
2023-04-17T18:00:00+02:00,-1.47
2023-04-18T00:00:00+02:00,-1.47
2023-04-18T06:00:00+02:00,-1.47
2023-04-18T12:00:00+02:00,-1.47
2023-04-18T18:00:00+02:00,-1.48
2023-04-19T00:00:00+02:00,-1.48
2023-04-19T06:00:00+02:00,-1.49
2023-04-19T12:00:00+02:00,-1.48
2023-04-19T18:00:00+02:00,-1.48
2023-04-20T00:00:00+02:00,-1.47
2023-04-20T06:00:00+02:00,-1.48
2023-04-20T12:00:00+02:00,-1.48
2023-04-20T18:00:00+02:00,-1.48
2023-04-21T00:00:00+02:00,-1.47
2023-04-21T06:00:00+02:00,-1.48
2023-04-21T12:00:00+02:00,-1.47
2023-04-21T18:00:00+02:00,-1.47
2023-04-22T00:00:00+02:00,-1.46
2023-04-22T06:00:00+02:00,-1.46
2023-04-22T12:00:00+02:00,-1.45
2023-04-22T18:00:00+02:00,-1.44
2023-04-23T00:00:00+02:00,-1.44
2023-04-23T06:00:00+02:00,-1.43
2023-04-23T12:00:00+02:00,-1.42
2023-04-23T18:00:00+02:00,-1.41
2023-04-24T00:00:00+02:00,-1.39
2023-04-24T06:00:00+02:00,-1.38
2023-04-24T12:00:00+02:00,-1.36
2023-04-24T18:00:00+02:00,-1.35
2023-04-25T00:00:00+02:00,-1.35
2023-04-25T06:00:00+02:00,-1.35
2023-04-25T12:00:00+02:00,-1.35
2023-04-25T18:00:00+02:00,-1.35
2023-04-26T00:00:00+02:00,-1.35
2023-04-26T06:00:00+02:00,-1.36
2023-04-26T12:00:00+02:00,-1.36
2023-04-26T18:00:00+02:00,-1.37
2023-04-27T00:00:00+02:00,-1.38
2023-04-27T06:00:00+02:00,-1.38
2023-04-27T12:00:00+02:00,-1.38
2023-04-27T18:00:00+02:00,-1.38
2023-04-28T00:00:00+02:00,-1.38
2023-04-28T06:00:00+02:00,-1.38
2023-04-28T12:00:00+02:00,-1.38
2023-04-28T18:00:00+02:00,-1.39
2023-04-29T00:00:00+02:00,-1.4
2023-04-29T06:00:00+02:00,-1.41
2023-04-29T12:00:00+02:00,-1.42
2023-04-29T18:00:00+02:00,-1.43
2023-04-30T00:00:00+02:00,-1.43
2023-04-30T06:00:00+02:00,-1.44
2023-04-30T12:00:00+02:00,-1.43
2023-04-30T18:00:00+02:00,-1.43
2023-05-01T00:00:00+02:00,-1.43
2023-05-01T06:00:00+02:00,-1.43
2023-05-01T12:00:00+02:00,-1.43
2023-05-01T18:00:00+02:00,-1.44
2023-05-02T00:00:00+02:00,-1.45
2023-05-02T06:00:00+02:00,-1.46
2023-05-02T12:00:00+02:00,-1.47
2023-05-02T18:00:00+02:00,-1.48
2023-05-03T00:00:00+02:00,-1.48
2023-05-03T06:00:00+02:00,-1.48
2023-05-03T12:00:00+02:00,-1.48
2023-05-03T18:00:00+02:00,-1.48
2023-05-04T00:00:00+02:00,-1.48
2023-05-04T06:00:00+02:00,-1.48
2023-05-04T12:00:00+02:00,-1.47
2023-05-04T18:00:00+02:00,-1.47
2023-05-05T00:00:00+02:00,-1.47
2023-05-05T06:00:00+02:00,-1.48
2023-05-05T12:00:00+02:00,-1.48
2023-05-05T18:00:00+02:00,-1.48
2023-05-06T00:00:00+02:00,-1.48
2023-05-06T06:00:00+02:00,-1.49
2023-05-06T12:00:00+02:00,-1.48
2023-05-06T18:00:00+02:00,-1.49
2023-05-07T00:00:00+02:00,-1.49
2023-05-07T06:00:00+02:00,-1.49
2023-05-07T12:00:00+02:00,-1.5
2023-05-07T18:00:00+02:00,-1.5
2023-05-08T00:00:00+02:00,-1.5
2023-05-08T06:00:00+02:00,-1.5
2023-05-08T12:00:00+02:00,-1.5
2023-05-08T18:00:00+02:00,-1.5
2023-05-09T00:00:00+02:00,-1.49
2023-05-09T06:00:00+02:00,-1.49
2023-05-09T12:00:00+02:00,-1.48
2023-05-09T18:00:00+02:00,-1.47
2023-05-10T00:00:00+02:00,-1.47
2023-05-10T06:00:00+02:00,-1.48
2023-05-10T12:00:00+02:00,-1.48
2023-05-10T18:00:00+02:00,-1.49
2023-05-11T00:00:00+02:00,-1.49
2023-05-11T06:00:00+02:00,-1.5
2023-05-11T12:00:00+02:00,-1.5
2023-05-11T18:00:00+02:00,-1.5
2023-05-12T00:00:00+02:00,-1.5
2023-05-12T06:00:00+02:00,-1.5
2023-05-12T12:00:00+02:00,-1.5
2023-05-12T18:00:00+02:00,-1.52
2023-05-13T00:00:00+02:00,-1.51
2023-05-13T06:00:00+02:00,-1.52
2023-05-13T12:00:00+02:00,-1.51
2023-05-13T18:00:00+02:00,-1.52
2023-05-14T00:00:00+02:00,-1.51
2023-05-14T06:00:00+02:00,-1.51
2023-05-14T12:00:00+02:00,-1.51
2023-05-14T18:00:00+02:00,-1.51
2023-05-15T00:00:00+02:00,-1.51
2023-05-15T06:00:00+02:00,-1.51
2023-05-15T12:00:00+02:00,-1.51
2023-05-15T18:00:00+02:00,-1.52
2023-05-16T00:00:00+02:00,-1.52
2023-05-16T06:00:00+02:00,-1.52
2023-05-16T12:00:00+02:00,-1.52
2023-05-16T18:00:00+02:00,-1.53
2023-05-17T00:00:00+02:00,-1.54
2023-05-17T06:00:00+02:00,-1.54
2023-05-17T12:00:00+02:00,-1.54
2023-05-17T18:00:00+02:00,-1.55
2023-05-18T00:00:00+02:00,-1.55
2023-05-18T06:00:00+02:00,-1.55
2023-05-18T12:00:00+02:00,-1.55
2023-05-18T18:00:00+02:00,-1.55
2023-05-19T00:00:00+02:00,-1.55
2023-05-19T06:00:00+02:00,-1.55
2023-05-19T12:00:00+02:00,-1.55
2023-05-19T18:00:00+02:00,-1.56
2023-05-20T00:00:00+02:00,-1.56
2023-05-20T06:00:00+02:00,-1.56
2023-05-20T12:00:00+02:00,-1.55
2023-05-20T18:00:00+02:00,-1.55
2023-05-21T00:00:00+02:00,-1.55
2023-05-21T06:00:00+02:00,-1.55
2023-05-21T12:00:00+02:00,-1.55
2023-05-21T18:00:00+02:00,-1.55
2023-05-22T00:00:00+02:00,-1.54
2023-05-22T06:00:00+02:00,-1.55
2023-05-22T12:00:00+02:00,-1.55
2023-05-22T18:00:00+02:00,-1.55
2023-05-23T00:00:00+02:00,-1.55
2023-05-23T06:00:00+02:00,-1.57
2023-05-23T12:00:00+02:00,-1.57
2023-05-23T18:00:00+02:00,-1.57
2023-05-24T00:00:00+02:00,-1.57
2023-05-24T06:00:00+02:00,-1.57
2023-05-24T12:00:00+02:00,-1.57
2023-05-24T18:00:00+02:00,-1.57
2023-05-25T00:00:00+02:00,-1.58
2023-05-25T06:00:00+02:00,-1.59
2023-05-25T12:00:00+02:00,-1.59
2023-05-25T18:00:00+02:00,-1.59
2023-05-26T00:00:00+02:00,-1.59
2023-05-26T06:00:00+02:00,-1.6
2023-05-26T12:00:00+02:00,-1.6
2023-05-26T18:00:00+02:00,-1.6
2023-05-27T00:00:00+02:00,-1.59
2023-05-27T06:00:00+02:00,-1.59
2023-05-27T12:00:00+02:00,-1.58
2023-05-27T18:00:00+02:00,-1.59
2023-05-28T00:00:00+02:00,-1.59
2023-05-28T06:00:00+02:00,-1.59
2023-05-28T12:00:00+02:00,-1.59
2023-05-28T18:00:00+02:00,-1.6
2023-05-29T00:00:00+02:00,-1.6
2023-05-29T06:00:00+02:00,-1.6
2023-05-29T12:00:00+02:00,-1.61
2023-05-29T18:00:00+02:00,-1.61
2023-05-30T00:00:00+02:00,-1.61
2023-05-30T06:00:00+02:00,-1.61
2023-05-30T12:00:00+02:00,-1.61
2023-05-30T18:00:00+02:00,-1.61
2023-05-31T00:00:00+02:00,-1.61
2023-05-31T06:00:00+02:00,-1.61
2023-05-31T12:00:00+02:00,-1.61
2023-05-31T18:00:00+02:00,-1.61
2023-06-01T00:00:00+02:00,-1.61
2023-06-01T06:00:00+02:00,-1.6
2023-06-01T12:00:00+02:00,-1.6
2023-06-01T18:00:00+02:00,-1.6
2023-06-02T00:00:00+02:00,-1.6
2023-06-02T06:00:00+02:00,-1.6
2023-06-02T12:00:00+02:00,-1.61
2023-06-02T18:00:00+02:00,-1.61
2023-06-03T00:00:00+02:00,-1.62
2023-06-03T06:00:00+02:00,-1.62
2023-06-03T12:00:00+02:00,-1.61
2023-06-03T18:00:00+02:00,-1.62
2023-06-04T00:00:00+02:00,-1.62
2023-06-04T06:00:00+02:00,-1.62
2023-06-04T12:00:00+02:00,-1.62
2023-06-04T18:00:00+02:00,-1.62
2023-06-05T00:00:00+02:00,-1.62
2023-06-05T06:00:00+02:00,-1.62
2023-06-05T12:00:00+02:00,-1.62
2023-06-05T18:00:00+02:00,-1.61
2023-06-06T00:00:00+02:00,-1.61
2023-06-06T06:00:00+02:00,-1.61
2023-06-06T12:00:00+02:00,-1.61
2023-06-06T18:00:00+02:00,-1.61
2023-06-07T00:00:00+02:00,-1.61
2023-06-07T06:00:00+02:00,-1.61
2023-06-07T12:00:00+02:00,-1.61
2023-06-07T18:00:00+02:00,-1.62
2023-06-08T00:00:00+02:00,-1.62
2023-06-08T06:00:00+02:00,-1.62
2023-06-08T12:00:00+02:00,-1.62
2023-06-08T18:00:00+02:00,-1.62
2023-06-09T00:00:00+02:00,-1.62
2023-06-09T06:00:00+02:00,-1.63
2023-06-09T12:00:00+02:00,-1.62
2023-06-09T18:00:00+02:00,-1.63
2023-06-10T00:00:00+02:00,-1.63
2023-06-10T06:00:00+02:00,-1.63
2023-06-10T12:00:00+02:00,-1.63
2023-06-10T18:00:00+02:00,-1.63
2023-06-11T00:00:00+02:00,-1.63
2023-06-11T06:00:00+02:00,-1.63
2023-06-11T12:00:00+02:00,-1.62
2023-06-11T18:00:00+02:00,-1.63
2023-06-12T00:00:00+02:00,-1.64
2023-06-12T06:00:00+02:00,-1.64
2023-06-12T12:00:00+02:00,-1.64
2023-06-12T18:00:00+02:00,-1.64
2023-06-13T00:00:00+02:00,-1.65
2023-06-13T06:00:00+02:00,-1.66
2023-06-13T12:00:00+02:00,-1.65
2023-06-13T18:00:00+02:00,-1.66
2023-06-14T00:00:00+02:00,-1.67
2023-06-14T06:00:00+02:00,-1.67
2023-06-14T12:00:00+02:00,-1.67
2023-06-14T18:00:00+02:00,-1.68
2023-06-15T00:00:00+02:00,-1.68
2023-06-15T06:00:00+02:00,-1.68
2023-06-15T12:00:00+02:00,-1.67
2023-06-15T18:00:00+02:00,-1.68
2023-06-16T00:00:00+02:00,-1.68
2023-06-16T06:00:00+02:00,-1.68
2023-06-16T12:00:00+02:00,-1.68
2023-06-16T18:00:00+02:00,-1.68
2023-06-17T00:00:00+02:00,-1.68
2023-06-17T06:00:00+02:00,-1.68
2023-06-17T12:00:00+02:00,-1.68
2023-06-17T18:00:00+02:00,-1.65
2023-06-18T00:00:00+02:00,-1.68
2023-06-18T06:00:00+02:00,-1.69
2023-06-18T12:00:00+02:00,-1.68
2023-06-18T18:00:00+02:00,-1.68
2023-06-19T00:00:00+02:00,-1.68
2023-06-19T06:00:00+02:00,-1.68
2023-06-19T12:00:00+02:00,-1.69
2023-06-19T18:00:00+02:00,-1.7
2023-06-20T00:00:00+02:00,-1.7
2023-06-20T06:00:00+02:00,-1.7
2023-06-20T12:00:00+02:00,-1.69
2023-06-20T18:00:00+02:00,-1.7
2023-06-21T00:00:00+02:00,-1.69
2023-06-21T06:00:00+02:00,-1.69
2023-06-21T12:00:00+02:00,-1.69
2023-06-21T18:00:00+02:00,-1.69
2023-06-22T00:00:00+02:00,-1.69
2023-06-22T06:00:00+02:00,-1.69
2023-06-22T12:00:00+02:00,-1.69
2023-06-22T18:00:00+02:00,-1.69
2023-06-23T00:00:00+02:00,-1.67
2023-06-23T06:00:00+02:00,-1.67
2023-06-23T12:00:00+02:00,-1.67
2023-06-23T18:00:00+02:00,-1.66
2023-06-24T00:00:00+02:00,-1.66
2023-06-24T06:00:00+02:00,-1.65
2023-06-24T12:00:00+02:00,-1.65
2023-06-24T18:00:00+02:00,-1.65
2023-06-25T00:00:00+02:00,-1.64
2023-06-25T06:00:00+02:00,-1.63
2023-06-25T12:00:00+02:00,-1.62
2023-06-25T18:00:00+02:00,-1.62
2023-06-26T00:00:00+02:00,-1.61
2023-06-26T06:00:00+02:00,-1.63
2023-06-26T12:00:00+02:00,-1.64
2023-06-26T18:00:00+02:00,-1.65
2023-06-27T00:00:00+02:00,-1.65
2023-06-27T06:00:00+02:00,-1.66
2023-06-27T12:00:00+02:00,-1.66
2023-06-27T18:00:00+02:00,-1.66
2023-06-28T00:00:00+02:00,-1.67
2023-06-28T06:00:00+02:00,-1.67
2023-06-28T12:00:00+02:00,-1.67
2023-06-28T18:00:00+02:00,-1.67
2023-06-29T00:00:00+02:00,-1.67
2023-06-29T06:00:00+02:00,-1.67
2023-06-29T12:00:00+02:00,-1.67
2023-06-29T18:00:00+02:00,-1.67
2023-06-30T00:00:00+02:00,-1.67
2023-06-30T06:00:00+02:00,-1.68
2023-06-30T12:00:00+02:00,-1.67
2023-06-30T18:00:00+02:00,-1.67
2023-07-01T00:00:00+02:00,-1.66
2023-07-01T06:00:00+02:00,-1.66
2023-07-01T12:00:00+02:00,-1.66
2023-07-01T18:00:00+02:00,-1.67
2023-07-02T00:00:00+02:00,-1.67
2023-07-02T06:00:00+02:00,-1.67
2023-07-02T12:00:00+02:00,-1.56
2023-07-02T18:00:00+02:00,-1.67
2023-07-03T00:00:00+02:00,-1.66
2023-07-03T06:00:00+02:00,-1.66
2023-07-03T12:00:00+02:00,-1.66
2023-07-03T18:00:00+02:00,-1.65
2023-07-04T00:00:00+02:00,-1.65
2023-07-04T06:00:00+02:00,-1.64
2023-07-04T12:00:00+02:00,-1.64
2023-07-04T18:00:00+02:00,-1.64
2023-07-05T00:00:00+02:00,-1.61
2023-07-05T06:00:00+02:00,-1.59
2023-07-05T12:00:00+02:00,-1.59
2023-07-05T18:00:00+02:00,-1.6
2023-07-06T00:00:00+02:00,-1.6
2023-07-06T06:00:00+02:00,-1.59
2023-07-06T12:00:00+02:00,-1.59
2023-07-06T18:00:00+02:00,-1.59
2023-07-07T00:00:00+02:00,-1.59
2023-07-07T06:00:00+02:00,-1.6
2023-07-07T12:00:00+02:00,-1.59
2023-07-07T18:00:00+02:00,-1.59
2023-07-08T00:00:00+02:00,-1.59
2023-07-08T06:00:00+02:00,-1.59
2023-07-08T12:00:00+02:00,-1.58
2023-07-08T18:00:00+02:00,-1.59
2023-07-09T00:00:00+02:00,-1.59
2023-07-09T06:00:00+02:00,-1.59
2023-07-09T12:00:00+02:00,-1.59
2023-07-09T18:00:00+02:00,-1.6
2023-07-10T00:00:00+02:00,-1.59
2023-07-10T06:00:00+02:00,-1.59
2023-07-10T12:00:00+02:00,-1.59
2023-07-10T18:00:00+02:00,-1.59
2023-07-11T00:00:00+02:00,-1.59
2023-07-11T06:00:00+02:00,-1.58
2023-07-11T12:00:00+02:00,-1.58
2023-07-11T18:00:00+02:00,-1.58
2023-07-12T00:00:00+02:00,-1.58
2023-07-12T06:00:00+02:00,-1.59
2023-07-12T12:00:00+02:00,-1.59
2023-07-12T18:00:00+02:00,-1.6
2023-07-13T00:00:00+02:00,-1.6
2023-07-13T06:00:00+02:00,-1.61
2023-07-13T12:00:00+02:00,-1.61
2023-07-13T18:00:00+02:00,-1.62
2023-07-14T00:00:00+02:00,-1.62
2023-07-14T06:00:00+02:00,-1.62
2023-07-14T12:00:00+02:00,-1.61
2023-07-14T18:00:00+02:00,-1.61
2023-07-15T00:00:00+02:00,-1.59
2023-07-15T06:00:00+02:00,-1.61
2023-07-15T12:00:00+02:00,-1.61
2023-07-15T18:00:00+02:00,-1.62
2023-07-16T00:00:00+02:00,-1.63
2023-07-16T06:00:00+02:00,-1.64
2023-07-16T12:00:00+02:00,-1.65
2023-07-16T18:00:00+02:00,-1.66
2023-07-17T00:00:00+02:00,-1.66
2023-07-17T06:00:00+02:00,-1.68
2023-07-17T12:00:00+02:00,-1.69
2023-07-17T18:00:00+02:00,-1.7
2023-07-18T00:00:00+02:00,-1.7
2023-07-18T06:00:00+02:00,-1.7
2023-07-18T12:00:00+02:00,-1.69
2023-07-18T18:00:00+02:00,-1.69
2023-07-19T00:00:00+02:00,-1.69
2023-07-19T06:00:00+02:00,-1.69
2023-07-19T12:00:00+02:00,-1.69
2023-07-19T18:00:00+02:00,-1.69
2023-07-20T00:00:00+02:00,-1.7
2023-07-20T06:00:00+02:00,-1.7
2023-07-20T12:00:00+02:00,-1.7
2023-07-20T18:00:00+02:00,-1.7
2023-07-21T00:00:00+02:00,-1.7
2023-07-21T06:00:00+02:00,-1.7
2023-07-21T12:00:00+02:00,-1.7
2023-07-21T18:00:00+02:00,-1.71
2023-07-22T00:00:00+02:00,-1.71
2023-07-22T06:00:00+02:00,-1.71
2023-07-22T12:00:00+02:00,-1.7
2023-07-22T18:00:00+02:00,-1.68
2023-07-23T00:00:00+02:00,-1.67
2023-07-23T06:00:00+02:00,-1.64
2023-07-23T12:00:00+02:00,-1.65
2023-07-23T18:00:00+02:00,-1.65
2023-07-24T00:00:00+02:00,-1.65
2023-07-24T06:00:00+02:00,-1.65
2023-07-24T12:00:00+02:00,-1.65
2023-07-24T18:00:00+02:00,-1.66
2023-07-25T00:00:00+02:00,-1.66
2023-07-25T06:00:00+02:00,-1.67
2023-07-25T12:00:00+02:00,-1.67
2023-07-25T18:00:00+02:00,-1.68
2023-07-26T00:00:00+02:00,-1.68
2023-07-26T06:00:00+02:00,-1.68
2023-07-26T12:00:00+02:00,-1.68
2023-07-26T18:00:00+02:00,-1.69
2023-07-27T00:00:00+02:00,-1.68
2023-07-27T06:00:00+02:00,-1.67
2023-07-27T12:00:00+02:00,-1.67
2023-07-27T18:00:00+02:00,-1.66
2023-07-28T00:00:00+02:00,-1.66
2023-07-28T06:00:00+02:00,-1.66
2023-07-28T12:00:00+02:00,-1.66
2023-07-28T18:00:00+02:00,-1.66
2023-07-29T00:00:00+02:00,-1.66
2023-07-29T06:00:00+02:00,-1.66
2023-07-29T12:00:00+02:00,-1.66
2023-07-29T18:00:00+02:00,-1.67
2023-07-30T00:00:00+02:00,-1.67
2023-07-30T06:00:00+02:00,-1.67
2023-07-30T12:00:00+02:00,-1.68
2023-07-30T18:00:00+02:00,-1.68
2023-07-31T00:00:00+02:00,-1.67
2023-07-31T06:00:00+02:00,-1.64
2023-07-31T12:00:00+02:00,-1.62
2023-07-31T18:00:00+02:00,-1.6
2023-08-01T00:00:00+02:00,-1.59
2023-08-01T06:00:00+02:00,-1.58
2023-08-01T12:00:00+02:00,-1.58
2023-08-01T18:00:00+02:00,-1.57
2023-08-02T00:00:00+02:00,-1.57
2023-08-02T06:00:00+02:00,-1.56
2023-08-02T12:00:00+02:00,-1.54
2023-08-02T18:00:00+02:00,-1.53
2023-08-03T00:00:00+02:00,-1.52
2023-08-03T06:00:00+02:00,-1.53
2023-08-03T12:00:00+02:00,-1.54
2023-08-03T18:00:00+02:00,-1.55
2023-08-04T00:00:00+02:00,-1.56
2023-08-04T06:00:00+02:00,-1.56
2023-08-04T12:00:00+02:00,-1.57
2023-08-04T18:00:00+02:00,-1.57
2023-08-05T00:00:00+02:00,-1.57
2023-08-05T06:00:00+02:00,-1.56
2023-08-05T12:00:00+02:00,-1.55
2023-08-05T18:00:00+02:00,-1.54
2023-08-06T00:00:00+02:00,-1.52
2023-08-06T06:00:00+02:00,-1.52
2023-08-06T12:00:00+02:00,-1.52
2023-08-06T18:00:00+02:00,-1.52
2023-08-07T00:00:00+02:00,-1.5
2023-08-07T06:00:00+02:00,-1.48
2023-08-07T12:00:00+02:00,-1.47
2023-08-07T18:00:00+02:00,-1.47
2023-08-08T00:00:00+02:00,-1.46
2023-08-08T06:00:00+02:00,-1.46
2023-08-08T12:00:00+02:00,-1.46
2023-08-08T18:00:00+02:00,-1.47
2023-08-09T00:00:00+02:00,-1.47
2023-08-09T06:00:00+02:00,-1.47
2023-08-09T12:00:00+02:00,-1.47
2023-08-09T18:00:00+02:00,-1.47
2023-08-10T00:00:00+02:00,-1.47
2023-08-10T06:00:00+02:00,-1.46
2023-08-10T12:00:00+02:00,-1.46
2023-08-10T18:00:00+02:00,-1.46
2023-08-11T00:00:00+02:00,-1.46
2023-08-11T06:00:00+02:00,-1.46
2023-08-11T12:00:00+02:00,-1.45
2023-08-11T18:00:00+02:00,-1.46
2023-08-12T00:00:00+02:00,-1.46
2023-08-12T06:00:00+02:00,-1.45
2023-08-12T12:00:00+02:00,-1.46
2023-08-12T18:00:00+02:00,-1.44
2023-08-13T00:00:00+02:00,-1.45
2023-08-13T06:00:00+02:00,-1.46
2023-08-13T12:00:00+02:00,-1.47
2023-08-13T18:00:00+02:00,-1.47
2023-08-14T00:00:00+02:00,-1.48
2023-08-14T06:00:00+02:00,-1.49
2023-08-14T12:00:00+02:00,-1.49
2023-08-14T18:00:00+02:00,-1.49
2023-08-15T00:00:00+02:00,-1.49
2023-08-15T06:00:00+02:00,-1.5
2023-08-15T12:00:00+02:00,-1.5
2023-08-15T18:00:00+02:00,-1.51
2023-08-16T00:00:00+02:00,-1.51
2023-08-16T06:00:00+02:00,-1.52
2023-08-16T12:00:00+02:00,-1.52
2023-08-16T18:00:00+02:00,-1.52
2023-08-17T00:00:00+02:00,-1.53
2023-08-17T06:00:00+02:00,-1.53
2023-08-17T12:00:00+02:00,-1.53
2023-08-17T18:00:00+02:00,-1.52
2023-08-18T00:00:00+02:00,-1.52
2023-08-18T06:00:00+02:00,-1.52
2023-08-18T12:00:00+02:00,-1.52
2023-08-18T18:00:00+02:00,-1.52
2023-08-19T00:00:00+02:00,-1.52
2023-08-19T06:00:00+02:00,-1.52
2023-08-19T12:00:00+02:00,-1.53
2023-08-19T18:00:00+02:00,-1.54
2023-08-20T00:00:00+02:00,-1.54
2023-08-20T06:00:00+02:00,-1.54
2023-08-20T12:00:00+02:00,-1.55
2023-08-20T18:00:00+02:00,-1.55
2023-08-21T00:00:00+02:00,-1.56
2023-08-21T06:00:00+02:00,-1.56
2023-08-21T12:00:00+02:00,-1.55
2023-08-21T18:00:00+02:00,-1.55
2023-08-22T00:00:00+02:00,-1.55
2023-08-22T06:00:00+02:00,-1.55
2023-08-22T12:00:00+02:00,-1.56
2023-08-22T18:00:00+02:00,-1.56
2023-08-23T00:00:00+02:00,-1.56
2023-08-23T06:00:00+02:00,-1.56
2023-08-23T12:00:00+02:00,-1.56
2023-08-23T18:00:00+02:00,-1.57
2023-08-24T00:00:00+02:00,-1.57
2023-08-24T06:00:00+02:00,-1.57
2023-08-24T12:00:00+02:00,-1.56
2023-08-24T18:00:00+02:00,-1.54
2023-08-25T00:00:00+02:00,-1.53
2023-08-25T06:00:00+02:00,-1.53
2023-08-25T12:00:00+02:00,-1.53
2023-08-25T18:00:00+02:00,-1.53
2023-08-26T00:00:00+02:00,-1.53
2023-08-26T06:00:00+02:00,-1.53
2023-08-26T12:00:00+02:00,-1.53
2023-08-26T18:00:00+02:00,-1.53
2023-08-27T00:00:00+02:00,-1.53
2023-08-27T06:00:00+02:00,-1.53
2023-08-27T12:00:00+02:00,-1.53
2023-08-27T18:00:00+02:00,-1.53
2023-08-28T00:00:00+02:00,-1.53
2023-08-28T06:00:00+02:00,-1.54
2023-08-28T12:00:00+02:00,-1.54
2023-08-28T18:00:00+02:00,-1.54
2023-08-29T00:00:00+02:00,-1.54
2023-08-29T06:00:00+02:00,-1.54
2023-08-29T12:00:00+02:00,-1.54
2023-08-29T18:00:00+02:00,-1.54
2023-08-30T00:00:00+02:00,-1.53
2023-08-30T06:00:00+02:00,-1.53
2023-08-30T12:00:00+02:00,-1.53
2023-08-30T18:00:00+02:00,-1.53
2023-08-31T00:00:00+02:00,-1.52
2023-08-31T06:00:00+02:00,-1.53
2023-08-31T12:00:00+02:00,-1.53
2023-08-31T18:00:00+02:00,-1.54
2023-09-01T00:00:00+02:00,-1.54
2023-09-01T06:00:00+02:00,-1.54
2023-09-01T12:00:00+02:00,-1.55
2023-09-01T18:00:00+02:00,-1.56
2023-09-02T00:00:00+02:00,-1.56
2023-09-02T06:00:00+02:00,-1.57
2023-09-02T12:00:00+02:00,-1.58
2023-09-02T18:00:00+02:00,-1.58
2023-09-03T00:00:00+02:00,-1.58
2023-09-03T06:00:00+02:00,-1.58
2023-09-03T12:00:00+02:00,-1.58
2023-09-03T18:00:00+02:00,-1.58
2023-09-04T00:00:00+02:00,-1.59
2023-09-04T06:00:00+02:00,-1.58
2023-09-04T12:00:00+02:00,-1.57
2023-09-04T18:00:00+02:00,-1.57
2023-09-05T00:00:00+02:00,-1.57
2023-09-05T06:00:00+02:00,-1.57
2023-09-05T12:00:00+02:00,-1.57
2023-09-05T18:00:00+02:00,-1.57
2023-09-06T00:00:00+02:00,-1.57
2023-09-06T06:00:00+02:00,-1.58
2023-09-06T12:00:00+02:00,-1.57
2023-09-06T18:00:00+02:00,-1.58
2023-09-07T00:00:00+02:00,-1.58
2023-09-07T06:00:00+02:00,-1.59
2023-09-07T12:00:00+02:00,-1.58
2023-09-07T18:00:00+02:00,-1.58
2023-09-08T00:00:00+02:00,-1.58
2023-09-08T06:00:00+02:00,-1.58
2023-09-08T12:00:00+02:00,-1.58
2023-09-08T18:00:00+02:00,-1.58
2023-09-09T00:00:00+02:00,-1.58
2023-09-09T06:00:00+02:00,-1.59
2023-09-09T12:00:00+02:00,-1.59
2023-09-09T18:00:00+02:00,-1.59
2023-09-10T00:00:00+02:00,-1.59
2023-09-10T06:00:00+02:00,-1.6
2023-09-10T12:00:00+02:00,-1.59
2023-09-10T18:00:00+02:00,-1.59
2023-09-11T00:00:00+02:00,-1.59
2023-09-11T06:00:00+02:00,-1.59
2023-09-11T12:00:00+02:00,-1.59
2023-09-11T18:00:00+02:00,-1.59
2023-09-12T00:00:00+02:00,-1.59
2023-09-12T06:00:00+02:00,-1.59
2023-09-12T12:00:00+02:00,-1.59
2023-09-12T18:00:00+02:00,-1.6
2023-09-13T00:00:00+02:00,-1.6
2023-09-13T06:00:00+02:00,-1.59
2023-09-13T12:00:00+02:00,-1.58
2023-09-13T18:00:00+02:00,-1.57
2023-09-14T00:00:00+02:00,-1.56
2023-09-14T06:00:00+02:00,-1.56
2023-09-14T12:00:00+02:00,-1.55
2023-09-14T18:00:00+02:00,-1.55
2023-09-15T00:00:00+02:00,-1.55
2023-09-15T06:00:00+02:00,-1.55
2023-09-15T12:00:00+02:00,-1.54
2023-09-15T18:00:00+02:00,-1.54
2023-09-16T00:00:00+02:00,-1.54
2023-09-16T06:00:00+02:00,-1.55
2023-09-16T12:00:00+02:00,-1.55
2023-09-16T18:00:00+02:00,-1.56
2023-09-17T00:00:00+02:00,-1.56
2023-09-17T06:00:00+02:00,-1.56
2023-09-17T12:00:00+02:00,-1.54
2023-09-17T18:00:00+02:00,-1.54
2023-09-18T00:00:00+02:00,-1.53
2023-09-18T06:00:00+02:00,-1.52
2023-09-18T12:00:00+02:00,-1.52
2023-09-18T18:00:00+02:00,-1.5
2023-09-19T00:00:00+02:00,-1.49
2023-09-19T06:00:00+02:00,-1.49
2023-09-19T12:00:00+02:00,-1.48
2023-09-19T18:00:00+02:00,-1.48
2023-09-20T00:00:00+02:00,-1.46
2023-09-20T06:00:00+02:00,-1.45
2023-09-20T12:00:00+02:00,-1.46
2023-09-20T18:00:00+02:00,-1.45
2023-09-21T00:00:00+02:00,-1.44
2023-09-21T06:00:00+02:00,-1.45
2023-09-21T12:00:00+02:00,-1.45
2023-09-21T18:00:00+02:00,-1.43
2023-09-22T00:00:00+02:00,-1.42
2023-09-22T06:00:00+02:00,-1.41
2023-09-22T12:00:00+02:00,-1.41
2023-09-22T18:00:00+02:00,-1.41
2023-09-23T00:00:00+02:00,-1.42
2023-09-23T06:00:00+02:00,-1.43
2023-09-23T12:00:00+02:00,-1.43
2023-09-23T18:00:00+02:00,-1.44
2023-09-24T00:00:00+02:00,-1.45
2023-09-24T06:00:00+02:00,-1.45
2023-09-24T12:00:00+02:00,-1.45
2023-09-24T18:00:00+02:00,-1.46
2023-09-25T00:00:00+02:00,-1.46
2023-09-25T06:00:00+02:00,-1.46
2023-09-25T12:00:00+02:00,-1.47
2023-09-25T18:00:00+02:00,-1.47
2023-09-26T00:00:00+02:00,-1.47
2023-09-26T06:00:00+02:00,-1.48
2023-09-26T12:00:00+02:00,-1.47
2023-09-26T18:00:00+02:00,-1.48
2023-09-27T00:00:00+02:00,-1.48
2023-09-27T06:00:00+02:00,-1.48
2023-09-27T12:00:00+02:00,-1.48
2023-09-27T18:00:00+02:00,-1.48
2023-09-28T00:00:00+02:00,-1.47
2023-09-28T06:00:00+02:00,-1.49
2023-09-28T12:00:00+02:00,-1.49
2023-09-28T18:00:00+02:00,-1.49
2023-09-29T00:00:00+02:00,-1.49
2023-09-29T06:00:00+02:00,-1.49
2023-09-29T12:00:00+02:00,-1.5
2023-09-29T18:00:00+02:00,-1.51
2023-09-30T00:00:00+02:00,-1.51
2023-09-30T06:00:00+02:00,-1.51
2023-09-30T12:00:00+02:00,-1.51
2023-09-30T18:00:00+02:00,-1.52
2023-10-01T00:00:00+02:00,-1.51
2023-10-01T06:00:00+02:00,-1.51
2023-10-01T12:00:00+02:00,-1.51
2023-10-01T18:00:00+02:00,-1.51
2023-10-02T00:00:00+02:00,-1.51
2023-10-02T06:00:00+02:00,-1.52
2023-10-02T12:00:00+02:00,-1.51
2023-10-02T18:00:00+02:00,-1.52
2023-10-03T00:00:00+02:00,-1.5
2023-10-03T06:00:00+02:00,-1.49
2023-10-03T12:00:00+02:00,-1.52
2023-10-03T18:00:00+02:00,-1.53
2023-10-04T00:00:00+02:00,-1.53
2023-10-04T06:00:00+02:00,-1.54
2023-10-04T12:00:00+02:00,-1.53
2023-10-04T18:00:00+02:00,-1.53
2023-10-05T00:00:00+02:00,-1.53
2023-10-05T06:00:00+02:00,-1.53
2023-10-05T12:00:00+02:00,-1.54
2023-10-05T18:00:00+02:00,-1.54
2023-10-06T00:00:00+02:00,-1.54
2023-10-06T06:00:00+02:00,-1.53
2023-10-06T12:00:00+02:00,-1.53
2023-10-06T18:00:00+02:00,-1.53
2023-10-07T00:00:00+02:00,-1.53
2023-10-07T06:00:00+02:00,-1.53
2023-10-07T12:00:00+02:00,-1.54
2023-10-07T18:00:00+02:00,-1.54
2023-10-08T00:00:00+02:00,-1.57
2023-10-08T06:00:00+02:00,-1.57
2023-10-08T12:00:00+02:00,-1.56
2023-10-08T18:00:00+02:00,-1.56
2023-10-09T00:00:00+02:00,-1.54
2023-10-09T06:00:00+02:00,-1.54
2023-10-09T12:00:00+02:00,-1.55
2023-10-09T18:00:00+02:00,-1.56
2023-10-10T00:00:00+02:00,-1.56
2023-10-10T06:00:00+02:00,-1.55
2023-10-10T12:00:00+02:00,-1.55
2023-10-10T18:00:00+02:00,-1.54
2023-10-11T00:00:00+02:00,-1.54
2023-10-11T06:00:00+02:00,-1.54
2023-10-11T12:00:00+02:00,-1.54
2023-10-11T18:00:00+02:00,-1.54
2023-10-12T00:00:00+02:00,-1.54
2023-10-12T06:00:00+02:00,-1.54
2023-10-12T12:00:00+02:00,-1.54
2023-10-12T18:00:00+02:00,-1.53
2023-10-13T00:00:00+02:00,-1.52
2023-10-13T06:00:00+02:00,-1.49
2023-10-13T12:00:00+02:00,-1.48
2023-10-13T18:00:00+02:00,-1.47
2023-10-14T00:00:00+02:00,-1.47
2023-10-14T06:00:00+02:00,-1.48
2023-10-14T12:00:00+02:00,-1.48
2023-10-14T18:00:00+02:00,-1.49
2023-10-15T00:00:00+02:00,-1.48
2023-10-15T06:00:00+02:00,-1.48
2023-10-15T12:00:00+02:00,-1.49
2023-10-15T18:00:00+02:00,-1.49
2023-10-16T00:00:00+02:00,-1.49
2023-10-16T06:00:00+02:00,-1.48
2023-10-16T12:00:00+02:00,-1.49
2023-10-16T18:00:00+02:00,-1.49
2023-10-17T00:00:00+02:00,-1.49
2023-10-17T06:00:00+02:00,-1.49
2023-10-17T12:00:00+02:00,-1.49
2023-10-17T18:00:00+02:00,-1.49
2023-10-18T00:00:00+02:00,-1.48
2023-10-18T06:00:00+02:00,-1.48
2023-10-18T12:00:00+02:00,-1.46
2023-10-18T18:00:00+02:00,-1.46
2023-10-19T00:00:00+02:00,-1.45
2023-10-19T06:00:00+02:00,-1.43
2023-10-19T12:00:00+02:00,-1.42
2023-10-19T18:00:00+02:00,-1.41
2023-10-20T00:00:00+02:00,-1.4
2023-10-20T06:00:00+02:00,-1.39
2023-10-20T12:00:00+02:00,-1.37
2023-10-20T18:00:00+02:00,-1.35
2023-10-21T00:00:00+02:00,-1.33
2023-10-21T06:00:00+02:00,-1.33
2023-10-21T12:00:00+02:00,-1.33
2023-10-21T18:00:00+02:00,-1.33
2023-10-22T00:00:00+02:00,-1.33
2023-10-22T06:00:00+02:00,-1.33
2023-10-22T12:00:00+02:00,-1.33
2023-10-22T18:00:00+02:00,-1.34
2023-10-23T00:00:00+02:00,-1.35
2023-10-23T06:00:00+02:00,-1.35
2023-10-23T12:00:00+02:00,-1.35
2023-10-23T18:00:00+02:00,-1.34
2023-10-24T00:00:00+02:00,-1.34
2023-10-24T06:00:00+02:00,-1.33
2023-10-24T12:00:00+02:00,-1.32
2023-10-24T18:00:00+02:00,-1.32
2023-10-25T00:00:00+02:00,-1.31
2023-10-25T06:00:00+02:00,-1.31
2023-10-25T12:00:00+02:00,-1.31
2023-10-25T18:00:00+02:00,-1.31
2023-10-26T00:00:00+02:00,-1.31
2023-10-26T06:00:00+02:00,-1.31
2023-10-26T12:00:00+02:00,-1.31
2023-10-26T18:00:00+02:00,-1.31
2023-10-27T00:00:00+02:00,-1.31
2023-10-27T06:00:00+02:00,-1.31
2023-10-27T12:00:00+02:00,-1.32
2023-10-27T18:00:00+02:00,-1.33
2023-10-28T00:00:00+02:00,-1.33
2023-10-28T06:00:00+02:00,-1.33
2023-10-28T12:00:00+02:00,-1.33
2023-10-28T18:00:00+02:00,-1.33
2023-10-29T00:00:00+02:00,-1.31
2023-10-29T06:00:00+01:00,-1.3
2023-10-29T12:00:00+01:00,-1.31
2023-10-29T18:00:00+01:00,-1.31
2023-10-30T00:00:00+01:00,-1.31
2023-10-30T06:00:00+01:00,-1.3
2023-10-30T12:00:00+01:00,-1.3
2023-10-30T18:00:00+01:00,-1.3
2023-10-31T00:00:00+01:00,-1.29
2023-10-31T06:00:00+01:00,-1.27
2023-10-31T12:00:00+01:00,-1.28
2023-10-31T18:00:00+01:00,-1.28
2023-11-01T00:00:00+01:00,-1.27
2023-11-01T06:00:00+01:00,-1.26
2023-11-01T12:00:00+01:00,-1.26
2023-11-01T18:00:00+01:00,-1.26
2023-11-02T00:00:00+01:00,-1.25
2023-11-02T06:00:00+01:00,-1.23
2023-11-02T12:00:00+01:00,-1.22
2023-11-02T18:00:00+01:00,-1.24
2023-11-03T00:00:00+01:00,-1.24
2023-11-03T06:00:00+01:00,-1.23
2023-11-03T12:00:00+01:00,-1.24
2023-11-03T18:00:00+01:00,-1.23
2023-11-04T00:00:00+01:00,-1.23
2023-11-04T06:00:00+01:00,-1.22
2023-11-04T12:00:00+01:00,-1.21
2023-11-04T18:00:00+01:00,-1.21
2023-11-05T00:00:00+01:00,-1.21
2023-11-05T06:00:00+01:00,-1.22
2023-11-05T12:00:00+01:00,-1.23
2023-11-05T18:00:00+01:00,-1.25
2023-11-06T00:00:00+01:00,-1.26
2023-11-06T06:00:00+01:00,-1.26
2023-11-06T12:00:00+01:00,-1.25
2023-11-06T18:00:00+01:00,-1.25
2023-11-07T00:00:00+01:00,-1.25
2023-11-07T06:00:00+01:00,-1.25
2023-11-07T12:00:00+01:00,-1.25
2023-11-07T18:00:00+01:00,-1.26
2023-11-08T00:00:00+01:00,-1.25
2023-11-08T06:00:00+01:00,-1.24
2023-11-08T12:00:00+01:00,-1.24
2023-11-08T18:00:00+01:00,-1.22
2023-11-09T00:00:00+01:00,-1.22
2023-11-09T06:00:00+01:00,-1.21
2023-11-09T12:00:00+01:00,-1.21
2023-11-09T18:00:00+01:00,-1.2
2023-11-10T00:00:00+01:00,-1.19
2023-11-10T06:00:00+01:00,-1.19
2023-11-10T12:00:00+01:00,-1.18
2023-11-10T18:00:00+01:00,-1.18
2023-11-11T00:00:00+01:00,-1.19
2023-11-11T06:00:00+01:00,-1.19
2023-11-11T12:00:00+01:00,-1.19
2023-11-11T18:00:00+01:00,-1.2
2023-11-12T00:00:00+01:00,-1.21
2023-11-12T06:00:00+01:00,-1.21
2023-11-12T12:00:00+01:00,-1.22
2023-11-12T18:00:00+01:00,-1.23
2023-11-13T00:00:00+01:00,-1.23
2023-11-13T06:00:00+01:00,-1.23
2023-11-13T12:00:00+01:00,-1.19
2023-11-13T18:00:00+01:00,-1.21
2023-11-14T00:00:00+01:00,-1.2
2023-11-14T06:00:00+01:00,-1.21
2023-11-14T12:00:00+01:00,-1.22
2023-11-14T18:00:00+01:00,-1.23
2023-11-15T00:00:00+01:00,-1.24
2023-11-15T06:00:00+01:00,-1.24
2023-11-15T12:00:00+01:00,-1.23
2023-11-15T18:00:00+01:00,-1.22
2023-11-16T00:00:00+01:00,-1.23
2023-11-16T06:00:00+01:00,-1.23
2023-11-16T12:00:00+01:00,-1.23
2023-11-16T18:00:00+01:00,-1.24
2023-11-17T00:00:00+01:00,-1.25
2023-11-17T06:00:00+01:00,-1.25
2023-11-17T12:00:00+01:00,-1.26
2023-11-17T18:00:00+01:00,-1.27
2023-11-18T00:00:00+01:00,-1.28
2023-11-18T06:00:00+01:00,-1.27
2023-11-18T12:00:00+01:00,-1.26
2023-11-18T18:00:00+01:00,-1.24
2023-11-19T00:00:00+01:00,-1.22
2023-11-19T06:00:00+01:00,-1.22
2023-11-19T12:00:00+01:00,-1.22
2023-11-19T18:00:00+01:00,-1.22
2023-11-20T00:00:00+01:00,-1.21
2023-11-20T06:00:00+01:00,-1.2
2023-11-20T12:00:00+01:00,-1.2
2023-11-20T18:00:00+01:00,-1.21
2023-12-01T00:00:00+01:00,-1.24
2023-12-01T06:00:00+01:00,-1.24
2023-12-01T12:00:00+01:00,-1.25
2023-12-01T18:00:00+01:00,-1.25
2023-12-02T00:00:00+01:00,-1.26
2023-12-02T06:00:00+01:00,-1.26
2023-12-02T12:00:00+01:00,-1.27
2023-12-02T18:00:00+01:00,-1.28
2023-12-03T00:00:00+01:00,-1.29
2023-12-03T06:00:00+01:00,-1.29
2023-12-03T12:00:00+01:00,-1.3
2023-12-03T18:00:00+01:00,-1.3
2023-12-04T00:00:00+01:00,-1.3
2023-12-04T06:00:00+01:00,-1.29
2023-12-04T12:00:00+01:00,-1.29
2023-12-04T18:00:00+01:00,-1.29
2023-12-05T00:00:00+01:00,-1.29
2023-12-05T06:00:00+01:00,-1.3
2023-12-05T12:00:00+01:00,-1.3
2023-12-05T18:00:00+01:00,-1.31
2023-12-06T00:00:00+01:00,-1.31
2023-12-06T06:00:00+01:00,-1.31
2023-12-06T12:00:00+01:00,-1.32
2023-12-06T18:00:00+01:00,-1.32
2023-12-07T00:00:00+01:00,-1.33
2023-12-07T06:00:00+01:00,-1.33
2023-12-07T12:00:00+01:00,-1.33
2023-12-07T18:00:00+01:00,-1.33
2023-12-08T00:00:00+01:00,-1.32
2023-12-08T06:00:00+01:00,-1.32
2023-12-08T12:00:00+01:00,-1.33
2023-12-08T18:00:00+01:00,-1.33
2023-12-09T00:00:00+01:00,-1.33
2023-12-09T06:00:00+01:00,-1.33
2023-12-09T12:00:00+01:00,-1.31
2023-12-09T18:00:00+01:00,-1.29
2023-12-10T00:00:00+01:00,-1.28
2023-12-10T06:00:00+01:00,-1.27
2023-12-10T12:00:00+01:00,-1.27
2023-12-10T18:00:00+01:00,-1.25
2023-12-11T00:00:00+01:00,-1.23
2023-12-11T06:00:00+01:00,-1.22
2023-12-11T12:00:00+01:00,-1.23
2023-12-11T18:00:00+01:00,-1.24
2023-12-12T00:00:00+01:00,-1.24
2023-12-12T06:00:00+01:00,-1.24
2023-12-12T12:00:00+01:00,-1.24
2023-12-12T18:00:00+01:00,-1.23
2023-12-13T00:00:00+01:00,-1.22
2023-12-13T06:00:00+01:00,-1.22
2023-12-13T12:00:00+01:00,-1.23
2023-12-13T18:00:00+01:00,-1.25
2023-12-14T00:00:00+01:00,-1.26
2023-12-14T06:00:00+01:00,-1.27
2023-12-15T18:00:00+01:00,-1.3
2023-12-16T00:00:00+01:00,-1.31
2023-12-16T06:00:00+01:00,-1.31
2023-12-16T12:00:00+01:00,-1.31
2023-12-16T18:00:00+01:00,-1.32
2023-12-17T00:00:00+01:00,-1.32
2023-12-17T06:00:00+01:00,-1.32
2023-12-17T12:00:00+01:00,-1.32
2023-12-17T18:00:00+01:00,-1.32
2023-12-18T00:00:00+01:00,-1.33
2023-12-18T06:00:00+01:00,-1.33
2023-12-18T12:00:00+01:00,-1.33
2023-12-18T18:00:00+01:00,-1.33
2023-12-19T00:00:00+01:00,-1.33
2023-12-19T06:00:00+01:00,-1.32
2023-12-19T12:00:00+01:00,-1.3
2023-12-19T18:00:00+01:00,-1.27
2023-12-20T00:00:00+01:00,-1.24
2023-12-20T06:00:00+01:00,-1.23
2023-12-20T12:00:00+01:00,-1.23
2023-12-20T18:00:00+01:00,-1.21
2023-12-21T00:00:00+01:00,-1.2
2023-12-21T06:00:00+01:00,-1.17
2023-12-21T12:00:00+01:00,-1.16
2023-12-21T18:00:00+01:00,-1.19
2023-12-22T00:00:00+01:00,-1.19
2023-12-22T06:00:00+01:00,-1.2
2023-12-22T12:00:00+01:00,-1.18
2023-12-22T18:00:00+01:00,-1.19
2023-12-23T00:00:00+01:00,-1.19
2023-12-23T06:00:00+01:00,-1.16
2023-12-23T12:00:00+01:00,-1.17
2023-12-23T18:00:00+01:00,-1.17
2023-12-24T00:00:00+01:00,-1.17
2023-12-24T06:00:00+01:00,-1.17
2023-12-24T12:00:00+01:00,-1.17
2023-12-24T18:00:00+01:00,-1.17
2023-12-25T00:00:00+01:00,-1.17
2023-12-25T06:00:00+01:00,-1.19
2023-12-25T12:00:00+01:00,-1.19
2023-12-25T18:00:00+01:00,-1.19
2023-12-26T00:00:00+01:00,-1.19
2023-12-26T06:00:00+01:00,-1.19
2023-12-26T12:00:00+01:00,-1.2
2023-12-26T18:00:00+01:00,-1.22
2023-12-27T00:00:00+01:00,-1.23
2023-12-27T06:00:00+01:00,-1.22
2023-12-27T12:00:00+01:00,-1.21
2023-12-27T18:00:00+01:00,-1.19
2023-12-28T00:00:00+01:00,-1.21
2023-12-28T06:00:00+01:00,-1.2
2023-12-28T12:00:00+01:00,-1.21
2023-12-28T18:00:00+01:00,-1.21
2023-12-29T00:00:00+01:00,-1.22
2023-12-29T06:00:00+01:00,-1.22
2023-12-29T12:00:00+01:00,-1.23
2023-12-29T18:00:00+01:00,-1.23
2023-12-30T00:00:00+01:00,-1.24
2023-12-30T06:00:00+01:00,-1.25
2023-12-30T12:00:00+01:00,-1.25
2023-12-30T18:00:00+01:00,-1.25
2023-12-31T00:00:00+01:00,-1.25
2023-12-31T06:00:00+01:00,-1.24
2023-12-31T12:00:00+01:00,-1.24
2023-12-31T18:00:00+01:00,-1.25
2024-01-01T00:00:00+01:00,-1.25
2024-01-01T06:00:00+01:00,-1.24
2024-01-01T12:00:00+01:00,-1.23
2024-01-01T18:00:00+01:00,-1.23
2024-01-02T00:00:00+01:00,-1.21
2024-01-02T06:00:00+01:00,-1.19
2024-01-02T12:00:00+01:00,-1.17
2024-01-02T18:00:00+01:00,-1.14
2024-01-03T00:00:00+01:00,-1.12
2024-01-03T06:00:00+01:00,-1.13
2024-01-03T12:00:00+01:00,-1.14
2024-01-03T18:00:00+01:00,-1.14
2024-01-04T00:00:00+01:00,-1.16
2024-01-04T06:00:00+01:00,-1.18
2024-01-04T12:00:00+01:00,-1.18
2024-01-04T18:00:00+01:00,-1.19
2024-01-05T00:00:00+01:00,-1.19
2024-01-05T06:00:00+01:00,-1.18
2024-01-05T12:00:00+01:00,-1.17
2024-01-05T18:00:00+01:00,-1.18
2024-01-06T00:00:00+01:00,-1.19
2024-01-06T06:00:00+01:00,-1.2
2024-01-06T12:00:00+01:00,-1.21
2024-01-06T18:00:00+01:00,-1.22
2024-01-07T00:00:00+01:00,-1.23
2024-01-07T06:00:00+01:00,-1.24
2024-01-07T12:00:00+01:00,-1.25
2024-01-07T18:00:00+01:00,-1.26
2024-01-08T00:00:00+01:00,-1.26
2024-01-08T06:00:00+01:00,-1.27
2024-01-08T12:00:00+01:00,-1.28
2024-01-08T18:00:00+01:00,-1.29
2024-01-09T00:00:00+01:00,-1.3
2024-01-09T06:00:00+01:00,-1.31
2024-01-09T12:00:00+01:00,-1.31
2024-01-09T18:00:00+01:00,-1.32
2024-01-10T00:00:00+01:00,-1.32
2024-01-10T06:00:00+01:00,-1.33
2024-01-10T12:00:00+01:00,-1.34
2024-01-10T18:00:00+01:00,-1.35
2024-01-11T00:00:00+01:00,-1.35
2024-01-11T06:00:00+01:00,-1.36
2024-01-11T12:00:00+01:00,-1.36
2024-01-11T18:00:00+01:00,-1.37
2024-01-12T00:00:00+01:00,-1.38
2024-01-12T06:00:00+01:00,-1.38
2024-01-12T12:00:00+01:00,-1.38
2024-01-12T18:00:00+01:00,-1.38
2024-01-13T00:00:00+01:00,-1.38
2024-01-13T06:00:00+01:00,-1.36
2024-01-13T12:00:00+01:00,-1.36
2024-01-13T18:00:00+01:00,-1.35
2024-01-14T00:00:00+01:00,-1.34
2024-01-14T06:00:00+01:00,-1.33
2024-01-14T12:00:00+01:00,-1.32
2024-01-14T18:00:00+01:00,-1.31
2024-01-15T00:00:00+01:00,-1.3
2024-01-15T06:00:00+01:00,-1.3
2024-01-15T12:00:00+01:00,-1.3
2024-01-15T18:00:00+01:00,-1.3
2024-01-16T00:00:00+01:00,-1.3
2024-01-16T06:00:00+01:00,-1.3
2024-01-16T12:00:00+01:00,-1.29
2024-01-16T18:00:00+01:00,-1.29
2024-01-17T00:00:00+01:00,-1.27
2024-01-17T06:00:00+01:00,-1.26
2024-01-17T12:00:00+01:00,-1.27
2024-01-17T18:00:00+01:00,-1.27
2024-01-18T00:00:00+01:00,-1.29
2024-01-18T06:00:00+01:00,-1.29
2024-01-18T12:00:00+01:00,-1.31
2024-01-18T18:00:00+01:00,-1.33
2024-01-19T00:00:00+01:00,-1.33
2024-01-19T06:00:00+01:00,-1.34
2024-01-19T12:00:00+01:00,-1.35
2024-01-19T18:00:00+01:00,-1.36
2024-01-20T00:00:00+01:00,-1.36
2024-01-20T06:00:00+01:00,-1.36
2024-01-20T12:00:00+01:00,-1.37
2024-01-20T18:00:00+01:00,-1.37
2024-01-21T00:00:00+01:00,-1.36
2024-01-21T06:00:00+01:00,-1.35
2024-01-21T12:00:00+01:00,-1.36
2024-01-21T18:00:00+01:00,-1.35
2024-01-22T00:00:00+01:00,-1.32
2024-01-22T06:00:00+01:00,-1.32
2024-01-22T12:00:00+01:00,-1.33
2024-01-22T18:00:00+01:00,-1.33
2024-01-23T00:00:00+01:00,-1.33
2024-01-23T06:00:00+01:00,-1.34
2024-01-23T12:00:00+01:00,-1.33
2024-01-23T18:00:00+01:00,-1.31
2024-01-24T00:00:00+01:00,-1.3
2024-01-24T06:00:00+01:00,-1.3
2024-01-24T12:00:00+01:00,-1.31
2024-01-24T18:00:00+01:00,-1.32
2024-01-25T00:00:00+01:00,-1.32
2024-01-25T06:00:00+01:00,-1.33
2024-01-25T12:00:00+01:00,-1.33
2024-01-25T18:00:00+01:00,-1.32
2024-01-26T00:00:00+01:00,-1.32
2024-01-26T06:00:00+01:00,-1.31
2024-01-26T12:00:00+01:00,-1.33
2024-01-26T18:00:00+01:00,-1.34
2024-01-27T00:00:00+01:00,-1.34
2024-01-27T06:00:00+01:00,-1.33
2024-01-27T12:00:00+01:00,-1.33
2024-01-27T18:00:00+01:00,-1.33
2024-01-28T00:00:00+01:00,-1.34
2024-01-28T06:00:00+01:00,-1.33
2024-01-28T12:00:00+01:00,-1.33
2024-01-28T18:00:00+01:00,-1.33
2024-01-29T00:00:00+01:00,-1.34
2024-01-29T06:00:00+01:00,-1.35
2024-01-29T12:00:00+01:00,-1.35
2024-01-29T18:00:00+01:00,-1.36
2024-01-30T00:00:00+01:00,-1.36
2024-01-30T06:00:00+01:00,-1.36
2024-01-30T12:00:00+01:00,-1.36
2024-01-30T18:00:00+01:00,-1.38
2024-01-31T00:00:00+01:00,-1.39
2024-01-31T06:00:00+01:00,-1.39
2024-01-31T12:00:00+01:00,-1.38
2024-01-31T18:00:00+01:00,-1.37
2024-02-01T00:00:00+01:00,-1.37
2024-02-01T06:00:00+01:00,-1.39
2024-02-01T12:00:00+01:00,-1.39
2024-02-01T18:00:00+01:00,-1.39
2024-02-02T00:00:00+01:00,-1.38
2024-02-02T06:00:00+01:00,-1.38
2024-02-02T12:00:00+01:00,-1.37
2024-02-02T18:00:00+01:00,-1.38
2024-02-03T00:00:00+01:00,-1.38
2024-02-03T06:00:00+01:00,-1.39
2024-02-03T12:00:00+01:00,-1.39
2024-02-03T18:00:00+01:00,-1.4
2024-02-04T00:00:00+01:00,-1.39
2024-02-04T06:00:00+01:00,-1.39
2024-02-04T12:00:00+01:00,-1.39
2024-02-04T18:00:00+01:00,-1.38
2024-02-05T00:00:00+01:00,-1.4
2024-02-05T06:00:00+01:00,-1.4
2024-02-05T12:00:00+01:00,-1.4
2024-02-05T18:00:00+01:00,-1.4
2024-02-06T00:00:00+01:00,-1.4
2024-02-06T06:00:00+01:00,-1.39
2024-02-06T12:00:00+01:00,-1.39
2024-02-06T18:00:00+01:00,-1.39
2024-02-07T00:00:00+01:00,-1.39
2024-02-07T06:00:00+01:00,-1.4
2024-02-07T12:00:00+01:00,-1.39
2024-02-07T18:00:00+01:00,-1.39
2024-02-08T00:00:00+01:00,-1.38
2024-02-08T06:00:00+01:00,-1.38
2024-02-08T12:00:00+01:00,-1.37
2024-02-08T18:00:00+01:00,-1.36
2024-02-09T00:00:00+01:00,-1.34
2024-02-09T06:00:00+01:00,-1.31
2024-02-09T12:00:00+01:00,-1.29
2024-02-09T18:00:00+01:00,-1.28
2024-02-10T00:00:00+01:00,-1.27
2024-02-10T06:00:00+01:00,-1.27
2024-02-10T12:00:00+01:00,-1.27
2024-02-10T18:00:00+01:00,-1.27
2024-02-11T00:00:00+01:00,-1.27
2024-02-11T06:00:00+01:00,-1.27
2024-02-11T12:00:00+01:00,-1.27
2024-02-11T18:00:00+01:00,-1.29
2024-02-12T00:00:00+01:00,-1.29
2024-02-12T06:00:00+01:00,-1.29
2024-02-12T12:00:00+01:00,-1.31
2024-02-12T18:00:00+01:00,-1.32
2024-02-13T00:00:00+01:00,-1.32
2024-02-13T06:00:00+01:00,-1.32
2024-02-13T12:00:00+01:00,-1.33
2024-02-13T18:00:00+01:00,-1.33
2024-02-14T00:00:00+01:00,-1.33
2024-02-14T06:00:00+01:00,-1.32
2024-02-14T12:00:00+01:00,-1.31
2024-02-14T18:00:00+01:00,-1.31
2024-02-15T00:00:00+01:00,-1.3
2024-02-15T06:00:00+01:00,-1.3
2024-02-15T12:00:00+01:00,-1.3
2024-02-15T18:00:00+01:00,-1.3
2024-02-16T00:00:00+01:00,-1.29
2024-02-16T06:00:00+01:00,-1.29
2024-02-16T12:00:00+01:00,-1.31
2024-02-16T18:00:00+01:00,-1.32
2024-02-17T00:00:00+01:00,-1.33
2024-02-17T06:00:00+01:00,-1.34
2024-02-17T12:00:00+01:00,-1.35
2024-02-17T18:00:00+01:00,-1.35
2024-02-18T00:00:00+01:00,-1.34
2024-02-18T06:00:00+01:00,-1.33
2024-02-18T12:00:00+01:00,-1.32
2024-02-18T18:00:00+01:00,-1.3
2024-02-19T00:00:00+01:00,-1.29
2024-02-19T06:00:00+01:00,-1.27
2024-02-19T12:00:00+01:00,-1.26
2024-02-19T18:00:00+01:00,-1.26
2024-02-20T00:00:00+01:00,-1.27
2024-02-20T06:00:00+01:00,-1.26
2024-02-20T12:00:00+01:00,-1.25
2024-02-20T18:00:00+01:00,-1.26
2024-02-21T00:00:00+01:00,-1.26
2024-02-21T06:00:00+01:00,-1.26
2024-02-21T12:00:00+01:00,-1.25
2024-02-21T18:00:00+01:00,-1.24
2024-02-22T00:00:00+01:00,-1.23
2024-02-22T06:00:00+01:00,-1.22
2024-02-22T12:00:00+01:00,-1.2
2024-02-22T18:00:00+01:00,-1.17
2024-02-23T00:00:00+01:00,-1.21
2024-02-23T06:00:00+01:00,-1.21
2024-02-23T12:00:00+01:00,-1.21
2024-02-23T18:00:00+01:00,-1.23
2024-02-24T00:00:00+01:00,-1.23
2024-02-24T06:00:00+01:00,-1.23
2024-02-24T12:00:00+01:00,-1.23
2024-02-24T18:00:00+01:00,-1.24
2024-02-25T00:00:00+01:00,-1.24
2024-02-25T06:00:00+01:00,-1.23
2024-02-25T12:00:00+01:00,-1.22
2024-02-25T18:00:00+01:00,-1.23
2024-02-26T00:00:00+01:00,-1.23
2024-02-26T06:00:00+01:00,-1.24
2024-02-26T12:00:00+01:00,-1.25
2024-02-26T18:00:00+01:00,-1.26
2024-02-27T00:00:00+01:00,-1.27
2024-02-27T06:00:00+01:00,-1.27
2024-02-27T12:00:00+01:00,-1.27
2024-02-27T18:00:00+01:00,-1.3
2024-02-28T00:00:00+01:00,-1.28
2024-02-28T06:00:00+01:00,-1.29
2024-02-28T12:00:00+01:00,-1.29
2024-02-28T18:00:00+01:00,-1.29
2024-02-29T00:00:00+01:00,-1.28
2024-02-29T06:00:00+01:00,-1.28
2024-02-29T12:00:00+01:00,-1.29
2024-02-29T18:00:00+01:00,-1.29
2024-03-01T00:00:00+01:00,-1.28
2024-03-01T06:00:00+01:00,-1.27
2024-03-01T12:00:00+01:00,-1.27
2024-03-01T18:00:00+01:00,-1.28
2024-03-02T00:00:00+01:00,-1.27
2024-03-02T06:00:00+01:00,-1.28
2024-03-02T12:00:00+01:00,-1.29
2024-03-02T18:00:00+01:00,-1.29
2024-03-03T00:00:00+01:00,-1.3
2024-03-03T06:00:00+01:00,-1.31
2024-03-03T12:00:00+01:00,-1.31
2024-03-03T18:00:00+01:00,-1.32
2024-03-04T00:00:00+01:00,-1.33
2024-03-04T06:00:00+01:00,-1.34
2024-03-04T12:00:00+01:00,-1.35
2024-03-04T18:00:00+01:00,-1.35
2024-03-05T00:00:00+01:00,-1.36
2024-03-05T06:00:00+01:00,-1.36
2024-03-05T12:00:00+01:00,-1.37
2024-03-05T18:00:00+01:00,-1.38
2024-03-06T00:00:00+01:00,-1.39
2024-03-06T06:00:00+01:00,-1.4
2024-03-06T12:00:00+01:00,-1.4
2024-03-06T18:00:00+01:00,-1.41
2024-03-07T00:00:00+01:00,-1.41
2024-03-07T06:00:00+01:00,-1.42
2024-03-07T12:00:00+01:00,-1.41
2024-03-07T18:00:00+01:00,-1.41
2024-03-08T00:00:00+01:00,-1.41
2024-03-08T06:00:00+01:00,-1.41
2024-03-08T12:00:00+01:00,-1.41
2024-03-08T18:00:00+01:00,-1.41
2024-03-09T00:00:00+01:00,-1.41
2024-03-09T06:00:00+01:00,-1.4
2024-03-09T12:00:00+01:00,-1.4
2024-03-09T18:00:00+01:00,-1.41
2024-03-10T00:00:00+01:00,-1.41
2024-03-10T06:00:00+01:00,-1.41
2024-03-10T12:00:00+01:00,-1.41
2024-03-10T18:00:00+01:00,-1.41
2024-03-11T00:00:00+01:00,-1.41
2024-03-11T06:00:00+01:00,-1.42
2024-03-11T12:00:00+01:00,-1.42
2024-03-11T18:00:00+01:00,-1.44
2024-03-12T00:00:00+01:00,-1.44
2024-03-12T06:00:00+01:00,-1.45
2024-03-12T12:00:00+01:00,-1.45
2024-03-12T18:00:00+01:00,-1.45
2024-03-13T00:00:00+01:00,-1.45
2024-03-13T06:00:00+01:00,-1.45
2024-03-13T12:00:00+01:00,-1.45
2024-03-13T18:00:00+01:00,-1.45
2024-03-14T00:00:00+01:00,-1.45
2024-03-14T06:00:00+01:00,-1.45
2024-03-14T12:00:00+01:00,-1.45
2024-03-14T18:00:00+01:00,-1.45
2024-03-15T00:00:00+01:00,-1.45
2024-03-15T06:00:00+01:00,-1.45
2024-03-15T12:00:00+01:00,-1.45
2024-03-15T18:00:00+01:00,-1.46
2024-03-16T00:00:00+01:00,-1.46
2024-03-16T06:00:00+01:00,-1.48
2024-03-16T12:00:00+01:00,-1.49
2024-03-16T18:00:00+01:00,-1.5
2024-03-17T00:00:00+01:00,-1.5
2024-03-17T06:00:00+01:00,-1.49
2024-03-17T12:00:00+01:00,-1.49
2024-03-17T18:00:00+01:00,-1.49
2024-03-18T00:00:00+01:00,-1.48
2024-03-18T06:00:00+01:00,-1.48
2024-03-18T12:00:00+01:00,-1.48
2024-03-18T18:00:00+01:00,-1.49
2024-03-19T00:00:00+01:00,-1.48
2024-03-19T06:00:00+01:00,-1.49
2024-03-19T12:00:00+01:00,-1.49
2024-03-19T18:00:00+01:00,-1.5
2024-03-20T00:00:00+01:00,-1.49
2024-03-20T06:00:00+01:00,-1.5
2024-03-20T12:00:00+01:00,-1.5
2024-03-20T18:00:00+01:00,-1.5
2024-03-21T00:00:00+01:00,-1.5
2024-03-21T06:00:00+01:00,-1.51
2024-03-21T12:00:00+01:00,-1.51
2024-03-21T18:00:00+01:00,-1.5
2024-03-22T00:00:00+01:00,-1.49
2024-03-22T06:00:00+01:00,-1.49
2024-03-22T12:00:00+01:00,-1.49
2024-03-22T18:00:00+01:00,-1.49
2024-03-23T00:00:00+01:00,-1.48
2024-03-23T06:00:00+01:00,-1.48
2024-03-23T12:00:00+01:00,-1.47
2024-03-23T18:00:00+01:00,-1.47
2024-03-24T00:00:00+01:00,-1.46
2024-03-24T06:00:00+01:00,-1.46
2024-03-24T12:00:00+01:00,-1.45
2024-03-24T18:00:00+01:00,-1.46
2024-03-25T00:00:00+01:00,-1.45
2024-03-25T06:00:00+01:00,-1.45
2024-03-25T12:00:00+01:00,-1.44
2024-03-25T18:00:00+01:00,-1.44
2024-03-26T00:00:00+01:00,-1.43
2024-03-26T06:00:00+01:00,-1.42
2024-03-26T12:00:00+01:00,-1.41
2024-03-26T18:00:00+01:00,-1.41
2024-03-27T00:00:00+01:00,-1.41
2024-03-27T06:00:00+01:00,-1.41
2024-03-27T12:00:00+01:00,-1.42
2024-03-27T18:00:00+01:00,-1.43
2024-03-28T00:00:00+01:00,-1.42
2024-03-28T06:00:00+01:00,-1.42
2024-03-28T12:00:00+01:00,-1.43
2024-03-28T18:00:00+01:00,-1.43
2024-03-29T00:00:00+01:00,-1.44
2024-03-29T06:00:00+01:00,-1.44
2024-03-29T12:00:00+01:00,-1.45
2024-03-29T18:00:00+01:00,-1.46
2024-03-30T00:00:00+01:00,-1.47
2024-03-30T06:00:00+01:00,-1.46
2024-03-30T12:00:00+01:00,-1.45
2024-03-30T18:00:00+01:00,-1.47
2024-03-31T00:00:00+01:00,-1.46
2024-03-31T06:00:00+02:00,-1.47
2024-03-31T12:00:00+02:00,-1.46
2024-03-31T18:00:00+02:00,-1.46
2024-04-01T00:00:00+02:00,-1.45
2024-04-01T06:00:00+02:00,-1.45
2024-04-01T12:00:00+02:00,-1.44
2024-04-01T18:00:00+02:00,-1.45
2024-04-02T00:00:00+02:00,-1.45
2024-04-02T06:00:00+02:00,-1.45
2024-04-02T12:00:00+02:00,-1.46
2024-04-02T18:00:00+02:00,-1.46
2024-04-03T00:00:00+02:00,-1.46
2024-04-03T06:00:00+02:00,-1.46
2024-04-03T12:00:00+02:00,-1.45
2024-04-03T18:00:00+02:00,-1.45
2024-04-04T00:00:00+02:00,-1.45
2024-04-04T06:00:00+02:00,-1.44
2024-04-04T12:00:00+02:00,-1.44
2024-04-04T18:00:00+02:00,-1.45
2024-04-05T00:00:00+02:00,-1.44
2024-04-05T06:00:00+02:00,-1.44
2024-04-05T12:00:00+02:00,-1.42
2024-04-05T18:00:00+02:00,-1.43
2024-04-06T00:00:00+02:00,-1.42
2024-04-06T06:00:00+02:00,-1.41
2024-04-06T12:00:00+02:00,-1.39
2024-04-06T18:00:00+02:00,-1.4
2024-04-07T00:00:00+02:00,-1.4
2024-04-07T06:00:00+02:00,-1.41
2024-04-07T12:00:00+02:00,-1.42
2024-04-07T18:00:00+02:00,-1.42
2024-04-08T00:00:00+02:00,-1.42
2024-04-08T06:00:00+02:00,-1.43
2024-04-08T12:00:00+02:00,-1.42
2024-04-08T18:00:00+02:00,-1.42
2024-04-09T00:00:00+02:00,-1.42
2024-04-09T06:00:00+02:00,-1.43
2024-04-09T12:00:00+02:00,-1.43
2024-04-09T18:00:00+02:00,-1.44
2024-04-10T00:00:00+02:00,-1.45
2024-04-10T06:00:00+02:00,-1.47
2024-04-10T12:00:00+02:00,-1.47
2024-04-10T18:00:00+02:00,-1.47
2024-04-11T00:00:00+02:00,-1.47
2024-04-11T06:00:00+02:00,-1.48
2024-04-11T12:00:00+02:00,-1.49
2024-04-11T18:00:00+02:00,-1.49
2024-04-12T00:00:00+02:00,-1.48
2024-04-12T06:00:00+02:00,-1.49
2024-04-12T12:00:00+02:00,-1.49
2024-04-12T18:00:00+02:00,-1.49
2024-04-13T00:00:00+02:00,-1.48
2024-04-13T06:00:00+02:00,-1.49
2024-04-13T12:00:00+02:00,-1.48
2024-04-13T18:00:00+02:00,-1.47
2024-04-14T00:00:00+02:00,-1.49
2024-04-14T06:00:00+02:00,-1.49
2024-04-14T12:00:00+02:00,-1.5
2024-04-14T18:00:00+02:00,-1.49
2024-04-15T00:00:00+02:00,-1.48
2024-04-15T06:00:00+02:00,-1.47
2024-04-15T12:00:00+02:00,-1.44
2024-04-15T18:00:00+02:00,-1.44
2024-04-16T00:00:00+02:00,-1.41
2024-04-16T06:00:00+02:00,-1.41
2024-04-16T12:00:00+02:00,-1.42
2024-04-16T18:00:00+02:00,-1.4
2024-04-17T00:00:00+02:00,-1.39
2024-04-17T06:00:00+02:00,-1.38
2024-04-17T12:00:00+02:00,-1.38
2024-04-17T18:00:00+02:00,-1.38
2024-04-18T00:00:00+02:00,-1.38
2024-04-18T06:00:00+02:00,-1.38
2024-04-18T12:00:00+02:00,-1.38
2024-04-18T18:00:00+02:00,-1.37
2024-04-19T00:00:00+02:00,-1.35
2024-04-19T06:00:00+02:00,-1.35
2024-04-19T12:00:00+02:00,-1.34
2024-04-19T18:00:00+02:00,-1.35
2024-04-20T00:00:00+02:00,-1.35
2024-04-20T06:00:00+02:00,-1.35
2024-04-20T12:00:00+02:00,-1.33
2024-04-20T18:00:00+02:00,-1.33
2024-04-21T00:00:00+02:00,-1.31
2024-04-21T06:00:00+02:00,-1.34
2024-04-21T12:00:00+02:00,-1.34
2024-04-21T18:00:00+02:00,-1.34
2024-04-22T00:00:00+02:00,-1.34
2024-04-22T06:00:00+02:00,-1.34
2024-04-22T12:00:00+02:00,-1.35
2024-04-22T18:00:00+02:00,-1.35
2024-04-23T00:00:00+02:00,-1.35
2024-04-23T06:00:00+02:00,-1.35
2024-04-23T12:00:00+02:00,-1.34
2024-04-23T18:00:00+02:00,-1.35
2024-04-24T00:00:00+02:00,-1.35
2024-04-24T06:00:00+02:00,-1.35
2024-04-24T12:00:00+02:00,-1.35
2024-04-24T18:00:00+02:00,-1.36
2024-04-25T00:00:00+02:00,-1.36
2024-04-25T06:00:00+02:00,-1.36
2024-04-25T12:00:00+02:00,-1.36
2024-04-25T18:00:00+02:00,-1.36
2024-04-26T00:00:00+02:00,-1.35
2024-04-26T06:00:00+02:00,-1.34
2024-04-26T12:00:00+02:00,-1.34
2024-04-26T18:00:00+02:00,-1.35
2024-04-27T00:00:00+02:00,-1.34
2024-04-27T06:00:00+02:00,-1.34
2024-04-27T12:00:00+02:00,-1.34
2024-04-27T18:00:00+02:00,-1.35
2024-04-28T00:00:00+02:00,-1.35
2024-04-28T06:00:00+02:00,-1.35
2024-04-28T12:00:00+02:00,-1.36
2024-04-28T18:00:00+02:00,-1.37
2024-04-29T00:00:00+02:00,-1.39
2024-04-29T06:00:00+02:00,-1.39
2024-04-29T12:00:00+02:00,-1.4
2024-04-29T18:00:00+02:00,-1.4
2024-04-30T00:00:00+02:00,-1.4
2024-04-30T06:00:00+02:00,-1.41
2024-04-30T12:00:00+02:00,-1.4
2024-04-30T18:00:00+02:00,-1.41
2024-05-01T00:00:00+02:00,-1.41
2024-05-01T06:00:00+02:00,-1.41
2024-05-01T12:00:00+02:00,-1.41
2024-05-01T18:00:00+02:00,-1.41
2024-05-02T00:00:00+02:00,-1.41
2024-05-02T06:00:00+02:00,-1.42
2024-05-02T12:00:00+02:00,-1.41
2024-05-02T18:00:00+02:00,-1.42
2024-05-03T00:00:00+02:00,-1.43
2024-05-03T06:00:00+02:00,-1.43
2024-05-03T12:00:00+02:00,-1.44
2024-05-03T18:00:00+02:00,-1.45
2024-05-04T00:00:00+02:00,-1.46
2024-05-04T06:00:00+02:00,-1.46
2024-05-04T12:00:00+02:00,-1.46
2024-05-04T18:00:00+02:00,-1.46
2024-05-05T00:00:00+02:00,-1.45
2024-05-05T06:00:00+02:00,-1.44
2024-05-05T12:00:00+02:00,-1.45
2024-05-05T18:00:00+02:00,-1.45
2024-05-06T00:00:00+02:00,-1.45
2024-05-06T06:00:00+02:00,-1.45
2024-05-06T12:00:00+02:00,-1.46
2024-05-06T18:00:00+02:00,-1.47
2024-05-07T00:00:00+02:00,-1.47
2024-05-07T06:00:00+02:00,-1.48
2024-05-07T12:00:00+02:00,-1.49
2024-05-07T18:00:00+02:00,-1.49
2024-05-08T00:00:00+02:00,-1.49
2024-05-08T06:00:00+02:00,-1.5
2024-05-08T12:00:00+02:00,-1.5
2024-05-08T18:00:00+02:00,-1.51
2024-05-09T00:00:00+02:00,-1.51
2024-05-09T06:00:00+02:00,-1.51
2024-05-09T12:00:00+02:00,-1.5
2024-05-09T18:00:00+02:00,-1.5
2024-05-10T00:00:00+02:00,-1.5
2024-05-10T06:00:00+02:00,-1.51
2024-05-10T12:00:00+02:00,-1.51
2024-05-10T18:00:00+02:00,-1.51
2024-05-11T00:00:00+02:00,-1.51
2024-05-11T06:00:00+02:00,-1.52
2024-05-11T12:00:00+02:00,-1.52
2024-05-11T18:00:00+02:00,-1.52
2024-05-12T00:00:00+02:00,-1.52
2024-05-12T06:00:00+02:00,-1.52
2024-05-12T12:00:00+02:00,-1.51
2024-05-12T18:00:00+02:00,-1.51
2024-05-13T00:00:00+02:00,-1.51
2024-05-13T06:00:00+02:00,-1.51
2024-05-13T12:00:00+02:00,-1.51
2024-05-13T18:00:00+02:00,-1.5
2024-05-14T00:00:00+02:00,-1.51
2024-05-14T06:00:00+02:00,-1.51
2024-05-14T12:00:00+02:00,-1.51
2024-05-14T18:00:00+02:00,-1.51
2024-05-15T00:00:00+02:00,-1.51
2024-05-15T06:00:00+02:00,-1.52
2024-05-15T12:00:00+02:00,-1.51
2024-05-15T18:00:00+02:00,-1.52
2024-05-16T00:00:00+02:00,-1.51
2024-05-16T06:00:00+02:00,-1.52
2024-05-16T12:00:00+02:00,-1.52
2024-05-16T18:00:00+02:00,-1.53
2024-05-17T00:00:00+02:00,-1.52
2024-05-17T06:00:00+02:00,-1.52
2024-05-17T12:00:00+02:00,-1.51
2024-05-17T18:00:00+02:00,-1.52
2024-05-18T00:00:00+02:00,-1.51
2024-05-18T06:00:00+02:00,-1.52
2024-05-18T12:00:00+02:00,-1.52
2024-05-18T18:00:00+02:00,-1.52
2024-05-19T00:00:00+02:00,-1.52
2024-05-19T06:00:00+02:00,-1.53
2024-05-19T12:00:00+02:00,-1.53
2024-05-19T18:00:00+02:00,-1.53
2024-05-20T00:00:00+02:00,-1.53
2024-05-20T06:00:00+02:00,-1.54
2024-05-20T12:00:00+02:00,-1.53
2024-05-20T18:00:00+02:00,-1.53
2024-05-21T00:00:00+02:00,-1.53
2024-05-21T06:00:00+02:00,-1.53
2024-05-21T12:00:00+02:00,-1.53
2024-05-21T18:00:00+02:00,-1.53
2024-05-22T00:00:00+02:00,-1.52
2024-05-22T06:00:00+02:00,-1.52
2024-05-22T12:00:00+02:00,-1.53
2024-05-22T18:00:00+02:00,-1.53
2024-05-23T00:00:00+02:00,-1.53
2024-05-23T06:00:00+02:00,-1.53
2024-05-23T12:00:00+02:00,-1.54
2024-05-23T18:00:00+02:00,-1.54
2024-05-24T00:00:00+02:00,-1.55
2024-05-24T06:00:00+02:00,-1.55
2024-05-24T12:00:00+02:00,-1.55
2024-05-24T18:00:00+02:00,-1.55
2024-05-25T00:00:00+02:00,-1.54
2024-05-25T06:00:00+02:00,-1.53
2024-05-25T12:00:00+02:00,-1.53
2024-05-25T18:00:00+02:00,-1.52
2024-05-26T00:00:00+02:00,-1.52
2024-05-26T06:00:00+02:00,-1.52
2024-05-26T12:00:00+02:00,-1.51
2024-05-26T18:00:00+02:00,-1.51
2024-05-27T00:00:00+02:00,-1.5
2024-05-27T06:00:00+02:00,-1.5
2024-05-27T12:00:00+02:00,-1.5
2024-05-27T18:00:00+02:00,-1.5
2024-05-28T00:00:00+02:00,-1.5
2024-05-28T06:00:00+02:00,-1.5
2024-05-28T12:00:00+02:00,-1.5
2024-05-28T18:00:00+02:00,-1.5
2024-05-29T00:00:00+02:00,-1.48
2024-05-29T06:00:00+02:00,-1.47
2024-05-29T12:00:00+02:00,-1.48
2024-05-29T18:00:00+02:00,-1.47
2024-05-30T00:00:00+02:00,-1.47
2024-05-30T06:00:00+02:00,-1.47
2024-05-30T12:00:00+02:00,-1.47
2024-05-30T18:00:00+02:00,-1.48
2024-05-31T00:00:00+02:00,-1.48
2024-05-31T06:00:00+02:00,-1.49
2024-05-31T12:00:00+02:00,-1.5
2024-05-31T18:00:00+02:00,-1.5
2024-06-01T00:00:00+02:00,-1.5
2024-06-01T06:00:00+02:00,-1.5
2024-06-01T12:00:00+02:00,-1.51
2024-06-01T18:00:00+02:00,-1.51
2024-06-02T00:00:00+02:00,-1.51
2024-06-02T06:00:00+02:00,-1.51
2024-06-02T12:00:00+02:00,-1.52
2024-06-02T18:00:00+02:00,-1.52
2024-06-03T00:00:00+02:00,-1.51
2024-06-03T06:00:00+02:00,-1.51
2024-06-03T12:00:00+02:00,-1.51
2024-06-03T18:00:00+02:00,-1.51
2024-06-04T00:00:00+02:00,-1.51
2024-06-04T06:00:00+02:00,-1.51
2024-06-04T12:00:00+02:00,-1.5
2024-06-04T18:00:00+02:00,-1.5
2024-06-05T00:00:00+02:00,-1.51
2024-06-05T06:00:00+02:00,-1.51
2024-06-05T12:00:00+02:00,-1.52
2024-06-05T18:00:00+02:00,-1.52
2024-06-06T00:00:00+02:00,-1.52
2024-06-06T06:00:00+02:00,-1.53
2024-06-06T12:00:00+02:00,-1.53
2024-06-06T18:00:00+02:00,-1.54
2024-06-07T00:00:00+02:00,-1.54
2024-06-07T06:00:00+02:00,-1.53
2024-06-07T12:00:00+02:00,-1.53
2024-06-07T18:00:00+02:00,-1.53
2024-06-08T00:00:00+02:00,-1.53
2024-06-08T06:00:00+02:00,-1.52
2024-06-08T12:00:00+02:00,-1.53
2024-06-08T18:00:00+02:00,-1.53
2024-06-09T00:00:00+02:00,-1.53
2024-06-09T06:00:00+02:00,-1.53
2024-06-09T12:00:00+02:00,-1.53
2024-06-09T18:00:00+02:00,-1.53
2024-06-10T00:00:00+02:00,-1.53
2024-06-10T06:00:00+02:00,-1.53
2024-06-10T12:00:00+02:00,-1.52
2024-06-10T18:00:00+02:00,-1.5
2024-06-11T00:00:00+02:00,-1.47
2024-06-11T06:00:00+02:00,-1.45
2024-06-11T12:00:00+02:00,-1.44
2024-06-11T18:00:00+02:00,-1.44
2024-06-12T00:00:00+02:00,-1.43
2024-06-12T06:00:00+02:00,-1.42
2024-06-12T12:00:00+02:00,-1.42
2024-06-12T18:00:00+02:00,-1.41
2024-06-13T00:00:00+02:00,-1.41
2024-06-13T06:00:00+02:00,-1.4
2024-06-13T12:00:00+02:00,-1.4
2024-06-13T18:00:00+02:00,-1.39
2024-06-14T00:00:00+02:00,-1.38
2024-06-14T06:00:00+02:00,-1.38
2024-06-14T12:00:00+02:00,-1.38
2024-06-14T18:00:00+02:00,-1.38
2024-06-15T00:00:00+02:00,-1.37
2024-06-15T06:00:00+02:00,-1.37
2024-06-15T12:00:00+02:00,-1.38
2024-06-15T18:00:00+02:00,-1.37
2024-06-16T00:00:00+02:00,-1.36
2024-06-16T06:00:00+02:00,-1.36
2024-06-16T12:00:00+02:00,-1.37
2024-06-16T18:00:00+02:00,-1.36
2024-06-17T00:00:00+02:00,-1.36
2024-06-17T06:00:00+02:00,-1.36
2024-06-17T12:00:00+02:00,-1.37
2024-06-17T18:00:00+02:00,-1.38
2024-06-18T00:00:00+02:00,-1.38
2024-06-18T06:00:00+02:00,-1.39
2024-06-18T12:00:00+02:00,-1.38
2024-06-18T18:00:00+02:00,-1.39
2024-06-19T00:00:00+02:00,-1.4
2024-06-19T06:00:00+02:00,-1.4
2024-06-19T12:00:00+02:00,-1.42
2024-06-19T18:00:00+02:00,-1.43
2024-06-20T00:00:00+02:00,-1.42
2024-06-20T06:00:00+02:00,-1.43
2024-06-20T12:00:00+02:00,-1.43
2024-06-20T18:00:00+02:00,-1.43
2024-06-21T00:00:00+02:00,-1.42
2024-06-21T06:00:00+02:00,-1.43
2024-06-21T12:00:00+02:00,-1.42
2024-06-21T18:00:00+02:00,-1.42
2024-06-22T00:00:00+02:00,-1.42
2024-06-22T06:00:00+02:00,-1.43
2024-06-22T12:00:00+02:00,-1.43
2024-06-22T18:00:00+02:00,-1.45
2024-06-23T00:00:00+02:00,-1.45
2024-06-23T06:00:00+02:00,-1.46
2024-06-23T12:00:00+02:00,-1.46
2024-06-23T18:00:00+02:00,-1.47
2024-06-24T00:00:00+02:00,-1.47
2024-06-24T06:00:00+02:00,-1.47
2024-06-24T12:00:00+02:00,-1.47
2024-06-24T18:00:00+02:00,-1.47
2024-06-25T00:00:00+02:00,-1.47
2024-06-25T06:00:00+02:00,-1.47
2024-06-25T12:00:00+02:00,-1.47
2024-06-25T18:00:00+02:00,-1.47
2024-06-26T00:00:00+02:00,-1.47
2024-06-26T06:00:00+02:00,-1.48
2024-06-26T12:00:00+02:00,-1.47
2024-06-26T18:00:00+02:00,-1.47
2024-06-27T00:00:00+02:00,-1.47
2024-06-27T06:00:00+02:00,-1.47
2024-06-27T12:00:00+02:00,-1.47
2024-06-27T18:00:00+02:00,-1.48
2024-06-28T00:00:00+02:00,-1.48
2024-06-28T06:00:00+02:00,-1.49
2024-06-28T12:00:00+02:00,-1.5
2024-06-28T18:00:00+02:00,-1.5
2024-06-29T00:00:00+02:00,-1.5
2024-06-29T06:00:00+02:00,-1.5
2024-06-29T12:00:00+02:00,-1.5
2024-06-29T18:00:00+02:00,-1.5
2024-06-30T00:00:00+02:00,-1.49
2024-06-30T06:00:00+02:00,-1.5
2024-06-30T12:00:00+02:00,-1.5
2024-06-30T18:00:00+02:00,-1.51
2024-07-01T00:00:00+02:00,-1.5
2024-07-01T06:00:00+02:00,-1.5
2024-07-01T12:00:00+02:00,-1.5
2024-07-01T18:00:00+02:00,-1.5
2024-07-02T00:00:00+02:00,-1.49
2024-07-02T06:00:00+02:00,-1.5
2024-07-02T12:00:00+02:00,-1.5
2024-07-02T18:00:00+02:00,-1.49
2024-07-03T00:00:00+02:00,-1.49
2024-07-03T06:00:00+02:00,-1.49
2024-07-03T12:00:00+02:00,-1.48
2024-07-03T18:00:00+02:00,-1.48
2024-07-04T00:00:00+02:00,-1.47
2024-07-04T06:00:00+02:00,-1.47
2024-07-04T12:00:00+02:00,-1.48
2024-07-04T18:00:00+02:00,-1.48
2024-07-05T00:00:00+02:00,-1.48
2024-07-05T06:00:00+02:00,-1.48
2024-07-05T12:00:00+02:00,-1.49
2024-07-05T18:00:00+02:00,-1.48
2024-07-06T00:00:00+02:00,-1.47
2024-07-06T06:00:00+02:00,-1.46
2024-07-06T12:00:00+02:00,-1.46
2024-07-06T18:00:00+02:00,-1.47
2024-07-07T00:00:00+02:00,-1.47
2024-07-07T06:00:00+02:00,-1.48
2024-07-07T12:00:00+02:00,-1.48
2024-07-07T18:00:00+02:00,-1.47
2024-07-08T00:00:00+02:00,-1.45
2024-07-08T06:00:00+02:00,-1.44
2024-07-08T12:00:00+02:00,-1.43
2024-07-08T18:00:00+02:00,-1.43
2024-07-09T00:00:00+02:00,-1.42
2024-07-09T06:00:00+02:00,-1.42
2024-07-09T12:00:00+02:00,-1.41
2024-07-09T18:00:00+02:00,-1.41
2024-07-10T00:00:00+02:00,-1.37
2024-07-10T06:00:00+02:00,-1.36
2024-07-10T12:00:00+02:00,-1.36
2024-07-10T18:00:00+02:00,-1.35
2024-07-11T00:00:00+02:00,-1.35
2024-07-11T06:00:00+02:00,-1.35
2024-07-11T12:00:00+02:00,-1.35
2024-07-11T18:00:00+02:00,-1.36
2024-07-12T00:00:00+02:00,-1.36
2024-07-12T06:00:00+02:00,-1.36
2024-07-12T12:00:00+02:00,-1.35
2024-07-12T18:00:00+02:00,-1.34
2024-07-13T00:00:00+02:00,-1.33
2024-07-13T06:00:00+02:00,-1.31
2024-07-13T12:00:00+02:00,-1.3
2024-07-13T18:00:00+02:00,-1.29
2024-07-14T00:00:00+02:00,-1.28
2024-07-14T06:00:00+02:00,-1.28
2024-07-14T12:00:00+02:00,-1.28
2024-07-14T18:00:00+02:00,-1.28
2024-07-15T00:00:00+02:00,-1.28
2024-07-15T06:00:00+02:00,-1.29
2024-07-15T12:00:00+02:00,-1.3
2024-07-15T18:00:00+02:00,-1.3
2024-07-16T00:00:00+02:00,-1.3
2024-07-16T06:00:00+02:00,-1.3
2024-07-16T12:00:00+02:00,-1.31
2024-07-16T18:00:00+02:00,-1.31
2024-07-17T00:00:00+02:00,-1.31
2024-07-17T06:00:00+02:00,-1.31
2024-07-17T12:00:00+02:00,-1.31
2024-07-17T18:00:00+02:00,-1.32
2024-07-18T00:00:00+02:00,-1.32
2024-07-18T06:00:00+02:00,-1.32
2024-07-18T12:00:00+02:00,-1.32
2024-07-18T18:00:00+02:00,-1.33
2024-07-19T00:00:00+02:00,-1.34
2024-07-19T06:00:00+02:00,-1.34
2024-07-19T12:00:00+02:00,-1.34
2024-07-19T18:00:00+02:00,-1.34
2024-07-20T00:00:00+02:00,-1.34
2024-07-20T06:00:00+02:00,-1.34
2024-07-20T12:00:00+02:00,-1.34
2024-07-20T18:00:00+02:00,-1.35
2024-07-21T00:00:00+02:00,-1.35
2024-07-21T06:00:00+02:00,-1.36
2024-07-21T12:00:00+02:00,-1.36
2024-07-21T18:00:00+02:00,-1.36
2024-07-22T00:00:00+02:00,-1.37
2024-07-22T06:00:00+02:00,-1.37
2024-07-22T12:00:00+02:00,-1.38
2024-07-22T18:00:00+02:00,-1.38
2024-07-23T00:00:00+02:00,-1.38
2024-07-23T06:00:00+02:00,-1.38
2024-07-23T12:00:00+02:00,-1.39
2024-07-23T18:00:00+02:00,-1.4
2024-07-24T00:00:00+02:00,-1.4
2024-07-24T06:00:00+02:00,-1.41
2024-07-24T12:00:00+02:00,-1.41
2024-07-24T18:00:00+02:00,-1.41
2024-07-25T00:00:00+02:00,-1.41
2024-07-25T06:00:00+02:00,-1.41
2024-07-25T12:00:00+02:00,-1.41
2024-07-25T18:00:00+02:00,-1.4
2024-07-26T00:00:00+02:00,-1.41
2024-07-26T06:00:00+02:00,-1.4
2024-07-26T12:00:00+02:00,-1.41
2024-07-26T18:00:00+02:00,-1.42
2024-07-27T00:00:00+02:00,-1.42
2024-07-27T06:00:00+02:00,-1.43
2024-07-27T12:00:00+02:00,-1.43
2024-07-27T18:00:00+02:00,-1.44
2024-07-28T00:00:00+02:00,-1.45
2024-07-28T06:00:00+02:00,-1.46
2024-07-28T12:00:00+02:00,-1.46
2024-07-28T18:00:00+02:00,-1.46
2024-07-29T00:00:00+02:00,-1.46
2024-07-29T06:00:00+02:00,-1.47
2024-07-29T12:00:00+02:00,-1.46
2024-07-29T18:00:00+02:00,-1.46
2024-07-30T00:00:00+02:00,-1.46
2024-07-30T06:00:00+02:00,-1.46
2024-07-30T12:00:00+02:00,-1.46
2024-07-30T18:00:00+02:00,-1.47
2024-07-31T00:00:00+02:00,-1.47
2024-07-31T06:00:00+02:00,-1.46
2024-07-31T12:00:00+02:00,-1.47
2024-07-31T18:00:00+02:00,-1.47
2024-08-01T00:00:00+02:00,-1.47
2024-08-01T06:00:00+02:00,-1.47
2024-08-01T12:00:00+02:00,-1.47
2024-08-01T18:00:00+02:00,-1.48
2024-08-02T00:00:00+02:00,-1.48
2024-08-02T06:00:00+02:00,-1.48
2024-08-02T12:00:00+02:00,-1.48
2024-08-02T18:00:00+02:00,-1.47
2024-08-03T00:00:00+02:00,-1.48
2024-08-03T06:00:00+02:00,-1.48
2024-08-03T12:00:00+02:00,-1.48
2024-08-03T18:00:00+02:00,-1.48
2024-08-04T00:00:00+02:00,-1.48
2024-08-04T06:00:00+02:00,-1.49
2024-08-04T12:00:00+02:00,-1.5
2024-08-04T18:00:00+02:00,-1.5
2024-08-05T00:00:00+02:00,-1.5
2024-08-05T06:00:00+02:00,-1.5
2024-08-05T12:00:00+02:00,-1.5
2024-08-05T18:00:00+02:00,-1.5
2024-08-06T00:00:00+02:00,-1.5
2024-08-06T06:00:00+02:00,-1.5
2024-08-06T12:00:00+02:00,-1.5
2024-08-06T18:00:00+02:00,-1.5
2024-08-07T00:00:00+02:00,-1.51
2024-08-07T06:00:00+02:00,-1.51
2024-08-07T12:00:00+02:00,-1.51
2024-08-07T18:00:00+02:00,-1.52
2024-08-08T00:00:00+02:00,-1.52
2024-08-08T06:00:00+02:00,-1.53
2024-08-08T12:00:00+02:00,-1.53
2024-08-08T18:00:00+02:00,-1.53
2024-08-09T00:00:00+02:00,-1.52
2024-08-09T06:00:00+02:00,-1.51
2024-08-09T12:00:00+02:00,-1.53
2024-08-09T18:00:00+02:00,-1.54
2024-08-10T00:00:00+02:00,-1.54
2024-08-10T06:00:00+02:00,-1.54
2024-08-10T12:00:00+02:00,-1.54
2024-08-10T18:00:00+02:00,-1.55
2024-08-11T00:00:00+02:00,-1.55
2024-08-11T06:00:00+02:00,-1.56
2024-08-11T12:00:00+02:00,-1.56
2024-08-11T18:00:00+02:00,-1.56
2024-08-12T00:00:00+02:00,-1.55
2024-08-12T06:00:00+02:00,-1.55
2024-08-12T12:00:00+02:00,-1.55
2024-08-12T18:00:00+02:00,-1.54
2024-08-13T00:00:00+02:00,-1.55
2024-08-13T06:00:00+02:00,-1.55
2024-08-13T12:00:00+02:00,-1.55
2024-08-13T18:00:00+02:00,-1.55
2024-08-14T00:00:00+02:00,-1.55
2024-08-14T06:00:00+02:00,-1.56
2024-08-14T12:00:00+02:00,-1.56
2024-08-14T18:00:00+02:00,-1.56
2024-08-15T00:00:00+02:00,-1.57
2024-08-15T06:00:00+02:00,-1.57
2024-08-15T12:00:00+02:00,-1.56
2024-08-15T18:00:00+02:00,-1.56
2024-08-16T00:00:00+02:00,-1.56
2024-08-16T06:00:00+02:00,-1.56
2024-08-16T12:00:00+02:00,-1.57
2024-08-16T18:00:00+02:00,-1.57
2024-08-17T00:00:00+02:00,-1.56
2024-08-17T06:00:00+02:00,-1.56
2024-08-17T12:00:00+02:00,-1.56
2024-08-17T18:00:00+02:00,-1.56
2024-08-18T00:00:00+02:00,-1.56
2024-08-18T06:00:00+02:00,-1.57
2024-08-18T12:00:00+02:00,-1.57
2024-08-18T18:00:00+02:00,-1.58
2024-08-19T00:00:00+02:00,-1.58
2024-08-19T06:00:00+02:00,-1.59
2024-08-19T12:00:00+02:00,-1.59
2024-08-19T18:00:00+02:00,-1.58
2024-08-20T00:00:00+02:00,-1.58
2024-08-20T06:00:00+02:00,-1.57
2024-08-20T12:00:00+02:00,-1.57
2024-08-20T18:00:00+02:00,-1.56
2024-08-21T00:00:00+02:00,-1.56
2024-08-21T06:00:00+02:00,-1.56
2024-08-21T12:00:00+02:00,-1.56
2024-08-21T18:00:00+02:00,-1.56
2024-08-22T00:00:00+02:00,-1.55
2024-08-22T06:00:00+02:00,-1.55
2024-08-22T12:00:00+02:00,-1.54
2024-08-22T18:00:00+02:00,-1.55
2024-08-23T00:00:00+02:00,-1.54
2024-08-23T06:00:00+02:00,-1.53
2024-08-23T12:00:00+02:00,-1.55
2024-08-23T18:00:00+02:00,-1.56
2024-08-24T00:00:00+02:00,-1.56
2024-08-24T06:00:00+02:00,-1.56
2024-08-24T12:00:00+02:00,-1.55
2024-08-24T18:00:00+02:00,-1.54
2024-08-25T00:00:00+02:00,-1.55
2024-08-25T06:00:00+02:00,-1.55
2024-08-25T12:00:00+02:00,-1.55
2024-08-25T18:00:00+02:00,-1.54
2024-08-26T00:00:00+02:00,-1.54
2024-08-26T06:00:00+02:00,-1.54
2024-08-26T12:00:00+02:00,-1.54
2024-08-26T18:00:00+02:00,-1.54
2024-08-27T00:00:00+02:00,-1.55
2024-08-27T06:00:00+02:00,-1.55
2024-08-27T12:00:00+02:00,-1.55
2024-08-27T18:00:00+02:00,-1.54
2024-08-28T00:00:00+02:00,-1.55
2024-08-28T06:00:00+02:00,-1.54
2024-08-28T12:00:00+02:00,-1.54
2024-08-28T18:00:00+02:00,-1.54
2024-08-29T00:00:00+02:00,-1.54
2024-08-29T06:00:00+02:00,-1.55
2024-08-29T12:00:00+02:00,-1.56
2024-08-29T18:00:00+02:00,-1.57
2024-08-30T00:00:00+02:00,-1.57
2024-08-30T06:00:00+02:00,-1.57
2024-08-30T12:00:00+02:00,-1.58
2024-08-30T18:00:00+02:00,-1.58
2024-08-31T00:00:00+02:00,-1.59
2024-08-31T06:00:00+02:00,-1.59
2024-08-31T12:00:00+02:00,-1.59
2024-08-31T18:00:00+02:00,-1.59
2024-09-01T02:01:00+02:00,-1.58
2024-09-01T06:00:00+02:00,-1.58
2024-09-01T12:00:00+02:00,-1.58
2024-09-01T18:00:00+02:00,-1.58
2024-09-02T02:01:00+02:00,-1.58
2024-09-02T06:00:00+02:00,-1.58
2024-09-02T12:00:00+02:00,-1.58
2024-09-02T18:00:00+02:00,-1.59
2024-09-03T02:01:00+02:00,-1.58
2024-09-03T06:00:00+02:00,-1.56
2024-09-03T12:00:00+02:00,-1.56
2024-09-03T18:00:00+02:00,-1.56
2024-09-04T02:01:00+02:00,-1.55
2024-09-04T06:00:00+02:00,-1.55
2024-09-04T12:00:00+02:00,-1.55
2024-09-04T18:00:00+02:00,-1.55
2024-09-05T02:01:00+02:00,-1.54
2024-09-05T06:00:00+02:00,-1.54
2024-09-05T12:00:00+02:00,-1.54
2024-09-05T18:00:00+02:00,-1.55
2024-09-06T02:01:00+02:00,-1.55
2024-09-06T06:00:00+02:00,-1.55
2024-09-06T12:00:00+02:00,-1.55
2024-09-06T18:00:00+02:00,-1.55
2024-09-07T02:01:00+02:00,-1.52
2024-09-07T06:00:00+02:00,-1.5
2024-09-07T12:00:00+02:00,-1.5
2024-09-07T18:00:00+02:00,-1.49
2024-09-08T02:01:00+02:00,-1.48
2024-09-08T06:00:00+02:00,-1.48
2024-09-08T12:00:00+02:00,-1.48
2024-09-08T18:00:00+02:00,-1.48
2024-09-09T02:01:00+02:00,-1.48
2024-09-09T06:00:00+02:00,-1.48
2024-09-09T12:00:00+02:00,-1.48
2024-09-09T18:00:00+02:00,-1.49
2024-09-10T02:01:00+02:00,-1.5
2024-09-10T06:00:00+02:00,-1.49
2024-09-10T12:00:00+02:00,-1.48
2024-09-10T18:00:00+02:00,-1.49
2024-09-11T02:01:00+02:00,-1.46
2024-09-11T06:00:00+02:00,-1.46
2024-09-11T12:00:00+02:00,-1.46
2024-09-11T18:00:00+02:00,-1.44
2024-09-12T02:01:00+02:00,-1.43
2024-09-12T06:00:00+02:00,-1.43
2024-09-12T12:00:00+02:00,-1.43
2024-09-12T18:00:00+02:00,-1.44
2024-09-13T02:01:00+02:00,-1.44
2024-09-13T06:00:00+02:00,-1.45
2024-09-13T12:00:00+02:00,-1.45
2024-09-13T18:00:00+02:00,-1.46
2024-09-14T02:01:00+02:00,-1.46
2024-09-14T06:00:00+02:00,-1.46
2024-09-14T12:00:00+02:00,-1.46
2024-09-14T18:00:00+02:00,-1.47
2024-09-15T02:01:00+02:00,-1.47
2024-09-15T06:00:00+02:00,-1.47
2024-09-15T12:00:00+02:00,-1.47
2024-09-15T18:00:00+02:00,-1.47
2024-09-16T02:01:00+02:00,-1.47
2024-09-16T06:00:00+02:00,-1.48
2024-09-16T12:00:00+02:00,-1.49
2024-09-16T18:00:00+02:00,-1.49
2024-09-17T02:01:00+02:00,-1.49
2024-09-17T06:00:00+02:00,-1.5
2024-09-17T12:00:00+02:00,-1.5
2024-09-17T18:00:00+02:00,-1.51
2024-09-18T02:01:00+02:00,-1.51
2024-09-18T06:00:00+02:00,-1.51
2024-09-18T12:00:00+02:00,-1.51
2024-09-18T18:00:00+02:00,-1.51
2024-09-19T02:01:00+02:00,-1.51
2024-09-19T06:00:00+02:00,-1.51
2024-09-19T12:00:00+02:00,-1.51
2024-09-19T18:00:00+02:00,-1.51
2024-09-20T02:01:00+02:00,-1.51
2024-09-20T06:00:00+02:00,-1.52
2024-09-20T12:00:00+02:00,-1.52
2024-09-20T18:00:00+02:00,-1.52
2024-09-21T02:01:00+02:00,-1.52
2024-09-21T06:00:00+02:00,-1.52
2024-09-21T12:00:00+02:00,-1.51
2024-09-21T18:00:00+02:00,-1.52
2024-09-22T02:01:00+02:00,-1.52
2024-09-22T06:00:00+02:00,-1.52
2024-09-22T12:00:00+02:00,-1.51
2024-09-22T18:00:00+02:00,-1.51
2024-09-23T02:01:00+02:00,-1.51
2024-09-23T06:00:00+02:00,-1.51
2024-09-23T12:00:00+02:00,-1.51
2024-09-23T18:00:00+02:00,-1.51
2024-09-24T02:01:00+02:00,-1.51
2024-09-24T06:00:00+02:00,-1.51
2024-09-24T12:00:00+02:00,-1.5
2024-09-24T18:00:00+02:00,-1.5
2024-09-25T02:01:00+02:00,-1.5
2024-09-25T06:00:00+02:00,-1.51
2024-09-25T12:00:00+02:00,-1.51
2024-09-25T18:00:00+02:00,-1.51
2024-09-26T02:01:00+02:00,-1.49
2024-09-26T06:00:00+02:00,-1.48
2024-09-26T12:00:00+02:00,-1.49
2024-09-26T18:00:00+02:00,-1.48
2024-09-27T02:01:00+02:00,-1.48
2024-09-27T06:00:00+02:00,-1.48
2024-09-27T12:00:00+02:00,-1.48
2024-09-27T18:00:00+02:00,-1.5
2024-09-28T02:01:00+02:00,-1.51
2024-09-28T06:00:00+02:00,-1.52
2024-09-28T12:00:00+02:00,-1.52
2024-09-28T18:00:00+02:00,-1.53
2024-09-29T02:01:00+02:00,-1.53
2024-09-29T06:00:00+02:00,-1.53
2024-09-29T12:00:00+02:00,-1.52
2024-09-29T18:00:00+02:00,-1.52
2024-09-30T02:01:00+02:00,-1.51
2024-09-30T06:00:00+02:00,-1.5
2024-09-30T12:00:00+02:00,-1.49
2024-09-30T18:00:00+02:00,-1.48
2024-10-01T02:01:00+02:00,-1.46
2024-10-01T06:00:00+02:00,-1.45
2024-10-01T12:00:00+02:00,-1.44
2024-10-01T18:00:00+02:00,-1.43
2024-10-02T02:01:00+02:00,-1.42
2024-10-02T06:00:00+02:00,-1.41
2024-10-02T12:00:00+02:00,-1.4
2024-10-02T18:00:00+02:00,-1.42
2024-10-03T02:01:00+02:00,-1.41
2024-10-03T06:00:00+02:00,-1.39
2024-10-03T12:00:00+02:00,-1.4
2024-10-03T18:00:00+02:00,-1.4
2024-10-04T02:01:00+02:00,-1.4
2024-10-04T06:00:00+02:00,-1.4
2024-10-04T12:00:00+02:00,-1.4
2024-10-04T18:00:00+02:00,-1.41
2024-10-05T02:01:00+02:00,-1.41
2024-10-05T06:00:00+02:00,-1.42
2024-10-05T12:00:00+02:00,-1.41
2024-10-05T18:00:00+02:00,-1.41
2024-10-06T02:01:00+02:00,-1.41
2024-10-06T06:00:00+02:00,-1.41
2024-10-06T12:00:00+02:00,-1.4
2024-10-06T18:00:00+02:00,-1.4
2024-10-07T02:01:00+02:00,-1.4
2024-10-07T06:00:00+02:00,-1.4
2024-10-07T12:00:00+02:00,-1.41
2024-10-07T18:00:00+02:00,-1.42
2024-10-08T02:01:00+02:00,-1.42
2024-10-08T06:00:00+02:00,-1.41
2024-10-08T12:00:00+02:00,-1.42
2024-10-08T18:00:00+02:00,-1.42
2024-10-09T02:01:00+02:00,-1.42
2024-10-09T06:00:00+02:00,-1.42
2024-10-09T12:00:00+02:00,-1.41
2024-10-09T18:00:00+02:00,-1.41
2024-10-10T02:01:00+02:00,-1.41
2024-10-10T06:00:00+02:00,-1.43
2024-10-10T12:00:00+02:00,-1.45
2024-10-10T18:00:00+02:00,-1.46
2024-10-11T02:01:00+02:00,-1.47
2024-10-11T06:00:00+02:00,-1.47
2024-10-11T12:00:00+02:00,-1.47
2024-10-11T18:00:00+02:00,-1.48
2024-10-12T02:01:00+02:00,-1.48
2024-10-12T06:00:00+02:00,-1.47
2024-10-12T12:00:00+02:00,-1.46
2024-10-12T18:00:00+02:00,-1.45
2024-10-13T02:01:00+02:00,-1.44
2024-10-13T06:00:00+02:00,-1.45
2024-10-13T12:00:00+02:00,-1.46
2024-10-13T18:00:00+02:00,-1.46
2024-10-14T02:01:00+02:00,-1.46
2024-10-14T06:00:00+02:00,-1.45
2024-10-14T12:00:00+02:00,-1.46
2024-10-14T18:00:00+02:00,-1.46
2024-10-15T02:01:00+02:00,-1.46
2024-10-15T06:00:00+02:00,-1.47
2024-10-15T12:00:00+02:00,-1.46
2024-10-15T18:00:00+02:00,-1.47
2024-10-16T02:01:00+02:00,-1.46
2024-10-16T06:00:00+02:00,-1.45
2024-10-16T12:00:00+02:00,-1.45
2024-10-16T18:00:00+02:00,-1.45
2024-10-17T02:01:00+02:00,-1.46
2024-10-17T06:00:00+02:00,-1.46
2024-10-17T12:00:00+02:00,-1.46
2024-10-17T18:00:00+02:00,-1.47
2024-10-18T02:01:00+02:00,-1.48
2024-10-18T06:00:00+02:00,-1.48
2024-10-18T12:00:00+02:00,-1.47
2024-10-18T18:00:00+02:00,-1.48
2024-10-19T02:01:00+02:00,-1.47
2024-10-19T06:00:00+02:00,-1.48
2024-10-19T12:00:00+02:00,-1.48
2024-10-19T18:00:00+02:00,-1.48
2024-10-20T02:01:00+02:00,-1.49
2024-10-20T06:00:00+02:00,-1.49
2024-10-20T12:00:00+02:00,-1.47
2024-10-20T18:00:00+02:00,-1.47
2024-10-21T02:01:00+02:00,-1.48
2024-10-21T06:00:00+02:00,-1.49
2024-10-21T12:00:00+02:00,-1.5
2024-10-21T18:00:00+02:00,-1.5
2024-10-22T02:01:00+02:00,-1.5
2024-10-22T06:00:00+02:00,-1.5
2024-10-22T12:00:00+02:00,-1.5
2024-10-22T18:00:00+02:00,-1.51
2024-10-23T02:01:00+02:00,-1.5
2024-10-23T06:00:00+02:00,-1.5
2024-10-23T12:00:00+02:00,-1.5
2024-10-23T18:00:00+02:00,-1.5
2024-10-24T02:01:00+02:00,-1.5
2024-10-24T06:00:00+02:00,-1.49
2024-10-24T12:00:00+02:00,-1.48
2024-10-24T18:00:00+02:00,-1.48
2024-10-25T02:01:00+02:00,-1.47
2024-10-25T06:00:00+02:00,-1.48
2024-10-25T12:00:00+02:00,-1.48
2024-10-25T18:00:00+02:00,-1.49
2024-10-26T02:01:00+02:00,-1.49
2024-10-26T06:00:00+02:00,-1.48
2024-10-26T12:00:00+02:00,-1.48
2024-10-26T18:00:00+02:00,-1.48
2024-10-27T02:01:00+01:00,-1.48
2024-10-27T06:00:00+01:00,-1.49
2024-10-27T12:00:00+01:00,-1.5
2024-10-27T18:00:00+01:00,-1.51
2024-10-28T02:01:00+01:00,-1.5
2024-10-28T06:00:00+01:00,-1.49
2024-10-28T12:00:00+01:00,-1.49
2024-10-28T18:00:00+01:00,-1.5
2024-10-29T02:01:00+01:00,-1.5
2024-10-29T06:00:00+01:00,-1.5
2024-10-29T12:00:00+01:00,-1.49
2024-10-29T18:00:00+01:00,-1.5
2024-10-30T02:01:00+01:00,-1.5
2024-10-30T06:00:00+01:00,-1.5
2024-10-30T12:00:00+01:00,-1.5
2024-10-30T18:00:00+01:00,-1.5
2024-10-31T02:01:00+01:00,-1.49
2024-10-31T06:00:00+01:00,-1.49
2024-10-31T12:00:00+01:00,-1.48
2024-10-31T18:00:00+01:00,-1.48
2024-11-01T02:01:00+01:00,-1.48
2024-11-01T06:00:00+01:00,-1.48
2024-11-01T12:00:00+01:00,-1.48
2024-11-01T18:00:00+01:00,-1.49
2024-11-02T02:01:00+01:00,-1.5
2024-11-02T06:00:00+01:00,-1.51
2024-11-02T12:00:00+01:00,-1.51
2024-11-02T18:00:00+01:00,-1.51
2024-11-03T02:01:00+01:00,-1.51
2024-11-03T06:00:00+01:00,-1.51
2024-11-03T12:00:00+01:00,-1.51
2024-11-03T18:00:00+01:00,-1.51
2024-11-04T02:01:00+01:00,-1.51
2024-11-04T06:00:00+01:00,-1.51
2024-11-04T12:00:00+01:00,-1.51
2024-11-04T18:00:00+01:00,-1.51
2024-11-05T02:01:00+01:00,-1.5
2024-11-05T06:00:00+01:00,-1.5
2024-11-05T12:00:00+01:00,-1.5
2024-11-05T18:00:00+01:00,-1.51
2024-11-06T02:01:00+01:00,-1.52
2024-11-06T06:00:00+01:00,-1.52
2024-11-06T12:00:00+01:00,-1.53
2024-11-06T18:00:00+01:00,-1.53
2024-11-07T02:01:00+01:00,-1.53
2024-11-07T06:00:00+01:00,-1.54
2024-11-07T12:00:00+01:00,-1.53
2024-11-07T18:00:00+01:00,-1.54
2024-11-08T02:01:00+01:00,-1.53
2024-11-08T06:00:00+01:00,-1.53
2024-11-08T12:00:00+01:00,-1.53
2024-11-08T18:00:00+01:00,-1.53
2024-11-09T02:01:00+01:00,-1.53
2024-11-09T06:00:00+01:00,-1.53
2024-11-09T12:00:00+01:00,-1.52
2024-11-09T18:00:00+01:00,-1.53
2024-11-10T02:01:00+01:00,-1.53
2024-11-10T06:00:00+01:00,-1.53
2024-11-10T12:00:00+01:00,-1.53
2024-11-10T18:00:00+01:00,-1.54
2024-11-11T02:01:00+01:00,-1.53
2024-11-11T06:00:00+01:00,-1.53
2024-11-11T12:00:00+01:00,-1.53
2024-11-11T18:00:00+01:00,-1.54
2024-11-12T02:01:00+01:00,-1.54
2024-11-12T06:00:00+01:00,-1.54
2024-11-12T12:00:00+01:00,-1.54
2024-11-12T18:00:00+01:00,-1.54
2024-11-13T02:01:00+01:00,-1.53
2024-11-13T06:00:00+01:00,-1.52
2024-11-13T12:00:00+01:00,-1.52
2024-11-13T18:00:00+01:00,-1.52
2024-11-14T02:01:00+01:00,-1.51
2024-11-14T06:00:00+01:00,-1.51
2024-11-14T12:00:00+01:00,-1.51
2024-11-14T18:00:00+01:00,-1.52
2024-11-15T02:01:00+01:00,-1.51
2024-11-15T06:00:00+01:00,-1.51
2024-11-15T12:00:00+01:00,-1.51
2024-11-15T18:00:00+01:00,-1.51
2024-11-16T02:01:00+01:00,-1.5
2024-11-16T06:00:00+01:00,-1.49
2024-11-16T12:00:00+01:00,-1.49
2024-11-16T18:00:00+01:00,-1.48
2024-11-17T02:01:00+01:00,-1.48
2024-11-17T06:00:00+01:00,-1.47
2024-11-17T12:00:00+01:00,-1.46
2024-11-17T18:00:00+01:00,-1.46
2024-11-18T02:01:00+01:00,-1.45
2024-11-18T06:00:00+01:00,-1.45
2024-11-18T12:00:00+01:00,-1.44
2024-11-18T18:00:00+01:00,-1.44
2024-11-19T02:01:00+01:00,-1.43
2024-11-19T06:00:00+01:00,-1.4
2024-11-19T12:00:00+01:00,-1.39
2024-11-19T18:00:00+01:00,-1.38
2024-11-20T02:01:00+01:00,-1.37
2024-11-20T06:00:00+01:00,-1.36
2024-11-20T12:00:00+01:00,-1.35
2024-11-20T18:00:00+01:00,-1.35
2024-11-21T02:01:00+01:00,-1.33
2024-11-21T06:00:00+01:00,-1.31
2024-11-21T12:00:00+01:00,-1.29
2024-11-21T18:00:00+01:00,-1.28
2024-11-22T02:01:00+01:00,-1.28
2024-11-22T06:00:00+01:00,-1.27
2024-11-22T12:00:00+01:00,-1.25
2024-11-22T18:00:00+01:00,-1.29
2024-11-23T02:01:00+01:00,-1.29
2024-11-23T06:00:00+01:00,-1.28
2024-11-23T12:00:00+01:00,-1.27
2024-11-23T18:00:00+01:00,-1.24
2024-11-24T02:01:00+01:00,-1.24
2024-11-24T06:00:00+01:00,-1.23
2024-11-24T12:00:00+01:00,-1.23
2024-11-24T18:00:00+01:00,-1.23
2024-11-25T02:01:00+01:00,-1.23
2024-11-25T06:00:00+01:00,-1.23
2024-11-25T12:00:00+01:00,-1.24
2024-11-25T18:00:00+01:00,-1.26
2024-11-26T02:01:00+01:00,-1.26
2024-11-26T06:00:00+01:00,-1.27
2024-11-26T12:00:00+01:00,-1.27
2024-11-26T18:00:00+01:00,-1.27
2024-11-27T02:01:00+01:00,-1.27
2024-11-27T06:00:00+01:00,-1.27
2024-11-27T12:00:00+01:00,-1.23
2024-11-27T18:00:00+01:00,-1.17
2024-11-28T02:01:00+01:00,-1.22
2024-11-28T06:00:00+01:00,-1.23
2024-11-28T12:00:00+01:00,-1.25
2024-11-28T18:00:00+01:00,-1.26
2024-11-29T02:01:00+01:00,-1.26
2024-11-29T06:00:00+01:00,-1.27
2024-11-29T12:00:00+01:00,-1.26
2024-11-29T18:00:00+01:00,-1.27
2024-11-30T02:01:00+01:00,-1.26
2024-11-30T06:00:00+01:00,-1.27
2024-11-30T12:00:00+01:00,-1.26
2024-11-30T18:00:00+01:00,-1.27
2024-12-01T02:01:00+01:00,-1.27
2024-12-01T06:00:00+01:00,-1.28
2024-12-01T12:00:00+01:00,-1.27
2024-12-01T18:00:00+01:00,-1.27
2024-12-02T02:01:00+01:00,-1.27
2024-12-02T06:00:00+01:00,-1.27
2024-12-02T12:00:00+01:00,-1.28
2024-12-02T18:00:00+01:00,-1.28
2024-12-03T02:01:00+01:00,-1.29
2024-12-03T06:00:00+01:00,-1.31
2024-12-03T12:00:00+01:00,-1.31
2024-12-03T18:00:00+01:00,-1.32
2024-12-04T02:01:00+01:00,-1.33
2024-12-04T06:00:00+01:00,-1.33
2024-12-04T12:00:00+01:00,-1.33
2024-12-04T18:00:00+01:00,-1.34
2024-12-05T02:01:00+01:00,-1.33
2024-12-05T06:00:00+01:00,-1.31
2024-12-05T12:00:00+01:00,-1.29
2024-12-05T18:00:00+01:00,-1.27
2024-12-06T02:01:00+01:00,-1.24
2024-12-06T06:00:00+01:00,-1.21
2024-12-06T12:00:00+01:00,-1.25
2024-12-06T18:00:00+01:00,-1.25
2024-12-07T02:01:00+01:00,-1.24
2024-12-07T06:00:00+01:00,-1.21
2024-12-07T12:00:00+01:00,-1.2
2024-12-07T18:00:00+01:00,-1.22
2024-12-08T02:01:00+01:00,-1.24
2024-12-08T06:00:00+01:00,-1.25
2024-12-08T12:00:00+01:00,-1.26
2024-12-08T18:00:00+01:00,-1.27
2024-12-09T02:01:00+01:00,-1.27
2024-12-09T06:00:00+01:00,-1.27
2024-12-09T12:00:00+01:00,-1.27
2024-12-09T18:00:00+01:00,-1.28
2024-12-10T02:01:00+01:00,-1.28
2024-12-10T06:00:00+01:00,-1.29
2024-12-10T12:00:00+01:00,-1.29
2024-12-10T18:00:00+01:00,-1.29
2024-12-11T02:01:00+01:00,-1.3
2024-12-11T06:00:00+01:00,-1.3
2024-12-11T12:00:00+01:00,-1.3
2024-12-11T18:00:00+01:00,-1.31
2024-12-12T02:01:00+01:00,-1.31
2024-12-12T06:00:00+01:00,-1.32
2024-12-12T12:00:00+01:00,-1.32
2024-12-12T18:00:00+01:00,-1.33
2024-12-13T02:01:00+01:00,-1.33
2024-12-13T06:00:00+01:00,-1.33
2024-12-13T12:00:00+01:00,-1.33
2024-12-13T18:00:00+01:00,-1.33
2024-12-14T02:01:00+01:00,-1.32
2024-12-14T06:00:00+01:00,-1.32
2024-12-14T12:00:00+01:00,-1.32
2024-12-14T18:00:00+01:00,-1.33
2024-12-15T02:01:00+01:00,-1.34
2024-12-15T06:00:00+01:00,-1.34
2024-12-15T12:00:00+01:00,-1.34
2024-12-15T18:00:00+01:00,-1.35
2024-12-16T02:01:00+01:00,-1.34
2024-12-16T06:00:00+01:00,-1.35
2024-12-16T12:00:00+01:00,-1.35
2024-12-16T18:00:00+01:00,-1.35
2024-12-17T02:01:00+01:00,-1.36
2024-12-17T06:00:00+01:00,-1.36
2024-12-17T12:00:00+01:00,-1.36
2024-12-17T18:00:00+01:00,-1.36
2024-12-18T02:01:00+01:00,-1.35
2024-12-18T06:00:00+01:00,-1.34
2024-12-18T12:00:00+01:00,-1.33
2024-12-18T18:00:00+01:00,-1.34
2024-12-19T02:01:00+01:00,-1.32
2024-12-19T06:00:00+01:00,-1.31
2024-12-19T12:00:00+01:00,-1.33
2024-12-19T18:00:00+01:00,-1.32
2024-12-20T02:01:00+01:00,-1.33
2024-12-20T06:00:00+01:00,-1.33
2024-12-20T12:00:00+01:00,-1.32
2024-12-20T18:00:00+01:00,-1.31
2024-12-21T02:01:00+01:00,-1.3
2024-12-21T06:00:00+01:00,-1.3
2024-12-21T12:00:00+01:00,-1.28
2024-12-21T18:00:00+01:00,-1.27
2024-12-22T02:01:00+01:00,-1.26
2024-12-22T06:00:00+01:00,-1.25
2024-12-22T12:00:00+01:00,-1.25
2024-12-22T18:00:00+01:00,-1.26
2024-12-23T02:01:00+01:00,-1.27
2024-12-23T06:00:00+01:00,-1.29
2024-12-23T12:00:00+01:00,-1.29
2024-12-23T18:00:00+01:00,-1.29
2024-12-24T02:01:00+01:00,-1.3
2024-12-24T06:00:00+01:00,-1.31
2024-12-24T12:00:00+01:00,-1.3
2024-12-24T18:00:00+01:00,-1.31
2024-12-25T02:01:00+01:00,-1.31
2024-12-25T06:00:00+01:00,-1.31
2024-12-25T12:00:00+01:00,-1.31
2024-12-25T18:00:00+01:00,-1.32
2024-12-26T02:01:00+01:00,-1.32
2024-12-26T06:00:00+01:00,-1.32
2024-12-26T12:00:00+01:00,-1.32
2024-12-26T18:00:00+01:00,-1.33
2024-12-27T02:01:00+01:00,-1.32
2024-12-27T06:00:00+01:00,-1.32
2024-12-27T12:00:00+01:00,-1.32
2024-12-27T18:00:00+01:00,-1.32
2024-12-28T02:01:00+01:00,-1.32
2024-12-28T06:00:00+01:00,-1.32
2024-12-28T12:00:00+01:00,-1.32
2024-12-28T18:00:00+01:00,-1.32
2024-12-29T02:01:00+01:00,-1.32
2024-12-29T06:00:00+01:00,-1.33
2024-12-29T12:00:00+01:00,-1.32
2024-12-29T18:00:00+01:00,-1.33
2024-12-30T02:01:00+01:00,-1.33
2024-12-30T06:00:00+01:00,-1.33
2024-12-30T12:00:00+01:00,-1.33
2024-12-30T18:00:00+01:00,-1.34
2024-12-31T02:01:00+01:00,-1.34
2024-12-31T06:00:00+01:00,-1.35
2024-12-31T12:00:00+01:00,-1.33
2024-12-31T18:00:00+01:00,-1.33
2025-01-01T02:01:00+01:00,-1.32
2025-01-01T06:00:00+01:00,-1.32
2025-01-01T12:00:00+01:00,-1.31
2025-01-01T18:00:00+01:00,-1.31
2025-01-02T02:01:00+01:00,-1.32
2025-01-02T06:00:00+01:00,-1.31
2025-01-02T12:00:00+01:00,-1.31
2025-01-02T18:00:00+01:00,-1.3
2025-01-03T02:01:00+01:00,-1.3
2025-01-03T06:00:00+01:00,-1.28
2025-01-03T12:00:00+01:00,-1.29
2025-01-03T18:00:00+01:00,-1.29
2025-01-04T02:01:00+01:00,-1.29
2025-01-04T06:00:00+01:00,-1.28
2025-01-04T12:00:00+01:00,-1.28
2025-01-04T18:00:00+01:00,-1.27
2025-01-05T02:01:00+01:00,-1.27
2025-01-05T06:00:00+01:00,-1.25
2025-01-05T12:00:00+01:00,-1.24
2025-01-05T18:00:00+01:00,-1.22
2025-01-06T02:01:00+01:00,-1.21
2025-01-06T06:00:00+01:00,-1.19
2025-01-06T12:00:00+01:00,-1.18
2025-01-06T18:00:00+01:00,-1.21
2025-01-07T02:01:00+01:00,-1.22
2025-01-07T06:00:00+01:00,-1.22
2025-01-07T12:00:00+01:00,-1.23
2025-01-07T18:00:00+01:00,-1.24
2025-01-08T02:01:00+01:00,-1.24
2025-01-08T06:00:00+01:00,-1.24
2025-01-08T12:00:00+01:00,-1.25
2025-01-08T18:00:00+01:00,-1.26
2025-01-09T02:01:00+01:00,-1.26
2025-01-09T06:00:00+01:00,-1.26
2025-01-09T12:00:00+01:00,-1.27
2025-01-09T18:00:00+01:00,-1.28
2025-01-10T02:01:00+01:00,-1.29
2025-01-10T06:00:00+01:00,-1.29
2025-01-10T12:00:00+01:00,-1.3
2025-01-10T18:00:00+01:00,-1.31
2025-01-11T02:01:00+01:00,-1.32
2025-01-11T06:00:00+01:00,-1.31
2025-01-11T12:00:00+01:00,-1.31
2025-01-11T18:00:00+01:00,-1.33
2025-01-12T02:01:00+01:00,-1.33
2025-01-12T06:00:00+01:00,-1.33
2025-01-12T12:00:00+01:00,-1.33
2025-01-12T18:00:00+01:00,-1.35
2025-01-13T02:01:00+01:00,-1.34
2025-01-13T06:00:00+01:00,-1.34
2025-01-13T12:00:00+01:00,-1.34
2025-01-13T18:00:00+01:00,-1.33
2025-01-14T02:01:00+01:00,-1.33
2025-01-14T06:00:00+01:00,-1.33
2025-01-14T12:00:00+01:00,-1.32
2025-01-14T18:00:00+01:00,-1.34
2025-01-15T02:01:00+01:00,-1.34
2025-01-15T06:00:00+01:00,-1.35
2025-01-15T12:00:00+01:00,-1.35
2025-01-15T18:00:00+01:00,-1.36
2025-01-16T02:01:00+01:00,-1.36
2025-01-16T06:00:00+01:00,-1.36
2025-01-16T12:00:00+01:00,-1.37
2025-01-16T18:00:00+01:00,-1.37
2025-01-17T02:01:00+01:00,-1.37
2025-01-17T06:00:00+01:00,-1.38
2025-01-17T12:00:00+01:00,-1.37
2025-01-17T18:00:00+01:00,-1.38
2025-01-18T02:01:00+01:00,-1.37
2025-01-18T06:00:00+01:00,-1.38
2025-01-18T12:00:00+01:00,-1.38
2025-01-18T18:00:00+01:00,-1.37
2025-01-19T02:01:00+01:00,-1.38
2025-01-19T06:00:00+01:00,-1.37
2025-01-19T12:00:00+01:00,-1.37
2025-01-19T18:00:00+01:00,-1.37
2025-01-20T02:01:00+01:00,-1.37
2025-01-20T06:00:00+01:00,-1.37
2025-01-20T12:00:00+01:00,-1.37
2025-01-20T18:00:00+01:00,-1.38
2025-01-21T02:01:00+01:00,-1.38
2025-01-21T06:00:00+01:00,-1.38
2025-01-21T12:00:00+01:00,-1.38
2025-01-21T18:00:00+01:00,-1.38
2025-01-22T02:01:00+01:00,-1.38
2025-01-22T06:00:00+01:00,-1.38
2025-01-22T12:00:00+01:00,-1.37
2025-01-22T18:00:00+01:00,-1.37
2025-01-23T02:01:00+01:00,-1.36
2025-01-23T06:00:00+01:00,-1.37
2025-01-23T12:00:00+01:00,-1.38
2025-01-23T18:00:00+01:00,-1.37
2025-01-24T02:01:00+01:00,-1.37
2025-01-25T06:00:00+01:00,-1.35
2025-01-25T12:00:00+01:00,-1.36
2025-01-25T18:00:00+01:00,-1.36
2025-01-26T02:01:00+01:00,-1.36
2025-01-26T06:00:00+01:00,-1.36
2025-01-26T12:00:00+01:00,-1.35
2025-01-26T18:00:00+01:00,-1.34
2025-01-27T02:01:00+01:00,-1.32
2025-01-27T06:00:00+01:00,-1.3
2025-01-27T12:00:00+01:00,-1.31
2025-01-27T18:00:00+01:00,-1.31
2025-01-28T02:01:00+01:00,-1.32
2025-01-28T06:00:00+01:00,-1.3
2025-01-28T12:00:00+01:00,-1.3
2025-01-28T18:00:00+01:00,-1.3
2025-01-29T02:01:00+01:00,-1.3
2025-01-29T06:00:00+01:00,-1.3
2025-01-29T12:00:00+01:00,-1.31
2025-01-29T18:00:00+01:00,-1.32
2025-01-30T02:01:00+01:00,-1.33
2025-01-30T06:00:00+01:00,-1.34
2025-01-30T12:00:00+01:00,-1.34
2025-01-30T18:00:00+01:00,-1.35
2025-01-31T02:01:00+01:00,-1.35
2025-01-31T06:00:00+01:00,-1.36
2025-01-31T12:00:00+01:00,-1.37
2025-01-31T18:00:00+01:00,-1.38
2025-02-01T02:01:00+01:00,-1.38
2025-02-01T06:00:00+01:00,-1.38
2025-02-01T12:00:00+01:00,-1.38
2025-02-01T18:00:00+01:00,-1.38
2025-02-02T02:01:00+01:00,-1.38
2025-02-02T06:00:00+01:00,-1.38
2025-02-02T12:00:00+01:00,-1.38
2025-02-02T18:00:00+01:00,-1.39
2025-02-03T02:01:00+01:00,-1.39
2025-02-04T06:00:00+01:00,-1.4
2025-02-04T12:00:00+01:00,-1.4
2025-02-04T18:00:00+01:00,-1.41
2025-02-05T02:01:00+01:00,-1.42
2025-02-05T06:00:00+01:00,-1.43
2025-02-05T12:00:00+01:00,-1.44
2025-02-05T18:00:00+01:00,-1.45
2025-02-06T02:01:00+01:00,-1.45
2025-02-06T06:00:00+01:00,-1.45
2025-02-06T12:00:00+01:00,-1.45
2025-02-06T18:00:00+01:00,-1.46
2025-02-07T02:01:00+01:00,-1.45
2025-02-07T06:00:00+01:00,-1.45
2025-02-07T12:00:00+01:00,-1.44
2025-02-07T18:00:00+01:00,-1.44
2025-02-08T02:01:00+01:00,-1.44
2025-02-08T06:00:00+01:00,-1.44
2025-02-08T12:00:00+01:00,-1.44
2025-02-08T18:00:00+01:00,-1.45
2025-02-09T02:01:00+01:00,-1.45
2025-02-09T06:00:00+01:00,-1.46
2025-02-09T12:00:00+01:00,-1.47
2025-02-09T18:00:00+01:00,-1.47
2025-02-10T02:01:00+01:00,-1.47
2025-02-10T06:00:00+01:00,-1.47
2025-02-10T12:00:00+01:00,-1.46
2025-02-10T18:00:00+01:00,-1.46
2025-02-11T02:01:00+01:00,-1.46
2025-02-11T06:00:00+01:00,-1.46
2025-02-11T12:00:00+01:00,-1.46
2025-02-11T18:00:00+01:00,-1.46
2025-02-12T02:01:00+01:00,-1.45
2025-02-12T06:00:00+01:00,-1.44
2025-02-12T12:00:00+01:00,-1.43
2025-02-12T18:00:00+01:00,-1.43
2025-02-13T02:01:00+01:00,-1.42
2025-02-13T06:00:00+01:00,-1.41
2025-02-13T12:00:00+01:00,-1.4
2025-02-13T18:00:00+01:00,-1.41
2025-02-14T02:01:00+01:00,-1.41
2025-02-14T06:00:00+01:00,-1.41
2025-02-14T12:00:00+01:00,-1.41
2025-02-14T18:00:00+01:00,-1.41
2025-02-15T02:01:00+01:00,-1.4
2025-02-15T06:00:00+01:00,-1.4
2025-02-15T12:00:00+01:00,-1.4
2025-02-15T18:00:00+01:00,-1.4
2025-02-16T02:01:00+01:00,-1.41
2025-02-16T06:00:00+01:00,-1.41
2025-02-16T12:00:00+01:00,-1.41
2025-02-16T18:00:00+01:00,-1.42
2025-02-17T02:01:00+01:00,-1.42
2025-02-17T06:00:00+01:00,-1.42
2025-02-17T12:00:00+01:00,-1.42
2025-02-17T18:00:00+01:00,-1.43
2025-02-18T02:01:00+01:00,-1.43
2025-02-18T06:00:00+01:00,-1.43
2025-02-18T12:00:00+01:00,-1.43
2025-02-18T18:00:00+01:00,-1.44
2025-02-19T02:01:00+01:00,-1.44
2025-02-19T06:00:00+01:00,-1.44
2025-02-19T12:00:00+01:00,-1.44
2025-02-19T18:00:00+01:00,-1.44
2025-02-20T02:01:00+01:00,-1.44
2025-02-20T06:00:00+01:00,-1.44
2025-02-20T12:00:00+01:00,-1.44
2025-02-20T18:00:00+01:00,-1.44
2025-02-21T02:01:00+01:00,-1.45
2025-02-21T06:00:00+01:00,-1.45
2025-02-21T12:00:00+01:00,-1.44
2025-02-21T18:00:00+01:00,-1.45
2025-02-22T02:01:00+01:00,-1.44
2025-02-22T06:00:00+01:00,-1.44
2025-02-22T12:00:00+01:00,-1.45
2025-02-22T18:00:00+01:00,-1.46
2025-02-23T02:01:00+01:00,-1.47
2025-02-23T06:00:00+01:00,-1.47
2025-02-23T12:00:00+01:00,-1.47
2025-02-23T18:00:00+01:00,-1.46
2025-02-24T02:01:00+01:00,-1.46
2025-02-24T06:00:00+01:00,-1.45
2025-02-24T12:00:00+01:00,-1.44
2025-02-24T18:00:00+01:00,-1.45
2025-02-25T02:01:00+01:00,-1.44
2025-02-25T06:00:00+01:00,-1.43
2025-02-25T12:00:00+01:00,-1.43
2025-02-25T18:00:00+01:00,-1.44
2025-02-26T02:01:00+01:00,-1.43
2025-02-26T06:00:00+01:00,-1.43
2025-02-26T12:00:00+01:00,-1.43
2025-02-26T18:00:00+01:00,-1.42
2025-02-27T02:01:00+01:00,-1.42
2025-02-27T06:00:00+01:00,-1.42
2025-02-27T12:00:00+01:00,-1.42
2025-02-27T18:00:00+01:00,-1.43
2025-02-28T02:01:00+01:00,-1.43
2025-02-28T06:00:00+01:00,-1.43
2025-02-28T12:00:00+01:00,-1.43
2025-02-28T18:00:00+01:00,-1.43
2025-03-01T02:01:00+01:00,-1.43
2025-03-01T06:00:00+01:00,-1.43
2025-03-01T12:00:00+01:00,-1.43
2025-03-01T18:00:00+01:00,-1.44
2025-03-02T02:01:00+01:00,-1.44
2025-03-02T06:00:00+01:00,-1.43
2025-03-02T12:00:00+01:00,-1.43
2025-03-02T18:00:00+01:00,-1.43
2025-03-03T02:01:00+01:00,-1.43
2025-03-03T06:00:00+01:00,-1.43
2025-03-03T12:00:00+01:00,-1.44
2025-03-03T18:00:00+01:00,-1.44
2025-03-04T02:01:00+01:00,-1.44
2025-03-04T06:00:00+01:00,-1.44
2025-03-04T12:00:00+01:00,-1.44
2025-03-04T18:00:00+01:00,-1.44
2025-03-05T02:01:00+01:00,-1.44
2025-03-05T06:00:00+01:00,-1.44
2025-03-05T12:00:00+01:00,-1.44
2025-03-05T18:00:00+01:00,-1.45
2025-03-06T02:01:00+01:00,-1.44
2025-03-06T06:00:00+01:00,-1.44
2025-03-06T12:00:00+01:00,-1.45
2025-03-06T18:00:00+01:00,-1.45
2025-03-07T02:01:00+01:00,-1.45
2025-03-07T06:00:00+01:00,-1.46
2025-03-07T12:00:00+01:00,-1.46
2025-03-07T18:00:00+01:00,-1.46
2025-03-08T02:01:00+01:00,-1.46
2025-03-08T06:00:00+01:00,-1.46
2025-03-08T12:00:00+01:00,-1.46
2025-03-08T18:00:00+01:00,-1.46
2025-03-09T02:01:00+01:00,-1.46
2025-03-09T06:00:00+01:00,-1.46
2025-03-09T12:00:00+01:00,-1.46
2025-03-09T18:00:00+01:00,-1.46
2025-03-10T02:01:00+01:00,-1.45
2025-03-10T06:00:00+01:00,-1.46
2025-03-10T12:00:00+01:00,-1.46
2025-03-10T18:00:00+01:00,-1.47
2025-03-11T02:01:00+01:00,-1.46
2025-03-11T06:00:00+01:00,-1.46
2025-03-11T12:00:00+01:00,-1.46
2025-03-11T18:00:00+01:00,-1.46
2025-03-12T02:01:00+01:00,-1.46
2025-03-12T06:00:00+01:00,-1.46
2025-03-12T12:00:00+01:00,-1.46
2025-03-12T18:00:00+01:00,-1.47
2025-03-13T02:01:00+01:00,-1.46
2025-03-13T06:00:00+01:00,-1.47
2025-03-13T12:00:00+01:00,-1.47
2025-03-13T18:00:00+01:00,-1.48
2025-03-14T02:01:00+01:00,-1.48
2025-03-14T06:00:00+01:00,-1.49
2025-03-14T12:00:00+01:00,-1.5
2025-03-14T18:00:00+01:00,-1.51
2025-03-15T02:01:00+01:00,-1.51
2025-03-15T06:00:00+01:00,-1.52
2025-03-15T12:00:00+01:00,-1.52
2025-03-15T18:00:00+01:00,-1.53
2025-03-16T02:01:00+01:00,-1.52
2025-03-16T06:00:00+01:00,-1.52
2025-03-16T12:00:00+01:00,-1.52
2025-03-16T18:00:00+01:00,-1.53
2025-03-17T02:01:00+01:00,-1.53
2025-03-17T06:00:00+01:00,-1.55
2025-03-17T12:00:00+01:00,-1.55
2025-03-17T18:00:00+01:00,-1.55
2025-03-18T02:01:00+01:00,-1.55
2025-03-18T06:00:00+01:00,-1.55
2025-03-18T12:00:00+01:00,-1.54
2025-03-18T18:00:00+01:00,-1.54
2025-03-19T02:01:00+01:00,-1.54
2025-03-19T06:00:00+01:00,-1.54
2025-03-19T12:00:00+01:00,-1.53
2025-03-19T18:00:00+01:00,-1.54
2025-03-20T02:01:00+01:00,-1.54
2025-03-20T06:00:00+01:00,-1.54
2025-03-20T12:00:00+01:00,-1.53
2025-03-20T18:00:00+01:00,-1.54
2025-03-21T02:01:00+01:00,-1.54
2025-03-21T06:00:00+01:00,-1.53
2025-03-21T12:00:00+01:00,-1.53
2025-03-21T18:00:00+01:00,-1.53
2025-03-22T02:01:00+01:00,-1.52
2025-03-22T06:00:00+01:00,-1.52
2025-03-22T12:00:00+01:00,-1.51
2025-03-22T18:00:00+01:00,-1.52
2025-03-23T02:01:00+01:00,-1.52
2025-03-23T06:00:00+01:00,-1.52
2025-03-23T12:00:00+01:00,-1.52
2025-03-23T18:00:00+01:00,-1.53
2025-03-24T02:01:00+01:00,-1.53
2025-03-24T06:00:00+01:00,-1.54
2025-03-24T12:00:00+01:00,-1.54
2025-03-24T18:00:00+01:00,-1.55
2025-03-25T02:01:00+01:00,-1.55
2025-03-25T06:00:00+01:00,-1.54
2025-03-25T12:00:00+01:00,-1.55
2025-03-25T18:00:00+01:00,-1.55
2025-03-26T02:01:00+01:00,-1.56
2025-03-26T06:00:00+01:00,-1.56
2025-03-26T12:00:00+01:00,-1.56
2025-03-26T18:00:00+01:00,-1.56
2025-03-27T02:01:00+01:00,-1.56
2025-03-27T06:00:00+01:00,-1.55
2025-03-27T12:00:00+01:00,-1.55
2025-03-27T18:00:00+01:00,-1.55
2025-03-28T02:01:00+01:00,-1.54
2025-03-28T06:00:00+01:00,-1.54
2025-03-28T12:00:00+01:00,-1.53
2025-03-28T18:00:00+01:00,-1.54
2025-03-29T02:01:00+01:00,-1.55
2025-03-29T06:00:00+01:00,-1.56
2025-03-29T12:00:00+01:00,-1.56
2025-03-29T18:00:00+01:00,-1.56
2025-03-30T01:01:00+01:00,-1.53
2025-03-30T06:00:00+02:00,-1.53
2025-03-30T12:00:00+02:00,-1.55
2025-03-30T18:00:00+02:00,-1.56
2025-03-31T02:01:00+02:00,-1.57
2025-03-31T06:00:00+02:00,-1.58
2025-03-31T12:00:00+02:00,-1.58
2025-03-31T18:00:00+02:00,-1.59
2025-04-01T02:01:00+02:00,-1.59
2025-04-01T06:00:00+02:00,-1.59
2025-04-01T12:00:00+02:00,-1.59
2025-04-01T18:00:00+02:00,-1.59
2025-04-02T02:01:00+02:00,-1.59
2025-04-02T06:00:00+02:00,-1.59
2025-04-02T12:00:00+02:00,-1.58
2025-04-02T18:00:00+02:00,-1.59
2025-04-03T02:01:00+02:00,-1.59
2025-04-03T06:00:00+02:00,-1.59
2025-04-03T12:00:00+02:00,-1.59
2025-04-03T18:00:00+02:00,-1.59
2025-04-04T02:01:00+02:00,-1.58
2025-04-04T06:00:00+02:00,-1.59
2025-04-04T12:00:00+02:00,-1.58
2025-04-04T18:00:00+02:00,-1.58
2025-04-05T02:01:00+02:00,-1.58
2025-04-05T06:00:00+02:00,-1.59
2025-04-05T12:00:00+02:00,-1.59
2025-04-05T18:00:00+02:00,-1.59
2025-04-06T02:01:00+02:00,-1.6
2025-04-06T06:00:00+02:00,-1.61
2025-04-06T12:00:00+02:00,-1.6
2025-04-06T18:00:00+02:00,-1.6
2025-04-07T02:01:00+02:00,-1.6
2025-04-07T06:00:00+02:00,-1.6
2025-04-07T12:00:00+02:00,-1.6
2025-04-07T18:00:00+02:00,-1.6
2025-04-08T02:01:00+02:00,-1.6
2025-04-08T06:00:00+02:00,-1.6
2025-04-08T12:00:00+02:00,-1.6
2025-04-08T18:00:00+02:00,-1.6
2025-04-09T02:01:00+02:00,-1.6
2025-04-09T06:00:00+02:00,-1.6
2025-04-09T12:00:00+02:00,-1.6
2025-04-09T18:00:00+02:00,-1.6
2025-04-10T02:01:00+02:00,-1.6
2025-04-10T06:00:00+02:00,-1.6
2025-04-10T12:00:00+02:00,-1.6
2025-04-10T18:00:00+02:00,-1.6
2025-04-11T02:01:00+02:00,-1.59
2025-04-11T06:00:00+02:00,-1.59
2025-04-11T12:00:00+02:00,-1.59
2025-04-11T18:00:00+02:00,-1.59
2025-04-12T02:01:00+02:00,-1.59
2025-04-12T06:00:00+02:00,-1.59
2025-04-12T12:00:00+02:00,-1.57
2025-04-12T18:00:00+02:00,-1.56
2025-04-13T02:01:00+02:00,-1.56
2025-04-13T06:00:00+02:00,-1.55
2025-04-13T12:00:00+02:00,-1.56
2025-04-13T18:00:00+02:00,-1.56
2025-04-14T02:01:00+02:00,-1.57
2025-04-14T06:00:00+02:00,-1.57
2025-04-14T12:00:00+02:00,-1.57
2025-04-14T18:00:00+02:00,-1.57
2025-04-15T02:01:00+02:00,-1.57
2025-04-15T06:00:00+02:00,-1.56
2025-04-15T12:00:00+02:00,-1.55
2025-04-15T18:00:00+02:00,-1.56
2025-04-16T02:01:00+02:00,-1.56
2025-04-16T06:00:00+02:00,-1.54
2025-04-16T12:00:00+02:00,-1.54
2025-04-16T18:00:00+02:00,-1.59
2025-04-17T02:01:00+02:00,-1.58
2025-04-17T06:00:00+02:00,-1.58
2025-04-17T12:00:00+02:00,-1.58
2025-04-17T18:00:00+02:00,-1.58
2025-04-18T02:01:00+02:00,-1.58
2025-04-18T06:00:00+02:00,-1.58
2025-04-18T12:00:00+02:00,-1.58
2025-04-18T18:00:00+02:00,-1.58
2025-04-19T02:01:00+02:00,-1.58
2025-04-19T06:00:00+02:00,-1.58
2025-04-19T12:00:00+02:00,-1.58
2025-04-19T18:00:00+02:00,-1.58
2025-04-20T02:01:00+02:00,-1.57
2025-04-20T06:00:00+02:00,-1.58
2025-04-20T12:00:00+02:00,-1.58
2025-04-20T18:00:00+02:00,-1.58
2025-04-21T02:01:00+02:00,-1.58
2025-04-21T06:00:00+02:00,-1.59
2025-04-21T12:00:00+02:00,-1.59
2025-04-21T18:00:00+02:00,-1.59
2025-04-22T02:01:00+02:00,-1.59
2025-04-22T06:00:00+02:00,-1.6
2025-04-22T12:00:00+02:00,-1.6
2025-04-22T18:00:00+02:00,-1.6
2025-04-23T02:01:00+02:00,-1.6
2025-04-23T06:00:00+02:00,-1.6
2025-04-23T12:00:00+02:00,-1.6
2025-04-23T18:00:00+02:00,-1.6
2025-04-24T02:01:00+02:00,-1.64
2025-04-24T06:00:00+02:00,-1.61
2025-04-24T12:00:00+02:00,-1.61
2025-04-24T18:00:00+02:00,-1.6
2025-04-25T02:01:00+02:00,-1.59
2025-04-25T06:00:00+02:00,-1.59
2025-04-25T12:00:00+02:00,-1.59
2025-04-25T18:00:00+02:00,-1.59
2025-04-26T02:01:00+02:00,-1.59
2025-04-26T06:00:00+02:00,-1.59
2025-04-26T12:00:00+02:00,-1.59
2025-04-26T18:00:00+02:00,-1.59
2025-04-27T02:01:00+02:00,-1.59
2025-04-27T06:00:00+02:00,-1.6
2025-04-27T12:00:00+02:00,-1.6
2025-04-27T18:00:00+02:00,-1.6
2025-04-28T02:01:00+02:00,-1.6
2025-04-28T06:00:00+02:00,-1.6
2025-04-28T12:00:00+02:00,-1.6
2025-04-28T18:00:00+02:00,-1.6
2025-04-29T02:01:00+02:00,-1.6
2025-04-29T06:00:00+02:00,-1.61
2025-04-29T12:00:00+02:00,-1.61
2025-04-29T18:00:00+02:00,-1.61
2025-04-30T02:01:00+02:00,-1.61
2025-04-30T06:00:00+02:00,-1.61
2025-04-30T12:00:00+02:00,-1.6
2025-04-30T18:00:00+02:00,-1.6
2025-05-01T02:01:00+02:00,-1.6
2025-05-01T06:00:00+02:00,-1.6
2025-05-01T12:00:00+02:00,-1.6
2025-05-01T18:00:00+02:00,-1.59
2025-05-02T02:01:00+02:00,-1.59
2025-05-02T06:00:00+02:00,-1.6
2025-05-02T12:00:00+02:00,-1.61
2025-05-02T18:00:00+02:00,-1.61
2025-05-03T02:01:00+02:00,-1.6
2025-05-03T06:00:00+02:00,-1.6
2025-05-03T12:00:00+02:00,-1.59
2025-05-03T18:00:00+02:00,-1.59
2025-05-04T02:01:00+02:00,-1.6
2025-05-04T06:00:00+02:00,-1.61
2025-05-04T12:00:00+02:00,-1.61
2025-05-04T18:00:00+02:00,-1.61
2025-05-05T02:01:00+02:00,-1.62
2025-05-05T06:00:00+02:00,-1.63
2025-05-05T12:00:00+02:00,-1.63
2025-05-05T18:00:00+02:00,-1.63
2025-05-06T02:01:00+02:00,-1.63
2025-05-06T06:00:00+02:00,-1.63
2025-05-06T12:00:00+02:00,-1.63
2025-05-06T18:00:00+02:00,-1.63
2025-05-07T02:01:00+02:00,-1.63
2025-05-07T06:00:00+02:00,-1.63
2025-05-07T12:00:00+02:00,-1.63
2025-05-07T18:00:00+02:00,-1.63
2025-05-08T02:01:00+02:00,-1.63
2025-05-08T06:00:00+02:00,-1.63
2025-05-08T12:00:00+02:00,-1.63
2025-05-08T18:00:00+02:00,-1.64
2025-05-09T02:01:00+02:00,-1.64
2025-05-09T06:00:00+02:00,-1.64
2025-05-09T12:00:00+02:00,-1.64
2025-05-09T18:00:00+02:00,-1.64
2025-05-10T02:01:00+02:00,-1.64
2025-05-10T06:00:00+02:00,-1.64
2025-05-10T12:00:00+02:00,-1.64
2025-05-10T18:00:00+02:00,-1.64
2025-05-11T02:01:00+02:00,-1.64
2025-05-11T06:00:00+02:00,-1.64
2025-05-11T12:00:00+02:00,-1.63
2025-05-11T18:00:00+02:00,-1.64
2025-05-12T02:01:00+02:00,-1.64
2025-05-12T06:00:00+02:00,-1.65
2025-05-12T12:00:00+02:00,-1.65
2025-05-12T18:00:00+02:00,-1.65
2025-05-13T02:01:00+02:00,-1.66
2025-05-13T06:00:00+02:00,-1.66
2025-05-13T12:00:00+02:00,-1.66
2025-05-13T18:00:00+02:00,-1.66
2025-05-14T02:01:00+02:00,-1.66
2025-05-14T06:00:00+02:00,-1.66
2025-05-14T12:00:00+02:00,-1.66
2025-05-14T18:00:00+02:00,-1.66
2025-05-15T02:01:00+02:00,-1.66
2025-05-15T06:00:00+02:00,-1.67
2025-05-15T12:00:00+02:00,-1.68
2025-05-15T18:00:00+02:00,-1.68
2025-05-16T02:01:00+02:00,-1.67
2025-05-16T06:00:00+02:00,-1.67
2025-05-16T12:00:00+02:00,-1.67
2025-05-16T18:00:00+02:00,-1.67
2025-05-17T02:01:00+02:00,-1.67
2025-05-17T06:00:00+02:00,-1.67
2025-05-17T12:00:00+02:00,-1.67
2025-05-17T18:00:00+02:00,-1.67
2025-05-18T02:01:00+02:00,-1.67
2025-05-18T06:00:00+02:00,-1.67
2025-05-18T12:00:00+02:00,-1.68
2025-05-18T18:00:00+02:00,-1.68
2025-05-19T02:01:00+02:00,-1.68
2025-05-19T06:00:00+02:00,-1.69
2025-05-19T12:00:00+02:00,-1.69
2025-05-19T18:00:00+02:00,-1.69
2025-05-20T02:01:00+02:00,-1.69
2025-05-20T06:00:00+02:00,-1.69
2025-05-20T12:00:00+02:00,-1.69
2025-05-20T18:00:00+02:00,-1.69
2025-05-21T02:01:00+02:00,-1.68
2025-05-21T06:00:00+02:00,-1.68
2025-05-21T12:00:00+02:00,-1.68
2025-05-21T18:00:00+02:00,-1.68
2025-05-22T02:01:00+02:00,-1.68
2025-05-22T06:00:00+02:00,-1.69
2025-05-22T12:00:00+02:00,-1.69
2025-05-22T18:00:00+02:00,-1.69
2025-05-23T02:01:00+02:00,-1.69
2025-05-23T06:00:00+02:00,-1.69
2025-05-23T12:00:00+02:00,-1.69
2025-05-23T18:00:00+02:00,-1.7
2025-05-24T02:01:00+02:00,-1.7
2025-05-24T06:00:00+02:00,-1.69
2025-05-24T12:00:00+02:00,-1.69
2025-05-24T18:00:00+02:00,-1.69
2025-05-25T02:01:00+02:00,-1.68
2025-05-25T06:00:00+02:00,-1.69
2025-05-25T12:00:00+02:00,-1.68
2025-05-25T18:00:00+02:00,-1.69
2025-05-26T02:01:00+02:00,-1.69
2025-05-26T06:00:00+02:00,-1.7
2025-05-26T12:00:00+02:00,-1.7
2025-05-26T18:00:00+02:00,-1.7
2025-05-27T02:01:00+02:00,-1.7
2025-05-27T06:00:00+02:00,-1.69
2025-05-27T12:00:00+02:00,-1.7
2025-05-27T18:00:00+02:00,-1.69
2025-05-28T02:01:00+02:00,-1.67
2025-05-28T06:00:00+02:00,-1.68
2025-05-28T12:00:00+02:00,-1.68
2025-05-28T18:00:00+02:00,-1.69
2025-05-29T02:01:00+02:00,-1.69
2025-05-29T06:00:00+02:00,-1.68
2025-05-29T12:00:00+02:00,-1.67
2025-05-29T18:00:00+02:00,-1.66
2025-05-30T02:01:00+02:00,-1.67
2025-05-30T06:00:00+02:00,-1.66
2025-05-30T12:00:00+02:00,-1.67
2025-05-30T18:00:00+02:00,-1.67
2025-05-31T02:01:00+02:00,-1.67
2025-05-31T06:00:00+02:00,-1.67
2025-05-31T12:00:00+02:00,-1.67
2025-05-31T18:00:00+02:00,-1.67
2025-06-01T02:01:00+02:00,-1.66
2025-06-01T06:00:00+02:00,-1.66
2025-06-01T12:00:00+02:00,-1.67
2025-06-01T18:00:00+02:00,-1.67
2025-06-02T02:01:00+02:00,-1.67
2025-06-02T06:00:00+02:00,-1.68
2025-06-02T12:00:00+02:00,-1.68
2011-05-31T00:00:00+02:00,-1.63
2011-10-26T00:00:00+02:00,-1.35
2012-04-03T00:00:00+02:00,-1.43
2012-11-27T12:00:00+01:00,-1.29
2013-08-07T00:00:00+02:00,-1.54
2014-04-25T00:00:00+02:00,-1.51
2014-10-23T00:00:00+02:00,-1.44
2015-09-18T00:00:00+02:00,-1.3
2016-07-04T12:00:00+02:00,-1.39
2017-09-11T12:00:00+02:00,-1.42
2018-07-16T00:00:00+02:00,-1.71
2018-12-10T12:00:00+01:00,-1.46
2019-03-28T12:00:00+01:00,-1.48
2020-05-06T12:00:00+02:00,-1.54
2020-07-28T12:00:00+02:00,-1.62
2021-10-06T13:56:00+02:00,-1.43
2022-01-20T15:08:00+01:00,-1.39
2022-04-06T10:51:00+02:00,-1.43
2022-10-07T14:46:00+02:00,-1.54
2023-06-19T14:37:00+02:00,-1.69
2024-09-16T15:03:00+02:00,-1.47
2025-06-02T12:30:00+02:00,-1.67
